Fecha_Ade,Rpu,Ciclo,Division,Zona,Agencia,Poblacion,Ruta,Nombre,Tarifa,Estado,Num_Med,Hilos,Cod_Med,Cod_Lot,Fecha_Ade_Fac,Tipo_Ade,Fecha_Operacion_Fac,Kwh_Repuestos,Importe,Lectura,Consumo,Anom_Accion,Anom_Inform,Anom_Sistema,Motivo_Cancelacion,RPE_Cancela,kWh,kWh_Reales,Desc_Anom_Accion,Desc_Anom_Inform,Desc_Anom_Sistema,Desc_Motivo_Cancelacion,Empresa,Fecha_Lectura_Kavi,Num_Tarea_Kavi,Tipo_Tarea_Kavi,RPE_Lectura_Kavi,Medidor_Kavi,Kwh_Kavi,Modo_Captura_Kavi,Cve_Anom_Kavi,Desc_Anom_Kavi,Validacion_Kavi,Tiene_Foto_Kavi,Proceso
2025-12-01 00:00:00,777240700047,36,DW,01,J,03,367,VADILLO KANTUN WILBERT        ,1C,ACTIVO,PAY749 ,1,F123,24NX,2025-10-01 00:00:00,1,2025-12-10 00:00:00,453,13069,,,,,,905,9BBRW,3237,-2784,,,,Falla De Medidor,S,,,,,,,,,,,,MED
2025-12-01 00:00:00,777050601263,36,DW,01,J,03,364,SAENZ TUN CARLOS MANUEL       ,1C,ACTIVO,PAW298 ,1,F123,24NX,2025-06-01 00:00:00,1,2025-12-16 00:00:00,191,2759,,,,,,903,9BBRW,1220,-1029,,,,Error Cambio Medidor,S,,,,,,,,,,,,CAMP
2025-12-01 00:00:00,771960102874,36,DW,01,B,01,363,LUIS E  GUTIERREZ ROSADO      ,1D,ACTIVO,1AUY37 ,2,F623,25P2,2025-10-01 00:00:00,1,2025-12-15 00:00:00,0,7284,,,,,,904,9JR2L,2181,-2181,,,,Error De Estimacion,S,2025-10-23 09:59:34,3602,M,GAXVM,JAU628 ,0,Nor,56,NO HAY MEDIDOR,56,S,FACT
2025-12-01 00:00:00,770070200678,07,DW,01,A,02,074,CRUZ DAMIAN MARIA ELENA       ,1D,ACTIVO,PAU430 ,1,F123,24NX,2025-11-01 00:00:00,1,2025-12-04 00:00:00,606,3650,,,,,,904,9N4CG,1318,-712,,,,Error De Estimacion,S,2025-11-04 12:25:04,0702,M,GA0MN,DXG716 ,0,Nor,53,UI SERV DIRECTO,53,S,FACT
2025-12-01 00:00:00,777950300129,20,DW,01,J,03,201,BERNARDINO CHERREZ IUIT       ,1C,ACTIVO,PBE580 ,1,F123,24NX,2025-10-01 00:00:00,1,2025-12-22 00:00:00,528,4489,,,,,,905,9JPYN,1579,-1051,,,,Falla De Medidor,S,,,,,,,,,,,,MED
2025-12-01 00:00:00,771030703703,19,DW,01,B,01,193,DIANA AGUILAR LUGO            ,1D,ACTIVO,4AXW61 ,2,F623,25P2,2025-11-01 00:00:00,1,2025-12-02 00:00:00,339,3683,,,,,,904,9N4CN,1245,-906,,,,Error De Estimacion,S,2025-11-12 11:56:40,1905,M,9EMHE,7F48G4 ,0,Nor,60,MEDID NO TRABAJA,60,S,FACT
2025-12-01 00:00:00,770090101781,36,DW,01,B,01,363,MOHR ELAINE                   ,1D,ACTIVO,6BCD77 ,2,F623,25P2,2025-10-01 00:00:00,1,2025-12-12 00:00:00,0,11360,,,,,,905,9N4CN,3062,-3062,,,,Falla De Medidor,S,,,,,,,,,,,,MED
2025-12-01 00:00:00,770220700518,19,DW,01,A,02,192,BUTTENKLEPPER MEDINA ANA GABRI,1D,ACTIVO,6BCR10 ,2,F623,25P2,2025-07-01 00:00:00,1,2025-12-23 00:00:00,717,53589,,,,,,905,9N4CN,12808,-12091,,,,Falla De Medidor,S,,,,,,,,,,,,MED
2025-12-01 00:00:00,771841000184,07,DW,01,B,01,077,AIDE M ALBOR TORRE            ,1D,ACTIVO,WWU291 ,2,F623,24P3,2025-11-01 00:00:00,1,2025-12-19 00:00:00,410,11114,,,,,,901,9N4CN,2968,-2558,,,,Error De Lectura,S,2025-11-04 08:36:45,0703,M,9EMKC,4AUM22 ,0,Nor,53,UI SERV DIRECTO,53,S,CAMP
2025-12-01 00:00:00,795130202767,35,DW,05,A,01,354,DIAZ DE LEON YANEZ ANGELICA   ,1F,ACTIVO,7AUW49 ,2,F623,25P2,2025-11-01 00:00:00,1,2025-12-30 00:00:00,1,4293,,,,,,903,9N4CB,1174,-1173,,,,Error Cambio Medidor,S,,,,,,,,,,,,CAMP
2025-12-01 00:00:00,795141104171,22,DW,05,A,01,226,CRUZ BENITEZ JOHANA           ,1F,ACTIVO,5DVY62 ,2,F623,25NY,2025-12-01 00:00:00,1,2025-12-26 00:00:00,13,2049,,,,,,902,9NNK1,701,-688,,,,Sin Consumo,S,2025-12-15 21:05:30,2251,R,9ND9F,G768VX ,701,Nor,  ,,LM,S,FACT
2025-12-01 00:00:00,781021000312,23,DW,12,B,01,024,LOPEZ PEREZ RUTH              ,1D,ACTIVO,1ATT63 ,2,F623,25P2,2025-11-01 00:00:00,1,2025-12-11 00:00:00,0,465,,,,,,902,9MCFP,341,-341,,,,Sin Consumo,S,2025-11-14 07:43:07,2302,L,9BBLY,138JHN ,0,Nor,59,DISPLAY APAGADO,59,S,FACT
2025-12-01 00:00:00,795210803737,01,DW,05,A,02,011,ESTRELLA RUZ LUIS ALBERTO     ,1F,ACTIVO,WMH824 ,2,F623,24P2,2025-11-01 00:00:00,1,2025-12-18 00:00:00,189,1352,,,,,,903,9ND2K,818,-629,,,,Error Cambio Medidor,D,,,,,,,,,,,,CAMP
2025-12-01 00:00:00,799790100237,20,DW,06,D,01,201,BORGES CERVANTES GABRIEL RODOL,1B,ACTIVO,RBM180 ,2,F623,24NY,2025-12-01 00:00:00,1,2025-12-19 00:00:00,0,8278,,,,,,901,9JRFD,1986,-1986,,,,Error De Lectura,D,2025-12-12 15:42:31,2051,R,9JR7J,47D43P ,1986,Nor,  ,,FR,S,CAMP
2025-12-01 00:00:00,774040302391,14,DW,01,E,02,144,SALAIZA ZUAZO MARIA ELENA     ,1D,ACTIVO,4AXW77 ,2,F623,25P2,2025-12-01 00:00:00,1,2025-12-19 00:00:00,26,539,,,,,,901,9MC4B,359,-333,,,,Error De Lectura,S,2025-12-09 10:24:58,1404,L,9ND9A,1W08M3 ,0,Nor,60,MEDID NO TRABAJA,60,S,CAMP
2025-12-01 00:00:00,774210401283,33,DW,01,E,02,331,MARIN REJON ARIEL ARMANDO     ,1D,ACTIVO,PAV919 ,1,F123,24NX,2025-01-01 00:00:00,1,2025-12-29 00:00:00,0,381,,,,,,905,9MC4B,220,-220,,,,Falla De Medidor,S,2025-01-22 10:19:50,3301,M,9EMHG,KK634F ,0,Nor,56,NO HAY MEDIDOR,56,S,MED
2025-12-01 00:00:00,774210401283,33,DW,01,E,02,331,MARIN REJON ARIEL ARMANDO     ,1D,ACTIVO,PAV919 ,1,F123,24NX,2025-03-01 00:00:00,1,2025-12-29 00:00:00,0,219,,,,,,905,9MC4B,166,-166,,,,Falla De Medidor,S,2025-03-25 10:51:04,3351,R,9ND5H,KK634F ,98587,Nor,44,NUM MEDID DESIGU,44,S,MED
2025-12-01 00:00:00,774210401283,33,DW,01,E,02,331,MARIN REJON ARIEL ARMANDO     ,1D,ACTIVO,PAV919 ,1,F123,24NX,2025-05-01 00:00:00,1,2025-12-29 00:00:00,0,201,,,,,,905,9MC4B,174,-174,,,,Falla De Medidor,S,2025-05-23 10:03:59,3301,L,GA82N,KK634F ,0,Nor,56,NO HAY MEDIDOR,56,S,MED
2025-12-01 00:00:00,774210401283,33,DW,01,E,02,331,MARIN REJON ARIEL ARMANDO     ,1D,ACTIVO,PAV919 ,1,F123,24NX,2025-07-01 00:00:00,1,2025-12-29 00:00:00,0,457,,,,,,905,9MC4B,386,-386,,,,Falla De Medidor,S,2025-07-24 09:39:08,3351,N,9NCYE,KK634F ,98636,Nor,44,NUM MEDID DESIGU,44,S,MED
2025-12-01 00:00:00,774210401283,33,DW,01,E,02,331,MARIN REJON ARIEL ARMANDO     ,1D,ACTIVO,PAV919 ,1,F123,24NX,2025-09-01 00:00:00,1,2025-12-29 00:00:00,0,488,,,,,,905,9MC4B,405,-405,,,,Falla De Medidor,S,2025-09-24 15:41:25,3352,R,9JRE3,KK634F ,0,Nor,51,NO ENCONTRE DOMI,,,MED
2025-12-01 00:00:00,774210401283,33,DW,01,E,02,331,MARIN REJON ARIEL ARMANDO     ,1D,ACTIVO,PAV919 ,1,F123,24NX,2025-11-01 00:00:00,1,2025-12-29 00:00:00,0,357,,,,,,904,9MC4B,248,-248,,,,Error De Estimacion,S,2025-11-25 10:20:13,3351,R,9JR11,KK634F ,0,Nor,56,NO HAY MEDIDOR,56,S,FACT
2025-12-01 00:00:00,780170500275,28,DW,12,A,05,281,HUICOCHEA VAZQUEZ GERMAN      ,1D,BAJA,,2,,,2025-10-01 00:00:00,1,2025-12-22 00:00:00,0,12471,,,,,,902,9MCHY,3164,-3164,,,,Sin Consumo,D,,,,,,,,,,,,FACT
2025-12-01 00:00:00,782250403508,16,DW,12,C,01,163,GUTIERREZ UGALDE LAURA PAULINA,1D,BAJA,,2,,,2025-06-01 00:00:00,1,2025-12-16 00:00:00,0,966,,,,,,904,9N2AY,274,-274,,,,Error De Estimacion,S,,,,,,,,,,,,FACT
2025-12-01 00:00:00,782250403508,16,DW,12,C,01,163,GUTIERREZ UGALDE LAURA PAULINA,1D,BAJA,,2,,,2025-12-01 00:00:00,1,2025-12-16 00:00:00,0,401,,,,,,904,9N2AY,274,-274,,,,Error De Estimacion,S,2025-12-10 17:56:09,1604,M,GAA7N,X686UE ,0,Nor,51,NO ENCONTRE DOMI,,,FACT
2025-12-01 00:00:00,783190700148,37,DW,12,C,01,371,FLORES FLORES LUCIO           ,1D,ACTIVO,5CFJ66 ,2,F623,25P3,2025-11-01 00:00:00,1,2025-12-10 00:00:00,0,3494,,,,,,904,9N2AY,1012,-1012,,,,Error De Estimacion,S,2025-11-26 09:45:00,3702,M,GAKFM,48E68E ,0,Nor,59,DISPLAY APAGADO,59,S,FACT
2025-12-01 00:00:00,774130800331,23,DW,01,E,02,234,RIVERO NAVARRO JORGE FCO      ,1D,CORTADO,1DAN80 ,1,F123,25NX,2025-07-01 00:00:00,1,2025-12-17 00:00:00,619,10535,,,,,,903,9MC4B,3160,-2541,,,,Error Cambio Medidor,S,,,,,,,,,,,,CAMP
2025-12-01 00:00:00,774750201593,03,DW,01,E,02,033,JOSE E PEREZ V                ,1D,ACTIVO,PAX293 ,1,F123,24NX,2025-11-01 00:00:00,1,2025-12-08 00:00:00,864,5960,,,,,,901,9MC4B,1864,-1000,,,,Error De Lectura,S,,,,,,,,,,,,CAMP
2025-12-01 00:00:00,780210505976,11,DW,12,A,01,110,BATES PEREZ DARANEE           ,1D,ACTIVO,8AUN01 ,2,F623,25P2,2025-11-01 00:00:00,1,2025-12-02 00:00:00,550,5328,,,,,,905,9ND2C,1652,-1102,,,,Falla De Medidor,D,2025-11-06 09:46:31,1103,M,GABCM,NT987K ,0,Nor,59,DISPLAY APAGADO,59,S,MED
2025-12-01 00:00:00,795111006299,17,DW,05,A,01,094,HEREDIA ESCOBAR JOSE RAUL     ,1F,ACTIVO,0BCE79 ,2,F623,25P2,2025-11-01 00:00:00,1,2025-12-17 00:00:00,0,903,,,,,,904,9NNK1,621,-621,,,,Error De Estimacion,S,2025-11-11 09:20:48,1703,M,9ND9F,99W22A ,0,Nor,56,NO HAY MEDIDOR,56,S,FACT
2025-12-01 00:00:00,774000657277,07,DW,01,E,02,074,AGUILAR GONGORA MARCELO       ,1D,ACTIVO,7AYA15 ,2,F623,25P2,2025-09-01 00:00:00,1,2025-12-16 00:00:00,555,4475,,,,,,903,9MC4B,1795,-1240,,,,Error Cambio Medidor,S,2025-09-02 15:03:25,0703,M,GA83N,L843F8 ,91795,Nor,  ,,FR,S,CAMP
2025-12-01 00:00:00,805011000566,75,DW,08,B,68,689,GUADALUPE CAUICH CHUC         ,09,BAJA,,2,,,2025-12-01 00:00:00,4,2025-12-11 00:00:00,0,267537.96999999997,,,,,,080,9NNK2,99986,-99986,,,,INACTIVO CANCELACION POR FINIQUITO,D,,,,,,,,,,,,CCC
2025-12-01 00:00:00,804161000789,11,DW,08,A,01,112,PUC ESCOBEDO JOSE ARMANDO     ,1B,ACTIVO,MKU515 ,1,F123,23NX,2024-11-01 00:00:00,52,2025-12-15 00:00:00,-726,0,,,,,,010,,726,-726,,,,PROGRAMA ESPECIFICO,,2024-11-06 09:17:23,1101,L,9JR2G,MKU515 ,1805,Opt,34,FUERA DE RUTA,,,FACT
2025-12-01 00:00:00,809060600205,83,DW,12,F,01,690,TOMMASI COLOME LUIS A         ,77,ACTIVO,MY146G ,3,VL28,20KE,2025-11-01 00:00:00,1,2025-12-02 00:00:00,2042,4794,,,,,,903,,1010,1032,,,,Error Cambio Medidor,,,,,,,,,,,,,CAMP
2025-12-01 00:00:00,779101102791,20,DW,01,M,04,202,CHALE CHALE JOSE ALBERTO      ,1D,BAJA,,1,,,2025-08-01 00:00:00,1,2025-12-31 00:00:00,0,276,,,,,,901,,16,-16,,,,Error De Lectura,,,,,,,,,,,,,CAMP
2025-12-01 00:00:00,779220102219,13,DW,01,M,21,131,SUMARRAGA UGALDE ALEJANDRO    ,1D,BAJA,,2,,,2025-01-01 00:00:00,1,2025-12-31 00:00:00,0,1596,,,,,,904,,623,-623,,,,Error De Estimacion,,2025-01-08 13:51:54,1327,L,9P14E,YH703P ,0,Nor,56,NO HAY MEDIDOR,56,S,FACT
2025-12-01 00:00:00,779220102219,13,DW,01,M,21,131,SUMARRAGA UGALDE ALEJANDRO    ,1D,BAJA,,2,,,2025-03-01 00:00:00,1,2025-12-31 00:00:00,0,1425,,,,,,904,,583,-583,,,,Error De Estimacion,,2025-03-07 13:44:00,1327,L,GAXWM,YH703P ,0,Nor,53,UI SERV DIRECTO,53,S,FACT
2025-12-01 00:00:00,779220102219,13,DW,01,M,21,131,SUMARRAGA UGALDE ALEJANDRO    ,1D,BAJA,,2,,,2025-05-01 00:00:00,1,2025-12-31 00:00:00,0,1096,,,,,,904,,623,-623,,,,Error De Estimacion,,2025-05-12 17:08:46,1351,R,9NCYK,YH703P ,0,Nor,56,NO HAY MEDIDOR,56,S,FACT
2025-12-01 00:00:00,779220102219,13,DW,01,M,21,131,SUMARRAGA UGALDE ALEJANDRO    ,1D,BAJA,,2,,,2025-07-01 00:00:00,1,2025-12-31 00:00:00,0,779,,,,,,904,,623,-623,,,,Error De Estimacion,,2025-07-10 09:39:12,1351,R,9JRBR,YH703P ,0,Nor,56,NO HAY MEDIDOR,56,S,FACT
2025-12-01 00:00:00,779220102219,13,DW,01,M,21,131,SUMARRAGA UGALDE ALEJANDRO    ,1D,BAJA,,2,,,2025-09-01 00:00:00,1,2025-12-31 00:00:00,0,261,,,,,,904,,222,-222,,,,Error De Estimacion,,2025-09-05 14:19:15,1329,L,R9950,YH703P ,0,Nor,56,NO HAY MEDIDOR,56,S,FACT
2025-12-01 00:00:00,779220102219,13,DW,01,M,21,131,SUMARRAGA UGALDE ALEJANDRO    ,1D,BAJA,,2,,,2025-11-01 00:00:00,1,2025-12-31 00:00:00,0,1334,,,,,,904,,634,-634,,,,Error De Estimacion,,2025-11-07 18:00:59,1329,L,GAAGN,YH703P ,0,Nor,51,NO ENCONTRE DOMI,,,FACT
2025-12-01 00:00:00,780020100376,08,DW,12,A,01,080,CHAN MAY WILMA ARGELIA        ,1D,BAJA,,2,,,2025-12-01 00:00:00,1,2025-12-30 00:00:00,0,1667,,,,,,901,,484,-484,,,,Error De Lectura,,2025-12-04 08:50:23,0801,M,GABCM,RBT449 ,484,Nor,44,NUM MEDID DESIGU,44,S,CAMP
2025-12-01 00:00:00,812171001697,12,DW,22,C,01,121,COX SARAH KRISTIN             ,1B,BAJA,,2,,,2025-12-01 00:00:00,4,2025-12-29 00:00:00,228,198423.48999999999,,,,,,080,,43561,-43333,,,,INACTIVO CANCELACION POR FINIQUITO,,2025-12-08 08:51:23,1251,N,GAPKM,J426EA ,501,Opt,  ,,,,CCC
2025-12-01 00:00:00,773110801881,24,DW,01,D,04,244,SUAREZ CHAN GLORIA MARIA DE J ,1C,BAJA,,1,,,2025-12-01 00:00:00,4,2025-12-23 00:00:00,0,15874.5,,,,,,080,,3589,-3589,,,,INACTIVO CANCELACION POR FINIQUITO,,2025-12-17 08:45:04,2451,R,9EMCB,PKC127 ,96411,Nor,44,NUM MEDID DESIGU,44,S,CCC
2025-12-01 00:00:00,779180101168,24,DW,01,M,09,242,VEGA LEON LUIS ENRIQUE        ,1D,BAJA,,2,,,2025-02-01 00:00:00,1,2025-12-31 00:00:00,0,91,,,,,,904,,71,-71,,,,Error De Estimacion,,2025-02-12 10:18:57,2427,L,9BBVP,J629MB ,0,Nor,59,DISPLAY APAGADO,59,S,FACT
2025-12-01 00:00:00,779180101168,24,DW,01,M,09,242,VEGA LEON LUIS ENRIQUE        ,1D,BAJA,,2,,,2025-04-01 00:00:00,1,2025-12-31 00:00:00,0,197,,,,,,904,,152,-152,,,,Error De Estimacion,,2025-04-14 09:26:21,2427,L,9P14E,J629MB ,0,Nor,59,DISPLAY APAGADO,59,S,FACT
2025-12-01 00:00:00,779180101168,24,DW,01,M,09,242,VEGA LEON LUIS ENRIQUE        ,1D,BAJA,,2,,,2025-06-01 00:00:00,1,2025-12-31 00:00:00,0,436,,,,,,904,,371,-371,,,,Error De Estimacion,,2025-06-17 11:40:37,2451,R,9MCBU,J629MB ,0,Nor,51,NO ENCONTRE DOMI,,,FACT
2025-12-01 00:00:00,779180101168,24,DW,01,M,09,242,VEGA LEON LUIS ENRIQUE        ,1D,BAJA,,2,,,2025-08-01 00:00:00,1,2025-12-31 00:00:00,0,255,,,,,,904,,218,-218,,,,Error De Estimacion,,2025-08-15 17:19:33,2426,L,R9950,J629MB ,0,Nor,56,NO HAY MEDIDOR,56,S,FACT
2025-12-01 00:00:00,779180101168,24,DW,01,M,09,242,VEGA LEON LUIS ENRIQUE        ,1D,BAJA,,2,,,2025-10-01 00:00:00,1,2025-12-31 00:00:00,0,64,,,,,,904,,54,-54,,,,Error De Estimacion,,2025-10-15 12:30:15,2430,L,R9703,J629MB ,0,Nor,59,DISPLAY APAGADO,59,S,FACT
2025-12-01 00:00:00,783251102583,01,DW,12,D,01,015,RUIZ FALCON EDGAR FERNANDO    ,1D,BAJA,,2,,,2025-12-01 00:00:00,4,2025-12-29 00:00:00,0,1433.3199999999999,,,,,,080,,491,-491,,,,INACTIVO CANCELACION POR FINIQUITO,,,,,,,,,,,,,CCC
2025-12-01 00:00:00,786801200579,29,DW,03,B,16,290,EUSEBIO MUKUL                 ,1C,ACTIVO,PKA232 ,1,F123,24NX,2024-11-01 00:00:00,52,2025-12-15 00:00:00,-2544,0,,,,,,010,,2544,-2544,,,,PROGRAMA ESPECIFICO,,,,,,,,,,,,,FACT
2025-12-01 00:00:00,783150103333,14,DW,12,D,01,143,TUN CEN MIGUEL ANGEL          ,1D,BAJA,,2,,,2025-10-01 00:00:00,1,2025-12-12 00:00:00,0,1379,,,,,,901,,0,0,,,,Error De Lectura,,2025-10-08 12:55:03,1403,L,9NCX3,T043WN ,24670,Nor,44,NUM MEDID DESIGU,44,S,CAMP
2025-12-01 00:00:00,784220800629,82,DW,12,E,01,695,CORPORACION INMOBILIARIA KTRC ,77,BAJA,,3,,,2025-12-01 00:00:00,4,2025-12-30 00:00:00,1534344,9246958.7200000007,,,,,,080,,3678890,-2144546,,,,INACTIVO CANCELACION POR FINIQUITO,,,,,,,,,,,,,CCC
2025-12-01 00:00:00,777210202468,33,DW,01,J,03,333,SOLUCIONES LOGISTICAS DH SA DE,02,BAJA,,3,,,2025-12-01 00:00:00,4,2025-12-31 00:00:00,0,16.84,,,,,,080,,0,0,,,,INACTIVO CANCELACION POR FINIQUITO,,,,,,,,,,,,,CCC
2025-12-01 00:00:00,781020712858,84,DW,12,B,01,044,CONTROLADORA DE NEG COMER     ,02,ACTIVO,J602EG ,1,KP2R,17KE,2025-01-01 00:00:00,1,2025-12-05 00:00:00,2065,676095,,,,,,901,9P15U,132065,-130000,,,,Error De Lectura,D,,,,,,,,,,,,CAMP
2025-12-01 00:00:00,779220400155,17,DW,01,M,02,175,FERNANDEZ GUERRA ADRIAN       ,1D,BAJA,,2,,,2025-03-01 00:00:00,1,2025-12-31 00:00:00,0,778,,,,,,904,,442,-442,,,,Error De Estimacion,,2025-03-11 11:31:27,1728,L,9MCBU,YH380M ,0,Nor,56,NO HAY MEDIDOR,56,S,FACT
2025-12-01 00:00:00,779220400155,17,DW,01,M,02,175,FERNANDEZ GUERRA ADRIAN       ,1D,BAJA,,2,,,2025-05-01 00:00:00,1,2025-12-31 00:00:00,0,8254,,,,,,904,,2517,-2517,,,,Error De Estimacion,,2025-05-13 09:06:17,1728,L,9MCBU,YH380M ,0,Nor,51,NO ENCONTRE DOMI,,,FACT
2025-12-01 00:00:00,779220400155,17,DW,01,M,02,175,FERNANDEZ GUERRA ADRIAN       ,1D,BAJA,,2,,,2025-07-01 00:00:00,1,2025-12-31 00:00:00,0,5844,,,,,,904,,2109,-2109,,,,Error De Estimacion,,2025-07-11 14:06:33,1726,L,9MCBU,YH380M ,0,Nor,51,NO ENCONTRE DOMI,,,FACT
2025-12-01 00:00:00,779220400155,17,DW,01,M,02,175,FERNANDEZ GUERRA ADRIAN       ,1D,BAJA,,2,,,2025-09-01 00:00:00,1,2025-12-31 00:00:00,0,188,,,,,,904,,160,-160,,,,Error De Estimacion,,2025-09-09 10:03:25,1729,L,R9950,YH380M ,0,Nor,56,NO HAY MEDIDOR,56,S,FACT
2025-12-01 00:00:00,779220400155,17,DW,01,M,02,175,FERNANDEZ GUERRA ADRIAN       ,1D,BAJA,,2,,,2025-11-01 00:00:00,1,2025-12-31 00:00:00,0,3064,,,,,,904,,1126,-1126,,,,Error De Estimacion,,2025-11-11 16:56:39,1726,L,GAAEN,YH380M ,0,Nor,56,NO HAY MEDIDOR,56,S,FACT
2025-12-01 00:00:00,789990301916,19,DW,04,B,23,191,LOPEZ MONTEJO RICARDO         ,1F,ACTIVO,PBY767 ,1,F123,24NX,2024-11-01 00:00:00,52,2025-12-01 00:00:00,-2304,0,,,,,,010,,2304,-2304,,,,PROGRAMA ESPECIFICO,,,,,,,,,,,,,FACT
2025-12-01 00:00:00,805231200442,02,DW,08,B,66,022,CHABLE NOH ANTONIO EULOGIO    ,02,CORTADO,1BCN48 ,2,F623,25P2,2025-10-01 00:00:00,1,2025-12-16 00:00:00,0,14329,,,,,,908,9NNK2,2697,-2697,,,,Programa Espefico,D,2025-09-29 09:39:34,0227,L,9JRE1,WNB918 ,0,Nor,59,DISPLAY APAGADO,59,S,FACT
2025-12-01 00:00:00,805231200442,02,DW,08,B,66,022,CHABLE NOH ANTONIO EULOGIO    ,02,CORTADO,1BCN48 ,2,F623,25P2,2025-08-01 00:00:00,1,2025-12-16 00:00:00,0,7150,,,,,,908,9NNK2,1352,-1352,,,,Programa Espefico,D,2025-07-30 10:15:24,0227,L,9JRE1,WNB918 ,0,Nor,59,DISPLAY APAGADO,59,S,FACT
2025-12-01 00:00:00,805231200442,02,DW,08,B,66,022,CHABLE NOH ANTONIO EULOGIO    ,02,CORTADO,1BCN48 ,2,F623,25P2,2025-06-01 00:00:00,1,2025-12-16 00:00:00,0,11027,,,,,,908,9NNK2,2131,-2131,,,,Programa Espefico,D,2025-05-30 10:18:46,0227,L,9JRE1,WNB918 ,0,Nor,59,DISPLAY APAGADO,59,S,FACT
2025-12-01 00:00:00,805231200442,02,DW,08,B,66,022,CHABLE NOH ANTONIO EULOGIO    ,02,CORTADO,1BCN48 ,2,F623,25P2,2025-04-01 00:00:00,1,2025-12-15 00:00:00,0,13683,,,,,,908,9NNK2,2650,-2650,,,,Programa Espefico,D,,,,,,,,,,,,FACT
2025-12-01 00:00:00,805231200442,02,DW,08,B,66,022,CHABLE NOH ANTONIO EULOGIO    ,02,CORTADO,1BCN48 ,2,F623,25P2,2025-02-01 00:00:00,1,2025-12-15 00:00:00,0,23724,,,,,,908,9NNK2,4647,-4647,,,,Programa Espefico,D,,,,,,,,,,,,FACT
2025-12-01 00:00:00,805910400019,19,DW,08,B,64,192,IGLESIA                       ,02,ACTIVO,868G2N ,2,F622,13LM,2024-09-01 00:00:00,52,2025-12-16 00:00:00,-2000,0,,,,,,010,,2000,-2000,,,,PROGRAMA ESPECIFICO,,,,,,,,,,,,,FACT
2025-12-01 00:00:00,804220200495,18,DW,08,A,06,003,PECH HERNANDEZ GIOVANNI       ,02,ACTIVO,4DVK24 ,2,F623,25NY,2024-12-01 00:00:00,52,2025-12-15 00:00:00,-1428,0,,,,,,010,,1428,-1428,,,,PROGRAMA ESPECIFICO,,,,,,,,,,,,,FACT
2025-12-01 00:00:00,777220502338,08,DW,01,J,03,082,MUNOZ GONZALEZ KARINA ESTHER  ,1D,BAJA,,2,,,2025-12-01 00:00:00,4,2025-12-30 00:00:00,0,33497.330000000002,,,,,,080,,7377,-7377,,,,INACTIVO CANCELACION POR FINIQUITO,,2025-12-08 12:15:13,1227,L,R9950,CVP659 ,92672,Nor,44,NUM MEDID DESIGU,44,S,CCC
2025-12-01 00:00:00,790010502447,82,DW,04,C,35,821,DELTA CAMPECHE SA DE CV       ,77,BAJA,,3,,,2025-12-01 00:00:00,4,2025-12-31 00:00:00,19949,252010.54999999999,,,,,,080,,84132,-64183,,,,INACTIVO CANCELACION POR FINIQUITO,,,,,,,,,,,,,CCC
2025-12-01 00:00:00,805110200666,76,DW,08,B,66,667,SAURI CUTZ LORENZO            ,9M,BAJA,,2,,,2025-12-01 00:00:00,4,2025-12-26 00:00:00,0,146194.42999999999,,,,,,080,,99548,-99548,,,,INACTIVO CANCELACION POR FINIQUITO,,,,,,,,,,,,,CCC
2025-12-01 00:00:00,796070500077,20,DW,06,A,01,201,GONZALEZ TURRUBIARTES ROBERTO ,1D,ACTIVO,3CFJ81 ,2,F623,25P3,2025-12-01 00:00:00,1,2025-12-18 00:00:00,0,16004,,,,,,901,,3888,-3888,,,,Error De Lectura,,2025-12-12 08:42:12,2002,M,9ND4X,J999PG ,3888,Opt,  ,,,,CAMP
2025-12-01 00:00:00,794190902583,20,DW,04,G,10,006,ANGUIANO MENDEZ MIGUEL        ,1F,ACTIVO,CVL399 ,2,F623,22NU,2022-10-01 00:00:00,52,2025-12-05 00:00:00,-28941,0,,,,,,010,,28941,-28941,,,,PROGRAMA ESPECIFICO,,,,,,,,,,,,,FACT
2025-12-01 00:00:00,777120902916,30,DW,01,J,03,302,DZUL MANZANILLA RINGEL AUGUSTO,1C,BAJA,,1,,,2025-10-01 00:00:00,1,2025-12-31 00:00:00,0,680,,,,,,904,,512,-512,,,,Error De Estimacion,,2025-10-20 10:45:21,3002,L,9NCYF,28X81L ,0,Nor,66,DERIV ANTES MED,66,S,FACT
2025-12-01 00:00:00,778250200111,69,DW,01,K,30,691,31DPR0850Q NICOLAS MOGUEL     ,67,BAJA,,3,,,2025-04-01 00:00:00,1,2025-12-19 00:00:00,0,32590,,,,,,911,,0,0,,,,Car/Cre No Procede,,2025-04-15 16:32:20,6951,R,R9701,CHB347 ,1,Nor,60,MEDID NO TRABAJA,LM,S,FACT
2025-12-01 00:00:00,799231100731,18,DW,06,D,01,181,ENRIQUEZ OROZCO JESSICA       ,1B,BAJA,,2,,,2025-11-01 00:00:00,4,2025-12-02 00:00:00,0,55.090000000000003,,,,,,080,,0,0,,,,INACTIVO CANCELACION POR FINIQUITO,,,,,,,,,,,,,CCC
2025-12-01 00:00:00,779161002493,82,DW,01,M,02,129,MAQ DE MADERAS TROPICALES SA D,77,ACTIVO,R865CN ,3,VL28,18KE,2025-11-01 00:00:00,1,2025-12-02 00:00:00,92418,287141,,,,,,903,,75249,17169,,,,Error Cambio Medidor,,,,,,,,,,,,,CAMP
2025-12-01 00:00:00,779080701729,73,DW,01,M,01,731,AGUILAR GONZALEZ ROBERTO      ,09,BAJA,,2,,,2025-12-01 00:00:00,4,2025-12-18 00:00:00,322,266746.70000000001,,,,,,080,,99298,-98976,,,,INACTIVO CANCELACION POR FINIQUITO,,,,,,,,,,,,,CCC
2025-12-01 00:00:00,786980100590,38,DW,03,B,22,003,PERFECTO GONGORA ALONZO       ,1B,BAJA,,1,,,2025-10-01 00:00:00,1,2025-12-19 00:00:00,59,2689,,,,,,903,,855,-796,,,,Error Cambio Medidor,,,,,,,,,,,,,CAMP
2025-12-01 00:00:00,791940500050,30,DW,04,D,51,002,COLLI TZEC FERNANDO A         ,09,BAJA,,1,,,2025-12-01 00:00:00,4,2025-12-16 00:00:00,0,268787.56,,,,,,080,,99873,-99873,,,,INACTIVO CANCELACION POR FINIQUITO,,,,,,,,,,,,,CCC
2025-12-01 00:00:00,779040900729,24,DW,01,M,09,242,JOSE CANDELARIO PECH YERVEZ   ,1D,BAJA,,2,,,2025-02-01 00:00:00,1,2025-12-31 00:00:00,0,1324,,,,,,904,,562,-562,,,,Error De Estimacion,,2025-02-13 12:26:04,2451,R,R9522,P802JJ ,0,Nor,56,NO HAY MEDIDOR,56,S,FACT
2025-12-01 00:00:00,779040900729,24,DW,01,M,09,242,JOSE CANDELARIO PECH YERVEZ   ,1D,BAJA,,2,,,2025-04-01 00:00:00,1,2025-12-31 00:00:00,0,1333,,,,,,904,,562,-562,,,,Error De Estimacion,,2025-04-15 10:25:21,2451,R,R9689,P802JJ ,0,Nor,56,NO HAY MEDIDOR,56,S,FACT
2025-12-01 00:00:00,779040900729,24,DW,01,M,09,242,JOSE CANDELARIO PECH YERVEZ   ,1D,BAJA,,2,,,2025-06-01 00:00:00,1,2025-12-31 00:00:00,0,693,,,,,,904,,562,-562,,,,Error De Estimacion,,2025-06-17 13:46:35,2451,R,9MCBU,P802JJ ,0,Nor,51,NO ENCONTRE DOMI,,,FACT
2025-12-01 00:00:00,779040900729,24,DW,01,M,09,242,JOSE CANDELARIO PECH YERVEZ   ,1D,BAJA,,2,,,2025-08-01 00:00:00,1,2025-12-31 00:00:00,0,712,,,,,,904,,572,-572,,,,Error De Estimacion,,2025-08-15 17:48:50,2426,L,R9950,P802JJ ,0,Nor,56,NO HAY MEDIDOR,56,S,FACT
2025-12-01 00:00:00,779040900729,24,DW,01,M,09,242,JOSE CANDELARIO PECH YERVEZ   ,1D,BAJA,,2,,,2025-10-01 00:00:00,1,2025-12-31 00:00:00,0,704,,,,,,904,,562,-562,,,,Error De Estimacion,,2025-10-15 13:09:08,2430,L,R9703,P802JJ ,0,Nor,56,NO HAY MEDIDOR,56,S,FACT
2025-12-01 00:00:00,779120900169,28,DW,01,M,15,281,OVANDO SOLIS ROSARIO          ,1D,BAJA,,2,,,2025-12-01 00:00:00,1,2025-12-31 00:00:00,0,6418,,,,,,904,,1507,-1507,,,,Error De Estimacion,,2025-12-18 12:58:49,2827,L,R9689,J011FW ,60195,Nor,44,NUM MEDID DESIGU,FR,S,FACT
2025-12-01 00:00:00,773111202507,33,DW,01,D,03,338,ALCOCER RIVERO NARCY MARIBEL  ,1C,BAJA,,1,,,2024-09-01 00:00:00,52,2025-12-10 00:00:00,-153,0,,,,,,010,,153,-153,,,,PROGRAMA ESPECIFICO,,,,,,,,,,,,,FACT
2025-12-01 00:00:00,773111202507,33,DW,01,D,03,338,ALCOCER RIVERO NARCY MARIBEL  ,1C,BAJA,,1,,,2024-11-01 00:00:00,52,2025-12-10 00:00:00,-394,0,,,,,,010,,394,-394,,,,PROGRAMA ESPECIFICO,,,,,,,,,,,,,FACT
2025-12-01 00:00:00,777120902673,30,DW,01,J,03,302,CANCHE ORTIZ PEDRO ALONZO     ,1C,BAJA,,1,,,2025-08-01 00:00:00,1,2025-12-31 00:00:00,0,229,,,,,,904,,195,-195,,,,Error De Estimacion,,2025-08-20 11:10:44,3002,L,9NCYF,HH995B ,0,Nor,59,DISPLAY APAGADO,59,S,FACT
2025-12-01 00:00:00,777120902673,30,DW,01,J,03,302,CANCHE ORTIZ PEDRO ALONZO     ,1C,BAJA,,1,,,2025-10-01 00:00:00,1,2025-12-31 00:00:00,0,249,,,,,,904,,199,-199,,,,Error De Estimacion,,2025-10-20 10:50:33,3002,L,9NCYF,HH995B ,0,Nor,66,DERIV ANTES MED,66,S,FACT
2025-12-01 00:00:00,771201001702,38,DW,01,B,02,387,SOTO BRANSON BERNARDO AGUSTIN ,1D,BAJA,,2,,,2025-12-01 00:00:00,4,2025-12-30 00:00:00,0,48634.040000000001,,,,,,080,,10817,-10817,,,,INACTIVO CANCELACION POR FINIQUITO,,2025-12-27 11:37:15,3852,R,GAADN,LV820N ,1332,Nor,44,NUM MEDID DESIGU,44,S,CCC
2025-12-01 00:00:00,773150202646,04,DW,01,D,01,044,BAOJIAN SUN                   ,02,BAJA,,3,,,2025-12-01 00:00:00,4,2025-12-23 00:00:00,1,111432.16,,,,,,080,,22271,-22270,,,,INACTIVO CANCELACION POR FINIQUITO,,2025-12-02 09:55:26,0451,R,9EMCB,79F4C3 ,3582,Nor,44,NUM MEDID DESIGU,44,S,CCC
2025-12-01 00:00:00,777210202719,33,DW,01,J,03,333,SOLUCIONES LOGISTICAS DH SA DE,02,BAJA,,3,,,2025-12-01 00:00:00,4,2025-12-30 00:00:00,0,505866.88,,,,,,080,,99997,-99997,,,,INACTIVO CANCELACION POR FINIQUITO,,,,,,,,,,,,,CCC
2025-12-01 00:00:00,779160202782,14,DW,01,M,17,142,CIME DIAZ SILVIA MAGALY       ,1D,BAJA,,2,,,2025-08-01 00:00:00,1,2025-12-31 00:00:00,0,3577,,,,,,904,,1598,-1598,,,,Error De Estimacion,,2025-08-08 11:37:39,1428,L,9P14E,RDP313 ,0,Nor,56,NO HAY MEDIDOR,56,S,FACT
2025-12-01 00:00:00,779160202782,14,DW,01,M,17,142,CIME DIAZ SILVIA MAGALY       ,1D,BAJA,,2,,,2025-10-01 00:00:00,1,2025-12-31 00:00:00,0,3719,,,,,,904,,1624,-1624,,,,Error De Estimacion,,2025-10-09 14:51:28,1451,R,GAAEN,RDP313 ,0,Nor,56,NO HAY MEDIDOR,56,S,FACT
2025-12-01 00:00:00,779210900184,24,DW,01,M,09,242,MID OBRAS Y CONSTR SA DE CV   ,02,BAJA,,2,,,2025-10-01 00:00:00,1,2025-12-31 00:00:00,33,2677,,,,,,904,,491,-458,,,,Error De Estimacion,,2025-10-15 08:46:38,2430,L,R9703,JCK675 ,0,Nor,59,DISPLAY APAGADO,59,S,FACT
2025-12-01 00:00:00,774220400935,07,DW,01,E,02,074,CARDENA CASTELLANOS FRANCISO N,02,BAJA,,2,,,2025-11-01 00:00:00,1,2025-12-11 00:00:00,0,7291,,,,,,904,,1363,-1363,,,,Error De Estimacion,,2025-11-05 11:24:55,0752,R,9JRB9,DKB963 ,0,Nor,51,NO ENCONTRE DOMI,,,FACT
2025-12-01 00:00:00,791950400380,67,DW,04,D,60,670,COLLI CAHUICH HERMELINDA      ,09,BAJA,,1,,,2025-12-01 00:00:00,4,2025-12-18 00:00:00,0,262125.76000000001,,,,,,080,,99941,-99941,,,,INACTIVO CANCELACION POR FINIQUITO,,2025-12-10 09:01:39,6702,L,R9420,578YY9 ,0,Opt,31,SERVICIO SIN USO,,,CCC
2025-12-01 00:00:00,779160706454,24,DW,01,M,09,240,CAAMAL POOL PEDRO ALFONSO     ,1D,BAJA,,1,,,2025-06-01 00:00:00,1,2025-12-31 00:00:00,0,460,,,,,,904,,389,-389,,,,Error De Estimacion,,2025-06-17 11:23:59,2451,R,9MCBU,779HRJ ,0,Nor,56,NO HAY MEDIDOR,56,S,FACT
2025-12-01 00:00:00,779160706454,24,DW,01,M,09,240,CAAMAL POOL PEDRO ALFONSO     ,1D,BAJA,,1,,,2025-08-01 00:00:00,1,2025-12-31 00:00:00,0,308,,,,,,904,,263,-263,,,,Error De Estimacion,,2025-08-15 08:30:00,2429,L,9P11Y,779HRJ ,0,Nor,56,NO HAY MEDIDOR,56,S,FACT
2025-12-01 00:00:00,779160706454,24,DW,01,M,09,240,CAAMAL POOL PEDRO ALFONSO     ,1D,BAJA,,1,,,2025-10-01 00:00:00,1,2025-12-31 00:00:00,0,248,,,,,,904,,210,-210,,,,Error De Estimacion,,2025-10-15 08:46:17,2428,L,GAAEN,779HRJ ,0,Nor,59,DISPLAY APAGADO,59,S,FACT
2025-12-01 00:00:00,773120204369,24,DW,01,D,04,244,MONTERO POOL GEOVANI DEL JESUS,1C,BAJA,,2,,,2025-12-01 00:00:00,1,2025-12-31 00:00:00,0,2448,,,,,,906,,616,-616,,,,Error De Sistema,,2025-12-16 08:47:04,2429,L,9JRB6,EA474C ,616,Nor,44,NUM MEDID DESIGU,44,S,FACT
2025-12-01 00:00:00,773160204892,29,DW,01,D,03,298,AGUILAR HOO OSCAR ANDRES      ,1C,BAJA,,1,,,2023-11-01 00:00:00,52,2025-12-10 00:00:00,-150,0,,,,,,010,,150,-150,,,,PROGRAMA ESPECIFICO,,,,,,,,,,,,,FACT
2025-12-01 00:00:00,773160204892,29,DW,01,D,03,298,AGUILAR HOO OSCAR ANDRES      ,1C,BAJA,,1,,,2024-01-01 00:00:00,52,2025-12-10 00:00:00,-138,0,,,,,,010,,138,-138,,,,PROGRAMA ESPECIFICO,,,,,,,,,,,,,FACT
2025-12-01 00:00:00,773160204892,29,DW,01,D,03,298,AGUILAR HOO OSCAR ANDRES      ,1C,BAJA,,1,,,2024-03-01 00:00:00,52,2025-12-10 00:00:00,-104,0,,,,,,010,,104,-104,,,,PROGRAMA ESPECIFICO,,,,,,,,,,,,,FACT
2025-12-01 00:00:00,773160204892,29,DW,01,D,03,298,AGUILAR HOO OSCAR ANDRES      ,1C,BAJA,,1,,,2024-05-01 00:00:00,52,2025-12-10 00:00:00,-102,0,,,,,,010,,102,-102,,,,PROGRAMA ESPECIFICO,,,,,,,,,,,,,FACT
2025-12-01 00:00:00,773160204892,29,DW,01,D,03,298,AGUILAR HOO OSCAR ANDRES      ,1C,BAJA,,1,,,2024-07-01 00:00:00,52,2025-12-10 00:00:00,-109,0,,,,,,010,,109,-109,,,,PROGRAMA ESPECIFICO,,,,,,,,,,,,,FACT
2025-12-01 00:00:00,773160204892,29,DW,01,D,03,298,AGUILAR HOO OSCAR ANDRES      ,1C,BAJA,,1,,,2024-09-01 00:00:00,52,2025-12-10 00:00:00,-169,0,,,,,,010,,169,-169,,,,PROGRAMA ESPECIFICO,,,,,,,,,,,,,FACT
2025-12-01 00:00:00,773160204892,29,DW,01,D,03,298,AGUILAR HOO OSCAR ANDRES      ,1C,BAJA,,1,,,2024-11-01 00:00:00,52,2025-12-09 00:00:00,-172,0,,,,,,010,,172,-172,,,,PROGRAMA ESPECIFICO,,,,,,,,,,,,,FACT
2025-12-01 00:00:00,783131101460,02,DW,12,D,01,021,GONZALEZ ZAVALA GERMO         ,1D,ACTIVO,HLN860 ,1,F623,23NY,2024-10-01 00:00:00,52,2025-12-18 00:00:00,-1527,0,,,,,,010,,1527,-1527,,,,PROGRAMA ESPECIFICO,,,,,,,,,,,,,FACT
2025-12-01 00:00:00,804071200801,75,DW,08,A,17,751,TAMAYO VAZQUEZ JOSE NATIVIDAD ,09,BAJA,,3,,,2025-12-01 00:00:00,4,2025-12-29 00:00:00,0,267447.39000000001,,,,,,080,,99801,-99801,,,,INACTIVO CANCELACION POR FINIQUITO,,,,,,,,,,,,,CCC
2025-12-01 00:00:00,773750301737,06,DW,01,D,01,061,DEMETRIO VALDEZ S             ,1D,BAJA SIN MED RET,RDY872 ,2,F623,24NY,2025-08-01 00:00:00,1,2025-12-31 00:00:00,0,30660,,,,,,905,,7645,-7645,,,,Falla De Medidor,,,,,,,,,,,,,MED
2025-12-01 00:00:00,779180500330,03,DW,01,M,13,033,MENDOZA ROJO LAURA LUCIA      ,1D,BAJA,,2,,,2025-11-01 00:00:00,1,2025-12-31 00:00:00,0,6412,,,,,,904,,1816,-1816,,,,Error De Estimacion,,,,,,,,,,,,,FACT
2025-12-01 00:00:00,773100405058,31,DW,01,D,03,318,BACAB ALVARADO ANA LUISA      ,1C,BAJA,,1,,,2024-03-01 00:00:00,52,2025-12-10 00:00:00,-369,0,,,,,,010,,369,-369,,,,PROGRAMA ESPECIFICO,,2024-03-21 09:22:22,3128,L,R9513,683EGA ,369,Nor,44,NUM MEDID DESIGU,44,S,FACT
2025-12-01 00:00:00,773100405058,31,DW,01,D,03,318,BACAB ALVARADO ANA LUISA      ,1C,BAJA,,1,,,2024-05-01 00:00:00,52,2025-12-10 00:00:00,-358,0,,,,,,010,,358,-358,,,,PROGRAMA ESPECIFICO,,2024-05-22 09:54:41,3131,L,R9513,683EGA ,358,Nor,44,NUM MEDID DESIGU,44,S,FACT
2025-12-01 00:00:00,773100405058,31,DW,01,D,03,318,BACAB ALVARADO ANA LUISA      ,1C,BAJA,,1,,,2024-07-01 00:00:00,52,2025-12-10 00:00:00,-427,0,,,,,,010,,427,-427,,,,PROGRAMA ESPECIFICO,,,,,,,,,,,,,FACT
2025-12-01 00:00:00,773100405058,31,DW,01,D,03,318,BACAB ALVARADO ANA LUISA      ,1C,BAJA,,1,,,2024-09-01 00:00:00,52,2025-12-10 00:00:00,-440,0,,,,,,010,,440,-440,,,,PROGRAMA ESPECIFICO,,,,,,,,,,,,,FACT
2025-12-01 00:00:00,773100405058,31,DW,01,D,03,318,BACAB ALVARADO ANA LUISA      ,1C,BAJA,,1,,,2024-11-01 00:00:00,52,2025-12-10 00:00:00,-475,0,,,,,,010,,475,-475,,,,PROGRAMA ESPECIFICO,,,,,,,,,,,,,FACT
2025-12-01 00:00:00,796180602541,38,DW,06,A,30,302,QUIJANO QUIJANO MANUEL JESUS  ,1C,BAJA,,2,,,2025-12-01 00:00:00,4,2025-12-26 00:00:00,2785,55718.720000000001,,,,,,080,,12785,-10000,,,,INACTIVO CANCELACION POR FINIQUITO,,,,,,,,,,,,,CCC
2025-12-01 00:00:00,812250802719,82,DW,22,C,01,823,SUPER SAN FRANCISCO DE ASIS   ,77,ACTIVO,GGE413 ,3,VL28,22NJ,2025-11-01 00:00:00,1,2025-12-02 00:00:00,78293,480864,,,,,,901,,131318,-53025,,,,Error De Lectura,,,,,,,,,,,,,CAMP
2025-12-01 00:00:00,773050201944,04,DW,01,D,01,042,R DLACRUZDLSAGRADOCORAZONDJESU,02,BAJA,,2,,,2025-08-01 00:00:00,1,2025-12-24 00:00:00,0,3786,,,,,,901,,187,-187,,,,Error De Lectura,,,,,,,,,,,,,CAMP
2025-12-01 00:00:00,773050201944,04,DW,01,D,01,042,R DLACRUZDLSAGRADOCORAZONDJESU,02,BAJA,,2,,,2025-10-01 00:00:00,1,2025-12-23 00:00:00,0,429,,,,,,901,,62,-62,,,,Error De Lectura,,2025-10-01 09:04:51,0452,R,9EMCB,7B743V ,0,Nor,56,NO HAY MEDIDOR,56,S,CAMP
2025-12-01 00:00:00,774000858965,32,DW,01,E,02,323,NICOLAS TAPIA BRICENO         ,1D,BAJA,,1,,,2025-08-01 00:00:00,1,2025-12-30 00:00:00,0,217,,,,,,902,,185,-185,,,,Sin Consumo,,2025-08-21 08:37:12,3203,L,9NCYE,242VLT ,0,Opt,32,UI DERIVACION,32,S,FACT
2025-12-01 00:00:00,774000858965,32,DW,01,E,02,323,NICOLAS TAPIA BRICENO         ,1D,BAJA,,1,,,2025-10-01 00:00:00,1,2025-12-30 00:00:00,0,202,,,,,,902,,166,-166,,,,Sin Consumo,,2025-10-21 11:54:53,3205,M,9JRB9,242VLT ,99815,Opt,  ,,,,FACT
2025-12-01 00:00:00,789100805831,27,DW,04,B,23,273,MALDONADO LOPEZ TERESITA DEL J,1F,ACTIVO,PJR475 ,1,F123,24NX,2025-11-01 00:00:00,1,2025-12-08 00:00:00,517,4560,,,,,,903,9BBKG,1230,-713,,,,Error Cambio Medidor,S,,,,,,,,,,,,CAMP
2025-12-01 00:00:00,804861000097,78,DW,08,A,06,781,CAMPOS TAMAYO MARCELINA       ,1B,ACTIVO,LV442H ,2,F623,20NU,2024-08-01 00:00:00,52,2025-12-11 00:00:00,-3011,0,,,,,,010,,3011,-3011,,,,PROGRAMA ESPECIFICO,,2024-08-23 13:52:04,7802,L,9JRAU,LV442H ,17,Nor,  ,,,,FACT
2025-12-01 00:00:00,789850200036,03,DW,04,A,01,031,BARRERA PACHECO MARIA GABRIELA,02,ACTIVO,3AYF87 ,2,F623,25P2,2025-11-01 00:00:00,1,2025-12-01 00:00:00,237,4016,,,,,,901,9BBKG,740,-503,,,,Error De Lectura,S,,,,,,,,,,,,CAMP
2025-12-01 00:00:00,789850200036,03,DW,04,A,01,031,BARRERA PACHECO MARIA GABRIELA,02,ACTIVO,3AYF87 ,2,F623,25P2,2025-09-01 00:00:00,1,2025-12-01 00:00:00,229,4577,,,,,,901,9BBKG,842,-613,,,,Error De Lectura,S,,,,,,,,,,,,CAMP
2025-12-01 00:00:00,789850200036,03,DW,04,A,01,031,BARRERA PACHECO MARIA GABRIELA,02,ACTIVO,3AYF87 ,2,F623,25P2,2025-07-01 00:00:00,1,2025-12-01 00:00:00,233,4909,,,,,,901,9BBKG,930,-697,,,,Error De Lectura,S,,,,,,,,,,,,CAMP
2025-12-01 00:00:00,802230900034,18,DW,07,C,42,427,GRUPO INT DE SOLUCIONES D ORIE,02,BAJA,,2,,,2025-02-01 00:00:00,1,2025-12-08 00:00:00,0,1502,,,,,,904,9MCJD,286,-286,,,,Error De Estimacion,D,,,,,,,,,,,,FACT
2025-12-01 00:00:00,802230900034,18,DW,07,C,42,427,GRUPO INT DE SOLUCIONES D ORIE,02,BAJA,,2,,,2025-04-01 00:00:00,1,2025-12-08 00:00:00,0,1665,,,,,,904,9MCJD,319,-319,,,,Error De Estimacion,D,,,,,,,,,,,,FACT
2025-12-01 00:00:00,802230900034,18,DW,07,C,42,427,GRUPO INT DE SOLUCIONES D ORIE,02,BAJA,,2,,,2025-06-01 00:00:00,1,2025-12-08 00:00:00,0,1228,,,,,,904,9MCJD,230,-230,,,,Error De Estimacion,D,,,,,,,,,,,,FACT
2025-12-01 00:00:00,802230900034,18,DW,07,C,42,427,GRUPO INT DE SOLUCIONES D ORIE,02,BAJA,,2,,,2025-08-01 00:00:00,1,2025-12-08 00:00:00,0,1657,,,,,,904,9MCJD,295,-295,,,,Error De Estimacion,D,,,,,,,,,,,,FACT
2025-12-01 00:00:00,802230900034,18,DW,07,C,42,427,GRUPO INT DE SOLUCIONES D ORIE,02,BAJA,,2,,,2025-10-01 00:00:00,1,2025-12-08 00:00:00,0,1387,,,,,,904,9MCJD,245,-245,,,,Error De Estimacion,D,,,,,,,,,,,,FACT
2025-12-01 00:00:00,782881200838,17,DW,12,A,01,172,FERNANDEZ QUINTAL NELSY CECILI,1D,ACTIVO,0AUV83 ,2,F623,25P2,2025-11-01 00:00:00,1,2025-12-30 00:00:00,1334,5108,,,,,,904,9BBTM,1559,-225,,,,Error De Estimacion,D,2025-11-11 07:28:24,1703,M,GAD0M,00E83N ,0,Nor,56,NO HAY MEDIDOR,56,S,FACT
2025-12-01 00:00:00,780910700745,27,DW,12,A,01,273,JOSE L RAMIREZ                ,1D,ACTIVO,PBC896 ,1,F123,24NX,2025-11-01 00:00:00,1,2025-12-08 00:00:00,1031,5090,,,,,,904,9MCBY,1350,-319,,,,Error De Estimacion,S,2025-11-19 08:58:55,2703,M,9NCWU,0H1T36 ,0,Nor,53,UI SERV DIRECTO,53,S,FACT
2025-12-01 00:00:00,796960600494,01,DW,06,A,01,012,ANGULO VILLANUEVA DEBORAH     ,1D,ACTIVO,2BCK45 ,2,F623,25P2,2025-11-01 00:00:00,1,2025-12-05 00:00:00,1506,14958,,,,,,905,9BBBB,3987,-2481,,,,Falla De Medidor,D,,,,,,,,,,,,MED
2025-12-01 00:00:00,789941100034,05,DW,04,A,01,055,EUGENIO ECHEVERRIA C          ,1F,ACTIVO,MV325K ,3,KL28,20KE,2025-03-01 00:00:00,1,2025-12-15 00:00:00,55,1691,,,,,,901,9JPYA,638,-583,,,,Error De Lectura,S,,,,,,,,,,,,CAMP
2025-12-01 00:00:00,800750224098,27,DW,07,A,02,024,BAEZ CUAUTLE JOSE ALBERTO     ,1B,ACTIVO,0AUU43 ,2,F623,25P2,2025-09-01 00:00:00,1,2025-12-19 00:00:00,65,856,,,,,,901,9JR0F,512,-447,,,,Error De Lectura,S,,,,,,,,,,,,CAMP
2025-12-01 00:00:00,771030703282,17,DW,01,B,01,176,CASTELLANOS PALOMO MANUEL JESU,1D,ACTIVO,WWU307 ,2,F623,24P3,2025-11-01 00:00:00,1,2025-12-10 00:00:00,33,3186,,,,,,904,9N4CN,1151,-1118,,,,Error De Estimacion,S,2025-11-11 09:44:06,1704,M,G92B0,7AAH34 ,0,Nor,53,UI SERV DIRECTO,53,S,FACT
2025-12-01 00:00:00,796020903367,31,DW,06,A,01,312,CAPELINE LIZARRAGA ARACELI M  ,1D,ACTIVO,PCC116 ,1,F123,24NX,2025-11-01 00:00:00,1,2025-12-05 00:00:00,780,3527,,,,,,901,9NNK8,1072,-292,,,,Error De Lectura,S,,,,,,,,,,,,CAMP
2025-12-01 00:00:00,773111202507,33,DW,01,D,03,338,ALCOCER RIVERO NARCY MARIBEL  ,1C,BAJA,,1,,,2025-01-01 00:00:00,1,2025-12-10 00:00:00,0,631,,,,,,902,9NNM0,378,-378,,,,Sin Consumo,D,,,,,,,,,,,,FACT
2025-12-01 00:00:00,773111202507,33,DW,01,D,03,338,ALCOCER RIVERO NARCY MARIBEL  ,1C,BAJA,,1,,,2025-03-01 00:00:00,1,2025-12-10 00:00:00,0,663,,,,,,902,9NNM0,384,-384,,,,Sin Consumo,D,,,,,,,,,,,,FACT
2025-12-01 00:00:00,773111202507,33,DW,01,D,03,338,ALCOCER RIVERO NARCY MARIBEL  ,1C,BAJA,,1,,,2025-05-01 00:00:00,1,2025-12-10 00:00:00,0,595,,,,,,902,9NNM0,484,-484,,,,Sin Consumo,D,,,,,,,,,,,,FACT
2025-12-01 00:00:00,773111202507,33,DW,01,D,03,338,ALCOCER RIVERO NARCY MARIBEL  ,1C,BAJA,,1,,,2025-07-01 00:00:00,1,2025-12-10 00:00:00,0,590,,,,,,902,9NNM0,477,-477,,,,Sin Consumo,D,,,,,,,,,,,,FACT
2025-12-01 00:00:00,773111202507,33,DW,01,D,03,338,ALCOCER RIVERO NARCY MARIBEL  ,1C,BAJA,,1,,,2025-09-01 00:00:00,1,2025-12-10 00:00:00,0,596,,,,,,902,9NNM0,478,-478,,,,Sin Consumo,D,,,,,,,,,,,,FACT
2025-12-01 00:00:00,773111202507,33,DW,01,D,03,338,ALCOCER RIVERO NARCY MARIBEL  ,1C,BAJA,,1,,,2025-11-01 00:00:00,1,2025-12-10 00:00:00,0,990,,,,,,902,9NNM0,449,-449,,,,Sin Consumo,D,,,,,,,,,,,,FACT
2025-12-01 00:00:00,773160204892,29,DW,01,D,03,298,AGUILAR HOO OSCAR ANDRES      ,1C,BAJA,,1,,,2025-09-01 00:00:00,1,2025-12-10 00:00:00,0,298,,,,,,902,9NNM0,253,-253,,,,Sin Consumo,D,,,,,,,,,,,,FACT
2025-12-01 00:00:00,773160204892,29,DW,01,D,03,298,AGUILAR HOO OSCAR ANDRES      ,1C,BAJA,,1,,,2025-11-01 00:00:00,1,2025-12-10 00:00:00,0,88,,,,,,902,9NNM0,66,-66,,,,Sin Consumo,D,,,,,,,,,,,,FACT
2025-12-01 00:00:00,797041000096,08,DW,06,B,01,082,COHUO COHUO ISABEL            ,1B,ACTIVO,PCF857 ,1,F123,24NX,2025-12-01 00:00:00,1,2025-12-17 00:00:00,70,1598,,,,,,901,9N2AG,591,-521,,,,Error De Lectura,S,2025-12-04 05:46:41,0801,M,9EMEK,1R12V3 ,10591,Nor,  ,,FR,S,CAMP
2025-12-01 00:00:00,796230502306,16,DW,06,A,01,161,OSORIO MEDINA IVAN JESUS      ,02,ACTIVO,5CET24 ,2,F623,25P3,2025-12-01 00:00:00,1,2025-12-29 00:00:00,0,12042,,,,,,903,9N2AJ,2493,-2493,,,,Error Cambio Medidor,S,2025-12-10 09:50:48,1602,M,G92BA,0BCU32 ,13897,Opt,  ,,,,CAMP
2025-12-01 00:00:00,783090301009,06,DW,12,D,01,063,BAUTISTA POOL JUAN            ,1D,ACTIVO,PBD359 ,1,F123,24NX,2025-12-01 00:00:00,1,2025-12-16 00:00:00,428,3544,,,,,,901,9N2AU,1020,-592,,,,Error De Lectura,S,2025-12-03 10:03:06,0604,M,GAF1M,87A2N8 ,1020,Nor,  ,,,,CAMP
2025-12-01 00:00:00,782230303108,28,DW,12,C,01,286,DIAZ QUIAM BIANCA EDITH       ,1D,BAJA,,2,,,2025-10-01 00:00:00,1,2025-12-18 00:00:00,0,1813,,,,,,904,9BBMB,930,-930,,,,Error De Estimacion,S,2025-10-17 09:52:36,2804,M,GA4HN,NK208R ,0,Nor,56,NO HAY MEDIDOR,56,S,FACT
2025-12-01 00:00:00,771020103481,32,DW,01,B,02,322,ALVARO ESQUIVEL Y ESQUIVEL    ,1D,CORTADO,RDP028 ,2,F623,24NY,2025-10-01 00:00:00,1,2025-12-19 00:00:00,0,4678,,,,,,903,G09DW,1651,-1651,,,,Error Cambio Medidor,S,2025-10-22 08:40:57,3251,R,9EMKC,34V83W ,0,Nor,50,CASA CERRADA,50,S,CAMP
2025-12-01 00:00:00,783190700148,37,DW,12,C,01,371,FLORES FLORES LUCIO           ,1D,ACTIVO,5CFJ66 ,2,F623,25P3,2025-09-01 00:00:00,1,2025-12-10 00:00:00,0,2374,,,,,,904,9N2AY,1338,-1338,,,,Error De Estimacion,S,2025-09-25 10:23:51,3702,M,GAKFM,48E68E ,0,Nor,59,DISPLAY APAGADO,59,S,FACT
2025-12-01 00:00:00,783190700148,37,DW,12,C,01,371,FLORES FLORES LUCIO           ,1D,ACTIVO,5CFJ66 ,2,F623,25P3,2025-07-01 00:00:00,1,2025-12-10 00:00:00,0,1278,,,,,,904,9N2AY,949,-949,,,,Error De Estimacion,S,2025-07-25 12:56:27,3702,M,9P157,48E68E ,0,Nor,59,DISPLAY APAGADO,59,S,FACT
2025-12-01 00:00:00,783190700148,37,DW,12,C,01,371,FLORES FLORES LUCIO           ,1D,ACTIVO,5CFJ66 ,2,F623,25P3,2025-05-01 00:00:00,1,2025-12-10 00:00:00,0,1318,,,,,,904,9N2AY,978,-978,,,,Error De Estimacion,S,2025-05-27 10:59:01,3702,L,GAALN,48E68E ,0,Nor,59,DISPLAY APAGADO,59,S,FACT
2025-12-01 00:00:00,783190700148,37,DW,12,C,01,371,FLORES FLORES LUCIO           ,1D,ACTIVO,5CFJ66 ,2,F623,25P3,2025-03-01 00:00:00,1,2025-12-10 00:00:00,0,1723,,,,,,904,9N2AY,648,-648,,,,Error De Estimacion,S,2025-03-26 13:00:25,3702,M,GAD0M,48E68E ,0,Nor,59,DISPLAY APAGADO,59,S,FACT
2025-12-01 00:00:00,801030201071,37,DW,07,B,22,373,PAT CAHUN CIRILO              ,1B,ACTIVO,PBB552 ,1,F123,24NX,2025-11-01 00:00:00,1,2025-12-22 00:00:00,998,12778,,,,,,901,G87AN,2945,-1947,,,,Error De Lectura,S,,,,,,,,,,,,CAMP
2025-12-01 00:00:00,801040501196,17,DW,07,B,06,317,DELGADO CABALLERO JOSE YSRAEL ,1B,ACTIVO,3CFA06 ,2,F623,25P3,2025-11-01 00:00:00,1,2025-12-11 00:00:00,185,3897,,,,,,901,9NNL5,1108,-923,,,,Error De Lectura,S,,,,,,,,,,,,CAMP
2025-12-01 00:00:00,801890300441,20,DW,07,B,06,205,JAVIER CARVAJAL A             ,1B,ACTIVO,LAH109 ,1,F123,23NX,2025-12-01 00:00:00,1,2025-12-22 00:00:00,296,2283,,,,,,903,9NNL5,721,-425,,,,Error Cambio Medidor,S,2025-12-15 16:37:04,2051,R,GACPM,70C17J ,721,Nor,  ,,FR,S,CAMP
2025-12-01 00:00:00,779190103401,72,DW,01,M,24,721,GEO ESTRATOS SOLUCIONES SA DE ,67,BAJA,,3,,,2025-10-01 00:00:00,1,2025-12-16 00:00:00,420,10288,,,,,,904,9NNMM,2240,-1820,,,,Error De Estimacion,S,2025-10-16 11:27:06,7201,L,9JRBR,GGD037 ,0,Nor,60,MEDID NO TRABAJA,60,S,FACT
2025-12-01 00:00:00,773160204892,29,DW,01,D,03,298,AGUILAR HOO OSCAR ANDRES      ,1C,BAJA,,1,,,2025-01-01 00:00:00,1,2025-12-10 00:00:00,0,211,,,,,,902,9NNM0,162,-162,,,,Sin Consumo,D,,,,,,,,,,,,FACT
2025-12-01 00:00:00,773160204892,29,DW,01,D,03,298,AGUILAR HOO OSCAR ANDRES      ,1C,BAJA,,1,,,2025-03-01 00:00:00,1,2025-12-10 00:00:00,0,201,,,,,,902,9NNM0,155,-155,,,,Sin Consumo,D,,,,,,,,,,,,FACT
2025-12-01 00:00:00,773160204892,29,DW,01,D,03,298,AGUILAR HOO OSCAR ANDRES      ,1C,BAJA,,1,,,2025-05-01 00:00:00,1,2025-12-10 00:00:00,0,189,,,,,,902,9NNM0,163,-163,,,,Sin Consumo,D,,,,,,,,,,,,FACT
2025-12-01 00:00:00,773160204892,29,DW,01,D,03,298,AGUILAR HOO OSCAR ANDRES      ,1C,BAJA,,1,,,2025-07-01 00:00:00,1,2025-12-10 00:00:00,0,224,,,,,,902,9NNM0,192,-192,,,,Sin Consumo,D,,,,,,,,,,,,FACT
2025-12-01 00:00:00,773100405058,31,DW,01,D,03,318,BACAB ALVARADO ANA LUISA      ,1C,BAJA,,1,,,2025-01-01 00:00:00,1,2025-12-10 00:00:00,0,717,,,,,,902,9NNM0,397,-397,,,,Sin Consumo,D,,,,,,,,,,,,FACT
2025-12-01 00:00:00,773100405058,31,DW,01,D,03,318,BACAB ALVARADO ANA LUISA      ,1C,BAJA,,1,,,2025-03-01 00:00:00,1,2025-12-10 00:00:00,0,783,,,,,,902,9NNM0,410,-410,,,,Sin Consumo,D,,,,,,,,,,,,FACT
2025-12-01 00:00:00,773100405058,31,DW,01,D,03,318,BACAB ALVARADO ANA LUISA      ,1C,BAJA,,1,,,2025-05-01 00:00:00,1,2025-12-10 00:00:00,0,518,,,,,,902,9NNM0,427,-427,,,,Sin Consumo,D,,,,,,,,,,,,FACT
2025-12-01 00:00:00,773100405058,31,DW,01,D,03,318,BACAB ALVARADO ANA LUISA      ,1C,BAJA,,1,,,2025-07-01 00:00:00,1,2025-12-10 00:00:00,0,495,,,,,,902,9NNM0,407,-407,,,,Sin Consumo,D,,,,,,,,,,,,FACT
2025-12-01 00:00:00,773100405058,31,DW,01,D,03,318,BACAB ALVARADO ANA LUISA      ,1C,BAJA,,1,,,2025-09-01 00:00:00,1,2025-12-10 00:00:00,0,499,,,,,,902,9NNM0,407,-407,,,,Sin Consumo,D,,,,,,,,,,,,FACT
2025-12-01 00:00:00,773100405058,31,DW,01,D,03,318,BACAB ALVARADO ANA LUISA      ,1C,BAJA,,1,,,2025-11-01 00:00:00,1,2025-12-10 00:00:00,0,641,,,,,,902,9NNM0,375,-375,,,,Sin Consumo,D,,,,,,,,,,,,FACT
2025-12-01 00:00:00,773220700304,08,DW,01,D,01,088,RODRIGUEZ AYALA JESUS ADAN    ,02,BAJA,,2,,,2025-08-01 00:00:00,1,2025-12-10 00:00:00,0,8753,,,,,,902,9NNM0,1685,-1685,,,,Sin Consumo,D,2025-08-06 09:41:40,0851,N,9EMCB,YJ764L ,1685,Nor,44,NUM MEDID DESIGU,44,S,FACT
2025-12-01 00:00:00,773220700304,08,DW,01,D,01,088,RODRIGUEZ AYALA JESUS ADAN    ,02,BAJA,,2,,,2025-10-01 00:00:00,1,2025-12-10 00:00:00,0,7789,,,,,,902,9NNM0,1501,-1501,,,,Sin Consumo,D,,,,,,,,,,,,FACT
2025-12-01 00:00:00,773220700304,08,DW,01,D,01,088,RODRIGUEZ AYALA JESUS ADAN    ,02,BAJA,,2,,,2025-12-01 00:00:00,1,2025-12-10 00:00:00,0,6617,,,,,,902,9NNM0,1296,-1296,,,,Sin Consumo,D,2025-12-05 08:05:54,0851,R,9EMCB,YJ764L ,1296,Nor,44,NUM MEDID DESIGU,44,S,FACT
2025-12-01 00:00:00,780970800455,37,DW,12,A,01,372,GONZALEZ ALLENDE Y GASCON JUAN,1D,ACTIVO,4BCR75 ,2,F623,25P2,2025-09-01 00:00:00,1,2025-12-15 00:00:00,3385,17036,,,,,,904,9NNM1,4465,-1080,,,,Error De Estimacion,S,2025-09-25 11:30:19,3704,M,9ND6D,X858UJ ,0,Nor,60,MEDID NO TRABAJA,60,S,FACT
2025-12-01 00:00:00,807070800161,23,DW,08,D,60,231,MEDRANO PALOMO BENIGNO        ,1C,ACTIVO,PBE343 ,1,F123,24NX,2025-11-01 00:00:00,1,2025-12-15 00:00:00,169,3812,,,,,,901,G09DM,1169,-1000,,,,Error De Lectura,S,,,,,,,,,,,,CAMP
2025-12-01 00:00:00,785851200191,17,DW,03,A,08,002,ZAPATA MATOS MANUEL           ,1C,ACTIVO,9ANB11 ,1,F123,25NX,2025-09-01 00:00:00,1,2025-12-02 00:00:00,164,5532,,,,,,901,9NNLG,1805,-1641,,,,Error De Lectura,S,,,,,,,,,,,,CAMP
2025-12-01 00:00:00,785130501271,30,DW,03,A,09,301,NARVAEZ CHAN ROSENDO          ,1B,ACTIVO,0ANJ47 ,1,F123,25NX,2025-06-01 00:00:00,1,2025-12-01 00:00:00,711,11046,,,,,,901,9NNLG,2711,-2000,,,,Error De Lectura,S,,,,,,,,,,,,CAMP
2025-12-01 00:00:00,785230300078,20,DW,03,A,01,002,BRICENO FLOTA CESAR AUGUSTO   ,02,BAJA,,2,,,2025-12-01 00:00:00,1,2025-12-23 00:00:00,0,580,,,,,,901,9NNLG,93,-93,,,,Error De Lectura,S,2025-12-12 09:39:15,2001,L,9EMF8,UV957N ,93,Nor,  ,,LM,S,CAMP
2025-12-01 00:00:00,785230300078,20,DW,03,A,01,002,BRICENO FLOTA CESAR AUGUSTO   ,02,BAJA,,2,,,2025-10-01 00:00:00,1,2025-12-23 00:00:00,0,652,,,,,,901,9NNLG,105,-105,,,,Error De Lectura,S,,,,,,,,,,,,CAMP
2025-12-01 00:00:00,785141100081,16,DW,03,A,02,162,PORRAS SOLIS FERNANDO         ,1C,ACTIVO,PAT106 ,1,F123,24NX,2025-12-01 00:00:00,1,2025-12-17 00:00:00,0,112,,,,,,902,9NNLG,84,-84,,,,Sin Consumo,S,2025-12-10 09:00:52,1627,M,9MCET,835TU2 ,0,Nor,60,MEDID NO TRABAJA,60,S,FACT
2025-12-01 00:00:00,782240500491,32,DW,12,C,01,321,DE LEON NAVARRO ELDA ESTHER   ,1D,ACTIVO,8BCY46 ,2,F623,25P2,2025-08-01 00:00:00,1,2025-12-03 00:00:00,358,82085,,,,,,905,G86AB,18402,-18044,,,,Falla De Medidor,S,2025-08-21 10:15:11,3202,M,GACLM,JFD160 ,40633,Opt,  ,,,,MED
2025-12-01 00:00:00,789090201304,33,DW,04,B,23,332,FELIX HERNANDEZ JAVIER DE JESU,1F,ACTIVO,LAJ487 ,1,F123,23NX,2025-05-01 00:00:00,1,2025-12-04 00:00:00,1012,2344,,,,,,911,GEY98,1012,0,,,,Car/Cre No Procede,D,,,,,,,,,,,,FACT
2025-12-01 00:00:00,812230501381,28,DW,22,C,01,281,6 ZEN CONSTRUCTORA E INMOBILIA,02,BAJA,,1,,,2025-06-01 00:00:00,1,2025-12-17 00:00:00,0,1686,,,,,,904,GEYH8,309,-309,,,,Error De Estimacion,S,2025-06-19 08:02:17,3001,L,GAFRM,AWR894 ,0,Nor,60,MEDID NO TRABAJA,60,S,FACT
2025-12-01 00:00:00,812230501381,28,DW,22,C,01,281,6 ZEN CONSTRUCTORA E INMOBILIA,02,BAJA,,1,,,2025-08-01 00:00:00,1,2025-12-17 00:00:00,0,1698,,,,,,904,GEYH8,303,-303,,,,Error De Estimacion,S,2025-08-19 14:06:21,2801,L,GA23N,PBG090 ,0,Nor,59,DISPLAY APAGADO,59,S,FACT
2025-12-01 00:00:00,812140400488,07,DW,22,C,01,071,FUENTES MARTINEZ AIRALI       ,1B,ACTIVO,5BCV77 ,2,F623,25P2,2025-11-01 00:00:00,1,2025-12-18 00:00:00,158,9263,,,,,,904,GEYH8,2256,-2098,,,,Error De Estimacion,S,2025-11-04 10:33:25,0701,L,GAPHM,364G6E ,0,Nor,53,UI SERV DIRECTO,53,S,FACT
2025-12-01 00:00:00,803091000054,22,DW,07,D,09,091,RUIZ POOL ERICK JOEL          ,02,CORTADO,2DVJ26 ,2,F623,25NY,2025-08-01 00:00:00,1,2025-12-04 00:00:00,0,492,,,,,,903,G87AV,74,-74,,,,Error Cambio Medidor,S,,,,,,,,,,,,CAMP
2025-12-01 00:00:00,789140602381,03,DW,04,A,01,033,GONZALEZ AVILES LUIS FELIPE   ,02,ACTIVO,3BCU41 ,2,F623,25P2,2025-09-01 00:00:00,1,2025-12-23 00:00:00,521,4256,,,,,,901,9NNKH,1050,-529,,,,Error De Lectura,S,,,,,,,,,,,,CAMP
2025-12-01 00:00:00,789221200694,28,DW,04,A,01,284,CANUL EK VICTOR JOEL          ,1F,ACTIVO,9CEU21 ,2,F623,25P3,2025-12-01 00:00:00,1,2025-12-30 00:00:00,0,1246,,,,,,905,9NNL9,533,-533,,,,Falla De Medidor,S,2025-12-19 09:29:16,2852,R,R9658,YC553P ,533,Nor,  ,,LM,S,MED
2025-12-01 00:00:00,789221200694,28,DW,04,A,01,284,CANUL EK VICTOR JOEL          ,1F,ACTIVO,9CEU21 ,2,F623,25P3,2025-10-01 00:00:00,1,2025-12-30 00:00:00,0,384,,,,,,905,9NNL9,413,-413,,,,Falla De Medidor,S,,,,,,,,,,,,MED
2025-12-01 00:00:00,789221200694,28,DW,04,A,01,284,CANUL EK VICTOR JOEL          ,1F,ACTIVO,9CEU21 ,2,F623,25P3,2025-08-01 00:00:00,1,2025-12-30 00:00:00,0,262,,,,,,905,9NNL9,450,-450,,,,Falla De Medidor,S,,,,,,,,,,,,MED
2025-12-01 00:00:00,789221200694,28,DW,04,A,01,284,CANUL EK VICTOR JOEL          ,1F,ACTIVO,9CEU21 ,2,F623,25P3,2025-06-01 00:00:00,1,2025-12-30 00:00:00,0,498,,,,,,905,9NNL9,509,-509,,,,Falla De Medidor,S,,,,,,,,,,,,MED
2025-12-01 00:00:00,771110905234,28,DW,01,B,02,286,LOPEZ ZAVALA LENY MERCEDES    ,02,ACTIVO,CFT795 ,3,KL28,22NJ,2025-10-01 00:00:00,1,2025-12-10 00:00:00,0,3988,,,,,,903,9P12J,745,-745,,,,Error Cambio Medidor,S,2025-10-20 09:11:45,2851,R,9JRDF,13W24K ,0,Nor,56,NO HAY MEDIDOR,56,S,CAMP
2025-12-01 00:00:00,771010703049,30,DW,01,B,02,305,MIGUEL ROCHA BARRANON         ,1D,ACTIVO,7DVF26 ,2,F623,25NY,2025-10-01 00:00:00,1,2025-12-01 00:00:00,800,5514,,,,,,904,9P12J,1846,-1046,,,,Error De Estimacion,S,2025-10-20 12:41:19,3003,M,GAXVM,81N66L ,0,Nor,59,DISPLAY APAGADO,59,S,FACT
2025-12-01 00:00:00,801101002261,10,DW,07,B,06,104,EUAN MAGLAH GERTRUDIS         ,1B,ACTIVO,LAH117 ,1,F123,23NX,2025-12-01 00:00:00,1,2025-12-29 00:00:00,258,1846,,,,,,904,G87AP,629,-371,,,,Error De Estimacion,S,2025-12-05 09:02:22,1002,L,9ND1B,03W6C3 ,0,Nor,64,P. INFRARROJO/MED. D,64,S,FACT
2025-12-01 00:00:00,789040104553,29,DW,04,B,23,291,CAB MAY FANY                  ,1F,ACTIVO,PBL556 ,1,F123,24NX,2025-11-01 00:00:00,1,2025-12-17 00:00:00,282,1628,,,,,,905,9NNL9,614,-332,,,,Falla De Medidor,S,,,,,,,,,,,,MED
2025-12-01 00:00:00,779190103401,72,DW,01,M,24,721,GEO ESTRATOS SOLUCIONES SA DE ,67,BAJA,,3,,,2025-11-01 00:00:00,1,2025-12-16 00:00:00,0,9405,,,,,,904,9NNMM,2100,-2100,,,,Error De Estimacion,S,2025-11-18 16:49:06,7251,R,GAAEN,GGD037 ,0,Nor,60,MEDID NO TRABAJA,60,S,FACT
2025-12-01 00:00:00,780110604047,38,DW,12,A,01,381,CERVERA SOLIS TOMAS ANTONIO   ,1D,ACTIVO,XNF289 ,1,F123,24NX,2025-10-01 00:00:00,1,2025-12-12 00:00:00,0,1047,,,,,,904,G87AC,702,-702,,,,Error De Estimacion,S,2025-10-24 08:16:21,3803,M,9P180,9E140G ,0,Nor,60,MEDID NO TRABAJA,60,S,FACT
2025-12-01 00:00:00,806010300104,16,DW,08,C,28,161,GAMBOA BALAM ALMA ROSA        ,1C,ACTIVO,PBE291 ,1,F123,24NX,2025-12-01 00:00:00,1,2025-12-22 00:00:00,492,2804,,,,,,901,GE069,831,-339,,,,Error De Lectura,S,2025-12-10 06:24:35,1601,M,9ND5B,7RK926 ,831,Nor,  ,,FR,S,CAMP
2025-12-01 00:00:00,796180503462,20,DW,06,A,01,205,AGUILAR AGUILAR LUIS ANGEL    ,1D,ACTIVO,4AUP00 ,2,F623,25P2,2025-12-01 00:00:00,1,2025-12-19 00:00:00,74,1411,,,,,,904,GE019,591,-517,,,,Error De Estimacion,S,2025-12-12 13:42:34,2004,M,9P14T,J677PH ,0,Nor,59,DISPLAY APAGADO,59,S,FACT
2025-12-01 00:00:00,811810400267,25,DW,22,B,01,251,JUAN ARANDA ARCEO             ,1D,ACTIVO,P832HG ,2,F623,18NN,2025-11-01 00:00:00,1,2025-12-04 00:00:00,503,1499,16433,649,51,0,0,904,GE029,649,-146,NO ENCONTRE DOMI,,,Error De Estimacion,S,2025-11-13 14:34:54,2101,M,9NCT6,P832HG ,0,Nor,51,NO ENCONTRE DOMI,,,FACT
2025-12-01 00:00:00,806780300048,06,DW,08,C,37,062,CONTRERAS WILBERTH            ,1C,ACTIVO,F380T8 ,1,F121,95F5,2025-12-01 00:00:00,1,2025-12-22 00:00:00,436,5293,42981,1356,0,0,0,901,GE069,1356,-920,,,,Error De Lectura,S,2025-12-03 10:26:47,0627,L,9ND5B,F380T8 ,1356,Nor,  ,,FR,S,CAMP
2025-12-01 00:00:00,783991209985,29,DW,12,D,01,290,LEDESMA QUINTANAR MARIA MAGDA ,1D,ACTIVO,3X62L6 ,2,F421,04GH,2025-11-01 00:00:00,1,2025-12-05 00:00:00,804,5392,63791,1414,0,0,0,901,GE0M9,1414,-610,,,,Error De Lectura,S,,,,,,,,,,,,CAMP
2025-12-01 00:00:00,783101102038,12,DW,12,D,01,120,MONTEJO CORDOVA GUADALUPE     ,1D,ACTIVO,09E79N ,2,F62H,10KN,2025-12-01 00:00:00,1,2025-12-30 00:00:00,117,1885,61914,670,53,0,0,901,GE0M9,670,-553,UI SERV DIRECTO,,,Error De Lectura,S,2025-12-08 09:18:26,1201,M,GAE2M,09E79N ,0,Nor,53,UI SERV DIRECTO,53,S,CAMP
2025-12-01 00:00:00,801021200711,20,DW,07,B,06,205,HERNANDEZ GUTIERREZ SABINA    ,02,ACTIVO,LAH129 ,1,F123,23NX,2025-12-01 00:00:00,1,2025-12-29 00:00:00,779,7769,0,733,60,0,0,904,G87AP,1494,-715,MEDID NO TRABAJA,,,Error De Estimacion,S,2025-12-12 12:16:07,2002,L,9ND1B,LAH129 ,7,Opt,60,MEDID NO TRABAJA,60,S,FACT
2025-12-01 00:00:00,774940300440,06,DW,01,E,02,064,PENATE ARCOS ANTONIO          ,1D,ACTIVO,XND779 ,1,F123,24NX,2025-10-01 00:00:00,1,2025-12-04 00:00:00,402,5013,1337,1911,0,0,0,901,9P12J,1911,-1509,,,,Error De Lectura,S,,,,,,,,,,,,CAMP
2025-12-01 00:00:00,782870400096,39,DW,12,C,01,392,FIDEL BURGOS ANGULO           ,1D,ACTIVO,0R366N ,2,F621,06F3,2025-11-01 00:00:00,1,2025-12-04 00:00:00,286,4788,935,1286,0,0,0,901,G09D1,1286,-1000,,,,Error De Lectura,S,,,,,,,,,,,,CAMP
2025-12-01 00:00:00,780790300462,66,DW,12,A,01,662,BIENES RAICES RIVEMAR SA      ,67,ACTIVO,MY960F ,3,VL28,20KE,2025-11-01 00:00:00,1,2025-12-22 00:00:00,400,13260,2777,3360,51,0,0,904,G87AG,3360,-2960,NO ENCONTRE DOMI,,,Error De Estimacion,S,2025-11-07 11:08:04,6601,L,9BBM1,MY960F ,0,Nor,51,NO ENCONTRE DOMI,,,FACT
2025-12-01 00:00:00,776750601331,05,DW,01,H,42,052,FRANCISCO CHAN P              ,1B,ACTIVO,5E48D3 ,2,F421,03GH,2025-11-01 00:00:00,1,2025-12-01 00:00:00,1601,10675,9970,2563,0,0,0,901,GE099,2563,-962,,,,Error De Lectura,D,,,,,,,,,,,,CAMP
2025-12-01 00:00:00,773041202903,04,DW,01,H,36,047,ROMERO UICAB JESUS BALTAZAR   ,1C,ACTIVO,RCH306 ,2,F623,24NY,2025-12-01 00:00:00,1,2025-12-30 00:00:00,0,14378,7509,1536,0,0,0,906,GE099,3273,-3273,,,,Error De Sistema,D,2025-12-02 08:43:13,0427,M,9MCGE,RCH306 ,3273,Opt,  ,,,,FACT
2025-12-01 00:00:00,795020305501,12,DW,05,A,01,081,DOMINGUEZ SOLER JOSE JULIAN   ,02,ACTIVO,3V841W ,1,F121,06JL,2025-12-01 00:00:00,1,2025-12-11 00:00:00,208,6363,63518,1210,0,0,0,901,R9923,1210,-1002,,,,Error De Lectura,S,2025-12-08 11:49:31,1201,M,9ND9F,3V841W ,1210,Nor,  ,,FR,S,CAMP
2025-12-01 00:00:00,795830300816,14,DW,05,A,01,143,SANTOS MOGUEL ZAIRA MARIBETH  ,1F,ACTIVO,77UG11 ,1,F121,08JL,2025-12-01 00:00:00,1,2025-12-12 00:00:00,292,1524,31684,591,0,0,0,901,R9923,591,-299,,,,Error De Lectura,S,2025-12-09 08:23:10,1403,M,9ND9F,77UG11 ,591,Nor,  ,,,,CAMP
2025-12-01 00:00:00,801250602955,29,DW,07,B,50,250,BALAM NOH MARIA MIREYA        ,02,ACTIVO,N091DJ ,2,F622,18LM,2025-11-01 00:00:00,1,2025-12-15 00:00:00,1049,13839,2641,2641,0,0,0,901,G87AP,2641,-1592,,,,Error De Lectura,S,,,,,,,,,,,,CAMP
2025-12-01 00:00:00,801990103618,23,DW,07,B,23,023,CAN POOL LEOPOLDO             ,02,ACTIVO,XNE632 ,2,F123,24NX,2025-11-01 00:00:00,1,2025-12-02 00:00:00,688,10666,1326,688,0,0,0,903,G87AP,2014,-1326,,,,Error Cambio Medidor,S,,,,,,,,,,,,CAMP
2025-12-01 00:00:00,801090900164,20,DW,07,B,06,205,ALFREDO GOMEZ VALDEZ          ,1B,ACTIVO,92FK75 ,1,F121,07JL,2025-12-01 00:00:00,1,2025-12-29 00:00:00,423,5520,40647,1404,0,0,0,901,G87AP,1404,-981,,,,Error De Lectura,S,2025-12-12 11:39:55,2002,L,9ND1B,92FK75 ,1404,Nor,  ,,FR,S,CAMP
2025-12-01 00:00:00,801890700147,04,DW,07,B,06,403,MA ABELINA TAMAYO LIZAMA      ,1B,ACTIVO,H2Y876 ,2,F121,88F5,2025-12-01 00:00:00,1,2025-12-11 00:00:00,265,1532,48875,265,0,0,0,901,G87AP,563,-298,,,,Error De Lectura,S,2025-12-02 09:26:15,0403,L,9ND1B,H2Y877 ,563,Nor,  ,,,,CAMP
2025-12-01 00:00:00,799091201095,18,DW,06,D,01,181,BAAS YAM ADALBERTA            ,1B,ACTIVO,3W369N ,1,F121,06JL,2025-12-01 00:00:00,1,2025-12-19 00:00:00,821,8420,39439,1820,0,0,0,901,G87AR,1820,-999,,,,Error De Lectura,S,2025-12-12 12:13:06,1801,M,GAT5M,3W369N ,1820,Nor,  ,,FR,S,CAMP
2025-12-01 00:00:00,799121100175,37,DW,06,D,30,301,RAMOS TOMAS ISIDRO            ,1C,ACTIVO,XNC945 ,1,F123,24NX,2025-11-01 00:00:00,1,2025-12-15 00:00:00,185,4098,1107,1107,0,31,0,901,G87AR,1107,-922,,SERVICIO SIN USO,,Error De Lectura,S,,,,,,,,,,,,CAMP
2025-12-01 00:00:00,799960200819,27,DW,06,D,35,350,HERMENEGILDO BACAB            ,1B,BAJA SIN MED RET,9Y068F ,1,F121,06JL,2025-11-01 00:00:00,4,2025-12-18 00:00:00,89,62.170000000000002,16746,0,0,0,0,080,G87AR,0,89,,,,INACTIVO CANCELACION POR FINIQUITO,S,,,,,,,,,,,,CCC
2025-12-01 00:00:00,793121201151,06,DW,04,F,12,061,SUAREZ ALEJO JOSE             ,1F,ACTIVO,0MW902 ,2,F621,98F3,2025-12-01 00:00:00,1,2025-12-16 00:00:00,366,5065,54865,1332,0,0,0,901,GAV6M,1332,-966,,,,Error De Lectura,D,2025-12-03 08:07:07,0602,L,9ND76,0MW902 ,1332,Nor,  ,,,,CAMP
2025-12-01 00:00:00,796890500942,27,DW,06,A,10,101,POOT DIAZ ADOLFINA            ,1B,ACTIVO,68KR40 ,1,F121,07JL,2025-11-01 00:00:00,1,2025-12-02 00:00:00,1070,35590,35625,8470,0,0,0,901,GE019,8470,-7400,,,,Error De Lectura,S,,,,,,,,,,,,CAMP
2025-12-01 00:00:00,796981205862,21,DW,06,A,01,212,SANCHEZ NUNEZ JOSE D          ,1D,ACTIVO,75XR23 ,1,F121,08JL,2025-11-01 00:00:00,1,2025-12-01 00:00:00,1107,7729,50246,2214,0,0,0,901,GE019,2214,-1107,,,,Error De Lectura,S,,,,,,,,,,,,CAMP
2025-12-01 00:00:00,796860601001,31,DW,06,A,01,311,PECH RUIZ MIRNA ELISA         ,1D,ACTIVO,PKG888 ,1,F123,24NX,2025-11-01 00:00:00,1,2025-12-03 00:00:00,758,6368,2593,1716,0,0,0,901,GE019,1716,-958,,,,Error De Lectura,S,,,,,,,,,,,,CAMP
2025-12-01 00:00:00,796200100408,20,DW,06,A,01,205,GOMEZ ANCONA LEISLY NACIRA    ,1D,ACTIVO,4AUP65 ,2,F623,25P2,2025-12-01 00:00:00,1,2025-12-17 00:00:00,935,7546,187,187,0,0,0,903,GE019,1977,-1042,,,,Error Cambio Medidor,S,2025-12-12 08:58:13,2004,M,9P14T,4AUP65 ,187,Opt,  ,,,,CAMP
2025-12-01 00:00:00,796190502464,13,DW,06,A,01,132,MENDEZ MENA JAIME             ,1D,ACTIVO,1AAP22 ,2,F623,25NY,2025-11-01 00:00:00,1,2025-12-03 00:00:00,187,1511,3925,3925,0,0,0,903,GE019,690,-503,,,,Error Cambio Medidor,S,,,,,,,,,,,,CAMP
2025-12-01 00:00:00,796891002148,29,DW,06,A,01,293,ORTIZ ARGAEZ JOEL             ,1D,ACTIVO,4M1R82 ,1,F421,01GH,2025-11-01 00:00:00,1,2025-12-01 00:00:00,636,5640,80626,1551,0,0,0,901,GE019,1551,-915,,,,Error De Lectura,S,,,,,,,,,,,,CAMP
2025-12-01 00:00:00,796091004070,21,DW,06,A,01,212,PEREZ RODRIGUEZ HECTOR GABRIEL,1D,ACTIVO,109HRJ ,1,F122,15LN,2025-09-01 00:00:00,1,2025-12-16 00:00:00,469,9793,22577,3422,0,0,0,904,GE019,3422,-2953,,,,Error De Estimacion,S,,,,,,,,,,,,FACT
2025-12-01 00:00:00,791950300741,67,DW,04,D,60,670,COLLI CAHUICH DEMETRIO        ,09,BAJA SIN MED RET,99L38R ,1,F12H,10KU,2025-12-01 00:00:00,4,2025-12-15 00:00:00,0,266960.22999999998,6438,99864,0,0,0,080,G08D7,99864,-99864,,,,INACTIVO CANCELACION POR FINIQUITO,S,2025-12-11 12:15:38,6751,R,9MCHH,99L38R ,0,Nor,31,SERVICIO SIN USO,,,CCC
2025-12-01 00:00:00,788770100093,37,DW,03,D,26,003,REFUGIO TAPIA                 ,02,ACTIVO,GEC272 ,3,FD2H,23NX,2025-11-01 00:00:00,1,2025-12-10 00:00:00,1553,14841,0,1257,64,0,0,904,G08DF,2810,-1257,P. INFRARROJO/MED. D,,,Error De Estimacion,D,2025-11-26 10:31:47,3701,L,GA8NN,965WMV ,0,Nor,64,P. INFRARROJO/MED. D,64,S,FACT
2025-12-01 00:00:00,783080702935,19,DW,12,D,01,192,ROJAS CERVANTES VERONICA DE J ,1D,ACTIVO,01C2A4 ,2,F621,08KG,2025-11-01 00:00:00,1,2025-12-02 00:00:00,1156,6206,87825,1783,0,0,0,901,G86AC,1783,-627,,,,Error De Lectura,S,,,,,,,,,,,,CAMP
2025-12-01 00:00:00,783060402676,27,DW,12,D,01,272,M CARMEN IVARRA SAUCEDO       ,1D,ACTIVO,1P901K ,1,F121,06JL,2025-11-01 00:00:00,1,2025-12-12 00:00:00,25,1618,10854,615,0,0,0,901,G86AC,615,-590,,,,Error De Lectura,S,,,,,,,,,,,,CAMP
2025-12-01 00:00:00,782951200300,21,DW,12,C,01,211,EDUARDO J MEZQUITA S          ,1D,ACTIVO,5N6H36 ,2,F621,01F3,2025-11-01 00:00:00,1,2025-12-01 00:00:00,1001,7279,2986,2001,0,0,0,901,G86AC,2001,-1000,,,,Error De Lectura,S,,,,,,,,,,,,CAMP
2025-12-01 00:00:00,783210402891,33,DW,12,D,03,335,VERA TORRES ZOILA MARGARITA   ,1D,ACTIVO,KK029H ,1,F123,20NT,2025-11-01 00:00:00,1,2025-12-29 00:00:00,0,1317,7619,551,0,0,0,902,G86AC,551,-551,,,,Sin Consumo,S,2025-11-24 13:18:37,3327,M,GATJM,KK029H ,0,Nor,59,DISPLAY APAGADO,59,S,FACT
2025-12-01 00:00:00,789981204266,18,DW,04,B,23,185,MEDINA VAZQUEZ CLARA VICTORIA ,1F,ACTIVO,4BCC61 ,2,F623,25P2,2025-12-01 00:00:00,1,2025-12-22 00:00:00,334,3406,221,221,0,0,0,903,9NNL9,886,-552,,,,Error Cambio Medidor,S,2025-12-11 08:39:20,1803,L,R9476,4BCC61 ,221,Opt,  ,,,,CAMP
2025-12-01 00:00:00,783141105871,21,DW,12,D,01,213,GARCIA CRUZ PRUDENCIO         ,1D,ACTIVO,21MY36 ,2,F421,07GH,2025-11-01 00:00:00,1,2025-12-03 00:00:00,1069,7468,28150,2043,0,0,0,901,9NNKU,2043,-974,,,,Error De Lectura,S,,,,,,,,,,,,CAMP
2025-12-01 00:00:00,783141105871,21,DW,12,D,01,213,GARCIA CRUZ PRUDENCIO         ,1D,ACTIVO,21MY36 ,2,F421,07GH,2025-09-01 00:00:00,1,2025-12-03 00:00:00,984,59,26107,10,0,31,0,901,9NNKU,10,974,,SERVICIO SIN USO,,Error De Lectura,S,,,,,,,,,,,,CAMP
2025-12-01 00:00:00,812230400851,15,DW,22,C,09,152,PECH CHI JUAN MARCOS          ,1B,ACTIVO,DPT249 ,2,F623,22NU,2025-11-01 00:00:00,1,2025-12-05 00:00:00,100,9670,3450,2329,52,0,0,904,GEYH8,2329,-2229,COMUNICACION INTERRU,,,Error De Estimacion,S,2025-11-10 15:22:21,1526,L,9NCT2,DPT249 ,0,Nor,52,COMUNICACION INTERRU,52,S,FACT
2025-12-01 00:00:00,812160501361,12,DW,22,C,01,122,MORAYTA LINARES AGILEO        ,02,ACTIVO,411B8N ,2,F622,13LM,2025-12-01 00:00:00,1,2025-12-18 00:00:00,82,7266,25927,1457,59,0,0,904,GEYH8,1457,-1375,DISPLAY APAGADO,,,Error De Estimacion,S,2025-12-08 07:57:28,1201,L,GAPHM,411B8N ,0,Nor,59,DISPLAY APAGADO,59,S,FACT
2025-12-01 00:00:00,812061001454,33,DW,22,C,07,331,CAB MAY MIGUEL ANGEL          ,1B,ACTIVO,8V018N ,1,F121,06JL,2025-11-01 00:00:00,1,2025-12-03 00:00:00,360,5074,50691,1360,0,0,0,901,GEYH8,1360,-1000,,,,Error De Lectura,S,,,,,,,,,,,,CAMP
2025-12-01 00:00:00,812220603444,27,DW,22,C,11,274,TELLO MENDIOLA ESVI JOSUE     ,1B,ACTIVO,YH145U ,2,F623,21NU,2025-11-01 00:00:00,1,2025-12-05 00:00:00,526,2687,13142,833,56,0,0,904,GEYH8,833,-307,NO HAY MEDIDOR,,,Error De Estimacion,S,2025-11-19 12:31:28,2728,M,GAPKM,YH145U ,0,Nor,56,NO HAY MEDIDOR,56,S,FACT
2025-12-01 00:00:00,803010900285,35,DW,07,D,22,221,PECH MUKUL FERNANDO           ,1C,ACTIVO,2AAP90 ,2,F623,25NY,2025-11-01 00:00:00,1,2025-12-04 00:00:00,650,5215,1298,1298,0,0,0,903,G87AV,1298,-648,,,,Error Cambio Medidor,S,,,,,,,,,,,,CAMP
2025-12-01 00:00:00,772061001967,08,DW,01,C,01,086,RAMIREZ QUIJANO JUAN ALBERTO  ,1D,ACTIVO,29AV04 ,1,F121,06JL,2025-12-01 00:00:00,1,2025-12-19 00:00:00,63,222,9473,163,0,0,0,901,GEYE8,163,-100,,,,Error De Lectura,S,2025-12-04 13:18:09,0803,M,GAKKM,29AV04 ,163,Nor,  ,,,,CAMP
2025-12-01 00:00:00,812040800047,13,DW,22,C,04,132,HILDA ROSARIO UICAB PEREZ     ,1B,ACTIVO,8Y06M2 ,1,F121,04GG,2025-11-01 00:00:00,1,2025-12-04 00:00:00,66,3727,18998,1074,0,0,0,901,GEYH8,1074,-1008,,,,Error De Lectura,S,,,,,,,,,,,,CAMP
2025-12-01 00:00:00,812201205691,64,DW,22,C,01,641,MINISTERIO DE EXPERIENCIAS SAP,67,ACTIVO,GA336D ,3,VL28,19KE,2025-09-01 00:00:00,1,2025-12-12 00:00:00,0,50726,6310,13440,59,0,0,904,GEYH8,13440,-13440,DISPLAY APAGADO,,,Error De Estimacion,S,2025-09-04 15:20:17,6402,L,GA23N,GA336D ,0,Nor,59,DISPLAY APAGADO,59,S,FACT
2025-12-01 00:00:00,812201205691,64,DW,22,C,01,641,MINISTERIO DE EXPERIENCIAS SAP,67,ACTIVO,GA336D ,3,VL28,19KE,2025-11-01 00:00:00,1,2025-12-12 00:00:00,0,29033,6406,7680,59,0,0,904,GEYH8,7680,-7680,DISPLAY APAGADO,,,Error De Estimacion,S,2025-11-05 08:26:24,6401,L,9NCT2,GA336D ,0,Nor,59,DISPLAY APAGADO,59,S,FACT
2025-12-01 00:00:00,789090201304,33,DW,04,B,23,332,FELIX HERNANDEZ JAVIER DE JESU,1F,ACTIVO,LAJ487 ,1,F123,23NX,2025-07-01 00:00:00,1,2025-12-04 00:00:00,458,1526,313,313,0,40,0,911,GEY98,458,0,,SIN SELLO,,Car/Cre No Procede,D,,,,,,,,,,,,FACT
2025-12-01 00:00:00,789090201304,33,DW,04,B,23,332,FELIX HERNANDEZ JAVIER DE JESU,1F,ACTIVO,LAJ487 ,1,F123,23NX,2025-09-01 00:00:00,1,2025-12-04 00:00:00,0,1289,313,0,0,31,0,911,GEY98,0,0,,SERVICIO SIN USO,,Car/Cre No Procede,D,2025-09-23 09:42:21,3301,L,R9476,LAJ487 ,0,Opt,31,SERVICIO SIN USO,,,FACT
2025-12-01 00:00:00,789971000727,14,DW,04,B,23,141,FLORES SOBERANIS MARIO L      ,1F,ACTIVO,6V52H8 ,2,F421,04GH,2025-12-01 00:00:00,1,2025-12-29 00:00:00,124,4094,20925,1129,0,0,0,901,GEY98,1129,-1005,,,,Error De Lectura,D,2025-12-09 10:12:19,1427,M,9BBCL,6V52H8 ,1129,Nor,  ,,,,CAMP
2025-12-01 00:00:00,782100401868,04,DW,12,C,01,043,RUBIO RODRIGUEZ MIGUEL ANGEL  ,1D,ACTIVO,02C3P5 ,2,F621,08KG,2025-12-01 00:00:00,1,2025-12-15 00:00:00,628,5645,51991,1274,0,0,0,901,G86AB,1274,-646,,,,Error De Lectura,S,2025-12-02 10:58:46,0403,M,9NCWW,02C3P5 ,1274,Nor,  ,,,,CAMP
2025-12-01 00:00:00,781840300848,02,DW,12,B,01,022,LUCIANA ARCEO DE RUBIRU       ,1D,ACTIVO,6P8W81 ,1,F121,01GG,2025-10-01 00:00:00,1,2025-12-04 00:00:00,1886,4944,95955,1886,0,0,0,901,G86AB,1886,0,,,,Error De Lectura,S,,,,,,,,,,,,CAMP
2025-12-01 00:00:00,795081203345,31,DW,05,A,01,295,CHAN GUILLEN DOMINGA ARELI    ,1F,ACTIVO,4DAT99 ,1,F123,25NX,2025-11-01 00:00:00,1,2025-12-04 00:00:00,894,15374,110,110,0,0,0,903,G86AE,3501,-2607,,,,Error Cambio Medidor,S,,,,,,,,,,,,CAMP
2025-12-01 00:00:00,786180100991,63,DW,03,B,23,631,CURAL MENA TERESITA DE JESUS  ,67,ACTIVO,GEC270 ,3,KL28,22NJ,2025-11-01 00:00:00,1,2025-12-04 00:00:00,830,8868,1357,1357,0,0,0,903,9NNLG,2246,-1416,,,,Error Cambio Medidor,S,,,,,,,,,,,,CAMP
2025-12-01 00:00:00,785240400291,21,DW,03,A,10,212,CASTRO GONZALEZ CARLA CLARIBEL,02,BAJA SIN MED RET,JBL202 ,2,F623,23NU,2025-11-01 00:00:00,1,2025-12-23 00:00:00,0,1251,1558,219,59,0,0,901,9NNLG,219,-219,DISPLAY APAGADO,,,Error De Lectura,S,2025-11-13 11:50:00,2127,M,GAPQM,JBL202 ,0,Nor,59,DISPLAY APAGADO,59,S,CAMP
2025-12-01 00:00:00,785800100213,15,DW,03,A,02,151,MEX SOLIS CARLOS ALBERTO      ,1C,ACTIVO,W8789G ,1,W111,78C0,2025-11-01 00:00:00,1,2025-12-01 00:00:00,1,1012,737,501,0,0,0,901,9NNLG,501,-500,,,,Error De Lectura,S,,,,,,,,,,,,CAMP
2025-12-01 00:00:00,779131102809,08,DW,01,M,01,082,COVARRUBIA CANCHE NELSY GUADAL,1B,ACTIVO,RMF636 ,2,F623,24NY,2025-10-01 00:00:00,1,2025-12-03 00:00:00,0,4466,2701,1278,0,0,0,903,9NNMM,1278,-1278,,,,Error Cambio Medidor,S,,,,,,,,,,,,CAMP
2025-12-01 00:00:00,786230800034,27,DW,03,B,22,270,MONTALVO AVILA LIZANDRO IRAN  ,1B,ACTIVO,UV170M ,2,F623,21NY,2025-11-01 00:00:00,1,2025-12-03 00:00:00,430,2983,2891,871,0,0,0,901,G08DA,871,-441,,,,Error De Lectura,S,,,,,,,,,,,,CAMP
2025-12-01 00:00:00,786030301858,13,DW,03,B,14,130,MIS MANZANILLA MARIO          ,1D,ACTIVO,7C85N2 ,1,F121,03GG,2025-11-01 00:00:00,1,2025-12-16 00:00:00,547,2488,46210,968,0,0,0,901,G08DA,968,-421,,,,Error De Lectura,S,,,,,,,,,,,,CAMP
2025-12-01 00:00:00,786230800930,37,DW,03,B,14,370,RUIZ AVILA ALFONSO            ,1D,ACTIVO,UV165M ,2,F623,21NY,2025-11-01 00:00:00,1,2025-12-05 00:00:00,438,3909,6858,1100,0,0,0,901,G08DA,1100,-662,,,,Error De Lectura,S,,,,,,,,,,,,CAMP
2025-12-01 00:00:00,786080402001,24,DW,03,B,23,241,MAGANA CHULIM GENNER ENMANUEL ,1C,ACTIVO,65TJ79 ,1,F121,08JL,2025-12-01 00:00:00,1,2025-12-24 00:00:00,214,3557,21150,990,0,0,0,901,G08DA,990,-776,,,,Error De Lectura,S,2025-12-16 15:00:59,2429,L,R9855,65TJ79 ,990,Nor,  ,,FR,S,CAMP
2025-12-01 00:00:00,786861200438,38,DW,03,B,22,382,COHUO CHAN DANIEL             ,1B,ACTIVO,YD6472 ,1,F121,86EG,2025-10-01 00:00:00,1,2025-12-16 00:00:00,554,5040,9943,1354,0,0,0,901,G08DA,1354,-800,,,,Error De Lectura,S,,,,,,,,,,,,CAMP
2025-12-01 00:00:00,794170900975,23,DW,04,G,10,001,PEREZ RIVERO EMILIANA         ,1F,BAJA SIN MED RET,946TW5 ,1,F622,12LH,2025-02-01 00:00:00,4,2025-12-18 00:00:00,0,19.73,3912,95156,0,0,0,080,G09D3,0,0,,,,INACTIVO CANCELACION POR FINIQUITO,D,,,,,,,,,,,,CCC
2025-12-01 00:00:00,805141200231,64,DW,08,B,63,642,SUPER WILLYS SA DE CV         ,67,ACTIVO,668L2D ,3,KL28,13KE,2025-11-01 00:00:00,1,2025-12-08 00:00:00,3842,31752,96629,3842,0,0,0,901,G09DG,3842,0,,,,Error De Lectura,S,,,,,,,,,,,,CAMP
2025-12-01 00:00:00,785910700321,26,DW,03,A,01,261,PEDRO SANTAMARIA              ,1B,ACTIVO,K4575T ,1,F121,75AM,2025-12-01 00:00:00,1,2025-12-23 00:00:00,420,5634,35785,1428,0,0,0,901,9NNLG,1428,-1008,,,,Error De Lectura,S,2025-12-17 10:36:37,2601,M,9MCET,K4575T ,1428,Nor,  ,,FR,S,CAMP
2025-12-01 00:00:00,785940800461,21,DW,03,A,10,212,RENE A CASTILLO               ,1B,ACTIVO,N56E97 ,1,F121,93F5,2025-11-01 00:00:00,1,2025-12-01 00:00:00,458,3978,68888,1118,0,0,0,901,9NNLG,1118,-660,,,,Error De Lectura,S,,,,,,,,,,,,CAMP
2025-12-01 00:00:00,785070300971,33,DW,03,A,06,330,PERALTA JIMENEZ JORGESEBASTIAN,1C,ACTIVO,4W900N ,1,F121,06JL,2025-11-01 00:00:00,1,2025-12-08 00:00:00,124,876,22841,425,0,0,0,901,9NNLG,425,-301,,,,Error De Lectura,S,2025-11-24 10:10:04,3326,M,9EMF8,4W900N ,10425,Nor,  ,,FR,S,CAMP
2025-12-01 00:00:00,787100300931,33,DW,03,C,79,002,NAH BASULTO JOSE IGNACIO      ,1C,ACTIVO,2BCV84 ,2,F623,25P2,2025-11-01 00:00:00,1,2025-12-08 00:00:00,479,8185,1862,1862,0,0,0,901,9NNLG,1862,-1383,,,,Error De Lectura,S,,,,,,,,,,,,CAMP
2025-12-01 00:00:00,785250901116,63,DW,03,A,09,630,ALONZO ALOZNO JORGE ANTONIO   ,67,ACTIVO,CKF606 ,3,VL28,22NJ,2025-12-01 00:00:00,1,2025-12-23 00:00:00,3760,26464,47,7520,0,0,0,906,9NNLG,7520,-3760,,,,Error De Sistema,S,2025-12-04 11:36:23,6301,L,9EMF8,CKF606 ,47,Opt,  ,,,,FACT
2025-12-01 00:00:00,773041002912,08,DW,01,D,01,086,DIAZ GONZALEZ LAURA VICTORIA  ,1D,ACTIVO,79W61G ,1,F62H,11KN,2025-12-01 00:00:00,1,2025-12-23 00:00:00,0,741,574,347,0,44,0,906,G09DW,347,-347,,NUM MEDID DESIGU,,Error De Sistema,S,2025-12-04 11:40:00,0804,L,9BBR3,79W61G ,347,Nor,44,NUM MEDID DESIGU,44,S,FACT
2025-12-01 00:00:00,786920100353,33,DW,03,B,16,330,INTERIAN MENDEZ ARIEL ARTEMI  ,02,ACTIVO,RKC054 ,3,KL28,24NJ,2025-11-01 00:00:00,1,2025-12-17 00:00:00,213,6281,188,188,0,0,0,903,G08DA,1178,-965,,,,Error Cambio Medidor,S,,,,,,,,,,,,CAMP
2025-12-01 00:00:00,801980501437,08,DW,07,B,06,803,CANCHE DZUL MIRNA ARACELLY    ,1B,ACTIVO,AWM182 ,1,F123,22NX,2025-12-01 00:00:00,1,2025-12-22 00:00:00,649,2757,9314,821,0,0,0,901,9NNL5,821,-172,,,,Error De Lectura,S,2025-12-04 14:01:00,0801,L,9JR0P,AWM182 ,821,Nor,  ,,LM,S,CAMP
2025-12-01 00:00:00,801150400115,29,DW,07,B,87,187,PETUL CANUL SELINA            ,1B,ACTIVO,PCE740 ,1,F123,24NX,2025-11-01 00:00:00,1,2025-12-22 00:00:00,327,3361,1455,951,0,0,0,901,9NNL5,951,-624,,,,Error De Lectura,S,2025-11-20 15:28:57,2926,L,GAVNM,PCE740 ,1411,Opt,  ,,,,CAMP
2025-12-01 00:00:00,785060600772,33,DW,03,A,06,330,ORTIZ CHAN VICTORIA           ,1C,ACTIVO,91JY75 ,1,F121,07JL,2025-11-01 00:00:00,1,2025-12-11 00:00:00,410,2090,29153,682,0,0,0,901,9NNLG,682,-272,,,,Error De Lectura,S,,,,,,,,,,,,CAMP
2025-12-01 00:00:00,785851200191,17,DW,03,A,08,002,ZAPATA MATOS MANUEL           ,1C,ACTIVO,9ANB11 ,1,F123,25NX,2025-11-01 00:00:00,1,2025-12-02 00:00:00,164,66,31,31,0,0,0,901,9NNLG,31,133,,,,Error De Lectura,S,,,,,,,,,,,,CAMP
2025-12-01 00:00:00,800990100124,33,DW,07,A,32,321,IMSS 689 TIXCANCAL            ,02,ACTIVO,1AUU10 ,2,F623,25P2,2025-11-01 00:00:00,1,2025-12-08 00:00:00,6388,24358,5,5,0,31,0,911,G87AN,6388,0,,SERVICIO SIN USO,,Car/Cre No Procede,S,,,,,,,,,,,,FACT
2025-12-01 00:00:00,801240301094,23,DW,07,B,74,174,CHAN KUMUL RUFINO             ,1B,ACTIVO,XNH578 ,1,F123,24NX,2025-11-01 00:00:00,1,2025-12-16 00:00:00,932,17679,1022,1022,0,0,0,903,G87AN,4029,-3097,,,,Error Cambio Medidor,S,,,,,,,,,,,,CAMP
2025-12-01 00:00:00,803091000054,22,DW,07,D,09,091,RUIZ POOL ERICK JOEL          ,02,CORTADO,2DVJ26 ,2,F623,25NY,2025-12-01 00:00:00,1,2025-12-30 00:00:00,11,1154,208,205,0,0,0,901,G87AV,205,-194,,,,Error De Lectura,S,2025-12-15 20:26:41,2226,M,GA2CN,2DVJ26 ,205,Nor,  ,,FR,S,CAMP
2025-12-01 00:00:00,801150500888,17,DW,07,B,06,417,LORA NOH MERCED REGINA        ,1B,ACTIVO,0AUU63 ,2,F623,25P2,2025-11-01 00:00:00,1,2025-12-02 00:00:00,1216,20692,3449,3449,0,0,0,903,9N4C4,4654,-3438,,,,Error Cambio Medidor,S,,,,,,,,,,,,CAMP
2025-12-01 00:00:00,808750307989,39,DW,08,E,65,392,LORENZO PAT                   ,1B,ACTIVO,0G3R76 ,1,F121,01GG,2025-11-01 00:00:00,1,2025-12-09 00:00:00,317,1548,34185,567,0,0,0,901,9ND17,567,-250,,,,Error De Lectura,D,2025-11-27 06:15:03,3901,M,GAFUM,0G3R76 ,10567,Nor,  ,,FR,S,CAMP
2025-12-01 00:00:00,801861000675,33,DW,07,B,77,177,MAY CEN BONIFACIO             ,1B,ACTIVO,83LJ83 ,1,F121,07JL,2025-11-01 00:00:00,1,2025-12-15 00:00:00,247,759,16649,400,0,0,0,901,9NNL5,400,-153,,,,Error De Lectura,S,,,,,,,,,,,,CAMP
2025-12-01 00:00:00,801861000039,20,DW,07,B,06,205,BE DZUL JOSE PEPE             ,1B,ACTIVO,XB7813 ,1,F121,86EG,2025-12-01 00:00:00,1,2025-12-29 00:00:00,374,4951,7613,1284,0,0,0,901,9NNL5,1284,-910,,,,Error De Lectura,S,2025-12-12 13:58:33,2002,L,9ND1B,XB7813 ,1284,Nor,  ,,FR,S,CAMP
2025-12-01 00:00:00,801040100728,22,DW,07,B,06,221,LORIA SANTOYO MANUEL          ,1B,ACTIVO,T710UW ,2,F622,18LM,2025-12-01 00:00:00,1,2025-12-29 00:00:00,890,17753,24295,3985,0,0,0,901,9NNL5,3985,-3095,,,,Error De Lectura,S,2025-12-15 10:27:22,2202,M,9NCU1,T710UW ,83985,Nor,  ,,FR,S,CAMP
2025-12-01 00:00:00,771020103481,32,DW,01,B,02,322,ALVARO ESQUIVEL Y ESQUIVEL    ,1D,CORTADO,RDP028 ,2,F623,24NY,2025-10-01 00:00:00,2,2025-12-19 00:00:00,135,62,0,0,0,0,0,904,G09DW,0,135,,,,Error De Estimacion,S,2025-10-22 08:40:57,3251,R,9EMKC,34V83W ,0,Nor,50,CASA CERRADA,50,S,FACT
2025-12-01 00:00:00,773840500500,29,DW,01,D,03,291,MAY MAY JOSE MANUEL           ,1C,ACTIVO,LF4604 ,1,F121,83EG,2025-11-01 00:00:00,1,2025-12-19 00:00:00,228,4626,5646,1219,0,0,0,901,G09DW,1219,-991,,,,Error De Lectura,S,,,,,,,,,,,,CAMP
2025-12-01 00:00:00,773081005001,64,DW,01,D,01,643,AMISTAD CRISTIANA A C         ,67,ACTIVO,GGF379 ,3,VL28,23NX,2025-11-01 00:00:00,1,2025-12-23 00:00:00,0,14457,111,1920,60,0,0,901,G09DW,3840,-3840,MEDID NO TRABAJA,,,Error De Lectura,S,2025-11-05 14:27:09,6403,L,9NCYM,GGF379 ,0,Nor,60,MEDID NO TRABAJA,60,S,CAMP
2025-12-01 00:00:00,779190202973,23,DW,01,M,02,235,ESCALANTE CANTON RAUL OSWALDO ,1D,ACTIVO,RMD205 ,2,F623,24NY,2025-11-01 00:00:00,1,2025-12-24 00:00:00,1130,12224,7928,1887,0,0,0,901,G09DW,3122,-1992,,,,Error De Lectura,S,,,,,,,,,,,,CAMP
2025-12-01 00:00:00,773140804982,21,DW,01,D,03,216,LAZO ESCOBEDO JULIO CESAR     ,1C,ACTIVO,3AAF51 ,2,F623,25NY,2025-09-01 00:00:00,1,2025-12-19 00:00:00,1103,4149,2047,1103,0,0,0,906,G09DW,1510,-407,,,,Error De Sistema,S,,,,,,,,,,,,FACT
2025-12-01 00:00:00,801990300375,29,DW,07,B,50,150,IMSS 689 YALCOBA              ,02,ACTIVO,7BCK52 ,2,F623,25P2,2025-11-01 00:00:00,1,2025-12-08 00:00:00,847,7578,847,847,0,0,0,911,G87AN,847,0,,,,Car/Cre No Procede,S,,,,,,,,,,,,FACT
2025-12-01 00:00:00,781820400030,08,DW,12,B,01,081,MOISES BASULTO VIDAL          ,1D,ACTIVO,DD3622 ,1,F121,81EG,2025-12-01 00:00:00,1,2025-12-15 00:00:00,691,6724,2915,1691,0,0,0,901,9BBMB,1691,-1000,,,,Error De Lectura,S,2025-12-04 13:42:19,0802,M,GAX2M,DD3622 ,1691,Nor,  ,,FR,S,CAMP
2025-12-01 00:00:00,780051102865,26,DW,12,B,01,263,ALCUDIA MAGANA ASUNCION       ,1D,ACTIVO,7L159N ,1,F121,05JL,2025-12-01 00:00:00,1,2025-12-29 00:00:00,833,7398,62942,1833,0,0,0,901,9BBMB,1833,-1000,,,,Error De Lectura,S,2025-12-17 07:53:42,2602,M,9ND1X,7L159N ,1833,Nor,  ,,FR,S,CAMP
2025-12-01 00:00:00,789020404925,06,DW,04,B,23,062,NUNEZ HERRERA ARACELI         ,1F,ACTIVO,198B8X ,2,F622,13LM,2025-12-01 00:00:00,1,2025-12-15 00:00:00,95,1251,36867,534,0,0,0,901,9JPYA,534,-439,,,,Error De Lectura,S,2025-12-03 10:43:45,0626,M,9MCHU,198B8X ,534,Nor,  ,,LM,S,CAMP
2025-12-01 00:00:00,810060900207,10,DW,22,A,02,103,RIOS ZARATE ROSARIO C         ,1B,ACTIVO,8T739D ,2,F621,06F3,2025-12-01 00:00:00,1,2025-12-22 00:00:00,462,5698,13976,1467,0,0,0,901,9N4C2,1467,-1005,,,,Error De Lectura,S,2025-12-05 09:39:02,1001,L,9JPYF,8T739D ,1467,Nor,  ,,FR,S,CAMP
2025-12-01 00:00:00,810250810026,31,DW,22,A,01,312,MARES MENDOZA JONATHAN ENRIQUE,1B,ACTIVO,9DVP09 ,2,F623,25NY,2025-11-01 00:00:00,1,2025-12-05 00:00:00,1314,11159,1338,1338,0,0,0,903,9N4C2,2652,-1338,,,,Error Cambio Medidor,S,,,,,,,,,,,,CAMP
2025-12-01 00:00:00,775990103731,35,DW,01,G,04,353,PACHECO FLORES YOLANDA HERCULA,1B,ACTIVO,5AYA06 ,2,F623,25P2,2025-11-01 00:00:00,1,2025-12-19 00:00:00,812,4386,2200,2200,0,0,0,903,9N4CE,1168,-356,,,,Error Cambio Medidor,S,,,,,,,,,,,,CAMP
2025-12-01 00:00:00,775050301241,27,DW,01,G,01,271,ROSADO NOH JOSE DOLORES       ,1B,ACTIVO,1D381P ,1,F121,05JL,2025-11-01 00:00:00,1,2025-12-12 00:00:00,451,5722,19224,1451,0,0,0,901,9N4CE,1451,-1000,,,,Error De Lectura,S,,,,,,,,,,,,CAMP
2025-12-01 00:00:00,775160501059,19,DW,01,G,01,192,SOSA DOMINGUEZ JESUS MANUEL   ,1B,ACTIVO,REG179 ,2,F623,24NY,2025-11-01 00:00:00,1,2025-12-16 00:00:00,1387,13294,2889,2889,0,0,0,903,9N4CE,3107,-1720,,,,Error Cambio Medidor,S,,,,,,,,,,,,CAMP
2025-12-01 00:00:00,775201201235,11,DW,01,G,01,111,ALFEREZ NARVAEZ EDILTA YURIRIA,1B,ACTIVO,LG644A ,1,F123,20NT,2025-11-01 00:00:00,1,2025-12-30 00:00:00,0,1965,17145,702,59,0,0,904,9N4CE,702,-702,DISPLAY APAGADO,,,Error De Estimacion,S,2025-11-06 11:25:17,1102,M,R9962,LG644A ,0,Nor,59,DISPLAY APAGADO,59,S,FACT
2025-12-01 00:00:00,811990501783,18,DW,22,B,01,018,LETICIA LIZAMA                ,1D,ACTIVO,1MM127 ,1,F121,98GG,2025-12-01 00:00:00,1,2025-12-30 00:00:00,555,6080,66727,1555,0,0,0,901,G08D2,1555,-1000,,,,Error De Lectura,S,2025-12-11 10:07:41,1801,M,GA22N,1MM127 ,1555,Nor,  ,,FR,S,CAMP
2025-12-01 00:00:00,796950200781,24,DW,06,A,01,242,CHULIM DZUL MARIA HONORIA     ,1D,ACTIVO,PKM798 ,1,F123,24NX,2025-12-01 00:00:00,1,2025-12-29 00:00:00,177,4009,0,0,0,0,0,903,9N2AJ,1178,-1001,,,,Error Cambio Medidor,S,2025-12-16 09:10:56,2402,M,9ND4X,X50Y88 ,175,Nor,  ,,,,CAMP
2025-12-01 00:00:00,796170203851,33,DW,06,A,01,333,CANTO COCOM JOSE ROGELIO      ,1D,ACTIVO,2BCM68 ,2,F623,25P2,2025-11-01 00:00:00,1,2025-12-01 00:00:00,118,1874,118,118,0,0,0,901,9N2AJ,565,-447,,,,Error De Lectura,S,,,,,,,,,,,,CAMP
2025-12-01 00:00:00,772120501006,16,DW,01,C,01,165,SOSA SANTOS FANNY             ,02,ACTIVO,8H339L ,1,F121,05JL,2025-08-01 00:00:00,1,2025-12-30 00:00:00,868,11506,20913,1283,0,0,0,901,9N2AK,1283,-415,,,,Error De Lectura,S,,,,,,,,,,,,CAMP
2025-12-01 00:00:00,771140805153,09,DW,01,B,01,094,CASTILLO MOLINA CARLOS        ,02,ACTIVO,0DVF70 ,2,F623,25NY,2025-09-01 00:00:00,1,2025-12-05 00:00:00,3568,28400,1191,1191,0,0,0,903,9N2AK,5568,-2000,,,,Error Cambio Medidor,S,,,,,,,,,,,,CAMP
2025-12-01 00:00:00,779141101819,09,DW,01,M,13,091,MOO PUC ROSA ESTHER           ,1D,ACTIVO,2BCC58 ,2,F623,25P2,2025-11-01 00:00:00,1,2025-12-11 00:00:00,1755,12947,709,709,0,0,0,903,9N2AK,3364,-1609,,,,Error Cambio Medidor,S,,,,,,,,,,,,CAMP
2025-12-01 00:00:00,783060401599,27,DW,12,D,01,272,DANILUZ DEL C ARJONA PERERA   ,1D,ACTIVO,1P803K ,1,F121,06JL,2025-11-01 00:00:00,1,2025-12-02 00:00:00,31,1652,40865,622,0,0,0,901,9N2AU,622,-591,,,,Error De Lectura,S,,,,,,,,,,,,CAMP
2025-12-01 00:00:00,782080802607,19,DW,12,D,01,192,PE A CASTILLO VERONICA SELENE ,1D,ACTIVO,94D6G2 ,2,F421,08KF,2025-11-01 00:00:00,1,2025-12-01 00:00:00,230,3636,23775,1230,0,0,0,901,9N2AU,1230,-1000,,,,Error De Lectura,S,,,,,,,,,,,,CAMP
2025-12-01 00:00:00,810180701062,75,DW,22,A,01,751,LORIA MORALES JOSE DEL CARMEN ,67,ACTIVO,MV822J ,3,KL28,20KE,2025-09-01 00:00:00,1,2025-12-05 00:00:00,0,6384,44489,1580,59,0,0,904,9MCF1,1580,-1580,DISPLAY APAGADO,,,Error De Estimacion,S,2025-09-19 11:58:12,7401,L,9JPYF,MV822J ,0,Nor,59,DISPLAY APAGADO,59,S,FACT
2025-12-01 00:00:00,810180701062,75,DW,22,A,01,751,LORIA MORALES JOSE DEL CARMEN ,67,ACTIVO,MV822J ,3,KL28,20KE,2025-10-01 00:00:00,1,2025-12-05 00:00:00,0,5820,45808,1319,59,0,0,904,9MCF1,1319,-1319,DISPLAY APAGADO,,,Error De Estimacion,S,2025-10-21 11:19:09,7501,L,9MCKW,MV822J ,0,Nor,59,DISPLAY APAGADO,59,S,FACT
2025-12-01 00:00:00,810180701062,75,DW,22,A,01,751,LORIA MORALES JOSE DEL CARMEN ,67,ACTIVO,MV822J ,3,KL28,20KE,2025-11-01 00:00:00,1,2025-12-05 00:00:00,0,6073,47355,1547,59,0,0,904,9MCF1,1547,-1547,DISPLAY APAGADO,,,Error De Estimacion,S,2025-11-20 10:34:05,7501,L,9JPYF,MV822J ,0,Nor,59,DISPLAY APAGADO,59,S,FACT
2025-12-01 00:00:00,810051102187,12,DW,22,A,02,121,NOVUMEX TRAVEL SA DE CV       ,1B,ACTIVO,161VD2 ,2,F622,12LJ,2025-12-01 00:00:00,1,2025-12-16 00:00:00,161,20622,18600,4682,0,0,0,901,9MCF1,4682,-4521,,,,Error De Lectura,S,2025-12-08 08:46:22,1201,M,9MCKW,161VD2 ,4682,Nor,  ,,FR,S,CAMP
2025-12-01 00:00:00,782020204387,37,DW,12,C,01,372,VIDAL RAMOS LOPEZ             ,1D,ACTIVO,5G4J07 ,1,F121,01GG,2025-11-01 00:00:00,1,2025-12-04 00:00:00,475,3550,76718,1024,0,0,0,901,9NNKK,1024,-549,,,,Error De Lectura,S,,,,,,,,,,,,CAMP
2025-12-01 00:00:00,782850801701,11,DW,12,A,01,112,CARLOS D PEREDO MORA          ,1D,ACTIVO,JAX314 ,2,F623,23NU,2025-11-01 00:00:00,1,2025-12-02 00:00:00,2,4312,10402,1438,56,0,0,904,9NNKK,1438,-1436,NO HAY MEDIDOR,,,Error De Estimacion,S,2025-11-06 11:06:51,1102,M,GAFHM,JAX314 ,0,Nor,56,NO HAY MEDIDOR,56,S,FACT
2025-12-01 00:00:00,788970600139,27,DW,03,D,27,272,MA AMADA CIME POOT            ,1B,ACTIVO,U224E2 ,1,F121,97F5,2025-11-01 00:00:00,1,2025-12-04 00:00:00,400,919,38082,434,0,0,0,901,9NNLM,434,-34,,,,Error De Lectura,S,,,,,,,,,,,,CAMP
2025-12-01 00:00:00,788141100986,35,DW,03,D,82,003,YAM Y YAM YRENE               ,1C,ACTIVO,195R2U ,1,F122,14LN,2025-11-01 00:00:00,1,2025-12-16 00:00:00,0,522,700,350,0,0,0,901,9NNLM,350,-350,,,,Error De Lectura,S,,,,,,,,,,,,CAMP
2025-12-01 00:00:00,788151000262,27,DW,03,D,27,273,LOPEZ CHABLE ADLEMY DE JESUS  ,1B,ACTIVO,90MG06 ,2,F421,07GH,2025-11-01 00:00:00,1,2025-12-02 00:00:00,286,8792,10314,2101,0,0,0,901,9NNLM,2101,-1815,,,,Error De Lectura,S,,,,,,,,,,,,CAMP
2025-12-01 00:00:00,788900600115,23,DW,03,D,14,003,HOIL PAT ENRIQUE              ,1C,ACTIVO,GBR263 ,1,F123,23NX,2025-11-01 00:00:00,1,2025-12-05 00:00:00,354,11971,5271,2905,0,0,0,901,9NNLM,2905,-2551,,,,Error De Lectura,S,,,,,,,,,,,,CAMP
2025-12-01 00:00:00,788920500044,33,DW,03,D,31,003,POOT   PEDRO                  ,1C,ACTIVO,E26K80 ,1,F121,92F5,2025-11-01 00:00:00,1,2025-12-11 00:00:00,70,3847,44806,1054,0,0,0,901,9NNLM,1054,-984,,,,Error De Lectura,S,,,,,,,,,,,,CAMP
2025-12-01 00:00:00,788881000276,39,DW,03,D,26,003,CACHON CARRILLO RAUL ADEMAR   ,02,ACTIVO,PBT489 ,1,F123,24NX,2025-11-01 00:00:00,1,2025-12-11 00:00:00,0,946,1,161,59,0,0,904,9NNLM,161,-161,DISPLAY APAGADO,,,Error De Estimacion,S,2025-11-27 12:03:31,3902,M,GA8NN,PBT489 ,0,Nor,59,DISPLAY APAGADO,59,S,FACT
2025-12-01 00:00:00,807140800148,25,DW,08,D,52,252,GAMBOA GIL MARGARITA GERTRUDIS,1B,ACTIVO,7AUX05 ,2,F623,25P2,2025-11-01 00:00:00,1,2025-12-09 00:00:00,397,4031,194,194,0,0,0,903,9ND0U,1093,-696,,,,Error Cambio Medidor,D,,,,,,,,,,,,CAMP
2025-12-01 00:00:00,807980300201,27,DW,08,D,53,273,VICTORIA CAUICH MARIA LUISA   ,1B,ACTIVO,L81E03 ,3,FD21,92F4,2025-11-01 00:00:00,1,2025-12-04 00:00:00,516,6028,65382,1516,0,0,0,901,9ND0U,1516,-1000,,,,Error De Lectura,D,,,,,,,,,,,,CAMP
2025-12-01 00:00:00,807850700479,27,DW,08,D,53,273,ERMILDO BAAS CAUICH           ,1B,ACTIVO,0YC013 ,1,F121,00GG,2025-11-01 00:00:00,1,2025-12-17 00:00:00,519,6043,46708,1519,0,0,0,901,9ND0U,1519,-1000,,,,Error De Lectura,D,,,,,,,,,,,,CAMP
2025-12-01 00:00:00,796081205735,33,DW,06,A,01,332,HERNANDEZ CERINO RUTH MARIA   ,1D,ACTIVO,75A1N5 ,1,F121,08JL,2025-11-01 00:00:00,1,2025-12-01 00:00:00,217,4167,30853,1217,0,0,0,901,9NNK8,1217,-1000,,,,Error De Lectura,S,,,,,,,,,,,,CAMP
2025-12-01 00:00:00,796200200879,16,DW,06,A,01,164,CASTILLO TEC ELMAR ADAN       ,1C,ACTIVO,DW975N ,2,F623,19NU,2025-12-01 00:00:00,1,2025-12-19 00:00:00,996,19483,5071,4641,0,0,0,901,9NNK8,4641,-3645,,,,Error De Lectura,S,2025-12-10 08:06:01,1601,M,GAX9M,DW975N ,4641,Opt,  ,,,,CAMP
2025-12-01 00:00:00,796240301538,04,DW,06,A,25,251,MARTINEZ MORALES SERGIO ANTONI,1C,ACTIVO,PBW429 ,1,F123,24NX,2025-12-01 00:00:00,1,2025-12-10 00:00:00,417,5319,1953,1441,0,0,0,903,9NNK8,1441,-1024,,,,Error Cambio Medidor,S,2025-12-02 13:22:12,0427,L,GAX9M,PBW429 ,1441,Opt,  ,,,,CAMP
2025-12-01 00:00:00,789031003591,21,DW,04,A,01,215,SARMIENTO MORENO REINA LEONOR ,1F,ACTIVO,3DVV72 ,2,F623,25NY,2025-11-01 00:00:00,1,2025-12-11 00:00:00,0,3716,1813,1813,0,44,0,901,9JPYA,1831,-1831,,NUM MEDID DESIGU,,Error De Lectura,S,,,,,,,,,,,,CAMP
2025-12-01 00:00:00,800250500706,14,DW,07,A,15,003,BE BATUN MARY CRUZ            ,1B,ACTIVO,PJR820 ,1,F123,24NX,2025-12-01 00:00:00,1,2025-12-22 00:00:00,475,7857,1908,1897,0,0,0,901,9JR0F,1897,-1422,,,,Error De Lectura,S,2025-12-09 11:09:08,1426,M,GAVNM,PJR820 ,1897,Nor,  ,,FR,S,CAMP
2025-12-01 00:00:00,800920900921,37,DW,07,A,59,001,EUAN MAZUN BIRGILIO           ,1B,ACTIVO,G85P14 ,1,F121,92F5,2025-11-01 00:00:00,1,2025-12-18 00:00:00,428,2804,18127,833,0,0,0,901,9JR0F,833,-405,,,,Error De Lectura,S,,,,,,,,,,,,CAMP
2025-12-01 00:00:00,800110401686,18,DW,07,A,05,183,MATOS ALCOCER JOSE ANSELMO    ,1B,ACTIVO,PKP362 ,1,F123,24NX,2025-12-01 00:00:00,1,2025-12-23 00:00:00,0,185,1007,139,0,0,0,901,9JR0F,139,-139,,,,Error De Lectura,S,2025-12-15 12:42:03,1851,R,9JR0E,PKP362 ,139,Nor,  ,,,,CAMP
2025-12-01 00:00:00,800231100489,39,DW,07,A,05,001,ESCAMILLA ALBORNOZ MARIA LOURD,1B,ACTIVO,JDB008 ,2,F623,23NU,2025-11-01 00:00:00,1,2025-12-15 00:00:00,226,2497,3366,768,0,0,0,901,9JR0F,768,-542,,,,Error De Lectura,S,,,,,,,,,,,,CAMP
2025-12-01 00:00:00,800950800514,27,DW,07,A,02,024,ROSADO KUK JOSE ANTONIO       ,1B,ACTIVO,A432B1 ,1,F121,94F5,2025-11-01 00:00:00,1,2025-12-12 00:00:00,284,1409,59979,543,0,0,0,901,9JR0F,543,-259,,,,Error De Lectura,S,,,,,,,,,,,,CAMP
2025-12-01 00:00:00,800910700037,19,DW,07,A,05,194,PABLO MANRIQUE VERDEJO        ,1B,ACTIVO,8N739G ,1,F121,06JL,2025-11-01 00:00:00,1,2025-12-23 00:00:00,303,2036,32302,710,52,0,0,904,9JR0F,710,-407,COMUNICACION INTERRU,,,Error De Estimacion,S,2025-11-12 09:57:02,1901,L,9MC6T,8N739G ,0,Nor,52,COMUNICACION INTERRU,52,S,FACT
2025-12-01 00:00:00,800750224098,27,DW,07,A,02,024,BAEZ CUAUTLE JOSE ALBERTO     ,1B,ACTIVO,0AUU43 ,2,F623,25P2,2025-11-01 00:00:00,1,2025-12-19 00:00:00,0,2192,0,0,0,0,0,902,9JR0F,696,-696,,,,Sin Consumo,S,2025-11-19 12:18:58,2727,L,9MCGY,394MBR ,99553,Opt,  ,,,,FACT
2025-12-01 00:00:00,796920200329,08,DW,06,A,01,082,TORRES ESCALANTE MARIA EL     ,1D,ACTIVO,E95W91 ,1,F121,92F5,2025-12-01 00:00:00,1,2025-12-11 00:00:00,686,5815,16954,1586,0,0,0,905,9BBBB,1586,-900,,,,Falla De Medidor,D,2025-12-04 06:33:46,0802,M,9ND4X,E95W91 ,1586,Nor,  ,,FR,S,MED
2025-12-01 00:00:00,796220202649,14,DW,06,A,01,144,FLOR DE DALIA SAGRERO FIGUEROA,1D,ACTIVO,XA791V ,1,F123,21NT,2025-10-01 00:00:00,1,2025-12-09 00:00:00,1346,7336,26415,2501,0,0,0,901,9BBBB,2501,-1155,,,,Error De Lectura,D,,,,,,,,,,,,CAMP
2025-12-01 00:00:00,795200800187,10,DW,05,A,01,285,SANCHEZ NOTARIO CANDY         ,1F,ACTIVO,6DVX78 ,2,F623,25NY,2025-12-01 00:00:00,1,2025-12-16 00:00:00,1469,17070,723,723,0,0,0,903,9BBM3,3845,-2376,,,,Error Cambio Medidor,S,2025-12-05 07:36:32,1004,M,9JRBH,6DVX78 ,723,Opt,  ,,,,CAMP
2025-12-01 00:00:00,795151010019,22,DW,05,A,01,221,GONZALEZ BARRERA CECILIA      ,1F,ACTIVO,2BCH78 ,2,F623,25P2,2025-12-01 00:00:00,1,2025-12-26 00:00:00,634,6895,38,38,0,0,0,903,9BBM3,1736,-1102,,,,Error Cambio Medidor,S,2025-12-15 11:03:54,2201,M,G81DP,2BCH78 ,38,Opt,  ,,,,CAMP
2025-12-01 00:00:00,795031001377,29,DW,05,A,01,297,MARIO BADILLO GUTIERREZ       ,1F,ACTIVO,9J41V1 ,2,F121,03GG,2025-11-01 00:00:00,1,2025-12-01 00:00:00,368,5275,46990,1380,0,0,0,901,9BBM3,1380,-1012,,,,Error De Lectura,S,,,,,,,,,,,,CAMP
2025-12-01 00:00:00,780010104543,32,DW,12,B,01,322,CORDERO GARCIA CLAUDIA        ,1D,ACTIVO,76H89M ,2,F62H,10KN,2025-10-01 00:00:00,1,2025-12-03 00:00:00,1523,9126,86822,2584,0,0,0,901,9BBMB,2584,-1061,,,,Error De Lectura,S,,,,,,,,,,,,CAMP
2025-12-01 00:00:00,780850400208,13,DW,12,A,01,130,VIRGINIA GARCIA GUTIERREZ     ,1D,ACTIVO,82L19L ,1,F12H,10KU,2025-11-01 00:00:00,1,2025-12-04 00:00:00,659,3074,21967,1166,0,0,0,901,9BBMB,1166,-507,,,,Error De Lectura,S,,,,,,,,,,,,CAMP
2025-12-01 00:00:00,782071102317,18,DW,12,C,01,181,ALVAREZ REYES ISIDORO         ,1D,ACTIVO,86M0G1 ,2,F62H,09KN,2025-04-01 00:00:00,1,2025-12-10 00:00:00,54,1504,14711,599,0,0,0,901,9MCBY,599,-545,,,,Error De Lectura,S,,,,,,,,,,,,CAMP
2025-12-01 00:00:00,782150205407,26,DW,12,C,01,261,PEREZ GOMEZ JOSE EFRAIN       ,1D,ACTIVO,G437MH ,2,F622,17LM,2025-12-01 00:00:00,1,2025-12-30 00:00:00,576,1952,20836,684,51,0,0,904,9MCBY,684,-108,NO ENCONTRE DOMI,,,Error De Estimacion,S,2025-12-17 13:59:22,2602,L,GAKFM,G437MH ,0,Nor,51,NO ENCONTRE DOMI,,,FACT
2025-12-01 00:00:00,780070101888,38,DW,12,A,01,381,GOMEZ VILCHIS MARIA           ,1D,ACTIVO,960G0Y ,1,F122,13LN,2025-10-01 00:00:00,1,2025-12-10 00:00:00,0,1081,5812,737,59,0,0,904,9MCBY,737,-737,DISPLAY APAGADO,,,Error De Estimacion,S,2025-10-24 09:28:50,3803,M,9P180,960G0Y ,0,Nor,59,DISPLAY APAGADO,59,S,FACT
2025-12-01 00:00:00,780190504099,31,DW,12,A,01,310,SOLIS ARAZO JESUS             ,1D,ACTIVO,7F60T1 ,2,F621,03F3,2025-11-01 00:00:00,1,2025-12-12 00:00:00,1492,10483,58997,2492,0,0,0,901,9MCBY,2492,-1000,,,,Error De Lectura,S,,,,,,,,,,,,CAMP
2025-12-01 00:00:00,795880700785,16,DW,05,A,01,161,CUAUHTEMOC PANTOJA GARCIA     ,1F,ACTIVO,4ND678 ,1,F621,99F3,2025-12-01 00:00:00,1,2025-12-22 00:00:00,47,39,15158,0,0,31,0,901,9MCCJ,0,47,,SERVICIO SIN USO,,Error De Lectura,S,2025-12-10 07:46:33,1601,M,GAT8M,4ND678 ,0,Nor,31,SERVICIO SIN USO,,,CAMP
2025-12-01 00:00:00,795080100127,13,DW,05,A,01,176,JIMENEZ CRUZ ANGEL EDUARDO    ,1F,BAJA SIN MED RET,41PF52 ,2,F621,07F3,2025-11-01 00:00:00,1,2025-12-05 00:00:00,53,2510,103,1040,0,0,0,901,9MCCJ,1040,-987,,,,Error De Lectura,S,,,,,,,,,,,,CAMP
2025-12-01 00:00:00,789250200792,25,DW,04,A,01,251,BARBA GUTIERREZ ANA MARIA     ,1F,ACTIVO,RCA273 ,2,F623,24NY,2025-11-01 00:00:00,1,2025-12-02 00:00:00,150,11691,2661,2625,0,0,0,901,9MCF6,2625,-2475,,,,Error De Lectura,S,,,,,,,,,,,,CAMP
2025-12-01 00:00:00,782250801830,16,DW,12,C,01,163,CASTRO SUAREZ EDGAR YAHIR     ,1D,ACTIVO,RCE676 ,2,F623,24NY,2025-10-01 00:00:00,1,2025-12-08 00:00:00,643,5649,1893,1893,0,0,0,901,9BBTM,1893,-1250,,,,Error De Lectura,D,,,,,,,,,,,,CAMP
2025-12-01 00:00:00,781090702281,12,DW,12,B,01,121,DURAN CARRILLO LIGIA DEL R    ,1D,ACTIVO,23D7A4 ,2,F621,08KF,2025-12-01 00:00:00,1,2025-12-22 00:00:00,950,7952,80067,1950,0,0,0,904,9BBTM,1950,-1000,,,,Error De Estimacion,D,2025-12-08 07:50:20,1202,M,GATKM,23D7A4 ,1950,Nor,  ,,FR,S,FACT
2025-12-01 00:00:00,798921200481,25,DW,06,C,61,251,MARIA A ITZINCAB BALAM        ,1B,ACTIVO,3P391D ,1,F121,06JL,2025-11-01 00:00:00,1,2025-12-05 00:00:00,218,1103,28652,473,0,0,0,901,9EMCH,473,-255,,,,Error De Lectura,S,,,,,,,,,,,,CAMP
2025-12-01 00:00:00,798071200193,31,DW,06,C,25,311,TEC MOO FELIPE                ,1B,ACTIVO,60KR86 ,1,F121,07JL,2025-11-01 00:00:00,1,2025-12-22 00:00:00,234,990,15637,458,0,0,0,901,9EMCH,458,-224,,,,Error De Lectura,S,,,,,,,,,,,,CAMP
2025-12-01 00:00:00,798860200092,21,DW,06,C,48,211,MAY CEN FLORENCIO             ,1B,ACTIVO,UN8843 ,1,F121,85EG,2025-11-01 00:00:00,1,2025-12-01 00:00:00,277,4537,7757,1277,0,0,0,901,9EMCH,1277,-1000,,,,Error De Lectura,S,,,,,,,,,,,,CAMP
2025-12-01 00:00:00,798180700341,19,DW,06,C,02,172,DZIB CHAN JOSE FERNANDO       ,1B,ACTIVO,3DVU57 ,2,F623,25NY,2025-11-01 00:00:00,1,2025-12-04 00:00:00,469,53150,464,464,0,0,0,903,9EMCH,12057,-11588,,,,Error Cambio Medidor,S,,,,,,,,,,,,CAMP
2025-12-01 00:00:00,798750402552,33,DW,06,C,20,331,JOSE DEL C TEJERO             ,1C,ACTIVO,F405T5 ,1,F121,95F5,2025-11-01 00:00:00,1,2025-12-03 00:00:00,120,44680,25090,10108,0,0,0,901,9EMCH,10108,-9988,,,,Error De Lectura,S,,,,,,,,,,,,CAMP
2025-12-01 00:00:00,798170900351,66,DW,06,C,60,661,LIRA HERNANDEZ MANUEL         ,9M,CORTADO,GCT935 ,3,KL28,22NJ,2025-10-01 00:00:00,1,2025-12-18 00:00:00,188,27675,188,188,0,0,0,903,9EMCH,15441,-15253,,,,Error Cambio Medidor,S,,,,,,,,,,,,CAMP
2025-12-01 00:00:00,798010555959,27,DW,06,C,60,271,RODRIGUEZ VALENCIA JUAN       ,1B,ACTIVO,PKN506 ,1,F123,24NX,2025-11-01 00:00:00,1,2025-12-02 00:00:00,319,14204,252,252,0,0,0,902,9EMCH,3247,-2928,,,,Sin Consumo,S,,,,,,,,,,,,FACT
2025-12-01 00:00:00,798020700582,69,DW,06,C,11,681,CAPA DEL EDO DE Q ROO         ,67,ACTIVO,MW635X ,3,KL28,20KE,2025-11-01 00:00:00,1,2025-12-22 00:00:00,5494,45501,16346,5494,0,0,0,901,9EMCH,5494,0,,,,Error De Lectura,S,,,,,,,,,,,,CAMP
2025-12-01 00:00:00,777250802549,40,DW,01,J,03,403,DURAN QUINTAL JULIAN JAVIER   ,1C,ACTIVO,RCJ096 ,2,F623,24NY,2025-08-01 00:00:00,1,2025-12-01 00:00:00,0,11255,2281,2281,0,0,0,901,9MC5P,2281,-2281,,,,Error De Lectura,S,,,,,,,,,,,,CAMP
2025-12-01 00:00:00,776171201771,26,DW,01,E,37,263,CORDOVA MONJARAZ YAZMIN AMERIC,1D,ACTIVO,7DVY23 ,2,F623,25NY,2025-08-01 00:00:00,1,2025-12-04 00:00:00,1814,9578,544,544,0,0,0,903,9MC5P,2938,-1124,,,,Error Cambio Medidor,S,,,,,,,,,,,,CAMP
2025-12-01 00:00:00,776100101449,09,DW,01,E,37,071,REYES MENDOZA FIDEL           ,1D,ACTIVO,84MP90 ,2,F421,07GH,2025-11-01 00:00:00,1,2025-12-05 00:00:00,1522,9897,76758,2692,0,0,0,901,9MC5P,2692,-1170,,,,Error De Lectura,S,,,,,,,,,,,,CAMP
2025-12-01 00:00:00,800981100197,31,DW,07,A,05,271,MARTHA I POMOL                ,1B,ACTIVO,3J13W9 ,1,F121,03GG,2025-11-01 00:00:00,1,2025-12-02 00:00:00,645,9745,50925,2482,0,0,0,901,9MCJD,2482,-1837,,,,Error De Lectura,D,,,,,,,,,,,,CAMP
2025-12-01 00:00:00,802120300619,14,DW,07,C,42,141,VILAVID SA DE CV              ,02,ACTIVO,GEF681 ,3,KL28,J22N,2025-12-01 00:00:00,1,2025-12-23 00:00:00,0,20934,32620,4060,0,0,0,901,9MCJD,4060,-4060,,,,Error De Lectura,D,2025-12-10 13:47:00,1427,M,R9871,GEF681 ,4060,Nor,  ,,FR,S,CAMP
2025-12-01 00:00:00,782840600694,02,DW,12,B,01,022,ADDA MARIA SIERRA E           ,1D,ACTIVO,LF2739 ,1,F121,83EG,2025-12-01 00:00:00,1,2025-12-09 00:00:00,1733,6923,1832,1733,0,0,0,901,9N4C0,1733,0,,,,Error De Lectura,S,2025-12-01 12:06:34,0201,L,9NCWM,LF2739 ,1733,Nor,  ,,FR,S,CAMP
2025-12-01 00:00:00,783111008749,23,DW,12,A,01,230,ERMEL SERVICIO AEREO SA DE CV ,02,ACTIVO,300MCE ,1,F12J,15MR,2025-11-01 00:00:00,1,2025-12-19 00:00:00,236,4581,12700,854,0,0,0,901,9BBDH,854,-618,,,,Error De Lectura,S,,,,,,,,,,,,CAMP
2025-12-01 00:00:00,796161000204,20,DW,06,A,01,201,LOPEZ DIAZ ROSA               ,1D,ACTIVO,PAU165 ,1,F123,24NX,2025-12-01 00:00:00,1,2025-12-19 00:00:00,87,7528,1974,1973,0,0,0,904,9BBEG,1973,-1886,,,,Error De Estimacion,D,2025-12-12 06:45:14,2002,M,9ND4X,PAU165 ,1973,Opt,  ,,,,FACT
2025-12-01 00:00:00,800240401351,37,DW,07,A,41,002,UC PUC CARMELA                ,1B,ACTIVO,JCR665 ,2,F623,23NU,2025-11-01 00:00:00,1,2025-12-15 00:00:00,345,3932,2498,1072,0,0,0,904,9BBHT,1072,-727,,,,Error De Estimacion,S,,,,,,,,,,,,FACT
2025-12-01 00:00:00,800240700171,18,DW,07,A,05,181,PECH ROMERO LIZBETH EUNICE    ,1B,ACTIVO,AWM227 ,1,F123,22NX,2025-12-01 00:00:00,1,2025-12-18 00:00:00,241,4652,1248,1221,0,0,0,904,9BBHT,1221,-980,,,,Error De Estimacion,S,2025-12-11 11:43:24,1803,L,9MCAW,AWM227 ,1221,Opt,  ,,,,FACT
2025-12-01 00:00:00,800920200822,33,DW,07,A,32,322,ITZINCAB POOL JUAN G          ,1B,ACTIVO,1DV807 ,1,F121,98GG,2025-11-01 00:00:00,1,2025-12-15 00:00:00,420,8092,34556,1953,0,0,0,901,9BBHT,1953,-1533,,,,Error De Lectura,S,,,,,,,,,,,,CAMP
2025-12-01 00:00:00,800250501168,14,DW,07,A,15,003,CAAMAL RITA AMELIA            ,1B,ACTIVO,PJP626 ,1,F123,24NX,2025-12-01 00:00:00,1,2025-12-23 00:00:00,404,4467,1197,1182,0,0,0,901,9BBHT,1182,-778,,,,Error De Lectura,S,2025-12-09 11:09:31,1426,M,GAVNM,PJP626 ,1182,Opt,  ,,,,CAMP
2025-12-01 00:00:00,783170100705,63,DW,12,D,01,630,KEMA GAS  SA DE CV            ,67,ACTIVO,3EFC06 ,3,VL28,25NJ,2025-12-01 00:00:00,1,2025-12-09 00:00:00,2480,15486,37,2960,0,40,0,903,9BBTM,4080,-1600,,SIN SELLO,,Error Cambio Medidor,D,2025-12-04 09:55:32,6301,L,9NCX1,3EFC06 ,37,Opt,40,SIN SELLO,,,CAMP
2025-12-01 00:00:00,789830800347,06,DW,04,B,23,063,ESTRADA RIVAS JESUS           ,1F,ACTIVO,69BH97 ,1,F121,06JL,2025-12-01 00:00:00,1,2025-12-29 00:00:00,399,5451,49990,1413,0,0,0,901,9BBKG,1413,-1014,,,,Error De Lectura,S,2025-12-03 11:12:00,0627,M,9NCVJ,69BH97 ,1413,Nor,  ,,FR,S,CAMP
2025-12-01 00:00:00,774080802141,23,DW,01,E,02,233,CASTRO RUIZ MAURICIO ARTURO   ,1D,BAJA SIN MED RET,81WE39 ,1,F121,08JL,2025-11-01 00:00:00,1,2025-12-30 00:00:00,0,760,29395,455,60,0,0,902,,455,-455,MEDID NO TRABAJA,,,Sin Consumo,,2025-11-14 09:24:37,2305,L,9MCG8,81WE39 ,0,Nor,60,MEDID NO TRABAJA,60,S,FACT
2025-12-01 00:00:00,771170202194,10,DW,01,B,02,103,MASSUTTIER OSORIO FREUDY GABRI,02,BAJA SIN MED RET,A518KX ,2,F622,16LM,2025-08-01 00:00:00,1,2025-12-31 00:00:00,0,10259,21053,1983,59,0,0,904,,1983,-1983,DISPLAY APAGADO,,,Error De Estimacion,,2025-08-07 10:31:59,1051,R,GAXVM,A518KX ,0,Nor,59,DISPLAY APAGADO,59,S,FACT
2025-12-01 00:00:00,771190700263,22,DW,01,B,02,228,CHI VILLANUEVA GERARDO        ,1D,BAJA SIN MED RET,P347PU ,1,F123,18NM,2025-12-01 00:00:00,1,2025-12-31 00:00:00,0,434,12680,294,65,0,0,904,,294,-294,UI MED INVERTIDO,,,Error De Estimacion,,2025-12-15 09:49:01,2204,M,9ND4Y,P347PU ,0,Nor,65,UI MED INVERTIDO,65,S,FACT
2025-12-01 00:00:00,790991100441,10,DW,04,C,37,121,MAAS QUETZ DAVID              ,1F,ACTIVO,4HF972 ,1,F121,98GG,2025-12-01 00:00:00,1,2025-12-19 00:00:00,326,5036,39590,1326,0,0,0,901,9EMJP,1326,-1000,,,,Error De Lectura,D,2025-12-05 11:09:13,1026,L,9EMLY,4HF972 ,1326,Nor,  ,,FR,S,CAMP
2025-12-01 00:00:00,789150700429,07,DW,04,A,01,072,BARRANCOS GONGORA YOVANNY MART,1F,ACTIVO,2VF119 ,1,F121,00GG,2025-11-01 00:00:00,1,2025-12-01 00:00:00,87,695,14867,608,0,0,0,901,9JPY3,608,-521,,,,Error De Lectura,S,,,,,,,,,,,,CAMP
2025-12-01 00:00:00,789080300827,10,DW,04,A,01,104,MARTINEZ SERRANO LUIS FERNANDO,1F,ACTIVO,PJR008 ,1,F123,24NX,2025-12-01 00:00:00,1,2025-12-19 00:00:00,2774,12748,98,98,0,0,0,903,9JPY3,2940,-166,,,,Error Cambio Medidor,S,2025-12-05 08:21:22,1002,M,9JRCP,PJR008 ,98,Opt,  ,,,,CAMP
2025-12-01 00:00:00,803750201291,22,DW,07,D,09,091,POOT GREGORIO                 ,1C,ACTIVO,35WT91 ,1,F121,08JL,2025-12-01 00:00:00,1,2025-12-29 00:00:00,160,4628,19875,1216,0,0,0,901,9JR3V,1216,-1056,,,,Error De Lectura,S,2025-12-15 11:37:51,2226,M,GA2CN,35WT91 ,1216,Nor,  ,,FR,S,CAMP
2025-12-01 00:00:00,803920200074,33,DW,07,D,01,011,POOT CAAMAL RAFAEL            ,1C,ACTIVO,V0C718 ,1,F121,91F5,2025-11-01 00:00:00,1,2025-12-03 00:00:00,539,1948,50144,652,0,0,0,901,9JR3V,652,-113,,,,Error De Lectura,S,,,,,,,,,,,,CAMP
2025-12-01 00:00:00,803990100832,35,DW,07,D,11,111,CANUL TAMAY TEOFILO           ,1C,ACTIVO,7X942L ,1,F121,06JL,2025-11-01 00:00:00,1,2025-12-15 00:00:00,357,4933,29785,1284,0,0,0,901,9JR3V,1284,-927,,,,Error De Lectura,S,,,,,,,,,,,,CAMP
2025-12-01 00:00:00,803060800273,31,DW,07,D,10,101,PERERA CAN NISEFORO           ,1C,ACTIVO,8N602G ,1,F121,06JL,2025-11-01 00:00:00,1,2025-12-04 00:00:00,449,1542,26643,566,0,0,0,901,9JR3V,566,-117,,,,Error De Lectura,S,,,,,,,,,,,,CAMP
2025-12-01 00:00:00,803970600014,24,DW,07,D,05,052,MANUEL OXTE                   ,1C,ACTIVO,R558M1 ,1,F121,97F5,2025-12-01 00:00:00,1,2025-12-30 00:00:00,481,3179,70619,910,0,0,0,901,9JR3V,910,-429,,,,Error De Lectura,S,2025-12-16 08:46:00,2426,L,GA2CN,R558M1 ,910,Nor,  ,,FR,S,CAMP
2025-12-01 00:00:00,803070500120,04,DW,07,D,50,502,YAM WTZIL ELIZABERTH          ,1C,ACTIVO,97EJ96 ,1,F121,07JL,2025-12-01 00:00:00,1,2025-12-23 00:00:00,237,3089,19765,891,0,0,0,901,9JR3V,891,-654,,,,Error De Lectura,S,2025-12-02 09:20:42,0427,M,R9920,97EJ96 ,891,Nor,  ,,FR,S,CAMP
2025-12-01 00:00:00,803900800041,24,DW,07,D,05,052,SANTIAGO POOT BATUN           ,1C,ACTIVO,PBB802 ,1,F123,24NX,2025-12-01 00:00:00,1,2025-12-29 00:00:00,203,6098,2706,1526,0,0,0,901,9JR3V,1526,-1323,,,,Error De Lectura,S,2025-12-16 10:25:44,2426,L,GA2CN,PBB802 ,1526,Opt,  ,,,,CAMP
2025-12-01 00:00:00,783141107300,28,DW,12,A,05,280,ROMERO GUTIERREZ ALEJANDRA    ,1D,ACTIVO,03NF09 ,2,F421,07GH,2025-12-01 00:00:00,1,2025-12-29 00:00:00,433,3061,23500,918,0,0,0,901,9MCC2,918,-485,,,,Error De Lectura,S,2025-12-18 08:52:01,2826,M,GAF1M,03NF09 ,918,Nor,  ,,,,CAMP
2025-12-01 00:00:00,783140214170,27,DW,12,D,01,272,CHAVELAS JIMENEZ LUIS A       ,1D,ACTIVO,8B279L ,2,F621,04F3,2025-11-01 00:00:00,1,2025-12-03 00:00:00,441,3791,65754,1075,0,0,0,901,9MCC2,1075,-634,,,,Error De Lectura,S,,,,,,,,,,,,CAMP
2025-12-01 00:00:00,782051202978,40,DW,12,A,01,401,MACHADO GARASSINI WALTER CARLO,1D,ACTIVO,DTB791 ,2,F623,22NU,2025-10-01 00:00:00,1,2025-12-02 00:00:00,5,2298,2575,1000,0,0,0,901,9MCC2,1000,-995,,,,Error De Lectura,S,2025-10-27 10:57:36,4002,M,GA8DN,DTB791 ,12302,Opt,44,NUM MEDID DESIGU,44,S,CAMP
2025-12-01 00:00:00,782120201091,35,DW,12,C,01,352,ESCARCEGA VIVEROS ANA YANCI   ,1D,ACTIVO,1BCL47 ,1,F623,25P2,2025-11-01 00:00:00,1,2025-12-05 00:00:00,859,4977,524,524,0,0,0,905,9MCC2,1326,-467,,,,Falla De Medidor,S,,,,,,,,,,,,MED
2025-12-01 00:00:00,802120401334,18,DW,07,C,42,427,GROESCH MENDIZABAL ERIKA G    ,1A,ACTIVO,NK041V ,2,F623,20NU,2025-10-01 00:00:00,1,2025-12-17 00:00:00,321,4001,23590,1071,0,0,0,901,9MCJD,1071,-750,,,,Error De Lectura,D,,,,,,,,,,,,CAMP
2025-12-01 00:00:00,802230600731,35,DW,07,C,46,351,KUMUL MAHLA AMADO             ,1B,ACTIVO,PCU202 ,1,F123,24NX,2025-11-01 00:00:00,1,2025-12-16 00:00:00,297,13609,0,0,0,0,0,901,9MCJD,3121,-2824,,,,Error De Lectura,D,2025-11-25 21:59:19,3527,L,GAM7M,PBE641 ,0,Nor,31,SERVICIO SIN USO,,,CAMP
2025-12-01 00:00:00,810070905452,22,DW,22,A,02,221,FLORES VENTURA SILVESTRE      ,1B,ACTIVO,98PC82 ,2,F621,07F3,2025-10-01 00:00:00,1,2025-12-16 00:00:00,37,3262,42539,1037,0,0,0,901,88606,1037,-1000,,,,Error De Lectura,D,,,,,,,,,,,,CAMP
2025-12-01 00:00:00,810140803857,12,DW,22,A,01,121,KOVSHOV   DMYTRI              ,1B,ACTIVO,060MEL ,2,F62J,15MT,2025-10-01 00:00:00,1,2025-12-09 00:00:00,177,1811,23795,722,0,0,0,901,88606,722,-545,,,,Error De Lectura,D,,,,,,,,,,,,CAMP
2025-12-01 00:00:00,810011113909,06,DW,22,C,01,062,BERTHA YUTTE SPECKER          ,1B,ACTIVO,8K0F09 ,1,F121,01GG,2025-10-01 00:00:00,1,2025-12-04 00:00:00,207,4131,55454,1207,0,0,0,901,88606,1207,-1000,,,,Error De Lectura,D,,,,,,,,,,,,CAMP
2025-12-01 00:00:00,811990400383,16,DW,22,B,01,162,JUAN J GODINES FLORES         ,1D,CORTADO,12NG24 ,2,F621,07F3,2025-10-01 00:00:00,1,2025-12-11 00:00:00,1079,5870,72902,2079,0,0,0,901,88606,2079,-1000,,,,Error De Lectura,D,,,,,,,,,,,,CAMP
2025-12-01 00:00:00,810040100859,08,DW,22,A,02,082,GARCIA DE LA CRUZ GLADIS      ,1B,ACTIVO,9M83C6 ,1,F121,04GG,2025-10-01 00:00:00,1,2025-12-05 00:00:00,524,5507,51542,1524,0,0,0,901,88606,1524,-1000,,,,Error De Lectura,D,,,,,,,,,,,,CAMP
2025-12-01 00:00:00,810030602953,10,DW,22,A,02,103,JOSE ROSARIO CITUK DZUL       ,1B,ACTIVO,3B00X8 ,1,F121,03GG,2025-10-01 00:00:00,1,2025-12-08 00:00:00,65,2470,15828,865,0,0,0,901,88606,865,-800,,,,Error De Lectura,D,,,,,,,,,,,,CAMP
2025-12-01 00:00:00,776141005730,22,DW,01,E,37,222,CANUL IC ERIC RAYMUNDO        ,1D,BAJA SIN MED RET,917N6D ,2,F622,14LM,2025-10-01 00:00:00,1,2025-12-31 00:00:00,0,514,9097,423,56,0,0,907,,423,-423,NO HAY MEDIDOR,,,Error Finiquito,,2025-10-14 10:02:21,2201,M,9MCG8,917N6D ,0,Nor,56,NO HAY MEDIDOR,56,S,CCC
2025-12-01 00:00:00,771060501498,10,DW,01,A,01,102,MANZUR DIAZ DENISSE           ,02,BAJA SIN MED RET,068936 ,1,W111,6000,2025-10-01 00:00:00,1,2025-12-30 00:00:00,0,459,3666,68,56,0,0,904,,68,-68,NO HAY MEDIDOR,,,Error De Estimacion,,2025-10-07 11:24:06,1051,R,R9700,068936 ,0,Nor,56,NO HAY MEDIDOR,56,S,FACT
2025-12-01 00:00:00,778890400061,23,DW,01,K,57,232,JOSE SANTOS ESPINOZA PECH     ,1B,ACTIVO,FJX038 ,1,F123,22NX,2025-11-01 00:00:00,1,2025-12-19 00:00:00,283,1774,6746,649,56,0,0,904,9NNKX,649,-366,NO HAY MEDIDOR,,,Error De Estimacion,D,2025-11-14 10:36:58,2327,L,R9701,FJX038 ,0,Nor,56,NO HAY MEDIDOR,56,S,FACT
2025-12-01 00:00:00,771231102996,18,DW,01,B,02,182,LOPEZ VEGA JUAN               ,1D,BAJA SIN MED RET,JAN289 ,2,F623,23NU,2025-10-01 00:00:00,1,2025-12-31 00:00:00,0,1154,6620,871,56,0,0,903,,871,-871,NO HAY MEDIDOR,,,Error Cambio Medidor,,2025-10-13 10:07:37,1851,R,9MCDA,JAN289 ,0,Nor,56,NO HAY MEDIDOR,56,S,CAMP
2025-12-01 00:00:00,773850201535,04,DW,01,D,01,042,RODRIGUEZ VARGAS JOSE         ,1D,BAJA SIN MED RET,01NG47 ,2,F621,07F3,2025-10-01 00:00:00,1,2025-12-24 00:00:00,0,1372,1392,997,0,0,0,901,,997,-997,,,,Error De Lectura,,,,,,,,,,,,,CAMP
2025-12-01 00:00:00,805091000201,05,DW,08,B,67,051,LOPEZ TORRES FLORENCIO        ,1B,ACTIVO,07J8D1 ,2,F12H,09KU,2025-11-01 00:00:00,1,2025-12-02 00:00:00,552,4933,12149,325,0,0,0,901,9NNK2,1343,-791,,,,Error De Lectura,D,,,,,,,,,,,,CAMP
2025-12-01 00:00:00,774750201470,03,DW,01,E,02,033,CONCEPCION CARRILLO           ,1D,ACTIVO,047153 ,1,W101,6000,2025-11-01 00:00:00,1,2025-12-08 00:00:00,529,5410,6285,1740,0,0,0,901,9MC4B,1740,-1211,,,,Error De Lectura,S,,,,,,,,,,,,CAMP
2025-12-01 00:00:00,805190800081,01,DW,08,B,65,651,LARA CANUL RITA MARIA         ,1C,ACTIVO,PCU430 ,1,F123,24NX,2025-11-01 00:00:00,1,2025-12-03 00:00:00,152,1949,0,300,64,0,0,904,9NNK2,839,-687,P. INFRARROJO/MED. D,,,Error De Estimacion,D,2025-10-29 09:48:46,0126,L,9ND0M,11J0D4 ,0,Nor,64,P. INFRARROJO/MED. D,64,S,FACT
2025-12-01 00:00:00,805050800979,16,DW,08,B,68,162,SOSA KUK PAULA REGINA         ,1B,ACTIVO,1G822Y ,1,F121,05JL,2025-12-01 00:00:00,1,2025-12-26 00:00:00,199,1159,26224,484,0,0,0,908,9NNK2,484,-285,,,,Programa Espefico,D,2025-12-10 09:57:51,1628,L,9ND0M,1G822Y ,484,Nor,  ,,FR,S,FACT
2025-12-01 00:00:00,805241100314,76,DW,08,B,66,667,CORTES Y MONTALVO RUBEN DARIO ,1B,ACTIVO,WNB853 ,2,F623,24P2,2025-10-01 00:00:00,1,2025-12-12 00:00:00,109,80,1243,60,0,0,0,901,9NNK2,60,49,,,,Error De Lectura,D,2025-10-22 10:27:30,7602,L,9JRE1,WNB853 ,720,Opt,  ,,,,CAMP
2025-12-01 00:00:00,805241100314,76,DW,08,B,66,667,CORTES Y MONTALVO RUBEN DARIO ,1B,ACTIVO,WNB853 ,2,F623,24P2,2025-11-01 00:00:00,1,2025-12-12 00:00:00,109,3078,2012,769,0,0,0,901,9NNK2,769,-660,,,,Error De Lectura,D,2025-11-21 10:53:42,7602,L,9JRE1,WNB853 ,769,Opt,  ,,,,CAMP
2025-12-01 00:00:00,805750312321,26,DW,08,B,74,262,PAT ALEJANDRO                 ,1B,ACTIVO,PCY258 ,1,F123,24NX,2025-12-01 00:00:00,1,2025-12-26 00:00:00,372,18174,7317,4057,0,0,0,905,9NNK2,4057,-3685,,,,Falla De Medidor,D,2025-12-17 10:27:17,2627,L,9JRE1,PCY258 ,4057,Opt,  ,,,,MED
2025-12-01 00:00:00,805881200358,22,DW,08,B,68,201,ELEUTERIO ZAPATA MAY          ,1B,ACTIVO,V7M961 ,1,F121,91F5,2025-12-01 00:00:00,1,2025-12-23 00:00:00,286,1638,42653,585,0,0,0,901,9NNK2,585,-299,,,,Error De Lectura,D,2025-12-15 12:01:42,2226,L,9EMGF,V7M961 ,585,Nor,  ,,FR,S,CAMP
2025-12-01 00:00:00,791070500288,64,DW,04,D,48,632,PEDRO RAUL CHI CANCHE         ,09,ACTIVO,MV506M ,3,KL28,20KE,2025-06-01 00:00:00,1,2025-12-30 00:00:00,16464,53914,57071,16464,0,0,0,911,9NNKH,16464,0,,,,Car/Cre No Procede,S,,,,,,,,,,,,FACT
2025-12-01 00:00:00,791070500288,64,DW,04,D,48,632,PEDRO RAUL CHI CANCHE         ,09,ACTIVO,MV506M ,3,KL28,20KE,2025-08-01 00:00:00,1,2025-12-30 00:00:00,1935,13234,66427,1935,0,0,0,911,9NNKH,1935,0,,,,Car/Cre No Procede,S,,,,,,,,,,,,FACT
2025-12-01 00:00:00,791070500288,64,DW,04,D,48,632,PEDRO RAUL CHI CANCHE         ,09,ACTIVO,MV506M ,3,KL28,20KE,2025-09-01 00:00:00,1,2025-12-30 00:00:00,1240,11257,67667,1240,0,0,0,911,9NNKH,1240,0,,,,Car/Cre No Procede,S,,,,,,,,,,,,FACT
2025-12-01 00:00:00,789140602381,03,DW,04,A,01,033,GONZALEZ AVILES LUIS FELIPE   ,02,ACTIVO,3BCU41 ,2,F623,25P2,2025-11-01 00:00:00,1,2025-12-23 00:00:00,538,4620,0,0,0,31,0,901,9NNKH,854,-316,,SERVICIO SIN USO,,Error De Lectura,S,,,,,,,,,,,,CAMP
2025-12-01 00:00:00,774160601316,23,DW,01,E,02,234,NESTOR TINOCO FERNANDEZ       ,1C,ACTIVO,JKN612 ,2,F623,23NU,2025-11-01 00:00:00,1,2025-12-22 00:00:00,35,8905,6882,4173,0,0,0,903,9MC4B,1917,-1882,,,,Error Cambio Medidor,S,,,,,,,,,,,,CAMP
2025-12-01 00:00:00,774250700895,09,DW,01,E,37,071,GARCIA CORTES DAVID HUMBERTO  ,1D,ACTIVO,WTJ629 ,2,F623,24P2,2025-11-01 00:00:00,1,2025-12-08 00:00:00,540,2872,557,557,0,0,0,903,9MC4B,1097,-557,,,,Error Cambio Medidor,S,,,,,,,,,,,,CAMP
2025-12-01 00:00:00,771051100596,17,DW,01,B,01,176,ALCOCER GOMBOA OMAR           ,1D,ACTIVO,3AYA88 ,2,F623,25P2,2025-11-01 00:00:00,1,2025-12-02 00:00:00,0,15321,1423,1423,0,0,0,906,9N4CN,3837,-3837,,,,Error De Sistema,S,,,,,,,,,,,,FACT
2025-12-01 00:00:00,771090800198,07,DW,01,B,01,077,HERNANDEZ DIAZ GLADYS TERESITA,1D,ACTIVO,9E43T1 ,2,F621,03F3,2025-11-01 00:00:00,1,2025-12-17 00:00:00,1008,7427,27581,2155,0,33,0,901,9N4CN,2155,-1147,,NO CORRESPONDE TARIF,,Error De Lectura,S,,,,,,,,,,,,CAMP
2025-12-01 00:00:00,771100605127,34,DW,01,B,01,343,  MEDINA ROSALIA DEL SOCORRO  ,1D,ACTIVO,7AAR43 ,2,F623,25NY,2025-10-01 00:00:00,1,2025-12-02 00:00:00,0,3694,749,712,56,0,0,906,9N4CN,1423,-1423,NO HAY MEDIDOR,,,Error De Sistema,S,2025-10-23 09:30:49,3451,R,9JRDF,7AAR43 ,0,Nor,56,NO HAY MEDIDOR,56,S,FACT
2025-12-01 00:00:00,771100605127,34,DW,01,B,01,343,  MEDINA ROSALIA DEL SOCORRO  ,1D,ACTIVO,7AAR43 ,2,F623,25NY,2025-08-01 00:00:00,1,2025-12-02 00:00:00,0,1387,749,505,51,0,0,906,9N4CN,1009,-1009,NO ENCONTRE DOMI,,,Error De Sistema,S,2025-08-25 11:38:35,3451,R,9MCDA,7AAR43 ,0,Nor,51,NO ENCONTRE DOMI,,,FACT
2025-12-01 00:00:00,771901001282,11,DW,01,B,01,116,GUADALUPE CANTO               ,1D,ACTIVO,311G2C ,2,F622,13LM,2025-11-01 00:00:00,1,2025-12-05 00:00:00,20,1560,46701,863,60,0,0,904,9N4CN,863,-843,MEDID NO TRABAJA,,,Error De Estimacion,S,2025-11-06 10:23:56,1104,M,9ND4Y,311G2C ,0,Opt,60,MEDID NO TRABAJA,60,S,FACT
2025-12-01 00:00:00,771250700845,25,DW,01,B,01,252,BECIL DAJER MARIA ROSA        ,02,ACTIVO,990BLF ,3,KL2R,14KE,2025-09-01 00:00:00,1,2025-12-30 00:00:00,0,16321,2478,2478,0,0,0,903,9N4CN,2478,-2478,,,,Error Cambio Medidor,S,,,,,,,,,,,,CAMP
2025-12-01 00:00:00,775220300899,14,DW,01,G,01,141,CONTRERAS PADILLA LUIS ALBERTO,02,ACTIVO,XC602T ,1,F123,21NT,2025-10-01 00:00:00,1,2025-12-01 00:00:00,0,3349,1845,619,51,0,0,903,9N4CE,619,-619,NO ENCONTRE DOMI,,,Error Cambio Medidor,S,2025-10-09 11:44:23,1451,R,9BBU6,XC602T ,0,Nor,51,NO ENCONTRE DOMI,,,CAMP
2025-12-01 00:00:00,775990104869,23,DW,01,G,01,234,MARTIN ULISES                 ,1B,ACTIVO,PAY639 ,1,F123,24NX,2025-11-01 00:00:00,1,2025-12-01 00:00:00,521,5857,0,995,56,0,0,904,9N4CE,1516,-995,NO HAY MEDIDOR,,,Error De Estimacion,S,2025-11-14 10:04:08,2301,L,9BBEL,FKA458 ,0,Nor,56,NO HAY MEDIDOR,56,S,FACT
2025-12-01 00:00:00,782050603006,40,DW,12,A,01,401,CARLOS ENRIQUE G  MORENO      ,1D,ACTIVO,0V26X3 ,2,F621,04F3,2025-10-01 00:00:00,1,2025-12-23 00:00:00,3207,148262,65809,32076,0,0,0,901,9ND2C,32076,-28869,,,,Error De Lectura,D,,,,,,,,,,,,CAMP
2025-12-01 00:00:00,774000857284,23,DW,01,E,02,235,ESCALANTE ROSADO DORIS        ,1D,ACTIVO,6BCX94 ,2,F623,25P2,2025-11-01 00:00:00,1,2025-12-05 00:00:00,641,14880,100,100,0,0,0,903,9MC4B,3713,-3072,,,,Error Cambio Medidor,S,,,,,,,,,,,,CAMP
2025-12-01 00:00:00,795060600433,27,DW,05,A,01,272,LARA MORALES MARIA DEL CARMEN ,1F,ACTIVO,26B8R6 ,2,F621,08KG,2025-11-01 00:00:00,1,2025-12-17 00:00:00,1026,8655,98992,2090,0,0,0,901,9NNK1,2090,-1064,,,,Error De Lectura,S,,,,,,,,,,,,CAMP
2025-12-01 00:00:00,795020105651,27,DW,05,A,01,292,MANUEL HIDALGO LUIS LORENZO   ,1F,ACTIVO,YP690U ,2,F623,21NU,2025-11-01 00:00:00,1,2025-12-23 00:00:00,1271,11974,23270,2787,0,0,0,906,9NNK1,2787,-1516,,,,Error De Sistema,S,,,,,,,,,,,,FACT
2025-12-01 00:00:00,780970603889,26,DW,12,B,01,260,GUMERSINDO CASTILLO           ,1D,ACTIVO,JE2987 ,2,F121,82EG,2025-10-01 00:00:00,1,2025-12-02 00:00:00,1251,7619,5936,731,0,0,0,901,9MCFP,2285,-1034,,,,Error De Lectura,S,,,,,,,,,,,,CAMP
2025-12-01 00:00:00,780940300598,33,DW,12,B,01,331,FERNANDO DE DIOS HERRERA      ,1D,ACTIVO,PBV910 ,1,F123,24NX,2025-11-01 00:00:00,1,2025-12-15 00:00:00,290,1368,1362,563,50,0,0,904,9MCFP,563,-273,CASA CERRADA,,,Error De Estimacion,S,2025-11-25 12:59:12,3351,R,GA4GN,PBV910 ,0,Nor,50,CASA CERRADA,50,S,FACT
2025-12-01 00:00:00,781970609689,11,DW,12,B,01,112,WLBERT ENCALADA               ,1D,ACTIVO,X735L0 ,1,F421,97F8,2025-11-01 00:00:00,1,2025-12-11 00:00:00,8,2586,44810,1005,0,0,0,901,9MCFP,1005,-997,,,,Error De Lectura,S,,,,,,,,,,,,CAMP
2025-12-01 00:00:00,795120105364,27,DW,05,A,01,274,MEDINA FUENTES ARACELI        ,1F,ACTIVO,3DVX32 ,2,F623,25NY,2025-11-01 00:00:00,1,2025-12-05 00:00:00,1305,12279,1305,1305,0,0,0,903,9NNK1,2851,-1546,,,,Error Cambio Medidor,S,,,,,,,,,,,,CAMP
2025-12-01 00:00:00,811110400622,25,DW,22,B,01,251,VAZQUEZ HERNANDEZ EDGAR       ,02,ACTIVO,03N51L ,2,F62H,10KN,2025-11-01 00:00:00,1,2025-12-01 00:00:00,34,1912,20785,345,0,0,0,904,9JR5B,345,-311,,,,Error De Estimacion,S,,,,,,,,,,,,FACT
2025-12-01 00:00:00,811220900281,25,DW,22,B,01,251,VAZQUEZ HERNANDEZ EDGAR       ,1D,ACTIVO,859TGR ,2,F622,16LM,2025-11-01 00:00:00,1,2025-12-01 00:00:00,425,2086,11921,714,0,0,0,904,9JR5B,714,-289,,,,Error De Estimacion,S,,,,,,,,,,,,FACT
2025-12-01 00:00:00,796050402940,12,DW,06,A,01,121,HERRERA MUT JORGE ALBERTO     ,1D,ACTIVO,5E862G ,1,F121,05JL,2025-12-01 00:00:00,1,2025-12-18 00:00:00,321,6497,32405,1740,0,0,0,901,9JR92,1740,-1419,,,,Error De Lectura,S,2025-12-08 11:42:40,1203,M,R9718,5E862G ,1740,Nor,  ,,FR,S,CAMP
2025-12-01 00:00:00,796051202731,31,DW,06,A,01,313,MUKUL CONTRERAS ELISA         ,1D,ACTIVO,9AAC31 ,2,F623,25NY,2025-11-01 00:00:00,1,2025-12-10 00:00:00,782,7115,1812,1812,0,0,0,903,9JR92,1812,-1030,,,,Error Cambio Medidor,S,,,,,,,,,,,,CAMP
2025-12-01 00:00:00,796251102413,14,DW,06,A,01,143,ROSAS VAZQUEZ REYNA IDALIA    ,1D,ACTIVO,PCC060 ,1,F123,24NX,2025-12-01 00:00:00,1,2025-12-19 00:00:00,3,538,120,120,0,0,0,901,9JR92,120,-117,,,,Error De Lectura,S,2025-12-09 15:10:39,1403,M,9MCK8,PCC060 ,120,Nor,  ,,FR,S,CAMP
2025-12-01 00:00:00,796960601199,24,DW,06,A,01,242,ROSA QUE CRUZ                 ,1D,ACTIVO,E476N9 ,1,F121,95F5,2025-12-01 00:00:00,1,2025-12-30 00:00:00,220,4216,35026,1225,0,0,0,901,9JR92,1225,-1005,,,,Error De Lectura,S,2025-12-16 12:46:16,2402,M,R9907,E476N9 ,99225,Nor,  ,,FR,S,CAMP
2025-12-01 00:00:00,796210700705,14,DW,06,A,01,142,GUILLEN VARGUEZ NERY MARBELLA ,1D,ACTIVO,NT719B ,2,F623,20NU,2025-12-01 00:00:00,1,2025-12-12 00:00:00,632,5576,13803,1532,0,0,0,901,9JR92,1532,-900,,,,Error De Lectura,S,2025-12-09 09:51:15,1401,M,9MCJY,NT719B ,1532,Nor,  ,,FR,S,CAMP
2025-12-01 00:00:00,796141201572,20,DW,06,A,01,202,PUC HO BERNALDO               ,1D,ACTIVO,PCF827 ,1,F123,24NX,2025-12-01 00:00:00,1,2025-12-22 00:00:00,397,2840,0,0,0,0,0,903,9JR92,897,-500,,,,Error Cambio Medidor,S,2025-12-12 09:26:19,2005,M,G92BA,018M1E ,397,Opt,  ,,,,CAMP
2025-12-01 00:00:00,796050402923,14,DW,06,A,01,142,REYES CRUZ MARA               ,1D,ACTIVO,PKN063 ,1,F123,24NX,2025-12-01 00:00:00,1,2025-12-17 00:00:00,430,1894,0,270,56,0,0,903,9JR92,700,-270,NO HAY MEDIDOR,,,Error Cambio Medidor,S,2025-12-09 10:58:37,1401,M,9MCJY,LNJ593 ,0,Nor,56,NO HAY MEDIDOR,56,S,CAMP
2025-12-01 00:00:00,799170500146,06,DW,06,D,01,060,ALVEREZ CRUZ VILMA ESTHER     ,1B,ACTIVO,4AUP87 ,2,F623,25P2,2025-12-01 00:00:00,1,2025-12-08 00:00:00,62,79682,16883,16883,0,0,0,903,9JRFD,16945,-16883,,,,Error Cambio Medidor,D,2025-12-03 08:21:42,0601,M,R9723,855VWT ,62,Opt,  ,,,,CAMP
2025-12-01 00:00:00,799030900403,24,DW,06,D,14,140,BALAM TEC IRENE               ,1C,ACTIVO,7G06F2 ,1,F121,03GG,2025-12-01 00:00:00,1,2025-12-23 00:00:00,0,46252,18513,9998,0,0,0,902,9JRFD,9998,-9998,,,,Sin Consumo,D,2025-12-16 11:17:45,2427,L,GAT5M,7G06F2 ,9998,Nor,  ,,FR,S,FACT
2025-12-01 00:00:00,795940501116,16,DW,05,A,01,162,ADOLFO MORALES COLMENARES     ,1F,ACTIVO,3DUY52 ,2,F623,25NY,2025-10-01 00:00:00,1,2025-12-18 00:00:00,0,17377,0,6408,0,0,0,903,9N4CB,6408,-6408,,,,Error Cambio Medidor,S,,,,,,,,,,,,CAMP
2025-12-01 00:00:00,795120503378,36,DW,05,A,01,164,RICARDES GRANALL ROCIO DE LOS ,1F,CORTADO,980X9T ,2,F622,14LM,2025-10-01 00:00:00,1,2025-12-30 00:00:00,0,2004,68159,1189,56,0,0,904,9N4CB,1189,-1189,NO HAY MEDIDOR,,,Error De Estimacion,S,2025-10-23 08:38:49,3603,M,9ND9F,980X9T ,0,Nor,56,NO HAY MEDIDOR,56,S,FACT
2025-12-01 00:00:00,797851000254,33,DW,06,B,16,161,DAMIAN CHI PECH               ,1B,ACTIVO,23B6D2 ,1,F121,08JL,2025-09-01 00:00:00,1,2025-12-10 00:00:00,732,6306,43668,1732,0,0,0,901,9N4CC,1732,-1000,,,,Error De Lectura,D,,,,,,,,,,,,CAMP
2025-12-01 00:00:00,797230300173,25,DW,06,B,46,002,TUN CHE YOLANDA               ,1D,ACTIVO,PBD112 ,1,F123,24NX,2025-11-01 00:00:00,1,2025-12-02 00:00:00,0,23406,5442,5442,0,31,0,903,9N4CC,5442,-5442,,SERVICIO SIN USO,,Error Cambio Medidor,D,,,,,,,,,,,,CAMP
2025-12-01 00:00:00,797250600793,02,DW,06,B,19,191,VELAZQUEZ BALAM EUGENIO ALONSO,02,ACTIVO,3BCM83 ,2,F623,25P2,2025-12-01 00:00:00,1,2025-12-09 00:00:00,1250,14949,0,1769,53,0,0,903,9N4CC,3019,-1769,UI SERV DIRECTO,,,Error Cambio Medidor,D,2025-12-01 07:47:00,0226,M,9EMEK,6AAC25 ,0,Nor,53,UI SERV DIRECTO,53,S,CAMP
2025-12-01 00:00:00,804750338358,31,DW,08,A,24,311,LUIS A PECH PECH              ,1B,ACTIVO,4G1J87 ,1,F121,01GG,2025-11-01 00:00:00,1,2025-12-15 00:00:00,175,4418,8989,1175,0,0,0,901,9N4CD,1175,-1000,,,,Error De Lectura,D,,,,,,,,,,,,CAMP
2025-12-01 00:00:00,804250500647,06,DW,08,A,07,062,CAPISTRAN SOSA ENRIQUE        ,1B,ACTIVO,6AAY08 ,2,F623,25NY,2025-12-01 00:00:00,1,2025-12-18 00:00:00,436,6141,1536,1535,0,0,0,902,9N4CD,1535,-1099,,,,Sin Consumo,D,2025-12-04 10:15:04,0626,L,9JR2G,6AAY08 ,1535,Opt,  ,,,,FACT
2025-12-01 00:00:00,804180800273,19,DW,08,A,01,301,CHALE BASTO LENNY MARISELA    ,1B,ACTIVO,5AUX94 ,2,F623,25P2,2025-11-01 00:00:00,1,2025-12-05 00:00:00,547,2144,187,187,0,0,0,903,9N4CD,730,-183,,,,Error Cambio Medidor,D,,,,,,,,,,,,CAMP
2025-12-01 00:00:00,810241006257,33,DW,22,A,01,331,SANTIZ RUIZ ADOLFO            ,1B,ACTIVO,WNB067 ,2,F623,24P2,2025-11-01 00:00:00,1,2025-12-02 00:00:00,422,65,1905,4,51,0,0,901,9N4CK,4,418,NO ENCONTRE DOMI,,,Error De Lectura,S,2025-11-24 09:38:27,3351,R,9JPYF,WNB067 ,0,Nor,51,NO ENCONTRE DOMI,,,CAMP
2025-12-01 00:00:00,810050906894,33,DW,22,A,02,333,GONZALEZ ROMAN SILVERIO       ,1B,ACTIVO,8F153N ,1,F121,05JL,2025-09-01 00:00:00,1,2025-12-04 00:00:00,667,6144,41330,1667,0,0,0,901,9N4CK,1667,-1000,,,,Error De Lectura,S,,,,,,,,,,,,CAMP
2025-12-01 00:00:00,315160500507,23,DW,04,B,23,232,ALVAREZ HERNANDEZ EVANGELINA  ,1F,ACTIVO,LG908A ,1,F123,20NT,2025-11-01 00:00:00,1,2025-12-29 00:00:00,0,339,537,278,0,0,0,901,9MCF6,278,-278,,,,Error De Lectura,S,,,,,,,,,,,,CAMP
2025-12-01 00:00:00,794250600298,28,DW,04,G,10,281,MONTEJO VELASQUEZ DANIEL HUMBE,1F,ACTIVO,RBK271 ,2,F623,24NY,2025-10-01 00:00:00,1,2025-12-19 00:00:00,15,148,242,196,0,0,0,901,9MCF6,196,-181,,,,Error De Lectura,S,,,,,,,,,,,,CAMP
2025-12-01 00:00:00,781031200492,18,DW,12,B,01,220,ALCANTARA GALAVIZ ROBERTO     ,1D,ACTIVO,3K94L0 ,1,F121,03GG,2025-12-01 00:00:00,1,2025-12-29 00:00:00,191,4402,25959,1201,0,0,0,901,9MCFP,1201,-1010,,,,Error De Lectura,S,2025-12-11 17:09:33,1801,M,9NCX2,3K94L0 ,1201,Nor,  ,,FR,S,CAMP
2025-12-01 00:00:00,781010801208,06,DW,12,B,01,060,UCAN PEREZ GONZALO            ,1D,ACTIVO,0F5L71 ,1,F121,01GG,2025-12-01 00:00:00,1,2025-12-23 00:00:00,351,4004,28890,1117,0,0,0,901,9MCFP,1117,-766,,,,Error De Lectura,S,2025-12-03 07:50:15,0602,L,9NCWM,0F5L71 ,1117,Nor,  ,,,,CAMP
2025-12-01 00:00:00,781100201722,12,DW,12,B,01,121,BOJORQUEZ PEREZ GABRIEL A     ,1D,ACTIVO,0R315N ,2,F621,06F3,2025-12-01 00:00:00,1,2025-12-29 00:00:00,435,3677,64842,1048,0,0,0,901,9MCFP,1048,-613,,,,Error De Lectura,S,2025-12-08 08:00:51,1202,M,GATKM,0R315N ,1048,Nor,  ,,,,CAMP
2025-12-01 00:00:00,781851201990,10,DW,12,B,01,101,ECHEVERRIA LOPE JOSE AMBROSIO ,1D,ACTIVO,TT6001 ,1,F121,85EG,2025-12-01 00:00:00,1,2025-12-29 00:00:00,195,127,6630,95,0,0,0,903,9MCFP,95,100,,,,Error Cambio Medidor,S,2025-12-05 15:15:02,1002,M,GACLM,TT6001 ,95,Nor,  ,,FR,S,CAMP
2025-12-01 00:00:00,781071203435,30,DW,12,C,01,304,OJEDA UC ARMANDO ALEJANDRO    ,1D,ACTIVO,18HL34 ,1,F121,07JL,2025-10-01 00:00:00,1,2025-12-09 00:00:00,2039,6510,43127,2039,0,0,0,901,9MCFP,2039,0,,,,Error De Lectura,S,,,,,,,,,,,,CAMP
2025-12-01 00:00:00,781050500499,29,DW,12,B,01,290,JOSE MELCHOR PAT SOLIS        ,1D,ACTIVO,8BCY65 ,2,F623,25P2,2025-11-01 00:00:00,1,2025-12-01 00:00:00,1168,6701,0,1062,51,0,0,904,9MCFP,2221,-1053,NO ENCONTRE DOMI,,,Error De Estimacion,S,2025-11-20 16:41:09,2901,L,GATKM,141B6P ,0,Nor,51,NO ENCONTRE DOMI,,,FACT
2025-12-01 00:00:00,771160103562,34,DW,01,B,01,343,ESPAZIO 101 SCP               ,02,ACTIVO,6D178E ,2,F621,05F3,2025-10-01 00:00:00,1,2025-12-01 00:00:00,1106,6145,44196,1174,56,0,0,904,9N4CN,1174,-68,NO HAY MEDIDOR,,,Error De Estimacion,S,2025-10-23 09:28:57,3451,R,9JRDF,6D178E ,0,Nor,56,NO HAY MEDIDOR,56,S,FACT
2025-12-01 00:00:00,773070202726,14,DW,01,D,01,142,DGANTE NARVAEZ RUBEN EMMANUEL ,1D,ACTIVO,DV261V ,2,F623,19NU,2025-12-01 00:00:00,1,2025-12-26 00:00:00,396,2112,5663,718,0,0,0,901,9N4CN,718,-322,,,,Error De Lectura,S,2025-12-09 16:30:11,1402,L,9MC6A,DV261V ,718,Nor,  ,,LM,S,CAMP
2025-12-01 00:00:00,777920100168,07,DW,01,J,04,071,LORENZO CABRALES SOTO         ,1C,ACTIVO,PBH748 ,1,F123,24NX,2025-07-01 00:00:00,1,2025-12-16 00:00:00,463,11953,193,193,0,0,0,903,9JR2L,3193,-2730,,,,Error Cambio Medidor,S,,,,,,,,,,,,CAMP
2025-12-01 00:00:00,773820900153,16,DW,01,D,01,161,JOSE A EUAN POOL              ,1D,CORTADO,XMM753 ,1,F123,24NX,2025-12-01 00:00:00,1,2025-12-19 00:00:00,6,6503,1672,1672,0,0,0,901,9JR2L,1672,-1666,,,,Error De Lectura,S,2025-12-10 12:20:05,1602,L,9NCYP,XMN838 ,608,Opt,  ,,,,CAMP
2025-12-01 00:00:00,770990301107,14,DW,01,A,01,142,ERICK F BOWEN LARA            ,1D,ACTIVO,RDL722 ,2,F623,24NY,2025-08-01 00:00:00,1,2025-12-30 00:00:00,154,1635,771,1151,0,0,0,901,9N4CG,1151,-997,,,,Error De Lectura,S,,,,,,,,,,,,CAMP
2025-12-01 00:00:00,770990301107,14,DW,01,A,01,142,ERICK F BOWEN LARA            ,1D,ACTIVO,RDL722 ,2,F623,24NY,2025-10-01 00:00:00,1,2025-12-30 00:00:00,155,59,772,1,0,0,0,901,9N4CG,1,154,,,,Error De Lectura,S,2025-10-08 11:37:28,1401,L,R9700,RDL722 ,99158,Nor,  ,,LM,S,CAMP
2025-12-01 00:00:00,771121003640,07,DW,01,B,01,077,CORDOVA LAGUNES SERGIO        ,02,ACTIVO,1DVY89 ,2,F623,25NY,2025-11-01 00:00:00,1,2025-12-01 00:00:00,1673,20340,1408,1999,52,0,0,904,9N4CN,3997,-2324,COMUNICACION INTERRU,,,Error De Estimacion,S,2025-11-05 12:23:41,0751,R,9EMKC,1DVY89 ,0,Nor,52,COMUNICACION INTERRU,52,S,FACT
2025-12-01 00:00:00,770750216811,15,DW,01,A,02,154,EMMA FAJARDO C                ,1D,ACTIVO,2W9V12 ,2,F621,02F3,2025-11-01 00:00:00,1,2025-12-30 00:00:00,612,5393,71960,1648,0,0,0,901,9N4CG,1648,-1036,,,,Error De Lectura,S,,,,,,,,,,,,CAMP
2025-12-01 00:00:00,774940701576,35,DW,01,E,02,352,REYES ALFONSO SANTANA LARA    ,1D,ACTIVO,1AUY83 ,2,F623,25P2,2025-11-01 00:00:00,1,2025-12-29 00:00:00,1157,18009,173,173,0,0,0,903,9N4CG,4218,-3061,,,,Error Cambio Medidor,S,,,,,,,,,,,,CAMP
2025-12-01 00:00:00,772120300175,05,DW,01,C,02,057,ESTRELLA BACAB ANGEL RIGOBERTO,1D,ACTIVO,866G4Y ,1,F122,13LN,2025-11-01 00:00:00,1,2025-12-18 00:00:00,27,214,13286,177,59,0,0,904,9N4CG,177,-150,DISPLAY APAGADO,,,Error De Estimacion,S,2025-10-31 09:09:47,0502,L,GA0MN,866G4Y ,0,Nor,59,DISPLAY APAGADO,59,S,FACT
2025-12-01 00:00:00,772160301719,37,DW,01,C,02,376,HERNANDEZ PINA JORGE MANUEL   ,1D,ACTIVO,647HRK ,1,F122,15LN,2025-11-01 00:00:00,1,2025-12-30 00:00:00,0,262,2863,189,56,0,0,904,9N4CG,189,-189,NO HAY MEDIDOR,,,Error De Estimacion,S,2025-11-26 11:41:16,3701,L,GAKKM,647HRK ,0,Nor,56,NO HAY MEDIDOR,56,S,FACT
2025-12-01 00:00:00,770060300887,22,DW,01,A,01,222,CARLOS RUBEN MAAS KEB         ,1D,BAJA SIN MED RET,2BCD76 ,2,F623,25P2,2025-10-01 00:00:00,1,2025-12-31 00:00:00,0,592,0,0,56,0,0,904,9N4CG,0,0,NO HAY MEDIDOR,,,Error De Estimacion,S,2025-10-14 07:59:09,2202,L,R9700,2BCD76 ,0,Nor,56,NO HAY MEDIDOR,56,S,FACT
2025-12-01 00:00:00,770050408761,27,DW,01,A,01,274,POOL DE GAMBOA IRMA GUADALUPE ,02,ACTIVO,6X16T1 ,1,F125,04JG,2025-01-01 00:00:00,1,2025-12-30 00:00:00,0,589,12609,95,0,0,0,901,9N4CG,95,-95,,,,Error De Lectura,S,,,,,,,,,,,,CAMP
2025-12-01 00:00:00,770050408761,27,DW,01,A,01,274,POOL DE GAMBOA IRMA GUADALUPE ,02,ACTIVO,6X16T1 ,1,F125,04JG,2025-03-01 00:00:00,1,2025-12-30 00:00:00,0,605,12707,98,0,0,0,901,9N4CG,98,-98,,,,Error De Lectura,S,,,,,,,,,,,,CAMP
2025-12-01 00:00:00,770050408761,27,DW,01,A,01,274,POOL DE GAMBOA IRMA GUADALUPE ,02,ACTIVO,6X16T1 ,1,F125,04JG,2025-05-01 00:00:00,1,2025-12-30 00:00:00,0,686,12821,114,0,0,0,901,9N4CG,114,-114,,,,Error De Lectura,S,,,,,,,,,,,,CAMP
2025-12-01 00:00:00,770050408761,27,DW,01,A,01,274,POOL DE GAMBOA IRMA GUADALUPE ,02,ACTIVO,6X16T1 ,1,F125,04JG,2025-07-01 00:00:00,1,2025-12-30 00:00:00,0,634,12923,102,0,0,0,901,9N4CG,102,-102,,,,Error De Lectura,S,,,,,,,,,,,,CAMP
2025-12-01 00:00:00,770050408761,27,DW,01,A,01,274,POOL DE GAMBOA IRMA GUADALUPE ,02,ACTIVO,6X16T1 ,1,F125,04JG,2025-09-01 00:00:00,1,2025-12-30 00:00:00,0,735,13043,120,0,0,0,901,9N4CG,120,-120,,,,Error De Lectura,S,,,,,,,,,,,,CAMP
2025-12-01 00:00:00,770050408761,27,DW,01,A,01,274,POOL DE GAMBOA IRMA GUADALUPE ,02,ACTIVO,6X16T1 ,1,F125,04JG,2025-11-01 00:00:00,1,2025-12-30 00:00:00,0,831,13182,139,0,0,0,901,9N4CG,139,-139,,,,Error De Lectura,S,,,,,,,,,,,,CAMP
2025-12-01 00:00:00,770920500366,26,DW,01,A,01,261,RICARDO MEDINA CAP S          ,02,ACTIVO,M9752W ,2,F121,76EG,2025-10-01 00:00:00,1,2025-12-18 00:00:00,330,4007,8702,749,0,0,0,904,9N4CG,749,-419,,,,Error De Estimacion,S,2025-10-17 11:13:58,2651,R,GA82N,M9753W ,10329,Nor,  ,,LN,S,FACT
2025-12-01 00:00:00,785900200274,35,DW,03,A,06,350,PRISCILIANO CHAN KU           ,1C,ACTIVO,A89A64 ,1,F121,91F5,2025-11-01 00:00:00,1,2025-12-03 00:00:00,248,2478,42760,764,0,0,0,901,9JR3C,764,-516,,,,Error De Lectura,S,,,,,,,,,,,,CAMP
2025-12-01 00:00:00,811040701123,16,DW,22,B,01,162,JOSE ANTONIO PECH YAM         ,1D,ACTIVO,1CFD96 ,2,F623,25P3,2025-12-01 00:00:00,1,2025-12-15 00:00:00,737,22374,4256,4256,0,0,0,903,9JR5B,4993,-4256,,,,Error Cambio Medidor,S,2025-12-10 09:14:15,1601,M,9MC92,RDH774 ,736,Opt,  ,,,,CAMP
2025-12-01 00:00:00,811220901589,25,DW,22,B,01,251,VAQUEZ HERNANDEZ EDGAR        ,1D,ACTIVO,YH420U ,2,F623,21NU,2025-11-01 00:00:00,1,2025-12-01 00:00:00,243,749,7502,431,0,0,0,904,9JR5B,431,-188,,,,Error De Estimacion,S,,,,,,,,,,,,FACT
2025-12-01 00:00:00,811810300947,24,DW,22,B,01,242,NEGOCIOS MONTEJO SA DE CV     ,02,ACTIVO,04E8M9 ,3,KL28,08KM,2025-12-01 00:00:00,1,2025-12-23 00:00:00,335,7814,7721,1503,0,0,0,901,9JR5B,1503,-1168,,,,Error De Lectura,S,2025-12-16 14:45:16,2452,N,GA2TN,04E8M9 ,1503,Nor,  ,,,,CAMP
2025-12-01 00:00:00,811000357543,12,DW,22,B,01,121,ROSA EUGENIA ALCERRECA JOAQUIN,1D,ACTIVO,6HX374 ,2,F621,98F3,2025-12-01 00:00:00,1,2025-12-17 00:00:00,382,3549,96784,1021,0,0,0,901,9JR5B,1021,-639,,,,Error De Lectura,S,2025-12-08 07:23:24,1201,M,9MC92,6HX374 ,1021,Nor,  ,,,,CAMP
2025-12-01 00:00:00,782010501723,33,DW,12,A,01,331,OLGUIN ALVAREZ JULIO CESAR    ,1D,ACTIVO,XMN605 ,1,F123,24NX,2025-11-01 00:00:00,1,2025-12-04 00:00:00,472,149,112,112,0,0,0,903,9N4C6,112,360,,,,Error Cambio Medidor,S,,,,,,,,,,,,CAMP
2025-12-01 00:00:00,783091206123,16,DW,12,D,01,160,VIDAL PEREZ MARIA LUISA       ,1D,ACTIVO,2BDL72 ,2,F623,25P2,2025-12-01 00:00:00,1,2025-12-18 00:00:00,213,3867,172,172,0,0,0,903,9N4C6,1088,-875,,,,Error Cambio Medidor,S,2025-12-10 10:40:30,1601,M,GA4HN,2BDL72 ,172,Opt,  ,,,,CAMP
2025-12-01 00:00:00,780150602543,08,DW,12,A,01,081,CHAVEZ GONZALEZ RICARDO       ,1D,ACTIVO,8BDK65 ,2,F623,25P2,2025-12-01 00:00:00,1,2025-12-09 00:00:00,476,5954,169,169,0,0,0,903,9N4C6,1406,-930,,,,Error Cambio Medidor,S,2025-12-04 12:17:00,0802,M,GAD0M,8BDK65 ,169,Nor,  ,,LM,S,CAMP
2025-12-01 00:00:00,783190704500,20,DW,12,D,01,202,CORDOVA RUIZ ERIKA YASMIN     ,1D,ACTIVO,3AUN57 ,2,F623,25P2,2025-12-01 00:00:00,1,2025-12-22 00:00:00,775,6175,495,495,0,0,0,903,9N4C6,1575,-800,,,,Error Cambio Medidor,S,2025-12-12 10:12:50,2003,L,GA4HN,3AUN57 ,495,Opt,  ,,,,CAMP
2025-12-01 00:00:00,771200901599,35,DW,01,B,01,351,CARRASCO LOYA BANELLY         ,1D,CORTADO,BE609L ,2,F623,19NV,2025-11-01 00:00:00,1,2025-12-30 00:00:00,1442,98144,3426,21918,0,0,0,901,9N4CG,21918,-20476,,,,Error De Lectura,S,2025-11-25 16:24:08,3501,M,GA00N,BE609L ,21918,Opt,  ,,,,CAMP
2025-12-01 00:00:00,800231200271,06,DW,07,A,05,065,OVANDO DE LA CRUZ CARLOS      ,1B,ACTIVO,DXP517 ,1,F123,22NX,2025-12-01 00:00:00,1,2025-12-09 00:00:00,491,1813,4908,622,0,0,0,901,9JR0F,622,-131,,,,Error De Lectura,S,2025-12-03 11:31:17,0601,M,GAVNM,DXP517 ,622,Nor,  ,,LM,S,CAMP
2025-12-01 00:00:00,796091004231,29,DW,06,A,01,291,REYES MOO JOAQUIN FERNANDO    ,1D,ACTIVO,8HW221 ,2,F421,98GH,2025-11-01 00:00:00,1,2025-12-09 00:00:00,0,4634,15742,1323,0,31,0,901,9JR59,1323,-1323,,SERVICIO SIN USO,,Error De Lectura,S,,,,,,,,,,,,CAMP
2025-12-01 00:00:00,796221002074,25,DW,06,A,01,251,PROMO CASA CONSTRUCCIONES     ,02,ACTIVO,9AAB75 ,2,F623,25NY,2025-11-01 00:00:00,1,2025-12-02 00:00:00,8366,76492,15597,15597,0,0,0,906,9JR59,15597,-7231,,,,Error De Sistema,S,,,,,,,,,,,,FACT
2025-12-01 00:00:00,789860101028,25,DW,04,B,23,255,BALAN NIDELFA                 ,1F,ACTIVO,32WF17 ,1,F121,08JL,2025-11-01 00:00:00,1,2025-12-03 00:00:00,582,2413,49523,779,0,0,0,901,9JRB3,779,-197,,,,Error De Lectura,S,,,,,,,,,,,,CAMP
2025-12-01 00:00:00,810180701062,75,DW,22,A,01,751,LORIA MORALES JOSE DEL CARMEN ,67,ACTIVO,MV822J ,3,KL28,20KE,2025-07-01 00:00:00,1,2025-12-05 00:00:00,0,8603,41396,2133,59,0,0,904,9MCF1,2133,-2133,DISPLAY APAGADO,,,Error De Estimacion,S,2025-07-17 10:21:19,7201,L,9JPYF,MV822J ,0,Nor,59,DISPLAY APAGADO,59,S,FACT
2025-12-01 00:00:00,810180701062,75,DW,22,A,01,751,LORIA MORALES JOSE DEL CARMEN ,67,ACTIVO,MV822J ,3,KL28,20KE,2025-08-01 00:00:00,1,2025-12-05 00:00:00,0,6402,42909,1513,59,0,0,904,9MCF1,1513,-1513,DISPLAY APAGADO,,,Error De Estimacion,S,2025-08-19 10:48:04,7301,L,9JPYF,MV822J ,0,Nor,59,DISPLAY APAGADO,59,S,FACT
2025-12-01 00:00:00,811140301319,28,DW,22,B,01,283,CASTILLO PUC GABRIELA DE  JESU,1D,ACTIVO,415WW8 ,2,F622,13LM,2025-12-01 00:00:00,1,2025-12-29 00:00:00,436,16270,56566,3705,59,0,0,904,9BBPP,3705,-3269,DISPLAY APAGADO,,,Error De Estimacion,S,2025-12-18 13:22:51,2803,L,GA22N,415WW8 ,0,Nor,59,DISPLAY APAGADO,59,S,FACT
2025-12-01 00:00:00,811240200951,16,DW,22,B,01,161,ROBLES GONZALEZ CARLOS        ,1D,ACTIVO,JAA962 ,2,F623,23NU,2025-12-01 00:00:00,1,2025-12-29 00:00:00,0,4691,8187,1262,50,0,0,904,9BBPP,1262,-1262,CASA CERRADA,,,Error De Estimacion,S,2025-12-10 10:21:46,1651,N,9ND4H,JAA962 ,0,Nor,50,CASA CERRADA,50,S,FACT
2025-12-01 00:00:00,777050801726,30,DW,01,J,19,301,CEH PECH JOSE REMIGIO         ,1C,ACTIVO,0DVN54 ,2,F623,25NY,2025-08-01 00:00:00,1,2025-12-16 00:00:00,573,2967,0,573,57,0,0,904,9BBRW,1146,-573,RUTA INCOMPLETA,,,Error De Estimacion,S,2025-08-20 10:23:01,3026,M,R9712,0DVN54 ,0,Nor,56,NO HAY MEDIDOR,56,S,FACT
2025-12-01 00:00:00,777750607262,29,DW,01,J,07,292,CETZ SULU ALFREDO             ,1D,ACTIVO,D6366C ,1,F121,97F5,2025-11-01 00:00:00,1,2025-12-16 00:00:00,130,4027,42922,1130,0,0,0,901,9BBRW,1130,-1000,,,,Error De Lectura,S,,,,,,,,,,,,CAMP
2025-12-01 00:00:00,789020203598,79,DW,04,A,01,781,SERV AGROP LA HERRADURA SPR RL,9C,ACTIVO,CKW756 ,3,VL28,22NJ,2025-04-01 00:00:00,1,2025-12-31 00:00:00,0,3024,1309,4080,0,0,0,901,9BBV5,4080,-4080,,,,Error De Lectura,D,,,,,,,,,,,,CAMP
2025-12-01 00:00:00,789020203598,79,DW,04,A,01,781,SERV AGROP LA HERRADURA SPR RL,9C,ACTIVO,CKW756 ,3,VL28,22NJ,2025-03-01 00:00:00,1,2025-12-31 00:00:00,0,6444,1258,8720,0,0,0,901,9BBV5,8720,-8720,,,,Error De Lectura,D,2025-03-26 14:57:22,7801,L,9JRCP,CKW756 ,109,Nor,  ,,,,CAMP
2025-12-01 00:00:00,789020203598,79,DW,04,A,01,781,SERV AGROP LA HERRADURA SPR RL,9C,ACTIVO,CKW756 ,3,VL28,22NJ,2025-02-01 00:00:00,2,2025-12-31 00:00:00,0,6503,1149,8800,0,0,0,901,9BBV5,8800,-8800,,,,Error De Lectura,D,,,,,,,,,,,,CAMP
2025-12-01 00:00:00,789020203598,79,DW,04,A,01,781,SERV AGROP LA HERRADURA SPR RL,9C,ACTIVO,CKW756 ,3,VL28,22NJ,2025-01-01 00:00:00,2,2025-12-31 00:00:00,0,5616,1039,7600,0,0,0,901,9BBV5,7600,-7600,,,,Error De Lectura,D,,,,,,,,,,,,CAMP
2025-12-01 00:00:00,781951102387,17,DW,12,B,01,017,MAYA DEL ANGEL FIDENCIO       ,1D,ACTIVO,XMN102 ,1,F123,24NX,2025-11-01 00:00:00,1,2025-12-03 00:00:00,5997,25992,185,185,0,0,0,903,9EMJA,5997,0,,,,Error Cambio Medidor,S,,,,,,,,,,,,CAMP
2025-12-01 00:00:00,782900600575,10,DW,12,B,01,100,BUENAVENTURA AREVALO          ,1D,ACTIVO,08C6A6 ,2,F621,08KG,2025-12-01 00:00:00,1,2025-12-12 00:00:00,839,7426,91894,1839,0,0,0,901,9EMJA,1839,-1000,,,,Error De Lectura,S,2025-12-05 07:32:40,1001,M,GAX2M,08C6A6 ,1839,Nor,  ,,FR,S,CAMP
2025-12-01 00:00:00,782110602136,28,DW,12,C,01,285,COCOM LOPEZ ROSARIO DE JESUS  ,1D,ACTIVO,5BCR20 ,2,F623,25P2,2025-10-01 00:00:00,1,2025-12-18 00:00:00,343,2205,737,737,0,0,0,903,9EMJA,1080,-737,,,,Error Cambio Medidor,S,,,,,,,,,,,,CAMP
2025-12-01 00:00:00,810050906894,33,DW,22,A,02,333,GONZALEZ ROMAN SILVERIO       ,1B,ACTIVO,8F153N ,1,F121,05JL,2025-11-01 00:00:00,1,2025-12-04 00:00:00,392,65,41344,14,0,0,0,901,9JPYD,14,378,,,,Error De Lectura,S,2025-11-24 11:15:59,3302,M,9NCT1,8F153N ,99392,Nor,  ,,FR,S,CAMP
2025-12-01 00:00:00,777220801394,31,DW,01,J,03,311,POOL BASTO JOSE DIONEY        ,02,ACTIVO,7AAG41 ,2,F623,25NY,2025-07-01 00:00:00,1,2025-12-22 00:00:00,0,6162,1,1,0,31,0,905,9JPYN,1145,-1145,,SERVICIO SIN USO,,Falla De Medidor,S,,,,,,,,,,,,MED
2025-12-01 00:00:00,777250501859,11,DW,01,J,53,112,AKE TZEC YENIFER IVON         ,1D,ACTIVO,DB541D ,1,F123,19NM,2025-11-01 00:00:00,1,2025-12-17 00:00:00,551,5753,2427,1763,0,0,0,906,9JPYN,1763,-1212,,,,Error De Sistema,S,,,,,,,,,,,,FACT
2025-12-01 00:00:00,776880400035,07,DW,01,H,42,071,JUNA MENDEZ SANTOS            ,1B,ACTIVO,J7T961 ,1,F121,88F5,2025-09-01 00:00:00,1,2025-12-01 00:00:00,15,3216,66813,1015,0,0,0,901,9JPYN,1015,-1000,,,,Error De Lectura,S,,,,,,,,,,,,CAMP
2025-12-01 00:00:00,777870300055,20,DW,01,J,03,201,EDGAR ESPEJO                  ,1C,ACTIVO,YL2899 ,1,F121,86EG,2025-10-01 00:00:00,1,2025-12-01 00:00:00,233,2865,7888,1234,0,0,0,901,9JPYN,1234,-1001,,,,Error De Lectura,S,,,,,,,,,,,,CAMP
2025-12-01 00:00:00,777020600203,28,DW,01,J,10,281,CAPILLA SAN ANTONIO           ,02,ACTIVO,M146W9 ,1,F121,96F5,2025-08-01 00:00:00,1,2025-12-22 00:00:00,4,5054,11558,941,0,0,0,901,9JPYN,941,-937,,,,Error De Lectura,S,,,,,,,,,,,,CAMP
2025-12-01 00:00:00,810241001948,32,DW,22,A,01,321,VARGAS AGUADO EDNA YERED      ,02,ACTIVO,4AAL20 ,2,F623,25NY,2025-12-01 00:00:00,1,2025-12-30 00:00:00,518,25522,1450,5059,0,0,70,904,9MCCM,5059,-4541,,,LECTURA NEGATIVA,Error De Estimacion,D,2025-12-22 07:48:23,3251,R,GA21N,4AAL20 ,99000,Nor,  ,,FR,S,FACT
2025-12-01 00:00:00,811090300103,27,DW,22,B,01,272,ZETINA GARCIA VICTORIA        ,1D,ACTIVO,83C2N4 ,2,F621,08KG,2025-11-01 00:00:00,1,2025-12-04 00:00:00,721,11073,26397,2617,0,0,70,904,9JR5B,2617,-1896,,,LECTURA NEGATIVA,Error De Estimacion,S,2025-11-19 07:58:08,2702,M,9NCT6,83C2N4 ,97606,Nor,  ,,FR,S,FACT
2025-12-01 00:00:00,770000858536,23,DW,01,A,02,231,MARTIN PINZON MARCELINA       ,02,ACTIVO,35CM78 ,2,F629,06JJ,2025-11-01 00:00:00,1,2025-12-30 00:00:00,0,7020,45475,1348,0,0,70,904,9N4CG,1348,-1348,,,LECTURA NEGATIVA,Error De Estimacion,S,2025-11-14 12:24:36,2302,L,GAAJN,35CM78 ,99960,Nor,  ,,FR,S,FACT
2025-12-01 00:00:00,773030100106,31,DW,01,A,02,314,BAAS CHAN RANULFO             ,02,ACTIVO,5D50T0 ,1,F121,03GG,2025-11-01 00:00:00,1,2025-12-12 00:00:00,0,1408,47636,249,0,0,70,904,9N4CN,249,-249,,,LECTURA NEGATIVA,Error De Estimacion,S,2025-11-21 12:23:08,3101,M,9NCY6,5D50T0 ,9912,Nor,  ,,FR,S,FACT
2025-12-01 00:00:00,810160306400,31,DW,22,A,02,317,JONATHAN ALBERTO LAGIER FALCON,1B,ACTIVO,BE882Y ,2,F623,19NV,2025-11-01 00:00:00,1,2025-12-05 00:00:00,142,2667,9740,816,0,0,70,901,9N4CK,816,-674,,,LECTURA NEGATIVA,Error De Lectura,S,2025-11-21 10:33:13,3156,R,9MCKU,BE882Y ,99774,Nor,  ,,FR,S,CAMP
2025-12-01 00:00:00,771170202194,10,DW,01,B,02,103,MASSUTTIER OSORIO FREUDY GABRI,02,BAJA SIN MED RET,A518KX ,2,F622,16LM,2025-10-01 00:00:00,1,2025-12-31 00:00:00,0,2310,21053,421,0,44,70,904,,421,-421,,NUM MEDID DESIGU,LECTURA NEGATIVA,Error De Estimacion,,2025-10-06 13:27:06,1001,M,GAXVM,A518KX ,79271,Nor,44,NUM MEDID DESIGU,44,S,FACT
2025-12-01 00:00:00,771190700263,22,DW,01,B,02,228,CHI VILLANUEVA GERARDO        ,1D,BAJA SIN MED RET,P347PU ,1,F123,18NM,2025-10-01 00:00:00,1,2025-12-31 00:00:00,0,769,12680,610,0,0,70,904,,610,-610,,,LECTURA NEGATIVA,Error De Estimacion,,2025-10-14 08:30:10,2208,M,9EMKC,P347PU ,98552,Opt,  ,,,,FACT
2025-12-01 00:00:00,315240200474,12,DW,04,B,23,122,POOL CHAN LEONARDO SAMUEL     ,1F,ACTIVO,JDC673 ,2,F623,23NU,2025-12-01 00:00:00,1,2025-12-29 00:00:00,0,993,4356,480,0,0,70,904,9BBKG,480,-480,,,LECTURA NEGATIVA,Error De Estimacion,S,2025-12-09 11:58:01,1251,R,9BBCL,JDC673 ,99637,Opt,  ,,,,FACT
2025-12-01 00:00:00,786160400106,29,DW,03,B,14,291,MURRIETA SALAZAR MARIA DEL CAR,1D,ACTIVO,0DVT55 ,2,F623,25NY,2025-11-01 00:00:00,1,2025-12-02 00:00:00,146,2894,414,306,0,0,70,904,G08DA,885,-739,,,LECTURA NEGATIVA,Error De Estimacion,S,2025-11-20 10:07:51,2901,L,GA8EN,0DVT55 ,99722,Opt,  ,,,,FACT
2025-12-01 00:00:00,803240300244,04,DW,07,D,50,502,MENDOZA BASTOS MARIA DOLORES  ,1C,ACTIVO,JCJ766 ,2,F623,23NU,2025-12-01 00:00:00,1,2025-12-23 00:00:00,0,3691,3866,1018,0,0,70,901,G87AV,1018,-1018,,,LECTURA NEGATIVA,Error De Lectura,S,2025-12-02 13:48:42,0427,M,R9920,JCJ766 ,99264,Opt,  ,,,,CAMP
2025-12-01 00:00:00,803881000020,23,DW,07,D,03,212,LUCIA OFELIA MIS TUN          ,1C,ACTIVO,PBC421 ,1,F123,24NX,2025-11-01 00:00:00,1,2025-12-04 00:00:00,826,6208,0,837,0,0,70,903,G87AV,1663,-837,,,LECTURA NEGATIVA,Error Cambio Medidor,S,2025-11-14 08:41:42,2301,L,GA2CN,9RG625 ,819,Nor,  ,,,,CAMP
