Fecha_Ade,Rpu,Ciclo,Division,Zona,Agencia,Poblacion,Ruta,Nombre,Fecha_Alta,Clave_Envio,Tarifa,Estado_Servicio,Tipo_ade,Kwh,Importe,Censo_Fecha,Numero_Lamparas,Conectores,Fecha_Lectura_Kavi,Num_Tarea_Kavi,Tipo_Tarea_Kavi,RPE_Lectura_Kavi,Medidor_Kavi,Kwh_Kavi,Modo_Captura_Kavi,Cve_Anom_Kavi,Desc_Anom_Kavi,Validacion_Kavi,Tiene_Foto_Kavi,Carga_Instalada,Censo_Tarifa,Fecha_SERSAP,Proceso
2026-02-01 00:00:00,770011002447,80,DW,01,A,01,001,MUNICIPIO DE MERIDA YUCATAN   ,2001-09-30 00:00:00, ,5A,ACTIVO,,,,2025-08-28,6,0,,,,,,,,,,,,3,0.72999999999999998,2026-02-26,SSB
2026-02-01 00:00:00,770040300082,84,DW,01,B,01,045,MUNICIPIO DE MERIDA YUCATAN   ,2004-01-31 00:00:00, ,5A,ACTIVO,,,,2025-10-14,27,0,,,,,,,,,,,,3.3799999999999999,2.9700000000000002,2026-02-26,SSB
2026-02-01 00:00:00,770101101398,80,DW,01,E,02,001,MUNICIPIO DE MERIDA YUCATAN   ,2010-11-16 00:00:00, ,5A,ACTIVO,,,,2025-11-26,44,0,,,,,,,,,,,,5.1299999999999999,5.3799999999999999,2026-02-26,SSB
2026-02-01 00:00:00,770110801050,80,DW,01,E,02,001,MUNICIPIO DE MERIDA YUCATAN   ,2011-07-06 00:00:00, ,5A,ACTIVO,,,,2025-11-11,47,0,,,,,,,,,,,,6,5.8799999999999999,2026-02-26,SSB
2026-02-01 00:00:00,770111102325,84,DW,01,E,02,045,MUNICIPIO DE MERIDA YUCATAN   ,2011-11-04 00:00:00, ,5A,ACTIVO,,,,2025-11-12,55,0,,,,,,,,,,,,6.6900000000000004,7.5700000000000003,2026-02-26,SSB
2026-02-01 00:00:00,770970601678,84,DW,01,B,01,045,MUNICIPIO DE MERIDA YUCATAN   ,1997-06-30 00:00:00, ,5A,ACTIVO,,,,2026-01-21,7378,0,,,,,,,,,,,,939.64999999999998,788.32000000000005,2026-02-26,SSB
2026-02-01 00:00:00,770970601686,84,DW,01,D,01,045,MUNICIPIO DE MERIDA YUCATAN   ,1997-06-30 00:00:00, ,5A,ACTIVO,,,,2025-11-27,4354,0,,,,,,,,,,,,524.22000000000003,510.29000000000002,2026-02-26,SSB
2026-02-01 00:00:00,770970601775,84,DW,01,D,01,045,MUNICIPIO DE MERIDA YUCATAN   ,1997-06-30 00:00:00, ,5A,ACTIVO,,,,2025-11-26,338,0,,,,,,,,,,,,41.799999999999997,28.829999999999998,2026-02-26,SSB
2026-02-01 00:00:00,770981101278,80,DW,01,A,01,001,INST DE INFR  CARR  DE YUC    ,1998-11-30 00:00:00,C,5A,ACTIVO,,,,2025-11-20,13422,0,,,,,,,,,,,,184.40000000000001,93.819999999999993,2026-02-26,SSB
2026-02-01 00:00:00,771011009651,80,DW,01,B,01,801,MUNICIPIO DE MERIDA YUCATAN   ,2001-09-30 00:00:00, ,5A,ACTIVO,,,,2026-01-15,56,0,,,,,,,,,,,,6.1299999999999999,8.4900000000000002,2026-02-26,SSB
2026-02-01 00:00:00,771011009685,80,DW,01,B,01,801,MUNICIPIO DE MERIDA YUCATAN   ,2001-09-30 00:00:00, ,5A,ACTIVO,,,,2026-01-07,18,0,,,,,,,,,,,,7.7999999999999998,0.95999999999999996,2026-02-26,SSB
2026-02-01 00:00:00,771011010136,80,DW,01,B,01,801,MUNICIPIO DE MERIDA YUCATAN   ,2001-09-30 00:00:00, ,5A,ACTIVO,,,,2026-01-26,6,0,,,,,,,,,,,,1.8799999999999999,0.59999999999999998,2026-02-26,SSB
2026-02-01 00:00:00,771011010349,80,DW,01,B,01,801,MUNICIPIO DE MERIDA YUCATAN   ,2001-09-30 00:00:00, ,5A,ACTIVO,,,,2026-01-23,42,0,,,,,,,,,,,,9.5,4.2000000000000002,2026-02-26,SSB
2026-02-01 00:00:00,771011010527,80,DW,01,B,01,801,MUNICIPIO DE MERIDA YUCATAN   ,2001-09-30 00:00:00, ,5A,ACTIVO,,,,2026-01-13,27,0,,,,,,,,,,,,4.6900000000000004,5.0700000000000003,2026-02-26,SSB
2026-02-01 00:00:00,771011010616,80,DW,01,B,01,801,MUNICIPIO DE MERIDA YUCATAN   ,2001-09-30 00:00:00, ,5A,ACTIVO,,,,2026-01-14,66,0,,,,,,,,,,,,10.359999999999999,6.5999999999999996,2026-02-26,SSB
2026-02-01 00:00:00,771011010837,80,DW,01,B,01,801,MUNICIPIO DE MERIDA YUCATAN   ,2001-09-30 00:00:00, ,5A,ACTIVO,,,,2025-12-12,25,0,,,,,,,,,,,,4.8799999999999999,1.5,2026-02-26,SSB
2026-02-01 00:00:00,771070701576,80,DW,01,B,01,801,MUNICIPIO DE MERIDA YUCATAN   ,2007-06-11 00:00:00, ,5A,ACTIVO,,,,2025-12-23,47,0,,,,,,,,,,,,5.6299999999999999,5.8799999999999999,2026-02-26,SSB
2026-02-01 00:00:00,771080102361,80,DW,01,B,01,801,MUNICIPIO DE MERIDA YUCATAN   ,2007-09-14 00:00:00, ,5A,ACTIVO,,,,2026-01-14,4,0,,,,,,,,,,,,1.79,0.58999999999999997,2026-02-26,SSB
2026-02-01 00:00:00,771080106307,80,DW,01,B,01,801,MUNICIPIO DE MERIDA YUCATAN   ,2007-09-18 00:00:00, ,5A,ACTIVO,,,,2025-12-19,27,0,,,,,,,,,,,,6,5.6699999999999999,2026-02-26,SSB
2026-02-01 00:00:00,771100402471,80,DW,01,M,17,801,MUNICIPIO DE MERIDA YUCATAN   ,2010-04-13 00:00:00, ,5A,ACTIVO,,,,2026-01-20,58,0,,,,,,,,,,,,3.5099999999999998,5.7999999999999998,2026-02-26,SSB
2026-02-01 00:00:00,771110803075,80,DW,01,B,01,801,MUNICIPIO DE MERIDA YUCATAN   ,2011-07-06 00:00:00, ,5A,ACTIVO,,,,2025-12-23,58,0,,,,,,,,,,,,7.25,5.8499999999999996,2026-02-26,SSB
2026-02-01 00:00:00,771110804951,80,DW,01,B,01,801,MUNICIPIO DE MERIDA YUCATAN   ,2011-07-04 00:00:00, ,5A,ACTIVO,,,,2026-01-05,26,0,,,,,,,,,,,,3.25,2.6000000000000001,2026-02-26,SSB
2026-02-01 00:00:00,771171002849,80,DW,01,B,01,801,MUNICIPIO DE MERIDA YUCATAN   ,2017-10-23 00:00:00, ,5A,ACTIVO,,,,2026-01-22,26,0,,,,,,,,,,,,5.9699999999999998,3.8900000000000001,2026-02-26,SSB
2026-02-01 00:00:00,771980710889,84,DW,01,B,01,045,MUNICIPIO DE MERIDA YUCATAN   ,1998-07-02 00:00:00, ,5A,ACTIVO,,,,2025-12-15,32,0,,,,,,,,,,,,8.3000000000000007,3.2000000000000002,2026-02-26,SSB
2026-02-01 00:00:00,773071201391,84,DW,01,D,01,045,MUNICIPIO DE MERIDA YUCATAN   ,2007-09-21 00:00:00, ,5A,ACTIVO,,,,2025-11-11,12,0,,,,,,,,,,,,1.8300000000000001,1.55,2026-02-26,SSB
2026-02-01 00:00:00,773071201502,80,DW,01,D,01,001,MUNICIPIO DE MERIDA YUCATAN   ,2007-09-24 00:00:00, ,5A,ACTIVO,,,,2025-10-30,20,0,,,,,,,,,,,,2.5,2,2026-02-26,SSB
2026-02-01 00:00:00,773071201561,80,DW,01,D,01,001,MUNICIPIO DE MERIDA YUCATAN   ,2007-09-24 00:00:00, ,5A,ACTIVO,,,,2025-10-01,26,0,,,,,,,,,,,,2.5,3.4399999999999999,2026-02-26,SSB
2026-02-01 00:00:00,774011004526,80,DW,01,E,02,001,MUNICIPIO DE MERIDA YUCATAN   ,2001-09-30 00:00:00, ,5A,ACTIVO,,,,2025-07-29,31,0,,,,,,,,,,,,4.5,3.8799999999999999,2026-02-26,SSB
2026-02-01 00:00:00,774060201035,84,DW,01,E,02,045,MUNICIPIO DE MERIDA YUCATAN   ,2005-12-09 00:00:00, ,5A,ACTIVO,,,,2025-10-16,34,0,,,,,,,,,,,,12.24,4.5,2026-02-26,SSB
2026-02-01 00:00:00,774070301674,80,DW,01,D,01,001,MUNICIPIO DE MERIDA YUCATAN   ,2007-02-28 00:00:00, ,5A,ACTIVO,,,,2025-11-24,22,0,,,,,,,,,,,,2.6299999999999999,1.5800000000000001,2026-02-26,SSB
2026-02-01 00:00:00,775910500246,84,DW,01,G,01,045,MUNICIPIO DE MERIDA YUCATAN   ,1991-05-31 00:00:00, ,5A,ACTIVO,,,,2025-11-27,33,0,,,,,,,,,,,,4.75,3.54,2026-02-26,SSB
2026-02-01 00:00:00,776110801287,80,DW,01,E,02,001,MUNICIPIO DE MERIDA YUCATAN   ,2011-07-06 00:00:00, ,5A,ACTIVO,,,,2025-11-11,52,0,,,,,,,,,,,,6.75,6.5,2026-02-26,SSB
2026-02-01 00:00:00,776110801295,80,DW,01,E,02,001,MUNICIPIO DE MERIDA YUCATAN   ,2011-07-06 00:00:00, ,5A,ACTIVO,,,,2025-11-18,45,0,,,,,,,,,,,,5.75,5.6299999999999999,2026-02-26,SSB
2026-02-01 00:00:00,776180403858,80,DW,01,E,02,001,MUNICIPIO DE MERIDA YUCATAN   ,2018-05-04 00:00:00, ,5A,ACTIVO,,,,2025-10-23,6,0,,,,,,,,,,,,0.71999999999999997,0.39000000000000001,2026-02-26,SSB
2026-02-01 00:00:00,777011201070,80,DW,01,J,03,001,MUNICIPIO DE UMAN YUCATAN     ,2001-08-13 00:00:00, ,5A,ACTIVO,,,,2025-09-17,78,0,,,,,,,,,,,,9.2300000000000004,9.3499999999999996,2026-02-26,SSB
2026-02-01 00:00:00,777071100973,80,DW,01,B,01,801,MUNICIPIO DE MERIDA YUCATAN   ,2007-08-29 00:00:00, ,5A,ACTIVO,,,,2025-07-18,34,0,,,,,,,,,,,,4.3300000000000001,4.2300000000000004,2026-02-26,SSB
2026-02-01 00:00:00,777071101040,80,DW,01,B,01,801,MUNICIPIO DE MERIDA YUCATAN   ,2007-09-17 00:00:00, ,5A,ACTIVO,,,,2025-12-12,24,0,,,,,,,,,,,,2.6299999999999999,2.3999999999999999,2026-02-26,SSB
2026-02-01 00:00:00,777071101104,84,DW,01,A,01,045,MUNICIPIO DE MERIDA YUCATAN   ,2007-09-17 00:00:00, ,5A,ACTIVO,,,,2025-12-03,8,1,,,,,,,,,,,,3.0699999999999998,1.8999999999999999,2026-02-26,SSB
2026-02-01 00:00:00,777071102194,84,DW,01,B,01,045,MUNICIPIO DE MERIDA YUCATAN   ,2007-09-14 00:00:00, ,5A,ACTIVO,,,,2026-01-27,8,0,,,,,,,,,,,,0.5,1.1299999999999999,2026-02-26,SSB
2026-02-01 00:00:00,777071200722,80,DW,01,D,01,001,MUNICIPIO DE MERIDA YUCATAN   ,2007-09-21 00:00:00, ,5A,ACTIVO,,,,2025-11-11,14,0,,,,,,,,,,,,2.1899999999999999,2.8399999999999999,2026-02-26,SSB
2026-02-01 00:00:00,776110305069,80,DW,01,E,02,001,MUNICIPIO DE MERIDA YUCATAN   ,2011-10-25 00:00:00, ,5A,ACTIVO,,,,2025-11-06,102,0,,,,,,,,,,,,12.5,12.75,2026-02-26,SSB
2026-02-01 00:00:00,773080107055,84,DW,01,D,01,045,MUNICIPIO DE MERIDA YUCATAN   ,2007-09-20 00:00:00, ,5A,ACTIVO,,,,2025-11-27,6,0,,,,,,,,,,,,2,2.25,2026-02-26,SSB
2026-02-01 00:00:00,773071103331,80,DW,01,B,01,801,MUNICIPIO DE MERIDA YUCATAN   ,2007-09-17 00:00:00, ,5A,ACTIVO,,,,2025-12-15,64,0,,,,,,,,,,,,6.6299999999999999,8.1300000000000008,2026-02-26,SSB
2026-02-01 00:00:00,777141102618,80,DW,01,J,03,001,MUNICIPIO DE MERIDA YUCATAN   ,2014-11-26 00:00:00, ,5A,ACTIVO,,,,2025-12-05,17,0,,,,,,,,,,,,3.8799999999999999,2.1299999999999999,2026-02-26,SSB
2026-02-01 00:00:00,773071103292,84,DW,01,B,01,045,MUNICIPIO DE MERIDA YUCATAN   ,2007-09-17 00:00:00, ,5A,ACTIVO,,,,2025-12-16,34,0,,,,,,,,,,,,3.25,4.25,2026-02-26,SSB
2026-02-01 00:00:00,773071103250,80,DW,01,B,01,801,MUNICIPIO DE MERIDA YUCATAN   ,2007-09-18 00:00:00, ,5A,ACTIVO,,,,2025-12-05,18,0,,,,,,,,,,,,1.1699999999999999,1.8,2026-02-26,SSB
2026-02-01 00:00:00,773011004881,80,DW,01,D,01,001,MUNICIPIO DE MERIDA YUCATAN   ,2001-09-30 00:00:00, ,5A,ACTIVO,,,,2025-11-12,36,0,,,,,,,,,,,,4,4.5,2026-02-26,SSB
2026-02-01 00:00:00,773011004805,80,DW,01,D,01,001,MUNICIPIO DE MERIDA YUCATAN   ,2001-09-30 00:00:00, ,5A,ACTIVO,,,,2025-11-12,10,0,,,,,,,,,,,,1.5,1,2026-02-26,SSB
2026-02-01 00:00:00,773011004767,80,DW,01,D,01,001,MUNICIPIO DE MERIDA YUCATAN   ,2001-09-30 00:00:00, ,5A,ACTIVO,,,,2025-11-18,16,0,,,,,,,,,,,,2.25,1.6000000000000001,2026-02-26,SSB
2026-02-01 00:00:00,773011004708,80,DW,01,D,01,001,MUNICIPIO DE MERIDA YUCATAN   ,2001-09-30 00:00:00, ,5A,ACTIVO,,,,2025-11-20,67,0,,,,,,,,,,,,7.3799999999999999,6.4299999999999997,2026-02-26,SSB
2026-02-01 00:00:00,771060600411,80,DW,01,B,01,801,MUNICIPIO DE MERIDA YUCATAN   ,2006-06-02 00:00:00, ,5A,ACTIVO,,,,2026-01-26,25,0,,,,,,,,,,,,1.25,3.1299999999999999,2026-02-26,SSB
2026-02-01 00:00:00,771011009901,84,DW,01,B,01,045,MUNICIPIO DE MERIDA YUCATAN   ,2001-09-30 00:00:00, ,5A,ACTIVO,,,,2026-01-21,28,0,,,,,,,,,,,,4.2000000000000002,2.2000000000000002,2026-02-26,SSB
2026-02-01 00:00:00,771011009821,80,DW,01,A,01,001,MUNICIPIO DE MERIDA YUCATAN   ,2001-09-30 00:00:00, ,5A,ACTIVO,,,,2026-01-21,15,0,,,,,,,,,,,,2.7999999999999998,1.6699999999999999,2026-02-26,SSB
2026-02-01 00:00:00,770110602502,80,DW,01,B,01,801,MUNICIPIO DE MERIDA YUCATAN   ,2011-06-24 00:00:00, ,5A,ACTIVO,,,,2025-12-05,50,0,,,,,,,,,,,,8.2200000000000006,8.7100000000000009,2026-02-26,SSB
2026-02-01 00:00:00,770100300087,80,DW,01,E,02,001,MUNICIPIO DE MERIDA YUCATAN   ,2010-03-01 00:00:00, ,5A,ACTIVO,,,,2025-11-07,50,0,,,,,,,,,,,,6.5,8.5,2026-02-26,SSB
2026-02-01 00:00:00,770050501973,84,DW,01,B,01,045,MUNICIPIO DE MERIDA YUCATAN   ,2005-04-18 00:00:00, ,5A,ACTIVO,,,,2025-12-16,27,0,,,,,,,,,,,,3.25,5.1299999999999999,2026-02-26,SSB
2026-02-01 00:00:00,777131103926,80,DW,01,J,02,801,MUNICIPIO DE MERIDA YUCATAN   ,2013-12-04 00:00:00, ,5A,ACTIVO,,,,2025-12-18,22,0,,,,,,,,,,,,4.1299999999999999,2.75,2026-02-26,SSB
2026-02-01 00:00:00,776891000268,84,DW,01,E,02,045,MUNICIPIO DE MERIDA YUCATAN   ,1989-10-31 00:00:00, ,5A,ACTIVO,,,,2025-11-27,1129,0,,,,,,,,,,,,97.459999999999994,87.489999999999995,2026-02-26,SSB
2026-02-01 00:00:00,776890800589,80,DW,01,H,59,001,MUNICIPIO DE KINCHIL          ,1989-08-02 00:00:00, ,5A,ACTIVO,,,,2025-12-03,49,0,,,,,,,,,,,,4.9000000000000004,11.73,2026-02-26,SSB
2026-02-01 00:00:00,777750406194,84,DW,01,J,49,045,MUNICIPIO DE MERIDA YUCATAN   ,1975-04-01 00:00:00, ,5A,ACTIVO,,,,2025-12-16,108,0,,,,,,,,,,,,13.75,14.19,2026-02-26,SSB
2026-02-01 00:00:00,777941000422,84,DW,01,J,49,045,MUNICIPIO DE MERIDA YUCATAN   ,1994-10-18 00:00:00, ,5A,ACTIVO,,,,2025-12-18,49,0,,,,,,,,,,,,6.2300000000000004,6.9100000000000001,2026-02-26,SSB
2026-02-01 00:00:00,776890800571,84,DW,01,H,37,045,MUNICIPIO DE MERIDA YUCATAN   ,1989-08-02 00:00:00, ,5A,ACTIVO,,,,2025-12-12,120,0,,,,,,,,,,,,12.199999999999999,7.3700000000000001,2026-02-26,SSB
2026-02-01 00:00:00,776890800562,84,DW,01,H,37,045,MUNICIPIO DE MERIDA YUCATAN   ,1989-08-02 00:00:00, ,5A,ACTIVO,,,,2025-12-15,165,0,,,,,,,,,,,,15.25,10.99,2026-02-26,SSB
2026-02-01 00:00:00,776890800449,84,DW,01,H,37,045,MUNICIPIO DE MERIDA YUCATAN   ,1989-08-01 00:00:00, ,5A,ACTIVO,,,,2025-12-09,79,0,,,,,,,,,,,,9.5700000000000003,10.94,2026-02-26,SSB
2026-02-01 00:00:00,776890800422,80,DW,01,H,41,001,MUNICIPIO DE KINCHIL          ,1989-08-01 00:00:00, ,5A,ACTIVO,,,,2025-12-03,449,0,,,,,,,,,,,,37.93,55.140000000000001,2026-02-26,SSB
2026-02-01 00:00:00,776200500219,80,DW,01,E,02,001,MUNICIPIO DE MERIDA YUCATAN   ,2020-05-22 00:00:00, ,5A,ACTIVO,,,,2025-10-30,1,0,,,,,,,,,,,,0.63,0.10000000000000001,2026-02-26,SSB
2026-02-01 00:00:00,777140501519,80,DW,01,J,03,001,MUNICIPIO DE MERIDA YUCATAN   ,2014-07-22 00:00:00, ,5A,ACTIVO,,,,2025-12-17,57,0,,,,,,,,,,,,2.8799999999999999,5.7000000000000002,2026-02-26,SSB
2026-02-01 00:00:00,773980303453,80,DW,01,D,01,001,MUNICIPIO DE MERIDA YUCATAN   ,1998-03-06 00:00:00, ,5A,ACTIVO,,,,2025-11-19,11,0,,,,,,,,,,,,0.75,2.3199999999999998,2026-02-26,SSB
2026-02-01 00:00:00,777140501535,80,DW,01,J,02,801,MUNICIPIO DE MERIDA YUCATAN   ,2014-07-22 00:00:00, ,5A,ACTIVO,,,,2025-12-17,16,0,,,,,,,,,,,,2.4399999999999999,2,2026-02-26,SSB
2026-02-01 00:00:00,777181101754,80,DW,01,J,02,801,MUNICIPIO DE MERIDA YUCATAN   ,2018-12-01 00:00:00, ,5A,ACTIVO,,,,2025-12-08,8,0,,,,,,,,,,,,0.63,0.47999999999999998,2026-02-26,SSB
2026-02-01 00:00:00,777210304180,80,DW,01,J,03,001,MUNICIPIO DE MERIDA YUCATAN   ,2021-03-30 00:00:00, ,5A,ACTIVO,,,,2025-12-19,10,0,,,,,,,,,,,,0.29999999999999999,0.72999999999999998,2026-02-26,SSB
2026-02-01 00:00:00,777210403072,80,DW,01,J,02,801,MUNICIPIO DE MERIDA YUCATAN   ,2021-05-28 00:00:00, ,5A,ACTIVO,,,,2025-12-19,1,0,,,,,,,,,,,,0.38,0.75,2026-02-26,SSB
2026-02-01 00:00:00,777750406054,84,DW,01,J,49,045,MUNICIPIO DE MERIDA YUCATAN   ,1975-04-01 00:00:00, ,5A,ACTIVO,,,,2025-12-03,70,0,,,,,,,,,,,,7.25,9.6899999999999995,2026-02-26,SSB
2026-02-01 00:00:00,777750406062,84,DW,01,J,49,045,MUNICIPIO DE MERIDA YUCATAN   ,1975-04-01 00:00:00, ,5A,ACTIVO,,,,2025-11-27,34,0,,,,,,,,,,,,6.1299999999999999,4.4699999999999998,2026-02-26,SSB
2026-02-01 00:00:00,777240802141,80,DW,01,J,48,001,MUNICIPIO DE MERIDA YUCATAN   ,2024-08-31 00:00:00, ,5A,ACTIVO,,,,2025-12-17,4,0,,,,,,,,,,,,1,0.29999999999999999,2026-02-26,SSB
2026-02-01 00:00:00,777750405945,80,DW,01,J,04,801,MUNICIPIO DE MERIDA YUCATAN   ,1975-04-01 00:00:00, ,5A,ACTIVO,,,,2025-12-18,108,0,,,,,,,,,,,,14,15.91,2026-02-26,SSB
2026-02-01 00:00:00,777750405953,84,DW,01,J,49,045,MUNICIPIO DE MERIDA YUCATAN   ,1975-04-01 00:00:00, ,5A,ACTIVO,,,,2025-12-12,275,0,,,,,,,,,,,,33.700000000000003,39.530000000000001,2026-02-26,SSB
2026-02-01 00:00:00,777750405961,84,DW,01,J,49,045,MUNICIPIO DE MERIDA YUCATAN   ,1975-04-01 00:00:00, ,5A,ACTIVO,,,,2025-12-09,60,0,,,,,,,,,,,,7.3300000000000001,4.3799999999999999,2026-02-26,SSB
2026-02-01 00:00:00,780000358687,80,DW,12,A,01,800,MUNICIPIO DE BENITO JUAREZ    ,1999-01-01 00:00:00, ,5A,ACTIVO,,,,2024-10-30,31,0,,,,,,,,,,,,3.2999999999999998,39.600000000000001,2026-02-26,SSB
2026-02-01 00:00:00,780000360053,80,DW,12,B,01,001,MUNICIPIO DE BENITO JUAREZ    ,1998-03-15 00:00:00, ,5A,ACTIVO,,,,2024-10-30,164,0,,,,,,,,,,,,7.2000000000000002,86.400000000000006,2026-02-26,SSB
2026-02-01 00:00:00,780000360061,80,DW,12,D,02,001,MUNICIPIO PUERTO MORELOS      ,1999-05-01 00:00:00, ,5A,ACTIVO,,,,2024-10-01,307,0,,,,,,,,,,,,49,44.020000000000003,2026-02-26,SSB
2026-02-01 00:00:00,780000360100,80,DW,12,C,01,001,MUNICIPIO DE BENITO JUAREZ    ,1998-03-15 00:00:00, ,5A,ACTIVO,,,,2024-10-10,250,0,,,,,,,,,,,,13,13.087,2026-02-26,SSB
2026-02-01 00:00:00,780000360134,80,DW,12,C,01,001,MUNICIPIO DE BENITO JUAREZ    ,2000-01-02 00:00:00, ,5A,ACTIVO,,,,2024-10-19,176,0,,,,,,,,,,,,3,10.970000000000001,2026-02-26,SSB
2026-02-01 00:00:00,780000360151,80,DW,12,D,01,001,MUNICIPIO DE BENITO JUAREZ    ,1998-03-15 00:00:00, ,5A,ACTIVO,,,,2024-10-04,40,0,,,,,,,,,,,,1.6699999999999999,20.039999999999999,2026-02-26,SSB
2026-02-01 00:00:00,780000455658,80,DW,12,D,02,001,MUNICIPIO PUERTO MORELOS      ,2000-03-02 00:00:00, ,5A,ACTIVO,,,,2024-10-01,296,0,,,,,,,,,,,,49,85.123000000000005,2026-02-26,SSB
2026-02-01 00:00:00,780000455674,80,DW,12,C,01,001,MUNICIPIO DE BENITO JUAREZ    ,2000-03-08 00:00:00, ,5A,ACTIVO,,,,2024-10-01,37,0,,,,,,,,,,,,3.3170000000000002,39.799999999999997,2026-02-26,SSB
2026-02-01 00:00:00,780000455682,80,DW,12,A,01,800,MUNICIPIO DE BENITO JUAREZ    ,2000-03-08 00:00:00, ,5A,ACTIVO,,,,2024-10-18,204,0,,,,,,,,,,,,16,12.699999999999999,2026-02-26,SSB
2026-02-01 00:00:00,777750405970,80,DW,01,J,07,001,MUNICIPIO DE MERIDA YUCATAN   ,1975-04-01 00:00:00, ,5A,ACTIVO,,,,2025-12-03,133,0,,,,,,,,,,,,15,16.370000000000001,2026-02-26,SSB
2026-02-01 00:00:00,780001258619,80,DW,12,A,01,800,MUNICIPIO DE BENITO JUAREZ    ,2000-11-21 00:00:00, ,5A,ACTIVO,,,,2024-10-01,6,0,,,,,,,,,,,,1,0.69999999999999996,2026-02-26,SSB
2026-02-01 00:00:00,780010105647,80,DW,12,A,01,800,MUNICIPIO DE BENITO JUAREZ    ,2000-10-26 00:00:00, ,5A,ACTIVO,,,,2024-10-30,42,0,,,,,,,,,,,,2.8980000000000001,69.552000000000007,2026-02-26,SSB
2026-02-01 00:00:00,777750405988,84,DW,01,J,49,045,MUNICIPIO DE MERIDA YUCATAN   ,1975-04-01 00:00:00, ,5A,ACTIVO,,,,2025-12-08,152,0,,,,,,,,,,,,17.129999999999999,11.08,2026-02-26,SSB
2026-02-01 00:00:00,780010502506,80,DW,12,A,01,800,MUNICIPIO DE BENITO JUAREZ    ,2001-05-03 00:00:00, ,5A,ACTIVO,,,,2024-10-29,78,0,,,,,,,,,,,,14,7.2000000000000002,2026-02-26,SSB
2026-02-01 00:00:00,780010503197,80,DW,12,A,01,800,MUNICIPIO DE BENITO JUAREZ    ,2001-05-03 00:00:00, ,5A,ACTIVO,,,,2024-10-25,143,0,,,,,,,,,,,,5.5910000000000002,67.091999999999999,2026-02-26,SSB
2026-02-01 00:00:00,780010503910,80,DW,12,A,01,800,MUNICIPIO DE BENITO JUAREZ    ,2001-05-28 00:00:00, ,5A,ACTIVO,,,,2024-10-18,30,0,,,,,,,,,,,,2,1.7,2026-02-26,SSB
2026-02-01 00:00:00,780020201512,80,DW,12,A,01,800,MUNICIPIO DE BENITO JUAREZ    ,2001-08-15 00:00:00, ,5A,ACTIVO,,,,2024-10-16,13,0,,,,,,,,,,,,1,0.53400000000000003,2026-02-26,SSB
2026-02-01 00:00:00,780020202659,80,DW,12,B,01,001,MUNICIPIO DE BENITO JUAREZ    ,2002-01-03 00:00:00, ,5A,ACTIVO,,,,2024-10-30,83,0,,,,,,,,,,,,3.2000000000000002,38.399999999999999,2026-02-26,SSB
2026-02-01 00:00:00,780020202683,80,DW,12,A,01,800,MUNICIPIO DE BENITO JUAREZ    ,2001-10-08 00:00:00, ,5A,ACTIVO,,,,2024-10-30,29,0,,,,,,,,,,,,3.2999999999999998,39.600000000000001,2026-02-26,SSB
2026-02-01 00:00:00,780020203281,80,DW,12,C,01,001,MUNICIPIO DE BENITO JUAREZ    ,2002-02-07 00:00:00, ,5A,ACTIVO,,,,2024-10-19,41,0,,,,,,,,,,,,3,2.4049999999999998,2026-02-26,SSB
2026-02-01 00:00:00,780020203302,80,DW,12,C,01,001,MUNICIPIO DE BENITO JUAREZ    ,2001-02-07 00:00:00, ,5A,ACTIVO,,,,2024-10-19,130,0,,,,,,,,,,,,7,8.4199999999999999,2026-02-26,SSB
2026-02-01 00:00:00,780020300332,80,DW,12,A,01,800,MUNICIPIO DE BENITO JUAREZ    ,2001-08-23 00:00:00, ,5A,ACTIVO,,,,2024-10-27,27,0,,,,,,,,,,,,0.24299999999999999,5.8319999999999999,2026-02-26,SSB
2026-02-01 00:00:00,777750406011,84,DW,01,J,49,045,MUNICIPIO DE MERIDA YUCATAN   ,1975-04-01 00:00:00, ,5A,ACTIVO,,,,2025-12-08,189,0,,,,,,,,,,,,24.129999999999999,24.300000000000001,2026-02-26,SSB
2026-02-01 00:00:00,777750406020,84,DW,01,J,49,045,MUNICIPIO DE MERIDA YUCATAN   ,1975-04-01 00:00:00, ,5A,ACTIVO,,,,2025-12-02,374,0,,,,,,,,,,,,38,46.75,2026-02-26,SSB
2026-02-01 00:00:00,777750406038,84,DW,01,J,49,045,MUNICIPIO DE MERIDA YUCATAN   ,1975-04-01 00:00:00, ,5A,ACTIVO,,,,2025-11-27,91,0,,,,,,,,,,,,8.5,12.85,2026-02-26,SSB
2026-02-01 00:00:00,777750406046,84,DW,01,J,49,045,MUNICIPIO DE MERIDA YUCATAN   ,1975-04-01 00:00:00, ,5A,ACTIVO,,,,2025-12-16,217,0,,,,,,,,,,,,23.350000000000001,28.300000000000001,2026-02-26,SSB
2026-02-01 00:00:00,779750400211,84,DW,01,M,29,045,MUNICIPIO DE MERIDA YUCATAN   ,1975-04-01 00:00:00, ,5A,ACTIVO,,,,2025-11-28,60,0,,,,,,,,,,,,7.75,7.5,2026-02-26,SSB
2026-02-01 00:00:00,779750400229,84,DW,01,M,30,045,MUNICIPIO DE MERIDA YUCATAN   ,1975-04-01 00:00:00, ,5A,ACTIVO,,,,2025-12-19,91,0,,,,,,,,,,,,10.630000000000001,11.380000000000001,2026-02-26,SSB
2026-02-01 00:00:00,780030203084,80,DW,12,D,01,001,MUNICIPIO DE BENITO JUAREZ    ,2003-01-02 00:00:00, ,5A,ACTIVO,,,,2024-10-25,117,0,,,,,,,,,,,,5.6909999999999998,136.584,2026-02-26,SSB
2026-02-01 00:00:00,778980400396,84,DW,01,K,12,045,MUNICIPIO DE MERIDA YUCATAN   ,1998-04-30 00:00:00, ,5A,ACTIVO,,,,2025-12-09,123,0,,,,,,,,,,,,13.039999999999999,15.369999999999999,2026-02-26,SSB
2026-02-01 00:00:00,779190103886,80,DW,01,M,30,001,MUNICIPIO DE MERIDA YUCATAN   ,2019-02-01 00:00:00, ,5A,ACTIVO,,,,2026-01-15,4,0,,,,,,,,,,,,0.5,1.25,2026-02-26,SSB
2026-02-01 00:00:00,779190104181,80,DW,01,J,08,001,MUNICIPIO DE MERIDA YUCATAN   ,2019-01-31 00:00:00, ,5A,ACTIVO,,,,2025-12-08,3,0,,,,,,,,,,,,0.38,0.17999999999999999,2026-02-26,SSB
2026-02-01 00:00:00,779750400075,84,DW,01,M,02,045,MUNICIPIO DE MERIDA YUCATAN   ,1975-04-01 00:00:00, ,5A,ACTIVO,,,,2026-01-14,903,0,,,,,,,,,,,,83.719999999999999,111.59999999999999,2026-02-26,SSB
2026-02-01 00:00:00,780051000043,80,DW,12,A,01,800,MUNICIPIO DE BENITO JUAREZ    ,2004-01-01 00:00:00, ,5A,ACTIVO,,,,2024-10-30,16,0,,,,,,,,,,,,6,72,2026-02-26,SSB
2026-02-01 00:00:00,780060902751,80,DW,12,A,01,800,MUNICIPIO DE BENITO JUAREZ    ,2006-09-01 00:00:00, ,5A,ACTIVO,,,,2024-10-20,37,0,,,,,,,,,,,,2,1.4099999999999999,2026-02-26,SSB
2026-02-01 00:00:00,780061103266,80,DW,12,A,01,800,MUNICIPIO DE BENITO JUAREZ    ,2006-11-27 00:00:00, ,5A,ACTIVO,,,,2024-10-18,40,0,,,,,,,,,,,,2,4.04,2026-02-26,SSB
2026-02-01 00:00:00,780061103282,80,DW,12,A,01,800,MUNICIPIO DE BENITO JUAREZ    ,2006-11-22 00:00:00, ,5A,ACTIVO,,,,2024-10-18,21,0,,,,,,,,,,,,3,2.1709999999999998,2026-02-26,SSB
2026-02-01 00:00:00,780061103291,80,DW,12,A,01,800,MUNICIPIO DE BENITO JUAREZ    ,2006-11-22 00:00:00, ,5A,ACTIVO,,,,2024-10-19,27,0,,,,,,,,,,,,3,2.7269999999999999,2026-02-26,SSB
2026-02-01 00:00:00,779750400091,84,DW,01,M,09,045,MUNICIPIO DE MERIDA YUCATAN   ,1975-04-01 00:00:00, ,5A,ACTIVO,,,,2025-12-23,193,0,,,,,,,,,,,,20.25,11.57,2026-02-26,SSB
2026-02-01 00:00:00,779750400105,84,DW,01,M,12,045,MUNICIPIO DE MERIDA YUCATAN   ,1975-04-01 00:00:00, ,5A,ACTIVO,,,,2026-01-15,63,0,,,,,,,,,,,,9.5500000000000007,6.1500000000000004,2026-02-26,SSB
2026-02-01 00:00:00,779750400113,84,DW,01,M,13,045,MUNICIPIO DE MERIDA YUCATAN   ,1975-04-01 00:00:00, ,5A,ACTIVO,,,,2025-12-05,348,0,,,,,,,,,,,,41.130000000000003,45.189999999999998,2026-02-26,SSB
2026-02-01 00:00:00,780080406237,80,DW,12,A,05,801,MUNICIPIO PUERTO MORELOS      ,2008-04-14 00:00:00, ,5A,ACTIVO,,,,2024-10-27,64,0,,,,,,,,,,,,13,9.375,2026-02-26,SSB
2026-02-01 00:00:00,780080406300,80,DW,12,A,05,801,MUNICIPIO PUERTO MORELOS      ,2008-04-14 00:00:00, ,5A,ACTIVO,,,,2024-10-27,48,0,,,,,,,,,,,,9.25,8.125,2026-02-26,SSB
2026-02-01 00:00:00,780080406377,80,DW,12,A,05,801,MUNICIPIO PUERTO MORELOS      ,2008-04-14 00:00:00, ,5A,ACTIVO,,,,2024-10-27,60,0,,,,,,,,,,,,13,9.375,2026-02-26,SSB
2026-02-01 00:00:00,780080501370,80,DW,12,A,01,800,MUNICIPIO DE BENITO JUAREZ    ,2008-04-30 00:00:00, ,5A,ACTIVO,,,,2024-10-05,34,0,,,,,,,,,,,,5,1.361,2026-02-26,SSB
2026-02-01 00:00:00,780081102231,80,DW,12,A,01,800,MUNICIPIO DE BENITO JUAREZ    ,2008-11-03 00:00:00, ,5A,ACTIVO,,,,2024-10-27,24,0,,,,,,,,,,,,0.64800000000000002,15.552,2026-02-26,SSB
2026-02-01 00:00:00,779750400156,84,DW,01,M,22,045,MUNICIPIO DE MERIDA YUCATAN   ,1975-04-01 00:00:00, ,5A,ACTIVO,,,,2025-12-08,47,0,,,,,,,,,,,,5.8799999999999999,3.1400000000000001,2026-02-26,SSB
2026-02-01 00:00:00,779750400164,84,DW,01,M,23,045,MUNICIPIO DE MERIDA YUCATAN   ,1975-04-01 00:00:00, ,5A,ACTIVO,,,,2025-12-16,97,0,,,,,,,,,,,,10,14.77,2026-02-26,SSB
2026-02-01 00:00:00,780111201922,80,DW,12,A,01,800,MUNICIPIO DE BENITO JUAREZ    ,2011-12-20 00:00:00, ,5A,ACTIVO,,,,2024-10-30,132,0,,,,,,,,,,,,10.300000000000001,123.59999999999999,2026-02-26,SSB
2026-02-01 00:00:00,780111202074,80,DW,12,A,01,800,MUNICIPIO DE BENITO JUAREZ    ,2011-12-20 00:00:00, ,5A,ACTIVO,,,,2024-10-20,60,0,,,,,,,,,,,,7,9.0809999999999995,2026-02-26,SSB
2026-02-01 00:00:00,779750400172,84,DW,01,M,24,045,MUNICIPIO DE MERIDA YUCATAN   ,1975-04-01 00:00:00, ,5A,ACTIVO,,,,2025-12-19,535,0,,,,,,,,,,,,61,70.019999999999996,2026-02-26,SSB
2026-02-01 00:00:00,780130901871,26,DW,12,A,05,260,PROVEEDORA DEL PANADERO SA CV ,2013-09-18 00:00:00,R,02,ACTIVO,1,593,2975,,,1,2026-02-16 09:14:05,2626,M,GA4GN,7U098P ,0,Nor,53,UI SERV DIRECTO,53,S,,,,GSC
2026-02-01 00:00:00,779750400181,84,DW,01,M,25,045,MUNICIPIO DE MERIDA YUCATAN   ,1975-04-01 00:00:00, ,5A,ACTIVO,,,,2025-12-02,519,0,,,,,,,,,,,,59.25,64.939999999999998,2026-02-26,SSB
2026-02-01 00:00:00,779750400202,84,DW,01,M,28,045,MUNICIPIO DE MERIDA YUCATAN   ,1975-04-01 00:00:00, ,5A,ACTIVO,,,,2025-12-02,49,0,,,,,,,,,,,,3.6299999999999999,5.9199999999999999,2026-02-26,SSB
2026-02-01 00:00:00,780141001898,80,DW,12,A,01,800,MUNICIPIO DE BENITO JUAREZ    ,2014-10-17 00:00:00, ,5A,ACTIVO,,,,2024-10-30,27,0,,,,,,,,,,,,0.24299999999999999,5.8319999999999999,2026-02-26,SSB
2026-02-01 00:00:00,779750400237,84,DW,01,M,31,045,MUNICIPIO DE MERIDA YUCATAN   ,1975-04-01 00:00:00, ,5A,ACTIVO,,,,2025-12-03,180,0,,,,,,,,,,,,18.879999999999999,25.030000000000001,2026-02-26,SSB
2026-02-01 00:00:00,779800100116,84,DW,01,M,26,045,MUNICIPIO DE MERIDA YUCATAN   ,1980-01-31 00:00:00, ,5A,ACTIVO,,,,2025-12-11,106,0,,,,,,,,,,,,18.5,13.44,2026-02-26,SSB
2026-02-01 00:00:00,779820100171,84,DW,01,M,17,045,MUNICIPIO DE MERIDA YUCATAN   ,1982-01-01 00:00:00, ,5A,ACTIVO,,,,2026-01-21,479,0,,,,,,,,,,,,67.879999999999995,60.509999999999998,2026-02-26,SSB
2026-02-01 00:00:00,780000861044,80,DW,12,B,01,001,MUNICIPIO DE BENITO JUAREZ    ,2000-08-30 00:00:00, ,5A,ACTIVO,,,,2024-10-26,32,0,,,,,,,,,,,,2.2080000000000002,52.991999999999997,2026-02-26,SSB
2026-02-01 00:00:00,780010404997,80,DW,12,A,01,800,MUNICIPIO DE BENITO JUAREZ    ,2001-04-17 00:00:00, ,5A,ACTIVO,,,,2024-10-30,16,0,,,,,,,,,,,,1.1040000000000001,26.495999999999999,2026-02-26,SSB
2026-02-01 00:00:00,780030104311,80,DW,12,C,01,001,MUNICIPIO DE BENITO JUAREZ    ,2003-01-08 00:00:00, ,5A,ACTIVO,,,,2024-10-17,47,0,,,,,,,,,,,,6,30.050000000000001,2026-02-26,SSB
2026-02-01 00:00:00,780030300217,80,DW,12,C,01,001,MUNICIPIO DE BENITO JUAREZ    ,2003-02-24 00:00:00, ,5A,ACTIVO,,,,2024-10-04,36,0,,,,,,,,,,,,4.0999999999999996,49.200000000000003,2026-02-26,SSB
2026-02-01 00:00:00,780030701432,80,DW,12,C,01,001,MUNICIPIO DE BENITO JUAREZ    ,2003-07-11 00:00:00, ,5A,ACTIVO,,,,2024-10-19,56,0,,,,,,,,,,,,5,4.0880000000000001,2026-02-26,SSB
2026-02-01 00:00:00,780030901199,80,DW,12,A,05,801,MUNICIPIO PUERTO MORELOS      ,2003-09-08 00:00:00, ,5A,ACTIVO,,,,2024-10-24,166,0,,,,,,,,,,,,9,13.83,2026-02-26,SSB
2026-02-01 00:00:00,780050300825,80,DW,12,C,01,001,MUNICIPIO DE BENITO JUAREZ    ,2005-02-07 00:00:00, ,5A,ACTIVO,,,,2024-10-09,38,0,,,,,,,,,,,,3,2.0209999999999999,2026-02-26,SSB
2026-02-01 00:00:00,780080103501,80,DW,12,D,01,001,MUNICIPIO DE BENITO JUAREZ    ,2007-12-19 00:00:00, ,5A,ACTIVO,,,,2024-10-05,83,0,,,,,,,,,,,,4.2699999999999996,51.164999999999999,2026-02-26,SSB
2026-02-01 00:00:00,780080405648,80,DW,12,B,01,001,MUNICIPIO DE BENITO JUAREZ    ,2008-03-24 00:00:00, ,5A,ACTIVO,,,,2024-10-18,54,0,,,,,,,,,,,,7,2.778,2026-02-26,SSB
2026-02-01 00:00:00,780080406156,80,DW,12,A,01,800,MUNICIPIO DE BENITO JUAREZ    ,2008-04-14 00:00:00, ,5A,ACTIVO,,,,2024-10-18,34,0,,,,,,,,,,,,4,3.7309999999999999,2026-02-26,SSB
2026-02-01 00:00:00,780110100821,80,DW,12,A,01,800,MUNICIPIO DE BENITO JUAREZ    ,2011-01-13 00:00:00, ,5A,ACTIVO,,,,2024-10-30,40,0,,,,,,,,,,,,4,3.7000000000000002,2026-02-26,SSB
2026-02-01 00:00:00,780110100839,80,DW,12,A,01,800,MUNICIPIO DE BENITO JUAREZ    ,2011-01-13 00:00:00, ,5A,ACTIVO,,,,2024-10-20,38,0,,,,,,,,,,,,4,3.3860000000000001,2026-02-26,SSB
2026-02-01 00:00:00,780920800977,80,DW,12,C,01,001,MUNICIPIO DE BENITO JUAREZ    ,1992-08-05 00:00:00, ,5A,ACTIVO,,,,2024-10-08,35,0,,,,,,,,,,,,2,22.800000000000001,2026-02-26,SSB
2026-02-01 00:00:00,780120101957,80,DW,12,A,01,800,MUNICIPIO DE BENITO JUAREZ    ,2012-01-20 00:00:00, ,5A,ACTIVO,,,,2024-10-20,19,0,,,,,,,,,,,,1,0.94999999999999996,2026-02-26,SSB
2026-02-01 00:00:00,780020301240,80,DW,12,B,01,001,MUNICIPIO DE BENITO JUAREZ    ,2001-03-11 00:00:00, ,5A,ACTIVO,,,,2024-10-27,9,0,,,,,,,,,,,,0.621,14.904,2026-02-26,SSB
2026-02-01 00:00:00,780020402348,80,DW,12,D,01,001,MUNICIPIO DE BENITO JUAREZ    ,2002-04-09 00:00:00, ,5A,ACTIVO,,,,2024-10-19,18,0,,,,,,,,,,,,2,0.69999999999999996,2026-02-26,SSB
2026-02-01 00:00:00,780021202911,80,DW,12,C,01,001,MUNICIPIO DE BENITO JUAREZ    ,2002-12-13 00:00:00, ,5A,ACTIVO,,,,2024-10-27,32,0,,,,,,,,,,,,2.2080000000000002,52.991999999999997,2026-02-26,SSB
2026-02-01 00:00:00,780021202946,80,DW,12,C,01,001,MUNICIPIO DE BENITO JUAREZ    ,2002-12-11 00:00:00, ,5A,ACTIVO,,,,2024-10-30,39,0,,,,,,,,,,,,2.8999999999999999,34.799999999999997,2026-02-26,SSB
2026-02-01 00:00:00,780030100331,80,DW,12,A,01,800,MUNICIPIO DE BENITO JUAREZ    ,2002-12-17 00:00:00, ,5A,ACTIVO,,,,2024-10-18,37,0,,,,,,,,,,,,4,3.9590000000000001,2026-02-26,SSB
2026-02-01 00:00:00,780790300471,80,DW,12,A,05,801,MUNICIPIO PUERTO MORELOS      ,1979-03-30 00:00:00, ,5A,ACTIVO,,,,2024-10-29,361,0,,,,,,,,,,,,67,44.170000000000002,2026-02-26,SSB
2026-02-01 00:00:00,780850100905,80,DW,12,A,05,801,MUNICIPIO PUERTO MORELOS      ,1985-01-31 00:00:00, ,5A,ACTIVO,,,,2024-10-01,91,0,,,,,,,,,,,,42,12.32,2026-02-26,SSB
2026-02-01 00:00:00,780891102343,80,DW,12,A,05,801,MUNICIPIO PUERTO MORELOS      ,1989-11-07 00:00:00, ,5A,ACTIVO,,,,2024-10-24,55,0,,,,,,,,,,,,7,100.938,2026-02-26,SSB
2026-02-01 00:00:00,780891201554,80,DW,12,A,05,801,MUNICIPIO PUERTO MORELOS      ,1989-12-15 00:00:00, ,5A,ACTIVO,,,,2024-10-01,60,0,,,,,,,,,,,,21,12.32,2026-02-26,SSB
2026-02-01 00:00:00,780921000796,80,DW,12,A,01,800,MUNICIPIO DE BENITO JUAREZ    ,1992-10-31 00:00:00, ,5A,ACTIVO,,,,2024-10-30,165,0,,,,,,,,,,,,13.676,164.11000000000001,2026-02-26,SSB
2026-02-01 00:00:00,780921000800,80,DW,12,A,01,800,MUNICIPIO DE BENITO JUAREZ    ,1992-10-31 00:00:00, ,5A,ACTIVO,,,,2024-10-30,192,0,,,,,,,,,,,,14.093,169.12,2026-02-26,SSB
2026-02-01 00:00:00,780921000818,80,DW,12,A,01,800,MUNICIPIO DE BENITO JUAREZ    ,1992-10-31 00:00:00, ,5A,ACTIVO,,,,2024-10-30,167,0,,,,,,,,,,,,11.509,138.11000000000001,2026-02-26,SSB
2026-02-01 00:00:00,780921000826,80,DW,12,A,01,800,MUNICIPIO DE BENITO JUAREZ    ,1992-10-31 00:00:00, ,5A,ACTIVO,,,,2024-10-30,201,0,,,,,,,,,,,,15.015000000000001,180.18000000000001,2026-02-26,SSB
2026-02-01 00:00:00,780921000834,80,DW,12,A,01,800,MUNICIPIO DE BENITO JUAREZ    ,1992-10-31 00:00:00, ,5A,ACTIVO,,,,2024-10-30,182,0,,,,,,,,,,,,13.471,161.65000000000001,2026-02-26,SSB
2026-02-01 00:00:00,780921000851,80,DW,12,C,01,001,MUNICIPIO DE BENITO JUAREZ    ,1992-10-31 00:00:00, ,5A,ACTIVO,,,,2024-10-01,126,0,,,,,,,,,,,,11.634,139.61000000000001,2026-02-26,SSB
2026-02-01 00:00:00,780921000869,80,DW,12,C,01,001,MUNICIPIO DE BENITO JUAREZ    ,1992-10-31 00:00:00, ,5A,ACTIVO,,,,2024-10-01,118,0,,,,,,,,,,,,8.6110000000000007,103.33,2026-02-26,SSB
2026-02-01 00:00:00,780921000877,80,DW,12,C,01,001,MUNICIPIO DE BENITO JUAREZ    ,1992-10-31 00:00:00, ,5A,ACTIVO,,,,2024-10-01,112,0,,,,,,,,,,,,8.0129999999999999,96.159999999999997,2026-02-26,SSB
2026-02-01 00:00:00,780921000885,80,DW,12,C,01,001,MUNICIPIO DE BENITO JUAREZ    ,1992-10-31 00:00:00, ,5A,ACTIVO,,,,2024-10-18,93,0,,,,,,,,,,,,7,6.7889999999999997,2026-02-26,SSB
2026-02-01 00:00:00,780921000893,80,DW,12,C,01,001,MUNICIPIO DE BENITO JUAREZ    ,1992-10-31 00:00:00, ,5A,ACTIVO,,,,2024-10-01,150,0,,,,,,,,,,,,10.279,123.34999999999999,2026-02-26,SSB
2026-02-01 00:00:00,780921000907,80,DW,12,C,01,001,MUNICIPIO DE BENITO JUAREZ    ,1992-10-31 00:00:00, ,5A,ACTIVO,,,,2024-10-26,144,0,,,,,,,,,,,,13.529999999999999,79.879999999999995,2026-02-26,SSB
2026-02-01 00:00:00,780921000915,80,DW,12,C,01,001,MUNICIPIO DE BENITO JUAREZ    ,1992-10-31 00:00:00, ,5A,ACTIVO,,,,2024-10-10,126,0,,,,,,,,,,,,5,5.0439999999999996,2026-02-26,SSB
2026-02-01 00:00:00,780921000923,80,DW,12,C,01,001,MUNICIPIO DE BENITO JUAREZ    ,1992-10-31 00:00:00, ,5A,ACTIVO,,,,2024-10-10,153,0,,,,,,,,,,,,8,129.601,2026-02-26,SSB
2026-02-01 00:00:00,780921000931,80,DW,12,C,01,001,MUNICIPIO DE BENITO JUAREZ    ,1992-10-31 00:00:00, ,5A,ACTIVO,,,,2024-10-10,184,0,,,,,,,,,,,,14,118.8,2026-02-26,SSB
2026-02-01 00:00:00,780921000940,80,DW,12,C,01,001,MUNICIPIO DE BENITO JUAREZ    ,1992-10-31 00:00:00, ,5A,ACTIVO,,,,2024-10-10,97,0,,,,,,,,,,,,5,55.200000000000003,2026-02-26,SSB
2026-02-01 00:00:00,780921000958,80,DW,12,C,01,001,MUNICIPIO DE BENITO JUAREZ    ,1992-10-31 00:00:00, ,5A,ACTIVO,,,,2024-10-10,81,0,,,,,,,,,,,,6,52.799999999999997,2026-02-26,SSB
2026-02-01 00:00:00,780921000966,80,DW,12,C,01,001,MUNICIPIO DE BENITO JUAREZ    ,1992-10-31 00:00:00, ,5A,ACTIVO,,,,2024-10-10,87,0,,,,,,,,,,,,5,55.200000000000003,2026-02-26,SSB
2026-02-01 00:00:00,780921000974,80,DW,12,A,01,800,MUNICIPIO DE BENITO JUAREZ    ,1992-10-31 00:00:00, ,5A,ACTIVO,,,,2024-10-18,166,0,,,,,,,,,,,,14,13.542999999999999,2026-02-26,SSB
2026-02-01 00:00:00,780921000982,80,DW,12,A,01,800,MUNICIPIO DE BENITO JUAREZ    ,1992-10-31 00:00:00, ,5A,ACTIVO,,,,2024-10-01,330,0,,,,,,,,,,,,15,17.399999999999999,2026-02-26,SSB
2026-02-01 00:00:00,780921000991,80,DW,12,A,01,800,MUNICIPIO DE BENITO JUAREZ    ,1992-10-31 00:00:00, ,5A,ACTIVO,,,,2024-10-01,75,0,,,,,,,,,,,,5,4.2000000000000002,2026-02-26,SSB
2026-02-01 00:00:00,780921001008,80,DW,12,A,01,800,MUNICIPIO DE BENITO JUAREZ    ,1992-10-31 00:00:00, ,5A,ACTIVO,,,,2024-10-01,73,0,,,,,,,,,,,,7,4.0999999999999996,2026-02-26,SSB
2026-02-01 00:00:00,780921001016,80,DW,12,B,01,001,MUNICIPIO DE BENITO JUAREZ    ,1992-10-31 00:00:00, ,5A,ACTIVO,,,,2024-10-01,96,0,,,,,,,,,,,,9,8.2149999999999999,2026-02-26,SSB
2026-02-01 00:00:00,780921001024,80,DW,12,A,01,800,MUNICIPIO DE BENITO JUAREZ    ,1992-10-31 00:00:00, ,5A,ACTIVO,,,,2024-10-01,74,0,,,,,,,,,,,,6,2.1000000000000001,2026-02-26,SSB
2026-02-01 00:00:00,780921001032,80,DW,12,A,01,800,MUNICIPIO DE BENITO JUAREZ    ,1992-10-31 00:00:00, ,5A,ACTIVO,,,,2024-10-01,18,0,,,,,,,,,,,,3,18,2026-02-26,SSB
2026-02-01 00:00:00,780921001041,80,DW,12,B,01,001,MUNICIPIO DE BENITO JUAREZ    ,1992-10-31 00:00:00, ,5A,ACTIVO,,,,2024-10-01,78,0,,,,,,,,,,,,4,3.415,2026-02-26,SSB
2026-02-01 00:00:00,780921001059,80,DW,12,A,01,800,MUNICIPIO DE BENITO JUAREZ    ,1992-10-31 00:00:00, ,5A,ACTIVO,,,,2024-10-01,101,0,,,,,,,,,,,,6,90,2026-02-26,SSB
2026-02-01 00:00:00,780921001067,80,DW,12,A,01,800,MUNICIPIO DE BENITO JUAREZ    ,1992-10-31 00:00:00, ,5A,ACTIVO,,,,2024-10-04,78,0,,,,,,,,,,,,4,93.200000000000003,2026-02-26,SSB
2026-02-01 00:00:00,780921001075,80,DW,12,B,01,001,MUNICIPIO DE BENITO JUAREZ    ,1992-10-31 00:00:00, ,5A,ACTIVO,,,,2024-10-04,141,0,,,,,,,,,,,,9,8.3559999999999999,2026-02-26,SSB
2026-02-01 00:00:00,780921001083,80,DW,12,A,01,800,MUNICIPIO DE BENITO JUAREZ    ,1992-10-31 00:00:00, ,5A,ACTIVO,,,,2024-10-18,220,0,,,,,,,,,,,,11,11.000999999999999,2026-02-26,SSB
2026-02-01 00:00:00,780921001091,80,DW,12,A,01,800,MUNICIPIO DE BENITO JUAREZ    ,1992-10-31 00:00:00, ,5A,ACTIVO,,,,2024-10-04,258,0,,,,,,,,,,,,12,11.692,2026-02-26,SSB
2026-02-01 00:00:00,780921001105,80,DW,12,A,01,800,MUNICIPIO DE BENITO JUAREZ    ,1992-10-31 00:00:00, ,5A,ACTIVO,,,,2024-10-04,205,0,,,,,,,,,,,,9,8.6219999999999999,2026-02-26,SSB
2026-02-01 00:00:00,780921001113,80,DW,12,A,01,800,MUNICIPIO DE BENITO JUAREZ    ,1992-10-31 00:00:00, ,5A,ACTIVO,,,,2024-10-05,39,0,,,,,,,,,,,,2,3.0009999999999999,2026-02-26,SSB
2026-02-01 00:00:00,780901100841,80,DW,12,C,01,001,MUNICIPIO DE BENITO JUAREZ    ,1990-11-12 00:00:00, ,5A,ACTIVO,,,,2024-10-01,8,0,,,,,,,,,,,,0.34399999999999997,4.1299999999999999,2026-02-26,SSB
2026-02-01 00:00:00,780910400407,80,DW,12,B,01,001,MUNICIPIO DE BENITO JUAREZ    ,1991-04-15 00:00:00, ,5A,ACTIVO,,,,2024-10-27,69,0,,,,,,,,,,,,0.621,14.904,2026-02-26,SSB
2026-02-01 00:00:00,780131200043,80,DW,12,A,01,800,MUNICIPIO DE BENITO JUAREZ    ,2014-01-02 00:00:00, ,5A,ACTIVO,,,,2024-10-30,32,0,,,,,,,,,,,,2.3999999999999999,28.800000000000001,2026-02-26,SSB
2026-02-01 00:00:00,780131200051,80,DW,12,A,01,800,MUNICIPIO DE BENITO JUAREZ    ,2014-01-02 00:00:00, ,5A,ACTIVO,,,,2024-10-19,21,0,,,,,,,,,,,,2,1.196,2026-02-26,SSB
2026-02-01 00:00:00,780141201081,80,DW,12,A,05,801,MUNICIPIO PUERTO MORELOS      ,2014-12-10 00:00:00, ,5A,ACTIVO,,,,2024-10-27,2,0,,,,,,,,,,,,10,4.375,2026-02-26,SSB
2026-02-01 00:00:00,780170700622,80,DW,12,A,01,800,MUNICIPIO DE BENITO JUAREZ    ,2017-07-07 00:00:00, ,5A,ACTIVO,,,,2024-10-14,42,0,,,,,,,,,,,,5,3.2999999999999998,2026-02-26,SSB
2026-02-01 00:00:00,780180301688,80,DW,12,A,01,800,MUNICIPIO DE BENITO JUAREZ    ,2018-03-16 00:00:00, ,5A,ACTIVO,,,,2024-10-04,47,0,,,,,,,,,,,,2,1.9370000000000001,2026-02-26,SSB
2026-02-01 00:00:00,780181200605,80,DW,12,A,01,800,MUNICIPIO DE BENITO JUAREZ    ,2018-12-06 00:00:00, ,5A,ACTIVO,,,,2024-10-20,63,0,,,,,,,,,,,,11,3.1499999999999999,2026-02-26,SSB
2026-02-01 00:00:00,780221200948,64,DW,12,C,01,640,SERV EDUCATIVOS DE QROO       ,2022-11-03 00:00:00, ,02,ACTIVO,1,4065,19692,2024-10-30,202020,0,,,,,,,,,,,,,,,SSB
2026-02-01 00:00:00,780750400111,80,DW,12,A,05,801,MUNICIPIO PUERTO MORELOS      ,1975-04-01 00:00:00, ,5A,ACTIVO,,,,2024-10-01,140,0,,,,,,,,,,,,50,17.5,2026-02-26,SSB
2026-02-01 00:00:00,780921000761,80,DW,12,A,01,800,MUNICIPIO DE BENITO JUAREZ    ,1992-10-31 00:00:00, ,5A,ACTIVO,,,,2024-10-30,130,0,,,,,,,,,,,,7.8739999999999997,94.489999999999995,2026-02-26,SSB
2026-02-01 00:00:00,780921000770,80,DW,12,A,01,800,MUNICIPIO DE BENITO JUAREZ    ,1992-10-31 00:00:00, ,5A,ACTIVO,,,,2024-10-18,51,0,,,,,,,,,,,,3,2.3069999999999999,2026-02-26,SSB
2026-02-01 00:00:00,780921000788,80,DW,12,A,01,800,MUNICIPIO DE BENITO JUAREZ    ,1992-10-31 00:00:00, ,5A,ACTIVO,,,,2024-11-30,114,0,,,,,,,,,,,,7.8280000000000003,93.939999999999998,2026-02-26,SSB
2026-02-01 00:00:00,780900301605,80,DW,12,C,01,001,MUNICIPIO DE BENITO JUAREZ    ,1990-03-08 00:00:00, ,5A,ACTIVO,,,,2024-10-01,107,0,,,,,,,,,,,,5.1520000000000001,61.82,2026-02-26,SSB
2026-02-01 00:00:00,780901201621,80,DW,12,D,01,001,MUNICIPIO DE BENITO JUAREZ    ,1990-12-18 00:00:00, ,5A,ACTIVO,,,,2024-10-08,180,0,,,,,,,,,,,,13,136.80000000000001,2026-02-26,SSB
2026-02-01 00:00:00,780910400903,80,DW,12,A,01,800,MUNICIPIO DE BENITO JUAREZ    ,1991-04-15 00:00:00, ,5A,ACTIVO,,,,2024-10-27,323,0,,,,,,,,,,,,14.494999999999999,347.86799999999999,2026-02-26,SSB
2026-02-01 00:00:00,780921000664,80,DW,12,A,01,800,MUNICIPIO DE BENITO JUAREZ    ,1992-10-31 00:00:00, ,5A,ACTIVO,,,,2024-10-18,189,0,,,,,,,,,,,,19,10.064,2026-02-26,SSB
2026-02-01 00:00:00,780921000672,80,DW,12,A,01,800,MUNICIPIO DE BENITO JUAREZ    ,1992-10-31 00:00:00, ,5A,ACTIVO,,,,2024-10-25,176,0,,,,,,,,,,,,2.27,54.479999999999997,2026-02-26,SSB
2026-02-01 00:00:00,780921000702,80,DW,12,A,01,800,MUNICIPIO DE BENITO JUAREZ    ,1992-10-31 00:00:00, ,5A,ACTIVO,,,,2024-10-30,74,0,,,,,,,,,,,,6.5,78,2026-02-26,SSB
2026-02-01 00:00:00,780921000729,80,DW,12,A,01,800,MUNICIPIO DE BENITO JUAREZ    ,1992-10-31 00:00:00, ,5A,ACTIVO,,,,2024-10-30,128,0,,,,,,,,,,,,8.9109999999999996,106.93000000000001,2026-02-26,SSB
2026-02-01 00:00:00,780921000737,80,DW,12,A,01,800,MUNICIPIO DE BENITO JUAREZ    ,1992-10-31 00:00:00, ,5A,ACTIVO,,,,2024-10-30,99,0,,,,,,,,,,,,7.4420000000000002,89.299999999999997,2026-02-26,SSB
2026-02-01 00:00:00,780921000745,80,DW,12,A,01,800,MUNICIPIO DE BENITO JUAREZ    ,1992-10-31 00:00:00, ,5A,ACTIVO,,,,2024-10-30,128,0,,,,,,,,,,,,13.898,166.78,2026-02-26,SSB
2026-02-01 00:00:00,780921000753,80,DW,12,A,01,800,MUNICIPIO DE BENITO JUAREZ    ,1992-10-31 00:00:00, ,5A,ACTIVO,,,,2024-10-30,121,0,,,,,,,,,,,,8.3480000000000008,100.18000000000001,2026-02-26,SSB
2026-02-01 00:00:00,780921001121,80,DW,12,B,01,001,MUNICIPIO DE BENITO JUAREZ    ,1992-10-31 00:00:00, ,5A,ACTIVO,,,,2024-10-05,100,0,,,,,,,,,,,,5,4.4009999999999998,2026-02-26,SSB
2026-02-01 00:00:00,780921001130,80,DW,12,B,01,001,MUNICIPIO DE BENITO JUAREZ    ,1992-10-31 00:00:00, ,5A,ACTIVO,,,,2024-10-09,419,0,,,,,,,,,,,,24,24.094000000000001,2026-02-26,SSB
2026-02-01 00:00:00,780921001148,80,DW,12,B,01,001,MUNICIPIO DE BENITO JUAREZ    ,1992-10-31 00:00:00, ,5A,ACTIVO,,,,2024-10-06,379,0,,,,,,,,,,,,22,21.465,2026-02-26,SSB
2026-02-01 00:00:00,780921001156,80,DW,12,C,01,001,MUNICIPIO DE BENITO JUAREZ    ,1992-10-31 00:00:00, ,5A,ACTIVO,,,,2024-10-01,180,0,,,,,,,,,,,,8.6999999999999993,104.40000000000001,2026-02-26,SSB
2026-02-01 00:00:00,780921001164,80,DW,12,C,01,001,MUNICIPIO DE BENITO JUAREZ    ,1992-10-31 00:00:00, ,5A,ACTIVO,,,,2024-10-06,301,0,,,,,,,,,,,,18,159.59999999999999,2026-02-26,SSB
2026-02-01 00:00:00,780921001181,80,DW,12,D,01,001,MUNICIPIO DE BENITO JUAREZ    ,1992-10-31 00:00:00, ,5A,ACTIVO,,,,2024-10-08,142,0,,,,,,,,,,,,4,81.599999999999994,2026-02-26,SSB
2026-02-01 00:00:00,780921001199,80,DW,12,C,01,001,MUNICIPIO DE BENITO JUAREZ    ,1992-10-31 00:00:00, ,5A,ACTIVO,,,,2024-10-20,59,0,,,,,,,,,,,,1,1.0009999999999999,2026-02-26,SSB
2026-02-01 00:00:00,780921001211,80,DW,12,A,01,800,MUNICIPIO DE BENITO JUAREZ    ,1992-10-31 00:00:00, ,5A,ACTIVO,,,,2024-10-18,791,0,,,,,,,,,,,,31,37,2026-02-26,SSB
2026-02-01 00:00:00,780930604653,80,DW,12,A,01,800,MUNICIPIO DE BENITO JUAREZ    ,1993-06-04 00:00:00, ,5A,ACTIVO,,,,2024-10-26,26,0,,,,,,,,,,,,0.23400000000000001,5.6159999999999997,2026-02-26,SSB
2026-02-01 00:00:00,780940100122,80,DW,12,A,01,800,MUNICIPIO DE BENITO JUAREZ    ,1994-01-28 00:00:00, ,5A,ACTIVO,,,,2024-10-18,442,0,,,,,,,,,,,,38,37.82,2026-02-26,SSB
2026-02-01 00:00:00,780940100131,80,DW,12,A,01,800,MUNICIPIO DE BENITO JUAREZ    ,1994-01-28 00:00:00, ,5A,ACTIVO,,,,2024-10-05,58,0,,,,,,,,,,,,8,7.1760000000000002,2026-02-26,SSB
2026-02-01 00:00:00,780940100149,80,DW,12,D,01,001,MUNICIPIO DE BENITO JUAREZ    ,1994-01-28 00:00:00, ,5A,ACTIVO,,,,2024-10-25,49,0,,,,,,,,,,,,3.577,42.923999999999999,2026-02-26,SSB
2026-02-01 00:00:00,780940501119,80,DW,12,A,01,800,MUNICIPIO DE BENITO JUAREZ    ,1994-05-31 00:00:00, ,5A,ACTIVO,,,,2024-10-20,54,0,,,,,,,,,,,,6,5.6260000000000003,2026-02-26,SSB
2026-02-01 00:00:00,780940501143,80,DW,12,A,01,800,MUNICIPIO DE BENITO JUAREZ    ,1994-05-31 00:00:00, ,5A,ACTIVO,,,,2024-10-18,27,0,,,,,,,,,,,,2,1.353,2026-02-26,SSB
2026-02-01 00:00:00,780940501151,80,DW,12,A,01,800,MUNICIPIO DE BENITO JUAREZ    ,1994-05-31 00:00:00, ,5A,ACTIVO,,,,2024-10-18,42,0,,,,,,,,,,,,5,4.4939999999999998,2026-02-26,SSB
2026-02-01 00:00:00,780950100678,80,DW,12,A,01,800,MUNICIPIO DE BENITO JUAREZ    ,1995-01-13 00:00:00, ,5A,ACTIVO,,,,2024-10-25,54,0,,,,,,,,,,,,5.1840000000000002,62.207999999999998,2026-02-26,SSB
2026-02-01 00:00:00,780960801135,80,DW,12,A,01,800,MUNICIPIO DE BENITO JUAREZ    ,1996-08-17 00:00:00, ,5A,ACTIVO,,,,2024-10-25,28,0,,,,,,,,,,,,2.044,49.055999999999997,2026-02-26,SSB
2026-02-01 00:00:00,780970303052,80,DW,12,C,01,001,MUNICIPIO DE BENITO JUAREZ    ,1997-03-31 00:00:00, ,5A,ACTIVO,,,,2024-10-05,253,0,,,,,,,,,,,,11.6,116.40000000000001,2026-02-26,SSB
2026-02-01 00:00:00,780970303061,80,DW,12,C,01,001,MUNICIPIO DE BENITO JUAREZ    ,1997-03-31 00:00:00, ,5A,ACTIVO,,,,2024-10-02,172,0,,,,,,,,,,,,7.7999999999999998,93.599999999999994,2026-02-26,SSB
2026-02-01 00:00:00,780970303079,80,DW,12,C,01,001,MUNICIPIO DE BENITO JUAREZ    ,1997-03-31 00:00:00, ,5A,ACTIVO,,,,2024-10-02,280,0,,,,,,,,,,,,11.5,138,2026-02-26,SSB
2026-02-01 00:00:00,780970303087,80,DW,12,B,01,001,MUNICIPIO DE BENITO JUAREZ    ,1997-03-31 00:00:00, ,5A,ACTIVO,,,,2024-10-30,86,0,,,,,,,,,,,,26.5,44.399999999999999,2026-02-26,SSB
2026-02-01 00:00:00,780970303095,80,DW,12,B,01,001,MUNICIPIO DE BENITO JUAREZ    ,1997-03-31 00:00:00, ,5A,ACTIVO,,,,2024-10-11,55,0,,,,,,,,,,,,3,2.323,2026-02-26,SSB
2026-02-01 00:00:00,780970303109,80,DW,12,B,01,001,MUNICIPIO DE BENITO JUAREZ    ,1997-03-31 00:00:00, ,5A,ACTIVO,,,,2024-10-30,55,0,,,,,,,,,,,,11.9,31.199999999999999,2026-02-26,SSB
2026-02-01 00:00:00,780970501491,80,DW,12,B,01,001,MUNICIPIO DE BENITO JUAREZ    ,1997-05-31 00:00:00, ,5A,ACTIVO,,,,2024-10-19,169,0,,,,,,,,,,,,8,7.6600000000000001,2026-02-26,SSB
2026-02-01 00:00:00,780970501521,80,DW,12,A,01,800,MUNICIPIO DE BENITO JUAREZ    ,1997-05-31 00:00:00, ,5A,ACTIVO,,,,2024-10-30,34,0,,,,,,,,,,,,2.5,30,2026-02-26,SSB
2026-02-01 00:00:00,780970501547,80,DW,12,A,01,800,MUNICIPIO DE BENITO JUAREZ    ,1997-05-31 00:00:00, ,5A,ACTIVO,,,,2024-10-18,43,0,,,,,,,,,,,,5,4.3399999999999999,2026-02-26,SSB
2026-02-01 00:00:00,780970501555,80,DW,12,A,01,800,MUNICIPIO DE BENITO JUAREZ    ,1997-05-31 00:00:00, ,5A,ACTIVO,,,,2024-10-18,130,0,,,,,,,,,,,,4,9.5449999999999999,2026-02-26,SSB
2026-02-01 00:00:00,780970501580,80,DW,12,C,01,001,MUNICIPIO DE BENITO JUAREZ    ,1997-05-31 00:00:00, ,5A,ACTIVO,,,,2024-10-27,60,0,,,,,,,,,,,,0.54000000000000004,12.960000000000001,2026-02-26,SSB
2026-02-01 00:00:00,780970501598,80,DW,12,C,01,001,MUNICIPIO DE BENITO JUAREZ    ,1997-05-31 00:00:00, ,5A,ACTIVO,,,,2024-10-19,60,0,,,,,,,,,,,,5,159,2026-02-26,SSB
2026-02-01 00:00:00,780970501601,80,DW,12,A,01,800,MUNICIPIO DE BENITO JUAREZ    ,1997-05-31 00:00:00, ,5A,ACTIVO,,,,2024-10-18,22,0,,,,,,,,,,,,4,3.4569999999999999,2026-02-26,SSB
2026-02-01 00:00:00,780980203471,80,DW,12,B,01,001,MUNICIPIO DE BENITO JUAREZ    ,1998-02-16 00:00:00, ,5A,ACTIVO,,,,2024-10-19,96,0,,,,,,,,,,,,6,4.5309999999999997,2026-02-26,SSB
2026-02-01 00:00:00,780980203480,80,DW,12,B,01,001,MUNICIPIO DE BENITO JUAREZ    ,1998-02-16 00:00:00, ,5A,ACTIVO,,,,2024-10-23,40,0,,,,,,,,,,,,2,2.4449999999999998,2026-02-26,SSB
2026-02-01 00:00:00,780980203498,80,DW,12,B,01,001,MUNICIPIO DE BENITO JUAREZ    ,1998-02-16 00:00:00, ,5A,ACTIVO,,,,2024-10-30,64,0,,,,,,,,,,,,3.2000000000000002,38.399999999999999,2026-02-26,SSB
2026-02-01 00:00:00,780980203528,80,DW,12,B,01,001,MUNICIPIO DE BENITO JUAREZ    ,1998-02-14 00:00:00, ,5A,ACTIVO,,,,2024-10-30,49,0,,,,,,,,,,,,1.8999999999999999,22.800000000000001,2026-02-26,SSB
2026-02-01 00:00:00,780980203544,80,DW,12,B,01,001,MUNICIPIO DE BENITO JUAREZ    ,1998-02-14 00:00:00, ,5A,ACTIVO,,,,2024-10-30,70,0,,,,,,,,,,,,2.8999999999999999,34.799999999999997,2026-02-26,SSB
2026-02-01 00:00:00,780980203552,80,DW,12,B,01,001,MUNICIPIO DE BENITO JUAREZ    ,1998-02-14 00:00:00, ,5A,ACTIVO,,,,2024-10-30,55,0,,,,,,,,,,,,2.1000000000000001,25.199999999999999,2026-02-26,SSB
2026-02-01 00:00:00,780980302224,80,DW,12,C,01,001,MUNICIPIO DE BENITO JUAREZ    ,1998-03-31 00:00:00, ,5A,ACTIVO,,,,2024-10-02,87,0,,,,,,,,,,,,33.060000000000002,396.72000000000003,2026-02-26,SSB
2026-02-01 00:00:00,780980500930,80,DW,12,A,01,800,MUNICIPIO DE BENITO JUAREZ    ,1998-05-12 00:00:00, ,5A,ACTIVO,,,,2024-10-18,46,0,,,,,,,,,,,,8,6.2599999999999998,2026-02-26,SSB
2026-02-01 00:00:00,780980602252,80,DW,12,A,01,800,MUNICIPIO DE BENITO JUAREZ    ,1998-06-09 00:00:00, ,5A,ACTIVO,,,,2024-10-20,44,0,,,,,,,,,,,,5,4.6020000000000003,2026-02-26,SSB
2026-02-01 00:00:00,780980900695,80,DW,12,A,01,800,MUNICIPIO DE BENITO JUAREZ    ,1998-09-03 00:00:00, ,5A,ACTIVO,,,,2024-10-27,21,0,,,,,,,,,,,,0.189,4.5359999999999996,2026-02-26,SSB
2026-02-01 00:00:00,780990309138,80,DW,12,C,01,001,MUNICIPIO DE BENITO JUAREZ    ,1999-03-25 00:00:00, ,5A,ACTIVO,,,,2024-10-19,114,0,,,,,,,,,,,,10,6.71,2026-02-26,SSB
2026-02-01 00:00:00,781000855768,80,DW,12,B,01,001,MUNICIPIO DE BENITO JUAREZ    ,2000-08-03 00:00:00, ,5A,ACTIVO,,,,2024-10-30,50,0,,,,,,,,,,,,2.2000000000000002,26.399999999999999,2026-02-26,SSB
2026-02-01 00:00:00,781010200034,80,DW,12,B,01,001,MUNICIPIO DE BENITO JUAREZ    ,2000-04-13 00:00:00, ,5A,ACTIVO,,,,2024-10-27,32,0,,,,,,,,,,,,2.7599999999999998,66.239999999999995,2026-02-26,SSB
2026-02-01 00:00:00,781010403407,80,DW,12,B,01,001,MUNICIPIO DE BENITO JUAREZ    ,2001-04-17 00:00:00, ,5A,ACTIVO,,,,2024-10-26,9,0,,,,,,,,,,,,0.621,14.904,2026-02-26,SSB
2026-02-01 00:00:00,781010501913,80,DW,12,B,01,001,MUNICIPIO DE BENITO JUAREZ    ,2001-04-19 00:00:00, ,5A,ACTIVO,,,,2024-10-30,64,0,,,,,,,,,,,,16.300000000000001,40.799999999999997,2026-02-26,SSB
2026-02-01 00:00:00,781010502359,80,DW,12,B,01,001,MUNICIPIO DE BENITO JUAREZ    ,2001-05-21 00:00:00, ,5A,ACTIVO,,,,2024-10-30,9,0,,,,,,,,,,,,0.621,14.904,2026-02-26,SSB
2026-02-01 00:00:00,781040403037,80,DW,12,B,01,001,MUNICIPIO DE BENITO JUAREZ    ,2004-04-22 00:00:00, ,5A,ACTIVO,,,,2024-10-20,23,0,,,,,,,,,,,,1,0.98899999999999999,2026-02-26,SSB
2026-02-01 00:00:00,781080801264,80,DW,12,B,01,001,MUNICIPIO DE BENITO JUAREZ    ,2008-06-18 00:00:00, ,5A,ACTIVO,,,,2024-10-19,10,0,,,,,,,,,,,,6,2.02,2026-02-26,SSB
2026-02-01 00:00:00,781090501609,80,DW,12,B,01,001,MUNICIPIO DE BENITO JUAREZ    ,2009-04-23 00:00:00, ,5A,ACTIVO,,,,2024-10-19,42,0,,,,,,,,,,,,10,5.2699999999999996,2026-02-26,SSB
2026-02-01 00:00:00,781150304891,80,DW,12,B,01,001,MUNICIPIO DE BENITO JUAREZ    ,2015-05-05 00:00:00, ,5A,ACTIVO,,,,2024-10-21,21,0,,,,,,,,,,,,12,2.919,2026-02-26,SSB
2026-02-01 00:00:00,782000357217,80,DW,12,D,01,001,MUNICIPIO DE BENITO JUAREZ    ,1998-03-15 00:00:00, ,5A,ACTIVO,,,,2024-10-25,27,0,,,,,,,,,,,,1.3959999999999999,16.745999999999999,2026-02-26,SSB
2026-02-01 00:00:00,782000357241,80,DW,12,C,01,001,MUNICIPIO DE BENITO JUAREZ    ,1998-03-05 00:00:00, ,5A,ACTIVO,,,,2024-10-08,82,0,,,,,,,,,,,,7,46.799999999999997,2026-02-26,SSB
2026-02-01 00:00:00,782000357250,80,DW,12,C,01,001,MUNICIPIO DE BENITO JUAREZ    ,1998-03-15 00:00:00, ,5A,ACTIVO,,,,2024-10-01,92,0,,,,,,,,,,,,4.7930000000000001,57.520000000000003,2026-02-26,SSB
2026-02-01 00:00:00,782000357268,80,DW,12,A,01,800,MUNICIPIO DE BENITO JUAREZ    ,1998-03-15 00:00:00, ,5A,ACTIVO,,,,2024-10-25,26,0,,,,,,,,,,,,1.72,20.640000000000001,2026-02-26,SSB
2026-02-01 00:00:00,782000357314,80,DW,12,C,01,001,MUNICIPIO DE BENITO JUAREZ    ,1998-03-15 00:00:00, ,5A,ACTIVO,,,,2024-10-11,134,0,,,,,,,,,,,,7,6.806,2026-02-26,SSB
2026-02-01 00:00:00,782010504366,80,DW,12,C,01,001,MUNICIPIO DE BENITO JUAREZ    ,2001-05-29 00:00:00, ,5A,ACTIVO,,,,2024-10-10,7,0,,,,,,,,,,,,1,9.5999999999999996,2026-02-26,SSB
2026-02-01 00:00:00,782010504374,80,DW,12,C,01,001,MUNICIPIO DE BENITO JUAREZ    ,2001-05-29 00:00:00, ,5A,ACTIVO,,,,2024-10-30,32,0,,,,,,,,,,,,2.2080000000000002,52.991999999999997,2026-02-26,SSB
2026-02-01 00:00:00,782010504382,80,DW,12,C,01,001,MUNICIPIO DE BENITO JUAREZ    ,2001-05-29 00:00:00, ,5A,ACTIVO,,,,2024-10-27,29,0,,,,,,,,,,,,0.26100000000000001,6.2640000000000002,2026-02-26,SSB
2026-02-01 00:00:00,782011202002,80,DW,12,C,01,001,MUNICIPIO DE BENITO JUAREZ    ,2001-10-23 00:00:00, ,5A,ACTIVO,,,,2024-10-02,23,0,,,,,,,,,,,,0.874,10.49,2026-02-26,SSB
2026-02-01 00:00:00,782021200831,80,DW,12,C,01,001,MUNICIPIO DE BENITO JUAREZ    ,2002-11-15 00:00:00, ,5A,ACTIVO,,,,2024-10-20,59,0,,,,,,,,,,,,8,7.9610000000000003,2026-02-26,SSB
2026-02-01 00:00:00,782030501011,80,DW,12,A,01,800,MUNICIPIO DE BENITO JUAREZ    ,2003-04-14 00:00:00, ,5A,ACTIVO,,,,2024-10-12,35,0,,,,,,,,,,,,3,2.6000000000000001,2026-02-26,SSB
2026-02-01 00:00:00,782030501045,80,DW,12,C,01,001,MUNICIPIO DE BENITO JUAREZ    ,2003-05-02 00:00:00, ,5A,ACTIVO,,,,2024-10-19,31,0,,,,,,,,,,,,4,3.6970000000000001,2026-02-26,SSB
2026-02-01 00:00:00,782040100448,80,DW,12,D,01,001,MUNICIPIO DE BENITO JUAREZ    ,2003-12-05 00:00:00, ,5A,ACTIVO,,,,2024-10-06,26,0,,,,,,,,,,,,3.6000000000000001,43.200000000000003,2026-02-26,SSB
2026-02-01 00:00:00,782040100472,80,DW,12,B,01,001,MUNICIPIO DE BENITO JUAREZ    ,2003-12-08 00:00:00, ,5A,ACTIVO,,,,2024-10-19,4,0,,,,,,,,,,,,5,0.51000000000000001,2026-02-26,SSB
2026-02-01 00:00:00,782040203981,80,DW,12,C,01,001,MUNICIPIO DE BENITO JUAREZ    ,2004-01-23 00:00:00, ,5A,ACTIVO,,,,2024-10-20,37,0,,,,,,,,,,,,3,2.7010000000000001,2026-02-26,SSB
2026-02-01 00:00:00,782020301374,80,DW,12,C,01,001,MUNICIPIO DE BENITO JUAREZ    ,2001-12-06 00:00:00, ,5A,ACTIVO,,,,2024-10-04,78,0,,,,,,,,,,,,4.2830000000000004,51.399999999999999,2026-02-26,SSB
2026-02-01 00:00:00,782050300712,80,DW,12,C,01,001,MUNICIPIO DE BENITO JUAREZ    ,2005-02-07 00:00:00, ,5A,ACTIVO,,,,2024-10-19,15,0,,,,,,,,,,,,1,0.84999999999999998,2026-02-26,SSB
2026-02-01 00:00:00,782050300780,80,DW,12,C,01,001,MUNICIPIO DE BENITO JUAREZ    ,2005-02-07 00:00:00, ,5A,ACTIVO,,,,2024-10-02,54,0,,,,,,,,,,,,3.8999999999999999,46.799999999999997,2026-02-26,SSB
2026-02-01 00:00:00,782010909773,80,DW,12,C,01,001,MUNICIPIO DE BENITO JUAREZ    ,2001-08-17 00:00:00, ,5A,ACTIVO,,,,2024-10-19,47,0,,,,,,,,,,,,5,2,2026-02-26,SSB
2026-02-01 00:00:00,782010909765,80,DW,12,C,01,001,MUNICIPIO DE BENITO JUAREZ    ,2001-08-17 00:00:00, ,5A,ACTIVO,,,,2024-10-18,51,0,,,,,,,,,,,,7,4,2026-02-26,SSB
2026-02-01 00:00:00,782010501251,80,DW,12,C,01,001,MUNICIPIO DE BENITO JUAREZ    ,2001-04-27 00:00:00, ,5A,ACTIVO,,,,2024-10-30,10,0,,,,,,,,,,,,0.68999999999999995,16.559999999999999,2026-02-26,SSB
2026-02-01 00:00:00,782070103891,80,DW,12,C,01,001,MUNICIPIO DE BENITO JUAREZ    ,2007-01-30 00:00:00, ,5A,ACTIVO,,,,2024-10-11,83,0,,,,,,,,,,,,1,42,2026-02-26,SSB
2026-02-01 00:00:00,782010501235,80,DW,12,C,01,001,MUNICIPIO DE BENITO JUAREZ    ,2001-02-08 00:00:00, ,5A,ACTIVO,,,,2024-10-20,56,0,,,,,,,,,,,,5,49.200000000000003,2026-02-26,SSB
2026-02-01 00:00:00,782010406496,80,DW,12,C,01,001,MUNICIPIO DE BENITO JUAREZ    ,2001-02-08 00:00:00, ,5A,ACTIVO,,,,2024-10-06,12,0,,,,,,,,,,,,2,37.200000000000003,2026-02-26,SSB
2026-02-01 00:00:00,782010406488,80,DW,12,C,01,001,MUNICIPIO DE BENITO JUAREZ    ,2001-02-07 00:00:00, ,5A,ACTIVO,,,,2024-10-18,41,0,,,,,,,,,,,,3,2.516,2026-02-26,SSB
2026-02-01 00:00:00,782010219220,80,DW,12,C,01,001,MUNICIPIO DE BENITO JUAREZ    ,2000-12-31 00:00:00, ,5A,ACTIVO,,,,2024-10-04,43,0,,,,,,,,,,,,2.4550000000000001,29.460000000000001,2026-02-26,SSB
2026-02-01 00:00:00,782081200791,80,DW,12,C,01,001,MUNICIPIO DE BENITO JUAREZ    ,2008-12-03 00:00:00, ,5A,ACTIVO,,,,2024-10-11,52,0,,,,,,,,,,,,3,7.0010000000000003,2026-02-26,SSB
2026-02-01 00:00:00,782120100040,80,DW,12,C,01,001,MUNICIPIO DE BENITO JUAREZ    ,2012-01-11 00:00:00, ,5A,ACTIVO,,,,2024-10-03,25,0,,,,,,,,,,,,1.075,12.9,2026-02-26,SSB
2026-02-01 00:00:00,782120505449,80,DW,12,C,01,001,MUNICIPIO DE BENITO JUAREZ    ,2012-05-30 00:00:00, ,5A,ACTIVO,,,,2024-10-04,38,0,,,,,,,,,,,,2.7999999999999998,33.600000000000001,2026-02-26,SSB
2026-02-01 00:00:00,782000657989,80,DW,12,C,01,001,MUNICIPIO DE BENITO JUAREZ    ,1999-05-20 00:00:00, ,5A,ACTIVO,,,,2024-10-18,40,0,,,,,,,,,,,,1,1.883,2026-02-26,SSB
2026-02-01 00:00:00,781971000068,80,DW,12,B,01,001,MUNICIPIO DE BENITO JUAREZ    ,1997-10-16 00:00:00, ,5A,ACTIVO,,,,2024-10-13,21,0,,,,,,,,,,,,0.189,4.5359999999999996,2026-02-26,SSB
2026-02-01 00:00:00,781971000050,80,DW,12,B,01,001,MUNICIPIO DE BENITO JUAREZ    ,1997-10-15 00:00:00, ,5A,ACTIVO,,,,2024-10-30,29,0,,,,,,,,,,,,0.26100000000000001,6.2640000000000002,2026-02-26,SSB
2026-02-01 00:00:00,781970705700,80,DW,12,B,01,001,MUNICIPIO DE BENITO JUAREZ    ,1997-07-10 00:00:00, ,5A,ACTIVO,,,,2024-10-19,59,0,,,,,,,,,,,,3,2.7400000000000002,2026-02-26,SSB
2026-02-01 00:00:00,781160901901,80,DW,12,B,01,001,MUNICIPIO DE BENITO JUAREZ    ,2016-09-23 00:00:00, ,5A,ACTIVO,,,,2024-10-30,24,0,,,,,,,,,,,,3.7000000000000002,15.6,2026-02-26,SSB
2026-02-01 00:00:00,782170805265,80,DW,12,D,01,001,MUNICIPIO DE BENITO JUAREZ    ,2017-08-26 00:00:00, ,5A,ACTIVO,,,,2024-10-05,64,0,,,,,,,,,,,,3.2999999999999998,69.599999999999994,2026-02-26,SSB
2026-02-01 00:00:00,781090101881,80,DW,12,B,01,001,MUNICIPIO DE BENITO JUAREZ    ,2008-12-16 00:00:00, ,5A,ACTIVO,,,,2024-10-30,9,0,,,,,,,,,,,,0.40000000000000002,4.7999999999999998,2026-02-26,SSB
2026-02-01 00:00:00,781070303959,80,DW,12,B,01,001,MUNICIPIO DE BENITO JUAREZ    ,2007-03-26 00:00:00, ,5A,ACTIVO,,,,2024-10-30,100,0,,,,,,,,,,,,5.4000000000000004,64.799999999999997,2026-02-26,SSB
2026-02-01 00:00:00,782930404151,80,DW,12,C,01,001,MUNICIPIO DE BENITO JUAREZ    ,1993-04-16 00:00:00, ,5A,ACTIVO,,,,2024-10-17,29,0,,,,,,,,,,,,2,17.449999999999999,2026-02-26,SSB
2026-02-01 00:00:00,781041100631,80,DW,12,B,01,001,MUNICIPIO DE BENITO JUAREZ    ,2004-12-06 00:00:00, ,5A,ACTIVO,,,,2024-10-19,35,0,,,,,,,,,,,,4,3.5350000000000001,2026-02-26,SSB
2026-02-01 00:00:00,782940402326,80,DW,12,C,01,001,MUNICIPIO DE BENITO JUAREZ    ,1994-04-30 00:00:00, ,5A,ACTIVO,,,,2024-10-10,75,0,,,,,,,,,,,,4,6.0010000000000003,2026-02-26,SSB
2026-02-01 00:00:00,782050203725,80,DW,12,A,01,800,MUNICIPIO DE BENITO JUAREZ    ,2005-03-02 00:00:00, ,5A,ACTIVO,,,,2024-10-30,40,0,,,,,,,,,,,,5.5,66,2026-02-26,SSB
2026-02-01 00:00:00,782031205156,80,DW,12,C,01,001,MUNICIPIO DE BENITO JUAREZ    ,2003-11-26 00:00:00, ,5A,ACTIVO,,,,2024-10-20,42,0,,,,,,,,,,,,3,37.200000000000003,2026-02-26,SSB
2026-02-01 00:00:00,782031205121,80,DW,12,B,01,001,MUNICIPIO DE BENITO JUAREZ    ,2003-11-26 00:00:00, ,5A,ACTIVO,,,,2024-10-19,42,0,,,,,,,,,,,,3,3.0699999999999998,2026-02-26,SSB
2026-02-01 00:00:00,782030803718,80,DW,12,B,01,001,MUNICIPIO DE BENITO JUAREZ    ,2003-07-29 00:00:00, ,5A,ACTIVO,,,,2024-10-19,8,0,,,,,,,,,,,,13,0.47999999999999998,2026-02-26,SSB
2026-02-01 00:00:00,782030410074,80,DW,12,C,01,001,MUNICIPIO DE BENITO JUAREZ    ,2003-04-11 00:00:00, ,5A,ACTIVO,,,,2024-10-04,4,0,,,,,,,,,,,,0.20000000000000001,2.3999999999999999,2026-02-26,SSB
2026-02-01 00:00:00,782030407146,80,DW,12,C,01,001,MUNICIPIO DE BENITO JUAREZ    ,2003-04-03 00:00:00, ,5A,ACTIVO,,,,2024-10-21,29,0,,,,,,,,,,,,3,20.399999999999999,2026-02-26,SSB
2026-02-01 00:00:00,782030203371,80,DW,12,B,01,001,MUNICIPIO DE BENITO JUAREZ    ,2003-01-29 00:00:00, ,5A,ACTIVO,,,,2024-10-30,4,0,,,,,,,,,,,,3,30,2026-02-26,SSB
2026-02-01 00:00:00,782030203150,80,DW,12,C,01,001,MUNICIPIO DE BENITO JUAREZ    ,2003-02-03 00:00:00, ,5A,ACTIVO,,,,2024-10-02,50,0,,,,,,,,,,,,6.7999999999999998,81.599999999999994,2026-02-26,SSB
2026-02-01 00:00:00,782050701504,80,DW,12,C,01,001,MUNICIPIO DE BENITO JUAREZ    ,2005-07-28 00:00:00, ,5A,ACTIVO,,,,2024-10-19,49,0,,,,,,,,,,,,3,2.2799999999999998,2026-02-26,SSB
2026-02-01 00:00:00,782051001069,80,DW,12,D,01,001,MUNICIPIO DE BENITO JUAREZ    ,2004-04-22 00:00:00, ,5A,ACTIVO,,,,2024-10-19,32,0,,,,,,,,,,,,6,2,2026-02-26,SSB
2026-02-01 00:00:00,782980700818,80,DW,12,C,01,001,MUNICIPIO DE BENITO JUAREZ    ,1998-07-24 00:00:00, ,5A,ACTIVO,,,,2024-10-08,21,0,,,,,,,,,,,,5,51.600000000000001,2026-02-26,SSB
2026-02-01 00:00:00,783000655966,80,DW,12,D,01,001,MUNICIPIO DE BENITO JUAREZ    ,2000-05-24 00:00:00, ,5A,ACTIVO,,,,2024-10-05,64,0,,,,,,,,,,,,2.9580000000000002,35.5,2026-02-26,SSB
2026-02-01 00:00:00,783000656512,80,DW,12,D,01,001,MUNICIPIO DE BENITO JUAREZ    ,2000-03-30 00:00:00, ,5A,ACTIVO,,,,2024-10-05,27,0,,,,,,,,,,,,1.198,14.58,2026-02-26,SSB
2026-02-01 00:00:00,783010400966,80,DW,12,D,01,001,MUNICIPIO DE BENITO JUAREZ    ,2001-02-07 00:00:00, ,5A,ACTIVO,,,,2024-10-05,7,0,,,,,,,,,,,,0.59999999999999998,7.2000000000000002,2026-02-26,SSB
2026-02-01 00:00:00,782051001093,80,DW,12,C,01,001,MUNICIPIO DE BENITO JUAREZ    ,2005-03-12 00:00:00, ,5A,ACTIVO,,,,2024-10-04,13,0,,,,,,,,,,,,0.70899999999999996,8.5099999999999998,2026-02-26,SSB
2026-02-01 00:00:00,782070900422,80,DW,12,C,01,001,MUNICIPIO DE BENITO JUAREZ    ,2007-09-10 00:00:00, ,5A,ACTIVO,,,,2024-10-11,46,0,,,,,,,,,,,,3,26.399999999999999,2026-02-26,SSB
2026-02-01 00:00:00,782071105286,80,DW,12,C,01,001,MUNICIPIO DE BENITO JUAREZ    ,2007-12-04 00:00:00, ,5A,ACTIVO,,,,2024-11-30,5,0,,,,,,,,,,,,0.29999999999999999,3.6000000000000001,2026-02-26,SSB
2026-02-01 00:00:00,782080301187,80,DW,12,C,01,001,MUNICIPIO DE BENITO JUAREZ    ,2008-03-18 00:00:00, ,5A,ACTIVO,,,,2024-10-11,22,0,,,,,,,,,,,,2,10.800000000000001,2026-02-26,SSB
2026-02-01 00:00:00,782080802739,80,DW,12,C,01,001,MUNICIPIO DE BENITO JUAREZ    ,2008-06-03 00:00:00, ,5A,ACTIVO,,,,2024-10-19,127,0,,,,,,,,,,,,10,8.3499999999999996,2026-02-26,SSB
2026-02-01 00:00:00,782140607124,80,DW,12,C,01,001,MUNICIPIO DE BENITO JUAREZ    ,2014-07-15 00:00:00, ,5A,ACTIVO,,,,2024-10-01,56,0,,,,,,,,,,,,5.4000000000000004,64.799999999999997,2026-02-26,SSB
2026-02-01 00:00:00,782141000835,80,DW,12,C,01,001,MUNICIPIO DE BENITO JUAREZ    ,2014-10-14 00:00:00, ,5A,ACTIVO,,,,2024-10-18,102,0,,,,,,,,,,,,11,9.7919999999999998,2026-02-26,SSB
2026-02-01 00:00:00,782160916361,80,DW,12,C,01,001,MUNICIPIO DE BENITO JUAREZ    ,2016-09-23 00:00:00, ,5A,ACTIVO,,,,2024-10-02,55,0,,,,,,,,,,,,4.2999999999999998,51.600000000000001,2026-02-26,SSB
2026-02-01 00:00:00,782160916450,80,DW,12,C,01,001,MUNICIPIO DE BENITO JUAREZ    ,2016-09-23 00:00:00, ,5A,ACTIVO,,,,2024-10-02,73,0,,,,,,,,,,,,5.7000000000000002,68.400000000000006,2026-02-26,SSB
2026-02-01 00:00:00,782160916557,80,DW,12,C,01,001,MUNICIPIO DE BENITO JUAREZ    ,2016-09-23 00:00:00, ,5A,ACTIVO,,,,2024-10-04,74,0,,,,,,,,,,,,9.3000000000000007,111.59999999999999,2026-02-26,SSB
2026-02-01 00:00:00,782940701609,80,DW,12,C,01,001,MUNICIPIO DE BENITO JUAREZ    ,1994-07-31 00:00:00, ,5A,ACTIVO,,,,2024-10-04,25,0,,,,,,,,,,,,9.5,114,2026-02-26,SSB
2026-02-01 00:00:00,782940701617,80,DW,12,C,01,001,MUNICIPIO DE BENITO JUAREZ    ,1994-07-31 00:00:00, ,5A,ACTIVO,,,,2024-10-01,34,0,,,,,,,,,,,,12.92,155.03999999999999,2026-02-26,SSB
2026-02-01 00:00:00,782940701633,80,DW,12,C,01,001,MUNICIPIO DE BENITO JUAREZ    ,1994-07-31 00:00:00, ,5A,ACTIVO,,,,2024-10-01,32,0,,,,,,,,,,,,12.16,145.90000000000001,2026-02-26,SSB
2026-02-01 00:00:00,782940701676,80,DW,12,C,01,001,MUNICIPIO DE BENITO JUAREZ    ,1994-07-31 00:00:00, ,5A,ACTIVO,,,,2024-10-18,10,0,,,,,,,,,,,,4,1.28,2026-02-26,SSB
2026-02-01 00:00:00,782940801662,80,DW,12,C,01,001,MUNICIPIO DE BENITO JUAREZ    ,1994-08-18 00:00:00, ,5A,ACTIVO,,,,2024-10-19,39,0,,,,,,,,,,,,7,6.2130000000000001,2026-02-26,SSB
2026-02-01 00:00:00,782940901217,80,DW,12,C,01,001,MUNICIPIO DE BENITO JUAREZ    ,1994-09-27 00:00:00, ,5A,ACTIVO,,,,2024-10-19,24,0,,,,,,,,,,,,1,4,2026-02-26,SSB
2026-02-01 00:00:00,783050902182,80,DW,12,D,01,001,MUNICIPIO DE BENITO JUAREZ    ,2004-04-13 00:00:00, ,5A,ACTIVO,,,,2024-10-04,31,0,,,,,,,,,,,,1.3999999999999999,16.800000000000001,2026-02-26,SSB
2026-02-01 00:00:00,783060600575,80,DW,12,D,01,001,MUNICIPIO DE BENITO JUAREZ    ,2006-06-01 00:00:00, ,5A,ACTIVO,,,,2024-10-05,53,0,,,,,,,,,,,,3.5910000000000002,43.090000000000003,2026-02-26,SSB
2026-02-01 00:00:00,783080201511,80,DW,12,A,01,800,MUNICIPIO DE BENITO JUAREZ    ,2008-01-29 00:00:00, ,5A,ACTIVO,,,,2024-10-20,31,0,,,,,,,,,,,,4,3.6070000000000002,2026-02-26,SSB
2026-02-01 00:00:00,783080201553,80,DW,12,A,01,800,MUNICIPIO DE BENITO JUAREZ    ,2008-01-29 00:00:00, ,5A,ACTIVO,,,,2024-10-18,45,0,,,,,,,,,,,,6,6.21,2026-02-26,SSB
2026-02-01 00:00:00,782940901225,80,DW,12,C,01,001,MUNICIPIO DE BENITO JUAREZ    ,1994-09-27 00:00:00, ,5A,ACTIVO,,,,2024-10-17,10,0,,,,,,,,,,,,1,5.1600000000000001,2026-02-26,SSB
2026-02-01 00:00:00,782941000957,80,DW,12,C,01,001,MUNICIPIO DE BENITO JUAREZ    ,1994-10-12 00:00:00, ,5A,ACTIVO,,,,2024-10-10,11,0,,,,,,,,,,,,1,1.0009999999999999,2026-02-26,SSB
2026-02-01 00:00:00,783080501441,80,DW,12,D,01,001,MUNICIPIO DE BENITO JUAREZ    ,2008-04-23 00:00:00, ,5A,ACTIVO,,,,2024-10-20,26,0,,,,,,,,,,,,1,14.4,2026-02-26,SSB
2026-02-01 00:00:00,783080501506,80,DW,12,D,01,001,MUNICIPIO DE BENITO JUAREZ    ,2008-04-23 00:00:00, ,5A,ACTIVO,,,,2024-10-21,41,0,,,,,,,,,,,,3,32.399999999999999,2026-02-26,SSB
2026-02-01 00:00:00,783080502979,80,DW,12,D,01,001,MUNICIPIO DE BENITO JUAREZ    ,2008-04-29 00:00:00, ,5A,ACTIVO,,,,2024-10-21,64,0,,,,,,,,,,,,2,38.399999999999999,2026-02-26,SSB
2026-02-01 00:00:00,782980101566,80,DW,12,C,01,001,MUNICIPIO DE BENITO JUAREZ    ,1998-01-29 00:00:00, ,5A,ACTIVO,,,,2024-10-02,33,0,,,,,,,,,,,,7.6779999999999999,92.340000000000003,2026-02-26,SSB
2026-02-01 00:00:00,783010501258,80,DW,12,D,01,001,MUNICIPIO DE BENITO JUAREZ    ,2001-05-22 00:00:00, ,5A,ACTIVO,,,,2024-10-19,25,0,,,,,,,,,,,,4,5.0439999999999996,2026-02-26,SSB
2026-02-01 00:00:00,783010900861,80,DW,12,D,01,001,MUNICIPIO DE BENITO JUAREZ    ,2000-10-01 00:00:00, ,5A,ACTIVO,,,,2024-10-30,24,0,,,,,,,,,,,,1.6559999999999999,39.744,2026-02-26,SSB
2026-02-01 00:00:00,782180603407,80,DW,12,C,01,001,MUNICIPIO DE BENITO JUAREZ    ,2018-06-23 00:00:00, ,5A,ACTIVO,,,,2024-10-26,33,0,,,,,,,,,,,,7.8499999999999996,94.896000000000001,2026-02-26,SSB
2026-02-01 00:00:00,782910400205,80,DW,12,C,01,001,MUNICIPIO DE BENITO JUAREZ    ,1991-04-15 00:00:00, ,5A,ACTIVO,,,,2024-10-30,13,0,,,,,,,,,,,,0.89700000000000002,21.527999999999999,2026-02-26,SSB
2026-02-01 00:00:00,782930606462,80,DW,12,C,01,001,MUNICIPIO DE BENITO JUAREZ    ,1993-06-18 00:00:00, ,5A,ACTIVO,,,,2024-10-26,28,0,,,,,,,,,,,,3.8079999999999998,91.391999999999996,2026-02-26,SSB
2026-02-01 00:00:00,782940701471,80,DW,12,C,01,001,MUNICIPIO DE BENITO JUAREZ    ,1994-07-31 00:00:00, ,5A,ACTIVO,,,,2024-10-08,6,0,,,,,,,,,,,,1,3.6000000000000001,2026-02-26,SSB
2026-02-01 00:00:00,783030400601,80,DW,12,D,01,001,MUNICIPIO DE BENITO JUAREZ    ,2003-03-13 00:00:00, ,5A,ACTIVO,,,,2024-10-05,94,0,,,,,,,,,,,,4.5999999999999996,55.200000000000003,2026-02-26,SSB
2026-02-01 00:00:00,783120504872,80,DW,12,D,01,001,MUNICIPIO DE BENITO JUAREZ    ,2012-05-08 00:00:00, ,5A,ACTIVO,,,,2024-10-05,108,0,,,,,,,,,,,,4.5999999999999996,55.200000000000003,2026-02-26,SSB
2026-02-01 00:00:00,783040100410,80,DW,12,C,01,001,MUNICIPIO DE BENITO JUAREZ    ,2003-11-13 00:00:00, ,5A,ACTIVO,,,,2024-10-01,9,0,,,,,,,,,,,,1.6000000000000001,19.199999999999999,2026-02-26,SSB
2026-02-01 00:00:00,783040100428,80,DW,12,C,01,001,MUNICIPIO DE BENITO JUAREZ    ,2003-11-11 00:00:00, ,5A,ACTIVO,,,,2024-10-18,75,0,,,,,,,,,,,,4,3.6150000000000002,2026-02-26,SSB
2026-02-01 00:00:00,783121101224,80,DW,12,C,01,001,MUNICIPIO DE BENITO JUAREZ    ,2012-11-07 00:00:00, ,5A,ACTIVO,,,,2024-10-18,94,0,,,,,,,,,,,,9,8.4199999999999999,2026-02-26,SSB
2026-02-01 00:00:00,783040300036,80,DW,12,C,01,001,MUNICIPIO DE BENITO JUAREZ    ,2004-01-29 00:00:00, ,5A,ACTIVO,,,,2024-10-19,25,0,,,,,,,,,,,,2,1.7949999999999999,2026-02-26,SSB
2026-02-01 00:00:00,783050400055,80,DW,12,D,01,001,MUNICIPIO DE BENITO JUAREZ    ,2005-04-05 00:00:00, ,5A,ACTIVO,,,,2024-10-04,66,0,,,,,,,,,,,,5.8499999999999996,49.200000000000003,2026-02-26,SSB
2026-02-01 00:00:00,783020202232,80,DW,12,C,01,001,MUNICIPIO DE BENITO JUAREZ    ,2002-01-14 00:00:00, ,5A,ACTIVO,,,,2024-10-26,68,0,,,,,,,,,,,,8.9960000000000004,215.904,2026-02-26,SSB
2026-02-01 00:00:00,783020202356,80,DW,12,D,01,001,MUNICIPIO DE BENITO JUAREZ    ,2002-01-08 00:00:00, ,5A,ACTIVO,,,,2024-10-30,57,0,,,,,,,,,,,,1.206,28.943999999999999,2026-02-26,SSB
2026-02-01 00:00:00,783160712311,80,DW,12,D,01,001,MUNICIPIO DE BENITO JUAREZ    ,2016-08-02 00:00:00, ,5A,ACTIVO,,,,2024-12-10,69,0,,,,,,,,,,,,8,84,2026-02-26,SSB
2026-02-01 00:00:00,783020202381,80,DW,12,C,01,001,MUNICIPIO DE BENITO JUAREZ    ,2002-01-08 00:00:00, ,5A,ACTIVO,,,,2024-10-26,48,0,,,,,,,,,,,,3.504,84.096000000000004,2026-02-26,SSB
2026-02-01 00:00:00,783020202402,80,DW,12,B,01,001,MUNICIPIO DE BENITO JUAREZ    ,2002-01-09 00:00:00, ,5A,ACTIVO,,,,2024-10-27,9,0,,,,,,,,,,,,0.77600000000000002,18.629999999999999,2026-02-26,SSB
2026-02-01 00:00:00,783020202429,80,DW,12,C,01,001,MUNICIPIO DE BENITO JUAREZ    ,2002-01-14 00:00:00, ,5A,ACTIVO,,,,2024-10-30,32,0,,,,,,,,,,,,0.28799999999999998,6.9119999999999999,2026-02-26,SSB
2026-02-01 00:00:00,783200501467,80,DW,12,D,01,001,MUNICIPIO DE BENITO JUAREZ    ,2020-05-19 00:00:00, ,5A,ACTIVO,,,,2024-10-19,14,0,,,,,,,,,,,,4,0.69999999999999996,2026-02-26,SSB
2026-02-01 00:00:00,783020406253,80,DW,12,C,01,001,MUNICIPIO DE BENITO JUAREZ    ,2002-04-15 00:00:00, ,5A,ACTIVO,,,,2024-10-26,38,0,,,,,,,,,,,,0.34200000000000003,8.2080000000000002,2026-02-26,SSB
2026-02-01 00:00:00,783030101990,80,DW,12,B,01,001,MUNICIPIO DE BENITO JUAREZ    ,2003-01-17 00:00:00, ,5A,ACTIVO,,,,2024-10-30,12,0,,,,,,,,,,,,0.82799999999999996,19.872,2026-02-26,SSB
2026-02-01 00:00:00,783030302928,80,DW,12,D,01,001,MUNICIPIO DE BENITO JUAREZ    ,2003-01-01 00:00:00, ,5A,ACTIVO,,,,2024-10-07,100,0,,,,,,,,,,,,2,55.200000000000003,2026-02-26,SSB
2026-02-01 00:00:00,785810200461,80,DW,03,A,16,001,H AYUNT  MUNA        Y053     ,1981-02-28 00:00:00,6,5A,ACTIVO,,,,2024-11-28,10,0,,,,,,,,,,,,0.69999999999999996,1,2026-02-26,SSB
2026-02-01 00:00:00,783030400105,80,DW,12,C,01,001,MUNICIPIO DE BENITO JUAREZ    ,2003-03-19 00:00:00, ,5A,ACTIVO,,,,2024-10-02,96,0,,,,,,,,,,,,7.0039999999999996,84.049999999999997,2026-02-26,SSB
2026-02-01 00:00:00,783121100589,80,DW,12,C,01,001,MUNICIPIO DE BENITO JUAREZ    ,2012-12-20 00:00:00, ,5A,ACTIVO,,,,2024-10-18,42,0,,,,,,,,,,,,9,5.4400000000000004,2026-02-26,SSB
2026-02-01 00:00:00,783121100597,80,DW,12,C,01,001,MUNICIPIO DE BENITO JUAREZ    ,2012-11-07 00:00:00, ,5A,ACTIVO,,,,2024-10-18,43,0,,,,,,,,,,,,1,1.6299999999999999,2026-02-26,SSB
2026-02-01 00:00:00,783130605171,80,DW,12,D,01,001,MUNICIPIO DE BENITO JUAREZ    ,2013-08-06 00:00:00, ,5A,ACTIVO,,,,2024-10-04,125,0,,,,,,,,,,,,11.099,63.600000000000001,2026-02-26,SSB
2026-02-01 00:00:00,783130802481,80,DW,12,D,01,001,MUNICIPIO DE BENITO JUAREZ    ,2013-08-09 00:00:00, ,5A,ACTIVO,,,,2024-10-19,40,0,,,,,,,,,,,,4,2,2026-02-26,SSB
2026-02-01 00:00:00,783160604110,80,DW,12,D,01,001,MUNICIPIO DE BENITO JUAREZ    ,2016-05-07 00:00:00, ,5A,ACTIVO,,,,2024-10-04,74,0,,,,,,,,,,,,3.2999999999999998,39.600000000000001,2026-02-26,SSB
2026-02-01 00:00:00,783080301957,80,DW,12,D,01,001,MUNICIPIO DE BENITO JUAREZ    ,2008-03-18 00:00:00, ,5A,ACTIVO,,,,2024-10-19,17,0,,,,,,,,,,,,2,0.82999999999999996,2026-02-26,SSB
2026-02-01 00:00:00,783080501247,80,DW,12,D,01,001,MUNICIPIO DE BENITO JUAREZ    ,2008-05-06 00:00:00, ,5A,ACTIVO,,,,2024-10-19,76,0,,,,,,,,,,,,4,3.274,2026-02-26,SSB
2026-02-01 00:00:00,783080802387,80,DW,12,D,01,001,MUNICIPIO DE BENITO JUAREZ    ,2008-06-25 00:00:00, ,5A,ACTIVO,,,,2024-10-26,187,0,,,,,,,,,,,,12.529999999999999,150.36000000000001,2026-02-26,SSB
2026-02-01 00:00:00,797950400400,80,DW,06,B,40,001,MUNICIPIO FELIPE CARRILLO PTO ,1995-04-29 00:00:00,6,5A,ACTIVO,,,,2024-03-19,34,0,,,,,,,,,,,,3,6,2026-02-26,SSB
2026-02-01 00:00:00,797950400426,80,DW,06,B,42,001,MUNICIPIO FELIPE CARRILLO PTO ,1995-04-29 00:00:00,6,5A,ACTIVO,,,,2024-03-19,65,0,,,,,,,,,,,,6,4.3099999999999996,2026-02-26,SSB
2026-02-01 00:00:00,783080802409,80,DW,12,D,01,001,MUNICIPIO DE BENITO JUAREZ    ,2008-06-25 00:00:00, ,5A,ACTIVO,,,,2024-10-26,8,0,,,,,,,,,,,,0.39400000000000002,4.7279999999999998,2026-02-26,SSB
2026-02-01 00:00:00,783080802417,80,DW,12,D,01,001,MUNICIPIO DE BENITO JUAREZ    ,2008-06-04 00:00:00, ,5A,ACTIVO,,,,2024-10-30,12,0,,,,,,,,,,,,0.82799999999999996,19.872,2026-02-26,SSB
2026-02-01 00:00:00,783080802921,80,DW,12,D,01,001,MUNICIPIO DE BENITO JUAREZ    ,2008-06-03 00:00:00, ,5A,ACTIVO,,,,2024-10-25,27,0,,,,,,,,,,,,4.306,103.34399999999999,2026-02-26,SSB
2026-02-01 00:00:00,799130500071,80,DW,06,D,08,001,MUNICIPIO DE BACALAR          ,2013-04-02 00:00:00,6,5A,ACTIVO,,,,2024-12-30,62,0,,,,,,,,,,,,12,10,2026-02-26,SSB
2026-02-01 00:00:00,783160712257,80,DW,12,D,01,001,MUNICIPIO DE BENITO JUAREZ    ,2016-07-30 00:00:00, ,5A,ACTIVO,,,,2024-12-10,22,0,,,,,,,,,,,,3,24,2026-02-26,SSB
2026-02-01 00:00:00,783160803198,80,DW,12,D,01,001,MUNICIPIO DE BENITO JUAREZ    ,2016-08-11 00:00:00, ,5A,ACTIVO,,,,2024-12-05,54,0,,,,,,,,,,,,2.2999999999999998,27.600000000000001,2026-02-26,SSB
2026-02-01 00:00:00,783170605700,80,DW,12,D,01,001,MUNICIPIO DE BENITO JUAREZ    ,2017-07-01 00:00:00, ,5A,ACTIVO,,,,2024-10-04,64,0,,,,,,,,,,,,4.9000000000000004,58.799999999999997,2026-02-26,SSB
2026-02-01 00:00:00,800010800354,80,DW,07,A,88,001,H  AYUNT TIZIMIN              ,2001-06-02 00:00:00,6,5A,ACTIVO,,,,2024-11-08,20,0,,,,,,,,,,,,1.5,3.46,2026-02-26,SSB
2026-02-01 00:00:00,800040400369,80,DW,07,A,89,001,H AYUNT TIZIMIN      Y096     ,2004-03-03 00:00:00,6,5A,ACTIVO,,,,2024-11-12,46,0,,,,,,,,,,,,3.3999999999999999,2.5699999999999998,2026-02-26,SSB
2026-02-01 00:00:00,783180303159,80,DW,12,D,01,001,MUNICIPIO DE BENITO JUAREZ    ,2018-03-16 00:00:00, ,5A,ACTIVO,,,,2024-10-05,21,0,,,,,,,,,,,,2,24,2026-02-26,SSB
2026-02-01 00:00:00,784000355977,80,DW,12,C,01,001,MUNICIPIO DE BENITO JUAREZ    ,1998-01-01 00:00:00, ,5A,ACTIVO,,,,2024-12-18,25,0,,,,,,,,,,,,1,1.075,2026-02-26,SSB
2026-02-01 00:00:00,784011100211,80,DW,12,E,01,001,MUNICIPIO DE BENITO JUAREZ    ,2001-10-26 00:00:00, ,5A,ACTIVO,,,,2024-10-29,52,0,,,,,,,,,,,,9,108.48,2026-02-26,SSB
2026-02-01 00:00:00,784910400186,80,DW,12,E,01,001,MUNICIPIO DE BENITO JUAREZ    ,1991-04-15 00:00:00, ,5A,ACTIVO,,,,2024-10-27,17,0,,,,,,,,,,,,0.153,3.6720000000000002,2026-02-26,SSB
2026-02-01 00:00:00,783080802930,80,DW,12,D,01,001,MUNICIPIO DE BENITO JUAREZ    ,2008-06-12 00:00:00, ,5A,ACTIVO,,,,2024-10-05,27,0,,,,,,,,,,,,1.3,15.6,2026-02-26,SSB
2026-02-01 00:00:00,783090104254,80,DW,12,D,01,001,MUNICIPIO DE BENITO JUAREZ    ,2009-01-06 00:00:00, ,5A,ACTIVO,,,,2024-10-04,37,0,,,,,,,,,,,,5,26.399999999999999,2026-02-26,SSB
2026-02-01 00:00:00,783090104262,80,DW,12,D,01,001,MUNICIPIO DE BENITO JUAREZ    ,2009-01-07 00:00:00, ,5A,ACTIVO,,,,2024-10-04,68,0,,,,,,,,,,,,3,36,2026-02-26,SSB
2026-02-01 00:00:00,783110305375,80,DW,12,D,01,001,MUNICIPIO DE BENITO JUAREZ    ,2011-03-14 00:00:00, ,5A,ACTIVO,,,,2024-10-05,49,0,,,,,,,,,,,,6.2000000000000002,74.400000000000006,2026-02-26,SSB
2026-02-01 00:00:00,796120600604,80,DW,06,A,21,211,MUNICIPIO DE OTHON P BLANCO   ,2011-08-22 00:00:00, ,5A,ACTIVO,,,,2026-02-04,15,0,2026-02-06 11:49:14,6601,L,GAX9M,YH454W ,2,Opt,31,SERVICIO SIN USO,,,2,1.5800000000000001,2026-02-26,SSB
2026-02-01 00:00:00,796150201143,80,DW,06,A,17,001,MUNICIPIO DE OTHON P BLANCO   ,2015-02-10 00:00:00, ,5A,ACTIVO,,,,2025-08-21,24,0,,,,,,,,,,,,2,6,2026-02-26,SSB
2026-02-01 00:00:00,796160200676,80,DW,06,A,22,221,MUNICIPIO DE OTHON P BLANCO   ,2016-02-04 00:00:00, ,5A,ACTIVO,,,,2026-02-04,2,0,2026-02-13 07:26:04,7102,L,G92BA,671JEG ,0,Opt,31,SERVICIO SIN USO,,,3,2,2026-02-26,SSB
2026-02-01 00:00:00,797120100586,80,DW,06,B,01,001,MUNICIPIO FELIPE CARRILLO PTO ,2012-01-02 00:00:00,6,5A,ACTIVO,,,,2024-03-01,40,0,,,,,,,,,,,,17,14,2026-02-26,SSB
2026-02-01 00:00:00,797120100977,80,DW,06,B,01,001,MUNICIPIO FELIPE CARRILLO PTO ,2012-01-02 00:00:00,6,5A,ACTIVO,,,,2024-03-01,20,0,,,,,,,,,,,,10,4,2026-02-26,SSB
2026-02-01 00:00:00,797131100723,80,DW,06,B,01,001,MUNICIPIO FELIPE CARRILLO PTO ,2013-12-02 00:00:00,6,5A,ACTIVO,,,,2024-03-01,10,0,,,,,,,,,,,,11,1,2026-02-26,SSB
2026-02-01 00:00:00,797160101623,80,DW,06,B,20,001,MUNICIPIO FELIPE CARRILLO PTO ,2016-01-27 00:00:00,6,5A,ACTIVO,,,,2024-03-19,9,0,,,,,,,,,,,,19,3,2026-02-26,SSB
2026-02-01 00:00:00,797950800068,80,DW,06,B,33,001,MUNICIPIO DE BACALAR          ,1995-08-01 00:00:00,6,5A,ACTIVO,,,,2024-03-19,51,0,,,,,,,,,,,,17,30,2026-02-26,SSB
2026-02-01 00:00:00,798950100496,80,DW,06,C,44,001,MUNICIPIO FELIPE CARRILLO PTO ,1995-01-31 00:00:00,6,5A,ACTIVO,,,,2024-03-04,411,0,,,,,,,,,,,,32,31.059999999999999,2026-02-26,SSB
2026-02-01 00:00:00,799061200311,80,DW,06,D,30,001,MUNICIPIO DE BACALAR          ,2007-01-01 00:00:00,6,5A,ACTIVO,,,,2024-12-30,103,0,,,,,,,,,,,,33,31,2026-02-26,SSB
2026-02-01 00:00:00,800830900370,80,DW,07,A,55,001,H AYUNT  TIZIMIN     Y096     ,1983-09-15 00:00:00,6,5A,ACTIVO,,,,2024-05-11,44,0,,,,,,,,,,,,1.8999999999999999,2.5049999999999999,2026-02-26,SSB
2026-02-01 00:00:00,799140300347,80,DW,06,D,48,001,MUNICIPIO OTHON P BLANCO      ,2014-02-28 00:00:00, ,5A,ACTIVO,,,,2024-11-20,52,0,,,,,,,,,,,,59,10,2026-02-26,SSB
2026-02-01 00:00:00,799960700145,80,DW,06,D,40,001,MUNICIPIO DE BACALAR          ,1996-07-31 00:00:00,6,5A,ACTIVO,,,,2024-12-30,86,0,,,,,,,,,,,,14,11.156000000000001,2026-02-26,SSB
2026-02-01 00:00:00,790940800634,80,DW,04,C,33,001,H AYUNTAMIENTO                ,1994-08-17 00:00:00,6,5A,ACTIVO,,,,2025-10-28,310,0,,,,,,,,,,,,39,32,2026-02-26,SSB
2026-02-01 00:00:00,796050601071,80,DW,06,A,01,001,MUNICIPIO DE OTHON P BLANCO   ,2005-05-29 00:00:00, ,5A,ACTIVO,,,,2024-07-30,119,0,,,,,,,,,,,,14,14.218,2026-02-26,SSB
2026-02-01 00:00:00,800751101071,80,DW,07,A,04,001,MUNICIPIO DE PANABA YUC  Y057 ,1975-11-20 00:00:00, ,5A,ACTIVO,,,,2024-12-04,719,0,,,,,,,,,,,,46.600000000000001,75.030000000000001,2026-02-26,SSB
2026-02-01 00:00:00,800800401085,80,DW,07,A,30,001,H AYUNT  TIZIMIN     Y096     ,1980-04-22 00:00:00,6,5A,ACTIVO,,,,2024-11-02,41,0,,,,,,,,,,,,2.1000000000000001,2.3599999999999999,2026-02-26,SSB
2026-02-01 00:00:00,800800401093,80,DW,07,A,31,001,H AYUNT  TIZIMIN     Y096     ,1980-04-22 00:00:00,6,5A,ACTIVO,,,,2024-11-02,32,0,,,,,,,,,,,,1.7,2.5600000000000001,2026-02-26,SSB
2026-02-01 00:00:00,800800401107,80,DW,07,A,32,001,H AYUNT  TIZIMIN     Y096     ,1980-04-16 00:00:00,6,5A,ACTIVO,,,,2024-10-30,219,0,,,,,,,,,,,,14.4,11.285,2026-02-26,SSB
2026-02-01 00:00:00,799970200582,80,DW,06,D,01,001,MUNICIPIO DE BACALAR          ,1997-02-28 00:00:00,6,5A,ACTIVO,,,,2024-12-26,1182,0,,,,,,,,,,,,270,264,2026-02-26,SSB
2026-02-01 00:00:00,800750400015,80,DW,07,A,06,001,H AYUNT  SUCILA      Y070     ,1975-04-01 00:00:00, ,5A,ACTIVO,,,,2024-12-10,489,0,,,,,,,,,,,,34.100000000000001,40.310000000000002,2026-02-26,SSB
2026-02-01 00:00:00,800750400023,80,DW,07,A,07,001,H AYUNT  TIZIMIN     Y096     ,1975-04-01 00:00:00,6,5A,ACTIVO,,,,2024-10-29,61,0,,,,,,,,,,,,9,3.915,2026-02-26,SSB
2026-02-01 00:00:00,800940200462,80,DW,07,A,79,001,H AYUNT TIZIMIN      YO96     ,1994-02-01 00:00:00,6,5A,ACTIVO,,,,2024-10-28,24,0,,,,,,,,,,,,1.1000000000000001,1.415,2026-02-26,SSB
2026-02-01 00:00:00,800940200471,80,DW,07,A,80,001,H AYUNT TIZIMIN      YO96     ,1994-02-01 00:00:00,6,5A,ACTIVO,,,,2024-11-05,41,0,,,,,,,,,,,,1.3,3.4049999999999998,2026-02-26,SSB
2026-02-01 00:00:00,800750400031,80,DW,07,A,09,001,H AYUNT  TIZIMIN     Y096     ,1975-04-01 00:00:00,6,5A,ACTIVO,,,,2024-10-25,206,0,,,,,,,,,,,,10.800000000000001,13.234999999999999,2026-02-26,SSB
2026-02-01 00:00:00,800750400040,80,DW,07,A,12,001,MUNICIPIO DE PANABA YUC Y057  ,1975-04-01 00:00:00, ,5A,ACTIVO,,,,2024-11-29,206,0,,,,,,,,,,,,15.1,18.600000000000001,2026-02-26,SSB
2026-02-01 00:00:00,800750400058,80,DW,07,A,13,001,H AYUNT  SN FELIPE   Y065     ,1975-04-01 00:00:00, ,5A,ACTIVO,,,,2024-11-07,208,0,,,,,,,,,,,,19.199999999999999,23.809999999999999,2026-02-26,SSB
2026-02-01 00:00:00,800750400074,80,DW,07,A,15,001,H AYUNT  TIZIMIN     Y096     ,1975-04-01 00:00:00,6,5A,ACTIVO,,,,2024-11-05,219,0,,,,,,,,,,,,10.699999999999999,13.385,2026-02-26,SSB
2026-02-01 00:00:00,801750400160,80,DW,07,B,04,001,H AYUNTAMIENTO TEMOZON Y0850  ,1975-04-01 00:00:00,6,5A,ACTIVO,,,,2024-08-02,774,0,,,,,,,,,,,,63.140000000000001,104.136,2026-02-26,SSB
2026-02-01 00:00:00,800750400082,80,DW,07,A,17,001,H AYUNT  TIZIMIN     Y096     ,1975-04-01 00:00:00,6,5A,ACTIVO,,,,2024-10-29,103,0,,,,,,,,,,,,5.4000000000000004,5.1550000000000002,2026-02-26,SSB
2026-02-01 00:00:00,800750400091,80,DW,07,A,24,001,H AYUNT  TIZIMIN     Y096     ,1975-04-01 00:00:00,6,5A,ACTIVO,,,,2024-11-05,35,0,,,,,,,,,,,,2.2000000000000002,3.2549999999999999,2026-02-26,SSB
2026-02-01 00:00:00,800750400104,80,DW,07,A,25,001,H AYUNT  TIZIMIN     Y096     ,1975-04-01 00:00:00,6,5A,ACTIVO,,,,2024-11-05,74,0,,,,,,,,,,,,5.5,4.6600000000000001,2026-02-26,SSB
2026-02-01 00:00:00,800900201245,80,DW,07,A,65,001,H AYUNT DE TIZIMIN   Y096     ,1990-02-01 00:00:00,6,5A,ACTIVO,,,,2024-10-29,59,0,,,,,,,,,,,,2.7999999999999998,3.73,2026-02-26,SSB
2026-02-01 00:00:00,800900500528,80,DW,07,A,66,001,H AYUNT DE TIZIMIN   Y096     ,1990-05-23 00:00:00,6,5A,ACTIVO,,,,2024-08-11,35,0,,,,,,,,,,,,1.3999999999999999,1.655,2026-02-26,SSB
2026-02-01 00:00:00,801930700650,80,DW,07,B,01,001,H AYUNT TEMOZON      YO85     ,1993-07-01 00:00:00,6,5A,ACTIVO,,,,2024-08-08,79,0,,,,,,,,,,,,9.7300000000000004,8.1929999999999996,2026-02-26,SSB
2026-02-01 00:00:00,801930700714,80,DW,07,B,13,001,H AYUNT TEMOZON Y085          ,1993-07-01 00:00:00,6,5A,ACTIVO,,,,2024-08-08,55,0,,,,,,,,,,,,6.2300000000000004,3.75,2026-02-26,SSB
2026-02-01 00:00:00,800900500536,80,DW,07,A,67,001,MUNICIPIO DE PANABA YUC Y057  ,1990-05-02 00:00:00, ,5A,ACTIVO,,,,2024-11-28,57,0,,,,,,,,,,,,1.1000000000000001,5.7400000000000002,2026-02-26,SSB
2026-02-01 00:00:00,800900700586,80,DW,07,A,68,001,H AYUNT TIZIMIN      Y096     ,1990-07-16 00:00:00,6,5A,ACTIVO,,,,2024-11-08,23,0,,,,,,,,,,,,1.5,3.75,2026-02-26,SSB
2026-02-01 00:00:00,800801100445,80,DW,07,A,34,001,H AYUNT  TIZIMIN     Y096     ,1980-11-18 00:00:00,6,5A,ACTIVO,,,,2024-11-01,184,0,,,,,,,,,,,,8,19.824999999999999,2026-02-26,SSB
2026-02-01 00:00:00,800810402080,80,DW,07,A,38,001,H AYUNT  TIZIMIN     Y096     ,1981-04-08 00:00:00,6,5A,ACTIVO,,,,2024-11-08,52,0,,,,,,,,,,,,4.5999999999999996,4.3449999999999998,2026-02-26,SSB
2026-02-01 00:00:00,802750400093,80,DW,07,C,09,001,H AYUNT TIZIMIN      Y096     ,1975-04-01 00:00:00,6,5A,ACTIVO,,,,2024-10-01,315,0,,,,,,,,,,,,12.4,17.859999999999999,2026-02-26,SSB
2026-02-01 00:00:00,802750400182,80,DW,07,C,29,001,H AYUNT  TIZIMIN     Y096     ,1975-04-01 00:00:00,6,5A,ACTIVO,,,,2024-11-06,16,0,,,,,,,,,,,,0.59999999999999998,1.1200000000000001,2026-02-26,SSB
2026-02-01 00:00:00,802750400191,80,DW,07,C,30,001,H AYUNT  TIZIMIN     Y096     ,1975-04-01 00:00:00,6,5A,ACTIVO,,,,2024-11-06,25,0,,,,,,,,,,,,1.8999999999999999,1.4650000000000001,2026-02-26,SSB
2026-02-01 00:00:00,802750400204,80,DW,07,C,33,001,H AYUNT  TIZIMIN     Y096     ,1975-04-01 00:00:00,6,5A,ACTIVO,,,,2024-11-06,22,0,,,,,,,,,,,,1,0.60999999999999999,2026-02-26,SSB
2026-02-01 00:00:00,802750400212,80,DW,07,C,35,001,H AYUNT  TIZIMIN     Y096     ,1975-04-01 00:00:00,6,5A,ACTIVO,,,,2024-11-06,31,0,,,,,,,,,,,,2,1.625,2026-02-26,SSB
2026-02-01 00:00:00,802750400221,80,DW,07,C,36,001,H AYUNT  TIZIMIN     Y096     ,1975-04-01 00:00:00,6,5A,ACTIVO,,,,2024-11-06,42,0,,,,,,,,,,,,3.2000000000000002,2.29,2026-02-26,SSB
2026-02-01 00:00:00,800810402101,80,DW,07,A,40,001,H AYUNT  TIZIMIN     Y096     ,1981-04-21 00:00:00,6,5A,ACTIVO,,,,2024-11-08,31,0,,,,,,,,,,,,2.1000000000000001,2.5099999999999998,2026-02-26,SSB
2026-02-01 00:00:00,800820602036,80,DW,07,A,42,001,H AYUNT  TIZIMIN     Y096     ,1982-06-01 00:00:00,6,5A,ACTIVO,,,,2024-10-28,29,0,,,,,,,,,,,,1.5,2.0049999999999999,2026-02-26,SSB
2026-02-01 00:00:00,800820602061,80,DW,07,A,45,001,H AYUNT  TIZIMIN     Y096     ,1982-06-01 00:00:00,6,5A,ACTIVO,,,,2024-11-08,34,0,,,,,,,,,,,,1.5,2.875,2026-02-26,SSB
2026-02-01 00:00:00,800840301466,80,DW,07,A,57,001,MUNICIPIO DE PANABA YUC Y057  ,1984-03-08 00:00:00, ,5A,ACTIVO,,,,2024-11-28,105,0,,,,,,,,,,,,9.5,13.880000000000001,2026-02-26,SSB
2026-02-01 00:00:00,800840301474,80,DW,07,A,58,001,H AYUNT  TIZIMIN     Y096     ,1984-03-15 00:00:00,6,5A,ACTIVO,,,,2024-10-30,67,0,,,,,,,,,,,,3.6000000000000001,3.1949999999999998,2026-02-26,SSB
2026-02-01 00:00:00,800850500599,80,DW,07,A,10,001,H AYUNT RIO LAGARTOS Y061     ,1985-05-01 00:00:00, ,5A,ACTIVO,,,,2024-11-07,471,0,,,,,,,,,,,,35.899999999999999,44.579999999999998,2026-02-26,SSB
2026-02-01 00:00:00,800920400911,80,DW,07,A,73,001,H AYUNT TIZIMIN      YO96     ,1992-04-30 00:00:00,6,5A,ACTIVO,,,,2024-11-01,26,0,,,,,,,,,,,,2.2000000000000002,2.23,2026-02-26,SSB
2026-02-01 00:00:00,800930300833,80,DW,07,A,77,001,H AYUNT TIZIMIN      YO96     ,1993-03-30 00:00:00,6,5A,ACTIVO,,,,2024-10-29,50,0,,,,,,,,,,,,2,2.7799999999999998,2026-02-26,SSB
2026-02-01 00:00:00,800870100686,80,DW,07,A,62,001,H AYUNT RIO LAGARTOS Y061     ,1987-01-31 00:00:00, ,5A,ACTIVO,,,,2024-11-07,136,0,,,,,,,,,,,,8.5999999999999996,24.050000000000001,2026-02-26,SSB
2026-02-01 00:00:00,800870401066,80,DW,07,A,05,001,H AYUNT TIZIMIN      Y096     ,1987-04-01 00:00:00,6,5A,ACTIVO,,,,2024-10-10,4295,0,,,,,,,,,,,,255.69999999999999,291.08999999999997,2026-02-26,SSB
2026-02-01 00:00:00,801900100917,80,DW,07,B,99,001,H AYUNT TEMOZON      Y085     ,1990-01-01 00:00:00,6,5A,ACTIVO,,,,2024-08-08,77,0,,,,,,,,,,,,4.7599999999999998,5.4429999999999996,2026-02-26,SSB
2026-02-01 00:00:00,801960800535,80,DW,07,B,20,001,H AYUNT TEMOZON Y085          ,1996-08-01 00:00:00,6,5A,ACTIVO,,,,2024-08-06,9,0,,,,,,,,,,,,0.68999999999999995,0.435,2026-02-26,SSB
2026-02-01 00:00:00,802040600166,80,DW,07,C,72,001,H AYUNTAMIENTO TIZIMIN  Y096  ,2004-05-08 00:00:00,6,5A,ACTIVO,,,,2024-11-07,29,0,,,,,,,,,,,,1.1000000000000001,1.7549999999999999,2026-02-26,SSB
2026-02-01 00:00:00,802050200034,80,DW,07,C,73,001,H AYUNT TIZIMIN      Y096     ,2004-11-01 00:00:00,6,5A,ACTIVO,,,,2024-11-07,43,0,,,,,,,,,,,,1.8999999999999999,2.29,2026-02-26,SSB
2026-02-01 00:00:00,802850500583,80,DW,07,C,53,001,H AYUNT  TIZIMIN     Y096     ,1985-05-01 00:00:00,6,5A,ACTIVO,,,,2024-11-04,210,0,,,,,,,,,,,,12.800000000000001,12.715,2026-02-26,SSB
2026-02-01 00:00:00,802911001372,80,DW,07,C,68,001,H AYUNT TIZIMIN      Y096     ,1991-10-25 00:00:00,6,5A,ACTIVO,,,,2024-07-11,78,0,,,,,,,,,,,,3.5,3.5150000000000001,2026-02-26,SSB
2026-02-01 00:00:00,802050200042,80,DW,07,C,74,001,H AYUNT TIZIMIN   Y096        ,2004-11-01 00:00:00,6,5A,ACTIVO,,,,2024-11-07,9,0,,,,,,,,,,,,0.69999999999999996,0.505,2026-02-26,SSB
2026-02-01 00:00:00,802760900043,80,DW,07,C,55,001,H AYUNT  TIZIMIN     Y096     ,1976-09-20 00:00:00,6,5A,ACTIVO,,,,2024-11-04,87,0,,,,,,,,,,,,7.2999999999999998,3.6349999999999998,2026-02-26,SSB
2026-02-01 00:00:00,802920400905,80,DW,07,C,61,001,H AYUN TIZIMIN       YO96     ,1992-04-30 00:00:00,6,5A,ACTIVO,,,,2024-11-11,87,0,,,,,,,,,,,,5.7000000000000002,2.9550000000000001,2026-02-26,SSB
2026-02-01 00:00:00,802800501431,80,DW,07,C,56,001,H AYUNT  TIZIMIN     Y096     ,1980-05-31 00:00:00,6,5A,ACTIVO,,,,2024-12-11,217,0,,,,,,,,,,,,12.300000000000001,14.635,2026-02-26,SSB
2026-02-01 00:00:00,800950201025,80,DW,07,A,82,001,H  AYUNT TIZIMIN     YO96     ,1995-02-01 00:00:00,6,5A,ACTIVO,,,,2024-10-30,74,0,,,,,,,,,,,,3.7000000000000002,2.9100000000000001,2026-02-26,SSB
2026-02-01 00:00:00,800951201398,80,DW,07,A,84,001,MUNICIPIO DE PANABA YUC Y057  ,1995-12-31 00:00:00, ,5A,ACTIVO,,,,2024-11-29,11,0,,,,,,,,,,,,1.8,2,2026-02-26,SSB
2026-02-01 00:00:00,800960300803,80,DW,07,A,86,001,H AYUNT TIZIMIN Y096          ,1996-03-31 00:00:00,6,5A,ACTIVO,,,,2024-10-30,23,0,,,,,,,,,,,,1.1000000000000001,1.6599999999999999,2026-02-26,SSB
2026-02-01 00:00:00,801130400771,38,DW,07,B,94,942,CANCHA MUNICIPAL              ,2013-04-09 00:00:00, ,02,ACTIVO,1,300,1495,,,0,,,,,,,,,,,,,,,GSC
2026-02-01 00:00:00,801771000269,80,DW,07,B,55,001,H AYUNT  TEMOZON     Y085     ,1977-10-06 00:00:00,6,5A,ACTIVO,,,,2024-08-07,97,0,,,,,,,,,,,,9.1799999999999997,9.8300000000000001,2026-02-26,SSB
2026-02-01 00:00:00,801771000277,80,DW,07,B,56,001,H AYUNT  TEMOZON     Y085     ,1977-10-06 00:00:00,6,5A,ACTIVO,,,,2024-08-08,329,0,,,,,,,,,,,,24.390000000000001,15.69,2026-02-26,SSB
2026-02-01 00:00:00,804910900236,80,DW,08,A,01,001,H AYUNT DE MOTUL     Y052     ,1991-09-30 00:00:00,6,5A,ACTIVO,,,,2024-11-12,4734,0,,,,,,,,,,,,179.69,152,2026-02-26,SSB
2026-02-01 00:00:00,804910900244,80,DW,08,A,04,001,H AYUNT DE MOTUL     Y052     ,1991-09-30 00:00:00,6,5A,ACTIVO,,,,2024-11-04,30,0,,,,,,,,,,,,2.2999999999999998,2,2026-02-26,SSB
2026-02-01 00:00:00,804910900252,80,DW,08,A,05,001,H AYUNT DE MUXUPIP Y054       ,1991-09-30 00:00:00, ,5A,ACTIVO,,,,2024-06-25,281,0,,,,,,,,,,,,18.91,15,2026-02-26,SSB
2026-02-01 00:00:00,804910900261,80,DW,08,A,07,001,H AYUNT DE TELCHAC Y083       ,1991-09-30 00:00:00, ,5A,ACTIVO,,,,2024-07-02,1475,0,,,,,,,,,,,,74.069999999999993,32,2026-02-26,SSB
2026-02-01 00:00:00,804910900279,80,DW,08,A,08,001,H AYUNT DE MOTUL UCI Y052     ,1991-09-30 00:00:00,6,5A,ACTIVO,,,,2024-11-20,238,0,,,,,,,,,,,,14.779999999999999,12,2026-02-26,SSB
2026-02-01 00:00:00,804910900287,80,DW,08,A,14,001,H AYUNT DE MOTUL     Y052     ,1991-09-30 00:00:00,6,5A,ACTIVO,,,,2024-11-04,49,0,,,,,,,,,,,,3.3300000000000001,3,2026-02-26,SSB
2026-02-01 00:00:00,804910900295,80,DW,08,A,15,001,H AYUNT DE MOTUL     Y052     ,1991-09-30 00:00:00,6,5A,ACTIVO,,,,2024-11-04,21,0,,,,,,,,,,,,2.3300000000000001,2,2026-02-26,SSB
2026-02-01 00:00:00,804910900309,80,DW,08,A,16,001,H AYUNT DE MOTUL     Y052     ,1991-09-30 00:00:00,6,5A,ACTIVO,,,,2024-11-04,77,0,,,,,,,,,,,,5.0099999999999998,6,2026-02-26,SSB
2026-02-01 00:00:00,804910900317,80,DW,08,A,17,001,H AYUNT DE MOTUL     Y052     ,1991-09-30 00:00:00,6,5A,ACTIVO,,,,2024-11-04,24,0,,,,,,,,,,,,1.8999999999999999,2,2026-02-26,SSB
2026-02-01 00:00:00,804910900325,80,DW,08,A,18,001,H AYUNT DE MOTUL     Y052     ,1991-09-30 00:00:00,6,5A,ACTIVO,,,,2024-11-04,87,0,,,,,,,,,,,,5.46,6,2026-02-26,SSB
2026-02-01 00:00:00,804910900333,80,DW,08,A,19,001,H AYUNT DE MOTUL     Y052     ,1991-09-30 00:00:00,6,5A,ACTIVO,,,,2024-11-20,213,0,,,,,,,,,,,,15.23,14,2026-02-26,SSB
2026-02-01 00:00:00,804910900341,80,DW,08,A,20,001,H AYUNT DE MOTUL     Y052     ,1991-09-30 00:00:00,6,5A,ACTIVO,,,,2024-11-20,78,0,,,,,,,,,,,,9.1799999999999997,5,2026-02-26,SSB
2026-02-01 00:00:00,804910900350,80,DW,08,A,21,001,H AYUNT DE MOTUL     Y052     ,1991-09-30 00:00:00,6,5A,ACTIVO,,,,2024-11-20,100,0,,,,,,,,,,,,6.3600000000000003,7,2026-02-26,SSB
2026-02-01 00:00:00,804910900368,80,DW,08,A,22,001,H AYUNT DE MOTUL     Y052     ,1991-09-30 00:00:00,6,5A,ACTIVO,,,,2024-11-20,96,0,,,,,,,,,,,,6.5099999999999998,6,2026-02-26,SSB
2026-02-01 00:00:00,804910900376,80,DW,08,A,23,001,H AYUNT DE MOTUL     Y052     ,1991-09-30 00:00:00,6,5A,ACTIVO,,,,2024-11-20,74,0,,,,,,,,,,,,5.4199999999999999,6,2026-02-26,SSB
2026-02-01 00:00:00,804910900384,80,DW,08,A,24,001,H AYUNT DE MOTUL Y052         ,1991-09-30 00:00:00,6,5A,ACTIVO,,,,2024-11-04,48,0,,,,,,,,,,,,4.0499999999999998,3,2026-02-26,SSB
2026-02-01 00:00:00,804910900392,80,DW,08,A,25,001,H AYUNT DE MOTUL Y052         ,1991-09-30 00:00:00,6,5A,ACTIVO,,,,2024-11-20,88,0,,,,,,,,,,,,5.25,6,2026-02-26,SSB
2026-02-01 00:00:00,804910900406,80,DW,08,A,26,001,H AYUNT DE MOTUL Y052         ,1991-09-30 00:00:00,6,5A,ACTIVO,,,,2024-11-20,21,0,,,,,,,,,,,,1.45,2,2026-02-26,SSB
2026-02-01 00:00:00,804910900414,80,DW,08,A,27,001,H AYUNT DE MOTUL Y052         ,1991-09-30 00:00:00,6,5A,ACTIVO,,,,2024-11-20,17,0,,,,,,,,,,,,1.1599999999999999,1,2026-02-26,SSB
2026-02-01 00:00:00,804910900422,80,DW,08,A,28,001,H AYUNT DE MOTUL Y052         ,1991-09-30 00:00:00,6,5A,ACTIVO,,,,2024-11-04,7,0,,,,,,,,,,,,0.40000000000000002,1,2026-02-26,SSB
2026-02-01 00:00:00,804910900431,80,DW,08,A,29,001,H AYUNT DE MUXUPIP Y054       ,1991-09-30 00:00:00, ,5A,ACTIVO,,,,2024-06-25,58,0,,,,,,,,,,,,5.9699999999999998,4,2026-02-26,SSB
2026-02-01 00:00:00,804910900449,80,DW,08,A,30,001,H AYUNT DE MOTUL Y052         ,1991-09-30 00:00:00,6,5A,ACTIVO,,,,2024-11-20,41,0,,,,,,,,,,,,3.1000000000000001,3,2026-02-26,SSB
2026-02-01 00:00:00,801830500432,80,DW,07,B,81,001,H AYUNT  TEMOZON     Y085     ,1983-05-01 00:00:00,6,5A,ACTIVO,,,,2024-08-08,87,0,,,,,,,,,,,,11.960000000000001,8.2249999999999996,2026-02-26,SSB
2026-02-01 00:00:00,804980300023,80,DW,08,A,12,001,H AYUNT DE DZEMUL    Y026     ,1998-03-27 00:00:00,6,5A,ACTIVO,,,,2024-06-27,31,0,,,,,,,,,,,,1.27,8.2300000000000004,2026-02-26,SSB
2026-02-01 00:00:00,804980300040,80,DW,08,A,13,001,H AYUNT DE DZEMUL    Y026     ,1998-03-27 00:00:00,6,5A,ACTIVO,,,,2024-06-27,18,0,,,,,,,,,,,,0.32000000000000001,1.29,2026-02-26,SSB
2026-02-01 00:00:00,801900100909,80,DW,07,B,98,001,H AYUNT TEMOZON      Y085     ,1990-01-01 00:00:00,6,5A,ACTIVO,,,,2024-08-06,71,0,,,,,,,,,,,,8.3200000000000003,3.4809999999999999,2026-02-26,SSB
2026-02-01 00:00:00,802821000521,80,DW,07,C,40,001,H AYUNT  TIZIMIN     Y096     ,1982-10-15 00:00:00,6,5A,ACTIVO,,,,2024-10-01,36,0,,,,,,,,,,,,3.6000000000000001,3.1349999999999998,2026-02-26,SSB
2026-02-01 00:00:00,802830400124,80,DW,07,C,32,001,H AYUNT  TIZIMIN     Y096     ,1983-04-01 00:00:00,6,5A,ACTIVO,,,,2024-11-05,28,0,,,,,,,,,,,,1.6000000000000001,0.56499999999999995,2026-02-26,SSB
2026-02-01 00:00:00,802830900127,80,DW,07,C,34,001,H AYUNT  TIZIMIN     Y096     ,1983-09-01 00:00:00,6,5A,ACTIVO,,,,2024-11-06,19,0,,,,,,,,,,,,1.3999999999999999,1.1599999999999999,2026-02-26,SSB
2026-02-01 00:00:00,802911101211,80,DW,07,C,67,001,H AYUNTAMIENTO TIZIM Y096     ,1991-11-30 00:00:00,6,5A,ACTIVO,,,,2024-11-07,36,0,,,,,,,,,,,,1.8999999999999999,3.0899999999999999,2026-02-26,SSB
2026-02-01 00:00:00,805871200465,80,DW,08,B,64,001,MUNICIPIO DE SUMA             ,1987-12-01 00:00:00, ,5A,ACTIVO,,,,2024-07-04,384,0,,,,,,,,,,,,16.969999999999999,17.699999999999999,2026-02-26,SSB
2026-02-01 00:00:00,802911101229,80,DW,07,C,62,001,H AYUNT TIZIMIN      YO96     ,1991-11-30 00:00:00,6,5A,ACTIVO,,,,2024-11-07,17,0,,,,,,,,,,,,0.90000000000000002,0.86499999999999999,2026-02-26,SSB
2026-02-01 00:00:00,802930100012,80,DW,07,C,43,001,H AYUNT TIZIMIN      YO96     ,1993-01-01 00:00:00,6,5A,ACTIVO,,,,2024-11-01,32,0,,,,,,,,,,,,1.7,1.665,2026-02-26,SSB
2026-02-01 00:00:00,802930100021,80,DW,07,C,44,001,H AYUNT TIZIMIN      YO96     ,1993-01-01 00:00:00,6,5A,ACTIVO,,,,2024-10-01,28,0,,,,,,,,,,,,1.8999999999999999,1.8899999999999999,2026-02-26,SSB
2026-02-01 00:00:00,802810400446,80,DW,07,C,37,001,H AYUNT  TIZIMIN     Y096     ,1981-04-01 00:00:00,6,5A,ACTIVO,,,,2023-11-29,63,0,,,,,,,,,,,,3,3.21,2026-02-26,SSB
2026-02-01 00:00:00,806820500126,80,DW,08,C,43,001,H AYUNT DZONCAUICH  DY0310    ,1982-05-01 00:00:00, ,5A,ACTIVO,,,,2024-09-09,55,0,,,,,,,,,,,,2.9399999999999999,4,2026-02-26,SSB
2026-02-01 00:00:00,802810402066,80,DW,07,C,57,001,H AYUNT  TIZIMIN     Y096     ,1981-04-13 00:00:00,6,5A,ACTIVO,,,,2024-11-11,90,0,,,,,,,,,,,,5.0999999999999996,6.6299999999999999,2026-02-26,SSB
2026-02-01 00:00:00,802810402074,80,DW,07,C,58,001,H AYUNT  TIZIMIN     Y096     ,1981-04-01 00:00:00,6,5A,ACTIVO,,,,2024-11-07,61,0,,,,,,,,,,,,3.7000000000000002,2.9550000000000001,2026-02-26,SSB
2026-02-01 00:00:00,802810402091,80,DW,07,C,59,001,H AYUNT  TIZIMIN     Y096     ,1981-04-01 00:00:00,6,5A,ACTIVO,,,,2024-11-11,108,0,,,,,,,,,,,,4.7000000000000002,6.5049999999999999,2026-02-26,SSB
2026-02-01 00:00:00,802820602047,80,DW,07,C,60,001,H AYUNT  TIZIMIN     Y096     ,1982-06-01 00:00:00,6,5A,ACTIVO,,,,2024-11-04,35,0,,,,,,,,,,,,1.6000000000000001,1.46,2026-02-26,SSB
2026-02-01 00:00:00,802820602055,80,DW,07,C,65,001,H AYUNT  TIZIMIN     Y096     ,1982-06-01 00:00:00,6,5A,ACTIVO,,,,2024-11-07,28,0,,,,,,,,,,,,1.7,1.5349999999999999,2026-02-26,SSB
2026-02-01 00:00:00,802820602071,80,DW,07,C,66,001,H AYUNT  TIZIMIN     Y096     ,1982-06-01 00:00:00,6,5A,ACTIVO,,,,2024-11-07,35,0,,,,,,,,,,,,2.2000000000000002,3.0350000000000001,2026-02-26,SSB
2026-02-01 00:00:00,802930100039,80,DW,07,C,45,001,H AYUNT TIZIMIN      YO96     ,1993-01-01 00:00:00,6,5A,ACTIVO,,,,2024-11-06,18,0,,,,,,,,,,,,0.40000000000000002,1.5249999999999999,2026-02-26,SSB
2026-02-01 00:00:00,802930300011,80,DW,07,C,46,001,H AYUNT TIZIMIN      YO96     ,1993-03-01 00:00:00,6,5A,ACTIVO,,,,2024-10-01,46,0,,,,,,,,,,,,2.5,2.9550000000000001,2026-02-26,SSB
2026-02-01 00:00:00,802930300020,80,DW,07,C,47,001,H AYUNT TIZIMIN    Y096       ,1993-03-01 00:00:00,6,5A,ACTIVO,,,,2024-10-01,31,0,,,,,,,,,,,,1,1.1399999999999999,2026-02-26,SSB
2026-02-01 00:00:00,802940200481,80,DW,07,C,63,001,H AYUNTAMIENTO  Y096          ,1994-02-01 00:00:00,6,5A,ACTIVO,,,,2024-11-07,9,0,,,,,,,,,,,,0.40000000000000002,0.26000000000000001,2026-02-26,SSB
2026-02-01 00:00:00,802821000504,80,DW,07,C,38,001,H AYUNT  TIZIMIN     Y096     ,1982-10-15 00:00:00,6,5A,ACTIVO,,,,2024-11-06,34,0,,,,,,,,,,,,1,1.385,2026-02-26,SSB
2026-02-01 00:00:00,802821000512,80,DW,07,C,39,001,H AYUNT  TIZIMIN     Y096     ,1982-10-15 00:00:00,6,5A,ACTIVO,,,,2024-11-06,30,0,,,,,,,,,,,,1.6000000000000001,1.5,2026-02-26,SSB
2026-02-01 00:00:00,802980602108,80,DW,07,C,64,001,H AYUNT TIZIMIN    Y096       ,1998-06-30 00:00:00,6,5A,ACTIVO,,,,2024-11-07,45,0,,,,,,,,,,,,2.5,2.0699999999999998,2026-02-26,SSB
2026-02-01 00:00:00,804980400052,80,DW,08,A,09,001,H AYUNT DE SN CRISAN Y068     ,1998-04-02 00:00:00, ,5A,ACTIVO,,,,2024-07-02,167,0,,,,,,,,,,,,8.8200000000000003,12,2026-02-26,SSB
2026-02-01 00:00:00,804980400061,80,DW,08,A,10,001,H AYUNT DE SINANCHE Y068      ,1998-04-02 00:00:00, ,5A,ACTIVO,,,,2024-07-02,395,0,,,,,,,,,,,,21.34,27,2026-02-26,SSB
2026-02-01 00:00:00,804980400079,80,DW,08,A,11,001,MUNICIPIO DE BACA             ,1998-04-02 00:00:00,6,5A,ACTIVO,,,,2024-06-20,14,0,,,,,,,,,,,,0.84999999999999998,1,2026-02-26,SSB
2026-02-01 00:00:00,805880100520,80,DW,08,B,76,001,H AYUNT SUMA         Y072     ,1988-01-01 00:00:00, ,5A,ACTIVO,,,,2024-07-04,11,0,,,,,,,,,,,,0.71999999999999997,1,2026-02-26,SSB
2026-02-01 00:00:00,805880100554,80,DW,08,B,81,001,H AYUNT CANSAHCAB    Y009     ,1988-01-01 00:00:00, ,5A,ACTIVO,,,,2024-09-09,34,0,,,,,,,,,,,,1.99,4.2599999999999998,2026-02-26,SSB
2026-02-01 00:00:00,806070600107,80,DW,08,C,50,001,H AYUNTAMIENTO SUDZAL         ,2007-06-08 00:00:00, ,5A,ACTIVO,,,,2024-07-18,22,0,,,,,,,,,,,,0.88,1,2026-02-26,SSB
2026-02-01 00:00:00,806070600123,80,DW,08,C,39,001,H AYUNTAMIENTO SUDZAL         ,2007-06-08 00:00:00, ,5A,ACTIVO,,,,2024-07-18,2,0,,,,,,,,,,,,8.0000000000000002E-2,1,2026-02-26,SSB
2026-02-01 00:00:00,806860600212,80,DW,08,C,28,001,MUNICIPIO DE IZAMAL           ,1986-06-30 00:00:00,6,5A,ACTIVO,,,,2024-08-14,1399,0,,,,,,,,,,,,104.31,105,2026-02-26,SSB
2026-02-01 00:00:00,804940700291,80,DW,08,A,32,001,H AYUNT DE MUXUPIP   Y054     ,1994-07-31 00:00:00, ,5A,ACTIVO,,,,2024-06-25,9,0,,,,,,,,,,,,0.67000000000000004,1,2026-02-26,SSB
2026-02-01 00:00:00,804980400036,80,DW,08,A,02,001,MUNICIPIO DE BACA             ,1998-04-02 00:00:00,6,5A,ACTIVO,,,,2024-06-20,602,0,,,,,,,,,,,,45.75,34,2026-02-26,SSB
2026-02-01 00:00:00,804980400044,80,DW,08,A,03,001,H AYUNT DE DZEMUL    Y026     ,1998-04-02 00:00:00,6,5A,ACTIVO,,,,2024-06-27,712,0,,,,,,,,,,,,33.619999999999997,42.609999999999999,2026-02-26,SSB
2026-02-01 00:00:00,807820500556,80,DW,08,D,61,001,H AYUNT  SANAHCAT    Y0640    ,1982-05-01 00:00:00, ,5A,ACTIVO,,,,2024-12-01,193,0,,,,,,,,,,,,24.91,21,2026-02-26,SSB
2026-02-01 00:00:00,807820500564,80,DW,08,D,62,001,MUNICIPIO DE CANTAMAYEC       ,1982-05-01 00:00:00,6,5A,ACTIVO,,,,2024-12-20,256,0,,,,,,,,,,,,36.030000000000001,20,2026-02-26,SSB
2026-02-01 00:00:00,807920900357,80,DW,08,D,72,001,MUNICIPIO DE TAHMEK           ,1992-09-22 00:00:00,6,5A,ACTIVO,,,,2024-12-23,26,0,,,,,,,,,,,,1.73,3,2026-02-26,SSB
2026-02-01 00:00:00,808750400016,80,DW,08,E,74,001,MUNICIPIO DE TIXKOKOB Y093    ,1975-04-01 00:00:00,6,5A,ACTIVO,,,,2024-11-29,128,0,,,,,,,,,,,,7.7800000000000002,8,2026-02-26,SSB
2026-02-01 00:00:00,807820500572,80,DW,08,D,63,001,H AYUNT  HUHI        Y0370    ,1982-05-01 00:00:00, ,5A,ACTIVO,,,,2024-08-15,32,0,,,,,,,,,,,,1.48,3,2026-02-26,SSB
2026-02-01 00:00:00,807820500581,80,DW,08,D,64,001,H AYUNT  SOTUTA      Y0690    ,1982-05-01 00:00:00,6,5A,ACTIVO,,,,2024-12-20,137,0,,,,,,,,,,,,18.539999999999999,7,2026-02-26,SSB
2026-02-01 00:00:00,806860900186,80,DW,08,C,37,001,MUNICIPIO DE CENOTILLO YUCATAN,1986-09-30 00:00:00, ,5A,ACTIVO,,,,2024-07-18,597,0,,,,,,,,,,,,40.039999999999999,40.399999999999999,2026-02-26,SSB
2026-02-01 00:00:00,806880600235,80,DW,08,C,46,001,MUNICIPIO DE TEKANTO          ,1988-06-15 00:00:00,6,5A,ACTIVO,,,,2024-07-17,12,0,,,,,,,,,,,,0.66000000000000003,1,2026-02-26,SSB
2026-02-01 00:00:00,807820500441,80,DW,08,D,49,001,H AYUNT  HOCABA      Y0340    ,1982-05-01 00:00:00,6,5A,ACTIVO,,,,2024-12-26,446,0,,,,,,,,,,,,25.390000000000001,24,2026-02-26,SSB
2026-02-01 00:00:00,807820500459,80,DW,08,D,50,001,MUNICIPIO DE SEYE             ,1982-05-01 00:00:00,6,5A,ACTIVO,,,,2024-12-30,63,0,,,,,,,,,,,,3.7599999999999998,5,2026-02-26,SSB
2026-02-01 00:00:00,808860600193,80,DW,08,E,72,001,MUNICIPIO DE TIXKOKOB Y093    ,1986-06-30 00:00:00,6,5A,ACTIVO,,,,2024-11-29,210,0,,,,,,,,,,,,19.969999999999999,17,2026-02-26,SSB
2026-02-01 00:00:00,808860600207,80,DW,08,E,76,001,MUNICIPIO DE TIXKOKOB Y093    ,1986-06-30 00:00:00,6,5A,ACTIVO,,,,2024-11-29,50,0,,,,,,,,,,,,5.4900000000000002,2,2026-02-26,SSB
2026-02-01 00:00:00,808860800206,80,DW,08,E,73,001,H AYUNT TIXPEHUAL    Y095     ,1986-08-01 00:00:00, ,5A,ACTIVO,,,,2024-11-21,48,0,,,,,,,,,,,,2.8300000000000001,2,2026-02-26,SSB
2026-02-01 00:00:00,808860800222,80,DW,08,E,77,001,MUNICIPIO DE TIXKOKOB Y093    ,1986-08-01 00:00:00,6,5A,ACTIVO,,,,2024-11-29,24,0,,,,,,,,,,,,2.3500000000000001,1,2026-02-26,SSB
2026-02-01 00:00:00,808860800231,80,DW,08,E,78,001,MUNICIPIO DE TIXKOKOB Y093    ,1986-08-01 00:00:00,6,5A,ACTIVO,,,,2025-01-13,36,0,,,,,,,,,,,,3.1899999999999999,2,2026-02-26,SSB
2026-02-01 00:00:00,808860800249,80,DW,08,E,79,001,H AYUNT TIXPEHUAL    Y095     ,1986-08-01 00:00:00, ,5A,ACTIVO,,,,2024-11-21,20,0,,,,,,,,,,,,1.1200000000000001,1,2026-02-26,SSB
2026-02-01 00:00:00,808860800257,80,DW,08,E,80,001,H AYUNT TIXPEHUAL    Y095     ,1986-08-01 00:00:00, ,5A,ACTIVO,,,,2024-11-21,77,0,,,,,,,,,,,,6,3,2026-02-26,SSB
2026-02-01 00:00:00,808860800265,80,DW,08,E,81,001,H AYUNT TIXPEHUAL    Y095     ,1986-08-01 00:00:00, ,5A,ACTIVO,,,,2024-11-21,80,0,,,,,,,,,,,,4.5,4,2026-02-26,SSB
2026-02-01 00:00:00,808860800273,80,DW,08,E,82,001,H AYUNT TIXPEHUAL    Y095     ,1986-08-01 00:00:00, ,5A,ACTIVO,,,,2024-11-21,42,0,,,,,,,,,,,,2.1499999999999999,2,2026-02-26,SSB
2026-02-01 00:00:00,807820500467,80,DW,08,D,51,001,H AYUNT  HUHI        Y0370    ,1982-05-01 00:00:00, ,5A,ACTIVO,,,,2024-08-15,511,0,,,,,,,,,,,,23.960000000000001,33,2026-02-26,SSB
2026-02-01 00:00:00,807820500475,80,DW,08,D,52,001,H AYUNT  XOCCHEL     Y1030    ,1982-05-01 00:00:00, ,5A,ACTIVO,,,,2024-12-20,304,0,,,,,,,,,,,,20.32,25,2026-02-26,SSB
2026-02-01 00:00:00,807820500483,80,DW,08,D,53,001,MUNICIPIO DE TAHMEK           ,1982-05-01 00:00:00,6,5A,ACTIVO,,,,2024-12-23,291,0,,,,,,,,,,,,16.16,22,2026-02-26,SSB
2026-02-01 00:00:00,807820500491,80,DW,08,D,54,001,MUNICIPIO DE KANTUNIL         ,1982-05-01 00:00:00,6,5A,ACTIVO,,,,2024-12-20,510,0,,,,,,,,,,,,36.060000000000002,26,2026-02-26,SSB
2026-02-01 00:00:00,807820500505,80,DW,08,D,55,001,MUNICIPIO DE SEYE             ,1982-05-01 00:00:00,6,5A,ACTIVO,,,,2024-12-27,607,0,,,,,,,,,,,,36.810000000000002,54,2026-02-26,SSB
2026-02-01 00:00:00,809070500233,80,DW,12,F,01,001,H AYUNTAMIENTO ISLA MUJERES   ,2007-06-11 00:00:00, ,5A,ACTIVO,,,,2024-10-16,468,0,,,,,,,,,,,,20.629999999999999,85.849999999999994,2026-02-26,SSB
2026-02-01 00:00:00,807820500513,80,DW,08,D,56,001,H AYUNT  HOCABA      Y0340    ,1982-05-01 00:00:00,6,5A,ACTIVO,,,,2024-12-26,137,0,,,,,,,,,,,,7.8600000000000003,12,2026-02-26,SSB
2026-02-01 00:00:00,807820500521,80,DW,08,D,58,001,H AYUNT  SOTUTA      Y0690    ,1982-05-01 00:00:00,6,5A,ACTIVO,,,,2024-12-20,715,0,,,,,,,,,,,,48.899999999999999,57,2026-02-26,SSB
2026-02-01 00:00:00,807820500530,80,DW,08,D,59,001,H AYUNT  SOTUTA      Y0690    ,1982-05-01 00:00:00,6,5A,ACTIVO,,,,2024-12-20,172,0,,,,,,,,,,,,12.99,15,2026-02-26,SSB
2026-02-01 00:00:00,807820500548,80,DW,08,D,60,001,MUNICIPIO DE KANTUNIL         ,1982-05-01 00:00:00,6,5A,ACTIVO,,,,2024-12-20,236,0,,,,,,,,,,,,16.77,10.27,2026-02-26,SSB
2026-02-01 00:00:00,807880600185,80,DW,08,D,70,001,MUNICIPIO DE HOCTUN           ,1988-06-23 00:00:00,6,5A,ACTIVO,,,,2025-01-03,66,0,,,,,,,,,,,,4.5700000000000003,5,2026-02-26,SSB
2026-02-01 00:00:00,808860600126,80,DW,08,E,65,001,MUNICIPIO DE TIXKOKOB Y093    ,1986-06-30 00:00:00,6,5A,ACTIVO,,,,2024-12-11,907,0,,,,,,,,,,,,61.399999999999999,69,2026-02-26,SSB
2026-02-01 00:00:00,808860600134,80,DW,08,E,66,001,MUNICIPIO DE TIXKOKOB Y093    ,1986-06-30 00:00:00,6,5A,ACTIVO,,,,2024-11-29,155,0,,,,,,,,,,,,13.789999999999999,18,2026-02-26,SSB
2026-02-01 00:00:00,808860600142,80,DW,08,E,67,001,H AYUNT TIXPEHUAL    Y095     ,1986-06-30 00:00:00, ,5A,ACTIVO,,,,2024-11-01,355,0,,,,,,,,,,,,35,36,2026-02-26,SSB
2026-02-01 00:00:00,807821100276,80,DW,08,D,65,001,H AYUNT  YAXCABA     Y1040    ,1982-11-30 00:00:00, ,5A,ACTIVO,,,,2025-01-06,181,0,,,,,,,,,,,,9.6400000000000006,16,2026-02-26,SSB
2026-02-01 00:00:00,807821200301,80,DW,08,D,66,001,H AYUNT  YAXCABA     Y1040    ,1982-12-29 00:00:00, ,5A,ACTIVO,,,,2025-01-06,204,0,,,,,,,,,,,,12.949999999999999,16,2026-02-26,SSB
2026-02-01 00:00:00,807831100134,80,DW,08,D,68,001,MUNICIPIO DE CANTAMAYEC       ,1983-11-20 00:00:00,6,5A,ACTIVO,,,,2024-12-20,58,0,,,,,,,,,,,,3.1699999999999999,5,2026-02-26,SSB
2026-02-01 00:00:00,807831200678,80,DW,08,D,67,001,H AYUNT  HOMUN       Y0360    ,1983-12-31 00:00:00, ,5A,ACTIVO,,,,2024-12-01,20,0,,,,,,,,,,,,1.1599999999999999,2,2026-02-26,SSB
2026-02-01 00:00:00,808860600169,80,DW,08,E,69,001,MUNICIPIO DE CACALCHEN YUCATAN,1986-06-30 00:00:00, ,5A,ACTIVO,,,,2024-12-11,642,0,,,,,,,,,,,,35.939999999999998,55,2026-02-26,SSB
2026-02-01 00:00:00,808860600177,80,DW,08,E,70,001,H AYUNT BOKOBA       Y005     ,1986-06-30 00:00:00, ,5A,ACTIVO,,,,2024-11-20,220,0,,,,,,,,,,,,15.65,25,2026-02-26,SSB
2026-02-01 00:00:00,808860600185,80,DW,08,E,71,001,MUNICIPIO DE BACA             ,1986-06-30 00:00:00,6,5A,ACTIVO,,,,2024-06-20,149,0,,,,,,,,,,,,9.25,10,2026-02-26,SSB
2026-02-01 00:00:00,807860600189,80,DW,08,D,48,001,MUNICIPIO DE HOCTUN           ,1986-06-30 00:00:00,6,5A,ACTIVO,,,,2025-01-03,410,0,,,,,,,,,,,,23.719999999999999,22,2026-02-26,SSB
2026-02-01 00:00:00,807860600197,80,DW,08,D,57,001,MUNICIPIO DE HOCTUN           ,1986-06-30 00:00:00,6,5A,ACTIVO,,,,2025-01-03,4,0,,,,,,,,,,,,0.35999999999999999,1,2026-02-26,SSB
2026-02-01 00:00:00,807870300744,80,DW,08,D,69,001,H AYUNT SOTUTA       Y0690    ,1987-03-31 00:00:00,6,5A,ACTIVO,,,,2024-12-20,122,0,,,,,,,,,,,,9.9299999999999997,8,2026-02-26,SSB
2026-02-01 00:00:00,809010400612,80,DW,12,F,01,001,MUNICIPIO DE ISLA MUJERES     ,2001-04-17 00:00:00, ,5A,ACTIVO,,,,2024-10-25,2,0,,,,,,,,,,,,3,42,2026-02-26,SSB
2026-02-01 00:00:00,809020200255,80,DW,12,F,01,001,H AYUNTAMIENTO ISLA MUJERES   ,2002-01-31 00:00:00, ,5A,ACTIVO,,,,2024-10-01,50,0,,,,,,,,,,,,3,6.25,2026-02-26,SSB
2026-02-01 00:00:00,809020200271,80,DW,12,F,01,001,H AYUNTAMIENTO ISLA MUJERES   ,2002-01-31 00:00:00, ,5A,ACTIVO,,,,2024-10-01,5,0,,,,,,,,,,,,2,5,2026-02-26,SSB
2026-02-01 00:00:00,809030600111,80,DW,12,F,01,001,MUNICIPIO DE ISLA MUJERES     ,2003-05-17 00:00:00, ,5A,ACTIVO,,,,2024-10-01,17,0,,,,,,,,,,,,1.3,2.1299999999999999,2026-02-26,SSB
2026-02-01 00:00:00,809030600146,80,DW,12,F,01,001,MUNICIPIO DE ISLA MUJERES     ,2003-05-17 00:00:00, ,5A,ACTIVO,,,,2024-10-01,27,0,,,,,,,,,,,,4,24,2026-02-26,SSB
2026-02-01 00:00:00,809080900272,80,DW,12,F,01,001,MUNICIPIO DE ISLA MUJERES     ,2008-09-05 00:00:00, ,5A,ACTIVO,,,,2024-10-01,2,0,,,,,,,,,,,,4,0.25,2026-02-26,SSB
