Fecha_Ade,Rpu,Ciclo,Division,Zona,Agencia,Poblacion,Ruta,Nombre,Fecha_Alta,Clave_Envio,Tarifa,Estado_Servicio,Tipo_ade,Kwh,Importe,Censo_Fecha,Numero_Lamparas,Conectores,Fecha_Lectura_Kavi,Num_Tarea_Kavi,Tipo_Tarea_Kavi,RPE_Lectura_Kavi,Medidor_Kavi,Kwh_Kavi,Modo_Captura_Kavi,Cve_Anom_Kavi,Desc_Anom_Kavi,Validacion_Kavi,Tiene_Foto_Kavi,Carga_Instalada,Censo_Tarifa,Fecha_SERSAP,Proceso
2025-12-01 00:00:00,315190101194,80,DW,04,A,01,001,RED NACIONAL ULTIMA MILLA     ,2018-12-04 00:00:00,6,02,ACTIVO,1,13727,68558,2020-01-20,30,0,,,,,,,,,,,,,,,SSB
2025-12-01 00:00:00,315191001517,80,DW,04,A,01,001,RED NACIONAL ULTIMA MILLA     ,2019-10-23 00:00:00,6,02,ACTIVO,1,445,2272,,,0,,,,,,,,,,,,,,,GSC
2025-12-01 00:00:00,315191001525,80,DW,04,A,01,001,RED NACIONAL ULTIMA MILLA     ,2019-10-23 00:00:00,6,02,ACTIVO,1,5580,27899,,,0,,,,,,,,,,,,,,,GSC
2025-12-01 00:00:00,315191100515,80,DW,04,A,01,001,CABLEMAS TELECOMUNICACIONES SA,2019-11-14 00:00:00,6,02,ACTIVO,1,9394,46934,2021-10-26,12,0,,,,,,,,,,,,,,,SSB
2025-12-01 00:00:00,315241100244,24,DW,04,B,23,242,MUNICIPIO DE CAMPECHE         ,2024-11-09 00:00:00,6,02,ACTIVO,1,0,97,,,1,2025-12-17 15:36:10,2451,R,GAGBM,WNX614 ,0,Nor,53,UI SERV DIRECTO,53,S,,,,GSC
2025-12-01 00:00:00,318161202282,80,DW,04,H,01,001,ALUMBRADO PUBLICO RICARDO FLOR,2016-12-04 00:00:00, ,5A,ACTIVO,1,2232,10555,2024-11-07,44,0,,,,,,,,,,,,,,,SSB
2025-12-01 00:00:00,770051101430,84,DW,01,D,01,045,MUNICIPIO DE MERIDA YUCATAN   ,2005-11-09 00:00:00, ,5A,ACTIVO,,,,2025-09-30,34,0,,,,,,,,,,,,3.2000000000000002,3.3999999999999999,2025-12-31,SSB
2025-12-01 00:00:00,770060801185,80,DW,01,J,02,801,INS DE VIVIENDA DEL EDO DE YUC,2006-08-18 00:00:00,r,5A,ACTIVO,1,1432,7290,2024-12-30,33,0,,,,,,,,,,,,,,,SSB
2025-12-01 00:00:00,770090402811,80,DW,01,C,01,001,INST  DE INFR  CARR  DE YUC   ,2009-04-30 00:00:00,C,5A,ACTIVO,1,7046,35682,2024-12-26,61,0,,,,,,,,,,,,,,,SSB
2025-12-01 00:00:00,770090701380,80,DW,01,D,03,001,MUNICIPIO DE KANASIN YUCATAN  ,2009-07-20 00:00:00,6,5A,ACTIVO,1,7924,40123,2024-11-29,213,0,,,,,,,,,,,,,,,SSB
2025-12-01 00:00:00,770100200988,80,DW,01,B,01,801,MUNICIPIO DE MERIDA YUCATAN   ,2010-01-25 00:00:00, ,02,ACTIVO,1,241,1192,2024-12-26,1,0,,,,,,,,,,,,,,,SSB
2025-12-01 00:00:00,770100302276,80,DW,01,E,02,001,MUNICIPIO DE MERIDA YUCATAN   ,2010-03-01 00:00:00, ,5A,ACTIVO,,,,2025-10-16,6,0,,,,,,,,,,,,0.47999999999999998,1.05,2025-12-31,SSB
2025-12-01 00:00:00,770100501392,80,DW,01,E,02,001,MUNICIPIO DE MERIDA YUCATAN   ,2010-05-25 00:00:00, ,5A,ACTIVO,,,,2025-07-16,4,0,,,,,,,,,,,,0.68999999999999995,0.75,2025-12-31,SSB
2025-12-01 00:00:00,770110101694,80,DW,01,K,51,001,AYUNTAMIENTO DE TECOH YUCATAN ,2011-01-24 00:00:00, ,5A,ACTIVO,1,86,484,2024-11-29,4,0,,,,,,,,,,,,,,,SSB
2025-12-01 00:00:00,770110101716,80,DW,01,K,51,001,AYUNTAMIENTO DE TECOH YUCATAN ,2011-01-24 00:00:00, ,5A,ACTIVO,1,4129,20930,2024-11-29,136,0,,,,,,,,,,,,,,,SSB
2025-12-01 00:00:00,770110102283,80,DW,01,D,05,001,MUNICIPIO DE KANASIN YUCATAN  ,2011-01-27 00:00:00,6,5A,ACTIVO,1,714,3659,2024-12-18,31,0,,,,,,,,,,,,,,,SSB
2025-12-01 00:00:00,770110202016,80,DW,01,D,03,001,MUNICIPIO DE KANASIN YUCATAN  ,2011-02-21 00:00:00,6,5A,ACTIVO,1,123,671,2024-12-18,5,0,,,,,,,,,,,,,,,SSB
2025-12-01 00:00:00,770110302461,80,DW,01,K,57,001,H AYUNTAMIENTO HOMUN YUCATAN  ,2011-03-14 00:00:00, ,5A,ACTIVO,1,298,1556,2024-12-20,8,0,,,,,,,,,,,,,,,SSB
2025-12-01 00:00:00,770110302487,80,DW,01,K,57,001,H AYUNTAMIENTO HOMUN YUCATAN  ,2011-03-14 00:00:00, ,02,ACTIVO,1,6012,28577,2024-12-20,43,0,,,,,,,,,,,,,,,SSB
2025-12-01 00:00:00,770110303840,80,DW,01,K,58,001,H AYUNTAMIENTO CUZAMA YUCATAN ,2011-03-28 00:00:00, ,5A,ACTIVO,1,874,4469,2024-11-26,22,0,,,,,,,,,,,,,,,SSB
2025-12-01 00:00:00,770110303858,80,DW,01,K,58,001,H AYUNTAMIENTO CUZAMA YUCATAN ,2011-03-28 00:00:00, ,5A,ACTIVO,1,134,727,2024-11-28,6,0,,,,,,,,,,,,,,,SSB
2025-12-01 00:00:00,770110303874,80,DW,01,K,58,001,H AYUNTAMIENTO CUZAMA YUCATAN ,2011-03-29 00:00:00, ,5A,ACTIVO,1,446,2305,2024-11-26,14,0,,,,,,,,,,,,,,,SSB
2025-12-01 00:00:00,770110400772,80,DW,01,K,53,001,H AYUNTAMIENTO TIMUCUY YUCATAN,2011-04-08 00:00:00, ,5A,ACTIVO,1,112,615,2024-12-27,3,0,,,,,,,,,,,,,,,SSB
2025-12-01 00:00:00,770110400802,80,DW,01,K,53,001,H AYUNTAMIENTO TIMUCUY YUCATAN,2011-04-08 00:00:00, ,02,ACTIVO,1,320,1567,2024-12-27,10,0,,,,,,,,,,,,,,,SSB
2025-12-01 00:00:00,770110400951,80,DW,01,K,53,001,H AYUNTAMIENTO TIMUCUY YUCATAN,2011-04-11 00:00:00, ,02,ACTIVO,1,1488,7109,2024-12-27,8,0,,,,,,,,,,,,,,,SSB
2025-12-01 00:00:00,770110400985,80,DW,01,K,53,001,H AYUNTAMIENTO TIMUCUY YUCATAN,2011-04-11 00:00:00, ,02,ACTIVO,1,893,4286,2024-12-27,9,0,,,,,,,,,,,,,,,SSB
2025-12-01 00:00:00,770110601301,80,DW,01,C,01,001,MUNICIPIO DE MERIDA YUCATAN   ,2011-06-16 00:00:00, ,5A,ACTIVO,1,588,3022,2024-10-25,19,0,,,,,,,,,,,,,,,SSB
2025-12-01 00:00:00,770110601328,80,DW,01,C,01,001,MUNICIPIO DE MERIDA YUCATAN   ,2011-06-16 00:00:00, ,5A,ACTIVO,1,119,651,2024-10-23,2,0,,,,,,,,,,,,,,,SSB
2025-12-01 00:00:00,770110601891,80,DW,01,C,01,001,MUNICIPIO DE MERIDA YUCATAN   ,2011-06-21 00:00:00, ,02,ACTIVO,1,1544,7375,2024-12-26,22,0,,,,,,,,,,,,,,,SSB
2025-12-01 00:00:00,770110602669,84,DW,01,C,01,045,MUNICIPIO DE MERIDA YUCATAN   ,2011-06-27 00:00:00, ,5A,ACTIVO,1,186,1207,2024-11-29,12,0,,,,,,,,,,,,,,,SSB
2025-12-01 00:00:00,770110700571,84,DW,01,D,01,045,MUNICIPIO DE MERIDA YUCATAN   ,2011-07-07 00:00:00, ,5A,ACTIVO,,,,2025-10-30,53,0,,,,,,,,,,,,6.5,5.2999999999999998,2025-12-31,SSB
2025-12-01 00:00:00,770110700601,84,DW,01,D,01,045,MUNICIPIO DE MERIDA YUCATAN   ,2011-07-08 00:00:00, ,5A,ACTIVO,,,,2025-09-11,34,0,,,,,,,,,,,,3.2000000000000002,3.4500000000000002,2025-12-31,SSB
2025-12-01 00:00:00,770110700610,84,DW,01,D,01,045,MUNICIPIO DE MERIDA YUCATAN   ,2011-07-08 00:00:00, ,5A,ACTIVO,,,,2025-09-11,24,0,,,,,,,,,,,,2.25,2.3999999999999999,2025-12-31,SSB
2025-12-01 00:00:00,770110700628,84,DW,01,D,01,045,MUNICIPIO DE MERIDA YUCATAN   ,2011-07-08 00:00:00, ,5A,ACTIVO,,,,2025-09-24,26,0,,,,,,,,,,,,2.8500000000000001,2.6000000000000001,2025-12-31,SSB
2025-12-01 00:00:00,770110700644,84,DW,01,D,01,045,MUNICIPIO DE MERIDA YUCATAN   ,2011-07-08 00:00:00, ,5A,ACTIVO,,,,2025-09-26,24,0,,,,,,,,,,,,2.2000000000000002,2.4199999999999999,2025-12-31,SSB
2025-12-01 00:00:00,770110700661,84,DW,01,D,01,045,MUNICIPIO DE MERIDA YUCATAN   ,2011-07-08 00:00:00, ,5A,ACTIVO,,,,2025-09-29,3,0,,,,,,,,,,,,1.25,0.38,2025-12-31,SSB
2025-12-01 00:00:00,770110700679,84,DW,01,D,01,045,MUNICIPIO DE MERIDA YUCATAN   ,2011-07-08 00:00:00, ,5A,ACTIVO,,,,2025-10-30,8,0,,,,,,,,,,,,1.8,0.80000000000000004,2025-12-31,SSB
2025-12-01 00:00:00,770110700784,80,DW,01,D,01,001,MUNICIPIO DE MERIDA YUCATAN   ,2011-07-08 00:00:00, ,5A,ACTIVO,,,,2025-10-27,8,0,,,,,,,,,,,,1.05,1.0700000000000001,2025-12-31,SSB
2025-12-01 00:00:00,770110700806,84,DW,01,D,01,045,MUNICIPIO DE MERIDA YUCATAN   ,2011-07-08 00:00:00, ,5A,ACTIVO,,,,2025-10-27,1,0,,,,,,,,,,,,2.23,0.13,2025-12-31,SSB
2025-12-01 00:00:00,770110700890,80,DW,01,D,01,001,MUNICIPIO DE MERIDA YUCATAN   ,2011-07-11 00:00:00, ,5A,ACTIVO,,,,2025-10-27,1,0,,,,,,,,,,,,0.17999999999999999,0.19,2025-12-31,SSB
2025-12-01 00:00:00,770110700946,80,DW,01,D,01,001,MUNICIPIO DE MERIDA YUCATAN   ,2011-07-11 00:00:00, ,5A,ACTIVO,,,,2025-10-23,3,0,,,,,,,,,,,,1.1299999999999999,0.29999999999999999,2025-12-31,SSB
2025-12-01 00:00:00,770110700971,84,DW,01,D,01,045,MUNICIPIO DE MERIDA YUCATAN   ,2011-07-11 00:00:00, ,5A,ACTIVO,,,,2025-10-23,11,0,,,,,,,,,,,,3.8799999999999999,3.1299999999999999,2025-12-31,SSB
2025-12-01 00:00:00,770110701403,80,DW,01,D,01,001,MUNICIPIO DE MERIDA YUCATAN   ,2011-07-18 00:00:00, ,5A,ACTIVO,,,,2025-10-23,2,0,,,,,,,,,,,,0.38,0.11,2025-12-31,SSB
2025-12-01 00:00:00,770110701411,80,DW,01,D,01,001,MUNICIPIO DE MERIDA YUCATAN   ,2011-07-18 00:00:00, ,5A,ACTIVO,,,,2025-09-24,13,0,,,,,,,,,,,,2.4300000000000002,1.51,2025-12-31,SSB
2025-12-01 00:00:00,770120200895,80,DW,01,D,05,001,MUNICIPIO DE KANASIN  YUCATAN ,2012-02-01 00:00:00,6,02,ACTIVO,1,2232,10641,2024-12-26,12,0,,,,,,,,,,,,,,,SSB
2025-12-01 00:00:00,770120200909,80,DW,01,D,04,001,MUNICIPIO DE KANASIN  YUCATAN ,2012-01-31 00:00:00,6,02,ACTIVO,1,699,3366,2024-12-24,6,0,,,,,,,,,,,,,,,SSB
2025-12-01 00:00:00,770120200925,80,DW,01,D,03,001,MUNICIPIO DE KANASIN  YUCATAN ,2012-01-31 00:00:00,6,02,ACTIVO,1,9114,43297,2024-12-26,73,0,,,,,,,,,,,,,,,SSB
2025-12-01 00:00:00,770120200933,80,DW,01,D,03,001,MUNICIPIO DE KANASIN YUCATAN  ,2012-01-31 00:00:00,6,02,ACTIVO,1,856,4110,2024-12-26,17,0,,,,,,,,,,,,,,,SSB
2025-12-01 00:00:00,770120200941,80,DW,01,D,03,001,MUNICIPIO DE KANASIN YUCATAN  ,2012-01-31 00:00:00,6,02,ACTIVO,1,372,1814,2024-12-26,7,0,,,,,,,,,,,,,,,SSB
2025-12-01 00:00:00,770120502034,80,DW,01,H,36,001,MUNICIPIO DE HUNUCMA          ,2012-04-23 00:00:00, ,02,ACTIVO,1,3274,15584,2024-12-14,61,0,,,,,,,,,,,,,,,SSB
2025-12-01 00:00:00,770120600303,80,DW,01,B,01,801,MUNICIPIO DE MERIDA YUCATAN   ,2012-05-28 00:00:00, ,02,ACTIVO,1,9300,44179,2024-07-15,20,0,,,,,,,,,,,,,,,SSB
2025-12-01 00:00:00,770120600311,80,DW,01,B,01,801,MUNICIPIO DE MERIDA YUCATAN   ,2012-05-28 00:00:00, ,02,ACTIVO,1,2790,13288,2024-08-15,15,0,,,,,,,,,,,,,,,SSB
2025-12-01 00:00:00,770120600338,80,DW,01,B,01,801,MUNICIPIO DE MERIDA YUCATAN   ,2012-04-17 00:00:00, ,02,ACTIVO,1,3906,18584,2024-06-28,24,0,,,,,,,,,,,,,,,SSB
2025-12-01 00:00:00,770120600346,80,DW,01,B,01,801,MUNICIPIO DE MERIDA YUCATAN   ,2012-04-17 00:00:00, ,02,ACTIVO,1,1488,7109,2024-06-28,8,0,,,,,,,,,,,,,,,SSB
2025-12-01 00:00:00,770121000962,80,DW,01,H,40,001,MUNICIPIO DE TETIZ            ,2012-10-03 00:00:00, ,02,ACTIVO,1,149,756,2024-12-27,4,0,,,,,,,,,,,,,,,SSB
2025-12-01 00:00:00,770191000749,80,DW,01,D,01,001,RED NACIONAL ULTIMA MILLA     ,2019-09-15 00:00:00,6,02,ACTIVO,1,2009,9654,2024-06-28,6,0,,,,,,,,,,,,,,,SSB
2025-12-01 00:00:00,770970601660,84,DW,01,B,01,045,MUNICIPIO DE MERIDA YUCATAN   ,1997-06-30 00:00:00, ,5A,ACTIVO,,,,2025-09-25,5556,0,,,,,,,,,,,,622.13,584.10000000000002,2025-12-31,SSB
2025-12-01 00:00:00,770970601724,84,DW,01,E,02,045,MUNICIPIO DE MERIDA YUCATAN   ,1997-06-30 00:00:00, ,5A,ACTIVO,,,,2025-08-12,4330,0,,,,,,,,,,,,574.32000000000005,510.54000000000002,2025-12-31,SSB
2025-12-01 00:00:00,770970601759,84,DW,01,B,01,045,MUNICIPIO DE MERIDA YUCATAN   ,1997-06-30 00:00:00, ,5A,ACTIVO,,,,2025-08-28,179,0,,,,,,,,,,,,92.040000000000006,22.68,2025-12-31,SSB
2025-12-01 00:00:00,770970601813,84,DW,01,E,02,045,MUNICIPIO DE MERIDA YUCATAN   ,1997-06-30 00:00:00, ,5A,ACTIVO,,,,2025-07-01,463,0,,,,,,,,,,,,49.280000000000001,50.920000000000002,2025-12-31,SSB
2025-12-01 00:00:00,770981101278,80,DW,01,A,01,001,INST DE INFR  CARR  DE YUC    ,1998-11-30 00:00:00,C,5A,ACTIVO,,,,2025-11-20,13079,0,,,,,,,,,,,,184.40000000000001,92.200000000000003,2025-12-31,SSB
2025-12-01 00:00:00,771011009651,80,DW,01,B,01,801,MUNICIPIO DE MERIDA YUCATAN   ,2001-09-30 00:00:00, ,5A,ACTIVO,1,2280,11580,2024-11-15,53,0,,,,,,,,,,,,,,,SSB
2025-12-01 00:00:00,771011009685,80,DW,01,B,01,801,MUNICIPIO DE MERIDA YUCATAN   ,2001-09-30 00:00:00, ,5A,ACTIVO,1,2902,14725,2024-11-15,44,0,,,,,,,,,,,,,,,SSB
2025-12-01 00:00:00,771011200431,80,DW,01,B,01,801,MUNICIPIO DE MERIDA YUCATAN   ,2001-09-30 00:00:00, ,02,ACTIVO,1,458,2223,2024-12-26,8,0,,,,,,,,,,,,,,,SSB
2025-12-01 00:00:00,771011200440,80,DW,01,B,01,801,MUNICIPIO DE MERIDA YUCATAN   ,2001-09-30 00:00:00, ,02,ACTIVO,1,272,1339,2024-12-26,1,0,,,,,,,,,,,,,,,SSB
2025-12-01 00:00:00,771011200491,80,DW,01,B,01,801,MUNICIPIO DE MERIDA YUCATAN   ,2001-09-30 00:00:00, ,02,ACTIVO,1,1200,5743,2024-06-27,202020,0,,,,,,,,,,,,,,,SSB
2025-12-01 00:00:00,771011200580,80,DW,01,B,01,801,MUNICIPIO DE MERIDA YUCATAN   ,2001-09-30 00:00:00, ,02,ACTIVO,1,908,4358,2024-12-26,1,0,,,,,,,,,,,,,,,SSB
2025-12-01 00:00:00,771011200750,80,DW,01,B,01,801,MUNICIPIO DE MERIDA YUCATAN   ,2001-09-30 00:00:00, ,02,ACTIVO,1,148,751,2024-12-26,1,0,,,,,,,,,,,,,,,SSB
2025-12-01 00:00:00,771011200784,80,DW,01,B,01,801,MUNICIPIO DE MERIDA YUCATAN   ,2001-09-30 00:00:00, ,02,ACTIVO,1,720,3466,2024-12-26,1,0,,,,,,,,,,,,,,,SSB
2025-12-01 00:00:00,771060505001,84,DW,01,B,01,045,MUNICIPIO DE MERIDA YUCATAN   ,2006-03-10 00:00:00, ,5A,ACTIVO,,,,2025-11-11,58,0,,,,,,,,,,,,8.5299999999999994,8.5800000000000001,2025-12-31,SSB
2025-12-01 00:00:00,771060600411,80,DW,01,B,01,801,MUNICIPIO DE MERIDA YUCATAN   ,2006-06-02 00:00:00, ,5A,ACTIVO,1,465,2400,2024-11-15,10,0,,,,,,,,,,,,,,,SSB
2025-12-01 00:00:00,771060900597,80,DW,01,B,01,801,MUNICIPIO DE MERIDA YUCATAN   ,2006-08-14 00:00:00, ,5A,ACTIVO,,,,2025-09-17,9,0,,,,,,,,,,,,1.25,0.56999999999999995,2025-12-31,SSB
2025-12-01 00:00:00,771070504886,84,DW,01,B,01,045,MUNICIPIO DE MERIDA YUCATAN   ,2007-05-29 00:00:00, ,5A,ACTIVO,1,0,499,2024-06-28,36,0,,,,,,,,,,,,,,,SSB
2025-12-01 00:00:00,771070505106,84,DW,01,B,01,045,MUNICIPIO DE MERIDA YUCATAN   ,2007-05-29 00:00:00, ,5A,ACTIVO,,,,2025-11-11,36,0,,,,,,,,,,,,4.75,4.5,2025-12-31,SSB
2025-12-01 00:00:00,771070505319,80,DW,01,B,01,801,MUNICIPIO DE MERIDA YUCATAN   ,2007-05-29 00:00:00, ,5A,ACTIVO,,,,2025-09-17,13,0,,,,,,,,,,,,1.3300000000000001,0.81999999999999995,2025-12-31,SSB
2025-12-01 00:00:00,771070505416,84,DW,01,B,01,045,MUNICIPIO DE MERIDA YUCATAN   ,2007-05-29 00:00:00, ,5A,ACTIVO,1,700,2966,2024-11-15,47,0,,,,,,,,,,,,,,,SSB
2025-12-01 00:00:00,771070505424,80,DW,01,B,01,801,MUNICIPIO DE MERIDA YUCATAN   ,2006-08-01 00:00:00, ,5A,ACTIVO,1,1209,6163,2024-11-15,26,0,,,,,,,,,,,,,,,SSB
2025-12-01 00:00:00,771070806483,84,DW,01,B,01,045,MUNICIPIO DE MERIDA YUCATAN   ,2007-09-12 00:00:00, ,5A,ACTIVO,1,0,499,2024-11-15,18,0,,,,,,,,,,,,,,,SSB
2025-12-01 00:00:00,771080102352,84,DW,01,B,01,045,MUNICIPIO DE MERIDA YUCATAN   ,2007-09-14 00:00:00, ,5A,ACTIVO,1,744,3106,2024-11-15,40,0,,,,,,,,,,,,,,,SSB
2025-12-01 00:00:00,771080103081,80,DW,01,D,05,001,MUNICIPIO DE KANASIN YUCATAN  ,2008-01-11 00:00:00,6,5A,ACTIVO,1,1190,6067,2024-11-29,32,0,,,,,,,,,,,,,,,SSB
2025-12-01 00:00:00,771080106242,80,DW,01,B,01,801,MUNICIPIO DE MERIDA YUCATAN   ,2007-08-31 00:00:00, ,5A,ACTIVO,,,,2025-07-10,12,0,,,,,,,,,,,,1.75,1.5,2025-12-31,SSB
2025-12-01 00:00:00,771080106251,80,DW,01,B,01,801,MUNICIPIO DE MERIDA YUCATAN   ,2007-08-31 00:00:00, ,5A,ACTIVO,,,,2025-07-16,8,0,,,,,,,,,,,,12.92,1,2025-12-31,SSB
2025-12-01 00:00:00,771100202588,80,DW,01,B,01,801,MUNICIPIO DE MERIDA YUCATAN   ,2010-01-19 00:00:00, ,02,ACTIVO,1,737,3547,2024-12-26,1,0,,,,,,,,,,,,,,,SSB
2025-12-01 00:00:00,771110803032,80,DW,01,B,01,801,MUNICIPIO DE MERIDA YUCATAN   ,2011-07-06 00:00:00, ,5A,ACTIVO,1,1860,9455,2024-11-15,40,0,,,,,,,,,,,,,,,SSB
2025-12-01 00:00:00,771140702010,80,DW,01,B,01,801,MUNICIPIO DE MERIDA YUCATAN   ,2014-07-04 00:00:00, ,5A,ACTIVO,1,1131,5769,2024-11-15,39,0,,,,,,,,,,,,,,,SSB
2025-12-01 00:00:00,771171003381,80,DW,01,B,01,801,MUNICIPIO DE MERIDA YUCATAN   ,2017-11-02 00:00:00, ,5A,ACTIVO,,,,2025-07-10,19,0,,,,,,,,,,,,3.6200000000000001,1.52,2025-12-31,SSB
2025-12-01 00:00:00,771181202340,80,DW,01,M,01,001,MUNICIPIO DE MERIDA YUCATAN   ,2018-12-22 00:00:00, ,5A,ACTIVO,1,3069,15569,2024-11-15,66,0,,,,,,,,,,,,,,,SSB
2025-12-01 00:00:00,771190602318,80,DW,01,B,01,801,ASOC RESID CLUB GOLF CEIBA AC ,2019-06-20 00:00:00,0,02,ACTIVO,1,216,1120,2024-04-30,33,0,,,,,,,,,,,,,,,SSB
2025-12-01 00:00:00,771190602326,80,DW,01,B,01,801,ASOC RESID CLUB GOLF CEIBA AC ,2019-06-20 00:00:00,0,02,ACTIVO,1,1908,9174,2024-06-24,129,0,,,,,,,,,,,,,,,SSB
2025-12-01 00:00:00,771200500357,80,DW,01,B,01,801,MUNICIPIO DE MERIDA YUCATAN   ,2020-09-11 00:00:00, ,5A,ACTIVO,1,409,2118,2024-11-29,8,0,,,,,,,,,,,,,,,SSB
2025-12-01 00:00:00,771250700969,80,DW,01,B,01,801,TELEFONIA POR CABLE           ,2025-07-10 00:00:00,0,02,ACTIVO,1,179,937,,,0,,,,,,,,,,,,,,,GSC
2025-12-01 00:00:00,771951101903,80,DW,01,B,01,801,MUNICIPIO DE MERIDA YUCATAN   ,1995-11-23 00:00:00, ,02,ACTIVO,1,3571,16994,2024-07-22,15,0,,,,,,,,,,,,,,,SSB
2025-12-01 00:00:00,771981004716,80,DW,01,B,01,801,CABLEMASTELECOMUNICACIONESSACV,1998-10-30 00:00:00,6,02,ACTIVO,1,237848,1128760,2024-12-05,356,0,,,,,,,,,,,,,,,SSB
2025-12-01 00:00:00,772071201514,80,DW,01,E,02,001,MUNICIPIO DE MERIDA YUCATAN   ,2007-10-09 00:00:00, ,5A,ACTIVO,,,,2025-10-08,4,0,,,,,,,,,,,,2.8999999999999999,0.46999999999999997,2025-12-31,SSB
2025-12-01 00:00:00,772980603035,80,DW,01,D,01,001,MUNICIPIO DE MERIDA YUCATAN   ,1998-06-30 00:00:00, ,5A,ACTIVO,,,,2025-08-28,20,0,,,,,,,,,,,,2.25,2.5,2025-12-31,SSB
2025-12-01 00:00:00,773011004571,84,DW,01,D,01,045,MUNICIPIO DE MERIDA YUCATAN   ,2001-09-30 00:00:00, ,5A,ACTIVO,,,,2025-10-27,37,0,,,,,,,,,,,,4,4.5999999999999996,2025-12-31,SSB
2025-12-01 00:00:00,773011004601,84,DW,01,D,01,045,MUNICIPIO DE MERIDA YUCATAN   ,2001-09-30 00:00:00, ,5A,ACTIVO,,,,2025-10-27,5,0,,,,,,,,,,,,3.8799999999999999,0.63,2025-12-31,SSB
2025-12-01 00:00:00,773011004635,84,DW,01,D,01,045,MUNICIPIO DE MERIDA YUCATAN   ,2001-09-30 00:00:00, ,5A,ACTIVO,,,,2025-10-07,27,0,,,,,,,,,,,,3.25,1.6200000000000001,2025-12-31,SSB
2025-12-01 00:00:00,773011004660,80,DW,01,D,01,001,MUNICIPIO DE MERIDA YUCATAN   ,2001-09-30 00:00:00, ,5A,ACTIVO,,,,2025-10-07,35,0,,,,,,,,,,,,4.25,2.1699999999999999,2025-12-31,SSB
2025-12-01 00:00:00,773011004759,84,DW,01,D,01,045,MUNICIPIO DE MERIDA YUCATAN   ,2001-09-30 00:00:00, ,5A,ACTIVO,,,,2025-10-28,12,0,,,,,,,,,,,,1.5900000000000001,1.51,2025-12-31,SSB
2025-12-01 00:00:00,773011004821,80,DW,01,D,01,001,MUNICIPIO DE MERIDA YUCATAN   ,2001-09-30 00:00:00, ,5A,ACTIVO,,,,2025-10-09,13,0,,,,,,,,,,,,6.6299999999999999,2.8199999999999998,2025-12-31,SSB
2025-12-01 00:00:00,773011004830,80,DW,01,D,01,001,MUNICIPIO DE MERIDA YUCATAN   ,2001-09-30 00:00:00, ,02,ACTIVO,1,8370,39766,2024-12-26,35,0,,,,,,,,,,,,,,,SSB
2025-12-01 00:00:00,773050902004,80,DW,01,D,05,001,MUNICIPIO DE KANASIN YUCATAN  ,2005-10-05 00:00:00,6,5A,ACTIVO,1,480,2476,2024-12-18,21,0,,,,,,,,,,,,,,,SSB
2025-12-01 00:00:00,773070702656,80,DW,01,D,03,001,MUNICIPIO DE KANASIN          ,2007-07-12 00:00:00,6,02,ACTIVO,1,0,49,2009-05-18,4,0,,,,,,,,,,,,,,,SSB
2025-12-01 00:00:00,773071103411,80,DW,01,B,01,801,MUNICIPIO DE MERIDA YUCATAN   ,2007-09-06 00:00:00, ,5A,ACTIVO,,,,2025-08-08,12,0,,,,,,,,,,,,1,0.79000000000000004,2025-12-31,SSB
2025-12-01 00:00:00,773071103489,84,DW,01,B,01,045,MUNICIPIO DE MERIDA YUCATAN   ,2007-09-06 00:00:00, ,5A,ACTIVO,,,,2025-08-04,53,0,,,,,,,,,,,,7.2000000000000002,6.6500000000000004,2025-12-31,SSB
2025-12-01 00:00:00,773071103951,84,DW,01,B,01,045,MUNICIPIO DE MERIDA YUCATAN   ,2007-09-06 00:00:00, ,5A,ACTIVO,,,,2025-07-09,15,0,,,,,,,,,,,,4.75,1.5,2025-12-31,SSB
2025-12-01 00:00:00,773071201626,80,DW,01,E,02,001,MUNICIPIO DE MERIDA YUCATAN   ,2007-10-07 00:00:00, ,5A,ACTIVO,,,,2025-06-30,8,0,,,,,,,,,,,,0.59999999999999998,0.80000000000000004,2025-12-31,SSB
2025-12-01 00:00:00,773071201642,80,DW,01,D,01,001,MUNICIPIO DE MERIDA YUCATAN   ,2007-09-25 00:00:00, ,5A,ACTIVO,1,71,408,2024-11-15,1,0,,,,,,,,,,,,,,,SSB
2025-12-01 00:00:00,773071201740,84,DW,01,D,01,045,MUNICIPIO DE MERIDA YUCATAN   ,2007-09-27 00:00:00, ,5A,ACTIVO,,,,2025-10-06,15,0,,,,,,,,,,,,0.75,2.25,2025-12-31,SSB
2025-12-01 00:00:00,773071201791,84,DW,01,D,01,045,MUNICIPIO DE MERIDA YUCATAN   ,2007-09-28 00:00:00, ,5A,ACTIVO,,,,2025-08-20,16,0,,,,,,,,,,,,3.5600000000000001,1.55,2025-12-31,SSB
2025-12-01 00:00:00,773071201944,80,DW,01,D,01,001,MUNICIPIO DE MERIDA YUCATAN   ,2007-09-28 00:00:00, ,5A,ACTIVO,,,,2025-10-17,13,0,,,,,,,,,,,,5.3499999999999996,1.99,2025-12-31,SSB
2025-12-01 00:00:00,773080604091,84,DW,01,D,01,045,MUNICIPIO DE MERIDA YUCATAN   ,2008-06-19 00:00:00, ,5A,ACTIVO,1,0,499,2024-11-15,21,0,,,,,,,,,,,,,,,SSB
2025-12-01 00:00:00,773090502220,80,DW,01,D,03,001,H  AYUNTAMIENTO DE KANASIN    ,2009-05-07 00:00:00,6,5A,ACTIVO,1,182,969,2024-12-21,8,0,,,,,,,,,,,,,,,SSB
2025-12-01 00:00:00,773090703705,80,DW,01,D,03,001,MUNICIPIO DE KANASIN YUCATAN  ,2009-07-17 00:00:00,6,02,ACTIVO,1,3162,15053,2024-12-26,62,0,,,,,,,,,,,,,,,SSB
2025-12-01 00:00:00,773090901060,80,DW,01,D,05,001,MUNICIPIO DE KANASIN          ,2009-08-27 00:00:00,6,5A,ACTIVO,1,134,726,2024-12-18,6,0,,,,,,,,,,,,,,,SSB
2025-12-01 00:00:00,773091200081,80,DW,01,D,05,001,MUNICIPIO DE KANASIN          ,2009-11-24 00:00:00,6,5A,ACTIVO,1,1116,5693,2024-11-29,5,0,,,,,,,,,,,,,,,SSB
2025-12-01 00:00:00,773100406658,80,DW,01,D,03,001,MUNICIPIO DE KANASIN YUCATAN  ,2010-04-08 00:00:00,6,5A,ACTIVO,1,74,423,2024-12-22,3,0,,,,,,,,,,,,,,,SSB
2025-12-01 00:00:00,773100704292,80,DW,01,D,05,001,MUNICIPIO DE KANASIN          ,2010-07-09 00:00:00,6,5A,ACTIVO,1,781,3999,2024-12-26,16,0,,,,,,,,,,,,,,,SSB
2025-12-01 00:00:00,773240903945,80,DW,01,D,01,001,AGENCIA DE TRANSPORTE DE YUCAT,2024-12-27 00:00:00, ,02,ACTIVO,1,0,0,,,0,,,,,,,,,,,,,,,GSC
2025-12-01 00:00:00,773910302930,80,DW,01,D,04,001,MUNICIPIO DE KANASIN  YUCATAN ,1991-03-13 00:00:00,6,5A,ACTIVO,1,7987,40441,2024-12-16,310,0,,,,,,,,,,,,,,,SSB
2025-12-01 00:00:00,773910302948,80,DW,01,D,05,001,MUNICIPIO DE KANASIN  YUCATAN ,1991-03-13 00:00:00,6,5A,ACTIVO,1,11327,57332,2024-11-29,155,0,,,,,,,,,,,,,,,SSB
2025-12-01 00:00:00,773981203941,80,DW,01,D,03,001,H AYUNT DE KANASIN Y043       ,1998-12-31 00:00:00,6,02,ACTIVO,1,45,263,2024-12-24,2,0,,,,,,,,,,,,,,,SSB
2025-12-01 00:00:00,774011004372,80,DW,01,E,02,001,MUNICIPIO DE MERIDA YUCATAN   ,2001-09-30 00:00:00, ,5A,ACTIVO,,,,2025-07-16,1,0,,,,,,,,,,,,1.25,0.75,2025-12-31,SSB
2025-12-01 00:00:00,774011004399,80,DW,01,E,02,001,MUNICIPIO DE MERIDA YUCATAN   ,2001-09-30 00:00:00, ,5A,ACTIVO,,,,2025-07-08,11,0,,,,,,,,,,,,13.25,1.6499999999999999,2025-12-31,SSB
2025-12-01 00:00:00,774011100053,80,DW,01,E,02,001,MUNICIPIO DE MERIDA YUCATAN   ,2001-09-30 00:00:00, ,5A,ACTIVO,,,,2025-07-16,1,0,,,,,,,,,,,,0.88,0.75,2025-12-31,SSB
2025-12-01 00:00:00,773090403604,80,DW,01,C,01,001,INS  DE INF  CARR  DE YUCATAN ,2009-04-16 00:00:00,C,5A,ACTIVO,1,1975,10037,2024-12-26,17,0,,,,,,,,,,,,,,,SSB
2025-12-01 00:00:00,773090403582,80,DW,01,J,08,001,SECRETARIA DE HACIENDA        ,2009-04-16 00:00:00,C,5A,ACTIVO,1,3497,17734,2024-12-26,62,0,,,,,,,,,,,,,,,SSB
2025-12-01 00:00:00,774011200376,80,DW,01,E,02,001,MUNICIPIO DE MERIDA YUCATAN   ,2001-09-30 00:00:00, ,02,ACTIVO,1,3156,15025,2024-12-26,4,0,,,,,,,,,,,,,,,SSB
2025-12-01 00:00:00,774020701817,80,DW,01,E,02,001,MUNICIPIO DE MERIDA YUCATAN   ,2002-03-19 00:00:00, ,5A,ACTIVO,,,,2025-10-21,44,0,,,,,,,,,,,,4.3799999999999999,2.7200000000000002,2025-12-31,SSB
2025-12-01 00:00:00,774040400414,80,DW,01,E,02,001,MUNICIPIO DE MERIDA YUCATAN   ,2004-04-06 00:00:00, ,5A,ACTIVO,,,,2025-08-28,21,0,,,,,,,,,,,,2.4500000000000002,1.52,2025-12-31,SSB
2025-12-01 00:00:00,773071100781,80,DW,01,B,01,801,MUNICIPIO DE MERIDA YUCATAN   ,2007-08-29 00:00:00, ,5A,ACTIVO,,,,2025-10-30,36,0,,,,,,,,,,,,2.9700000000000002,3.6000000000000001,2025-12-31,SSB
2025-12-01 00:00:00,774050803525,80,DW,01,E,02,001,MUNICIPIO DE MERIDA YUCATAN   ,2005-07-29 00:00:00, ,5A,ACTIVO,,,,2025-09-18,25,0,,,,,,,,,,,,2.5,3.1299999999999999,2025-12-31,SSB
2025-12-01 00:00:00,774060400101,80,DW,01,E,02,001,MUNICIPIO DE MERIDA YUCATAN   ,2006-04-05 00:00:00, ,5A,ACTIVO,,,,2025-10-20,11,0,,,,,,,,,,,,1.1299999999999999,1.3799999999999999,2025-12-31,SSB
2025-12-01 00:00:00,774060400615,80,DW,01,E,02,001,MUNICIPIO DE MERIDA YUCATAN   ,2006-03-24 00:00:00, ,5A,ACTIVO,,,,2025-09-22,29,0,,,,,,,,,,,,1.8999999999999999,2.0299999999999998,2025-12-31,SSB
2025-12-01 00:00:00,774071203293,80,DW,01,E,02,001,MUNICIPIO DE MERIDA YUCATAN   ,2007-10-09 00:00:00, ,5A,ACTIVO,1,1079,5506,2024-11-29,29,0,,,,,,,,,,,,,,,SSB
2025-12-01 00:00:00,774071203447,80,DW,01,E,02,001,MUNICIPIO DE MERIDA YUCATAN   ,2007-10-09 00:00:00, ,5A,ACTIVO,,,,2025-10-08,20,0,,,,,,,,,,,,1.5,1.3300000000000001,2025-12-31,SSB
2025-12-01 00:00:00,774071203455,80,DW,01,E,02,001,MUNICIPIO DE MERIDA YUCATAN   ,2007-10-09 00:00:00, ,5A,ACTIVO,,,,2025-07-15,24,0,,,,,,,,,,,,2.3999999999999999,1.6799999999999999,2025-12-31,SSB
2025-12-01 00:00:00,774071203501,80,DW,01,E,02,001,MUNICIPIO DE MERIDA YUCATAN   ,2007-10-10 00:00:00, ,5A,ACTIVO,,,,2025-07-07,46,0,,,,,,,,,,,,5.2000000000000002,4.9699999999999998,2025-12-31,SSB
2025-12-01 00:00:00,774071203510,80,DW,01,E,02,001,MUNICIPIO DE MERIDA YUCATAN   ,2007-10-11 00:00:00, ,5A,ACTIVO,,,,2025-10-14,15,0,,,,,,,,,,,,1.8799999999999999,0.97999999999999998,2025-12-31,SSB
2025-12-01 00:00:00,774071204826,84,DW,01,E,02,045,MUNICIPIO DE MERIDA YUCATAN   ,2007-10-16 00:00:00, ,5A,ACTIVO,,,,2025-07-15,50,0,,,,,,,,,,,,2.9399999999999999,3.5,2025-12-31,SSB
2025-12-01 00:00:00,773011200434,80,DW,01,D,01,001,MUNICIPIO DE MERIDA YUCATAN   ,2001-09-30 00:00:00, ,02,ACTIVO,1,744,3580,2024-12-26,4,0,,,,,,,,,,,,,,,SSB
2025-12-01 00:00:00,773011200396,80,DW,01,D,01,001,MUNICIPIO DE MERIDA YUCATAN   ,2001-09-30 00:00:00, ,02,ACTIVO,1,186,931,2024-12-26,26,0,,,,,,,,,,,,,,,SSB
2025-12-01 00:00:00,774081100280,80,DW,01,E,02,001,MUNICIPIO DE MERIDA YUCATAN   ,2008-01-26 00:00:00, ,5A,ACTIVO,,,,2025-07-16,16,0,,,,,,,,,,,,2.1499999999999999,1.72,2025-12-31,SSB
2025-12-01 00:00:00,772070700380,84,DW,01,C,01,045,MUNICIPIO DE MERIDA YUCATAN   ,2007-07-05 00:00:00, ,5A,ACTIVO,1,0,499,2024-10-23,13,0,,,,,,,,,,,,,,,SSB
2025-12-01 00:00:00,771021204249,80,DW,01,B,01,801,MUNICIPIO DE MERIDA YUCATAN   ,2002-12-18 00:00:00, ,5A,ACTIVO,1,1209,6163,2024-11-15,26,0,,,,,,,,,,,,,,,SSB
2025-12-01 00:00:00,771011011043,80,DW,01,B,01,801,MUNICIPIO DE MERIDA YUCATAN   ,2001-09-30 00:00:00, ,5A,ACTIVO,,,,2025-09-24,17,0,,,,,,,,,,,,2,2.1299999999999999,2025-12-31,SSB
2025-12-01 00:00:00,771011011027,80,DW,01,B,01,801,MUNICIPIO DE MERIDA YUCATAN   ,2001-09-30 00:00:00, ,5A,ACTIVO,,,,2025-09-24,19,0,,,,,,,,,,,,2,2.3799999999999999,2025-12-31,SSB
2025-12-01 00:00:00,771011010985,80,DW,01,B,01,801,MUNICIPIO DE MERIDA YUCATAN   ,2001-09-30 00:00:00, ,5A,ACTIVO,,,,2025-09-12,17,0,,,,,,,,,,,,2.1299999999999999,1.0800000000000001,2025-12-31,SSB
2025-12-01 00:00:00,771011010951,80,DW,01,B,01,801,MUNICIPIO DE MERIDA YUCATAN   ,2001-09-30 00:00:00, ,5A,ACTIVO,,,,2025-08-29,43,0,,,,,,,,,,,,5.9400000000000004,5.3799999999999999,2025-12-31,SSB
2025-12-01 00:00:00,774190103612,80,DW,01,E,02,001,SRIA  DE SEGURIDAD PUBLICA    ,2019-01-01 00:00:00,g,02,ACTIVO,1,41120,195244,2024-10-30,230,0,,,,,,,,,,,,,,,SSB
2025-12-01 00:00:00,774200300179,80,DW,01,E,02,001,MUNICIPIO DE MERIDA           ,2020-03-03 00:00:00, ,5A,ACTIVO,,,,2025-10-13,16,0,,,,,,,,,,,,1.5,0.66000000000000003,2025-12-31,SSB
2025-12-01 00:00:00,774210303435,80,DW,01,E,02,001,SECRETARIA DE SEGURIDAD PUBLIC,2021-03-19 00:00:00,g,02,ACTIVO,1,62551,296939,2024-10-30,376,0,,,,,,,,,,,,,,,SSB
2025-12-01 00:00:00,775010601331,80,DW,01,G,01,001,H  AYUNTAMIENTO DE PROGRESO   ,2001-04-17 00:00:00,6,5A,ACTIVO,1,722,3700,2024-11-25,28,0,,,,,,,,,,,,,,,SSB
2025-12-01 00:00:00,775010601403,80,DW,01,G,01,001,H  AYUNTAMIENTO DE PROGRESO   ,2001-04-17 00:00:00,6,5A,ACTIVO,1,930,4753,2024-11-26,25,0,,,,,,,,,,,,,,,SSB
2025-12-01 00:00:00,775020203163,80,DW,01,G,02,001,H  AYUNTAMIENTO DE PROGRESO   ,2001-09-22 00:00:00,6,5A,ACTIVO,1,1760,8950,2024-11-21,30,0,,,,,,,,,,,,,,,SSB
2025-12-01 00:00:00,775061001044,80,DW,01,G,01,001,H AYUNTAMIENTO DE PROGRESO    ,2006-10-13 00:00:00,6,5A,ACTIVO,1,283,1480,2024-11-21,12,0,,,,,,,,,,,,,,,SSB
2025-12-01 00:00:00,775061201353,80,DW,01,G,02,001,H  AYUNTAMIENTO DE PROGRESO   ,2006-12-01 00:00:00,6,5A,ACTIVO,1,632,3245,2024-11-21,14,0,,,,,,,,,,,,,,,SSB
2025-12-01 00:00:00,775090700377,80,DW,01,G,08,001,CABLEMAS TELECOMUNICACIONES   ,2009-06-30 00:00:00,6,02,ACTIVO,1,20043,99259,2024-12-05,30,0,,,,,,,,,,,,,,,SSB
2025-12-01 00:00:00,775091100748,80,DW,01,G,01,001,H AYUNTAMIENTO DE PROGRESO    ,2009-12-01 00:00:00,6,5A,ACTIVO,1,1068,5450,2024-11-25,60,0,,,,,,,,,,,,,,,SSB
2025-12-01 00:00:00,775110400103,80,DW,01,G,01,001,H AYUNTAMIENTO DE PROGRESO    ,2011-04-01 00:00:00,6,5A,ACTIVO,1,4174,21158,2024-11-25,187,0,,,,,,,,,,,,,,,SSB
2025-12-01 00:00:00,775110400138,80,DW,01,G,01,001,H AYUNTAMIENTO DE PROGRESO    ,2011-04-01 00:00:00,6,5A,ACTIVO,1,923,4717,2024-11-25,37,0,,,,,,,,,,,,,,,SSB
2025-12-01 00:00:00,771011010853,80,DW,01,B,01,801,MUNICIPIO DE MERIDA YUCATAN   ,2001-09-30 00:00:00, ,5A,ACTIVO,,,,2025-08-28,46,0,,,,,,,,,,,,6,5.75,2025-12-31,SSB
2025-12-01 00:00:00,775120801220,80,DW,01,G,06,001,H  AYUNTAMIENTO DE PROGRESO   ,2012-06-01 00:00:00,6,5A,ACTIVO,1,4702,23828,2024-12-01,207,0,,,,,,,,,,,,,,,SSB
2025-12-01 00:00:00,775120801238,80,DW,01,G,06,001,H  AYUNTAMIENTO DE PROGRESO   ,2012-06-01 00:00:00,6,02,ACTIVO,1,2195,10464,2024-12-27,28,0,,,,,,,,,,,,,,,SSB
2025-12-01 00:00:00,771011010802,84,DW,01,B,01,045,MUNICIPIO DE MERIDA YUCATAN   ,2001-09-30 00:00:00, ,5A,ACTIVO,1,0,498,2024-11-15,35,0,,,,,,,,,,,,,,,SSB
2025-12-01 00:00:00,775220801472,66,DW,01,G,01,661,MUNICIPIO DE PROGRESO YUCATAN ,2022-08-25 00:00:00,6,5A,ACTIVO,,,,2025-09-10,55,0,2025-12-09 09:53:07,6601,L,R9962,DBW693 ,0,Nor,59,DISPLAY APAGADO,59,S,8,3.8500000000000001,2025-12-31,SSB
2025-12-01 00:00:00,775950901341,80,DW,01,G,01,001,H  AYUNTAMIENTO DE PROGRESO   ,1995-09-30 00:00:00,6,5A,ACTIVO,1,86058,435266,2024-11-25,3456,0,,,,,,,,,,,,,,,SSB
2025-12-01 00:00:00,775950901359,80,DW,01,G,01,001,H  AYUNTAMIENTO DE PROGRESO   ,1995-09-30 00:00:00,6,5A,ACTIVO,1,3088,15666,2024-11-25,175,0,,,,,,,,,,,,,,,SSB
2025-12-01 00:00:00,775950901367,80,DW,01,G,02,001,H  AYUNTAMIENTO DE PROGRESO   ,1995-09-30 00:00:00,6,5A,ACTIVO,1,12905,65313,2024-12-12,792,0,,,,,,,,,,,,,,,SSB
2025-12-01 00:00:00,775950901375,80,DW,01,G,03,001,H  AYUNTAMIENTO DE PROGRESO   ,1995-09-30 00:00:00,6,5A,ACTIVO,1,21409,108319,2024-11-25,794,0,,,,,,,,,,,,,,,SSB
2025-12-01 00:00:00,775950901383,80,DW,01,G,04,001,H  AYUNTAMIENTO DE PROGRESO   ,1995-09-30 00:00:00,6,5A,ACTIVO,1,5082,25750,2024-12-12,230,0,,,,,,,,,,,,,,,SSB
2025-12-01 00:00:00,775950901391,80,DW,01,G,06,001,H  AYUNTAMIENTO DE PROGRESO   ,1995-09-30 00:00:00,6,5A,ACTIVO,1,4620,23413,2024-12-01,136,0,,,,,,,,,,,,,,,SSB
2025-12-01 00:00:00,775950901405,80,DW,01,G,08,001,H  AYUNTAMIENTO DE PROGRESO   ,1995-09-30 00:00:00,6,5A,ACTIVO,1,13091,66253,2024-11-25,487,0,,,,,,,,,,,,,,,SSB
2025-12-01 00:00:00,775971101492,80,DW,01,G,03,001,H  AYUNTAMIENTO DE PROGRESO   ,1997-11-28 00:00:00,6,02,ACTIVO,1,1934,9226,2024-12-01,152,0,,,,,,,,,,,,,,,SSB
2025-12-01 00:00:00,775971101506,80,DW,01,G,04,001,H  AYUNTAMIENTO DE PROGRESO   ,1997-11-28 00:00:00,6,02,ACTIVO,1,3813,18142,2024-12-27,79,0,,,,,,,,,,,,,,,SSB
2025-12-01 00:00:00,775971101514,80,DW,01,G,08,001,H  AYUNTAMIENTO DE PROGRESO   ,1997-11-28 00:00:00,6,02,ACTIVO,1,1513,7229,2024-12-27,13,0,,,,,,,,,,,,,,,SSB
2025-12-01 00:00:00,775971101522,80,DW,01,G,05,001,MUNICIPIO DE MERIDA YUCATAN   ,1997-11-30 00:00:00, ,02,ACTIVO,1,605,2920,2024-10-01,6,0,,,,,,,,,,,,,,,SSB
2025-12-01 00:00:00,775971101549,80,DW,01,G,06,001,H  AYUNTAMIENTO DE PROGRESO   ,1997-11-28 00:00:00,6,02,ACTIVO,1,908,4358,2024-12-01,21,0,,,,,,,,,,,,,,,SSB
2025-12-01 00:00:00,776000556139,80,DW,01,H,56,001,MUNICIPIO DE HUNUCMA          ,2000-09-03 00:00:00, ,02,ACTIVO,1,335,1638,2024-12-12,6,0,,,,,,,,,,,,,,,SSB
2025-12-01 00:00:00,776040600963,80,DW,01,H,36,001,MUNICIPIO DE HUNUCMA          ,2004-06-17 00:00:00, ,5A,ACTIVO,,,,2025-10-06,30,0,,,,,,,,,,,,11.800000000000001,3.75,2025-12-31,SSB
2025-12-01 00:00:00,776060700140,80,DW,01,H,42,001,MUNICIPIO DE CELESTUN         ,2006-08-02 00:00:00, ,02,ACTIVO,1,290,1425,2024-12-30,12,0,,,,,,,,,,,,,,,SSB
2025-12-01 00:00:00,776101201773,80,DW,01,H,42,001,MUNICIPIO DE CELESTUN         ,2010-12-15 00:00:00, ,5A,ACTIVO,1,1302,6634,2024-12-30,28,0,,,,,,,,,,,,,,,SSB
2025-12-01 00:00:00,776120603718,80,DW,01,H,42,001,MUNICIPIO DE CELESTUN         ,2012-06-29 00:00:00, ,5A,ACTIVO,1,112,615,2024-12-30,5,0,,,,,,,,,,,,,,,SSB
2025-12-01 00:00:00,776120603726,80,DW,01,H,42,001,MUNICIPIO DE CELESTUN         ,2012-06-29 00:00:00, ,5A,ACTIVO,1,409,2117,2024-08-30,22,0,,,,,,,,,,,,,,,SSB
2025-12-01 00:00:00,776151002496,80,DW,01,E,02,001,MUNICIPIO DE MERIDA YUCATAN   ,2015-12-16 00:00:00, ,5A,ACTIVO,1,4676,23697,2024-08-30,89,0,,,,,,,,,,,,,,,SSB
2025-12-01 00:00:00,776171203731,80,DW,01,H,36,001,MUNICIPIO DE HUNUCMA          ,2017-12-31 00:00:00, ,5A,ACTIVO,1,97,540,2024-11-29,3,0,,,,,,,,,,,,,,,SSB
2025-12-01 00:00:00,776171203854,80,DW,01,H,36,001,MUNICIPIO DE HUNUCMA          ,2017-12-31 00:00:00, ,5A,ACTIVO,1,74,423,2024-11-29,2,0,,,,,,,,,,,,,,,SSB
2025-12-01 00:00:00,776171203871,80,DW,01,H,36,001,MUNICIPIO DE HUNUCMA          ,2017-12-31 00:00:00, ,5A,ACTIVO,1,74,423,2024-11-29,4,0,,,,,,,,,,,,,,,SSB
2025-12-01 00:00:00,776890800392,80,DW,01,H,38,001,MUNICIPIO DE HUNUCMA          ,1989-08-01 00:00:00, ,5A,ACTIVO,,,,2025-09-25,235,0,,,,,,,,,,,,27.449999999999999,26.129999999999999,2025-12-31,SSB
2025-12-01 00:00:00,776890800457,84,DW,01,H,37,045,MUNICIPIO DE MERIDA YUCATAN   ,1989-08-01 00:00:00, ,5A,ACTIVO,1,179,954,2024-08-05,28,0,,,,,,,,,,,,,,,SSB
2025-12-01 00:00:00,776890800554,80,DW,01,H,56,001,MUNICIPIO DE HUNUCMA          ,1989-08-02 00:00:00, ,5A,ACTIVO,,,,2025-09-24,358,0,,,,,,,,,,,,28.079999999999998,34.990000000000002,2025-12-31,SSB
2025-12-01 00:00:00,776890800597,80,DW,01,H,60,001,MUNICIPIO DE HUNUCMA          ,1989-08-02 00:00:00, ,5A,ACTIVO,,,,2025-09-22,29,0,,,,,,,,,,,,2.29,3.6299999999999999,2025-12-31,SSB
2025-12-01 00:00:00,776890900206,80,DW,01,H,36,001,MUNICIPIO DE HUNUCMA          ,1989-09-19 00:00:00, ,5A,ACTIVO,,,,2025-09-26,2486,0,,,,,,,,,,,,172.06,238.69,2025-12-31,SSB
2025-12-01 00:00:00,776941200794,80,DW,01,H,61,001,MUNICIPIO DE HUNUCMA          ,1994-12-30 00:00:00, ,5A,ACTIVO,1,2336,11863,2024-11-29,82,0,,,,,,,,,,,,,,,SSB
2025-12-01 00:00:00,777011200243,84,DW,01,J,49,045,MUNICIPIO DE MERIDA YUCATAN   ,2001-11-30 00:00:00, ,5A,ACTIVO,1,0,49,2024-09-30,9,0,,,,,,,,,,,,,,,SSB
2025-12-01 00:00:00,777051100136,80,DW,01,J,03,001,MUNICIPIO DE KANASIN YUCATAN  ,2005-10-30 00:00:00,6,02,ACTIVO,1,112,580,2024-12-24,5,0,,,,,,,,,,,,,,,SSB
2025-12-01 00:00:00,777070300553,80,DW,01,J,03,001,MUNICIPIO DE UMAN YUCATAN     ,2007-02-01 00:00:00, ,5A,ACTIVO,1,238,1253,2024-11-19,5,0,,,,,,,,,,,,,,,SSB
2025-12-01 00:00:00,771011010675,84,DW,01,B,01,045,MUNICIPIO DE MERIDA YUCATAN   ,2001-09-30 00:00:00, ,5A,ACTIVO,1,886,3674,2024-06-28,43,0,,,,,,,,,,,,,,,SSB
2025-12-01 00:00:00,771011010527,80,DW,01,B,01,801,MUNICIPIO DE MERIDA YUCATAN   ,2001-09-30 00:00:00, ,5A,ACTIVO,1,1745,8874,2024-11-15,25,0,,,,,,,,,,,,,,,SSB
2025-12-01 00:00:00,771011010306,84,DW,01,B,01,045,MUNICIPIO DE MERIDA YUCATAN   ,2001-09-30 00:00:00, ,5A,ACTIVO,1,0,499,2024-11-15,36,0,,,,,,,,,,,,,,,SSB
2025-12-01 00:00:00,771011010292,80,DW,01,B,01,801,MUNICIPIO DE MERIDA YUCATAN   ,2001-09-30 00:00:00, ,5A,ACTIVO,,,,2025-07-14,15,0,,,,,,,,,,,,2.4399999999999999,1.8500000000000001,2025-12-31,SSB
2025-12-01 00:00:00,771011010136,80,DW,01,B,01,801,MUNICIPIO DE MERIDA YUCATAN   ,2001-09-30 00:00:00, ,5A,ACTIVO,1,699,3584,2024-10-14,10,0,,,,,,,,,,,,,,,SSB
2025-12-01 00:00:00,771011009847,80,DW,01,B,01,801,MUNICIPIO DE MERIDA YUCATAN   ,2001-09-30 00:00:00, ,5A,ACTIVO,,,,2025-09-23,19,0,,,,,,,,,,,,5.75,2.8999999999999999,2025-12-31,SSB
2025-12-01 00:00:00,771011009821,80,DW,01,A,01,001,MUNICIPIO DE MERIDA YUCATAN   ,2001-09-30 00:00:00, ,5A,ACTIVO,1,1042,5318,2024-11-15,24,0,,,,,,,,,,,,,,,SSB
2025-12-01 00:00:00,774011100258,80,DW,01,E,02,001,MUNICIPIO DE MERIDA YUCATAN   ,2001-09-30 00:00:00, ,5A,ACTIVO,,,,2025-10-15,42,0,,,,,,,,,,,,3,3.2400000000000002,2025-12-31,SSB
2025-12-01 00:00:00,774011100207,80,DW,01,E,02,001,MUNICIPIO DE MERIDA YUCATAN   ,2001-09-30 00:00:00, ,5A,ACTIVO,,,,2025-10-09,44,0,,,,,,,,,,,,5,5.5,2025-12-31,SSB
2025-12-01 00:00:00,773790500775,80,DW,01,D,01,001,MUNICIPIO DE MERIDA YUCATAN   ,1979-05-19 00:00:00, ,02,ACTIVO,1,0,49,2009-11-17,1,0,,,,,,,,,,,,,,,SSB
2025-12-01 00:00:00,773141001051,84,DW,01,D,01,045,MUNICIPIO DE MERIDA YUCATAN   ,2013-09-01 00:00:00, ,5A,ACTIVO,1,0,499,2024-08-30,141,0,,,,,,,,,,,,,,,SSB
2025-12-01 00:00:00,774011100428,80,DW,01,E,02,001,MUNICIPIO DE MERIDA YUCATAN   ,2001-09-30 00:00:00, ,5A,ACTIVO,,,,2025-07-14,22,0,,,,,,,,,,,,1.22,2.0699999999999998,2025-12-31,SSB
2025-12-01 00:00:00,774040401364,80,DW,01,E,02,001,MUNICIPIO DE MERIDA YUCATAN   ,2004-04-07 00:00:00, ,5A,ACTIVO,,,,2025-07-01,42,0,,,,,,,,,,,,5.3799999999999999,4.2999999999999998,2025-12-31,SSB
2025-12-01 00:00:00,774080603059,84,DW,01,E,02,045,MUNICIPIO DE MERIDA YUCATAN   ,2008-06-09 00:00:00, ,5A,ACTIVO,,,,2025-09-09,34,0,,,,,,,,,,,,7.8799999999999999,6.0300000000000002,2025-12-31,SSB
2025-12-01 00:00:00,774080603067,80,DW,01,E,02,001,MUNICIPIO DE MERIDA YUCATAN   ,2008-06-09 00:00:00, ,5A,ACTIVO,,,,2025-09-08,34,0,,,,,,,,,,,,5.5,3.1400000000000001,2025-12-31,SSB
2025-12-01 00:00:00,774081102681,80,DW,01,E,02,001,MUNICIPIO DE MERIDA YUCATAN   ,2008-10-17 00:00:00, ,5A,ACTIVO,,,,2025-09-22,3,0,,,,,,,,,,,,1,0.29999999999999999,2025-12-31,SSB
2025-12-01 00:00:00,774110702511,84,DW,01,D,01,045,MUNICIPIO DE MERIDA YUCATAN   ,2011-07-25 00:00:00, ,5A,ACTIVO,,,,2025-09-24,13,0,,,,,,,,,,,,1.99,1.3300000000000001,2025-12-31,SSB
2025-12-01 00:00:00,774110702553,84,DW,01,D,01,045,MUNICIPIO DE MERIDA YUCATAN   ,2011-07-25 00:00:00, ,5A,ACTIVO,,,,2025-09-24,8,0,,,,,,,,,,,,3.6299999999999999,2.3199999999999998,2025-12-31,SSB
2025-12-01 00:00:00,774110702561,84,DW,01,D,01,045,MUNICIPIO DE MERIDA YUCATAN   ,2011-07-25 00:00:00, ,5A,ACTIVO,1,0,49,2024-11-15,7,0,,,,,,,,,,,,,,,SSB
2025-12-01 00:00:00,774110702588,80,DW,01,D,01,001,MUNICIPIO DE MERIDA YUCATAN   ,2011-07-25 00:00:00, ,5A,ACTIVO,,,,2025-10-17,8,0,,,,,,,,,,,,2.52,1.8999999999999999,2025-12-31,SSB
2025-12-01 00:00:00,774110702600,80,DW,01,D,01,001,MUNICIPIO DE MERIDA YUCATAN   ,2011-07-25 00:00:00, ,5A,ACTIVO,,,,2025-10-14,4,0,,,,,,,,,,,,1.4399999999999999,1.3200000000000001,2025-12-31,SSB
2025-12-01 00:00:00,775110401363,80,DW,01,G,03,001,H  AYUNTAMIENTO DE PROGRESO   ,2011-04-13 00:00:00,6,5A,ACTIVO,1,331,1723,2024-11-26,347,0,,,,,,,,,,,,,,,SSB
2025-12-01 00:00:00,775140600468,80,DW,01,G,01,001,MUNICIPIO DE PROGRESO YUCATAN ,2014-06-06 00:00:00,6,5A,ACTIVO,1,379,1965,2024-11-25,17,0,,,,,,,,,,,,,,,SSB
2025-12-01 00:00:00,777070300570,80,DW,01,J,03,001,MUNICIPIO DE UMAN YUCATAN     ,2007-02-01 00:00:00, ,02,ACTIVO,1,2294,10934,2014-12-05,8,0,,,,,,,,,,,,,,,SSB
2025-12-01 00:00:00,777070300588,80,DW,01,J,03,001,MUNICIPIO DE ABALA YUCATAN    ,2007-02-01 00:00:00, ,02,ACTIVO,1,2976,14171,2024-08-16,8,0,,,,,,,,,,,,,,,SSB
2025-12-01 00:00:00,777071102259,80,DW,01,B,01,801,MUNICIPIO DE MERIDA YUCATAN   ,2007-09-14 00:00:00, ,5A,ACTIVO,1,558,2871,2024-11-15,12,0,,,,,,,,,,,,,,,SSB
2025-12-01 00:00:00,777080501425,80,DW,01,J,04,001,MUNICIPIO DE KANASIN YUCATAN  ,2008-04-01 00:00:00,6,5A,ACTIVO,1,3102,15736,2024-12-17,133,0,,,,,,,,,,,,,,,SSB
2025-12-01 00:00:00,777080902276,80,DW,01,J,08,001,INS DE VIVIENDA DEL EDO DE YUC,2008-09-30 00:00:00,r,5A,ACTIVO,1,1395,7103,2024-12-30,30,0,,,,,,,,,,,,,,,SSB
2025-12-01 00:00:00,777090401739,84,DW,01,J,49,045,MUNICIPIO DE MERIDA YUCATAN   ,2009-04-20 00:00:00, ,5A,ACTIVO,1,465,2400,2024-09-18,426,0,,,,,,,,,,,,,,,SSB
2025-12-01 00:00:00,777120801079,80,DW,01,J,43,001,MUNICIPIO DE UMAN YUCATAN     ,2012-06-01 00:00:00, ,02,ACTIVO,1,878,4216,2024-08-20,10,0,,,,,,,,,,,,,,,SSB
2025-12-01 00:00:00,777130902094,80,DW,01,J,11,001,MUNICIPIO DE MERIDA   YUCATAN ,2013-10-09 00:00:00, ,5A,ACTIVO,,,,2025-12-02,30,0,2025-12-03 14:29:54,6203,L,9BBN1,RBJ165 ,0,Nor,53,UI SERV DIRECTO,53,S,6,5,2025-12-31,SSB
2025-12-01 00:00:00,777180901382,80,DW,01,J,02,801,MUNICIPIO DE MERIDA YUCATAN   ,2018-09-26 00:00:00, ,5A,ACTIVO,1,141,762,2024-09-30,3,0,,,,,,,,,,,,,,,SSB
2025-12-01 00:00:00,777180901391,80,DW,01,J,08,001,MUNICIPIO DE MERIDA YUCATAN   ,2018-09-26 00:00:00, ,5A,ACTIVO,1,234,1232,2024-09-30,5,0,,,,,,,,,,,,,,,SSB
2025-12-01 00:00:00,777200102899,80,DW,01,J,02,801,MUNICIPIO DE MERIDA YUCATAN   ,2020-02-18 00:00:00, ,5A,ACTIVO,1,141,762,2024-10-01,3,0,,,,,,,,,,,,,,,SSB
2025-12-01 00:00:00,777200601143,80,DW,01,J,03,001,CABLEMAS TELECOMUNICACIONES   ,2020-06-23 00:00:00,6,02,ACTIVO,1,7349,36427,2024-12-05,11,0,,,,,,,,,,,,,,,SSB
2025-12-01 00:00:00,777210703513,80,DW,01,J,02,801,MUNICIPIO DE MERIDA YUCATAN   ,2021-08-09 00:00:00, ,5A,ACTIVO,1,279,1504,2024-09-17,6,0,,,,,,,,,,,,,,,SSB
2025-12-01 00:00:00,777820500355,80,DW,01,J,43,001,MUNICIPIO DE UMAN YUCATAN     ,1982-05-01 00:00:00, ,5A,ACTIVO,1,1778,9041,2024-08-20,39,0,,,,,,,,,,,,,,,SSB
2025-12-01 00:00:00,777920700572,80,DW,01,J,03,001,MUNICIPIO DE UMAN YUCATAN     ,1992-07-10 00:00:00, ,5A,ACTIVO,1,234,1233,2024-11-21,5,0,,,,,,,,,,,,,,,SSB
2025-12-01 00:00:00,777971101240,80,DW,01,J,05,001,MUNICIPIO DE MERIDA YUCATAN   ,1997-11-30 00:00:00, ,02,ACTIVO,1,4464,21231,2024-07-02,16,0,,,,,,,,,,,,,,,SSB
2025-12-01 00:00:00,777971201091,80,DW,01,J,03,001,MUNICIPIO DE UMAN YUCATAN     ,1997-12-01 00:00:00, ,5A,ACTIVO,1,372,1930,2024-11-21,8,0,,,,,,,,,,,,,,,SSB
2025-12-01 00:00:00,778120600207,80,DW,01,K,51,001,H AYTO TECOH CANCHA XCANCHAKAN,2012-05-07 00:00:00, ,02,ACTIVO,1,74,400,2024-12-27,2,0,,,,,,,,,,,,,,,SSB
2025-12-01 00:00:00,778150301042,80,DW,01,K,42,001,H  AYUNTAMIENTO DE ACANCEH    ,2015-03-02 00:00:00, ,5A,ACTIVO,1,186,989,2024-08-22,5,0,,,,,,,,,,,,,,,SSB
2025-12-01 00:00:00,778181000326,80,DW,01,K,51,001,H  AYUNTAMIENTO DE TECOH      ,2018-10-16 00:00:00, ,5A,ACTIVO,1,56,332,2024-12-16,3,0,,,,,,,,,,,,,,,SSB
2025-12-01 00:00:00,778860400201,80,DW,01,D,03,001,H AYUNT  KANASIN     Y041     ,1986-04-01 00:00:00,6,5A,ACTIVO,1,2790,14159,2024-12-26,70,0,,,,,,,,,,,,,,,SSB
2025-12-01 00:00:00,778860400210,80,DW,01,K,64,001,MUNICIPIO DE SEYE             ,1986-04-01 00:00:00, ,5A,ACTIVO,1,3441,17451,2024-12-19,56,0,,,,,,,,,,,,,,,SSB
2025-12-01 00:00:00,778860400228,80,DW,01,K,65,001,MUNICIPIO DE SEYE             ,1986-04-01 00:00:00, ,5A,ACTIVO,1,74,423,2024-12-19,4,0,,,,,,,,,,,,,,,SSB
2025-12-01 00:00:00,779070301544,80,DW,01,M,17,801,MUNICIPIO DE MERIDA YUCATAN   ,2007-03-29 00:00:00, ,5A,ACTIVO,1,186,990,2024-09-30,4,0,,,,,,,,,,,,,,,SSB
2025-12-01 00:00:00,779080400401,80,DW,01,M,19,001,MUNICIPIO DE MERIDA YUCATAN   ,2008-03-31 00:00:00, ,02,ACTIVO,1,1488,7110,2024-09-12,8,0,,,,,,,,,,,,,,,SSB
2025-12-01 00:00:00,779090802311,80,DW,01,M,15,001,MUNICIPIO DE MERIDA YUCATAN   ,2009-09-23 00:00:00, ,5A,ACTIVO,1,372,1930,2024-08-29,8,0,,,,,,,,,,,,,,,SSB
2025-12-01 00:00:00,779090802337,80,DW,01,M,17,801,MUNICIPIO DE MERIDA YUCATAN   ,2009-09-23 00:00:00, ,5A,ACTIVO,1,48,292,2024-09-24,1,0,,,,,,,,,,,,,,,SSB
2025-12-01 00:00:00,779180702285,80,DW,01,M,13,001,MUNICIPIO DE MERIDA YUCATAN   ,2018-08-01 00:00:00, ,5A,ACTIVO,1,792,4054,2024-11-15,17,0,,,,,,,,,,,,,,,SSB
2025-12-01 00:00:00,779180903698,80,DW,01,M,15,001,MUNICIPIO DE MERIDA           ,2018-09-27 00:00:00, ,5A,ACTIVO,1,141,762,2024-09-20,3,0,,,,,,,,,,,,,,,SSB
2025-12-01 00:00:00,779190103886,80,DW,01,M,30,001,MUNICIPIO DE MERIDA YUCATAN   ,2019-02-01 00:00:00, ,5A,ACTIVO,1,186,990,2024-07-25,4,0,,,,,,,,,,,,,,,SSB
2025-12-01 00:00:00,779190103894,80,DW,01,M,17,801,MUNICIPIO DE MERIDA YUCATAN   ,2019-02-01 00:00:00, ,5A,ACTIVO,1,186,989,2024-09-02,4,0,,,,,,,,,,,,,,,SSB
2025-12-01 00:00:00,779191104347,80,DW,01,M,17,801,MUNICIPIO DE MERIDA YUCATAN   ,2019-11-30 00:00:00, ,5A,ACTIVO,1,93,520,2024-06-28,2,0,,,,,,,,,,,,,,,SSB
2025-12-01 00:00:00,779211001493,66,DW,01,M,04,662,MUNICIPIO DE MERIDA YUCATAN   ,2021-10-13 00:00:00, ,5A,ACTIVO,,,,2025-03-13,5,0,2025-12-09 09:49:04,6601,L,9JRBR,RCG997 ,0,Nor,59,DISPLAY APAGADO,59,S,1,0.53000000000000003,2025-12-31,SSB
2025-12-01 00:00:00,779750400075,84,DW,01,M,02,045,MUNICIPIO DE MERIDA YUCATAN   ,1975-04-01 00:00:00, ,5A,ACTIVO,1,3244,16454,2024-07-24,662,0,,,,,,,,,,,,,,,SSB
2025-12-01 00:00:00,779750400083,84,DW,01,M,04,045,MUNICIPIO DE MERIDA YUCATAN   ,1975-04-01 00:00:00, ,5A,ACTIVO,1,186,990,2024-07-24,260,0,,,,,,,,,,,,,,,SSB
2025-12-01 00:00:00,779820100171,84,DW,01,M,17,045,MUNICIPIO DE MERIDA YUCATAN   ,1982-01-01 00:00:00, ,5A,ACTIVO,1,5536,28046,2024-07-24,537,0,,,,,,,,,,,,,,,SSB
2025-12-01 00:00:00,779971100947,80,DW,01,M,15,001,MUNICIPIO DE MERIDA YUCATAN   ,1997-11-30 00:00:00, ,02,ACTIVO,1,148,751,2024-09-02,4,0,,,,,,,,,,,,,,,SSB
2025-12-01 00:00:00,779971100955,80,DW,01,M,16,001,MUNICIPIO DE MERIDA YUCATAN   ,1997-11-30 00:00:00, ,02,ACTIVO,1,930,4462,2024-10-07,12,0,,,,,,,,,,,,,,,SSB
2025-12-01 00:00:00,779971100963,80,DW,01,M,17,001,MUNICIPIO DE MERIDA YUCATAN   ,1997-11-30 00:00:00, ,02,ACTIVO,1,930,4462,2024-09-03,8,0,,,,,,,,,,,,,,,SSB
2025-12-01 00:00:00,779971101072,80,DW,01,M,33,001,MUNICIPIO DE MERIDA           ,1997-11-30 00:00:00, ,02,ACTIVO,1,2002,9549,2024-08-27,16,0,,,,,,,,,,,,,,,SSB
2025-12-01 00:00:00,779980100071,80,DW,01,M,20,001,MUNICIPIO DE CONKAL           ,1998-01-31 00:00:00, ,5A,ACTIVO,,,,2025-08-06,75,0,,,,,,,,,,,,6.5999999999999996,6.6799999999999997,2025-12-31,SSB
2025-12-01 00:00:00,779980100194,80,DW,01,M,01,001,MUNICIPIO DE CONKAL           ,1998-01-31 00:00:00, ,5A,ACTIVO,,,,2025-08-15,800,0,,,,,,,,,,,,63.119999999999997,65.420000000000002,2025-12-31,SSB
2025-12-01 00:00:00,779981001483,80,DW,01,M,34,001,MUNICIPIO DE CONKAL           ,1998-10-31 00:00:00, ,5A,ACTIVO,,,,2025-08-05,27,0,,,,,,,,,,,,2.54,1.8400000000000001,2025-12-31,SSB
2025-12-01 00:00:00,779990500174,80,DW,01,M,20,001,MUNICIPIO DE CONKAL           ,1999-05-31 00:00:00, ,5A,ACTIVO,,,,2025-08-06,89,0,,,,,,,,,,,,5.9500000000000002,5.7400000000000002,2025-12-31,SSB
2025-12-01 00:00:00,780000358687,80,DW,12,A,01,800,MUNICIPIO DE BENITO JUAREZ    ,1999-01-01 00:00:00, ,5A,ACTIVO,,,,2024-10-30,31,0,,,,,,,,,,,,3.2999999999999998,39.600000000000001,2025-12-31,SSB
2025-12-01 00:00:00,780000358687,80,DW,12,A,01,800,MUNICIPIO DE BENITO JUAREZ    ,1999-01-01 00:00:00, ,5A,ACTIVO,1,1228,4881,2024-10-30,31,0,,,,,,,,,,,,3.2999999999999998,39.600000000000001,2025-12-31,SSB
2025-12-01 00:00:00,780000360053,80,DW,12,B,01,001,MUNICIPIO DE BENITO JUAREZ    ,1998-03-15 00:00:00, ,5A,ACTIVO,,,,2024-10-30,164,0,,,,,,,,,,,,7.2000000000000002,86.400000000000006,2025-12-31,SSB
2025-12-01 00:00:00,780000360053,80,DW,12,B,01,001,MUNICIPIO DE BENITO JUAREZ    ,1998-03-15 00:00:00, ,5A,ACTIVO,1,2678,13592,2024-10-30,164,0,,,,,,,,,,,,7.2000000000000002,86.400000000000006,2025-12-31,SSB
2025-12-01 00:00:00,780000360061,80,DW,12,D,02,001,MUNICIPIO PUERTO MORELOS      ,1999-05-01 00:00:00, ,5A,ACTIVO,,,,2024-10-01,307,0,,,,,,,,,,,,49,44.020000000000003,2025-12-31,SSB
2025-12-01 00:00:00,780000360061,80,DW,12,D,02,001,MUNICIPIO PUERTO MORELOS      ,1999-05-01 00:00:00, ,5A,ACTIVO,1,18228,92232,2024-10-01,307,0,,,,,,,,,,,,49,44.020000000000003,2025-12-31,SSB
2025-12-01 00:00:00,780000360100,80,DW,12,C,01,001,MUNICIPIO DE BENITO JUAREZ    ,1998-03-15 00:00:00, ,5A,ACTIVO,1,4836,17448,2024-10-10,250,0,,,,,,,,,,,,13,13.087,2025-12-31,SSB
2025-12-01 00:00:00,780000360100,80,DW,12,C,01,001,MUNICIPIO DE BENITO JUAREZ    ,1998-03-15 00:00:00, ,5A,ACTIVO,,,,2024-10-10,250,0,,,,,,,,,,,,13,13.087,2025-12-31,SSB
2025-12-01 00:00:00,780000360134,80,DW,12,C,01,001,MUNICIPIO DE BENITO JUAREZ    ,2000-01-02 00:00:00, ,5A,ACTIVO,,,,2024-10-19,176,0,,,,,,,,,,,,3,10.970000000000001,2025-12-31,SSB
2025-12-01 00:00:00,780000360134,80,DW,12,C,01,001,MUNICIPIO DE BENITO JUAREZ    ,2000-01-02 00:00:00, ,5A,ACTIVO,1,1116,5693,2024-10-19,176,0,,,,,,,,,,,,3,10.970000000000001,2025-12-31,SSB
2025-12-01 00:00:00,780000360151,80,DW,12,D,01,001,MUNICIPIO DE BENITO JUAREZ    ,1998-03-15 00:00:00, ,5A,ACTIVO,,,,2024-10-04,40,0,,,,,,,,,,,,1.6699999999999999,20.039999999999999,2025-12-31,SSB
2025-12-01 00:00:00,780000360151,80,DW,12,D,01,001,MUNICIPIO DE BENITO JUAREZ    ,1998-03-15 00:00:00, ,5A,ACTIVO,1,621,3190,2024-10-04,40,0,,,,,,,,,,,,1.6699999999999999,20.039999999999999,2025-12-31,SSB
2025-12-01 00:00:00,780000455658,80,DW,12,D,02,001,MUNICIPIO PUERTO MORELOS      ,2000-03-02 00:00:00, ,5A,ACTIVO,1,18228,92232,2024-10-01,296,0,,,,,,,,,,,,49,85.123000000000005,2025-12-31,SSB
2025-12-01 00:00:00,780000455658,80,DW,12,D,02,001,MUNICIPIO PUERTO MORELOS      ,2000-03-02 00:00:00, ,5A,ACTIVO,,,,2024-10-01,296,0,,,,,,,,,,,,49,85.123000000000005,2025-12-31,SSB
2025-12-01 00:00:00,780000455674,80,DW,12,C,01,001,MUNICIPIO DE BENITO JUAREZ    ,2000-03-08 00:00:00, ,5A,ACTIVO,,,,2024-10-01,37,0,,,,,,,,,,,,3.3170000000000002,39.799999999999997,2025-12-31,SSB
2025-12-01 00:00:00,780000455674,80,DW,12,C,01,001,MUNICIPIO DE BENITO JUAREZ    ,2000-03-08 00:00:00, ,5A,ACTIVO,1,1234,6289,2024-10-01,37,0,,,,,,,,,,,,3.3170000000000002,39.799999999999997,2025-12-31,SSB
2025-12-01 00:00:00,780000455682,80,DW,12,A,01,800,MUNICIPIO DE BENITO JUAREZ    ,2000-03-08 00:00:00, ,5A,ACTIVO,1,5952,30150,2024-10-18,204,0,,,,,,,,,,,,16,12.699999999999999,2025-12-31,SSB
2025-12-01 00:00:00,780000455682,80,DW,12,A,01,800,MUNICIPIO DE BENITO JUAREZ    ,2000-03-08 00:00:00, ,5A,ACTIVO,,,,2024-10-18,204,0,,,,,,,,,,,,16,12.699999999999999,2025-12-31,SSB
2025-12-01 00:00:00,780000861044,80,DW,12,B,01,001,MUNICIPIO DE BENITO JUAREZ    ,2000-08-30 00:00:00, ,5A,ACTIVO,1,821,3465,2024-10-26,32,0,,,,,,,,,,,,2.2080000000000002,52.991999999999997,2025-12-31,SSB
2025-12-01 00:00:00,780000861044,80,DW,12,B,01,001,MUNICIPIO DE BENITO JUAREZ    ,2000-08-30 00:00:00, ,5A,ACTIVO,,,,2024-10-26,32,0,,,,,,,,,,,,2.2080000000000002,52.991999999999997,2025-12-31,SSB
2025-12-01 00:00:00,780001258619,80,DW,12,A,01,800,MUNICIPIO DE BENITO JUAREZ    ,2000-11-21 00:00:00, ,5A,ACTIVO,,,,2024-10-01,6,0,,,,,,,,,,,,1,0.69999999999999996,2025-12-31,SSB
2025-12-01 00:00:00,780001258619,80,DW,12,A,01,800,MUNICIPIO DE BENITO JUAREZ    ,2000-11-21 00:00:00, ,5A,ACTIVO,1,372,1802,2024-10-01,6,0,,,,,,,,,,,,1,0.69999999999999996,2025-12-31,SSB
2025-12-01 00:00:00,780010105647,80,DW,12,A,01,800,MUNICIPIO DE BENITO JUAREZ    ,2000-10-26 00:00:00, ,5A,ACTIVO,1,1078,5501,2024-10-30,42,0,,,,,,,,,,,,2.8980000000000001,69.552000000000007,2025-12-31,SSB
2025-12-01 00:00:00,780010105647,80,DW,12,A,01,800,MUNICIPIO DE BENITO JUAREZ    ,2000-10-26 00:00:00, ,5A,ACTIVO,,,,2024-10-30,42,0,,,,,,,,,,,,2.8980000000000001,69.552000000000007,2025-12-31,SSB
2025-12-01 00:00:00,780010404997,80,DW,12,A,01,800,MUNICIPIO DE BENITO JUAREZ    ,2001-04-17 00:00:00, ,5A,ACTIVO,,,,2024-10-30,16,0,,,,,,,,,,,,1.1040000000000001,26.495999999999999,2025-12-31,SSB
2025-12-01 00:00:00,780010404997,80,DW,12,A,01,800,MUNICIPIO DE BENITO JUAREZ    ,2001-04-17 00:00:00, ,5A,ACTIVO,1,411,2127,2024-10-30,16,0,,,,,,,,,,,,1.1040000000000001,26.495999999999999,2025-12-31,SSB
2025-12-01 00:00:00,780010502506,80,DW,12,A,01,800,MUNICIPIO DE BENITO JUAREZ    ,2001-05-03 00:00:00, ,5A,ACTIVO,1,5208,18751,2024-10-29,78,0,,,,,,,,,,,,14,7.2000000000000002,2025-12-31,SSB
2025-12-01 00:00:00,780010502506,80,DW,12,A,01,800,MUNICIPIO DE BENITO JUAREZ    ,2001-05-03 00:00:00, ,5A,ACTIVO,,,,2024-10-29,78,0,,,,,,,,,,,,14,7.2000000000000002,2025-12-31,SSB
2025-12-01 00:00:00,780010503197,80,DW,12,A,01,800,MUNICIPIO DE BENITO JUAREZ    ,2001-05-03 00:00:00, ,5A,ACTIVO,,,,2024-10-25,143,0,,,,,,,,,,,,5.5910000000000002,67.091999999999999,2025-12-31,SSB
2025-12-01 00:00:00,780010503197,80,DW,12,A,01,800,MUNICIPIO DE BENITO JUAREZ    ,2001-05-03 00:00:00, ,5A,ACTIVO,1,2080,10568,2024-10-25,143,0,,,,,,,,,,,,5.5910000000000002,67.091999999999999,2025-12-31,SSB
2025-12-01 00:00:00,780010503910,80,DW,12,A,01,800,MUNICIPIO DE BENITO JUAREZ    ,2001-05-28 00:00:00, ,5A,ACTIVO,,,,2024-10-18,30,0,,,,,,,,,,,,2,1.7,2025-12-31,SSB
2025-12-01 00:00:00,780010503910,80,DW,12,A,01,800,MUNICIPIO DE BENITO JUAREZ    ,2001-05-28 00:00:00, ,5A,ACTIVO,1,744,3106,2024-10-18,30,0,,,,,,,,,,,,2,1.7,2025-12-31,SSB
2025-12-01 00:00:00,780020201512,80,DW,12,A,01,800,MUNICIPIO DE BENITO JUAREZ    ,2001-08-15 00:00:00, ,5A,ACTIVO,1,372,1802,2024-10-16,13,0,,,,,,,,,,,,1,0.53400000000000003,2025-12-31,SSB
2025-12-01 00:00:00,780020201512,80,DW,12,A,01,800,MUNICIPIO DE BENITO JUAREZ    ,2001-08-15 00:00:00, ,5A,ACTIVO,,,,2024-10-16,13,0,,,,,,,,,,,,1,0.53400000000000003,2025-12-31,SSB
2025-12-01 00:00:00,780020202659,80,DW,12,B,01,001,MUNICIPIO DE BENITO JUAREZ    ,2002-01-03 00:00:00, ,5A,ACTIVO,,,,2024-10-30,83,0,,,,,,,,,,,,3.2000000000000002,38.399999999999999,2025-12-31,SSB
2025-12-01 00:00:00,780020202659,80,DW,12,B,01,001,MUNICIPIO DE BENITO JUAREZ    ,2002-01-03 00:00:00, ,5A,ACTIVO,1,1190,4759,2024-10-30,83,0,,,,,,,,,,,,3.2000000000000002,38.399999999999999,2025-12-31,SSB
2025-12-01 00:00:00,780020202683,80,DW,12,A,01,800,MUNICIPIO DE BENITO JUAREZ    ,2001-10-08 00:00:00, ,5A,ACTIVO,,,,2024-10-30,29,0,,,,,,,,,,,,3.2999999999999998,39.600000000000001,2025-12-31,SSB
2025-12-01 00:00:00,780020202683,80,DW,12,A,01,800,MUNICIPIO DE BENITO JUAREZ    ,2001-10-08 00:00:00, ,5A,ACTIVO,1,1228,4881,2024-10-30,29,0,,,,,,,,,,,,3.2999999999999998,39.600000000000001,2025-12-31,SSB
2025-12-01 00:00:00,780020202756,80,DW,12,A,01,800,MUNICIPIO DE BENITO JUAREZ    ,2001-12-27 00:00:00, ,02,ACTIVO,1,372,1814,2024-11-04,7,0,,,,,,,,,,,,,,,SSB
2025-12-01 00:00:00,780020203281,80,DW,12,C,01,001,MUNICIPIO DE BENITO JUAREZ    ,2002-02-07 00:00:00, ,5A,ACTIVO,,,,2024-10-19,41,0,,,,,,,,,,,,3,2.4049999999999998,2025-12-31,SSB
2025-12-01 00:00:00,780020203281,80,DW,12,C,01,001,MUNICIPIO DE BENITO JUAREZ    ,2002-02-07 00:00:00, ,5A,ACTIVO,1,1116,5693,2024-10-19,41,0,,,,,,,,,,,,3,2.4049999999999998,2025-12-31,SSB
2025-12-01 00:00:00,780020203302,80,DW,12,C,01,001,MUNICIPIO DE BENITO JUAREZ    ,2001-02-07 00:00:00, ,5A,ACTIVO,1,2604,9625,2024-10-19,130,0,,,,,,,,,,,,7,8.4199999999999999,2025-12-31,SSB
2025-12-01 00:00:00,780020203302,80,DW,12,C,01,001,MUNICIPIO DE BENITO JUAREZ    ,2001-02-07 00:00:00, ,5A,ACTIVO,,,,2024-10-19,130,0,,,,,,,,,,,,7,8.4199999999999999,2025-12-31,SSB
2025-12-01 00:00:00,780020300332,80,DW,12,A,01,800,MUNICIPIO DE BENITO JUAREZ    ,2001-08-23 00:00:00, ,5A,ACTIVO,1,90,504,2024-10-27,27,0,,,,,,,,,,,,0.24299999999999999,5.8319999999999999,2025-12-31,SSB
2025-12-01 00:00:00,780020300332,80,DW,12,A,01,800,MUNICIPIO DE BENITO JUAREZ    ,2001-08-23 00:00:00, ,5A,ACTIVO,,,,2024-10-27,27,0,,,,,,,,,,,,0.24299999999999999,5.8319999999999999,2025-12-31,SSB
2025-12-01 00:00:00,780020301240,80,DW,12,B,01,001,MUNICIPIO DE BENITO JUAREZ    ,2001-03-11 00:00:00, ,5A,ACTIVO,1,231,1217,2024-10-27,9,0,,,,,,,,,,,,0.621,14.904,2025-12-31,SSB
2025-12-01 00:00:00,780020301240,80,DW,12,B,01,001,MUNICIPIO DE BENITO JUAREZ    ,2001-03-11 00:00:00, ,5A,ACTIVO,,,,2024-10-27,9,0,,,,,,,,,,,,0.621,14.904,2025-12-31,SSB
2025-12-01 00:00:00,780020402348,80,DW,12,D,01,001,MUNICIPIO DE BENITO JUAREZ    ,2002-04-09 00:00:00, ,5A,ACTIVO,,,,2024-10-19,18,0,,,,,,,,,,,,2,0.69999999999999996,2025-12-31,SSB
2025-12-01 00:00:00,780020402348,80,DW,12,D,01,001,MUNICIPIO DE BENITO JUAREZ    ,2002-04-09 00:00:00, ,5A,ACTIVO,1,744,3106,2024-10-19,18,0,,,,,,,,,,,,2,0.69999999999999996,2025-12-31,SSB
2025-12-01 00:00:00,780021202911,80,DW,12,C,01,001,MUNICIPIO DE BENITO JUAREZ    ,2002-12-13 00:00:00, ,5A,ACTIVO,1,821,3465,2024-10-27,32,0,,,,,,,,,,,,2.2080000000000002,52.991999999999997,2025-12-31,SSB
2025-12-01 00:00:00,780021202911,80,DW,12,C,01,001,MUNICIPIO DE BENITO JUAREZ    ,2002-12-13 00:00:00, ,5A,ACTIVO,,,,2024-10-27,32,0,,,,,,,,,,,,2.2080000000000002,52.991999999999997,2025-12-31,SSB
2025-12-01 00:00:00,780021202946,80,DW,12,C,01,001,MUNICIPIO DE BENITO JUAREZ    ,2002-12-11 00:00:00, ,5A,ACTIVO,,,,2024-10-30,39,0,,,,,,,,,,,,2.8999999999999999,34.799999999999997,2025-12-31,SSB
2025-12-01 00:00:00,780021202946,80,DW,12,C,01,001,MUNICIPIO DE BENITO JUAREZ    ,2002-12-11 00:00:00, ,5A,ACTIVO,1,1079,5506,2024-10-30,39,0,,,,,,,,,,,,2.8999999999999999,34.799999999999997,2025-12-31,SSB
2025-12-01 00:00:00,780030100331,80,DW,12,A,01,800,MUNICIPIO DE BENITO JUAREZ    ,2002-12-17 00:00:00, ,5A,ACTIVO,,,,2024-10-18,37,0,,,,,,,,,,,,4,3.9590000000000001,2025-12-31,SSB
2025-12-01 00:00:00,780030100331,80,DW,12,A,01,800,MUNICIPIO DE BENITO JUAREZ    ,2002-12-17 00:00:00, ,5A,ACTIVO,1,1488,5713,2024-10-18,37,0,,,,,,,,,,,,4,3.9590000000000001,2025-12-31,SSB
2025-12-01 00:00:00,780030104311,80,DW,12,C,01,001,MUNICIPIO DE BENITO JUAREZ    ,2003-01-08 00:00:00, ,5A,ACTIVO,,,,2024-10-17,47,0,,,,,,,,,,,,6,30.050000000000001,2025-12-31,SSB
2025-12-01 00:00:00,780030104311,80,DW,12,C,01,001,MUNICIPIO DE BENITO JUAREZ    ,2003-01-08 00:00:00, ,5A,ACTIVO,1,2232,8321,2024-10-17,47,0,,,,,,,,,,,,6,30.050000000000001,2025-12-31,SSB
2025-12-01 00:00:00,780030203084,80,DW,12,D,01,001,MUNICIPIO DE BENITO JUAREZ    ,2003-01-02 00:00:00, ,5A,ACTIVO,,,,2024-10-25,117,0,,,,,,,,,,,,5.6909999999999998,136.584,2025-12-31,SSB
2025-12-01 00:00:00,780030203084,80,DW,12,D,01,001,MUNICIPIO DE BENITO JUAREZ    ,2003-01-02 00:00:00, ,5A,ACTIVO,1,2117,10755,2024-10-25,117,0,,,,,,,,,,,,5.6909999999999998,136.584,2025-12-31,SSB
2025-12-01 00:00:00,780030203122,80,DW,12,B,01,001,MUNICIPIO DE BENITO JUAREZ    ,2003-01-17 00:00:00, ,02,ACTIVO,1,31,196,2024-12-20,202020,0,,,,,,,,,,,,,,,SSB
2025-12-01 00:00:00,780030300217,80,DW,12,C,01,001,MUNICIPIO DE BENITO JUAREZ    ,2003-02-24 00:00:00, ,5A,ACTIVO,1,1525,5944,2024-10-04,36,0,,,,,,,,,,,,4.0999999999999996,49.200000000000003,2025-12-31,SSB
2025-12-01 00:00:00,780030300217,80,DW,12,C,01,001,MUNICIPIO DE BENITO JUAREZ    ,2003-02-24 00:00:00, ,5A,ACTIVO,,,,2024-10-04,36,0,,,,,,,,,,,,4.0999999999999996,49.200000000000003,2025-12-31,SSB
2025-12-01 00:00:00,780030701432,80,DW,12,C,01,001,MUNICIPIO DE BENITO JUAREZ    ,2003-07-11 00:00:00, ,5A,ACTIVO,,,,2024-10-19,56,0,,,,,,,,,,,,5,4.0880000000000001,2025-12-31,SSB
2025-12-01 00:00:00,780030701432,80,DW,12,C,01,001,MUNICIPIO DE BENITO JUAREZ    ,2003-07-11 00:00:00, ,5A,ACTIVO,1,1860,7018,2024-10-19,56,0,,,,,,,,,,,,5,4.0880000000000001,2025-12-31,SSB
2025-12-01 00:00:00,780030901199,80,DW,12,A,05,801,MUNICIPIO PUERTO MORELOS      ,2003-09-08 00:00:00, ,5A,ACTIVO,,,,2024-10-24,166,0,,,,,,,,,,,,9,13.83,2025-12-31,SSB
2025-12-01 00:00:00,780030901199,80,DW,12,A,05,801,MUNICIPIO PUERTO MORELOS      ,2003-09-08 00:00:00, ,5A,ACTIVO,1,3348,12233,2024-10-24,166,0,,,,,,,,,,,,9,13.83,2025-12-31,SSB
2025-12-01 00:00:00,780030902225,80,DW,12,D,01,001,MUNICIPIO DE BENITO JUAREZ    ,2003-09-22 00:00:00, ,5A,ACTIVO,1,372,1930,2024-10-19,26,0,,,,,,,,,,,,,,,SSB
2025-12-01 00:00:00,780040602564,80,DW,12,A,01,800,MUNICIPIO DE BENITO JUAREZ    ,2004-06-04 00:00:00, ,5A,ACTIVO,1,1860,9455,2024-10-18,33,0,,,,,,,,,,,,,,,SSB
2025-12-01 00:00:00,780051000043,80,DW,12,A,01,800,MUNICIPIO DE BENITO JUAREZ    ,2004-01-01 00:00:00, ,5A,ACTIVO,,,,2024-10-30,16,0,,,,,,,,,,,,6,72,2025-12-31,SSB
2025-12-01 00:00:00,780051000043,80,DW,12,A,01,800,MUNICIPIO DE BENITO JUAREZ    ,2004-01-01 00:00:00, ,5A,ACTIVO,1,2232,11337,2024-10-30,16,0,,,,,,,,,,,,6,72,2025-12-31,SSB
2025-12-01 00:00:00,780060902751,80,DW,12,A,01,800,MUNICIPIO DE BENITO JUAREZ    ,2006-09-01 00:00:00, ,5A,ACTIVO,,,,2024-10-20,37,0,,,,,,,,,,,,2,1.4099999999999999,2025-12-31,SSB
2025-12-01 00:00:00,780060902751,80,DW,12,A,01,800,MUNICIPIO DE BENITO JUAREZ    ,2006-09-01 00:00:00, ,5A,ACTIVO,1,744,3107,2024-10-20,37,0,,,,,,,,,,,,2,1.4099999999999999,2025-12-31,SSB
2025-12-01 00:00:00,780061103266,80,DW,12,A,01,800,MUNICIPIO DE BENITO JUAREZ    ,2006-11-27 00:00:00, ,5A,ACTIVO,,,,2024-10-18,40,0,,,,,,,,,,,,2,4.04,2025-12-31,SSB
2025-12-01 00:00:00,780061103266,80,DW,12,A,01,800,MUNICIPIO DE BENITO JUAREZ    ,2006-11-27 00:00:00, ,5A,ACTIVO,1,744,3812,2024-10-18,40,0,,,,,,,,,,,,2,4.04,2025-12-31,SSB
2025-12-01 00:00:00,780061103282,80,DW,12,A,01,800,MUNICIPIO DE BENITO JUAREZ    ,2006-11-22 00:00:00, ,5A,ACTIVO,1,1116,4410,2024-10-18,21,0,,,,,,,,,,,,3,2.1709999999999998,2025-12-31,SSB
2025-12-01 00:00:00,780061103282,80,DW,12,A,01,800,MUNICIPIO DE BENITO JUAREZ    ,2006-11-22 00:00:00, ,5A,ACTIVO,,,,2024-10-18,21,0,,,,,,,,,,,,3,2.1709999999999998,2025-12-31,SSB
2025-12-01 00:00:00,780061103291,80,DW,12,A,01,800,MUNICIPIO DE BENITO JUAREZ    ,2006-11-22 00:00:00, ,5A,ACTIVO,,,,2024-10-19,27,0,,,,,,,,,,,,3,2.7269999999999999,2025-12-31,SSB
2025-12-01 00:00:00,780061103291,80,DW,12,A,01,800,MUNICIPIO DE BENITO JUAREZ    ,2006-11-22 00:00:00, ,5A,ACTIVO,1,1116,4410,2024-10-19,27,0,,,,,,,,,,,,3,2.7269999999999999,2025-12-31,SSB
2025-12-01 00:00:00,780080103501,80,DW,12,D,01,001,MUNICIPIO DE BENITO JUAREZ    ,2007-12-19 00:00:00, ,5A,ACTIVO,,,,2024-10-05,83,0,,,,,,,,,,,,4.2699999999999996,51.164999999999999,2025-12-31,SSB
2025-12-01 00:00:00,780080103501,80,DW,12,D,01,001,MUNICIPIO DE BENITO JUAREZ    ,2007-12-19 00:00:00, ,5A,ACTIVO,1,1588,6146,2024-10-05,83,0,,,,,,,,,,,,4.2699999999999996,51.164999999999999,2025-12-31,SSB
2025-12-01 00:00:00,780080400743,80,DW,12,A,01,800,CABLEMASTELECOMUNICACIONESSACV,2008-02-29 00:00:00,6,02,ACTIVO,1,133207,659392,2024-08-20,146,0,,,,,,,,,,,,,,,SSB
2025-12-01 00:00:00,780080405648,80,DW,12,B,01,001,MUNICIPIO DE BENITO JUAREZ    ,2008-03-24 00:00:00, ,5A,ACTIVO,1,2604,9625,2024-10-18,54,0,,,,,,,,,,,,7,2.778,2025-12-31,SSB
2025-12-01 00:00:00,780080405648,80,DW,12,B,01,001,MUNICIPIO DE BENITO JUAREZ    ,2008-03-24 00:00:00, ,5A,ACTIVO,,,,2024-10-18,54,0,,,,,,,,,,,,7,2.778,2025-12-31,SSB
2025-12-01 00:00:00,780080406156,80,DW,12,A,01,800,MUNICIPIO DE BENITO JUAREZ    ,2008-04-14 00:00:00, ,5A,ACTIVO,1,1488,5714,2024-10-18,34,0,,,,,,,,,,,,4,3.7309999999999999,2025-12-31,SSB
2025-12-01 00:00:00,780080406156,80,DW,12,A,01,800,MUNICIPIO DE BENITO JUAREZ    ,2008-04-14 00:00:00, ,5A,ACTIVO,,,,2024-10-18,34,0,,,,,,,,,,,,4,3.7309999999999999,2025-12-31,SSB
2025-12-01 00:00:00,780080501370,80,DW,12,A,01,800,MUNICIPIO DE BENITO JUAREZ    ,2008-04-30 00:00:00, ,5A,ACTIVO,1,1860,9456,2024-10-05,34,0,,,,,,,,,,,,5,1.361,2025-12-31,SSB
2025-12-01 00:00:00,780080501370,80,DW,12,A,01,800,MUNICIPIO DE BENITO JUAREZ    ,2008-04-30 00:00:00, ,5A,ACTIVO,,,,2024-10-05,34,0,,,,,,,,,,,,5,1.361,2025-12-31,SSB
2025-12-01 00:00:00,780080800652,80,DW,12,B,01,001,MUNICIPIO DE BENITO JUAREZ    ,2008-06-25 00:00:00, ,02,ACTIVO,1,2604,12406,2024-12-20,58,0,,,,,,,,,,,,,,,SSB
2025-12-01 00:00:00,780080801390,80,DW,12,B,01,001,MUNICIPIO DE BENITO JUAREZ    ,2008-06-25 00:00:00, ,5A,ACTIVO,1,1116,5692,2024-10-19,8,0,,,,,,,,,,,,,,,SSB
2025-12-01 00:00:00,780080801730,80,DW,12,A,01,800,MUNICIPIO DE BENITO JUAREZ    ,2008-07-25 00:00:00, ,02,ACTIVO,1,1397,6678,2024-12-20,202020,0,,,,,,,,,,,,,,,SSB
2025-12-01 00:00:00,780081102231,80,DW,12,A,01,800,MUNICIPIO DE BENITO JUAREZ    ,2008-11-03 00:00:00, ,5A,ACTIVO,1,241,1268,2024-10-27,24,0,,,,,,,,,,,,0.64800000000000002,15.552,2025-12-31,SSB
2025-12-01 00:00:00,780081102231,80,DW,12,A,01,800,MUNICIPIO DE BENITO JUAREZ    ,2008-11-03 00:00:00, ,5A,ACTIVO,,,,2024-10-27,24,0,,,,,,,,,,,,0.64800000000000002,15.552,2025-12-31,SSB
2025-12-01 00:00:00,780110100821,80,DW,12,A,01,800,MUNICIPIO DE BENITO JUAREZ    ,2011-01-13 00:00:00, ,5A,ACTIVO,,,,2024-10-30,40,0,,,,,,,,,,,,4,3.7000000000000002,2025-12-31,SSB
2025-12-01 00:00:00,780110100821,80,DW,12,A,01,800,MUNICIPIO DE BENITO JUAREZ    ,2011-01-13 00:00:00, ,5A,ACTIVO,1,1488,5714,2024-10-30,40,0,,,,,,,,,,,,4,3.7000000000000002,2025-12-31,SSB
2025-12-01 00:00:00,780110100839,80,DW,12,A,01,800,MUNICIPIO DE BENITO JUAREZ    ,2011-01-13 00:00:00, ,5A,ACTIVO,1,1488,7574,2024-10-20,38,0,,,,,,,,,,,,4,3.3860000000000001,2025-12-31,SSB
2025-12-01 00:00:00,780110100839,80,DW,12,A,01,800,MUNICIPIO DE BENITO JUAREZ    ,2011-01-13 00:00:00, ,5A,ACTIVO,,,,2024-10-20,38,0,,,,,,,,,,,,4,3.3860000000000001,2025-12-31,SSB
2025-12-01 00:00:00,780110702456,80,DW,12,A,05,801,MUNICIPIO PUERTO MORELOS      ,2011-07-21 00:00:00, ,02,ACTIVO,1,1389,6640,2024-07-24,1,0,,,,,,,,,,,,,,,SSB
2025-12-01 00:00:00,780110702464,80,DW,12,A,05,801,MUNICIPIO PUERTO MORELOS      ,2011-07-21 00:00:00, ,02,ACTIVO,1,919,4410,2024-07-24,1,0,,,,,,,,,,,,,,,SSB
2025-12-01 00:00:00,780110702472,80,DW,12,A,05,801,MUNICIPIO PUERTO MORELOS      ,2011-07-21 00:00:00, ,02,ACTIVO,1,1116,5344,2024-07-24,14,0,,,,,,,,,,,,,,,SSB
2025-12-01 00:00:00,780111201922,80,DW,12,A,01,800,MUNICIPIO DE BENITO JUAREZ    ,2011-12-20 00:00:00, ,5A,ACTIVO,1,3832,14007,2024-10-30,132,0,,,,,,,,,,,,10.300000000000001,123.59999999999999,2025-12-31,SSB
2025-12-01 00:00:00,780111201922,80,DW,12,A,01,800,MUNICIPIO DE BENITO JUAREZ    ,2011-12-20 00:00:00, ,5A,ACTIVO,,,,2024-10-30,132,0,,,,,,,,,,,,10.300000000000001,123.59999999999999,2025-12-31,SSB
2025-12-01 00:00:00,780111202074,80,DW,12,A,01,800,MUNICIPIO DE BENITO JUAREZ    ,2011-12-20 00:00:00, ,5A,ACTIVO,,,,2024-10-20,60,0,,,,,,,,,,,,7,9.0809999999999995,2025-12-31,SSB
2025-12-01 00:00:00,780111202074,80,DW,12,A,01,800,MUNICIPIO DE BENITO JUAREZ    ,2011-12-20 00:00:00, ,5A,ACTIVO,1,2604,9625,2024-10-20,60,0,,,,,,,,,,,,7,9.0809999999999995,2025-12-31,SSB
2025-12-01 00:00:00,780111202082,80,DW,12,A,01,800,MUNICIPIO DE BENITO JUAREZ    ,2011-12-19 00:00:00, ,5A,ACTIVO,1,2232,8322,2024-10-18,51,0,,,,,,,,,,,,,,,SSB
2025-12-01 00:00:00,780120101957,80,DW,12,A,01,800,MUNICIPIO DE BENITO JUAREZ    ,2012-01-20 00:00:00, ,5A,ACTIVO,,,,2024-10-20,19,0,,,,,,,,,,,,1,0.94999999999999996,2025-12-31,SSB
2025-12-01 00:00:00,780120101957,80,DW,12,A,01,800,MUNICIPIO DE BENITO JUAREZ    ,2012-01-20 00:00:00, ,5A,ACTIVO,1,372,1803,2024-10-20,19,0,,,,,,,,,,,,1,0.94999999999999996,2025-12-31,SSB
2025-12-01 00:00:00,780120202656,80,DW,12,A,01,800,MUNICIPIO DE BENITO JUAREZ    ,2012-02-22 00:00:00, ,02,ACTIVO,1,2601,12391,,,0,,,,,,,,,,,,,,,GSC
2025-12-01 00:00:00,780131200043,80,DW,12,A,01,800,MUNICIPIO DE BENITO JUAREZ    ,2014-01-02 00:00:00, ,5A,ACTIVO,1,893,4565,2024-10-30,32,0,,,,,,,,,,,,2.3999999999999999,28.800000000000001,2025-12-31,SSB
2025-12-01 00:00:00,780131200043,80,DW,12,A,01,800,MUNICIPIO DE BENITO JUAREZ    ,2014-01-02 00:00:00, ,5A,ACTIVO,,,,2024-10-30,32,0,,,,,,,,,,,,2.3999999999999999,28.800000000000001,2025-12-31,SSB
2025-12-01 00:00:00,780131200051,80,DW,12,A,01,800,MUNICIPIO DE BENITO JUAREZ    ,2014-01-02 00:00:00, ,5A,ACTIVO,,,,2024-10-19,21,0,,,,,,,,,,,,2,1.196,2025-12-31,SSB
2025-12-01 00:00:00,780131200051,80,DW,12,A,01,800,MUNICIPIO DE BENITO JUAREZ    ,2014-01-02 00:00:00, ,5A,ACTIVO,1,744,3812,2024-10-19,21,0,,,,,,,,,,,,2,1.196,2025-12-31,SSB
2025-12-01 00:00:00,780141001898,80,DW,12,A,01,800,MUNICIPIO DE BENITO JUAREZ    ,2014-10-17 00:00:00, ,5A,ACTIVO,1,90,504,2024-10-30,27,0,,,,,,,,,,,,0.24299999999999999,5.8319999999999999,2025-12-31,SSB
2025-12-01 00:00:00,780141001898,80,DW,12,A,01,800,MUNICIPIO DE BENITO JUAREZ    ,2014-10-17 00:00:00, ,5A,ACTIVO,,,,2024-10-30,27,0,,,,,,,,,,,,0.24299999999999999,5.8319999999999999,2025-12-31,SSB
2025-12-01 00:00:00,780141100683,80,DW,12,A,01,800,CABLEMASTELECOMUNICACIONESSACV,2014-11-06 00:00:00,6,02,ACTIVO,1,56,328,2024-08-23,118,0,,,,,,,,,,,,,,,SSB
2025-12-01 00:00:00,780141201081,80,DW,12,A,05,801,MUNICIPIO PUERTO MORELOS      ,2014-12-10 00:00:00, ,5A,ACTIVO,,,,2024-10-27,2,0,,,,,,,,,,,,10,4.375,2025-12-31,SSB
2025-12-01 00:00:00,780141201081,80,DW,12,A,05,801,MUNICIPIO PUERTO MORELOS      ,2014-12-10 00:00:00, ,5A,ACTIVO,1,3720,13536,2024-10-27,2,0,,,,,,,,,,,,10,4.375,2025-12-31,SSB
2025-12-01 00:00:00,780160301142,80,DW,12,A,01,800,MUNICIPIO DE BENITO JUAREZ    ,2016-03-11 00:00:00, ,5A,ACTIVO,1,744,3811,2024-10-18,31,0,,,,,,,,,,,,,,,SSB
2025-12-01 00:00:00,780080406377,80,DW,12,A,05,801,MUNICIPIO PUERTO MORELOS      ,2008-04-14 00:00:00, ,5A,ACTIVO,1,4836,24506,2024-10-27,60,0,,,,,,,,,,,,13,9.375,2025-12-31,SSB
2025-12-01 00:00:00,780080406377,80,DW,12,A,05,801,MUNICIPIO PUERTO MORELOS      ,2008-04-14 00:00:00, ,5A,ACTIVO,,,,2024-10-27,60,0,,,,,,,,,,,,13,9.375,2025-12-31,SSB
2025-12-01 00:00:00,780080406300,80,DW,12,A,05,801,MUNICIPIO PUERTO MORELOS      ,2008-04-14 00:00:00, ,5A,ACTIVO,1,3441,17451,2024-10-27,48,0,,,,,,,,,,,,9.25,8.125,2025-12-31,SSB
2025-12-01 00:00:00,780080406300,80,DW,12,A,05,801,MUNICIPIO PUERTO MORELOS      ,2008-04-14 00:00:00, ,5A,ACTIVO,,,,2024-10-27,48,0,,,,,,,,,,,,9.25,8.125,2025-12-31,SSB
2025-12-01 00:00:00,780080406237,80,DW,12,A,05,801,MUNICIPIO PUERTO MORELOS      ,2008-04-14 00:00:00, ,5A,ACTIVO,1,4836,24506,2024-10-27,64,0,,,,,,,,,,,,13,9.375,2025-12-31,SSB
2025-12-01 00:00:00,780080406237,80,DW,12,A,05,801,MUNICIPIO PUERTO MORELOS      ,2008-04-14 00:00:00, ,5A,ACTIVO,,,,2024-10-27,64,0,,,,,,,,,,,,13,9.375,2025-12-31,SSB
2025-12-01 00:00:00,780050300825,80,DW,12,C,01,001,MUNICIPIO DE BENITO JUAREZ    ,2005-02-07 00:00:00, ,5A,ACTIVO,1,1116,4410,2024-10-09,38,0,,,,,,,,,,,,3,2.0209999999999999,2025-12-31,SSB
2025-12-01 00:00:00,780050300825,80,DW,12,C,01,001,MUNICIPIO DE BENITO JUAREZ    ,2005-02-07 00:00:00, ,5A,ACTIVO,,,,2024-10-09,38,0,,,,,,,,,,,,3,2.0209999999999999,2025-12-31,SSB
2025-12-01 00:00:00,780040302552,80,DW,12,A,01,800,MUNICIPIO DE BENITO JUAREZ    ,2004-03-04 00:00:00, ,5A,ACTIVO,1,744,3107,2024-10-19,13,0,,,,,,,,,,,,,,,SSB
2025-12-01 00:00:00,780170503681,80,DW,12,A,05,801,MUNICIPIO DE PUERTO MORELOS   ,2017-05-24 00:00:00, ,02,ACTIVO,1,1116,5344,2024-07-24,1,0,,,,,,,,,,,,,,,SSB
2025-12-01 00:00:00,780170700622,80,DW,12,A,01,800,MUNICIPIO DE BENITO JUAREZ    ,2017-07-07 00:00:00, ,5A,ACTIVO,1,1860,7018,2024-10-14,42,0,,,,,,,,,,,,5,3.2999999999999998,2025-12-31,SSB
2025-12-01 00:00:00,780170700622,80,DW,12,A,01,800,MUNICIPIO DE BENITO JUAREZ    ,2017-07-07 00:00:00, ,5A,ACTIVO,,,,2024-10-14,42,0,,,,,,,,,,,,5,3.2999999999999998,2025-12-31,SSB
2025-12-01 00:00:00,780180301688,80,DW,12,A,01,800,MUNICIPIO DE BENITO JUAREZ    ,2018-03-16 00:00:00, ,5A,ACTIVO,,,,2024-10-04,47,0,,,,,,,,,,,,2,1.9370000000000001,2025-12-31,SSB
2025-12-01 00:00:00,780180301688,80,DW,12,A,01,800,MUNICIPIO DE BENITO JUAREZ    ,2018-03-16 00:00:00, ,5A,ACTIVO,1,744,3106,2024-10-04,47,0,,,,,,,,,,,,2,1.9370000000000001,2025-12-31,SSB
2025-12-01 00:00:00,780180802288,80,DW,12,A,01,800,MUNICIPIO DE BENITO JUAREZ    ,2018-08-17 00:00:00, ,5A,ACTIVO,1,2232,8321,2024-10-18,12,0,,,,,,,,,,,,,,,SSB
2025-12-01 00:00:00,780181200605,80,DW,12,A,01,800,MUNICIPIO DE BENITO JUAREZ    ,2018-12-06 00:00:00, ,5A,ACTIVO,1,4092,14840,2024-10-20,63,0,,,,,,,,,,,,11,3.1499999999999999,2025-12-31,SSB
2025-12-01 00:00:00,780181200605,80,DW,12,A,01,800,MUNICIPIO DE BENITO JUAREZ    ,2018-12-06 00:00:00, ,5A,ACTIVO,,,,2024-10-20,63,0,,,,,,,,,,,,11,3.1499999999999999,2025-12-31,SSB
2025-12-01 00:00:00,780190703156,80,DW,12,A,01,800,RED NACIONAL ULTIMA MILLA     ,2019-05-20 00:00:00,6,02,ACTIVO,1,5134,25463,,,0,,,,,,,,,,,,,,,GSC
2025-12-01 00:00:00,780190703164,80,DW,12,C,01,001,RED NACIONAL ULTIMA MILLA     ,2019-02-28 00:00:00,6,02,ACTIVO,1,7952,39412,,,0,,,,,,,,,,,,,,,GSC
2025-12-01 00:00:00,780191002721,80,DW,12,C,01,001,RED NACIONAL ULTIMA MILLA     ,2019-09-15 00:00:00,6,02,ACTIVO,1,210,1091,,,0,,,,,,,,,,,,,,,GSC
2025-12-01 00:00:00,780200802450,80,DW,12,A,01,800,GOBIERNO DEL ESTADO Q ROO     ,2020-07-31 00:00:00,0,02,ACTIVO,1,48440,239817,2024-10-15,2210,0,,,,,,,,,,,,,,,SSB
2025-12-01 00:00:00,780221000787,80,DW,12,A,01,800,MUNICIPIO DE BENITO JUAREZ    ,2022-10-07 00:00:00, ,5A,ACTIVO,1,3720,13536,2024-10-19,100,0,,,,,,,,,,,,,,,SSB
2025-12-01 00:00:00,780221200948,64,DW,12,C,01,640,SERV EDUCATIVOS DE QROO       ,2022-11-03 00:00:00, ,02,ACTIVO,1,4205,21628,2024-10-30,202020,0,,,,,,,,,,,,,,,SSB
2025-12-01 00:00:00,780750400111,80,DW,12,A,05,801,MUNICIPIO PUERTO MORELOS      ,1975-04-01 00:00:00, ,5A,ACTIVO,1,18600,94114,2024-10-01,140,0,,,,,,,,,,,,50,17.5,2025-12-31,SSB
2025-12-01 00:00:00,780750400111,80,DW,12,A,05,801,MUNICIPIO PUERTO MORELOS      ,1975-04-01 00:00:00, ,5A,ACTIVO,,,,2024-10-01,140,0,,,,,,,,,,,,50,17.5,2025-12-31,SSB
2025-12-01 00:00:00,780790300471,80,DW,12,A,05,801,MUNICIPIO PUERTO MORELOS      ,1979-03-30 00:00:00, ,5A,ACTIVO,,,,2024-10-29,361,0,,,,,,,,,,,,67,44.170000000000002,2025-12-31,SSB
2025-12-01 00:00:00,780790300471,80,DW,12,A,05,801,MUNICIPIO PUERTO MORELOS      ,1979-03-30 00:00:00, ,5A,ACTIVO,1,24924,126096,2024-10-29,361,0,,,,,,,,,,,,67,44.170000000000002,2025-12-31,SSB
2025-12-01 00:00:00,780850100905,80,DW,12,A,05,801,MUNICIPIO PUERTO MORELOS      ,1985-01-31 00:00:00, ,5A,ACTIVO,,,,2024-10-01,91,0,,,,,,,,,,,,42,12.32,2025-12-31,SSB
2025-12-01 00:00:00,780850100905,80,DW,12,A,05,801,MUNICIPIO PUERTO MORELOS      ,1985-01-31 00:00:00, ,5A,ACTIVO,1,15624,79063,2024-10-01,91,0,,,,,,,,,,,,42,12.32,2025-12-31,SSB
2025-12-01 00:00:00,780891102343,80,DW,12,A,05,801,MUNICIPIO PUERTO MORELOS      ,1989-11-07 00:00:00, ,5A,ACTIVO,,,,2024-10-24,55,0,,,,,,,,,,,,7,100.938,2025-12-31,SSB
2025-12-01 00:00:00,780891102343,80,DW,12,A,05,801,MUNICIPIO PUERTO MORELOS      ,1989-11-07 00:00:00, ,5A,ACTIVO,1,2604,9625,2024-10-24,55,0,,,,,,,,,,,,7,100.938,2025-12-31,SSB
2025-12-01 00:00:00,780891201554,80,DW,12,A,05,801,MUNICIPIO PUERTO MORELOS      ,1989-12-15 00:00:00, ,5A,ACTIVO,,,,2024-10-01,60,0,,,,,,,,,,,,21,12.32,2025-12-31,SSB
2025-12-01 00:00:00,780891201554,80,DW,12,A,05,801,MUNICIPIO PUERTO MORELOS      ,1989-12-15 00:00:00, ,5A,ACTIVO,1,7812,39556,2024-10-01,60,0,,,,,,,,,,,,21,12.32,2025-12-31,SSB
2025-12-01 00:00:00,780900301605,80,DW,12,C,01,001,MUNICIPIO DE BENITO JUAREZ    ,1990-03-08 00:00:00, ,5A,ACTIVO,1,1917,9744,2024-10-01,107,0,,,,,,,,,,,,5.1520000000000001,61.82,2025-12-31,SSB
2025-12-01 00:00:00,780900301605,80,DW,12,C,01,001,MUNICIPIO DE BENITO JUAREZ    ,1990-03-08 00:00:00, ,5A,ACTIVO,,,,2024-10-01,107,0,,,,,,,,,,,,5.1520000000000001,61.82,2025-12-31,SSB
2025-12-01 00:00:00,780901100841,80,DW,12,C,01,001,MUNICIPIO DE BENITO JUAREZ    ,1990-11-12 00:00:00, ,5A,ACTIVO,,,,2024-10-01,8,0,,,,,,,,,,,,0.34399999999999997,4.1299999999999999,2025-12-31,SSB
2025-12-01 00:00:00,780901100841,80,DW,12,C,01,001,MUNICIPIO DE BENITO JUAREZ    ,1990-11-12 00:00:00, ,5A,ACTIVO,1,128,696,2024-10-01,8,0,,,,,,,,,,,,0.34399999999999997,4.1299999999999999,2025-12-31,SSB
2025-12-01 00:00:00,780901201621,80,DW,12,D,01,001,MUNICIPIO DE BENITO JUAREZ    ,1990-12-18 00:00:00, ,5A,ACTIVO,,,,2024-10-08,180,0,,,,,,,,,,,,13,136.80000000000001,2025-12-31,SSB
2025-12-01 00:00:00,780901201621,80,DW,12,D,01,001,MUNICIPIO DE BENITO JUAREZ    ,1990-12-18 00:00:00, ,5A,ACTIVO,1,4836,24506,2024-10-08,180,0,,,,,,,,,,,,13,136.80000000000001,2025-12-31,SSB
2025-12-01 00:00:00,780910400407,80,DW,12,B,01,001,MUNICIPIO DE BENITO JUAREZ    ,1991-04-15 00:00:00, ,5A,ACTIVO,,,,2024-10-27,69,0,,,,,,,,,,,,0.621,14.904,2025-12-31,SSB
2025-12-01 00:00:00,780910400407,80,DW,12,B,01,001,MUNICIPIO DE BENITO JUAREZ    ,1991-04-15 00:00:00, ,5A,ACTIVO,1,231,1350,2024-10-27,69,0,,,,,,,,,,,,0.621,14.904,2025-12-31,SSB
2025-12-01 00:00:00,780910400903,80,DW,12,A,01,800,MUNICIPIO DE BENITO JUAREZ    ,1991-04-15 00:00:00, ,5A,ACTIVO,1,5392,27318,2024-10-27,323,0,,,,,,,,,,,,14.494999999999999,347.86799999999999,2025-12-31,SSB
2025-12-01 00:00:00,780910400903,80,DW,12,A,01,800,MUNICIPIO DE BENITO JUAREZ    ,1991-04-15 00:00:00, ,5A,ACTIVO,,,,2024-10-27,323,0,,,,,,,,,,,,14.494999999999999,347.86799999999999,2025-12-31,SSB
2025-12-01 00:00:00,780920800977,80,DW,12,C,01,001,MUNICIPIO DE BENITO JUAREZ    ,1992-08-05 00:00:00, ,5A,ACTIVO,,,,2024-10-08,35,0,,,,,,,,,,,,2,22.800000000000001,2025-12-31,SSB
2025-12-01 00:00:00,780920800977,80,DW,12,C,01,001,MUNICIPIO DE BENITO JUAREZ    ,1992-08-05 00:00:00, ,5A,ACTIVO,1,744,3811,2024-10-08,35,0,,,,,,,,,,,,2,22.800000000000001,2025-12-31,SSB
2025-12-01 00:00:00,780921000664,80,DW,12,A,01,800,MUNICIPIO DE BENITO JUAREZ    ,1992-10-31 00:00:00, ,5A,ACTIVO,,,,2024-10-18,189,0,,,,,,,,,,,,19,10.064,2025-12-31,SSB
2025-12-01 00:00:00,780921000664,80,DW,12,A,01,800,MUNICIPIO DE BENITO JUAREZ    ,1992-10-31 00:00:00, ,5A,ACTIVO,1,7068,35793,2024-10-18,189,0,,,,,,,,,,,,19,10.064,2025-12-31,SSB
2025-12-01 00:00:00,780921000672,80,DW,12,A,01,800,MUNICIPIO DE BENITO JUAREZ    ,1992-10-31 00:00:00, ,5A,ACTIVO,,,,2024-10-25,176,0,,,,,,,,,,,,2.27,54.479999999999997,2025-12-31,SSB
2025-12-01 00:00:00,780921000672,80,DW,12,A,01,800,MUNICIPIO DE BENITO JUAREZ    ,1992-10-31 00:00:00, ,5A,ACTIVO,1,844,4317,2024-10-25,176,0,,,,,,,,,,,,2.27,54.479999999999997,2025-12-31,SSB
2025-12-01 00:00:00,780921000681,80,DW,12,A,01,800,MUNICIPIO DE BENITO JUAREZ    ,1992-10-31 00:00:00, ,5A,ACTIVO,1,2976,15099,2024-10-18,161,0,,,,,,,,,,,,,,,SSB
2025-12-01 00:00:00,780921000702,80,DW,12,A,01,800,MUNICIPIO DE BENITO JUAREZ    ,1992-10-31 00:00:00, ,5A,ACTIVO,1,2418,12277,2024-10-30,74,0,,,,,,,,,,,,6.5,78,2025-12-31,SSB
2025-12-01 00:00:00,780921000702,80,DW,12,A,01,800,MUNICIPIO DE BENITO JUAREZ    ,1992-10-31 00:00:00, ,5A,ACTIVO,,,,2024-10-30,74,0,,,,,,,,,,,,6.5,78,2025-12-31,SSB
2025-12-01 00:00:00,780921000729,80,DW,12,A,01,800,MUNICIPIO DE BENITO JUAREZ    ,1992-10-31 00:00:00, ,5A,ACTIVO,,,,2024-10-30,128,0,,,,,,,,,,,,8.9109999999999996,106.93000000000001,2025-12-31,SSB
2025-12-01 00:00:00,780921000729,80,DW,12,A,01,800,MUNICIPIO DE BENITO JUAREZ    ,1992-10-31 00:00:00, ,5A,ACTIVO,1,3315,16814,2024-10-30,128,0,,,,,,,,,,,,8.9109999999999996,106.93000000000001,2025-12-31,SSB
2025-12-01 00:00:00,780921000737,80,DW,12,A,01,800,MUNICIPIO DE BENITO JUAREZ    ,1992-10-31 00:00:00, ,5A,ACTIVO,1,2768,14047,2024-10-30,99,0,,,,,,,,,,,,7.4420000000000002,89.299999999999997,2025-12-31,SSB
2025-12-01 00:00:00,780921000737,80,DW,12,A,01,800,MUNICIPIO DE BENITO JUAREZ    ,1992-10-31 00:00:00, ,5A,ACTIVO,,,,2024-10-30,99,0,,,,,,,,,,,,7.4420000000000002,89.299999999999997,2025-12-31,SSB
2025-12-01 00:00:00,780921000745,80,DW,12,A,01,800,MUNICIPIO DE BENITO JUAREZ    ,1992-10-31 00:00:00, ,5A,ACTIVO,,,,2024-10-30,128,0,,,,,,,,,,,,13.898,166.78,2025-12-31,SSB
2025-12-01 00:00:00,780921000745,80,DW,12,A,01,800,MUNICIPIO DE BENITO JUAREZ    ,1992-10-31 00:00:00, ,5A,ACTIVO,1,5170,26195,2024-10-30,128,0,,,,,,,,,,,,13.898,166.78,2025-12-31,SSB
2025-12-01 00:00:00,780921000753,80,DW,12,A,01,800,MUNICIPIO DE BENITO JUAREZ    ,1992-10-31 00:00:00, ,5A,ACTIVO,,,,2024-10-30,121,0,,,,,,,,,,,,8.3480000000000008,100.18000000000001,2025-12-31,SSB
2025-12-01 00:00:00,780921000753,80,DW,12,A,01,800,MUNICIPIO DE BENITO JUAREZ    ,1992-10-31 00:00:00, ,5A,ACTIVO,1,3105,15752,2024-10-30,121,0,,,,,,,,,,,,8.3480000000000008,100.18000000000001,2025-12-31,SSB
2025-12-01 00:00:00,780921000761,80,DW,12,A,01,800,MUNICIPIO DE BENITO JUAREZ    ,1992-10-31 00:00:00, ,5A,ACTIVO,,,,2024-10-30,130,0,,,,,,,,,,,,7.8739999999999997,94.489999999999995,2025-12-31,SSB
2025-12-01 00:00:00,780921000761,80,DW,12,A,01,800,MUNICIPIO DE BENITO JUAREZ    ,1992-10-31 00:00:00, ,5A,ACTIVO,1,2929,14862,2024-10-30,130,0,,,,,,,,,,,,7.8739999999999997,94.489999999999995,2025-12-31,SSB
2025-12-01 00:00:00,780921000770,80,DW,12,A,01,800,MUNICIPIO DE BENITO JUAREZ    ,1992-10-31 00:00:00, ,5A,ACTIVO,1,1116,5693,2024-10-18,51,0,,,,,,,,,,,,3,2.3069999999999999,2025-12-31,SSB
2025-12-01 00:00:00,780921000770,80,DW,12,A,01,800,MUNICIPIO DE BENITO JUAREZ    ,1992-10-31 00:00:00, ,5A,ACTIVO,,,,2024-10-18,51,0,,,,,,,,,,,,3,2.3069999999999999,2025-12-31,SSB
2025-12-01 00:00:00,780921000788,80,DW,12,A,01,800,MUNICIPIO DE BENITO JUAREZ    ,1992-10-31 00:00:00, ,5A,ACTIVO,,,,2024-11-30,114,0,,,,,,,,,,,,7.8280000000000003,93.939999999999998,2025-12-31,SSB
2025-12-01 00:00:00,780921000788,80,DW,12,A,01,800,MUNICIPIO DE BENITO JUAREZ    ,1992-10-31 00:00:00, ,5A,ACTIVO,1,2912,14775,2024-11-30,114,0,,,,,,,,,,,,7.8280000000000003,93.939999999999998,2025-12-31,SSB
2025-12-01 00:00:00,780921000796,80,DW,12,A,01,800,MUNICIPIO DE BENITO JUAREZ    ,1992-10-31 00:00:00, ,5A,ACTIVO,,,,2024-10-30,165,0,,,,,,,,,,,,13.676,164.11000000000001,2025-12-31,SSB
2025-12-01 00:00:00,780921000796,80,DW,12,A,01,800,MUNICIPIO DE BENITO JUAREZ    ,1992-10-31 00:00:00, ,5A,ACTIVO,1,5087,25775,2024-10-30,165,0,,,,,,,,,,,,13.676,164.11000000000001,2025-12-31,SSB
2025-12-01 00:00:00,780921000800,80,DW,12,A,01,800,MUNICIPIO DE BENITO JUAREZ    ,1992-10-31 00:00:00, ,5A,ACTIVO,,,,2024-10-30,192,0,,,,,,,,,,,,14.093,169.12,2025-12-31,SSB
2025-12-01 00:00:00,780921000800,80,DW,12,A,01,800,MUNICIPIO DE BENITO JUAREZ    ,1992-10-31 00:00:00, ,5A,ACTIVO,1,5243,26564,2024-10-30,192,0,,,,,,,,,,,,14.093,169.12,2025-12-31,SSB
2025-12-01 00:00:00,780921000818,80,DW,12,A,01,800,MUNICIPIO DE BENITO JUAREZ    ,1992-10-31 00:00:00, ,5A,ACTIVO,1,4281,21699,2024-10-30,167,0,,,,,,,,,,,,11.509,138.11000000000001,2025-12-31,SSB
2025-12-01 00:00:00,780921000818,80,DW,12,A,01,800,MUNICIPIO DE BENITO JUAREZ    ,1992-10-31 00:00:00, ,5A,ACTIVO,,,,2024-10-30,167,0,,,,,,,,,,,,11.509,138.11000000000001,2025-12-31,SSB
2025-12-01 00:00:00,780921000826,80,DW,12,A,01,800,MUNICIPIO DE BENITO JUAREZ    ,1992-10-31 00:00:00, ,5A,ACTIVO,,,,2024-10-30,201,0,,,,,,,,,,,,15.015000000000001,180.18000000000001,2025-12-31,SSB
2025-12-01 00:00:00,780921000826,80,DW,12,A,01,800,MUNICIPIO DE BENITO JUAREZ    ,1992-10-31 00:00:00, ,5A,ACTIVO,1,5586,28299,2024-10-30,201,0,,,,,,,,,,,,15.015000000000001,180.18000000000001,2025-12-31,SSB
2025-12-01 00:00:00,780921000834,80,DW,12,A,01,800,MUNICIPIO DE BENITO JUAREZ    ,1992-10-31 00:00:00, ,5A,ACTIVO,,,,2024-10-30,182,0,,,,,,,,,,,,13.471,161.65000000000001,2025-12-31,SSB
2025-12-01 00:00:00,780921000834,80,DW,12,A,01,800,MUNICIPIO DE BENITO JUAREZ    ,1992-10-31 00:00:00, ,5A,ACTIVO,1,5011,25390,2024-10-30,182,0,,,,,,,,,,,,13.471,161.65000000000001,2025-12-31,SSB
2025-12-01 00:00:00,780921000851,80,DW,12,C,01,001,MUNICIPIO DE BENITO JUAREZ    ,1992-10-31 00:00:00, ,5A,ACTIVO,1,4328,21937,2024-10-01,126,0,,,,,,,,,,,,11.634,139.61000000000001,2025-12-31,SSB
2025-12-01 00:00:00,780921000851,80,DW,12,C,01,001,MUNICIPIO DE BENITO JUAREZ    ,1992-10-31 00:00:00, ,5A,ACTIVO,,,,2024-10-01,126,0,,,,,,,,,,,,11.634,139.61000000000001,2025-12-31,SSB
2025-12-01 00:00:00,780921000869,80,DW,12,C,01,001,MUNICIPIO DE BENITO JUAREZ    ,1992-10-31 00:00:00, ,5A,ACTIVO,,,,2024-10-01,118,0,,,,,,,,,,,,8.6110000000000007,103.33,2025-12-31,SSB
2025-12-01 00:00:00,780921000869,80,DW,12,C,01,001,MUNICIPIO DE BENITO JUAREZ    ,1992-10-31 00:00:00, ,5A,ACTIVO,1,3203,16247,2024-10-01,118,0,,,,,,,,,,,,8.6110000000000007,103.33,2025-12-31,SSB
2025-12-01 00:00:00,780921000877,80,DW,12,C,01,001,MUNICIPIO DE BENITO JUAREZ    ,1992-10-31 00:00:00, ,5A,ACTIVO,1,2981,15125,2024-10-01,112,0,,,,,,,,,,,,8.0129999999999999,96.159999999999997,2025-12-31,SSB
2025-12-01 00:00:00,780921000877,80,DW,12,C,01,001,MUNICIPIO DE BENITO JUAREZ    ,1992-10-31 00:00:00, ,5A,ACTIVO,,,,2024-10-01,112,0,,,,,,,,,,,,8.0129999999999999,96.159999999999997,2025-12-31,SSB
2025-12-01 00:00:00,780921000885,80,DW,12,C,01,001,MUNICIPIO DE BENITO JUAREZ    ,1992-10-31 00:00:00, ,5A,ACTIVO,,,,2024-10-18,93,0,,,,,,,,,,,,7,6.7889999999999997,2025-12-31,SSB
2025-12-01 00:00:00,780921000885,80,DW,12,C,01,001,MUNICIPIO DE BENITO JUAREZ    ,1992-10-31 00:00:00, ,5A,ACTIVO,1,2604,13218,2024-10-18,93,0,,,,,,,,,,,,7,6.7889999999999997,2025-12-31,SSB
2025-12-01 00:00:00,780921000893,80,DW,12,C,01,001,MUNICIPIO DE BENITO JUAREZ    ,1992-10-31 00:00:00, ,5A,ACTIVO,1,3824,19388,2024-10-01,150,0,,,,,,,,,,,,10.279,123.34999999999999,2025-12-31,SSB
2025-12-01 00:00:00,780921000893,80,DW,12,C,01,001,MUNICIPIO DE BENITO JUAREZ    ,1992-10-31 00:00:00, ,5A,ACTIVO,,,,2024-10-01,150,0,,,,,,,,,,,,10.279,123.34999999999999,2025-12-31,SSB
2025-12-01 00:00:00,780921000907,80,DW,12,C,01,001,MUNICIPIO DE BENITO JUAREZ    ,1992-10-31 00:00:00, ,5A,ACTIVO,,,,2024-10-26,144,0,,,,,,,,,,,,13.529999999999999,79.879999999999995,2025-12-31,SSB
2025-12-01 00:00:00,780921000907,80,DW,12,C,01,001,MUNICIPIO DE BENITO JUAREZ    ,1992-10-31 00:00:00, ,5A,ACTIVO,1,5033,25502,2024-10-26,144,0,,,,,,,,,,,,13.529999999999999,79.879999999999995,2025-12-31,SSB
2025-12-01 00:00:00,780921000915,80,DW,12,C,01,001,MUNICIPIO DE BENITO JUAREZ    ,1992-10-31 00:00:00, ,5A,ACTIVO,1,1860,9455,2024-10-10,126,0,,,,,,,,,,,,5,5.0439999999999996,2025-12-31,SSB
2025-12-01 00:00:00,780921000915,80,DW,12,C,01,001,MUNICIPIO DE BENITO JUAREZ    ,1992-10-31 00:00:00, ,5A,ACTIVO,,,,2024-10-10,126,0,,,,,,,,,,,,5,5.0439999999999996,2025-12-31,SSB
2025-12-01 00:00:00,780921000923,80,DW,12,C,01,001,MUNICIPIO DE BENITO JUAREZ    ,1992-10-31 00:00:00, ,5A,ACTIVO,,,,2024-10-10,153,0,,,,,,,,,,,,8,129.601,2025-12-31,SSB
2025-12-01 00:00:00,780921000923,80,DW,12,C,01,001,MUNICIPIO DE BENITO JUAREZ    ,1992-10-31 00:00:00, ,5A,ACTIVO,1,2976,15100,2024-10-10,153,0,,,,,,,,,,,,8,129.601,2025-12-31,SSB
2025-12-01 00:00:00,780921000931,80,DW,12,C,01,001,MUNICIPIO DE BENITO JUAREZ    ,1992-10-31 00:00:00, ,5A,ACTIVO,1,5208,26387,2024-10-10,184,0,,,,,,,,,,,,14,118.8,2025-12-31,SSB
2025-12-01 00:00:00,780921000931,80,DW,12,C,01,001,MUNICIPIO DE BENITO JUAREZ    ,1992-10-31 00:00:00, ,5A,ACTIVO,,,,2024-10-10,184,0,,,,,,,,,,,,14,118.8,2025-12-31,SSB
2025-12-01 00:00:00,780921000940,80,DW,12,C,01,001,MUNICIPIO DE BENITO JUAREZ    ,1992-10-31 00:00:00, ,5A,ACTIVO,,,,2024-10-10,97,0,,,,,,,,,,,,5,55.200000000000003,2025-12-31,SSB
2025-12-01 00:00:00,780921000940,80,DW,12,C,01,001,MUNICIPIO DE BENITO JUAREZ    ,1992-10-31 00:00:00, ,5A,ACTIVO,1,1860,9455,2024-10-10,97,0,,,,,,,,,,,,5,55.200000000000003,2025-12-31,SSB
2025-12-01 00:00:00,780921000958,80,DW,12,C,01,001,MUNICIPIO DE BENITO JUAREZ    ,1992-10-31 00:00:00, ,5A,ACTIVO,,,,2024-10-10,81,0,,,,,,,,,,,,6,52.799999999999997,2025-12-31,SSB
2025-12-01 00:00:00,780921000958,80,DW,12,C,01,001,MUNICIPIO DE BENITO JUAREZ    ,1992-10-31 00:00:00, ,5A,ACTIVO,1,2232,11336,2024-10-10,81,0,,,,,,,,,,,,6,52.799999999999997,2025-12-31,SSB
2025-12-01 00:00:00,780921000966,80,DW,12,C,01,001,MUNICIPIO DE BENITO JUAREZ    ,1992-10-31 00:00:00, ,5A,ACTIVO,1,1860,9455,2024-10-10,87,0,,,,,,,,,,,,5,55.200000000000003,2025-12-31,SSB
2025-12-01 00:00:00,780921000966,80,DW,12,C,01,001,MUNICIPIO DE BENITO JUAREZ    ,1992-10-31 00:00:00, ,5A,ACTIVO,,,,2024-10-10,87,0,,,,,,,,,,,,5,55.200000000000003,2025-12-31,SSB
2025-12-01 00:00:00,780921000974,80,DW,12,A,01,800,MUNICIPIO DE BENITO JUAREZ    ,1992-10-31 00:00:00, ,5A,ACTIVO,1,5208,26387,2024-10-18,166,0,,,,,,,,,,,,14,13.542999999999999,2025-12-31,SSB
2025-12-01 00:00:00,780921000974,80,DW,12,A,01,800,MUNICIPIO DE BENITO JUAREZ    ,1992-10-31 00:00:00, ,5A,ACTIVO,,,,2024-10-18,166,0,,,,,,,,,,,,14,13.542999999999999,2025-12-31,SSB
2025-12-01 00:00:00,780921000982,80,DW,12,A,01,800,MUNICIPIO DE BENITO JUAREZ    ,1992-10-31 00:00:00, ,5A,ACTIVO,,,,2024-10-01,330,0,,,,,,,,,,,,15,17.399999999999999,2025-12-31,SSB
2025-12-01 00:00:00,780921000982,80,DW,12,A,01,800,MUNICIPIO DE BENITO JUAREZ    ,1992-10-31 00:00:00, ,5A,ACTIVO,1,5580,28269,2024-10-01,330,0,,,,,,,,,,,,15,17.399999999999999,2025-12-31,SSB
2025-12-01 00:00:00,780921000991,80,DW,12,A,01,800,MUNICIPIO DE BENITO JUAREZ    ,1992-10-31 00:00:00, ,5A,ACTIVO,1,1860,9456,2024-10-01,75,0,,,,,,,,,,,,5,4.2000000000000002,2025-12-31,SSB
2025-12-01 00:00:00,780921000991,80,DW,12,A,01,800,MUNICIPIO DE BENITO JUAREZ    ,1992-10-31 00:00:00, ,5A,ACTIVO,,,,2024-10-01,75,0,,,,,,,,,,,,5,4.2000000000000002,2025-12-31,SSB
2025-12-01 00:00:00,780921001008,80,DW,12,A,01,800,MUNICIPIO DE BENITO JUAREZ    ,1992-10-31 00:00:00, ,5A,ACTIVO,,,,2024-10-01,73,0,,,,,,,,,,,,7,4.0999999999999996,2025-12-31,SSB
2025-12-01 00:00:00,780921001008,80,DW,12,A,01,800,MUNICIPIO DE BENITO JUAREZ    ,1992-10-31 00:00:00, ,5A,ACTIVO,1,2604,13218,2024-10-01,73,0,,,,,,,,,,,,7,4.0999999999999996,2025-12-31,SSB
2025-12-01 00:00:00,780921001016,80,DW,12,B,01,001,MUNICIPIO DE BENITO JUAREZ    ,1992-10-31 00:00:00, ,5A,ACTIVO,1,3348,16980,2024-10-01,96,0,,,,,,,,,,,,9,8.2149999999999999,2025-12-31,SSB
2025-12-01 00:00:00,780921001016,80,DW,12,B,01,001,MUNICIPIO DE BENITO JUAREZ    ,1992-10-31 00:00:00, ,5A,ACTIVO,,,,2024-10-01,96,0,,,,,,,,,,,,9,8.2149999999999999,2025-12-31,SSB
2025-12-01 00:00:00,780921001024,80,DW,12,A,01,800,MUNICIPIO DE BENITO JUAREZ    ,1992-10-31 00:00:00, ,5A,ACTIVO,1,2232,11337,2024-10-01,74,0,,,,,,,,,,,,6,2.1000000000000001,2025-12-31,SSB
2025-12-01 00:00:00,780921001024,80,DW,12,A,01,800,MUNICIPIO DE BENITO JUAREZ    ,1992-10-31 00:00:00, ,5A,ACTIVO,,,,2024-10-01,74,0,,,,,,,,,,,,6,2.1000000000000001,2025-12-31,SSB
2025-12-01 00:00:00,780921001032,80,DW,12,A,01,800,MUNICIPIO DE BENITO JUAREZ    ,1992-10-31 00:00:00, ,5A,ACTIVO,,,,2024-10-01,18,0,,,,,,,,,,,,3,18,2025-12-31,SSB
2025-12-01 00:00:00,780921001032,80,DW,12,A,01,800,MUNICIPIO DE BENITO JUAREZ    ,1992-10-31 00:00:00, ,5A,ACTIVO,1,1116,5693,2024-10-01,18,0,,,,,,,,,,,,3,18,2025-12-31,SSB
2025-12-01 00:00:00,780921001041,80,DW,12,B,01,001,MUNICIPIO DE BENITO JUAREZ    ,1992-10-31 00:00:00, ,5A,ACTIVO,,,,2024-10-01,78,0,,,,,,,,,,,,4,3.415,2025-12-31,SSB
2025-12-01 00:00:00,780921001041,80,DW,12,B,01,001,MUNICIPIO DE BENITO JUAREZ    ,1992-10-31 00:00:00, ,5A,ACTIVO,1,1488,7574,2024-10-01,78,0,,,,,,,,,,,,4,3.415,2025-12-31,SSB
2025-12-01 00:00:00,780921001059,80,DW,12,A,01,800,MUNICIPIO DE BENITO JUAREZ    ,1992-10-31 00:00:00, ,5A,ACTIVO,1,2232,11336,2024-10-01,101,0,,,,,,,,,,,,6,90,2025-12-31,SSB
2025-12-01 00:00:00,780921001059,80,DW,12,A,01,800,MUNICIPIO DE BENITO JUAREZ    ,1992-10-31 00:00:00, ,5A,ACTIVO,,,,2024-10-01,101,0,,,,,,,,,,,,6,90,2025-12-31,SSB
2025-12-01 00:00:00,780921001067,80,DW,12,A,01,800,MUNICIPIO DE BENITO JUAREZ    ,1992-10-31 00:00:00, ,5A,ACTIVO,,,,2024-10-04,78,0,,,,,,,,,,,,4,93.200000000000003,2025-12-31,SSB
2025-12-01 00:00:00,780921001067,80,DW,12,A,01,800,MUNICIPIO DE BENITO JUAREZ    ,1992-10-31 00:00:00, ,5A,ACTIVO,1,1488,7574,2024-10-04,78,0,,,,,,,,,,,,4,93.200000000000003,2025-12-31,SSB
2025-12-01 00:00:00,780921001075,80,DW,12,B,01,001,MUNICIPIO DE BENITO JUAREZ    ,1992-10-31 00:00:00, ,5A,ACTIVO,,,,2024-10-04,141,0,,,,,,,,,,,,9,8.3559999999999999,2025-12-31,SSB
2025-12-01 00:00:00,780921001075,80,DW,12,B,01,001,MUNICIPIO DE BENITO JUAREZ    ,1992-10-31 00:00:00, ,5A,ACTIVO,1,3348,16981,2024-10-04,141,0,,,,,,,,,,,,9,8.3559999999999999,2025-12-31,SSB
2025-12-01 00:00:00,780921001083,80,DW,12,A,01,800,MUNICIPIO DE BENITO JUAREZ    ,1992-10-31 00:00:00, ,5A,ACTIVO,1,4092,20743,2024-10-18,220,0,,,,,,,,,,,,11,11.000999999999999,2025-12-31,SSB
2025-12-01 00:00:00,780921001083,80,DW,12,A,01,800,MUNICIPIO DE BENITO JUAREZ    ,1992-10-31 00:00:00, ,5A,ACTIVO,,,,2024-10-18,220,0,,,,,,,,,,,,11,11.000999999999999,2025-12-31,SSB
2025-12-01 00:00:00,780921001091,80,DW,12,A,01,800,MUNICIPIO DE BENITO JUAREZ    ,1992-10-31 00:00:00, ,5A,ACTIVO,,,,2024-10-04,258,0,,,,,,,,,,,,12,11.692,2025-12-31,SSB
2025-12-01 00:00:00,780921001091,80,DW,12,A,01,800,MUNICIPIO DE BENITO JUAREZ    ,1992-10-31 00:00:00, ,5A,ACTIVO,1,4464,22625,2024-10-04,258,0,,,,,,,,,,,,12,11.692,2025-12-31,SSB
2025-12-01 00:00:00,780921001105,80,DW,12,A,01,800,MUNICIPIO DE BENITO JUAREZ    ,1992-10-31 00:00:00, ,5A,ACTIVO,1,3348,16981,2024-10-04,205,0,,,,,,,,,,,,9,8.6219999999999999,2025-12-31,SSB
2025-12-01 00:00:00,780921001105,80,DW,12,A,01,800,MUNICIPIO DE BENITO JUAREZ    ,1992-10-31 00:00:00, ,5A,ACTIVO,,,,2024-10-04,205,0,,,,,,,,,,,,9,8.6219999999999999,2025-12-31,SSB
2025-12-01 00:00:00,780921001113,80,DW,12,A,01,800,MUNICIPIO DE BENITO JUAREZ    ,1992-10-31 00:00:00, ,5A,ACTIVO,,,,2024-10-05,39,0,,,,,,,,,,,,2,3.0009999999999999,2025-12-31,SSB
2025-12-01 00:00:00,780921001113,80,DW,12,A,01,800,MUNICIPIO DE BENITO JUAREZ    ,1992-10-31 00:00:00, ,5A,ACTIVO,1,744,3812,2024-10-05,39,0,,,,,,,,,,,,2,3.0009999999999999,2025-12-31,SSB
2025-12-01 00:00:00,780921001121,80,DW,12,B,01,001,MUNICIPIO DE BENITO JUAREZ    ,1992-10-31 00:00:00, ,5A,ACTIVO,1,1860,9455,2024-10-05,100,0,,,,,,,,,,,,5,4.4009999999999998,2025-12-31,SSB
2025-12-01 00:00:00,780921001121,80,DW,12,B,01,001,MUNICIPIO DE BENITO JUAREZ    ,1992-10-31 00:00:00, ,5A,ACTIVO,,,,2024-10-05,100,0,,,,,,,,,,,,5,4.4009999999999998,2025-12-31,SSB
2025-12-01 00:00:00,780921001130,80,DW,12,B,01,001,MUNICIPIO DE BENITO JUAREZ    ,1992-10-31 00:00:00, ,5A,ACTIVO,,,,2024-10-09,419,0,,,,,,,,,,,,24,24.094000000000001,2025-12-31,SSB
2025-12-01 00:00:00,780921001130,80,DW,12,B,01,001,MUNICIPIO DE BENITO JUAREZ    ,1992-10-31 00:00:00, ,5A,ACTIVO,1,8928,45200,2024-10-09,419,0,,,,,,,,,,,,24,24.094000000000001,2025-12-31,SSB
2025-12-01 00:00:00,780921001148,80,DW,12,B,01,001,MUNICIPIO DE BENITO JUAREZ    ,1992-10-31 00:00:00, ,5A,ACTIVO,1,8184,41438,2024-10-06,379,0,,,,,,,,,,,,22,21.465,2025-12-31,SSB
2025-12-01 00:00:00,780921001148,80,DW,12,B,01,001,MUNICIPIO DE BENITO JUAREZ    ,1992-10-31 00:00:00, ,5A,ACTIVO,,,,2024-10-06,379,0,,,,,,,,,,,,22,21.465,2025-12-31,SSB
2025-12-01 00:00:00,780921001156,80,DW,12,C,01,001,MUNICIPIO DE BENITO JUAREZ    ,1992-10-31 00:00:00, ,5A,ACTIVO,,,,2024-10-01,180,0,,,,,,,,,,,,8.6999999999999993,104.40000000000001,2025-12-31,SSB
2025-12-01 00:00:00,780921001156,80,DW,12,C,01,001,MUNICIPIO DE BENITO JUAREZ    ,1992-10-31 00:00:00, ,5A,ACTIVO,1,3236,16414,2024-10-01,180,0,,,,,,,,,,,,8.6999999999999993,104.40000000000001,2025-12-31,SSB
2025-12-01 00:00:00,780921001164,80,DW,12,C,01,001,MUNICIPIO DE BENITO JUAREZ    ,1992-10-31 00:00:00, ,5A,ACTIVO,1,6696,33912,2024-10-06,301,0,,,,,,,,,,,,18,159.59999999999999,2025-12-31,SSB
2025-12-01 00:00:00,780921001164,80,DW,12,C,01,001,MUNICIPIO DE BENITO JUAREZ    ,1992-10-31 00:00:00, ,5A,ACTIVO,,,,2024-10-06,301,0,,,,,,,,,,,,18,159.59999999999999,2025-12-31,SSB
2025-12-01 00:00:00,780921001181,80,DW,12,D,01,001,MUNICIPIO DE BENITO JUAREZ    ,1992-10-31 00:00:00, ,5A,ACTIVO,,,,2024-10-08,142,0,,,,,,,,,,,,4,81.599999999999994,2025-12-31,SSB
2025-12-01 00:00:00,780921001181,80,DW,12,D,01,001,MUNICIPIO DE BENITO JUAREZ    ,1992-10-31 00:00:00, ,5A,ACTIVO,1,1488,7575,2024-10-08,142,0,,,,,,,,,,,,4,81.599999999999994,2025-12-31,SSB
2025-12-01 00:00:00,780921001199,80,DW,12,C,01,001,MUNICIPIO DE BENITO JUAREZ    ,1992-10-31 00:00:00, ,5A,ACTIVO,1,372,1930,2024-10-20,59,0,,,,,,,,,,,,1,1.0009999999999999,2025-12-31,SSB
2025-12-01 00:00:00,780921001199,80,DW,12,C,01,001,MUNICIPIO DE BENITO JUAREZ    ,1992-10-31 00:00:00, ,5A,ACTIVO,,,,2024-10-20,59,0,,,,,,,,,,,,1,1.0009999999999999,2025-12-31,SSB
2025-12-01 00:00:00,780921001211,80,DW,12,A,01,800,MUNICIPIO DE BENITO JUAREZ    ,1992-10-31 00:00:00, ,5A,ACTIVO,,,,2024-10-18,791,0,,,,,,,,,,,,31,37,2025-12-31,SSB
2025-12-01 00:00:00,780921001211,80,DW,12,A,01,800,MUNICIPIO DE BENITO JUAREZ    ,1992-10-31 00:00:00, ,5A,ACTIVO,1,11532,58369,2024-10-18,791,0,,,,,,,,,,,,31,37,2025-12-31,SSB
2025-12-01 00:00:00,780930604653,80,DW,12,A,01,800,MUNICIPIO DE BENITO JUAREZ    ,1993-06-04 00:00:00, ,5A,ACTIVO,1,87,489,2024-10-26,26,0,,,,,,,,,,,,0.23400000000000001,5.6159999999999997,2025-12-31,SSB
2025-12-01 00:00:00,780930604653,80,DW,12,A,01,800,MUNICIPIO DE BENITO JUAREZ    ,1993-06-04 00:00:00, ,5A,ACTIVO,,,,2024-10-26,26,0,,,,,,,,,,,,0.23400000000000001,5.6159999999999997,2025-12-31,SSB
2025-12-01 00:00:00,780940100122,80,DW,12,A,01,800,MUNICIPIO DE BENITO JUAREZ    ,1994-01-28 00:00:00, ,5A,ACTIVO,,,,2024-10-18,442,0,,,,,,,,,,,,38,37.82,2025-12-31,SSB
2025-12-01 00:00:00,780940100122,80,DW,12,A,01,800,MUNICIPIO DE BENITO JUAREZ    ,1994-01-28 00:00:00, ,5A,ACTIVO,1,14136,71539,2024-10-18,442,0,,,,,,,,,,,,38,37.82,2025-12-31,SSB
2025-12-01 00:00:00,780940100131,80,DW,12,A,01,800,MUNICIPIO DE BENITO JUAREZ    ,1994-01-28 00:00:00, ,5A,ACTIVO,1,2976,15100,2024-10-05,58,0,,,,,,,,,,,,8,7.1760000000000002,2025-12-31,SSB
2025-12-01 00:00:00,780940100131,80,DW,12,A,01,800,MUNICIPIO DE BENITO JUAREZ    ,1994-01-28 00:00:00, ,5A,ACTIVO,,,,2024-10-05,58,0,,,,,,,,,,,,8,7.1760000000000002,2025-12-31,SSB
2025-12-01 00:00:00,780940100149,80,DW,12,D,01,001,MUNICIPIO DE BENITO JUAREZ    ,1994-01-28 00:00:00, ,5A,ACTIVO,,,,2024-10-25,49,0,,,,,,,,,,,,3.577,42.923999999999999,2025-12-31,SSB
2025-12-01 00:00:00,780940100149,80,DW,12,D,01,001,MUNICIPIO DE BENITO JUAREZ    ,1994-01-28 00:00:00, ,5A,ACTIVO,1,1331,6780,2024-10-25,49,0,,,,,,,,,,,,3.577,42.923999999999999,2025-12-31,SSB
2025-12-01 00:00:00,780940501119,80,DW,12,A,01,800,MUNICIPIO DE BENITO JUAREZ    ,1994-05-31 00:00:00, ,5A,ACTIVO,,,,2024-10-20,54,0,,,,,,,,,,,,6,5.6260000000000003,2025-12-31,SSB
2025-12-01 00:00:00,780940501119,80,DW,12,A,01,800,MUNICIPIO DE BENITO JUAREZ    ,1994-05-31 00:00:00, ,5A,ACTIVO,1,2232,8322,2024-10-20,54,0,,,,,,,,,,,,6,5.6260000000000003,2025-12-31,SSB
2025-12-01 00:00:00,780940501143,80,DW,12,A,01,800,MUNICIPIO DE BENITO JUAREZ    ,1994-05-31 00:00:00, ,5A,ACTIVO,1,744,3106,2024-10-18,27,0,,,,,,,,,,,,2,1.353,2025-12-31,SSB
2025-12-01 00:00:00,780940501143,80,DW,12,A,01,800,MUNICIPIO DE BENITO JUAREZ    ,1994-05-31 00:00:00, ,5A,ACTIVO,,,,2024-10-18,27,0,,,,,,,,,,,,2,1.353,2025-12-31,SSB
2025-12-01 00:00:00,780940501151,80,DW,12,A,01,800,MUNICIPIO DE BENITO JUAREZ    ,1994-05-31 00:00:00, ,5A,ACTIVO,,,,2024-10-18,42,0,,,,,,,,,,,,5,4.4939999999999998,2025-12-31,SSB
2025-12-01 00:00:00,780940501151,80,DW,12,A,01,800,MUNICIPIO DE BENITO JUAREZ    ,1994-05-31 00:00:00, ,5A,ACTIVO,1,1860,7017,2024-10-18,42,0,,,,,,,,,,,,5,4.4939999999999998,2025-12-31,SSB
2025-12-01 00:00:00,780950100678,80,DW,12,A,01,800,MUNICIPIO DE BENITO JUAREZ    ,1995-01-13 00:00:00, ,5A,ACTIVO,,,,2024-10-25,54,0,,,,,,,,,,,,5.1840000000000002,62.207999999999998,2025-12-31,SSB
2025-12-01 00:00:00,780950100678,80,DW,12,A,01,800,MUNICIPIO DE BENITO JUAREZ    ,1995-01-13 00:00:00, ,5A,ACTIVO,1,1928,9800,2024-10-25,54,0,,,,,,,,,,,,5.1840000000000002,62.207999999999998,2025-12-31,SSB
2025-12-01 00:00:00,780960801135,80,DW,12,A,01,800,MUNICIPIO DE BENITO JUAREZ    ,1996-08-17 00:00:00, ,5A,ACTIVO,1,760,3892,2024-10-25,28,0,,,,,,,,,,,,2.044,49.055999999999997,2025-12-31,SSB
2025-12-01 00:00:00,780960801135,80,DW,12,A,01,800,MUNICIPIO DE BENITO JUAREZ    ,1996-08-17 00:00:00, ,5A,ACTIVO,,,,2024-10-25,28,0,,,,,,,,,,,,2.044,49.055999999999997,2025-12-31,SSB
2025-12-01 00:00:00,780970303052,80,DW,12,C,01,001,MUNICIPIO DE BENITO JUAREZ    ,1997-03-31 00:00:00, ,5A,ACTIVO,1,4315,21871,2024-10-05,253,0,,,,,,,,,,,,11.6,116.40000000000001,2025-12-31,SSB
2025-12-01 00:00:00,780970303052,80,DW,12,C,01,001,MUNICIPIO DE BENITO JUAREZ    ,1997-03-31 00:00:00, ,5A,ACTIVO,,,,2024-10-05,253,0,,,,,,,,,,,,11.6,116.40000000000001,2025-12-31,SSB
2025-12-01 00:00:00,780970303061,80,DW,12,C,01,001,MUNICIPIO DE BENITO JUAREZ    ,1997-03-31 00:00:00, ,5A,ACTIVO,,,,2024-10-02,172,0,,,,,,,,,,,,7.7999999999999998,93.599999999999994,2025-12-31,SSB
2025-12-01 00:00:00,780970303061,80,DW,12,C,01,001,MUNICIPIO DE BENITO JUAREZ    ,1997-03-31 00:00:00, ,5A,ACTIVO,1,2902,14725,2024-10-02,172,0,,,,,,,,,,,,7.7999999999999998,93.599999999999994,2025-12-31,SSB
2025-12-01 00:00:00,780970303079,80,DW,12,C,01,001,MUNICIPIO DE BENITO JUAREZ    ,1997-03-31 00:00:00, ,5A,ACTIVO,1,4278,21684,2024-10-02,280,0,,,,,,,,,,,,11.5,138,2025-12-31,SSB
2025-12-01 00:00:00,780970303079,80,DW,12,C,01,001,MUNICIPIO DE BENITO JUAREZ    ,1997-03-31 00:00:00, ,5A,ACTIVO,,,,2024-10-02,280,0,,,,,,,,,,,,11.5,138,2025-12-31,SSB
2025-12-01 00:00:00,780970303087,80,DW,12,B,01,001,MUNICIPIO DE BENITO JUAREZ    ,1997-03-31 00:00:00, ,5A,ACTIVO,,,,2024-10-30,86,0,,,,,,,,,,,,26.5,44.399999999999999,2025-12-31,SSB
2025-12-01 00:00:00,780970303087,80,DW,12,B,01,001,MUNICIPIO DE BENITO JUAREZ    ,1997-03-31 00:00:00, ,5A,ACTIVO,1,9858,49904,2024-10-30,86,0,,,,,,,,,,,,26.5,44.399999999999999,2025-12-31,SSB
2025-12-01 00:00:00,780970303095,80,DW,12,B,01,001,MUNICIPIO DE BENITO JUAREZ    ,1997-03-31 00:00:00, ,5A,ACTIVO,1,1116,5693,2024-10-11,55,0,,,,,,,,,,,,3,2.323,2025-12-31,SSB
2025-12-01 00:00:00,780970303095,80,DW,12,B,01,001,MUNICIPIO DE BENITO JUAREZ    ,1997-03-31 00:00:00, ,5A,ACTIVO,,,,2024-10-11,55,0,,,,,,,,,,,,3,2.323,2025-12-31,SSB
2025-12-01 00:00:00,780970303109,80,DW,12,B,01,001,MUNICIPIO DE BENITO JUAREZ    ,1997-03-31 00:00:00, ,5A,ACTIVO,,,,2024-10-30,55,0,,,,,,,,,,,,11.9,31.199999999999999,2025-12-31,SSB
2025-12-01 00:00:00,780970303109,80,DW,12,B,01,001,MUNICIPIO DE BENITO JUAREZ    ,1997-03-31 00:00:00, ,5A,ACTIVO,1,4427,22437,2024-10-30,55,0,,,,,,,,,,,,11.9,31.199999999999999,2025-12-31,SSB
2025-12-01 00:00:00,780970501491,80,DW,12,B,01,001,MUNICIPIO DE BENITO JUAREZ    ,1997-05-31 00:00:00, ,5A,ACTIVO,,,,2024-10-19,169,0,,,,,,,,,,,,8,7.6600000000000001,2025-12-31,SSB
2025-12-01 00:00:00,780970501491,80,DW,12,B,01,001,MUNICIPIO DE BENITO JUAREZ    ,1997-05-31 00:00:00, ,5A,ACTIVO,1,2976,15099,2024-10-19,169,0,,,,,,,,,,,,8,7.6600000000000001,2025-12-31,SSB
2025-12-01 00:00:00,780970501521,80,DW,12,A,01,800,MUNICIPIO DE BENITO JUAREZ    ,1997-05-31 00:00:00, ,5A,ACTIVO,1,930,4752,2024-10-30,34,0,,,,,,,,,,,,2.5,30,2025-12-31,SSB
2025-12-01 00:00:00,780970501521,80,DW,12,A,01,800,MUNICIPIO DE BENITO JUAREZ    ,1997-05-31 00:00:00, ,5A,ACTIVO,,,,2024-10-30,34,0,,,,,,,,,,,,2.5,30,2025-12-31,SSB
2025-12-01 00:00:00,780970501547,80,DW,12,A,01,800,MUNICIPIO DE BENITO JUAREZ    ,1997-05-31 00:00:00, ,5A,ACTIVO,,,,2024-10-18,43,0,,,,,,,,,,,,5,4.3399999999999999,2025-12-31,SSB
2025-12-01 00:00:00,780970501547,80,DW,12,A,01,800,MUNICIPIO DE BENITO JUAREZ    ,1997-05-31 00:00:00, ,5A,ACTIVO,1,1860,9456,2024-10-18,43,0,,,,,,,,,,,,5,4.3399999999999999,2025-12-31,SSB
2025-12-01 00:00:00,780970501555,80,DW,12,A,01,800,MUNICIPIO DE BENITO JUAREZ    ,1997-05-31 00:00:00, ,5A,ACTIVO,,,,2024-10-18,130,0,,,,,,,,,,,,4,9.5449999999999999,2025-12-31,SSB
2025-12-01 00:00:00,780970501555,80,DW,12,A,01,800,MUNICIPIO DE BENITO JUAREZ    ,1997-05-31 00:00:00, ,5A,ACTIVO,1,1488,7575,2024-10-18,130,0,,,,,,,,,,,,4,9.5449999999999999,2025-12-31,SSB
2025-12-01 00:00:00,780970501563,80,DW,12,A,01,800,MUNICIPIO DE BENITO JUAREZ    ,1997-05-31 00:00:00, ,5A,ACTIVO,1,1116,5693,2024-10-18,38,0,,,,,,,,,,,,,,,SSB
2025-12-01 00:00:00,780970501571,80,DW,12,A,01,800,MUNICIPIO DE BENITO JUAREZ    ,1997-05-31 00:00:00, ,5A,ACTIVO,1,1860,9455,2024-10-18,59,0,,,,,,,,,,,,,,,SSB
2025-12-01 00:00:00,780970501580,80,DW,12,C,01,001,MUNICIPIO DE BENITO JUAREZ    ,1997-05-31 00:00:00, ,5A,ACTIVO,1,201,1065,2024-10-27,60,0,,,,,,,,,,,,0.54000000000000004,12.960000000000001,2025-12-31,SSB
2025-12-01 00:00:00,780970501580,80,DW,12,C,01,001,MUNICIPIO DE BENITO JUAREZ    ,1997-05-31 00:00:00, ,5A,ACTIVO,,,,2024-10-27,60,0,,,,,,,,,,,,0.54000000000000004,12.960000000000001,2025-12-31,SSB
2025-12-01 00:00:00,780970501598,80,DW,12,C,01,001,MUNICIPIO DE BENITO JUAREZ    ,1997-05-31 00:00:00, ,5A,ACTIVO,,,,2024-10-19,60,0,,,,,,,,,,,,5,159,2025-12-31,SSB
2025-12-01 00:00:00,780970501598,80,DW,12,C,01,001,MUNICIPIO DE BENITO JUAREZ    ,1997-05-31 00:00:00, ,5A,ACTIVO,1,1860,9456,2024-10-19,60,0,,,,,,,,,,,,5,159,2025-12-31,SSB
2025-12-01 00:00:00,780970501601,80,DW,12,A,01,800,MUNICIPIO DE BENITO JUAREZ    ,1997-05-31 00:00:00, ,5A,ACTIVO,1,1488,7574,2024-10-18,22,0,,,,,,,,,,,,4,3.4569999999999999,2025-12-31,SSB
2025-12-01 00:00:00,780970501601,80,DW,12,A,01,800,MUNICIPIO DE BENITO JUAREZ    ,1997-05-31 00:00:00, ,5A,ACTIVO,,,,2024-10-18,22,0,,,,,,,,,,,,4,3.4569999999999999,2025-12-31,SSB
2025-12-01 00:00:00,780980203471,80,DW,12,B,01,001,MUNICIPIO DE BENITO JUAREZ    ,1998-02-16 00:00:00, ,5A,ACTIVO,1,2232,8322,2024-10-19,96,0,,,,,,,,,,,,6,4.5309999999999997,2025-12-31,SSB
2025-12-01 00:00:00,780980203471,80,DW,12,B,01,001,MUNICIPIO DE BENITO JUAREZ    ,1998-02-16 00:00:00, ,5A,ACTIVO,,,,2024-10-19,96,0,,,,,,,,,,,,6,4.5309999999999997,2025-12-31,SSB
2025-12-01 00:00:00,780980203480,80,DW,12,B,01,001,MUNICIPIO DE BENITO JUAREZ    ,1998-02-16 00:00:00, ,5A,ACTIVO,,,,2024-10-23,40,0,,,,,,,,,,,,2,2.4449999999999998,2025-12-31,SSB
2025-12-01 00:00:00,780980203480,80,DW,12,B,01,001,MUNICIPIO DE BENITO JUAREZ    ,1998-02-16 00:00:00, ,5A,ACTIVO,1,744,3106,2024-10-23,40,0,,,,,,,,,,,,2,2.4449999999999998,2025-12-31,SSB
2025-12-01 00:00:00,780980203498,80,DW,12,B,01,001,MUNICIPIO DE BENITO JUAREZ    ,1998-02-16 00:00:00, ,5A,ACTIVO,,,,2024-10-30,64,0,,,,,,,,,,,,3.2000000000000002,38.399999999999999,2025-12-31,SSB
2025-12-01 00:00:00,780980203498,80,DW,12,B,01,001,MUNICIPIO DE BENITO JUAREZ    ,1998-02-16 00:00:00, ,5A,ACTIVO,1,1190,4759,2024-10-30,64,0,,,,,,,,,,,,3.2000000000000002,38.399999999999999,2025-12-31,SSB
2025-12-01 00:00:00,780980203528,80,DW,12,B,01,001,MUNICIPIO DE BENITO JUAREZ    ,1998-02-14 00:00:00, ,5A,ACTIVO,1,707,2988,2024-10-30,49,0,,,,,,,,,,,,1.8999999999999999,22.800000000000001,2025-12-31,SSB
2025-12-01 00:00:00,780980203528,80,DW,12,B,01,001,MUNICIPIO DE BENITO JUAREZ    ,1998-02-14 00:00:00, ,5A,ACTIVO,,,,2024-10-30,49,0,,,,,,,,,,,,1.8999999999999999,22.800000000000001,2025-12-31,SSB
2025-12-01 00:00:00,780980203544,80,DW,12,B,01,001,MUNICIPIO DE BENITO JUAREZ    ,1998-02-14 00:00:00, ,5A,ACTIVO,,,,2024-10-30,70,0,,,,,,,,,,,,2.8999999999999999,34.799999999999997,2025-12-31,SSB
2025-12-01 00:00:00,780980203544,80,DW,12,B,01,001,MUNICIPIO DE BENITO JUAREZ    ,1998-02-14 00:00:00, ,5A,ACTIVO,1,1079,4292,2024-10-30,70,0,,,,,,,,,,,,2.8999999999999999,34.799999999999997,2025-12-31,SSB
2025-12-01 00:00:00,780980203552,80,DW,12,B,01,001,MUNICIPIO DE BENITO JUAREZ    ,1998-02-14 00:00:00, ,5A,ACTIVO,1,781,3337,2024-10-30,55,0,,,,,,,,,,,,2.1000000000000001,25.199999999999999,2025-12-31,SSB
2025-12-01 00:00:00,780980203552,80,DW,12,B,01,001,MUNICIPIO DE BENITO JUAREZ    ,1998-02-14 00:00:00, ,5A,ACTIVO,,,,2024-10-30,55,0,,,,,,,,,,,,2.1000000000000001,25.199999999999999,2025-12-31,SSB
2025-12-01 00:00:00,780980302224,80,DW,12,C,01,001,MUNICIPIO DE BENITO JUAREZ    ,1998-03-31 00:00:00, ,5A,ACTIVO,,,,2024-10-02,87,0,,,,,,,,,,,,33.060000000000002,396.72000000000003,2025-12-31,SSB
2025-12-01 00:00:00,780980302224,80,DW,12,C,01,001,MUNICIPIO DE BENITO JUAREZ    ,1998-03-31 00:00:00, ,5A,ACTIVO,1,12298,62243,2024-10-02,87,0,,,,,,,,,,,,33.060000000000002,396.72000000000003,2025-12-31,SSB
2025-12-01 00:00:00,780980500930,80,DW,12,A,01,800,MUNICIPIO DE BENITO JUAREZ    ,1998-05-12 00:00:00, ,5A,ACTIVO,,,,2024-10-18,46,0,,,,,,,,,,,,8,6.2599999999999998,2025-12-31,SSB
2025-12-01 00:00:00,780980500930,80,DW,12,A,01,800,MUNICIPIO DE BENITO JUAREZ    ,1998-05-12 00:00:00, ,5A,ACTIVO,1,2976,15100,2024-10-18,46,0,,,,,,,,,,,,8,6.2599999999999998,2025-12-31,SSB
2025-12-01 00:00:00,780980602252,80,DW,12,A,01,800,MUNICIPIO DE BENITO JUAREZ    ,1998-06-09 00:00:00, ,5A,ACTIVO,,,,2024-10-20,44,0,,,,,,,,,,,,5,4.6020000000000003,2025-12-31,SSB
2025-12-01 00:00:00,780980602252,80,DW,12,A,01,800,MUNICIPIO DE BENITO JUAREZ    ,1998-06-09 00:00:00, ,5A,ACTIVO,1,1860,7017,2024-10-20,44,0,,,,,,,,,,,,5,4.6020000000000003,2025-12-31,SSB
2025-12-01 00:00:00,780980900695,80,DW,12,A,01,800,MUNICIPIO DE BENITO JUAREZ    ,1998-09-03 00:00:00, ,5A,ACTIVO,1,70,403,2024-10-27,21,0,,,,,,,,,,,,0.189,4.5359999999999996,2025-12-31,SSB
2025-12-01 00:00:00,780980900695,80,DW,12,A,01,800,MUNICIPIO DE BENITO JUAREZ    ,1998-09-03 00:00:00, ,5A,ACTIVO,,,,2024-10-27,21,0,,,,,,,,,,,,0.189,4.5359999999999996,2025-12-31,SSB
2025-12-01 00:00:00,780990309138,80,DW,12,C,01,001,MUNICIPIO DE BENITO JUAREZ    ,1999-03-25 00:00:00, ,5A,ACTIVO,1,3720,18862,2024-10-19,114,0,,,,,,,,,,,,10,6.71,2025-12-31,SSB
2025-12-01 00:00:00,780990309138,80,DW,12,C,01,001,MUNICIPIO DE BENITO JUAREZ    ,1999-03-25 00:00:00, ,5A,ACTIVO,,,,2024-10-19,114,0,,,,,,,,,,,,10,6.71,2025-12-31,SSB
2025-12-01 00:00:00,781000855768,80,DW,12,B,01,001,MUNICIPIO DE BENITO JUAREZ    ,2000-08-03 00:00:00, ,5A,ACTIVO,,,,2024-10-30,50,0,,,,,,,,,,,,2.2000000000000002,26.399999999999999,2025-12-31,SSB
2025-12-01 00:00:00,781000855768,80,DW,12,B,01,001,MUNICIPIO DE BENITO JUAREZ    ,2000-08-03 00:00:00, ,5A,ACTIVO,1,818,3456,2024-10-30,50,0,,,,,,,,,,,,2.2000000000000002,26.399999999999999,2025-12-31,SSB
2025-12-01 00:00:00,781010200034,80,DW,12,B,01,001,MUNICIPIO DE BENITO JUAREZ    ,2000-04-13 00:00:00, ,5A,ACTIVO,,,,2024-10-27,32,0,,,,,,,,,,,,2.7599999999999998,66.239999999999995,2025-12-31,SSB
2025-12-01 00:00:00,781010200034,80,DW,12,B,01,001,MUNICIPIO DE BENITO JUAREZ    ,2000-04-13 00:00:00, ,5A,ACTIVO,1,1027,5243,2024-10-27,32,0,,,,,,,,,,,,2.7599999999999998,66.239999999999995,2025-12-31,SSB
2025-12-01 00:00:00,781010403407,80,DW,12,B,01,001,MUNICIPIO DE BENITO JUAREZ    ,2001-04-17 00:00:00, ,5A,ACTIVO,,,,2024-10-26,9,0,,,,,,,,,,,,0.621,14.904,2025-12-31,SSB
2025-12-01 00:00:00,781010403407,80,DW,12,B,01,001,MUNICIPIO DE BENITO JUAREZ    ,2001-04-17 00:00:00, ,5A,ACTIVO,1,231,1351,2024-10-26,9,0,,,,,,,,,,,,0.621,14.904,2025-12-31,SSB
2025-12-01 00:00:00,781010500402,80,DW,12,B,01,001,MUNICIPIO DE BENITO JUAREZ    ,2001-03-22 00:00:00, ,02,ACTIVO,1,744,3579,2024-12-20,43,0,,,,,,,,,,,,,,,SSB
2025-12-01 00:00:00,781010501913,80,DW,12,B,01,001,MUNICIPIO DE BENITO JUAREZ    ,2001-04-19 00:00:00, ,5A,ACTIVO,1,6064,21829,2024-10-30,64,0,,,,,,,,,,,,16.300000000000001,40.799999999999997,2025-12-31,SSB
2025-12-01 00:00:00,781010501913,80,DW,12,B,01,001,MUNICIPIO DE BENITO JUAREZ    ,2001-04-19 00:00:00, ,5A,ACTIVO,,,,2024-10-30,64,0,,,,,,,,,,,,16.300000000000001,40.799999999999997,2025-12-31,SSB
2025-12-01 00:00:00,781010502359,80,DW,12,B,01,001,MUNICIPIO DE BENITO JUAREZ    ,2001-05-21 00:00:00, ,5A,ACTIVO,,,,2024-10-30,9,0,,,,,,,,,,,,0.621,14.904,2025-12-31,SSB
2025-12-01 00:00:00,781010502359,80,DW,12,B,01,001,MUNICIPIO DE BENITO JUAREZ    ,2001-05-21 00:00:00, ,5A,ACTIVO,1,231,1351,2024-10-30,9,0,,,,,,,,,,,,0.621,14.904,2025-12-31,SSB
2025-12-01 00:00:00,781011100688,80,DW,12,B,01,001,MUNICIPIO DE BENITO JUAREZ    ,2001-11-12 00:00:00, ,5A,ACTIVO,1,1488,5714,2024-10-19,7,0,,,,,,,,,,,,,,,SSB
2025-12-01 00:00:00,781040403037,80,DW,12,B,01,001,MUNICIPIO DE BENITO JUAREZ    ,2004-04-22 00:00:00, ,5A,ACTIVO,1,372,1803,2024-10-20,23,0,,,,,,,,,,,,1,0.98899999999999999,2025-12-31,SSB
2025-12-01 00:00:00,781040403037,80,DW,12,B,01,001,MUNICIPIO DE BENITO JUAREZ    ,2004-04-22 00:00:00, ,5A,ACTIVO,,,,2024-10-20,23,0,,,,,,,,,,,,1,0.98899999999999999,2025-12-31,SSB
2025-12-01 00:00:00,781041100631,80,DW,12,B,01,001,MUNICIPIO DE BENITO JUAREZ    ,2004-12-06 00:00:00, ,5A,ACTIVO,,,,2024-10-19,35,0,,,,,,,,,,,,4,3.5350000000000001,2025-12-31,SSB
2025-12-01 00:00:00,781041100631,80,DW,12,B,01,001,MUNICIPIO DE BENITO JUAREZ    ,2004-12-06 00:00:00, ,5A,ACTIVO,1,1488,5713,2024-10-19,35,0,,,,,,,,,,,,4,3.5350000000000001,2025-12-31,SSB
2025-12-01 00:00:00,781050200029,80,DW,12,B,01,001,MUNICIPIO DE BENITO JUAREZ    ,2005-02-14 00:00:00, ,5A,ACTIVO,1,744,3107,2024-10-19,38,0,,,,,,,,,,,,,,,SSB
2025-12-01 00:00:00,781070303959,80,DW,12,B,01,001,MUNICIPIO DE BENITO JUAREZ    ,2007-03-26 00:00:00, ,5A,ACTIVO,1,2009,10209,2024-10-30,100,0,,,,,,,,,,,,5.4000000000000004,64.799999999999997,2025-12-31,SSB
2025-12-01 00:00:00,781070303959,80,DW,12,B,01,001,MUNICIPIO DE BENITO JUAREZ    ,2007-03-26 00:00:00, ,5A,ACTIVO,,,,2024-10-30,100,0,,,,,,,,,,,,5.4000000000000004,64.799999999999997,2025-12-31,SSB
2025-12-01 00:00:00,781080705656,80,DW,12,A,01,800,MUNICIPIO DE BENITO JUAREZ    ,2008-07-31 00:00:00, ,02,ACTIVO,1,1488,7110,2024-12-20,202020,0,,,,,,,,,,,,,,,SSB
2025-12-01 00:00:00,781080801264,80,DW,12,B,01,001,MUNICIPIO DE BENITO JUAREZ    ,2008-06-18 00:00:00, ,5A,ACTIVO,,,,2024-10-19,10,0,,,,,,,,,,,,6,2.02,2025-12-31,SSB
2025-12-01 00:00:00,781080801264,80,DW,12,B,01,001,MUNICIPIO DE BENITO JUAREZ    ,2008-06-18 00:00:00, ,5A,ACTIVO,1,2232,11337,2024-10-19,10,0,,,,,,,,,,,,6,2.02,2025-12-31,SSB
2025-12-01 00:00:00,781090101881,80,DW,12,B,01,001,MUNICIPIO DE BENITO JUAREZ    ,2008-12-16 00:00:00, ,5A,ACTIVO,1,149,802,2024-10-30,9,0,,,,,,,,,,,,0.40000000000000002,4.7999999999999998,2025-12-31,SSB
2025-12-01 00:00:00,781090101881,80,DW,12,B,01,001,MUNICIPIO DE BENITO JUAREZ    ,2008-12-16 00:00:00, ,5A,ACTIVO,,,,2024-10-30,9,0,,,,,,,,,,,,0.40000000000000002,4.7999999999999998,2025-12-31,SSB
2025-12-01 00:00:00,781090501609,80,DW,12,B,01,001,MUNICIPIO DE BENITO JUAREZ    ,2009-04-23 00:00:00, ,5A,ACTIVO,,,,2024-10-19,42,0,,,,,,,,,,,,10,5.2699999999999996,2025-12-31,SSB
2025-12-01 00:00:00,781090501609,80,DW,12,B,01,001,MUNICIPIO DE BENITO JUAREZ    ,2009-04-23 00:00:00, ,5A,ACTIVO,1,3720,13536,2024-10-19,42,0,,,,,,,,,,,,10,5.2699999999999996,2025-12-31,SSB
2025-12-01 00:00:00,781110300371,80,DW,12,B,03,001,MUNICIPIO DE ISLA MUJERES     ,2011-03-04 00:00:00, ,5A,ACTIVO,1,20460,72204,2024-10-20,120,0,,,,,,,,,,,,,,,SSB
2025-12-01 00:00:00,781110300397,80,DW,12,B,03,001,MUNICIPIO DE ISLA MUJERES     ,2011-03-04 00:00:00, ,5A,ACTIVO,1,6324,22662,2024-10-20,120,0,,,,,,,,,,,,,,,SSB
2025-12-01 00:00:00,781150304891,80,DW,12,B,01,001,MUNICIPIO DE BENITO JUAREZ    ,2015-05-05 00:00:00, ,5A,ACTIVO,,,,2024-10-21,21,0,,,,,,,,,,,,12,2.919,2025-12-31,SSB
2025-12-01 00:00:00,781150304891,80,DW,12,B,01,001,MUNICIPIO DE BENITO JUAREZ    ,2015-05-05 00:00:00, ,5A,ACTIVO,1,4464,16144,2024-10-21,21,0,,,,,,,,,,,,12,2.919,2025-12-31,SSB
2025-12-01 00:00:00,781160901901,80,DW,12,B,01,001,MUNICIPIO DE BENITO JUAREZ    ,2016-09-23 00:00:00, ,5A,ACTIVO,,,,2024-10-30,24,0,,,,,,,,,,,,3.7000000000000002,15.6,2025-12-31,SSB
2025-12-01 00:00:00,781160901901,80,DW,12,B,01,001,MUNICIPIO DE BENITO JUAREZ    ,2016-09-23 00:00:00, ,5A,ACTIVO,1,1376,7007,2024-10-30,24,0,,,,,,,,,,,,3.7000000000000002,15.6,2025-12-31,SSB
2025-12-01 00:00:00,781190800867,80,DW,12,B,01,001,RED NACIONAL ULTIMA MILLA     ,2019-07-26 00:00:00,6,02,ACTIVO,1,4241,21043,,,0,,,,,,,,,,,,,,,GSC
2025-12-01 00:00:00,781220801600,80,DW,12,B,01,001,MUNICIPIO DE BENITO JUAREZ    ,2022-08-25 00:00:00, ,02,ACTIVO,1,194,969,,,0,,,,,,,,,,,,,,,GSC
2025-12-01 00:00:00,781971000050,80,DW,12,B,01,001,MUNICIPIO DE BENITO JUAREZ    ,1997-10-15 00:00:00, ,5A,ACTIVO,,,,2024-10-30,29,0,,,,,,,,,,,,0.26100000000000001,6.2640000000000002,2025-12-31,SSB
2025-12-01 00:00:00,781971000050,80,DW,12,B,01,001,MUNICIPIO DE BENITO JUAREZ    ,1997-10-15 00:00:00, ,5A,ACTIVO,1,97,539,2024-10-30,29,0,,,,,,,,,,,,0.26100000000000001,6.2640000000000002,2025-12-31,SSB
2025-12-01 00:00:00,781971000068,80,DW,12,B,01,001,MUNICIPIO DE BENITO JUAREZ    ,1997-10-16 00:00:00, ,5A,ACTIVO,,,,2024-10-13,21,0,,,,,,,,,,,,0.189,4.5359999999999996,2025-12-31,SSB
2025-12-01 00:00:00,781971000068,80,DW,12,B,01,001,MUNICIPIO DE BENITO JUAREZ    ,1997-10-16 00:00:00, ,5A,ACTIVO,1,70,835,2024-10-13,21,0,,,,,,,,,,,,0.189,4.5359999999999996,2025-12-31,SSB
2025-12-01 00:00:00,782000357217,80,DW,12,D,01,001,MUNICIPIO DE BENITO JUAREZ    ,1998-03-15 00:00:00, ,5A,ACTIVO,,,,2024-10-25,27,0,,,,,,,,,,,,1.3959999999999999,16.745999999999999,2025-12-31,SSB
2025-12-01 00:00:00,782000357217,80,DW,12,D,01,001,MUNICIPIO DE BENITO JUAREZ    ,1998-03-15 00:00:00, ,5A,ACTIVO,1,519,2674,2024-10-25,27,0,,,,,,,,,,,,1.3959999999999999,16.745999999999999,2025-12-31,SSB
2025-12-01 00:00:00,782000357241,80,DW,12,C,01,001,MUNICIPIO DE BENITO JUAREZ    ,1998-03-05 00:00:00, ,5A,ACTIVO,1,2604,13218,2024-10-08,82,0,,,,,,,,,,,,7,46.799999999999997,2025-12-31,SSB
2025-12-01 00:00:00,782000357241,80,DW,12,C,01,001,MUNICIPIO DE BENITO JUAREZ    ,1998-03-05 00:00:00, ,5A,ACTIVO,,,,2024-10-08,82,0,,,,,,,,,,,,7,46.799999999999997,2025-12-31,SSB
2025-12-01 00:00:00,782000357250,80,DW,12,C,01,001,MUNICIPIO DE BENITO JUAREZ    ,1998-03-15 00:00:00, ,5A,ACTIVO,,,,2024-10-01,92,0,,,,,,,,,,,,4.7930000000000001,57.520000000000003,2025-12-31,SSB
2025-12-01 00:00:00,782000357250,80,DW,12,C,01,001,MUNICIPIO DE BENITO JUAREZ    ,1998-03-15 00:00:00, ,5A,ACTIVO,1,1783,9066,2024-10-01,92,0,,,,,,,,,,,,4.7930000000000001,57.520000000000003,2025-12-31,SSB
2025-12-01 00:00:00,782000357268,80,DW,12,A,01,800,MUNICIPIO DE BENITO JUAREZ    ,1998-03-15 00:00:00, ,5A,ACTIVO,,,,2024-10-25,26,0,,,,,,,,,,,,1.72,20.640000000000001,2025-12-31,SSB
2025-12-01 00:00:00,782000357268,80,DW,12,A,01,800,MUNICIPIO DE BENITO JUAREZ    ,1998-03-15 00:00:00, ,5A,ACTIVO,1,640,3285,2024-10-25,26,0,,,,,,,,,,,,1.72,20.640000000000001,2025-12-31,SSB
2025-12-01 00:00:00,782000357306,80,DW,12,C,01,001,MUNICIPIO DE BENITO JUAREZ    ,1998-03-15 00:00:00, ,5A,ACTIVO,1,372,1930,2024-10-18,11,0,,,,,,,,,,,,,,,SSB
2025-12-01 00:00:00,782000357314,80,DW,12,C,01,001,MUNICIPIO DE BENITO JUAREZ    ,1998-03-15 00:00:00, ,5A,ACTIVO,1,2604,13218,2024-10-11,134,0,,,,,,,,,,,,7,6.806,2025-12-31,SSB
2025-12-01 00:00:00,782000357314,80,DW,12,C,01,001,MUNICIPIO DE BENITO JUAREZ    ,1998-03-15 00:00:00, ,5A,ACTIVO,,,,2024-10-11,134,0,,,,,,,,,,,,7,6.806,2025-12-31,SSB
2025-12-01 00:00:00,782000657989,80,DW,12,C,01,001,MUNICIPIO DE BENITO JUAREZ    ,1999-05-20 00:00:00, ,5A,ACTIVO,,,,2024-10-18,40,0,,,,,,,,,,,,1,1.883,2025-12-31,SSB
2025-12-01 00:00:00,782000657989,80,DW,12,C,01,001,MUNICIPIO DE BENITO JUAREZ    ,1999-05-20 00:00:00, ,5A,ACTIVO,1,372,1931,2024-10-18,40,0,,,,,,,,,,,,1,1.883,2025-12-31,SSB
2025-12-01 00:00:00,782010219220,80,DW,12,C,01,001,MUNICIPIO DE BENITO JUAREZ    ,2000-12-31 00:00:00, ,5A,ACTIVO,1,913,3760,2024-10-04,43,0,,,,,,,,,,,,2.4550000000000001,29.460000000000001,2025-12-31,SSB
2025-12-01 00:00:00,782010219220,80,DW,12,C,01,001,MUNICIPIO DE BENITO JUAREZ    ,2000-12-31 00:00:00, ,5A,ACTIVO,,,,2024-10-04,43,0,,,,,,,,,,,,2.4550000000000001,29.460000000000001,2025-12-31,SSB
2025-12-01 00:00:00,782010501235,80,DW,12,C,01,001,MUNICIPIO DE BENITO JUAREZ    ,2001-02-08 00:00:00, ,5A,ACTIVO,1,1860,7018,2024-10-20,56,0,,,,,,,,,,,,5,49.200000000000003,2025-12-31,SSB
2025-12-01 00:00:00,782010501235,80,DW,12,C,01,001,MUNICIPIO DE BENITO JUAREZ    ,2001-02-08 00:00:00, ,5A,ACTIVO,,,,2024-10-20,56,0,,,,,,,,,,,,5,49.200000000000003,2025-12-31,SSB
2025-12-01 00:00:00,782010501251,80,DW,12,C,01,001,MUNICIPIO DE BENITO JUAREZ    ,2001-04-27 00:00:00, ,5A,ACTIVO,,,,2024-10-30,10,0,,,,,,,,,,,,0.68999999999999995,16.559999999999999,2025-12-31,SSB
2025-12-01 00:00:00,782010501251,80,DW,12,C,01,001,MUNICIPIO DE BENITO JUAREZ    ,2001-04-27 00:00:00, ,5A,ACTIVO,1,257,1349,2024-10-30,10,0,,,,,,,,,,,,0.68999999999999995,16.559999999999999,2025-12-31,SSB
2025-12-01 00:00:00,782011201961,80,DW,12,C,01,001,MUNICIPIO DE BENITO JUAREZ    ,2001-10-23 00:00:00, ,5A,ACTIVO,1,744,3107,2024-10-19,11,0,,,,,,,,,,,,,,,SSB
2025-12-01 00:00:00,782011202002,80,DW,12,C,01,001,MUNICIPIO DE BENITO JUAREZ    ,2001-10-23 00:00:00, ,5A,ACTIVO,1,325,1652,2024-10-02,23,0,,,,,,,,,,,,0.874,10.49,2025-12-31,SSB
2025-12-01 00:00:00,782011202002,80,DW,12,C,01,001,MUNICIPIO DE BENITO JUAREZ    ,2001-10-23 00:00:00, ,5A,ACTIVO,,,,2024-10-02,23,0,,,,,,,,,,,,0.874,10.49,2025-12-31,SSB
2025-12-01 00:00:00,782011202029,80,DW,12,C,01,001,MUNICIPIO DE BENITO JUAREZ    ,2001-10-23 00:00:00, ,5A,ACTIVO,1,372,1930,2024-10-18,13,0,,,,,,,,,,,,,,,SSB
2025-12-01 00:00:00,782020301374,80,DW,12,C,01,001,MUNICIPIO DE BENITO JUAREZ    ,2001-12-06 00:00:00, ,5A,ACTIVO,,,,2024-10-04,78,0,,,,,,,,,,,,4.2830000000000004,51.399999999999999,2025-12-31,SSB
2025-12-01 00:00:00,782020301374,80,DW,12,C,01,001,MUNICIPIO DE BENITO JUAREZ    ,2001-12-06 00:00:00, ,5A,ACTIVO,1,1593,6162,2024-10-04,78,0,,,,,,,,,,,,4.2830000000000004,51.399999999999999,2025-12-31,SSB
2025-12-01 00:00:00,782020301447,80,DW,12,C,01,001,MUNICIPIO DE BENITO JUAREZ    ,2001-10-10 00:00:00, ,5A,ACTIVO,1,1860,9455,2024-10-19,50,0,,,,,,,,,,,,,,,SSB
2025-12-01 00:00:00,782021200831,80,DW,12,C,01,001,MUNICIPIO DE BENITO JUAREZ    ,2002-11-15 00:00:00, ,5A,ACTIVO,1,2976,10929,2024-10-20,59,0,,,,,,,,,,,,8,7.9610000000000003,2025-12-31,SSB
2025-12-01 00:00:00,782021200831,80,DW,12,C,01,001,MUNICIPIO DE BENITO JUAREZ    ,2002-11-15 00:00:00, ,5A,ACTIVO,,,,2024-10-20,59,0,,,,,,,,,,,,8,7.9610000000000003,2025-12-31,SSB
2025-12-01 00:00:00,782030203150,80,DW,12,C,01,001,MUNICIPIO DE BENITO JUAREZ    ,2003-02-03 00:00:00, ,5A,ACTIVO,,,,2024-10-02,50,0,,,,,,,,,,,,6.7999999999999998,81.599999999999994,2025-12-31,SSB
2025-12-01 00:00:00,782030203150,80,DW,12,C,01,001,MUNICIPIO DE BENITO JUAREZ    ,2003-02-03 00:00:00, ,5A,ACTIVO,1,2530,9388,2024-10-02,50,0,,,,,,,,,,,,6.7999999999999998,81.599999999999994,2025-12-31,SSB
2025-12-01 00:00:00,782030203371,80,DW,12,B,01,001,MUNICIPIO DE BENITO JUAREZ    ,2003-01-29 00:00:00, ,5A,ACTIVO,1,1116,4410,2024-10-30,4,0,,,,,,,,,,,,3,30,2025-12-31,SSB
2025-12-01 00:00:00,782030203371,80,DW,12,B,01,001,MUNICIPIO DE BENITO JUAREZ    ,2003-01-29 00:00:00, ,5A,ACTIVO,,,,2024-10-30,4,0,,,,,,,,,,,,3,30,2025-12-31,SSB
2025-12-01 00:00:00,782030203397,80,DW,12,C,01,001,MUNICIPIO DE BENITO JUAREZ    ,2003-02-03 00:00:00, ,5A,ACTIVO,1,1488,5714,2024-10-19,52,0,,,,,,,,,,,,,,,SSB
2025-12-01 00:00:00,782030407146,80,DW,12,C,01,001,MUNICIPIO DE BENITO JUAREZ    ,2003-04-03 00:00:00, ,5A,ACTIVO,1,1116,4410,2024-10-21,29,0,,,,,,,,,,,,3,20.399999999999999,2025-12-31,SSB
2025-12-01 00:00:00,782030407146,80,DW,12,C,01,001,MUNICIPIO DE BENITO JUAREZ    ,2003-04-03 00:00:00, ,5A,ACTIVO,,,,2024-10-21,29,0,,,,,,,,,,,,3,20.399999999999999,2025-12-31,SSB
2025-12-01 00:00:00,782030410074,80,DW,12,C,01,001,MUNICIPIO DE BENITO JUAREZ    ,2003-04-11 00:00:00, ,5A,ACTIVO,,,,2024-10-04,4,0,,,,,,,,,,,,0.20000000000000001,2.3999999999999999,2025-12-31,SSB
2025-12-01 00:00:00,782030410074,80,DW,12,C,01,001,MUNICIPIO DE BENITO JUAREZ    ,2003-04-11 00:00:00, ,5A,ACTIVO,1,74,848,2024-10-04,4,0,,,,,,,,,,,,0.20000000000000001,2.3999999999999999,2025-12-31,SSB
2025-12-01 00:00:00,782030501011,80,DW,12,A,01,800,MUNICIPIO DE BENITO JUAREZ    ,2003-04-14 00:00:00, ,5A,ACTIVO,,,,2024-10-12,35,0,,,,,,,,,,,,3,2.6000000000000001,2025-12-31,SSB
2025-12-01 00:00:00,782030501011,80,DW,12,A,01,800,MUNICIPIO DE BENITO JUAREZ    ,2003-04-14 00:00:00, ,5A,ACTIVO,1,1116,5693,2024-10-12,35,0,,,,,,,,,,,,3,2.6000000000000001,2025-12-31,SSB
2025-12-01 00:00:00,782030501045,80,DW,12,C,01,001,MUNICIPIO DE BENITO JUAREZ    ,2003-05-02 00:00:00, ,5A,ACTIVO,,,,2024-10-19,31,0,,,,,,,,,,,,4,3.6970000000000001,2025-12-31,SSB
2025-12-01 00:00:00,782030501045,80,DW,12,C,01,001,MUNICIPIO DE BENITO JUAREZ    ,2003-05-02 00:00:00, ,5A,ACTIVO,1,1488,5714,2024-10-19,31,0,,,,,,,,,,,,4,3.6970000000000001,2025-12-31,SSB
2025-12-01 00:00:00,782030803718,80,DW,12,B,01,001,MUNICIPIO DE BENITO JUAREZ    ,2003-07-29 00:00:00, ,5A,ACTIVO,1,4836,17447,2024-10-19,8,0,,,,,,,,,,,,13,0.47999999999999998,2025-12-31,SSB
2025-12-01 00:00:00,782030803718,80,DW,12,B,01,001,MUNICIPIO DE BENITO JUAREZ    ,2003-07-29 00:00:00, ,5A,ACTIVO,,,,2024-10-19,8,0,,,,,,,,,,,,13,0.47999999999999998,2025-12-31,SSB
2025-12-01 00:00:00,782031205121,80,DW,12,B,01,001,MUNICIPIO DE BENITO JUAREZ    ,2003-11-26 00:00:00, ,5A,ACTIVO,,,,2024-10-19,42,0,,,,,,,,,,,,3,3.0699999999999998,2025-12-31,SSB
2025-12-01 00:00:00,782031205121,80,DW,12,B,01,001,MUNICIPIO DE BENITO JUAREZ    ,2003-11-26 00:00:00, ,5A,ACTIVO,1,1116,4410,2024-10-19,42,0,,,,,,,,,,,,3,3.0699999999999998,2025-12-31,SSB
2025-12-01 00:00:00,782031205156,80,DW,12,C,01,001,MUNICIPIO DE BENITO JUAREZ    ,2003-11-26 00:00:00, ,5A,ACTIVO,,,,2024-10-20,42,0,,,,,,,,,,,,3,37.200000000000003,2025-12-31,SSB
2025-12-01 00:00:00,782031205156,80,DW,12,C,01,001,MUNICIPIO DE BENITO JUAREZ    ,2003-11-26 00:00:00, ,5A,ACTIVO,1,1116,4410,2024-10-20,42,0,,,,,,,,,,,,3,37.200000000000003,2025-12-31,SSB
2025-12-01 00:00:00,782040100448,80,DW,12,D,01,001,MUNICIPIO DE BENITO JUAREZ    ,2003-12-05 00:00:00, ,5A,ACTIVO,,,,2024-10-06,26,0,,,,,,,,,,,,3.6000000000000001,43.200000000000003,2025-12-31,SSB
2025-12-01 00:00:00,782040100448,80,DW,12,D,01,001,MUNICIPIO DE BENITO JUAREZ    ,2003-12-05 00:00:00, ,5A,ACTIVO,1,1339,5236,2024-10-06,26,0,,,,,,,,,,,,3.6000000000000001,43.200000000000003,2025-12-31,SSB
2025-12-01 00:00:00,782040100472,80,DW,12,B,01,001,MUNICIPIO DE BENITO JUAREZ    ,2003-12-08 00:00:00, ,5A,ACTIVO,,,,2024-10-19,4,0,,,,,,,,,,,,5,0.51000000000000001,2025-12-31,SSB
2025-12-01 00:00:00,782040100472,80,DW,12,B,01,001,MUNICIPIO DE BENITO JUAREZ    ,2003-12-08 00:00:00, ,5A,ACTIVO,1,1860,7017,2024-10-19,4,0,,,,,,,,,,,,5,0.51000000000000001,2025-12-31,SSB
2025-12-01 00:00:00,782010909773,80,DW,12,C,01,001,MUNICIPIO DE BENITO JUAREZ    ,2001-08-17 00:00:00, ,5A,ACTIVO,1,1860,7017,2024-10-19,47,0,,,,,,,,,,,,5,2,2025-12-31,SSB
2025-12-01 00:00:00,782010909773,80,DW,12,C,01,001,MUNICIPIO DE BENITO JUAREZ    ,2001-08-17 00:00:00, ,5A,ACTIVO,,,,2024-10-19,47,0,,,,,,,,,,,,5,2,2025-12-31,SSB
2025-12-01 00:00:00,782010909765,80,DW,12,C,01,001,MUNICIPIO DE BENITO JUAREZ    ,2001-08-17 00:00:00, ,5A,ACTIVO,1,2604,9625,2024-10-18,51,0,,,,,,,,,,,,7,4,2025-12-31,SSB
2025-12-01 00:00:00,782010909765,80,DW,12,C,01,001,MUNICIPIO DE BENITO JUAREZ    ,2001-08-17 00:00:00, ,5A,ACTIVO,,,,2024-10-18,51,0,,,,,,,,,,,,7,4,2025-12-31,SSB
2025-12-01 00:00:00,782010504382,80,DW,12,C,01,001,MUNICIPIO DE BENITO JUAREZ    ,2001-05-29 00:00:00, ,5A,ACTIVO,,,,2024-10-27,29,0,,,,,,,,,,,,0.26100000000000001,6.2640000000000002,2025-12-31,SSB
2025-12-01 00:00:00,782010504382,80,DW,12,C,01,001,MUNICIPIO DE BENITO JUAREZ    ,2001-05-29 00:00:00, ,5A,ACTIVO,1,97,921,2024-10-27,29,0,,,,,,,,,,,,0.26100000000000001,6.2640000000000002,2025-12-31,SSB
2025-12-01 00:00:00,782010504374,80,DW,12,C,01,001,MUNICIPIO DE BENITO JUAREZ    ,2001-05-29 00:00:00, ,5A,ACTIVO,1,821,4201,2024-10-30,32,0,,,,,,,,,,,,2.2080000000000002,52.991999999999997,2025-12-31,SSB
2025-12-01 00:00:00,782010504374,80,DW,12,C,01,001,MUNICIPIO DE BENITO JUAREZ    ,2001-05-29 00:00:00, ,5A,ACTIVO,,,,2024-10-30,32,0,,,,,,,,,,,,2.2080000000000002,52.991999999999997,2025-12-31,SSB
2025-12-01 00:00:00,782010504366,80,DW,12,C,01,001,MUNICIPIO DE BENITO JUAREZ    ,2001-05-29 00:00:00, ,5A,ACTIVO,,,,2024-10-10,7,0,,,,,,,,,,,,1,9.5999999999999996,2025-12-31,SSB
2025-12-01 00:00:00,782010504366,80,DW,12,C,01,001,MUNICIPIO DE BENITO JUAREZ    ,2001-05-29 00:00:00, ,5A,ACTIVO,1,372,1803,2024-10-10,7,0,,,,,,,,,,,,1,9.5999999999999996,2025-12-31,SSB
2025-12-01 00:00:00,782010406496,80,DW,12,C,01,001,MUNICIPIO DE BENITO JUAREZ    ,2001-02-08 00:00:00, ,5A,ACTIVO,1,744,3106,2024-10-06,12,0,,,,,,,,,,,,2,37.200000000000003,2025-12-31,SSB
2025-12-01 00:00:00,782010406496,80,DW,12,C,01,001,MUNICIPIO DE BENITO JUAREZ    ,2001-02-08 00:00:00, ,5A,ACTIVO,,,,2024-10-06,12,0,,,,,,,,,,,,2,37.200000000000003,2025-12-31,SSB
2025-12-01 00:00:00,782010406488,80,DW,12,C,01,001,MUNICIPIO DE BENITO JUAREZ    ,2001-02-07 00:00:00, ,5A,ACTIVO,1,1116,4410,2024-10-18,41,0,,,,,,,,,,,,3,2.516,2025-12-31,SSB
2025-12-01 00:00:00,782010406488,80,DW,12,C,01,001,MUNICIPIO DE BENITO JUAREZ    ,2001-02-07 00:00:00, ,5A,ACTIVO,,,,2024-10-18,41,0,,,,,,,,,,,,3,2.516,2025-12-31,SSB
2025-12-01 00:00:00,781970705700,80,DW,12,B,01,001,MUNICIPIO DE BENITO JUAREZ    ,1997-07-10 00:00:00, ,5A,ACTIVO,1,1116,4411,2024-10-19,59,0,,,,,,,,,,,,3,2.7400000000000002,2025-12-31,SSB
2025-12-01 00:00:00,781970705700,80,DW,12,B,01,001,MUNICIPIO DE BENITO JUAREZ    ,1997-07-10 00:00:00, ,5A,ACTIVO,,,,2024-10-19,59,0,,,,,,,,,,,,3,2.7400000000000002,2025-12-31,SSB
2025-12-01 00:00:00,782040203981,80,DW,12,C,01,001,MUNICIPIO DE BENITO JUAREZ    ,2004-01-23 00:00:00, ,5A,ACTIVO,,,,2024-10-20,37,0,,,,,,,,,,,,3,2.7010000000000001,2025-12-31,SSB
2025-12-01 00:00:00,782040203981,80,DW,12,C,01,001,MUNICIPIO DE BENITO JUAREZ    ,2004-01-23 00:00:00, ,5A,ACTIVO,1,1116,4410,2024-10-20,37,0,,,,,,,,,,,,3,2.7010000000000001,2025-12-31,SSB
2025-12-01 00:00:00,782040902056,80,DW,12,C,01,001,MUNICIPIO DE BENITO JUAREZ    ,2004-10-06 00:00:00, ,5A,ACTIVO,1,744,3106,2024-10-19,49,0,,,,,,,,,,,,,,,SSB
2025-12-01 00:00:00,782050203725,80,DW,12,A,01,800,MUNICIPIO DE BENITO JUAREZ    ,2005-03-02 00:00:00, ,5A,ACTIVO,,,,2024-10-30,40,0,,,,,,,,,,,,5.5,66,2025-12-31,SSB
2025-12-01 00:00:00,782050203725,80,DW,12,A,01,800,MUNICIPIO DE BENITO JUAREZ    ,2005-03-02 00:00:00, ,5A,ACTIVO,1,2046,10396,2024-10-30,40,0,,,,,,,,,,,,5.5,66,2025-12-31,SSB
2025-12-01 00:00:00,782050300712,80,DW,12,C,01,001,MUNICIPIO DE BENITO JUAREZ    ,2005-02-07 00:00:00, ,5A,ACTIVO,1,372,1930,2024-10-19,15,0,,,,,,,,,,,,1,0.84999999999999998,2025-12-31,SSB
2025-12-01 00:00:00,782050300712,80,DW,12,C,01,001,MUNICIPIO DE BENITO JUAREZ    ,2005-02-07 00:00:00, ,5A,ACTIVO,,,,2024-10-19,15,0,,,,,,,,,,,,1,0.84999999999999998,2025-12-31,SSB
2025-12-01 00:00:00,782050300780,80,DW,12,C,01,001,MUNICIPIO DE BENITO JUAREZ    ,2005-02-07 00:00:00, ,5A,ACTIVO,,,,2024-10-02,54,0,,,,,,,,,,,,3.8999999999999999,46.799999999999997,2025-12-31,SSB
2025-12-01 00:00:00,782050300780,80,DW,12,C,01,001,MUNICIPIO DE BENITO JUAREZ    ,2005-02-07 00:00:00, ,5A,ACTIVO,1,1451,5595,2024-10-02,54,0,,,,,,,,,,,,3.8999999999999999,46.799999999999997,2025-12-31,SSB
2025-12-01 00:00:00,782050701504,80,DW,12,C,01,001,MUNICIPIO DE BENITO JUAREZ    ,2005-07-28 00:00:00, ,5A,ACTIVO,1,1116,4410,2024-10-19,49,0,,,,,,,,,,,,3,2.2799999999999998,2025-12-31,SSB
2025-12-01 00:00:00,782050701504,80,DW,12,C,01,001,MUNICIPIO DE BENITO JUAREZ    ,2005-07-28 00:00:00, ,5A,ACTIVO,,,,2024-10-19,49,0,,,,,,,,,,,,3,2.2799999999999998,2025-12-31,SSB
2025-12-01 00:00:00,782051001069,80,DW,12,D,01,001,MUNICIPIO DE BENITO JUAREZ    ,2004-04-22 00:00:00, ,5A,ACTIVO,,,,2024-10-19,32,0,,,,,,,,,,,,6,2,2025-12-31,SSB
2025-12-01 00:00:00,782051001069,80,DW,12,D,01,001,MUNICIPIO DE BENITO JUAREZ    ,2004-04-22 00:00:00, ,5A,ACTIVO,1,2232,11337,2024-10-19,32,0,,,,,,,,,,,,6,2,2025-12-31,SSB
2025-12-01 00:00:00,782051001093,80,DW,12,C,01,001,MUNICIPIO DE BENITO JUAREZ    ,2005-03-12 00:00:00, ,5A,ACTIVO,1,264,1384,2024-10-04,13,0,,,,,,,,,,,,0.70899999999999996,8.5099999999999998,2025-12-31,SSB
2025-12-01 00:00:00,782051001093,80,DW,12,C,01,001,MUNICIPIO DE BENITO JUAREZ    ,2005-03-12 00:00:00, ,5A,ACTIVO,,,,2024-10-04,13,0,,,,,,,,,,,,0.70899999999999996,8.5099999999999998,2025-12-31,SSB
2025-12-01 00:00:00,782070103891,80,DW,12,C,01,001,MUNICIPIO DE BENITO JUAREZ    ,2007-01-30 00:00:00, ,5A,ACTIVO,,,,2024-10-11,83,0,,,,,,,,,,,,1,42,2025-12-31,SSB
2025-12-01 00:00:00,782070103891,80,DW,12,C,01,001,MUNICIPIO DE BENITO JUAREZ    ,2007-01-30 00:00:00, ,5A,ACTIVO,1,372,1802,2024-10-11,83,0,,,,,,,,,,,,1,42,2025-12-31,SSB
2025-12-01 00:00:00,782070900422,80,DW,12,C,01,001,MUNICIPIO DE BENITO JUAREZ    ,2007-09-10 00:00:00, ,5A,ACTIVO,1,1116,5693,2024-10-11,46,0,,,,,,,,,,,,3,26.399999999999999,2025-12-31,SSB
2025-12-01 00:00:00,782070900422,80,DW,12,C,01,001,MUNICIPIO DE BENITO JUAREZ    ,2007-09-10 00:00:00, ,5A,ACTIVO,,,,2024-10-11,46,0,,,,,,,,,,,,3,26.399999999999999,2025-12-31,SSB
2025-12-01 00:00:00,782071105286,80,DW,12,C,01,001,MUNICIPIO DE BENITO JUAREZ    ,2007-12-04 00:00:00, ,5A,ACTIVO,,,,2024-11-30,5,0,,,,,,,,,,,,0.29999999999999999,3.6000000000000001,2025-12-31,SSB
2025-12-01 00:00:00,782071105286,80,DW,12,C,01,001,MUNICIPIO DE BENITO JUAREZ    ,2007-12-04 00:00:00, ,5A,ACTIVO,1,112,615,2024-11-30,5,0,,,,,,,,,,,,0.29999999999999999,3.6000000000000001,2025-12-31,SSB
2025-12-01 00:00:00,782080101773,80,DW,12,C,01,001,MUNICIPIO DE BENITO JUAREZ    ,2007-12-19 00:00:00, ,5A,ACTIVO,1,1860,9456,2024-10-19,48,0,,,,,,,,,,,,,,,SSB
2025-12-01 00:00:00,782080301187,80,DW,12,C,01,001,MUNICIPIO DE BENITO JUAREZ    ,2008-03-18 00:00:00, ,5A,ACTIVO,1,744,3106,2024-10-11,22,0,,,,,,,,,,,,2,10.800000000000001,2025-12-31,SSB
2025-12-01 00:00:00,782080301187,80,DW,12,C,01,001,MUNICIPIO DE BENITO JUAREZ    ,2008-03-18 00:00:00, ,5A,ACTIVO,,,,2024-10-11,22,0,,,,,,,,,,,,2,10.800000000000001,2025-12-31,SSB
2025-12-01 00:00:00,782080802739,80,DW,12,C,01,001,MUNICIPIO DE BENITO JUAREZ    ,2008-06-03 00:00:00, ,5A,ACTIVO,,,,2024-10-19,127,0,,,,,,,,,,,,10,8.3499999999999996,2025-12-31,SSB
2025-12-01 00:00:00,782080802739,80,DW,12,C,01,001,MUNICIPIO DE BENITO JUAREZ    ,2008-06-03 00:00:00, ,5A,ACTIVO,1,3720,18862,2024-10-19,127,0,,,,,,,,,,,,10,8.3499999999999996,2025-12-31,SSB
2025-12-01 00:00:00,782080802747,80,DW,12,C,01,001,MUNICIPIO DE BENITO JUAREZ    ,2008-06-03 00:00:00, ,5A,ACTIVO,1,2604,9625,2024-12-19,34,0,,,,,,,,,,,,,,,SSB
2025-12-01 00:00:00,782081200791,80,DW,12,C,01,001,MUNICIPIO DE BENITO JUAREZ    ,2008-12-03 00:00:00, ,5A,ACTIVO,1,1116,4410,2024-10-11,52,0,,,,,,,,,,,,3,7.0010000000000003,2025-12-31,SSB
2025-12-01 00:00:00,782081200791,80,DW,12,C,01,001,MUNICIPIO DE BENITO JUAREZ    ,2008-12-03 00:00:00, ,5A,ACTIVO,,,,2024-10-11,52,0,,,,,,,,,,,,3,7.0010000000000003,2025-12-31,SSB
2025-12-01 00:00:00,782100102232,80,DW,12,C,01,001,TELEFONOS DE MEXICO SAB DE CV ,2010-04-06 00:00:00,6,02,ACTIVO,1,29,195,,,0,,,,,,,,,,,,,,,GSC
2025-12-01 00:00:00,782120100040,80,DW,12,C,01,001,MUNICIPIO DE BENITO JUAREZ    ,2012-01-11 00:00:00, ,5A,ACTIVO,,,,2024-10-03,25,0,,,,,,,,,,,,1.075,12.9,2025-12-31,SSB
2025-12-01 00:00:00,782120100040,80,DW,12,C,01,001,MUNICIPIO DE BENITO JUAREZ    ,2012-01-11 00:00:00, ,5A,ACTIVO,1,400,2004,2024-10-03,25,0,,,,,,,,,,,,1.075,12.9,2025-12-31,SSB
2025-12-01 00:00:00,782120505449,80,DW,12,C,01,001,MUNICIPIO DE BENITO JUAREZ    ,2012-05-30 00:00:00, ,5A,ACTIVO,,,,2024-10-04,38,0,,,,,,,,,,,,2.7999999999999998,33.600000000000001,2025-12-31,SSB
2025-12-01 00:00:00,782120505449,80,DW,12,C,01,001,MUNICIPIO DE BENITO JUAREZ    ,2012-05-30 00:00:00, ,5A,ACTIVO,1,1042,4173,2024-10-04,38,0,,,,,,,,,,,,2.7999999999999998,33.600000000000001,2025-12-31,SSB
2025-12-01 00:00:00,782140607124,80,DW,12,C,01,001,MUNICIPIO DE BENITO JUAREZ    ,2014-07-15 00:00:00, ,5A,ACTIVO,1,2009,7607,2024-10-01,56,0,,,,,,,,,,,,5.4000000000000004,64.799999999999997,2025-12-31,SSB
2025-12-01 00:00:00,782140607124,80,DW,12,C,01,001,MUNICIPIO DE BENITO JUAREZ    ,2014-07-15 00:00:00, ,5A,ACTIVO,,,,2024-10-01,56,0,,,,,,,,,,,,5.4000000000000004,64.799999999999997,2025-12-31,SSB
2025-12-01 00:00:00,782141000835,80,DW,12,C,01,001,MUNICIPIO DE BENITO JUAREZ    ,2014-10-14 00:00:00, ,5A,ACTIVO,,,,2024-10-18,102,0,,,,,,,,,,,,11,9.7919999999999998,2025-12-31,SSB
2025-12-01 00:00:00,782141000835,80,DW,12,C,01,001,MUNICIPIO DE BENITO JUAREZ    ,2014-10-14 00:00:00, ,5A,ACTIVO,1,4092,20743,2024-10-18,102,0,,,,,,,,,,,,11,9.7919999999999998,2025-12-31,SSB
2025-12-01 00:00:00,782160203445,80,DW,12,C,01,001,MUNICIPIO DE BENITO JUAREZ    ,2016-01-30 00:00:00, ,5A,ACTIVO,1,1116,4410,2024-10-18,55,0,,,,,,,,,,,,,,,SSB
2025-12-01 00:00:00,782160916361,80,DW,12,C,01,001,MUNICIPIO DE BENITO JUAREZ    ,2016-09-23 00:00:00, ,5A,ACTIVO,1,1600,6185,2024-10-02,55,0,,,,,,,,,,,,4.2999999999999998,51.600000000000001,2025-12-31,SSB
2025-12-01 00:00:00,782160916361,80,DW,12,C,01,001,MUNICIPIO DE BENITO JUAREZ    ,2016-09-23 00:00:00, ,5A,ACTIVO,,,,2024-10-02,55,0,,,,,,,,,,,,4.2999999999999998,51.600000000000001,2025-12-31,SSB
2025-12-01 00:00:00,782160916450,80,DW,12,C,01,001,MUNICIPIO DE BENITO JUAREZ    ,2016-09-23 00:00:00, ,5A,ACTIVO,,,,2024-10-02,73,0,,,,,,,,,,,,5.7000000000000002,68.400000000000006,2025-12-31,SSB
2025-12-01 00:00:00,782160916450,80,DW,12,C,01,001,MUNICIPIO DE BENITO JUAREZ    ,2016-09-23 00:00:00, ,5A,ACTIVO,1,2120,7963,2024-10-02,73,0,,,,,,,,,,,,5.7000000000000002,68.400000000000006,2025-12-31,SSB
2025-12-01 00:00:00,782160916557,80,DW,12,C,01,001,MUNICIPIO DE BENITO JUAREZ    ,2016-09-23 00:00:00, ,5A,ACTIVO,1,3460,12703,2024-10-04,74,0,,,,,,,,,,,,9.3000000000000007,111.59999999999999,2025-12-31,SSB
2025-12-01 00:00:00,782160916557,80,DW,12,C,01,001,MUNICIPIO DE BENITO JUAREZ    ,2016-09-23 00:00:00, ,5A,ACTIVO,,,,2024-10-04,74,0,,,,,,,,,,,,9.3000000000000007,111.59999999999999,2025-12-31,SSB
2025-12-01 00:00:00,782170805265,80,DW,12,D,01,001,MUNICIPIO DE BENITO JUAREZ    ,2017-08-26 00:00:00, ,5A,ACTIVO,,,,2024-10-05,64,0,,,,,,,,,,,,3.2999999999999998,69.599999999999994,2025-12-31,SSB
2025-12-01 00:00:00,782170805265,80,DW,12,D,01,001,MUNICIPIO DE BENITO JUAREZ    ,2017-08-26 00:00:00, ,5A,ACTIVO,1,1228,4881,2024-10-05,64,0,,,,,,,,,,,,3.2999999999999998,69.599999999999994,2025-12-31,SSB
2025-12-01 00:00:00,782180603407,80,DW,12,C,01,001,MUNICIPIO DE BENITO JUAREZ    ,2018-06-23 00:00:00, ,5A,ACTIVO,1,2920,10749,2024-10-26,33,0,,,,,,,,,,,,7.8499999999999996,94.896000000000001,2025-12-31,SSB
2025-12-01 00:00:00,782180603407,80,DW,12,C,01,001,MUNICIPIO DE BENITO JUAREZ    ,2018-06-23 00:00:00, ,5A,ACTIVO,,,,2024-10-26,33,0,,,,,,,,,,,,7.8499999999999996,94.896000000000001,2025-12-31,SSB
2025-12-01 00:00:00,782191004530,80,DW,12,C,01,001,RED NACIONAL ULTIMA MILLA     ,2019-09-15 00:00:00,6,02,ACTIVO,1,104,566,,,0,,,,,,,,,,,,,,,GSC
2025-12-01 00:00:00,782230202191,80,DW,12,A,01,800,CFE TEIT                      ,2023-02-14 00:00:00,0,02,ACTIVO,1,4728,19383,2024-10-26,237,0,,,,,,,,,,,,,,,SSB
2025-12-01 00:00:00,782910400205,80,DW,12,C,01,001,MUNICIPIO DE BENITO JUAREZ    ,1991-04-15 00:00:00, ,5A,ACTIVO,,,,2024-10-30,13,0,,,,,,,,,,,,0.89700000000000002,21.527999999999999,2025-12-31,SSB
2025-12-01 00:00:00,782910400205,80,DW,12,C,01,001,MUNICIPIO DE BENITO JUAREZ    ,1991-04-15 00:00:00, ,5A,ACTIVO,1,334,1738,2024-10-30,13,0,,,,,,,,,,,,0.89700000000000002,21.527999999999999,2025-12-31,SSB
2025-12-01 00:00:00,782930404151,80,DW,12,C,01,001,MUNICIPIO DE BENITO JUAREZ    ,1993-04-16 00:00:00, ,5A,ACTIVO,,,,2024-10-17,29,0,,,,,,,,,,,,2,17.449999999999999,2025-12-31,SSB
2025-12-01 00:00:00,782930404151,80,DW,12,C,01,001,MUNICIPIO DE BENITO JUAREZ    ,1993-04-16 00:00:00, ,5A,ACTIVO,1,744,3106,2024-10-17,29,0,,,,,,,,,,,,2,17.449999999999999,2025-12-31,SSB
2025-12-01 00:00:00,782930606462,80,DW,12,C,01,001,MUNICIPIO DE BENITO JUAREZ    ,1993-06-18 00:00:00, ,5A,ACTIVO,1,1417,5487,2024-10-26,28,0,,,,,,,,,,,,3.8079999999999998,91.391999999999996,2025-12-31,SSB
2025-12-01 00:00:00,782930606462,80,DW,12,C,01,001,MUNICIPIO DE BENITO JUAREZ    ,1993-06-18 00:00:00, ,5A,ACTIVO,,,,2024-10-26,28,0,,,,,,,,,,,,3.8079999999999998,91.391999999999996,2025-12-31,SSB
2025-12-01 00:00:00,782940402326,80,DW,12,C,01,001,MUNICIPIO DE BENITO JUAREZ    ,1994-04-30 00:00:00, ,5A,ACTIVO,,,,2024-10-10,75,0,,,,,,,,,,,,4,6.0010000000000003,2025-12-31,SSB
2025-12-01 00:00:00,782940402326,80,DW,12,C,01,001,MUNICIPIO DE BENITO JUAREZ    ,1994-04-30 00:00:00, ,5A,ACTIVO,1,1488,5713,2024-10-10,75,0,,,,,,,,,,,,4,6.0010000000000003,2025-12-31,SSB
2025-12-01 00:00:00,782940701471,80,DW,12,C,01,001,MUNICIPIO DE BENITO JUAREZ    ,1994-07-31 00:00:00, ,5A,ACTIVO,,,,2024-10-08,6,0,,,,,,,,,,,,1,3.6000000000000001,2025-12-31,SSB
2025-12-01 00:00:00,782940701471,80,DW,12,C,01,001,MUNICIPIO DE BENITO JUAREZ    ,1994-07-31 00:00:00, ,5A,ACTIVO,1,372,1803,2024-10-08,6,0,,,,,,,,,,,,1,3.6000000000000001,2025-12-31,SSB
2025-12-01 00:00:00,782940701609,80,DW,12,C,01,001,MUNICIPIO DE BENITO JUAREZ    ,1994-07-31 00:00:00, ,5A,ACTIVO,,,,2024-10-04,25,0,,,,,,,,,,,,9.5,114,2025-12-31,SSB
2025-12-01 00:00:00,782940701609,80,DW,12,C,01,001,MUNICIPIO DE BENITO JUAREZ    ,1994-07-31 00:00:00, ,5A,ACTIVO,1,3534,12941,2024-10-04,25,0,,,,,,,,,,,,9.5,114,2025-12-31,SSB
2025-12-01 00:00:00,782940701617,80,DW,12,C,01,001,MUNICIPIO DE BENITO JUAREZ    ,1994-07-31 00:00:00, ,5A,ACTIVO,,,,2024-10-01,34,0,,,,,,,,,,,,12.92,155.03999999999999,2025-12-31,SSB
2025-12-01 00:00:00,782940701617,80,DW,12,C,01,001,MUNICIPIO DE BENITO JUAREZ    ,1994-07-31 00:00:00, ,5A,ACTIVO,1,4806,17351,2024-10-01,34,0,,,,,,,,,,,,12.92,155.03999999999999,2025-12-31,SSB
2025-12-01 00:00:00,782940701633,80,DW,12,C,01,001,MUNICIPIO DE BENITO JUAREZ    ,1994-07-31 00:00:00, ,5A,ACTIVO,,,,2024-10-01,32,0,,,,,,,,,,,,12.16,145.90000000000001,2025-12-31,SSB
2025-12-01 00:00:00,782940701633,80,DW,12,C,01,001,MUNICIPIO DE BENITO JUAREZ    ,1994-07-31 00:00:00, ,5A,ACTIVO,1,4524,16448,2024-10-01,32,0,,,,,,,,,,,,12.16,145.90000000000001,2025-12-31,SSB
2025-12-01 00:00:00,782940701676,80,DW,12,C,01,001,MUNICIPIO DE BENITO JUAREZ    ,1994-07-31 00:00:00, ,5A,ACTIVO,,,,2024-10-18,10,0,,,,,,,,,,,,4,1.28,2025-12-31,SSB
2025-12-01 00:00:00,782940701676,80,DW,12,C,01,001,MUNICIPIO DE BENITO JUAREZ    ,1994-07-31 00:00:00, ,5A,ACTIVO,1,1488,5714,2024-10-18,10,0,,,,,,,,,,,,4,1.28,2025-12-31,SSB
2025-12-01 00:00:00,782940801662,80,DW,12,C,01,001,MUNICIPIO DE BENITO JUAREZ    ,1994-08-18 00:00:00, ,5A,ACTIVO,1,2604,9625,2024-10-19,39,0,,,,,,,,,,,,7,6.2130000000000001,2025-12-31,SSB
2025-12-01 00:00:00,782940801662,80,DW,12,C,01,001,MUNICIPIO DE BENITO JUAREZ    ,1994-08-18 00:00:00, ,5A,ACTIVO,,,,2024-10-19,39,0,,,,,,,,,,,,7,6.2130000000000001,2025-12-31,SSB
2025-12-01 00:00:00,782940901217,80,DW,12,C,01,001,MUNICIPIO DE BENITO JUAREZ    ,1994-09-27 00:00:00, ,5A,ACTIVO,,,,2024-10-19,24,0,,,,,,,,,,,,1,4,2025-12-31,SSB
2025-12-01 00:00:00,782940901217,80,DW,12,C,01,001,MUNICIPIO DE BENITO JUAREZ    ,1994-09-27 00:00:00, ,5A,ACTIVO,1,372,1803,2024-10-19,24,0,,,,,,,,,,,,1,4,2025-12-31,SSB
2025-12-01 00:00:00,782940901225,80,DW,12,C,01,001,MUNICIPIO DE BENITO JUAREZ    ,1994-09-27 00:00:00, ,5A,ACTIVO,1,372,1803,2024-10-17,10,0,,,,,,,,,,,,1,5.1600000000000001,2025-12-31,SSB
2025-12-01 00:00:00,782940901225,80,DW,12,C,01,001,MUNICIPIO DE BENITO JUAREZ    ,1994-09-27 00:00:00, ,5A,ACTIVO,,,,2024-10-17,10,0,,,,,,,,,,,,1,5.1600000000000001,2025-12-31,SSB
2025-12-01 00:00:00,782941000957,80,DW,12,C,01,001,MUNICIPIO DE BENITO JUAREZ    ,1994-10-12 00:00:00, ,5A,ACTIVO,,,,2024-10-10,11,0,,,,,,,,,,,,1,1.0009999999999999,2025-12-31,SSB
2025-12-01 00:00:00,782941000957,80,DW,12,C,01,001,MUNICIPIO DE BENITO JUAREZ    ,1994-10-12 00:00:00, ,5A,ACTIVO,1,372,1803,2024-10-10,11,0,,,,,,,,,,,,1,1.0009999999999999,2025-12-31,SSB
2025-12-01 00:00:00,782980101566,80,DW,12,C,01,001,MUNICIPIO DE BENITO JUAREZ    ,1998-01-29 00:00:00, ,5A,ACTIVO,,,,2024-10-02,33,0,,,,,,,,,,,,7.6779999999999999,92.340000000000003,2025-12-31,SSB
2025-12-01 00:00:00,782980101566,80,DW,12,C,01,001,MUNICIPIO DE BENITO JUAREZ    ,1998-01-29 00:00:00, ,5A,ACTIVO,1,2856,10545,2024-10-02,33,0,,,,,,,,,,,,7.6779999999999999,92.340000000000003,2025-12-31,SSB
2025-12-01 00:00:00,783010400966,80,DW,12,D,01,001,MUNICIPIO DE BENITO JUAREZ    ,2001-02-07 00:00:00, ,5A,ACTIVO,1,223,1176,2024-10-05,7,0,,,,,,,,,,,,0.59999999999999998,7.2000000000000002,2025-12-31,SSB
2025-12-01 00:00:00,783010400966,80,DW,12,D,01,001,MUNICIPIO DE BENITO JUAREZ    ,2001-02-07 00:00:00, ,5A,ACTIVO,,,,2024-10-05,7,0,,,,,,,,,,,,0.59999999999999998,7.2000000000000002,2025-12-31,SSB
2025-12-01 00:00:00,783010401105,80,DW,12,D,02,001,MUNICIPIO PUERTO MORELOS      ,2001-04-20 00:00:00, ,5A,ACTIVO,1,1488,5714,2024-10-27,2,0,,,,,,,,,,,,,,,SSB
2025-12-01 00:00:00,783010500171,80,DW,12,D,01,001,MUNICIPIO DE BENITO JUAREZ    ,2001-04-17 00:00:00, ,5A,ACTIVO,1,1488,7574,2024-10-19,26,0,,,,,,,,,,,,,,,SSB
2025-12-01 00:00:00,783010501258,80,DW,12,D,01,001,MUNICIPIO DE BENITO JUAREZ    ,2001-05-22 00:00:00, ,5A,ACTIVO,1,1488,5714,2024-10-19,25,0,,,,,,,,,,,,4,5.0439999999999996,2025-12-31,SSB
2025-12-01 00:00:00,783010501258,80,DW,12,D,01,001,MUNICIPIO DE BENITO JUAREZ    ,2001-05-22 00:00:00, ,5A,ACTIVO,,,,2024-10-19,25,0,,,,,,,,,,,,4,5.0439999999999996,2025-12-31,SSB
2025-12-01 00:00:00,783030302928,80,DW,12,D,01,001,MUNICIPIO DE BENITO JUAREZ    ,2003-01-01 00:00:00, ,5A,ACTIVO,,,,2024-10-07,100,0,,,,,,,,,,,,2,55.200000000000003,2025-12-31,SSB
2025-12-01 00:00:00,783030302928,80,DW,12,D,01,001,MUNICIPIO DE BENITO JUAREZ    ,2003-01-01 00:00:00, ,5A,ACTIVO,1,744,3811,2024-10-07,100,0,,,,,,,,,,,,2,55.200000000000003,2025-12-31,SSB
2025-12-01 00:00:00,783020202429,80,DW,12,C,01,001,MUNICIPIO DE BENITO JUAREZ    ,2002-01-14 00:00:00, ,5A,ACTIVO,1,107,590,2024-10-30,32,0,,,,,,,,,,,,0.28799999999999998,6.9119999999999999,2025-12-31,SSB
2025-12-01 00:00:00,783020202429,80,DW,12,C,01,001,MUNICIPIO DE BENITO JUAREZ    ,2002-01-14 00:00:00, ,5A,ACTIVO,,,,2024-10-30,32,0,,,,,,,,,,,,0.28799999999999998,6.9119999999999999,2025-12-31,SSB
2025-12-01 00:00:00,783020202402,80,DW,12,B,01,001,MUNICIPIO DE BENITO JUAREZ    ,2002-01-09 00:00:00, ,5A,ACTIVO,1,289,1536,2024-10-27,9,0,,,,,,,,,,,,0.77600000000000002,18.629999999999999,2025-12-31,SSB
2025-12-01 00:00:00,783020202402,80,DW,12,B,01,001,MUNICIPIO DE BENITO JUAREZ    ,2002-01-09 00:00:00, ,5A,ACTIVO,,,,2024-10-27,9,0,,,,,,,,,,,,0.77600000000000002,18.629999999999999,2025-12-31,SSB
2025-12-01 00:00:00,783040100410,80,DW,12,C,01,001,MUNICIPIO DE BENITO JUAREZ    ,2003-11-13 00:00:00, ,5A,ACTIVO,,,,2024-10-01,9,0,,,,,,,,,,,,1.6000000000000001,19.199999999999999,2025-12-31,SSB
2025-12-01 00:00:00,783040100410,80,DW,12,C,01,001,MUNICIPIO DE BENITO JUAREZ    ,2003-11-13 00:00:00, ,5A,ACTIVO,1,595,2629,2024-10-01,9,0,,,,,,,,,,,,1.6000000000000001,19.199999999999999,2025-12-31,SSB
2025-12-01 00:00:00,783040100428,80,DW,12,C,01,001,MUNICIPIO DE BENITO JUAREZ    ,2003-11-11 00:00:00, ,5A,ACTIVO,,,,2024-10-18,75,0,,,,,,,,,,,,4,3.6150000000000002,2025-12-31,SSB
2025-12-01 00:00:00,783040100428,80,DW,12,C,01,001,MUNICIPIO DE BENITO JUAREZ    ,2003-11-11 00:00:00, ,5A,ACTIVO,1,1488,5714,2024-10-18,75,0,,,,,,,,,,,,4,3.6150000000000002,2025-12-31,SSB
2025-12-01 00:00:00,783040100436,80,DW,12,A,01,800,MUNICIPIO DE BENITO JUAREZ    ,2003-11-11 00:00:00, ,5A,ACTIVO,1,1860,9455,2024-10-18,8,0,,,,,,,,,,,,,,,SSB
2025-12-01 00:00:00,783020202381,80,DW,12,C,01,001,MUNICIPIO DE BENITO JUAREZ    ,2002-01-08 00:00:00, ,5A,ACTIVO,,,,2024-10-26,48,0,,,,,,,,,,,,3.504,84.096000000000004,2025-12-31,SSB
2025-12-01 00:00:00,783020202381,80,DW,12,C,01,001,MUNICIPIO DE BENITO JUAREZ    ,2002-01-08 00:00:00, ,5A,ACTIVO,1,1303,6639,2024-10-26,48,0,,,,,,,,,,,,3.504,84.096000000000004,2025-12-31,SSB
2025-12-01 00:00:00,783020202372,80,DW,12,C,01,001,MUNICIPIO DE BENITO JUAREZ    ,2002-01-14 00:00:00, ,5A,ACTIVO,1,372,1930,2024-10-18,33,0,,,,,,,,,,,,,,,SSB
2025-12-01 00:00:00,783020202356,80,DW,12,D,01,001,MUNICIPIO DE BENITO JUAREZ    ,2002-01-08 00:00:00, ,5A,ACTIVO,1,449,2320,2024-10-30,57,0,,,,,,,,,,,,1.206,28.943999999999999,2025-12-31,SSB
2025-12-01 00:00:00,783020202356,80,DW,12,D,01,001,MUNICIPIO DE BENITO JUAREZ    ,2002-01-08 00:00:00, ,5A,ACTIVO,,,,2024-10-30,57,0,,,,,,,,,,,,1.206,28.943999999999999,2025-12-31,SSB
2025-12-01 00:00:00,783020202232,80,DW,12,C,01,001,MUNICIPIO DE BENITO JUAREZ    ,2002-01-14 00:00:00, ,5A,ACTIVO,,,,2024-10-26,68,0,,,,,,,,,,,,8.9960000000000004,215.904,2025-12-31,SSB
2025-12-01 00:00:00,783050902182,80,DW,12,D,01,001,MUNICIPIO DE BENITO JUAREZ    ,2004-04-13 00:00:00, ,5A,ACTIVO,,,,2024-10-04,31,0,,,,,,,,,,,,1.3999999999999999,16.800000000000001,2025-12-31,SSB
2025-12-01 00:00:00,783050902182,80,DW,12,D,01,001,MUNICIPIO DE BENITO JUAREZ    ,2004-04-13 00:00:00, ,5A,ACTIVO,1,521,2684,2024-10-04,31,0,,,,,,,,,,,,1.3999999999999999,16.800000000000001,2025-12-31,SSB
2025-12-01 00:00:00,783020202232,80,DW,12,C,01,001,MUNICIPIO DE BENITO JUAREZ    ,2002-01-14 00:00:00, ,5A,ACTIVO,1,3347,16975,2024-10-26,68,0,,,,,,,,,,,,8.9960000000000004,215.904,2025-12-31,SSB
2025-12-01 00:00:00,783010900861,80,DW,12,D,01,001,MUNICIPIO DE BENITO JUAREZ    ,2000-10-01 00:00:00, ,5A,ACTIVO,1,616,3164,2024-10-30,24,0,,,,,,,,,,,,1.6559999999999999,39.744,2025-12-31,SSB
2025-12-01 00:00:00,783010900861,80,DW,12,D,01,001,MUNICIPIO DE BENITO JUAREZ    ,2000-10-01 00:00:00, ,5A,ACTIVO,,,,2024-10-30,24,0,,,,,,,,,,,,1.6559999999999999,39.744,2025-12-31,SSB
2025-12-01 00:00:00,783000656512,80,DW,12,D,01,001,MUNICIPIO DE BENITO JUAREZ    ,2000-03-30 00:00:00, ,5A,ACTIVO,1,446,2152,2024-10-05,27,0,,,,,,,,,,,,1.198,14.58,2025-12-31,SSB
2025-12-01 00:00:00,783080201553,80,DW,12,A,01,800,MUNICIPIO DE BENITO JUAREZ    ,2008-01-29 00:00:00, ,5A,ACTIVO,,,,2024-10-18,45,0,,,,,,,,,,,,6,6.21,2025-12-31,SSB
2025-12-01 00:00:00,783080201553,80,DW,12,A,01,800,MUNICIPIO DE BENITO JUAREZ    ,2008-01-29 00:00:00, ,5A,ACTIVO,1,2232,11337,2024-10-18,45,0,,,,,,,,,,,,6,6.21,2025-12-31,SSB
2025-12-01 00:00:00,783000656512,80,DW,12,D,01,001,MUNICIPIO DE BENITO JUAREZ    ,2000-03-30 00:00:00, ,5A,ACTIVO,,,,2024-10-05,27,0,,,,,,,,,,,,1.198,14.58,2025-12-31,SSB
2025-12-01 00:00:00,783000655966,80,DW,12,D,01,001,MUNICIPIO DE BENITO JUAREZ    ,2000-05-24 00:00:00, ,5A,ACTIVO,,,,2024-10-05,64,0,,,,,,,,,,,,2.9580000000000002,35.5,2025-12-31,SSB
2025-12-01 00:00:00,783080501247,80,DW,12,D,01,001,MUNICIPIO DE BENITO JUAREZ    ,2008-05-06 00:00:00, ,5A,ACTIVO,,,,2024-10-19,76,0,,,,,,,,,,,,4,3.274,2025-12-31,SSB
2025-12-01 00:00:00,783080501247,80,DW,12,D,01,001,MUNICIPIO DE BENITO JUAREZ    ,2008-05-06 00:00:00, ,5A,ACTIVO,1,1488,7574,2024-10-19,76,0,,,,,,,,,,,,4,3.274,2025-12-31,SSB
2025-12-01 00:00:00,783080501441,80,DW,12,D,01,001,MUNICIPIO DE BENITO JUAREZ    ,2008-04-23 00:00:00, ,5A,ACTIVO,1,372,1803,2024-10-20,26,0,,,,,,,,,,,,1,14.4,2025-12-31,SSB
2025-12-01 00:00:00,783080501441,80,DW,12,D,01,001,MUNICIPIO DE BENITO JUAREZ    ,2008-04-23 00:00:00, ,5A,ACTIVO,,,,2024-10-20,26,0,,,,,,,,,,,,1,14.4,2025-12-31,SSB
2025-12-01 00:00:00,783000655966,80,DW,12,D,01,001,MUNICIPIO DE BENITO JUAREZ    ,2000-05-24 00:00:00, ,5A,ACTIVO,1,1100,4359,2024-10-05,64,0,,,,,,,,,,,,2.9580000000000002,35.5,2025-12-31,SSB
2025-12-01 00:00:00,782980700818,80,DW,12,C,01,001,MUNICIPIO DE BENITO JUAREZ    ,1998-07-24 00:00:00, ,5A,ACTIVO,1,1860,7018,2024-10-08,21,0,,,,,,,,,,,,5,51.600000000000001,2025-12-31,SSB
2025-12-01 00:00:00,782980700818,80,DW,12,C,01,001,MUNICIPIO DE BENITO JUAREZ    ,1998-07-24 00:00:00, ,5A,ACTIVO,,,,2024-10-08,21,0,,,,,,,,,,,,5,51.600000000000001,2025-12-31,SSB
2025-12-01 00:00:00,783030101990,80,DW,12,B,01,001,MUNICIPIO DE BENITO JUAREZ    ,2003-01-17 00:00:00, ,5A,ACTIVO,,,,2024-10-30,12,0,,,,,,,,,,,,0.82799999999999996,19.872,2025-12-31,SSB
2025-12-01 00:00:00,783080608874,80,DW,12,D,01,001,MUNICIPIO DE BENITO JUAREZ    ,2008-06-05 00:00:00, ,02,ACTIVO,1,3348,15935,2024-12-20,25,0,,,,,,,,,,,,,,,SSB
2025-12-01 00:00:00,783030101990,80,DW,12,B,01,001,MUNICIPIO DE BENITO JUAREZ    ,2003-01-17 00:00:00, ,5A,ACTIVO,1,308,1598,2024-10-30,12,0,,,,,,,,,,,,0.82799999999999996,19.872,2025-12-31,SSB
2025-12-01 00:00:00,783020406253,80,DW,12,C,01,001,MUNICIPIO DE BENITO JUAREZ    ,2002-04-15 00:00:00, ,5A,ACTIVO,1,127,691,2024-10-26,38,0,,,,,,,,,,,,0.34200000000000003,8.2080000000000002,2025-12-31,SSB
2025-12-01 00:00:00,783020406253,80,DW,12,C,01,001,MUNICIPIO DE BENITO JUAREZ    ,2002-04-15 00:00:00, ,5A,ACTIVO,,,,2024-10-26,38,0,,,,,,,,,,,,0.34200000000000003,8.2080000000000002,2025-12-31,SSB
2025-12-01 00:00:00,783030400105,80,DW,12,C,01,001,MUNICIPIO DE BENITO JUAREZ    ,2003-03-19 00:00:00, ,5A,ACTIVO,1,2605,9740,2024-10-02,96,0,,,,,,,,,,,,7.0039999999999996,84.049999999999997,2025-12-31,SSB
2025-12-01 00:00:00,783080802417,80,DW,12,D,01,001,MUNICIPIO DE BENITO JUAREZ    ,2008-06-04 00:00:00, ,5A,ACTIVO,,,,2024-10-30,12,0,,,,,,,,,,,,0.82799999999999996,19.872,2025-12-31,SSB
2025-12-01 00:00:00,783080802417,80,DW,12,D,01,001,MUNICIPIO DE BENITO JUAREZ    ,2008-06-04 00:00:00, ,5A,ACTIVO,1,308,1607,2024-10-30,12,0,,,,,,,,,,,,0.82799999999999996,19.872,2025-12-31,SSB
2025-12-01 00:00:00,783080802921,80,DW,12,D,01,001,MUNICIPIO DE BENITO JUAREZ    ,2008-06-03 00:00:00, ,5A,ACTIVO,,,,2024-10-25,27,0,,,,,,,,,,,,4.306,103.34399999999999,2025-12-31,SSB
2025-12-01 00:00:00,783080802921,80,DW,12,D,01,001,MUNICIPIO DE BENITO JUAREZ    ,2008-06-03 00:00:00, ,5A,ACTIVO,1,1602,8150,2024-10-25,27,0,,,,,,,,,,,,4.306,103.34399999999999,2025-12-31,SSB
2025-12-01 00:00:00,783080802930,80,DW,12,D,01,001,MUNICIPIO DE BENITO JUAREZ    ,2008-06-12 00:00:00, ,5A,ACTIVO,,,,2024-10-05,27,0,,,,,,,,,,,,1.3,15.6,2025-12-31,SSB
2025-12-01 00:00:00,783080802930,80,DW,12,D,01,001,MUNICIPIO DE BENITO JUAREZ    ,2008-06-12 00:00:00, ,5A,ACTIVO,1,484,2496,2024-10-05,27,0,,,,,,,,,,,,1.3,15.6,2025-12-31,SSB
2025-12-01 00:00:00,783080802387,80,DW,12,D,01,001,MUNICIPIO DE BENITO JUAREZ    ,2008-06-25 00:00:00, ,5A,ACTIVO,,,,2024-10-26,187,0,,,,,,,,,,,,12.529999999999999,150.36000000000001,2025-12-31,SSB
2025-12-01 00:00:00,783080802387,80,DW,12,D,01,001,MUNICIPIO DE BENITO JUAREZ    ,2008-06-25 00:00:00, ,5A,ACTIVO,1,4661,23621,2024-10-26,187,0,,,,,,,,,,,,12.529999999999999,150.36000000000001,2025-12-31,SSB
2025-12-01 00:00:00,783080802409,80,DW,12,D,01,001,MUNICIPIO DE BENITO JUAREZ    ,2008-06-25 00:00:00, ,5A,ACTIVO,,,,2024-10-26,8,0,,,,,,,,,,,,0.39400000000000002,4.7279999999999998,2025-12-31,SSB
2025-12-01 00:00:00,783080802409,80,DW,12,D,01,001,MUNICIPIO DE BENITO JUAREZ    ,2008-06-25 00:00:00, ,5A,ACTIVO,1,147,792,2024-10-26,8,0,,,,,,,,,,,,0.39400000000000002,4.7279999999999998,2025-12-31,SSB
2025-12-01 00:00:00,783100604170,80,DW,12,D,01,001,MUNICIPIO DE BENITO JUAREZ    ,2010-07-01 00:00:00, ,02,ACTIVO,1,359,1753,,,0,,,,,,,,,,,,,,,GSC
2025-12-01 00:00:00,783030400105,80,DW,12,C,01,001,MUNICIPIO DE BENITO JUAREZ    ,2003-03-19 00:00:00, ,5A,ACTIVO,,,,2024-10-02,96,0,,,,,,,,,,,,7.0039999999999996,84.049999999999997,2025-12-31,SSB
2025-12-01 00:00:00,783030400601,80,DW,12,D,01,001,MUNICIPIO DE BENITO JUAREZ    ,2003-03-13 00:00:00, ,5A,ACTIVO,,,,2024-10-05,94,0,,,,,,,,,,,,4.5999999999999996,55.200000000000003,2025-12-31,SSB
2025-12-01 00:00:00,783030400601,80,DW,12,D,01,001,MUNICIPIO DE BENITO JUAREZ    ,2003-03-13 00:00:00, ,5A,ACTIVO,1,1711,6540,2024-10-05,94,0,,,,,,,,,,,,4.5999999999999996,55.200000000000003,2025-12-31,SSB
2025-12-01 00:00:00,783040300036,80,DW,12,C,01,001,MUNICIPIO DE BENITO JUAREZ    ,2004-01-29 00:00:00, ,5A,ACTIVO,1,744,3106,2024-10-19,25,0,,,,,,,,,,,,2,1.7949999999999999,2025-12-31,SSB
2025-12-01 00:00:00,783040300036,80,DW,12,C,01,001,MUNICIPIO DE BENITO JUAREZ    ,2004-01-29 00:00:00, ,5A,ACTIVO,,,,2024-10-19,25,0,,,,,,,,,,,,2,1.7949999999999999,2025-12-31,SSB
2025-12-01 00:00:00,783050400055,80,DW,12,D,01,001,MUNICIPIO DE BENITO JUAREZ    ,2005-04-05 00:00:00, ,5A,ACTIVO,,,,2024-10-04,66,0,,,,,,,,,,,,5.8499999999999996,49.200000000000003,2025-12-31,SSB
2025-12-01 00:00:00,783050400055,80,DW,12,D,01,001,MUNICIPIO DE BENITO JUAREZ    ,2005-04-05 00:00:00, ,5A,ACTIVO,1,2176,11054,2024-10-04,66,0,,,,,,,,,,,,5.8499999999999996,49.200000000000003,2025-12-31,SSB
2025-12-01 00:00:00,783060600575,80,DW,12,D,01,001,MUNICIPIO DE BENITO JUAREZ    ,2006-06-01 00:00:00, ,5A,ACTIVO,,,,2024-10-05,53,0,,,,,,,,,,,,3.5910000000000002,43.090000000000003,2025-12-31,SSB
2025-12-01 00:00:00,783060600575,80,DW,12,D,01,001,MUNICIPIO DE BENITO JUAREZ    ,2006-06-01 00:00:00, ,5A,ACTIVO,1,1336,5227,2024-10-05,53,0,,,,,,,,,,,,3.5910000000000002,43.090000000000003,2025-12-31,SSB
2025-12-01 00:00:00,783121101224,80,DW,12,C,01,001,MUNICIPIO DE BENITO JUAREZ    ,2012-11-07 00:00:00, ,5A,ACTIVO,,,,2024-10-18,94,0,,,,,,,,,,,,9,8.4199999999999999,2025-12-31,SSB
2025-12-01 00:00:00,783121101224,80,DW,12,C,01,001,MUNICIPIO DE BENITO JUAREZ    ,2012-11-07 00:00:00, ,5A,ACTIVO,1,3348,12232,2024-10-18,94,0,,,,,,,,,,,,9,8.4199999999999999,2025-12-31,SSB
2025-12-01 00:00:00,783080201511,80,DW,12,A,01,800,MUNICIPIO DE BENITO JUAREZ    ,2008-01-29 00:00:00, ,5A,ACTIVO,1,1488,7574,2024-10-20,31,0,,,,,,,,,,,,4,3.6070000000000002,2025-12-31,SSB
2025-12-01 00:00:00,783080201511,80,DW,12,A,01,800,MUNICIPIO DE BENITO JUAREZ    ,2008-01-29 00:00:00, ,5A,ACTIVO,,,,2024-10-20,31,0,,,,,,,,,,,,4,3.6070000000000002,2025-12-31,SSB
2025-12-01 00:00:00,783080301957,80,DW,12,D,01,001,MUNICIPIO DE BENITO JUAREZ    ,2008-03-18 00:00:00, ,5A,ACTIVO,1,744,3812,2024-10-19,17,0,,,,,,,,,,,,2,0.82999999999999996,2025-12-31,SSB
2025-12-01 00:00:00,783080301957,80,DW,12,D,01,001,MUNICIPIO DE BENITO JUAREZ    ,2008-03-18 00:00:00, ,5A,ACTIVO,,,,2024-10-19,17,0,,,,,,,,,,,,2,0.82999999999999996,2025-12-31,SSB
2025-12-01 00:00:00,783080501506,80,DW,12,D,01,001,MUNICIPIO DE BENITO JUAREZ    ,2008-04-23 00:00:00, ,5A,ACTIVO,,,,2024-10-21,41,0,,,,,,,,,,,,3,32.399999999999999,2025-12-31,SSB
2025-12-01 00:00:00,783080501506,80,DW,12,D,01,001,MUNICIPIO DE BENITO JUAREZ    ,2008-04-23 00:00:00, ,5A,ACTIVO,1,1116,4410,2024-10-21,41,0,,,,,,,,,,,,3,32.399999999999999,2025-12-31,SSB
2025-12-01 00:00:00,783160712257,80,DW,12,D,01,001,MUNICIPIO DE BENITO JUAREZ    ,2016-07-30 00:00:00, ,5A,ACTIVO,1,1116,4410,2024-12-10,22,0,,,,,,,,,,,,3,24,2025-12-31,SSB
2025-12-01 00:00:00,783160712257,80,DW,12,D,01,001,MUNICIPIO DE BENITO JUAREZ    ,2016-07-30 00:00:00, ,5A,ACTIVO,,,,2024-12-10,22,0,,,,,,,,,,,,3,24,2025-12-31,SSB
2025-12-01 00:00:00,783080502979,80,DW,12,D,01,001,MUNICIPIO DE BENITO JUAREZ    ,2008-04-29 00:00:00, ,5A,ACTIVO,,,,2024-10-21,64,0,,,,,,,,,,,,2,38.399999999999999,2025-12-31,SSB
2025-12-01 00:00:00,783080502979,80,DW,12,D,01,001,MUNICIPIO DE BENITO JUAREZ    ,2008-04-29 00:00:00, ,5A,ACTIVO,1,744,3811,2024-10-21,64,0,,,,,,,,,,,,2,38.399999999999999,2025-12-31,SSB
2025-12-01 00:00:00,783090104254,80,DW,12,D,01,001,MUNICIPIO DE BENITO JUAREZ    ,2009-01-06 00:00:00, ,5A,ACTIVO,,,,2024-10-04,37,0,,,,,,,,,,,,5,26.399999999999999,2025-12-31,SSB
2025-12-01 00:00:00,783090104254,80,DW,12,D,01,001,MUNICIPIO DE BENITO JUAREZ    ,2009-01-06 00:00:00, ,5A,ACTIVO,1,1860,9456,2024-10-04,37,0,,,,,,,,,,,,5,26.399999999999999,2025-12-31,SSB
2025-12-01 00:00:00,783090104262,80,DW,12,D,01,001,MUNICIPIO DE BENITO JUAREZ    ,2009-01-07 00:00:00, ,5A,ACTIVO,,,,2024-10-04,68,0,,,,,,,,,,,,3,36,2025-12-31,SSB
2025-12-01 00:00:00,783090104262,80,DW,12,D,01,001,MUNICIPIO DE BENITO JUAREZ    ,2009-01-07 00:00:00, ,5A,ACTIVO,1,1116,5693,2024-10-04,68,0,,,,,,,,,,,,3,36,2025-12-31,SSB
2025-12-01 00:00:00,783110305375,80,DW,12,D,01,001,MUNICIPIO DE BENITO JUAREZ    ,2011-03-14 00:00:00, ,5A,ACTIVO,1,2306,8670,2024-10-05,49,0,,,,,,,,,,,,6.2000000000000002,74.400000000000006,2025-12-31,SSB
2025-12-01 00:00:00,783110305375,80,DW,12,D,01,001,MUNICIPIO DE BENITO JUAREZ    ,2011-03-14 00:00:00, ,5A,ACTIVO,,,,2024-10-05,49,0,,,,,,,,,,,,6.2000000000000002,74.400000000000006,2025-12-31,SSB
2025-12-01 00:00:00,783120504872,80,DW,12,D,01,001,MUNICIPIO DE BENITO JUAREZ    ,2012-05-08 00:00:00, ,5A,ACTIVO,,,,2024-10-05,108,0,,,,,,,,,,,,4.5999999999999996,55.200000000000003,2025-12-31,SSB
2025-12-01 00:00:00,783120504872,80,DW,12,D,01,001,MUNICIPIO DE BENITO JUAREZ    ,2012-05-08 00:00:00, ,5A,ACTIVO,1,1711,6540,2024-10-05,108,0,,,,,,,,,,,,4.5999999999999996,55.200000000000003,2025-12-31,SSB
2025-12-01 00:00:00,783120709075,80,DW,12,D,02,001,MUNICIPIO PUERTO MORELOS      ,2012-07-27 00:00:00, ,02,ACTIVO,1,717,3451,,,0,,,,,,,,,,,,,,,GSC
2025-12-01 00:00:00,783121100589,80,DW,12,C,01,001,MUNICIPIO DE BENITO JUAREZ    ,2012-12-20 00:00:00, ,5A,ACTIVO,1,3348,16981,2024-10-18,42,0,,,,,,,,,,,,9,5.4400000000000004,2025-12-31,SSB
2025-12-01 00:00:00,784000355977,80,DW,12,C,01,001,MUNICIPIO DE BENITO JUAREZ    ,1998-01-01 00:00:00, ,5A,ACTIVO,1,372,1930,2024-12-18,25,0,,,,,,,,,,,,1,1.075,2025-12-31,SSB
2025-12-01 00:00:00,784000355977,80,DW,12,C,01,001,MUNICIPIO DE BENITO JUAREZ    ,1998-01-01 00:00:00, ,5A,ACTIVO,,,,2024-12-18,25,0,,,,,,,,,,,,1,1.075,2025-12-31,SSB
2025-12-01 00:00:00,784011100211,80,DW,12,E,01,001,MUNICIPIO DE BENITO JUAREZ    ,2001-10-26 00:00:00, ,5A,ACTIVO,1,3348,12232,2024-10-29,52,0,,,,,,,,,,,,9,108.48,2025-12-31,SSB
2025-12-01 00:00:00,784011100211,80,DW,12,E,01,001,MUNICIPIO DE BENITO JUAREZ    ,2001-10-26 00:00:00, ,5A,ACTIVO,,,,2024-10-29,52,0,,,,,,,,,,,,9,108.48,2025-12-31,SSB
2025-12-01 00:00:00,783050300654,80,DW,12,A,01,800,MUNICIPIO DE BENITO JUAREZ    ,2005-03-09 00:00:00, ,02,ACTIVO,1,22,153,2024-10-16,8,0,,,,,,,,,,,,,,,SSB
2025-12-01 00:00:00,783050300689,80,DW,12,A,01,800,MUNICIPIO DE BENITO JUAREZ    ,2005-03-09 00:00:00, ,02,ACTIVO,1,143,728,,,0,,,,,,,,,,,,,,,GSC
2025-12-01 00:00:00,783121100589,80,DW,12,C,01,001,MUNICIPIO DE BENITO JUAREZ    ,2012-12-20 00:00:00, ,5A,ACTIVO,,,,2024-10-18,42,0,,,,,,,,,,,,9,5.4400000000000004,2025-12-31,SSB
2025-12-01 00:00:00,783121100597,80,DW,12,C,01,001,MUNICIPIO DE BENITO JUAREZ    ,2012-11-07 00:00:00, ,5A,ACTIVO,,,,2024-10-18,43,0,,,,,,,,,,,,1,1.6299999999999999,2025-12-31,SSB
2025-12-01 00:00:00,784111200212,80,DW,12,E,01,001,MUNICIPIO DE BENITO JUAREZ    ,2011-12-06 00:00:00, ,02,ACTIVO,1,3,63,2024-12-20,202020,0,,,,,,,,,,,,,,,SSB
2025-12-01 00:00:00,784111200239,80,DW,12,E,01,001,MUNICIPIO DE BENITO JUAREZ    ,2011-12-06 00:00:00, ,02,ACTIVO,1,1653,7893,,,0,,,,,,,,,,,,,,,GSC
2025-12-01 00:00:00,783121100597,80,DW,12,C,01,001,MUNICIPIO DE BENITO JUAREZ    ,2012-11-07 00:00:00, ,5A,ACTIVO,1,372,1930,2024-10-18,43,0,,,,,,,,,,,,1,1.6299999999999999,2025-12-31,SSB
2025-12-01 00:00:00,783160803198,80,DW,12,D,01,001,MUNICIPIO DE BENITO JUAREZ    ,2016-08-11 00:00:00, ,5A,ACTIVO,1,856,3577,2024-12-05,54,0,,,,,,,,,,,,2.2999999999999998,27.600000000000001,2025-12-31,SSB
2025-12-01 00:00:00,783170605700,80,DW,12,D,01,001,MUNICIPIO DE BENITO JUAREZ    ,2017-07-01 00:00:00, ,5A,ACTIVO,,,,2024-10-04,64,0,,,,,,,,,,,,4.9000000000000004,58.799999999999997,2025-12-31,SSB
2025-12-01 00:00:00,785110402276,80,DW,03,A,01,001,CAMPO DE BEISBOL              ,2011-04-01 00:00:00,6,02,ACTIVO,1,155,785,2024-12-26,14,0,,,,,,,,,,,,,,,SSB
2025-12-01 00:00:00,783170605700,80,DW,12,D,01,001,MUNICIPIO DE BENITO JUAREZ    ,2017-07-01 00:00:00, ,5A,ACTIVO,1,1823,6899,2024-10-04,64,0,,,,,,,,,,,,4.9000000000000004,58.799999999999997,2025-12-31,SSB
2025-12-01 00:00:00,783180303159,80,DW,12,D,01,001,MUNICIPIO DE BENITO JUAREZ    ,2018-03-16 00:00:00, ,5A,ACTIVO,1,744,3106,2024-10-05,21,0,,,,,,,,,,,,2,24,2025-12-31,SSB
2025-12-01 00:00:00,785160301497,80,DW,03,A,01,001,H AYUNTAMIENTO TICUL          ,2016-03-31 00:00:00,6,02,ACTIVO,1,381,1857,2024-12-26,21,0,,,,,,,,,,,,,,,SSB
2025-12-01 00:00:00,785160301501,80,DW,03,A,01,001,H AYUNTAMIENTO TICUL          ,2016-03-31 00:00:00,6,02,ACTIVO,1,0,48,2024-12-26,27,0,,,,,,,,,,,,,,,SSB
2025-12-01 00:00:00,783180303159,80,DW,12,D,01,001,MUNICIPIO DE BENITO JUAREZ    ,2018-03-16 00:00:00, ,5A,ACTIVO,,,,2024-10-05,21,0,,,,,,,,,,,,2,24,2025-12-31,SSB
2025-12-01 00:00:00,783190803591,80,DW,12,D,01,001,RED NACIONAL ULTIMA MILLA     ,2019-07-26 00:00:00,6,02,ACTIVO,1,3013,14964,,,0,,,,,,,,,,,,,,,GSC
2025-12-01 00:00:00,785230200910,80,DW,03,A,04,001,CFE TEIT                      ,2023-02-16 00:00:00,0,02,ACTIVO,1,4201,17227,2024-12-26,257,0,,,,,,,,,,,,,,,SSB
2025-12-01 00:00:00,783191011061,80,DW,12,A,01,800,RED NACIONAL ULTIMA MILLA     ,2019-09-15 00:00:00,6,02,ACTIVO,1,223,1155,,,0,,,,,,,,,,,,,,,GSC
2025-12-01 00:00:00,783130605171,80,DW,12,D,01,001,MUNICIPIO DE BENITO JUAREZ    ,2013-08-06 00:00:00, ,5A,ACTIVO,,,,2024-10-04,125,0,,,,,,,,,,,,11.099,63.600000000000001,2025-12-31,SSB
2025-12-01 00:00:00,783130605171,80,DW,12,D,01,001,MUNICIPIO DE BENITO JUAREZ    ,2013-08-06 00:00:00, ,5A,ACTIVO,1,4129,15071,2024-10-04,125,0,,,,,,,,,,,,11.099,63.600000000000001,2025-12-31,SSB
2025-12-01 00:00:00,783130802481,80,DW,12,D,01,001,MUNICIPIO DE BENITO JUAREZ    ,2013-08-09 00:00:00, ,5A,ACTIVO,1,1488,5713,2024-10-19,40,0,,,,,,,,,,,,4,2,2025-12-31,SSB
2025-12-01 00:00:00,783130802481,80,DW,12,D,01,001,MUNICIPIO DE BENITO JUAREZ    ,2013-08-09 00:00:00, ,5A,ACTIVO,,,,2024-10-19,40,0,,,,,,,,,,,,4,2,2025-12-31,SSB
2025-12-01 00:00:00,783160604110,80,DW,12,D,01,001,MUNICIPIO DE BENITO JUAREZ    ,2016-05-07 00:00:00, ,5A,ACTIVO,,,,2024-10-04,74,0,,,,,,,,,,,,3.2999999999999998,39.600000000000001,2025-12-31,SSB
2025-12-01 00:00:00,783160604110,80,DW,12,D,01,001,MUNICIPIO DE BENITO JUAREZ    ,2016-05-07 00:00:00, ,5A,ACTIVO,1,1228,4881,2024-10-04,74,0,,,,,,,,,,,,3.2999999999999998,39.600000000000001,2025-12-31,SSB
2025-12-01 00:00:00,783160712311,80,DW,12,D,01,001,MUNICIPIO DE BENITO JUAREZ    ,2016-08-02 00:00:00, ,5A,ACTIVO,,,,2024-12-10,69,0,,,,,,,,,,,,8,84,2025-12-31,SSB
2025-12-01 00:00:00,783160712311,80,DW,12,D,01,001,MUNICIPIO DE BENITO JUAREZ    ,2016-08-02 00:00:00, ,5A,ACTIVO,1,2976,10929,2024-12-10,69,0,,,,,,,,,,,,8,84,2025-12-31,SSB
2025-12-01 00:00:00,783160803198,80,DW,12,D,01,001,MUNICIPIO DE BENITO JUAREZ    ,2016-08-11 00:00:00, ,5A,ACTIVO,,,,2024-12-05,54,0,,,,,,,,,,,,2.2999999999999998,27.600000000000001,2025-12-31,SSB
2025-12-01 00:00:00,784910400186,80,DW,12,E,01,001,MUNICIPIO DE BENITO JUAREZ    ,1991-04-15 00:00:00, ,5A,ACTIVO,,,,2024-10-27,17,0,,,,,,,,,,,,0.153,3.6720000000000002,2025-12-31,SSB
2025-12-01 00:00:00,783200501467,80,DW,12,D,01,001,MUNICIPIO DE BENITO JUAREZ    ,2020-05-19 00:00:00, ,5A,ACTIVO,,,,2024-10-19,14,0,,,,,,,,,,,,4,0.69999999999999996,2025-12-31,SSB
2025-12-01 00:00:00,785790800424,80,DW,03,A,13,001,H AYUNT  SACALUM     Y0620    ,1979-08-21 00:00:00,6,5A,ACTIVO,1,1306,6653,2024-06-24,69,0,,,,,,,,,,,,,,,SSB
2025-12-01 00:00:00,785790800432,80,DW,03,A,17,001,H AYUNT  MUNA        Y053     ,1979-08-20 00:00:00,6,5A,ACTIVO,1,372,1930,2024-11-28,18,0,,,,,,,,,,,,,,,SSB
2025-12-01 00:00:00,783200501467,80,DW,12,D,01,001,MUNICIPIO DE BENITO JUAREZ    ,2020-05-19 00:00:00, ,5A,ACTIVO,1,1488,5714,2024-10-19,14,0,,,,,,,,,,,,4,0.69999999999999996,2025-12-31,SSB
2025-12-01 00:00:00,784100100551,80,DW,12,A,01,800,RED NACIONAL ULTIMA MILLA     ,2010-03-02 00:00:00,6,02,ACTIVO,1,155,818,,,0,,,,,,,,,,,,,,,GSC
2025-12-01 00:00:00,784100100569,80,DW,12,B,01,001,RED NACIONAL ULTIMA MILLA     ,2010-04-08 00:00:00,6,02,ACTIVO,1,162,853,,,0,,,,,,,,,,,,,,,GSC
2025-12-01 00:00:00,784100200741,80,DW,12,B,01,001,RED NACIONAL ULTIMA MILLA     ,2010-02-26 00:00:00,6,02,ACTIVO,1,93,512,,,0,,,,,,,,,,,,,,,GSC
2025-12-01 00:00:00,785941000018,80,DW,03,A,01,001,MUNICIPIO DE TICUL  YUCATAN   ,1994-10-11 00:00:00,6,5A,ACTIVO,1,58936,298103,2024-09-13,2439,0,,,,,,,,,,,,,,,SSB
2025-12-01 00:00:00,784100400074,80,DW,12,B,01,001,RED NACIONAL ULTIMA MILLA     ,2010-04-07 00:00:00,6,02,ACTIVO,1,62,358,,,0,,,,,,,,,,,,,,,GSC
2025-12-01 00:00:00,785950500309,80,DW,03,A,20,001,H AYUNTTO  DE CHAPAB Y018     ,1995-05-31 00:00:00,6,5A,ACTIVO,1,372,1930,2024-11-28,14,0,,,,,,,,,,,,,,,SSB
2025-12-01 00:00:00,785990600080,80,DW,03,A,01,001,MUNICIPIO DE TICUL  YUCATAN   ,1999-06-03 00:00:00,6,5A,ACTIVO,1,757,3877,2024-09-13,24,0,,,,,,,,,,,,,,,SSB
2025-12-01 00:00:00,786031000312,80,DW,03,B,46,001,H AYUNT  TEKAX  Y 0790        ,2003-08-31 00:00:00,6,5A,ACTIVO,1,257,1349,2024-12-12,13,0,,,,,,,,,,,,,,,SSB
2025-12-01 00:00:00,784910400020,80,DW,12,E,01,001,MUNICIPIO DE BENITO JUAREZ    ,1991-04-15 00:00:00, ,5A,ACTIVO,1,480,2260,2024-10-18,30,0,,,,,,,,,,,,,,,SSB
2025-12-01 00:00:00,784910400186,80,DW,12,E,01,001,MUNICIPIO DE BENITO JUAREZ    ,1991-04-15 00:00:00, ,5A,ACTIVO,1,57,793,2024-10-27,17,0,,,,,,,,,,,,0.153,3.6720000000000002,2025-12-31,SSB
2025-12-01 00:00:00,785790800416,80,DW,03,A,12,001,H AYUNT  MUNA        Y053     ,1979-08-17 00:00:00,6,5A,ACTIVO,1,372,1930,2024-11-28,9,0,,,,,,,,,,,,,,,SSB
2025-12-01 00:00:00,785110700315,80,DW,03,A,01,001,H AYUNTAMIENTO TICUL          ,2011-07-06 00:00:00,6,5A,ACTIVO,1,149,802,2024-09-13,8,0,,,,,,,,,,,,,,,SSB
2025-12-01 00:00:00,786240101126,80,DW,03,B,23,001,MUNICIPIO DE OXKUTZCAB        ,2024-01-30 00:00:00,6,02,ACTIVO,1,3125,14877,2024-09-30,75,0,,,,,,,,,,,,,,,SSB
2025-12-01 00:00:00,785150901267,80,DW,03,A,01,001,MUNICIPIO DE TICUL  YUCATAN   ,2015-09-24 00:00:00,6,5A,ACTIVO,1,167,893,2024-11-28,9,0,,,,,,,,,,,,,,,SSB
2025-12-01 00:00:00,785210700363,80,DW,03,A,01,001,SECRETARIA DE SEGURIDAD PUBLIC,2021-07-09 00:00:00,g,02,ACTIVO,1,12752,63170,2024-12-26,107,0,,,,,,,,,,,,,,,SSB
2025-12-01 00:00:00,785220201098,80,DW,03,A,01,001,SSP ARCOS CARRETEROS TICUL    ,2022-02-24 00:00:00,g,02,ACTIVO,1,4843,24023,2024-12-26,27,0,,,,,,,,,,,,,,,SSB
2025-12-01 00:00:00,785240500105,80,DW,03,A,01,001,MUNICIPIO DE TICUL            ,2024-05-20 00:00:00,6,02,ACTIVO,1,4613,21939,2024-09-13,112,0,,,,,,,,,,,,,,,SSB
2025-12-01 00:00:00,785790800319,80,DW,03,A,02,001,H AYUNT  MUNA        Y053     ,1979-08-17 00:00:00,6,5A,ACTIVO,1,31992,161840,2024-11-28,1200,0,,,,,,,,,,,,,,,SSB
2025-12-01 00:00:00,785790800327,80,DW,03,A,03,001,MUNICIPIO DE TICUL  YUCATAN   ,1979-08-16 00:00:00,6,5A,ACTIVO,1,5699,28871,2024-09-13,246,0,,,,,,,,,,,,,,,SSB
2025-12-01 00:00:00,785790800335,80,DW,03,A,04,001,MUNICIPIO DE TICUL  YUCATAN   ,1979-08-16 00:00:00,6,5A,ACTIVO,1,5911,29943,2024-09-13,261,0,,,,,,,,,,,,,,,SSB
2025-12-01 00:00:00,785790800343,80,DW,03,A,05,001,H AYUNT  SACALU M             ,1979-08-20 00:00:00,6,5A,ACTIVO,1,10851,54925,2024-06-24,522,0,,,,,,,,,,,,,,,SSB
2025-12-01 00:00:00,785790800351,80,DW,03,A,06,001,MUNICIPIO DE DZAN YUCATAN     ,1979-08-20 00:00:00,6,5A,ACTIVO,1,11368,57540,2024-06-27,526,0,,,,,,,,,,,,,,,SSB
2025-12-01 00:00:00,785790800360,80,DW,03,A,07,001,H AYUNT  MUNA        Y053     ,1979-08-17 00:00:00,6,5A,ACTIVO,1,1116,5693,2024-11-28,44,0,,,,,,,,,,,,,,,SSB
2025-12-01 00:00:00,785790800378,80,DW,03,A,08,001,H AYUNT  CHAPAB      Y018     ,1979-08-27 00:00:00,6,5A,ACTIVO,1,16740,84707,2024-11-28,316,0,,,,,,,,,,,,,,,SSB
2025-12-01 00:00:00,786790500656,80,DW,03,B,29,001,H AYUNT  TEKAX       Y079     ,1979-05-01 00:00:00,6,5A,ACTIVO,1,2812,14270,2024-12-12,110,0,,,,,,,,,,,,,,,SSB
2025-12-01 00:00:00,786790700124,80,DW,03,B,31,001,H AYUNT  TEKAX       Y079     ,1979-07-12 00:00:00,6,5A,ACTIVO,1,4568,23150,2024-12-12,166,0,,,,,,,,,,,,,,,SSB
2025-12-01 00:00:00,786791000291,80,DW,03,B,30,001,H AYUNT  TEKAX       Y079     ,1979-10-31 00:00:00,6,5A,ACTIVO,1,1629,8287,2024-12-12,66,0,,,,,,,,,,,,,,,SSB
2025-12-01 00:00:00,785790800386,80,DW,03,A,09,001,H AYUNT  TEKIT       Y080     ,1979-08-27 00:00:00,6,5A,ACTIVO,1,40920,206992,2024-11-28,768,0,,,,,,,,,,,,,,,SSB
2025-12-01 00:00:00,785790800394,80,DW,03,A,10,001,H AYUNT  MAMA        Y046     ,1979-08-24 00:00:00,6,5A,ACTIVO,1,11446,57934,2024-12-16,429,0,,,,,,,,,,,,,,,SSB
2025-12-01 00:00:00,785790800408,80,DW,03,A,11,001,H AYUNT  STA ELENA   Y066     ,1979-08-24 00:00:00,6,5A,ACTIVO,1,10349,52386,2024-12-16,396,0,,,,,,,,,,,,,,,SSB
2025-12-01 00:00:00,786820401003,80,DW,03,B,16,001,H  AYUNT MANI        Y0470    ,1982-04-30 00:00:00,6,5A,ACTIVO,1,13392,67776,2024-11-28,413,0,,,,,,,,,,,,,,,SSB
2025-12-01 00:00:00,786870100381,80,DW,03,B,32,001,H AYUNT OXKUTZCAB    Y056     ,1987-01-01 00:00:00,6,5A,ACTIVO,1,3277,16621,2024-09-30,135,0,,,,,,,,,,,,,,,SSB
2025-12-01 00:00:00,786870100390,80,DW,03,B,33,001,H AYUNT OXKUTZCAB    Y056     ,1987-01-01 00:00:00,6,5A,ACTIVO,1,3244,16455,2024-09-11,90,0,,,,,,,,,,,,,,,SSB
2025-12-01 00:00:00,786870100403,80,DW,03,B,34,001,H AYUNT TEKAX        Y079     ,1987-01-01 00:00:00,6,5A,ACTIVO,1,1618,8231,2024-12-12,49,0,,,,,,,,,,,,,,,SSB
2025-12-01 00:00:00,786870100411,80,DW,03,B,35,001,H AYUNT TEKAX        Y079     ,1987-01-01 00:00:00,6,5A,ACTIVO,1,1428,7270,2024-12-12,39,0,,,,,,,,,,,,,,,SSB
2025-12-01 00:00:00,786881000168,80,DW,03,B,27,001,MUNICIPIO DE TIXMEHUAC        ,1988-10-31 00:00:00,6,5A,ACTIVO,1,2016,10244,2024-07-23,82,0,,,,,,,,,,,,,,,SSB
2025-12-01 00:00:00,786901000488,80,DW,03,B,36,001,H AYUNT OXKUTZCAB Y056        ,1990-10-22 00:00:00,6,5A,ACTIVO,1,6038,30585,2024-09-30,168,0,,,,,,,,,,,,,,,SSB
2025-12-01 00:00:00,786901000496,80,DW,03,B,37,001,H AYUNT OXKUTZCAB Y056        ,1990-10-22 00:00:00,6,5A,ACTIVO,1,513,2643,2024-09-30,14,0,,,,,,,,,,,,,,,SSB
2025-12-01 00:00:00,786161000225,80,DW,03,D,88,951,ALUMBRADO PUBLICO XCHUCTEIL   ,2016-09-30 00:00:00,H,5A,ACTIVO,1,298,1556,2024-11-28,10,0,,,,,,,,,,,,,,,SSB
2025-12-01 00:00:00,786750419767,80,DW,03,B,15,001,H AYUNT  TEKAX       Y079     ,1975-04-01 00:00:00,6,5A,ACTIVO,1,4672,23676,2024-12-12,123,0,,,,,,,,,,,,,,,SSB
2025-12-01 00:00:00,786750419775,80,DW,03,B,17,001,H AYUNT  MANI        Y047     ,1975-04-01 00:00:00,6,5A,ACTIVO,1,4613,23378,2024-11-28,156,0,,,,,,,,,,,,,,,SSB
2025-12-01 00:00:00,786750419783,80,DW,03,B,20,001,MUNICIPIO DE MAYAPAN          ,1975-04-30 00:00:00,6,5A,ACTIVO,1,10676,54040,2024-11-28,466,0,,,,,,,,,,,,,,,SSB
2025-12-01 00:00:00,786750419791,80,DW,03,B,21,001,H AYUNT  OXKUTZCAB   Y056     ,1975-04-01 00:00:00,6,5A,ACTIVO,1,7544,38201,2024-09-30,275,0,,,,,,,,,,,,,,,SSB
2025-12-01 00:00:00,786750419805,80,DW,03,B,22,001,H AYUNT  AKIL        Y0030    ,1975-04-30 00:00:00,6,5A,ACTIVO,1,27387,138551,2024-06-19,1083,0,,,,,,,,,,,,,,,SSB
2025-12-01 00:00:00,786990810170,80,DW,03,B,44,001,H  AYUNT  TEKAX Y079          ,1999-06-30 00:00:00,6,5A,ACTIVO,1,309,1612,2024-12-12,11,0,,,,,,,,,,,,,,,SSB
2025-12-01 00:00:00,786750601620,80,DW,03,B,14,001,H AYUNT  TEKAX       Y0790    ,1975-06-27 00:00:00,6,5A,ACTIVO,1,53401,270112,2024-12-12,2056,0,,,,,,,,,,,,143.55000000000001,144,2025-12-31,SSB
2025-12-01 00:00:00,785800501161,80,DW,03,A,18,001,H AYUNT  CHAPAB      Y018     ,1980-05-01 00:00:00,6,5A,ACTIVO,1,1488,7574,2024-11-28,72,0,,,,,,,,,,,,,,,SSB
2025-12-01 00:00:00,785810200461,80,DW,03,A,16,001,H AYUNT  MUNA        Y053     ,1981-02-28 00:00:00,6,5A,ACTIVO,1,260,1364,2024-11-28,10,0,,,,,,,,,,,,0.69999999999999996,1,2025-12-31,SSB
2025-12-01 00:00:00,785810200461,80,DW,03,A,16,001,H AYUNT  MUNA        Y053     ,1981-02-28 00:00:00,6,5A,ACTIVO,,,,2024-11-28,10,0,,,,,,,,,,,,0.69999999999999996,1,2025-12-31,SSB
2025-12-01 00:00:00,785820500331,80,DW,03,A,15,001,H AYUNT  SACALUM     Y062     ,1982-05-31 00:00:00,6,5A,ACTIVO,1,551,2835,2024-06-24,29,0,,,,,,,,,,,,,,,SSB
2025-12-01 00:00:00,785950200194,80,DW,03,A,19,001,H  AYUNT SANTA ELENA Y032     ,1995-02-28 00:00:00,6,5A,ACTIVO,1,1481,7539,2024-12-16,74,0,,,,,,,,,,,,,,,SSB
2025-12-01 00:00:00,786040100265,80,DW,03,B,47,001,H  AYUNTAMIENTO TEKAX         ,2003-12-19 00:00:00,6,5A,ACTIVO,1,19,145,2024-12-12,1,0,,,,,,,,,,,,,,,SSB
2025-12-01 00:00:00,786130600071,80,DW,03,B,48,001,H AYUNT DE TEKAX              ,2013-01-01 00:00:00,6,5A,ACTIVO,1,93,520,2024-12-12,5,0,,,,,,,,,,,,,,,SSB
2025-12-01 00:00:00,786130900023,80,DW,03,B,49,001,H AYUNT DE TEKAX              ,2013-09-01 00:00:00,6,5A,ACTIVO,1,424,2193,2024-12-12,21,0,,,,,,,,,,,,,,,SSB
2025-12-01 00:00:00,786750601620,80,DW,03,B,14,001,H AYUNT  TEKAX       Y0790    ,1975-06-27 00:00:00,6,5A,ACTIVO,,,,2024-12-12,2056,0,,,,,,,,,,,,143.55000000000001,144,2025-12-31,SSB
2025-12-01 00:00:00,786760700731,80,DW,03,B,24,001,H AYUNT  TEKAX       Y079     ,1976-07-10 00:00:00,6,5A,ACTIVO,1,3571,18108,2024-12-12,136,0,,,,,,,,,,,,,,,SSB
2025-12-01 00:00:00,786770500170,80,DW,03,B,25,001,H AYUNT  TEKAX       Y079     ,1977-05-05 00:00:00,6,5A,ACTIVO,1,1834,9324,2024-12-12,79,0,,,,,,,,,,,,,,,SSB
2025-12-01 00:00:00,786770500188,80,DW,03,B,26,001,H AYUNT  TEKAX       Y079     ,1977-05-05 00:00:00,6,5A,ACTIVO,1,4226,21421,2024-12-12,181,0,,,,,,,,,,,,,,,SSB
2025-12-01 00:00:00,786770900101,80,DW,03,B,28,001,H AYUNT  TEKAX       Y079     ,1977-09-28 00:00:00,6,5A,ACTIVO,1,2876,14594,2024-12-12,58,0,,,,,,,,,,,,,,,SSB
2025-12-01 00:00:00,786800400426,80,DW,03,B,18,001,H AYUNT  TEABO       Y0750    ,1980-04-30 00:00:00,6,5A,ACTIVO,1,16729,84651,2024-06-19,581,0,,,,,,,,,,,,,,,SSB
2025-12-01 00:00:00,786800400434,80,DW,03,B,19,001,H AYUNT  CHUMAYEL    Y0240    ,1980-04-30 00:00:00,6,5A,ACTIVO,1,9002,45574,2024-11-28,422,0,,,,,,,,,,,,,,,SSB
2025-12-01 00:00:00,786800400442,80,DW,03,B,23,001,H AYUNT  OXKUTZCAB   Y0560    ,1980-04-30 00:00:00,6,5A,ACTIVO,1,63024,318777,2024-09-30,2453,0,,,,,,,,,,,,,,,SSB
2025-12-01 00:00:00,787770700175,80,DW,03,C,74,001,MUNICIPIO DE OPICHEN YUCATAN  ,1977-07-02 00:00:00,6,5A,ACTIVO,1,2623,13314,2024-11-28,126,0,,,,,,,,,,,,,,,SSB
2025-12-01 00:00:00,787770700183,80,DW,03,C,84,001,H AYUNT  MAXCANU     Y0480    ,1977-07-02 00:00:00,6,5A,ACTIVO,1,3434,17416,2024-07-13,68,0,,,,,,,,,,,,,,,SSB
2025-12-01 00:00:00,787770700191,80,DW,03,C,85,001,H AYUNT  MAXCANU     Y0480    ,1977-07-02 00:00:00,6,5A,ACTIVO,1,5904,29907,2024-07-13,154,0,,,,,,,,,,,,,,,SSB
2025-12-01 00:00:00,787780900041,80,DW,03,C,87,001,H AYUNT  MAXCANU     Y0480    ,1978-09-30 00:00:00,6,5A,ACTIVO,1,1473,7498,2024-10-22,22,0,,,,,,,,,,,,,,,SSB
2025-12-01 00:00:00,787780900059,80,DW,03,C,88,001,H AYUNT  HALACHO     Y0330    ,1978-09-30 00:00:00,6,5A,ACTIVO,1,1998,10153,2024-10-22,45,0,,,,,,,,,,,,,,,SSB
2025-12-01 00:00:00,786940101631,80,DW,03,B,39,001,H AYUNTAMIENTO       Y079     ,1994-01-31 00:00:00,6,5A,ACTIVO,1,446,2305,2024-12-12,18,0,,,,,,,,,,,,,,,SSB
2025-12-01 00:00:00,786940101640,80,DW,03,B,40,001,H AYUNTAMIENTO       Y079     ,1994-01-31 00:00:00,6,5A,ACTIVO,1,1667,8480,2024-12-12,36,0,,,,,,,,,,,,,,,SSB
2025-12-01 00:00:00,787800800412,80,DW,03,C,90,001,H AYUNT  MAXCANU     Y0480    ,1980-08-08 00:00:00,6,5A,ACTIVO,1,1362,6936,2024-10-22,37,0,,,,,,,,,,,,,,,SSB
2025-12-01 00:00:00,787840600149,80,DW,03,C,71,001,H AYUNT  HALACHO     Y0330    ,1984-06-02 00:00:00,6,5A,ACTIVO,1,28146,142390,2024-10-22,873,0,,,,,,,,,,,,,,,SSB
2025-12-01 00:00:00,786940101658,80,DW,03,B,41,001,H  AYNTAMIENTO       Y079     ,1994-01-31 00:00:00,6,5A,ACTIVO,1,1618,8231,2024-12-12,67,0,,,,,,,,,,,,,,,SSB
2025-12-01 00:00:00,788010800711,80,DW,03,D,59,951,MUNICIPIO DE TIXMEHUAC        ,2001-06-20 00:00:00,6,5A,ACTIVO,1,223,1177,2024-07-23,11,0,,,,,,,,,,,,,,,SSB
2025-12-01 00:00:00,788020100334,80,DW,03,D,61,951,H  AYUNTAMIENTO DE TEKAX      ,2001-12-09 00:00:00,6,5A,ACTIVO,1,2470,12541,2024-12-12,30,0,,,,,,,,,,,,,,,SSB
2025-12-01 00:00:00,786940101666,80,DW,03,B,42,001,H  AYUNTAMIENTO      Y079     ,1994-01-31 00:00:00,6,5A,ACTIVO,1,130,706,2024-12-12,6,0,,,,,,,,,,,,,,,SSB
2025-12-01 00:00:00,786950500305,80,DW,03,B,43,001,H AYTO DE TEKAX   Y079        ,1995-05-01 00:00:00,6,5A,ACTIVO,1,1056,5389,2024-12-12,9,0,,,,,,,,,,,,,,,SSB
2025-12-01 00:00:00,787750419607,80,DW,03,C,66,001,H AYUNT  MAXCANU     Y0480    ,1975-04-01 00:00:00,6,5A,ACTIVO,1,1819,9248,2024-07-13,55,0,,,,,,,,,,,,,,,SSB
2025-12-01 00:00:00,787750419615,80,DW,03,C,67,001,H AYUNT  OPICHEN     Y0550    ,1975-04-01 00:00:00,6,5A,ACTIVO,1,10710,54212,2024-11-28,451,0,,,,,,,,,,,,,,,SSB
2025-12-01 00:00:00,787750419623,80,DW,03,C,68,001,H AYUNT  HALACHO     Y0330    ,1975-04-01 00:00:00,6,5A,ACTIVO,1,3251,16490,2024-10-22,119,0,,,,,,,,,,,,,,,SSB
2025-12-01 00:00:00,787750419631,80,DW,03,C,70,001,H AYUNT  HALACHO     Y0330    ,1975-04-01 00:00:00,6,5A,ACTIVO,1,7659,38783,2024-10-22,237,0,,,,,,,,,,,,,,,SSB
2025-12-01 00:00:00,787750419640,80,DW,03,C,72,001,H AYUNT  HALACHO     Y0330    ,1975-04-01 00:00:00,6,5A,ACTIVO,1,3798,19256,2024-10-22,133,0,,,,,,,,,,,,,,,SSB
2025-12-01 00:00:00,787750419658,80,DW,03,C,73,001,H AYUNT  KOPOMA      Y0450    ,1975-04-01 00:00:00,6,5A,ACTIVO,1,5945,30115,2024-11-07,277,0,,,,,,,,,,,,,,,SSB
2025-12-01 00:00:00,787750419666,80,DW,03,C,75,001,H AYUNT  KOPOMA      Y0450    ,1975-04-01 00:00:00,6,5A,ACTIVO,1,1834,9324,2024-11-07,76,0,,,,,,,,,,,,,,,SSB
2025-12-01 00:00:00,787750419674,80,DW,03,C,76,001,H AYUNT  HALACHO  Y0330       ,1975-04-01 00:00:00,6,5A,ACTIVO,1,1339,6821,2024-10-22,51,0,,,,,,,,,,,,,,,SSB
2025-12-01 00:00:00,787750600123,80,DW,03,C,65,001,H AYUNT  MAXCANU     Y0480    ,1975-06-28 00:00:00,6,5A,ACTIVO,1,33458,169255,2024-07-13,975,0,,,,,,,,,,,,,,,SSB
2025-12-01 00:00:00,787750900097,80,DW,03,C,77,001,H AYUNT  MAXCANU     Y0480    ,1975-09-01 00:00:00,6,5A,ACTIVO,1,4933,24997,2024-07-13,85,0,,,,,,,,,,,,,,,SSB
2025-12-01 00:00:00,787750900101,80,DW,03,C,78,001,H AYUNT  MAXCANU     Y0480    ,1975-09-01 00:00:00,6,5A,ACTIVO,1,2738,13895,2024-07-13,59,0,,,,,,,,,,,,,,,SSB
2025-12-01 00:00:00,787750900119,80,DW,03,C,79,001,H AYUNT  MAXCANU     Y0480    ,1975-09-01 00:00:00,6,5A,ACTIVO,1,6901,34949,2024-07-13,168,0,,,,,,,,,,,,,,,SSB
2025-12-01 00:00:00,787750900127,80,DW,03,C,80,001,H AYUNT  HALACHO     Y0330    ,1975-09-01 00:00:00,6,5A,ACTIVO,1,2381,12090,2024-10-22,65,0,,,,,,,,,,,,,,,SSB
2025-12-01 00:00:00,787750900135,80,DW,03,C,81,001,H AYUNT  HALACHO     Y0330    ,1975-09-01 00:00:00,6,5A,ACTIVO,1,7700,38990,2024-10-22,234,0,,,,,,,,,,,,,,,SSB
2025-12-01 00:00:00,786940101623,80,DW,03,B,38,001,H  AYUNTAMIENTO      Y079     ,1994-01-31 00:00:00,6,5A,ACTIVO,1,655,3361,2024-12-12,22,0,,,,,,,,,,,,,,,SSB
2025-12-01 00:00:00,787800200202,80,DW,03,C,69,001,H AYUNT  MAXCANU     Y0480    ,1980-02-29 00:00:00,6,5A,ACTIVO,1,1525,7761,2024-07-13,44,0,,,,,,,,,,,,,,,SSB
2025-12-01 00:00:00,788010100212,80,DW,03,D,60,951,H  AYUNT  DE TEKAX            ,2001-01-04 00:00:00,6,5A,ACTIVO,1,104,575,2024-12-12,4,0,,,,,,,,,,,,,,,SSB
2025-12-01 00:00:00,788020600043,80,DW,03,D,70,951,H  AYUNT  DE PETO             ,2002-06-02 00:00:00,6,5A,ACTIVO,1,391,2026,2024-07-25,20,0,,,,,,,,,,,,,,,SSB
2025-12-01 00:00:00,788020600078,80,DW,03,D,33,952,ALUMBRADO AYUNT  PETO         ,2002-04-30 00:00:00,6,5A,ACTIVO,1,1648,8383,2024-07-25,62,0,,,,,,,,,,,,,,,SSB
2025-12-01 00:00:00,788030300820,80,DW,03,D,69,951,H  AYUNTAMIENTO DE PETO       ,2003-03-19 00:00:00,6,5A,ACTIVO,1,1376,7008,2024-07-25,62,0,,,,,,,,,,,,,,,SSB
2025-12-01 00:00:00,788030600025,80,DW,03,D,71,951,H  AYUNTAMIENTO DE PETO       ,2003-05-01 00:00:00,6,5A,ACTIVO,1,986,5036,2024-07-25,32,0,,,,,,,,,,,,,,,SSB
2025-12-01 00:00:00,788050600129,80,DW,03,D,72,951,H  AYUNTAMIENTO DE YAXCABA    ,2005-05-06 00:00:00, ,5A,ACTIVO,1,967,4939,2024-11-28,51,0,,,,,,,,,,,,,,,SSB
2025-12-01 00:00:00,788050600137,80,DW,03,D,73,951,H  AYUNTAMIENTO DE YAXCABA    ,2005-05-10 00:00:00, ,5A,ACTIVO,1,1562,7949,2024-11-28,31,0,,,,,,,,,,,,,,,SSB
2025-12-01 00:00:00,788050600145,80,DW,03,D,74,951,H  AYUNTAMIENTO DE YAXCABA    ,2005-05-10 00:00:00, ,5A,ACTIVO,1,707,3624,2024-11-28,37,0,,,,,,,,,,,,,,,SSB
2025-12-01 00:00:00,788050600153,80,DW,03,D,75,951,H AYUNATMIENTO DE YAXCABA     ,2005-05-10 00:00:00, ,5A,ACTIVO,1,595,3058,2024-11-28,31,0,,,,,,,,,,,,,,,SSB
2025-12-01 00:00:00,788071100029,80,DW,03,D,04,951,H  AYUNTAMIENTO DE CHACSINKIN ,2007-10-16 00:00:00,6,5A,ACTIVO,1,372,1930,2024-06-20,13,0,,,,,,,,,,,,,,,SSB
2025-12-01 00:00:00,787760200174,80,DW,03,C,82,001,H AYUNT  MAXCANU     Y0480    ,1976-02-04 00:00:00,6,5A,ACTIVO,1,2745,13931,2024-07-13,75,0,,,,,,,,,,,,,,,SSB
2025-12-01 00:00:00,787760200182,80,DW,03,C,83,001,H AYUNT  MAXCANU     Y0480    ,1976-02-12 00:00:00,6,5A,ACTIVO,1,6343,32127,2024-07-13,106,0,,,,,,,,,,,,,,,SSB
2025-12-01 00:00:00,787770100267,80,DW,03,C,86,001,H AYUNT  MAXCANU     Y0480    ,1977-01-18 00:00:00,6,5A,ACTIVO,1,2221,11281,2024-07-13,16,0,,,,,,,,,,,,,,,SSB
2025-12-01 00:00:00,787790300211,80,DW,03,C,89,001,H  AYUNTAMIENTO DE MAXCANU    ,1979-03-19 00:00:00,6,5A,ACTIVO,1,670,3437,2024-07-13,29,0,,,,,,,,,,,,,,,SSB
2025-12-01 00:00:00,788090700126,80,DW,03,D,78,952,H  AYUNTAMIENTO DE TEKAX      ,2009-05-31 00:00:00,6,5A,ACTIVO,1,167,894,2024-12-12,9,0,,,,,,,,,,,,,,,SSB
2025-12-01 00:00:00,788121000136,80,DW,03,D,26,951,MUNICIPIO DE PETO             ,2012-10-05 00:00:00,6,5A,ACTIVO,1,19,145,2024-07-25,1,0,,,,,,,,,,,,,,,SSB
2025-12-01 00:00:00,788121000144,80,DW,03,D,26,951,MUNICIPIO DE PETO             ,2012-10-05 00:00:00,6,5A,ACTIVO,1,19,145,2024-07-25,1,0,,,,,,,,,,,,,,,SSB
2025-12-01 00:00:00,788121000152,80,DW,03,D,26,951,MUNICIPIO DE PETO             ,2012-10-05 00:00:00,6,5A,ACTIVO,1,19,145,2024-07-25,1,0,,,,,,,,,,,,,,,SSB
2025-12-01 00:00:00,788121000161,80,DW,03,D,26,951,MUNICIPIO DE PETO             ,2012-10-05 00:00:00,6,5A,ACTIVO,1,19,145,2024-07-25,1,0,,,,,,,,,,,,,,,SSB
2025-12-01 00:00:00,788140200073,80,DW,03,D,80,951,H  AYUNTAMIENTO DE TAHDZIU    ,2014-01-02 00:00:00,6,5A,ACTIVO,1,260,1364,2024-11-28,8,0,,,,,,,,,,,,,,,SSB
2025-12-01 00:00:00,788140200081,80,DW,03,D,79,951,H  AYUNTAMIENTO DE YAXCABA    ,2013-12-30 00:00:00, ,5A,ACTIVO,1,409,2117,2024-11-28,22,0,,,,,,,,,,,,,,,SSB
2025-12-01 00:00:00,788141200069,80,DW,03,D,81,951,H  AYUNTAMIENTO DE PETO       ,2014-11-12 00:00:00,6,5A,ACTIVO,1,465,2401,2024-07-25,10,0,,,,,,,,,,,,,,,SSB
2025-12-01 00:00:00,788141200077,80,DW,03,D,82,951,H  AYUNTAMIENTO DE PETO       ,2014-11-12 00:00:00,6,5A,ACTIVO,1,372,1930,2024-07-25,20,0,,,,,,,,,,,,,,,SSB
2025-12-01 00:00:00,788150200446,80,DW,03,D,83,951,H AYUNTAMIENTO DE YAXCABA     ,2015-02-01 00:00:00, ,5A,ACTIVO,1,3050,15474,2024-11-28,20,0,,,,,,,,,,,,,,,SSB
2025-12-01 00:00:00,788150200454,80,DW,03,D,84,951,H AYUNTAMIENTO DE YAXCABA     ,2015-02-01 00:00:00, ,5A,ACTIVO,1,260,1363,2024-11-28,13,0,,,,,,,,,,,,,,,SSB
2025-12-01 00:00:00,788780600175,80,DW,03,D,11,951,H AYUNT DE PETO     Y058      ,1978-06-01 00:00:00,6,5A,ACTIVO,1,1388,7068,2024-07-25,67,0,,,,,,,,,,,,,,,SSB
2025-12-01 00:00:00,788780700099,80,DW,03,D,18,951,H AYUNT  TZUCACAB    Y098     ,1978-07-31 00:00:00,6,5A,ACTIVO,1,2418,12277,2024-11-28,83,0,,,,,,,,,,,,,,,SSB
2025-12-01 00:00:00,788780900144,80,DW,03,D,17,951,H AYUNT  TEKAX       Y079     ,1978-09-30 00:00:00,6,5A,ACTIVO,1,2265,11503,2024-12-12,59,0,,,,,,,,,,,,,,,SSB
2025-12-01 00:00:00,788790100367,80,DW,03,D,10,951,MUNICIPIO DE TIXMEHUAC        ,1979-01-01 00:00:00,6,5A,ACTIVO,1,2009,10209,2024-07-23,89,0,,,,,,,,,,,,,,,SSB
2025-12-01 00:00:00,788790100375,80,DW,03,D,13,951,H AYUNT  TZUCACAB    Y098     ,1979-01-01 00:00:00,6,5A,ACTIVO,1,521,2684,2024-11-28,18,0,,,,,,,,,,,,,,,SSB
2025-12-01 00:00:00,788790500241,80,DW,03,D,07,951,H AYUNT DE PETO   Y058        ,1979-05-01 00:00:00,6,5A,ACTIVO,1,684,3508,2024-07-25,32,0,,,,,,,,,,,,,,,SSB
2025-12-01 00:00:00,788790500250,80,DW,03,D,08,951,H AYUNT DE PETO      Y058     ,1979-05-01 00:00:00,6,5A,ACTIVO,1,316,1647,2024-07-25,13,0,,,,,,,,,,,,,,,SSB
2025-12-01 00:00:00,788790500268,80,DW,03,D,14,951,MUNICIPIO DE TIXMEHUAC        ,1979-05-01 00:00:00,6,5A,ACTIVO,1,339,1763,2024-07-23,17,0,,,,,,,,,,,,,,,SSB
2025-12-01 00:00:00,788750100011,80,DW,03,D,64,951,H AYUNT  PETO        Y058     ,1975-01-20 00:00:00,6,5A,ACTIVO,1,279,1460,2024-07-25,15,0,,,,,,,,,,,,,,,SSB
2025-12-01 00:00:00,788750407257,80,DW,03,D,28,951,H AYUNT  TZUCACAB    Y098     ,1975-04-01 00:00:00,6,5A,ACTIVO,1,2344,11903,2024-11-28,78,0,,,,,,,,,,,,,,,SSB
2025-12-01 00:00:00,788750407265,80,DW,03,D,29,951,H AYUNT  TZUCACAB    Y098     ,1975-04-01 00:00:00,6,5A,ACTIVO,1,149,802,2024-11-28,4,0,,,,,,,,,,,,,,,SSB
2025-12-01 00:00:00,788750407273,80,DW,03,D,30,951,MUNICIPIO DE CHACSINKIN YUC   ,1975-04-30 00:00:00,6,5A,ACTIVO,1,9404,47608,2024-06-20,360,0,,,,,,,,,,,,,,,SSB
2025-12-01 00:00:00,788750407281,80,DW,03,D,31,951,H AYUNT  PETO        Y058     ,1975-04-01 00:00:00,6,5A,ACTIVO,1,3110,15777,2024-07-25,108,0,,,,,,,,,,,,,,,SSB
2025-12-01 00:00:00,788750407290,80,DW,03,D,32,951,MUNICIPIO DE TIXMEHUAC        ,1975-04-30 00:00:00,6,5A,ACTIVO,1,6715,34008,2024-07-23,327,0,,,,,,,,,,,,,,,SSB
2025-12-01 00:00:00,788750407311,80,DW,03,D,34,951,H AYUNT  TZUCACAB    Y098     ,1975-04-01 00:00:00,6,5A,ACTIVO,1,1562,7948,2024-11-28,41,0,,,,,,,,,,,,,,,SSB
2025-12-01 00:00:00,788761000175,80,DW,03,D,25,951,H AYUNT  TZUCACAB    Y098     ,1976-10-13 00:00:00,6,5A,ACTIVO,1,372,1930,2024-11-28,12,0,,,,,,,,,,,,,,,SSB
2025-12-01 00:00:00,788750602050,80,DW,03,D,26,951,H AYUNT  PETO        Y058     ,1975-06-27 00:00:00,6,5A,ACTIVO,1,49859,252198,2024-07-25,1805,0,,,,,,,,,,,,,,,SSB
2025-12-01 00:00:00,788750602068,80,DW,03,D,27,951,H AYUNT  TZUCACAB    Y098     ,1975-06-27 00:00:00,6,5A,ACTIVO,1,38279,193635,2024-11-28,1062,0,,,,,,,,,,,,,,,SSB
2025-12-01 00:00:00,788751100082,80,DW,03,D,40,951,H AYUNT  PETO        Y058     ,1975-11-26 00:00:00,6,5A,ACTIVO,1,621,3189,2024-07-25,30,0,,,,,,,,,,,,,,,SSB
2025-12-01 00:00:00,788751200176,80,DW,03,D,62,951,H AYUNT  PETO        Y058     ,1975-12-29 00:00:00,6,5A,ACTIVO,1,737,3776,2024-07-25,23,0,,,,,,,,,,,,,,,SSB
2025-12-01 00:00:00,788760100133,80,DW,03,D,63,951,H AYUNT  PETO        Y058     ,1976-01-20 00:00:00,6,5A,ACTIVO,1,1127,5748,2024-07-25,41,0,,,,,,,,,,,,,,,SSB
2025-12-01 00:00:00,788761000116,80,DW,03,D,19,951,H AYUNT  TZUCACAB    Y098     ,1976-10-13 00:00:00,6,5A,ACTIVO,1,893,4565,2024-11-28,29,0,,,,,,,,,,,,,,,SSB
2025-12-01 00:00:00,788761000124,80,DW,03,D,20,951,H AYUNT  TZUCACAB    Y098     ,1976-10-13 00:00:00,6,5A,ACTIVO,1,335,1743,2024-11-28,11,0,,,,,,,,,,,,,,,SSB
2025-12-01 00:00:00,788761000132,80,DW,03,D,21,951,H AYUNT  TZUCACAB    Y098     ,1976-10-13 00:00:00,6,5A,ACTIVO,1,260,1364,2024-11-28,10,0,,,,,,,,,,,,,,,SSB
2025-12-01 00:00:00,788920500338,80,DW,03,D,48,951,H AYUNT DE PETO      Y058     ,1992-05-27 00:00:00,6,5A,ACTIVO,1,260,1363,2024-07-25,14,0,,,,,,,,,,,,,,,SSB
2025-12-01 00:00:00,788920500346,80,DW,03,D,49,951,H AYUNT DE TZUCACAB  Y098     ,1992-05-27 00:00:00,6,5A,ACTIVO,1,484,2497,2024-11-28,15,0,,,,,,,,,,,,,,,SSB
2025-12-01 00:00:00,788920500354,80,DW,03,D,50,951,H AYUNT DE PETO      Y058     ,1992-05-27 00:00:00,6,5A,ACTIVO,1,316,1647,2024-07-25,15,0,,,,,,,,,,,,,,,SSB
2025-12-01 00:00:00,788920500362,80,DW,03,D,51,951,H AYUNT DE OXKUTZCAB Y056     ,1992-05-27 00:00:00,6,5A,ACTIVO,1,1538,7827,2024-09-30,56,0,,,,,,,,,,,,,,,SSB
2025-12-01 00:00:00,788920500371,80,DW,03,D,52,951,MUNICIPIO DE TIXMEHUAC        ,1992-05-27 00:00:00,6,5A,ACTIVO,1,573,2947,2024-07-23,26,0,,,,,,,,,,,,,,,SSB
2025-12-01 00:00:00,788950500227,80,DW,03,D,53,951,MUNICIPIO DE TIXMEHUAC        ,1995-05-01 00:00:00,6,5A,ACTIVO,1,149,802,2024-07-23,8,0,,,,,,,,,,,,,,,SSB
2025-12-01 00:00:00,788950500235,80,DW,03,D,54,951,MUNICIPIO DE TIXMEHUAC        ,1995-05-01 00:00:00,6,5A,ACTIVO,1,361,1875,2024-07-23,18,0,,,,,,,,,,,,,,,SSB
2025-12-01 00:00:00,788950500243,80,DW,03,D,55,951,H AYUNT PETO Y058             ,1995-05-01 00:00:00,6,5A,ACTIVO,1,234,1232,2024-07-25,11,0,,,,,,,,,,,,,,,SSB
2025-12-01 00:00:00,788950500251,80,DW,03,D,56,951,H  AYUNT  TZUCACAB Y098       ,1995-05-01 00:00:00,6,5A,ACTIVO,1,893,4565,2024-11-28,34,0,,,,,,,,,,,,,,,SSB
2025-12-01 00:00:00,788950500260,80,DW,03,D,57,951,H  AYUNT  TEKAX Y079          ,1995-05-01 00:00:00,6,5A,ACTIVO,1,859,4393,2024-12-12,23,0,,,,,,,,,,,,,,,SSB
2025-12-01 00:00:00,788951100443,80,DW,03,D,58,951,AYUNTAMIENTO DE TEKAXY079     ,1995-11-01 00:00:00,6,5A,ACTIVO,1,4138,20976,2024-12-12,19,0,,,,,,,,,,,,,,,SSB
2025-12-01 00:00:00,788761000141,80,DW,03,D,22,951,MUNICIPIO DE TIXMEHUAC        ,1976-10-13 00:00:00,6,5A,ACTIVO,1,1562,7949,2024-07-23,69,0,,,,,,,,,,,,,,,SSB
2025-12-01 00:00:00,788761000159,80,DW,03,D,23,951,MUNICIPIO DE CHACSINKIN YUC   ,1976-10-13 00:00:00,6,5A,ACTIVO,1,833,4261,2024-06-20,28,0,,,,,,,,,,,,,,,SSB
2025-12-01 00:00:00,788750602076,80,DW,03,D,35,951,MUNICIPIO DE TAHDZIU YUCATAN  ,1975-06-27 00:00:00,6,5A,ACTIVO,1,10304,52159,2024-11-28,449,0,,,,,,,,,,,,,,,SSB
2025-12-01 00:00:00,788751100058,80,DW,03,D,37,951,H AYUNT  PETO        Y058     ,1975-11-25 00:00:00,6,5A,ACTIVO,1,1681,8550,2024-07-25,66,0,,,,,,,,,,,,,,,SSB
2025-12-01 00:00:00,788751100066,80,DW,03,D,38,951,H AYUNT  PETO        Y058     ,1975-11-25 00:00:00,6,5A,ACTIVO,1,1138,5804,2024-07-25,30,0,,,,,,,,,,,,,,,SSB
2025-12-01 00:00:00,788751100074,80,DW,03,D,39,951,H AYUNT  PETO        Y058     ,1975-11-26 00:00:00,6,5A,ACTIVO,1,1179,6011,2024-07-25,49,0,,,,,,,,,,,,,,,SSB
2025-12-01 00:00:00,788761000167,80,DW,03,D,24,951,H AYUNT  PETO        Y058     ,1976-10-13 00:00:00,6,5A,ACTIVO,1,205,1086,2024-07-25,11,0,,,,,,,,,,,,,,,SSB
2025-12-01 00:00:00,788830700362,80,DW,03,D,46,951,H AYUNT  TZUCACAB    Y098     ,1983-07-01 00:00:00,6,5A,ACTIVO,1,1637,8328,2024-11-28,58,0,,,,,,,,,,,,,,,SSB
2025-12-01 00:00:00,788811200201,80,DW,03,D,12,951,H AYUNT  PETO        Y058     ,1981-12-31 00:00:00,6,5A,ACTIVO,1,298,1556,2024-07-25,16,0,,,,,,,,,,,,,,,SSB
2025-12-01 00:00:00,788811200219,80,DW,03,D,15,951,MUNICIPIO DE CANTAMAYEC YUC   ,1981-12-31 00:00:00,C,5A,ACTIVO,1,3832,19428,2024-11-28,36,0,,,,,,,,,,,,,,,SSB
2025-12-01 00:00:00,788811200227,80,DW,03,D,16,951,H AYUNT  TEKAX       Y079     ,1981-12-31 00:00:00,6,5A,ACTIVO,1,4568,23151,2024-12-12,176,0,,,,,,,,,,,,,,,SSB
2025-12-01 00:00:00,788811200235,80,DW,03,D,36,951,H AYUNT  TZUCACAB    Y098     ,1981-12-31 00:00:00,6,5A,ACTIVO,1,260,1363,2024-11-28,8,0,,,,,,,,,,,,,,,SSB
2025-12-01 00:00:00,788811200243,80,DW,03,D,41,951,MUNICIPIO DE CHIKINDZONOT YUC ,1981-12-31 00:00:00,H,5A,ACTIVO,1,2530,12843,2024-11-28,117,0,,,,,,,,,,,,,,,SSB
2025-12-01 00:00:00,788830700338,80,DW,03,D,43,951,H AYUNT  TEKAX       Y079     ,1983-07-01 00:00:00,6,5A,ACTIVO,1,908,4641,2024-12-12,20,0,,,,,,,,,,,,,,,SSB
2025-12-01 00:00:00,788830700346,80,DW,03,D,44,951,H AYUNT  TEKAX       Y079     ,1983-07-01 00:00:00,6,5A,ACTIVO,1,149,802,2024-12-12,8,0,,,,,,,,,,,,,,,SSB
2025-12-01 00:00:00,788830700354,80,DW,03,D,45,951,H AYUNT  TEKAX       Y079     ,1983-07-01 00:00:00,6,5A,ACTIVO,1,260,1364,2024-12-12,11,0,,,,,,,,,,,,,,,SSB
2025-12-01 00:00:00,788840700123,80,DW,03,D,42,951,H AYUNT  TZUCACAB    Y098     ,1984-07-18 00:00:00,6,5A,ACTIVO,1,223,1177,2024-11-28,7,0,,,,,,,,,,,,,,,SSB
2025-12-01 00:00:00,788841201082,80,DW,03,D,65,951,H AYUNT  YAXCABA     Y104     ,1984-12-10 00:00:00, ,5A,ACTIVO,1,4650,23565,2024-11-28,117,0,,,,,,,,,,,,,,,SSB
2025-12-01 00:00:00,788850400110,80,DW,03,D,66,951,H AYUNT  YAXCABA     Y104     ,1985-04-15 00:00:00, ,5A,ACTIVO,1,1265,6447,2024-11-28,67,0,,,,,,,,,,,,,,,SSB
2025-12-01 00:00:00,788870100317,80,DW,03,D,68,951,H AYUNT YAXCABA      Y104     ,1987-01-01 00:00:00, ,5A,ACTIVO,1,484,2497,2024-11-28,24,0,,,,,,,,,,,,,,,SSB
2025-12-01 00:00:00,788880400254,80,DW,03,D,09,951,H AYUNT TEKAX        Y079     ,1988-04-30 00:00:00,6,5A,ACTIVO,1,93,519,2024-12-12,5,0,,,,,,,,,,,,,,,SSB
2025-12-01 00:00:00,793110800401,80,DW,04,F,C8,001,MUNICIPIO DE CARMEN  CAMP     ,2011-06-30 00:00:00, ,5A,ACTIVO,1,5952,30149,2024-12-10,62,0,,,,,,,,,,,,,,,SSB
2025-12-01 00:00:00,788880400262,80,DW,03,D,67,951,H AYUNT TEKAX        Y079     ,1988-04-30 00:00:00,6,5A,ACTIVO,1,1042,5318,2024-12-12,29,0,,,,,,,,,,,,,,,SSB
2025-12-01 00:00:00,788880700258,80,DW,03,D,47,951,H AYUNT DE PETO     Y058      ,1988-07-31 00:00:00,6,5A,ACTIVO,1,2083,10583,2024-07-25,53,0,,,,,,,,,,,,,,,SSB
2025-12-01 00:00:00,790011100288,80,DW,04,C,25,001,MUNICIPIO DE SEYBAPLAYA       ,2001-09-30 00:00:00,6,5A,ACTIVO,,,,2025-10-28,7,0,,,,,,,,,,,,3,2,2025-12-31,SSB
2025-12-01 00:00:00,790011100393,80,DW,04,C,23,001,MUNICIPIO DE SEYBAPLAYA       ,2001-09-30 00:00:00,6,5A,ACTIVO,,,,2025-10-28,21,0,,,,,,,,,,,,4,2,2025-12-31,SSB
2025-12-01 00:00:00,790190900992,80,DW,04,C,32,001,TELEFONIA POR CABLE S A  DE C ,2019-09-30 00:00:00,0,02,ACTIVO,1,10788,53891,2024-12-30,16,0,,,,,,,,,,,,,,,SSB
2025-12-01 00:00:00,793750400094,80,DW,04,F,28,001,MUNICIPIO DE CARMEN  CAMP     ,1975-04-01 00:00:00, ,5A,ACTIVO,1,4092,20743,2024-12-10,89,0,,,,,,,,,,,,,,,SSB
2025-12-01 00:00:00,790200300077,80,DW,04,C,32,001,RED NACIONAL ULTIMA MILLA     ,2020-02-11 00:00:00,6,02,ACTIVO,1,446,2277,,,0,,,,,,,,,,,,,,,GSC
2025-12-01 00:00:00,793801000339,80,DW,04,F,05,001,MUNICIPIO DE CARMEN  CAMP     ,1980-10-01 00:00:00, ,5A,ACTIVO,1,8184,41438,2024-12-10,210,0,,,,,,,,,,,,,,,SSB
2025-12-01 00:00:00,790940800634,80,DW,04,C,33,001,H AYUNTAMIENTO                ,1994-08-17 00:00:00,6,5A,ACTIVO,,,,2025-10-28,310,0,,,,,,,,,,,,39,32,2025-12-31,SSB
2025-12-01 00:00:00,790980802010,80,DW,04,C,30,001,MUNICIPIO DE SEYBAPLAYA       ,1998-08-31 00:00:00,6,5A,ACTIVO,,,,2025-10-24,19,0,,,,,,,,,,,,3,2,2025-12-31,SSB
2025-12-01 00:00:00,790980802036,80,DW,04,C,35,001,MUNICIPIO DE SEYBAPLAYA       ,1998-08-31 00:00:00,6,5A,ACTIVO,,,,2025-10-27,1048,0,,,,,,,,,,,,70,131,2025-12-31,SSB
2025-12-01 00:00:00,793950500166,80,DW,04,F,27,001,MUNICIPIO DE CARMEN  CAMP     ,1995-05-05 00:00:00, ,5A,ACTIVO,1,52080,263430,2024-12-10,630,0,,,,,,,,,,,,,,,SSB
2025-12-01 00:00:00,793961200768,80,DW,04,F,26,001,MUNICIPIO DE CARMEN  CAMP     ,1996-12-09 00:00:00, ,5A,ACTIVO,1,21204,107283,2024-12-10,350,0,,,,,,,,,,,,,,,SSB
2025-12-01 00:00:00,790980802052,80,DW,04,C,37,001,MUNICIPIO DE SEYBAPLAYA       ,1998-08-31 00:00:00,6,5A,ACTIVO,,,,2025-10-24,501,0,,,,,,,,,,,,58,65,2025-12-31,SSB
2025-12-01 00:00:00,790980802206,80,DW,04,C,55,001,MUNICIPIO DE SEYBAPLAYA       ,1998-08-31 00:00:00,6,5A,ACTIVO,,,,2025-10-24,150,0,,,,,,,,,,,,12,19,2025-12-31,SSB
2025-12-01 00:00:00,791050600669,80,DW,04,B,23,001,H AYUNTAMIENTO DE CAMPECHE    ,2005-05-12 00:00:00,6,5A,ACTIVO,1,5856,29664,2024-10-30,45,0,,,,,,,,,,,,,,,SSB
2025-12-01 00:00:00,791100301641,80,DW,04,D,48,001,CABLE ATENAS SA DE CV         ,2010-03-22 00:00:00, ,02,ACTIVO,1,15069,75256,2019-08-30,44,0,,,,,,,,,,,,,,,SSB
2025-12-01 00:00:00,793980601277,80,DW,04,F,10,001,COMISARIA MUNICIPAL           ,1998-06-04 00:00:00,6,5A,ACTIVO,1,3348,16981,2024-12-10,90,0,,,,,,,,,,,,,,,SSB
2025-12-01 00:00:00,793980701166,80,DW,04,F,68,001,MUNICIPIO DE CARMEN  CAMP     ,1998-07-15 00:00:00, ,5A,ACTIVO,1,11904,60250,2024-12-10,125,0,,,,,,,,,,,,,,,SSB
2025-12-01 00:00:00,793980701174,80,DW,04,F,74,001,MUNICIPIO DE CARMEN  CAMP     ,1998-07-15 00:00:00, ,5A,ACTIVO,1,10416,52726,2024-12-10,127,0,,,,,,,,,,,,,,,SSB
2025-12-01 00:00:00,793980701603,80,DW,04,F,01,001,MUNICIPIO DE CARMEN  CAMP     ,1998-07-15 00:00:00, ,5A,ACTIVO,1,1860,9456,2024-12-10,47,0,,,,,,,,,,,,,,,SSB
2025-12-01 00:00:00,793980701620,80,DW,04,H,54,001,COMISARIA MUNICIPAL           ,1998-07-15 00:00:00, ,5A,ACTIVO,1,1116,5301,2024-10-09,31,0,,,,,,,,,,,,,,,SSB
2025-12-01 00:00:00,793980701689,80,DW,04,H,66,001,COMISARIA MUNICIPAL           ,1998-07-14 00:00:00, ,5A,ACTIVO,,,,2025-11-14,68,0,,,,,,,,,,,,5,6,2025-12-31,SSB
2025-12-01 00:00:00,793980701778,80,DW,04,F,35,001,MUNICIPIO DE CARMEN  CAMP     ,1998-07-15 00:00:00, ,5A,ACTIVO,1,10416,52726,2024-12-10,140,0,,,,,,,,,,,,,,,SSB
2025-12-01 00:00:00,793980701816,80,DW,04,F,72,001,MUNICIPIO DE CARMEN  CAMP     ,1998-07-31 00:00:00, ,5A,ACTIVO,1,4092,20743,2024-12-10,52,0,,,,,,,,,,,,,,,SSB
2025-12-01 00:00:00,793980701841,80,DW,04,F,06,001,MUNICIPIO DE CARMEN  CAMP     ,1998-07-01 00:00:00, ,5A,ACTIVO,1,4464,22624,2024-12-10,95,0,,,,,,,,,,,,,,,SSB
2025-12-01 00:00:00,793980701859,80,DW,04,F,29,001,MUNICIPIO DE CARMEN  CAMP     ,1998-07-01 00:00:00, ,5A,ACTIVO,1,21948,111045,2024-12-10,260,0,,,,,,,,,,,,,,,SSB
2025-12-01 00:00:00,793980701867,80,DW,04,F,36,001,MUNICIPIO DE CARMEN  CAMP     ,1998-07-01 00:00:00, ,5A,ACTIVO,1,5952,30150,2024-12-10,144,0,,,,,,,,,,,,,,,SSB
2025-12-01 00:00:00,793981001001,80,DW,04,F,67,001,MUNICIPIO DE CARMEN  CAMP     ,1998-10-31 00:00:00, ,5A,ACTIVO,1,6324,32031,2024-12-10,81,0,,,,,,,,,,,,,,,SSB
2025-12-01 00:00:00,794021200103,80,DW,04,G,95,001,EL DESENGA O                  ,2002-11-30 00:00:00, ,5A,ACTIVO,1,5208,24568,2024-12-10,119,0,,,,,,,,,,,,,,,SSB
2025-12-01 00:00:00,794021200138,80,DW,04,G,53,001,FRANCISCO I  MADERO II        ,2002-10-31 00:00:00, ,5A,ACTIVO,1,3720,17562,2024-12-10,52,0,,,,,,,,,,,,,,,SSB
2025-12-01 00:00:00,794021200146,80,DW,04,G,54,001,SAN MIGUEL                    ,2002-11-30 00:00:00, ,5A,ACTIVO,1,5208,24568,2024-12-12,108,0,,,,,,,,,,,,,,,SSB
2025-12-01 00:00:00,794021200154,80,DW,04,G,55,001,FLOR DE CHIAPAS               ,2002-11-30 00:00:00, ,5A,ACTIVO,1,2604,12307,2024-12-10,56,0,,,,,,,,,,,,,,,SSB
2025-12-01 00:00:00,794021200162,80,DW,04,G,56,001,VICENTE GUERRERO II           ,2002-11-30 00:00:00, ,5A,ACTIVO,1,1116,5300,2024-12-10,30,0,,,,,,,,,,,,,,,SSB
2025-12-01 00:00:00,794021200171,80,DW,04,G,57,001,TENANCINGO                    ,2002-11-30 00:00:00, ,5A,ACTIVO,1,2232,10555,2024-12-10,36,0,,,,,,,,,,,,,,,SSB
2025-12-01 00:00:00,794021200189,80,DW,04,G,58,001,TULIPAN                       ,2002-11-30 00:00:00, ,5A,ACTIVO,1,2976,14058,2024-12-10,39,0,,,,,,,,,,,,,,,SSB
2025-12-01 00:00:00,794021200197,80,DW,04,G,63,001,KILOMETRO 59                  ,2002-11-30 00:00:00, ,5A,ACTIVO,1,1860,9455,2024-12-15,23,0,,,,,,,,,,,,,,,SSB
2025-12-01 00:00:00,794021200201,80,DW,04,G,64,001,NUEVA ESPERANZA               ,2002-11-30 00:00:00, ,5A,ACTIVO,1,2976,15099,2024-12-10,47,0,,,,,,,,,,,,,,,SSB
2025-12-01 00:00:00,789001258985,80,DW,04,A,01,001,H AYUNTAMIENTO DE CAMPECHE    ,2000-11-30 00:00:00,6,5A,ACTIVO,1,40260,203654,2024-11-12,949,0,,,,,,,,,,,,,,,SSB
2025-12-01 00:00:00,789031106934,80,DW,04,A,01,001,CABLEMAS TELECOMUNICACIONES   ,2003-11-27 00:00:00,6,02,ACTIVO,1,29859,149068,,,0,,,,,,,,,,,,,,,GSC
2025-12-01 00:00:00,789031106942,80,DW,04,A,01,001,CABLEMAS TELECOMUNICACIONES   ,2003-11-27 00:00:00,6,02,ACTIVO,1,23239,116030,,,0,,,,,,,,,,,,,,,GSC
2025-12-01 00:00:00,789180900571,80,DW,04,A,01,001,PODER EJECUTIVO DEL EDO CAMPEC,2018-09-13 00:00:00,0,02,ACTIVO,1,7116,35565,2019-01-25,649,0,,,,,,,,,,,,,,,SSB
2025-12-01 00:00:00,789181101493,80,DW,04,A,01,001,PODER EJECUTIVO DEL EDO DE CAM,2018-11-30 00:00:00,G,02,ACTIVO,1,13764,68743,2024-12-27,538,0,,,,,,,,,,,,,,,SSB
2025-12-01 00:00:00,789181200912,80,DW,04,A,01,001,COMISION FEDERAL DE ELECTRICID,2018-12-20 00:00:00,0,02,ACTIVO,1,7531,30849,2019-05-13,202020,0,,,,,,,,,,,,,,,SSB
2025-12-01 00:00:00,789190200909,80,DW,04,A,01,001,SIST MPAL AG POT              ,2019-02-15 00:00:00,6,02,ACTIVO,1,434,2108,2019-02-15,202020,0,,,,,,,,,,,,,,,SSB
2025-12-01 00:00:00,789220702068,80,DW,04,A,01,001,CFE TEIT                      ,2022-07-30 00:00:00,0,02,ACTIVO,1,2573,10568,2023-01-01,166,0,,,,,,,,,,,,,,,SSB
2025-12-01 00:00:00,793190900185,80,DW,04,F,12,001,H AYUNTAMENTO  ESCARCEGA      ,2019-09-04 00:00:00,6,02,ACTIVO,1,233,1155,2024-12-20,202020,0,,,,,,,,,,,,,,,SSB
2025-12-01 00:00:00,793190900193,80,DW,04,F,12,001,H AYUNTAMIENTO DE ESCARCERGA P,2019-09-04 00:00:00,6,02,ACTIVO,1,186,931,2024-12-20,202020,0,,,,,,,,,,,,,,,SSB
2025-12-01 00:00:00,793791100160,80,DW,04,F,08,001,MUNICIPIO DE CARMEN  CAMP     ,1979-11-30 00:00:00, ,5A,ACTIVO,1,8556,43319,2024-12-10,115,0,,,,,,,,,,,,,,,SSB
2025-12-01 00:00:00,793810800127,80,DW,04,F,37,001,MUNICIPIO DE CARMEN  CAMP     ,1981-08-01 00:00:00, ,5A,ACTIVO,1,5580,28268,2024-12-10,76,0,,,,,,,,,,,,,,,SSB
2025-12-01 00:00:00,793890600280,80,DW,04,F,24,001,MUNICIPIO DE CARMEN  CAMP     ,1989-06-01 00:00:00, ,5A,ACTIVO,1,4464,22624,2024-12-10,173,0,,,,,,,,,,,,,,,SSB
2025-12-01 00:00:00,793940500303,80,DW,04,F,71,001,MUNICIPIO DE CARMEN  CAMP     ,1994-05-05 00:00:00, ,5A,ACTIVO,1,1860,9456,2024-12-10,24,0,,,,,,,,,,,,,,,SSB
2025-12-01 00:00:00,794080802010,80,DW,04,G,81,001,ALUM PUB EMILIANO ZAPATA      ,2008-07-31 00:00:00, ,5A,ACTIVO,1,4092,19313,2024-12-10,59,0,,,,,,,,,,,,,,,SSB
2025-12-01 00:00:00,793970502033,80,DW,04,F,21,001,MUNICIPIO DE CARMEN  CAMP     ,1997-05-31 00:00:00, ,5A,ACTIVO,1,15252,77182,2024-12-10,217,0,,,,,,,,,,,,,,,SSB
2025-12-01 00:00:00,793970502041,80,DW,04,F,22,001,MUNICIPIO DE CARMEN  CAMP     ,1997-05-31 00:00:00, ,5A,ACTIVO,1,18600,94113,2024-12-10,263,0,,,,,,,,,,,,,,,SSB
2025-12-01 00:00:00,793970502050,80,DW,04,F,23,001,MUNICIPIO DE CARMEN  CAMP     ,1997-05-31 00:00:00, ,5A,ACTIVO,1,10044,50843,2024-12-10,125,0,,,,,,,,,,,,,,,SSB
2025-12-01 00:00:00,793980301851,80,DW,04,F,25,001,MUNICIPIO DE CARMEN  CAMP     ,1998-03-31 00:00:00, ,5A,ACTIVO,1,6696,33912,2024-12-10,89,0,,,,,,,,,,,,,,,SSB
2025-12-01 00:00:00,792160600849,80,DW,04,E,68,001,KBLEX SA DE CV                ,2016-06-30 00:00:00,0,02,ACTIVO,1,1730,8685,2021-01-21,36,0,,,,,,,,,,,,,,,SSB
2025-12-01 00:00:00,793020400498,80,DW,04,H,83,001,H AYUNTAMIENTO LEY DEL FOMENTO,2002-01-01 00:00:00, ,5A,ACTIVO,,,,2025-11-14,81,0,,,,,,,,,,,,9,6,2025-12-31,SSB
2025-12-01 00:00:00,793160800119,80,DW,04,F,98,001,ALUMBRADO PUBLICO ADOLFO LOPEZ,2016-07-01 00:00:00,6,5A,ACTIVO,1,6696,33912,2024-12-10,79,0,,,,,,,,,,,,,,,SSB
2025-12-01 00:00:00,793181200120,80,DW,04,F,12,001,PODER EJECUTIVO DEL EDO CAMPEC,2018-12-06 00:00:00,0,02,ACTIVO,1,1116,5621,2024-12-27,4,0,,,,,,,,,,,,,,,SSB
2025-12-01 00:00:00,793190900134,80,DW,04,F,27,001,MUNICIPIO DE CARMEN ALUMBRADO ,2019-09-04 00:00:00,0,5A,SUJETO A CORTE,1,1116,5693,2024-12-10,25,0,,,,,,,,,,,,,,,SSB
2025-12-01 00:00:00,794080801960,80,DW,04,G,69,001,ALUM PUB AGUAS MALAS          ,2008-07-31 00:00:00, ,5A,ACTIVO,1,372,1797,2024-12-10,15,0,,,,,,,,,,,,,,,SSB
2025-12-01 00:00:00,794080801978,80,DW,04,G,67,001,ALUM PUBLICO EL SALVAJE       ,2008-07-31 00:00:00, ,5A,ACTIVO,1,1116,5300,2024-12-10,36,0,,,,,,,,,,,,,,,SSB
2025-12-01 00:00:00,794080801986,80,DW,04,G,62,001,ALUM PUB HECTOR NPEREZ MORALES,2008-07-31 00:00:00, ,5A,ACTIVO,1,1488,7052,2024-12-10,48,0,,,,,,,,,,,,,,,SSB
2025-12-01 00:00:00,794080801994,80,DW,04,G,61,001,ALUM PUB RIO CARIBE           ,2008-07-31 00:00:00, ,5A,ACTIVO,1,744,3549,2024-12-10,26,0,,,,,,,,,,,,,,,SSB
2025-12-01 00:00:00,794080802001,80,DW,04,G,79,001,ALUM PUB EL DESTINO           ,2008-07-31 00:00:00, ,5A,ACTIVO,1,1488,7051,2024-12-10,29,0,,,,,,,,,,,,,,,SSB
2025-12-01 00:00:00,794080801871,80,DW,04,G,60,001,ALUMBRADO PUB EJIDO CAMPO OLLA,2008-07-31 00:00:00, ,5A,ACTIVO,1,1488,7052,2024-12-10,47,0,,,,,,,,,,,,,,,SSB
2025-12-01 00:00:00,794080801889,80,DW,04,G,65,001,ALUMBRADO PUBLICO LA ESPERANZA,2008-07-31 00:00:00, ,5A,ACTIVO,1,2976,14058,2024-12-10,43,0,,,,,,,,,,,,,,,SSB
2025-12-01 00:00:00,794080801897,80,DW,04,G,66,001,ALUMBRADO PUBLICO LA ZANJA    ,2008-07-31 00:00:00, ,5A,ACTIVO,1,744,3549,2024-12-10,17,0,,,,,,,,,,,,,,,SSB
2025-12-01 00:00:00,794080801901,80,DW,04,G,86,001,ALUM PUB NARCISO MENDOZA      ,2008-07-31 00:00:00, ,5A,ACTIVO,1,744,3549,2024-12-10,23,0,,,,,,,,,,,,,,,SSB
2025-12-01 00:00:00,794080801919,80,DW,04,G,85,001,ALUM PUB SANTO DOMINGO        ,2008-07-31 00:00:00, ,5A,ACTIVO,1,1116,5300,2024-12-10,39,0,,,,,,,,,,,,,,,SSB
2025-12-01 00:00:00,794080801927,80,DW,04,G,82,001,ALUM PUB NUEVAS DELICIAS II   ,2008-07-31 00:00:00, ,5A,ACTIVO,1,2232,10555,2024-12-10,49,0,,,,,,,,,,,,,,,SSB
2025-12-01 00:00:00,794080801935,80,DW,04,G,80,001,ALUM PUB EL PANUELO           ,2008-07-31 00:00:00, ,5A,ACTIVO,1,6696,31574,2024-12-10,128,0,,,,,,,,,,,,,,,SSB
2025-12-01 00:00:00,794080801943,80,DW,04,G,78,001,ALUM PUB LA MISTERIOSA        ,2008-07-31 00:00:00, ,5A,ACTIVO,1,1116,5300,2024-12-10,37,0,,,,,,,,,,,,,,,SSB
2025-12-01 00:00:00,794080801951,80,DW,04,G,68,001,ALUM PUBLICO LA PERDIDA       ,2008-07-31 00:00:00, ,5A,ACTIVO,1,2604,12306,2024-12-10,59,0,,,,,,,,,,,,,,,SSB
2025-12-01 00:00:00,794100300300,80,DW,04,G,73,001,ALUM PUB PABLO TORRES BURGOS  ,2010-03-03 00:00:00, ,5A,ACTIVO,1,2604,12306,2024-12-10,45,0,,,,,,,,,,,,,,,SSB
2025-12-01 00:00:00,794100300318,80,DW,04,G,74,001,ALUM PUB SAN RAFAEL           ,2010-03-03 00:00:00, ,5A,ACTIVO,1,744,3548,2024-12-10,17,0,,,,,,,,,,,,,,,SSB
2025-12-01 00:00:00,794100300334,80,DW,04,G,83,001,ALUM PUB RAMONAL              ,2010-03-03 00:00:00, ,5A,ACTIVO,1,3348,15810,2024-12-10,63,0,,,,,,,,,,,,,,,SSB
2025-12-01 00:00:00,794100300342,80,DW,04,G,84,001,ALUM PUB ESTRELLA DEL SUR     ,2010-03-03 00:00:00, ,5A,ACTIVO,1,1860,8804,2024-12-10,44,0,,,,,,,,,,,,,,,SSB
2025-12-01 00:00:00,794100300369,80,DW,04,G,75,001,ALUM PUB SANTA LUCIA          ,2010-03-03 00:00:00, ,5A,ACTIVO,1,1488,7051,2024-12-12,45,0,,,,,,,,,,,,,,,SSB
2025-12-01 00:00:00,794100200658,80,DW,04,G,01,001,ALUM PUB GENERALISIMO MORELOS ,2010-02-25 00:00:00, ,5A,ACTIVO,1,2976,15099,2024-12-10,42,0,,,,,,,,,,,,,,,SSB
2025-12-01 00:00:00,794100300199,80,DW,04,G,02,001,ALUM PUB CENTAURO DEL NORTE   ,2010-03-03 00:00:00, ,5A,ACTIVO,1,2604,13218,2024-12-15,50,0,,,,,,,,,,,,,,,SSB
2025-12-01 00:00:00,794100300202,80,DW,04,G,03,001,ALUM PUB SANTA RITA           ,2010-03-03 00:00:00, ,5A,ACTIVO,1,2604,13218,2024-12-15,54,0,,,,,,,,,,,,,,,SSB
2025-12-01 00:00:00,794100300211,80,DW,04,G,04,001,ALUM PUB FERNANDO FOGLIO M    ,2010-03-03 00:00:00, ,5A,ACTIVO,1,2604,13218,2024-12-10,52,0,,,,,,,,,,,,,,,SSB
2025-12-01 00:00:00,794100300229,80,DW,04,G,05,001,ALUM PUB VALLE DE SOLIDARIDAD ,2010-03-03 00:00:00, ,5A,ACTIVO,1,1116,5693,2024-12-15,18,0,,,,,,,,,,,,,,,SSB
2025-12-01 00:00:00,794100400185,80,DW,04,G,90,001,JUAN DE LA CABADA             ,2010-03-01 00:00:00, ,5A,ACTIVO,1,9300,47082,2024-12-15,114,0,,,,,,,,,,,,,,,SSB
2025-12-01 00:00:00,794100300237,80,DW,04,G,06,001,ALUM PUB MURALLAS DE CAMPECHE ,2010-03-03 00:00:00, ,5A,ACTIVO,1,3348,16980,2024-12-10,69,0,,,,,,,,,,,,,,,SSB
2025-12-01 00:00:00,794100300245,80,DW,04,G,07,001,ALUM PUB EL TIGRE             ,2010-03-03 00:00:00, ,5A,ACTIVO,1,1860,8804,2024-12-10,38,0,,,,,,,,,,,,,,,SSB
2025-12-01 00:00:00,794100300253,80,DW,04,G,08,001,ALUM PUB EL PORVENIR          ,2010-03-03 00:00:00, ,5A,ACTIVO,1,2976,14058,2024-12-10,63,0,,,,,,,,,,,,,,,SSB
2025-12-01 00:00:00,794100300288,80,DW,04,G,59,001,ALUM PUB LA FLORIDA           ,2010-03-03 00:00:00, ,5A,ACTIVO,1,372,1797,2024-12-10,12,0,,,,,,,,,,,,,,,SSB
2025-12-01 00:00:00,794100300296,80,DW,04,G,70,001,ALUM PUB EL PEDREGAL          ,2010-03-03 00:00:00, ,5A,ACTIVO,1,4836,22816,2024-12-10,90,0,,,,,,,,,,,,,,,SSB
2025-12-01 00:00:00,794110200184,80,DW,04,G,10,001,H  AYUNTAMIENTO DE CANDELARIA ,2011-01-01 00:00:00, ,5A,ACTIVO,1,1488,7052,2024-12-10,31,0,,,,,,,,,,,,,,,SSB
2025-12-01 00:00:00,794110200192,80,DW,04,G,10,001,H  AYUNTAMIENTO DE CANDELARIA ,2011-01-01 00:00:00, ,5A,ACTIVO,1,1488,7051,2024-12-10,31,0,,,,,,,,,,,,,,,SSB
2025-12-01 00:00:00,794160300112,80,DW,04,G,D2,001,ALUM PUB NUEVA ROSITA 2       ,2016-01-31 00:00:00, ,5A,ACTIVO,1,4092,19313,2024-12-10,55,0,,,,,,,,,,,,,,,SSB
2025-12-01 00:00:00,794110200206,80,DW,04,G,10,001,H  AYUNTAMIENTO DE CANDELARIA ,2011-01-01 00:00:00, ,5A,ACTIVO,1,1116,5300,2024-12-10,20,0,,,,,,,,,,,,,,,SSB
2025-12-01 00:00:00,794110200214,80,DW,04,G,10,001,H  AYUNTAMIENTO DE CANDELARIA ,2011-01-01 00:00:00, ,5A,ACTIVO,1,2976,14058,2024-12-10,33,0,,,,,,,,,,,,,,,SSB
2025-12-01 00:00:00,794110200222,80,DW,04,G,10,001,H  AYUNTAMIENTO DE CANDELARIA ,2011-01-01 00:00:00, ,5A,ACTIVO,1,1116,5300,2024-12-10,42,0,,,,,,,,,,,,,,,SSB
2025-12-01 00:00:00,794110200249,80,DW,04,G,10,001,H  AYUNTAMIENTO DE CANDELARIA ,2011-01-01 00:00:00, ,5A,ACTIVO,1,1488,7052,2024-12-10,25,0,,,,,,,,,,,,,,,SSB
2025-12-01 00:00:00,794110200257,80,DW,04,G,10,001,H  AYUNTAMIENTO DE CANDELARIA ,2011-01-01 00:00:00, ,5A,ACTIVO,1,744,3548,2024-12-10,20,0,,,,,,,,,,,,,,,SSB
2025-12-01 00:00:00,794110200265,80,DW,04,G,10,001,H  AYUNTAMIENTO DE CANDELARIA ,2011-01-01 00:00:00, ,5A,ACTIVO,1,744,3549,2024-12-10,32,0,,,,,,,,,,,,,,,SSB
2025-12-01 00:00:00,794110200273,80,DW,04,G,10,001,H  AYUNTAMIENTO DE CANDELARIA ,2011-01-01 00:00:00, ,5A,ACTIVO,1,3720,17561,2024-12-10,59,0,,,,,,,,,,,,,,,SSB
2025-12-01 00:00:00,794110200281,80,DW,04,G,10,001,H  AYUNTAMIENTO DE CANDELARIA ,2011-01-01 00:00:00, ,5A,ACTIVO,1,1860,8803,2024-12-10,28,0,,,,,,,,,,,,,,,SSB
2025-12-01 00:00:00,794110200303,80,DW,04,G,10,001,H  AYUNTAMIENTO DE CANDELARIA ,2011-01-01 00:00:00, ,5A,ACTIVO,1,1488,7052,2024-12-10,46,0,,,,,,,,,,,,,,,SSB
2025-12-01 00:00:00,794110200109,80,DW,04,G,10,001,H  AYTTO DE CANDELARIA        ,2011-01-01 00:00:00, ,5A,ACTIVO,1,1488,7051,2024-12-10,5,0,,,,,,,,,,,,,,,SSB
2025-12-01 00:00:00,794110200117,80,DW,04,G,10,001,H  AYUNTAMIENTO DE CANDELARIA ,2011-01-01 00:00:00, ,5A,ACTIVO,1,3348,15810,2024-12-10,68,0,,,,,,,,,,,,,,,SSB
2025-12-01 00:00:00,794110200125,80,DW,04,G,10,001,H  AYUNTAMIENTO DE CANDELARIA ,2011-01-01 00:00:00, ,5A,ACTIVO,1,1116,5300,2024-12-10,30,0,,,,,,,,,,,,,,,SSB
2025-12-01 00:00:00,794110200133,80,DW,04,G,10,001,H  AYUNTAMIENTO DE CANDELARIA ,2011-01-01 00:00:00, ,5A,ACTIVO,1,744,3548,2024-12-10,21,0,,,,,,,,,,,,,,,SSB
2025-12-01 00:00:00,794110200141,80,DW,04,G,10,001,H  AYUNTAMIENTO DE CANDELARIA ,2011-01-01 00:00:00, ,5A,ACTIVO,1,3720,17561,2024-12-10,69,0,,,,,,,,,,,,,,,SSB
2025-12-01 00:00:00,794110200150,80,DW,04,G,10,001,H  AYUNTAMIENTO DE CANDELARIA ,2011-01-01 00:00:00, ,5A,ACTIVO,1,1860,8803,2024-12-10,46,0,,,,,,,,,,,,,,,SSB
2025-12-01 00:00:00,794110200168,80,DW,04,G,10,001,H  AYUNTAMIENTO DE CANDELARIA ,2011-01-01 00:00:00, ,5A,ACTIVO,1,2232,10555,2024-12-10,59,0,,,,,,,,,,,,,,,SSB
2025-12-01 00:00:00,794110200176,80,DW,04,G,10,001,H  AYUNTAMIENTO DE CANDELARIA ,2011-01-01 00:00:00, ,5A,ACTIVO,1,372,1797,2024-12-10,3,0,,,,,,,,,,,,,,,SSB
2025-12-01 00:00:00,794190903962,80,DW,04,G,05,001,COMEDOR ESCOLAR SAN JOSE DE LA,2019-09-25 00:00:00,0,02,ACTIVO,1,62,361,,,0,,,,,,,,,,,,,,,GSC
2025-12-01 00:00:00,794940700015,80,DW,04,G,11,001,H JUNTA MUNICIPAL             ,1994-07-01 00:00:00, ,5A,ACTIVO,1,1860,9456,2024-12-10,18,0,,,,,,,,,,,,,,,SSB
2025-12-01 00:00:00,794940700023,80,DW,04,G,12,001,H JUNTA MUNICIPAL             ,1994-07-01 00:00:00, ,5A,ACTIVO,1,4464,21064,2024-12-10,92,0,,,,,,,,,,,,,,,SSB
2025-12-01 00:00:00,794940700031,80,DW,04,G,14,001,H JUNTA MUNICIPAL             ,1994-07-01 00:00:00, ,5A,ACTIVO,1,1488,7051,2024-12-10,39,0,,,,,,,,,,,,,,,SSB
2025-12-01 00:00:00,794940700040,80,DW,04,G,16,001,H JUNTA MUNICIPAL             ,1994-07-01 00:00:00, ,5A,ACTIVO,1,10044,47338,2024-12-10,249,0,,,,,,,,,,,,,,,SSB
2025-12-01 00:00:00,794940700058,80,DW,04,G,19,001,H JUNTA MUNICIPAL             ,1994-07-01 00:00:00, ,5A,ACTIVO,1,8556,40332,2024-12-10,160,0,,,,,,,,,,,,,,,SSB
2025-12-01 00:00:00,794940700066,80,DW,04,G,20,001,H JUNTA MUNICIPAL             ,1994-07-01 00:00:00, ,5A,ACTIVO,1,5208,24568,2024-12-10,104,0,,,,,,,,,,,,,,,SSB
2025-12-01 00:00:00,794940700074,80,DW,04,G,21,001,H JUNTA MUNICIPAL             ,1994-07-01 00:00:00, ,5A,ACTIVO,1,2232,10555,2024-12-10,61,0,,,,,,,,,,,,,,,SSB
2025-12-01 00:00:00,794940700082,80,DW,04,G,22,001,H JUNTA MUNICIPAL             ,1994-07-01 00:00:00, ,5A,ACTIVO,1,4836,22816,2024-12-10,97,0,,,,,,,,,,,,,,,SSB
2025-12-01 00:00:00,794940700091,80,DW,04,G,23,001,H JUNTA MUNICIPAL             ,1994-07-01 00:00:00, ,5A,ACTIVO,1,8928,42082,2024-12-10,186,0,,,,,,,,,,,,,,,SSB
2025-12-01 00:00:00,794940700104,80,DW,04,G,24,001,H JUNTA MUNICIPAL             ,1994-07-01 00:00:00, ,5A,ACTIVO,1,5580,26319,2024-12-10,115,0,,,,,,,,,,,,,,,SSB
2025-12-01 00:00:00,794940700112,80,DW,04,G,25,001,H JUNTA MUNICIPAL             ,1994-07-01 00:00:00, ,5A,ACTIVO,1,3348,15810,2024-12-10,85,0,,,,,,,,,,,,,,,SSB
2025-12-01 00:00:00,794940700121,80,DW,04,G,26,001,H JUNTA MUNICIPAL             ,1994-07-01 00:00:00, ,5A,ACTIVO,1,3720,17561,2024-12-10,93,0,,,,,,,,,,,,,,,SSB
2025-12-01 00:00:00,794940700139,80,DW,04,G,27,001,H JUNTA MUNICIPAL             ,1994-07-01 00:00:00, ,5A,ACTIVO,1,4836,22816,2024-12-10,94,0,,,,,,,,,,,,,,,SSB
2025-12-01 00:00:00,794940700147,80,DW,04,G,29,001,H JUNTA MUNICIPAL             ,1994-07-01 00:00:00, ,5A,ACTIVO,1,6324,29822,2024-12-10,123,0,,,,,,,,,,,,,,,SSB
2025-12-01 00:00:00,794940700155,80,DW,04,G,30,001,H JUNTA MUNICIPAL             ,1994-07-01 00:00:00, ,5A,ACTIVO,1,4464,21064,2024-12-10,89,0,,,,,,,,,,,,,,,SSB
2025-12-01 00:00:00,794940700163,80,DW,04,G,31,001,H JUNTA MUNICIPAL             ,1994-07-01 00:00:00, ,5A,ACTIVO,1,6696,31573,2024-12-10,88,0,,,,,,,,,,,,,,,SSB
2025-12-01 00:00:00,794940700171,80,DW,04,G,32,001,H JUNTA MUNICIPAL             ,1994-07-01 00:00:00, ,5A,ACTIVO,1,2976,14058,2024-12-10,71,0,,,,,,,,,,,,,,,SSB
2025-12-01 00:00:00,794940700180,80,DW,04,G,33,001,H JUNTA MUNICIPAL             ,1994-07-01 00:00:00, ,5A,ACTIVO,1,12276,62132,2024-12-15,162,0,,,,,,,,,,,,,,,SSB
2025-12-01 00:00:00,794940700198,80,DW,04,G,34,001,H JUNTA MUNICIPAL             ,1994-07-01 00:00:00, ,5A,ACTIVO,1,15252,77182,2024-12-15,188,0,,,,,,,,,,,,,,,SSB
2025-12-01 00:00:00,794940700201,80,DW,04,G,35,001,H JUNTA MUNICIPAL             ,1994-07-01 00:00:00, ,5A,ACTIVO,1,3720,17561,2024-12-10,71,0,,,,,,,,,,,,,,,SSB
2025-12-01 00:00:00,794940700210,80,DW,04,G,36,001,H JUNTA MUNICIPAL             ,1994-07-01 00:00:00, ,5A,ACTIVO,1,4092,20743,2024-12-15,55,0,,,,,,,,,,,,,,,SSB
2025-12-01 00:00:00,794940700228,80,DW,04,G,37,001,H JUNTA MUNICIPAL             ,1994-07-01 00:00:00, ,5A,ACTIVO,1,6696,33912,2024-12-10,83,0,,,,,,,,,,,,,,,SSB
2025-12-01 00:00:00,794940700236,80,DW,04,G,38,001,H JUNTA MUNICIPAL             ,1994-07-01 00:00:00, ,5A,ACTIVO,1,4092,20743,2024-12-15,57,0,,,,,,,,,,,,,,,SSB
2025-12-01 00:00:00,794940700244,80,DW,04,G,39,001,H JUNTA MUNICIPAL             ,1994-07-01 00:00:00, ,5A,ACTIVO,1,744,3811,2024-12-15,24,0,,,,,,,,,,,,,,,SSB
2025-12-01 00:00:00,794940700252,80,DW,04,G,40,001,H JUNTA MUNICIPAL             ,1994-07-01 00:00:00, ,5A,ACTIVO,1,2976,15099,2024-12-10,28,0,,,,,,,,,,,,,,,SSB
2025-12-01 00:00:00,794940700261,80,DW,04,G,42,001,H JUNTA MUNICIPAL             ,1994-07-01 00:00:00, ,5A,ACTIVO,1,372,1930,2024-12-15,18,0,,,,,,,,,,,,,,,SSB
2025-12-01 00:00:00,794940700279,80,DW,04,G,45,001,H JUNTA MUNICIPAL             ,1994-07-01 00:00:00, ,5A,ACTIVO,1,3348,15809,2024-12-12,70,0,,,,,,,,,,,,,,,SSB
2025-12-01 00:00:00,794940700287,80,DW,04,G,46,001,H JUNTA MUNICIPAL             ,1994-07-01 00:00:00, ,5A,ACTIVO,1,2232,10555,2024-12-10,51,0,,,,,,,,,,,,,,,SSB
2025-12-01 00:00:00,794940700295,80,DW,04,G,47,001,H JUNTA MUNICIPAL             ,1994-07-01 00:00:00, ,5A,ACTIVO,1,2976,14058,2024-12-10,69,0,,,,,,,,,,,,,,,SSB
2025-12-01 00:00:00,794940700309,80,DW,04,G,49,001,H JUNTA MUNICIPAL             ,1994-07-01 00:00:00, ,5A,ACTIVO,1,2232,11336,2024-12-15,48,0,,,,,,,,,,,,,,,SSB
2025-12-01 00:00:00,794940700317,80,DW,04,G,50,001,H JUNTA MUNICIPAL             ,1994-07-01 00:00:00, ,5A,ACTIVO,1,4092,19312,2024-12-10,77,0,,,,,,,,,,,,,,,SSB
2025-12-01 00:00:00,794160100261,80,DW,04,G,3A,001,H AYUNTAMIENTO CANDELARIA     ,2016-01-05 00:00:00, ,5A,ACTIVO,1,1116,5300,2024-12-10,38,0,,,,,,,,,,,,,,,SSB
2025-12-01 00:00:00,794190600242,80,DW,04,G,03,001,PARQUE  PUBLICO               ,2019-06-07 00:00:00, ,5A,ACTIVO,1,372,1930,2024-12-15,4,0,,,,,,,,,,,,,,,SSB
2025-12-01 00:00:00,794190600251,80,DW,04,G,03,001,PARQUE  PUBLICO               ,2019-06-07 00:00:00, ,5A,ACTIVO,1,1860,9456,2024-12-15,14,0,,,,,,,,,,,,,,,SSB
2025-12-01 00:00:00,794190600269,80,DW,04,G,05,001,PARQUE  PUBLICO               ,2019-06-07 00:00:00, ,5A,ACTIVO,1,372,1930,2024-12-15,6,0,,,,,,,,,,,,,,,SSB
2025-12-01 00:00:00,794190600277,80,DW,04,G,05,001,CANCHA DE USOS MULTIPLES      ,2019-06-07 00:00:00, ,5A,ACTIVO,1,1116,5693,2024-12-15,6,0,,,,,,,,,,,,,,,SSB
2025-12-01 00:00:00,794190600285,80,DW,04,G,34,001,PARQUE  AGUACATAL             ,2019-06-07 00:00:00, ,5A,ACTIVO,1,372,1930,2024-12-15,16,0,,,,,,,,,,,,,,,SSB
2025-12-01 00:00:00,794190600323,80,DW,04,G,33,001,CANCHA DE USOS MULTIPLES      ,2019-06-07 00:00:00, ,5A,ACTIVO,1,1488,7574,2024-12-15,8,0,,,,,,,,,,,,,,,SSB
2025-12-01 00:00:00,794190600331,80,DW,04,G,33,001,PARQUE  PUBLICO               ,2019-06-07 00:00:00, ,5A,ACTIVO,1,744,3812,2024-12-15,6,0,,,,,,,,,,,,,,,SSB
2025-12-01 00:00:00,794190600340,80,DW,04,G,33,001,CANCHA CONQUISTA CAMPESINA    ,2019-06-07 00:00:00, ,5A,ACTIVO,1,372,1930,2024-12-15,4,0,,,,,,,,,,,,,,,SSB
2025-12-01 00:00:00,794190600358,80,DW,04,G,37,001,CANCHA  MUNICIPAL             ,2019-06-07 00:00:00, ,5A,ACTIVO,1,2976,15099,2024-12-10,18,0,,,,,,,,,,,,,,,SSB
2025-12-01 00:00:00,794190600366,80,DW,04,G,40,001,COMISARIA CANCHA SACRIFICIO   ,2019-06-07 00:00:00, ,5A,ACTIVO,1,1488,7574,2024-12-10,10,0,,,,,,,,,,,,,,,SSB
2025-12-01 00:00:00,794160100067,80,DW,04,G,6A,001,H AYUNTAMIENTO CANDELARIA     ,2015-11-30 00:00:00, ,5A,ACTIVO,1,372,1797,2024-12-10,12,0,,,,,,,,,,,,,,,SSB
2025-12-01 00:00:00,794160100075,80,DW,04,G,4A,001,H AYUNTAMIENTO DE CANDELARIA  ,2015-11-30 00:00:00, ,5A,ACTIVO,1,2232,10555,2024-12-10,29,0,,,,,,,,,,,,,,,SSB
2025-12-01 00:00:00,794160100083,80,DW,04,G,1B,001,H AYUNTAMIENTO CANDELARIA     ,2015-11-30 00:00:00, ,5A,ACTIVO,1,1116,5300,2024-12-10,33,0,,,,,,,,,,,,,,,SSB
2025-12-01 00:00:00,794160100091,80,DW,04,G,V1,001,H AYUNTAMIENTO CANDELARIA     ,2015-11-30 00:00:00, ,5A,ACTIVO,1,2232,10554,2024-12-11,40,0,,,,,,,,,,,,,,,SSB
2025-12-01 00:00:00,794160100253,80,DW,04,G,92,001,H AYUNTAMIENTO CANDELARIA     ,2016-01-05 00:00:00, ,5A,ACTIVO,1,1860,8804,2024-12-10,31,0,,,,,,,,,,,,,,,SSB
2025-12-01 00:00:00,794190600374,80,DW,04,G,42,001,CANCHA DE USOS MULTIPLES      ,2019-06-07 00:00:00, ,5A,ACTIVO,1,2232,11337,2024-12-15,13,0,,,,,,,,,,,,,,,SSB
2025-12-01 00:00:00,794190600382,80,DW,04,G,90,001,CANCHA DE USOS MULTIPLES      ,2019-06-07 00:00:00, ,5A,ACTIVO,1,1860,9456,2024-12-15,10,0,,,,,,,,,,,,,,,SSB
2025-12-01 00:00:00,794190600391,80,DW,04,G,36,001,CANCHA EJIDO EL QUEBRACHE     ,2019-06-07 00:00:00, ,5A,ACTIVO,1,1860,9456,2024-12-15,5,0,,,,,,,,,,,,,,,SSB
2025-12-01 00:00:00,794190600404,80,DW,04,G,38,001,CANCHA OJO DE AGUA            ,2019-06-07 00:00:00, ,5A,ACTIVO,1,1860,9456,2024-12-15,11,0,,,,,,,,,,,,,,,SSB
2025-12-01 00:00:00,794190600412,80,DW,04,G,10,001,CANDEVISION SA DE CV          ,2019-06-07 00:00:00,0,02,ACTIVO,1,1165,5481,2019-05-13,5,0,,,,,,,,,,,,,,,SSB
2025-12-01 00:00:00,794190700573,80,DW,04,G,1C,001,H AYUNT ALUM PUB EL ENCANTO   ,2019-07-18 00:00:00, ,5A,ACTIVO,1,1488,7052,2024-12-10,37,0,,,,,,,,,,,,,,,SSB
2025-12-01 00:00:00,794190900700,80,DW,04,G,10,001,H AYUNTAMIENTO ESCARCEGA COMIS,2019-09-04 00:00:00,6,02,ACTIVO,1,64,330,,,0,,,,,,,,,,,,,,,GSC
2025-12-01 00:00:00,794940700325,80,DW,04,G,51,001,H JUNTA MUNICIPAL             ,1994-07-01 00:00:00, ,5A,ACTIVO,1,2232,10555,2024-12-10,64,0,,,,,,,,,,,,,,,SSB
2025-12-01 00:00:00,794940700333,80,DW,04,G,52,001,H JUNTA MUNICIPAL             ,1994-07-01 00:00:00, ,5A,ACTIVO,1,3348,15810,2024-12-10,79,0,,,,,,,,,,,,,,,SSB
2025-12-01 00:00:00,794940700341,80,DW,04,G,93,001,H JUNTA MUNICIPAL             ,1994-07-01 00:00:00, ,5A,ACTIVO,1,3348,15809,2024-12-10,53,0,,,,,,,,,,,,,,,SSB
2025-12-01 00:00:00,794940700350,80,DW,04,G,94,001,H JUNTA MUNICIPAL             ,1994-07-01 00:00:00, ,5A,ACTIVO,1,8928,42083,2024-12-10,236,0,,,,,,,,,,,,,,,SSB
2025-12-01 00:00:00,794940700368,80,DW,04,G,10,001,H JUNTA MUNICIPAL             ,1994-07-01 00:00:00, ,5A,ACTIVO,1,37944,178704,2024-12-10,1112,0,,,,,,,,,,,,,,,SSB
2025-12-01 00:00:00,794940700376,80,DW,04,G,13,001,H JUNTA MUNICIPAL             ,1994-07-01 00:00:00, ,5A,ACTIVO,1,7812,36829,2024-12-10,136,0,,,,,,,,,,,,,,,SSB
2025-12-01 00:00:00,794940700392,80,DW,04,G,17,001,H JUNTA MUNICIPAL             ,1994-07-01 00:00:00, ,5A,ACTIVO,1,9300,43834,2024-12-11,155,0,,,,,,,,,,,,,,,SSB
2025-12-01 00:00:00,794940700414,80,DW,04,G,48,001,H JUNTA MUNICIPAL             ,1994-07-01 00:00:00, ,5A,ACTIVO,1,1860,8803,2024-12-10,47,0,,,,,,,,,,,,,,,SSB
2025-12-01 00:00:00,794940700490,80,DW,04,G,41,001,H JUNTA MUNICIPAL             ,1994-07-01 00:00:00, ,5A,ACTIVO,1,3720,17561,2024-12-10,82,0,,,,,,,,,,,,,,,SSB
2025-12-01 00:00:00,794940700503,80,DW,04,G,43,001,H JUNTA MUNICIPAL             ,1994-07-01 00:00:00, ,5A,ACTIVO,1,2232,10554,2024-12-10,49,0,,,,,,,,,,,,,,,SSB
2025-12-01 00:00:00,795031100367,80,DW,05,A,01,001,MUNICIPIO DEL CARMEN CAMP     ,2003-11-05 00:00:00, ,5A,ACTIVO,1,372,1931,2024-12-17,1,0,,,,,,,,,,,,,,,SSB
2025-12-01 00:00:00,795050301918,80,DW,05,A,01,001,H AYUNTAMIENTO DEL CARMEN     ,2006-01-11 00:00:00, ,5A,ACTIVO,1,372,1802,2024-12-17,1,0,,,,,,,,,,,,,,,SSB
2025-12-01 00:00:00,795050401262,80,DW,05,A,01,001,H AYUNTAMIENTO DEL CARMEN     ,2006-08-14 00:00:00, ,5A,ACTIVO,1,372,1802,2024-12-17,1,0,,,,,,,,,,,,,,,SSB
2025-12-01 00:00:00,795050404482,80,DW,05,A,01,001,H AYUNTAMIENTO DEL CARMEN     ,2005-07-15 00:00:00, ,5A,ACTIVO,1,54394,275133,2024-12-15,1328,0,,,,,,,,,,,,,,,SSB
2025-12-01 00:00:00,795051201381,80,DW,05,A,02,001,MUNICIPIO DEL CARMEN CAM      ,2005-12-01 00:00:00, ,5A,ACTIVO,1,372,1930,2024-12-17,1,0,,,,,,,,,,,,,,,SSB
2025-12-01 00:00:00,795060505104,80,DW,05,A,01,001,H AYUNTAMIENTO DEL CARMEN     ,2006-08-14 00:00:00, ,5A,ACTIVO,1,372,1802,2024-12-17,1,0,,,,,,,,,,,,,,,SSB
2025-12-01 00:00:00,795071001671,80,DW,05,A,01,001,MUNICIPIO DEL CARMEN CAM      ,2007-10-01 00:00:00, ,5A,ACTIVO,1,7105,35981,2024-12-05,600,0,,,,,,,,,,,,,,,SSB
2025-12-01 00:00:00,795080101174,80,DW,05,A,01,001,H AYUNTAMIENTO CARMEN         ,2008-01-11 00:00:00, ,5A,ACTIVO,1,372,1930,2024-12-17,1,0,,,,,,,,,,,,,,,SSB
2025-12-01 00:00:00,795090203676,80,DW,05,A,01,001,MUNICIPIO DEL CARMEN CAM      ,2009-02-27 00:00:00, ,5A,ACTIVO,1,372,1931,2024-12-17,1,0,,,,,,,,,,,,,,,SSB
2025-12-01 00:00:00,795090203684,80,DW,05,A,01,001,MUNICIPIO DEL CARMEN CAM      ,2009-02-27 00:00:00, ,5A,ACTIVO,1,372,1931,2024-12-17,1,0,,,,,,,,,,,,,,,SSB
2025-12-01 00:00:00,795100100200,80,DW,05,A,01,001,MUNICIPIO DEL CARMEN CAM      ,2010-01-05 00:00:00, ,5A,ACTIVO,1,81156,410476,2024-12-15,2205,0,,,,,,,,,,,,,,,SSB
2025-12-01 00:00:00,795120503661,80,DW,05,A,01,001,MUNICIPIO DEL CARMEN CAM      ,2012-04-12 00:00:00, ,5A,ACTIVO,1,372,1930,2024-12-17,1,0,,,,,,,,,,,,,,,SSB
2025-12-01 00:00:00,795080405173,80,DW,05,A,01,001,MUNICIPIO DEL CARMEN CAM      ,2008-04-30 00:00:00, ,5A,ACTIVO,1,372,1930,2024-12-17,1,0,,,,,,,,,,,,,,,SSB
2025-12-01 00:00:00,795080305837,80,DW,05,A,01,001,H AYUNT MUNICIPIO DEL CARMEN  ,2008-04-01 00:00:00, ,5A,ACTIVO,1,93141,471087,2024-12-15,2351,0,,,,,,,,,,,,,,,SSB
2025-12-01 00:00:00,795080104955,80,DW,05,A,01,001,H AYUNTAMIENTO CARMEN         ,2008-01-31 00:00:00, ,5A,ACTIVO,1,372,1930,2024-12-17,1,0,,,,,,,,,,,,,,,SSB
2025-12-01 00:00:00,795080102197,80,DW,05,A,01,001,MUNICIPIO DEL CARMEN CAM      ,2008-01-18 00:00:00, ,5A,ACTIVO,1,372,1931,2024-12-17,1,0,,,,,,,,,,,,,,,SSB
2025-12-01 00:00:00,795080102189,80,DW,05,A,01,001,MUNICIPIO DEL CARMEN CAM      ,2008-01-18 00:00:00, ,5A,ACTIVO,1,372,1930,2024-12-17,1,0,,,,,,,,,,,,,,,SSB
2025-12-01 00:00:00,795070902594,80,DW,05,B,08,001,MUNICIPIO DEL CARMEN          ,2007-09-18 00:00:00, ,5A,ACTIVO,1,402,2082,2024-09-22,15,0,,,,,,,,,,,,,,,SSB
2025-12-01 00:00:00,795070604097,80,DW,05,A,01,001,H AYUNTAMIENTO DEL CARMEN     ,2007-06-20 00:00:00, ,5A,ACTIVO,1,372,1930,2024-12-17,1,0,,,,,,,,,,,,,,,SSB
2025-12-01 00:00:00,795070604089,80,DW,05,A,01,001,TELEVISION INTERNACIONAL      ,2007-06-12 00:00:00,6,02,ACTIVO,1,24754,123590,2024-12-26,202020,0,,,,,,,,,,,,,,,SSB
2025-12-01 00:00:00,795070601632,80,DW,05,A,01,001,H AYUNTAMIENTO DEL CARMEN     ,2007-06-11 00:00:00, ,5A,ACTIVO,1,81156,410475,2024-12-15,2205,0,,,,,,,,,,,,,,,SSB
2025-12-01 00:00:00,795070402737,80,DW,05,A,01,001,MUNICIPIO DEL CARMEN CAM      ,2007-04-17 00:00:00, ,5A,ACTIVO,1,372,1930,2024-12-17,1,0,,,,,,,,,,,,,,,SSB
2025-12-01 00:00:00,795070401315,80,DW,05,A,01,001,H AYUNTAMIENTO DEL CARMEN     ,2007-04-04 00:00:00, ,5A,ACTIVO,1,85709,433501,2024-12-15,2324,0,,,,,,,,,,,,,,,SSB
2025-12-01 00:00:00,795070301701,80,DW,05,A,01,001,H AYUNTAMIENTO DEL CARMEN     ,2007-03-08 00:00:00, ,5A,ACTIVO,1,17994,91049,2024-12-15,413,0,,,,,,,,,,,,,,,SSB
2025-12-01 00:00:00,795061102259,80,DW,05,A,01,001,H AYUNTAMIENTO DEL CARMEN     ,2006-11-14 00:00:00, ,5A,ACTIVO,1,372,1802,2024-12-17,1,0,,,,,,,,,,,,,,,SSB
2025-12-01 00:00:00,795061102216,80,DW,05,A,01,001,H AYUNTAMIENTO DEL CARMEN     ,2006-11-14 00:00:00, ,5A,ACTIVO,1,372,1802,2024-12-17,1,0,,,,,,,,,,,,,,,SSB
2025-12-01 00:00:00,795060604668,80,DW,05,A,01,001,H AYUNTAMIENTO DEL CARMEN     ,2006-06-23 00:00:00, ,5A,ACTIVO,1,372,1803,2024-12-17,1,0,,,,,,,,,,,,,,,SSB
2025-12-01 00:00:00,795060302530,80,DW,05,A,01,001,H AYUNTAMIENTO DEL CARMEN     ,2006-03-27 00:00:00, ,5A,ACTIVO,1,372,1803,2024-12-17,1,0,,,,,,,,,,,,,,,SSB
2025-12-01 00:00:00,795060202691,80,DW,05,A,01,001,AYUNTAMIENTO DEL CARMEN       ,2006-02-17 00:00:00, ,5A,ACTIVO,1,34068,172340,2024-12-15,906,0,,,,,,,,,,,,,,,SSB
2025-12-01 00:00:00,795130900847,80,DW,05,A,01,001,MUNICIPIO DEL CARMEN CAMPECHE ,2013-09-06 00:00:00, ,5A,ACTIVO,1,372,1930,2024-12-17,1,0,,,,,,,,,,,,,,,SSB
2025-12-01 00:00:00,795120501898,80,DW,05,A,01,001,MUNICIPIO DEL CARMEN CAM      ,2012-05-07 00:00:00, ,5A,ACTIVO,1,372,1930,2024-12-17,1,0,,,,,,,,,,,,,,,SSB
2025-12-01 00:00:00,795100405418,80,DW,05,A,01,001,MUNICIPIO DEL CARMEN  CAMP    ,2010-04-21 00:00:00, ,5A,ACTIVO,1,372,1930,2024-12-17,1,0,,,,,,,,,,,,,,,SSB
2025-12-01 00:00:00,795860600709,80,DW,05,A,01,001,H AYUNTAMIENTO                ,1986-06-30 00:00:00, ,5A,ACTIVO,1,57377,290219,2024-12-15,1822,0,,,,,,,,,,,,,,,SSB
2025-12-01 00:00:00,795100204196,80,DW,05,A,01,001,MULTITELE S A  DE C V         ,2007-02-13 00:00:00,0,02,ACTIVO,1,242,1259,2024-12-26,202020,0,,,,,,,,,,,,,,,SSB
2025-12-01 00:00:00,795090502185,80,DW,05,B,04,001,MUNICIPIO DEL CARMEN CAMP     ,2009-05-18 00:00:00, ,5A,ACTIVO,1,5409,27403,2024-09-24,373,0,,,,,,,,,,,,,,,SSB
2025-12-01 00:00:00,796010356481,80,DW,06,A,38,001,MUNICIPIO DE OTHON P BLANCO   ,2001-01-01 00:00:00, ,5A,ACTIVO,1,1116,5300,2024-10-16,34,0,,,,,,,,,,,,,,,SSB
2025-12-01 00:00:00,796020900031,80,DW,06,A,01,001,MUNICIPIO DE OTHON P BLANCO   ,2000-12-05 00:00:00, ,5A,ACTIVO,1,5208,24567,2024-01-12,87,0,,,,,,,,,,,,,,,SSB
2025-12-01 00:00:00,796020900040,80,DW,06,A,01,001,MUNICIPIO DE OTHON P BLANCO   ,2000-12-19 00:00:00, ,5A,ACTIVO,1,1488,7052,2024-08-04,43,0,,,,,,,,,,,,,,,SSB
2025-12-01 00:00:00,796020900058,80,DW,06,A,01,001,MUNICIPIO DE OTHON P BLANCO   ,2000-12-05 00:00:00, ,5A,ACTIVO,1,372,1797,2024-09-13,8,0,,,,,,,,,,,,,,,SSB
2025-12-01 00:00:00,796020901852,80,DW,06,A,01,001,MUNICIPIO DE OTHON P BLANCO   ,2001-10-15 00:00:00, ,5A,ACTIVO,1,2232,10555,2024-01-10,60,0,,,,,,,,,,,,,,,SSB
2025-12-01 00:00:00,796021000204,80,DW,06,A,01,001,MUNICIPIO DE OTHON P BLANCO   ,2002-09-11 00:00:00, ,5A,ACTIVO,1,1860,8803,2024-09-09,22,0,,,,,,,,,,,,,,,SSB
2025-12-01 00:00:00,796021000212,80,DW,06,A,01,001,MUNICIPIO DE OTHON P BLANCO   ,2002-09-11 00:00:00, ,5A,ACTIVO,1,3720,17561,2024-09-09,50,0,,,,,,,,,,,,,,,SSB
2025-12-01 00:00:00,796021000522,80,DW,06,A,35,001,MUNICIPIO DE OTHON P BLANCO   ,2002-08-31 00:00:00, ,5A,ACTIVO,1,3348,15809,2024-11-20,130,0,,,,,,,,,,,,,,,SSB
2025-12-01 00:00:00,796030202588,80,DW,06,A,37,001,MUNICIPIO DE OTHON P BLANCO   ,2003-02-18 00:00:00, ,5A,ACTIVO,1,372,1797,2024-11-20,10,0,,,,,,,,,,,,,,,SSB
2025-12-01 00:00:00,795090303603,80,DW,05,A,01,001,MUNICIPIO DEL CARMEN  CAMP    ,2009-03-23 00:00:00, ,5A,ACTIVO,1,372,1930,2024-12-17,1,0,,,,,,,,,,,,,,,SSB
2025-12-01 00:00:00,795090303590,80,DW,05,A,01,001,MUNICIPIO DEL CARMEN CAMP     ,2009-03-23 00:00:00, ,5A,ACTIVO,1,372,1930,2024-12-17,1,0,,,,,,,,,,,,,,,SSB
2025-12-01 00:00:00,795130900855,80,DW,05,A,01,001,MUNICIPIO DEL CARMEN CAMPECHE ,2013-09-06 00:00:00, ,5A,ACTIVO,1,372,1931,2024-12-17,1,0,,,,,,,,,,,,,,,SSB
2025-12-01 00:00:00,795150407314,80,DW,05,A,01,001,H AYUNTAMIENTO DEL CARMEN     ,2015-04-29 00:00:00, ,5A,ACTIVO,1,372,1803,2024-12-17,1,0,,,,,,,,,,,,,,,SSB
2025-12-01 00:00:00,795160903441,80,DW,05,A,01,001,H AYUNTAMIENTO DEL CARMEN     ,2016-09-21 00:00:00, ,5A,ACTIVO,1,372,1930,2024-12-17,1,0,,,,,,,,,,,,,,,SSB
2025-12-01 00:00:00,795160903468,80,DW,05,A,01,001,H AYUNTAMIENTO DEL CARMEN     ,2016-09-21 00:00:00, ,5A,ACTIVO,1,372,1930,2024-12-17,1,0,,,,,,,,,,,,,,,SSB
2025-12-01 00:00:00,795170400448,80,DW,05,A,01,001,MUNICIPIO DEL CARMEN CAM      ,2017-04-05 00:00:00, ,5A,ACTIVO,1,372,1931,2024-12-17,1,0,,,,,,,,,,,,,,,SSB
2025-12-01 00:00:00,795170400456,80,DW,05,A,01,001,MUNICIPIO DEL CARMEN CAM      ,2017-04-05 00:00:00, ,5A,ACTIVO,1,372,1930,2024-10-18,1,0,,,,,,,,,,,,,,,SSB
2025-12-01 00:00:00,795170400464,80,DW,05,A,01,001,MUNICIPIO DEL CARMEN CAM      ,2017-04-05 00:00:00, ,5A,ACTIVO,1,372,1930,2024-12-17,1,0,,,,,,,,,,,,,,,SSB
2025-12-01 00:00:00,795850501028,80,DW,05,B,07,001,H AYUNTAMIENTO DEL CARMEN     ,1985-05-27 00:00:00, ,5A,ACTIVO,1,1306,6654,2024-09-28,124,0,,,,,,,,,,,,,,,SSB
2025-12-01 00:00:00,795850501036,80,DW,05,B,08,001,H AYUNTAMIENTO DEL CARMEN     ,1985-05-27 00:00:00, ,5A,ACTIVO,1,2604,13218,2024-09-24,60,0,,,,,,,,,,,,,,,SSB
2025-12-01 00:00:00,796000356670,80,DW,06,A,01,001,MUNICIPIO DE OTHON P BLANCO   ,2000-03-02 00:00:00, ,5A,ACTIVO,1,1116,5301,2024-08-04,48,0,,,,,,,,,,,,,,,SSB
2025-12-01 00:00:00,796000657327,80,DW,06,A,01,001,MUNICIPIO DE OTHON P BLANCO   ,2000-02-23 00:00:00, ,5A,ACTIVO,1,777,3704,2024-08-04,18,0,,,,,,,,,,,,,,,SSB
2025-12-01 00:00:00,796040602568,80,DW,06,A,01,001,MUNICIPIO DE OTHON P BLANCO   ,2004-06-14 00:00:00, ,5A,ACTIVO,1,3348,15809,2024-07-11,52,0,,,,,,,,,,,,,,,SSB
2025-12-01 00:00:00,796040603335,80,DW,06,A,01,001,MUNICIPIO DE OTHON P BLANCO   ,2004-06-21 00:00:00, ,5A,ACTIVO,1,5208,24567,2024-11-20,88,0,,,,,,,,,,,,,,,SSB
2025-12-01 00:00:00,796040603343,80,DW,06,A,01,001,MUNICIPIO DE OTHON P BLANCO   ,2004-06-21 00:00:00, ,5A,ACTIVO,1,2976,14058,2024-07-17,28,0,,,,,,,,,,,,,,,SSB
2025-12-01 00:00:00,796030701371,80,DW,06,A,01,001,MUNICIPIO DE OTHON P BLANCO   ,2003-04-04 00:00:00, ,5A,ACTIVO,1,372,1797,2024-11-20,1,0,,,,,,,,,,,,,,,SSB
2025-12-01 00:00:00,796050200115,80,DW,06,A,01,001,MUNICIPIO DE OTHON P BLANCO   ,2003-05-01 00:00:00, ,5A,ACTIVO,1,1488,7051,2024-08-09,1,0,,,,,,,,,,,,,,,SSB
2025-12-01 00:00:00,796050200395,80,DW,06,A,01,001,MUNICIPIO DE OTHON P BLANCO   ,2004-07-19 00:00:00, ,5A,ACTIVO,1,3720,17562,2024-07-26,50,0,,,,,,,,,,,,,,,SSB
2025-12-01 00:00:00,796050200646,80,DW,06,A,06,001,MUNICIPIO DE OTHON P BLANCO   ,2005-02-03 00:00:00, ,5A,ACTIVO,1,1116,5300,2024-10-04,54,0,,,,,,,,,,,,,,,SSB
2025-12-01 00:00:00,796050201669,80,DW,06,A,01,001,MUNICIPIO DE OTHON P BLANCO   ,2005-02-08 00:00:00, ,5A,ACTIVO,1,744,3549,2024-09-04,22,0,,,,,,,,,,,,,,,SSB
2025-12-01 00:00:00,795190101889,80,DW,05,A,01,001,RED NACIONAL ULTIMA MILLA     ,2018-12-04 00:00:00,6,02,ACTIVO,1,22878,114227,2024-12-26,202020,0,,,,,,,,,,,,,,,SSB
2025-12-01 00:00:00,795200700735,80,DW,05,A,01,001,TELE CABLE DE MERIDA SA DE CV ,2020-07-10 00:00:00,0,02,ACTIVO,1,18211,90936,2024-02-02,240,0,,,,,,,,,,,,,,,SSB
2025-12-01 00:00:00,795230101577,80,DW,05,A,01,001,CFE TEIT                      ,2023-01-01 00:00:00,0,02,ACTIVO,1,822,3405,2024-12-23,53,0,,,,,,,,,,,,,,,SSB
2025-12-01 00:00:00,795230402321,80,DW,05,A,01,001,GOBIERNO DEL ESTADO DE CAMPECH,2023-04-27 00:00:00,0,02,ACTIVO,1,3695,18492,2024-12-23,65,0,,,,,,,,,,,,,,,SSB
2025-12-01 00:00:00,796050401251,80,DW,06,A,01,001,MUNICIPIO DE OTHON P BLANCO   ,2005-04-05 00:00:00, ,5A,ACTIVO,1,3720,17561,2024-11-20,2,0,,,,,,,,,,,,,,,SSB
2025-12-01 00:00:00,796050401269,80,DW,06,A,01,001,MUNICIPIO DE OTHON P BLANCO   ,2005-04-04 00:00:00, ,5A,ACTIVO,1,1488,7052,2024-10-04,12,0,,,,,,,,,,,,,,,SSB
2025-12-01 00:00:00,795750400399,80,DW,05,A,01,001,H AYUNT FUENTE CAMARON        ,1975-04-01 00:00:00, ,02,ACTIVO,1,9300,44179,2024-12-18,21,0,,,,,,,,,,,,,,,SSB
2025-12-01 00:00:00,796050403865,80,DW,06,A,01,001,MUNICIPIO DE OTHON P BLANCO   ,2005-04-11 00:00:00, ,5A,ACTIVO,1,372,1797,2024-09-09,11,0,,,,,,,,,,,,,,,SSB
2025-12-01 00:00:00,796050404080,80,DW,06,A,37,001,MUNICIPIO DE OTHON P BLANCO   ,2005-04-15 00:00:00, ,5A,ACTIVO,1,1860,8803,2024-11-20,1,0,,,,,,,,,,,,,,,SSB
2025-12-01 00:00:00,795850500978,80,DW,05,A,02,001,MUNICIPIO DEL CARMEN CAM      ,1985-05-27 00:00:00, ,5A,ACTIVO,1,53196,269075,2024-12-16,1024,0,,,,,,,,,,,,,,,SSB
2025-12-01 00:00:00,795850500986,80,DW,05,B,03,001,H AYUNTAMIENTO DEL CARMEN     ,1985-05-27 00:00:00, ,5A,ACTIVO,1,16022,81076,2024-09-25,459,0,,,,,,,,,,,,,,,SSB
2025-12-01 00:00:00,795850500994,80,DW,05,B,04,001,H AYUNTAMIENTO DEL CARMEN     ,1985-05-27 00:00:00, ,5A,ACTIVO,1,632,3245,2024-09-24,26,0,,,,,,,,,,,,,,,SSB
2025-12-01 00:00:00,796050701670,80,DW,06,A,21,001,MUNICIPIO DE OTHON P BLANCO   ,2005-07-06 00:00:00, ,5A,ACTIVO,1,2604,12306,2024-10-07,44,0,,,,,,,,,,,,,,,SSB
2025-12-01 00:00:00,796050701688,80,DW,06,A,36,001,MUNICIPIO DE OTHON P BLANCO   ,2005-01-05 00:00:00, ,5A,ACTIVO,1,1860,8803,2024-11-20,1,0,,,,,,,,,,,,,,,SSB
2025-12-01 00:00:00,796051103784,80,DW,06,A,06,001,MUNICIPIO DE OTHON P BLANCO   ,2005-11-14 00:00:00, ,5A,ACTIVO,1,744,3549,2024-10-04,31,0,,,,,,,,,,,,,,,SSB
2025-12-01 00:00:00,796051105124,80,DW,06,A,34,001,MUNICIPIO DE OTHON P BLANCO   ,2005-11-08 00:00:00, ,5A,ACTIVO,1,372,1797,2024-08-29,6,0,,,,,,,,,,,,,,,SSB
2025-12-01 00:00:00,796051105132,80,DW,06,A,34,001,MUNICIPIO DE OTHON P BLANCO   ,2005-11-08 00:00:00, ,5A,ACTIVO,1,744,3549,2024-11-20,1,0,,,,,,,,,,,,,,,SSB
2025-12-01 00:00:00,796051105337,80,DW,06,A,01,001,MUNICIPIO DE OTHON P BLANCO   ,2005-11-20 00:00:00, ,5A,ACTIVO,1,1116,5301,2024-01-13,12,0,,,,,,,,,,,,,,,SSB
2025-12-01 00:00:00,795850501001,80,DW,05,B,05,001,H AYUNTAMIENTO DEL CARMEN     ,1985-05-27 00:00:00, ,5A,ACTIVO,1,6622,33538,2024-09-24,252,0,,,,,,,,,,,,,,,SSB
2025-12-01 00:00:00,795850501010,80,DW,05,B,06,001,H AYUNTAMIENTO DEL CARMEN     ,1985-05-27 00:00:00, ,5A,ACTIVO,1,1611,8197,2024-09-28,44,0,,,,,,,,,,,,,,,SSB
2025-12-01 00:00:00,796040302467,80,DW,06,A,01,001,MUNICIPIO DE OTHON P BLANCO   ,2004-01-06 00:00:00, ,5A,ACTIVO,1,744,3549,2024-08-26,18,0,,,,,,,,,,,,,,,SSB
2025-12-01 00:00:00,796060902592,80,DW,06,A,01,001,MUNICIPIO DE OTHON P BLANCO   ,2006-09-19 00:00:00, ,5A,ACTIVO,1,1860,8803,2024-01-30,50,0,,,,,,,,,,,,,,,SSB
2025-12-01 00:00:00,796061000061,80,DW,06,A,01,001,MUNICIPIO DE OTHON P BLANCO   ,2006-09-29 00:00:00, ,5A,ACTIVO,1,3348,15810,2024-08-09,142,0,,,,,,,,,,,,,,,SSB
2025-12-01 00:00:00,796061000088,80,DW,06,A,01,001,MUNICIPIO DE OTHON P  BLANCO  ,2006-08-31 00:00:00, ,5A,ACTIVO,1,2604,12306,2024-07-23,62,0,,,,,,,,,,,,,,,SSB
2025-12-01 00:00:00,796061000096,80,DW,06,A,01,001,MUNICIPIO DE OTHON P  BLANCO  ,2006-08-31 00:00:00, ,5A,ACTIVO,1,8556,40331,2024-11-20,1,0,,,,,,,,,,,,,,,SSB
2025-12-01 00:00:00,796061000142,80,DW,06,A,02,001,MUNICIPIO DE OTHON P BLANCO   ,2006-08-31 00:00:00, ,5A,ACTIVO,1,2604,12306,2024-10-04,44,0,,,,,,,,,,,,,,,SSB
2025-12-01 00:00:00,796061000151,80,DW,06,A,37,001,MUNIPICIO DE OTHON P BLANCO   ,2006-08-31 00:00:00, ,5A,ACTIVO,1,744,3549,2024-11-20,1,0,,,,,,,,,,,,,,,SSB
2025-12-01 00:00:00,796061000169,80,DW,06,A,01,001,MUNICIPIO DE OTHON P BLANCO   ,2006-08-31 00:00:00, ,5A,ACTIVO,1,1116,5300,2024-09-04,26,0,,,,,,,,,,,,,,,SSB
2025-12-01 00:00:00,796061000185,80,DW,06,A,01,001,MUNICIPIO DE OTHON P  BLANCO  ,2006-08-31 00:00:00, ,5A,ACTIVO,1,1116,5300,2024-08-26,20,0,,,,,,,,,,,,,,,SSB
2025-12-01 00:00:00,796061000207,80,DW,06,A,01,001,MUNICIPIO DE OTHON P BLANCO   ,2006-08-31 00:00:00, ,5A,ACTIVO,1,1488,5320,2024-08-26,28,0,,,,,,,,,,,,,,,SSB
2025-12-01 00:00:00,796061000258,80,DW,06,A,01,001,MUNICIPIO DE OTHON P  BLANCO  ,2006-08-31 00:00:00, ,5A,ACTIVO,1,744,3548,2024-09-19,34,0,,,,,,,,,,,,,,,SSB
2025-12-01 00:00:00,796061000274,80,DW,06,A,01,001,MUNICIPIO DE OTHON P  BLANCO  ,2006-08-31 00:00:00, ,5A,ACTIVO,1,744,2892,2024-09-13,22,0,,,,,,,,,,,,,,,SSB
2025-12-01 00:00:00,796061000282,80,DW,06,A,01,001,MUNICIPIO DE OTHON P BLANCO   ,2006-08-31 00:00:00, ,5A,ACTIVO,1,744,3549,2024-11-20,2,0,,,,,,,,,,,,,,,SSB
2025-12-01 00:00:00,796061000291,80,DW,06,A,01,001,MUNICIPIO DE OTHON P BLANCO   ,2006-08-31 00:00:00, ,5A,ACTIVO,1,1116,5300,2024-09-09,42,0,,,,,,,,,,,,,,,SSB
2025-12-01 00:00:00,796061000355,80,DW,06,A,01,001,MUNICIPIO DE OTHON P BLANCO   ,2006-08-31 00:00:00, ,5A,ACTIVO,1,1860,8804,2024-09-19,48,0,,,,,,,,,,,,,,,SSB
2025-12-01 00:00:00,796061000371,80,DW,06,A,01,001,MUNICIPIO DE OTHON P BLANCO   ,2006-08-31 00:00:00, ,5A,ACTIVO,1,744,3549,2024-09-13,6,0,,,,,,,,,,,,,,,SSB
2025-12-01 00:00:00,796061000410,80,DW,06,A,01,001,MUNICIPIO DE OTHON P  BLANCO  ,2006-08-31 00:00:00, ,5A,ACTIVO,1,1116,5300,2024-01-30,70,0,,,,,,,,,,,,,,,SSB
2025-12-01 00:00:00,796061000436,80,DW,06,A,01,001,MUNICIPIO DE OTHON P  BLANCO  ,2006-08-31 00:00:00, ,5A,ACTIVO,1,744,3549,2024-01-10,95,0,,,,,,,,,,,,,,,SSB
2025-12-01 00:00:00,796061000444,80,DW,06,A,01,001,MUNICIPIO DE OTHON P BLANCO   ,2006-08-31 00:00:00, ,5A,ACTIVO,1,744,3548,2024-09-19,10,0,,,,,,,,,,,,,,,SSB
2025-12-01 00:00:00,796061000461,80,DW,06,A,01,001,MUNICIPIO DE OTHON P BLANCO   ,2006-08-31 00:00:00, ,5A,ACTIVO,1,4464,21065,2024-11-20,1,0,,,,,,,,,,,,,,,SSB
2025-12-01 00:00:00,796061000479,80,DW,06,A,01,001,MUNICIPIO DE OTHON P BLANCO   ,2006-08-31 00:00:00, ,5A,ACTIVO,1,5952,28071,2024-01-12,69,0,,,,,,,,,,,,,,,SSB
2025-12-01 00:00:00,796061002447,80,DW,06,A,03,001,MUNICIPIO DE OTHON P BLANCO   ,2006-10-18 00:00:00, ,5A,ACTIVO,1,1488,7052,2024-10-04,10,0,,,,,,,,,,,,,,,SSB
2025-12-01 00:00:00,796040302998,80,DW,06,A,01,001,MUNICIPIO DE OTHON P BLANCO   ,2004-03-02 00:00:00, ,5A,ACTIVO,1,1488,7052,2024-08-26,44,0,,,,,,,,,,,,,,,SSB
2025-12-01 00:00:00,796040303285,80,DW,06,A,01,001,MUNICIPIO DE OTHON P BLANCO   ,2004-03-16 00:00:00, ,5A,ACTIVO,1,372,1797,2024-08-09,1,0,,,,,,,,,,,,,,,SSB
2025-12-01 00:00:00,796050100030,80,DW,06,A,13,001,MUNICIPIO DE OTHON P BALNCO   ,2004-12-01 00:00:00, ,5A,ACTIVO,1,5208,24567,2024-11-04,1,0,,,,,,,,,,,,,,,SSB
2025-12-01 00:00:00,796050301213,80,DW,06,A,01,001,MUNICIPIO DE OTHON P BLANCO   ,2005-03-02 00:00:00, ,5A,ACTIVO,1,744,3549,2024-11-20,1,0,,,,,,,,,,,,,,,SSB
2025-12-01 00:00:00,796030900021,80,DW,06,A,01,001,MUNICIPIO DE OTHON P BLANCO   ,2002-10-10 00:00:00, ,5A,ACTIVO,1,2976,14058,2024-08-04,113,0,,,,,,,,,,,,,,,SSB
2025-12-01 00:00:00,796031101807,80,DW,06,A,01,001,MUNICIPIO DE OTHON P BLANCO   ,2003-10-28 00:00:00, ,5A,ACTIVO,1,372,1798,2024-09-09,14,0,,,,,,,,,,,,,,,SSB
2025-12-01 00:00:00,796031101823,80,DW,06,A,01,001,MUNICIPIO DE OTHON P BLANCO   ,2003-10-28 00:00:00, ,5A,ACTIVO,1,1860,8803,2024-10-04,74,0,,,,,,,,,,,,,,,SSB
2025-12-01 00:00:00,796061200621,80,DW,06,A,01,001,MUNICIPIO DE OTHON P BLANCO   ,2006-11-30 00:00:00, ,5A,ACTIVO,1,372,1797,2024-01-12,15,0,,,,,,,,,,,,,,,SSB
2025-12-01 00:00:00,796031101866,80,DW,06,A,01,001,MUNICIPIO DE OTHON P BLANCO   ,2003-11-07 00:00:00, ,5A,ACTIVO,1,372,1797,2024-09-09,22,0,,,,,,,,,,,,,,,SSB
2025-12-01 00:00:00,796040100741,80,DW,06,A,01,001,MUNICIPIO DE OTHON P BLANCO   ,2004-01-05 00:00:00, ,5A,ACTIVO,1,744,3548,2024-11-20,9,0,,,,,,,,,,,,,,,SSB
2025-12-01 00:00:00,796070401001,80,DW,06,A,01,001,MUNICIPIO DE OTHON P BLANCO   ,2007-03-13 00:00:00, ,5A,ACTIVO,1,2232,10555,2024-11-20,1,0,,,,,,,,,,,,,,,SSB
2025-12-01 00:00:00,796070401079,80,DW,06,A,01,001,MUNICIPIO DE OTHON P BLANCO   ,2007-03-12 00:00:00, ,5A,ACTIVO,1,2976,14058,2024-07-29,95,0,,,,,,,,,,,,,,,SSB
2025-12-01 00:00:00,796070401125,80,DW,06,A,01,001,MUNICIPIO DE OTHON P  BLANCO  ,2007-03-12 00:00:00, ,5A,ACTIVO,1,2232,10555,2024-07-26,31,0,,,,,,,,,,,,,,,SSB
2025-12-01 00:00:00,796070401133,80,DW,06,A,01,001,MUNICIPIO DE OTHON P BLANCO   ,2007-03-12 00:00:00, ,5A,ACTIVO,1,1116,5301,2024-07-26,69,0,,,,,,,,,,,,,,,SSB
2025-12-01 00:00:00,796040101801,80,DW,06,A,01,001,MUNICIPIO DE OTHON P BLANCO   ,2002-01-01 00:00:00, ,5A,ACTIVO,1,744,3548,2024-08-26,29,0,,,,,,,,,,,,,,,SSB
2025-12-01 00:00:00,796040101828,80,DW,06,A,01,001,MUNICIPIO DE OTHON P BLANCO   ,2003-12-30 00:00:00, ,5A,ACTIVO,1,3348,15809,2024-08-04,24,0,,,,,,,,,,,,,,,SSB
2025-12-01 00:00:00,796040202748,80,DW,06,A,01,001,MUNICIPIO DE OTHON P  BLANCO  ,2004-02-18 00:00:00, ,5A,ACTIVO,1,2232,10555,2024-09-09,68,0,,,,,,,,,,,,,,,SSB
2025-12-01 00:00:00,796040202802,80,DW,06,A,01,001,MUNICIPIO DE OTHON P BLANCO   ,2004-02-18 00:00:00, ,5A,ACTIVO,1,372,1797,2024-08-26,5,0,,,,,,,,,,,,,,,SSB
2025-12-01 00:00:00,796050304131,80,DW,06,A,01,001,MUNICIPIO DE OTHON P BLANCO   ,2005-03-16 00:00:00, ,5A,ACTIVO,1,1116,5300,2024-09-09,50,0,,,,,,,,,,,,,,,SSB
2025-12-01 00:00:00,796050304212,80,DW,06,A,01,001,MUNICIPIO DE OTHON P BLANCO   ,2005-03-15 00:00:00, ,5A,ACTIVO,1,2604,12306,2024-07-23,65,0,,,,,,,,,,,,,,,SSB
2025-12-01 00:00:00,796050304522,80,DW,06,A,01,001,MUNICIPIO DE OTHON P BLANCO   ,2005-03-28 00:00:00, ,5A,ACTIVO,1,744,3549,2024-08-26,22,0,,,,,,,,,,,,,,,SSB
2025-12-01 00:00:00,796050401501,80,DW,06,A,05,001,MUNICIPIO DE OTHON P BLANCO   ,2005-03-12 00:00:00, ,5A,ACTIVO,1,1116,5300,2024-10-04,4,0,,,,,,,,,,,,,,,SSB
2025-12-01 00:00:00,796061100724,80,DW,06,A,01,001,MUNICIPIO DE OTHON P BLANCO   ,2006-09-29 00:00:00, ,5A,ACTIVO,1,2604,12307,2024-11-20,1,0,,,,,,,,,,,,,,,SSB
2025-12-01 00:00:00,796061100741,80,DW,06,A,32,001,MUNICIPIO DE OTHON P  BLANCO  ,2006-09-29 00:00:00, ,5A,ACTIVO,1,3348,15809,2024-08-29,14,0,,,,,,,,,,,,,,,SSB
2025-12-01 00:00:00,796061100767,80,DW,06,A,37,001,MUNICIPIO DE OTHON P BLANCO   ,2006-09-29 00:00:00, ,5A,ACTIVO,1,1302,6176,2024-11-20,1,0,,,,,,,,,,,,,,,SSB
2025-12-01 00:00:00,796061100775,80,DW,06,A,01,001,MUNICIPIO DE OTHON P BLANCO   ,2006-09-29 00:00:00, ,5A,ACTIVO,1,1488,7051,2024-11-20,1,0,,,,,,,,,,,,,,,SSB
2025-12-01 00:00:00,796061100783,80,DW,06,A,01,001,MUNICIPIO DE OTHON P BLANCO   ,2006-11-04 00:00:00, ,5A,ACTIVO,1,744,3548,2024-08-26,5,0,,,,,,,,,,,,,,,SSB
2025-12-01 00:00:00,796061100805,80,DW,06,A,01,001,MUNICIPIO DE OTHON P  BLANCO  ,2006-09-29 00:00:00, ,5A,ACTIVO,1,2604,12307,2024-09-04,28,0,,,,,,,,,,,,,,,SSB
2025-12-01 00:00:00,796061100848,80,DW,06,A,01,001,MUNICIPIO DE OTHON P BLANCO   ,2006-09-29 00:00:00, ,5A,ACTIVO,1,744,3549,2024-09-19,22,0,,,,,,,,,,,,,,,SSB
2025-12-01 00:00:00,796050503266,80,DW,06,A,01,001,MUNICIPIO DE OTHON P BLANCO   ,2005-05-17 00:00:00, ,5A,ACTIVO,1,1488,7051,2024-01-12,40,0,,,,,,,,,,,,,,,SSB
2025-12-01 00:00:00,796050601071,80,DW,06,A,01,001,MUNICIPIO DE OTHON P BLANCO   ,2005-05-29 00:00:00, ,5A,ACTIVO,1,5208,24567,2024-07-30,119,0,,,,,,,,,,,,14,14.218,2025-12-31,SSB
2025-12-01 00:00:00,796050601071,80,DW,06,A,01,001,MUNICIPIO DE OTHON P BLANCO   ,2005-05-29 00:00:00, ,5A,ACTIVO,,,,2024-07-30,119,0,,,,,,,,,,,,14,14.218,2025-12-31,SSB
2025-12-01 00:00:00,796060304628,80,DW,06,A,01,001,MUNICIPIO DE OTHON P BLANCO   ,2006-03-16 00:00:00, ,5A,ACTIVO,1,1116,5300,2024-09-02,68,0,,,,,,,,,,,,,,,SSB
2025-12-01 00:00:00,796060304652,80,DW,06,A,01,001,MUNICIPIO DE OTHON P BLANCO   ,2006-03-16 00:00:00, ,5A,ACTIVO,1,1116,5300,2024-07-12,60,0,,,,,,,,,,,,,,,SSB
2025-12-01 00:00:00,796070600802,80,DW,06,A,01,001,MUNICIPIO DE OTHON  P BLANCO  ,2007-04-30 00:00:00, ,5A,ACTIVO,1,4836,22815,2024-09-13,117,0,,,,,,,,,,,,,,,SSB
2025-12-01 00:00:00,796070600811,80,DW,06,A,01,001,MUNICIPIO DE OTHON  P BLANCO  ,2007-05-31 00:00:00, ,5A,ACTIVO,1,1488,7051,2024-09-13,109,0,,,,,,,,,,,,,,,SSB
2025-12-01 00:00:00,796070600829,80,DW,06,A,01,001,MUNICIPIO DE OTHON  P BLANCO  ,2007-05-31 00:00:00, ,5A,ACTIVO,1,3348,15810,2024-07-19,73,0,,,,,,,,,,,,,,,SSB
2025-12-01 00:00:00,796070600837,80,DW,06,A,01,001,MUNICIPIO DE OTHON P BLANCO   ,2007-05-31 00:00:00, ,5A,ACTIVO,1,6696,31573,2024-09-09,144,0,,,,,,,,,,,,,,,SSB
2025-12-01 00:00:00,796070600845,80,DW,06,A,01,001,MUNICIPIO DE OTHON  P BLANCO  ,2007-05-31 00:00:00, ,5A,ACTIVO,1,2976,14058,2024-09-09,45,0,,,,,,,,,,,,,,,SSB
2025-12-01 00:00:00,796070600853,80,DW,06,A,01,001,MUNICIPIO DE OTHON  P BLANCO  ,2007-05-29 00:00:00, ,5A,ACTIVO,1,1860,8803,2024-09-09,38,0,,,,,,,,,,,,,,,SSB
2025-12-01 00:00:00,796070600861,80,DW,06,A,01,001,MUNICIPIO DE OTHON P BLANCO   ,2007-05-28 00:00:00, ,5A,ACTIVO,1,8184,38580,2024-09-09,117,0,,,,,,,,,,,,,,,SSB
2025-12-01 00:00:00,796070600926,80,DW,06,A,01,001,MUNICIPIO DE OTHON  P BLANCO  ,2007-05-28 00:00:00, ,5A,ACTIVO,1,8556,40331,2024-09-13,41,0,,,,,,,,,,,,,,,SSB
2025-12-01 00:00:00,796070600934,80,DW,06,A,01,001,MUNICIPIO DE OTHON P BLANCO   ,2007-05-28 00:00:00, ,5A,ACTIVO,1,3348,15809,2024-09-04,77,0,,,,,,,,,,,,,,,SSB
2025-12-01 00:00:00,796070600942,80,DW,06,A,01,001,MUNICIPIO DE OTHON  P BLANCO  ,2007-05-27 00:00:00, ,5A,ACTIVO,1,8928,42083,2024-08-30,197,0,,,,,,,,,,,,,,,SSB
2025-12-01 00:00:00,796070600951,80,DW,06,A,01,001,MUNICIPIO DE OTHON  P BLANCO  ,2007-05-25 00:00:00, ,5A,ACTIVO,1,5208,24568,2024-07-11,94,0,,,,,,,,,,,,,,,SSB
2025-12-01 00:00:00,796070600969,80,DW,06,A,01,001,MUNICIPIO DE OTHON  P BLANCO  ,2007-05-26 00:00:00, ,5A,ACTIVO,1,6324,29822,2024-09-13,127,0,,,,,,,,,,,,,,,SSB
2025-12-01 00:00:00,796070600985,80,DW,06,A,01,001,MUNICIPIO DE OTHON  P BLANCO  ,2007-05-24 00:00:00, ,5A,ACTIVO,1,6696,31573,2024-07-19,155,0,,,,,,,,,,,,,,,SSB
2025-12-01 00:00:00,796070600993,80,DW,06,A,01,001,MUNICIPIO DE OTHON  P BLANCO  ,2007-05-28 00:00:00, ,5A,ACTIVO,1,17856,84121,2024-11-05,55,0,,,,,,,,,,,,,,,SSB
2025-12-01 00:00:00,796070601001,80,DW,06,A,01,001,MUNICIPIO DE OTHON  P BLANCO  ,2007-05-26 00:00:00, ,5A,ACTIVO,1,14508,68356,2024-08-30,267,0,,,,,,,,,,,,,,,SSB
2025-12-01 00:00:00,796070601027,80,DW,06,A,01,001,MUNICIPIO DE OTHON  P BLANCO  ,2007-05-25 00:00:00, ,5A,ACTIVO,1,3720,17561,2024-09-09,24,0,,,,,,,,,,,,,,,SSB
2025-12-01 00:00:00,796070601035,80,DW,06,A,01,001,MUNICIPIO DE OTHON  P BLANCO  ,2007-05-21 00:00:00, ,5A,ACTIVO,1,1116,5300,2024-09-09,28,0,,,,,,,,,,,,,,,SSB
2025-12-01 00:00:00,796070601043,80,DW,06,A,01,001,MUNICIPIO DE OTHON  P BLANCO  ,2007-05-27 00:00:00, ,5A,ACTIVO,1,1116,5301,2024-09-09,33,0,,,,,,,,,,,,,,,SSB
2025-12-01 00:00:00,796070601051,80,DW,06,A,01,001,MUNICIPIO DE OTHON  P BLANCO  ,2007-05-24 00:00:00, ,5A,ACTIVO,1,5208,24568,2024-09-04,93,0,,,,,,,,,,,,,,,SSB
2025-12-01 00:00:00,796070601060,80,DW,06,A,01,001,MUNICIPIO DE OTHON  P BLANCO  ,2007-05-26 00:00:00, ,5A,ACTIVO,1,2604,12307,2024-07-17,46,0,,,,,,,,,,,,,,,SSB
2025-12-01 00:00:00,796070601078,80,DW,06,A,01,001,MUNICIPIO DE OTHON  P BLANCO  ,2007-05-27 00:00:00, ,5A,ACTIVO,1,2232,10554,2024-09-04,39,0,,,,,,,,,,,,,,,SSB
2025-12-01 00:00:00,796070601086,80,DW,06,A,01,001,MUNICIPIO DE OTHON  P BLANCO  ,2007-05-28 00:00:00, ,5A,ACTIVO,1,1116,5300,2024-09-09,21,0,,,,,,,,,,,,,,,SSB
2025-12-01 00:00:00,796070601094,80,DW,06,A,01,001,MUNICIPIO DE OTHON P BLANCO   ,2007-05-27 00:00:00, ,5A,ACTIVO,1,3348,15809,2024-09-13,30,0,,,,,,,,,,,,,,,SSB
2025-12-01 00:00:00,796070601108,80,DW,06,A,01,001,MUNICIPIO DE OTHON  P BLANCO  ,2007-05-22 00:00:00, ,5A,ACTIVO,1,3348,15810,2024-08-30,95,0,,,,,,,,,,,,,,,SSB
2025-12-01 00:00:00,796070601116,80,DW,06,A,01,001,MUNICIPIO DE OTHON  P BLANCO  ,2007-05-25 00:00:00, ,5A,ACTIVO,1,2232,10555,2024-09-04,54,0,,,,,,,,,,,,,,,SSB
2025-12-01 00:00:00,796070601124,80,DW,06,A,01,001,MUNICIPIO DE OTHON P BLANCO   ,2007-05-28 00:00:00, ,5A,ACTIVO,1,1116,5300,2024-08-09,39,0,,,,,,,,,,,,,,,SSB
2025-12-01 00:00:00,796070800585,80,DW,06,A,01,001,MUNICIPIO DE OTHON P BLANCO   ,2007-06-15 00:00:00, ,5A,ACTIVO,1,1860,8803,2024-07-30,36,0,,,,,,,,,,,,,,,SSB
2025-12-01 00:00:00,796070800593,80,DW,06,A,01,001,MUNICIPIO DE OTHON P BLANCO   ,2007-07-15 00:00:00, ,5A,ACTIVO,1,1488,7052,2024-08-06,314,0,,,,,,,,,,,,,,,SSB
2025-12-01 00:00:00,796060700396,80,DW,06,A,01,001,MUNICIPIO DE OTHON P BLANCO   ,2006-06-03 00:00:00, ,5A,ACTIVO,1,2232,10555,2024-10-30,40,0,,,,,,,,,,,,,,,SSB
2025-12-01 00:00:00,796070600659,80,DW,06,A,01,001,MUNICIPIO DE OTHON P BLANCO   ,2007-04-30 00:00:00, ,5A,ACTIVO,1,1860,8804,2024-09-19,12,0,,,,,,,,,,,,,,,SSB
2025-12-01 00:00:00,796070600667,80,DW,06,A,01,001,MUNICIPIO DE OTHON P BLANCO   ,2007-04-30 00:00:00, ,5A,ACTIVO,1,1860,8803,2024-09-13,39,0,,,,,,,,,,,,,,,SSB
2025-12-01 00:00:00,796070600675,80,DW,06,A,01,001,MUNICIPIO DE OTHON P BLANCO   ,2007-04-30 00:00:00, ,5A,ACTIVO,1,5208,24567,2024-09-13,95,0,,,,,,,,,,,,,,,SSB
2025-12-01 00:00:00,796070600683,80,DW,06,A,01,001,MUNICIPIO DE OTHON P BLANCO   ,2007-04-30 00:00:00, ,5A,ACTIVO,1,4836,22815,2024-10-04,156,0,,,,,,,,,,,,,,,SSB
2025-12-01 00:00:00,796070600705,80,DW,06,A,01,001,MUNICIPIO DE OTHON P BLANCO   ,2007-04-30 00:00:00, ,5A,ACTIVO,1,2604,12306,2024-09-09,98,0,,,,,,,,,,,,,,,SSB
2025-12-01 00:00:00,796070600713,80,DW,06,A,01,001,MUNICIPIO DE OTHON  P BLANCO  ,2007-04-30 00:00:00, ,5A,ACTIVO,1,2976,14058,2024-09-13,59,0,,,,,,,,,,,,,,,SSB
2025-12-01 00:00:00,796070600748,80,DW,06,A,01,001,MUNICIPIO DE OTHON  P BLANCO  ,2007-04-30 00:00:00, ,5A,ACTIVO,1,3720,17561,2024-09-13,103,0,,,,,,,,,,,,,,,SSB
2025-12-01 00:00:00,796061201423,80,DW,06,A,01,001,MUNICIPIO DE OTHON P  BLANCO  ,2006-12-12 00:00:00, ,5A,ACTIVO,1,2976,14058,2024-07-30,101,0,,,,,,,,,,,,,,,SSB
2025-12-01 00:00:00,796061201431,80,DW,06,A,01,001,MUNICIPIO DE OTHON P  BLANCO  ,2006-12-12 00:00:00, ,5A,ACTIVO,1,4092,19313,2024-07-29,78,0,,,,,,,,,,,,,,,SSB
2025-12-01 00:00:00,796070600501,80,DW,06,A,01,001,MUNICIPIO DE OTHON P  BLANCO  ,2007-04-30 00:00:00, ,5A,ACTIVO,1,2232,10555,2024-01-11,76,0,,,,,,,,,,,,,,,SSB
2025-12-01 00:00:00,796070600527,80,DW,06,A,01,001,MUNICIPIO DE OTHON P  BLANCO  ,2007-04-30 00:00:00, ,5A,ACTIVO,1,3566,16836,2024-10-04,255,0,,,,,,,,,,,,,,,SSB
2025-12-01 00:00:00,796070600535,80,DW,06,A,01,001,MUNICIPIO DE OTHON P BLANCO   ,2007-04-30 00:00:00, ,5A,ACTIVO,1,5640,26602,2024-10-04,154,0,,,,,,,,,,,,,,,SSB
2025-12-01 00:00:00,796070600560,80,DW,06,A,01,001,MUNICIPIO DE OTHON P BLANCO   ,2007-04-30 00:00:00, ,5A,ACTIVO,1,1488,7051,2024-08-09,6,0,,,,,,,,,,,,,,,SSB
2025-12-01 00:00:00,796070600578,80,DW,06,A,01,001,MUNICIPIO DE OTHON P BLANCO   ,2007-04-30 00:00:00, ,5A,ACTIVO,1,2976,14058,2024-08-09,133,0,,,,,,,,,,,,,,,SSB
2025-12-01 00:00:00,796070600586,80,DW,06,A,01,001,MUNICIPIO DE OTHON P BLANCO   ,2007-04-30 00:00:00, ,5A,ACTIVO,1,8184,38580,2024-08-09,99,0,,,,,,,,,,,,,,,SSB
2025-12-01 00:00:00,796070600594,80,DW,06,A,01,001,MUNICIPIO DE OTHON P BLANCO   ,2007-04-30 00:00:00, ,5A,ACTIVO,1,8928,42083,2024-08-06,180,0,,,,,,,,,,,,,,,SSB
2025-12-01 00:00:00,796070600608,80,DW,06,A,01,001,MUNICIPIO DE OTHON P BLANCO   ,2007-04-30 00:00:00, ,5A,ACTIVO,1,25668,120903,2024-08-09,514,0,,,,,,,,,,,,,,,SSB
2025-12-01 00:00:00,796070600641,80,DW,06,A,01,001,MUNICIPIO DE OTHON P BLANCO   ,2007-04-30 00:00:00, ,5A,ACTIVO,1,1860,8803,2024-09-19,55,0,,,,,,,,,,,,,,,SSB
2025-12-01 00:00:00,796070600756,80,DW,06,A,01,001,MUNICIPIO DE OTHON  P BLANCO  ,2007-04-30 00:00:00, ,5A,ACTIVO,1,3348,15810,2024-09-13,71,0,,,,,,,,,,,,,,,SSB
2025-12-01 00:00:00,796070600764,80,DW,06,A,01,001,MUNICIPIO DE OTHON  P BLANCO  ,2007-04-30 00:00:00, ,5A,ACTIVO,1,1860,8803,2024-09-13,47,0,,,,,,,,,,,,,,,SSB
2025-12-01 00:00:00,796070600781,80,DW,06,A,01,001,MUNICIPIO DE OTHON  P BLANCO  ,2007-04-30 00:00:00, ,5A,ACTIVO,1,1488,7052,2024-09-13,28,0,,,,,,,,,,,,,,,SSB
2025-12-01 00:00:00,796070600799,80,DW,06,A,01,001,MUNICIPIO DE OTHON  P BLANCO  ,2007-04-30 00:00:00, ,5A,ACTIVO,1,3348,15809,2024-09-13,50,0,,,,,,,,,,,,,,,SSB
2025-12-01 00:00:00,796080601475,80,DW,06,A,01,001,MUNICIPIO DE OTHON P BLANCO   ,2008-02-15 00:00:00, ,5A,ACTIVO,1,3720,17561,2024-09-02,56,0,,,,,,,,,,,,,,,SSB
2025-12-01 00:00:00,796080700996,80,DW,06,A,03,001,MUNICIPIO DE OTHON P BLANCO   ,2008-06-10 00:00:00, ,5A,ACTIVO,1,2232,10555,2024-10-04,13,0,,,,,,,,,,,,,,,SSB
2025-12-01 00:00:00,796080704576,80,DW,06,A,01,001,MUNICIPIO DE OTHON P  BLANCO  ,2008-07-08 00:00:00, ,5A,ACTIVO,1,2232,10555,2024-07-19,73,0,,,,,,,,,,,,,,,SSB
2025-12-01 00:00:00,796080801211,80,DW,06,A,01,001,MUNICIPIO DE OTHON P BLANCO   ,2008-04-17 00:00:00, ,5A,ACTIVO,1,1488,7052,2024-08-09,38,0,,,,,,,,,,,,,,,SSB
2025-12-01 00:00:00,796080801245,80,DW,06,A,01,001,MUNICIPIO DE OTHON P BLANCO   ,2008-04-17 00:00:00, ,5A,ACTIVO,1,1116,5301,2024-10-04,63,0,,,,,,,,,,,,,,,SSB
2025-12-01 00:00:00,796080801903,80,DW,06,A,01,001,MUNICIPIO DE OTHON P  BLANCO  ,2008-08-11 00:00:00, ,5A,ACTIVO,1,744,3549,2024-10-04,45,0,,,,,,,,,,,,,,,SSB
2025-12-01 00:00:00,796080900332,80,DW,06,A,01,001,MUNICIPIO DE OTHON P BLANCO   ,2008-08-27 00:00:00, ,5A,ACTIVO,1,2232,10555,2024-01-12,60,0,,,,,,,,,,,,,,,SSB
2025-12-01 00:00:00,796080900341,80,DW,06,A,01,001,MUNICIPIO DE OTHON P BLANCO   ,2007-03-12 00:00:00, ,5A,ACTIVO,1,1860,8803,2024-01-13,50,0,,,,,,,,,,,,,,,SSB
2025-12-01 00:00:00,796080900359,80,DW,06,A,01,001,MUNICIPIO DE OTHON P BLANCO   ,2008-08-26 00:00:00, ,5A,ACTIVO,1,1116,5300,2024-01-12,30,0,,,,,,,,,,,,,,,SSB
2025-12-01 00:00:00,796070902299,80,DW,06,A,02,001,MUNICIPIO DE OTHON P BLANCO   ,2007-06-25 00:00:00, ,5A,ACTIVO,1,1116,5300,2024-10-04,34,0,,,,,,,,,,,,,,,SSB
2025-12-01 00:00:00,796080305086,80,DW,06,A,02,001,MUNICIPIO DE OTHON P BLANCO   ,2008-03-25 00:00:00, ,5A,ACTIVO,1,2232,10555,2024-10-04,60,0,,,,,,,,,,,,,,,SSB
2025-12-01 00:00:00,796081005086,80,DW,06,A,01,001,MUNICIPIO DE OTHON P  BLANCO  ,2008-08-01 00:00:00, ,5A,ACTIVO,1,1116,5300,2024-08-26,13,0,,,,,,,,,,,,,,,SSB
2025-12-01 00:00:00,796081100135,80,DW,06,A,01,001,MUNICIPIO DE OTHON P  BLANCO  ,2008-09-30 00:00:00, ,5A,ACTIVO,1,3720,17561,2024-01-13,104,0,,,,,,,,,,,,,,,SSB
2025-12-01 00:00:00,796081100143,80,DW,06,A,01,001,MUNICIPIO DE OTHON P BLANCO   ,2008-09-30 00:00:00, ,5A,ACTIVO,1,744,3549,2024-09-09,20,0,,,,,,,,,,,,,,,SSB
2025-12-01 00:00:00,796081100151,80,DW,06,A,01,001,MUNICIPIO DE OTHON P  BLANCO  ,2008-08-31 00:00:00, ,5A,ACTIVO,1,744,3549,2024-09-13,22,0,,,,,,,,,,,,,,,SSB
2025-12-01 00:00:00,796081100194,80,DW,06,A,01,001,MUNICIPIO DE OTHON P BLANCO   ,2008-08-31 00:00:00, ,5A,ACTIVO,1,744,3549,2024-01-30,39,0,,,,,,,,,,,,,,,SSB
2025-12-01 00:00:00,796081100208,80,DW,06,A,01,001,MUNICIPIO DE OTHON P  BLANCO  ,2008-08-31 00:00:00, ,5A,ACTIVO,1,1860,8803,2024-11-20,1,0,,,,,,,,,,,,,,,SSB
2025-12-01 00:00:00,796080902319,80,DW,06,A,01,001,MUNICIPIO DE OTHON P BLANCO   ,2008-03-08 00:00:00, ,5A,ACTIVO,1,5208,24568,2024-08-21,155,0,,,,,,,,,,,,,,,SSB
2025-12-01 00:00:00,796080902726,80,DW,06,A,01,001,MUNICIPIO DE OTHON P BLANCO   ,2008-09-18 00:00:00, ,5A,ACTIVO,1,1860,8804,2024-07-19,44,0,,,,,,,,,,,,,,,SSB
2025-12-01 00:00:00,796080902734,80,DW,06,A,01,001,MUNICIPIO DE OTHON P BLANCO   ,2008-09-18 00:00:00, ,5A,ACTIVO,1,3348,15810,2024-07-26,34,0,,,,,,,,,,,,,,,SSB
2025-12-01 00:00:00,796080903901,80,DW,06,A,01,001,MUNICIPIO DE OTHON P BLANCO   ,2008-09-23 00:00:00, ,5A,ACTIVO,1,1860,8804,2024-07-17,28,0,,,,,,,,,,,,,,,SSB
2025-12-01 00:00:00,796081004993,80,DW,06,A,01,001,MUNICIPIO DE OTHON P BLANCO   ,2008-08-01 00:00:00, ,5A,ACTIVO,1,744,3548,2024-09-13,13,0,,,,,,,,,,,,,,,SSB
2025-12-01 00:00:00,796081005001,80,DW,06,A,01,001,MUNICIPIO DE OTHON P BLANCO   ,2008-08-01 00:00:00, ,5A,ACTIVO,1,2604,12307,2024-07-15,433,0,,,,,,,,,,,,,,,SSB
2025-12-01 00:00:00,796081005019,80,DW,06,A,01,001,MUNICIPIO DE OTHON P BLANCO   ,2008-08-01 00:00:00, ,5A,ACTIVO,1,4464,21064,2024-07-16,87,0,,,,,,,,,,,,,,,SSB
2025-12-01 00:00:00,796081005027,80,DW,06,A,01,001,MUNICIPIO DE OTHON P  BLANCO  ,2008-08-01 00:00:00, ,5A,ACTIVO,1,744,3549,2024-08-26,20,0,,,,,,,,,,,,,,,SSB
2025-12-01 00:00:00,796081005035,80,DW,06,A,01,001,MUNICIPIO DE OTHON P BLANCO   ,2008-08-01 00:00:00, ,5A,ACTIVO,1,744,3549,2024-08-26,21,0,,,,,,,,,,,,,,,SSB
2025-12-01 00:00:00,796081005043,80,DW,06,A,01,001,MUNICIPIO DE OTHON P BLANCO   ,2008-08-01 00:00:00, ,5A,ACTIVO,1,372,1798,2024-10-04,34,0,,,,,,,,,,,,,,,SSB
2025-12-01 00:00:00,796081005051,80,DW,06,A,01,001,MUNICIPIO DE OTHON P BLANCO   ,2008-08-01 00:00:00, ,5A,ACTIVO,1,372,1798,2024-10-04,12,0,,,,,,,,,,,,,,,SSB
2025-12-01 00:00:00,796081005060,80,DW,06,A,01,001,MUNICIPIO DE OTHON P BLANCO   ,2008-08-01 00:00:00, ,5A,ACTIVO,1,3720,17561,2024-07-16,50,0,,,,,,,,,,,,,,,SSB
2025-12-01 00:00:00,796081005078,80,DW,06,A,01,001,MUNICIPIO DE OTHON P  BLANCO  ,2008-08-01 00:00:00, ,5A,ACTIVO,1,744,3549,2024-11-20,2,0,,,,,,,,,,,,,,,SSB
2025-12-01 00:00:00,796081100453,80,DW,06,A,01,001,MUNICIPIO DE OTHON P  BLANCO  ,2008-08-31 00:00:00, ,5A,ACTIVO,1,1488,7052,2024-07-23,27,0,,,,,,,,,,,,,,,SSB
2025-12-01 00:00:00,796090203524,80,DW,06,A,30,001,MUNICIPIO DE OTHON P BLANCO   ,2009-02-17 00:00:00, ,5A,ACTIVO,1,744,3549,2024-08-29,6,0,,,,,,,,,,,,,,,SSB
2025-12-01 00:00:00,796081100470,80,DW,06,A,01,001,MUNICIPIO DE OTHON P  BLANCO  ,2008-08-31 00:00:00, ,5A,ACTIVO,1,10416,49089,2024-11-20,1,0,,,,,,,,,,,,,,,SSB
2025-12-01 00:00:00,796081100488,80,DW,06,A,01,001,MUNICIPIO DE OTHON P  BLANCO  ,2008-08-31 00:00:00, ,5A,ACTIVO,1,372,1797,2024-01-12,10,0,,,,,,,,,,,,,,,SSB
2025-12-01 00:00:00,796081100496,80,DW,06,A,01,001,MUNICIPIO DE OTHON P  BLANCO  ,2008-08-31 00:00:00, ,5A,ACTIVO,1,2232,10555,2024-09-23,78,0,,,,,,,,,,,,,,,SSB
2025-12-01 00:00:00,796081100500,80,DW,06,A,01,001,MUNICIPIO DE OTHON P  BLANCO  ,2008-08-31 00:00:00, ,5A,ACTIVO,1,2232,10555,2024-01-12,70,0,,,,,,,,,,,,,,,SSB
2025-12-01 00:00:00,796081100518,80,DW,06,A,01,001,MUNCIPIO DE OTHON P  BLANCO   ,2008-08-31 00:00:00, ,5A,ACTIVO,1,2232,10555,2024-09-13,71,0,,,,,,,,,,,,,,,SSB
2025-12-01 00:00:00,796081100305,80,DW,06,A,01,001,MUNICIPIO DE OTHON P BLANCO   ,2008-08-31 00:00:00, ,5A,ACTIVO,1,372,1797,2024-10-04,10,0,,,,,,,,,,,,,,,SSB
2025-12-01 00:00:00,796081100381,80,DW,06,A,01,001,MUNICIPIO DE OTHON P BLANCO   ,2008-08-31 00:00:00, ,5A,ACTIVO,1,2232,10555,2024-08-09,1,0,,,,,,,,,,,,,,,SSB
2025-12-01 00:00:00,796081100399,80,DW,06,A,01,001,MUNICIPIO DE OTHON P BLANCO   ,2008-08-31 00:00:00, ,5A,ACTIVO,1,1116,5300,2024-11-20,1,0,,,,,,,,,,,,,,,SSB
2025-12-01 00:00:00,796081100402,80,DW,06,A,01,001,MUNICIPIO DE OTHON P BLANCO   ,2008-08-31 00:00:00, ,5A,ACTIVO,1,1488,7052,2024-08-09,34,0,,,,,,,,,,,,,,,SSB
2025-12-01 00:00:00,796081100429,80,DW,06,A,01,001,MUNICIPIO DE OTHON P  BLANCO  ,2008-08-31 00:00:00, ,5A,ACTIVO,1,1860,8804,2024-08-26,40,0,,,,,,,,,,,,,,,SSB
2025-12-01 00:00:00,796081100534,80,DW,06,A,01,001,MUNICIPIO DE OTHON P  BLANCO  ,2008-08-31 00:00:00, ,5A,ACTIVO,1,2604,12307,2024-01-12,70,0,,,,,,,,,,,,,,,SSB
2025-12-01 00:00:00,796081100542,80,DW,06,A,01,001,MUNICIPIO DE OTHON P  BLANCO  ,2008-08-31 00:00:00, ,5A,ACTIVO,1,1488,7052,2024-07-12,16,0,,,,,,,,,,,,,,,SSB
2025-12-01 00:00:00,796081100551,80,DW,06,A,01,001,MUNICIPIO DE OTHON P  BLANCO  ,2008-08-31 00:00:00, ,5A,ACTIVO,1,1116,5300,2024-01-12,52,0,,,,,,,,,,,,,,,SSB
2025-12-01 00:00:00,796081100569,80,DW,06,A,01,001,MUNICIPIO DE OTHON P  BLANCO  ,2008-08-31 00:00:00, ,5A,ACTIVO,1,1488,7052,2024-11-20,1,0,,,,,,,,,,,,,,,SSB
2025-12-01 00:00:00,796081100577,80,DW,06,A,01,001,MUNICIPIO DE OTHON P  BLANCO  ,2008-08-31 00:00:00, ,5A,ACTIVO,1,5208,24567,2024-11-20,1,0,,,,,,,,,,,,,,,SSB
2025-12-01 00:00:00,796081100607,80,DW,06,A,01,001,MUNICIPIO DE OTHON P  BLANCO  ,2008-04-01 00:00:00, ,5A,ACTIVO,1,744,3548,2024-11-20,1,0,,,,,,,,,,,,,,,SSB
2025-12-01 00:00:00,796081100615,80,DW,06,A,01,001,MUNICIPIO DE OTHON P BLANCO   ,2008-04-10 00:00:00, ,5A,ACTIVO,1,744,3548,2024-11-20,1,0,,,,,,,,,,,,,,,SSB
2025-12-01 00:00:00,796081100623,80,DW,06,A,01,001,MUNICIPIO DE OTHON P  BLANCO  ,2008-04-10 00:00:00, ,5A,ACTIVO,1,372,1797,2024-10-04,8,0,,,,,,,,,,,,,,,SSB
2025-12-01 00:00:00,796081100658,80,DW,06,A,01,001,MUNICIPIO DE OTHON P  BLANCO  ,2008-08-31 00:00:00, ,5A,ACTIVO,1,372,1797,2024-11-20,1,0,,,,,,,,,,,,,,,SSB
2025-12-01 00:00:00,796081100674,80,DW,06,A,01,001,MUNICIPIO DE OTHON P  BLANCO  ,2008-07-31 00:00:00, ,5A,ACTIVO,1,744,3549,2024-01-13,30,0,,,,,,,,,,,,,,,SSB
2025-12-01 00:00:00,796081100682,80,DW,06,A,01,001,MUNICIPIO DE OTHON P  BLANCO  ,2008-06-30 00:00:00, ,5A,ACTIVO,1,4092,19313,2024-11-20,98,0,,,,,,,,,,,,,,,SSB
2025-12-01 00:00:00,796081100704,80,DW,06,A,01,001,MUNICIPIO DE OTHON P  BLANCO  ,2008-04-10 00:00:00, ,5A,ACTIVO,1,2232,10554,2024-11-20,1,0,,,,,,,,,,,,,,,SSB
2025-12-01 00:00:00,796081100721,80,DW,06,A,01,001,MUNICIPIO DE OTHON P  BLANCO  ,2008-06-30 00:00:00, ,5A,ACTIVO,1,1488,7051,2024-11-20,1,0,,,,,,,,,,,,,,,SSB
2025-12-01 00:00:00,796090400524,80,DW,06,A,19,001,MUNICIPIO DE OTHON P BLANCO   ,2009-03-09 00:00:00, ,5A,ACTIVO,1,744,3549,2024-10-07,6,0,,,,,,,,,,,,,,,SSB
2025-12-01 00:00:00,796090400541,80,DW,06,A,01,001,MUNICIPIO DE OTHON P BLANCO   ,2009-03-05 00:00:00, ,5A,ACTIVO,1,4836,22816,2024-01-12,130,0,,,,,,,,,,,,,,,SSB
2025-12-01 00:00:00,796110204492,80,DW,06,A,01,001,MUNICIPIO DE OTHON P BLANCO   ,2011-02-09 00:00:00, ,5A,ACTIVO,1,3348,15810,2024-07-16,60,0,,,,,,,,,,,,,,,SSB
2025-12-01 00:00:00,796090400559,80,DW,06,A,01,001,MUNICIPIO DE OTHON P BLANCO   ,2009-03-25 00:00:00, ,5A,ACTIVO,1,744,3549,2024-07-19,12,0,,,,,,,,,,,,,,,SSB
2025-12-01 00:00:00,796090601261,80,DW,06,A,24,001,MUNICIPIO DE OTHON P BLANCO   ,2009-01-19 00:00:00, ,5A,ACTIVO,1,1860,8803,2024-10-16,17,0,,,,,,,,,,,,,,,SSB
2025-12-01 00:00:00,796090701605,80,DW,06,A,01,001,MUNICIPIO DE OTHON P BLANCO   ,2009-06-25 00:00:00, ,5A,ACTIVO,1,372,1797,2024-09-04,124,0,,,,,,,,,,,,,,,SSB
2025-12-01 00:00:00,796090701699,80,DW,06,A,34,001,MUNICIPIO DE OTHON P BLANCO   ,2009-07-07 00:00:00, ,5A,ACTIVO,1,1116,5301,2024-08-29,7,0,,,,,,,,,,,,,,,SSB
2025-12-01 00:00:00,796090803157,80,DW,06,A,01,001,MUNICIPIO DE OTHON P BLANCO   ,2009-01-01 00:00:00, ,5A,ACTIVO,1,1488,7051,2024-07-12,19,0,,,,,,,,,,,,,,,SSB
2025-12-01 00:00:00,796110901321,80,DW,06,A,01,001,MUNICIPIO DE OTHON P BLANCO   ,2010-08-10 00:00:00, ,5A,ACTIVO,1,3348,15809,2024-11-20,1,0,,,,,,,,,,,,,,,SSB
2025-12-01 00:00:00,796090803165,80,DW,06,A,02,001,MUNICIPIO DE OTHON P BLANCO   ,2008-06-30 00:00:00, ,5A,ACTIVO,1,744,3549,2024-10-04,30,0,,,,,,,,,,,,,,,SSB
2025-12-01 00:00:00,796090804404,80,DW,06,A,36,001,MUNICIPIO DE OTHON P BLANCO   ,2009-02-03 00:00:00, ,5A,ACTIVO,1,744,3549,2024-10-24,10,0,,,,,,,,,,,,,,,SSB
2025-12-01 00:00:00,796090804579,80,DW,06,A,37,001,MUNICIPIO DE OTHON P BLANCO   ,2009-03-05 00:00:00, ,5A,ACTIVO,1,1488,7052,2024-11-20,1,0,,,,,,,,,,,,,,,SSB
2025-12-01 00:00:00,796090804617,80,DW,06,A,44,001,MUNICIPIO DE OTHON P BLANCO   ,2009-06-09 00:00:00, ,5A,ACTIVO,1,3348,15810,2024-11-04,125,0,,,,,,,,,,,,,,,SSB
2025-12-01 00:00:00,796090804625,80,DW,06,A,45,001,MUNICIPIO DE OTHON P BLANCO   ,2009-07-31 00:00:00, ,5A,ACTIVO,1,1860,8803,2024-11-04,86,0,,,,,,,,,,,,,,,SSB
2025-12-01 00:00:00,796090804421,80,DW,06,A,36,001,MUNICIPIO DE OTHON P BLANCO   ,2009-08-01 00:00:00, ,5A,ACTIVO,1,12276,57847,2024-10-24,319,0,,,,,,,,,,,,,,,SSB
2025-12-01 00:00:00,796090804561,80,DW,06,A,01,001,MUNICIPIO DE OTHON P BLANCO   ,2009-03-04 00:00:00, ,5A,ACTIVO,1,372,1797,2024-08-26,54,0,,,,,,,,,,,,,,,SSB
2025-12-01 00:00:00,796110202406,80,DW,06,A,01,001,MUNICIPIO DE OTHON P BLANCO   ,2011-01-25 00:00:00, ,5A,ACTIVO,1,1116,5301,2024-09-04,31,0,,,,,,,,,,,,,,,SSB
2025-12-01 00:00:00,796130200493,80,DW,06,A,01,001,MUNICIPIO DE OTHON P BLANCO   ,2012-08-25 00:00:00, ,5A,ACTIVO,1,2232,10555,2024-08-21,135,0,,,,,,,,,,,,,,,SSB
2025-12-01 00:00:00,796110306830,80,DW,06,A,01,001,MUNICIPIO DE OTHON P BLANCO   ,2011-03-25 00:00:00, ,5A,ACTIVO,1,2976,14057,2024-07-11,46,0,,,,,,,,,,,,,,,SSB
2025-12-01 00:00:00,796110306929,80,DW,06,A,36,001,MUNICIPIO DE OTHON P BLANCO   ,2011-03-27 00:00:00, ,5A,ACTIVO,1,1116,5300,2024-10-24,1,0,,,,,,,,,,,,,,,SSB
2025-12-01 00:00:00,796110502400,80,DW,06,A,01,001,MUNICIPIO DE OTHON P BLANCO   ,2011-03-18 00:00:00, ,5A,ACTIVO,1,5580,26319,2024-07-29,120,0,,,,,,,,,,,,,,,SSB
2025-12-01 00:00:00,796110506316,80,DW,06,A,01,001,MUNICIPIO DE OTHON P BLANCO   ,2011-01-01 00:00:00, ,5A,ACTIVO,1,4464,21065,2024-10-24,1,0,,,,,,,,,,,,,,,SSB
2025-12-01 00:00:00,796090900438,80,DW,06,A,46,001,MUNICIPIO DE OTHON P  BLANCO  ,2009-07-21 00:00:00, ,5A,ACTIVO,1,1116,5300,2024-11-04,21,0,,,,,,,,,,,,,,,SSB
2025-12-01 00:00:00,796090900446,80,DW,06,A,47,001,MUNICIPIO DE OTHON P  BLANCO  ,2009-07-21 00:00:00, ,5A,ACTIVO,1,2976,14058,2024-11-04,77,0,,,,,,,,,,,,,,,SSB
2025-12-01 00:00:00,796090900454,80,DW,06,A,48,001,MUNICIPIO DE OTHON P  BLANCO  ,2009-07-21 00:00:00, ,5A,ACTIVO,1,3720,17561,2024-11-20,58,0,,,,,,,,,,,,,,,SSB
2025-12-01 00:00:00,796100402458,80,DW,06,A,01,001,MUNICIPIO DE OTHON P BLANCO   ,2010-03-24 00:00:00, ,5A,ACTIVO,1,1860,8803,2024-07-23,37,0,,,,,,,,,,,,,,,SSB
2025-12-01 00:00:00,796100402491,80,DW,06,A,01,001,MUNICIPIO DE OTHON P  BLANCO  ,2010-03-24 00:00:00, ,5A,ACTIVO,1,1116,5301,2024-07-23,6,0,,,,,,,,,,,,,,,SSB
2025-12-01 00:00:00,796100500531,80,DW,06,A,01,001,MUNICIPIO DE OTHON P BLANCO   ,2010-03-24 00:00:00, ,5A,ACTIVO,1,1116,5300,2024-11-20,1,0,,,,,,,,,,,,,,,SSB
2025-12-01 00:00:00,796100500565,80,DW,06,A,01,001,MUNICIPIO DE OTHON P BLANCO   ,2010-03-24 00:00:00, ,5A,ACTIVO,1,2604,12306,2024-11-20,1,0,,,,,,,,,,,,,,,SSB
2025-12-01 00:00:00,796100803690,80,DW,06,D,43,001,MUNICIPIO DE BACALAR          ,2010-08-17 00:00:00,6,5A,ACTIVO,1,6324,32031,2024-12-27,13,0,,,,,,,,,,,,,,,SSB
2025-12-01 00:00:00,796100803711,80,DW,06,A,38,001,MUNICIPIO DE OTHON P BLANCO   ,2010-08-17 00:00:00, ,5A,ACTIVO,1,2232,10555,2024-11-04,52,0,,,,,,,,,,,,,,,SSB
2025-12-01 00:00:00,796110202384,80,DW,06,A,01,001,MUNICIPIO DE OTHON P BLANCO   ,2011-01-25 00:00:00, ,5A,ACTIVO,1,372,1678,2024-10-04,6,0,,,,,,,,,,,,,,,SSB
2025-12-01 00:00:00,796151002136,80,DW,06,A,01,001,MUNICIPIO DE OTHON P BLANCO   ,2015-09-15 00:00:00, ,5A,ACTIVO,1,2976,14058,2024-08-09,27,0,,,,,,,,,,,,,,,SSB
2025-12-01 00:00:00,796130504727,80,DW,06,A,01,001,MUNICIPIO DE OTHON P BLANCO   ,2013-05-28 00:00:00, ,5A,ACTIVO,1,4836,22816,2024-08-29,143,0,,,,,,,,,,,,,,,SSB
2025-12-01 00:00:00,796131200730,80,DW,06,A,01,001,MUNICIPIO DE OTHON P BLANCO   ,2013-09-20 00:00:00, ,02,ACTIVO,1,105,510,,,0,,,,,,,,,,,,,,,GSC
2025-12-01 00:00:00,796160103522,80,DW,06,A,01,001,MUNICIPIO DE OTHON P BLANCO   ,2016-01-13 00:00:00, ,5A,ACTIVO,1,7440,35076,2024-07-17,38,0,,,,,,,,,,,,,,,SSB
2025-12-01 00:00:00,796140301212,80,DW,06,A,01,001,MUNICIPIO DE OTHON P BLANCO   ,2014-03-12 00:00:00, ,5A,ACTIVO,1,744,3548,2024-01-13,20,0,,,,,,,,,,,,,,,SSB
2025-12-01 00:00:00,796140700672,80,DW,06,A,01,001,MUNICIPIO DE OTHON P BLANCO   ,2014-05-31 00:00:00, ,5A,ACTIVO,1,744,3548,2024-11-20,1,0,,,,,,,,,,,,,,,SSB
2025-12-01 00:00:00,796110602536,80,DW,06,A,01,001,MUNICIPIO DE OTHON P  BLANCO  ,2011-03-31 00:00:00, ,5A,ACTIVO,1,1488,7052,2024-07-30,76,0,,,,,,,,,,,,,,,SSB
2025-12-01 00:00:00,796111005566,80,DW,06,A,01,001,MUNICIPIO DE OTHON P  BLANCO  ,2011-10-24 00:00:00, ,5A,ACTIVO,1,744,3548,2024-01-30,20,0,,,,,,,,,,,,,,,SSB
2025-12-01 00:00:00,796111005582,80,DW,06,A,01,001,MUNICIPIO DE OTHON P BLANCO   ,2011-10-24 00:00:00, ,5A,ACTIVO,1,1488,7052,2024-09-19,32,0,,,,,,,,,,,,,,,SSB
2025-12-01 00:00:00,796111005591,80,DW,06,A,01,001,MUNICIPIO DE OTHON P BLANCO   ,2011-10-24 00:00:00, ,5A,ACTIVO,1,1488,7052,2024-11-20,1,0,,,,,,,,,,,,,,,SSB
2025-12-01 00:00:00,796111202639,80,DW,06,A,01,001,MUNICIPIO DE OTHON P BLANCO   ,2011-12-28 00:00:00, ,5A,ACTIVO,1,3348,15809,2024-07-29,84,0,,,,,,,,,,,,,,,SSB
2025-12-01 00:00:00,796120200924,80,DW,06,A,36,001,MUNICIPIO OTHON P BLANCO      ,2012-02-07 00:00:00, ,02,ACTIVO,1,286,1309,2024-12-01,63,0,,,,,,,,,,,,,,,SSB
2025-12-01 00:00:00,796160600372,80,DW,06,B,01,001,MUNICIPIO FELIPE CARRILLO PTO ,2016-06-02 00:00:00,6,5A,ACTIVO,1,744,3812,2024-12-27,13,0,,,,,,,,,,,,,,,SSB
2025-12-01 00:00:00,796120700021,80,DW,06,A,01,001,MUNICIPIO DE OTHON P BLANCO   ,2012-01-01 00:00:00, ,5A,ACTIVO,1,372,1797,2024-08-09,53,0,,,,,,,,,,,,,,,SSB
2025-12-01 00:00:00,796120900659,80,DW,06,A,21,001,MUNICIPIO DE OTHON P BLANCO   ,2012-08-22 00:00:00, ,5A,ACTIVO,1,1116,5300,2024-10-07,9,0,,,,,,,,,,,,,,,SSB
2025-12-01 00:00:00,796121200413,80,DW,06,A,01,001,MUNICIPIO DE OTHON P BLANCO   ,2012-11-01 00:00:00, ,5A,ACTIVO,1,1860,8804,2024-07-17,41,0,,,,,,,,,,,,,,,SSB
2025-12-01 00:00:00,796151203166,80,DW,06,A,10,001,MUNICIPIO OTHON P BALNCO      ,2015-12-11 00:00:00, ,02,ACTIVO,1,624,2803,,,0,,,,,,,,,,,,,,,GSC
2025-12-01 00:00:00,796170201611,80,DW,06,A,01,001,MUNICIPIO DE OTHON P BLANCO   ,2017-02-01 00:00:00, ,5A,ACTIVO,1,1116,5301,2024-01-10,30,0,,,,,,,,,,,,,,,SSB
2025-12-01 00:00:00,796170201620,80,DW,06,A,01,001,MUNICIPIO DE OTHON P BLANCO   ,2017-02-01 00:00:00, ,5A,ACTIVO,1,1116,5301,2024-11-20,31,0,,,,,,,,,,,,,,,SSB
2025-12-01 00:00:00,796170201638,80,DW,06,A,01,001,MUNICIPIO DE OTHON P BLANCO   ,2017-02-01 00:00:00, ,5A,ACTIVO,1,1116,5300,2024-01-10,30,0,,,,,,,,,,,,,,,SSB
2025-12-01 00:00:00,796170301721,80,DW,06,A,01,001,MUNICIPIO DE OTHON P BLANCO   ,2017-03-08 00:00:00, ,5A,ACTIVO,1,1116,5300,2024-07-30,221,0,,,,,,,,,,,,,,,SSB
2025-12-01 00:00:00,796170400703,80,DW,06,A,21,001,MUNICIPIO DE OTHON P BLANCO   ,2017-04-06 00:00:00, ,5A,ACTIVO,1,1116,5301,2024-10-07,9,0,,,,,,,,,,,,,,,SSB
2025-12-01 00:00:00,796170403974,80,DW,06,A,12,001,MUNICIPIO OTHO P BLANCO       ,2017-04-27 00:00:00, ,5A,ACTIVO,1,1116,5301,2024-10-28,199,0,,,,,,,,,,,,,,,SSB
2025-12-01 00:00:00,796160200412,80,DW,06,A,01,001,MUNICIPIO DE OTHON P BLANCO   ,2016-02-03 00:00:00, ,5A,ACTIVO,1,1116,5300,2024-11-20,4,0,,,,,,,,,,,,,,,SSB
2025-12-01 00:00:00,796160205767,80,DW,06,A,01,001,MUNICIPIO DE OTHON P  BLANCO  ,2016-02-29 00:00:00, ,5A,ACTIVO,1,1116,5300,2024-10-16,6,0,,,,,,,,,,,,,,,SSB
2025-12-01 00:00:00,796160205791,80,DW,06,A,01,001,MUNICIPIO DE OTHON P BLANCO   ,2016-02-29 00:00:00, ,5A,ACTIVO,1,1116,5301,2024-10-16,8,0,,,,,,,,,,,,,,,SSB
2025-12-01 00:00:00,796141002049,80,DW,06,A,01,001,MUNICIPIO OTHON P BLANCO      ,2014-03-16 00:00:00, ,5A,ACTIVO,1,1488,7052,2024-07-11,35,0,,,,,,,,,,,,,,,SSB
2025-12-01 00:00:00,796160300239,80,DW,06,A,01,001,MUNICIPIO DE OTHON P BLANCO   ,2016-01-28 00:00:00, ,5A,ACTIVO,1,5580,26319,2024-07-19,30,0,,,,,,,,,,,,,,,SSB
2025-12-01 00:00:00,796160304501,80,DW,06,A,04,001,MUNICIPIO DE OTHON P BLANCO   ,2016-03-30 00:00:00, ,5A,ACTIVO,1,1116,5300,2024-10-04,10,0,,,,,,,,,,,,,,,SSB
2025-12-01 00:00:00,796150201143,80,DW,06,A,17,001,MUNICIPIO DE OTHON P BLANCO   ,2015-02-10 00:00:00, ,5A,ACTIVO,1,744,3549,2024-10-07,24,0,,,,,,,,,,,,,,,SSB
2025-12-01 00:00:00,796150201160,80,DW,06,A,20,001,MUNICIPIO DE OTHON P BLANCO   ,2015-02-10 00:00:00, ,5A,ACTIVO,1,744,3549,2024-10-07,20,0,,,,,,,,,,,,,,,SSB
2025-12-01 00:00:00,796150201178,80,DW,06,A,18,001,MUNICIPIO DE OTHON P BLANCO   ,2015-02-10 00:00:00, ,5A,ACTIVO,1,1116,5300,2024-10-07,38,0,,,,,,,,,,,,,,,SSB
2025-12-01 00:00:00,796150201194,80,DW,06,A,27,001,MUNICIPIO DE OTHON P BLANCO   ,2015-02-10 00:00:00, ,5A,ACTIVO,1,1488,7052,2024-10-16,30,0,,,,,,,,,,,,,,,SSB
2025-12-01 00:00:00,796150303876,80,DW,06,A,24,001,MUNICIPIO DE OTHON P BLANCO   ,2015-02-25 00:00:00, ,5A,ACTIVO,1,2976,14058,2024-10-16,30,0,,,,,,,,,,,,,,,SSB
2025-12-01 00:00:00,796150303892,80,DW,06,A,05,001,MUNICIPIO DE OTHON P BLANCO   ,2015-02-25 00:00:00, ,5A,ACTIVO,1,2976,14058,2024-10-07,19,0,,,,,,,,,,,,,,,SSB
2025-12-01 00:00:00,796150303906,80,DW,06,A,24,001,MUNICIPIO DE OTHON P BLANCO   ,2014-02-25 00:00:00, ,5A,ACTIVO,1,744,3548,2024-10-16,6,0,,,,,,,,,,,,,,,SSB
2025-12-01 00:00:00,796150801736,80,DW,06,A,01,001,MUNICIPIO OTHON P BLANCO      ,2015-07-09 00:00:00, ,5A,ACTIVO,1,7440,35077,2024-08-26,208,0,,,,,,,,,,,,,,,SSB
2025-12-01 00:00:00,796151001831,80,DW,06,A,01,001,MUNICIPIO DE OTHON P BLANCO   ,2015-05-01 00:00:00, ,5A,ACTIVO,1,1860,8803,2024-07-23,7,0,,,,,,,,,,,,,,,SSB
2025-12-01 00:00:00,796151104273,80,DW,06,A,19,001,MUNICIPIO OTHON P BLANCO      ,2015-11-26 00:00:00, ,02,ACTIVO,1,361,1640,2023-11-07,10,0,,,,,,,,,,,,,,,SSB
2025-12-01 00:00:00,796170502956,80,DW,06,A,48,001,MPIO DE OTHON P BLANCO        ,2017-05-30 00:00:00, ,5A,ACTIVO,1,744,3548,2024-08-29,4,0,,,,,,,,,,,,,,,SSB
2025-12-01 00:00:00,796170502999,80,DW,06,A,01,001,MPIO DE OTHON P BLANCO        ,2017-05-30 00:00:00, ,5A,ACTIVO,1,744,3548,2024-08-27,40,0,,,,,,,,,,,,,,,SSB
2025-12-01 00:00:00,796170503308,80,DW,06,A,01,001,MPIO DE OTHON P BLANCO        ,2017-05-29 00:00:00, ,5A,ACTIVO,1,744,3549,2024-08-27,1,0,,,,,,,,,,,,,,,SSB
2025-12-01 00:00:00,796170503324,80,DW,06,A,01,001,MPIO DE OTHON P BLANCO        ,2017-05-29 00:00:00, ,5A,ACTIVO,1,744,3548,2024-08-27,18,0,,,,,,,,,,,,,,,SSB
2025-12-01 00:00:00,796171101203,80,DW,06,A,04,001,MUNICIPIO DE OTHON P BLANCO   ,2017-11-16 00:00:00, ,5A,ACTIVO,1,1116,5300,2024-10-04,23,0,,,,,,,,,,,,,,,SSB
2025-12-01 00:00:00,796170503332,80,DW,06,A,01,001,MPIO OTHON P BLANCO           ,2017-05-29 00:00:00, ,5A,ACTIVO,1,744,3549,2024-09-02,7,0,,,,,,,,,,,,,,,SSB
2025-12-01 00:00:00,796170503341,80,DW,06,A,01,001,MPIO DE OTHON P BLANCO        ,2017-05-29 00:00:00, ,5A,ACTIVO,1,744,3549,2024-08-29,60,0,,,,,,,,,,,,,,,SSB
2025-12-01 00:00:00,796170503359,80,DW,06,A,01,001,MPIO DE OTHON P BLANCO        ,2017-05-29 00:00:00, ,5A,ACTIVO,1,744,3549,2024-09-19,40,0,,,,,,,,,,,,,,,SSB
2025-12-01 00:00:00,796160304927,80,DW,06,A,11,001,MUNICIPIO DE OTHON P BLANCO   ,2016-03-31 00:00:00, ,5A,ACTIVO,1,1116,5300,2024-11-20,8,0,,,,,,,,,,,,,,,SSB
2025-12-01 00:00:00,796180902448,80,DW,06,A,08,001,MUNICIPIO DE OTHON P  BLANCO  ,2018-09-21 00:00:00, ,02,ACTIVO,1,162,761,2024-12-01,32,0,,,,,,,,,,,,,,,SSB
2025-12-01 00:00:00,796160402147,80,DW,06,A,01,001,MUNICIPIO DE OTHON P BLANCO   ,2016-04-15 00:00:00, ,5A,ACTIVO,1,1116,5300,2024-08-29,2,0,,,,,,,,,,,,,,,SSB
2025-12-01 00:00:00,796160402155,80,DW,06,A,01,001,MUNICIPIO DE OTHON P BLANCO   ,2016-04-15 00:00:00, ,5A,ACTIVO,1,1116,5301,2024-08-29,35,0,,,,,,,,,,,,,,,SSB
2025-12-01 00:00:00,796160803664,80,DW,06,A,01,001,MUNICIPIO DE OTHON P  BLANCO  ,2016-08-13 00:00:00, ,5A,ACTIVO,1,5580,26319,2024-07-11,25,0,,,,,,,,,,,,,,,SSB
2025-12-01 00:00:00,796160900554,80,DW,06,A,12,001,MUNICIPIO DE OTHON P BLANCO   ,2016-08-13 00:00:00, ,5A,ACTIVO,1,2232,10555,2024-11-20,107,0,,,,,,,,,,,,,,,SSB
2025-12-01 00:00:00,796170503481,80,DW,06,A,01,001,MUNICIPIO OTHO P BLANCO       ,2017-05-30 00:00:00, ,5A,ACTIVO,1,1116,5300,2024-08-27,38,0,,,,,,,,,,,,,,,SSB
2025-12-01 00:00:00,796170503499,80,DW,06,A,01,001,MUNICIPIO OTHO P BLANCO       ,2017-05-30 00:00:00, ,5A,ACTIVO,1,744,3549,2024-09-04,23,0,,,,,,,,,,,,,,,SSB
2025-12-01 00:00:00,796170503502,80,DW,06,A,01,001,MUNICIPIO OTHO P BLANCO       ,2017-05-30 00:00:00, ,5A,ACTIVO,1,1116,5300,2024-09-09,84,0,,,,,,,,,,,,,,,SSB
2025-12-01 00:00:00,796220402486,80,DW,06,A,32,001,MUNICIPIO DE OTHON P BLANCO   ,2022-04-21 00:00:00, ,02,ACTIVO,1,1354,6027,,,0,,,,,,,,,,,,,,,GSC
2025-12-01 00:00:00,796221000292,80,DW,06,A,01,001,MUNICIPIO DE OTHON P BLANCO   ,2022-10-04 00:00:00, ,5A,ACTIVO,1,1488,7052,2024-10-24,135,0,,,,,,,,,,,,,,,SSB
2025-12-01 00:00:00,796170503511,80,DW,06,A,01,001,MUNICIPIO OTHO P BLANCO       ,2017-05-30 00:00:00, ,5A,ACTIVO,1,1116,5301,2024-08-27,18,0,,,,,,,,,,,,,,,SSB
2025-12-01 00:00:00,796170600290,80,DW,06,A,01,001,MUNICIPIO DE OTHON P BLANCO   ,2017-06-06 00:00:00, ,5A,ACTIVO,1,1116,5300,2024-07-11,4,0,,,,,,,,,,,,,,,SSB
2025-12-01 00:00:00,796160900929,80,DW,06,A,01,001,MUNICIPIO DE OTHON P BLANCO   ,2016-09-01 00:00:00, ,5A,ACTIVO,1,1860,8803,2024-09-09,60,0,,,,,,,,,,,,,,,SSB
2025-12-01 00:00:00,796160903073,80,DW,06,A,21,001,MUNICIPIO OTHON P BLANCO      ,2016-09-22 00:00:00, ,5A,ACTIVO,1,744,3548,2024-10-07,30,0,,,,,,,,,,,,,,,SSB
2025-12-01 00:00:00,796170602209,80,DW,06,A,01,001,MUNICIPIO DE OTHON P BLANCO   ,2017-06-21 00:00:00, ,5A,ACTIVO,1,1116,5300,2024-07-17,2,0,,,,,,,,,,,,,,,SSB
2025-12-01 00:00:00,796170602225,80,DW,06,A,01,001,MUNICIPIO DE OTHON P BLANCO   ,2017-06-19 00:00:00, ,5A,ACTIVO,1,1116,5300,2024-09-04,61,0,,,,,,,,,,,,,,,SSB
2025-12-01 00:00:00,796170602233,80,DW,06,A,01,001,MUNICIPIO DE OTHON P BLANCO   ,2017-06-19 00:00:00, ,5A,ACTIVO,1,1116,5301,2024-11-20,1,0,,,,,,,,,,,,,,,SSB
2025-12-01 00:00:00,796770700620,80,DW,06,A,06,001,MUNICIPIO DE OTHON P BLANCO   ,1977-07-04 00:00:00, ,5A,ACTIVO,1,8184,38579,2024-10-04,187,0,,,,,,,,,,,,,,,SSB
2025-12-01 00:00:00,796180101194,80,DW,06,A,01,001,MUNICIPIO DE OTHON P  BLANCO  ,2018-01-18 00:00:00, ,5A,ACTIVO,1,1116,5301,2024-11-20,2,0,,,,,,,,,,,,,,,SSB
2025-12-01 00:00:00,796180401121,80,DW,06,A,08,001,MUNICIPIO DE OTHON P BLANCO   ,2018-04-13 00:00:00, ,02,ACTIVO,1,165,775,2024-12-01,8,0,,,,,,,,,,,,,,,SSB
2025-12-01 00:00:00,796800300702,80,DW,06,A,22,001,MUNICIPIO DE OTHON P BLANCO   ,1980-03-30 00:00:00, ,5A,ACTIVO,1,23808,112145,2024-10-24,492,0,,,,,,,,,,,,,,,SSB
2025-12-01 00:00:00,796180401147,80,DW,06,A,08,001,MUNICIPIO DE OTHON P BLANCO   ,2018-04-13 00:00:00, ,02,ACTIVO,1,502,2263,2024-12-01,6,0,,,,,,,,,,,,,,,SSB
2025-12-01 00:00:00,796180501257,80,DW,06,A,03,001,MUNICIPIO DE OTHON P BLANCO   ,2018-05-11 00:00:00, ,5A,ACTIVO,1,1116,5300,2024-10-04,1,0,,,,,,,,,,,,,,,SSB
2025-12-01 00:00:00,796190101478,80,DW,06,A,01,001,MUNICIPIO DE OTHON P BLANCO   ,2019-01-11 00:00:00, ,5A,ACTIVO,1,3348,15810,2024-08-27,208,0,,,,,,,,,,,,,,,SSB
2025-12-01 00:00:00,796190103918,80,DW,06,A,01,001,RED NACIONAL ULTIMA MILLA     ,2018-12-04 00:00:00,6,02,ACTIVO,1,26449,122307,,,0,,,,,,,,,,,,,,,GSC
2025-12-01 00:00:00,796170600303,80,DW,06,A,01,001,MUNICIPIO DE OTHON P BLANCO   ,2017-06-06 00:00:00, ,5A,ACTIVO,1,1116,5300,2024-07-16,76,0,,,,,,,,,,,,,,,SSB
2025-12-01 00:00:00,796800700433,80,DW,06,A,22,001,MUNICIPIO DE OTHON P BLANCO   ,1980-07-01 00:00:00, ,5A,ACTIVO,1,4464,21064,2024-10-19,158,0,,,,,,,,,,,,,,,SSB
2025-12-01 00:00:00,796170601008,80,DW,06,A,01,001,MUNICIPIO DE OTHON P BLANCO   ,2017-06-07 00:00:00, ,5A,ACTIVO,1,744,3548,2024-11-20,1,0,,,,,,,,,,,,,,,SSB
2025-12-01 00:00:00,796170602161,80,DW,06,A,01,001,MUNICIPIO DE OTHON P BLANCO   ,2017-06-19 00:00:00, ,5A,ACTIVO,1,1116,5300,2024-07-19,70,0,,,,,,,,,,,,,,,SSB
2025-12-01 00:00:00,796170602187,80,DW,06,A,01,001,MUNICIPIO DE OTHON P BLANCO   ,2017-06-19 00:00:00, ,5A,ACTIVO,1,1116,5301,2024-11-20,2,0,,,,,,,,,,,,,,,SSB
2025-12-01 00:00:00,796170602195,80,DW,06,A,01,001,MUNICIPIO DE OTHON P BLANCO   ,2017-06-21 00:00:00, ,5A,ACTIVO,1,1116,5300,2024-11-20,11,0,,,,,,,,,,,,,,,SSB
2025-12-01 00:00:00,796750400085,80,DW,06,A,25,001,MUNICIPIO DE OTHON P BLANCO   ,1975-04-01 00:00:00, ,5A,ACTIVO,1,2976,14057,2024-11-16,152,0,,,,,,,,,,,,,,,SSB
2025-12-01 00:00:00,796751100671,80,DW,06,A,07,001,MUNICIPIO DE OTHON P BLANCO   ,1975-11-17 00:00:00, ,5A,ACTIVO,1,8184,38580,2024-10-16,242,0,,,,,,,,,,,,,,,SSB
2025-12-01 00:00:00,796790100084,80,DW,06,A,13,001,MUNICIPIO DE OTHON P BLANCO   ,1979-01-02 00:00:00, ,5A,ACTIVO,1,1860,8804,2024-10-30,76,0,,,,,,,,,,,,,,,SSB
2025-12-01 00:00:00,796800100444,80,DW,06,A,15,001,MUNICIPIO DE OTHON P BLANCO   ,1980-01-31 00:00:00, ,5A,ACTIVO,1,7068,33325,2024-10-28,182,0,,,,,,,,,,,,,,,SSB
2025-12-01 00:00:00,796841000781,80,DW,06,A,12,001,MUNICIPIO DE OTHON P BLANCO   ,1984-10-12 00:00:00, ,5A,ACTIVO,1,5580,26319,2024-11-20,98,0,,,,,,,,,,,,,,,SSB
2025-12-01 00:00:00,796841000799,80,DW,06,A,16,001,MUNICIPIO DE OTHON P BLANCO   ,1984-10-12 00:00:00, ,5A,ACTIVO,1,2232,10555,2024-10-28,73,0,,,,,,,,,,,,,,,SSB
2025-12-01 00:00:00,796841000802,80,DW,06,A,17,001,MUNICIPIO DE OTHON P BLANCO   ,1984-10-12 00:00:00, ,5A,ACTIVO,1,1488,7052,2024-10-07,28,0,,,,,,,,,,,,,,,SSB
2025-12-01 00:00:00,796841000811,80,DW,06,A,18,001,MUNICIPIO DE OTHON P BLANCO   ,1984-10-12 00:00:00, ,5A,ACTIVO,1,2604,12306,2024-10-07,45,0,,,,,,,,,,,,,,,SSB
2025-12-01 00:00:00,796841000829,80,DW,06,A,20,001,MUNICIPIO DE OTHON P BLANCO   ,1984-10-12 00:00:00, ,5A,ACTIVO,1,2232,10554,2024-10-16,5,0,,,,,,,,,,,,,,,SSB
2025-12-01 00:00:00,796841000837,80,DW,06,A,21,001,MUNICIPIO DE OTHON P BLANCO   ,1984-10-12 00:00:00, ,5A,ACTIVO,1,3720,17561,2024-10-07,31,0,,,,,,,,,,,,,,,SSB
2025-12-01 00:00:00,796841000853,80,DW,06,A,23,001,MUNICIPIO DE OTHON P BLANCO   ,1984-10-11 00:00:00, ,5A,ACTIVO,1,4836,22816,2024-10-19,55,0,,,,,,,,,,,,,,,SSB
2025-12-01 00:00:00,796841000861,80,DW,06,A,25,001,MUNICIPIO DE OTHON P BLANCO   ,1984-10-11 00:00:00, ,5A,ACTIVO,1,2976,14058,2024-10-16,23,0,,,,,,,,,,,,,,,SSB
2025-12-01 00:00:00,796841000870,80,DW,06,A,26,001,MUNICIPIO DE OTHON P BLANCO   ,1984-10-11 00:00:00, ,5A,ACTIVO,1,1860,8803,2024-10-16,58,0,,,,,,,,,,,,,,,SSB
2025-12-01 00:00:00,796800501473,80,DW,06,A,14,001,MUNICIPIO DE OTHON P BLANCO   ,1980-05-31 00:00:00, ,5A,ACTIVO,1,7812,36829,2024-11-04,220,0,,,,,,,,,,,,,,,SSB
2025-12-01 00:00:00,796800600439,80,DW,06,A,04,001,MUNICIPIO DE OTHON P BLANCO   ,1980-06-30 00:00:00, ,5A,ACTIVO,1,1860,8803,2024-10-04,282,0,,,,,,,,,,,,,,,SSB
2025-12-01 00:00:00,796800600447,80,DW,06,A,10,001,MUNICIPIO DE OTHON P BLANCO   ,1980-06-30 00:00:00, ,5A,ACTIVO,1,6696,31573,2024-10-28,199,0,,,,,,,,,,,,,,,SSB
2025-12-01 00:00:00,796800600455,80,DW,06,A,24,001,MUNICIPIO DE OTHON P BLANCO   ,1980-06-30 00:00:00, ,5A,ACTIVO,1,10416,49089,2024-10-19,267,0,,,,,,,,,,,,,,,SSB
2025-12-01 00:00:00,796800600463,80,DW,06,A,27,001,MUNICIPIO DE OTHON P BLANCO   ,1980-06-30 00:00:00, ,5A,ACTIVO,1,4836,22816,2024-10-16,126,0,,,,,,,,,,,,,,,SSB
2025-12-01 00:00:00,796190700274,80,DW,06,A,01,001,OTHON P  BLANCO MUNICIPIO D   ,2019-07-02 00:00:00, ,5A,ACTIVO,1,1116,5301,2024-07-12,37,0,,,,,,,,,,,,,,,SSB
2025-12-01 00:00:00,796210301738,80,DW,06,A,22,001,MUNICIPIO DE OTHON P BLANCO   ,2021-03-10 00:00:00, ,5A,ACTIVO,1,744,3549,,,0,,,,,,,,,,,,,,,GSC
2025-12-01 00:00:00,796210301967,80,DW,06,A,01,001,MUNICIPIO DE OTHON P BLANCO   ,2021-03-12 00:00:00, ,02,ACTIVO,1,4240,18778,,,0,,,,,,,,,,,,,,,GSC
2025-12-01 00:00:00,796940300303,80,DW,06,A,01,001,CABLEMAS TELECOMUNIC SA DE CV ,1994-03-29 00:00:00,6,02,ACTIVO,1,48236,223018,,,0,,,,,,,,,,,,,,,GSC
2025-12-01 00:00:00,796210401660,80,DW,06,A,01,001,MUNICIPIO DE OTHON P BLANCO   ,2021-04-16 00:00:00, ,5A,ACTIVO,1,372,1797,2024-08-26,8,0,,,,,,,,,,,,,,,SSB
2025-12-01 00:00:00,796211203080,80,DW,06,A,01,001,GOBIERNO EDO LIB SOBERAN Q ROO,2021-12-08 00:00:00,0,02,ACTIVO,1,8151,37726,2024-11-29,69,0,,,,,,,,,,,,,,,SSB
2025-12-01 00:00:00,796230201641,80,DW,06,A,01,001,CFE TEIT                      ,2023-02-17 00:00:00,0,02,ACTIVO,1,2962,12159,2024-12-26,267,0,,,,,,,,,,,,,,,SSB
2025-12-01 00:00:00,796750400034,80,DW,06,A,05,001,MUNICIPIO DE OTHON P BLANCO   ,1975-04-01 00:00:00, ,5A,ACTIVO,1,1860,8803,2024-10-04,117,0,,,,,,,,,,,,,,,SSB
2025-12-01 00:00:00,796750400042,80,DW,06,A,08,001,MUNICIPIO DE OTHON P BLANCO   ,1975-04-01 00:00:00, ,5A,ACTIVO,1,6324,29822,2024-10-28,137,0,,,,,,,,,,,,,,,SSB
2025-12-01 00:00:00,796750400051,80,DW,06,A,19,001,MUNICIPIO DE OTHON P BLANCO   ,1975-04-01 00:00:00, ,5A,ACTIVO,1,3348,15810,2024-10-07,71,0,,,,,,,,,,,,,,,SSB
2025-12-01 00:00:00,796750400069,80,DW,06,A,20,001,MUNICIPIO DE OTHON P BLANCO   ,1975-04-01 00:00:00, ,5A,ACTIVO,1,5580,26319,2024-10-07,136,0,,,,,,,,,,,,,,,SSB
2025-12-01 00:00:00,796820800761,80,DW,06,A,23,001,MUNICIPIO DE OTHON P BLANCO   ,1982-08-01 00:00:00, ,5A,ACTIVO,1,4836,22815,2024-10-19,207,0,,,,,,,,,,,,,,,SSB
2025-12-01 00:00:00,796831000570,80,DW,06,A,04,001,MUNICIPIO DE OTHON P BLANCO   ,1983-10-01 00:00:00, ,5A,ACTIVO,1,1860,8803,2024-10-04,54,0,,,,,,,,,,,,,,,SSB
2025-12-01 00:00:00,796840500976,80,DW,06,A,03,001,MUNICIPIO DE OTHON P BLANCO   ,1984-05-31 00:00:00, ,5A,ACTIVO,1,6324,29822,2024-10-04,133,0,,,,,,,,,,,,,,,SSB
2025-12-01 00:00:00,796850301017,80,DW,06,A,28,001,MUNICIPIO DE OTHON P BLANCO   ,1985-03-01 00:00:00, ,5A,ACTIVO,1,2232,10554,2024-10-16,55,0,,,,,,,,,,,,,,,SSB
2025-12-01 00:00:00,796850501440,80,DW,06,A,11,001,MUNICIPIO DE OTHON P BLANCO   ,1985-05-01 00:00:00, ,5A,ACTIVO,1,7812,36828,2024-11-20,257,0,,,,,,,,,,,,,,,SSB
2025-12-01 00:00:00,796801000435,80,DW,06,A,21,001,MUNICIPIO DE OTHON P BLANCO   ,1980-10-01 00:00:00, ,5A,ACTIVO,1,3720,17561,2024-11-20,138,0,,,,,,,,,,,,,,,SSB
2025-12-01 00:00:00,796801200604,80,DW,06,A,29,001,MUNICIPIO DE OTHON P BLANCO   ,1980-12-19 00:00:00, ,5A,ACTIVO,1,5952,28070,2024-10-16,184,0,,,,,,,,,,,,,,,SSB
2025-12-01 00:00:00,796950901607,80,DW,06,A,01,001,MUNICIPIO DE OTHON P BLANCO   ,1995-09-12 00:00:00, ,5A,ACTIVO,1,1116,5300,2024-01-30,30,0,,,,,,,,,,,,,,,SSB
2025-12-01 00:00:00,796820800736,80,DW,06,A,09,001,MUNICIPIO DE OTHON P BLANCO   ,1982-08-01 00:00:00, ,5A,ACTIVO,1,5580,26319,2024-10-28,142,0,,,,,,,,,,,,,,,SSB
2025-12-01 00:00:00,796820800744,80,DW,06,A,17,001,MUNICIPIO DE OTHON P BLANCO   ,1982-08-01 00:00:00, ,5A,ACTIVO,1,4836,22815,2024-11-20,1,0,,,,,,,,,,,,,,,SSB
2025-12-01 00:00:00,796820800752,80,DW,06,A,22,001,MUNICIPIO DE OTHON P BLANCO   ,1982-08-01 00:00:00, ,5A,ACTIVO,1,1860,8803,2024-10-19,22,0,,,,,,,,,,,,,,,SSB
2025-12-01 00:00:00,796850901278,80,DW,06,A,31,001,MUNICIPIO DE OTHON P BLANCO   ,1985-09-01 00:00:00, ,5A,ACTIVO,1,3348,15809,2024-11-20,97,0,,,,,,,,,,,,,,,SSB
2025-12-01 00:00:00,796851201334,80,DW,06,A,05,001,MUNICIPIO DE OTHON P BLANCO   ,1985-12-31 00:00:00, ,5A,ACTIVO,1,2976,14058,2024-10-04,41,0,,,,,,,,,,,,,,,SSB
2025-12-01 00:00:00,796851201342,80,DW,06,A,19,001,MUNICIPIO DE OTHON P BLANCO   ,1985-12-31 00:00:00, ,5A,ACTIVO,1,1488,7052,2024-10-07,34,0,,,,,,,,,,,,,,,SSB
2025-12-01 00:00:00,796851201351,80,DW,06,A,33,001,MUNICIPIO DE OTHON P BLANCO   ,1985-12-31 00:00:00, ,5A,ACTIVO,1,1860,8803,2024-10-28,48,0,,,,,,,,,,,,,,,SSB
2025-12-01 00:00:00,796890501591,80,DW,06,A,14,001,MUNICIPIO DE OTHON P BLANCO   ,1989-05-30 00:00:00, ,5A,ACTIVO,1,372,1797,2024-11-04,7,0,,,,,,,,,,,,,,,SSB
2025-12-01 00:00:00,796960901583,80,DW,06,A,01,001,MUNICIPIO DE OTHON P BLANCO   ,1996-09-13 00:00:00, ,5A,ACTIVO,1,744,3549,2024-07-23,20,0,,,,,,,,,,,,,,,SSB
2025-12-01 00:00:00,796890501604,80,DW,06,A,15,001,MUNICIPIO DE OTHON P BLANCO   ,1989-05-30 00:00:00, ,5A,ACTIVO,1,744,3549,2024-10-28,8,0,,,,,,,,,,,,,,,SSB
2025-12-01 00:00:00,796950501927,80,DW,06,A,01,001,MUNICIPIO DE OTHON P BLANCO   ,1995-05-31 00:00:00, ,5A,ACTIVO,1,1488,7051,2024-11-20,1,0,,,,,,,,,,,,,,,SSB
2025-12-01 00:00:00,796950501935,80,DW,06,A,01,001,MUNICIPIO DE OTHON P BLANCO   ,1995-05-31 00:00:00, ,5A,ACTIVO,1,2232,10555,2024-11-20,1,0,,,,,,,,,,,,,,,SSB
2025-12-01 00:00:00,796950501943,80,DW,06,A,01,001,MUNICIPIO DE OTHON P BLANCO   ,1995-05-31 00:00:00, ,5A,ACTIVO,1,2604,12306,2024-11-20,1,0,,,,,,,,,,,,,,,SSB
2025-12-01 00:00:00,796950501960,80,DW,06,A,01,001,MUNICIPIO DE OTHON P BLANCO   ,1995-05-31 00:00:00, ,5A,ACTIVO,1,744,3548,2024-11-20,1,0,,,,,,,,,,,,,,,SSB
2025-12-01 00:00:00,796950502109,80,DW,06,A,01,001,MUNICIPIO DE OTHON P BLANCO   ,1995-05-15 00:00:00, ,5A,ACTIVO,1,4092,19312,2024-08-26,111,0,,,,,,,,,,,,,,,SSB
2025-12-01 00:00:00,796941200507,80,DW,06,A,13,001,MUNICIPIO DE OTHON P BLANCO   ,1994-12-31 00:00:00, ,5A,ACTIVO,1,14136,66604,2024-10-30,264,0,,,,,,,,,,,,,,,SSB
2025-12-01 00:00:00,796970502458,80,DW,06,A,01,001,MUNICIPIO DE OTHON P BLANCO   ,1997-05-03 00:00:00, ,5A,ACTIVO,1,2232,10555,2024-08-09,42,0,,,,,,,,,,,,,,,SSB
2025-12-01 00:00:00,796970502466,80,DW,06,A,01,001,MUNICIPIO DE OTHON P BLANCO   ,1997-05-03 00:00:00, ,5A,ACTIVO,1,1860,8803,2024-07-23,51,0,,,,,,,,,,,,,,,SSB
2025-12-01 00:00:00,796970601375,80,DW,06,A,01,001,MUNICIPIO DE OTHON P BLANCO   ,1997-06-11 00:00:00, ,5A,ACTIVO,1,372,1797,2024-07-19,83,0,,,,,,,,,,,,,,,SSB
2025-12-01 00:00:00,796950501781,80,DW,06,A,01,001,MUNICIPIO DE OTHON P BLANCO   ,1995-05-31 00:00:00, ,5A,ACTIVO,1,1116,5300,2024-08-29,73,0,,,,,,,,,,,,,,,SSB
2025-12-01 00:00:00,796980500861,80,DW,06,A,01,001,MUNICIPIO DE OTHON P BLANCO   ,1998-05-01 00:00:00, ,5A,ACTIVO,1,2232,10555,2024-08-09,77,0,,,,,,,,,,,,,,,SSB
2025-12-01 00:00:00,796980500909,80,DW,06,A,01,001,MUNICIPIO DE OTHON P BLANCO   ,1998-05-03 00:00:00, ,5A,ACTIVO,1,1860,8804,2024-08-26,69,0,,,,,,,,,,,,,,,SSB
2025-12-01 00:00:00,796990203481,80,DW,06,A,37,001,MUNICIPIO DE OTHON P BLANCO   ,1999-02-15 00:00:00, ,5A,ACTIVO,1,1116,5300,2024-11-20,1,0,,,,,,,,,,,,,,,SSB
2025-12-01 00:00:00,796990801826,80,DW,06,A,01,001,MUNICIPIO DE OTHON P BLANCO   ,1999-03-14 00:00:00, ,5A,ACTIVO,1,1116,5300,2024-11-20,1,0,,,,,,,,,,,,,,,SSB
2025-12-01 00:00:00,796990801834,80,DW,06,A,01,001,MUNICIPIO DE OTHON P BLANCO   ,1999-06-30 00:00:00, ,5A,ACTIVO,1,4278,20188,2024-11-20,2,0,,,,,,,,,,,,,,,SSB
2025-12-01 00:00:00,796950501803,80,DW,06,A,01,001,MUNICIPIO DE OTHON P BLANCO   ,1995-05-31 00:00:00, ,5A,ACTIVO,1,2604,12306,2024-07-15,182,0,,,,,,,,,,,,,,,SSB
2025-12-01 00:00:00,796950501811,80,DW,06,A,01,001,MUNICIPIO DE OTHON P BLANCO   ,1995-05-31 00:00:00, ,5A,ACTIVO,1,744,3549,2024-11-20,1,0,,,,,,,,,,,,,,,SSB
2025-12-01 00:00:00,796950501871,80,DW,06,A,01,001,MUNICIPIO DE OTHON P BLANCO   ,1995-05-31 00:00:00, ,5A,ACTIVO,1,1116,5300,2024-11-20,1,0,,,,,,,,,,,,,,,SSB
2025-12-01 00:00:00,797120100560,80,DW,06,B,01,001,MUNICIPIO FELIPE CARRILLO PTO ,2012-01-02 00:00:00,6,5A,ACTIVO,1,2976,15099,2024-12-13,30,0,,,,,,,,,,,,,,,SSB
2025-12-01 00:00:00,797120100586,80,DW,06,B,01,001,MUNICIPIO FELIPE CARRILLO PTO ,2012-01-02 00:00:00,6,5A,ACTIVO,1,6324,32031,2024-03-01,40,0,,,,,,,,,,,,17,14,2025-12-31,SSB
2025-12-01 00:00:00,797120100586,80,DW,06,B,01,001,MUNICIPIO FELIPE CARRILLO PTO ,2012-01-02 00:00:00,6,5A,ACTIVO,,,,2024-03-01,40,0,,,,,,,,,,,,17,14,2025-12-31,SSB
2025-12-01 00:00:00,796950501889,80,DW,06,A,01,001,MUNICIPIO DE OTHON P BLANCO   ,1995-05-31 00:00:00, ,5A,ACTIVO,1,1116,5301,2024-11-20,1,0,,,,,,,,,,,,,,,SSB
2025-12-01 00:00:00,796950502800,80,DW,06,A,01,001,MUNICIPIO DE OTHON P BLANCO   ,1995-05-15 00:00:00, ,5A,ACTIVO,1,372,1797,2024-07-12,6,0,,,,,,,,,,,,,,,SSB
2025-12-01 00:00:00,796951102287,80,DW,06,A,01,001,MUNICIPIO DE OTHON P BLANCO   ,1995-11-29 00:00:00, ,5A,ACTIVO,1,1488,7051,2024-08-29,15,0,,,,,,,,,,,,,,,SSB
2025-12-01 00:00:00,796950501897,80,DW,06,A,01,001,MUNICIPIO DE OTHON P BLANCO   ,1995-05-31 00:00:00, ,5A,ACTIVO,1,1488,7052,2024-11-20,1,0,,,,,,,,,,,,,,,SSB
2025-12-01 00:00:00,797130200821,80,DW,06,B,01,001,MUNICIPIO FELIPE CARRILLO PTO ,2013-02-18 00:00:00,6,5A,ACTIVO,1,744,3811,2024-12-27,8,0,,,,,,,,,,,,,,,SSB
2025-12-01 00:00:00,797130200830,80,DW,06,B,01,001,MUNICIPIO FELIPE CARRILLO PTO ,2013-02-18 00:00:00,6,5A,ACTIVO,1,744,3812,2024-07-25,12,0,,,,,,,,,,,,,,,SSB
2025-12-01 00:00:00,797130200848,80,DW,06,B,01,001,MUNICIPIO FELIPE CARRILLO PTO ,2013-02-18 00:00:00,6,5A,ACTIVO,1,670,3438,2024-12-27,9,0,,,,,,,,,,,,,,,SSB
2025-12-01 00:00:00,796950501901,80,DW,06,A,01,001,MUNICIPIO DE OTHON P BLANCO   ,1995-05-31 00:00:00, ,5A,ACTIVO,1,744,3548,2024-01-30,11,0,,,,,,,,,,,,,,,SSB
2025-12-01 00:00:00,796970201466,80,DW,06,A,37,001,MUNICIPIO DE OTHON P BLANCO   ,1997-02-28 00:00:00, ,5A,ACTIVO,1,10788,50841,2024-08-27,288,0,,,,,,,,,,,,,,,SSB
2025-12-01 00:00:00,796970201474,80,DW,06,A,02,001,MUNICIPIO DE OTHON P BLANCO   ,1997-02-28 00:00:00, ,5A,ACTIVO,1,7440,35077,2024-10-04,190,0,,,,,,,,,,,,,,,SSB
2025-12-01 00:00:00,796970201504,80,DW,06,A,18,001,MUNICIPIO DE OTHON P BLANCO   ,1997-02-28 00:00:00, ,5A,ACTIVO,1,2604,12307,2024-10-07,131,0,,,,,,,,,,,,,,,SSB
2025-12-01 00:00:00,796970302033,80,DW,06,A,01,001,MUNICIPIO DE OTHON P BLANCO   ,1997-03-03 00:00:00, ,5A,ACTIVO,1,2232,10554,2024-07-23,52,0,,,,,,,,,,,,,,,SSB
2025-12-01 00:00:00,796970502440,80,DW,06,A,01,001,MUNICIPIO DE OTHON P BLANCO   ,1997-05-03 00:00:00, ,5A,ACTIVO,1,2604,12306,2024-08-09,57,0,,,,,,,,,,,,,,,SSB
2025-12-01 00:00:00,796960401351,80,DW,06,A,34,001,MUNICIPIO DE OTHON P BLANCO   ,1996-04-30 00:00:00, ,5A,ACTIVO,1,1860,8804,2024-08-29,76,0,,,,,,,,,,,,,,,SSB
2025-12-01 00:00:00,797141000514,80,DW,06,B,01,001,MUNICIPIO FELIPE CARRILLO PTO ,2014-10-14 00:00:00,6,5A,ACTIVO,1,744,3812,2024-12-13,54,0,,,,,,,,,,,,,,,SSB
2025-12-01 00:00:00,797141000859,80,DW,06,B,55,001,MUNICIPIO FELIPE CARRILLO PTO ,2014-09-30 00:00:00,6,5A,ACTIVO,1,1890,9607,2024-12-30,29,0,,,,,,,,,,,,,,,SSB
2025-12-01 00:00:00,796960401360,80,DW,06,A,37,001,MUNICIPIO DE OTHON P BLANCO   ,1996-04-26 00:00:00, ,5A,ACTIVO,1,7440,35077,2024-08-27,60,0,,,,,,,,,,,,,,,SSB
2025-12-01 00:00:00,796960501500,80,DW,06,A,01,001,MUNICIPIO DE OTHON P BLANCO   ,1996-05-31 00:00:00, ,5A,ACTIVO,1,4092,19312,2024-01-12,111,0,,,,,,,,,,,,,,,SSB
2025-12-01 00:00:00,796960602241,80,DW,06,A,01,001,MUNICIPIO DE OTHON P BLANCO   ,1996-06-28 00:00:00, ,5A,ACTIVO,1,372,1798,2024-07-12,9,0,,,,,,,,,,,,,,,SSB
2025-12-01 00:00:00,796970101780,80,DW,06,A,13,001,MUNICIPIO DE OTHON P BLANCO   ,1997-01-31 00:00:00, ,5A,ACTIVO,1,5952,28070,2024-10-29,223,0,,,,,,,,,,,,,,,SSB
2025-12-01 00:00:00,796970102077,80,DW,06,A,01,001,MUNICIPIO DE OTHON P BLANCO   ,1997-01-03 00:00:00, ,5A,ACTIVO,1,2976,14058,2024-08-09,83,0,,,,,,,,,,,,,,,SSB
2025-12-01 00:00:00,796960301977,80,DW,06,A,01,001,MUNICIPIO DE OTHON P BLANCO   ,1996-03-12 00:00:00, ,5A,ACTIVO,1,744,3549,2024-11-20,1,0,,,,,,,,,,,,,,,SSB
2025-12-01 00:00:00,796960401335,80,DW,06,A,30,001,MUNICIPIO DE OTHON P BLANCO   ,1996-04-30 00:00:00, ,5A,ACTIVO,1,4836,22815,2024-08-29,125,0,,,,,,,,,,,,,,,SSB
2025-12-01 00:00:00,796960401343,80,DW,06,A,32,001,MUNICIPIO DE OTHON P BLANCO   ,1996-04-30 00:00:00, ,5A,ACTIVO,1,3720,17561,2024-08-29,102,0,,,,,,,,,,,,,,,SSB
2025-12-01 00:00:00,797131100685,80,DW,06,B,01,001,MUNICIPIO FELIPE CARRILLO PTO ,2013-12-02 00:00:00,6,5A,ACTIVO,1,372,1931,2024-12-13,19,0,,,,,,,,,,,,,,,SSB
2025-12-01 00:00:00,797131100723,80,DW,06,B,01,001,MUNICIPIO FELIPE CARRILLO PTO ,2013-12-02 00:00:00,6,5A,ACTIVO,1,4092,20743,2024-03-01,10,0,,,,,,,,,,,,11,1,2025-12-31,SSB
2025-12-01 00:00:00,797131100723,80,DW,06,B,01,001,MUNICIPIO FELIPE CARRILLO PTO ,2013-12-02 00:00:00,6,5A,ACTIVO,,,,2024-03-01,10,0,,,,,,,,,,,,11,1,2025-12-31,SSB
2025-12-01 00:00:00,797131100731,80,DW,06,B,01,001,MUNICIPIO FELIPE CARRILLO PTO ,2013-12-02 00:00:00,6,5A,ACTIVO,1,372,1930,2024-12-13,65,0,,,,,,,,,,,,,,,SSB
2025-12-01 00:00:00,797131100740,80,DW,06,B,01,001,MUNICIPIO FELIPE CARRILLO PTO ,2013-12-02 00:00:00,6,5A,ACTIVO,1,372,1930,2024-12-13,134,0,,,,,,,,,,,,,,,SSB
2025-12-01 00:00:00,796971101970,80,DW,06,A,01,001,MUNICIPIO DE OTHON P BLANCO   ,1997-11-03 00:00:00, ,5A,ACTIVO,1,1860,8803,2024-11-20,107,0,,,,,,,,,,,,,,,SSB
2025-12-01 00:00:00,797001056218,80,DW,06,B,01,001,MUNICIPIO FELIPE CARRILLO PTO ,2000-09-01 00:00:00,6,5A,ACTIVO,1,1860,9455,2024-12-13,20,0,,,,,,,,,,,,,,,SSB
2025-12-01 00:00:00,797110600505,80,DW,06,B,33,001,MUNICIPIO DE BACALAR          ,2011-06-10 00:00:00,6,5A,ACTIVO,1,1488,7574,2024-12-01,33,0,,,,,,,,,,,,,,,SSB
2025-12-01 00:00:00,797110600807,80,DW,06,B,33,001,MUNICIPIO DE BACALAR          ,2011-06-15 00:00:00,6,5A,ACTIVO,1,1860,9456,2024-12-01,19,0,,,,,,,,,,,,,,,SSB
2025-12-01 00:00:00,797120100942,80,DW,06,B,01,001,MUNICIPIO FELIPE CARRILLO PTO ,2012-01-02 00:00:00,6,5A,ACTIVO,1,7068,35794,2024-12-13,48,0,,,,,,,,,,,,,,,SSB
2025-12-01 00:00:00,797120100969,80,DW,06,B,01,001,MUNICIPIO FELIPE CARRILLO PTO ,2012-01-02 00:00:00,6,5A,ACTIVO,1,27528,139265,2024-12-27,1180,0,,,,,,,,,,,,,,,SSB
2025-12-01 00:00:00,797120100977,80,DW,06,B,01,001,MUNICIPIO FELIPE CARRILLO PTO ,2012-01-02 00:00:00,6,5A,ACTIVO,1,3720,18862,2024-03-01,20,0,,,,,,,,,,,,10,4,2025-12-31,SSB
2025-12-01 00:00:00,797120100977,80,DW,06,B,01,001,MUNICIPIO FELIPE CARRILLO PTO ,2012-01-02 00:00:00,6,5A,ACTIVO,,,,2024-03-01,20,0,,,,,,,,,,,,10,4,2025-12-31,SSB
2025-12-01 00:00:00,797150400100,80,DW,06,B,01,001,MUNICIPIO FELIPE CARRILLO PTO ,2015-04-01 00:00:00,6,5A,ACTIVO,1,1116,5693,2024-12-13,40,0,,,,,,,,,,,,,,,SSB
2025-12-01 00:00:00,797160100881,80,DW,06,B,25,001,MUNICIPIO FELIPE CARRILLO PTO ,2016-01-15 00:00:00,6,02,ACTIVO,1,4528,21535,2024-12-01,13,0,,,,,,,,,,,,,,,SSB
2025-12-01 00:00:00,797160101305,80,DW,06,B,01,001,MUNICIPIO FELIPE CARRILLO PTO ,2016-01-21 00:00:00,6,5A,ACTIVO,1,1116,5693,2024-12-30,20,0,,,,,,,,,,,,,,,SSB
2025-12-01 00:00:00,797160101623,80,DW,06,B,20,001,MUNICIPIO FELIPE CARRILLO PTO ,2016-01-27 00:00:00,6,5A,ACTIVO,1,7068,35793,2024-03-19,9,0,,,,,,,,,,,,19,3,2025-12-31,SSB
2025-12-01 00:00:00,797160101623,80,DW,06,B,20,001,MUNICIPIO FELIPE CARRILLO PTO ,2016-01-27 00:00:00,6,5A,ACTIVO,,,,2024-03-19,9,0,,,,,,,,,,,,19,3,2025-12-31,SSB
2025-12-01 00:00:00,797141200360,80,DW,06,B,58,001,MUNICIPIO FELIPE CARRILLO PTO ,2014-11-28 00:00:00,6,5A,ACTIVO,1,268,1404,2024-12-30,17,0,,,,,,,,,,,,,,,SSB
2025-12-01 00:00:00,797141200378,80,DW,06,B,57,001,MUNICIPIO FELIPE CARRILLO PTO ,2014-11-29 00:00:00,6,5A,ACTIVO,1,350,1819,2024-12-30,17,0,,,,,,,,,,,,,,,SSB
2025-12-01 00:00:00,797141200386,80,DW,06,B,56,001,MUNICIPIO FELIPE CARRILLO PTO ,2014-11-29 00:00:00,6,5A,ACTIVO,1,435,2249,2024-12-30,17,0,,,,,,,,,,,,,,,SSB
2025-12-01 00:00:00,797141200394,80,DW,06,B,54,001,MUNICIPIO FELIPE CARRILLO PTO ,2014-11-29 00:00:00,6,5A,ACTIVO,1,632,3245,2024-12-30,24,0,,,,,,,,,,,,,,,SSB
2025-12-01 00:00:00,797150100548,80,DW,06,B,59,001,MUNICIPIO FELIPE CARRILLO PTO ,2014-12-31 00:00:00,6,5A,ACTIVO,1,41,256,2024-12-30,23,0,,,,,,,,,,,,,,,SSB
2025-12-01 00:00:00,797150100556,80,DW,06,B,52,001,MUNICIPIO FELIPE CARRILLO PTO ,2014-12-31 00:00:00,6,5A,ACTIVO,1,841,4302,2024-12-28,24,0,,,,,,,,,,,,,,,SSB
2025-12-01 00:00:00,797150100564,80,DW,06,B,53,001,MUNICIPIO FELIPE CARRILLO PTO ,2014-12-31 00:00:00,6,5A,ACTIVO,1,327,1703,2024-12-30,5,0,,,,,,,,,,,,,,,SSB
2025-12-01 00:00:00,797150100572,80,DW,06,B,36,001,MUNICIPIO FELIPE CARRILLO PTO ,2014-12-31 00:00:00,6,5A,ACTIVO,1,510,2628,2024-12-30,18,0,,,,,,,,,,,,,,,SSB
2025-12-01 00:00:00,797150400070,80,DW,06,B,01,001,MUNICIPIO FELIPE CARRILLO PTO ,2015-04-01 00:00:00,6,5A,ACTIVO,1,1116,5692,2024-12-13,80,0,,,,,,,,,,,,,,,SSB
2025-12-01 00:00:00,797130300494,80,DW,06,B,01,001,MUNICIPIO FELIPE CARRILLO PTO ,2013-03-15 00:00:00,6,5A,ACTIVO,1,744,3812,2024-12-13,5,0,,,,,,,,,,,,,,,SSB
2025-12-01 00:00:00,797130300508,80,DW,06,B,01,001,MUNICIPIO FELIPE CARRILLO PTO ,2013-03-15 00:00:00,6,5A,ACTIVO,1,744,3811,2024-12-27,8,0,,,,,,,,,,,,,,,SSB
2025-12-01 00:00:00,797950400281,80,DW,06,B,24,001,MUNICIPIO FELIPE CARRILLO PTO ,1995-04-29 00:00:00,6,5A,ACTIVO,1,2046,10396,2024-12-30,97,0,,,,,,,,,,,,,,,SSB
2025-12-01 00:00:00,797950400302,80,DW,06,B,26,001,MUNICIPIO FELIPE CARRILLO PTO ,1995-04-29 00:00:00,6,5A,ACTIVO,1,2604,13218,2024-12-27,38,0,,,,,,,,,,,,,,,SSB
2025-12-01 00:00:00,797950400311,80,DW,06,B,27,001,MUNICIPIO FELIPE CARRILLO PTO ,1995-04-29 00:00:00,6,5A,ACTIVO,1,4836,24506,2024-12-27,56,0,,,,,,,,,,,,,,,SSB
2025-12-01 00:00:00,797950400329,80,DW,06,B,28,001,MUNICIPIO FELIPE CARRILLO PTO ,1995-04-29 00:00:00,6,5A,ACTIVO,1,2972,15079,2024-12-27,142,0,,,,,,,,,,,,,,,SSB
2025-12-01 00:00:00,797950400337,80,DW,06,B,29,001,MUNICIPIO FELIPE CARRILLO PTO ,1995-04-29 00:00:00,6,5A,ACTIVO,1,4166,21117,2024-12-30,149,0,,,,,,,,,,,,,,,SSB
2025-12-01 00:00:00,797950400345,80,DW,06,B,30,001,MUNICIPIO FELIPE CARRILLO PTO ,1995-04-29 00:00:00,6,5A,ACTIVO,1,870,4448,2024-12-30,29,0,,,,,,,,,,,,,,,SSB
2025-12-01 00:00:00,797950400353,80,DW,06,B,31,001,MUNICIPIO FELIPE CARRILLO PTO ,1995-04-29 00:00:00,6,5A,ACTIVO,1,7745,39217,2024-12-01,244,0,,,,,,,,,,,,,,,SSB
2025-12-01 00:00:00,797950400361,80,DW,06,B,34,001,MUNICIPIO FELIPE CARRILLO PTO ,1995-04-29 00:00:00,6,5A,ACTIVO,1,1648,8383,2024-12-30,62,0,,,,,,,,,,,,,,,SSB
2025-12-01 00:00:00,797950400370,80,DW,06,B,35,001,MUNICIPIO FELIPE CARRILLO PTO ,1995-04-29 00:00:00,6,5A,ACTIVO,1,1146,5845,2024-12-30,53,0,,,,,,,,,,,,,,,SSB
2025-12-01 00:00:00,797950400388,80,DW,06,B,37,001,MUNICIPIO FELIPE CARRILLO PTO ,1995-04-29 00:00:00,6,5A,ACTIVO,1,2600,13198,2024-12-27,74,0,,,,,,,,,,,,,,,SSB
2025-12-01 00:00:00,797950400396,80,DW,06,B,38,001,MUNICIPIO FELIPE CARRILLO PTO ,1995-04-29 00:00:00,6,5A,ACTIVO,1,2239,11372,2024-12-27,81,0,,,,,,,,,,,,,,,SSB
2025-12-01 00:00:00,797950400400,80,DW,06,B,40,001,MUNICIPIO FELIPE CARRILLO PTO ,1995-04-29 00:00:00,6,5A,ACTIVO,1,1116,5693,2024-03-19,34,0,,,,,,,,,,,,3,6,2025-12-31,SSB
2025-12-01 00:00:00,797950400400,80,DW,06,B,40,001,MUNICIPIO FELIPE CARRILLO PTO ,1995-04-29 00:00:00,6,5A,ACTIVO,,,,2024-03-19,34,0,,,,,,,,,,,,3,6,2025-12-31,SSB
2025-12-01 00:00:00,797950400418,80,DW,06,B,41,001,MUNICIPIO FELIPE CARRILLO PTO ,1995-04-29 00:00:00,6,5A,ACTIVO,1,3080,15626,2024-12-30,45,0,,,,,,,,,,,,,,,SSB
2025-12-01 00:00:00,797950400426,80,DW,06,B,42,001,MUNICIPIO FELIPE CARRILLO PTO ,1995-04-29 00:00:00,6,5A,ACTIVO,1,2232,11336,2024-03-19,65,0,,,,,,,,,,,,6,4.3099999999999996,2025-12-31,SSB
2025-12-01 00:00:00,797950400426,80,DW,06,B,42,001,MUNICIPIO FELIPE CARRILLO PTO ,1995-04-29 00:00:00,6,5A,ACTIVO,,,,2024-03-19,65,0,,,,,,,,,,,,6,4.3099999999999996,2025-12-31,SSB
2025-12-01 00:00:00,797950400434,80,DW,06,B,43,001,MUNICIPIO FELIPE CARRILLO PTO ,1995-04-29 00:00:00,6,5A,ACTIVO,1,1123,5728,2024-12-30,46,0,,,,,,,,,,,,,,,SSB
2025-12-01 00:00:00,797950400442,80,DW,06,B,44,001,MUNICIPIO FELIPE CARRILLO PTO ,1995-04-29 00:00:00,6,5A,ACTIVO,1,3277,16621,2024-12-30,116,0,,,,,,,,,,,,,,,SSB
2025-12-01 00:00:00,797950400451,80,DW,06,B,45,001,MUNICIPIO FELIPE CARRILLO PTO ,1995-04-29 00:00:00,6,5A,ACTIVO,1,744,3812,2024-12-30,36,0,,,,,,,,,,,,,,,SSB
2025-12-01 00:00:00,797950400469,80,DW,06,B,46,001,MUNICIPIO FELIPE CARRILLO PTO ,1995-04-29 00:00:00,6,5A,ACTIVO,1,4122,20895,2024-12-30,131,0,,,,,,,,,,,,,,,SSB
2025-12-01 00:00:00,797950400477,80,DW,06,B,47,001,MUNICIPIO FELIPE CARRILLO PTO ,1995-04-29 00:00:00,6,5A,ACTIVO,1,1760,8950,2024-12-30,52,0,,,,,,,,,,,,,,,SSB
2025-12-01 00:00:00,797950400485,80,DW,06,B,48,001,MUNICIPIO FELIPE CARRILLO PTO ,1995-04-29 00:00:00,6,5A,ACTIVO,1,580,2982,2024-12-30,35,0,,,,,,,,,,,,,,,SSB
2025-12-01 00:00:00,797950400493,80,DW,06,B,49,001,MUNICIPIO FELIPE CARRILLO PTO ,1995-04-29 00:00:00,6,5A,ACTIVO,1,1637,8327,2024-12-27,84,0,,,,,,,,,,,,,,,SSB
2025-12-01 00:00:00,797950400507,80,DW,06,B,50,001,MUNICIPIO FELIPE CARRILLO PTO ,1995-04-29 00:00:00,6,5A,ACTIVO,1,3422,17355,2024-12-01,113,0,,,,,,,,,,,,,,,SSB
2025-12-01 00:00:00,797950400515,80,DW,06,B,51,001,MUNICIPIO FELIPE CARRILLO PTO ,1995-04-29 00:00:00,6,5A,ACTIVO,1,882,4509,2024-12-27,19,0,,,,,,,,,,,,,,,SSB
2025-12-01 00:00:00,797950400531,80,DW,06,B,01,001,MUNICIPIO FELIPE CARRILLO PTO ,1995-04-29 00:00:00,6,5A,ACTIVO,1,27528,139265,2024-12-16,647,0,,,,,,,,,,,,,,,SSB
2025-12-01 00:00:00,797950800050,80,DW,06,B,32,001,MUNICIPIO DE BACALAR          ,1995-08-01 00:00:00,6,5A,ACTIVO,1,14508,73420,2024-12-01,142,0,,,,,,,,,,,,,,,SSB
2025-12-01 00:00:00,797950800068,80,DW,06,B,33,001,MUNICIPIO DE BACALAR          ,1995-08-01 00:00:00,6,5A,ACTIVO,1,6324,32031,2024-03-19,51,0,,,,,,,,,,,,17,30,2025-12-31,SSB
2025-12-01 00:00:00,797950800068,80,DW,06,B,33,001,MUNICIPIO DE BACALAR          ,1995-08-01 00:00:00,6,5A,ACTIVO,,,,2024-03-19,51,0,,,,,,,,,,,,17,30,2025-12-31,SSB
2025-12-01 00:00:00,797950400124,80,DW,06,B,08,001,MUNICIPIO FELIPE CARRILLO PTO ,1995-04-29 00:00:00,6,5A,ACTIVO,1,2299,11675,2024-12-27,63,0,,,,,,,,,,,,,,,SSB
2025-12-01 00:00:00,798010155781,80,DW,06,C,08,001,MPIO DE JOSE MA MORELOS       ,2000-12-27 00:00:00, ,5A,ACTIVO,1,372,1930,2024-12-04,13,0,,,,,,,,,,,,,,,SSB
2025-12-01 00:00:00,797950400132,80,DW,06,B,09,001,MUNICIPIO FELIPE CARRILLO PTO ,1995-04-29 00:00:00,6,5A,ACTIVO,1,2106,10699,2024-12-30,88,0,,,,,,,,,,,,,,,SSB
2025-12-01 00:00:00,797950400141,80,DW,06,B,10,001,MUNICIPIO FELIPE CARRILLO PTO ,1995-04-29 00:00:00,6,5A,ACTIVO,1,2916,14796,2024-12-30,82,0,,,,,,,,,,,,,,,SSB
2025-12-01 00:00:00,797950400159,80,DW,06,B,11,001,MUNICIPIO FELIPE CARRILLO PTO ,1995-04-29 00:00:00,6,5A,ACTIVO,1,1562,7948,2024-12-30,62,0,,,,,,,,,,,,,,,SSB
2025-12-01 00:00:00,797950400167,80,DW,06,B,12,001,MUNICIPIO FELIPE CARRILLO PTO ,1995-04-29 00:00:00,6,5A,ACTIVO,1,487,2511,2024-12-30,33,0,,,,,,,,,,,,,,,SSB
2025-12-01 00:00:00,797950400175,80,DW,06,B,13,001,MUNICIPIO FELIPE CARRILLO PTO ,1995-04-29 00:00:00,6,5A,ACTIVO,1,2050,10417,2024-12-27,75,0,,,,,,,,,,,,,,,SSB
2025-12-01 00:00:00,797950400183,80,DW,06,B,14,001,MUNICIPIO FELIPE CARRILLO PTO ,1995-04-29 00:00:00,6,5A,ACTIVO,1,1979,10057,2024-12-01,99,0,,,,,,,,,,,,,,,SSB
2025-12-01 00:00:00,798060200191,80,DW,06,C,10,001,H AYUNTAMIENTO DE J MA MORELOS,2006-02-08 00:00:00, ,5A,ACTIVO,1,1488,7574,2024-12-04,41,0,,,,,,,,,,,,,,,SSB
2025-12-01 00:00:00,797950400191,80,DW,06,B,15,001,MUNICIPIO FELIPE CARRILLO PTO ,1995-04-29 00:00:00,6,5A,ACTIVO,1,1224,6239,2024-12-01,40,0,,,,,,,,,,,,,,,SSB
2025-12-01 00:00:00,798150500313,80,DW,06,C,69,001,MPIO DE JOSE MA MORELOS       ,2015-04-30 00:00:00, ,5A,ACTIVO,1,2608,13238,2024-12-04,38,0,,,,,,,,,,,,,,,SSB
2025-12-01 00:00:00,798150500321,80,DW,06,C,65,001,MPIO DE JOSE MA MORELOS       ,2015-04-30 00:00:00, ,5A,ACTIVO,1,2838,14401,2024-12-04,30,0,,,,,,,,,,,,,,,SSB
2025-12-01 00:00:00,798150500348,80,DW,06,C,55,001,MPIO DE JOSE MA MORELOS       ,2015-04-30 00:00:00, ,5A,ACTIVO,1,908,4641,2024-12-04,51,0,,,,,,,,,,,,,,,SSB
2025-12-01 00:00:00,798150500356,80,DW,06,C,58,001,MPIO DE JOSE MA MORELOS       ,2015-04-30 00:00:00, ,5A,ACTIVO,1,1261,6426,2024-12-09,21,0,,,,,,,,,,,,,,,SSB
2025-12-01 00:00:00,798150500372,80,DW,06,C,57,001,MPIO DE JOSE MA MORELOS       ,2015-04-30 00:00:00, ,5A,ACTIVO,1,2206,11206,2024-12-04,61,0,,,,,,,,,,,,,,,SSB
2025-12-01 00:00:00,797950400205,80,DW,06,B,16,001,MUNICIPIO FELIPE CARRILLO PTO ,1995-04-29 00:00:00,6,5A,ACTIVO,1,2723,13820,2024-12-01,90,0,,,,,,,,,,,,,,,SSB
2025-12-01 00:00:00,797950400213,80,DW,06,B,17,001,MUNICIPIO FELIPE CARRILLO PTO ,1995-04-29 00:00:00,6,5A,ACTIVO,1,6365,32239,2024-12-30,182,0,,,,,,,,,,,,,,,SSB
2025-12-01 00:00:00,797950400221,80,DW,06,B,18,001,MUNICIPIO FELIPE CARRILLO PTO ,1995-04-29 00:00:00,6,5A,ACTIVO,1,2597,13183,2024-12-01,75,0,,,,,,,,,,,,,,,SSB
2025-12-01 00:00:00,797160600948,80,DW,06,B,01,001,MUNICIPIO FELIPE CARRILLO PTO ,2016-06-29 00:00:00,6,5A,ACTIVO,1,744,3811,2024-12-27,12,0,,,,,,,,,,,,,,,SSB
2025-12-01 00:00:00,797181100791,80,DW,06,B,33,001,MUNICIPIO FELIPE CARRILLO PTO ,2018-11-15 00:00:00,6,02,ACTIVO,1,595,2872,2024-12-01,24,0,,,,,,,,,,,,,,,SSB
2025-12-01 00:00:00,797920600382,80,DW,06,B,05,001,MUNICIPIO FELIPE CARRILLO PTO ,1992-06-01 00:00:00,6,5A,ACTIVO,1,2470,12540,2024-12-27,103,0,,,,,,,,,,,,,,,SSB
2025-12-01 00:00:00,798890600214,80,DW,06,C,05,001,MPIO DE JOSE MA MORELOS       ,1989-06-01 00:00:00, ,5A,ACTIVO,1,1142,5824,2024-12-05,44,0,,,,,,,,,,,,,,,SSB
2025-12-01 00:00:00,798890600222,80,DW,06,C,06,001,MPIO DE JOSE MA MORELOS       ,1989-06-01 00:00:00, ,5A,ACTIVO,1,1116,5692,2024-12-05,36,0,,,,,,,,,,,,,,,SSB
2025-12-01 00:00:00,798890600231,80,DW,06,C,07,001,MPIO DE JOSE MA MORELOS       ,1989-06-01 00:00:00, ,5A,ACTIVO,1,744,3812,2024-12-05,21,0,,,,,,,,,,,,,,,SSB
2025-12-01 00:00:00,798890600249,80,DW,06,C,08,001,MPIO DE JOSE MA MORELOS       ,1989-06-01 00:00:00, ,5A,ACTIVO,1,3047,15458,2024-12-04,82,0,,,,,,,,,,,,,,,SSB
2025-12-01 00:00:00,798890600257,80,DW,06,C,13,001,MPIO DE JOSE MA MORELOS       ,1989-06-01 00:00:00, ,5A,ACTIVO,1,5070,25689,2024-12-04,102,0,,,,,,,,,,,,,,,SSB
2025-12-01 00:00:00,798890600265,80,DW,06,C,18,001,MPIO DE JOSE MA MORELOS       ,1989-06-01 00:00:00, ,5A,ACTIVO,1,26,180,2024-11-20,121,0,,,,,,,,,,,,,,,SSB
2025-12-01 00:00:00,798890600273,80,DW,06,C,29,001,MPIO DE JOSE MA MORELOS       ,1989-06-01 00:00:00, ,5A,ACTIVO,1,3445,17471,2024-12-04,137,0,,,,,,,,,,,,,,,SSB
2025-12-01 00:00:00,798890600281,80,DW,06,C,36,001,MUNICIPIO FELIPE CARRILLO PTO ,1989-06-01 00:00:00,6,5A,ACTIVO,1,4092,20743,2024-02-27,74,0,,,,,,,,,,,,,,,SSB
2025-12-01 00:00:00,798890600290,80,DW,06,C,50,001,MPIO DE JOSE MA MORELOS       ,1989-06-01 00:00:00, ,5A,ACTIVO,1,1116,5693,2024-12-04,49,0,,,,,,,,,,,,,,,SSB
2025-12-01 00:00:00,797950400078,80,DW,06,B,02,001,MUNICIPIO FELIPE CARRILLO PTO ,1995-04-29 00:00:00,6,5A,ACTIVO,1,696,3569,2024-12-27,44,0,,,,,,,,,,,,,,,SSB
2025-12-01 00:00:00,797950400086,80,DW,06,B,03,001,MUNICIPIO FELIPE CARRILLO PTO ,1995-04-29 00:00:00,6,5A,ACTIVO,1,9456,47871,2024-12-27,394,0,,,,,,,,,,,,,,,SSB
2025-12-01 00:00:00,797950400094,80,DW,06,B,04,001,MUNICIPIO FELIPE CARRILLO PTO ,1995-04-29 00:00:00,6,5A,ACTIVO,1,792,4054,2024-12-27,15,0,,,,,,,,,,,,,,,SSB
2025-12-01 00:00:00,797950400108,80,DW,06,B,06,001,MUNICIPIO FELIPE CARRILLO PTO ,1995-04-29 00:00:00,6,5A,ACTIVO,1,1414,7200,2024-12-27,28,0,,,,,,,,,,,,,,,SSB
2025-12-01 00:00:00,798921100428,80,DW,06,C,08,001,MPIO DE JOSE MA MORELOS       ,1992-11-27 00:00:00, ,5A,ACTIVO,1,781,3998,2024-12-09,1,0,,,,,,,,,,,,,,,SSB
2025-12-01 00:00:00,798930700144,80,DW,06,C,01,001,MPIO DE JOSE MA MORELOS       ,1993-07-21 00:00:00, ,5A,ACTIVO,1,1860,9455,2024-12-04,15,0,,,,,,,,,,,,,,,SSB
2025-12-01 00:00:00,798940800406,80,DW,06,C,01,001,MPIO DE JOSE MA MORELOS       ,1994-08-31 00:00:00, ,5A,ACTIVO,1,91397,462266,2024-12-04,786,0,,,,,,,,,,,,,,,SSB
2025-12-01 00:00:00,798940800449,80,DW,06,C,02,001,MPIO DE JOSE MA MORELOS       ,1994-08-31 00:00:00, ,5A,ACTIVO,1,7630,38636,2024-11-20,165,0,,,,,,,,,,,,,,,SSB
2025-12-01 00:00:00,798940800465,80,DW,06,C,03,001,MPIO DE JOSE MA MORELOS       ,1994-08-31 00:00:00, ,5A,ACTIVO,1,2232,11337,2024-12-04,77,0,,,,,,,,,,,,,,,SSB
2025-12-01 00:00:00,798940800473,80,DW,06,C,04,001,MPIO DE JOSE MA MORELOS       ,1994-08-31 00:00:00, ,5A,ACTIVO,1,4464,22624,2024-12-05,138,0,,,,,,,,,,,,,,,SSB
2025-12-01 00:00:00,798940800481,80,DW,06,C,04,001,MPIO DE JOSE MA MORELOS       ,1994-08-31 00:00:00, ,5A,ACTIVO,1,372,1931,2024-12-09,1,0,,,,,,,,,,,,,,,SSB
2025-12-01 00:00:00,798940800490,80,DW,06,C,10,001,MPIO DE JOSE MA MORELOS       ,1994-08-31 00:00:00, ,5A,ACTIVO,1,1116,5693,2024-12-04,30,0,,,,,,,,,,,,,,,SSB
2025-12-01 00:00:00,798940800503,80,DW,06,C,11,001,MPIO DE JOSE MA MORELOS       ,1994-08-31 00:00:00, ,5A,ACTIVO,1,3966,20106,2024-12-04,95,0,,,,,,,,,,,,,,,SSB
2025-12-01 00:00:00,798940800511,80,DW,06,C,12,001,MPIO DE JOSE MA MORELOS       ,1994-08-31 00:00:00, ,5A,ACTIVO,1,3151,15985,2024-12-04,104,0,,,,,,,,,,,,,,,SSB
2025-12-01 00:00:00,798940800520,80,DW,06,C,14,001,MPIO DE JOSE MA MORELOS       ,1994-08-31 00:00:00, ,5A,ACTIVO,1,2604,13218,2024-12-04,44,0,,,,,,,,,,,,,,,SSB
2025-12-01 00:00:00,798940800538,80,DW,06,C,15,001,MPIO DE JOSE MA MORELOS       ,1994-08-31 00:00:00, ,5A,ACTIVO,1,1860,9455,2024-12-04,39,0,,,,,,,,,,,,,,,SSB
2025-12-01 00:00:00,798940800546,80,DW,06,C,16,001,MPIO DE JOSE MA MORELOS       ,1994-08-31 00:00:00, ,5A,ACTIVO,1,1116,5693,2024-12-04,21,0,,,,,,,,,,,,,,,SSB
2025-12-01 00:00:00,798940800554,80,DW,06,C,17,001,MPIO DE JOSE MA MORELOS       ,1994-08-31 00:00:00, ,5A,ACTIVO,1,2005,10189,2024-12-04,82,0,,,,,,,,,,,,,,,SSB
2025-12-01 00:00:00,798940800597,80,DW,06,C,20,001,MPIO DE JOSE MA MORELOS       ,1994-08-31 00:00:00, ,5A,ACTIVO,1,15732,79610,2024-12-04,342,0,,,,,,,,,,,,,,,SSB
2025-12-01 00:00:00,798940800601,80,DW,06,C,22,001,MPIO DE JOSE MA MORELOS       ,1994-08-31 00:00:00, ,5A,ACTIVO,1,3873,19636,2024-12-04,59,0,,,,,,,,,,,,,,,SSB
2025-12-01 00:00:00,798940800619,80,DW,06,C,23,001,MPIO DE JOSE MA MORELOS       ,1994-08-31 00:00:00, ,5A,ACTIVO,1,1514,7706,2024-12-04,45,0,,,,,,,,,,,,,,,SSB
2025-12-01 00:00:00,798940800627,80,DW,06,C,25,001,MPIO DE JOSE MA MORELOS       ,1994-08-31 00:00:00, ,5A,ACTIVO,1,1514,7705,2024-12-04,33,0,,,,,,,,,,,,,,,SSB
2025-12-01 00:00:00,798940800635,80,DW,06,C,26,001,MPIO DE JOSE MA MORELOS       ,1994-08-31 00:00:00, ,5A,ACTIVO,1,3504,17770,2024-12-04,129,0,,,,,,,,,,,,,,,SSB
2025-12-01 00:00:00,798940800643,80,DW,06,C,27,001,MPIO DE JOSE MA MORELOS       ,1994-08-31 00:00:00, ,5A,ACTIVO,1,815,4171,2024-12-04,15,0,,,,,,,,,,,,,,,SSB
2025-12-01 00:00:00,798940800651,80,DW,06,C,48,001,MPIO DE JOSE MA MORELOS       ,1994-08-31 00:00:00, ,5A,ACTIVO,1,2258,11468,2024-12-04,79,0,,,,,,,,,,,,,,,SSB
2025-12-01 00:00:00,797950400116,80,DW,06,B,07,001,MUNICIPIO FELIPE CARRILLO PTO ,1995-04-29 00:00:00,6,5A,ACTIVO,1,1920,9759,2024-12-27,107,0,,,,,,,,,,,,,,,SSB
2025-12-01 00:00:00,797950400230,80,DW,06,B,19,001,MUNICIPIO FELIPE CARRILLO PTO ,1995-04-29 00:00:00,6,5A,ACTIVO,1,3430,17395,2024-12-01,172,0,,,,,,,,,,,,,,,SSB
2025-12-01 00:00:00,797950400256,80,DW,06,B,21,001,MUNICIPIO FELIPE CARRILLO PTO ,1995-04-29 00:00:00,6,5A,ACTIVO,1,1797,9137,2024-12-01,89,0,,,,,,,,,,,,,,,SSB
2025-12-01 00:00:00,797950400264,80,DW,06,B,22,001,MUNICIPIO FELIPE CARRILLO PTO ,1995-04-29 00:00:00,6,5A,ACTIVO,1,309,1612,2024-12-27,19,0,,,,,,,,,,,,,,,SSB
2025-12-01 00:00:00,797950400272,80,DW,06,B,23,001,MUNICIPIO FELIPE CARRILLO PTO ,1995-04-29 00:00:00,6,5A,ACTIVO,1,2351,11938,2024-12-27,88,0,,,,,,,,,,,,,,,SSB
2025-12-01 00:00:00,798030200294,80,DW,06,C,01,001,MPIO DE JOSE MARIA MORELOS    ,2002-12-20 00:00:00, ,5A,ACTIVO,1,372,1930,2024-12-05,25,0,,,,,,,,,,,,,,,SSB
2025-12-01 00:00:00,798031100340,80,DW,06,C,51,001,MPIO DE JOSE MARIA MORELOS    ,2003-04-30 00:00:00, ,5A,ACTIVO,1,372,1930,2024-12-09,1,0,,,,,,,,,,,,,,,SSB
2025-12-01 00:00:00,798040900464,80,DW,06,C,19,001,MPIO DE JOSE MA MORELOS       ,2004-09-23 00:00:00, ,5A,ACTIVO,1,372,1930,2024-12-04,1,0,,,,,,,,,,,,,,,SSB
2025-12-01 00:00:00,798040900472,80,DW,06,C,01,001,MPIO DE JOSE MA MORELOS       ,2004-09-23 00:00:00, ,5A,ACTIVO,1,744,3811,2024-12-04,39,0,,,,,,,,,,,,,,,SSB
2025-12-01 00:00:00,798041100453,80,DW,06,C,27,001,MPIO DE JOSE MARIA MORELOS    ,2004-11-11 00:00:00, ,5A,ACTIVO,1,1116,5693,2024-12-04,1,0,,,,,,,,,,,,,,,SSB
2025-12-01 00:00:00,798050500049,80,DW,06,C,01,001,MPIO  DE JOSE MARIA MORELOS   ,2005-05-03 00:00:00, ,5A,ACTIVO,1,744,3812,2024-12-04,24,0,,,,,,,,,,,,,,,SSB
2025-12-01 00:00:00,798121000778,80,DW,06,C,01,001,MPIO  DE JOSE MA  MORELOS     ,2012-10-25 00:00:00, ,5A,ACTIVO,1,1116,5693,2024-12-04,6,0,,,,,,,,,,,,,,,SSB
2025-12-01 00:00:00,798850100103,80,DW,06,C,24,001,MPIO DE JOSE MA MORELOS       ,1985-01-31 00:00:00, ,5A,ACTIVO,1,2608,13238,2024-12-04,60,0,,,,,,,,,,,,,,,SSB
2025-12-01 00:00:00,798870500329,80,DW,06,C,21,001,MPIO DE JOSE MA MORELOS       ,1987-05-31 00:00:00, ,5A,ACTIVO,1,897,4585,2024-12-04,25,0,,,,,,,,,,,,,,,SSB
2025-12-01 00:00:00,798880200226,80,DW,06,C,42,001,MUNICIPIO FELIPE CARRILLO PTO ,1988-02-29 00:00:00,6,5A,ACTIVO,1,1860,9455,2024-12-27,38,0,,,,,,,,,,,,,,,SSB
2025-12-01 00:00:00,798880400225,80,DW,06,C,09,001,MPIO DE JOSE MA MORELOS       ,1988-04-30 00:00:00, ,5A,ACTIVO,1,744,3812,2024-12-04,25,0,,,,,,,,,,,,,,,SSB
2025-12-01 00:00:00,798880400233,80,DW,06,C,31,001,MPIO DE JOSE MA MORELOS       ,1988-04-30 00:00:00, ,5A,ACTIVO,1,1488,7574,2024-12-09,34,0,,,,,,,,,,,,,,,SSB
2025-12-01 00:00:00,798880400241,80,DW,06,C,49,001,MPIO DE JOSE MA MORELOS       ,1988-04-30 00:00:00, ,5A,ACTIVO,1,398,2061,2024-12-04,46,0,,,,,,,,,,,,,,,SSB
2025-12-01 00:00:00,798910100167,80,DW,06,C,29,001,MPIO DE JOSE MA MORELOS       ,1991-01-09 00:00:00, ,5A,ACTIVO,1,372,1930,2024-12-04,1,0,,,,,,,,,,,,,,,SSB
2025-12-01 00:00:00,798910400021,80,DW,06,C,13,001,MPIO DE JOSE MA MORELOS       ,1991-04-27 00:00:00, ,5A,ACTIVO,1,744,3812,2024-12-04,16,0,,,,,,,,,,,,,,,SSB
2025-12-01 00:00:00,797991100844,80,DW,06,B,01,001,MUNICIPIO FELIPE CARRILLO PTO ,1999-10-07 00:00:00,6,5A,ACTIVO,1,5208,26387,2024-12-10,4,0,,,,,,,,,,,,,,,SSB
2025-12-01 00:00:00,799100800631,80,DW,06,D,49,001,MUNICIPIO DE BACALAR          ,2010-08-01 00:00:00,6,5A,ACTIVO,1,4245,21517,2024-12-27,22,0,,,,,,,,,,,,,,,SSB
2025-12-01 00:00:00,799100800657,80,DW,06,D,50,001,MUNICIPIO DE BACALAR          ,2010-08-01 00:00:00,6,5A,ACTIVO,1,4836,24506,2024-12-27,6,0,,,,,,,,,,,,,,,SSB
2025-12-01 00:00:00,799100800665,80,DW,06,D,51,001,MUNICIPIO DE BACALAR          ,2010-08-01 00:00:00,6,5A,ACTIVO,1,2767,14043,2024-12-27,10,0,,,,,,,,,,,,,,,SSB
2025-12-01 00:00:00,799100800673,80,DW,06,D,52,001,MUNICIPIO DE BACALAR          ,2010-08-01 00:00:00,6,5A,ACTIVO,1,3581,18159,2024-12-27,36,0,,,,,,,,,,,,,,,SSB
2025-12-01 00:00:00,799130500071,80,DW,06,D,08,001,MUNICIPIO DE BACALAR          ,2013-04-02 00:00:00,6,5A,ACTIVO,1,4464,22625,2024-12-30,62,0,,,,,,,,,,,,12,10,2025-12-31,SSB
2025-12-01 00:00:00,799130500071,80,DW,06,D,08,001,MUNICIPIO DE BACALAR          ,2013-04-02 00:00:00,6,5A,ACTIVO,,,,2024-12-30,62,0,,,,,,,,,,,,12,10,2025-12-31,SSB
2025-12-01 00:00:00,798950100402,80,DW,06,C,46,001,MPIO DE JOSE MA MORELOS       ,1995-01-31 00:00:00, ,5A,ACTIVO,1,1488,7574,2024-12-09,68,0,,,,,,,,,,,,,,,SSB
2025-12-01 00:00:00,798950100411,80,DW,06,C,47,001,MPIO DE JOSE MA MORELOS       ,1995-01-31 00:00:00, ,5A,ACTIVO,1,744,3811,2024-12-09,37,0,,,,,,,,,,,,,,,SSB
2025-12-01 00:00:00,798950100437,80,DW,06,C,37,001,MUNICIPIO FELIPE CARRILLO PTO ,1995-01-31 00:00:00,6,5A,ACTIVO,1,1116,5693,2024-12-26,73,0,,,,,,,,,,,,,,,SSB
2025-12-01 00:00:00,798950100445,80,DW,06,C,38,001,MUNICIPIO FELIPE CARRILLO PTO ,1995-01-31 00:00:00,6,5A,ACTIVO,1,7440,37675,2024-02-28,113,0,,,,,,,,,,,,,,,SSB
2025-12-01 00:00:00,798950100453,80,DW,06,C,39,001,MUNICIPIO FELIPE CARRILLO PTO ,1995-01-31 00:00:00,6,5A,ACTIVO,1,2604,13218,2024-02-28,35,0,,,,,,,,,,,,,,,SSB
2025-12-01 00:00:00,798950100461,80,DW,06,C,40,001,MUNICIPIO FELIPE CARRILLO PTO ,1995-01-31 00:00:00,6,5A,ACTIVO,1,5208,26388,2024-03-12,65,0,,,,,,,,,,,,,,,SSB
2025-12-01 00:00:00,798950100470,80,DW,06,C,41,001,MUNICIPIO FELIPE CARRILLO PTO ,1995-01-31 00:00:00,6,5A,ACTIVO,1,6324,32031,2024-02-01,88,0,,,,,,,,,,,,,,,SSB
2025-12-01 00:00:00,798950100488,80,DW,06,C,43,001,MUNICIPIO FELIPE CARRILLO PTO ,1995-01-31 00:00:00,6,5A,ACTIVO,1,11904,60250,2024-02-27,161,0,,,,,,,,,,,,,,,SSB
2025-12-01 00:00:00,798950100496,80,DW,06,C,44,001,MUNICIPIO FELIPE CARRILLO PTO ,1995-01-31 00:00:00,6,5A,ACTIVO,,,,2024-03-04,411,0,,,,,,,,,,,,32,31.059999999999999,2025-12-31,SSB
2025-12-01 00:00:00,798950100496,80,DW,06,C,44,001,MUNICIPIO FELIPE CARRILLO PTO ,1995-01-31 00:00:00,6,5A,ACTIVO,1,11904,60250,2024-03-04,411,0,,,,,,,,,,,,32,31.059999999999999,2025-12-31,SSB
2025-12-01 00:00:00,798910500319,80,DW,06,C,18,001,MPIO DE JOSE MA MORELOS       ,1991-05-24 00:00:00, ,5A,ACTIVO,1,372,1930,2024-12-04,42,0,,,,,,,,,,,,,,,SSB
2025-12-01 00:00:00,798911100446,80,DW,06,C,51,001,MPIO DE JOSE MA MORELOS       ,1991-11-01 00:00:00, ,5A,ACTIVO,1,770,3943,2024-12-09,25,0,,,,,,,,,,,,,,,SSB
2025-12-01 00:00:00,798950100348,80,DW,06,C,28,001,MPIO DE JOSE MA MORELOS       ,1995-01-31 00:00:00, ,5A,ACTIVO,1,5952,30150,2024-12-04,180,0,,,,,,,,,,,,,,,SSB
2025-12-01 00:00:00,798950100356,80,DW,06,C,32,001,MPIO DE JOSE MA MORELOS       ,1995-01-31 00:00:00, ,5A,ACTIVO,1,1488,7574,2024-12-09,61,0,,,,,,,,,,,,,,,SSB
2025-12-01 00:00:00,798950100364,80,DW,06,C,33,001,MPIO DE JOSE MA MORELOS       ,1995-01-31 00:00:00, ,5A,ACTIVO,1,1860,9455,2024-12-09,55,0,,,,,,,,,,,,,,,SSB
2025-12-01 00:00:00,798950100372,80,DW,06,C,34,001,MPIO DE JOSE MA MORELOS       ,1995-01-31 00:00:00, ,5A,ACTIVO,1,863,4413,2024-12-09,58,0,,,,,,,,,,,,,,,SSB
2025-12-01 00:00:00,798950100381,80,DW,06,C,35,001,MPIO DE JOSE MA MORELOS       ,1995-01-31 00:00:00, ,5A,ACTIVO,1,837,4282,2024-12-09,23,0,,,,,,,,,,,,,,,SSB
2025-12-01 00:00:00,798950100399,80,DW,06,C,45,001,MPIO DE JOSE MA MORELOS       ,1995-01-31 00:00:00, ,5A,ACTIVO,1,792,4054,2024-12-09,21,0,,,,,,,,,,,,,,,SSB
2025-12-01 00:00:00,799140100585,80,DW,06,D,53,001,MUNICIPIO DE BACALAR          ,2013-12-30 00:00:00,6,5A,ACTIVO,1,4185,21214,2024-12-01,33,0,,,,,,,,,,,,,,,SSB
2025-12-01 00:00:00,799820100091,80,DW,06,D,06,001,MUNICIPIO DE BACALAR          ,1982-01-31 00:00:00,6,5A,ACTIVO,1,5208,26387,2024-12-27,44,0,,,,,,,,,,,,,,,SSB
2025-12-01 00:00:00,799820300112,80,DW,06,D,18,001,MUNICIPIO DE BACALAR          ,1982-03-01 00:00:00,6,5A,ACTIVO,1,7812,39556,2024-12-28,64,0,,,,,,,,,,,,,,,SSB
2025-12-01 00:00:00,799140100593,80,DW,06,D,54,001,MUNICIPIO DE BACALAR          ,2013-12-30 00:00:00,6,5A,ACTIVO,1,3441,17451,2024-12-01,27,0,,,,,,,,,,,,,,,SSB
2025-12-01 00:00:00,799140300347,80,DW,06,D,48,001,MUNICIPIO OTHON P BLANCO      ,2014-02-28 00:00:00, ,5A,ACTIVO,1,21948,111046,2024-11-20,52,0,,,,,,,,,,,,59,10,2025-12-31,SSB
2025-12-01 00:00:00,799140300347,80,DW,06,D,48,001,MUNICIPIO OTHON P BLANCO      ,2014-02-28 00:00:00, ,5A,ACTIVO,,,,2024-11-20,52,0,,,,,,,,,,,,59,10,2025-12-31,SSB
2025-12-01 00:00:00,799831000048,80,DW,06,D,02,001,MUNICIPIO DE OTHON P BLANCO   ,1983-10-01 00:00:00, ,5A,ACTIVO,1,6696,33912,2024-10-04,167,0,,,,,,,,,,,,,,,SSB
2025-12-01 00:00:00,799150900598,80,DW,06,D,56,001,MUNICIPIO DE BACALAR          ,2015-08-31 00:00:00,6,5A,ACTIVO,1,570,2932,2024-12-01,13,0,,,,,,,,,,,,,,,SSB
2025-12-01 00:00:00,798970200063,80,DW,06,C,11,001,MPIO DE JOSE MA MORELOS       ,1997-02-08 00:00:00, ,5A,ACTIVO,1,1860,9456,2024-12-04,1,0,,,,,,,,,,,,,,,SSB
2025-12-01 00:00:00,799960500227,80,DW,06,D,42,001,MUNICIPIO DE BACALAR          ,1996-05-15 00:00:00,6,5A,ACTIVO,1,4162,21097,2024-12-30,38,0,,,,,,,,,,,,,,,SSB
2025-12-01 00:00:00,799040700101,80,DW,06,D,47,001,MUNICIPIO DE OTHON P  BLANCO  ,2004-06-14 00:00:00, ,5A,ACTIVO,1,8184,41437,2024-11-20,109,0,,,,,,,,,,,,,,,SSB
2025-12-01 00:00:00,799061100359,80,DW,06,D,01,001,TELECABLE BACALAR SA DE CV    ,2006-10-16 00:00:00,0,02,ACTIVO,1,695,3491,,,0,,,,,,,,,,,,,,,GSC
2025-12-01 00:00:00,799061200311,80,DW,06,D,30,001,MUNICIPIO DE BACALAR          ,2007-01-01 00:00:00,6,5A,ACTIVO,1,12276,62132,2024-12-30,103,0,,,,,,,,,,,,33,31,2025-12-31,SSB
2025-12-01 00:00:00,799061200311,80,DW,06,D,30,001,MUNICIPIO DE BACALAR          ,2007-01-01 00:00:00,6,5A,ACTIVO,,,,2024-12-30,103,0,,,,,,,,,,,,33,31,2025-12-31,SSB
2025-12-01 00:00:00,799130700177,80,DW,06,D,55,001,MUNICIPIO DE BACALAR          ,2013-07-02 00:00:00,6,5A,ACTIVO,1,651,3341,2024-12-27,8,0,,,,,,,,,,,,,,,SSB
2025-12-01 00:00:00,799231200744,80,DW,06,D,25,001,CFE TEL E INTERNET REFORMA    ,2023-12-15 00:00:00,0,02,ACTIVO,1,31,205,,,0,,,,,,,,,,,,,,,GSC
2025-12-01 00:00:00,799821200715,80,DW,06,D,03,001,MUNICIPIO DE BACALAR          ,1982-12-01 00:00:00,6,5A,ACTIVO,1,7812,39556,2024-12-28,67,0,,,,,,,,,,,,,,,SSB
2025-12-01 00:00:00,799821200723,80,DW,06,D,10,001,MUNICIPIO DE BACALAR          ,1982-12-01 00:00:00,6,5A,ACTIVO,1,5208,26387,2024-12-28,49,0,,,,,,,,,,,,,,,SSB
2025-12-01 00:00:00,799830200035,80,DW,06,D,11,001,MUNICIPIO DE BACALAR          ,1983-02-01 00:00:00,6,5A,ACTIVO,1,5371,27211,2024-12-30,67,0,,,,,,,,,,,,,,,SSB
2025-12-01 00:00:00,799801200115,80,DW,06,D,04,001,MUNICIPIO DE BACALAR          ,1980-12-19 00:00:00,6,5A,ACTIVO,1,5615,28445,2024-12-28,63,0,,,,,,,,,,,,,,,SSB
2025-12-01 00:00:00,799801200123,80,DW,06,D,05,001,MUNICIPIO DE BACALAR          ,1980-12-19 00:00:00,6,5A,ACTIVO,1,4687,23753,2024-12-28,53,0,,,,,,,,,,,,,,,SSB
2025-12-01 00:00:00,799801200131,80,DW,06,D,13,001,MUNICIPIO DE BACALAR          ,1980-12-19 00:00:00,6,5A,ACTIVO,1,8184,41437,2024-12-28,73,0,,,,,,,,,,,,,,,SSB
2025-12-01 00:00:00,799801200140,80,DW,06,D,24,001,MUNICIPIO DE BACALAR          ,1980-12-19 00:00:00,6,5A,ACTIVO,1,6789,34383,2024-12-28,77,0,,,,,,,,,,,,,,,SSB
2025-12-01 00:00:00,799810100123,80,DW,06,C,59,001,MUNICIPIO FELIPE CARRILLO PTO ,1981-01-12 00:00:00,6,5A,ACTIVO,1,5580,28269,2024-12-27,110,0,,,,,,,,,,,,,,,SSB
2025-12-01 00:00:00,799810500172,80,DW,06,D,09,001,MUNICIPIO DE BACALAR          ,1981-05-01 00:00:00,6,5A,ACTIVO,1,6324,32031,2024-12-28,31,0,,,,,,,,,,,,,,,SSB
2025-12-01 00:00:00,799960700099,80,DW,06,D,35,001,MUNICIPIO DE BACALAR          ,1996-07-31 00:00:00,6,5A,ACTIVO,1,4836,24505,2024-12-28,34,0,,,,,,,,,,,,,,,SSB
2025-12-01 00:00:00,799960700102,80,DW,06,D,36,001,MUNICIPIO DE BACALAR          ,1996-07-31 00:00:00,6,5A,ACTIVO,1,7498,37968,2024-12-27,71,0,,,,,,,,,,,,,,,SSB
2025-12-01 00:00:00,799980400920,80,DW,06,D,44,001,MUNICIPIO DE BACALAR          ,1998-04-23 00:00:00,6,5A,ACTIVO,1,3476,17628,2024-12-28,35,0,,,,,,,,,,,,,,,SSB
2025-12-01 00:00:00,799991000052,80,DW,06,D,45,001,MUNICIPIO DE BACALAR          ,1999-10-01 00:00:00,6,5A,ACTIVO,1,9660,48902,2024-12-27,118,0,,,,,,,,,,,,,,,SSB
2025-12-01 00:00:00,799991200094,80,DW,06,D,46,001,MUNICIPIO DE BACALAR          ,1999-10-01 00:00:00,6,5A,ACTIVO,1,11114,56255,2024-12-30,122,0,,,,,,,,,,,,,,,SSB
2025-12-01 00:00:00,799960700111,80,DW,06,D,37,001,MUNICIPIO DE BACALAR          ,1996-07-31 00:00:00,6,5A,ACTIVO,1,1465,7458,2024-12-28,10,0,,,,,,,,,,,,,,,SSB
2025-12-01 00:00:00,799850400316,80,DW,06,D,16,001,MUNICIPIO DE BACALAR          ,1985-04-01 00:00:00,6,5A,ACTIVO,1,5952,30149,2024-12-30,63,0,,,,,,,,,,,,,,,SSB
2025-12-01 00:00:00,800040400369,80,DW,07,A,89,001,H AYUNT TIZIMIN      Y096     ,2004-03-03 00:00:00,6,5A,ACTIVO,1,1265,6446,2024-11-12,46,0,,,,,,,,,,,,3.3999999999999999,2.5699999999999998,2025-12-31,SSB
2025-12-01 00:00:00,800040400369,80,DW,07,A,89,001,H AYUNT TIZIMIN      Y096     ,2004-03-03 00:00:00,6,5A,ACTIVO,,,,2024-11-12,46,0,,,,,,,,,,,,3.3999999999999999,2.5699999999999998,2025-12-31,SSB
2025-12-01 00:00:00,799850900157,80,DW,06,D,26,001,MUNICIPIO DE BACALAR          ,1985-09-03 00:00:00,6,5A,ACTIVO,1,6324,32031,2024-12-30,118,0,,,,,,,,,,,,,,,SSB
2025-12-01 00:00:00,800230200773,80,DW,07,A,05,001,CFE   TEIT                    ,2023-02-16 00:00:00,0,02,ACTIVO,1,4340,17795,2024-12-27,280,0,,,,,,,,,,,,,,,SSB
2025-12-01 00:00:00,799960700081,80,DW,06,D,34,001,MUNICIPIO DE BACALAR          ,1996-07-31 00:00:00,6,5A,ACTIVO,1,8184,41438,2024-12-28,73,0,,,,,,,,,,,,,,,SSB
2025-12-01 00:00:00,799760900026,80,DW,06,D,12,001,MUNICIPIO DE BACALAR          ,1976-09-22 00:00:00,6,5A,ACTIVO,1,11160,56487,2024-12-30,88,0,,,,,,,,,,,,,,,SSB
2025-12-01 00:00:00,799770100079,80,DW,06,D,07,001,MUNICIPIO DE BACALAR          ,1977-01-18 00:00:00,6,5A,ACTIVO,1,5208,26387,2024-12-27,34,0,,,,,,,,,,,,,,,SSB
2025-12-01 00:00:00,799800100044,80,DW,06,D,14,001,MUNICIPIO DE BACALAR          ,1980-01-01 00:00:00,6,5A,ACTIVO,1,10416,52725,2024-12-30,108,0,,,,,,,,,,,,,,,SSB
2025-12-01 00:00:00,799800100052,80,DW,06,D,15,001,MUNICIPIO DE BACALAR          ,1980-01-01 00:00:00,6,5A,ACTIVO,1,7812,39556,2024-12-30,88,0,,,,,,,,,,,,,,,SSB
2025-12-01 00:00:00,799960700013,80,DW,06,D,27,001,MUNICIPIO DE BACALAR          ,1996-07-31 00:00:00,6,5A,ACTIVO,1,3662,18568,2024-12-28,44,0,,,,,,,,,,,,,,,SSB
2025-12-01 00:00:00,799960700021,80,DW,06,D,28,001,MUNICIPIO DE BACALAR          ,1996-07-31 00:00:00,6,5A,ACTIVO,1,8556,43319,2024-12-28,43,0,,,,,,,,,,,,,,,SSB
2025-12-01 00:00:00,799960700030,80,DW,06,D,29,001,MUNICIPIO DE BACALAR          ,1996-07-31 00:00:00,6,5A,ACTIVO,1,2976,15099,2024-12-30,25,0,,,,,,,,,,,,,,,SSB
2025-12-01 00:00:00,799960700056,80,DW,06,D,31,001,MUNICIPIO DE BACALAR          ,1996-07-31 00:00:00,6,5A,ACTIVO,1,7754,39263,2024-12-30,86,0,,,,,,,,,,,,,,,SSB
2025-12-01 00:00:00,799960700064,80,DW,06,D,32,001,MUNICIPIO DE BACALAR          ,1996-07-31 00:00:00,6,5A,ACTIVO,1,6324,32031,2024-12-28,69,0,,,,,,,,,,,,,,,SSB
2025-12-01 00:00:00,799800100061,80,DW,06,D,19,001,MUNICIPIO DE BACALAR          ,1980-01-01 00:00:00,6,5A,ACTIVO,1,11532,58369,2024-12-30,94,0,,,,,,,,,,,,,,,SSB
2025-12-01 00:00:00,799800600080,80,DW,06,D,25,001,MUNICIPIO DE BACALAR          ,1980-06-30 00:00:00,6,5A,ACTIVO,1,13473,68186,2024-12-30,114,0,,,,,,,,,,,,,,,SSB
2025-12-01 00:00:00,799960700129,80,DW,06,D,38,001,MUNICIPIO DE BACALAR          ,1996-07-31 00:00:00,6,5A,ACTIVO,1,6324,32031,2024-12-28,68,0,,,,,,,,,,,,,,,SSB
2025-12-01 00:00:00,799960700137,80,DW,06,D,39,001,MUNICIPIO DE BACALAR          ,1996-07-31 00:00:00,6,5A,ACTIVO,1,7440,37675,2024-12-30,92,0,,,,,,,,,,,,,,,SSB
2025-12-01 00:00:00,799960700145,80,DW,06,D,40,001,MUNICIPIO DE BACALAR          ,1996-07-31 00:00:00,6,5A,ACTIVO,1,5208,26388,2024-12-30,86,0,,,,,,,,,,,,14,11.156000000000001,2025-12-31,SSB
2025-12-01 00:00:00,799960700145,80,DW,06,D,40,001,MUNICIPIO DE BACALAR          ,1996-07-31 00:00:00,6,5A,ACTIVO,,,,2024-12-30,86,0,,,,,,,,,,,,14,11.156000000000001,2025-12-31,SSB
2025-12-01 00:00:00,799960700153,80,DW,06,D,41,001,MUNICIPIO DE BACALAR          ,1996-07-31 00:00:00,6,5A,ACTIVO,1,3011,15276,2024-12-28,28,0,,,,,,,,,,,,,,,SSB
2025-12-01 00:00:00,799960700072,80,DW,06,D,33,001,MUNICIPIO DE BACALAR          ,1996-07-31 00:00:00,6,5A,ACTIVO,1,6103,30913,2024-12-28,56,0,,,,,,,,,,,,,,,SSB
2025-12-01 00:00:00,799970200582,80,DW,06,D,01,001,MUNICIPIO DE BACALAR          ,1997-02-28 00:00:00,6,5A,ACTIVO,,,,2024-12-26,1182,0,,,,,,,,,,,,267,264,2025-12-31,SSB
2025-12-01 00:00:00,800010800354,80,DW,07,A,88,001,H  AYUNT TIZIMIN              ,2001-06-02 00:00:00,6,5A,ACTIVO,,,,2024-11-08,20,0,,,,,,,,,,,,1.5,3.46,2025-12-31,SSB
2025-12-01 00:00:00,800010800354,80,DW,07,A,88,001,H  AYUNT TIZIMIN              ,2001-06-02 00:00:00,6,5A,ACTIVO,1,558,2870,2024-11-08,20,0,,,,,,,,,,,,1.5,3.46,2025-12-31,SSB
2025-12-01 00:00:00,799970200582,80,DW,06,D,01,001,MUNICIPIO DE BACALAR          ,1997-02-28 00:00:00,6,5A,ACTIVO,1,99324,502355,2024-12-26,1182,0,,,,,,,,,,,,267,264,2025-12-31,SSB
2025-12-01 00:00:00,800090201456,80,DW,07,A,90,001,H AYUNTAMIENTO DE TEMOZON     ,2008-11-03 00:00:00,6,5A,ACTIVO,1,312,1627,2024-08-07,11,0,,,,,,,,,,,,,,,SSB
2025-12-01 00:00:00,800750400015,80,DW,07,A,06,001,H AYUNT  SUCILA      Y070     ,1975-04-01 00:00:00, ,5A,ACTIVO,,,,2024-12-10,489,0,,,,,,,,,,,,34.100000000000001,40.310000000000002,2025-12-31,SSB
2025-12-01 00:00:00,800750400015,80,DW,07,A,06,001,H AYUNT  SUCILA      Y070     ,1975-04-01 00:00:00, ,5A,ACTIVO,1,12685,64200,2024-12-10,489,0,,,,,,,,,,,,34.100000000000001,40.310000000000002,2025-12-31,SSB
2025-12-01 00:00:00,800750400023,80,DW,07,A,07,001,H AYUNT  TIZIMIN     Y096     ,1975-04-01 00:00:00,6,5A,ACTIVO,,,,2024-10-29,61,0,,,,,,,,,,,,9,3.915,2025-12-31,SSB
2025-12-01 00:00:00,800750400023,80,DW,07,A,07,001,H AYUNT  TIZIMIN     Y096     ,1975-04-01 00:00:00,6,5A,ACTIVO,1,3348,16981,2024-10-29,61,0,,,,,,,,,,,,9,3.915,2025-12-31,SSB
2025-12-01 00:00:00,800750400031,80,DW,07,A,09,001,H AYUNT  TIZIMIN     Y096     ,1975-04-01 00:00:00,6,5A,ACTIVO,1,4018,20369,2024-10-25,206,0,,,,,,,,,,,,10.800000000000001,13.234999999999999,2025-12-31,SSB
2025-12-01 00:00:00,800801100445,80,DW,07,A,34,001,H AYUNT  TIZIMIN     Y096     ,1980-11-18 00:00:00,6,5A,ACTIVO,,,,2024-11-01,184,0,,,,,,,,,,,,8,19.824999999999999,2025-12-31,SSB
2025-12-01 00:00:00,800801100445,80,DW,07,A,34,001,H AYUNT  TIZIMIN     Y096     ,1980-11-18 00:00:00,6,5A,ACTIVO,1,2976,15099,2024-11-01,184,0,,,,,,,,,,,,8,19.824999999999999,2025-12-31,SSB
2025-12-01 00:00:00,800750400031,80,DW,07,A,09,001,H AYUNT  TIZIMIN     Y096     ,1975-04-01 00:00:00,6,5A,ACTIVO,,,,2024-10-25,206,0,,,,,,,,,,,,10.800000000000001,13.234999999999999,2025-12-31,SSB
2025-12-01 00:00:00,800750400040,80,DW,07,A,12,001,MUNICIPIO DE PANABA YUC Y057  ,1975-04-01 00:00:00, ,5A,ACTIVO,,,,2024-11-29,206,0,,,,,,,,,,,,15.1,18.600000000000001,2025-12-31,SSB
2025-12-01 00:00:00,800750400040,80,DW,07,A,12,001,MUNICIPIO DE PANABA YUC Y057  ,1975-04-01 00:00:00, ,5A,ACTIVO,1,5617,28455,2024-11-29,206,0,,,,,,,,,,,,15.1,18.600000000000001,2025-12-31,SSB
2025-12-01 00:00:00,800750400058,80,DW,07,A,13,001,H AYUNT  SN FELIPE   Y065     ,1975-04-01 00:00:00, ,5A,ACTIVO,,,,2024-11-07,208,0,,,,,,,,,,,,19.199999999999999,23.809999999999999,2025-12-31,SSB
2025-12-01 00:00:00,800811101059,80,DW,07,A,41,001,H AYUNT  TEMOZON     Y085     ,1981-11-17 00:00:00,6,5A,ACTIVO,1,2745,13931,2024-08-07,91,0,,,,,,,,,,,,,,,SSB
2025-12-01 00:00:00,800750400058,80,DW,07,A,13,001,H AYUNT  SN FELIPE   Y065     ,1975-04-01 00:00:00, ,5A,ACTIVO,1,7142,36168,2024-11-07,208,0,,,,,,,,,,,,19.199999999999999,23.809999999999999,2025-12-31,SSB
2025-12-01 00:00:00,800750400066,80,DW,07,A,14,001,MUNICIPIO DE CALOTMUL         ,1975-04-01 00:00:00, ,5A,ACTIVO,1,1042,5319,2024-12-13,105,0,,,,,,,,,,,,,,,SSB
2025-12-01 00:00:00,800750400074,80,DW,07,A,15,001,H AYUNT  TIZIMIN     Y096     ,1975-04-01 00:00:00,6,5A,ACTIVO,,,,2024-11-05,219,0,,,,,,,,,,,,10.699999999999999,13.385,2025-12-31,SSB
2025-12-01 00:00:00,800750400074,80,DW,07,A,15,001,H AYUNT  TIZIMIN     Y096     ,1975-04-01 00:00:00,6,5A,ACTIVO,1,3980,20177,2024-11-05,219,0,,,,,,,,,,,,10.699999999999999,13.385,2025-12-31,SSB
2025-12-01 00:00:00,800750400082,80,DW,07,A,17,001,H AYUNT  TIZIMIN     Y096     ,1975-04-01 00:00:00,6,5A,ACTIVO,1,2009,10209,2024-10-29,103,0,,,,,,,,,,,,5.4000000000000004,5.1550000000000002,2025-12-31,SSB
2025-12-01 00:00:00,800750400082,80,DW,07,A,17,001,H AYUNT  TIZIMIN     Y096     ,1975-04-01 00:00:00,6,5A,ACTIVO,,,,2024-10-29,103,0,,,,,,,,,,,,5.4000000000000004,5.1550000000000002,2025-12-31,SSB
2025-12-01 00:00:00,800750400091,80,DW,07,A,24,001,H AYUNT  TIZIMIN     Y096     ,1975-04-01 00:00:00,6,5A,ACTIVO,,,,2024-11-05,35,0,,,,,,,,,,,,2.2000000000000002,3.2549999999999999,2025-12-31,SSB
2025-12-01 00:00:00,800750400091,80,DW,07,A,24,001,H AYUNT  TIZIMIN     Y096     ,1975-04-01 00:00:00,6,5A,ACTIVO,1,818,4185,2024-11-05,35,0,,,,,,,,,,,,2.2000000000000002,3.2549999999999999,2025-12-31,SSB
2025-12-01 00:00:00,800830900370,80,DW,07,A,55,001,H AYUNT  TIZIMIN     Y096     ,1983-09-15 00:00:00,6,5A,ACTIVO,1,707,3624,2024-05-11,44,0,,,,,,,,,,,,1.8999999999999999,2.5049999999999999,2025-12-31,SSB
2025-12-01 00:00:00,800830900370,80,DW,07,A,55,001,H AYUNT  TIZIMIN     Y096     ,1983-09-15 00:00:00,6,5A,ACTIVO,,,,2024-05-11,44,0,,,,,,,,,,,,1.8999999999999999,2.5049999999999999,2025-12-31,SSB
2025-12-01 00:00:00,800840200686,80,DW,07,A,56,001,H AYUNT  CHEMAX      Y019     ,1984-02-13 00:00:00, ,5A,ACTIVO,1,4605,23337,2024-06-18,155,0,,,,,,,,,,,,,,,SSB
2025-12-01 00:00:00,800840301466,80,DW,07,A,57,001,MUNICIPIO DE PANABA YUC Y057  ,1984-03-08 00:00:00, ,5A,ACTIVO,1,3534,17921,2024-11-28,105,0,,,,,,,,,,,,9.5,13.880000000000001,2025-12-31,SSB
2025-12-01 00:00:00,800840301466,80,DW,07,A,57,001,MUNICIPIO DE PANABA YUC Y057  ,1984-03-08 00:00:00, ,5A,ACTIVO,,,,2024-11-28,105,0,,,,,,,,,,,,9.5,13.880000000000001,2025-12-31,SSB
2025-12-01 00:00:00,800840301474,80,DW,07,A,58,001,H AYUNT  TIZIMIN     Y096     ,1984-03-15 00:00:00,6,5A,ACTIVO,,,,2024-10-30,67,0,,,,,,,,,,,,3.6000000000000001,3.1949999999999998,2025-12-31,SSB
2025-12-01 00:00:00,800840301474,80,DW,07,A,58,001,H AYUNT  TIZIMIN     Y096     ,1984-03-15 00:00:00,6,5A,ACTIVO,1,1339,6821,2024-10-30,67,0,,,,,,,,,,,,3.6000000000000001,3.1949999999999998,2025-12-31,SSB
2025-12-01 00:00:00,800840301482,80,DW,07,A,59,001,H AYUNT  CHEMAX      Y019     ,1984-03-15 00:00:00, ,5A,ACTIVO,1,3527,17886,2024-06-18,88,0,,,,,,,,,,,,,,,SSB
2025-12-01 00:00:00,800850300760,80,DW,07,A,60,001,H AYUNT  BUCTZOTZ    Y006     ,1985-03-09 00:00:00, ,5A,ACTIVO,1,3371,17097,2024-12-01,62,0,,,,,,,,,,,,,,,SSB
2025-12-01 00:00:00,800750400104,80,DW,07,A,25,001,H AYUNT  TIZIMIN     Y096     ,1975-04-01 00:00:00,6,5A,ACTIVO,,,,2024-11-05,74,0,,,,,,,,,,,,5.5,4.6600000000000001,2025-12-31,SSB
2025-12-01 00:00:00,800750400104,80,DW,07,A,25,001,H AYUNT  TIZIMIN     Y096     ,1975-04-01 00:00:00,6,5A,ACTIVO,1,2046,10396,2024-11-05,74,0,,,,,,,,,,,,5.5,4.6600000000000001,2025-12-31,SSB
2025-12-01 00:00:00,800751101071,80,DW,07,A,04,001,MUNICIPIO DE PANABA YUC  Y057 ,1975-11-20 00:00:00, ,5A,ACTIVO,,,,2024-12-04,719,0,,,,,,,,,,,,46.600000000000001,75.030000000000001,2025-12-31,SSB
2025-12-01 00:00:00,800751101071,80,DW,07,A,04,001,MUNICIPIO DE PANABA YUC  Y057 ,1975-11-20 00:00:00, ,5A,ACTIVO,1,17335,87717,2024-12-04,719,0,,,,,,,,,,,,46.600000000000001,75.030000000000001,2025-12-31,SSB
2025-12-01 00:00:00,800771000246,80,DW,07,A,29,001,MUNICIPIO DE CALOTMUL         ,1977-10-17 00:00:00, ,5A,ACTIVO,1,878,4489,2024-12-13,73,0,,,,,,,,,,,,,,,SSB
2025-12-01 00:00:00,800800401085,80,DW,07,A,30,001,H AYUNT  TIZIMIN     Y096     ,1980-04-22 00:00:00,6,5A,ACTIVO,,,,2024-11-02,41,0,,,,,,,,,,,,2.1000000000000001,2.3599999999999999,2025-12-31,SSB
2025-12-01 00:00:00,800800401093,80,DW,07,A,31,001,H AYUNT  TIZIMIN     Y096     ,1980-04-22 00:00:00,6,5A,ACTIVO,,,,2024-11-02,32,0,,,,,,,,,,,,1.7,2.5600000000000001,2025-12-31,SSB
2025-12-01 00:00:00,800870401066,80,DW,07,A,05,001,H AYUNT TIZIMIN      Y096     ,1987-04-01 00:00:00,6,5A,ACTIVO,,,,2024-10-10,4295,0,,,,,,,,,,,,255.69999999999999,291.08999999999997,2025-12-31,SSB
2025-12-01 00:00:00,800870401066,80,DW,07,A,05,001,H AYUNT TIZIMIN      Y096     ,1987-04-01 00:00:00,6,5A,ACTIVO,1,95120,481094,2024-10-10,4295,0,,,,,,,,,,,,255.69999999999999,291.08999999999997,2025-12-31,SSB
2025-12-01 00:00:00,800871000651,80,DW,07,A,63,001,H AYUNT ESPITA       Y032     ,1987-10-30 00:00:00,6,5A,ACTIVO,1,3757,19049,2024-11-26,106,0,,,,,,,,,,,,,,,SSB
2025-12-01 00:00:00,800800401093,80,DW,07,A,31,001,H AYUNT  TIZIMIN     Y096     ,1980-04-22 00:00:00,6,5A,ACTIVO,1,632,3245,2024-11-02,32,0,,,,,,,,,,,,1.7,2.5600000000000001,2025-12-31,SSB
2025-12-01 00:00:00,800800401107,80,DW,07,A,32,001,H AYUNT  TIZIMIN     Y096     ,1980-04-16 00:00:00,6,5A,ACTIVO,1,5357,27140,2024-10-30,219,0,,,,,,,,,,,,14.4,11.285,2025-12-31,SSB
2025-12-01 00:00:00,800900301185,80,DW,07,A,02,001,MUNICIPIO DE ESPITA  Y032     ,1990-03-01 00:00:00,6,5A,ACTIVO,1,2353,11949,2023-11-08,23,0,,,,,,,,,,,,,,,SSB
2025-12-01 00:00:00,800800401107,80,DW,07,A,32,001,H AYUNT  TIZIMIN     Y096     ,1980-04-16 00:00:00,6,5A,ACTIVO,,,,2024-10-30,219,0,,,,,,,,,,,,14.4,11.285,2025-12-31,SSB
2025-12-01 00:00:00,800810402080,80,DW,07,A,38,001,H AYUNT  TIZIMIN     Y096     ,1981-04-08 00:00:00,6,5A,ACTIVO,1,1711,8702,2024-11-08,52,0,,,,,,,,,,,,4.5999999999999996,4.3449999999999998,2025-12-31,SSB
2025-12-01 00:00:00,800810402080,80,DW,07,A,38,001,H AYUNT  TIZIMIN     Y096     ,1981-04-08 00:00:00,6,5A,ACTIVO,,,,2024-11-08,52,0,,,,,,,,,,,,4.5999999999999996,4.3449999999999998,2025-12-31,SSB
2025-12-01 00:00:00,800810402101,80,DW,07,A,40,001,H AYUNT  TIZIMIN     Y096     ,1981-04-21 00:00:00,6,5A,ACTIVO,,,,2024-11-08,31,0,,,,,,,,,,,,2.1000000000000001,2.5099999999999998,2025-12-31,SSB
2025-12-01 00:00:00,800810402101,80,DW,07,A,40,001,H AYUNT  TIZIMIN     Y096     ,1981-04-21 00:00:00,6,5A,ACTIVO,1,781,3999,2024-11-08,31,0,,,,,,,,,,,,2.1000000000000001,2.5099999999999998,2025-12-31,SSB
2025-12-01 00:00:00,800800401085,80,DW,07,A,30,001,H AYUNT  TIZIMIN     Y096     ,1980-04-22 00:00:00,6,5A,ACTIVO,1,781,3999,2024-11-02,41,0,,,,,,,,,,,,2.1000000000000001,2.3599999999999999,2025-12-31,SSB
2025-12-01 00:00:00,800911001361,80,DW,07,A,05,001,ALUMBRADO PUBLICO    Y096     ,1991-10-01 00:00:00,6,5A,ACTIVO,1,1481,7539,2024-10-23,39,0,,,,,,,,,,,,,,,SSB
2025-12-01 00:00:00,800850500599,80,DW,07,A,10,001,H AYUNT RIO LAGARTOS Y061     ,1985-05-01 00:00:00, ,5A,ACTIVO,,,,2024-11-07,471,0,,,,,,,,,,,,35.899999999999999,44.579999999999998,2025-12-31,SSB
2025-12-01 00:00:00,800850600461,80,DW,07,A,61,001,H AYUNT  BUCTZOTZ    Y006     ,1985-06-30 00:00:00, ,5A,ACTIVO,1,1860,9456,2024-12-01,38,0,,,,,,,,,,,,,,,SSB
2025-12-01 00:00:00,800820602036,80,DW,07,A,42,001,H AYUNT  TIZIMIN     Y096     ,1982-06-01 00:00:00,6,5A,ACTIVO,1,558,2871,2024-10-28,29,0,,,,,,,,,,,,1.5,2.0049999999999999,2025-12-31,SSB
2025-12-01 00:00:00,800820602036,80,DW,07,A,42,001,H AYUNT  TIZIMIN     Y096     ,1982-06-01 00:00:00,6,5A,ACTIVO,,,,2024-10-28,29,0,,,,,,,,,,,,1.5,2.0049999999999999,2025-12-31,SSB
2025-12-01 00:00:00,800820602061,80,DW,07,A,45,001,H AYUNT  TIZIMIN     Y096     ,1982-06-01 00:00:00,6,5A,ACTIVO,,,,2024-11-08,34,0,,,,,,,,,,,,1.5,2.875,2025-12-31,SSB
2025-12-01 00:00:00,800820602061,80,DW,07,A,45,001,H AYUNT  TIZIMIN     Y096     ,1982-06-01 00:00:00,6,5A,ACTIVO,1,558,2871,2024-11-08,34,0,,,,,,,,,,,,1.5,2.875,2025-12-31,SSB
2025-12-01 00:00:00,800820602087,80,DW,07,A,47,001,H AYUNT  ESPITA      Y032     ,1982-06-01 00:00:00,6,5A,ACTIVO,1,4613,23378,2024-11-26,129,0,,,,,,,,,,,,,,,SSB
2025-12-01 00:00:00,800940200462,80,DW,07,A,79,001,H AYUNT TIZIMIN      YO96     ,1994-02-01 00:00:00,6,5A,ACTIVO,1,409,2118,2024-10-28,24,0,,,,,,,,,,,,1.1000000000000001,1.415,2025-12-31,SSB
2025-12-01 00:00:00,800940200462,80,DW,07,A,79,001,H AYUNT TIZIMIN      YO96     ,1994-02-01 00:00:00,6,5A,ACTIVO,,,,2024-10-28,24,0,,,,,,,,,,,,1.1000000000000001,1.415,2025-12-31,SSB
2025-12-01 00:00:00,800940200471,80,DW,07,A,80,001,H AYUNT TIZIMIN      YO96     ,1994-02-01 00:00:00,6,5A,ACTIVO,,,,2024-11-05,41,0,,,,,,,,,,,,1.3,3.4049999999999998,2025-12-31,SSB
2025-12-01 00:00:00,800940200471,80,DW,07,A,80,001,H AYUNT TIZIMIN      YO96     ,1994-02-01 00:00:00,6,5A,ACTIVO,1,484,2496,2024-11-05,41,0,,,,,,,,,,,,1.3,3.4049999999999998,2025-12-31,SSB
2025-12-01 00:00:00,800820900924,80,DW,07,A,48,001,MUNICIPIO DE CENOTILLO YUCATAN,1982-09-01 00:00:00, ,5A,ACTIVO,1,2604,13218,2024-12-01,103,0,,,,,,,,,,,,,,,SSB
2025-12-01 00:00:00,800820900932,80,DW,07,A,49,001,H AYUNT  ESPITA      Y032     ,1982-09-01 00:00:00,6,5A,ACTIVO,1,2009,10209,2024-11-13,62,0,,,,,,,,,,,,,,,SSB
2025-12-01 00:00:00,800820900941,80,DW,07,A,50,001,H AYUNT  ESPITA      Y032     ,1982-09-01 00:00:00,6,5A,ACTIVO,1,2567,13031,2024-11-13,80,0,,,,,,,,,,,,,,,SSB
2025-12-01 00:00:00,800951201398,80,DW,07,A,84,001,MUNICIPIO DE PANABA YUC Y057  ,1995-12-31 00:00:00, ,5A,ACTIVO,1,670,3437,2024-11-29,11,0,,,,,,,,,,,,1.8,2,2025-12-31,SSB
2025-12-01 00:00:00,800951201398,80,DW,07,A,84,001,MUNICIPIO DE PANABA YUC Y057  ,1995-12-31 00:00:00, ,5A,ACTIVO,,,,2024-11-29,11,0,,,,,,,,,,,,1.8,2,2025-12-31,SSB
2025-12-01 00:00:00,800850500564,80,DW,07,A,01,001,MUNICIPIO DE CALOTMUL         ,1985-05-01 00:00:00, ,5A,ACTIVO,1,6220,31505,2024-12-18,481,0,,,,,,,,,,,,,,,SSB
2025-12-01 00:00:00,800850500572,80,DW,07,A,02,001,H AYUNT  ESPITA      Y032     ,1985-05-01 00:00:00,6,5A,ACTIVO,1,49960,252709,2024-11-14,1188,0,,,,,,,,,,,,,,,SSB
2025-12-01 00:00:00,801010502252,80,DW,07,B,46,001,H AYUNT VALLADOLID Y102       ,2001-05-02 00:00:00,6,5A,ACTIVO,1,372,1930,2024-07-01,7,0,,,,,,,,,,,,,,,SSB
2025-12-01 00:00:00,801010502261,80,DW,07,B,61,001,H  AYUNT VALLADOLID Y102      ,2001-05-02 00:00:00,6,5A,ACTIVO,1,186,989,2024-08-01,3,0,,,,,,,,,,,,,,,SSB
2025-12-01 00:00:00,801010502287,80,DW,07,B,42,001,MUNICIPIO FELIPE CARRILLO PTO ,2001-05-02 00:00:00,6,5A,ACTIVO,1,130,706,2024-12-30,5,0,,,,,,,,,,,,,,,SSB
2025-12-01 00:00:00,801010502821,80,DW,07,B,38,001,H  AYUNT  VALLADOLID Y1020    ,2001-05-02 00:00:00,6,5A,ACTIVO,1,737,3776,2024-07-01,16,0,,,,,,,,,,,,,,,SSB
2025-12-01 00:00:00,801010502848,80,DW,07,B,67,001,H AYUNT CHICHIMILA Y0210      ,2001-05-02 00:00:00, ,5A,ACTIVO,1,320,1667,2024-08-13,10,0,,,,,,,,,,,,,,,SSB
2025-12-01 00:00:00,801010502856,80,DW,07,B,68,001,H AYUNT CHCIHIMILA Y0210      ,2001-05-02 00:00:00, ,5A,ACTIVO,1,952,4863,2024-08-13,43,0,,,,,,,,,,,,,,,SSB
2025-12-01 00:00:00,801010502864,80,DW,07,B,69,001,H AYUNT CHEMAX Y0190          ,2001-05-02 00:00:00, ,5A,ACTIVO,1,993,5071,2024-06-12,22,0,,,,,,,,,,,,,,,SSB
2025-12-01 00:00:00,801010502881,80,DW,07,B,76,001,MUNICIPIO FELIPE CARRILLO PTO ,2001-05-02 00:00:00,6,5A,ACTIVO,1,5807,29416,2024-12-30,93,0,,,,,,,,,,,,,,,SSB
2025-12-01 00:00:00,801020600244,80,DW,07,B,86,001,MUNICIPIO DE CHEMAX  YUCATAN  ,2002-06-01 00:00:00, ,02,ACTIVO,1,78,419,2024-12-01,202020,0,,,,,,,,,,,,,,,SSB
2025-12-01 00:00:00,800850500599,80,DW,07,A,10,001,H AYUNT RIO LAGARTOS Y061     ,1985-05-01 00:00:00, ,5A,ACTIVO,1,13355,67588,2024-11-07,471,0,,,,,,,,,,,,35.899999999999999,44.579999999999998,2025-12-31,SSB
2025-12-01 00:00:00,800920400911,80,DW,07,A,73,001,H AYUNT TIZIMIN      YO96     ,1992-04-30 00:00:00,6,5A,ACTIVO,,,,2024-11-01,26,0,,,,,,,,,,,,2.2000000000000002,2.23,2025-12-31,SSB
2025-12-01 00:00:00,800920400929,80,DW,07,A,74,001,H AYUNT ESPITA       YO32     ,1992-04-30 00:00:00,6,5A,ACTIVO,1,2604,13218,2024-11-27,38,0,,,,,,,,,,,,,,,SSB
2025-12-01 00:00:00,800870100686,80,DW,07,A,62,001,H AYUNT RIO LAGARTOS Y061     ,1987-01-31 00:00:00, ,5A,ACTIVO,1,3199,16227,2024-11-07,136,0,,,,,,,,,,,,8.5999999999999996,24.050000000000001,2025-12-31,SSB
2025-12-01 00:00:00,801130400771,38,DW,07,B,94,942,CANCHA MUNICIPAL              ,2013-04-09 00:00:00, ,02,ACTIVO,1,315,1647,,,0,,,,,,,,,,,,,,,GSC
2025-12-01 00:00:00,801190101951,80,DW,07,B,06,001,RED NACIONAL ULTIMA MILLA     ,2018-12-04 00:00:00,6,02,ACTIVO,1,6696,33194,2024-12-27,202020,0,,,,,,,,,,,,,,,SSB
2025-12-01 00:00:00,801200200538,80,DW,07,B,06,001,RED NACIONAL ULTIMA MILLA     ,2019-11-14 00:00:00,6,02,ACTIVO,1,446,2258,2024-12-27,202020,0,,,,,,,,,,,,,,,SSB
2025-12-01 00:00:00,801750400160,80,DW,07,B,04,001,H AYUNTAMIENTO TEMOZON Y0850  ,1975-04-01 00:00:00,6,5A,ACTIVO,,,,2024-08-02,774,0,,,,,,,,,,,,63.140000000000001,104.136,2025-12-31,SSB
2025-12-01 00:00:00,801750400160,80,DW,07,B,04,001,H AYUNTAMIENTO TEMOZON Y0850  ,1975-04-01 00:00:00,6,5A,ACTIVO,1,23488,118834,2024-08-02,774,0,,,,,,,,,,,,63.140000000000001,104.136,2025-12-31,SSB
2025-12-01 00:00:00,801750400178,80,DW,07,B,08,001,H AYUNT  VALLADOLID  Y102     ,1975-04-01 00:00:00,6,5A,ACTIVO,1,5323,26969,2024-07-26,133,0,,,,,,,,,,,,,,,SSB
2025-12-01 00:00:00,801750400208,80,DW,07,B,22,001,H AYUNT CHICHIMILA  Y0210     ,1975-04-01 00:00:00, ,5A,ACTIVO,1,13656,69110,2024-08-13,527,0,,,,,,,,,,,,,,,SSB
2025-12-01 00:00:00,801750400224,80,DW,07,B,25,001,MUNICIPIO TIXCACALCUPUL Y092  ,1975-04-01 00:00:00, ,5A,ACTIVO,1,12567,63604,2024-09-17,496,0,,,,,,,,,,,,,,,SSB
2025-12-01 00:00:00,801750400232,80,DW,07,B,28,001,H AYUNT  TEKOM   Y0810        ,1975-04-01 00:00:00, ,5A,ACTIVO,1,13124,66420,2024-08-15,415,0,,,,,,,,,,,,,,,SSB
2025-12-01 00:00:00,801750400241,80,DW,07,B,30,001,H AYUNT  VALLADOLID  Y102     ,1975-04-01 00:00:00,6,5A,ACTIVO,1,9560,48396,2024-07-01,207,0,,,,,,,,,,,,,,,SSB
2025-12-01 00:00:00,801750400259,80,DW,07,B,37,001,H AYUNT  VALLADOLID  Y102     ,1975-04-01 00:00:00,6,5A,ACTIVO,1,6938,35136,2024-07-26,186,0,,,,,,,,,,,,,,,SSB
2025-12-01 00:00:00,801750400275,80,DW,07,B,44,001,H AYUNT  VALLADOLID  Y102     ,1975-04-01 00:00:00,6,5A,ACTIVO,1,9586,48528,2024-07-22,292,0,,,,,,,,,,,,,,,SSB
2025-12-01 00:00:00,801750400291,80,DW,07,B,47,001,H AYUNT  VALLADOLID  Y102     ,1975-04-01 00:00:00,6,5A,ACTIVO,1,4695,23793,2024-07-29,174,0,,,,,,,,,,,,,,,SSB
2025-12-01 00:00:00,800870100686,80,DW,07,A,62,001,H AYUNT RIO LAGARTOS Y061     ,1987-01-31 00:00:00, ,5A,ACTIVO,,,,2024-11-07,136,0,,,,,,,,,,,,8.5999999999999996,24.050000000000001,2025-12-31,SSB
2025-12-01 00:00:00,800900201245,80,DW,07,A,65,001,H AYUNT DE TIZIMIN   Y096     ,1990-02-01 00:00:00,6,5A,ACTIVO,1,1042,5318,2024-10-29,59,0,,,,,,,,,,,,2.7999999999999998,3.73,2025-12-31,SSB
2025-12-01 00:00:00,800900201245,80,DW,07,A,65,001,H AYUNT DE TIZIMIN   Y096     ,1990-02-01 00:00:00,6,5A,ACTIVO,,,,2024-10-29,59,0,,,,,,,,,,,,2.7999999999999998,3.73,2025-12-31,SSB
2025-12-01 00:00:00,800900500528,80,DW,07,A,66,001,H AYUNT DE TIZIMIN   Y096     ,1990-05-23 00:00:00,6,5A,ACTIVO,1,521,2684,2024-08-11,35,0,,,,,,,,,,,,1.3999999999999999,1.655,2025-12-31,SSB
2025-12-01 00:00:00,800900500528,80,DW,07,A,66,001,H AYUNT DE TIZIMIN   Y096     ,1990-05-23 00:00:00,6,5A,ACTIVO,,,,2024-08-11,35,0,,,,,,,,,,,,1.3999999999999999,1.655,2025-12-31,SSB
2025-12-01 00:00:00,800900500536,80,DW,07,A,67,001,MUNICIPIO DE PANABA YUC Y057  ,1990-05-02 00:00:00, ,5A,ACTIVO,,,,2024-11-28,57,0,,,,,,,,,,,,1.1000000000000001,5.7400000000000002,2025-12-31,SSB
2025-12-01 00:00:00,800900500536,80,DW,07,A,67,001,MUNICIPIO DE PANABA YUC Y057  ,1990-05-02 00:00:00, ,5A,ACTIVO,1,409,2117,2024-11-28,57,0,,,,,,,,,,,,1.1000000000000001,5.7400000000000002,2025-12-31,SSB
2025-12-01 00:00:00,800900700586,80,DW,07,A,68,001,H AYUNT TIZIMIN      Y096     ,1990-07-16 00:00:00,6,5A,ACTIVO,1,558,2870,2024-11-08,23,0,,,,,,,,,,,,1.5,3.75,2025-12-31,SSB
2025-12-01 00:00:00,800900700586,80,DW,07,A,68,001,H AYUNT TIZIMIN      Y096     ,1990-07-16 00:00:00,6,5A,ACTIVO,,,,2024-11-08,23,0,,,,,,,,,,,,1.5,3.75,2025-12-31,SSB
2025-12-01 00:00:00,800920801222,80,DW,07,A,76,001,H AYUN CHEMAX        Y019     ,1992-08-26 00:00:00, ,5A,ACTIVO,1,2518,12783,2024-06-18,70,0,,,,,,,,,,,,,,,SSB
2025-12-01 00:00:00,800930300833,80,DW,07,A,77,001,H AYUNT TIZIMIN      YO96     ,1993-03-30 00:00:00,6,5A,ACTIVO,1,744,3811,2024-10-29,50,0,,,,,,,,,,,,2,2.7799999999999998,2025-12-31,SSB
2025-12-01 00:00:00,800930300833,80,DW,07,A,77,001,H AYUNT TIZIMIN      YO96     ,1993-03-30 00:00:00,6,5A,ACTIVO,,,,2024-10-29,50,0,,,,,,,,,,,,2,2.7799999999999998,2025-12-31,SSB
2025-12-01 00:00:00,800930400064,80,DW,07,A,78,001,H AYUNT ESPITA       YO32     ,1993-04-30 00:00:00,6,5A,ACTIVO,1,2009,10209,2024-11-24,57,0,,,,,,,,,,,,,,,SSB
2025-12-01 00:00:00,800950201025,80,DW,07,A,82,001,H  AYUNT TIZIMIN     YO96     ,1995-02-01 00:00:00,6,5A,ACTIVO,1,1376,7008,2024-10-30,74,0,,,,,,,,,,,,3.7000000000000002,2.9100000000000001,2025-12-31,SSB
2025-12-01 00:00:00,800950201025,80,DW,07,A,82,001,H  AYUNT TIZIMIN     YO96     ,1995-02-01 00:00:00,6,5A,ACTIVO,,,,2024-10-30,74,0,,,,,,,,,,,,3.7000000000000002,2.9100000000000001,2025-12-31,SSB
2025-12-01 00:00:00,800950201033,80,DW,07,A,83,001,H AYUNT ESPITA       YO32     ,1995-02-01 00:00:00,6,5A,ACTIVO,1,409,2117,2024-11-25,11,0,,,,,,,,,,,,,,,SSB
2025-12-01 00:00:00,801831100276,80,DW,07,B,85,001,H AYUNT  CHEMAX      Y019     ,1983-11-23 00:00:00, ,5A,ACTIVO,1,15524,78558,2024-06-19,396,0,,,,,,,,,,,,,,,SSB
2025-12-01 00:00:00,801831100284,80,DW,07,B,86,001,H AYUNT  CHEMAX      Y019     ,1983-11-23 00:00:00, ,5A,ACTIVO,1,4483,22720,2024-06-19,117,0,,,,,,,,,,,,,,,SSB
2025-12-01 00:00:00,801831100292,80,DW,07,B,87,001,H AYUNT  CHEMAX      Y019     ,1983-11-23 00:00:00, ,5A,ACTIVO,1,2024,10284,2024-06-19,65,0,,,,,,,,,,,,,,,SSB
2025-12-01 00:00:00,800920400911,80,DW,07,A,73,001,H AYUNT TIZIMIN      YO96     ,1992-04-30 00:00:00,6,5A,ACTIVO,1,818,4186,2024-11-01,26,0,,,,,,,,,,,,2.2000000000000002,2.23,2025-12-31,SSB
2025-12-01 00:00:00,801080302102,80,DW,07,B,49,001,H AYUNT  CHEMAX  Y0190        ,2008-03-04 00:00:00, ,5A,ACTIVO,1,580,2982,2024-06-12,12,0,,,,,,,,,,,,,,,SSB
2025-12-01 00:00:00,801080302196,80,DW,07,B,09,001,H AYUNT  CHEMAX  Y0190        ,2008-03-25 00:00:00, ,5A,ACTIVO,1,246,1293,2024-06-12,10,0,,,,,,,,,,,,,,,SSB
2025-12-01 00:00:00,801751000131,80,DW,07,B,50,001,H AYUNT  VALLADOLID  Y102     ,1975-10-03 00:00:00,6,5A,ACTIVO,1,9240,46778,2024-08-01,254,0,,,,,,,,,,,,,,,SSB
2025-12-01 00:00:00,801771000269,80,DW,07,B,55,001,H AYUNT  TEMOZON     Y085     ,1977-10-06 00:00:00,6,5A,ACTIVO,,,,2024-08-07,97,0,,,,,,,,,,,,9.1799999999999997,9.8300000000000001,2025-12-31,SSB
2025-12-01 00:00:00,801771000269,80,DW,07,B,55,001,H AYUNT  TEMOZON     Y085     ,1977-10-06 00:00:00,6,5A,ACTIVO,1,3415,17320,2024-08-07,97,0,,,,,,,,,,,,9.1799999999999997,9.8300000000000001,2025-12-31,SSB
2025-12-01 00:00:00,801771000277,80,DW,07,B,56,001,H AYUNT  TEMOZON     Y085     ,1977-10-06 00:00:00,6,5A,ACTIVO,,,,2024-08-08,329,0,,,,,,,,,,,,24.390000000000001,15.69,2025-12-31,SSB
2025-12-01 00:00:00,801771000277,80,DW,07,B,56,001,H AYUNT  TEMOZON     Y085     ,1977-10-06 00:00:00,6,5A,ACTIVO,1,9073,45933,2024-08-08,329,0,,,,,,,,,,,,24.390000000000001,15.69,2025-12-31,SSB
2025-12-01 00:00:00,801771100158,80,DW,07,B,58,001,H AYUNT  CHEMAX      Y019     ,1977-11-03 00:00:00, ,5A,ACTIVO,1,13574,68696,2024-06-12,298,0,,,,,,,,,,,,,,,SSB
2025-12-01 00:00:00,801800600297,80,DW,07,B,54,001,MUNICIPIO DE JOSE MA  MORELOS ,1980-06-16 00:00:00, ,5A,ACTIVO,1,3627,18391,2024-12-30,122,0,,,,,,,,,,,,,,,SSB
2025-12-01 00:00:00,800960300803,80,DW,07,A,86,001,H AYUNT TIZIMIN Y096          ,1996-03-31 00:00:00,6,5A,ACTIVO,,,,2024-10-30,23,0,,,,,,,,,,,,1.1000000000000001,1.6599999999999999,2025-12-31,SSB
2025-12-01 00:00:00,800960300803,80,DW,07,A,86,001,H AYUNT TIZIMIN Y096          ,1996-03-31 00:00:00,6,5A,ACTIVO,1,409,2118,2024-10-30,23,0,,,,,,,,,,,,1.1000000000000001,1.6599999999999999,2025-12-31,SSB
2025-12-01 00:00:00,801030400316,80,DW,07,B,04,001,AUDITORIO MUNICIPAL           ,2003-04-02 00:00:00,6,02,ACTIVO,1,458,2222,2024-12-30,202020,0,,,,,,,,,,,,,,,SSB
2025-12-01 00:00:00,801050801694,80,DW,07,B,58,001,MUNICIPIO DE CHEMAX  YUCATAN  ,2005-08-28 00:00:00, ,02,ACTIVO,1,27,177,2024-12-01,202020,0,,,,,,,,,,,,,,,SSB
2025-12-01 00:00:00,801820101173,80,DW,07,B,73,001,H AYUNT  VALLADOLID  Y102     ,1982-01-07 00:00:00,6,5A,ACTIVO,1,9497,48078,2024-07-24,297,0,,,,,,,,,,,,,,,SSB
2025-12-01 00:00:00,801830400128,80,DW,07,B,77,001,H AYUNT  VALLADOLID  Y102     ,1983-04-01 00:00:00,6,5A,ACTIVO,1,7473,37842,2024-07-30,274,0,,,,,,,,,,,,,,,SSB
2025-12-01 00:00:00,801900100895,80,DW,07,B,79,001,H AYUNT VALLADOLID   Y102     ,1990-01-01 00:00:00,6,5A,ACTIVO,1,893,4565,2024-07-30,36,0,,,,,,,,,,,,,,,SSB
2025-12-01 00:00:00,801900100909,80,DW,07,B,98,001,H AYUNT TEMOZON      Y085     ,1990-01-01 00:00:00,6,5A,ACTIVO,1,3095,15701,2024-08-06,71,0,,,,,,,,,,,,8.3200000000000003,3.4809999999999999,2025-12-31,SSB
2025-12-01 00:00:00,801900100909,80,DW,07,B,98,001,H AYUNT TEMOZON      Y085     ,1990-01-01 00:00:00,6,5A,ACTIVO,,,,2024-08-06,71,0,,,,,,,,,,,,8.3200000000000003,3.4809999999999999,2025-12-31,SSB
2025-12-01 00:00:00,801900100917,80,DW,07,B,99,001,H AYUNT TEMOZON      Y085     ,1990-01-01 00:00:00,6,5A,ACTIVO,,,,2024-08-08,77,0,,,,,,,,,,,,4.7599999999999998,5.4429999999999996,2025-12-31,SSB
2025-12-01 00:00:00,801900100917,80,DW,07,B,99,001,H AYUNT TEMOZON      Y085     ,1990-01-01 00:00:00,6,5A,ACTIVO,1,1771,9005,2024-08-08,77,0,,,,,,,,,,,,4.7599999999999998,5.4429999999999996,2025-12-31,SSB
2025-12-01 00:00:00,801830500386,80,DW,07,B,26,001,MUNICIPIO FELIPE CARRILLO PTO ,1983-05-01 00:00:00,6,5A,ACTIVO,1,13686,69262,2024-12-30,290,0,,,,,,,,,,,,,,,SSB
2025-12-01 00:00:00,801830500394,80,DW,07,B,27,001,MUNICIPIO FELIPE CARRILLO PTO ,1983-05-01 00:00:00,6,5A,ACTIVO,1,27104,137121,2024-12-30,515,0,,,,,,,,,,,,,,,SSB
2025-12-01 00:00:00,801830500408,80,DW,07,B,74,001,H AYUNT  CHEMAX      Y019     ,1983-05-01 00:00:00, ,5A,ACTIVO,1,4155,21062,2024-06-13,148,0,,,,,,,,,,,,,,,SSB
2025-12-01 00:00:00,801830500416,80,DW,07,B,75,001,H AYUNT  VALLADOLID  Y102     ,1983-05-01 00:00:00,6,5A,ACTIVO,1,5822,29492,2024-07-23,191,0,,,,,,,,,,,,,,,SSB
2025-12-01 00:00:00,801830500424,80,DW,07,B,80,001,H AYUNT CHICHIMILA  Y0210     ,1983-05-01 00:00:00, ,5A,ACTIVO,1,2976,15099,2024-08-13,84,0,,,,,,,,,,,,,,,SSB
2025-12-01 00:00:00,801830500432,80,DW,07,B,81,001,H AYUNT  TEMOZON     Y085     ,1983-05-01 00:00:00,6,5A,ACTIVO,,,,2024-08-08,87,0,,,,,,,,,,,,11.960000000000001,8.2249999999999996,2025-12-31,SSB
2025-12-01 00:00:00,801830500432,80,DW,07,B,81,001,H AYUNT  TEMOZON     Y085     ,1983-05-01 00:00:00,6,5A,ACTIVO,1,4449,22549,2024-08-08,87,0,,,,,,,,,,,,11.960000000000001,8.2249999999999996,2025-12-31,SSB
2025-12-01 00:00:00,801840201514,80,DW,07,B,70,001,H AYUNT  VALLADOLID  Y102     ,1984-02-01 00:00:00,6,5A,ACTIVO,1,2745,13931,2024-07-25,76,0,,,,,,,,,,,,,,,SSB
2025-12-01 00:00:00,801840201522,80,DW,07,B,72,001,H AYUNT  VALLADOLID  Y102     ,1984-02-01 00:00:00,6,5A,ACTIVO,1,7793,39460,2024-07-25,275,0,,,,,,,,,,,,,,,SSB
2025-12-01 00:00:00,801850400302,80,DW,07,B,40,001,H AYUNT  CHEMAX  Y0190        ,1985-04-30 00:00:00, ,5A,ACTIVO,1,45637,230847,2024-06-11,1485,0,,,,,,,,,,,,,,,SSB
2025-12-01 00:00:00,801940100316,80,DW,07,B,16,001,MUNICIPIO TIXCACALCUPUL Y092  ,1994-01-01 00:00:00, ,5A,ACTIVO,1,435,2248,2024-09-19,14,0,,,,,,,,,,,,,,,SSB
2025-12-01 00:00:00,801940100332,80,DW,07,B,18,001,MUNICIPIO TIXCACALCUPUL Y092  ,1994-01-01 00:00:00, ,5A,ACTIVO,1,1004,5127,2024-09-19,19,0,,,,,,,,,,,,,,,SSB
2025-12-01 00:00:00,801940100341,80,DW,07,B,29,001,H AYUNT CHICHIMILA  Y0210     ,1994-01-01 00:00:00, ,5A,ACTIVO,1,815,4171,2024-08-14,22,0,,,,,,,,,,,,,,,SSB
2025-12-01 00:00:00,801940100359,80,DW,07,B,78,001,H AYUNT VALLADOLID  Y102      ,1994-01-01 00:00:00,6,5A,ACTIVO,1,2615,13274,2024-07-30,74,0,,,,,,,,,,,,,,,SSB
2025-12-01 00:00:00,801960800527,80,DW,07,B,19,001,H AYUNT  VALLADOLID Y102      ,1996-08-01 00:00:00,6,5A,ACTIVO,1,1789,9096,2024-08-01,54,0,,,,,,,,,,,,,,,SSB
2025-12-01 00:00:00,801960800535,80,DW,07,B,20,001,H AYUNT TEMOZON Y085          ,1996-08-01 00:00:00,6,5A,ACTIVO,,,,2024-08-06,9,0,,,,,,,,,,,,0.68999999999999995,0.435,2025-12-31,SSB
2025-12-01 00:00:00,801960800535,80,DW,07,B,20,001,H AYUNT TEMOZON Y085          ,1996-08-01 00:00:00,6,5A,ACTIVO,1,257,1349,2024-08-06,9,0,,,,,,,,,,,,0.68999999999999995,0.435,2025-12-31,SSB
2025-12-01 00:00:00,801960800543,80,DW,07,B,23,001,H AYUNT  CHEMAX Y019          ,1996-08-01 00:00:00, ,5A,ACTIVO,1,2652,13461,2024-06-20,84,0,,,,,,,,,,,,,,,SSB
2025-12-01 00:00:00,801960800551,80,DW,07,B,31,001,H AYUNT CHEMAX       Y019     ,1996-08-01 00:00:00, ,5A,ACTIVO,1,1090,5561,2024-06-20,36,0,,,,,,,,,,,,,,,SSB
2025-12-01 00:00:00,801850600042,80,DW,07,B,88,001,MUNICIPIO FELIPE CARRILLO PTO ,1985-06-30 00:00:00,6,5A,ACTIVO,1,4527,22943,2024-12-30,88,0,,,,,,,,,,,,,,,SSB
2025-12-01 00:00:00,801850600051,80,DW,07,B,89,001,MUNICIPIO FELIPE CARRILLO PTO ,1985-06-30 00:00:00,6,5A,ACTIVO,1,1637,8328,2024-12-30,45,0,,,,,,,,,,,,,,,SSB
2025-12-01 00:00:00,801870100585,80,DW,07,B,92,001,H AYUNT CHICHIMILA Y0210      ,1987-01-30 00:00:00, ,5A,ACTIVO,1,3452,17507,2024-08-13,123,0,,,,,,,,,,,,,,,SSB
2025-12-01 00:00:00,801870200318,80,DW,07,B,84,001,H AYUNT VALLADOLID   Y102     ,1987-02-28 00:00:00,6,5A,ACTIVO,1,3980,20177,2024-07-23,125,0,,,,,,,,,,,,,,,SSB
2025-12-01 00:00:00,801870200326,80,DW,07,B,91,001,H AYUNT VALLADOLID   Y102     ,1987-02-28 00:00:00,6,5A,ACTIVO,1,5401,27363,2024-07-30,131,0,,,,,,,,,,,,,,,SSB
2025-12-01 00:00:00,801870401003,80,DW,07,B,06,001,H AYUNT VALLADOLID Y1020      ,1987-04-01 00:00:00,6,5A,ACTIVO,1,215465,1089710,2024-06-21,5082,0,,,,,,,,,,,,,,,SSB
2025-12-01 00:00:00,802010502275,80,DW,07,C,71,001,H AYUNT CHEMAX Y0190          ,2001-05-02 00:00:00, ,5A,ACTIVO,1,852,4358,2024-06-13,20,0,,,,,,,,,,,,,,,SSB
2025-12-01 00:00:00,802030300059,80,DW,07,C,52,001,H  AYUNTAMIENTO DE CHEMAX Y019,2003-01-31 00:00:00, ,5A,ACTIVO,1,1458,7422,2024-06-14,63,0,,,,,,,,,,,,,,,SSB
2025-12-01 00:00:00,801870401011,80,DW,07,B,82,001,H AYUNT CHICHIMILA Y0210      ,1987-04-30 00:00:00, ,5A,ACTIVO,1,1760,8950,2024-08-13,59,0,,,,,,,,,,,,,,,SSB
2025-12-01 00:00:00,801870401020,80,DW,07,B,90,001,MUNICIPIO FELIPE CARRILLO PTO ,1987-04-27 00:00:00,6,5A,ACTIVO,1,10182,51542,2024-12-30,138,0,,,,,,,,,,,,,,,SSB
2025-12-01 00:00:00,802050200034,80,DW,07,C,73,001,H AYUNT TIZIMIN      Y096     ,2004-11-01 00:00:00,6,5A,ACTIVO,,,,2024-11-07,43,0,,,,,,,,,,,,1.8999999999999999,2.29,2025-12-31,SSB
2025-12-01 00:00:00,802050200034,80,DW,07,C,73,001,H AYUNT TIZIMIN      Y096     ,2004-11-01 00:00:00,6,5A,ACTIVO,1,707,3624,2024-11-07,43,0,,,,,,,,,,,,1.8999999999999999,2.29,2025-12-31,SSB
2025-12-01 00:00:00,802050200042,80,DW,07,C,74,001,H AYUNT TIZIMIN   Y096        ,2004-11-01 00:00:00,6,5A,ACTIVO,,,,2024-11-07,9,0,,,,,,,,,,,,0.69999999999999996,0.505,2025-12-31,SSB
2025-12-01 00:00:00,802050200042,80,DW,07,C,74,001,H AYUNT TIZIMIN   Y096        ,2004-11-01 00:00:00,6,5A,ACTIVO,1,260,1363,2024-11-07,9,0,,,,,,,,,,,,0.69999999999999996,0.505,2025-12-31,SSB
2025-12-01 00:00:00,801870401071,80,DW,07,B,97,001,MUNICIPIO DE TULUM            ,1987-04-26 00:00:00, ,5A,ACTIVO,1,3910,19823,2024-12-30,80,0,,,,,,,,,,,,,,,SSB
2025-12-01 00:00:00,801870401038,80,DW,07,B,93,001,MUNICIPIO DE TULUM            ,1987-04-25 00:00:00, ,5A,ACTIVO,1,4639,23510,2024-12-30,93,0,,,,,,,,,,,,,,,SSB
2025-12-01 00:00:00,801870401046,80,DW,07,B,94,001,MUNICIPIO DE TULUM            ,1987-04-25 00:00:00, ,5A,ACTIVO,1,4810,24374,2024-12-30,179,0,,,,,,,,,,,,,,,SSB
2025-12-01 00:00:00,801870401054,80,DW,07,B,95,001,MUNICIPIO DE TULUM            ,1987-04-25 00:00:00, ,5A,ACTIVO,1,7979,40401,2024-12-30,123,0,,,,,,,,,,,,,,,SSB
2025-12-01 00:00:00,801870401062,80,DW,07,B,96,001,MUNICIPIO DE TULUM            ,1987-04-25 00:00:00, ,5A,ACTIVO,1,6540,33124,2024-12-30,68,0,,,,,,,,,,,,,,,SSB
2025-12-01 00:00:00,801991102381,80,DW,07,B,17,001,H AYUNT CHEMAX Y0190          ,1999-11-19 00:00:00, ,5A,ACTIVO,1,655,3362,2024-06-20,28,0,,,,,,,,,,,,,,,SSB
2025-12-01 00:00:00,801991102402,80,DW,07,B,33,001,H AYUNT VALLADOLID Y1020      ,1999-11-19 00:00:00,6,5A,ACTIVO,1,234,1232,2024-07-23,3,0,,,,,,,,,,,,,,,SSB
2025-12-01 00:00:00,801991102411,80,DW,07,B,34,001,H AYUNT VALLADOLID Y1020      ,1999-11-19 00:00:00,6,5A,ACTIVO,1,629,3229,2024-07-23,18,0,,,,,,,,,,,,,,,SSB
2025-12-01 00:00:00,802100800097,80,DW,07,C,83,001,H  AYUNT LAZARO CARDENAS      ,2010-07-29 00:00:00,6,5A,ACTIVO,1,1004,5127,2024-12-01,28,0,,,,,,,,,,,,,,,SSB
2025-12-01 00:00:00,801991102429,80,DW,07,B,35,001,H AYUNT VALLADOLID Y1020      ,1999-11-19 00:00:00,6,5A,ACTIVO,1,331,1722,2024-07-23,9,0,,,,,,,,,,,,,,,SSB
2025-12-01 00:00:00,801991102461,80,DW,07,B,41,001,H AYUNT CHICHIMILA  Y0210     ,1999-11-19 00:00:00, ,5A,ACTIVO,1,312,1626,2024-08-13,10,0,,,,,,,,,,,,,,,SSB
2025-12-01 00:00:00,801991102496,80,DW,07,B,57,001,H AYUNT VALLADOLID Y1020      ,1999-11-19 00:00:00,6,5A,ACTIVO,1,606,3113,2024-08-01,21,0,,,,,,,,,,,,,,,SSB
2025-12-01 00:00:00,801930700650,80,DW,07,B,01,001,H AYUNT TEMOZON      YO85     ,1993-07-01 00:00:00,6,5A,ACTIVO,,,,2024-08-08,79,0,,,,,,,,,,,,9.7300000000000004,8.1929999999999996,2025-12-31,SSB
2025-12-01 00:00:00,801930700650,80,DW,07,B,01,001,H AYUNT TEMOZON      YO85     ,1993-07-01 00:00:00,6,5A,ACTIVO,1,3620,18357,2024-08-08,79,0,,,,,,,,,,,,9.7300000000000004,8.1929999999999996,2025-12-31,SSB
2025-12-01 00:00:00,801930700668,80,DW,07,B,02,001,H AYUNT  VALLADOLID  Y102     ,1993-07-01 00:00:00,6,5A,ACTIVO,1,1440,7331,2024-07-01,44,0,,,,,,,,,,,,,,,SSB
2025-12-01 00:00:00,801930700676,80,DW,07,B,03,001,H AYUNT VALLADOLID   Y102     ,1993-07-01 00:00:00,6,5A,ACTIVO,1,937,4788,2024-08-01,25,0,,,,,,,,,,,,,,,SSB
2025-12-01 00:00:00,801930700684,80,DW,07,B,05,001,H AYUNT CHICHIMILA Y0210      ,1993-07-01 00:00:00, ,5A,ACTIVO,1,621,3189,2024-08-14,21,0,,,,,,,,,,,,,,,SSB
2025-12-01 00:00:00,801930700714,80,DW,07,B,13,001,H AYUNT TEMOZON Y085          ,1993-07-01 00:00:00,6,5A,ACTIVO,1,2318,11771,2024-08-08,55,0,,,,,,,,,,,,6.2300000000000004,3.75,2025-12-31,SSB
2025-12-01 00:00:00,801930700714,80,DW,07,B,13,001,H AYUNT TEMOZON Y085          ,1993-07-01 00:00:00,6,5A,ACTIVO,,,,2024-08-08,55,0,,,,,,,,,,,,6.2300000000000004,3.75,2025-12-31,SSB
2025-12-01 00:00:00,801930700731,80,DW,07,B,48,001,H AYUNT VALLADOLID   Y102     ,1993-07-01 00:00:00,6,5A,ACTIVO,1,692,3548,2024-07-01,19,0,,,,,,,,,,,,,,,SSB
2025-12-01 00:00:00,801930700749,80,DW,07,B,59,001,H AYUNT CHEMAX    Y019        ,1993-07-01 00:00:00, ,5A,ACTIVO,1,1328,6765,2024-06-12,21,0,,,,,,,,,,,,,,,SSB
2025-12-01 00:00:00,801930700757,80,DW,07,B,83,001,H AYUNT VALLADOLID   Y102     ,1993-07-01 00:00:00,6,5A,ACTIVO,1,2035,10340,2024-07-29,32,0,,,,,,,,,,,,,,,SSB
2025-12-01 00:00:00,802081000238,80,DW,07,C,81,001,H  AYUNT  LAZARO CARDENAS     ,2008-09-18 00:00:00,6,5A,ACTIVO,1,2593,13163,2024-12-28,70,0,,,,,,,,,,,,,,,SSB
2025-12-01 00:00:00,802090900063,80,DW,07,C,82,001,H  AYUNTAMIENTO DE CHEMAX Y019,2009-07-31 00:00:00, ,5A,ACTIVO,1,372,1931,2024-06-13,11,0,,,,,,,,,,,,,,,SSB
2025-12-01 00:00:00,802040600166,80,DW,07,C,72,001,H AYUNTAMIENTO TIZIMIN  Y096  ,2004-05-08 00:00:00,6,5A,ACTIVO,,,,2024-11-07,29,0,,,,,,,,,,,,1.1000000000000001,1.7549999999999999,2025-12-31,SSB
2025-12-01 00:00:00,802750400204,80,DW,07,C,33,001,H AYUNT  TIZIMIN     Y096     ,1975-04-01 00:00:00,6,5A,ACTIVO,1,372,1930,2024-11-06,22,0,,,,,,,,,,,,1,0.60999999999999999,2025-12-31,SSB
2025-12-01 00:00:00,802750400204,80,DW,07,C,33,001,H AYUNT  TIZIMIN     Y096     ,1975-04-01 00:00:00,6,5A,ACTIVO,,,,2024-11-06,22,0,,,,,,,,,,,,1,0.60999999999999999,2025-12-31,SSB
2025-12-01 00:00:00,802750400212,80,DW,07,C,35,001,H AYUNT  TIZIMIN     Y096     ,1975-04-01 00:00:00,6,5A,ACTIVO,,,,2024-11-06,31,0,,,,,,,,,,,,2,1.625,2025-12-31,SSB
2025-12-01 00:00:00,802750400212,80,DW,07,C,35,001,H AYUNT  TIZIMIN     Y096     ,1975-04-01 00:00:00,6,5A,ACTIVO,1,744,3811,2024-11-06,31,0,,,,,,,,,,,,2,1.625,2025-12-31,SSB
2025-12-01 00:00:00,802750400221,80,DW,07,C,36,001,H AYUNT  TIZIMIN     Y096     ,1975-04-01 00:00:00,6,5A,ACTIVO,,,,2024-11-06,42,0,,,,,,,,,,,,3.2000000000000002,2.29,2025-12-31,SSB
2025-12-01 00:00:00,802750400221,80,DW,07,C,36,001,H AYUNT  TIZIMIN     Y096     ,1975-04-01 00:00:00,6,5A,ACTIVO,1,1190,6067,2024-11-06,42,0,,,,,,,,,,,,3.2000000000000002,2.29,2025-12-31,SSB
2025-12-01 00:00:00,802040600166,80,DW,07,C,72,001,H AYUNTAMIENTO TIZIMIN  Y096  ,2004-05-08 00:00:00,6,5A,ACTIVO,1,409,2117,2024-11-07,29,0,,,,,,,,,,,,1.1000000000000001,1.7549999999999999,2025-12-31,SSB
2025-12-01 00:00:00,802050600351,80,DW,07,C,75,001,H AYUNTAM LAZARO CARDENAS     ,2005-06-01 00:00:00,6,5A,ACTIVO,1,1548,7878,2024-12-27,41,0,,,,,,,,,,,,,,,SSB
2025-12-01 00:00:00,802080300882,80,DW,07,C,76,001,H  AYUNTAMIENTO DE CHEMAX Y019,2008-03-01 00:00:00, ,5A,ACTIVO,1,357,1854,2024-06-13,15,0,,,,,,,,,,,,,,,SSB
2025-12-01 00:00:00,802780900571,80,DW,07,C,19,001,H AYUNT LAZARO CARDENAS       ,1978-09-16 00:00:00,6,5A,ACTIVO,1,9393,47552,2024-12-27,101,0,,,,,,,,,,,,,,,SSB
2025-12-01 00:00:00,802780900589,80,DW,07,C,21,001,H AYUNT LAZARO CARDENAS       ,1978-09-16 00:00:00,6,5A,ACTIVO,1,4732,23980,2024-12-27,64,0,,,,,,,,,,,,,,,SSB
2025-12-01 00:00:00,802790400045,80,DW,07,C,20,001,H AYUNT LAZARO CARDENAS       ,1979-04-06 00:00:00,6,5A,ACTIVO,1,4486,22736,2024-12-27,91,0,,,,,,,,,,,,,,,SSB
2025-12-01 00:00:00,802791100657,80,DW,07,C,01,001,H  AYUNT LAZARO CARDENAS      ,1979-11-01 00:00:00,6,5A,ACTIVO,1,5677,28759,2024-12-28,82,0,,,,,,,,,,,,,,,SSB
2025-12-01 00:00:00,802791100665,80,DW,07,C,02,001,H  AYUNT LAZARO CARDENAS      ,1979-11-01 00:00:00,6,5A,ACTIVO,1,5044,25558,2024-12-27,68,0,,,,,,,,,,,,,,,SSB
2025-12-01 00:00:00,802791100673,80,DW,07,C,06,001,H  AYUNT LAZARO CARDENAS      ,1979-11-01 00:00:00,6,5A,ACTIVO,1,2191,11130,2024-12-27,24,0,,,,,,,,,,,,,,,SSB
2025-12-01 00:00:00,802791100681,80,DW,07,C,22,001,H AYUNT LAZARO CARDENAS       ,1979-11-01 00:00:00,6,5A,ACTIVO,1,5513,27930,2024-12-27,52,0,,,,,,,,,,,,,,,SSB
2025-12-01 00:00:00,802080300912,80,DW,07,C,01,001,H  AYUNTAMIENTO DE CHEMAX Y019,2007-10-01 00:00:00, ,5A,ACTIVO,1,372,1930,2024-08-27,11,0,,,,,,,,,,,,,,,SSB
2025-12-01 00:00:00,802081000203,80,DW,07,C,78,001,H  AYUNT  LAZARO CARDERNAS    ,2008-09-01 00:00:00,6,5A,ACTIVO,1,889,4544,2024-12-28,18,0,,,,,,,,,,,,,,,SSB
2025-12-01 00:00:00,802810400446,80,DW,07,C,37,001,H AYUNT  TIZIMIN     Y096     ,1981-04-01 00:00:00,6,5A,ACTIVO,,,,2023-11-29,63,0,,,,,,,,,,,,3,3.21,2025-12-31,SSB
2025-12-01 00:00:00,802810400446,80,DW,07,C,37,001,H AYUNT  TIZIMIN     Y096     ,1981-04-01 00:00:00,6,5A,ACTIVO,1,1116,5693,2023-11-29,63,0,,,,,,,,,,,,3,3.21,2025-12-31,SSB
2025-12-01 00:00:00,802810402066,80,DW,07,C,57,001,H AYUNT  TIZIMIN     Y096     ,1981-04-13 00:00:00,6,5A,ACTIVO,1,1897,9642,2024-11-11,90,0,,,,,,,,,,,,5.0999999999999996,6.6299999999999999,2025-12-31,SSB
2025-12-01 00:00:00,802810402066,80,DW,07,C,57,001,H AYUNT  TIZIMIN     Y096     ,1981-04-13 00:00:00,6,5A,ACTIVO,,,,2024-11-11,90,0,,,,,,,,,,,,5.0999999999999996,6.6299999999999999,2025-12-31,SSB
2025-12-01 00:00:00,802810402074,80,DW,07,C,58,001,H AYUNT  TIZIMIN     Y096     ,1981-04-01 00:00:00,6,5A,ACTIVO,,,,2024-11-07,61,0,,,,,,,,,,,,3.7000000000000002,2.9550000000000001,2025-12-31,SSB
2025-12-01 00:00:00,802810402074,80,DW,07,C,58,001,H AYUNT  TIZIMIN     Y096     ,1981-04-01 00:00:00,6,5A,ACTIVO,1,1376,7007,2024-11-07,61,0,,,,,,,,,,,,3.7000000000000002,2.9550000000000001,2025-12-31,SSB
2025-12-01 00:00:00,802810402091,80,DW,07,C,59,001,H AYUNT  TIZIMIN     Y096     ,1981-04-01 00:00:00,6,5A,ACTIVO,1,1748,8889,2024-11-11,108,0,,,,,,,,,,,,4.7000000000000002,6.5049999999999999,2025-12-31,SSB
2025-12-01 00:00:00,802810402091,80,DW,07,C,59,001,H AYUNT  TIZIMIN     Y096     ,1981-04-01 00:00:00,6,5A,ACTIVO,,,,2024-11-11,108,0,,,,,,,,,,,,4.7000000000000002,6.5049999999999999,2025-12-31,SSB
2025-12-01 00:00:00,802811100985,80,DW,07,C,24,001,H AYUNT LAZARO CARDENAS       ,1981-11-02 00:00:00,6,5A,ACTIVO,1,2645,13425,2024-12-01,45,0,,,,,,,,,,,,,,,SSB
2025-12-01 00:00:00,802811100993,80,DW,07,C,25,001,H AYUNT LAZARO CARDENAS       ,1981-11-02 00:00:00,6,5A,ACTIVO,1,2850,14462,2024-12-28,40,0,,,,,,,,,,,,,,,SSB
2025-12-01 00:00:00,802811101001,80,DW,07,C,27,001,H AYUNT LAZARO CARDENAS       ,1981-11-02 00:00:00,6,5A,ACTIVO,1,3550,18002,2024-12-28,55,0,,,,,,,,,,,,,,,SSB
2025-12-01 00:00:00,802081000211,80,DW,07,C,79,001,H  AYUNT  LAZARO CARDENAS     ,2008-09-01 00:00:00,6,5A,ACTIVO,1,603,3099,2024-12-28,11,0,,,,,,,,,,,,,,,SSB
2025-12-01 00:00:00,802820602047,80,DW,07,C,60,001,H AYUNT  TIZIMIN     Y096     ,1982-06-01 00:00:00,6,5A,ACTIVO,1,595,3058,2024-11-04,35,0,,,,,,,,,,,,1.6000000000000001,1.46,2025-12-31,SSB
2025-12-01 00:00:00,802820602047,80,DW,07,C,60,001,H AYUNT  TIZIMIN     Y096     ,1982-06-01 00:00:00,6,5A,ACTIVO,,,,2024-11-04,35,0,,,,,,,,,,,,1.6000000000000001,1.46,2025-12-31,SSB
2025-12-01 00:00:00,802820602055,80,DW,07,C,65,001,H AYUNT  TIZIMIN     Y096     ,1982-06-01 00:00:00,6,5A,ACTIVO,,,,2024-11-07,28,0,,,,,,,,,,,,1.7,1.5349999999999999,2025-12-31,SSB
2025-12-01 00:00:00,802820602055,80,DW,07,C,65,001,H AYUNT  TIZIMIN     Y096     ,1982-06-01 00:00:00,6,5A,ACTIVO,1,632,3245,2024-11-07,28,0,,,,,,,,,,,,1.7,1.5349999999999999,2025-12-31,SSB
2025-12-01 00:00:00,802820602071,80,DW,07,C,66,001,H AYUNT  TIZIMIN     Y096     ,1982-06-01 00:00:00,6,5A,ACTIVO,,,,2024-11-07,35,0,,,,,,,,,,,,2.2000000000000002,3.0350000000000001,2025-12-31,SSB
2025-12-01 00:00:00,802820602071,80,DW,07,C,66,001,H AYUNT  TIZIMIN     Y096     ,1982-06-01 00:00:00,6,5A,ACTIVO,1,818,4186,2024-11-07,35,0,,,,,,,,,,,,2.2000000000000002,3.0350000000000001,2025-12-31,SSB
2025-12-01 00:00:00,802821000504,80,DW,07,C,38,001,H AYUNT  TIZIMIN     Y096     ,1982-10-15 00:00:00,6,5A,ACTIVO,1,372,1930,2024-11-06,34,0,,,,,,,,,,,,1,1.385,2025-12-31,SSB
2025-12-01 00:00:00,802821000504,80,DW,07,C,38,001,H AYUNT  TIZIMIN     Y096     ,1982-10-15 00:00:00,6,5A,ACTIVO,,,,2024-11-06,34,0,,,,,,,,,,,,1,1.385,2025-12-31,SSB
2025-12-01 00:00:00,802821000512,80,DW,07,C,39,001,H AYUNT  TIZIMIN     Y096     ,1982-10-15 00:00:00,6,5A,ACTIVO,,,,2024-11-06,30,0,,,,,,,,,,,,1.6000000000000001,1.5,2025-12-31,SSB
2025-12-01 00:00:00,802821000512,80,DW,07,C,39,001,H AYUNT  TIZIMIN     Y096     ,1982-10-15 00:00:00,6,5A,ACTIVO,1,595,3058,2024-11-06,30,0,,,,,,,,,,,,1.6000000000000001,1.5,2025-12-31,SSB
2025-12-01 00:00:00,802821000521,80,DW,07,C,40,001,H AYUNT  TIZIMIN     Y096     ,1982-10-15 00:00:00,6,5A,ACTIVO,1,1339,6820,2024-10-01,36,0,,,,,,,,,,,,3.6000000000000001,3.1349999999999998,2025-12-31,SSB
2025-12-01 00:00:00,802821000521,80,DW,07,C,40,001,H AYUNT  TIZIMIN     Y096     ,1982-10-15 00:00:00,6,5A,ACTIVO,,,,2024-10-01,36,0,,,,,,,,,,,,3.6000000000000001,3.1349999999999998,2025-12-31,SSB
2025-12-01 00:00:00,802821100169,80,DW,07,C,08,001,H  AYUNT LAZARO CARDENAS      ,1982-11-01 00:00:00,6,5A,ACTIVO,1,23574,119268,2024-12-28,274,0,,,,,,,,,,,,,,,SSB
2025-12-01 00:00:00,802821200139,80,DW,07,C,28,001,H AYUNT LAZARO CARDENAS       ,1982-12-02 00:00:00,6,5A,ACTIVO,1,4077,20667,2024-12-27,64,0,,,,,,,,,,,,,,,SSB
2025-12-01 00:00:00,802830400124,80,DW,07,C,32,001,H AYUNT  TIZIMIN     Y096     ,1983-04-01 00:00:00,6,5A,ACTIVO,1,595,3058,2024-11-05,28,0,,,,,,,,,,,,1.6000000000000001,0.56499999999999995,2025-12-31,SSB
2025-12-01 00:00:00,802830400124,80,DW,07,C,32,001,H AYUNT  TIZIMIN     Y096     ,1983-04-01 00:00:00,6,5A,ACTIVO,,,,2024-11-05,28,0,,,,,,,,,,,,1.6000000000000001,0.56499999999999995,2025-12-31,SSB
2025-12-01 00:00:00,802830900127,80,DW,07,C,34,001,H AYUNT  TIZIMIN     Y096     ,1983-09-01 00:00:00,6,5A,ACTIVO,,,,2024-11-06,19,0,,,,,,,,,,,,1.3999999999999999,1.1599999999999999,2025-12-31,SSB
2025-12-01 00:00:00,802830900127,80,DW,07,C,34,001,H AYUNT  TIZIMIN     Y096     ,1983-09-01 00:00:00,6,5A,ACTIVO,1,521,2683,2024-11-06,19,0,,,,,,,,,,,,1.3999999999999999,1.1599999999999999,2025-12-31,SSB
2025-12-01 00:00:00,802840100102,80,DW,07,C,26,001,H AYUNT LAZARO CARDENAS       ,1984-01-02 00:00:00,6,5A,ACTIVO,1,5308,26893,2024-12-28,81,0,,,,,,,,,,,,,,,SSB
2025-12-01 00:00:00,802850300177,80,DW,07,C,41,001,H AYUNTAMIENTO LAZARO CAR     ,1985-03-01 00:00:00,6,5A,ACTIVO,1,12830,64934,2024-12-27,215,0,,,,,,,,,,,,,,,SSB
2025-12-01 00:00:00,802850300185,80,DW,07,C,42,001,H AYUNT LAZARO CARDENAS       ,1985-03-01 00:00:00,6,5A,ACTIVO,1,21781,110201,2024-12-01,351,0,,,,,,,,,,,,,,,SSB
2025-12-01 00:00:00,802850500079,80,DW,07,C,18,001,H AYUNTAMIENTO LAZARO CAR     ,1985-05-01 00:00:00,6,5A,ACTIVO,1,58817,297502,2024-12-26,925,0,,,,,,,,,,,,,,,SSB
2025-12-01 00:00:00,802850500583,80,DW,07,C,53,001,H AYUNT  TIZIMIN     Y096     ,1985-05-01 00:00:00,6,5A,ACTIVO,1,4762,24132,2024-11-04,210,0,,,,,,,,,,,,12.800000000000001,12.715,2025-12-31,SSB
2025-12-01 00:00:00,802850500583,80,DW,07,C,53,001,H AYUNT  TIZIMIN     Y096     ,1985-05-01 00:00:00,6,5A,ACTIVO,,,,2024-11-04,210,0,,,,,,,,,,,,12.800000000000001,12.715,2025-12-31,SSB
2025-12-01 00:00:00,802911001372,80,DW,07,C,68,001,H AYUNT TIZIMIN      Y096     ,1991-10-25 00:00:00,6,5A,ACTIVO,,,,2024-07-11,78,0,,,,,,,,,,,,3.5,3.5150000000000001,2025-12-31,SSB
2025-12-01 00:00:00,802911001372,80,DW,07,C,68,001,H AYUNT TIZIMIN      Y096     ,1991-10-25 00:00:00,6,5A,ACTIVO,1,1302,6633,2024-07-11,78,0,,,,,,,,,,,,3.5,3.5150000000000001,2025-12-31,SSB
2025-12-01 00:00:00,802081000220,80,DW,07,C,80,001,H  AYUNT  LAZARO CARDENAS     ,2008-09-09 00:00:00,6,5A,ACTIVO,1,2169,11018,2024-12-01,59,0,,,,,,,,,,,,,,,SSB
2025-12-01 00:00:00,802750400191,80,DW,07,C,30,001,H AYUNT  TIZIMIN     Y096     ,1975-04-01 00:00:00,6,5A,ACTIVO,,,,2024-11-06,25,0,,,,,,,,,,,,1.8999999999999999,1.4650000000000001,2025-12-31,SSB
2025-12-01 00:00:00,802750400191,80,DW,07,C,30,001,H AYUNT  TIZIMIN     Y096     ,1975-04-01 00:00:00,6,5A,ACTIVO,1,707,3624,2024-11-06,25,0,,,,,,,,,,,,1.8999999999999999,1.4650000000000001,2025-12-31,SSB
2025-12-01 00:00:00,802750400077,80,DW,07,C,03,001,H AYUNT CHEMAX       Y019     ,1975-04-01 00:00:00, ,5A,ACTIVO,1,21669,109634,2024-06-17,565,0,,,,,,,,,,,,,,,SSB
2025-12-01 00:00:00,802750400085,80,DW,07,C,05,001,H  AYUNT LAZARO CARDENAS      ,1975-04-01 00:00:00,6,5A,ACTIVO,1,10301,52144,2024-12-27,189,0,,,,,,,,,,,,,,,SSB
2025-12-01 00:00:00,802750400093,80,DW,07,C,09,001,H AYUNT TIZIMIN      Y096     ,1975-04-01 00:00:00,6,5A,ACTIVO,1,4613,23378,2024-10-01,315,0,,,,,,,,,,,,12.4,17.859999999999999,2025-12-31,SSB
2025-12-01 00:00:00,802750400093,80,DW,07,C,09,001,H AYUNT TIZIMIN      Y096     ,1975-04-01 00:00:00,6,5A,ACTIVO,,,,2024-10-01,315,0,,,,,,,,,,,,12.4,17.859999999999999,2025-12-31,SSB
2025-12-01 00:00:00,802760900043,80,DW,07,C,55,001,H AYUNT  TIZIMIN     Y096     ,1976-09-20 00:00:00,6,5A,ACTIVO,1,2716,13784,2024-11-04,87,0,,,,,,,,,,,,7.2999999999999998,3.6349999999999998,2025-12-31,SSB
2025-12-01 00:00:00,802760900043,80,DW,07,C,55,001,H AYUNT  TIZIMIN     Y096     ,1976-09-20 00:00:00,6,5A,ACTIVO,,,,2024-11-04,87,0,,,,,,,,,,,,7.2999999999999998,3.6349999999999998,2025-12-31,SSB
2025-12-01 00:00:00,802771100065,80,DW,07,C,04,001,H  AYUNT LAZARO CARDENAS      ,1977-11-03 00:00:00,6,5A,ACTIVO,1,11130,56336,2024-12-27,152,0,,,,,,,,,,,,,,,SSB
2025-12-01 00:00:00,802800501431,80,DW,07,C,56,001,H AYUNT  TIZIMIN     Y096     ,1980-05-31 00:00:00,6,5A,ACTIVO,,,,2024-12-11,217,0,,,,,,,,,,,,12.300000000000001,14.635,2025-12-31,SSB
2025-12-01 00:00:00,802750400107,80,DW,07,C,10,001,H  AYUNT LAZARO CARDENAS      ,1975-04-01 00:00:00,6,5A,ACTIVO,1,9222,46687,2024-12-01,139,0,,,,,,,,,,,,,,,SSB
2025-12-01 00:00:00,802750400115,80,DW,07,C,11,001,H  AYUNT LAZARO CARDENAS      ,1975-04-01 00:00:00,6,5A,ACTIVO,1,23775,120285,2024-12-27,282,0,,,,,,,,,,,,,,,SSB
2025-12-01 00:00:00,802750400123,80,DW,07,C,12,001,H  AYUNT LAZARO CARDENAS      ,1975-04-01 00:00:00,6,5A,ACTIVO,1,3566,18083,2024-12-01,52,0,,,,,,,,,,,,,,,SSB
2025-12-01 00:00:00,802750400131,80,DW,07,C,13,001,H  AYUNT LAZARO CARDENAS      ,1975-04-01 00:00:00,6,5A,ACTIVO,1,3364,17062,2024-12-01,91,0,,,,,,,,,,,,,,,SSB
2025-12-01 00:00:00,802750400140,80,DW,07,C,14,001,H AYUNT LAZARO CARDENAS       ,1975-04-01 00:00:00,6,5A,ACTIVO,1,6927,35080,2024-12-01,82,0,,,,,,,,,,,,,,,SSB
2025-12-01 00:00:00,802750400158,80,DW,07,C,15,001,H  AYUNT LAZARO CARDENAS      ,1975-04-01 00:00:00,6,5A,ACTIVO,1,12581,63674,2024-12-01,188,0,,,,,,,,,,,,,,,SSB
2025-12-01 00:00:00,802750400166,80,DW,07,C,16,001,H  AYUNT LAZARO CARDENAS      ,1975-04-01 00:00:00,6,5A,ACTIVO,1,8180,41417,2024-12-01,110,0,,,,,,,,,,,,,,,SSB
2025-12-01 00:00:00,802750400174,80,DW,07,C,17,001,H AYUN LAZARO CARDENAS        ,1975-04-01 00:00:00,6,5A,ACTIVO,1,9084,45989,2024-12-27,130,0,,,,,,,,,,,,,,,SSB
2025-12-01 00:00:00,802750400182,80,DW,07,C,29,001,H AYUNT  TIZIMIN     Y096     ,1975-04-01 00:00:00,6,5A,ACTIVO,1,223,1176,2024-11-06,16,0,,,,,,,,,,,,0.59999999999999998,1.1200000000000001,2025-12-31,SSB
2025-12-01 00:00:00,802800501431,80,DW,07,C,56,001,H AYUNT  TIZIMIN     Y096     ,1980-05-31 00:00:00,6,5A,ACTIVO,1,4576,23191,2024-12-11,217,0,,,,,,,,,,,,12.300000000000001,14.635,2025-12-31,SSB
2025-12-01 00:00:00,802960100408,80,DW,07,C,48,001,H AYUNT TIZIMIN Y096          ,1996-01-01 00:00:00,6,5A,ACTIVO,1,446,2304,2024-11-06,11,0,,,,,,,,,,,,,,,SSB
2025-12-01 00:00:00,802980602108,80,DW,07,C,64,001,H AYUNT TIZIMIN    Y096       ,1998-06-30 00:00:00,6,5A,ACTIVO,,,,2024-11-07,45,0,,,,,,,,,,,,2.5,2.0699999999999998,2025-12-31,SSB
2025-12-01 00:00:00,802980602108,80,DW,07,C,64,001,H AYUNT TIZIMIN    Y096       ,1998-06-30 00:00:00,6,5A,ACTIVO,1,930,4752,2024-11-07,45,0,,,,,,,,,,,,2.5,2.0699999999999998,2025-12-31,SSB
2025-12-01 00:00:00,802991102336,80,DW,07,C,70,001,H AYUNT CHEMAX Y0190          ,1999-11-19 00:00:00, ,5A,ACTIVO,1,1209,6163,2024-06-13,28,0,,,,,,,,,,,,,,,SSB
2025-12-01 00:00:00,802991102352,80,DW,07,C,69,001,H AYUNT CHEMAX Y0190          ,1999-11-19 00:00:00, ,5A,ACTIVO,1,1380,7028,2024-06-13,41,0,,,,,,,,,,,,,,,SSB
2025-12-01 00:00:00,802820200232,80,DW,07,C,23,001,H AYUNT LAZARO CARDENAS       ,1982-02-01 00:00:00,6,5A,ACTIVO,1,2024,10284,2024-12-01,55,0,,,,,,,,,,,,,,,SSB
2025-12-01 00:00:00,802750400182,80,DW,07,C,29,001,H AYUNT  TIZIMIN     Y096     ,1975-04-01 00:00:00,6,5A,ACTIVO,,,,2024-11-06,16,0,,,,,,,,,,,,0.59999999999999998,1.1200000000000001,2025-12-31,SSB
2025-12-01 00:00:00,802911101229,80,DW,07,C,62,001,H AYUNT TIZIMIN      YO96     ,1991-11-30 00:00:00,6,5A,ACTIVO,,,,2024-11-07,17,0,,,,,,,,,,,,0.90000000000000002,0.86499999999999999,2025-12-31,SSB
2025-12-01 00:00:00,803001055980,80,DW,07,D,40,001,MUNICIPIO DE CUNCUNUL Y0140   ,2000-10-02 00:00:00, ,5A,ACTIVO,1,153,823,2024-08-20,19,0,,,,,,,,,,,,,,,SSB
2025-12-01 00:00:00,802911101229,80,DW,07,C,62,001,H AYUNT TIZIMIN      YO96     ,1991-11-30 00:00:00,6,5A,ACTIVO,1,335,1743,2024-11-07,17,0,,,,,,,,,,,,0.90000000000000002,0.86499999999999999,2025-12-31,SSB
2025-12-01 00:00:00,802911101211,80,DW,07,C,67,001,H AYUNTAMIENTO TIZIM Y096     ,1991-11-30 00:00:00,6,5A,ACTIVO,1,707,3625,2024-11-07,36,0,,,,,,,,,,,,1.8999999999999999,3.0899999999999999,2025-12-31,SSB
2025-12-01 00:00:00,802911101211,80,DW,07,C,67,001,H AYUNTAMIENTO TIZIM Y096     ,1991-11-30 00:00:00,6,5A,ACTIVO,,,,2024-11-07,36,0,,,,,,,,,,,,1.8999999999999999,3.0899999999999999,2025-12-31,SSB
2025-12-01 00:00:00,803080600025,80,DW,07,D,65,001,MUNICIPIO DE CHANKOM YUCATAN  ,2008-05-15 00:00:00, ,5A,ACTIVO,1,558,2871,2024-08-21,12,0,,,,,,,,,,,,,,,SSB
2025-12-01 00:00:00,802920400905,80,DW,07,C,61,001,H AYUN TIZIMIN       YO96     ,1992-04-30 00:00:00,6,5A,ACTIVO,,,,2024-11-11,87,0,,,,,,,,,,,,5.7000000000000002,2.9550000000000001,2025-12-31,SSB
2025-12-01 00:00:00,802920400905,80,DW,07,C,61,001,H AYUN TIZIMIN       YO96     ,1992-04-30 00:00:00,6,5A,ACTIVO,1,2120,10770,2024-11-11,87,0,,,,,,,,,,,,5.7000000000000002,2.9550000000000001,2025-12-31,SSB
2025-12-01 00:00:00,802930100012,80,DW,07,C,43,001,H AYUNT TIZIMIN      YO96     ,1993-01-01 00:00:00,6,5A,ACTIVO,,,,2024-11-01,32,0,,,,,,,,,,,,1.7,1.665,2025-12-31,SSB
2025-12-01 00:00:00,802930100012,80,DW,07,C,43,001,H AYUNT TIZIMIN      YO96     ,1993-01-01 00:00:00,6,5A,ACTIVO,1,632,3245,2024-11-01,32,0,,,,,,,,,,,,1.7,1.665,2025-12-31,SSB
2025-12-01 00:00:00,802930100021,80,DW,07,C,44,001,H AYUNT TIZIMIN      YO96     ,1993-01-01 00:00:00,6,5A,ACTIVO,1,707,3625,2024-10-01,28,0,,,,,,,,,,,,1.8999999999999999,1.8899999999999999,2025-12-31,SSB
2025-12-01 00:00:00,802930100021,80,DW,07,C,44,001,H AYUNT TIZIMIN      YO96     ,1993-01-01 00:00:00,6,5A,ACTIVO,,,,2024-10-01,28,0,,,,,,,,,,,,1.8999999999999999,1.8899999999999999,2025-12-31,SSB
2025-12-01 00:00:00,802930100039,80,DW,07,C,45,001,H AYUNT TIZIMIN      YO96     ,1993-01-01 00:00:00,6,5A,ACTIVO,,,,2024-11-06,18,0,,,,,,,,,,,,0.40000000000000002,1.5249999999999999,2025-12-31,SSB
2025-12-01 00:00:00,802930100039,80,DW,07,C,45,001,H AYUNT TIZIMIN      YO96     ,1993-01-01 00:00:00,6,5A,ACTIVO,1,149,802,2024-11-06,18,0,,,,,,,,,,,,0.40000000000000002,1.5249999999999999,2025-12-31,SSB
2025-12-01 00:00:00,802930300011,80,DW,07,C,46,001,H AYUNT TIZIMIN      YO96     ,1993-03-01 00:00:00,6,5A,ACTIVO,,,,2024-10-01,46,0,,,,,,,,,,,,2.5,2.9550000000000001,2025-12-31,SSB
2025-12-01 00:00:00,802930300011,80,DW,07,C,46,001,H AYUNT TIZIMIN      YO96     ,1993-03-01 00:00:00,6,5A,ACTIVO,1,930,4752,2024-10-01,46,0,,,,,,,,,,,,2.5,2.9550000000000001,2025-12-31,SSB
2025-12-01 00:00:00,802930300020,80,DW,07,C,47,001,H AYUNT TIZIMIN    Y096       ,1993-03-01 00:00:00,6,5A,ACTIVO,,,,2024-10-01,31,0,,,,,,,,,,,,1,1.1399999999999999,2025-12-31,SSB
2025-12-01 00:00:00,802930300020,80,DW,07,C,47,001,H AYUNT TIZIMIN    Y096       ,1993-03-01 00:00:00,6,5A,ACTIVO,1,372,1930,2024-10-01,31,0,,,,,,,,,,,,1,1.1399999999999999,2025-12-31,SSB
2025-12-01 00:00:00,803040100691,80,DW,07,D,31,001,MUNICIPIO DE TINUM YUCATAN    ,2003-09-10 00:00:00, ,5A,ACTIVO,1,302,1576,2024-09-06,10,0,,,,,,,,,,,,,,,SSB
2025-12-01 00:00:00,802940200481,80,DW,07,C,63,001,H AYUNTAMIENTO  Y096          ,1994-02-01 00:00:00,6,5A,ACTIVO,1,149,802,2024-11-07,9,0,,,,,,,,,,,,0.40000000000000002,0.26000000000000001,2025-12-31,SSB
2025-12-01 00:00:00,803760600119,80,DW,07,D,44,001,MUNICIPIO DE TIXCACALCUPUL Y09,1976-06-06 00:00:00, ,5A,ACTIVO,1,8586,43471,2024-09-18,202,0,,,,,,,,,,,,,,,SSB
2025-12-01 00:00:00,803790900192,80,DW,07,D,58,001,H AYUNT TEKOM  Y0810          ,1979-09-19 00:00:00, ,5A,ACTIVO,1,1269,6467,2024-08-16,41,0,,,,,,,,,,,,,,,SSB
2025-12-01 00:00:00,803791000314,80,DW,07,D,11,001,MUNICIPIO DE CHANKOM YUCATAN  ,1979-10-12 00:00:00, ,5A,ACTIVO,1,3378,17133,2024-08-22,49,0,,,,,,,,,,,,,,,SSB
2025-12-01 00:00:00,802940200481,80,DW,07,C,63,001,H AYUNTAMIENTO  Y096          ,1994-02-01 00:00:00,6,5A,ACTIVO,,,,2024-11-07,9,0,,,,,,,,,,,,0.40000000000000002,0.26000000000000001,2025-12-31,SSB
2025-12-01 00:00:00,803800200089,80,DW,07,D,13,001,MUNICIPIO DE CHANKOM YUCATAN  ,1980-02-29 00:00:00, ,5A,ACTIVO,1,3597,18240,2024-08-22,78,0,,,,,,,,,,,,,,,SSB
2025-12-01 00:00:00,803800200453,80,DW,07,D,48,001,MUNICIPIO TIXCACALCUPUL Y092  ,1980-02-29 00:00:00, ,5A,ACTIVO,1,2403,12201,2024-09-18,101,0,,,,,,,,,,,,,,,SSB
2025-12-01 00:00:00,803800200461,80,DW,07,D,49,001,MUNICICPIO TIXCACALCUPUL Y092 ,1980-02-29 00:00:00, ,5A,ACTIVO,1,1845,9379,2024-09-19,65,0,,,,,,,,,,,,,,,SSB
2025-12-01 00:00:00,803800200470,80,DW,07,D,46,001,MUNICIPIO DE TIXCACALCUPUL 092,1980-02-29 00:00:00, ,5A,ACTIVO,1,2440,12389,2024-09-18,101,0,,,,,,,,,,,,,,,SSB
2025-12-01 00:00:00,803800700057,80,DW,07,D,14,001,MUNICIPIO DE CHANKOM YUCATAN  ,1980-07-15 00:00:00, ,5A,ACTIVO,1,5771,29234,2024-08-21,105,0,,,,,,,,,,,,,,,SSB
2025-12-01 00:00:00,803800900021,80,DW,07,D,15,001,MUNICIPIO DE CHANKOM YUCATAN  ,1980-09-11 00:00:00, ,5A,ACTIVO,1,3869,19615,2024-08-21,86,0,,,,,,,,,,,,,,,SSB
2025-12-01 00:00:00,803810600239,80,DW,07,D,16,001,MUNICIPIO DE YAXCABA YUCATAN  ,1981-06-07 00:00:00, ,5A,ACTIVO,1,1886,9587,2024-09-25,45,0,,,,,,,,,,,,,,,SSB
2025-12-01 00:00:00,803820100145,80,DW,07,D,19,001,MUNICIPIO DE CHANKOM YUCATAN  ,1982-01-07 00:00:00, ,5A,ACTIVO,1,453,2340,2024-08-21,25,0,,,,,,,,,,,,,,,SSB
2025-12-01 00:00:00,802950100230,80,DW,07,C,49,001,H AYUNT CHEMAX       Y019     ,1995-01-01 00:00:00, ,5A,ACTIVO,1,1376,7008,2024-06-13,48,0,,,,,,,,,,,,,,,SSB
2025-12-01 00:00:00,802950200153,80,DW,07,C,50,001,H AYUNT CHEMAX   Y019         ,1995-02-02 00:00:00, ,5A,ACTIVO,1,811,4151,2024-06-14,24,0,,,,,,,,,,,,,,,SSB
2025-12-01 00:00:00,803831200010,80,DW,07,D,03,001,MUNICIPIO DE TINUM YUCATAN    ,1983-12-31 00:00:00, ,5A,ACTIVO,1,34886,176476,2024-09-12,895,0,,,,,,,,,,,,,,,SSB
2025-12-01 00:00:00,803831200028,80,DW,07,D,05,001,MUNICIPIO DE DZITAS YUCATAN   ,1983-12-31 00:00:00, ,5A,ACTIVO,1,11852,59988,2024-08-29,557,0,,,,,,,,,,,,,,,SSB
2025-12-01 00:00:00,803840200031,80,DW,07,D,17,001,MUNICIPIO DE YAXCABA YUCATAN  ,1984-02-01 00:00:00, ,5A,ACTIVO,1,2848,14452,2024-09-25,107,0,,,,,,,,,,,,,,,SSB
2025-12-01 00:00:00,803840200049,80,DW,07,D,18,001,MUNICIPIO DE YAXCABA YUCATAN  ,1984-02-01 00:00:00, ,5A,ACTIVO,1,3690,18710,2024-09-25,107,0,,,,,,,,,,,,,,,SSB
2025-12-01 00:00:00,802950200161,80,DW,07,C,51,001,H AYUNTAM CHEMAX Y019         ,1995-02-01 00:00:00, ,5A,ACTIVO,1,1603,8155,2024-06-13,46,0,,,,,,,,,,,,,,,SSB
2025-12-01 00:00:00,803880600252,80,DW,07,D,23,001,MUNICIPIO DE CHIKINDZONOT     ,1988-06-30 00:00:00, ,5A,ACTIVO,1,1860,9456,2024-09-23,21,0,,,,,,,,,,,,,,,SSB
2025-12-01 00:00:00,803880600261,80,DW,07,D,24,001,MUNICIPIO DE CHANKOM YUCATAN  ,1988-06-30 00:00:00, ,5A,ACTIVO,1,2351,11938,2024-08-22,30,0,,,,,,,,,,,,,,,SSB
2025-12-01 00:00:00,803900100880,80,DW,07,D,57,001,MUNICIPIO DE CUNCUNUL Y0140   ,1990-01-01 00:00:00, ,5A,ACTIVO,1,629,3230,2024-08-20,34,0,,,,,,,,,,,,,,,SSB
2025-12-01 00:00:00,803900400140,80,DW,07,D,25,001,MUNICIPIO DE CHANKOM YUCATAN  ,1990-04-01 00:00:00, ,5A,ACTIVO,1,1151,5870,2024-08-22,26,0,,,,,,,,,,,,,,,SSB
2025-12-01 00:00:00,803900400158,80,DW,07,D,26,001,MUNICIPIO DE CHANKOM YUCATAN  ,1990-04-01 00:00:00, ,5A,ACTIVO,1,2217,11261,2024-08-22,51,0,,,,,,,,,,,,,,,SSB
2025-12-01 00:00:00,803000656564,80,DW,07,D,39,001,MUNICIPIO DE DZITAS YUCATAN   ,2000-06-01 00:00:00, ,5A,ACTIVO,1,1540,7837,2024-08-29,11,0,,,,,,,,,,,,,,,SSB
2025-12-01 00:00:00,803000656572,80,DW,07,D,28,001,MUNICIPIO DE TINUM YUCATAN    ,2000-06-01 00:00:00, ,5A,ACTIVO,1,930,4752,2024-09-06,24,0,,,,,,,,,,,,,,,SSB
2025-12-01 00:00:00,803000656581,80,DW,07,D,42,001,MUNICIPIO DE TINUM YUCATAN    ,2000-06-01 00:00:00, ,5A,ACTIVO,1,684,3508,2024-09-11,31,0,,,,,,,,,,,,,,,SSB
2025-12-01 00:00:00,803010502832,80,DW,07,D,63,001,MUNICIPIO DE KAUA YUCATAN     ,2001-05-02 00:00:00, ,5A,ACTIVO,1,123,671,2024-08-19,7,0,,,,,,,,,,,,,,,SSB
2025-12-01 00:00:00,803750400308,80,DW,07,D,43,001,MUNICIPIO DE CHIKINDZONOT     ,1975-04-01 00:00:00, ,5A,ACTIVO,1,21676,109670,2024-09-20,468,0,,,,,,,,,,,,,,,SSB
2025-12-01 00:00:00,803750400031,80,DW,07,D,01,001,MUNICIPIO DE TINUM YUCATAN    ,1975-04-01 00:00:00, ,5A,ACTIVO,1,9107,46106,2024-09-11,257,0,,,,,,,,,,,,,,,SSB
2025-12-01 00:00:00,803750400049,80,DW,07,D,04,001,MUNICIPIO DE DZITAS YUCATAN   ,1975-04-01 00:00:00, ,5A,ACTIVO,1,7645,38712,2024-08-29,181,0,,,,,,,,,,,,,,,SSB
2025-12-01 00:00:00,803750400057,80,DW,07,D,06,001,MUNICIPIO DE YAXCABA YUCATAN  ,1975-04-01 00:00:00, ,5A,ACTIVO,1,5682,28784,2024-09-26,308,0,,,,,,,,,,,,,,,SSB
2025-12-01 00:00:00,803750400065,80,DW,07,D,07,001,MUNICIPIO DE YAXCABA YUCATAN  ,1975-04-01 00:00:00, ,5A,ACTIVO,1,3555,18027,2024-09-30,145,0,,,,,,,,,,,,,,,SSB
2025-12-01 00:00:00,803750400073,80,DW,07,D,08,001,MUNICIPIO DE YAXCABA YUCATAN  ,1975-04-01 00:00:00, ,5A,ACTIVO,1,10191,51587,2024-09-24,346,0,,,,,,,,,,,,,,,SSB
2025-12-01 00:00:00,803750400081,80,DW,07,D,09,001,MUNICIPIO DE QUINTANA ROO     ,1975-04-01 00:00:00, ,5A,ACTIVO,1,7589,38428,2024-08-27,275,0,,,,,,,,,,,,,,,SSB
2025-12-01 00:00:00,803980600756,80,DW,07,D,37,001,H AYUNT  TEKOM      Y0810     ,1998-06-09 00:00:00, ,5A,ACTIVO,1,1242,6330,2024-08-16,43,0,,,,,,,,,,,,,,,SSB
2025-12-01 00:00:00,803980600764,80,DW,07,D,38,001,MUNICIPIO DE SUDZAL YUC       ,1998-06-09 00:00:00, ,5A,ACTIVO,1,332,1728,2024-12-01,15,0,,,,,,,,,,,,,,,SSB
2025-12-01 00:00:00,803750400090,80,DW,07,D,10,001,MUNICIPIO DE CHANKOM YUCATAN  ,1975-04-01 00:00:00, ,5A,ACTIVO,1,4817,24410,2024-08-21,108,0,,,,,,,,,,,,,,,SSB
2025-12-01 00:00:00,803750400189,80,DW,07,D,53,001,MUNICIPIO DE CUNCUNUL   Y0140 ,1975-04-01 00:00:00, ,5A,ACTIVO,1,2207,11210,2024-08-20,211,0,,,,,,,,,,,,,,,SSB
2025-12-01 00:00:00,803750400197,80,DW,07,D,52,001,MUNICIPIO DE KAUA YUCATAN     ,1975-04-01 00:00:00, ,5A,ACTIVO,1,13262,67118,2024-08-19,399,0,,,,,,,,,,,,,,,SSB
2025-12-01 00:00:00,804020400058,80,DW,08,A,33,001,H AYUNTAMIENTO DE MOTUL Y052  ,2002-03-01 00:00:00,6,5A,ACTIVO,1,372,1930,2024-11-20,14,0,,,,,,,,,,,,,,,SSB
2025-12-01 00:00:00,803750400219,80,DW,07,D,50,001,MUNICIPIO DE TINUM YUCATAN    ,1975-04-01 00:00:00, ,5A,ACTIVO,1,15830,80105,2024-09-05,579,0,,,,,,,,,,,,,,,SSB
2025-12-01 00:00:00,804191100460,80,DW,08,A,01,001,RED NACIONAL ULTIMA MILLA     ,2019-11-26 00:00:00,6,02,ACTIVO,1,1116,5575,,,0,,,,,,,,,,,,,,,GSC
2025-12-01 00:00:00,803750400260,80,DW,07,D,47,001,MUNICIPIO TIXCACALCUPUL Y092  ,1975-04-01 00:00:00, ,5A,ACTIVO,1,1628,8282,2024-09-18,96,0,,,,,,,,,,,,,,,SSB
2025-12-01 00:00:00,803750400286,80,DW,07,D,51,001,MUNICIPIO DE UAYMA YUCATAN    ,1975-04-01 00:00:00, ,5A,ACTIVO,1,10885,55097,2024-09-03,394,0,,,,,,,,,,,,,,,SSB
2025-12-01 00:00:00,804230200663,80,DW,08,A,01,001,CFE TEIT                      ,2023-02-17 00:00:00,0,02,ACTIVO,1,5239,21474,2023-01-01,325,0,,,,,,,,,,,,,,,SSB
2025-12-01 00:00:00,804910900236,80,DW,08,A,01,001,H AYUNT DE MOTUL     Y052     ,1991-09-30 00:00:00,6,5A,ACTIVO,1,66845,338101,2024-11-12,4734,0,,,,,,,,,,,,179.69,152,2025-12-31,SSB
2025-12-01 00:00:00,804910900236,80,DW,08,A,01,001,H AYUNT DE MOTUL     Y052     ,1991-09-30 00:00:00,6,5A,ACTIVO,,,,2024-11-12,4734,0,,,,,,,,,,,,179.69,152,2025-12-31,SSB
2025-12-01 00:00:00,804910900244,80,DW,08,A,04,001,H AYUNT DE MOTUL     Y052     ,1991-09-30 00:00:00,6,5A,ACTIVO,1,856,4378,2024-11-04,30,0,,,,,,,,,,,,2.2999999999999998,2,2025-12-31,SSB
2025-12-01 00:00:00,804910900244,80,DW,08,A,04,001,H AYUNT DE MOTUL     Y052     ,1991-09-30 00:00:00,6,5A,ACTIVO,,,,2024-11-04,30,0,,,,,,,,,,,,2.2999999999999998,2,2025-12-31,SSB
2025-12-01 00:00:00,804910900252,80,DW,08,A,05,001,H AYUNT DE MUXUPIP Y054       ,1991-09-30 00:00:00, ,5A,ACTIVO,,,,2024-06-25,281,0,,,,,,,,,,,,18.91,15,2025-12-31,SSB
2025-12-01 00:00:00,804910900252,80,DW,08,A,05,001,H AYUNT DE MUXUPIP Y054       ,1991-09-30 00:00:00, ,5A,ACTIVO,1,7035,45263,2024-06-25,281,0,,,,,,,,,,,,18.91,15,2025-12-31,SSB
2025-12-01 00:00:00,804910900261,80,DW,08,A,07,001,H AYUNT DE TELCHAC Y083       ,1991-09-30 00:00:00, ,5A,ACTIVO,,,,2024-07-02,1475,0,,,,,,,,,,,,74.069999999999993,32,2025-12-31,SSB
2025-12-01 00:00:00,804910900261,80,DW,08,A,07,001,H AYUNT DE TELCHAC Y083       ,1991-09-30 00:00:00, ,5A,ACTIVO,1,27554,139396,2024-07-02,1475,0,,,,,,,,,,,,74.069999999999993,32,2025-12-31,SSB
2025-12-01 00:00:00,804910900279,80,DW,08,A,08,001,H AYUNT DE MOTUL UCI Y052     ,1991-09-30 00:00:00,6,5A,ACTIVO,,,,2024-11-20,238,0,,,,,,,,,,,,14.779999999999999,12,2025-12-31,SSB
2025-12-01 00:00:00,804910900279,80,DW,08,A,08,001,H AYUNT DE MOTUL UCI Y052     ,1991-09-30 00:00:00,6,5A,ACTIVO,1,5498,27853,2024-11-20,238,0,,,,,,,,,,,,14.779999999999999,12,2025-12-31,SSB
2025-12-01 00:00:00,804910900287,80,DW,08,A,14,001,H AYUNT DE MOTUL     Y052     ,1991-09-30 00:00:00,6,5A,ACTIVO,,,,2024-11-04,49,0,,,,,,,,,,,,3.3300000000000001,3,2025-12-31,SSB
2025-12-01 00:00:00,804910900287,80,DW,08,A,14,001,H AYUNT DE MOTUL     Y052     ,1991-09-30 00:00:00,6,5A,ACTIVO,1,1239,6314,2024-11-04,49,0,,,,,,,,,,,,3.3300000000000001,3,2025-12-31,SSB
2025-12-01 00:00:00,804910900295,80,DW,08,A,15,001,H AYUNT DE MOTUL     Y052     ,1991-09-30 00:00:00,6,5A,ACTIVO,,,,2024-11-04,21,0,,,,,,,,,,,,2.3300000000000001,2,2025-12-31,SSB
2025-12-01 00:00:00,804910900295,80,DW,08,A,15,001,H AYUNT DE MOTUL     Y052     ,1991-09-30 00:00:00,6,5A,ACTIVO,1,867,4434,2024-11-04,21,0,,,,,,,,,,,,2.3300000000000001,2,2025-12-31,SSB
2025-12-01 00:00:00,804910900309,80,DW,08,A,16,001,H AYUNT DE MOTUL     Y052     ,1991-09-30 00:00:00,6,5A,ACTIVO,,,,2024-11-04,77,0,,,,,,,,,,,,5.0099999999999998,6,2025-12-31,SSB
2025-12-01 00:00:00,804910900309,80,DW,08,A,16,001,H AYUNT DE MOTUL     Y052     ,1991-09-30 00:00:00,6,5A,ACTIVO,1,1864,9475,2024-11-04,77,0,,,,,,,,,,,,5.0099999999999998,6,2025-12-31,SSB
2025-12-01 00:00:00,804910900317,80,DW,08,A,17,001,H AYUNT DE MOTUL     Y052     ,1991-09-30 00:00:00,6,5A,ACTIVO,1,707,3624,2024-11-04,24,0,,,,,,,,,,,,1.8999999999999999,2,2025-12-31,SSB
2025-12-01 00:00:00,804910900317,80,DW,08,A,17,001,H AYUNT DE MOTUL     Y052     ,1991-09-30 00:00:00,6,5A,ACTIVO,,,,2024-11-04,24,0,,,,,,,,,,,,1.8999999999999999,2,2025-12-31,SSB
2025-12-01 00:00:00,804910900325,80,DW,08,A,18,001,H AYUNT DE MOTUL     Y052     ,1991-09-30 00:00:00,6,5A,ACTIVO,,,,2024-11-04,87,0,,,,,,,,,,,,5.46,6,2025-12-31,SSB
2025-12-01 00:00:00,804910900325,80,DW,08,A,18,001,H AYUNT DE MOTUL     Y052     ,1991-09-30 00:00:00,6,5A,ACTIVO,1,2031,10320,2024-11-04,87,0,,,,,,,,,,,,5.46,6,2025-12-31,SSB
2025-12-01 00:00:00,804910900333,80,DW,08,A,19,001,H AYUNT DE MOTUL     Y052     ,1991-09-30 00:00:00,6,5A,ACTIVO,1,5666,28704,2024-11-20,213,0,,,,,,,,,,,,15.23,14,2025-12-31,SSB
2025-12-01 00:00:00,804910900333,80,DW,08,A,19,001,H AYUNT DE MOTUL     Y052     ,1991-09-30 00:00:00,6,5A,ACTIVO,,,,2024-11-20,213,0,,,,,,,,,,,,15.23,14,2025-12-31,SSB
2025-12-01 00:00:00,804910900341,80,DW,08,A,20,001,H AYUNT DE MOTUL     Y052     ,1991-09-30 00:00:00,6,5A,ACTIVO,,,,2024-11-20,78,0,,,,,,,,,,,,9.1799999999999997,5,2025-12-31,SSB
2025-12-01 00:00:00,804910900341,80,DW,08,A,20,001,H AYUNT DE MOTUL     Y052     ,1991-09-30 00:00:00,6,5A,ACTIVO,1,3415,17320,2024-11-20,78,0,,,,,,,,,,,,9.1799999999999997,5,2025-12-31,SSB
2025-12-01 00:00:00,804910900350,80,DW,08,A,21,001,H AYUNT DE MOTUL     Y052     ,1991-09-30 00:00:00,6,5A,ACTIVO,1,2366,12014,2024-11-20,100,0,,,,,,,,,,,,6.3600000000000003,7,2025-12-31,SSB
2025-12-01 00:00:00,804910900350,80,DW,08,A,21,001,H AYUNT DE MOTUL     Y052     ,1991-09-30 00:00:00,6,5A,ACTIVO,,,,2024-11-20,100,0,,,,,,,,,,,,6.3600000000000003,7,2025-12-31,SSB
2025-12-01 00:00:00,804910900368,80,DW,08,A,22,001,H AYUNT DE MOTUL     Y052     ,1991-09-30 00:00:00,6,5A,ACTIVO,,,,2024-11-20,96,0,,,,,,,,,,,,6.5099999999999998,6,2025-12-31,SSB
2025-12-01 00:00:00,804910900368,80,DW,08,A,22,001,H AYUNT DE MOTUL     Y052     ,1991-09-30 00:00:00,6,5A,ACTIVO,1,2422,12298,2024-11-20,96,0,,,,,,,,,,,,6.5099999999999998,6,2025-12-31,SSB
2025-12-01 00:00:00,804910900376,80,DW,08,A,23,001,H AYUNT DE MOTUL     Y052     ,1991-09-30 00:00:00,6,5A,ACTIVO,,,,2024-11-20,74,0,,,,,,,,,,,,5.4199999999999999,6,2025-12-31,SSB
2025-12-01 00:00:00,804910900376,80,DW,08,A,23,001,H AYUNT DE MOTUL     Y052     ,1991-09-30 00:00:00,6,5A,ACTIVO,1,2016,10245,2024-11-20,74,0,,,,,,,,,,,,5.4199999999999999,6,2025-12-31,SSB
2025-12-01 00:00:00,804910900384,80,DW,08,A,24,001,H AYUNT DE MOTUL Y052         ,1991-09-30 00:00:00,6,5A,ACTIVO,,,,2024-11-04,48,0,,,,,,,,,,,,4.0499999999999998,3,2025-12-31,SSB
2025-12-01 00:00:00,803791100033,80,DW,07,D,12,001,MUNICIPIO DE CHANKOM YUCATAN  ,1979-11-15 00:00:00, ,5A,ACTIVO,1,2685,13628,2024-08-22,25,0,,,,,,,,,,,,,,,SSB
2025-12-01 00:00:00,803830500028,80,DW,07,D,21,001,MUNICIPIO DE TINUM YUCATAN    ,1983-05-01 00:00:00, ,5A,ACTIVO,1,2504,12712,2024-09-06,75,0,,,,,,,,,,,,,,,SSB
2025-12-01 00:00:00,803830500036,80,DW,07,D,22,001,MUNICIPIO DE TINUM YUCATAN    ,1983-05-01 00:00:00, ,5A,ACTIVO,1,7752,39252,2024-09-06,342,0,,,,,,,,,,,,,,,SSB
2025-12-01 00:00:00,803850600045,80,DW,07,D,20,001,MUNICIPIO DE YAXCABA YUCATAN  ,1985-06-01 00:00:00, ,5A,ACTIVO,1,1104,5632,2024-09-30,40,0,,,,,,,,,,,,,,,SSB
2025-12-01 00:00:00,803060900812,80,DW,07,D,64,001,MUNICIPIO DE UAYMA YUCATAN    ,2006-09-11 00:00:00, ,5A,ACTIVO,1,636,3265,2024-09-03,23,0,,,,,,,,,,,,,,,SSB
2025-12-01 00:00:00,803150800370,80,DW,07,D,44,001,H AYUNTAMIENTO TIXCACALCUPUL  ,2015-08-24 00:00:00, ,5A,ACTIVO,1,5208,26387,2024-09-18,122,0,,,,,,,,,,,,,,,SSB
2025-12-01 00:00:00,803950500251,80,DW,07,D,29,001,H AYTO TEKOM  POCBICHEN Y0810 ,1995-05-28 00:00:00, ,5A,ACTIVO,1,1228,6259,2024-08-16,33,0,,,,,,,,,,,,,,,SSB
2025-12-01 00:00:00,803950500269,80,DW,07,D,30,001,MUNICIPIO DE YAXCABA YUCATAN  ,1995-05-28 00:00:00, ,5A,ACTIVO,1,870,4448,2024-09-25,75,0,,,,,,,,,,,,,,,SSB
2025-12-01 00:00:00,803950500277,80,DW,07,D,32,001,MUNICIPIO DE TINUM YUCATAN    ,1995-05-28 00:00:00, ,5A,ACTIVO,1,1131,5769,2024-09-11,19,0,,,,,,,,,,,,,,,SSB
2025-12-01 00:00:00,803950500285,80,DW,07,D,33,001,MUNICIPIO DE YAXCABA YUCATAN  ,1995-05-28 00:00:00, ,5A,ACTIVO,1,2348,11923,2024-09-25,74,0,,,,,,,,,,,,,,,SSB
2025-12-01 00:00:00,803950500293,80,DW,07,D,34,001,H  AYUNT TEKOM       Y0810    ,1995-05-28 00:00:00, ,5A,ACTIVO,1,1287,6557,2024-08-16,28,0,,,,,,,,,,,,,,,SSB
2025-12-01 00:00:00,803950500307,80,DW,07,D,35,001,MUNICIPIO DE YAXCABA YUCATAN  ,1995-05-28 00:00:00, ,5A,ACTIVO,1,874,4469,2024-09-25,37,0,,,,,,,,,,,,,,,SSB
2025-12-01 00:00:00,803960500712,80,DW,07,D,59,001,MUNICIPIO DE ESPITA YUCATAN   ,1996-05-31 00:00:00,6,5A,ACTIVO,1,2083,10583,2024-11-25,63,0,,,,,,,,,,,,,,,SSB
2025-12-01 00:00:00,803990302958,80,DW,07,D,45,001,MUNICIPIO DE CHIKINDZONOT     ,1999-03-31 00:00:00, ,5A,ACTIVO,1,3508,17790,2024-09-23,95,0,,,,,,,,,,,,,,,SSB
2025-12-01 00:00:00,803991102430,80,DW,07,D,61,001,MUNICIPIO DE CUNCUNUL Y0140   ,1999-11-19 00:00:00, ,5A,ACTIVO,1,294,1536,2024-08-20,22,0,,,,,,,,,,,,,,,SSB
2025-12-01 00:00:00,803991102456,80,DW,07,D,62,001,MUNICIPIO DE KAUA YUCATAN     ,1999-11-19 00:00:00, ,5A,ACTIVO,1,264,1384,2024-08-19,12,0,,,,,,,,,,,,,,,SSB
2025-12-01 00:00:00,804190500880,80,DW,08,A,01,001,SRIA  DE SEGURIDAD PUBLICA    ,2019-05-31 00:00:00,g,02,ACTIVO,1,1949,9698,,,0,,,,,,,,,,,,,,,GSC
2025-12-01 00:00:00,804210600541,80,DW,08,A,01,001,SSP CAMARAS DE SEGURIDAD      ,2021-06-16 00:00:00,g,02,ACTIVO,1,217,1125,,,0,,,,,,,,,,,,,,,GSC
2025-12-01 00:00:00,804210600550,80,DW,08,A,01,001,SSP CAMARAS DE SEGURIDAD      ,2021-06-16 00:00:00,g,02,ACTIVO,1,31,205,,,0,,,,,,,,,,,,,,,GSC
2025-12-01 00:00:00,803920400936,80,DW,07,D,60,001,MUNICIPIO DE UAYMA YUCATAN    ,1992-04-30 00:00:00, ,5A,ACTIVO,1,2254,11448,2024-09-03,108,0,,,,,,,,,,,,,,,SSB
2025-12-01 00:00:00,803930700695,80,DW,07,D,56,001,MUNICIPIO DE KAUA YUCATAN     ,1993-07-01 00:00:00, ,5A,ACTIVO,1,1752,8909,2024-08-19,63,0,,,,,,,,,,,,,,,SSB
2025-12-01 00:00:00,803930700709,80,DW,07,D,54,001,MUNICIPIO DE VALLADOLID YUCATA,1993-07-07 00:00:00,6,5A,ACTIVO,1,807,4130,2024-07-26,27,0,,,,,,,,,,,,,,,SSB
2025-12-01 00:00:00,803930700725,80,DW,07,D,55,001,MUNICIPIO DE CUNCUNUL Y 0140  ,1993-07-01 00:00:00, ,5A,ACTIVO,1,293,1531,2024-08-20,18,0,,,,,,,,,,,,,,,SSB
2025-12-01 00:00:00,804910900384,80,DW,08,A,24,001,H AYUNT DE MOTUL Y052         ,1991-09-30 00:00:00,6,5A,ACTIVO,1,1507,7670,2024-11-04,48,0,,,,,,,,,,,,4.0499999999999998,3,2025-12-31,SSB
2025-12-01 00:00:00,804910900392,80,DW,08,A,25,001,H AYUNT DE MOTUL Y052         ,1991-09-30 00:00:00,6,5A,ACTIVO,,,,2024-11-20,88,0,,,,,,,,,,,,5.25,6,2025-12-31,SSB
2025-12-01 00:00:00,804910900392,80,DW,08,A,25,001,H AYUNT DE MOTUL Y052         ,1991-09-30 00:00:00,6,5A,ACTIVO,1,1953,9925,2024-11-20,88,0,,,,,,,,,,,,5.25,6,2025-12-31,SSB
2025-12-01 00:00:00,804910900406,80,DW,08,A,26,001,H AYUNT DE MOTUL Y052         ,1991-09-30 00:00:00,6,5A,ACTIVO,,,,2024-11-20,21,0,,,,,,,,,,,,1.45,2,2025-12-31,SSB
2025-12-01 00:00:00,804910900406,80,DW,08,A,26,001,H AYUNT DE MOTUL Y052         ,1991-09-30 00:00:00,6,5A,ACTIVO,1,539,2775,2024-11-20,21,0,,,,,,,,,,,,1.45,2,2025-12-31,SSB
2025-12-01 00:00:00,804910900414,80,DW,08,A,27,001,H AYUNT DE MOTUL Y052         ,1991-09-30 00:00:00,6,5A,ACTIVO,1,432,2234,2024-11-20,17,0,,,,,,,,,,,,1.1599999999999999,1,2025-12-31,SSB
2025-12-01 00:00:00,804910900414,80,DW,08,A,27,001,H AYUNT DE MOTUL Y052         ,1991-09-30 00:00:00,6,5A,ACTIVO,,,,2024-11-20,17,0,,,,,,,,,,,,1.1599999999999999,1,2025-12-31,SSB
2025-12-01 00:00:00,804910900422,80,DW,08,A,28,001,H AYUNT DE MOTUL Y052         ,1991-09-30 00:00:00,6,5A,ACTIVO,,,,2024-11-04,7,0,,,,,,,,,,,,0.40000000000000002,1,2025-12-31,SSB
2025-12-01 00:00:00,804910900422,80,DW,08,A,28,001,H AYUNT DE MOTUL Y052         ,1991-09-30 00:00:00,6,5A,ACTIVO,1,149,802,2024-11-04,7,0,,,,,,,,,,,,0.40000000000000002,1,2025-12-31,SSB
2025-12-01 00:00:00,804910900431,80,DW,08,A,29,001,H AYUNT DE MUXUPIP Y054       ,1991-09-30 00:00:00, ,5A,ACTIVO,1,2221,11281,2024-06-25,58,0,,,,,,,,,,,,5.9699999999999998,4,2025-12-31,SSB
2025-12-01 00:00:00,804910900431,80,DW,08,A,29,001,H AYUNT DE MUXUPIP Y054       ,1991-09-30 00:00:00, ,5A,ACTIVO,,,,2024-06-25,58,0,,,,,,,,,,,,5.9699999999999998,4,2025-12-31,SSB
2025-12-01 00:00:00,804910900449,80,DW,08,A,30,001,H AYUNT DE MOTUL Y052         ,1991-09-30 00:00:00,6,5A,ACTIVO,,,,2024-11-20,41,0,,,,,,,,,,,,3.1000000000000001,3,2025-12-31,SSB
2025-12-01 00:00:00,804910900449,80,DW,08,A,30,001,H AYUNT DE MOTUL Y052         ,1991-09-30 00:00:00,6,5A,ACTIVO,1,1153,5880,2024-11-20,41,0,,,,,,,,,,,,3.1000000000000001,3,2025-12-31,SSB
2025-12-01 00:00:00,804940700291,80,DW,08,A,32,001,H AYUNT DE MUXUPIP   Y054     ,1994-07-31 00:00:00, ,5A,ACTIVO,1,249,1308,2024-06-25,9,0,,,,,,,,,,,,0.67000000000000004,1,2025-12-31,SSB
2025-12-01 00:00:00,804940700291,80,DW,08,A,32,001,H AYUNT DE MUXUPIP   Y054     ,1994-07-31 00:00:00, ,5A,ACTIVO,,,,2024-06-25,9,0,,,,,,,,,,,,0.67000000000000004,1,2025-12-31,SSB
2025-12-01 00:00:00,804980300023,80,DW,08,A,12,001,H AYUNT DE DZEMUL    Y026     ,1998-03-27 00:00:00,6,5A,ACTIVO,,,,2024-06-27,31,0,,,,,,,,,,,,1.27,8.2300000000000004,2025-12-31,SSB
2025-12-01 00:00:00,804980300023,80,DW,08,A,12,001,H AYUNT DE DZEMUL    Y026     ,1998-03-27 00:00:00,6,5A,ACTIVO,1,472,2436,2024-06-27,31,0,,,,,,,,,,,,1.27,8.2300000000000004,2025-12-31,SSB
2025-12-01 00:00:00,804980300031,80,DW,08,A,06,001,H AYUNT DE TELCHAC Y082       ,1998-03-23 00:00:00, ,5A,ACTIVO,,,,2025-11-05,583,0,,,,,,,,,,,,59.880000000000003,52.57,2025-12-31,SSB
2025-12-01 00:00:00,804980300040,80,DW,08,A,13,001,H AYUNT DE DZEMUL    Y026     ,1998-03-27 00:00:00,6,5A,ACTIVO,,,,2024-06-27,18,0,,,,,,,,,,,,0.32000000000000001,1.29,2025-12-31,SSB
2025-12-01 00:00:00,804980300040,80,DW,08,A,13,001,H AYUNT DE DZEMUL    Y026     ,1998-03-27 00:00:00,6,5A,ACTIVO,1,119,651,2024-06-27,18,0,,,,,,,,,,,,0.32000000000000001,1.29,2025-12-31,SSB
2025-12-01 00:00:00,804980400036,80,DW,08,A,02,001,MUNICIPIO DE BACA             ,1998-04-02 00:00:00,6,5A,ACTIVO,1,17019,86118,2024-06-20,602,0,,,,,,,,,,,,45.75,34,2025-12-31,SSB
2025-12-01 00:00:00,804980400036,80,DW,08,A,02,001,MUNICIPIO DE BACA             ,1998-04-02 00:00:00,6,5A,ACTIVO,,,,2024-06-20,602,0,,,,,,,,,,,,45.75,34,2025-12-31,SSB
2025-12-01 00:00:00,804980400044,80,DW,08,A,03,001,H AYUNT DE DZEMUL    Y026     ,1998-04-02 00:00:00,6,5A,ACTIVO,,,,2024-06-27,712,0,,,,,,,,,,,,33.619999999999997,42.609999999999999,2025-12-31,SSB
2025-12-01 00:00:00,804980400044,80,DW,08,A,03,001,H AYUNT DE DZEMUL    Y026     ,1998-04-02 00:00:00,6,5A,ACTIVO,1,12507,63299,2024-06-27,712,0,,,,,,,,,,,,33.619999999999997,42.609999999999999,2025-12-31,SSB
2025-12-01 00:00:00,804980400052,80,DW,08,A,09,001,H AYUNT DE SN CRISAN Y068     ,1998-04-02 00:00:00, ,5A,ACTIVO,,,,2024-07-02,167,0,,,,,,,,,,,,8.8200000000000003,12,2025-12-31,SSB
2025-12-01 00:00:00,804980400052,80,DW,08,A,09,001,H AYUNT DE SN CRISAN Y068     ,1998-04-02 00:00:00, ,5A,ACTIVO,1,3281,16641,2024-07-02,167,0,,,,,,,,,,,,8.8200000000000003,12,2025-12-31,SSB
2025-12-01 00:00:00,804980400061,80,DW,08,A,10,001,H AYUNT DE SINANCHE Y068      ,1998-04-02 00:00:00, ,5A,ACTIVO,,,,2024-07-02,395,0,,,,,,,,,,,,21.34,27,2025-12-31,SSB
2025-12-01 00:00:00,804980400061,80,DW,08,A,10,001,H AYUNT DE SINANCHE Y068      ,1998-04-02 00:00:00, ,5A,ACTIVO,1,7938,40194,2024-07-02,395,0,,,,,,,,,,,,21.34,27,2025-12-31,SSB
2025-12-01 00:00:00,804980400079,80,DW,08,A,11,001,MUNICIPIO DE BACA             ,1998-04-02 00:00:00,6,5A,ACTIVO,1,316,1647,2024-06-20,14,0,,,,,,,,,,,,0.84999999999999998,1,2025-12-31,SSB
2025-12-01 00:00:00,804980400079,80,DW,08,A,11,001,MUNICIPIO DE BACA             ,1998-04-02 00:00:00,6,5A,ACTIVO,,,,2024-06-20,14,0,,,,,,,,,,,,0.84999999999999998,1,2025-12-31,SSB
2025-12-01 00:00:00,805871200457,80,DW,08,B,63,001,H AYUNT CANSAHCAB    Y009     ,1987-12-01 00:00:00, ,5A,ACTIVO,1,13150,66551,2024-09-09,613,0,,,,,,,,,,,,,,,SSB
2025-12-01 00:00:00,805871200465,80,DW,08,B,64,001,MUNICIPIO DE SUMA             ,1987-12-01 00:00:00, ,5A,ACTIVO,1,6313,31975,2024-07-04,384,0,,,,,,,,,,,,16.969999999999999,17.699999999999999,2025-12-31,SSB
2025-12-01 00:00:00,805871200465,80,DW,08,B,64,001,MUNICIPIO DE SUMA             ,1987-12-01 00:00:00, ,5A,ACTIVO,,,,2024-07-04,384,0,,,,,,,,,,,,16.969999999999999,17.699999999999999,2025-12-31,SSB
2025-12-01 00:00:00,805871200473,80,DW,08,B,66,001,H AYUNT DZIDZANTUN   Y027     ,1987-12-01 00:00:00,6,5A,ACTIVO,1,18273,92460,2024-08-01,847,0,,,,,,,,,,,,,,,SSB
2025-12-01 00:00:00,805871200481,80,DW,08,B,68,001,H AYUNT DZILAN GLEZ  Y029     ,1987-12-01 00:00:00, ,5A,ACTIVO,1,19578,99060,2024-09-09,788,0,,,,,,,,,,,,,,,SSB
2025-12-01 00:00:00,805880100449,80,DW,08,B,67,001,MUNICIPIO DE BUCTZOTZ         ,1988-01-01 00:00:00,6,5A,ACTIVO,1,16487,83428,2024-07-11,839,0,,,,,,,,,,,,,,,SSB
2025-12-01 00:00:00,805880100457,80,DW,08,B,69,001,H AYUNT DZILAN BRAVO Y028     ,1988-01-01 00:00:00, ,5A,ACTIVO,1,7347,37204,2024-09-09,749,0,,,,,,,,,,,,,,,SSB
2025-12-01 00:00:00,805880100465,80,DW,08,B,70,001,H AYUNT CANSAHCAB    Y009     ,1988-01-01 00:00:00, ,5A,ACTIVO,1,1964,9981,2024-09-09,63,0,,,,,,,,,,,,,,,SSB
2025-12-01 00:00:00,805880100473,80,DW,08,B,71,001,H AYUNT DZONCAUICH   Y031     ,1988-01-01 00:00:00, ,5A,ACTIVO,1,4129,20930,2024-09-09,214,0,,,,,,,,,,,,,,,SSB
2025-12-01 00:00:00,805880100481,80,DW,08,B,72,001,MUNICIPIO DE TEMAX            ,1988-01-01 00:00:00,6,5A,ACTIVO,1,703,3604,2024-09-09,42,0,,,,,,,,,,,,,,,SSB
2025-12-01 00:00:00,805880100490,80,DW,08,B,73,001,MUNICIPIO DE TEMAX            ,1988-01-01 00:00:00,6,5A,ACTIVO,1,599,3079,2024-09-09,17,0,,,,,,,,,,,,,,,SSB
2025-12-01 00:00:00,805880100503,80,DW,08,B,74,001,H AYUNT YOBAIN Y1060          ,1988-01-01 00:00:00, ,5A,ACTIVO,1,5383,27272,2024-09-09,213,0,,,,,,,,,,,,,,,SSB
2025-12-01 00:00:00,805880100511,80,DW,08,B,75,001,H AYUNT CHABIHAU Y1060        ,1988-01-01 00:00:00, ,5A,ACTIVO,1,1975,10037,2024-09-09,88,0,,,,,,,,,,,,,,,SSB
2025-12-01 00:00:00,805880100520,80,DW,08,B,76,001,H AYUNT SUMA         Y072     ,1988-01-01 00:00:00, ,5A,ACTIVO,1,268,1405,2024-07-04,11,0,,,,,,,,,,,,0.71999999999999997,1,2025-12-31,SSB
2025-12-01 00:00:00,805880100520,80,DW,08,B,76,001,H AYUNT SUMA         Y072     ,1988-01-01 00:00:00, ,5A,ACTIVO,,,,2024-07-04,11,0,,,,,,,,,,,,0.71999999999999997,1,2025-12-31,SSB
2025-12-01 00:00:00,805880100538,80,DW,08,B,77,001,H AYUNT DZIDZANTUN   Y027     ,1988-01-01 00:00:00,6,5A,ACTIVO,1,1324,6745,2024-08-01,53,0,,,,,,,,,,,,,,,SSB
2025-12-01 00:00:00,805880100546,80,DW,08,B,80,001,MUNICIPIO DE TEMAX            ,1988-01-01 00:00:00,6,5A,ACTIVO,1,476,2456,2024-09-09,28,0,,,,,,,,,,,,,,,SSB
2025-12-01 00:00:00,805880100554,80,DW,08,B,81,001,H AYUNT CANSAHCAB    Y009     ,1988-01-01 00:00:00, ,5A,ACTIVO,1,740,3791,2024-09-09,34,0,,,,,,,,,,,,1.99,4.2599999999999998,2025-12-31,SSB
2025-12-01 00:00:00,805880100554,80,DW,08,B,81,001,H AYUNT CANSAHCAB    Y009     ,1988-01-01 00:00:00, ,5A,ACTIVO,,,,2024-09-09,34,0,,,,,,,,,,,,1.99,4.2599999999999998,2025-12-31,SSB
2025-12-01 00:00:00,805880100562,80,DW,08,B,82,001,H AYUNT DZIDZANTUN   Y027     ,1988-01-01 00:00:00,6,5A,ACTIVO,1,1998,10153,2024-08-01,74,0,,,,,,,,,,,,,,,SSB
2025-12-01 00:00:00,805880100571,80,DW,08,B,83,001,MUNICIPIO DE BUCTZOTZ         ,1988-01-01 00:00:00,6,5A,ACTIVO,1,2083,10583,2024-07-10,106,0,,,,,,,,,,,,,,,SSB
2025-12-01 00:00:00,805880200371,80,DW,08,B,65,001,MUNICIPIO DE TEMAX            ,1988-02-01 00:00:00,6,5A,ACTIVO,1,11986,60665,2024-09-09,641,0,,,,,,,,,,,,,,,SSB
2025-12-01 00:00:00,805941100064,80,DW,08,B,78,001,MUNICIPIO DE BUCTZOTZ         ,1994-11-01 00:00:00,6,5A,ACTIVO,1,658,3377,2024-07-10,33,0,,,,,,,,,,,,,,,SSB
2025-12-01 00:00:00,806070600085,80,DW,08,C,49,001,H AYUNTAMIENTO SUDZAL         ,2007-06-08 00:00:00, ,5A,ACTIVO,1,763,3908,2024-07-18,51,0,,,,,,,,,,,,,,,SSB
2025-12-01 00:00:00,806070600093,80,DW,08,C,48,001,H AYUNTAMIENTO TUNKAS DY0970  ,2007-06-08 00:00:00, ,5A,ACTIVO,1,1097,5597,2024-08-16,55,0,,,,,,,,,,,,,,,SSB
2025-12-01 00:00:00,806070600107,80,DW,08,C,50,001,H AYUNTAMIENTO SUDZAL         ,2007-06-08 00:00:00, ,5A,ACTIVO,1,327,1702,2024-07-18,22,0,,,,,,,,,,,,0.88,1,2025-12-31,SSB
2025-12-01 00:00:00,806070600107,80,DW,08,C,50,001,H AYUNTAMIENTO SUDZAL         ,2007-06-08 00:00:00, ,5A,ACTIVO,,,,2024-07-18,22,0,,,,,,,,,,,,0.88,1,2025-12-31,SSB
2025-12-01 00:00:00,806070600115,80,DW,08,C,51,001,H AYUNTAMIENTO TUNKAS DY0970  ,2007-06-08 00:00:00, ,5A,ACTIVO,1,565,2907,2024-12-11,26,0,,,,,,,,,,,,,,,SSB
2025-12-01 00:00:00,806070600123,80,DW,08,C,39,001,H AYUNTAMIENTO SUDZAL         ,2007-06-08 00:00:00, ,5A,ACTIVO,1,30,201,2024-07-18,2,0,,,,,,,,,,,,8.0000000000000002E-2,1,2025-12-31,SSB
2025-12-01 00:00:00,806070600123,80,DW,08,C,39,001,H AYUNTAMIENTO SUDZAL         ,2007-06-08 00:00:00, ,5A,ACTIVO,,,,2024-07-18,2,0,,,,,,,,,,,,8.0000000000000002E-2,1,2025-12-31,SSB
2025-12-01 00:00:00,806820500118,80,DW,08,C,40,001,MUNICIPIO DE IZAMAL           ,1982-05-01 00:00:00,6,5A,ACTIVO,1,1853,9420,2024-08-08,80,0,,,,,,,,,,,,,,,SSB
2025-12-01 00:00:00,806820500126,80,DW,08,C,43,001,H AYUNT DZONCAUICH  DY0310    ,1982-05-01 00:00:00, ,5A,ACTIVO,,,,2024-09-09,55,0,,,,,,,,,,,,2.9399999999999999,4,2025-12-31,SSB
2025-12-01 00:00:00,806820500126,80,DW,08,C,43,001,H AYUNT DZONCAUICH  DY0310    ,1982-05-01 00:00:00, ,5A,ACTIVO,1,1094,5581,2024-09-09,55,0,,,,,,,,,,,,2.9399999999999999,4,2025-12-31,SSB
2025-12-01 00:00:00,806860600212,80,DW,08,C,28,001,MUNICIPIO DE IZAMAL           ,1986-06-30 00:00:00,6,5A,ACTIVO,1,38803,196285,2024-08-14,1399,0,,,,,,,,,,,,104.31,105,2025-12-31,SSB
2025-12-01 00:00:00,806860600212,80,DW,08,C,28,001,MUNICIPIO DE IZAMAL           ,1986-06-30 00:00:00,6,5A,ACTIVO,,,,2024-08-14,1399,0,,,,,,,,,,,,104.31,105,2025-12-31,SSB
2025-12-01 00:00:00,806860800157,80,DW,08,C,29,001,MUNICIPIO DE IZAMAL           ,1986-08-01 00:00:00,6,5A,ACTIVO,1,9493,48057,2024-08-08,299,0,,,,,,,,,,,,,,,SSB
2025-12-01 00:00:00,806860800173,80,DW,08,C,31,001,H AYUNT TEPAKAN DY0860        ,1986-08-01 00:00:00, ,5A,ACTIVO,1,848,4338,2024-07-25,34,0,,,,,,,,,,,,,,,SSB
2025-12-01 00:00:00,806860800181,80,DW,08,C,34,001,H AYUNT TEPAKAN     DY0860    ,1986-08-01 00:00:00, ,5A,ACTIVO,1,11134,69857,2024-07-25,380,0,,,,,,,,,,,,,,,SSB
2025-12-01 00:00:00,806860800190,80,DW,08,C,35,001,MUNICIPIO DE TEYA YUCATAN     ,1986-08-31 00:00:00, ,5A,ACTIVO,1,5517,34945,2024-07-22,216,0,,,,,,,,,,,,,,,SSB
2025-12-01 00:00:00,806860800203,80,DW,08,C,39,001,H AYUNTAMIENTO SUDZAL         ,1986-08-01 00:00:00, ,5A,ACTIVO,1,2504,12713,2024-07-17,166,0,,,,,,,,,,,,,,,SSB
2025-12-01 00:00:00,806860800211,80,DW,08,C,44,001,MUNICIPIO DE IZAMAL           ,1986-08-31 00:00:00,6,5A,ACTIVO,1,7511,38034,2024-08-08,376,0,,,,,,,,,,,,,,,SSB
2025-12-01 00:00:00,806860800220,80,DW,08,C,45,001,MUNICIPIO DE IZAMAL           ,1986-08-01 00:00:00,6,5A,ACTIVO,1,3203,16247,2024-08-08,151,0,,,,,,,,,,,,,,,SSB
2025-12-01 00:00:00,806860900186,80,DW,08,C,37,001,MUNICIPIO DE CENOTILLO YUCATAN,1986-09-30 00:00:00, ,5A,ACTIVO,,,,2024-07-18,597,0,,,,,,,,,,,,40.039999999999999,40.399999999999999,2025-12-31,SSB
2025-12-01 00:00:00,806860900186,80,DW,08,C,37,001,MUNICIPIO DE CENOTILLO YUCATAN,1986-09-30 00:00:00, ,5A,ACTIVO,1,14895,86171,2024-07-18,597,0,,,,,,,,,,,,40.039999999999999,40.399999999999999,2025-12-31,SSB
2025-12-01 00:00:00,806860900194,80,DW,08,C,38,001,MUNICIPIO DE IZAMAL           ,1986-09-30 00:00:00,6,5A,ACTIVO,1,4192,21249,2024-08-08,214,0,,,,,,,,,,,,,,,SSB
2025-12-01 00:00:00,806861000201,80,DW,08,C,33,001,MUNICIPIO DE TEKANTO          ,1986-10-31 00:00:00,6,5A,ACTIVO,1,13306,76358,2024-07-17,704,0,,,,,,,,,,,,,,,SSB
2025-12-01 00:00:00,806861000219,80,DW,08,C,36,001,MUNICIPIO DE TEKANTO          ,1986-10-31 00:00:00,6,5A,ACTIVO,1,3192,16192,2024-07-17,97,0,,,,,,,,,,,,,,,SSB
2025-12-01 00:00:00,806861100213,80,DW,08,C,41,001,H AYUNT TUNKAS      DY0970    ,1986-11-30 00:00:00, ,5A,ACTIVO,1,7745,39218,2024-12-11,373,0,,,,,,,,,,,,,,,SSB
2025-12-01 00:00:00,806861100221,80,DW,08,C,42,001,H AYUNT TUNKAS      DY0970    ,1986-11-30 00:00:00, ,5A,ACTIVO,1,1157,5900,2024-12-11,79,0,,,,,,,,,,,,,,,SSB
2025-12-01 00:00:00,806861200340,80,DW,08,C,32,001,H AYUNT TEKAL DE V  DY0770    ,1986-12-30 00:00:00, ,5A,ACTIVO,1,2295,11655,2024-07-18,233,0,,,,,,,,,,,,,,,SSB
2025-12-01 00:00:00,806880600235,80,DW,08,C,46,001,MUNICIPIO DE TEKANTO          ,1988-06-15 00:00:00,6,5A,ACTIVO,,,,2024-07-17,12,0,,,,,,,,,,,,0.66000000000000003,1,2025-12-31,SSB
2025-12-01 00:00:00,806880600235,80,DW,08,C,46,001,MUNICIPIO DE TEKANTO          ,1988-06-15 00:00:00,6,5A,ACTIVO,1,246,1293,2024-07-17,12,0,,,,,,,,,,,,0.66000000000000003,1,2025-12-31,SSB
2025-12-01 00:00:00,806920601027,80,DW,08,C,47,001,MUNICIPIO DE TEKANTO          ,1992-06-30 00:00:00,6,5A,ACTIVO,1,312,1626,2024-07-17,16,0,,,,,,,,,,,,,,,SSB
2025-12-01 00:00:00,807820500441,80,DW,08,D,49,001,H AYUNT  HOCABA      Y0340    ,1982-05-01 00:00:00,6,5A,ACTIVO,,,,2024-12-26,446,0,,,,,,,,,,,,25.390000000000001,24,2025-12-31,SSB
2025-12-01 00:00:00,807820500441,80,DW,08,D,49,001,H AYUNT  HOCABA      Y0340    ,1982-05-01 00:00:00,6,5A,ACTIVO,1,9445,47815,2024-12-26,446,0,,,,,,,,,,,,25.390000000000001,24,2025-12-31,SSB
2025-12-01 00:00:00,807820500459,80,DW,08,D,50,001,MUNICIPIO DE SEYE             ,1982-05-01 00:00:00,6,5A,ACTIVO,,,,2024-12-30,63,0,,,,,,,,,,,,3.7599999999999998,5,2025-12-31,SSB
2025-12-01 00:00:00,807820500459,80,DW,08,D,50,001,MUNICIPIO DE SEYE             ,1982-05-01 00:00:00,6,5A,ACTIVO,1,1399,7124,2024-12-30,63,0,,,,,,,,,,,,3.7599999999999998,5,2025-12-31,SSB
2025-12-01 00:00:00,807820500467,80,DW,08,D,51,001,H AYUNT  HUHI        Y0370    ,1982-05-01 00:00:00, ,5A,ACTIVO,1,8913,45124,2024-08-15,511,0,,,,,,,,,,,,23.960000000000001,33,2025-12-31,SSB
2025-12-01 00:00:00,807820500467,80,DW,08,D,51,001,H AYUNT  HUHI        Y0370    ,1982-05-01 00:00:00, ,5A,ACTIVO,,,,2024-08-15,511,0,,,,,,,,,,,,23.960000000000001,33,2025-12-31,SSB
2025-12-01 00:00:00,807820500475,80,DW,08,D,52,001,H AYUNT  XOCCHEL     Y1030    ,1982-05-01 00:00:00, ,5A,ACTIVO,,,,2024-12-20,304,0,,,,,,,,,,,,20.32,25,2025-12-31,SSB
2025-12-01 00:00:00,807820500475,80,DW,08,D,52,001,H AYUNT  XOCCHEL     Y1030    ,1982-05-01 00:00:00, ,5A,ACTIVO,1,7559,38276,2024-12-20,304,0,,,,,,,,,,,,20.32,25,2025-12-31,SSB
2025-12-01 00:00:00,807820500483,80,DW,08,D,53,001,MUNICIPIO DE TAHMEK           ,1982-05-01 00:00:00,6,5A,ACTIVO,1,6012,30453,2024-12-23,291,0,,,,,,,,,,,,16.16,22,2025-12-31,SSB
2025-12-01 00:00:00,807820500483,80,DW,08,D,53,001,MUNICIPIO DE TAHMEK           ,1982-05-01 00:00:00,6,5A,ACTIVO,,,,2024-12-23,291,0,,,,,,,,,,,,16.16,22,2025-12-31,SSB
2025-12-01 00:00:00,807820500491,80,DW,08,D,54,001,MUNICIPIO DE KANTUNIL         ,1982-05-01 00:00:00,6,5A,ACTIVO,,,,2024-12-20,510,0,,,,,,,,,,,,36.060000000000002,26,2025-12-31,SSB
2025-12-01 00:00:00,807820500491,80,DW,08,D,54,001,MUNICIPIO DE KANTUNIL         ,1982-05-01 00:00:00,6,5A,ACTIVO,1,13414,68420,2024-12-20,510,0,,,,,,,,,,,,36.060000000000002,26,2025-12-31,SSB
2025-12-01 00:00:00,807820500505,80,DW,08,D,55,001,MUNICIPIO DE SEYE             ,1982-05-01 00:00:00,6,5A,ACTIVO,,,,2024-12-27,607,0,,,,,,,,,,,,36.810000000000002,54,2025-12-31,SSB
2025-12-01 00:00:00,807820500505,80,DW,08,D,55,001,MUNICIPIO DE SEYE             ,1982-05-01 00:00:00,6,5A,ACTIVO,1,13693,69298,2024-12-27,607,0,,,,,,,,,,,,36.810000000000002,54,2025-12-31,SSB
2025-12-01 00:00:00,807820500513,80,DW,08,D,56,001,H AYUNT  HOCABA      Y0340    ,1982-05-01 00:00:00,6,5A,ACTIVO,,,,2024-12-26,137,0,,,,,,,,,,,,7.8600000000000003,12,2025-12-31,SSB
2025-12-01 00:00:00,807820500513,80,DW,08,D,56,001,H AYUNT  HOCABA      Y0340    ,1982-05-01 00:00:00,6,5A,ACTIVO,1,2924,15687,2024-12-26,137,0,,,,,,,,,,,,7.8600000000000003,12,2025-12-31,SSB
2025-12-01 00:00:00,807820500521,80,DW,08,D,58,001,H AYUNT  SOTUTA      Y0690    ,1982-05-01 00:00:00,6,5A,ACTIVO,,,,2024-12-20,715,0,,,,,,,,,,,,48.899999999999999,57,2025-12-31,SSB
2025-12-01 00:00:00,807820500521,80,DW,08,D,58,001,H AYUNT  SOTUTA      Y0690    ,1982-05-01 00:00:00,6,5A,ACTIVO,1,18191,92045,2024-12-20,715,0,,,,,,,,,,,,48.899999999999999,57,2025-12-31,SSB
2025-12-01 00:00:00,807820500530,80,DW,08,D,59,001,H AYUNT  SOTUTA      Y0690    ,1982-05-01 00:00:00,6,5A,ACTIVO,1,4832,24486,2024-12-20,172,0,,,,,,,,,,,,12.99,15,2025-12-31,SSB
2025-12-01 00:00:00,807820500530,80,DW,08,D,59,001,H AYUNT  SOTUTA      Y0690    ,1982-05-01 00:00:00,6,5A,ACTIVO,,,,2024-12-20,172,0,,,,,,,,,,,,12.99,15,2025-12-31,SSB
2025-12-01 00:00:00,807820500548,80,DW,08,D,60,001,MUNICIPIO DE KANTUNIL         ,1982-05-01 00:00:00,6,5A,ACTIVO,,,,2024-12-20,236,0,,,,,,,,,,,,16.77,10.27,2025-12-31,SSB
2025-12-01 00:00:00,807820500548,80,DW,08,D,60,001,MUNICIPIO DE KANTUNIL         ,1982-05-01 00:00:00,6,5A,ACTIVO,1,6238,31596,2024-12-20,236,0,,,,,,,,,,,,16.77,10.27,2025-12-31,SSB
2025-12-01 00:00:00,807820500556,80,DW,08,D,61,001,H AYUNT  SANAHCAT    Y0640    ,1982-05-01 00:00:00, ,5A,ACTIVO,1,9267,97389,2024-12-01,193,0,,,,,,,,,,,,24.91,21,2025-12-31,SSB
2025-12-01 00:00:00,807820500556,80,DW,08,D,61,001,H AYUNT  SANAHCAT    Y0640    ,1982-05-01 00:00:00, ,5A,ACTIVO,,,,2024-12-01,193,0,,,,,,,,,,,,24.91,21,2025-12-31,SSB
2025-12-01 00:00:00,807820500564,80,DW,08,D,62,001,MUNICIPIO DE CANTAMAYEC       ,1982-05-01 00:00:00,6,5A,ACTIVO,,,,2024-12-20,256,0,,,,,,,,,,,,36.030000000000001,20,2025-12-31,SSB
2025-12-01 00:00:00,807820500564,80,DW,08,D,62,001,MUNICIPIO DE CANTAMAYEC       ,1982-05-01 00:00:00,6,5A,ACTIVO,1,13403,73330,2024-12-20,256,0,,,,,,,,,,,,36.030000000000001,20,2025-12-31,SSB
2025-12-01 00:00:00,807820500572,80,DW,08,D,63,001,H AYUNT  HUHI        Y0370    ,1982-05-01 00:00:00, ,5A,ACTIVO,,,,2024-08-15,32,0,,,,,,,,,,,,1.48,3,2025-12-31,SSB
2025-12-01 00:00:00,807820500572,80,DW,08,D,63,001,H AYUNT  HUHI        Y0370    ,1982-05-01 00:00:00, ,5A,ACTIVO,1,551,2835,2024-08-15,32,0,,,,,,,,,,,,1.48,3,2025-12-31,SSB
2025-12-01 00:00:00,807820500581,80,DW,08,D,64,001,H AYUNT  SOTUTA      Y0690    ,1982-05-01 00:00:00,6,5A,ACTIVO,1,6897,34929,2024-12-20,137,0,,,,,,,,,,,,18.539999999999999,7,2025-12-31,SSB
2025-12-01 00:00:00,807820500581,80,DW,08,D,64,001,H AYUNT  SOTUTA      Y0690    ,1982-05-01 00:00:00,6,5A,ACTIVO,,,,2024-12-20,137,0,,,,,,,,,,,,18.539999999999999,7,2025-12-31,SSB
2025-12-01 00:00:00,807821100276,80,DW,08,D,65,001,H AYUNT  YAXCABA     Y1040    ,1982-11-30 00:00:00, ,5A,ACTIVO,,,,2025-01-06,181,0,,,,,,,,,,,,9.6400000000000006,16,2025-12-31,SSB
2025-12-01 00:00:00,807821200301,80,DW,08,D,66,001,H AYUNT  YAXCABA     Y1040    ,1982-12-29 00:00:00, ,5A,ACTIVO,,,,2025-01-06,204,0,,,,,,,,,,,,12.949999999999999,16,2025-12-31,SSB
2025-12-01 00:00:00,807831100134,80,DW,08,D,68,001,MUNICIPIO DE CANTAMAYEC       ,1983-11-20 00:00:00,6,5A,ACTIVO,,,,2024-12-20,58,0,,,,,,,,,,,,3.1699999999999999,5,2025-12-31,SSB
2025-12-01 00:00:00,807831100134,80,DW,08,D,68,001,MUNICIPIO DE CANTAMAYEC       ,1983-11-20 00:00:00,6,5A,ACTIVO,1,1179,6011,2024-12-20,58,0,,,,,,,,,,,,3.1699999999999999,5,2025-12-31,SSB
2025-12-01 00:00:00,807831200678,80,DW,08,D,67,001,H AYUNT  HOMUN       Y0360    ,1983-12-31 00:00:00, ,5A,ACTIVO,1,432,2234,2024-12-01,20,0,,,,,,,,,,,,1.1599999999999999,2,2025-12-31,SSB
2025-12-01 00:00:00,807831200678,80,DW,08,D,67,001,H AYUNT  HOMUN       Y0360    ,1983-12-31 00:00:00, ,5A,ACTIVO,,,,2024-12-01,20,0,,,,,,,,,,,,1.1599999999999999,2,2025-12-31,SSB
2025-12-01 00:00:00,807860600189,80,DW,08,D,48,001,MUNICIPIO DE HOCTUN           ,1986-06-30 00:00:00,6,5A,ACTIVO,,,,2025-01-03,410,0,,,,,,,,,,,,23.719999999999999,22,2025-12-31,SSB
2025-12-01 00:00:00,807860600197,80,DW,08,D,57,001,MUNICIPIO DE HOCTUN           ,1986-06-30 00:00:00,6,5A,ACTIVO,,,,2025-01-03,4,0,,,,,,,,,,,,0.35999999999999999,1,2025-12-31,SSB
2025-12-01 00:00:00,807870300744,80,DW,08,D,69,001,H AYUNT SOTUTA       Y0690    ,1987-03-31 00:00:00,6,5A,ACTIVO,,,,2024-12-20,122,0,,,,,,,,,,,,9.9299999999999997,8,2025-12-31,SSB
2025-12-01 00:00:00,807870300744,80,DW,08,D,69,001,H AYUNT SOTUTA       Y0690    ,1987-03-31 00:00:00,6,5A,ACTIVO,1,3694,18731,2024-12-20,122,0,,,,,,,,,,,,9.9299999999999997,8,2025-12-31,SSB
2025-12-01 00:00:00,807880600185,80,DW,08,D,70,001,MUNICIPIO DE HOCTUN           ,1988-06-23 00:00:00,6,5A,ACTIVO,,,,2025-01-03,66,0,,,,,,,,,,,,4.5700000000000003,5,2025-12-31,SSB
2025-12-01 00:00:00,807920900357,80,DW,08,D,72,001,MUNICIPIO DE TAHMEK           ,1992-09-22 00:00:00,6,5A,ACTIVO,,,,2024-12-23,26,0,,,,,,,,,,,,1.73,3,2025-12-31,SSB
2025-12-01 00:00:00,807920900357,80,DW,08,D,72,001,MUNICIPIO DE TAHMEK           ,1992-09-22 00:00:00,6,5A,ACTIVO,1,644,3306,2024-12-23,26,0,,,,,,,,,,,,1.73,3,2025-12-31,SSB
2025-12-01 00:00:00,808750400016,80,DW,08,E,74,001,MUNICIPIO DE TIXKOKOB Y093    ,1975-04-01 00:00:00,6,5A,ACTIVO,1,2894,18868,2024-11-29,128,0,,,,,,,,,,,,7.7800000000000002,8,2025-12-31,SSB
2025-12-01 00:00:00,808750400016,80,DW,08,E,74,001,MUNICIPIO DE TIXKOKOB Y093    ,1975-04-01 00:00:00,6,5A,ACTIVO,,,,2024-11-29,128,0,,,,,,,,,,,,7.7800000000000002,8,2025-12-31,SSB
2025-12-01 00:00:00,808860600126,80,DW,08,E,65,001,MUNICIPIO DE TIXKOKOB Y093    ,1986-06-30 00:00:00,6,5A,ACTIVO,,,,2024-12-11,907,0,,,,,,,,,,,,61.399999999999999,69,2025-12-31,SSB
2025-12-01 00:00:00,808860600126,80,DW,08,E,65,001,MUNICIPIO DE TIXKOKOB Y093    ,1986-06-30 00:00:00,6,5A,ACTIVO,1,22841,115561,2024-12-11,907,0,,,,,,,,,,,,61.399999999999999,69,2025-12-31,SSB
2025-12-01 00:00:00,808860600134,80,DW,08,E,66,001,MUNICIPIO DE TIXKOKOB Y093    ,1986-06-30 00:00:00,6,5A,ACTIVO,1,5130,25993,2024-11-29,155,0,,,,,,,,,,,,13.789999999999999,18,2025-12-31,SSB
2025-12-01 00:00:00,808860600134,80,DW,08,E,66,001,MUNICIPIO DE TIXKOKOB Y093    ,1986-06-30 00:00:00,6,5A,ACTIVO,,,,2024-11-29,155,0,,,,,,,,,,,,13.789999999999999,18,2025-12-31,SSB
2025-12-01 00:00:00,808860600142,80,DW,08,E,67,001,H AYUNT TIXPEHUAL    Y095     ,1986-06-30 00:00:00, ,5A,ACTIVO,,,,2024-11-01,355,0,,,,,,,,,,,,35,36,2025-12-31,SSB
2025-12-01 00:00:00,808860600142,80,DW,08,E,67,001,H AYUNT TIXPEHUAL    Y095     ,1986-06-30 00:00:00, ,5A,ACTIVO,1,13020,65894,2024-11-01,355,0,,,,,,,,,,,,35,36,2025-12-31,SSB
2025-12-01 00:00:00,808860600151,80,DW,08,E,68,001,H AYUNT YAXKUKUL     Y105     ,1986-06-30 00:00:00, ,5A,ACTIVO,1,3824,19388,2024-12-02,409,0,,,,,,,,,,,,,,,SSB
2025-12-01 00:00:00,808860600169,80,DW,08,E,69,001,MUNICIPIO DE CACALCHEN YUCATAN,1986-06-30 00:00:00, ,5A,ACTIVO,1,13370,67665,2024-12-11,642,0,,,,,,,,,,,,35.939999999999998,55,2025-12-31,SSB
2025-12-01 00:00:00,808860600169,80,DW,08,E,69,001,MUNICIPIO DE CACALCHEN YUCATAN,1986-06-30 00:00:00, ,5A,ACTIVO,,,,2024-12-11,642,0,,,,,,,,,,,,35.939999999999998,55,2025-12-31,SSB
2025-12-01 00:00:00,808860600177,80,DW,08,E,70,001,H AYUNT BOKOBA       Y005     ,1986-06-30 00:00:00, ,5A,ACTIVO,,,,2024-11-20,220,0,,,,,,,,,,,,15.65,25,2025-12-31,SSB
2025-12-01 00:00:00,808860600177,80,DW,08,E,70,001,H AYUNT BOKOBA       Y005     ,1986-06-30 00:00:00, ,5A,ACTIVO,1,5822,29492,2024-11-20,220,0,,,,,,,,,,,,15.65,25,2025-12-31,SSB
2025-12-01 00:00:00,808860600185,80,DW,08,E,71,001,MUNICIPIO DE BACA             ,1986-06-30 00:00:00,6,5A,ACTIVO,1,3441,17451,2024-06-20,149,0,,,,,,,,,,,,9.25,10,2025-12-31,SSB
2025-12-01 00:00:00,808860600185,80,DW,08,E,71,001,MUNICIPIO DE BACA             ,1986-06-30 00:00:00,6,5A,ACTIVO,,,,2024-06-20,149,0,,,,,,,,,,,,9.25,10,2025-12-31,SSB
2025-12-01 00:00:00,808860600193,80,DW,08,E,72,001,MUNICIPIO DE TIXKOKOB Y093    ,1986-06-30 00:00:00,6,5A,ACTIVO,,,,2024-11-29,210,0,,,,,,,,,,,,19.969999999999999,17,2025-12-31,SSB
2025-12-01 00:00:00,808860600193,80,DW,08,E,72,001,MUNICIPIO DE TIXKOKOB Y093    ,1986-06-30 00:00:00,6,5A,ACTIVO,1,7429,37619,2024-11-29,210,0,,,,,,,,,,,,19.969999999999999,17,2025-12-31,SSB
2025-12-01 00:00:00,808860600207,80,DW,08,E,76,001,MUNICIPIO DE TIXKOKOB Y093    ,1986-06-30 00:00:00,6,5A,ACTIVO,,,,2024-11-29,50,0,,,,,,,,,,,,5.4900000000000002,2,2025-12-31,SSB
2025-12-01 00:00:00,808860600207,80,DW,08,E,76,001,MUNICIPIO DE TIXKOKOB Y093    ,1986-06-30 00:00:00,6,5A,ACTIVO,1,2042,10376,2024-11-29,50,0,,,,,,,,,,,,5.4900000000000002,2,2025-12-31,SSB
2025-12-01 00:00:00,808860800206,80,DW,08,E,73,001,H AYUNT TIXPEHUAL    Y095     ,1986-08-01 00:00:00, ,5A,ACTIVO,1,1053,5375,2024-11-21,48,0,,,,,,,,,,,,2.8300000000000001,2,2025-12-31,SSB
2025-12-01 00:00:00,808860800206,80,DW,08,E,73,001,H AYUNT TIXPEHUAL    Y095     ,1986-08-01 00:00:00, ,5A,ACTIVO,,,,2024-11-21,48,0,,,,,,,,,,,,2.8300000000000001,2,2025-12-31,SSB
2025-12-01 00:00:00,808860800214,84,DW,08,E,75,045,MUNICIPIO DE MERIDA YUCATAN   ,1986-08-01 00:00:00, ,5A,ACTIVO,1,301,1571,2024-08-05,108,0,,,,,,,,,,,,,,,SSB
2025-12-01 00:00:00,808860800222,80,DW,08,E,77,001,MUNICIPIO DE TIXKOKOB Y093    ,1986-08-01 00:00:00,6,5A,ACTIVO,,,,2024-11-29,24,0,,,,,,,,,,,,2.3500000000000001,1,2025-12-31,SSB
2025-12-01 00:00:00,808860800222,80,DW,08,E,77,001,MUNICIPIO DE TIXKOKOB Y093    ,1986-08-01 00:00:00,6,5A,ACTIVO,1,874,4469,2024-11-29,24,0,,,,,,,,,,,,2.3500000000000001,1,2025-12-31,SSB
2025-12-01 00:00:00,808860800231,80,DW,08,E,78,001,MUNICIPIO DE TIXKOKOB Y093    ,1986-08-01 00:00:00,6,5A,ACTIVO,,,,2025-01-13,36,0,,,,,,,,,,,,3.1899999999999999,2,2025-12-31,SSB
2025-12-01 00:00:00,808860800249,80,DW,08,E,79,001,H AYUNT TIXPEHUAL    Y095     ,1986-08-01 00:00:00, ,5A,ACTIVO,,,,2024-11-21,20,0,,,,,,,,,,,,1.1200000000000001,1,2025-12-31,SSB
2025-12-01 00:00:00,808860800249,80,DW,08,E,79,001,H AYUNT TIXPEHUAL    Y095     ,1986-08-01 00:00:00, ,5A,ACTIVO,1,417,2158,2024-11-21,20,0,,,,,,,,,,,,1.1200000000000001,1,2025-12-31,SSB
2025-12-01 00:00:00,808860800257,80,DW,08,E,80,001,H AYUNT TIXPEHUAL    Y095     ,1986-08-01 00:00:00, ,5A,ACTIVO,,,,2024-11-21,77,0,,,,,,,,,,,,6,3,2025-12-31,SSB
2025-12-01 00:00:00,808860800257,80,DW,08,E,80,001,H AYUNT TIXPEHUAL    Y095     ,1986-08-01 00:00:00, ,5A,ACTIVO,1,2232,11337,2024-11-21,77,0,,,,,,,,,,,,6,3,2025-12-31,SSB
2025-12-01 00:00:00,808860800265,80,DW,08,E,81,001,H AYUNT TIXPEHUAL    Y095     ,1986-08-01 00:00:00, ,5A,ACTIVO,,,,2024-11-21,80,0,,,,,,,,,,,,4.5,4,2025-12-31,SSB
2025-12-01 00:00:00,808860800265,80,DW,08,E,81,001,H AYUNT TIXPEHUAL    Y095     ,1986-08-01 00:00:00, ,5A,ACTIVO,1,1674,8515,2024-11-21,80,0,,,,,,,,,,,,4.5,4,2025-12-31,SSB
2025-12-01 00:00:00,808860800273,80,DW,08,E,82,001,H AYUNT TIXPEHUAL    Y095     ,1986-08-01 00:00:00, ,5A,ACTIVO,1,800,4095,2024-11-21,42,0,,,,,,,,,,,,2.1499999999999999,2,2025-12-31,SSB
2025-12-01 00:00:00,808860800273,80,DW,08,E,82,001,H AYUNT TIXPEHUAL    Y095     ,1986-08-01 00:00:00, ,5A,ACTIVO,,,,2024-11-21,42,0,,,,,,,,,,,,2.1499999999999999,2,2025-12-31,SSB
2025-12-01 00:00:00,809030300053,80,DW,12,F,01,001,MUNICIPIO DE ISLA MUJERES     ,2003-02-26 00:00:00, ,5A,ACTIVO,1,1116,4410,2024-10-01,25,0,,,,,,,,,,,,,,,SSB
2025-12-01 00:00:00,809030600090,80,DW,12,F,01,001,MUNICIPIO DE ISLA MUJERES     ,2003-05-17 00:00:00, ,5A,ACTIVO,1,1488,7574,2024-10-01,13,0,,,,,,,,,,,,,,,SSB
2025-12-01 00:00:00,809030600111,80,DW,12,F,01,001,MUNICIPIO DE ISLA MUJERES     ,2003-05-17 00:00:00, ,5A,ACTIVO,,,,2024-10-01,17,0,,,,,,,,,,,,1.3,2.1299999999999999,2025-12-31,SSB
2025-12-01 00:00:00,809030600111,80,DW,12,F,01,001,MUNICIPIO DE ISLA MUJERES     ,2003-05-17 00:00:00, ,5A,ACTIVO,1,484,2497,2024-10-01,17,0,,,,,,,,,,,,1.3,2.1299999999999999,2025-12-31,SSB
2025-12-01 00:00:00,809030600146,80,DW,12,F,01,001,MUNICIPIO DE ISLA MUJERES     ,2003-05-17 00:00:00, ,5A,ACTIVO,,,,2024-10-01,27,0,,,,,,,,,,,,4,24,2025-12-31,SSB
2025-12-01 00:00:00,809030600146,80,DW,12,F,01,001,MUNICIPIO DE ISLA MUJERES     ,2003-05-17 00:00:00, ,5A,ACTIVO,1,1488,7574,2024-10-01,27,0,,,,,,,,,,,,4,24,2025-12-31,SSB
2025-12-01 00:00:00,809060900098,80,DW,12,F,01,001,MUNICIPIO DE ISLA MUJERES     ,2006-09-05 00:00:00, ,5A,ACTIVO,1,1488,7574,2024-10-01,20,0,,,,,,,,,,,,,,,SSB
2025-12-01 00:00:00,809110100381,80,DW,12,F,01,001,MUNICIPIO DE ISLA MUJERES     ,2011-01-25 00:00:00, ,5A,ACTIVO,1,1488,7574,2024-10-01,1,0,,,,,,,,,,,,,,,SSB
2025-12-01 00:00:00,810080702801,80,DW,22,A,01,001,MUNICIPIO DE PLAYA DEL CARMEN ,2008-06-10 00:00:00, ,02,ACTIVO,1,2567,12230,2024-11-27,334,0,,,,,,,,,,,,,,,SSB
2025-12-01 00:00:00,810080801256,80,DW,22,A,01,001,CABLEMASTELECOMUNICACIONESSACV,2008-07-10 00:00:00,6,02,ACTIVO,1,38961,188913,2024-06-28,92,0,,,,,,,,,,,,,,,SSB
2025-12-01 00:00:00,810191009934,80,DW,22,A,02,001,RED NACIONAL ULTIMA MILLA     ,2019-10-23 00:00:00,6,02,ACTIVO,1,937,4592,2024-06-26,14,0,,,,,,,,,,,,,,,SSB
2025-12-01 00:00:00,810191009969,80,DW,22,A,01,001,RED NACIONAL ULTIMA MILLA     ,2019-10-23 00:00:00,6,02,ACTIVO,1,335,1674,2024-06-26,5,0,,,,,,,,,,,,,,,SSB
2025-12-01 00:00:00,810230204049,80,DW,22,A,02,001,CFE TELECOM E INT PARA TODOS  ,2023-02-16 00:00:00,0,02,ACTIVO,1,2156,8862,2024-06-03,138,0,,,,,,,,,,,,,,,SSB
2025-12-01 00:00:00,812190701918,80,DW,22,C,07,806,RED NACIONAL ULTIMA MILLA     ,2019-02-28 00:00:00,6,02,ACTIVO,1,134,685,2024-06-26,2,0,,,,,,,,,,,,,,,SSB
2025-12-01 00:00:00,812240405240,80,DW,22,C,01,801,GOB DEL EDO LIBRE Y SOBERANO  ,2024-04-29 00:00:00,0,02,ACTIVO,1,1437,6868,2024-05-27,20,0,,,,,,,,,,,,,,,SSB
2025-12-01 00:00:00,810080709457,80,DW,22,B,01,001,CABLEMASTELECOMUNICACIONESSACV,2008-07-03 00:00:00,6,02,ACTIVO,1,13164,65209,2024-06-28,25,0,,,,,,,,,,,,,,,SSB
2025-12-01 00:00:00,810080207401,80,DW,22,A,01,001,MUNICIPIO DE PLAYA DEL CARMEN ,2008-02-21 00:00:00, ,5A,ACTIVO,1,24199,122429,2024-11-27,847,0,,,,,,,,,,,,,,,SSB
2025-12-01 00:00:00,809850700064,80,DW,12,F,01,001,MUNICIPIO DE ISLA MUJERES     ,1985-07-01 00:00:00, ,5A,ACTIVO,1,32736,165603,2024-10-08,83,0,,,,,,,,,,,,,,,SSB
2025-12-01 00:00:00,809100300056,80,DW,12,F,01,001,MUNICIPIO DE ISLA MUJERES     ,2010-03-01 00:00:00, ,02,ACTIVO,1,3265,15542,2024-11-05,1,0,,,,,,,,,,,,,,,SSB
2025-12-01 00:00:00,809080900272,80,DW,12,F,01,001,MUNICIPIO DE ISLA MUJERES     ,2008-09-05 00:00:00, ,5A,ACTIVO,1,1488,7574,2024-10-01,2,0,,,,,,,,,,,,4,0.25,2025-12-31,SSB
2025-12-01 00:00:00,809080900272,80,DW,12,F,01,001,MUNICIPIO DE ISLA MUJERES     ,2008-09-05 00:00:00, ,5A,ACTIVO,,,,2024-10-01,2,0,,,,,,,,,,,,4,0.25,2025-12-31,SSB
2025-12-01 00:00:00,809070500233,80,DW,12,F,01,001,H AYUNTAMIENTO ISLA MUJERES   ,2007-06-11 00:00:00, ,5A,ACTIVO,1,7674,38859,2024-10-16,468,0,,,,,,,,,,,,20.629999999999999,85.849999999999994,2025-12-31,SSB
2025-12-01 00:00:00,809070500233,80,DW,12,F,01,001,H AYUNTAMIENTO ISLA MUJERES   ,2007-06-11 00:00:00, ,5A,ACTIVO,,,,2024-10-16,468,0,,,,,,,,,,,,20.629999999999999,85.849999999999994,2025-12-31,SSB
2025-12-01 00:00:00,809020200271,80,DW,12,F,01,001,H AYUNTAMIENTO ISLA MUJERES   ,2002-01-31 00:00:00, ,5A,ACTIVO,1,744,3811,2024-10-01,5,0,,,,,,,,,,,,2,5,2025-12-31,SSB
2025-12-01 00:00:00,809020200271,80,DW,12,F,01,001,H AYUNTAMIENTO ISLA MUJERES   ,2002-01-31 00:00:00, ,5A,ACTIVO,,,,2024-10-01,5,0,,,,,,,,,,,,2,5,2025-12-31,SSB
2025-12-01 00:00:00,809020200255,80,DW,12,F,01,001,H AYUNTAMIENTO ISLA MUJERES   ,2002-01-31 00:00:00, ,5A,ACTIVO,1,1116,5693,2024-10-01,50,0,,,,,,,,,,,,3,6.25,2025-12-31,SSB
2025-12-01 00:00:00,809020200255,80,DW,12,F,01,001,H AYUNTAMIENTO ISLA MUJERES   ,2002-01-31 00:00:00, ,5A,ACTIVO,,,,2024-10-01,50,0,,,,,,,,,,,,3,6.25,2025-12-31,SSB
2025-12-01 00:00:00,809010400612,80,DW,12,F,01,001,MUNICIPIO DE ISLA MUJERES     ,2001-04-17 00:00:00, ,5A,ACTIVO,,,,2024-10-25,2,0,,,,,,,,,,,,3,42,2025-12-31,SSB
2025-12-01 00:00:00,809010400612,80,DW,12,F,01,001,MUNICIPIO DE ISLA MUJERES     ,2001-04-17 00:00:00, ,5A,ACTIVO,1,1116,5693,2024-10-25,2,0,,,,,,,,,,,,3,42,2025-12-31,SSB
2025-12-01 00:00:00,808900300236,80,DW,08,E,83,001,MUNICIPIO DE BACA             ,1990-03-31 00:00:00,6,5A,ACTIVO,1,372,1930,2024-06-20,15,0,,,,,,,,,,,,,,,SSB
2025-12-01 00:00:00,812080201162,80,DW,22,A,02,001,MUNICIPIO DE PLAYA DEL CARMEN ,2005-09-06 00:00:00, ,5A,ACTIVO,1,21457,108562,2024-11-27,549,0,,,,,,,,,,,,,,,SSB
2025-12-01 00:00:00,811240401183,80,DW,22,B,01,001,GOB DEL EDO LIBRE Y SOBERANO  ,2024-04-29 00:00:00,0,02,ACTIVO,1,3909,19399,2024-05-27,45,0,,,,,,,,,,,,,,,SSB
2025-12-01 00:00:00,811190101418,80,DW,22,B,01,001,RED NACIONAL ULTIMA MILLA     ,2018-12-04 00:00:00,6,02,ACTIVO,1,4152,20602,2024-06-26,62,0,,,,,,,,,,,,,,,SSB
2025-12-01 00:00:00,810240412669,80,DW,22,A,02,001,GOB DEL EDO LIBRE Y SOBERANO  ,2024-04-29 00:00:00,0,02,ACTIVO,1,3899,18950,2024-05-27,52,0,,,,,,,,,,,,,,,SSB
2025-12-01 00:00:00,812080702196,80,DW,22,C,01,801,CABLEMASTELECOMUNICACIONESSACV,2008-07-10 00:00:00,6,02,ACTIVO,1,3878,18451,2024-06-28,15,0,,,,,,,,,,,,,,,SSB
