Fecha_Ade,Rpu,Ciclo,Division,Zona,Agencia,Poblacion,Ruta,Nombre,Fecha_Alta,Clave_Envio,Tarifa,Estado_Servicio,Tipo_ade,Kwh,Importe,Censo_Fecha,Numero_Lamparas,Conectores,Fecha_Lectura_Kavi,Num_Tarea_Kavi,Tipo_Tarea_Kavi,RPE_Lectura_Kavi,Medidor_Kavi,Kwh_Kavi,Modo_Captura_Kavi,Cve_Anom_Kavi,Desc_Anom_Kavi,Validacion_Kavi,Tiene_Foto_Kavi,Carga_Instalada,Censo_Tarifa,Fecha_SERSAP,Proceso
2025-02-01 00:00:00,315190101194,80,DW,04,A,01,001,RED NACIONAL ULTIMA MILLA     ,2018-12-04 00:00:00,6,02,ACTIVO,1,12399,64122,2020-01-20,30,0,,,,,,,,,,,,,,,SSB
2025-02-01 00:00:00,315191100515,80,DW,04,A,01,001,CABLEMAS TELECOMUNICACIONES SA,2019-11-14 00:00:00,6,02,ACTIVO,1,8485,43897,2021-10-26,12,0,,,,,,,,,,,,,,,SSB
2025-02-01 00:00:00,770011002331,80,DW,01,A,01,001,MUNICIPIO DE MERIDA YUCATAN   ,2001-09-30 00:00:00, ,5A,ACTIVO,,,,2024-07-01,24,0,,,,,,,,,,,,1.8999999761580999,2.2000000476836998,2025-02-28,SSB
2025-02-01 00:00:00,770100300087,80,DW,01,E,02,001,MUNICIPIO DE MERIDA YUCATAN   ,2010-03-01 00:00:00, ,5A,ACTIVO,,,,2024-08-30,52,0,,,,,,,,,,,,7,5.9000000953673997,2025-02-28,SSB
2025-02-01 00:00:00,770100302276,80,DW,01,E,02,001,MUNICIPIO DE MERIDA YUCATAN   ,2010-03-01 00:00:00, ,5A,ACTIVO,,,,2024-11-15,4,0,,,,,,,,,,,,0.60000002384186002,1,2025-02-28,SSB
2025-02-01 00:00:00,770100501392,80,DW,01,E,02,001,MUNICIPIO DE MERIDA YUCATAN   ,2010-05-25 00:00:00, ,5A,ACTIVO,,,,2024-11-15,4,0,,,,,,,,,,,,0.5,0.69999998807907005,2025-02-28,SSB
2025-02-01 00:00:00,770110601727,80,DW,01,C,01,001,MUNICIPIO DE MERIDA YUCATAN   ,2011-06-20 00:00:00, ,5A,ACTIVO,,,,2024-08-09,3,0,,,,,,,,,,,,0.40000000596045998,1,2025-02-28,SSB
2025-02-01 00:00:00,770981101278,80,DW,01,A,01,001,INST DE INFR  CARR  DE YUC    ,1998-11-30 00:00:00,C,5A,ACTIVO,,,,2024-12-26,13079,0,,,,,,,,,,,,143.80000305176,71.900001525879006,2025-02-28,SSB
2025-02-01 00:00:00,771000357291,80,DW,01,B,01,801,MUNICIPIO DE MERIDA YUCATAN   ,2000-02-22 00:00:00, ,5A,ACTIVO,,,,2024-06-14,22,0,,,,,,,,,,,,2.75,2.2000000476836998,2025-02-28,SSB
2025-02-01 00:00:00,771011009651,80,DW,01,B,01,801,MUNICIPIO DE MERIDA YUCATAN   ,2001-09-30 00:00:00, ,5A,ACTIVO,,,,2024-11-15,53,0,,,,,,,,,,,,7.5,6.1999998092651003,2025-02-28,SSB
2025-02-01 00:00:00,771070505319,80,DW,01,B,01,801,MUNICIPIO DE MERIDA YUCATAN   ,2007-05-29 00:00:00, ,5A,ACTIVO,,,,2024-06-19,11,0,,,,,,,,,,,,1.125,1.2999999523162999,2025-02-28,SSB
2025-02-01 00:00:00,772011100069,80,DW,01,C,01,001,MUNICIPIO DE MERIDA YUCATAN   ,2001-09-30 00:00:00, ,5A,ACTIVO,,,,2024-11-15,36,0,,,,,,,,,,,,5.4000000953673997,4.5,2025-02-28,SSB
2025-02-01 00:00:00,772080100399,80,DW,01,C,01,001,MUNICIPIO DE MERIDA YUCATAN   ,2007-10-05 00:00:00, ,5A,ACTIVO,,,,2024-11-15,11,0,,,,,,,,,,,,0.89999997615813998,1.1000000238419001,2025-02-28,SSB
2025-02-01 00:00:00,772080100500,80,DW,01,C,01,001,MUNICIPIO DE MERIDA YUCATAN   ,2007-10-05 00:00:00, ,5A,ACTIVO,,,,2024-11-15,10,0,,,,,,,,,,,,1.2999999523162999,1.3999999761580999,2025-02-28,SSB
2025-02-01 00:00:00,772180701055,80,DW,01,C,01,001,MUNICIPIO DE MERIDA YUCATAN   ,2018-07-24 00:00:00, ,5A,ACTIVO,,,,2024-11-29,23,0,,,,,,,,,,,,2.7999999523163002,0.10000000149012001,2025-02-28,SSB
2025-02-01 00:00:00,772180701063,80,DW,01,C,01,001,MUNICIPIO DE MERIDA YUCATAN   ,2018-07-24 00:00:00, ,5A,ACTIVO,,,,2024-11-15,30,0,,,,,,,,,,,,1.2999999523162999,1,2025-02-28,SSB
2025-02-01 00:00:00,772210702493,80,DW,01,C,01,001,MUNICIPIO DE MERIDA YUCATAN   ,2021-07-30 00:00:00, ,5A,ACTIVO,,,,2024-11-15,3,0,,,,,,,,,,,,1,0.30000001192093001,2025-02-28,SSB
2025-02-01 00:00:00,772210702540,80,DW,01,C,01,001,MUNICIPIO DE MERIDA YUCATAN   ,2021-07-30 00:00:00, ,5A,ACTIVO,,,,2024-08-22,5,0,,,,,,,,,,,,1,0.40000000596045998,2025-02-28,SSB
2025-02-01 00:00:00,773050900214,80,DW,01,J,23,801,H AYUNTAMIENTO DE KANASIN     ,2005-10-11 00:00:00,6,5A,ACTIVO,,,,2024-12-17,50,0,,,,,,,,,,,,1.7999999523162999,3.3399999141693,2025-02-28,SSB
2025-02-01 00:00:00,773050303569,80,DW,01,D,01,001,MUNICIPIO DE MERIDA YUCATAN   ,2004-10-18 00:00:00, ,5A,ACTIVO,,,,2024-08-07,9,0,,,,,,,,,,,,5.5,1.1000000238419001,2025-02-28,SSB
2025-02-01 00:00:00,773011004805,80,DW,01,D,01,001,MUNICIPIO DE MERIDA YUCATAN   ,2001-09-30 00:00:00, ,5A,ACTIVO,,,,2024-11-08,12,0,,,,,,,,,,,,2.5,1.5,2025-02-28,SSB
2025-02-01 00:00:00,773071103250,80,DW,01,B,01,801,MUNICIPIO DE MERIDA YUCATAN   ,2007-09-18 00:00:00, ,5A,ACTIVO,,,,2024-11-15,16,0,,,,,,,,,,,,4.5999999046326003,3,2025-02-28,SSB
2025-02-01 00:00:00,773011004660,80,DW,01,D,01,001,MUNICIPIO DE MERIDA YUCATAN   ,2001-09-30 00:00:00, ,5A,ACTIVO,,,,2024-06-14,34,0,,,,,,,,,,,,3.9000000953674001,7.1999998092651003,2025-02-28,SSB
2025-02-01 00:00:00,772071201514,80,DW,01,E,02,001,MUNICIPIO DE MERIDA YUCATAN   ,2007-10-09 00:00:00, ,5A,ACTIVO,,,,2024-08-30,26,0,,,,,,,,,,,,6,2.9000000953674001,2025-02-28,SSB
2025-02-01 00:00:00,773230800226,80,DW,01,D,01,001,MUNICIPIO DE MERIDA YUCATAN   ,2023-08-03 00:00:00, ,02,ACTIVO,1,979,4859,,,0,,,,,,,,,,,,,,,GSC
2025-02-01 00:00:00,773230800307,80,DW,01,D,01,001,MUNICIPIO DE MERIDA YUCATAN   ,2023-08-03 00:00:00, ,02,ACTIVO,1,575,2874,,,0,,,,,,,,,,,,,,,GSC
2025-02-01 00:00:00,773240903945,80,DW,01,D,01,001,AGENCIA DE TRANSPORTE DE YUCAT,2024-12-27 00:00:00,0,02,ACTIVO,1,0,85,,,0,,,,,,,,,,,,,,,GSC
2025-02-01 00:00:00,771171002849,80,DW,01,B,01,801,MUNICIPIO DE MERIDA YUCATAN   ,2017-10-23 00:00:00, ,5A,ACTIVO,,,,2024-11-15,30,0,,,,,,,,,,,,7,10.5,2025-02-28,SSB
2025-02-01 00:00:00,773980303453,80,DW,01,D,01,001,MUNICIPIO DE MERIDA YUCATAN   ,1998-03-06 00:00:00, ,5A,ACTIVO,,,,2024-11-15,3,0,,,,,,,,,,,,1.2879999876021999,2.5,2025-02-28,SSB
2025-02-01 00:00:00,774010705270,80,DW,01,E,02,001,MUNICIPIO DE MERIDA YUCATAN   ,2001-05-28 00:00:00, ,5A,ACTIVO,,,,2024-07-17,68,0,,,,,,,,,,,,9,10.89999961853,2025-02-28,SSB
2025-02-01 00:00:00,771100402498,80,DW,01,M,33,001,MUNICIPIO DE MERIDA YUCATAN   ,2010-04-13 00:00:00, ,5A,ACTIVO,,,,2024-11-15,35,0,,,,,,,,,,,,9.1300001144409002,3.7000000476836998,2025-02-28,SSB
2025-02-01 00:00:00,771100402471,80,DW,01,M,17,801,MUNICIPIO DE MERIDA YUCATAN   ,2010-04-13 00:00:00, ,5A,ACTIVO,,,,2024-08-28,48,0,,,,,,,,,,,,9.6000003814696999,7.9000000953673997,2025-02-28,SSB
2025-02-01 00:00:00,771080106251,80,DW,01,B,01,801,MUNICIPIO DE MERIDA YUCATAN   ,2007-08-31 00:00:00, ,5A,ACTIVO,,,,2024-06-14,316,0,,,,,,,,,,,,9,1,2025-02-28,SSB
2025-02-01 00:00:00,774040401364,80,DW,01,E,02,001,MUNICIPIO DE MERIDA YUCATAN   ,2004-04-07 00:00:00, ,5A,ACTIVO,,,,2024-11-15,43,0,,,,,,,,,,,,8,7.6999998092651003,2025-02-28,SSB
2025-02-01 00:00:00,774050803525,80,DW,01,E,02,001,MUNICIPIO DE MERIDA YUCATAN   ,2005-07-29 00:00:00, ,5A,ACTIVO,,,,2024-07-23,20,0,,,,,,,,,,,,4,3.2999999523163002,2025-02-28,SSB
2025-02-01 00:00:00,774051001805,80,DW,01,E,02,001,MUNICIPIO DE MERIDA YUCATAN   ,2005-08-29 00:00:00, ,5A,ACTIVO,,,,2024-11-15,13,0,,,,,,,,,,,,2,3.2999999523163002,2025-02-28,SSB
2025-02-01 00:00:00,774060400101,80,DW,01,E,02,001,MUNICIPIO DE MERIDA YUCATAN   ,2006-04-05 00:00:00, ,5A,ACTIVO,,,,2024-11-15,9,0,,,,,,,,,,,,8.6999998092650994,1.3999999761580999,2025-02-28,SSB
2025-02-01 00:00:00,774060400615,80,DW,01,E,02,001,MUNICIPIO DE MERIDA YUCATAN   ,2006-03-24 00:00:00, ,5A,ACTIVO,,,,2024-07-23,26,0,,,,,,,,,,,,4,3.5,2025-02-28,SSB
2025-02-01 00:00:00,771080106242,80,DW,01,B,01,801,MUNICIPIO DE MERIDA YUCATAN   ,2007-08-31 00:00:00, ,5A,ACTIVO,,,,2024-06-11,12,0,,,,,,,,,,,,1.5,2.2999999523163002,2025-02-28,SSB
2025-02-01 00:00:00,774071203510,80,DW,01,E,02,001,MUNICIPIO DE MERIDA YUCATAN   ,2007-10-11 00:00:00, ,5A,ACTIVO,,,,2024-11-15,14,0,,,,,,,,,,,,3,2,2025-02-28,SSB
2025-02-01 00:00:00,771060600411,80,DW,01,B,01,801,MUNICIPIO DE MERIDA YUCATAN   ,2006-06-02 00:00:00, ,5A,ACTIVO,,,,2024-11-15,10,0,,,,,,,,,,,,3.2000000476836998,1.3999999761580999,2025-02-28,SSB
2025-02-01 00:00:00,771050404753,80,DW,01,B,01,801,MUNICIPIO DE MERIDA YUCATAN   ,2005-04-26 00:00:00, ,5A,ACTIVO,,,,2024-06-26,24,0,,,,,,,,,,,,2,2.5,2025-02-28,SSB
2025-02-01 00:00:00,771011011043,80,DW,01,B,01,801,MUNICIPIO DE MERIDA YUCATAN   ,2001-09-30 00:00:00, ,5A,ACTIVO,,,,2024-06-19,16,0,,,,,,,,,,,,2,1.7000000476837001,2025-02-28,SSB
2025-02-01 00:00:00,774200300179,80,DW,01,E,02,001,MUNICIPIO DE MERIDA           ,2020-03-03 00:00:00, ,5A,ACTIVO,,,,2024-11-15,15,0,,,,,,,,,,,,1,0.5,2025-02-28,SSB
2025-02-01 00:00:00,771011010951,80,DW,01,B,01,801,MUNICIPIO DE MERIDA YUCATAN   ,2001-09-30 00:00:00, ,5A,ACTIVO,,,,2024-06-20,46,0,,,,,,,,,,,,7,6,2025-02-28,SSB
2025-02-01 00:00:00,771011010853,80,DW,01,B,01,801,MUNICIPIO DE MERIDA YUCATAN   ,2001-09-30 00:00:00, ,5A,ACTIVO,,,,2024-06-20,48,0,,,,,,,,,,,,5,5.3000001907348997,2025-02-28,SSB
2025-02-01 00:00:00,776081103931,80,DW,01,E,02,001,MUNICIPIO DE MERIDA YUCATAN   ,2008-11-05 00:00:00, ,5A,ACTIVO,,,,2024-08-30,43,0,,,,,,,,,,,,6,5.4000000953673997,2025-02-28,SSB
2025-02-01 00:00:00,771011010837,80,DW,01,B,01,801,MUNICIPIO DE MERIDA YUCATAN   ,2001-09-30 00:00:00, ,5A,ACTIVO,,,,2024-11-15,39,0,,,,,,,,,,,,4.75,4.6999998092651003,2025-02-28,SSB
2025-02-01 00:00:00,771011010527,80,DW,01,B,01,801,MUNICIPIO DE MERIDA YUCATAN   ,2001-09-30 00:00:00, ,5A,ACTIVO,,,,2024-11-15,25,0,,,,,,,,,,,,3.4000000953674001,3.2000000476836998,2025-02-28,SSB
2025-02-01 00:00:00,776110801287,80,DW,01,E,02,001,MUNICIPIO DE MERIDA YUCATAN   ,2011-07-06 00:00:00, ,5A,ACTIVO,,,,2024-08-30,54,0,,,,,,,,,,,,7,6.5,2025-02-28,SSB
2025-02-01 00:00:00,776110801295,80,DW,01,E,02,001,MUNICIPIO DE MERIDA YUCATAN   ,2011-07-06 00:00:00, ,5A,ACTIVO,,,,2024-08-30,46,0,,,,,,,,,,,,6,5.6999998092651003,2025-02-28,SSB
2025-02-01 00:00:00,770011002412,80,DW,01,A,01,001,MUNICIPIO DE MERIDA YUCATAN   ,2001-09-30 00:00:00, ,5A,ACTIVO,,,,2024-11-29,35,0,,,,,,,,,,,,6,5.4000000953673997,2025-02-28,SSB
2025-02-01 00:00:00,770011002404,80,DW,01,A,01,001,MUNICIPIO DE MERIDA YUCATAN   ,2001-09-30 00:00:00, ,5A,ACTIVO,,,,2024-08-30,24,0,,,,,,,,,,,,29,4.3000001907348997,2025-02-28,SSB
2025-02-01 00:00:00,776171203854,80,DW,01,H,36,001,MUNICIPIO DE HUNUCMA          ,2017-12-31 00:00:00, ,5A,ACTIVO,,,,2024-11-29,2,0,,,,,,,,,,,,1,0.20000000298022999,2025-02-28,SSB
2025-02-01 00:00:00,776171203871,80,DW,01,H,36,001,MUNICIPIO DE HUNUCMA          ,2017-12-31 00:00:00, ,5A,ACTIVO,,,,2024-11-29,4,0,,,,,,,,,,,,0.5,0.47999998927116,2025-02-28,SSB
2025-02-01 00:00:00,770011002226,80,DW,01,A,01,001,MUNICIPIO DE MERIDA YUCATAN   ,2001-09-30 00:00:00, ,5A,ACTIVO,,,,2024-11-05,55,0,,,,,,,,,,,,5,6.1999998092651003,2025-02-28,SSB
2025-02-01 00:00:00,770011002188,80,DW,01,A,01,001,MUNICIPIO DE MERIDA YUCATAN   ,2001-09-30 00:00:00, ,5A,ACTIVO,,,,2024-06-10,27,0,,,,,,,,,,,,3,3.7999999523163002,2025-02-28,SSB
2025-02-01 00:00:00,777180600625,80,DW,01,J,02,801,MUNICIPIO DE MERIDA YUCATAN   ,2018-06-10 00:00:00, ,5A,ACTIVO,,,,2024-09-28,2,0,,,,,,,,,,,,1,0.40000000596045998,2025-02-28,SSB
2025-02-01 00:00:00,777210403072,80,DW,01,J,02,801,MUNICIPIO DE MERIDA YUCATAN   ,2021-05-28 00:00:00, ,5A,ACTIVO,,,,2024-10-02,3,0,,,,,,,,,,,,1,1.1000000238419001,2025-02-28,SSB
2025-02-01 00:00:00,777240802141,80,DW,01,J,48,001,MUNICIPIO DE MERIDA YUCATAN   ,2024-08-31 00:00:00, ,5A,ACTIVO,,,,2024-11-26,4,0,,,,,,,,,,,,1,202020.203125,2025-02-28,SSB
2025-02-01 00:00:00,315191001649,80,DW,04,A,24,001,H AYUNTAMIENTO ALUMB PUB SAN A,2019-10-28 00:00:00,6,5A,ACTIVO,,,,2024-10-21,58,0,,,,,,,,,,,,4,3,2025-02-28,SSB
2025-02-01 00:00:00,315191001525,80,DW,04,A,01,001,RED NACIONAL ULTIMA MILLA     ,2019-10-23 00:00:00,6,02,ACTIVO,1,5040,26096,,,0,,,,,,,,,,,,,,,GSC
2025-02-01 00:00:00,779180702285,80,DW,01,M,13,001,MUNICIPIO DE MERIDA YUCATAN   ,2018-08-01 00:00:00, ,5A,ACTIVO,,,,2024-11-15,17,0,,,,,,,,,,,,1,2.2999999523163002,2025-02-28,SSB
2025-02-01 00:00:00,315191001517,80,DW,04,A,01,001,RED NACIONAL ULTIMA MILLA     ,2019-10-23 00:00:00,6,02,ACTIVO,1,402,2129,,,0,,,,,,,,,,,,,,,GSC
2025-02-01 00:00:00,779191104347,80,DW,01,M,17,801,MUNICIPIO DE MERIDA YUCATAN   ,2019-11-30 00:00:00, ,5A,ACTIVO,,,,2024-06-28,2,0,,,,,,,,,,,,0.5,0.69999998807907005,2025-02-28,SSB
2025-02-01 00:00:00,779250104321,04,DW,01,M,01,044,CASTILLA BLANCO GABRIELA ALEJA,2025-01-23 00:00:00,0,02,ACTIVO,1,2,2980,,,1,,,,,,,,,,,,,,,GSC
2025-02-01 00:00:00,773050902004,80,DW,01,D,05,001,MUNICIPIO DE KANASIN YUCATAN  ,2005-10-05 00:00:00,6,5A,ACTIVO,,,,2024-12-18,21,0,,,,,,,,,,,,4.125,1.5599999427794999,2025-02-28,SSB
2025-02-01 00:00:00,780000360053,80,DW,12,B,01,001,MUNICIPIO DE BENITO JUAREZ    ,1998-03-15 00:00:00, ,5A,ACTIVO,,,,2024-11-30,164,0,,,,,,,,,,,,7.1999998092651003,86.400001525879006,2025-02-28,SSB
2025-02-01 00:00:00,780000360061,80,DW,12,D,02,001,MUNICIPIO PUERTO MORELOS      ,1999-05-01 00:00:00, ,5A,ACTIVO,,,,2024-08-01,307,0,,,,,,,,,,,,49,44.020000457763999,2025-02-28,SSB
2025-02-01 00:00:00,780000360100,80,DW,12,C,01,001,MUNICIPIO DE BENITO JUAREZ    ,1998-03-15 00:00:00, ,5A,ACTIVO,,,,2024-10-10,250,0,,,,,,,,,,,,13,13.086999893188,2025-02-28,SSB
2025-02-01 00:00:00,780000360134,80,DW,12,C,01,001,MUNICIPIO DE BENITO JUAREZ    ,2000-01-02 00:00:00, ,5A,ACTIVO,,,,2024-12-19,176,0,,,,,,,,,,,,3,10.970000267029,2025-02-28,SSB
2025-02-01 00:00:00,780000360151,80,DW,12,D,01,001,MUNICIPIO DE BENITO JUAREZ    ,1998-03-15 00:00:00, ,5A,ACTIVO,,,,2024-12-04,40,0,,,,,,,,,,,,1.6699999570846999,20.040000915526999,2025-02-28,SSB
2025-02-01 00:00:00,773071100781,80,DW,01,B,01,801,MUNICIPIO DE MERIDA YUCATAN   ,2007-08-29 00:00:00, ,5A,ACTIVO,,,,2024-06-24,27,0,,,,,,,,,,,,0.60000002384186002,4.5,2025-02-28,SSB
2025-02-01 00:00:00,773071201553,80,DW,01,D,01,001,MUNICIPIO DE MERIDA YUCATAN   ,2007-09-24 00:00:00, ,02,ACTIVO,1,660,3292,2019-09-30,10,0,,,,,,,,,,,,,,,SSB
2025-02-01 00:00:00,773190400599,80,DW,01,D,05,001,DESARROLLADORA SAN MARINO SAPI,2019-04-15 00:00:00,0,5A,ACTIVO,,,,2024-07-24,100,0,,,,,,,,,,,,12.5,25.89999961853,2025-02-28,SSB
2025-02-01 00:00:00,773790500775,80,DW,01,D,01,001,MUNICIPIO DE MERIDA YUCATAN   ,1979-05-19 00:00:00, ,02,ACTIVO,1,0,49,2009-11-17,1,0,,,,,,,,,,,,,,,SSB
2025-02-01 00:00:00,774011004542,80,DW,01,E,02,001,MUNICIPIO DE MERIDA YUCATAN   ,2001-09-30 00:00:00, ,5A,ACTIVO,,,,2024-08-30,15,0,,,,,,,,,,,,1.7999999523162999,4.3000001907348997,2025-02-28,SSB
2025-02-01 00:00:00,774011100207,80,DW,01,E,02,001,MUNICIPIO DE MERIDA YUCATAN   ,2001-09-30 00:00:00, ,5A,ACTIVO,,,,2024-07-27,40,0,,,,,,,,,,,,6,5.5,2025-02-28,SSB
2025-02-01 00:00:00,780010404997,80,DW,12,A,01,001,MUNICIPIO DE BENITO JUAREZ    ,2001-04-17 00:00:00, ,5A,ACTIVO,,,,2024-11-30,16,0,,,,,,,,,,,,1.1039999723434,26.496000289916999,2025-02-28,SSB
2025-02-01 00:00:00,774011100258,80,DW,01,E,02,001,MUNICIPIO DE MERIDA YUCATAN   ,2001-09-30 00:00:00, ,5A,ACTIVO,,,,2024-11-15,24,0,,,,,,,,,,,,7,7.4000000953673997,2025-02-28,SSB
2025-02-01 00:00:00,774070700765,80,DW,01,E,02,001,MUNICIPIO DE MERIDA YUCATAN   ,2007-01-16 00:00:00, ,5A,ACTIVO,,,,2024-11-15,3,0,,,,,,,,,,,,0.40000000596045998,0.80000001192092995,2025-02-28,SSB
2025-02-01 00:00:00,780020202659,80,DW,12,B,01,001,MUNICIPIO DE BENITO JUAREZ    ,2002-01-03 00:00:00, ,5A,ACTIVO,,,,2024-11-30,83,0,,,,,,,,,,,,3.2000000476836998,38.400001525878999,2025-02-28,SSB
2025-02-01 00:00:00,780020202683,80,DW,12,A,01,001,MUNICIPIO DE BENITO JUAREZ    ,2001-10-08 00:00:00, ,5A,ACTIVO,,,,2024-11-30,29,0,,,,,,,,,,,,3.2999999523163002,39.599998474121001,2025-02-28,SSB
2025-02-01 00:00:00,780020203281,80,DW,12,C,01,001,MUNICIPIO DE BENITO JUAREZ    ,2002-02-07 00:00:00, ,5A,ACTIVO,,,,2024-12-19,41,0,,,,,,,,,,,,3,2.4049999713897998,2025-02-28,SSB
2025-02-01 00:00:00,780020203302,80,DW,12,C,01,001,MUNICIPIO DE BENITO JUAREZ    ,2001-02-07 00:00:00, ,5A,ACTIVO,,,,2024-12-19,130,0,,,,,,,,,,,,7,8.4200000762938991,2025-02-28,SSB
2025-02-01 00:00:00,774071204885,80,DW,01,E,02,001,MUNICIPIO DE MERIDA YUCATAN   ,2007-10-22 00:00:00, ,5A,ACTIVO,,,,2024-07-03,57,0,,,,,,,,,,,,7,6.8000001907348997,2025-02-28,SSB
2025-02-01 00:00:00,774071205598,80,DW,01,E,02,001,MUNICIPIO DE MERIDA YUCATAN   ,2007-10-24 00:00:00, ,5A,ACTIVO,,,,2024-06-21,5,0,,,,,,,,,,,,1,0.69999998807907005,2025-02-28,SSB
2025-02-01 00:00:00,774150103806,80,DW,01,E,02,001,MUNICIPIO DE MERIDA YUCATAN   ,2015-01-29 00:00:00, ,5A,ACTIVO,,,,2024-11-15,28,0,,,,,,,,,,,,6.6999998092651003,6.5999999046326003,2025-02-28,SSB
2025-02-01 00:00:00,775140600468,80,DW,01,G,01,001,MUNICIPIO DE PROGRESO YUCATAN ,2014-06-06 00:00:00,6,5A,ACTIVO,,,,2024-11-25,17,0,,,,,,,,,,,,7,1.2999999523162999,2025-02-28,SSB
2025-02-01 00:00:00,780030203084,80,DW,12,D,01,001,MUNICIPIO DE BENITO JUAREZ    ,2003-01-02 00:00:00, ,5A,ACTIVO,,,,2024-11-25,117,0,,,,,,,,,,,,5.6909999847412003,136.58399963379,2025-02-28,SSB
2025-02-01 00:00:00,780030300217,80,DW,12,C,01,001,MUNICIPIO DE BENITO JUAREZ    ,2003-02-24 00:00:00, ,5A,ACTIVO,,,,2024-12-04,36,0,,,,,,,,,,,,4.0999999046326003,49.200000762938998,2025-02-28,SSB
2025-02-01 00:00:00,780030901199,80,DW,12,A,05,001,MUNICIPIO PUERTO MORELOS      ,2003-09-08 00:00:00, ,5A,ACTIVO,,,,2024-07-24,166,0,,,,,,,,,,,,9,13.829999923706,2025-02-28,SSB
2025-02-01 00:00:00,780050300825,80,DW,12,C,01,001,MUNICIPIO DE BENITO JUAREZ    ,2005-02-07 00:00:00, ,5A,ACTIVO,,,,2024-10-09,38,0,,,,,,,,,,,,3,2.0209999084472998,2025-02-28,SSB
2025-02-01 00:00:00,780051000043,80,DW,12,A,01,001,MUNICIPIO DE BENITO JUAREZ    ,2004-01-01 00:00:00, ,5A,ACTIVO,,,,2024-11-30,16,0,,,,,,,,,,,,6,72,2025-02-28,SSB
2025-02-01 00:00:00,780061103266,80,DW,12,A,01,001,MUNICIPIO DE BENITO JUAREZ    ,2006-11-27 00:00:00, ,5A,ACTIVO,,,,2024-12-18,40,0,,,,,,,,,,,,2,4.0399999618529998,2025-02-28,SSB
2025-02-01 00:00:00,780061103282,80,DW,12,A,01,001,MUNICIPIO DE BENITO JUAREZ    ,2006-11-22 00:00:00, ,5A,ACTIVO,,,,2024-12-18,21,0,,,,,,,,,,,,3,2.1710000038146999,2025-02-28,SSB
2025-02-01 00:00:00,780080103501,80,DW,12,D,01,001,MUNICIPIO DE BENITO JUAREZ    ,2007-12-19 00:00:00, ,5A,ACTIVO,,,,2024-12-05,83,0,,,,,,,,,,,,4.2699999809265003,51.165000915527003,2025-02-28,SSB
2025-02-01 00:00:00,780080406156,80,DW,12,A,01,001,MUNICIPIO DE BENITO JUAREZ    ,2008-04-14 00:00:00, ,5A,ACTIVO,,,,2024-12-18,34,0,,,,,,,,,,,,4,3.7309999465942001,2025-02-28,SSB
2025-02-01 00:00:00,775190900098,80,DW,01,G,02,001,MUNICIPIO DE MERIDA YUCATAN   ,2019-09-04 00:00:00, ,5A,ACTIVO,,,,2024-10-01,4,0,,,,,,,,,,,,1,0.40000000596045998,2025-02-28,SSB
2025-02-01 00:00:00,776090702091,80,DW,01,H,36,001,GUSTAVO REYES PONCE           ,2009-07-30 00:00:00, ,5A,ACTIVO,,,,2024-08-06,4,0,,,,,,,,,,,,0.30000001192093001,1,2025-02-28,SSB
2025-02-01 00:00:00,780111201922,80,DW,12,A,01,001,MUNICIPIO DE BENITO JUAREZ    ,2011-12-20 00:00:00, ,5A,ACTIVO,,,,2024-11-30,132,0,,,,,,,,,,,,10.300000190735,123.59999847412,2025-02-28,SSB
2025-02-01 00:00:00,780111202074,80,DW,12,A,01,001,MUNICIPIO DE BENITO JUAREZ    ,2011-12-20 00:00:00, ,5A,ACTIVO,,,,2024-11-20,60,0,,,,,,,,,,,,7,9.0810003280640004,2025-02-28,SSB
2025-02-01 00:00:00,780131200043,80,DW,12,A,01,001,MUNICIPIO DE BENITO JUAREZ    ,2014-01-02 00:00:00, ,5A,ACTIVO,,,,2024-11-30,32,0,,,,,,,,,,,,2.4000000953674001,28.799999237061002,2025-02-28,SSB
2025-02-01 00:00:00,780141001898,80,DW,12,A,01,001,MUNICIPIO DE BENITO JUAREZ    ,2014-10-17 00:00:00, ,5A,ACTIVO,,,,2024-11-30,27,0,,,,,,,,,,,,0.24300000071526001,5.8319997787476003,2025-02-28,SSB
2025-02-01 00:00:00,780170700622,80,DW,12,A,01,001,MUNICIPIO DE BENITO JUAREZ    ,2017-07-07 00:00:00, ,5A,ACTIVO,,,,2024-10-14,42,0,,,,,,,,,,,,5,3.2999999523163002,2025-02-28,SSB
2025-02-01 00:00:00,776110305069,80,DW,01,E,02,001,MUNICIPIO DE MERIDA YUCATAN   ,2011-10-25 00:00:00, ,5A,ACTIVO,,,,2024-08-30,100,0,,,,,,,,,,,,14,12.800000190735,2025-02-28,SSB
2025-02-01 00:00:00,780190703156,80,DW,12,A,01,001,RED NACIONAL ULTIMA MILLA     ,2019-05-20 00:00:00,6,02,ACTIVO,1,4637,23816,,,0,,,,,,,,,,,,,,,GSC
2025-02-01 00:00:00,780190703164,80,DW,12,C,01,001,RED NACIONAL ULTIMA MILLA     ,2019-02-28 00:00:00,6,02,ACTIVO,1,7182,36859,,,0,,,,,,,,,,,,,,,GSC
2025-02-01 00:00:00,780191002721,80,DW,12,C,01,001,RED NACIONAL ULTIMA MILLA     ,2019-09-15 00:00:00,6,02,ACTIVO,1,190,1025,,,0,,,,,,,,,,,,,,,GSC
2025-02-01 00:00:00,776151002496,80,DW,01,E,02,001,MUNICIPIO DE MERIDA YUCATAN   ,2015-12-16 00:00:00, ,5A,ACTIVO,,,,2024-08-30,89,0,,,,,,,,,,,,5,12.89999961853,2025-02-28,SSB
2025-02-01 00:00:00,776171203731,80,DW,01,H,36,001,MUNICIPIO DE HUNUCMA          ,2017-12-31 00:00:00, ,5A,ACTIVO,,,,2024-11-29,3,0,,,,,,,,,,,,2,0.20000000298022999,2025-02-28,SSB
2025-02-01 00:00:00,780850100905,80,DW,12,A,05,001,MUNICIPIO PUERTO MORELOS      ,1985-01-31 00:00:00, ,5A,ACTIVO,,,,2024-07-01,91,0,,,,,,,,,,,,42,12.319999694824,2025-02-28,SSB
2025-02-01 00:00:00,780891102343,80,DW,12,A,05,001,MUNICIPIO PUERTO MORELOS      ,1989-11-07 00:00:00, ,5A,ACTIVO,,,,2024-07-24,55,0,,,,,,,,,,,,7,100.93800354004,2025-02-28,SSB
2025-02-01 00:00:00,777071100973,80,DW,01,B,01,801,MUNICIPIO DE MERIDA YUCATAN   ,2007-08-29 00:00:00, ,5A,ACTIVO,,,,2024-06-12,34,0,,,,,,,,,,,,2.4749999046325999,3.9000000953674001,2025-02-28,SSB
2025-02-01 00:00:00,777140501535,80,DW,01,J,02,801,MUNICIPIO DE MERIDA YUCATAN   ,2014-07-22 00:00:00, ,5A,ACTIVO,,,,2024-09-30,13,0,,,,,,,,,,,,7,2.5,2025-02-28,SSB
2025-02-01 00:00:00,780000455658,80,DW,12,D,02,001,MUNICIPIO PUERTO MORELOS      ,2000-03-02 00:00:00, ,5A,ACTIVO,,,,2024-07-01,296,0,,,,,,,,,,,,49,85.123001098632997,2025-02-28,SSB
2025-02-01 00:00:00,780000455674,80,DW,12,C,01,001,MUNICIPIO DE BENITO JUAREZ    ,2000-03-08 00:00:00, ,5A,ACTIVO,,,,2024-12-01,37,0,,,,,,,,,,,,3.3169999122620002,39.799999237061002,2025-02-28,SSB
2025-02-01 00:00:00,780000455682,80,DW,12,A,01,001,MUNICIPIO DE BENITO JUAREZ    ,2000-03-08 00:00:00, ,5A,ACTIVO,,,,2024-12-18,204,0,,,,,,,,,,,,16,12.699999809265,2025-02-28,SSB
2025-02-01 00:00:00,780000861044,80,DW,12,B,01,001,MUNICIPIO DE BENITO JUAREZ    ,2000-08-30 00:00:00, ,5A,ACTIVO,,,,2024-11-26,32,0,,,,,,,,,,,,2.2079999446868999,52.992000579833999,2025-02-28,SSB
2025-02-01 00:00:00,780920800977,80,DW,12,C,01,001,MUNICIPIO DE BENITO JUAREZ    ,1992-08-05 00:00:00, ,5A,ACTIVO,,,,2024-11-08,35,0,,,,,,,,,,,,2,22.799999237061002,2025-02-28,SSB
2025-02-01 00:00:00,780001258619,80,DW,12,A,01,001,MUNICIPIO DE BENITO JUAREZ    ,2000-11-21 00:00:00, ,5A,ACTIVO,,,,2024-11-01,6,0,,,,,,,,,,,,1,0.69999998807907005,2025-02-28,SSB
2025-02-01 00:00:00,780010105647,80,DW,12,A,01,001,MUNICIPIO DE BENITO JUAREZ    ,2000-10-26 00:00:00, ,5A,ACTIVO,,,,2024-11-30,42,0,,,,,,,,,,,,2.8980000019072998,69.552001953125,2025-02-28,SSB
2025-02-01 00:00:00,780010503197,80,DW,12,A,01,001,MUNICIPIO DE BENITO JUAREZ    ,2001-05-03 00:00:00, ,5A,ACTIVO,,,,2024-11-25,143,0,,,,,,,,,,,,5.5910000801085999,67.092002868652003,2025-02-28,SSB
2025-02-01 00:00:00,780010503910,80,DW,12,A,01,001,MUNICIPIO DE BENITO JUAREZ    ,2001-05-28 00:00:00, ,5A,ACTIVO,,,,2024-12-18,30,0,,,,,,,,,,,,2,1.7000000476837001,2025-02-28,SSB
2025-02-01 00:00:00,780020300332,80,DW,12,A,01,001,MUNICIPIO DE BENITO JUAREZ    ,2001-08-23 00:00:00, ,5A,ACTIVO,,,,2024-11-27,27,0,,,,,,,,,,,,0.24300000071526001,5.8319997787476003,2025-02-28,SSB
2025-02-01 00:00:00,780020301240,80,DW,12,B,01,001,MUNICIPIO DE BENITO JUAREZ    ,2001-03-11 00:00:00, ,5A,ACTIVO,,,,2024-11-27,9,0,,,,,,,,,,,,0.62099999189376998,14.904000282287999,2025-02-28,SSB
2025-02-01 00:00:00,780021202911,80,DW,12,C,01,001,MUNICIPIO DE BENITO JUAREZ    ,2002-12-13 00:00:00, ,5A,ACTIVO,,,,2024-11-27,32,0,,,,,,,,,,,,2.2079999446868999,52.992000579833999,2025-02-28,SSB
2025-02-01 00:00:00,780021202946,80,DW,12,C,01,001,MUNICIPIO DE BENITO JUAREZ    ,2002-12-11 00:00:00, ,5A,ACTIVO,,,,2024-11-30,39,0,,,,,,,,,,,,2.9000000953674001,34.799999237061002,2025-02-28,SSB
2025-02-01 00:00:00,780080501370,80,DW,12,A,01,001,MUNICIPIO DE BENITO JUAREZ    ,2008-04-30 00:00:00, ,5A,ACTIVO,,,,2024-11-05,34,0,,,,,,,,,,,,5,1.3609999418259,2025-02-28,SSB
2025-02-01 00:00:00,780081102231,80,DW,12,A,01,001,MUNICIPIO DE BENITO JUAREZ    ,2008-11-03 00:00:00, ,5A,ACTIVO,,,,2024-11-27,24,0,,,,,,,,,,,,0.64800000190734997,15.552000045775999,2025-02-28,SSB
2025-02-01 00:00:00,780180301688,80,DW,12,A,01,001,MUNICIPIO DE BENITO JUAREZ    ,2018-03-16 00:00:00, ,5A,ACTIVO,,,,2024-11-04,47,0,,,,,,,,,,,,2,1.9370000362396,2025-02-28,SSB
2025-02-01 00:00:00,778150301042,80,DW,01,K,42,001,H  AYUNTAMIENTO DE ACANCEH    ,2015-03-02 00:00:00, ,5A,ACTIVO,,,,2024-08-22,5,0,,,,,,,,,,,,1,0.57999998331070002,2025-02-28,SSB
2025-02-01 00:00:00,779090802337,80,DW,01,M,17,801,MUNICIPIO DE MERIDA YUCATAN   ,2009-09-23 00:00:00, ,5A,ACTIVO,,,,2024-09-24,1,0,,,,,,,,,,,,1,0.20000000298022999,2025-02-28,SSB
2025-02-01 00:00:00,779190103894,80,DW,01,M,17,801,MUNICIPIO DE MERIDA YUCATAN   ,2019-02-01 00:00:00, ,5A,ACTIVO,,,,2024-09-02,4,0,,,,,,,,,,,,0.80000001192092995,1,2025-02-28,SSB
2025-02-01 00:00:00,780000358687,80,DW,12,A,01,001,MUNICIPIO DE BENITO JUAREZ    ,1999-01-01 00:00:00, ,5A,ACTIVO,,,,2024-11-30,31,0,,,,,,,,,,,,3.2999999523163002,39.599998474121001,2025-02-28,SSB
2025-02-01 00:00:00,780901201621,80,DW,12,D,01,001,MUNICIPIO DE BENITO JUAREZ    ,1990-12-18 00:00:00, ,5A,ACTIVO,,,,2024-11-08,180,0,,,,,,,,,,,,13,136.80000305176,2025-02-28,SSB
2025-02-01 00:00:00,780910400407,80,DW,12,B,01,001,MUNICIPIO DE BENITO JUAREZ    ,1991-04-15 00:00:00, ,5A,ACTIVO,,,,2024-11-27,69,0,,,,,,,,,,,,0.62099999189376998,14.904000282287999,2025-02-28,SSB
2025-02-01 00:00:00,780921000877,80,DW,12,C,01,001,MUNICIPIO DE BENITO JUAREZ    ,1992-10-31 00:00:00, ,5A,ACTIVO,,,,2024-12-01,112,0,,,,,,,,,,,,8.0129995346068998,96.160003662109006,2025-02-28,SSB
2025-02-01 00:00:00,780921000885,80,DW,12,C,01,001,MUNICIPIO DE BENITO JUAREZ    ,1992-10-31 00:00:00, ,5A,ACTIVO,,,,2024-12-18,93,0,,,,,,,,,,,,7,6.7890000343323003,2025-02-28,SSB
2025-02-01 00:00:00,780921000893,80,DW,12,C,01,001,MUNICIPIO DE BENITO JUAREZ    ,1992-10-31 00:00:00, ,5A,ACTIVO,,,,2024-12-01,150,0,,,,,,,,,,,,10.279000282287999,123.34999847412,2025-02-28,SSB
2025-02-01 00:00:00,780921000907,80,DW,12,C,01,001,MUNICIPIO DE BENITO JUAREZ    ,1992-10-31 00:00:00, ,5A,ACTIVO,,,,2024-11-26,144,0,,,,,,,,,,,,13.529999732971,79.879997253417997,2025-02-28,SSB
2025-02-01 00:00:00,780921000915,80,DW,12,C,01,001,MUNICIPIO DE BENITO JUAREZ    ,1992-10-31 00:00:00, ,5A,ACTIVO,,,,2024-10-10,126,0,,,,,,,,,,,,5,5.0440001487731996,2025-02-28,SSB
2025-02-01 00:00:00,780921000923,80,DW,12,C,01,001,MUNICIPIO DE BENITO JUAREZ    ,1992-10-31 00:00:00, ,5A,ACTIVO,,,,2024-11-10,153,0,,,,,,,,,,,,8,129.6009979248,2025-02-28,SSB
2025-02-01 00:00:00,780921000931,80,DW,12,C,01,001,MUNICIPIO DE BENITO JUAREZ    ,1992-10-31 00:00:00, ,5A,ACTIVO,,,,2024-11-10,184,0,,,,,,,,,,,,14,118.80000305176,2025-02-28,SSB
2025-02-01 00:00:00,780921000940,80,DW,12,C,01,001,MUNICIPIO DE BENITO JUAREZ    ,1992-10-31 00:00:00, ,5A,ACTIVO,,,,2024-11-10,97,0,,,,,,,,,,,,5,55.200000762938998,2025-02-28,SSB
2025-02-01 00:00:00,780921000958,80,DW,12,C,01,001,MUNICIPIO DE BENITO JUAREZ    ,1992-10-31 00:00:00, ,5A,ACTIVO,,,,2024-12-10,81,0,,,,,,,,,,,,6,52.799999237061002,2025-02-28,SSB
2025-02-01 00:00:00,780921000966,80,DW,12,C,01,001,MUNICIPIO DE BENITO JUAREZ    ,1992-10-31 00:00:00, ,5A,ACTIVO,,,,2024-12-10,87,0,,,,,,,,,,,,5,55.200000762938998,2025-02-28,SSB
2025-02-01 00:00:00,780921000974,80,DW,12,A,01,001,MUNICIPIO DE BENITO JUAREZ    ,1992-10-31 00:00:00, ,5A,ACTIVO,,,,2024-12-18,166,0,,,,,,,,,,,,14,13.543000221252001,2025-02-28,SSB
2025-02-01 00:00:00,780921000982,80,DW,12,A,01,001,MUNICIPIO DE BENITO JUAREZ    ,1992-10-31 00:00:00, ,5A,ACTIVO,,,,2024-10-01,330,0,,,,,,,,,,,,15,17.39999961853,2025-02-28,SSB
2025-02-01 00:00:00,780921000991,80,DW,12,A,01,001,MUNICIPIO DE BENITO JUAREZ    ,1992-10-31 00:00:00, ,5A,ACTIVO,,,,2024-11-01,75,0,,,,,,,,,,,,5,4.1999998092651003,2025-02-28,SSB
2025-02-01 00:00:00,780921001008,80,DW,12,A,01,001,MUNICIPIO DE BENITO JUAREZ    ,1992-10-31 00:00:00, ,5A,ACTIVO,,,,2024-11-01,73,0,,,,,,,,,,,,7,4.0999999046326003,2025-02-28,SSB
2025-02-01 00:00:00,780921001016,80,DW,12,B,01,001,MUNICIPIO DE BENITO JUAREZ    ,1992-10-31 00:00:00, ,5A,ACTIVO,,,,2024-11-01,96,0,,,,,,,,,,,,9,8.2150001525878995,2025-02-28,SSB
2025-02-01 00:00:00,780921001024,80,DW,12,A,01,001,MUNICIPIO DE BENITO JUAREZ    ,1992-10-31 00:00:00, ,5A,ACTIVO,,,,2024-11-01,74,0,,,,,,,,,,,,6,2.0999999046325999,2025-02-28,SSB
2025-02-01 00:00:00,780921001032,80,DW,12,A,01,001,MUNICIPIO DE BENITO JUAREZ    ,1992-10-31 00:00:00, ,5A,ACTIVO,,,,2024-11-01,18,0,,,,,,,,,,,,3,18,2025-02-28,SSB
2025-02-01 00:00:00,780921001041,80,DW,12,B,01,001,MUNICIPIO DE BENITO JUAREZ    ,1992-10-31 00:00:00, ,5A,ACTIVO,,,,2024-11-01,78,0,,,,,,,,,,,,4,3.4149999618529998,2025-02-28,SSB
2025-02-01 00:00:00,780921001059,80,DW,12,A,01,001,MUNICIPIO DE BENITO JUAREZ    ,1992-10-31 00:00:00, ,5A,ACTIVO,,,,2024-11-01,101,0,,,,,,,,,,,,6,90,2025-02-28,SSB
2025-02-01 00:00:00,780921001067,80,DW,12,A,01,001,MUNICIPIO DE BENITO JUAREZ    ,1992-10-31 00:00:00, ,5A,ACTIVO,,,,2024-11-04,78,0,,,,,,,,,,,,4,93.199996948242003,2025-02-28,SSB
2025-02-01 00:00:00,780921001075,80,DW,12,B,01,001,MUNICIPIO DE BENITO JUAREZ    ,1992-10-31 00:00:00, ,5A,ACTIVO,,,,2024-11-04,141,0,,,,,,,,,,,,9,8.3559999465941992,2025-02-28,SSB
2025-02-01 00:00:00,780921001083,80,DW,12,A,01,001,MUNICIPIO DE BENITO JUAREZ    ,1992-10-31 00:00:00, ,5A,ACTIVO,,,,2024-12-18,220,0,,,,,,,,,,,,11,11.001000404358001,2025-02-28,SSB
2025-02-01 00:00:00,780921001091,80,DW,12,A,01,001,MUNICIPIO DE BENITO JUAREZ    ,1992-10-31 00:00:00, ,5A,ACTIVO,,,,2024-11-04,258,0,,,,,,,,,,,,12,11.692000389099,2025-02-28,SSB
2025-02-01 00:00:00,780921001105,80,DW,12,A,01,001,MUNICIPIO DE BENITO JUAREZ    ,1992-10-31 00:00:00, ,5A,ACTIVO,,,,2024-11-04,205,0,,,,,,,,,,,,9,8.6219997406006001,2025-02-28,SSB
2025-02-01 00:00:00,780921001113,80,DW,12,A,01,001,MUNICIPIO DE BENITO JUAREZ    ,1992-10-31 00:00:00, ,5A,ACTIVO,,,,2024-11-05,39,0,,,,,,,,,,,,2,3.0009999275207999,2025-02-28,SSB
2025-02-01 00:00:00,780921001121,80,DW,12,B,01,001,MUNICIPIO DE BENITO JUAREZ    ,1992-10-31 00:00:00, ,5A,ACTIVO,,,,2024-11-05,100,0,,,,,,,,,,,,5,4.4010000228881996,2025-02-28,SSB
2025-02-01 00:00:00,780921001130,80,DW,12,B,01,001,MUNICIPIO DE BENITO JUAREZ    ,1992-10-31 00:00:00, ,5A,ACTIVO,,,,2024-12-19,419,0,,,,,,,,,,,,24,24.093999862671001,2025-02-28,SSB
2025-02-01 00:00:00,780921001148,80,DW,12,B,01,001,MUNICIPIO DE BENITO JUAREZ    ,1992-10-31 00:00:00, ,5A,ACTIVO,,,,2024-11-06,379,0,,,,,,,,,,,,22,21.465000152588001,2025-02-28,SSB
2025-02-01 00:00:00,780921001156,80,DW,12,C,01,001,MUNICIPIO DE BENITO JUAREZ    ,1992-10-31 00:00:00, ,5A,ACTIVO,,,,2024-12-01,180,0,,,,,,,,,,,,8.6999998092650994,104.40000152588,2025-02-28,SSB
2025-02-01 00:00:00,780921001164,80,DW,12,C,01,001,MUNICIPIO DE BENITO JUAREZ    ,1992-10-31 00:00:00, ,5A,ACTIVO,,,,2024-11-06,301,0,,,,,,,,,,,,18,159.60000610352,2025-02-28,SSB
2025-02-01 00:00:00,780921001181,80,DW,12,D,01,001,MUNICIPIO DE BENITO JUAREZ    ,1992-10-31 00:00:00, ,5A,ACTIVO,,,,2024-11-08,142,0,,,,,,,,,,,,4,81.599998474120994,2025-02-28,SSB
2025-02-01 00:00:00,780921001211,80,DW,12,A,01,001,MUNICIPIO DE BENITO JUAREZ    ,1992-10-31 00:00:00, ,5A,ACTIVO,,,,2024-12-18,791,0,,,,,,,,,,,,31,37,2025-02-28,SSB
2025-02-01 00:00:00,780910400903,80,DW,12,A,01,001,MUNICIPIO DE BENITO JUAREZ    ,1991-04-15 00:00:00, ,5A,ACTIVO,,,,2024-11-27,323,0,,,,,,,,,,,,14.494999885559,347.86801147461,2025-02-28,SSB
2025-02-01 00:00:00,780750400111,80,DW,12,A,05,001,MUNICIPIO PUERTO MORELOS      ,1975-04-01 00:00:00, ,5A,ACTIVO,,,,2024-08-01,140,0,,,,,,,,,,,,50,17.5,2025-02-28,SSB
2025-02-01 00:00:00,780790300471,80,DW,12,A,05,001,MUNICIPIO PUERTO MORELOS      ,1979-03-30 00:00:00, ,5A,ACTIVO,,,,2024-07-29,361,0,,,,,,,,,,,,67,44.169998168945,2025-02-28,SSB
2025-02-01 00:00:00,780891201554,80,DW,12,A,05,001,MUNICIPIO PUERTO MORELOS      ,1989-12-15 00:00:00, ,5A,ACTIVO,,,,2024-07-01,60,0,,,,,,,,,,,,21,12.319999694824,2025-02-28,SSB
2025-02-01 00:00:00,780900301605,80,DW,12,C,01,001,MUNICIPIO DE BENITO JUAREZ    ,1990-03-08 00:00:00, ,5A,ACTIVO,,,,2024-12-01,107,0,,,,,,,,,,,,5.1519999504089,61.819999694823998,2025-02-28,SSB
2025-02-01 00:00:00,780901100841,80,DW,12,C,01,001,MUNICIPIO DE BENITO JUAREZ    ,1990-11-12 00:00:00, ,5A,ACTIVO,,,,2024-12-01,8,0,,,,,,,,,,,,0.34400001168250999,4.1300001144409002,2025-02-28,SSB
2025-02-01 00:00:00,780921000869,80,DW,12,C,01,001,MUNICIPIO DE BENITO JUAREZ    ,1992-10-31 00:00:00, ,5A,ACTIVO,,,,2024-12-01,118,0,,,,,,,,,,,,8.6110000610352007,103.33000183105,2025-02-28,SSB
2025-02-01 00:00:00,780921000664,80,DW,12,A,01,001,MUNICIPIO DE BENITO JUAREZ    ,1992-10-31 00:00:00, ,5A,ACTIVO,,,,2024-12-18,189,0,,,,,,,,,,,,19,10.0640001297,2025-02-28,SSB
2025-02-01 00:00:00,780921000672,80,DW,12,A,01,001,MUNICIPIO DE BENITO JUAREZ    ,1992-10-31 00:00:00, ,5A,ACTIVO,,,,2024-11-25,176,0,,,,,,,,,,,,2.2699999809264999,54.479999542236001,2025-02-28,SSB
2025-02-01 00:00:00,780921000702,80,DW,12,A,01,001,MUNICIPIO DE BENITO JUAREZ    ,1992-10-31 00:00:00, ,5A,ACTIVO,,,,2024-11-30,74,0,,,,,,,,,,,,6.5,78,2025-02-28,SSB
2025-02-01 00:00:00,780921000729,80,DW,12,A,01,001,MUNICIPIO DE BENITO JUAREZ    ,1992-10-31 00:00:00, ,5A,ACTIVO,,,,2024-11-30,128,0,,,,,,,,,,,,8.91100025177,106.93000030518,2025-02-28,SSB
2025-02-01 00:00:00,780921000737,80,DW,12,A,01,001,MUNICIPIO DE BENITO JUAREZ    ,1992-10-31 00:00:00, ,5A,ACTIVO,,,,2024-11-30,99,0,,,,,,,,,,,,7.4419999122620002,89.300003051757997,2025-02-28,SSB
2025-02-01 00:00:00,780921000745,80,DW,12,A,01,001,MUNICIPIO DE BENITO JUAREZ    ,1992-10-31 00:00:00, ,5A,ACTIVO,,,,2024-11-30,128,0,,,,,,,,,,,,13.897999763489,166.7799987793,2025-02-28,SSB
2025-02-01 00:00:00,780921000753,80,DW,12,A,01,001,MUNICIPIO DE BENITO JUAREZ    ,1992-10-31 00:00:00, ,5A,ACTIVO,,,,2024-11-30,121,0,,,,,,,,,,,,8.3479995727538991,100.18000030518,2025-02-28,SSB
2025-02-01 00:00:00,780921000761,80,DW,12,A,01,001,MUNICIPIO DE BENITO JUAREZ    ,1992-10-31 00:00:00, ,5A,ACTIVO,,,,2024-11-30,130,0,,,,,,,,,,,,7.8740000724792001,94.48999786377,2025-02-28,SSB
2025-02-01 00:00:00,780921000770,80,DW,12,A,01,001,MUNICIPIO DE BENITO JUAREZ    ,1992-10-31 00:00:00, ,5A,ACTIVO,,,,2024-12-18,51,0,,,,,,,,,,,,3,2.3069999217986998,2025-02-28,SSB
2025-02-01 00:00:00,780921000788,80,DW,12,A,01,001,MUNICIPIO DE BENITO JUAREZ    ,1992-10-31 00:00:00, ,5A,ACTIVO,,,,2024-11-30,114,0,,,,,,,,,,,,7.8280000686645996,93.940002441405994,2025-02-28,SSB
2025-02-01 00:00:00,780921000796,80,DW,12,A,01,001,MUNICIPIO DE BENITO JUAREZ    ,1992-10-31 00:00:00, ,5A,ACTIVO,,,,2024-11-30,165,0,,,,,,,,,,,,13.675999641418001,164.11000061035,2025-02-28,SSB
2025-02-01 00:00:00,780921000800,80,DW,12,A,01,001,MUNICIPIO DE BENITO JUAREZ    ,1992-10-31 00:00:00, ,5A,ACTIVO,,,,2024-11-30,192,0,,,,,,,,,,,,14.093000411986999,169.11999511719,2025-02-28,SSB
2025-02-01 00:00:00,780921000818,80,DW,12,A,01,001,MUNICIPIO DE BENITO JUAREZ    ,1992-10-31 00:00:00, ,5A,ACTIVO,,,,2024-11-30,167,0,,,,,,,,,,,,11.508999824524,138.11000061035,2025-02-28,SSB
2025-02-01 00:00:00,780921000826,80,DW,12,A,01,001,MUNICIPIO DE BENITO JUAREZ    ,1992-10-31 00:00:00, ,5A,ACTIVO,,,,2024-11-30,201,0,,,,,,,,,,,,15.015000343323001,180.17999267578,2025-02-28,SSB
2025-02-01 00:00:00,780921000834,80,DW,12,A,01,001,MUNICIPIO DE BENITO JUAREZ    ,1992-10-31 00:00:00, ,5A,ACTIVO,,,,2024-11-30,182,0,,,,,,,,,,,,13.470999717712001,161.64999389648,2025-02-28,SSB
2025-02-01 00:00:00,780921000851,80,DW,12,C,01,001,MUNICIPIO DE BENITO JUAREZ    ,1992-10-31 00:00:00, ,5A,ACTIVO,,,,2024-12-01,126,0,,,,,,,,,,,,11.633999824524,139.61000061035,2025-02-28,SSB
2025-02-01 00:00:00,780930604653,80,DW,12,A,01,001,MUNICIPIO DE BENITO JUAREZ    ,1993-06-04 00:00:00, ,5A,ACTIVO,,,,2024-11-26,26,0,,,,,,,,,,,,0.23399999737739999,5.6160001754761,2025-02-28,SSB
2025-02-01 00:00:00,780940100122,80,DW,12,A,01,001,MUNICIPIO DE BENITO JUAREZ    ,1994-01-28 00:00:00, ,5A,ACTIVO,,,,2024-12-18,442,0,,,,,,,,,,,,38,37.819999694823998,2025-02-28,SSB
2025-02-01 00:00:00,780940100131,80,DW,12,A,01,001,MUNICIPIO DE BENITO JUAREZ    ,1994-01-28 00:00:00, ,5A,ACTIVO,,,,2024-11-05,58,0,,,,,,,,,,,,8,7.1760001182556001,2025-02-28,SSB
2025-02-01 00:00:00,780940100149,80,DW,12,D,01,001,MUNICIPIO DE BENITO JUAREZ    ,1994-01-28 00:00:00, ,5A,ACTIVO,,,,2024-11-25,49,0,,,,,,,,,,,,3.5769999027252002,42.923999786377003,2025-02-28,SSB
2025-02-01 00:00:00,780940501143,80,DW,12,A,01,001,MUNICIPIO DE BENITO JUAREZ    ,1994-05-31 00:00:00, ,5A,ACTIVO,,,,2024-12-18,27,0,,,,,,,,,,,,2,1.3530000448227,2025-02-28,SSB
2025-02-01 00:00:00,780940501151,80,DW,12,A,01,001,MUNICIPIO DE BENITO JUAREZ    ,1994-05-31 00:00:00, ,5A,ACTIVO,,,,2024-12-18,42,0,,,,,,,,,,,,5,4.4939999580382999,2025-02-28,SSB
2025-02-01 00:00:00,780950100678,80,DW,12,A,01,001,MUNICIPIO DE BENITO JUAREZ    ,1995-01-13 00:00:00, ,5A,ACTIVO,,,,2024-11-25,54,0,,,,,,,,,,,,5.1840000152587997,62.208000183105,2025-02-28,SSB
2025-02-01 00:00:00,780960801135,80,DW,12,A,01,001,MUNICIPIO DE BENITO JUAREZ    ,1996-08-17 00:00:00, ,5A,ACTIVO,,,,2024-11-25,28,0,,,,,,,,,,,,2.0439999103546,49.055999755858998,2025-02-28,SSB
2025-02-01 00:00:00,780970303052,80,DW,12,C,01,001,MUNICIPIO DE BENITO JUAREZ    ,1997-03-31 00:00:00, ,5A,ACTIVO,,,,2024-12-05,253,0,,,,,,,,,,,,11.60000038147,116.40000152588,2025-02-28,SSB
2025-02-01 00:00:00,780970303061,80,DW,12,C,01,001,MUNICIPIO DE BENITO JUAREZ    ,1997-03-31 00:00:00, ,5A,ACTIVO,,,,2024-12-02,172,0,,,,,,,,,,,,7.8000001907348997,93.599998474120994,2025-02-28,SSB
2025-02-01 00:00:00,780970303079,80,DW,12,C,01,001,MUNICIPIO DE BENITO JUAREZ    ,1997-03-31 00:00:00, ,5A,ACTIVO,,,,2024-12-02,280,0,,,,,,,,,,,,11.5,138,2025-02-28,SSB
2025-02-01 00:00:00,780970303087,80,DW,12,B,01,001,MUNICIPIO DE BENITO JUAREZ    ,1997-03-31 00:00:00, ,5A,ACTIVO,,,,2024-11-30,86,0,,,,,,,,,,,,26.5,44.400001525878999,2025-02-28,SSB
2025-02-01 00:00:00,780970303095,80,DW,12,B,01,001,MUNICIPIO DE BENITO JUAREZ    ,1997-03-31 00:00:00, ,5A,ACTIVO,,,,2024-11-11,55,0,,,,,,,,,,,,3,2.3229999542235999,2025-02-28,SSB
2025-02-01 00:00:00,780970303109,80,DW,12,B,01,001,MUNICIPIO DE BENITO JUAREZ    ,1997-03-31 00:00:00, ,5A,ACTIVO,,,,2024-11-30,55,0,,,,,,,,,,,,11.89999961853,31.200000762938998,2025-02-28,SSB
2025-02-01 00:00:00,780970501491,80,DW,12,B,01,001,MUNICIPIO DE BENITO JUAREZ    ,1997-05-31 00:00:00, ,5A,ACTIVO,,,,2024-12-19,169,0,,,,,,,,,,,,8,7.6599998474120996,2025-02-28,SSB
2025-02-01 00:00:00,780970501521,80,DW,12,A,01,001,MUNICIPIO DE BENITO JUAREZ    ,1997-05-31 00:00:00, ,5A,ACTIVO,,,,2024-11-30,34,0,,,,,,,,,,,,2.5,30,2025-02-28,SSB
2025-02-01 00:00:00,780970501547,80,DW,12,A,01,001,MUNICIPIO DE BENITO JUAREZ    ,1997-05-31 00:00:00, ,5A,ACTIVO,,,,2024-12-18,43,0,,,,,,,,,,,,5,4.3400001525879004,2025-02-28,SSB
2025-02-01 00:00:00,780970501555,80,DW,12,A,01,001,MUNICIPIO DE BENITO JUAREZ    ,1997-05-31 00:00:00, ,5A,ACTIVO,,,,2024-12-18,130,0,,,,,,,,,,,,4,9.5450000762938991,2025-02-28,SSB
2025-02-01 00:00:00,780970501580,80,DW,12,C,01,001,MUNICIPIO DE BENITO JUAREZ    ,1997-05-31 00:00:00, ,5A,ACTIVO,,,,2024-11-27,60,0,,,,,,,,,,,,0.54000002145767001,12.960000038146999,2025-02-28,SSB
2025-02-01 00:00:00,780970501598,80,DW,12,C,01,001,MUNICIPIO DE BENITO JUAREZ    ,1997-05-31 00:00:00, ,5A,ACTIVO,,,,2024-12-19,60,0,,,,,,,,,,,,5,159,2025-02-28,SSB
2025-02-01 00:00:00,780970501601,80,DW,12,A,01,001,MUNICIPIO DE BENITO JUAREZ    ,1997-05-31 00:00:00, ,5A,ACTIVO,,,,2024-12-18,22,0,,,,,,,,,,,,4,3.4570000171660999,2025-02-28,SSB
2025-02-01 00:00:00,780980203471,80,DW,12,B,01,001,MUNICIPIO DE BENITO JUAREZ    ,1998-02-16 00:00:00, ,5A,ACTIVO,,,,2024-12-19,96,0,,,,,,,,,,,,6,4.5310001373290998,2025-02-28,SSB
2025-02-01 00:00:00,780980203498,80,DW,12,B,01,001,MUNICIPIO DE BENITO JUAREZ    ,1998-02-16 00:00:00, ,5A,ACTIVO,,,,2024-11-30,64,0,,,,,,,,,,,,3.2000000476836998,38.400001525878999,2025-02-28,SSB
2025-02-01 00:00:00,780980203528,80,DW,12,B,01,001,MUNICIPIO DE BENITO JUAREZ    ,1998-02-14 00:00:00, ,5A,ACTIVO,,,,2024-11-30,49,0,,,,,,,,,,,,1.8999999761580999,22.799999237061002,2025-02-28,SSB
2025-02-01 00:00:00,780980203544,80,DW,12,B,01,001,MUNICIPIO DE BENITO JUAREZ    ,1998-02-14 00:00:00, ,5A,ACTIVO,,,,2024-11-30,70,0,,,,,,,,,,,,2.9000000953674001,34.799999237061002,2025-02-28,SSB
2025-02-01 00:00:00,780980203552,80,DW,12,B,01,001,MUNICIPIO DE BENITO JUAREZ    ,1998-02-14 00:00:00, ,5A,ACTIVO,,,,2024-11-30,55,0,,,,,,,,,,,,2.0999999046325999,25.200000762938998,2025-02-28,SSB
2025-02-01 00:00:00,780980302224,80,DW,12,C,01,001,MUNICIPIO DE BENITO JUAREZ    ,1998-03-31 00:00:00, ,5A,ACTIVO,,,,2024-12-02,87,0,,,,,,,,,,,,33.060001373291001,396.7200012207,2025-02-28,SSB
2025-02-01 00:00:00,780980500930,80,DW,12,A,01,001,MUNICIPIO DE BENITO JUAREZ    ,1998-05-12 00:00:00, ,5A,ACTIVO,,,,2024-12-18,46,0,,,,,,,,,,,,8,6.2600002288818004,2025-02-28,SSB
2025-02-01 00:00:00,780980900695,80,DW,12,A,01,001,MUNICIPIO DE BENITO JUAREZ    ,1998-09-03 00:00:00, ,5A,ACTIVO,,,,2024-11-27,21,0,,,,,,,,,,,,0.18899999558926001,4.5359997749329004,2025-02-28,SSB
2025-02-01 00:00:00,780990309138,80,DW,12,C,01,001,MUNICIPIO DE BENITO JUAREZ    ,1999-03-25 00:00:00, ,5A,ACTIVO,,,,2024-12-19,114,0,,,,,,,,,,,,10,6.7100000381470002,2025-02-28,SSB
2025-02-01 00:00:00,781000855768,80,DW,12,B,01,001,MUNICIPIO DE BENITO JUAREZ    ,2000-08-03 00:00:00, ,5A,ACTIVO,,,,2024-11-30,50,0,,,,,,,,,,,,2.2000000476836998,26.39999961853,2025-02-28,SSB
2025-02-01 00:00:00,781010403407,80,DW,12,B,01,001,MUNICIPIO DE BENITO JUAREZ    ,2001-04-17 00:00:00, ,5A,ACTIVO,,,,2024-11-26,9,0,,,,,,,,,,,,0.62099999189376998,14.904000282287999,2025-02-28,SSB
2025-02-01 00:00:00,781010502359,80,DW,12,B,01,001,MUNICIPIO DE BENITO JUAREZ    ,2001-05-21 00:00:00, ,5A,ACTIVO,,,,2024-11-30,9,0,,,,,,,,,,,,0.62099999189376998,14.904000282287999,2025-02-28,SSB
2025-02-01 00:00:00,781041100631,80,DW,12,B,01,001,MUNICIPIO DE BENITO JUAREZ    ,2004-12-06 00:00:00, ,5A,ACTIVO,,,,2024-12-19,35,0,,,,,,,,,,,,4,3.5350000858307,2025-02-28,SSB
2025-02-01 00:00:00,781090501609,80,DW,12,B,01,001,MUNICIPIO DE BENITO JUAREZ    ,2009-04-23 00:00:00, ,5A,ACTIVO,,,,2024-12-19,42,0,,,,,,,,,,,,10,5.2699999809265003,2025-02-28,SSB
2025-02-01 00:00:00,781160901901,80,DW,12,B,01,001,MUNICIPIO DE BENITO JUAREZ    ,2016-09-23 00:00:00, ,5A,ACTIVO,,,,2024-11-30,24,0,,,,,,,,,,,,3.7000000476836998,15.60000038147,2025-02-28,SSB
2025-02-01 00:00:00,782000357217,80,DW,12,D,01,001,MUNICIPIO DE BENITO JUAREZ    ,1998-03-15 00:00:00, ,5A,ACTIVO,,,,2024-11-25,27,0,,,,,,,,,,,,1.3960000276566,16.746000289916999,2025-02-28,SSB
2025-02-01 00:00:00,782000357241,80,DW,12,C,01,001,MUNICIPIO DE BENITO JUAREZ    ,1998-03-05 00:00:00, ,5A,ACTIVO,,,,2024-11-08,82,0,,,,,,,,,,,,7,46.799999237061002,2025-02-28,SSB
2025-02-01 00:00:00,782000357250,80,DW,12,C,01,001,MUNICIPIO DE BENITO JUAREZ    ,1998-03-15 00:00:00, ,5A,ACTIVO,,,,2024-12-01,92,0,,,,,,,,,,,,4.7930002212523997,57.520000457763999,2025-02-28,SSB
2025-02-01 00:00:00,782000357268,80,DW,12,A,01,001,MUNICIPIO DE BENITO JUAREZ    ,1998-03-15 00:00:00, ,5A,ACTIVO,,,,2024-11-25,26,0,,,,,,,,,,,,1.7200000286102,20.639999389648001,2025-02-28,SSB
2025-02-01 00:00:00,782000357314,80,DW,12,C,01,001,MUNICIPIO DE BENITO JUAREZ    ,1998-03-15 00:00:00, ,5A,ACTIVO,,,,2024-10-11,134,0,,,,,,,,,,,,7,6.8060002326965003,2025-02-28,SSB
2025-02-01 00:00:00,782010406488,80,DW,12,C,01,001,MUNICIPIO DE BENITO JUAREZ    ,2001-02-07 00:00:00, ,5A,ACTIVO,,,,2024-12-18,41,0,,,,,,,,,,,,3,2.5160000324249001,2025-02-28,SSB
2025-02-01 00:00:00,782010406496,80,DW,12,C,01,001,MUNICIPIO DE BENITO JUAREZ    ,2001-02-08 00:00:00, ,5A,ACTIVO,,,,2024-11-06,12,0,,,,,,,,,,,,2,37.200000762938998,2025-02-28,SSB
2025-02-01 00:00:00,782010501251,80,DW,12,C,01,001,MUNICIPIO DE BENITO JUAREZ    ,2001-04-27 00:00:00, ,5A,ACTIVO,,,,2024-11-30,10,0,,,,,,,,,,,,0.68999999761580999,16.559999465941999,2025-02-28,SSB
2025-02-01 00:00:00,782030407146,80,DW,12,C,01,001,MUNICIPIO DE BENITO JUAREZ    ,2003-04-03 00:00:00, ,5A,ACTIVO,,,,2024-11-21,29,0,,,,,,,,,,,,3,20.39999961853,2025-02-28,SSB
2025-02-01 00:00:00,782030501045,80,DW,12,C,01,001,MUNICIPIO DE BENITO JUAREZ    ,2003-05-02 00:00:00, ,5A,ACTIVO,,,,2024-12-19,31,0,,,,,,,,,,,,4,3.6970000267029,2025-02-28,SSB
2025-02-01 00:00:00,782010219220,80,DW,12,C,01,001,MUNICIPIO DE BENITO JUAREZ    ,2000-12-31 00:00:00, ,5A,ACTIVO,,,,2024-12-04,43,0,,,,,,,,,,,,2.4549999237061,29.459999084473001,2025-02-28,SSB
2025-02-01 00:00:00,782050203725,80,DW,12,A,01,001,MUNICIPIO DE BENITO JUAREZ    ,2005-03-02 00:00:00, ,5A,ACTIVO,,,,2024-11-30,40,0,,,,,,,,,,,,5.5,66,2025-02-28,SSB
2025-02-01 00:00:00,782000657989,80,DW,12,C,01,001,MUNICIPIO DE BENITO JUAREZ    ,1999-05-20 00:00:00, ,5A,ACTIVO,,,,2024-12-18,40,0,,,,,,,,,,,,1,1.8830000162125,2025-02-28,SSB
2025-02-01 00:00:00,781971000068,80,DW,12,B,01,001,MUNICIPIO DE BENITO JUAREZ    ,1997-10-16 00:00:00, ,5A,ACTIVO,,,,2024-10-13,21,0,,,,,,,,,,,,0.18899999558926001,4.5359997749329004,2025-02-28,SSB
2025-02-01 00:00:00,781971000050,80,DW,12,B,01,001,MUNICIPIO DE BENITO JUAREZ    ,1997-10-15 00:00:00, ,5A,ACTIVO,,,,2024-11-30,29,0,,,,,,,,,,,,0.26100000739098,6.2639999389648002,2025-02-28,SSB
2025-02-01 00:00:00,781970705700,80,DW,12,B,01,001,MUNICIPIO DE BENITO JUAREZ    ,1997-07-10 00:00:00, ,5A,ACTIVO,,,,2024-12-19,59,0,,,,,,,,,,,,3,2.7400000095367001,2025-02-28,SSB
2025-02-01 00:00:00,781190800867,80,DW,12,B,01,001,RED NACIONAL ULTIMA MILLA     ,2019-07-26 00:00:00,6,02,ACTIVO,1,3831,19685,,,0,,,,,,,,,,,,,,,GSC
2025-02-01 00:00:00,781090101881,80,DW,12,B,01,001,MUNICIPIO DE BENITO JUAREZ    ,2008-12-16 00:00:00, ,5A,ACTIVO,,,,2024-11-30,9,0,,,,,,,,,,,,0.40000000596045998,4.8000001907348997,2025-02-28,SSB
2025-02-01 00:00:00,782070900422,80,DW,12,C,01,001,MUNICIPIO DE BENITO JUAREZ    ,2007-09-10 00:00:00, ,5A,ACTIVO,,,,2024-11-11,46,0,,,,,,,,,,,,3,26.39999961853,2025-02-28,SSB
2025-02-01 00:00:00,781080801264,80,DW,12,B,01,001,MUNICIPIO DE BENITO JUAREZ    ,2008-06-18 00:00:00, ,5A,ACTIVO,,,,2024-12-19,10,0,,,,,,,,,,,,6,2.0199999809264999,2025-02-28,SSB
2025-02-01 00:00:00,782080802739,80,DW,12,C,01,001,MUNICIPIO DE BENITO JUAREZ    ,2008-06-03 00:00:00, ,5A,ACTIVO,,,,2024-12-19,127,0,,,,,,,,,,,,10,8.3500003814696999,2025-02-28,SSB
2025-02-01 00:00:00,781070303959,80,DW,12,B,01,001,MUNICIPIO DE BENITO JUAREZ    ,2007-03-26 00:00:00, ,5A,ACTIVO,,,,2024-11-30,100,0,,,,,,,,,,,,5.4000000953673997,64.800003051757997,2025-02-28,SSB
2025-02-01 00:00:00,782120100040,80,DW,12,C,01,001,MUNICIPIO DE BENITO JUAREZ    ,2012-01-11 00:00:00, ,5A,ACTIVO,,,,2024-12-03,25,0,,,,,,,,,,,,1.0750000476837001,12.89999961853,2025-02-28,SSB
2025-02-01 00:00:00,781010501913,80,DW,12,B,01,001,MUNICIPIO DE BENITO JUAREZ    ,2001-04-19 00:00:00, ,5A,ACTIVO,,,,2024-11-30,64,0,,,,,,,,,,,,16.299999237061002,40.799999237061002,2025-02-28,SSB
2025-02-01 00:00:00,781010200034,80,DW,12,B,01,001,MUNICIPIO DE BENITO JUAREZ    ,2000-04-13 00:00:00, ,5A,ACTIVO,,,,2024-11-27,32,0,,,,,,,,,,,,2.7599999904632999,66.23999786377,2025-02-28,SSB
2025-02-01 00:00:00,782040100472,80,DW,12,B,01,001,MUNICIPIO DE BENITO JUAREZ    ,2003-12-08 00:00:00, ,5A,ACTIVO,,,,2024-12-19,4,0,,,,,,,,,,,,5,0.50999999046325994,2025-02-28,SSB
2025-02-01 00:00:00,782040100448,80,DW,12,D,01,001,MUNICIPIO DE BENITO JUAREZ    ,2003-12-05 00:00:00, ,5A,ACTIVO,,,,2024-12-06,26,0,,,,,,,,,,,,3.5999999046325999,43.200000762938998,2025-02-28,SSB
2025-02-01 00:00:00,782031205121,80,DW,12,B,01,001,MUNICIPIO DE BENITO JUAREZ    ,2003-11-26 00:00:00, ,5A,ACTIVO,,,,2024-12-19,42,0,,,,,,,,,,,,3,3.0699999332428001,2025-02-28,SSB
2025-02-01 00:00:00,782030803718,80,DW,12,B,01,001,MUNICIPIO DE BENITO JUAREZ    ,2003-07-29 00:00:00, ,5A,ACTIVO,,,,2024-12-19,8,0,,,,,,,,,,,,13,0.47999998927116,2025-02-28,SSB
2025-02-01 00:00:00,782030410074,80,DW,12,C,01,001,MUNICIPIO DE BENITO JUAREZ    ,2003-04-11 00:00:00, ,5A,ACTIVO,,,,2024-12-04,4,0,,,,,,,,,,,,0.20000000298022999,2.4000000953674001,2025-02-28,SSB
2025-02-01 00:00:00,782030203371,80,DW,12,B,01,001,MUNICIPIO DE BENITO JUAREZ    ,2003-01-29 00:00:00, ,5A,ACTIVO,,,,2024-11-30,4,0,,,,,,,,,,,,3,30,2025-02-28,SSB
2025-02-01 00:00:00,782030203150,80,DW,12,C,01,001,MUNICIPIO DE BENITO JUAREZ    ,2003-02-03 00:00:00, ,5A,ACTIVO,,,,2024-12-02,50,0,,,,,,,,,,,,6.8000001907348997,81.599998474120994,2025-02-28,SSB
2025-02-01 00:00:00,782020301374,80,DW,12,C,01,001,MUNICIPIO DE BENITO JUAREZ    ,2001-12-06 00:00:00, ,5A,ACTIVO,,,,2024-12-04,78,0,,,,,,,,,,,,4.2829999923706001,51.400001525878999,2025-02-28,SSB
2025-02-01 00:00:00,782011202002,80,DW,12,C,01,001,MUNICIPIO DE BENITO JUAREZ    ,2001-10-23 00:00:00, ,5A,ACTIVO,,,,2024-12-02,23,0,,,,,,,,,,,,0.87400001287460005,10.489999771118001,2025-02-28,SSB
2025-02-01 00:00:00,782930606462,80,DW,12,C,01,001,MUNICIPIO DE BENITO JUAREZ    ,1993-06-18 00:00:00, ,5A,ACTIVO,,,,2024-11-26,28,0,,,,,,,,,,,,3.8080000877379998,91.391998291015994,2025-02-28,SSB
2025-02-01 00:00:00,782010909773,80,DW,12,C,01,001,MUNICIPIO DE BENITO JUAREZ    ,2001-08-17 00:00:00, ,5A,ACTIVO,,,,2024-12-19,47,0,,,,,,,,,,,,5,2,2025-02-28,SSB
2025-02-01 00:00:00,782940701609,80,DW,12,C,01,001,MUNICIPIO DE BENITO JUAREZ    ,1994-07-31 00:00:00, ,5A,ACTIVO,,,,2024-12-04,25,0,,,,,,,,,,,,9.5,114,2025-02-28,SSB
2025-02-01 00:00:00,782940701617,80,DW,12,C,01,001,MUNICIPIO DE BENITO JUAREZ    ,1994-07-31 00:00:00, ,5A,ACTIVO,,,,2024-12-01,34,0,,,,,,,,,,,,12.920000076294,155.03999328613,2025-02-28,SSB
2025-02-01 00:00:00,782940701633,80,DW,12,C,01,001,MUNICIPIO DE BENITO JUAREZ    ,1994-07-31 00:00:00, ,5A,ACTIVO,,,,2024-12-01,32,0,,,,,,,,,,,,12.159999847411999,145.89999389648,2025-02-28,SSB
2025-02-01 00:00:00,782940701676,80,DW,12,C,01,001,MUNICIPIO DE BENITO JUAREZ    ,1994-07-31 00:00:00, ,5A,ACTIVO,,,,2024-12-18,10,0,,,,,,,,,,,,4,1.2799999713898,2025-02-28,SSB
2025-02-01 00:00:00,782010909765,80,DW,12,C,01,001,MUNICIPIO DE BENITO JUAREZ    ,2001-08-17 00:00:00, ,5A,ACTIVO,,,,2024-12-18,51,0,,,,,,,,,,,,7,4,2025-02-28,SSB
2025-02-01 00:00:00,782010504382,80,DW,12,C,01,001,MUNICIPIO DE BENITO JUAREZ    ,2001-05-29 00:00:00, ,5A,ACTIVO,,,,2024-11-27,29,0,,,,,,,,,,,,0.26100000739098,6.2639999389648002,2025-02-28,SSB
2025-02-01 00:00:00,782010504374,80,DW,12,C,01,001,MUNICIPIO DE BENITO JUAREZ    ,2001-05-29 00:00:00, ,5A,ACTIVO,,,,2024-11-30,32,0,,,,,,,,,,,,2.2079999446868999,52.992000579833999,2025-02-28,SSB
2025-02-01 00:00:00,782050300712,80,DW,12,C,01,001,MUNICIPIO DE BENITO JUAREZ    ,2005-02-07 00:00:00, ,5A,ACTIVO,,,,2024-12-19,15,0,,,,,,,,,,,,1,0.85000002384186002,2025-02-28,SSB
2025-02-01 00:00:00,782050300780,80,DW,12,C,01,001,MUNICIPIO DE BENITO JUAREZ    ,2005-02-07 00:00:00, ,5A,ACTIVO,,,,2024-12-02,54,0,,,,,,,,,,,,3.9000000953674001,46.799999237061002,2025-02-28,SSB
2025-02-01 00:00:00,783000655966,80,DW,12,D,01,001,MUNICIPIO DE BENITO JUAREZ    ,2000-05-24 00:00:00, ,5A,ACTIVO,,,,2024-12-05,64,0,,,,,,,,,,,,2.9579999446868999,35.5,2025-02-28,SSB
2025-02-01 00:00:00,783000656512,80,DW,12,D,01,001,MUNICIPIO DE BENITO JUAREZ    ,2000-03-30 00:00:00, ,5A,ACTIVO,,,,2024-12-05,27,0,,,,,,,,,,,,1.1979999542235999,14.579999923706,2025-02-28,SSB
2025-02-01 00:00:00,783010400966,80,DW,12,D,01,001,MUNICIPIO DE BENITO JUAREZ    ,2001-02-07 00:00:00, ,5A,ACTIVO,,,,2024-12-05,7,0,,,,,,,,,,,,0.60000002384186002,7.1999998092651003,2025-02-28,SSB
2025-02-01 00:00:00,782050701504,80,DW,12,C,01,001,MUNICIPIO DE BENITO JUAREZ    ,2005-07-28 00:00:00, ,5A,ACTIVO,,,,2024-12-19,49,0,,,,,,,,,,,,3,2.2799999713897998,2025-02-28,SSB
2025-02-01 00:00:00,782051001069,80,DW,12,D,01,001,MUNICIPIO DE BENITO JUAREZ    ,2004-04-22 00:00:00, ,5A,ACTIVO,,,,2024-12-19,32,0,,,,,,,,,,,,6,2,2025-02-28,SSB
2025-02-01 00:00:00,783020202232,80,DW,12,C,01,001,MUNICIPIO DE BENITO JUAREZ    ,2002-01-14 00:00:00, ,5A,ACTIVO,,,,2024-11-26,68,0,,,,,,,,,,,,8.9960002899169993,215.90400695801,2025-02-28,SSB
2025-02-01 00:00:00,782051001093,80,DW,12,C,01,001,MUNICIPIO DE BENITO JUAREZ    ,2005-03-12 00:00:00, ,5A,ACTIVO,,,,2024-12-04,13,0,,,,,,,,,,,,0.70899999141693004,8.5100002288818004,2025-02-28,SSB
2025-02-01 00:00:00,782070103891,80,DW,12,C,01,001,MUNICIPIO DE BENITO JUAREZ    ,2007-01-30 00:00:00, ,5A,ACTIVO,,,,2024-11-11,83,0,,,,,,,,,,,,1,42,2025-02-28,SSB
2025-02-01 00:00:00,782071105286,80,DW,12,C,01,001,MUNICIPIO DE BENITO JUAREZ    ,2007-12-04 00:00:00, ,5A,ACTIVO,,,,2024-11-30,5,0,,,,,,,,,,,,0.30000001192093001,3.5999999046325999,2025-02-28,SSB
2025-02-01 00:00:00,782100102232,80,DW,12,C,01,001,TELEFONOS DE MEXICO SAB DE CV ,2010-04-06 00:00:00,6,02,ACTIVO,1,26,185,,,0,,,,,,,,,,,,,,,GSC
2025-02-01 00:00:00,782140607124,80,DW,12,C,01,001,MUNICIPIO DE BENITO JUAREZ    ,2014-07-15 00:00:00, ,5A,ACTIVO,,,,2024-12-01,56,0,,,,,,,,,,,,5.4000000953673997,64.800003051757997,2025-02-28,SSB
2025-02-01 00:00:00,782160916361,80,DW,12,C,01,001,MUNICIPIO DE BENITO JUAREZ    ,2016-09-23 00:00:00, ,5A,ACTIVO,,,,2024-12-02,55,0,,,,,,,,,,,,4.3000001907348997,51.599998474121001,2025-02-28,SSB
2025-02-01 00:00:00,782160916450,80,DW,12,C,01,001,MUNICIPIO DE BENITO JUAREZ    ,2016-09-23 00:00:00, ,5A,ACTIVO,,,,2024-12-02,73,0,,,,,,,,,,,,5.6999998092651003,68.400001525879006,2025-02-28,SSB
2025-02-01 00:00:00,782160916557,80,DW,12,C,01,001,MUNICIPIO DE BENITO JUAREZ    ,2016-09-23 00:00:00, ,5A,ACTIVO,,,,2024-12-04,74,0,,,,,,,,,,,,9.3000001907349006,111.59999847412,2025-02-28,SSB
2025-02-01 00:00:00,782170805265,80,DW,12,D,01,001,MUNICIPIO DE BENITO JUAREZ    ,2017-08-26 00:00:00, ,5A,ACTIVO,,,,2024-12-05,64,0,,,,,,,,,,,,3.2999999523163002,69.599998474120994,2025-02-28,SSB
2025-02-01 00:00:00,782180603407,80,DW,12,C,01,001,MUNICIPIO DE BENITO JUAREZ    ,2018-06-23 00:00:00, ,5A,ACTIVO,,,,2024-11-26,33,0,,,,,,,,,,,,7.8499999046326003,94.896003723145,2025-02-28,SSB
2025-02-01 00:00:00,782191004530,80,DW,12,C,01,001,RED NACIONAL ULTIMA MILLA     ,2019-09-15 00:00:00,6,02,ACTIVO,1,94,533,,,0,,,,,,,,,,,,,,,GSC
2025-02-01 00:00:00,783040300036,80,DW,12,C,01,001,MUNICIPIO DE BENITO JUAREZ    ,2004-01-29 00:00:00, ,5A,ACTIVO,,,,2024-12-19,25,0,,,,,,,,,,,,2,1.7949999570846999,2025-02-28,SSB
2025-02-01 00:00:00,782910400205,80,DW,12,C,01,001,MUNICIPIO DE BENITO JUAREZ    ,1991-04-15 00:00:00, ,5A,ACTIVO,,,,2024-11-30,13,0,,,,,,,,,,,,0.89700001478195002,21.52799987793,2025-02-28,SSB
2025-02-01 00:00:00,783050902182,80,DW,12,D,01,001,MUNICIPIO DE BENITO JUAREZ    ,2004-04-13 00:00:00, ,5A,ACTIVO,,,,2024-12-04,31,0,,,,,,,,,,,,1.3999999761580999,16.799999237061002,2025-02-28,SSB
2025-02-01 00:00:00,782930404151,80,DW,12,C,01,001,MUNICIPIO DE BENITO JUAREZ    ,1993-04-16 00:00:00, ,5A,ACTIVO,,,,2024-10-17,29,0,,,,,,,,,,,,2,17.450000762938998,2025-02-28,SSB
2025-02-01 00:00:00,782940701471,80,DW,12,C,01,001,MUNICIPIO DE BENITO JUAREZ    ,1994-07-31 00:00:00, ,5A,ACTIVO,,,,2024-11-08,6,0,,,,,,,,,,,,1,3.5999999046325999,2025-02-28,SSB
2025-02-01 00:00:00,783080501247,80,DW,12,D,01,001,MUNICIPIO DE BENITO JUAREZ    ,2008-05-06 00:00:00, ,5A,ACTIVO,,,,2024-12-19,76,0,,,,,,,,,,,,4,3.2739999294281001,2025-02-28,SSB
2025-02-01 00:00:00,783080501441,80,DW,12,D,01,001,MUNICIPIO DE BENITO JUAREZ    ,2008-04-23 00:00:00, ,5A,ACTIVO,,,,2024-11-20,26,0,,,,,,,,,,,,1,14.39999961853,2025-02-28,SSB
2025-02-01 00:00:00,782940801662,80,DW,12,C,01,001,MUNICIPIO DE BENITO JUAREZ    ,1994-08-18 00:00:00, ,5A,ACTIVO,,,,2024-12-19,39,0,,,,,,,,,,,,7,6.2129998207092001,2025-02-28,SSB
2025-02-01 00:00:00,783080802387,80,DW,12,D,01,001,MUNICIPIO DE BENITO JUAREZ    ,2008-06-25 00:00:00, ,5A,ACTIVO,,,,2024-11-26,187,0,,,,,,,,,,,,12.529999732971,150.36000061035,2025-02-28,SSB
2025-02-01 00:00:00,783080802409,80,DW,12,D,01,001,MUNICIPIO DE BENITO JUAREZ    ,2008-06-25 00:00:00, ,5A,ACTIVO,,,,2024-11-26,8,0,,,,,,,,,,,,0.39399999380112,4.7280001640320002,2025-02-28,SSB
2025-02-01 00:00:00,783080802417,80,DW,12,D,01,001,MUNICIPIO DE BENITO JUAREZ    ,2008-06-04 00:00:00, ,5A,ACTIVO,,,,2024-11-30,12,0,,,,,,,,,,,,0.82800000905991,19.871999740601002,2025-02-28,SSB
2025-02-01 00:00:00,782940901217,80,DW,12,C,01,001,MUNICIPIO DE BENITO JUAREZ    ,1994-09-27 00:00:00, ,5A,ACTIVO,,,,2024-12-19,24,0,,,,,,,,,,,,1,4,2025-02-28,SSB
2025-02-01 00:00:00,782941000957,80,DW,12,C,01,001,MUNICIPIO DE BENITO JUAREZ    ,1994-10-12 00:00:00, ,5A,ACTIVO,,,,2024-10-10,11,0,,,,,,,,,,,,1,1.00100004673,2025-02-28,SSB
2025-02-01 00:00:00,783090104254,80,DW,12,D,01,001,MUNICIPIO DE BENITO JUAREZ    ,2009-01-06 00:00:00, ,5A,ACTIVO,,,,2024-12-04,37,0,,,,,,,,,,,,5,26.39999961853,2025-02-28,SSB
2025-02-01 00:00:00,783090104262,80,DW,12,D,01,001,MUNICIPIO DE BENITO JUAREZ    ,2009-01-07 00:00:00, ,5A,ACTIVO,,,,2024-12-04,68,0,,,,,,,,,,,,3,36,2025-02-28,SSB
2025-02-01 00:00:00,783110305375,80,DW,12,D,01,001,MUNICIPIO DE BENITO JUAREZ    ,2011-03-14 00:00:00, ,5A,ACTIVO,,,,2024-12-05,49,0,,,,,,,,,,,,6.1999998092651003,74.400001525879006,2025-02-28,SSB
2025-02-01 00:00:00,782980101566,80,DW,12,C,01,001,MUNICIPIO DE BENITO JUAREZ    ,1998-01-29 00:00:00, ,5A,ACTIVO,,,,2024-12-02,33,0,,,,,,,,,,,,7.6779999732970996,92.339996337890994,2025-02-28,SSB
2025-02-01 00:00:00,783121100589,80,DW,12,C,01,001,MUNICIPIO DE BENITO JUAREZ    ,2012-12-20 00:00:00, ,5A,ACTIVO,,,,2024-12-18,42,0,,,,,,,,,,,,9,5.4400000572204998,2025-02-28,SSB
2025-02-01 00:00:00,783121100597,80,DW,12,C,01,001,MUNICIPIO DE BENITO JUAREZ    ,2012-11-07 00:00:00, ,5A,ACTIVO,,,,2024-12-18,43,0,,,,,,,,,,,,1,1.6299999952316,2025-02-28,SSB
2025-02-01 00:00:00,782980700818,80,DW,12,C,01,001,MUNICIPIO DE BENITO JUAREZ    ,1998-07-24 00:00:00, ,5A,ACTIVO,,,,2024-11-08,21,0,,,,,,,,,,,,5,51.599998474121001,2025-02-28,SSB
2025-02-01 00:00:00,783010501258,80,DW,12,D,01,001,MUNICIPIO DE BENITO JUAREZ    ,2001-05-22 00:00:00, ,5A,ACTIVO,,,,2024-12-19,25,0,,,,,,,,,,,,4,5.0440001487731996,2025-02-28,SSB
2025-02-01 00:00:00,783010900861,80,DW,12,D,01,001,MUNICIPIO DE BENITO JUAREZ    ,2000-10-01 00:00:00, ,5A,ACTIVO,,,,2024-11-30,24,0,,,,,,,,,,,,1.6560000181198,39.743999481201001,2025-02-28,SSB
2025-02-01 00:00:00,783020202356,80,DW,12,D,01,001,MUNICIPIO DE BENITO JUAREZ    ,2002-01-08 00:00:00, ,5A,ACTIVO,,,,2024-11-30,57,0,,,,,,,,,,,,1.2059999704361,28.944000244141002,2025-02-28,SSB
2025-02-01 00:00:00,783020202381,80,DW,12,C,01,001,MUNICIPIO DE BENITO JUAREZ    ,2002-01-08 00:00:00, ,5A,ACTIVO,,,,2024-11-26,48,0,,,,,,,,,,,,3.5039999485015998,84.096000671387003,2025-02-28,SSB
2025-02-01 00:00:00,783170605700,80,DW,12,D,01,001,MUNICIPIO DE BENITO JUAREZ    ,2017-07-01 00:00:00, ,5A,ACTIVO,,,,2024-12-04,64,0,,,,,,,,,,,,4.9000000953673997,58.799999237061002,2025-02-28,SSB
2025-02-01 00:00:00,783020202402,80,DW,12,B,01,001,MUNICIPIO DE BENITO JUAREZ    ,2002-01-09 00:00:00, ,5A,ACTIVO,,,,2024-11-27,9,0,,,,,,,,,,,,0.77600002288818004,18.629999160766999,2025-02-28,SSB
2025-02-01 00:00:00,783020202429,80,DW,12,C,01,001,MUNICIPIO DE BENITO JUAREZ    ,2002-01-14 00:00:00, ,5A,ACTIVO,,,,2024-11-30,32,0,,,,,,,,,,,,0.28799998760223,6.9120001792907999,2025-02-28,SSB
2025-02-01 00:00:00,783191011061,80,DW,12,A,01,001,RED NACIONAL ULTIMA MILLA     ,2019-09-15 00:00:00,6,02,ACTIVO,1,201,1081,,,0,,,,,,,,,,,,,,,GSC
2025-02-01 00:00:00,783200501467,80,DW,12,D,01,001,MUNICIPIO DE BENITO JUAREZ    ,2020-05-19 00:00:00, ,5A,ACTIVO,,,,2024-12-19,14,0,,,,,,,,,,,,4,0.69999998807907005,2025-02-28,SSB
2025-02-01 00:00:00,782120505449,80,DW,12,C,01,001,MUNICIPIO DE BENITO JUAREZ    ,2012-05-30 00:00:00, ,5A,ACTIVO,,,,2024-12-04,38,0,,,,,,,,,,,,2.7999999523163002,33.599998474121001,2025-02-28,SSB
2025-02-01 00:00:00,782141000835,80,DW,12,C,01,001,MUNICIPIO DE BENITO JUAREZ    ,2014-10-14 00:00:00, ,5A,ACTIVO,,,,2024-12-18,102,0,,,,,,,,,,,,11,9.7919998168944993,2025-02-28,SSB
2025-02-01 00:00:00,783030302928,80,DW,12,D,01,001,MUNICIPIO DE BENITO JUAREZ    ,2003-01-01 00:00:00, ,5A,ACTIVO,,,,2024-11-07,100,0,,,,,,,,,,,,2,55.200000762938998,2025-02-28,SSB
2025-02-01 00:00:00,783030400105,80,DW,12,C,01,001,MUNICIPIO DE BENITO JUAREZ    ,2003-03-19 00:00:00, ,5A,ACTIVO,,,,2024-12-02,96,0,,,,,,,,,,,,7.0040001869201998,84.050003051757997,2025-02-28,SSB
2025-02-01 00:00:00,783030400601,80,DW,12,D,01,001,MUNICIPIO DE BENITO JUAREZ    ,2003-03-13 00:00:00, ,5A,ACTIVO,,,,2024-12-05,94,0,,,,,,,,,,,,4.5999999046326003,55.200000762938998,2025-02-28,SSB
2025-02-01 00:00:00,783040100410,80,DW,12,C,01,001,MUNICIPIO DE BENITO JUAREZ    ,2003-11-13 00:00:00, ,5A,ACTIVO,,,,2024-12-01,9,0,,,,,,,,,,,,1.6000000238419001,19.200000762938998,2025-02-28,SSB
2025-02-01 00:00:00,783040100428,80,DW,12,C,01,001,MUNICIPIO DE BENITO JUAREZ    ,2003-11-11 00:00:00, ,5A,ACTIVO,,,,2024-12-18,75,0,,,,,,,,,,,,4,3.6150000095367001,2025-02-28,SSB
2025-02-01 00:00:00,784910400186,80,DW,12,E,01,001,MUNICIPIO DE BENITO JUAREZ    ,1991-04-15 00:00:00, ,5A,ACTIVO,,,,2024-11-27,17,0,,,,,,,,,,,,0.15299999713897999,3.6719999313353999,2025-02-28,SSB
2025-02-01 00:00:00,783050400055,80,DW,12,D,01,001,MUNICIPIO DE BENITO JUAREZ    ,2005-04-05 00:00:00, ,5A,ACTIVO,,,,2024-12-04,66,0,,,,,,,,,,,,5.8499999046326003,49.200000762938998,2025-02-28,SSB
2025-02-01 00:00:00,783060600575,80,DW,12,D,01,001,MUNICIPIO DE BENITO JUAREZ    ,2006-06-01 00:00:00, ,5A,ACTIVO,,,,2024-12-05,53,0,,,,,,,,,,,,3.5910000801085999,43.090000152587997,2025-02-28,SSB
2025-02-01 00:00:00,783080201553,80,DW,12,A,01,001,MUNICIPIO DE BENITO JUAREZ    ,2008-01-29 00:00:00, ,5A,ACTIVO,,,,2024-12-18,45,0,,,,,,,,,,,,6,6.2100000381470002,2025-02-28,SSB
2025-02-01 00:00:00,783080502979,80,DW,12,D,01,001,MUNICIPIO DE BENITO JUAREZ    ,2008-04-29 00:00:00, ,5A,ACTIVO,,,,2024-11-21,64,0,,,,,,,,,,,,2,38.400001525878999,2025-02-28,SSB
2025-02-01 00:00:00,783080802921,80,DW,12,D,01,001,MUNICIPIO DE BENITO JUAREZ    ,2008-06-03 00:00:00, ,5A,ACTIVO,,,,2024-11-25,27,0,,,,,,,,,,,,4.3060002326965003,103.34400177002,2025-02-28,SSB
2025-02-01 00:00:00,783080802930,80,DW,12,D,01,001,MUNICIPIO DE BENITO JUAREZ    ,2008-06-12 00:00:00, ,5A,ACTIVO,,,,2024-12-05,27,0,,,,,,,,,,,,1.2999999523162999,15.60000038147,2025-02-28,SSB
2025-02-01 00:00:00,783120504872,80,DW,12,D,01,001,MUNICIPIO DE BENITO JUAREZ    ,2012-05-08 00:00:00, ,5A,ACTIVO,,,,2024-12-05,108,0,,,,,,,,,,,,4.5999999046326003,55.200000762938998,2025-02-28,SSB
2025-02-01 00:00:00,783121101224,80,DW,12,C,01,001,MUNICIPIO DE BENITO JUAREZ    ,2012-11-07 00:00:00, ,5A,ACTIVO,,,,2024-12-18,94,0,,,,,,,,,,,,9,8.4200000762938991,2025-02-28,SSB
2025-02-01 00:00:00,783130605171,80,DW,12,D,01,001,MUNICIPIO DE BENITO JUAREZ    ,2013-08-06 00:00:00, ,5A,ACTIVO,,,,2024-12-04,125,0,,,,,,,,,,,,11.098999977111999,63.599998474121001,2025-02-28,SSB
2025-02-01 00:00:00,789001259001,80,DW,04,A,01,001,H AYUNTAMIENTO DE CAMPECHE    ,2000-11-30 00:00:00,6,5A,ACTIVO,,,,2024-12-02,444,0,,,,,,,,,,,,48,46,2025-02-28,SSB
2025-02-01 00:00:00,789001259027,80,DW,04,A,01,001,H AYUNTAMIENTO DE CAMPECHE    ,2000-11-30 00:00:00,6,5A,ACTIVO,,,,2024-11-19,331,0,,,,,,,,,,,,34,24,2025-02-28,SSB
2025-02-01 00:00:00,789001259051,80,DW,04,A,01,001,H AYUNTAMIENTO DE CAMPECHE    ,2000-11-30 00:00:00,6,5A,ACTIVO,,,,2024-11-08,1091,0,,,,,,,,,,,,97,83,2025-02-28,SSB
2025-02-01 00:00:00,789001259060,80,DW,04,A,01,001,H AYUNTAMIENTO DE CAMPECHE    ,2000-11-30 00:00:00,6,5A,ACTIVO,,,,2024-12-03,47,0,,,,,,,,,,,,25,40,2025-02-28,SSB
2025-02-01 00:00:00,789001259124,80,DW,04,A,01,001,H AYUNTAMIENTO DE CAMPECHE    ,2000-11-30 00:00:00,6,5A,ACTIVO,,,,2024-11-19,786,0,,,,,,,,,,,,76,69,2025-02-28,SSB
2025-02-01 00:00:00,789001259159,80,DW,04,A,01,001,H AYUNTAMIENTO DE CAMPECHE    ,2000-11-30 00:00:00,6,5A,ACTIVO,,,,2024-12-03,401,0,,,,,,,,,,,,40,31,2025-02-28,SSB
2025-02-01 00:00:00,789001259167,80,DW,04,A,01,001,H AYUNTAMIENTO DE CAMPECHE    ,2000-11-30 00:00:00,6,5A,ACTIVO,,,,2024-11-19,533,0,,,,,,,,,,,,44,38,2025-02-28,SSB
2025-02-01 00:00:00,789001259175,80,DW,04,A,01,001,H AYUNTAMIENTO DE CAMPECHE    ,2000-11-30 00:00:00,6,5A,ACTIVO,,,,2024-12-10,35,0,,,,,,,,,,,,5,3,2025-02-28,SSB
2025-02-01 00:00:00,789001259345,80,DW,04,A,01,001,H AYUNTAMIENTO DE CAMPECHE    ,2000-11-30 00:00:00,6,5A,ACTIVO,,,,2024-11-19,618,0,,,,,,,,,,,,46,59,2025-02-28,SSB
2025-02-01 00:00:00,789001259353,80,DW,04,A,01,001,H AYUNTAMIENTO DE CAMPECHE    ,2000-11-30 00:00:00,6,5A,ACTIVO,,,,2024-11-19,583,0,,,,,,,,,,,,43,47,2025-02-28,SSB
2025-02-01 00:00:00,789001259361,80,DW,04,A,01,001,H AYUNTAMIENTO DE CAMPECHE    ,2000-11-30 00:00:00,6,5A,ACTIVO,,,,2024-11-20,623,0,,,,,,,,,,,,57,54,2025-02-28,SSB
2025-02-01 00:00:00,789001259370,80,DW,04,A,01,001,H AYUNTAMIENTO DE CAMPECHE    ,2000-11-30 00:00:00,6,5A,ACTIVO,,,,2024-11-21,35,0,,,,,,,,,,,,4,3,2025-02-28,SSB
2025-02-01 00:00:00,789001259388,80,DW,04,A,01,001,H AYUNTAMIENTO DE CAMPECHE    ,2000-11-30 00:00:00,6,5A,ACTIVO,,,,2024-11-21,832,0,,,,,,,,,,,,73,68,2025-02-28,SSB
2025-02-01 00:00:00,789001259400,80,DW,04,A,01,001,H AYUNTAMIENTO DE CAMPECHE    ,2000-11-30 00:00:00,6,5A,ACTIVO,,,,2024-11-21,243,0,,,,,,,,,,,,21,19,2025-02-28,SSB
2025-02-01 00:00:00,783130802481,80,DW,12,D,01,001,MUNICIPIO DE BENITO JUAREZ    ,2013-08-09 00:00:00, ,5A,ACTIVO,,,,2024-12-19,40,0,,,,,,,,,,,,4,2,2025-02-28,SSB
2025-02-01 00:00:00,789010100898,80,DW,04,A,01,001,H AYUNTAMIENTO DE CAMPECHE    ,2000-11-30 00:00:00,6,5A,ACTIVO,,,,2024-11-22,70,0,,,,,,,,,,,,10,9,2025-02-28,SSB
2025-02-01 00:00:00,789010100901,80,DW,04,A,01,001,H AYUNTAMIENTO DE CAMPECHE    ,2000-11-30 00:00:00,6,5A,ACTIVO,,,,2024-11-22,300,0,,,,,,,,,,,,25,29,2025-02-28,SSB
2025-02-01 00:00:00,789010100910,80,DW,04,A,01,001,H AYUNTAMIENTO DE CAMPECHE    ,2000-11-30 00:00:00,6,5A,ACTIVO,,,,2024-11-22,459,0,,,,,,,,,,,,58,38,2025-02-28,SSB
2025-02-01 00:00:00,789010100944,80,DW,04,A,01,001,H AYUNTAMIENTO DE CAMPECHE    ,2000-11-30 00:00:00,6,5A,ACTIVO,,,,2024-11-12,220,0,,,,,,,,,,,,18,16,2025-02-28,SSB
2025-02-01 00:00:00,789010100952,80,DW,04,A,01,001,H AYUNTAMIENTO DE CAMPECHE    ,2000-11-30 00:00:00,6,5A,ACTIVO,,,,2024-11-23,653,0,,,,,,,,,,,,59,64,2025-02-28,SSB
2025-02-01 00:00:00,789010100961,80,DW,04,A,01,001,H AYUNTAMIENTO DE CAMPECHE    ,2000-11-30 00:00:00,6,5A,ACTIVO,,,,2024-11-12,233,0,,,,,,,,,,,,17,16,2025-02-28,SSB
2025-02-01 00:00:00,789010100987,80,DW,04,A,01,001,H AYUNTAMIENTO DE CAMPECHE    ,2000-11-30 00:00:00,6,5A,ACTIVO,,,,2024-11-12,265,0,,,,,,,,,,,,29,25,2025-02-28,SSB
2025-02-01 00:00:00,783160604110,80,DW,12,D,01,001,MUNICIPIO DE BENITO JUAREZ    ,2016-05-07 00:00:00, ,5A,ACTIVO,,,,2024-12-04,74,0,,,,,,,,,,,,3.2999999523163002,39.599998474121001,2025-02-28,SSB
2025-02-01 00:00:00,783160803198,80,DW,12,D,01,001,MUNICIPIO DE BENITO JUAREZ    ,2016-08-11 00:00:00, ,5A,ACTIVO,,,,2024-12-05,54,0,,,,,,,,,,,,2.2999999523163002,27.60000038147,2025-02-28,SSB
2025-02-01 00:00:00,789020801428,80,DW,04,A,01,001,H AYUNTAMIENTO DE CAMPECHE    ,2002-06-30 00:00:00,6,5A,ACTIVO,,,,2024-11-23,28,0,,,,,,,,,,,,2,1,2025-02-28,SSB
2025-02-01 00:00:00,789020801436,80,DW,04,A,01,001,H AYUNTAMIENTO DE CAMPECHE    ,2002-06-30 00:00:00,6,5A,ACTIVO,,,,2024-11-10,88,0,,,,,,,,,,,,10,6,2025-02-28,SSB
2025-02-01 00:00:00,783020406253,80,DW,12,C,01,001,MUNICIPIO DE BENITO JUAREZ    ,2002-04-15 00:00:00, ,5A,ACTIVO,,,,2024-11-26,38,0,,,,,,,,,,,,0.34200000762938998,8.2080001831055007,2025-02-28,SSB
2025-02-01 00:00:00,783030101990,80,DW,12,B,01,001,MUNICIPIO DE BENITO JUAREZ    ,2003-01-17 00:00:00, ,5A,ACTIVO,,,,2024-11-30,12,0,,,,,,,,,,,,0.82800000905991,19.871999740601002,2025-02-28,SSB
2025-02-01 00:00:00,784100100569,80,DW,12,B,01,001,RED NACIONAL ULTIMA MILLA     ,2010-04-08 00:00:00,6,02,ACTIVO,1,146,799,,,0,,,,,,,,,,,,,,,GSC
2025-02-01 00:00:00,784100200741,80,DW,12,B,01,001,RED NACIONAL ULTIMA MILLA     ,2010-02-26 00:00:00,6,02,ACTIVO,1,84,482,,,0,,,,,,,,,,,,,,,GSC
2025-02-01 00:00:00,784100400074,80,DW,12,B,01,001,RED NACIONAL ULTIMA MILLA     ,2010-04-07 00:00:00,6,02,ACTIVO,1,56,338,,,0,,,,,,,,,,,,,,,GSC
2025-02-01 00:00:00,784111200239,80,DW,12,E,01,001,MUNICIPIO DE BENITO JUAREZ    ,2011-12-06 00:00:00, ,02,ACTIVO,1,1493,7385,,,0,,,,,,,,,,,,,,,GSC
2025-02-01 00:00:00,785790800319,80,DW,03,A,02,001,H AYUNT  MUNA        Y053     ,1979-08-17 00:00:00,6,5A,ACTIVO,,,,2024-11-28,1200,0,,,,,,,,,,,,86.099998474120994,86,2025-02-28,SSB
2025-02-01 00:00:00,789050404067,80,DW,04,A,01,001,H AYUNTAMIENTO DE CAMPECHE    ,2002-09-30 00:00:00,6,5A,ACTIVO,,,,2024-11-25,299,0,,,,,,,,,,,,20,21,2025-02-28,SSB
2025-02-01 00:00:00,785790800378,80,DW,03,A,08,001,H AYUNT  CHAPAB      Y018     ,1979-08-27 00:00:00,6,5A,ACTIVO,,,,2024-11-28,316,0,,,,,,,,,,,,44.900001525878999,45,2025-02-28,SSB
2025-02-01 00:00:00,785790800386,80,DW,03,A,09,001,H AYUNT  TEKIT       Y080     ,1979-08-27 00:00:00,6,5A,ACTIVO,,,,2024-11-28,768,0,,,,,,,,,,,,109.90000152588,110,2025-02-28,SSB
2025-02-01 00:00:00,785800501161,80,DW,03,A,18,001,H AYUNT  CHAPAB      Y018     ,1980-05-01 00:00:00,6,5A,ACTIVO,,,,2024-11-28,72,0,,,,,,,,,,,,3.7000000476836998,4,2025-02-28,SSB
2025-02-01 00:00:00,785950500309,80,DW,03,A,20,001,H AYUNTTO  DE CHAPAB Y018     ,1995-05-31 00:00:00,6,5A,ACTIVO,,,,2024-11-28,14,0,,,,,,,,,,,,0.80000001192092995,1,2025-02-28,SSB
2025-02-01 00:00:00,788071100029,80,DW,03,D,04,951,H  AYUNTAMIENTO DE CHACSINKIN ,2007-10-16 00:00:00,6,5A,ACTIVO,,,,2024-06-20,13,0,,,,,,,,,,,,0.82999998331070002,1,2025-02-28,SSB
2025-02-01 00:00:00,788811200227,80,DW,03,D,16,951,H AYUNT  TEKAX       Y079     ,1981-12-31 00:00:00,6,5A,ACTIVO,,,,2024-12-12,176,0,,,,,,,,,,,,12.800000190735,12.279999732971,2025-02-28,SSB
2025-02-01 00:00:00,789140205756,80,DW,04,A,01,001,H AYUNTAMIENTO DE CAMPECHE    ,2014-01-30 00:00:00,6,5A,ACTIVO,,,,2024-11-05,138,0,,,,,,,,,,,,12,13,2025-02-28,SSB
2025-02-01 00:00:00,789140205764,80,DW,04,A,01,001,H AYUNTAMIENTO DE CAMPECHE    ,2014-01-30 00:00:00,6,5A,ACTIVO,,,,2024-11-05,53,0,,,,,,,,,,,,5,4,2025-02-28,SSB
2025-02-01 00:00:00,789140205837,80,DW,04,A,01,001,H AYUNTAMIENTO                ,2014-01-30 00:00:00,6,5A,ACTIVO,,,,2024-11-05,114,0,,,,,,,,,,,,13,9,2025-02-28,SSB
2025-02-01 00:00:00,789001258985,80,DW,04,A,01,001,H AYUNTAMIENTO DE CAMPECHE    ,2000-11-30 00:00:00,6,5A,ACTIVO,,,,2024-11-12,949,0,,,,,,,,,,,,77,55,2025-02-28,SSB
2025-02-01 00:00:00,789001258993,80,DW,04,A,01,001,H AYUNTAMIENTO DE CAMPECHE    ,2000-11-30 00:00:00,6,5A,ACTIVO,,,,2024-09-11,478,0,,,,,,,,,,,,48,49,2025-02-28,SSB
2025-02-01 00:00:00,789010100871,80,DW,04,A,01,001,H AYUNTAMIENTO DE CAMPECHE    ,2000-11-30 00:00:00,6,5A,ACTIVO,,,,2024-11-22,748,0,,,,,,,,,,,,70,71,2025-02-28,SSB
2025-02-01 00:00:00,789020801274,80,DW,04,A,01,001,H AYUNTAMIENTO DE CAMPECHE    ,2002-06-30 00:00:00,6,5A,ACTIVO,,,,2024-11-23,32,0,,,,,,,,,,,,3,4,2025-02-28,SSB
2025-02-01 00:00:00,789020801304,80,DW,04,A,01,001,H AYUNTAMIENTO DE CAMPECHE    ,2002-06-30 00:00:00,6,5A,ACTIVO,,,,2024-11-19,109,0,,,,,,,,,,,,10,9,2025-02-28,SSB
2025-02-01 00:00:00,783180303159,80,DW,12,D,01,001,MUNICIPIO DE BENITO JUAREZ    ,2018-03-16 00:00:00, ,5A,ACTIVO,,,,2024-12-05,21,0,,,,,,,,,,,,2,24,2025-02-28,SSB
2025-02-01 00:00:00,783190803591,80,DW,12,D,01,001,RED NACIONAL ULTIMA MILLA     ,2019-07-26 00:00:00,6,02,ACTIVO,1,2721,13996,,,0,,,,,,,,,,,,,,,GSC
2025-02-01 00:00:00,784000355977,80,DW,12,C,01,001,MUNICIPIO DE BENITO JUAREZ    ,1998-01-01 00:00:00, ,5A,ACTIVO,,,,2024-12-18,25,0,,,,,,,,,,,,1,1.0750000476837001,2025-02-28,SSB
2025-02-01 00:00:00,784011100211,80,DW,12,E,01,001,MUNICIPIO DE BENITO JUAREZ    ,2001-10-26 00:00:00, ,5A,ACTIVO,,,,2024-10-29,52,0,,,,,,,,,,,,9,108.48000335693,2025-02-28,SSB
2025-02-01 00:00:00,784100100551,80,DW,12,A,01,001,RED NACIONAL ULTIMA MILLA     ,2010-03-02 00:00:00,6,02,ACTIVO,1,140,769,,,0,,,,,,,,,,,,,,,GSC
2025-02-01 00:00:00,789020905185,80,DW,04,A,01,001,H AYUNTAMIENTO DE CAMPECHE    ,2002-08-21 00:00:00,6,5A,ACTIVO,,,,2024-11-25,28,0,,,,,,,,,,,,10.689999580383001,1,2025-02-28,SSB
2025-02-01 00:00:00,789030103249,80,DW,04,A,01,001,H AYUNTAMIENTO DE CAMPECHE    ,2003-05-30 00:00:00,6,5A,ACTIVO,,,,2024-11-25,76,0,,,,,,,,,,,,8,5,2025-02-28,SSB
2025-02-01 00:00:00,789031106934,80,DW,04,A,01,001,CABLE Y COMUNICACION DE CAMP  ,2003-11-27 00:00:00,6,02,ACTIVO,1,26969,139412,,,0,,,,,,,,,,,,,,,GSC
2025-02-01 00:00:00,789031106942,80,DW,04,A,01,001,CABLE Y COMUNICACION DE CAMP  ,2003-11-27 00:00:00,6,02,ACTIVO,1,20990,108516,,,0,,,,,,,,,,,,,,,GSC
2025-02-01 00:00:00,789050501437,80,DW,04,A,01,001,H AYUNTAMIENTO DE CAMPECHE    ,2004-10-11 00:00:00,6,5A,ACTIVO,,,,2024-11-24,82,0,,,,,,,,,,,,3,7,2025-02-28,SSB
2025-02-01 00:00:00,789050501445,80,DW,04,A,01,001,H AYUNTAMIENTO DE CAMPECHE    ,2004-10-11 00:00:00,6,5A,ACTIVO,,,,2024-11-25,100,0,,,,,,,,,,,,14,11,2025-02-28,SSB
2025-02-01 00:00:00,789050501534,80,DW,04,A,01,001,H AYUNTAMIENTO DE CAMPECHE    ,2004-10-11 00:00:00,6,5A,ACTIVO,,,,2024-12-10,44,0,,,,,,,,,,,,3,5,2025-02-28,SSB
2025-02-01 00:00:00,789050502514,80,DW,04,A,01,001,H AYUNTAMIENTO DE CAMPECHE    ,2004-11-09 00:00:00,6,5A,ACTIVO,,,,2024-11-05,85,0,,,,,,,,,,,,6,9,2025-02-28,SSB
2025-02-01 00:00:00,789050502531,80,DW,04,A,01,001,H AYUNTAMIENTO DE CAMPECHE    ,2004-11-09 00:00:00,6,5A,ACTIVO,,,,2024-11-05,443,0,,,,,,,,,,,,27,28,2025-02-28,SSB
2025-02-01 00:00:00,789020801541,80,DW,04,A,01,001,H AYUNTAMIENTO DE CAMPECHE    ,2002-06-30 00:00:00,6,5A,ACTIVO,,,,2024-11-25,62,0,,,,,,,,,,,,14.239999771118001,5,2025-02-28,SSB
2025-02-01 00:00:00,789020801550,80,DW,04,A,01,001,H AYUNTAMIENTO DE CAMPECHE    ,2002-06-30 00:00:00,6,5A,ACTIVO,,,,2024-11-25,39,0,,,,,,,,,,,,10.869999885559,4,2025-02-28,SSB
2025-02-01 00:00:00,789020801592,80,DW,04,A,01,001,H AYUNTAMIENTO DE CAMPECHE    ,2002-06-30 00:00:00,6,5A,ACTIVO,,,,2024-10-15,44,0,,,,,,,,,,,,5,4,2025-02-28,SSB
2025-02-01 00:00:00,789180900571,80,DW,04,A,01,001,PODER EJECUTIVO DEL EDO CAMPEC,2018-09-13 00:00:00,0,02,ACTIVO,1,6427,33262,2019-01-25,649,0,,,,,,,,,,,,,,,SSB
2025-02-01 00:00:00,789181200912,80,DW,04,A,01,001,COMISION FEDERAL DE ELECTRICID,2018-12-20 00:00:00,0,02,ACTIVO,1,6802,28853,2019-05-13,202020,0,,,,,,,,,,,,,,,SSB
2025-02-01 00:00:00,789120500697,80,DW,04,A,01,001,H AYUNTAMIENTO DE CAMPECHE    ,2012-04-12 00:00:00,6,5A,ACTIVO,,,,2024-12-10,14,0,,,,,,,,,,,,3,1,2025-02-28,SSB
2025-02-01 00:00:00,789890302001,80,DW,04,B,16,001,H AYUNTAMIENTO DE CAMPECHE    ,1989-03-31 00:00:00,6,5A,ACTIVO,,,,2024-10-21,54,0,,,,,,,,,,,,5,4,2025-02-28,SSB
2025-02-01 00:00:00,789140206299,80,DW,04,A,01,001,H AYUNTAMIENTO DE CAMPECHE    ,2014-01-30 00:00:00,6,5A,ACTIVO,,,,2024-11-05,84,0,,,,,,,,,,,,7,5,2025-02-28,SSB
2025-02-01 00:00:00,789140206329,80,DW,04,A,01,001,H AYUNTAMIENTO DE CAMPECHE    ,2014-01-30 00:00:00,6,5A,ACTIVO,,,,2024-10-22,170,0,,,,,,,,,,,,9,10,2025-02-28,SSB
2025-02-01 00:00:00,789140206337,80,DW,04,A,01,001,H AYUNTAMIENTO DE CAMPECHE    ,2014-01-31 00:00:00,6,5A,ACTIVO,,,,2024-10-22,221,0,,,,,,,,,,,,17,16,2025-02-28,SSB
2025-02-01 00:00:00,789140206345,80,DW,04,A,01,001,H AYUNTAMIENTO DE CAMPECHE    ,2014-01-30 00:00:00,6,5A,ACTIVO,,,,2024-10-24,117,0,,,,,,,,,,,,10,8,2025-02-28,SSB
2025-02-01 00:00:00,789140206353,80,DW,04,A,01,001,H AYUNTAMIENTO DE CAMPECHE    ,2014-01-30 00:00:00,6,5A,ACTIVO,,,,2024-11-06,90,0,,,,,,,,,,,,8,7,2025-02-28,SSB
2025-02-01 00:00:00,789140206361,80,DW,04,A,01,001,H AYUNTAMIENTO DE CAMPECHE    ,2014-01-30 00:00:00,6,5A,ACTIVO,,,,2024-11-06,367,0,,,,,,,,,,,,29,27,2025-02-28,SSB
2025-02-01 00:00:00,789140206370,80,DW,04,A,01,001,H AYUNTAMIENTO DE CAMPECHE    ,2014-01-30 00:00:00,6,5A,ACTIVO,,,,2024-11-05,394,0,,,,,,,,,,,,30,26,2025-02-28,SSB
2025-02-01 00:00:00,789140206388,80,DW,04,A,01,001,H AYUNTAMIENTO DE CAMPECHE    ,2014-01-30 00:00:00,6,5A,ACTIVO,,,,2024-11-05,81,0,,,,,,,,,,,,8,6,2025-02-28,SSB
2025-02-01 00:00:00,789140206400,80,DW,04,A,01,001,H AYUNTAMIENTO DE CAMPECHE    ,2014-01-30 00:00:00,6,5A,ACTIVO,,,,2024-11-06,132,0,,,,,,,,,,,,10,8,2025-02-28,SSB
2025-02-01 00:00:00,789140206426,80,DW,04,A,01,001,H AYUNTAMIENTO DE CAMPECHE    ,2014-01-30 00:00:00,6,5A,ACTIVO,,,,2024-11-05,187,0,,,,,,,,,,,,15,16,2025-02-28,SSB
2025-02-01 00:00:00,789890301960,80,DW,04,B,10,001,H AYUNTAMIENTO DE CAMPECHE    ,1989-03-31 00:00:00,6,5A,ACTIVO,,,,2024-08-26,224,0,,,,,,,,,,,,14,18,2025-02-28,SSB
2025-02-01 00:00:00,789890301994,80,DW,04,A,13,001,H AYUNTAMIENTO DE CAMPECHE    ,1989-03-31 00:00:00,6,5A,ACTIVO,,,,2024-11-06,133,0,,,,,,,,,,,,12,11,2025-02-28,SSB
2025-02-01 00:00:00,789190200909,80,DW,04,A,01,001,SIST MPAL AG POT              ,2019-02-15 00:00:00,6,02,ACTIVO,1,392,1975,2019-02-15,202020,0,,,,,,,,,,,,,,,SSB
2025-02-01 00:00:00,789220702068,80,DW,04,A,01,001,CFE TEIT                      ,2022-07-30 00:00:00,0,02,ACTIVO,1,2324,9886,2023-01-01,166,0,,,,,,,,,,,,,,,SSB
2025-02-01 00:00:00,789860801585,80,DW,04,B,15,001,H AYUNTAMIENTO DE CAMPECHE    ,1986-08-01 00:00:00,6,5A,ACTIVO,,,,2024-10-24,65,0,,,,,,,,,,,,12,6,2025-02-28,SSB
2025-02-01 00:00:00,790011100342,80,DW,04,C,19,001,H AYUNTAMIENTO CHAMPOTON      ,2001-09-30 00:00:00,6,5A,ACTIVO,,,,2024-08-13,56,0,,,,,,,,,,,,6,7.3699998855590998,2025-02-28,SSB
2025-02-01 00:00:00,790011100351,80,DW,04,C,85,001,H AYUNTAMIENTO CHAMPOTON      ,2001-09-30 00:00:00,6,5A,ACTIVO,,,,2024-08-13,86,0,,,,,,,,,,,,11,8.3999996185303001,2025-02-28,SSB
2025-02-01 00:00:00,790011100369,80,DW,04,C,20,001,H AYUNTAMIENTO CHAMPOTON      ,2001-09-30 00:00:00,6,5A,ACTIVO,,,,2024-08-13,48,0,,,,,,,,,,,,6,3.8399999141693,2025-02-28,SSB
2025-02-01 00:00:00,790011100377,80,DW,04,C,21,001,H AYUNTAMIENTO CHAMPOTON      ,2001-09-30 00:00:00,6,5A,ACTIVO,,,,2024-08-15,33,0,,,,,,,,,,,,2,2.0699999332428001,2025-02-28,SSB
2025-02-01 00:00:00,790011100385,80,DW,04,C,31,001,MUNICIPIO DE SEYBAPLAYA       ,2001-09-30 00:00:00,6,5A,ACTIVO,,,,2024-11-19,13,0,,,,,,,,,,,,2,1,2025-02-28,SSB
2025-02-01 00:00:00,790011100393,80,DW,04,C,23,001,MUNICIPIO DE SEYBAPLAYA       ,2001-09-30 00:00:00,6,5A,ACTIVO,,,,2024-11-19,17,0,,,,,,,,,,,,4,1,2025-02-28,SSB
2025-02-01 00:00:00,789860801593,80,DW,04,A,17,001,H AYUNTAMIENTO DE CAMPECHE    ,1986-08-01 00:00:00,6,5A,ACTIVO,,,,2024-11-06,123,0,,,,,,,,,,,,9,8,2025-02-28,SSB
2025-02-01 00:00:00,789860801607,80,DW,04,A,18,001,H AYUNTAMIENTO DE CAMPECHE    ,1986-08-01 00:00:00,6,5A,ACTIVO,,,,2024-11-06,109,0,,,,,,,,,,,,11,10,2025-02-28,SSB
2025-02-01 00:00:00,789861001469,80,DW,04,B,06,001,H AYUNTAMIENTO DE CAMPECHE    ,1986-10-01 00:00:00,6,5A,ACTIVO,,,,2024-10-21,193,0,,,,,,,,,,,,14,13,2025-02-28,SSB
2025-02-01 00:00:00,789890301927,80,DW,04,B,02,001,H AYUNTAMIENTO DE CAMPECHE    ,1989-03-31 00:00:00,6,5A,ACTIVO,,,,2024-08-28,280,0,,,,,,,,,,,,20,16,2025-02-28,SSB
2025-02-01 00:00:00,789940701450,80,DW,04,A,20,001,H AYUNTAMIENTO DE CAMPECHE    ,1994-07-01 00:00:00,6,5A,ACTIVO,,,,2024-11-06,47,0,,,,,,,,,,,,4,3,2025-02-28,SSB
2025-02-01 00:00:00,790120601190,80,DW,04,C,58,001,ALUM PUBLICO CD DEL SOL       ,2012-06-01 00:00:00,6,5A,ACTIVO,,,,2024-08-15,109,0,,,,,,,,,,,,14,17.069999694823998,2025-02-28,SSB
2025-02-01 00:00:00,789951001671,80,DW,04,B,03,001,H AYUNTAMIENTO DE CAMPECHE    ,1995-10-30 00:00:00,6,5A,ACTIVO,,,,2024-10-20,695,0,,,,,,,,,,,,53,51,2025-02-28,SSB
2025-02-01 00:00:00,789890301935,80,DW,04,B,04,001,H AYUNTAMIENTO DE CAMPECHE    ,1989-03-31 00:00:00,6,5A,ACTIVO,,,,2024-08-15,276,0,,,,,,,,,,,,26,22,2025-02-28,SSB
2025-02-01 00:00:00,789890301943,80,DW,04,B,08,001,H AYUNTAMIENTO DE CAMPECHE    ,1989-03-31 00:00:00,6,5A,ACTIVO,,,,2024-08-15,187,0,,,,,,,,,,,,17,14,2025-02-28,SSB
2025-02-01 00:00:00,789890301951,80,DW,04,B,09,001,H AYUNTAMIENTO DE CAMPECHE    ,1989-03-31 00:00:00,6,5A,ACTIVO,,,,2024-08-15,141,0,,,,,,,,,,,,15,13,2025-02-28,SSB
2025-02-01 00:00:00,789150400743,80,DW,04,A,01,001,H AYUNTAMIENTO  DE CAMPECHE   ,2015-02-09 00:00:00,6,5A,ACTIVO,,,,2024-11-19,25,0,,,,,,,,,,,,3,2,2025-02-28,SSB
2025-02-01 00:00:00,790940800634,80,DW,04,C,33,001,H AYUNTAMIENTO                ,1994-08-17 00:00:00,6,5A,ACTIVO,,,,2024-08-15,278,0,,,,,,,,,,,,32,34.180000305176002,2025-02-28,SSB
2025-02-01 00:00:00,790940800642,80,DW,04,C,65,001,COMISARIA MUNICIPAL           ,1994-08-18 00:00:00,6,5A,ACTIVO,,,,2024-08-15,37,0,,,,,,,,,,,,5,3.3299999237061,2025-02-28,SSB
2025-02-01 00:00:00,790940800651,80,DW,04,C,93,001,COMISARIA MUNICIPAL           ,1994-08-18 00:00:00,6,5A,ACTIVO,,,,2024-08-13,35,0,,,,,,,,,,,,6,3.3599998950957999,2025-02-28,SSB
2025-02-01 00:00:00,790940800669,80,DW,04,C,96,001,COMISARIA MUNICIPAL           ,1994-08-18 00:00:00,6,5A,ACTIVO,,,,2024-08-13,145,0,,,,,,,,,,,,19,14.579999923706,2025-02-28,SSB
2025-02-01 00:00:00,790940800677,80,DW,04,C,97,001,COMISARIA MUNICIPAL           ,1994-08-18 00:00:00,6,5A,ACTIVO,,,,2024-08-13,56,0,,,,,,,,,,,,5,3.9000000953674001,2025-02-28,SSB
2025-02-01 00:00:00,790011100300,80,DW,04,C,90,001,H AYUNTAMIENTO DE CHAMPOTON   ,2001-09-30 00:00:00,6,5A,ACTIVO,,,,2024-08-13,21,0,,,,,,,,,,,,1,1.5499999523162999,2025-02-28,SSB
2025-02-01 00:00:00,790011100318,80,DW,04,C,89,001,H AYUNTAMIENTO CHAMPOTON      ,2001-09-30 00:00:00,6,5A,ACTIVO,,,,2024-08-06,81,0,,,,,,,,,,,,4,4.7399997711181996,2025-02-28,SSB
2025-02-01 00:00:00,790011100326,80,DW,04,C,86,001,H AYUNTAMIENTO CHAMPOTON      ,2001-09-30 00:00:00,6,5A,ACTIVO,,,,2024-08-13,115,0,,,,,,,,,,,,12,12.520000457764001,2025-02-28,SSB
2025-02-01 00:00:00,790011100334,80,DW,04,C,87,001,H AYUNTAMIENTO CHAMPOTON      ,2001-09-30 00:00:00,6,5A,ACTIVO,,,,2024-08-13,117,0,,,,,,,,,,,,10,9.6800003051758008,2025-02-28,SSB
2025-02-01 00:00:00,790100600189,80,DW,04,C,28,001,H  AYUNTAMIENTO DE CHAMPOTON  ,2010-05-01 00:00:00,6,5A,ACTIVO,,,,2024-08-15,353,0,,,,,,,,,,,,46,28.959999084473001,2025-02-28,SSB
2025-02-01 00:00:00,790120601149,80,DW,04,C,82,001,ALUM PUB CNEL ORTIZ AVULA     ,2012-06-01 00:00:00,6,5A,ACTIVO,,,,2024-08-13,46,0,,,,,,,,,,,,7,4.7199997901917001,2025-02-28,SSB
2025-02-01 00:00:00,790120601157,80,DW,04,C,58,001,ALUM PUB LA NORIA             ,2012-06-01 00:00:00,6,5A,ACTIVO,,,,2024-08-15,28,0,,,,,,,,,,,,4,3.5099999904632999,2025-02-28,SSB
2025-02-01 00:00:00,790120601165,80,DW,04,C,99,001,ALUM PUBLICO NVA ESPERANZA 2  ,2012-06-01 00:00:00,6,5A,ACTIVO,,,,2024-08-06,44,0,,,,,,,,,,,,6,3.0699999332428001,2025-02-28,SSB
2025-02-01 00:00:00,790120601181,80,DW,04,C,58,001,ALUM PUB EL PORVENIR          ,2012-06-01 00:00:00,6,5A,ACTIVO,,,,2024-08-15,60,0,,,,,,,,,,,,9,9.4099998474121005,2025-02-28,SSB
2025-02-01 00:00:00,789971005770,80,DW,04,A,01,001,MUNICIPIO DE CAMPECHE         ,1997-10-24 00:00:00,6,5A,ACTIVO,,,,2024-11-16,184,0,,,,,,,,,,,,14,11,2025-02-28,SSB
2025-02-01 00:00:00,789980807234,80,DW,04,A,11,001,H AYUNTAMIENTO DE CAMPECHE    ,1998-08-31 00:00:00,6,5A,ACTIVO,,,,2024-11-06,93,0,,,,,,,,,,,,7,8,2025-02-28,SSB
2025-02-01 00:00:00,790001055641,80,DW,04,C,67,001,H AYUNTO  CHAMPOTON           ,2000-08-31 00:00:00,6,5A,ACTIVO,,,,2024-08-15,41,0,,,,,,,,,,,,5,3.5399999618529998,2025-02-28,SSB
2025-02-01 00:00:00,790001055659,80,DW,04,C,81,001,H  AYUNTO CHAMPOTON           ,2000-08-31 00:00:00,6,5A,ACTIVO,,,,2024-08-06,37,0,,,,,,,,,,,,3,3.2699999809264999,2025-02-28,SSB
2025-02-01 00:00:00,790001055667,80,DW,04,C,82,001,H AYUNTAMIENTO CHAMPOTON      ,2000-08-31 00:00:00,6,5A,ACTIVO,,,,2024-08-06,150,0,,,,,,,,,,,,14,11.439999580383001,2025-02-28,SSB
2025-02-01 00:00:00,790001055675,80,DW,04,C,83,001,H AYUNTAMIENTO CHAMPOTON      ,2000-08-31 00:00:00,6,5A,ACTIVO,,,,2024-08-06,37,0,,,,,,,,,,,,3,2.5299999713897998,2025-02-28,SSB
2025-02-01 00:00:00,790001055683,80,DW,04,C,84,001,H AYUNTAMIENTO CHAMPOTON      ,2000-08-31 00:00:00,6,5A,ACTIVO,,,,2024-08-06,43,0,,,,,,,,,,,,3,2.8399999141693,2025-02-28,SSB
2025-02-01 00:00:00,790011100270,80,DW,04,C,60,001,H AYUNTAMIENTO CHAMPOTON      ,2001-09-30 00:00:00,6,5A,ACTIVO,,,,2024-08-15,116,0,,,,,,,,,,,,14,10.720000267029,2025-02-28,SSB
2025-02-01 00:00:00,790011100288,80,DW,04,C,25,001,MUNICIPIO DE SEYBAPLAYA       ,2001-09-30 00:00:00,6,5A,ACTIVO,,,,2024-11-19,7,0,,,,,,,,,,,,3,2,2025-02-28,SSB
2025-02-01 00:00:00,790140202143,80,DW,04,C,05,001,H AYUNTAMIENTO CHAMPOTON      ,2014-01-30 00:00:00,6,5A,ACTIVO,,,,2024-08-13,48,0,,,,,,,,,,,,4,3.6600000858307,2025-02-28,SSB
2025-02-01 00:00:00,790140202151,80,DW,04,C,02,001,H AYUNTAMIENTO CHAMPOTON      ,2014-01-30 00:00:00,6,5A,ACTIVO,,,,2024-08-15,42,0,,,,,,,,,,,,3,5.1999998092651003,2025-02-28,SSB
2025-02-01 00:00:00,790140202160,80,DW,04,C,03,001,H AYUNTAMIENTO CHAMPOTON      ,2014-01-30 00:00:00,6,5A,ACTIVO,,,,2024-08-15,24,0,,,,,,,,,,,,2,2.4300000667571999,2025-02-28,SSB
2025-02-01 00:00:00,790140202178,80,DW,04,C,04,001,H AYUNTAMIENTO CHAMPOTON      ,2014-01-30 00:00:00,6,5A,ACTIVO,,,,2024-08-13,87,0,,,,,,,,,,,,8,8.3500003814696999,2025-02-28,SSB
2025-02-01 00:00:00,790200300077,80,DW,04,C,32,001,RED NACIONAL ULTIMA MILLA     ,2020-02-11 00:00:00,6,02,ACTIVO,1,403,2134,,,0,,,,,,,,,,,,,,,GSC
2025-02-01 00:00:00,790940801037,80,DW,04,C,92,001,H AYUNTAMIENTO                ,1994-08-17 00:00:00,6,5A,ACTIVO,,,,2024-08-15,97,0,,,,,,,,,,,,7,12.869999885559,2025-02-28,SSB
2025-02-01 00:00:00,790970400941,80,DW,04,C,32,001,H AYUNTAM CHAMPOTON           ,1997-04-30 00:00:00,6,5A,ACTIVO,,,,2024-08-07,2765,0,,,,,,,,,,,,316,245.16000366211,2025-02-28,SSB
2025-02-01 00:00:00,790980802249,80,DW,04,C,62,001,COMISARIA MUNICIPAL           ,1998-08-31 00:00:00,6,5A,ACTIVO,,,,2024-08-13,56,0,,,,,,,,,,,,5,5.9800000190734997,2025-02-28,SSB
2025-02-01 00:00:00,790980802257,80,DW,04,C,63,001,H AYUNTAMIENTO                ,1998-08-31 00:00:00,6,5A,ACTIVO,,,,2024-08-06,108,0,,,,,,,,,,,,16,14.619999885559,2025-02-28,SSB
2025-02-01 00:00:00,790980802265,80,DW,04,C,64,001,COMISARIA MUNICIPAL           ,1998-08-31 00:00:00,6,5A,ACTIVO,,,,2024-08-13,76,0,,,,,,,,,,,,6,6.2399997711181996,2025-02-28,SSB
2025-02-01 00:00:00,790980802273,80,DW,04,C,66,001,H AYUNTAMIENTO                ,1998-08-31 00:00:00,6,5A,ACTIVO,,,,2024-08-06,59,0,,,,,,,,,,,,8,7.25,2025-02-28,SSB
2025-02-01 00:00:00,790980802281,80,DW,04,C,71,001,COMISARIA MUNICIPAL           ,1998-08-31 00:00:00,6,5A,ACTIVO,,,,2024-08-15,54,0,,,,,,,,,,,,5,5.3699998855590998,2025-02-28,SSB
2025-02-01 00:00:00,790980802290,80,DW,04,C,94,001,H AYUNTAMIENTO                ,1998-08-31 00:00:00,6,5A,ACTIVO,,,,2024-08-06,52,0,,,,,,,,,,,,6,4.4600000381470002,2025-02-28,SSB
2025-02-01 00:00:00,790980802303,80,DW,04,C,95,001,H AYUNTAMIENTO                ,1998-08-31 00:00:00,6,5A,ACTIVO,,,,2024-08-13,135,0,,,,,,,,,,,,15,11.590000152588001,2025-02-28,SSB
2025-02-01 00:00:00,790980802311,80,DW,04,C,98,001,H AYUNTAMIENTO                ,1998-08-31 00:00:00,6,5A,ACTIVO,,,,2024-08-06,46,0,,,,,,,,,,,,4,3.0199999809264999,2025-02-28,SSB
2025-02-01 00:00:00,790980801994,80,DW,04,C,13,001,H AYUNTAMIENTO                ,1998-08-31 00:00:00,6,5A,ACTIVO,,,,2024-08-13,63,0,,,,,,,,,,,,6,4.6700000762939,2025-02-28,SSB
2025-02-01 00:00:00,790980802010,80,DW,04,C,30,001,MUNICIPIO DE SEYBAPLAYA       ,1998-08-31 00:00:00,6,5A,ACTIVO,,,,2024-11-19,20,0,,,,,,,,,,,,3,2,2025-02-28,SSB
2025-02-01 00:00:00,790980802028,80,DW,04,C,34,001,H AYUNTAMIENTO                ,1998-08-31 00:00:00,6,5A,ACTIVO,,,,2024-08-13,59,0,,,,,,,,,,,,7,6.3299999237061,2025-02-28,SSB
2025-02-01 00:00:00,790980802036,80,DW,04,C,35,001,MUNICIPIO DE SEYBAPLAYA       ,1998-08-31 00:00:00,6,5A,ACTIVO,,,,2024-11-19,854,0,,,,,,,,,,,,70,106,2025-02-28,SSB
2025-02-01 00:00:00,790980802044,80,DW,04,C,36,001,H AYUNTAMIENTO                ,1998-08-31 00:00:00,6,5A,ACTIVO,,,,2024-08-15,387,0,,,,,,,,,,,,38,35.150001525878999,2025-02-28,SSB
2025-02-01 00:00:00,791131000771,80,DW,04,B,19,001,MUNICIPIO DE TENABO           ,2013-10-02 00:00:00,6,5A,ACTIVO,,,,2024-08-12,37,0,,,,,,,,,,,,5,2,2025-02-28,SSB
2025-02-01 00:00:00,790980802052,80,DW,04,C,37,001,MUNICIPIO DE SEYBAPLAYA       ,1998-08-31 00:00:00,6,5A,ACTIVO,,,,2024-11-19,486,0,,,,,,,,,,,,58,57,2025-02-28,SSB
2025-02-01 00:00:00,790980802061,80,DW,04,C,38,001,H AYUNTAMIENTO                ,1998-08-31 00:00:00,6,5A,ACTIVO,,,,2024-08-06,283,0,,,,,,,,,,,,21,20.10000038147,2025-02-28,SSB
2025-02-01 00:00:00,790980802087,80,DW,04,C,40,001,H AYUNTAMIENTO                ,1998-08-31 00:00:00,6,5A,ACTIVO,,,,2024-08-06,101,0,,,,,,,,,,,,10,11.159999847411999,2025-02-28,SSB
2025-02-01 00:00:00,790980802184,80,DW,04,C,53,001,H AYUNTAMIENTO                ,1998-08-31 00:00:00,6,5A,ACTIVO,,,,2024-08-13,81,0,,,,,,,,,,,,10,7.3400001525879004,2025-02-28,SSB
2025-02-01 00:00:00,790980802192,80,DW,04,C,54,001,H AYUNTAMIENTO                ,1998-08-31 00:00:00,6,5A,ACTIVO,,,,2024-08-06,422,0,,,,,,,,,,,,42,31.430000305176002,2025-02-28,SSB
2025-02-01 00:00:00,790980802095,80,DW,04,C,41,001,H AYUNTAMIENTO                ,1998-08-31 00:00:00,6,5A,ACTIVO,,,,2024-08-06,260,0,,,,,,,,,,,,21,21.200000762938998,2025-02-28,SSB
2025-02-01 00:00:00,790980802109,80,DW,04,C,42,001,H AYUNTAMIENTO                ,1998-08-31 00:00:00,6,5A,ACTIVO,,,,2024-08-06,91,0,,,,,,,,,,,,7,6.4800000190734997,2025-02-28,SSB
2025-02-01 00:00:00,790980802117,80,DW,04,C,43,001,COMISARIA MUNICIPAL           ,1998-08-31 00:00:00,6,5A,ACTIVO,,,,2024-08-06,160,0,,,,,,,,,,,,12,12.300000190735,2025-02-28,SSB
2025-02-01 00:00:00,790980802125,80,DW,04,C,44,001,H AYUNTAMIENTO                ,1998-08-31 00:00:00,6,5A,ACTIVO,,,,2024-08-13,382,0,,,,,,,,,,,,35,34.009998321532997,2025-02-28,SSB
2025-02-01 00:00:00,790980802133,80,DW,04,C,45,001,COMISARIA MUNICIPAL           ,1998-08-31 00:00:00,6,5A,ACTIVO,,,,2024-08-06,113,0,,,,,,,,,,,,8,8.0799999237061009,2025-02-28,SSB
2025-02-01 00:00:00,790980802206,80,DW,04,C,55,001,MUNICIPIO DE SEYBAPLAYA       ,1998-08-31 00:00:00,6,5A,ACTIVO,,,,2024-11-19,150,0,,,,,,,,,,,,12,16,2025-02-28,SSB
2025-02-01 00:00:00,790980802141,80,DW,04,C,49,001,H AYUNTAMIENTO                ,1998-08-31 00:00:00,6,5A,ACTIVO,,,,2024-08-06,67,0,,,,,,,,,,,,5,4.8499999046326003,2025-02-28,SSB
2025-02-01 00:00:00,790980802150,80,DW,04,C,50,001,H AYUNTAMIENTO                ,1998-08-31 00:00:00,6,5A,ACTIVO,,,,2024-08-15,131,0,,,,,,,,,,,,10,13.029999732971,2025-02-28,SSB
2025-02-01 00:00:00,790980802168,80,DW,04,C,51,001,COMISAIA MUNICIPAL            ,1998-08-31 00:00:00,6,5A,ACTIVO,,,,2024-08-15,84,0,,,,,,,,,,,,8,8.0500001907349006,2025-02-28,SSB
2025-02-01 00:00:00,790980802214,80,DW,04,C,58,001,MUNICIPIO DE CHAMPOTON        ,1998-08-31 00:00:00,6,5A,ACTIVO,,,,2024-08-15,126,0,,,,,,,,,,,,11,15.069999694824,2025-02-28,SSB
2025-02-01 00:00:00,791940800304,80,DW,04,D,59,001,MUNICIPIO DE CALKINI          ,1994-08-17 00:00:00,6,5A,ACTIVO,,,,2024-08-05,220,0,,,,,,,,,,,,21,20.010000228881999,2025-02-28,SSB
2025-02-01 00:00:00,791940800312,80,DW,04,D,60,001,MUNICIPIO DE CALKINI          ,1994-08-17 00:00:00,6,5A,ACTIVO,,,,2024-07-22,92,0,,,,,,,,,,,,7,6.5100002288818004,2025-02-28,SSB
2025-02-01 00:00:00,791940800321,80,DW,04,D,61,001,MUNICIPIO DE CALKINI          ,1994-08-17 00:00:00,6,5A,ACTIVO,,,,2024-08-05,172,0,,,,,,,,,,,,19,18.75,2025-02-28,SSB
2025-02-01 00:00:00,791940800339,80,DW,04,D,63,001,MUNICIPIO DE HECELCHAKAN      ,1994-08-17 00:00:00,6,5A,ACTIVO,,,,2024-11-11,148,0,,,,,,,,,,,,20,15,2025-02-28,SSB
2025-02-01 00:00:00,791940800347,80,DW,04,D,64,001,MUNICIPIO DE CALKINI          ,1994-08-17 00:00:00,6,5A,ACTIVO,,,,2024-08-05,208,0,,,,,,,,,,,,22,21.540000915526999,2025-02-28,SSB
2025-02-01 00:00:00,791940800355,80,DW,04,D,65,001,MUNICIPIO DE HECELCHAKAN      ,1994-08-17 00:00:00,6,5A,ACTIVO,,,,2024-11-11,225,0,,,,,,,,,,,,24,19,2025-02-28,SSB
2025-02-01 00:00:00,791940800363,80,DW,04,D,66,001,MUNICIPIO DE CALKINI          ,1994-08-17 00:00:00,6,5A,ACTIVO,,,,2024-08-05,214,0,,,,,,,,,,,,21,20.209999084473001,2025-02-28,SSB
2025-02-01 00:00:00,791940800371,80,DW,04,D,67,001,MUNICIPIO DE HECELCHAKAN      ,1994-08-17 00:00:00,6,5A,ACTIVO,,,,2024-11-11,157,0,,,,,,,,,,,,15,14,2025-02-28,SSB
2025-02-01 00:00:00,791940800380,80,DW,04,D,68,001,MUNICIPIO DE HECELCHAKAN      ,1994-08-17 00:00:00,6,5A,ACTIVO,,,,2024-11-11,129,0,,,,,,,,,,,,11,10,2025-02-28,SSB
2025-02-01 00:00:00,791940800398,80,DW,04,D,70,001,MUNICIPIO DE HECELCHAKAN      ,1994-08-17 00:00:00,6,5A,ACTIVO,,,,2024-11-11,56,0,,,,,,,,,,,,5,6,2025-02-28,SSB
2025-02-01 00:00:00,791940800401,80,DW,04,D,86,001,MUNICIPIO DE CALKINI          ,1994-08-17 00:00:00,6,5A,ACTIVO,,,,2024-08-05,58,0,,,,,,,,,,,,13,12.329999923706,2025-02-28,SSB
2025-02-01 00:00:00,791940800410,80,DW,04,D,87,001,MUNICIPIO DE HECELCHAKAN      ,1994-08-17 00:00:00,6,5A,ACTIVO,,,,2024-11-11,104,0,,,,,,,,,,,,10,9,2025-02-28,SSB
2025-02-01 00:00:00,791940800428,80,DW,04,D,88,001,MUNICIPIO DE CALKINI          ,1994-08-17 00:00:00,6,5A,ACTIVO,,,,2024-08-05,91,0,,,,,,,,,,,,14,13.340000152588001,2025-02-28,SSB
2025-02-01 00:00:00,791940800436,80,DW,04,D,89,001,MUNICIPIO DE CALKINI          ,1994-08-17 00:00:00,6,5A,ACTIVO,,,,2024-08-05,80,0,,,,,,,,,,,,10,9.8000001907349006,2025-02-28,SSB
2025-02-01 00:00:00,791940800444,80,DW,04,D,50,001,MUNICIPIO DE HECELCHAKAN      ,1994-08-17 00:00:00,6,5A,ACTIVO,,,,2024-11-11,65,0,,,,,,,,,,,,7,6,2025-02-28,SSB
2025-02-01 00:00:00,790980802176,80,DW,04,C,52,001,COMISARIA MUNICIPAL           ,1998-08-31 00:00:00,6,5A,ACTIVO,,,,2024-08-15,92,0,,,,,,,,,,,,7,8.8199996948241992,2025-02-28,SSB
2025-02-01 00:00:00,790980802222,80,DW,04,C,59,001,H AYUNTAMIENTO                ,1998-08-31 00:00:00,6,5A,ACTIVO,,,,2024-08-06,161,0,,,,,,,,,,,,14,14.14999961853,2025-02-28,SSB
2025-02-01 00:00:00,790980802231,80,DW,04,C,61,001,COMISARIA MUNICIPAL           ,1998-08-31 00:00:00,6,5A,ACTIVO,,,,2024-08-15,38,0,,,,,,,,,,,,7,3.2000000476836998,2025-02-28,SSB
2025-02-01 00:00:00,790990900206,80,DW,04,C,57,001,ALUMBRADO PUBLICO 5 FEB       ,1999-09-07 00:00:00,6,5A,ACTIVO,,,,2024-08-06,117,0,,,,,,,,,,,,11,8.9899997711181996,2025-02-28,SSB
2025-02-01 00:00:00,790991200321,80,DW,04,C,39,001,H AYUNTAMIENTO                ,1999-11-30 00:00:00,6,5A,ACTIVO,,,,2024-08-15,255,0,,,,,,,,,,,,34,26.709999084473001,2025-02-28,SSB
2025-02-01 00:00:00,791010200439,80,DW,04,D,45,001,MUNICIPIO DE HECELCHAKAN      ,2000-12-31 00:00:00,6,5A,ACTIVO,,,,2024-11-11,64,0,,,,,,,,,,,,10,7,2025-02-28,SSB
2025-02-01 00:00:00,792010800360,80,DW,04,E,91,001,MUNICIPIO DE HOPELCHEN CAMP   ,2001-07-31 00:00:00,6,5A,ACTIVO,,,,2024-09-17,136,0,,,,,,,,,,,,11,11.060000419616999,2025-02-28,SSB
2025-02-01 00:00:00,792010800416,80,DW,04,E,76,001,MUNICIPIO DE HOPELCHEN CAMP   ,2001-07-31 00:00:00,6,5A,ACTIVO,,,,2024-09-18,354,0,,,,,,,,,,,,30,30.430000305176002,2025-02-28,SSB
2025-02-01 00:00:00,792010800424,80,DW,04,E,63,001,MUNICIPIO DE HOPELCHEN CAM    ,2001-07-31 00:00:00,6,5A,ACTIVO,,,,2024-09-19,66,0,,,,,,,,,,,,5.7100000381470002,4.8200001716614,2025-02-28,SSB
2025-02-01 00:00:00,792010800432,80,DW,04,E,56,001,MUNICIPIO DE HOPELCHEN CAM    ,2001-07-31 00:00:00,6,5A,ACTIVO,,,,2024-09-18,93,0,,,,,,,,,,,,7,7.3499999046326003,2025-02-28,SSB
2025-02-01 00:00:00,792010800441,80,DW,04,E,70,001,MUNICIPIO DE HOPELCHEN CAMP   ,2001-07-31 00:00:00,6,5A,ACTIVO,,,,2024-09-18,124,0,,,,,,,,,,,,10,10.050000190735,2025-02-28,SSB
2025-02-01 00:00:00,792010800459,80,DW,04,E,69,001,MUNICIPIO DE HOPELCHEN CAMP   ,2001-07-31 00:00:00,6,5A,ACTIVO,,,,2024-09-18,145,0,,,,,,,,,,,,13,13.380000114441,2025-02-28,SSB
2025-02-01 00:00:00,792010800467,80,DW,04,E,88,001,MUNICIPIO DE HOPELCHEN CAMP   ,2001-07-31 00:00:00,6,5A,ACTIVO,,,,2024-09-18,56,0,,,,,,,,,,,,8,7.9899997711181996,2025-02-28,SSB
2025-02-01 00:00:00,792010800491,80,DW,04,E,54,001,MUNICIPIO DE HOPELCHEN CAM    ,2001-07-31 00:00:00,6,5A,ACTIVO,,,,2024-09-19,34,0,,,,,,,,,,,,4,4.0875000953673997,2025-02-28,SSB
2025-02-01 00:00:00,792010800505,80,DW,04,E,55,001,MUNICIPIO DE HOPELCHEN CAMP   ,2001-07-31 00:00:00,6,5A,ACTIVO,,,,2024-09-20,48,0,,,,,,,,,,,,7,7.3249998092651003,2025-02-28,SSB
2025-02-01 00:00:00,792010800513,80,DW,04,E,78,001,MUNICIPIO DE HOPELCHEN CAMP   ,2001-07-31 00:00:00,6,5A,ACTIVO,,,,2024-09-20,462,0,,,,,,,,,,,,33,32.706699371337997,2025-02-28,SSB
2025-02-01 00:00:00,792010800521,80,DW,04,E,77,001,MUNICIPIO DE HOPELCHEN CAMP   ,2001-07-31 00:00:00,6,5A,ACTIVO,,,,2024-09-20,392,0,,,,,,,,,,,,33,32.597499847412003,2025-02-28,SSB
2025-02-01 00:00:00,792010800530,80,DW,04,E,72,001,MUNICIPIO DE HOPELCHEN CAMP   ,2001-07-31 00:00:00,6,5A,ACTIVO,,,,2024-09-18,194,0,,,,,,,,,,,,19,18.920000076293999,2025-02-28,SSB
2025-02-01 00:00:00,792010800548,80,DW,04,E,73,001,MUNICIPIO DE HOPELCHEN CAMP   ,2001-07-31 00:00:00,6,5A,ACTIVO,,,,2024-09-20,200,0,,,,,,,,,,,,15,14.864999771118001,2025-02-28,SSB
2025-02-01 00:00:00,792010800556,80,DW,04,E,74,001,MUNICIPIO DE HOPELCHEN CAMP   ,2001-07-31 00:00:00,6,5A,ACTIVO,,,,2024-09-20,127,0,,,,,,,,,,,,15,15.092499732971,2025-02-28,SSB
2025-02-01 00:00:00,792010800564,80,DW,04,E,75,001,MUNICIPIO DE HOPELCHEN CAMP   ,2001-07-31 00:00:00,6,5A,ACTIVO,,,,2024-09-19,62,0,,,,,,,,,,,,6,5.9875001907348997,2025-02-28,SSB
2025-02-01 00:00:00,792010800572,80,DW,04,E,65,001,MUNICIPIO DE HOPELCHEN CAM    ,2001-07-31 00:00:00,6,5A,ACTIVO,,,,2024-09-19,86,0,,,,,,,,,,,,8,7.5100002288818004,2025-02-28,SSB
2025-02-01 00:00:00,792010800581,80,DW,04,E,95,001,MUNICIPIO DE HOPELCHEN CAMP   ,2001-07-31 00:00:00,6,5A,ACTIVO,,,,2024-09-19,276,0,,,,,,,,,,,,19,18.789199829101999,2025-02-28,SSB
2025-02-01 00:00:00,792010800599,80,DW,04,E,92,001,MUNICIPIO DE HOPELCHEN CAM    ,2001-07-31 00:00:00,6,5A,ACTIVO,,,,2024-09-20,192,0,,,,,,,,,,,,16,16.117500305176002,2025-02-28,SSB
2025-02-01 00:00:00,792010800602,80,DW,04,E,97,001,MUNICIPIO DE HOPELCHEN CAMP   ,2001-07-31 00:00:00,6,5A,ACTIVO,,,,2024-09-19,227,0,,,,,,,,,,,,17,17.329999923706001,2025-02-28,SSB
2025-02-01 00:00:00,791050600901,80,DW,04,A,01,001,H AYUNTAMIENTO DE CAMPECHE    ,2005-06-16 00:00:00,6,5A,ACTIVO,,,,2024-11-25,326,0,,,,,,,,,,,,32,27,2025-02-28,SSB
2025-02-01 00:00:00,791100301641,80,DW,04,D,48,001,CABLE ATENAS SA DE CV         ,2010-03-22 00:00:00, ,02,ACTIVO,1,13611,70385,2019-08-30,44,0,,,,,,,,,,,,,,,SSB
2025-02-01 00:00:00,791151200734,80,DW,04,D,71,001,MUNICIPIO DE CALKINI          ,2015-11-20 00:00:00,0,5A,ACTIVO,,,,2024-08-05,31,0,,,,,,,,,,,,4,3.3599998950957999,2025-02-28,SSB
2025-02-01 00:00:00,791191000550,80,DW,04,D,43,001,MUNICIPIO DE TENABO           ,2019-10-16 00:00:00,6,5A,ACTIVO,,,,2024-08-12,8,0,,,,,,,,,,,,1,0.40000000596045998,2025-02-28,SSB
2025-02-01 00:00:00,791191000576,80,DW,04,D,43,001,MUNICIPIO DE TENABO           ,2019-10-16 00:00:00,6,5A,ACTIVO,,,,2024-08-12,16,0,,,,,,,,,,,,2,1.4199999570846999,2025-02-28,SSB
2025-02-01 00:00:00,791191000584,80,DW,04,D,43,001,MUNICIPIO DE TENABO           ,2019-10-16 00:00:00,6,5A,ACTIVO,,,,2024-08-12,87,0,,,,,,,,,,,,7,6.2399997711181996,2025-02-28,SSB
2025-02-01 00:00:00,791940800193,80,DW,04,D,46,001,MUNICIPIO DE DZITBALCHE       ,1994-08-17 00:00:00, ,5A,ACTIVO,,,,2024-07-29,379,0,,,,,,,,,,,,33,32.619998931885,2025-02-28,SSB
2025-02-01 00:00:00,791940800207,80,DW,04,D,47,001,MUNICIPIO DE CALKINI          ,1994-08-17 00:00:00,6,5A,ACTIVO,,,,2024-08-05,1220,0,,,,,,,,,,,,145,144.44000244141,2025-02-28,SSB
2025-02-01 00:00:00,791940800215,80,DW,04,D,48,001,MUNICIPIO DE CALKINI          ,1994-08-17 00:00:00,6,5A,ACTIVO,,,,2024-08-05,2698,0,,,,,,,,,,,,247,246.66999816895,2025-02-28,SSB
2025-02-01 00:00:00,793110200030,80,DW,04,F,12,001,H  AYUNTAMIENTO ESCARCEGA     ,2010-12-31 00:00:00,6,5A,ACTIVO,,,,2024-11-21,2746,0,,,,,,,,,,,,331,257,2025-02-28,SSB
2025-02-01 00:00:00,791940800223,80,DW,04,D,49,001,MUNICIPIO DE DZITBALCHE       ,1994-08-17 00:00:00, ,5A,ACTIVO,,,,2024-07-29,1315,0,,,,,,,,,,,,104,103.70999908447,2025-02-28,SSB
2025-02-01 00:00:00,793970502076,80,DW,04,F,43,001,COMISARIA MUNICIPAL           ,1997-05-31 00:00:00,6,5A,ACTIVO,,,,2024-11-21,33,0,,,,,,,,,,,,4,3,2025-02-28,SSB
2025-02-01 00:00:00,791940800231,80,DW,04,D,50,001,MUNICIPIO DE HECELCHAKAN      ,1994-08-17 00:00:00,6,5A,ACTIVO,,,,2024-11-11,1247,0,,,,,,,,,,,,148,126,2025-02-28,SSB
2025-02-01 00:00:00,791940800240,80,DW,04,D,51,001,MUNICIPIO DE CALKINI          ,1994-08-17 00:00:00,6,5A,ACTIVO,,,,2024-08-05,776,0,,,,,,,,,,,,73,73.027496337890994,2025-02-28,SSB
2025-02-01 00:00:00,791940800258,80,DW,04,D,50,001,MUNICIPIO DE HECELCHAKAN      ,1994-08-17 00:00:00,6,5A,ACTIVO,,,,2024-11-11,326,0,,,,,,,,,,,,38,30,2025-02-28,SSB
2025-02-01 00:00:00,791940800266,80,DW,04,D,53,001,MUNICIPIO DE HECELCHAKAN      ,1994-08-17 00:00:00,6,5A,ACTIVO,,,,2024-11-11,1171,0,,,,,,,,,,,,141,112,2025-02-28,SSB
2025-02-01 00:00:00,793980701182,80,DW,04,F,90,001,COMISARIA MUNICIPAL           ,1998-07-14 00:00:00,6,5A,ACTIVO,,,,2024-10-25,39,0,,,,,,,,,,,,5,4,2025-02-28,SSB
2025-02-01 00:00:00,791940800274,80,DW,04,D,54,001,MUNICIPIO DE HECELCHAKAN      ,1994-08-17 00:00:00,6,5A,ACTIVO,,,,2024-11-11,153,0,,,,,,,,,,,,15,16,2025-02-28,SSB
2025-02-01 00:00:00,791940800282,80,DW,04,D,56,001,MUNICIPIO DE CALKINI          ,1994-08-17 00:00:00,6,5A,ACTIVO,,,,2024-08-05,223,0,,,,,,,,,,,,21,20.620000839233001,2025-02-28,SSB
2025-02-01 00:00:00,791940800291,80,DW,04,D,58,001,MUNICIPIO DE CALKINI          ,1994-08-17 00:00:00,6,5A,ACTIVO,,,,2024-08-05,181,0,,,,,,,,,,,,18,17.409999847411999,2025-02-28,SSB
2025-02-01 00:00:00,791980102294,80,DW,04,D,71,001,MUNICIPIO DE CALKINI          ,1998-01-01 00:00:00,6,5A,ACTIVO,,,,2024-08-05,172,0,,,,,,,,,,,,19,18.559999465941999,2025-02-28,SSB
2025-02-01 00:00:00,792010200214,80,DW,04,E,90,001,MUNICIPIO DE TENABO           ,2000-12-31 00:00:00,6,5A,ACTIVO,,,,2024-08-12,124,0,,,,,,,,,,,,17,20,2025-02-28,SSB
2025-02-01 00:00:00,792110200416,80,DW,04,E,50,001,MUNICIPIO DE HOPELCHEN CAM    ,2011-02-01 00:00:00,6,5A,ACTIVO,,,,2024-09-20,41,0,,,,,,,,,,,,3,3.1400001049042001,2025-02-28,SSB
2025-02-01 00:00:00,793980901238,80,DW,04,F,14,001,H AYUNTAMIENTO DE ESCARCEGA   ,1998-09-30 00:00:00,6,5A,ACTIVO,,,,2024-10-22,191,0,,,,,,,,,,,,24,19,2025-02-28,SSB
2025-02-01 00:00:00,793980901246,80,DW,04,F,15,001,H AYUNTEMIENTO DE ESCARCEGA   ,1998-09-30 00:00:00,6,5A,ACTIVO,,,,2024-10-22,104,0,,,,,,,,,,,,10,8,2025-02-28,SSB
2025-02-01 00:00:00,793980901254,80,DW,04,F,16,001,H AYUNTAMIENTO DE ESCARCEGA   ,1998-09-30 00:00:00,6,5A,ACTIVO,,,,2024-10-23,136,0,,,,,,,,,,,,20,13,2025-02-28,SSB
2025-02-01 00:00:00,793980901262,80,DW,04,F,20,001,COMISARIA MUNICIPAL           ,1998-09-30 00:00:00,6,5A,ACTIVO,,,,2024-10-23,126,0,,,,,,,,,,,,16,11,2025-02-28,SSB
2025-02-01 00:00:00,793980901271,80,DW,04,F,34,001,COMISARIA MUNICIPAL           ,1998-09-30 00:00:00,6,5A,ACTIVO,,,,2024-10-23,216,0,,,,,,,,,,,,26,21,2025-02-28,SSB
2025-02-01 00:00:00,793980901289,80,DW,04,F,39,001,COMISARIA MUNICIPAL           ,1998-09-30 00:00:00,6,5A,ACTIVO,,,,2024-10-23,112,0,,,,,,,,,,,,16,12,2025-02-28,SSB
2025-02-01 00:00:00,793980901301,80,DW,04,F,41,001,COMISARIA MUNICIPAL           ,1998-09-30 00:00:00,6,5A,ACTIVO,,,,2024-10-23,59,0,,,,,,,,,,,,10,5,2025-02-28,SSB
2025-02-01 00:00:00,793980901319,80,DW,04,F,42,001,COMISARIA MUNICIPAL           ,1998-09-30 00:00:00,6,5A,ACTIVO,,,,2024-10-23,79,0,,,,,,,,,,,,10,7,2025-02-28,SSB
2025-02-01 00:00:00,793980901327,80,DW,04,F,44,001,COMISARIA MUNICIPAL           ,1998-09-30 00:00:00,6,5A,ACTIVO,,,,2024-10-23,57,0,,,,,,,,,,,,8,6,2025-02-28,SSB
2025-02-01 00:00:00,793980901335,80,DW,04,F,69,001,COMISARIA MUNICIPAL           ,1998-09-30 00:00:00,6,5A,ACTIVO,,,,2024-10-23,72,0,,,,,,,,,,,,10,5,2025-02-28,SSB
2025-02-01 00:00:00,793980901343,80,DW,04,F,70,001,COMISARIA MUNICIPAL           ,1998-09-30 00:00:00,6,5A,ACTIVO,,,,2024-10-23,35,0,,,,,,,,,,,,4,3,2025-02-28,SSB
2025-02-01 00:00:00,793980901351,80,DW,04,F,73,001,COMISARIA MUNICIPAL           ,1998-09-30 00:00:00,6,5A,ACTIVO,,,,2024-10-23,35,0,,,,,,,,,,,,4,3,2025-02-28,SSB
2025-02-01 00:00:00,792110200424,80,DW,04,E,51,001,MUNICIPIO DE HOPELCHEN CAM    ,2011-01-31 00:00:00,6,5A,ACTIVO,,,,2024-10-17,62,0,,,,,,,,,,,,4.8000001907348997,5,2025-02-28,SSB
2025-02-01 00:00:00,792110200432,80,DW,04,E,52,001,MUNICIPIO DE HOPELCHEN CAM    ,2011-02-01 00:00:00,6,5A,ACTIVO,,,,2024-09-19,39,0,,,,,,,,,,,,3,2.6600000858307,2025-02-28,SSB
2025-02-01 00:00:00,794190600412,80,DW,04,G,10,001,CANDEVISION SA DE CV          ,2019-06-07 00:00:00,0,02,ACTIVO,1,1052,5128,2019-05-13,5,0,,,,,,,,,,,,,,,SSB
2025-02-01 00:00:00,792160600849,80,DW,04,E,68,001,KBLEX SA DE CV                ,2016-06-30 00:00:00,0,02,ACTIVO,1,1563,8128,2021-01-21,36,0,,,,,,,,,,,,,,,SSB
2025-02-01 00:00:00,793110100051,80,DW,04,F,40,001,H  AYUNTAMIENTO ESCARCEGA     ,2010-11-30 00:00:00,6,5A,ACTIVO,,,,2024-11-21,66,0,,,,,,,,,,,,6,7,2025-02-28,SSB
2025-02-01 00:00:00,793110100167,80,DW,04,F,92,001,H  AYUNTAMIENTO ESCARCEGA     ,2010-11-30 00:00:00,6,5A,ACTIVO,,,,2024-11-21,98,0,,,,,,,,,,,,14,9,2025-02-28,SSB
2025-02-01 00:00:00,793110100175,80,DW,04,F,B2,001,H  AYUNTAMIENTO ESCARCEGA     ,2010-11-30 00:00:00,6,5A,ACTIVO,,,,2024-11-21,100,0,,,,,,,,,,,,10,8,2025-02-28,SSB
2025-02-01 00:00:00,793110100183,80,DW,04,F,95,001,H  AYUNTAMIENTO ESCARCEGA     ,2010-11-30 00:00:00,6,5A,ACTIVO,,,,2024-10-24,48,0,,,,,,,,,,,,6,5,2025-02-28,SSB
2025-02-01 00:00:00,793110100205,80,DW,04,F,96,001,H  AYUNTAMIENTO ESCARCEGA     ,2010-11-30 00:00:00,6,5A,ACTIVO,,,,2024-11-21,65,0,,,,,,,,,,,,8,6,2025-02-28,SSB
2025-02-01 00:00:00,793961200776,80,DW,04,F,78,001,COMISARIA MUNICIPAL           ,1996-12-09 00:00:00,6,5A,ACTIVO,,,,2024-11-21,43,0,,,,,,,,,,,,6,4,2025-02-28,SSB
2025-02-01 00:00:00,791950500279,80,DW,04,D,55,001,MUNICIPIO DE TENABO           ,1995-05-29 00:00:00,6,5A,ACTIVO,,,,2024-08-12,960,0,,,,,,,,,,,,62,61.099998474121001,2025-02-28,SSB
2025-02-01 00:00:00,795070301701,80,DW,05,A,01,001,H AYUNTAMIENTO DEL CARMEN     ,2007-03-08 00:00:00, ,5A,ACTIVO,,,,2024-12-15,413,0,,,,,,,,,,,,1,48.369998931885,2025-02-28,SSB
2025-02-01 00:00:00,791950500287,80,DW,04,D,57,001,MUNICIPIO DE TENABO           ,1995-05-29 00:00:00,6,5A,ACTIVO,,,,2024-08-12,182,0,,,,,,,,,,,,26,25.559999465941999,2025-02-28,SSB
2025-02-01 00:00:00,791950500295,80,DW,04,D,69,001,MUNICIPIO DE TENABO           ,1995-05-29 00:00:00,6,5A,ACTIVO,,,,2024-08-12,67,0,,,,,,,,,,,,8,7.1900000572204998,2025-02-28,SSB
2025-02-01 00:00:00,791970600776,80,DW,04,D,62,001,MUNICIPIO DE CALKINI          ,1997-06-13 00:00:00,6,5A,ACTIVO,,,,2024-08-05,100,0,,,,,,,,,,,,11,10.270000457764001,2025-02-28,SSB
2025-02-01 00:00:00,793980901157,80,DW,04,F,11,001,COMISARIA MUNICIPAL           ,1998-09-30 00:00:00,6,5A,ACTIVO,,,,2024-10-22,789,0,,,,,,,,,,,,89,77,2025-02-28,SSB
2025-02-01 00:00:00,793980901220,80,DW,04,F,13,001,H AYUNTAMIENTO DE ESCARCEGA   ,1998-09-30 00:00:00,6,5A,ACTIVO,,,,2024-10-22,249,0,,,,,,,,,,,,30,27,2025-02-28,SSB
2025-02-01 00:00:00,793981001010,80,DW,04,F,76,001,COMISARIA MUNICPAL            ,1998-10-31 00:00:00,6,5A,ACTIVO,,,,2024-10-24,29,0,,,,,,,,,,,,4,2,2025-02-28,SSB
2025-02-01 00:00:00,793981001028,80,DW,04,F,77,001,COMISARIA MUNICIPAL           ,1998-10-31 00:00:00,6,5A,ACTIVO,,,,2024-10-24,60,0,,,,,,,,,,,,9,5,2025-02-28,SSB
2025-02-01 00:00:00,794190900700,80,DW,04,G,10,001,H AYUNTAMIENTO ESCARCEGA COMIS,2019-09-04 00:00:00,6,02,ACTIVO,1,58,311,,,0,,,,,,,,,,,,,,,GSC
2025-02-01 00:00:00,793980201856,80,DW,04,F,18,001,COMISARIA MUNICIPAL           ,1998-02-20 00:00:00,6,5A,ACTIVO,,,,2024-10-24,221,0,,,,,,,,,,,,23,14,2025-02-28,SSB
2025-02-01 00:00:00,793980201864,80,DW,04,F,19,001,COMISARIA MUNICIPAL           ,1998-02-12 00:00:00,6,5A,ACTIVO,,,,2024-10-25,169,0,,,,,,,,,,,,19,14,2025-02-28,SSB
2025-02-01 00:00:00,793980201872,80,DW,04,F,30,001,COMISARIA MUNICIPAL           ,1998-02-12 00:00:00,6,5A,ACTIVO,,,,2024-10-24,147,0,,,,,,,,,,,,19,10,2025-02-28,SSB
2025-02-01 00:00:00,793980301826,80,DW,04,F,17,001,COMISARIA MUNICIPAL           ,1998-03-20 00:00:00,6,5A,ACTIVO,,,,2024-10-24,99,0,,,,,,,,,,,,11,8,2025-02-28,SSB
2025-02-01 00:00:00,793980701701,80,DW,04,F,79,001,COMISARIA MUNICIPAL           ,1998-07-14 00:00:00,6,5A,ACTIVO,,,,2024-10-25,70,0,,,,,,,,,,,,15,5,2025-02-28,SSB
2025-02-01 00:00:00,793980701719,80,DW,04,F,80,001,COMISARIA MUNICIPAL           ,1998-07-14 00:00:00,6,5A,ACTIVO,,,,2024-10-25,70,0,,,,,,,,,,,,13,6,2025-02-28,SSB
2025-02-01 00:00:00,793980701727,80,DW,04,F,89,001,COMISARIA MUNICIPAL           ,1998-07-14 00:00:00,6,5A,ACTIVO,,,,2024-10-25,97,0,,,,,,,,,,,,9,8,2025-02-28,SSB
2025-02-01 00:00:00,793980901149,80,DW,04,F,02,001,COMISARIA MUNICIPAL           ,1998-09-30 00:00:00,6,5A,ACTIVO,,,,2024-10-22,40,0,,,,,,,,,,,,6,3,2025-02-28,SSB
2025-02-01 00:00:00,796020900031,80,DW,06,A,01,001,MUNICIPIO DE OTHON P BLANCO   ,2000-12-05 00:00:00, ,5A,ACTIVO,1,4704,23006,2024-01-12,87,0,,,,,,,,,,,,,,,SSB
2025-02-01 00:00:00,795090502185,80,DW,05,B,04,001,MUNICIPIO DEL CARMEN CAMP     ,2009-05-18 00:00:00, ,5A,ACTIVO,,,,2024-09-24,373,0,,,,,,,,,,,,4.5,14.539999961853001,2025-02-28,SSB
2025-02-01 00:00:00,795100100200,80,DW,05,A,01,001,MUNICIPIO DEL CARMEN CAM      ,2010-01-05 00:00:00, ,5A,ACTIVO,,,,2024-12-15,2205,0,,,,,,,,,,,,43,218.16000366211,2025-02-28,SSB
2025-02-01 00:00:00,796051105337,80,DW,06,A,01,001,MUNICIPIO DE OTHON P BLANCO   ,2005-11-20 00:00:00, ,5A,ACTIVO,1,1008,4966,2024-01-13,12,0,,,,,,,,,,,,,,,SSB
2025-02-01 00:00:00,794190903962,80,DW,04,G,05,001,COMEDOR ESCOLAR SAN JOSE DE LA,2019-09-25 00:00:00,0,02,ACTIVO,1,56,341,,,0,,,,,,,,,,,,,,,GSC
2025-02-01 00:00:00,796061000410,80,DW,06,A,01,001,MUNICIPIO DE OTHON P  BLANCO  ,2006-08-31 00:00:00, ,5A,ACTIVO,1,1008,4966,2024-01-30,70,0,,,,,,,,,,,,,,,SSB
2025-02-01 00:00:00,796061000436,80,DW,06,A,01,001,MUNICIPIO DE OTHON P  BLANCO  ,2006-08-31 00:00:00, ,5A,ACTIVO,1,672,3326,2024-01-10,95,0,,,,,,,,,,,,,,,SSB
2025-02-01 00:00:00,796061000479,80,DW,06,A,01,001,MUNICIPIO DE OTHON P BLANCO   ,2006-08-31 00:00:00, ,5A,ACTIVO,1,5376,26286,2024-01-12,69,0,,,,,,,,,,,,,,,SSB
2025-02-01 00:00:00,796061200621,80,DW,06,A,01,001,MUNICIPIO DE OTHON P BLANCO   ,2006-11-30 00:00:00, ,5A,ACTIVO,1,336,1685,2024-01-12,15,0,,,,,,,,,,,,,,,SSB
2025-02-01 00:00:00,794940700384,80,DW,04,G,15,001,H JUNTA MUNICIPAL             ,1994-07-01 00:00:00,6,5A,ACTIVO,,,,2024-10-24,174,0,,,,,,,,,,,,22,16,2025-02-28,SSB
2025-02-01 00:00:00,794940700406,80,DW,04,G,18,001,H JUNTA MUNICIPAL             ,1994-07-01 00:00:00,6,5A,ACTIVO,,,,2024-10-25,117,0,,,,,,,,,,,,19,18,2025-02-28,SSB
2025-02-01 00:00:00,794940700481,80,DW,04,G,28,001,H JUNTA MUNICIPAL             ,1994-07-01 00:00:00,6,5A,ACTIVO,,,,2024-10-24,72,0,,,,,,,,,,,,12,6,2025-02-28,SSB
2025-02-01 00:00:00,794940700511,80,DW,04,G,44,001,H JUNTA MUNICIPAL             ,1994-07-01 00:00:00,6,5A,ACTIVO,,,,2024-10-24,39,0,,,,,,,,,,,,4,3,2025-02-28,SSB
2025-02-01 00:00:00,795050404482,80,DW,05,A,01,001,H AYUNTAMIENTO DEL CARMEN     ,2005-07-15 00:00:00, ,5A,ACTIVO,,,,2024-12-15,1328,0,,,,,,,,,,,,17,146.2200012207,2025-02-28,SSB
2025-02-01 00:00:00,795060202691,80,DW,05,A,01,001,AYUNTAMIENTO DEL CARMEN       ,2006-02-17 00:00:00, ,5A,ACTIVO,,,,2024-12-15,906,0,,,,,,,,,,,,7.1300001144409002,91.580001831055,2025-02-28,SSB
2025-02-01 00:00:00,795070401315,80,DW,05,A,01,001,H AYUNTAMIENTO DEL CARMEN     ,2007-04-04 00:00:00, ,5A,ACTIVO,,,,2024-12-15,2324,0,,,,,,,,,,,,3.6300001144409002,230.39999389648,2025-02-28,SSB
2025-02-01 00:00:00,795070601632,80,DW,05,A,01,001,H AYUNTAMIENTO DEL CARMEN     ,2007-06-11 00:00:00, ,5A,ACTIVO,,,,2024-12-15,2205,0,,,,,,,,,,,,1.75,218.16000366211,2025-02-28,SSB
2025-02-01 00:00:00,795070902594,80,DW,05,B,08,001,MUNICIPIO DEL CARMEN          ,2007-09-18 00:00:00, ,5A,ACTIVO,,,,2024-09-22,15,0,,,,,,,,,,,,4,1.0800000429153001,2025-02-28,SSB
2025-02-01 00:00:00,795071001671,80,DW,05,A,01,001,MUNICIPIO DEL CARMEN CAM      ,2007-10-01 00:00:00, ,5A,ACTIVO,,,,2024-12-05,600,0,,,,,,,,,,,,38,19.10000038147,2025-02-28,SSB
2025-02-01 00:00:00,795080305837,80,DW,05,A,01,001,H AYUNT MUNICIPIO DEL CARMEN  ,2008-04-01 00:00:00, ,5A,ACTIVO,,,,2024-12-15,2351,0,,,,,,,,,,,,4.5,250.38000488281,2025-02-28,SSB
2025-02-01 00:00:00,796090400541,80,DW,06,A,01,001,MUNICIPIO DE OTHON P BLANCO   ,2009-03-05 00:00:00, ,5A,ACTIVO,1,4368,21367,2024-01-12,130,0,,,,,,,,,,,,,,,SSB
2025-02-01 00:00:00,796111005566,80,DW,06,A,01,001,MUNICIPIO DE OTHON P  BLANCO  ,2011-10-24 00:00:00, ,5A,ACTIVO,1,672,3325,2024-01-30,20,0,,,,,,,,,,,,,,,SSB
2025-02-01 00:00:00,796131200730,80,DW,06,A,01,001,MUNICIPIO DE OTHON P BLANCO   ,2013-09-20 00:00:00, ,02,ACTIVO,1,95,480,,,0,,,,,,,,,,,,,,,GSC
2025-02-01 00:00:00,796050503266,80,DW,06,A,01,001,MUNICIPIO DE OTHON P BLANCO   ,2005-05-17 00:00:00, ,5A,ACTIVO,1,1344,6606,2024-01-12,40,0,,,,,,,,,,,,,,,SSB
2025-02-01 00:00:00,796060902592,80,DW,06,A,01,001,MUNICIPIO DE OTHON P BLANCO   ,2006-09-19 00:00:00, ,5A,ACTIVO,1,1680,8246,2024-01-30,50,0,,,,,,,,,,,,,,,SSB
2025-02-01 00:00:00,795200700735,80,DW,05,A,01,001,TELE CABLE DE MERIDA SA DE CV ,2020-07-10 00:00:00,0,02,ACTIVO,1,16449,85051,2024-02-02,240,0,,,,,,,,,,,,,,,SSB
2025-02-01 00:00:00,796170201611,80,DW,06,A,01,001,MUNICIPIO DE OTHON P BLANCO   ,2017-02-01 00:00:00, ,5A,ACTIVO,1,1008,4966,2024-01-10,30,0,,,,,,,,,,,,,,,SSB
2025-02-01 00:00:00,796170201638,80,DW,06,A,01,001,MUNICIPIO DE OTHON P BLANCO   ,2017-02-01 00:00:00, ,5A,ACTIVO,1,1008,4966,2024-01-10,30,0,,,,,,,,,,,,,,,SSB
2025-02-01 00:00:00,796190103918,80,DW,06,A,01,001,RED NACIONAL ULTIMA MILLA     ,2018-12-04 00:00:00,6,02,ACTIVO,1,23889,114385,,,0,,,,,,,,,,,,,,,GSC
2025-02-01 00:00:00,795850500978,80,DW,05,A,02,001,MUNICIPIO DEL CARMEN CAM      ,1985-05-27 00:00:00, ,5A,ACTIVO,,,,2024-12-16,1024,0,,,,,,,,,,,,119,143,2025-02-28,SSB
2025-02-01 00:00:00,796220402486,80,DW,06,A,32,001,MUNICIPIO DE OTHON P BLANCO   ,2022-04-21 00:00:00, ,02,ACTIVO,1,1223,5641,,,0,,,,,,,,,,,,,,,GSC
2025-02-01 00:00:00,795850500986,80,DW,05,B,03,001,H AYUNTAMIENTO DEL CARMEN     ,1985-05-27 00:00:00, ,5A,ACTIVO,,,,2024-09-25,459,0,,,,,,,,,,,,61,43.069999694823998,2025-02-28,SSB
2025-02-01 00:00:00,796950501901,80,DW,06,A,01,001,MUNICIPIO DE OTHON P BLANCO   ,1995-05-31 00:00:00, ,5A,ACTIVO,1,672,3325,2024-01-30,11,0,,,,,,,,,,,,,,,SSB
2025-02-01 00:00:00,796950901607,80,DW,06,A,01,001,MUNICIPIO DE OTHON P BLANCO   ,1995-09-12 00:00:00, ,5A,ACTIVO,1,1008,4966,2024-01-30,30,0,,,,,,,,,,,,,,,SSB
2025-02-01 00:00:00,796960501500,80,DW,06,A,01,001,MUNICIPIO DE OTHON P BLANCO   ,1996-05-31 00:00:00, ,5A,ACTIVO,1,3696,18087,2024-01-12,111,0,,,,,,,,,,,,,,,SSB
2025-02-01 00:00:00,798890600281,80,DW,06,C,36,001,MUNICIPIO FELIPE CARRILLO PTO ,1989-06-01 00:00:00,6,5A,ACTIVO,1,3696,19426,2024-02-27,74,0,,,,,,,,,,,,,,,SSB
2025-02-01 00:00:00,795850500994,80,DW,05,B,04,001,H AYUNTAMIENTO DEL CARMEN     ,1985-05-27 00:00:00, ,5A,ACTIVO,,,,2024-09-24,26,0,,,,,,,,,,,,51,1.7000000476837001,2025-02-28,SSB
2025-02-01 00:00:00,795850501001,80,DW,05,B,05,001,H AYUNTAMIENTO DEL CARMEN     ,1985-05-27 00:00:00, ,5A,ACTIVO,,,,2024-09-24,252,0,,,,,,,,,,,,68.23999786377,17.799999237061002,2025-02-28,SSB
2025-02-01 00:00:00,795850501010,80,DW,05,B,06,001,H AYUNTAMIENTO DEL CARMEN     ,1985-05-27 00:00:00, ,5A,ACTIVO,,,,2024-09-28,44,0,,,,,,,,,,,,5,4.3299999237061,2025-02-28,SSB
2025-02-01 00:00:00,795850501028,80,DW,05,B,07,001,H AYUNTAMIENTO DEL CARMEN     ,1985-05-27 00:00:00, ,5A,ACTIVO,,,,2024-09-28,124,0,,,,,,,,,,,,18.75,3.5099999904632999,2025-02-28,SSB
2025-02-01 00:00:00,795850501036,80,DW,05,B,08,001,H AYUNTAMIENTO DEL CARMEN     ,1985-05-27 00:00:00, ,5A,ACTIVO,,,,2024-09-24,60,0,,,,,,,,,,,,7.1300001144409002,7,2025-02-28,SSB
2025-02-01 00:00:00,799061200311,80,DW,06,D,30,001,MUNICIPIO DE BACALAR          ,2007-01-01 00:00:00,6,5A,ACTIVO,,,,2024-12-30,103,0,,,,,,,,,,,,33,31,2025-02-28,SSB
2025-02-01 00:00:00,795860600709,80,DW,05,A,01,001,H AYUNTAMIENTO                ,1986-06-30 00:00:00, ,5A,ACTIVO,,,,2024-12-15,1822,0,,,,,,,,,,,,1452,154.24000549316,2025-02-28,SSB
2025-02-01 00:00:00,796020901852,80,DW,06,A,01,001,MUNICIPIO DE OTHON P BLANCO   ,2001-10-15 00:00:00, ,5A,ACTIVO,1,2016,9886,2024-01-10,60,0,,,,,,,,,,,,,,,SSB
2025-02-01 00:00:00,799231200744,80,DW,06,D,25,001,CFE TEL E INTERNET REFORMA    ,2023-12-15 00:00:00,0,02,ACTIVO,1,28,194,,,0,,,,,,,,,,,,,,,GSC
2025-02-01 00:00:00,799960700145,80,DW,06,D,40,001,MUNICIPIO DE BACALAR          ,1996-07-31 00:00:00,6,5A,ACTIVO,,,,2024-12-30,86,0,,,,,,,,,,,,14,11.156000137329,2025-02-28,SSB
2025-02-01 00:00:00,799970200582,80,DW,06,D,01,001,MUNICIPIO DE BACALAR          ,1997-02-28 00:00:00,6,5A,ACTIVO,,,,2024-12-26,1182,0,,,,,,,,,,,,267,264,2025-02-28,SSB
2025-02-01 00:00:00,800010800354,80,DW,07,A,88,001,H  AYUNT TIZIMIN              ,2001-06-02 00:00:00,6,5A,ACTIVO,,,,2024-11-08,20,0,,,,,,,,,,,,1.5,3.4600000381470002,2025-02-28,SSB
2025-02-01 00:00:00,796140301212,80,DW,06,A,01,001,MUNICIPIO DE OTHON P BLANCO   ,2014-03-12 00:00:00, ,5A,ACTIVO,1,672,3325,2024-01-13,20,0,,,,,,,,,,,,,,,SSB
2025-02-01 00:00:00,796151104273,80,DW,06,A,19,001,MUNICIPIO OTHON P BLANCO      ,2015-11-26 00:00:00, ,02,ACTIVO,1,326,1537,2023-11-07,10,0,,,,,,,,,,,,,,,SSB
2025-02-01 00:00:00,796151203166,80,DW,06,A,10,001,MUNICIPIO OTHON P BALNCO      ,2015-12-11 00:00:00, ,02,ACTIVO,1,564,2625,,,0,,,,,,,,,,,,,,,GSC
2025-02-01 00:00:00,796210301967,80,DW,06,A,01,001,MUNICIPIO DE OTHON P BLANCO   ,2021-03-12 00:00:00, ,02,ACTIVO,1,3830,17566,,,0,,,,,,,,,,,,,,,GSC
2025-02-01 00:00:00,796940300303,80,DW,06,A,01,001,CABLEMAS TELECOMUNIC SA DE CV ,1994-03-29 00:00:00,6,02,ACTIVO,1,43568,208574,,,0,,,,,,,,,,,,,,,GSC
2025-02-01 00:00:00,796070600501,80,DW,06,A,01,001,MUNICIPIO DE OTHON P  BLANCO  ,2007-04-30 00:00:00, ,5A,ACTIVO,1,2016,9886,2024-01-11,76,0,,,,,,,,,,,,,,,SSB
2025-02-01 00:00:00,796080900332,80,DW,06,A,01,001,MUNICIPIO DE OTHON P BLANCO   ,2008-08-27 00:00:00, ,5A,ACTIVO,1,2016,9885,2024-01-12,60,0,,,,,,,,,,,,,,,SSB
2025-02-01 00:00:00,796080900341,80,DW,06,A,01,001,MUNICIPIO DE OTHON P BLANCO   ,2007-03-12 00:00:00, ,5A,ACTIVO,1,1680,8246,2024-01-13,50,0,,,,,,,,,,,,,,,SSB
2025-02-01 00:00:00,796080900359,80,DW,06,A,01,001,MUNICIPIO DE OTHON P BLANCO   ,2008-08-26 00:00:00, ,5A,ACTIVO,1,1008,4966,2024-01-12,30,0,,,,,,,,,,,,,,,SSB
2025-02-01 00:00:00,796081100135,80,DW,06,A,01,001,MUNICIPIO DE OTHON P  BLANCO  ,2008-09-30 00:00:00, ,5A,ACTIVO,1,3360,16446,2024-01-13,104,0,,,,,,,,,,,,,,,SSB
2025-02-01 00:00:00,800751101071,80,DW,07,A,04,001,MUNICIPIO DE PANABA YUC  Y057 ,1975-11-20 00:00:00, ,5A,ACTIVO,,,,2024-12-04,719,0,,,,,,,,,,,,46.599998474121001,75.029998779297003,2025-02-28,SSB
2025-02-01 00:00:00,796081100194,80,DW,06,A,01,001,MUNICIPIO DE OTHON P BLANCO   ,2008-08-31 00:00:00, ,5A,ACTIVO,1,672,3325,2024-01-30,39,0,,,,,,,,,,,,,,,SSB
2025-02-01 00:00:00,796081100488,80,DW,06,A,01,001,MUNICIPIO DE OTHON P  BLANCO  ,2008-08-31 00:00:00, ,5A,ACTIVO,1,336,1686,2024-01-12,10,0,,,,,,,,,,,,,,,SSB
2025-02-01 00:00:00,798950100445,80,DW,06,C,38,001,MUNICIPIO FELIPE CARRILLO PTO ,1995-01-31 00:00:00,6,5A,ACTIVO,1,6720,35280,2024-02-28,113,0,,,,,,,,,,,,,,,SSB
2025-02-01 00:00:00,798950100453,80,DW,06,C,39,001,MUNICIPIO FELIPE CARRILLO PTO ,1995-01-31 00:00:00,6,5A,ACTIVO,1,2352,12380,2024-02-28,35,0,,,,,,,,,,,,,,,SSB
2025-02-01 00:00:00,798950100470,80,DW,06,C,41,001,MUNICIPIO FELIPE CARRILLO PTO ,1995-01-31 00:00:00,6,5A,ACTIVO,1,5712,29995,2024-02-01,88,0,,,,,,,,,,,,,,,SSB
2025-02-01 00:00:00,798950100488,80,DW,06,C,43,001,MUNICIPIO FELIPE CARRILLO PTO ,1995-01-31 00:00:00,6,5A,ACTIVO,1,10752,56419,2024-02-27,161,0,,,,,,,,,,,,,,,SSB
2025-02-01 00:00:00,800820602036,80,DW,07,A,42,001,H AYUNT  TIZIMIN     Y096     ,1982-06-01 00:00:00,6,5A,ACTIVO,,,,2024-10-28,29,0,,,,,,,,,,,,1.5,2.0050001144409002,2025-02-28,SSB
2025-02-01 00:00:00,800820602061,80,DW,07,A,45,001,H AYUNT  TIZIMIN     Y096     ,1982-06-01 00:00:00,6,5A,ACTIVO,,,,2024-11-08,34,0,,,,,,,,,,,,1.5,2.875,2025-02-28,SSB
2025-02-01 00:00:00,796081100500,80,DW,06,A,01,001,MUNICIPIO DE OTHON P  BLANCO  ,2008-08-31 00:00:00, ,5A,ACTIVO,1,2016,9886,2024-01-12,70,0,,,,,,,,,,,,,,,SSB
2025-02-01 00:00:00,800840301466,80,DW,07,A,57,001,MUNICIPIO DE PANABA YUC Y057  ,1984-03-08 00:00:00, ,5A,ACTIVO,,,,2024-11-28,105,0,,,,,,,,,,,,9.5,13.880000114441,2025-02-28,SSB
2025-02-01 00:00:00,800840301474,80,DW,07,A,58,001,H AYUNT  TIZIMIN     Y096     ,1984-03-15 00:00:00,6,5A,ACTIVO,,,,2024-10-30,67,0,,,,,,,,,,,,3.5999999046325999,3.1949999332428001,2025-02-28,SSB
2025-02-01 00:00:00,796081100534,80,DW,06,A,01,001,MUNICIPIO DE OTHON P  BLANCO  ,2008-08-31 00:00:00, ,5A,ACTIVO,1,2352,11526,2024-01-12,70,0,,,,,,,,,,,,,,,SSB
2025-02-01 00:00:00,796081100551,80,DW,06,A,01,001,MUNICIPIO DE OTHON P  BLANCO  ,2008-08-31 00:00:00, ,5A,ACTIVO,1,1008,4965,2024-01-12,52,0,,,,,,,,,,,,,,,SSB
2025-02-01 00:00:00,796081100674,80,DW,06,A,01,001,MUNICIPIO DE OTHON P  BLANCO  ,2008-07-31 00:00:00, ,5A,ACTIVO,1,672,3326,2024-01-13,30,0,,,,,,,,,,,,,,,SSB
2025-02-01 00:00:00,800750400015,80,DW,07,A,06,001,H AYUNT  SUCILA      Y070     ,1975-04-01 00:00:00, ,5A,ACTIVO,,,,2024-12-10,489,0,,,,,,,,,,,,34.099998474121001,40.310001373291001,2025-02-28,SSB
2025-02-01 00:00:00,800750400023,80,DW,07,A,07,001,H AYUNT  TIZIMIN     Y096     ,1975-04-01 00:00:00,6,5A,ACTIVO,,,,2024-10-29,61,0,,,,,,,,,,,,9,3.9149999618529998,2025-02-28,SSB
2025-02-01 00:00:00,800900500528,80,DW,07,A,66,001,H AYUNT DE TIZIMIN   Y096     ,1990-05-23 00:00:00,6,5A,ACTIVO,,,,2024-08-11,35,0,,,,,,,,,,,,1.3999999761580999,1.6549999713898,2025-02-28,SSB
2025-02-01 00:00:00,800900500536,80,DW,07,A,67,001,MUNICIPIO DE PANABA YUC Y057  ,1990-05-02 00:00:00, ,5A,ACTIVO,,,,2024-11-28,57,0,,,,,,,,,,,,1.1000000238419001,5.7399997711181996,2025-02-28,SSB
2025-02-01 00:00:00,800750400031,80,DW,07,A,09,001,H AYUNT  TIZIMIN     Y096     ,1975-04-01 00:00:00,6,5A,ACTIVO,,,,2024-10-25,206,0,,,,,,,,,,,,10.800000190735,13.234999656676999,2025-02-28,SSB
2025-02-01 00:00:00,800750400040,80,DW,07,A,12,001,MUNICIPIO DE PANABA YUC Y057  ,1975-04-01 00:00:00, ,5A,ACTIVO,,,,2024-11-29,206,0,,,,,,,,,,,,15.10000038147,18.60000038147,2025-02-28,SSB
2025-02-01 00:00:00,800750400058,80,DW,07,A,13,001,H AYUNT  SN FELIPE   Y065     ,1975-04-01 00:00:00, ,5A,ACTIVO,,,,2024-11-07,208,0,,,,,,,,,,,,19.200000762938998,23.809999465941999,2025-02-28,SSB
2025-02-01 00:00:00,800940200462,80,DW,07,A,79,001,H AYUNT TIZIMIN      YO96     ,1994-02-01 00:00:00,6,5A,ACTIVO,,,,2024-10-28,24,0,,,,,,,,,,,,1.1000000238419001,1.414999961853,2025-02-28,SSB
2025-02-01 00:00:00,800940200471,80,DW,07,A,80,001,H AYUNT TIZIMIN      YO96     ,1994-02-01 00:00:00,6,5A,ACTIVO,,,,2024-11-05,41,0,,,,,,,,,,,,1.2999999523162999,3.4049999713897998,2025-02-28,SSB
2025-02-01 00:00:00,800950201025,80,DW,07,A,82,001,H  AYUNT TIZIMIN     YO96     ,1995-02-01 00:00:00,6,5A,ACTIVO,,,,2024-10-30,74,0,,,,,,,,,,,,3.7000000476836998,2.9100000858307,2025-02-28,SSB
2025-02-01 00:00:00,800750400074,80,DW,07,A,15,001,H AYUNT  TIZIMIN     Y096     ,1975-04-01 00:00:00,6,5A,ACTIVO,,,,2024-11-05,219,0,,,,,,,,,,,,10.699999809265,13.385000228881999,2025-02-28,SSB
2025-02-01 00:00:00,800750400082,80,DW,07,A,17,001,H AYUNT  TIZIMIN     Y096     ,1975-04-01 00:00:00,6,5A,ACTIVO,,,,2024-10-29,103,0,,,,,,,,,,,,5.4000000953673997,5.1550002098082999,2025-02-28,SSB
2025-02-01 00:00:00,800750400091,80,DW,07,A,24,001,H AYUNT  TIZIMIN     Y096     ,1975-04-01 00:00:00,6,5A,ACTIVO,,,,2024-11-05,35,0,,,,,,,,,,,,2.2000000476836998,3.2550001144409002,2025-02-28,SSB
2025-02-01 00:00:00,800750400104,80,DW,07,A,25,001,H AYUNT  TIZIMIN     Y096     ,1975-04-01 00:00:00,6,5A,ACTIVO,,,,2024-11-05,74,0,,,,,,,,,,,,5.5,4.6599998474120996,2025-02-28,SSB
2025-02-01 00:00:00,800800401085,80,DW,07,A,30,001,H AYUNT  TIZIMIN     Y096     ,1980-04-22 00:00:00,6,5A,ACTIVO,,,,2024-11-02,41,0,,,,,,,,,,,,2.0999999046325999,2.3599998950957999,2025-02-28,SSB
2025-02-01 00:00:00,800800401093,80,DW,07,A,31,001,H AYUNT  TIZIMIN     Y096     ,1980-04-22 00:00:00,6,5A,ACTIVO,,,,2024-11-02,32,0,,,,,,,,,,,,1.7000000476837001,2.5599999427795002,2025-02-28,SSB
2025-02-01 00:00:00,800800401107,80,DW,07,A,32,001,H AYUNT  TIZIMIN     Y096     ,1980-04-16 00:00:00,6,5A,ACTIVO,,,,2024-10-30,219,0,,,,,,,,,,,,14.39999961853,11.284999847411999,2025-02-28,SSB
2025-02-01 00:00:00,800801100445,80,DW,07,A,34,001,H AYUNT  TIZIMIN     Y096     ,1980-11-18 00:00:00,6,5A,ACTIVO,,,,2024-11-01,184,0,,,,,,,,,,,,8,19.825000762938998,2025-02-28,SSB
2025-02-01 00:00:00,800810402080,80,DW,07,A,38,001,H AYUNT  TIZIMIN     Y096     ,1981-04-08 00:00:00,6,5A,ACTIVO,,,,2024-11-08,52,0,,,,,,,,,,,,4.5999999046326003,4.3449997901917001,2025-02-28,SSB
2025-02-01 00:00:00,800810402101,80,DW,07,A,40,001,H AYUNT  TIZIMIN     Y096     ,1981-04-21 00:00:00,6,5A,ACTIVO,,,,2024-11-08,31,0,,,,,,,,,,,,2.0999999046325999,2.5099999904632999,2025-02-28,SSB
2025-02-01 00:00:00,800830900370,80,DW,07,A,55,001,H AYUNT  TIZIMIN     Y096     ,1983-09-15 00:00:00,6,5A,ACTIVO,,,,2024-05-11,44,0,,,,,,,,,,,,1.8999999761580999,2.5050001144409002,2025-02-28,SSB
2025-02-01 00:00:00,799061100359,80,DW,06,D,01,001,TELECABLE BACALAR SA DE CV    ,2006-10-16 00:00:00,0,02,ACTIVO,1,628,3270,,,0,,,,,,,,,,,,,,,GSC
2025-02-01 00:00:00,802750400221,80,DW,07,C,36,001,H AYUNT  TIZIMIN     Y096     ,1975-04-01 00:00:00,6,5A,ACTIVO,,,,2024-11-06,42,0,,,,,,,,,,,,3.2000000476836998,2.2899999618529998,2025-02-28,SSB
2025-02-01 00:00:00,799130500071,80,DW,06,D,08,001,MUNICIPIO DE BACALAR          ,2013-04-02 00:00:00,6,5A,ACTIVO,,,,2024-12-30,62,0,,,,,,,,,,,,12,10,2025-02-28,SSB
2025-02-01 00:00:00,802800501431,80,DW,07,C,56,001,H AYUNT  TIZIMIN     Y096     ,1980-05-31 00:00:00,6,5A,ACTIVO,,,,2024-12-11,217,0,,,,,,,,,,,,12.300000190735,14.635000228881999,2025-02-28,SSB
2025-02-01 00:00:00,802810400446,80,DW,07,C,37,001,H AYUNT  TIZIMIN     Y096     ,1981-04-01 00:00:00,6,5A,ACTIVO,,,,2023-11-29,63,0,,,,,,,,,,,,3,3.2100000381470002,2025-02-28,SSB
2025-02-01 00:00:00,802810400446,80,DW,07,C,37,001,H AYUNT  TIZIMIN     Y096     ,1981-04-01 00:00:00,6,5A,ACTIVO,1,1008,5334,2023-11-29,63,0,,,,,,,,,,,,3,3.2100000381470002,2025-02-28,SSB
2025-02-01 00:00:00,799140300347,80,DW,06,D,48,001,MUNICIPIO OTHON P BLANCO      ,2014-02-28 00:00:00, ,5A,ACTIVO,,,,2024-11-20,52,0,,,,,,,,,,,,59,10,2025-02-28,SSB
2025-02-01 00:00:00,800040400369,80,DW,07,A,89,001,H AYUNT TIZIMIN      Y096     ,2004-03-03 00:00:00,6,5A,ACTIVO,,,,2024-11-12,46,0,,,,,,,,,,,,3.4000000953674001,2.5699999332428001,2025-02-28,SSB
2025-02-01 00:00:00,800900301185,80,DW,07,A,02,001,MUNICIPIO DE ESPITA  Y032     ,1990-03-01 00:00:00,6,5A,ACTIVO,1,2125,11190,2023-11-08,23,0,,,,,,,,,,,,,,,SSB
2025-02-01 00:00:00,800900700586,80,DW,07,A,68,001,H AYUNT TIZIMIN      Y096     ,1990-07-16 00:00:00,6,5A,ACTIVO,,,,2024-11-08,23,0,,,,,,,,,,,,1.5,3.75,2025-02-28,SSB
2025-02-01 00:00:00,800920400911,80,DW,07,A,73,001,H AYUNT TIZIMIN      YO96     ,1992-04-30 00:00:00,6,5A,ACTIVO,,,,2024-11-01,26,0,,,,,,,,,,,,2.2000000476836998,2.2300000190735001,2025-02-28,SSB
2025-02-01 00:00:00,802820602071,80,DW,07,C,66,001,H AYUNT  TIZIMIN     Y096     ,1982-06-01 00:00:00,6,5A,ACTIVO,,,,2024-11-07,35,0,,,,,,,,,,,,2.2000000476836998,3.0350000858307,2025-02-28,SSB
2025-02-01 00:00:00,800930300833,80,DW,07,A,77,001,H AYUNT TIZIMIN      YO96     ,1993-03-30 00:00:00,6,5A,ACTIVO,,,,2024-10-29,50,0,,,,,,,,,,,,2,2.7799999713897998,2025-02-28,SSB
2025-02-01 00:00:00,800951201398,80,DW,07,A,84,001,MUNICIPIO DE PANABA YUC Y057  ,1995-12-31 00:00:00, ,5A,ACTIVO,,,,2024-11-29,11,0,,,,,,,,,,,,1.7999999523162999,2,2025-02-28,SSB
2025-02-01 00:00:00,800960300803,80,DW,07,A,86,001,H AYUNT TIZIMIN Y096          ,1996-03-31 00:00:00,6,5A,ACTIVO,,,,2024-10-30,23,0,,,,,,,,,,,,1.1000000238419001,1.6599999666214,2025-02-28,SSB
2025-02-01 00:00:00,802830400124,80,DW,07,C,32,001,H AYUNT  TIZIMIN     Y096     ,1983-04-01 00:00:00,6,5A,ACTIVO,,,,2024-11-05,28,0,,,,,,,,,,,,1.6000000238419001,0.56499999761580999,2025-02-28,SSB
2025-02-01 00:00:00,801100802654,38,DW,07,B,94,942,ALBERGUE ESC  JUSTO SIERRA    ,2010-08-20 00:00:00,0,02,SUJETO A CORTE,1,975,5093,,,0,,,,,,,,,,,,,,,GSC
2025-02-01 00:00:00,802850500583,80,DW,07,C,53,001,H AYUNT  TIZIMIN     Y096     ,1985-05-01 00:00:00,6,5A,ACTIVO,,,,2024-11-04,210,0,,,,,,,,,,,,12.800000190735,12.715000152588001,2025-02-28,SSB
2025-02-01 00:00:00,801130400771,38,DW,07,B,94,942,CANCHA MUNICIPAL              ,2013-04-09 00:00:00, ,02,ACTIVO,1,300,1570,,,0,,,,,,,,,,,,,,,GSC
2025-02-01 00:00:00,802911101211,80,DW,07,C,67,001,H AYUNTAMIENTO TIZIM Y096     ,1991-11-30 00:00:00,6,5A,ACTIVO,,,,2024-11-07,36,0,,,,,,,,,,,,1.8999999761580999,3.0899999141693,2025-02-28,SSB
2025-02-01 00:00:00,802911101229,80,DW,07,C,62,001,H AYUNT TIZIMIN      YO96     ,1991-11-30 00:00:00,6,5A,ACTIVO,,,,2024-11-07,17,0,,,,,,,,,,,,0.89999997615813998,0.86500000953674006,2025-02-28,SSB
2025-02-01 00:00:00,802040600166,80,DW,07,C,72,001,H AYUNTAMIENTO TIZIMIN  Y096  ,2004-05-08 00:00:00,6,5A,ACTIVO,,,,2024-11-07,29,0,,,,,,,,,,,,1.1000000238419001,1.7549999952316,2025-02-28,SSB
2025-02-01 00:00:00,802930100012,80,DW,07,C,43,001,H AYUNT TIZIMIN      YO96     ,1993-01-01 00:00:00,6,5A,ACTIVO,,,,2024-11-01,32,0,,,,,,,,,,,,1.7000000476837001,1.664999961853,2025-02-28,SSB
2025-02-01 00:00:00,802930100021,80,DW,07,C,44,001,H AYUNT TIZIMIN      YO96     ,1993-01-01 00:00:00,6,5A,ACTIVO,,,,2024-10-01,28,0,,,,,,,,,,,,1.8999999761580999,1.8899999856948999,2025-02-28,SSB
2025-02-01 00:00:00,802930100039,80,DW,07,C,45,001,H AYUNT TIZIMIN      YO96     ,1993-01-01 00:00:00,6,5A,ACTIVO,,,,2024-11-06,18,0,,,,,,,,,,,,0.40000000596045998,1.5249999761580999,2025-02-28,SSB
2025-02-01 00:00:00,802930300011,80,DW,07,C,46,001,H AYUNT TIZIMIN      YO96     ,1993-03-01 00:00:00,6,5A,ACTIVO,,,,2024-10-01,46,0,,,,,,,,,,,,2.5,2.9549999237061,2025-02-28,SSB
2025-02-01 00:00:00,802930300020,80,DW,07,C,47,001,H AYUNT TIZIMIN    Y096       ,1993-03-01 00:00:00,6,5A,ACTIVO,,,,2024-10-01,31,0,,,,,,,,,,,,1,1.1399999856948999,2025-02-28,SSB
2025-02-01 00:00:00,802940200481,80,DW,07,C,63,001,H AYUNTAMIENTO  Y096          ,1994-02-01 00:00:00,6,5A,ACTIVO,,,,2024-11-07,9,0,,,,,,,,,,,,0.40000000596045998,0.25999999046326,2025-02-28,SSB
2025-02-01 00:00:00,802050200034,80,DW,07,C,73,001,H AYUNT TIZIMIN      Y096     ,2004-11-01 00:00:00,6,5A,ACTIVO,,,,2024-11-07,43,0,,,,,,,,,,,,1.8999999761580999,2.2899999618529998,2025-02-28,SSB
2025-02-01 00:00:00,802050200042,80,DW,07,C,74,001,H AYUNT TIZIMIN   Y096        ,2004-11-01 00:00:00,6,5A,ACTIVO,,,,2024-11-07,9,0,,,,,,,,,,,,0.69999998807907005,0.50499999523162997,2025-02-28,SSB
2025-02-01 00:00:00,802750400093,80,DW,07,C,09,001,H AYUNT TIZIMIN      Y096     ,1975-04-01 00:00:00,6,5A,ACTIVO,,,,2024-10-01,315,0,,,,,,,,,,,,12.39999961853,17.860000610351999,2025-02-28,SSB
2025-02-01 00:00:00,802750400182,80,DW,07,C,29,001,H AYUNT  TIZIMIN     Y096     ,1975-04-01 00:00:00,6,5A,ACTIVO,,,,2024-11-06,16,0,,,,,,,,,,,,0.60000002384186002,1.1200000047684,2025-02-28,SSB
2025-02-01 00:00:00,802750400191,80,DW,07,C,30,001,H AYUNT  TIZIMIN     Y096     ,1975-04-01 00:00:00,6,5A,ACTIVO,,,,2024-11-06,25,0,,,,,,,,,,,,1.8999999761580999,1.4650000333786,2025-02-28,SSB
2025-02-01 00:00:00,802750400204,80,DW,07,C,33,001,H AYUNT  TIZIMIN     Y096     ,1975-04-01 00:00:00,6,5A,ACTIVO,,,,2024-11-06,22,0,,,,,,,,,,,,1,0.61000001430510997,2025-02-28,SSB
2025-02-01 00:00:00,802750400212,80,DW,07,C,35,001,H AYUNT  TIZIMIN     Y096     ,1975-04-01 00:00:00,6,5A,ACTIVO,,,,2024-11-06,31,0,,,,,,,,,,,,2,1.625,2025-02-28,SSB
2025-02-01 00:00:00,804230200663,80,DW,08,A,01,001,CFE TEIT                      ,2023-02-17 00:00:00,0,02,ACTIVO,1,4732,20085,2023-01-01,325,0,,,,,,,,,,,,,,,SSB
2025-02-01 00:00:00,804910900236,80,DW,08,A,01,001,H AYUNT DE MOTUL     Y052     ,1991-09-30 00:00:00,6,5A,ACTIVO,,,,2024-11-12,4734,0,,,,,,,,,,,,181.61000061035,152,2025-02-28,SSB
2025-02-01 00:00:00,804910900244,80,DW,08,A,04,001,H AYUNT DE MOTUL     Y052     ,1991-09-30 00:00:00,6,5A,ACTIVO,,,,2024-11-04,30,0,,,,,,,,,,,,2.0399999618529998,2,2025-02-28,SSB
2025-02-01 00:00:00,804910900261,80,DW,08,A,07,001,H AYUNT DE TELCHAC Y083       ,1991-09-30 00:00:00, ,5A,ACTIVO,,,,2024-07-02,1475,0,,,,,,,,,,,,58.299999237061002,32,2025-02-28,SSB
2025-02-01 00:00:00,804910900279,80,DW,08,A,08,001,H AYUNT DE MOTUL UCI Y052     ,1991-09-30 00:00:00,6,5A,ACTIVO,,,,2024-11-20,238,0,,,,,,,,,,,,14.579999923706,12,2025-02-28,SSB
2025-02-01 00:00:00,804910900287,80,DW,08,A,14,001,H AYUNT DE MOTUL     Y052     ,1991-09-30 00:00:00,6,5A,ACTIVO,,,,2024-11-04,49,0,,,,,,,,,,,,3.1900000572204998,3,2025-02-28,SSB
2025-02-01 00:00:00,804910900295,80,DW,08,A,15,001,H AYUNT DE MOTUL     Y052     ,1991-09-30 00:00:00,6,5A,ACTIVO,,,,2024-11-04,21,0,,,,,,,,,,,,4.5900001525879004,2,2025-02-28,SSB
2025-02-01 00:00:00,804910900309,80,DW,08,A,16,001,H AYUNT DE MOTUL     Y052     ,1991-09-30 00:00:00,6,5A,ACTIVO,,,,2024-11-04,77,0,,,,,,,,,,,,5.6799998283386,6,2025-02-28,SSB
2025-02-01 00:00:00,804910900317,80,DW,08,A,17,001,H AYUNT DE MOTUL     Y052     ,1991-09-30 00:00:00,6,5A,ACTIVO,,,,2024-11-04,24,0,,,,,,,,,,,,0.5,2,2025-02-28,SSB
2025-02-01 00:00:00,804910900333,80,DW,08,A,19,001,H AYUNT DE MOTUL     Y052     ,1991-09-30 00:00:00,6,5A,ACTIVO,,,,2024-11-20,213,0,,,,,,,,,,,,15.079999923706,14,2025-02-28,SSB
2025-02-01 00:00:00,804910900341,80,DW,08,A,20,001,H AYUNT DE MOTUL     Y052     ,1991-09-30 00:00:00,6,5A,ACTIVO,,,,2024-11-20,78,0,,,,,,,,,,,,14.579999923706,5,2025-02-28,SSB
2025-02-01 00:00:00,804910900350,80,DW,08,A,21,001,H AYUNT DE MOTUL     Y052     ,1991-09-30 00:00:00,6,5A,ACTIVO,,,,2024-11-20,100,0,,,,,,,,,,,,5.2699999809265003,7,2025-02-28,SSB
2025-02-01 00:00:00,804910900368,80,DW,08,A,22,001,H AYUNT DE MOTUL     Y052     ,1991-09-30 00:00:00,6,5A,ACTIVO,,,,2024-11-20,96,0,,,,,,,,,,,,7.2899999618529998,6,2025-02-28,SSB
2025-02-01 00:00:00,804910900376,80,DW,08,A,23,001,H AYUNT DE MOTUL     Y052     ,1991-09-30 00:00:00,6,5A,ACTIVO,,,,2024-11-20,74,0,,,,,,,,,,,,7.0700001716614,6,2025-02-28,SSB
2025-02-01 00:00:00,804910900384,80,DW,08,A,24,001,H AYUNT DE MOTUL Y052         ,1991-09-30 00:00:00,6,5A,ACTIVO,,,,2024-11-04,48,0,,,,,,,,,,,,3.5,3,2025-02-28,SSB
2025-02-01 00:00:00,804910900392,80,DW,08,A,25,001,H AYUNT DE MOTUL Y052         ,1991-09-30 00:00:00,6,5A,ACTIVO,,,,2024-11-20,88,0,,,,,,,,,,,,6.5700001716614,6,2025-02-28,SSB
2025-02-01 00:00:00,804910900406,80,DW,08,A,26,001,H AYUNT DE MOTUL Y052         ,1991-09-30 00:00:00,6,5A,ACTIVO,,,,2024-11-20,21,0,,,,,,,,,,,,1.75,2,2025-02-28,SSB
2025-02-01 00:00:00,804910900414,80,DW,08,A,27,001,H AYUNT DE MOTUL Y052         ,1991-09-30 00:00:00,6,5A,ACTIVO,,,,2024-11-20,17,0,,,,,,,,,,,,1.0700000524521001,1,2025-02-28,SSB
2025-02-01 00:00:00,804910900422,80,DW,08,A,28,001,H AYUNT DE MOTUL Y052         ,1991-09-30 00:00:00,6,5A,ACTIVO,,,,2024-11-04,7,0,,,,,,,,,,,,0.34999999403954002,1,2025-02-28,SSB
2025-02-01 00:00:00,804910900449,80,DW,08,A,30,001,H AYUNT DE MOTUL Y052         ,1991-09-30 00:00:00,6,5A,ACTIVO,,,,2024-11-20,41,0,,,,,,,,,,,,4.8200001716614,3,2025-02-28,SSB
2025-02-01 00:00:00,804980300023,80,DW,08,A,12,001,H AYUNT DE DZEMUL    Y026     ,1998-03-27 00:00:00,6,5A,ACTIVO,,,,2024-06-27,31,0,,,,,,,,,,,,1.0900000333786,8.2299995422362997,2025-02-28,SSB
2025-02-01 00:00:00,804980300031,80,DW,08,A,06,001,H AYUNT DE TELCHAC Y082       ,1998-03-23 00:00:00, ,5A,ACTIVO,,,,2024-06-28,598,0,,,,,,,,,,,,40.770000457763999,34,2025-02-28,SSB
2025-02-01 00:00:00,804980300040,80,DW,08,A,13,001,H AYUNT DE DZEMUL    Y026     ,1998-03-27 00:00:00,6,5A,ACTIVO,,,,2024-06-27,18,0,,,,,,,,,,,,0.33000001311302002,1.289999961853,2025-02-28,SSB
2025-02-01 00:00:00,804980400036,80,DW,08,A,02,001,MUNICIPIO DE BACA             ,1998-04-02 00:00:00,6,5A,ACTIVO,,,,2024-06-20,602,0,,,,,,,,,,,,46.139999389647997,34,2025-02-28,SSB
2025-02-01 00:00:00,804980400044,80,DW,08,A,03,001,H AYUNT DE DZEMUL    Y026     ,1998-04-02 00:00:00,6,5A,ACTIVO,,,,2024-06-27,712,0,,,,,,,,,,,,35.209999084472997,42.610000610352003,2025-02-28,SSB
2025-02-01 00:00:00,804980400052,80,DW,08,A,09,001,H AYUNT DE SN CRISAN Y068     ,1998-04-02 00:00:00, ,5A,ACTIVO,,,,2024-07-02,167,0,,,,,,,,,,,,12.159999847411999,12,2025-02-28,SSB
2025-02-01 00:00:00,804980400061,80,DW,08,A,10,001,H AYUNT DE SINANCHE Y068      ,1998-04-02 00:00:00, ,5A,ACTIVO,,,,2024-07-02,395,0,,,,,,,,,,,,32.040000915527003,27,2025-02-28,SSB
2025-02-01 00:00:00,804980400079,80,DW,08,A,11,001,MUNICIPIO DE BACA             ,1998-04-02 00:00:00,6,5A,ACTIVO,,,,2024-06-20,14,0,,,,,,,,,,,,0.83999997377395996,1,2025-02-28,SSB
2025-02-01 00:00:00,805871200457,80,DW,08,B,63,001,H AYUNT CANSAHCAB    Y009     ,1987-12-01 00:00:00, ,5A,ACTIVO,,,,2024-12-11,613,0,,,,,,,,,,,,31.229999542236001,36.799999237061002,2025-02-28,SSB
2025-02-01 00:00:00,805871200465,80,DW,08,B,64,001,MUNICIPIO DE SUMA             ,1987-12-01 00:00:00, ,5A,ACTIVO,,,,2024-07-04,384,0,,,,,,,,,,,,16.969999313353998,17.700000762938998,2025-02-28,SSB
2025-02-01 00:00:00,805871200473,80,DW,08,B,66,001,H AYUNT DZIDZANTUN   Y027     ,1987-12-01 00:00:00,6,5A,ACTIVO,,,,2024-12-19,847,0,,,,,,,,,,,,53.860000610352003,47.700000762938998,2025-02-28,SSB
2025-02-01 00:00:00,805871200481,80,DW,08,B,68,001,H AYUNT DZILAN GLEZ  Y029     ,1987-12-01 00:00:00, ,5A,ACTIVO,,,,2024-07-08,788,0,,,,,,,,,,,,40.849998474121001,47.299999237061002,2025-02-28,SSB
2025-02-01 00:00:00,802760900043,80,DW,07,C,55,001,H AYUNT  TIZIMIN     Y096     ,1976-09-20 00:00:00,6,5A,ACTIVO,,,,2024-11-04,87,0,,,,,,,,,,,,7.3000001907348997,3.6349999904632999,2025-02-28,SSB
2025-02-01 00:00:00,800850500599,80,DW,07,A,10,001,H AYUNT RIO LAGARTOS Y061     ,1985-05-01 00:00:00, ,5A,ACTIVO,,,,2024-11-07,471,0,,,,,,,,,,,,35.900001525878999,44.580001831055,2025-02-28,SSB
2025-02-01 00:00:00,800870100686,80,DW,07,A,62,001,H AYUNT RIO LAGARTOS Y061     ,1987-01-31 00:00:00, ,5A,ACTIVO,,,,2024-11-07,136,0,,,,,,,,,,,,8.6000003814696999,24.049999237061002,2025-02-28,SSB
2025-02-01 00:00:00,800870401066,80,DW,07,A,05,001,H AYUNT TIZIMIN      Y096     ,1987-04-01 00:00:00,6,5A,ACTIVO,,,,2024-10-10,4295,0,,,,,,,,,,,,255.69999694824,291.08999633789,2025-02-28,SSB
2025-02-01 00:00:00,800900201245,80,DW,07,A,65,001,H AYUNT DE TIZIMIN   Y096     ,1990-02-01 00:00:00,6,5A,ACTIVO,,,,2024-10-29,59,0,,,,,,,,,,,,2.7999999523163002,3.7300000190735001,2025-02-28,SSB
2025-02-01 00:00:00,802820602047,80,DW,07,C,60,001,H AYUNT  TIZIMIN     Y096     ,1982-06-01 00:00:00,6,5A,ACTIVO,,,,2024-11-04,35,0,,,,,,,,,,,,1.6000000238419001,1.460000038147,2025-02-28,SSB
2025-02-01 00:00:00,802820602055,80,DW,07,C,65,001,H AYUNT  TIZIMIN     Y096     ,1982-06-01 00:00:00,6,5A,ACTIVO,,,,2024-11-07,28,0,,,,,,,,,,,,1.7000000476837001,1.5349999666214,2025-02-28,SSB
2025-02-01 00:00:00,802821000504,80,DW,07,C,38,001,H AYUNT  TIZIMIN     Y096     ,1982-10-15 00:00:00,6,5A,ACTIVO,,,,2024-11-06,34,0,,,,,,,,,,,,1,1.3849999904632999,2025-02-28,SSB
2025-02-01 00:00:00,802821000512,80,DW,07,C,39,001,H AYUNT  TIZIMIN     Y096     ,1982-10-15 00:00:00,6,5A,ACTIVO,,,,2024-11-06,30,0,,,,,,,,,,,,1.6000000238419001,1.5,2025-02-28,SSB
2025-02-01 00:00:00,802821000521,80,DW,07,C,40,001,H AYUNT  TIZIMIN     Y096     ,1982-10-15 00:00:00,6,5A,ACTIVO,,,,2024-10-01,36,0,,,,,,,,,,,,3.5999999046325999,3.1349999904632999,2025-02-28,SSB
2025-02-01 00:00:00,802830900127,80,DW,07,C,34,001,H AYUNT  TIZIMIN     Y096     ,1983-09-01 00:00:00,6,5A,ACTIVO,,,,2024-11-06,19,0,,,,,,,,,,,,1.3999999761580999,1.1599999666214,2025-02-28,SSB
2025-02-01 00:00:00,802911001372,80,DW,07,C,68,001,H AYUNT TIZIMIN      Y096     ,1991-10-25 00:00:00,6,5A,ACTIVO,,,,2024-07-11,78,0,,,,,,,,,,,,3.5,3.5150001049042001,2025-02-28,SSB
2025-02-01 00:00:00,802920400905,80,DW,07,C,61,001,H AYUN TIZIMIN       YO96     ,1992-04-30 00:00:00,6,5A,ACTIVO,,,,2024-11-11,87,0,,,,,,,,,,,,5.6999998092651003,2.9549999237061,2025-02-28,SSB
2025-02-01 00:00:00,802980602108,80,DW,07,C,64,001,H AYUNT TIZIMIN    Y096       ,1998-06-30 00:00:00,6,5A,ACTIVO,,,,2024-11-07,45,0,,,,,,,,,,,,2.5,2.0699999332428001,2025-02-28,SSB
2025-02-01 00:00:00,804020400058,80,DW,08,A,33,001,H AYUNTAMIENTO DE MOTUL Y052  ,2002-03-01 00:00:00,6,5A,ACTIVO,,,,2024-11-20,14,0,,,,,,,,,,,,0.72000002861023005,1,2025-02-28,SSB
2025-02-01 00:00:00,804190500880,80,DW,08,A,01,001,SRIA  DE SEGURIDAD PUBLICA    ,2019-05-31 00:00:00,g,02,ACTIVO,1,1760,9071,,,0,,,,,,,,,,,,,,,GSC
2025-02-01 00:00:00,804191100451,80,DW,08,A,01,001,RED NACIONAL ULTIMA MILLA     ,2019-11-26 00:00:00,6,02,ACTIVO,1,504,2634,,,0,,,,,,,,,,,,,,,GSC
2025-02-01 00:00:00,804191100460,80,DW,08,A,01,001,RED NACIONAL ULTIMA MILLA     ,2019-11-26 00:00:00,6,02,ACTIVO,1,1008,5217,,,0,,,,,,,,,,,,,,,GSC
2025-02-01 00:00:00,804210600541,80,DW,08,A,01,001,SSP CAMARAS DE SEGURIDAD      ,2021-06-16 00:00:00,g,02,ACTIVO,1,196,1056,,,0,,,,,,,,,,,,,,,GSC
2025-02-01 00:00:00,804210600550,80,DW,08,A,01,001,SSP CAMARAS DE SEGURIDAD      ,2021-06-16 00:00:00,g,02,ACTIVO,1,28,194,,,0,,,,,,,,,,,,,,,GSC
2025-02-01 00:00:00,802810402066,80,DW,07,C,57,001,H AYUNT  TIZIMIN     Y096     ,1981-04-13 00:00:00,6,5A,ACTIVO,,,,2024-11-11,90,0,,,,,,,,,,,,5.0999999046326003,6.6300001144409002,2025-02-28,SSB
2025-02-01 00:00:00,802810402074,80,DW,07,C,58,001,H AYUNT  TIZIMIN     Y096     ,1981-04-01 00:00:00,6,5A,ACTIVO,,,,2024-11-07,61,0,,,,,,,,,,,,3.7000000476836998,2.9549999237061,2025-02-28,SSB
2025-02-01 00:00:00,802810402091,80,DW,07,C,59,001,H AYUNT  TIZIMIN     Y096     ,1981-04-01 00:00:00,6,5A,ACTIVO,,,,2024-11-11,108,0,,,,,,,,,,,,4.6999998092651003,6.5050001144409002,2025-02-28,SSB
2025-02-01 00:00:00,805880100449,80,DW,08,B,67,001,MUNICIPIO DE BUCTZOTZ         ,1988-01-01 00:00:00,6,5A,ACTIVO,,,,2024-07-11,839,0,,,,,,,,,,,,44.060001373291001,44.700000762938998,2025-02-28,SSB
2025-02-01 00:00:00,805880100457,80,DW,08,B,69,001,H AYUNT DZILAN BRAVO Y028     ,1988-01-01 00:00:00, ,5A,ACTIVO,,,,2024-07-09,749,0,,,,,,,,,,,,11.659999847411999,12,2025-02-28,SSB
2025-02-01 00:00:00,805880100465,80,DW,08,B,70,001,H AYUNT CANSAHCAB    Y009     ,1988-01-01 00:00:00, ,5A,ACTIVO,,,,2024-12-11,63,0,,,,,,,,,,,,4.2199997901917001,4.1999998092651003,2025-02-28,SSB
2025-02-01 00:00:00,805880100473,80,DW,08,B,71,001,H AYUNT DZONCAUICH   Y031     ,1988-01-01 00:00:00, ,5A,ACTIVO,,,,2024-07-10,214,0,,,,,,,,,,,,15.720000267029,15.39999961853,2025-02-28,SSB
2025-02-01 00:00:00,805880100481,80,DW,08,B,72,001,MUNICIPIO DE TEMAX            ,1988-01-01 00:00:00,6,5A,ACTIVO,,,,2024-08-08,42,0,,,,,,,,,,,,2.3099999427795002,2.7000000476836998,2025-02-28,SSB
2025-02-01 00:00:00,805880100490,80,DW,08,B,73,001,MUNICIPIO DE TEMAX            ,1988-01-01 00:00:00,6,5A,ACTIVO,,,,2024-08-08,17,0,,,,,,,,,,,,1.4199999570846999,1.2999999523162999,2025-02-28,SSB
2025-02-01 00:00:00,805880100503,80,DW,08,B,74,001,H AYUNT YOBAIN Y1060          ,1988-01-01 00:00:00, ,5A,ACTIVO,,,,2024-07-30,213,0,,,,,,,,,,,,17.950000762938998,12.699999809265,2025-02-28,SSB
2025-02-01 00:00:00,805880100511,80,DW,08,B,75,001,H AYUNT CHABIHAU Y1060        ,1988-01-01 00:00:00, ,5A,ACTIVO,,,,2024-07-30,88,0,,,,,,,,,,,,6.75,6.9000000953673997,2025-02-28,SSB
2025-02-01 00:00:00,805880100520,80,DW,08,B,76,001,H AYUNT SUMA         Y072     ,1988-01-01 00:00:00, ,5A,ACTIVO,,,,2024-07-04,11,0,,,,,,,,,,,,0.72000002861023005,1,2025-02-28,SSB
2025-02-01 00:00:00,805880100538,80,DW,08,B,77,001,H AYUNT DZIDZANTUN   Y027     ,1988-01-01 00:00:00,6,5A,ACTIVO,,,,2024-07-15,53,0,,,,,,,,,,,,3.7599999904632999,3.4000000953674001,2025-02-28,SSB
2025-02-01 00:00:00,805880100546,80,DW,08,B,80,001,MUNICIPIO DE TEMAX            ,1988-01-01 00:00:00,6,5A,ACTIVO,,,,2024-08-08,28,0,,,,,,,,,,,,2.1500000953674001,1.7000000476837001,2025-02-28,SSB
2025-02-01 00:00:00,805880100554,80,DW,08,B,81,001,H AYUNT CANSAHCAB    Y009     ,1988-01-01 00:00:00, ,5A,ACTIVO,,,,2024-12-11,34,0,,,,,,,,,,,,1.9900000095367001,2.2999999523163002,2025-02-28,SSB
2025-02-01 00:00:00,805880100562,80,DW,08,B,82,001,H AYUNT DZIDZANTUN   Y027     ,1988-01-01 00:00:00,6,5A,ACTIVO,,,,2024-07-15,74,0,,,,,,,,,,,,6.6799998283386,4.5999999046326003,2025-02-28,SSB
2025-02-01 00:00:00,805880100571,80,DW,08,B,83,001,MUNICIPIO DE BUCTZOTZ         ,1988-01-01 00:00:00,6,5A,ACTIVO,,,,2024-07-10,106,0,,,,,,,,,,,,5.8499999046326003,5.9000000953673997,2025-02-28,SSB
2025-02-01 00:00:00,805880200371,80,DW,08,B,65,001,MUNICIPIO DE TEMAX            ,1988-02-01 00:00:00,6,5A,ACTIVO,,,,2024-08-08,641,0,,,,,,,,,,,,37.759998321532997,41.599998474121001,2025-02-28,SSB
2025-02-01 00:00:00,805941100064,80,DW,08,B,78,001,MUNICIPIO DE BUCTZOTZ         ,1994-11-01 00:00:00,6,5A,ACTIVO,,,,2024-07-10,33,0,,,,,,,,,,,,1.6499999761580999,1.7999999523162999,2025-02-28,SSB
2025-02-01 00:00:00,806070600085,80,DW,08,C,49,001,H AYUNTAMIENTO SUDZAL         ,2007-06-08 00:00:00, ,5A,ACTIVO,,,,2024-07-18,51,0,,,,,,,,,,,,2.0399999618529998,3,2025-02-28,SSB
2025-02-01 00:00:00,806070600093,80,DW,08,C,48,001,H AYUNTAMIENTO TUNKAS DY0970  ,2007-06-08 00:00:00, ,5A,ACTIVO,,,,2023-09-27,53,0,,,,,,,,,,,,3.0699999332428001,4,2025-02-28,SSB
2025-02-01 00:00:00,806070600093,80,DW,08,C,48,001,H AYUNTAMIENTO TUNKAS DY0970  ,2007-06-08 00:00:00, ,5A,ACTIVO,1,1032,5459,2023-09-27,53,0,,,,,,,,,,,,3.0699999332428001,4,2025-02-28,SSB
2025-02-01 00:00:00,806070600107,80,DW,08,C,50,001,H AYUNTAMIENTO SUDZAL         ,2007-06-08 00:00:00, ,5A,ACTIVO,,,,2024-07-18,22,0,,,,,,,,,,,,0.92000001668929998,1,2025-02-28,SSB
2025-02-01 00:00:00,806070600123,80,DW,08,C,39,001,H AYUNTAMIENTO SUDZAL         ,2007-06-08 00:00:00, ,5A,ACTIVO,,,,2024-07-18,2,0,,,,,,,,,,,,9.0000003576279006E-2,1,2025-02-28,SSB
2025-02-01 00:00:00,806820500118,80,DW,08,C,40,001,MUNICIPIO DE IZAMAL           ,1982-05-01 00:00:00,6,5A,ACTIVO,,,,2024-08-08,80,0,,,,,,,,,,,,2.4900000095367001,5,2025-02-28,SSB
2025-02-01 00:00:00,806820500126,80,DW,08,C,43,001,H AYUNT DZONCAUICH  DY0310    ,1982-05-01 00:00:00, ,5A,ACTIVO,,,,2024-07-10,55,0,,,,,,,,,,,,3.6900000572204998,4,2025-02-28,SSB
2025-02-01 00:00:00,806860600212,80,DW,08,C,28,001,MUNICIPIO DE IZAMAL           ,1986-06-30 00:00:00,6,5A,ACTIVO,,,,2024-08-14,1399,0,,,,,,,,,,,,100.94999694824,88,2025-02-28,SSB
2025-02-01 00:00:00,806860800157,80,DW,08,C,29,001,MUNICIPIO DE IZAMAL           ,1986-08-01 00:00:00,6,5A,ACTIVO,,,,2024-08-08,299,0,,,,,,,,,,,,12.470000267029,13,2025-02-28,SSB
2025-02-01 00:00:00,806860800173,80,DW,08,C,31,001,H AYUNT TEPAKAN DY0860        ,1986-08-01 00:00:00, ,5A,ACTIVO,,,,2024-07-25,34,0,,,,,,,,,,,,2.3299999237061,2,2025-02-28,SSB
2025-02-01 00:00:00,806860800181,80,DW,08,C,34,001,H AYUNT TEPAKAN     DY0860    ,1986-08-01 00:00:00, ,5A,ACTIVO,,,,2024-07-25,380,0,,,,,,,,,,,,31.610000610351999,25,2025-02-28,SSB
2025-02-01 00:00:00,806860800190,80,DW,08,C,35,001,MUNICIPIO DE TEYA YUCATAN     ,1986-08-31 00:00:00, ,5A,ACTIVO,,,,2024-07-22,216,0,,,,,,,,,,,,12.039999961853001,12,2025-02-28,SSB
2025-02-01 00:00:00,806860800203,80,DW,08,C,39,001,H AYUNTAMIENTO SUDZAL         ,1986-08-01 00:00:00, ,5A,ACTIVO,,,,2023-08-02,166,0,,,,,,,,,,,,6.9200000762939,7,2025-02-28,SSB
2025-02-01 00:00:00,806860800203,80,DW,08,C,39,001,H AYUNTAMIENTO SUDZAL         ,1986-08-01 00:00:00, ,5A,ACTIVO,1,2325,12238,2023-08-02,166,0,,,,,,,,,,,,6.9200000762939,7,2025-02-28,SSB
2025-02-01 00:00:00,806860800211,80,DW,08,C,44,001,MUNICIPIO DE IZAMAL           ,1986-08-31 00:00:00,6,5A,ACTIVO,,,,2024-08-08,376,0,,,,,,,,,,,,17.979999542236001,18,2025-02-28,SSB
2025-02-01 00:00:00,806860800220,80,DW,08,C,45,001,MUNICIPIO DE IZAMAL           ,1986-08-01 00:00:00,6,5A,ACTIVO,,,,2024-08-08,151,0,,,,,,,,,,,,6.2800002098082999,7,2025-02-28,SSB
2025-02-01 00:00:00,806860900186,80,DW,08,C,37,001,MUNICIPIO DE CENOTILLO YUCATAN,1986-09-30 00:00:00, ,5A,ACTIVO,,,,2024-07-18,597,0,,,,,,,,,,,,50.279998779297003,42,2025-02-28,SSB
2025-02-01 00:00:00,806860900194,80,DW,08,C,38,001,MUNICIPIO DE IZAMAL           ,1986-09-30 00:00:00,6,5A,ACTIVO,,,,2024-08-08,214,0,,,,,,,,,,,,8.8699998855590998,10,2025-02-28,SSB
2025-02-01 00:00:00,806861000201,80,DW,08,C,33,001,MUNICIPIO DE TEKANTO          ,1986-10-31 00:00:00,6,5A,ACTIVO,,,,2024-07-17,704,0,,,,,,,,,,,,37.970001220702997,42,2025-02-28,SSB
2025-02-01 00:00:00,806861000219,80,DW,08,C,36,001,MUNICIPIO DE TEKANTO          ,1986-10-31 00:00:00,6,5A,ACTIVO,,,,2024-07-17,97,0,,,,,,,,,,,,5.5199999809265003,4,2025-02-28,SSB
2025-02-01 00:00:00,806861100213,80,DW,08,C,41,001,H AYUNT TUNKAS      DY0970    ,1986-11-30 00:00:00, ,5A,ACTIVO,,,,2024-12-11,373,0,,,,,,,,,,,,19.659999847411999,25,2025-02-28,SSB
2025-02-01 00:00:00,806861100221,80,DW,08,C,42,001,H AYUNT TUNKAS      DY0970    ,1986-11-30 00:00:00, ,5A,ACTIVO,,,,2024-12-11,79,0,,,,,,,,,,,,4.0599999427795002,4,2025-02-28,SSB
2025-02-01 00:00:00,806861200340,80,DW,08,C,32,001,H AYUNT TEKAL DE V  DY0770    ,1986-12-30 00:00:00, ,5A,ACTIVO,,,,2024-07-18,233,0,,,,,,,,,,,,9.0200004577637003,5,2025-02-28,SSB
2025-02-01 00:00:00,806880600235,80,DW,08,C,46,001,MUNICIPIO DE TEKANTO          ,1988-06-15 00:00:00,6,5A,ACTIVO,,,,2024-07-17,12,0,,,,,,,,,,,,1.0199999809264999,1,2025-02-28,SSB
2025-02-01 00:00:00,806920601027,80,DW,08,C,47,001,MUNICIPIO DE TEKANTO          ,1992-06-30 00:00:00,6,5A,ACTIVO,,,,2024-07-17,16,0,,,,,,,,,,,,0.89999997615813998,1,2025-02-28,SSB
2025-02-01 00:00:00,807820500441,80,DW,08,D,49,001,H AYUNT  HOCABA      Y0340    ,1982-05-01 00:00:00,6,5A,ACTIVO,,,,2024-12-26,446,0,,,,,,,,,,,,26.969999313353998,24,2025-02-28,SSB
2025-02-01 00:00:00,807820500459,80,DW,08,D,50,001,MUNICIPIO DE SEYE             ,1982-05-01 00:00:00,6,5A,ACTIVO,,,,2024-12-30,63,0,,,,,,,,,,,,4.7399997711181996,5,2025-02-28,SSB
2025-02-01 00:00:00,807820500467,80,DW,08,D,51,001,H AYUNT  HUHI        Y0370    ,1982-05-01 00:00:00, ,5A,ACTIVO,,,,2024-08-15,511,0,,,,,,,,,,,,22.940000534058001,33,2025-02-28,SSB
2025-02-01 00:00:00,807820500475,80,DW,08,D,52,001,H AYUNT  XOCCHEL     Y1030    ,1982-05-01 00:00:00, ,5A,ACTIVO,,,,2024-12-20,304,0,,,,,,,,,,,,29.430000305176002,25,2025-02-28,SSB
2025-02-01 00:00:00,807820500483,80,DW,08,D,53,001,MUNICIPIO DE TAHMEK           ,1982-05-01 00:00:00,6,5A,ACTIVO,,,,2024-12-23,291,0,,,,,,,,,,,,15.85000038147,22,2025-02-28,SSB
2025-02-01 00:00:00,807820500505,80,DW,08,D,55,001,MUNICIPIO DE SEYE             ,1982-05-01 00:00:00,6,5A,ACTIVO,,,,2024-12-27,607,0,,,,,,,,,,,,48.240001678467003,54,2025-02-28,SSB
2025-02-01 00:00:00,807820500513,80,DW,08,D,56,001,H AYUNT  HOCABA      Y0340    ,1982-05-01 00:00:00,6,5A,ACTIVO,,,,2024-12-26,137,0,,,,,,,,,,,,9.0200004577637003,12,2025-02-28,SSB
2025-02-01 00:00:00,807820500521,80,DW,08,D,58,001,H AYUNT  SOTUTA      Y0690    ,1982-05-01 00:00:00,6,5A,ACTIVO,,,,2024-12-20,715,0,,,,,,,,,,,,47.459999084472997,57,2025-02-28,SSB
2025-02-01 00:00:00,807820500530,80,DW,08,D,59,001,H AYUNT  SOTUTA      Y0690    ,1982-05-01 00:00:00,6,5A,ACTIVO,,,,2024-12-20,172,0,,,,,,,,,,,,17.229999542236001,15,2025-02-28,SSB
2025-02-01 00:00:00,807820500556,80,DW,08,D,61,001,H AYUNT  SANAHCAT    Y0640    ,1982-05-01 00:00:00, ,5A,ACTIVO,,,,2023-08-25,193,0,,,,,,,,,,,,10.699999809265,21,2025-02-28,SSB
2025-02-01 00:00:00,807820500556,80,DW,08,D,61,001,H AYUNT  SANAHCAT    Y0640    ,1982-05-01 00:00:00, ,5A,ACTIVO,1,3595,18897,2023-08-25,193,0,,,,,,,,,,,,10.699999809265,21,2025-02-28,SSB
2025-02-01 00:00:00,807820500564,80,DW,08,D,62,001,MUNICIPIO DE CANTAMAYEC       ,1982-05-01 00:00:00,6,5A,ACTIVO,,,,2024-12-20,256,0,,,,,,,,,,,,30.700000762938998,20,2025-02-28,SSB
2025-02-01 00:00:00,807820500572,80,DW,08,D,63,001,H AYUNT  HUHI        Y0370    ,1982-05-01 00:00:00, ,5A,ACTIVO,,,,2024-08-15,32,0,,,,,,,,,,,,1.3500000238419001,3,2025-02-28,SSB
2025-02-01 00:00:00,807820500581,80,DW,08,D,64,001,H AYUNT  SOTUTA      Y0690    ,1982-05-01 00:00:00,6,5A,ACTIVO,,,,2024-12-20,137,0,,,,,,,,,,,,5.9800000190734997,7,2025-02-28,SSB
2025-02-01 00:00:00,807821100276,80,DW,08,D,65,001,H AYUNT  YAXCABA     Y1040    ,1982-11-30 00:00:00, ,5A,ACTIVO,,,,2023-09-20,181,0,,,,,,,,,,,,12.220000267029,16,2025-02-28,SSB
2025-02-01 00:00:00,807821100276,80,DW,08,D,65,001,H AYUNT  YAXCABA     Y1040    ,1982-11-30 00:00:00, ,5A,ACTIVO,1,4106,21575,2023-09-20,181,0,,,,,,,,,,,,12.220000267029,16,2025-02-28,SSB
2025-02-01 00:00:00,807821200301,80,DW,08,D,66,001,H AYUNT  YAXCABA     Y1040    ,1982-12-29 00:00:00, ,5A,ACTIVO,,,,2023-09-20,204,0,,,,,,,,,,,,18.639999389648001,16,2025-02-28,SSB
2025-02-01 00:00:00,807821200301,80,DW,08,D,66,001,H AYUNT  YAXCABA     Y1040    ,1982-12-29 00:00:00, ,5A,ACTIVO,1,6263,32884,2023-09-20,204,0,,,,,,,,,,,,18.639999389648001,16,2025-02-28,SSB
2025-02-01 00:00:00,807831100134,80,DW,08,D,68,001,MUNICIPIO DE CANTAMAYEC       ,1983-11-20 00:00:00,6,5A,ACTIVO,,,,2024-12-20,58,0,,,,,,,,,,,,5.0199999809265003,5,2025-02-28,SSB
2025-02-01 00:00:00,807831200678,80,DW,08,D,67,001,H AYUNT  HOMUN       Y0360    ,1983-12-31 00:00:00, ,5A,ACTIVO,1,672,3572,2023-08-25,20,0,,,,,,,,,,,,,,,SSB
2025-02-01 00:00:00,807860600189,80,DW,08,D,48,001,MUNICIPIO DE HOCTUN           ,1986-06-30 00:00:00,6,5A,ACTIVO,,,,2023-08-22,410,0,,,,,,,,,,,,28.620000839233001,22,2025-02-28,SSB
2025-02-01 00:00:00,807860600189,80,DW,08,D,48,001,MUNICIPIO DE HOCTUN           ,1986-06-30 00:00:00,6,5A,ACTIVO,1,9616,50463,2023-08-22,410,0,,,,,,,,,,,,28.620000839233001,22,2025-02-28,SSB
2025-02-01 00:00:00,807860600197,80,DW,08,D,57,001,MUNICIPIO DE HOCTUN           ,1986-06-30 00:00:00,6,5A,ACTIVO,1,178,982,2023-08-16,4,0,,,,,,,,,,,,0.52999997138976995,1,2025-02-28,SSB
2025-02-01 00:00:00,807860600197,80,DW,08,D,57,001,MUNICIPIO DE HOCTUN           ,1986-06-30 00:00:00,6,5A,ACTIVO,,,,2023-08-16,4,0,,,,,,,,,,,,0.52999997138976995,1,2025-02-28,SSB
2025-02-01 00:00:00,807870300744,80,DW,08,D,69,001,H AYUNT SOTUTA       Y0690    ,1987-03-31 00:00:00,6,5A,ACTIVO,,,,2024-12-20,122,0,,,,,,,,,,,,13.439999580383001,8,2025-02-28,SSB
2025-02-01 00:00:00,807880600185,80,DW,08,D,70,001,MUNICIPIO DE HOCTUN           ,1988-06-23 00:00:00,6,5A,ACTIVO,,,,2023-08-16,66,0,,,,,,,,,,,,6.5500001907348997,5,2025-02-28,SSB
2025-02-01 00:00:00,807880600185,80,DW,08,D,70,001,MUNICIPIO DE HOCTUN           ,1988-06-23 00:00:00,6,5A,ACTIVO,1,2201,11588,2023-08-16,66,0,,,,,,,,,,,,6.5500001907348997,5,2025-02-28,SSB
2025-02-01 00:00:00,807920900357,80,DW,08,D,72,001,MUNICIPIO DE TAHMEK           ,1992-09-22 00:00:00,6,5A,ACTIVO,,,,2024-12-23,26,0,,,,,,,,,,,,1.4400000572205001,3,2025-02-28,SSB
2025-02-01 00:00:00,808750400016,80,DW,08,E,74,001,MUNICIPIO DE TIXKOKOB Y093    ,1975-04-01 00:00:00,6,5A,ACTIVO,,,,2024-11-29,128,0,,,,,,,,,,,,7.5199999809265003,8,2025-02-28,SSB
2025-02-01 00:00:00,808860600126,80,DW,08,E,65,001,MUNICIPIO DE TIXKOKOB Y093    ,1986-06-30 00:00:00,6,5A,ACTIVO,,,,2024-12-11,907,0,,,,,,,,,,,,68.650001525879006,69,2025-02-28,SSB
2025-02-01 00:00:00,808860600134,80,DW,08,E,66,001,MUNICIPIO DE TIXKOKOB Y093    ,1986-06-30 00:00:00,6,5A,ACTIVO,,,,2024-11-29,155,0,,,,,,,,,,,,17.639999389648001,18,2025-02-28,SSB
2025-02-01 00:00:00,808860600142,80,DW,08,E,67,001,H AYUNT TIXPEHUAL    Y095     ,1986-06-30 00:00:00, ,5A,ACTIVO,,,,2024-11-01,355,0,,,,,,,,,,,,36.220001220702997,36,2025-02-28,SSB
2025-02-01 00:00:00,808860600151,80,DW,08,E,68,001,H AYUNT YAXKUKUL     Y105     ,1986-06-30 00:00:00, ,5A,ACTIVO,,,,2024-12-02,409,0,,,,,,,,,,,,24.870000839233001,25,2025-02-28,SSB
2025-02-01 00:00:00,808860600169,80,DW,08,E,69,001,MUNICIPIO DE CACALCHEN YUCATAN,1986-06-30 00:00:00, ,5A,ACTIVO,,,,2024-12-11,642,0,,,,,,,,,,,,54.590000152587997,55,2025-02-28,SSB
2025-02-01 00:00:00,808860600177,80,DW,08,E,70,001,H AYUNT BOKOBA       Y005     ,1986-06-30 00:00:00, ,5A,ACTIVO,,,,2024-11-20,220,0,,,,,,,,,,,,24.709999084473001,25,2025-02-28,SSB
2025-02-01 00:00:00,808860600185,80,DW,08,E,71,001,MUNICIPIO DE BACA             ,1986-06-30 00:00:00,6,5A,ACTIVO,,,,2024-06-20,149,0,,,,,,,,,,,,11.909999847411999,10,2025-02-28,SSB
2025-02-01 00:00:00,808860600193,80,DW,08,E,72,001,MUNICIPIO DE TIXKOKOB Y093    ,1986-06-30 00:00:00,6,5A,ACTIVO,,,,2024-11-29,210,0,,,,,,,,,,,,16.760000228881999,17,2025-02-28,SSB
2025-02-01 00:00:00,808860600207,80,DW,08,E,76,001,MUNICIPIO DE TIXKOKOB Y093    ,1986-06-30 00:00:00,6,5A,ACTIVO,,,,2023-07-11,50,0,,,,,,,,,,,,1.9700000286102,2,2025-02-28,SSB
2025-02-01 00:00:00,808860600207,80,DW,08,E,76,001,MUNICIPIO DE TIXKOKOB Y093    ,1986-06-30 00:00:00,6,5A,ACTIVO,1,662,3520,2023-07-11,50,0,,,,,,,,,,,,1.9700000286102,2,2025-02-28,SSB
2025-02-01 00:00:00,808860800206,80,DW,08,E,73,001,H AYUNT TIXPEHUAL    Y095     ,1986-08-01 00:00:00, ,5A,ACTIVO,,,,2024-11-21,48,0,,,,,,,,,,,,2.4000000953674001,2,2025-02-28,SSB
2025-02-01 00:00:00,808860800214,84,DW,08,E,75,045,MUNICIPIO DE MERIDA YUCATAN   ,1986-08-01 00:00:00, ,5A,ACTIVO,1,272,1475,2023-07-12,108,0,,,,,,,,,,,,,,,SSB
2025-02-01 00:00:00,808860800222,80,DW,08,E,77,001,MUNICIPIO DE TIXKOKOB Y093    ,1986-08-01 00:00:00,6,5A,ACTIVO,,,,2024-11-29,24,0,,,,,,,,,,,,1.460000038147,1,2025-02-28,SSB
2025-02-01 00:00:00,808860800231,80,DW,08,E,78,001,MUNICIPIO DE TIXKOKOB Y093    ,1986-08-01 00:00:00,6,5A,ACTIVO,,,,2023-07-07,36,0,,,,,,,,,,,,2.1600000858307,2,2025-02-28,SSB
2025-02-01 00:00:00,808860800231,80,DW,08,E,78,001,MUNICIPIO DE TIXKOKOB Y093    ,1986-08-01 00:00:00,6,5A,ACTIVO,1,726,3855,2023-07-07,36,0,,,,,,,,,,,,2.1600000858307,2,2025-02-28,SSB
2025-02-01 00:00:00,808860800257,80,DW,08,E,80,001,H AYUNT TIXPEHUAL    Y095     ,1986-08-01 00:00:00, ,5A,ACTIVO,,,,2024-11-21,77,0,,,,,,,,,,,,2.8299999237061,3,2025-02-28,SSB
2025-02-01 00:00:00,808860800265,80,DW,08,E,81,001,H AYUNT TIXPEHUAL    Y095     ,1986-08-01 00:00:00, ,5A,ACTIVO,,,,2024-11-21,80,0,,,,,,,,,,,,3.5799999237061,4,2025-02-28,SSB
2025-02-01 00:00:00,808860800273,80,DW,08,E,82,001,H AYUNT TIXPEHUAL    Y095     ,1986-08-01 00:00:00, ,5A,ACTIVO,,,,2024-11-21,42,0,,,,,,,,,,,,2.0599999427795002,2,2025-02-28,SSB
2025-02-01 00:00:00,808900300236,80,DW,08,E,83,001,MUNICIPIO DE BACA             ,1990-03-31 00:00:00,6,5A,ACTIVO,,,,2024-06-20,15,0,,,,,,,,,,,,1.2000000476837001,1,2025-02-28,SSB
2025-02-01 00:00:00,809010400612,80,DW,12,F,01,001,MUNICIPIO DE ISLA MUJERES     ,2001-04-17 00:00:00, ,5A,ACTIVO,,,,2024-07-25,2,0,,,,,,,,,,,,3,42,2025-02-28,SSB
2025-02-01 00:00:00,809020200255,80,DW,12,F,01,001,H AYUNTAMIENTO ISLA MUJERES   ,2002-01-31 00:00:00, ,5A,ACTIVO,,,,2024-08-01,50,0,,,,,,,,,,,,3,6.25,2025-02-28,SSB
2025-02-01 00:00:00,809020200271,80,DW,12,F,01,001,H AYUNTAMIENTO ISLA MUJERES   ,2002-01-31 00:00:00, ,5A,ACTIVO,,,,2024-08-01,5,0,,,,,,,,,,,,2,5,2025-02-28,SSB
2025-02-01 00:00:00,809030600111,80,DW,12,F,01,001,MUNICIPIO DE ISLA MUJERES     ,2003-05-17 00:00:00, ,5A,ACTIVO,,,,2024-08-01,17,0,,,,,,,,,,,,1.2999999523162999,2.1300001144409002,2025-02-28,SSB
2025-02-01 00:00:00,809030600146,80,DW,12,F,01,001,MUNICIPIO DE ISLA MUJERES     ,2003-05-17 00:00:00, ,5A,ACTIVO,,,,2024-08-01,27,0,,,,,,,,,,,,4,24,2025-02-28,SSB
2025-02-01 00:00:00,809061100044,80,DW,12,F,01,001,MUNICIPIO DE ISLA MUJERES     ,2006-11-06 00:00:00, ,5A,ACTIVO,,,,2024-08-01,4,0,,,,,,,,,,,,3,163.64999389648,2025-02-28,SSB
2025-02-01 00:00:00,812080201162,80,DW,22,A,02,001,H  AYUNTAMIENTO DE SOLIDARIDAD,2005-09-06 00:00:00, ,5A,ACTIVO,,,,2024-11-27,549,0,,,,,,,,,,,,58.201000213622997,57.680000305176002,2025-02-28,SSB
2025-02-01 00:00:00,809080900272,80,DW,12,F,01,001,MUNICIPIO DE ISLA MUJERES     ,2008-09-05 00:00:00, ,5A,ACTIVO,,,,2024-08-01,2,0,,,,,,,,,,,,4,0.25,2025-02-28,SSB
2025-02-01 00:00:00,809070500233,80,DW,12,F,01,001,H AYUNTAMIENTO ISLA MUJERES   ,2007-06-11 00:00:00, ,5A,ACTIVO,,,,2024-08-16,468,0,,,,,,,,,,,,20.629999160766999,85.849998474120994,2025-02-28,SSB
2025-02-01 00:00:00,810080207401,80,DW,22,A,01,001,H  AYUNTAMIENTO DE SOLIDARIDAD,2008-02-21 00:00:00, ,5A,ACTIVO,,,,2024-11-27,847,0,,,,,,,,,,,,61.583999633788999,65.050003051757997,2025-02-28,SSB
