Fecha_Ade,Rpu,Ciclo,Division,Zona,Agencia,Poblacion,Ruta,Nombre,Tarifa,Estado_Servicio,Num_Med,Hilos,Cod_Med,Cod_Lot,Fecha_Ade_Lectura,Fecha_Lectura,Lectura,Consumo,Anomalia_Lectura,Orden,Tipo_Orden,Fecha_Creacion,Origen,Dias,Fecha_Lectura_Kavi,Num_Tarea_Kavi,Tipo_Tarea_Kavi,RPE_Lectura_Kavi,Medidor_Kavi,Kwh_Kavi,Modo_Captura_Kavi,Cve_Anom_Kavi,Desc_Anom_Kavi,Validacion_Kavi,Tiene_Foto_Kavi,Proceso
2025-12-01 00:00:00,318161000469,17,DW,04,H,88,001,MENDEZ ENCINO ALVARO          ,1F,ACTIVO,559HRH ,1,F122,15LN,2025-11-01,2025-11-11,7037,2,,W0403164393,SMC,2025-11-12,LIR,55,,,,,,,,,,,,MED
2025-12-01 00:00:00,318200300050,17,DW,04,H,60,170,DE CALAKMUL H AYUNTAMIENTO    ,02,ACTIVO,EW774A ,2,F622,19LM,2020-03-01,2020-03-14,0,0,,W0403164442,SMG,2025-11-12,04B,55,,,,,,,,,,,,MED
2025-12-01 00:00:00,318200900090,18,DW,04,H,50,181,VALENCIA VALLADARES JESUS     ,02,ACTIVO,0AAE88 ,2,F623,25NY,2025-10-01,2025-10-10,62764,2393,,W0403155886,SM3,2025-10-27,W4H,71,,,,,,,,,,,,CCC
2025-12-01 00:00:00,318230701130,15,DW,04,H,83,001,MONTEJO JUAREZ BLANCA ESVEYDI ,1F,ACTIVO,PBN170 ,1,F123,24NX,2025-11-01,2025-11-11,173,51,,W0403163918,SMC,2025-11-11,LIR,56,,,,,,,,,,,,MED
2025-12-01 00:00:00,770020500549,07,DW,01,A,02,072,MARIA TERESA CANTO HERRERA    ,1D,ACTIVO,3W5V37 ,2,F621,02F3,2025-11-01,2025-11-06,63132,978,,W0106131878,SM2,2025-11-06,01A,61,2025-11-04 10:05:42,0701,M,G92B5,3W5V37 ,0,Nor,31,SERVICIO SIN USO,,,GSC
2025-12-01 00:00:00,770051101278,23,DW,01,A,02,230,SUPER FERROGAT S A DE C V     ,02,ACTIVO,26E2V3 ,2,F62F,08K6,2025-11-01,2025-11-18,19227,3107,,W0106145579,SMG,2025-11-14,LIR,53,,,,,,,,,,,,MED
2025-12-01 00:00:00,770070401347,31,DW,01,A,02,313,APARTAMENTOS PENINSULARES SA  ,02,ACTIVO,F7N763 ,2,F621,88F3,2025-11-01,2025-11-24,63187,13,,W0106155921,SMG,2025-11-22,LIR,45,,,,,,,,,,,,MED
2025-12-01 00:00:00,770070501279,33,DW,01,D,03,337,MULT SERV NAC MODELO SRL CV   ,02,ACTIVO,JBB516 ,2,F623,23NU,2025-01-01,2025-01-22,53205,11654,,W0106159664,SMC,2025-11-25,LIR,42,2025-01-22 11:43:57,3329,L,9JRB6,RFR335 ,695,Opt,  ,,,,MED
2025-12-01 00:00:00,770071201317,07,DW,01,A,02,074,GONZALEZ DITRICH RAUL         ,02,ACTIVO,69PL70 ,2,F621,07F3,2025-11-01,2025-11-04,36845,0,,W0106152337,SM2,2025-11-20,W1A,47,2025-11-04 13:34:47,0702,M,GA0MN,69PL70 ,0,Nor,31,SERVICIO SIN USO,,,GSC
2025-12-01 00:00:00,770090500104,31,DW,01,A,02,314,DRENNON WILLIAM L             ,1D,ACTIVO,A426KA ,2,F622,16LM,2010-01-01,2050-01-01,0,0,,W0106155925,SMC,2025-11-22,LIR,45,,,,,,,,,,,,MED
2025-12-01 00:00:00,770120600354,62,DW,01,M,18,622,MUNICIPIO DE MOCOCHA          ,02,ACTIVO,634JEF ,2,F622,15LM,2026-01-01,2026-01-05,29508,252,,W0106125920,SMC,2025-11-03,LIR,64,,,,,,,,,,,,MED
2025-12-01 00:00:00,770140300209,31,DW,01,A,02,313,SWAIN MARK                    ,02,ACTIVO,325DW1 ,3,FD2H,11KV,2025-11-01,2025-03-21,26617,13279,,W0106155920,SMC,2025-11-22,LIR,45,2025-11-21 17:12:34,3102,M,GAAJN,325DW1 ,0,Nor,53,UI SERV DIRECTO,53,S,MED
2025-12-01 00:00:00,770160100176,23,DW,01,A,02,230,FARMACON SA DE CV             ,02,ACTIVO,13E6V7 ,2,F62F,08K6,2015-11-01,2016-01-08,0,0,,W0106145581,SMG,2025-11-14,LIR,53,,,,,,,,,,,,MED
2025-12-01 00:00:00,770170900537,23,DW,01,A,02,231,ABIMERHI SALAZAR JORGE DE J   ,1D,ACTIVO,98E9U0 ,2,F621,08K6,2025-11-01,2025-11-14,61259,2160,,W0106145587,SMG,2025-11-14,LIR,53,,,,,,,,,,,,MED
2025-12-01 00:00:00,770171000432,23,DW,01,A,02,231,ABIMERHI SALAZAR JORGE DE J   ,1D,ACTIVO,7DVR46 ,2,F623,25NY,2025-11-01,2025-09-12,2467,1463,,W0106145588,SMC,2025-11-14,LIR,53,2025-11-14 12:42:13,2302,L,GAAJN,7DVR46 ,0,Nor,53,UI SERV DIRECTO,53,S,MED
2025-12-01 00:00:00,770201200865,31,DW,01,A,02,314,GASTROLAHE                    ,1D,ACTIVO,NJ390W ,2,F623,20NU,2025-11-01,2025-09-22,29195,1596,,W0106157319,SM2,2025-11-24,01M,43,2025-11-21 09:05:59,3101,M,9NCY6,NJ390W ,0,Nor,59,DISPLAY APAGADO,59,S,GSC
2025-12-01 00:00:00,770210600281,07,DW,01,A,02,072,CHABLE POLANCO MILDRED CECILIA,1D,ACTIVO,MF681P ,2,F623,20NU,2025-11-01,2025-09-02,27020,1314,,W0106128548,SMC,2025-11-04,LIR,63,2025-11-04 16:03:07,0701,M,G92B5,MF681P ,0,Nor,53,UI SERV DIRECTO,53,S,MED
2025-12-01 00:00:00,770211000406,31,DW,01,A,02,313,LUBCKE HERNANDEZ ERNESTO WILLI,1D,ACTIVO,MA110U ,2,F623,20NU,2025-11-01,2025-09-22,11617,979,,W0106155922,SMC,2025-11-22,LIR,45,2025-11-21 12:27:38,3102,M,GAAJN,MA110U ,0,Nor,53,UI SERV DIRECTO,53,S,MED
2025-12-01 00:00:00,770240800951,11,DW,01,A,02,113,ALVAREZ AMARILLAS ANA SOFIA   ,1D,ACTIVO,REM141 ,2,F623,24NY,2025-11-01,2025-03-06,788,15,,W0106133199,SMW,2025-11-07,01M,60,2025-11-06 11:14:23,1102,M,GA0MN,REM141 ,0,Nor,56,NO HAY MEDIDOR,56,S,GSC
2025-12-01 00:00:00,770240900521,18,DW,01,A,01,183,PUCH CHERRIZ ABRAHAM          ,1D,BAJA SIN MED RET,WPY161 ,2,F623,24P2,2025-12-01,2025-12-12,322,0,,W0106088964,SMC,2025-10-11,LIR,87,2025-12-12 12:09:27,1851,R,9P14V,WPY161 ,0,Nor,51,NO ENCONTRE DOMI,,,MED
2025-12-01 00:00:00,770770100381,23,DW,01,A,02,230,LUIS PAREDES                  ,02,ACTIVO,26CM30 ,1,F129,06JJ,2025-11-01,2025-11-18,33989,239,,W0106145578,SMG,2025-11-14,LIR,53,,,,,,,,,,,,MED
2025-12-01 00:00:00,770770300371,27,DW,01,A,01,271,MAURO CANCHE PINZON           ,02,ACTIVO,T37F92 ,1,F121,93F5,2025-11-01,2025-09-18,59718,0,,W0106154726,SMC,2025-11-21,01M,46,2025-11-19 13:05:43,2703,L,GAAJN,T37F92 ,0,Nor,56,NO HAY MEDIDOR,56,S,MED
2025-12-01 00:00:00,770770300380,27,DW,01,A,01,271,JULIA CAMPOS                  ,02,ACTIVO,M8567V ,1,F121,76EG,2025-11-01,2025-09-18,6789,0,,W0106154713,SMC,2025-11-21,01M,46,2025-11-19 13:06:05,2703,L,GAAJN,M8567V ,0,Nor,56,NO HAY MEDIDOR,56,S,MED
2025-12-01 00:00:00,770770600138,23,DW,01,A,02,230,JOSE PACHECO                  ,02,ACTIVO,24CM66 ,1,F129,06JJ,2025-11-01,2025-11-18,19663,34,,W0106145577,SMG,2025-11-14,LIR,53,,,,,,,,,,,,MED
2025-12-01 00:00:00,770830900292,23,DW,01,A,02,230,SALON DE BELLEZA DORA CAB     ,02,ACTIVO,38CM92 ,3,KL2C,06JR,2025-11-01,2025-11-19,37963,485,,W0106151077,SM2,2025-11-19,01M,48,2025-11-14 14:11:10,2301,L,GAADN,38CM92 ,0,Nor,56,NO HAY MEDIDOR,56,S,GSC
2025-12-01 00:00:00,770850200238,23,DW,01,A,02,230,RAMON LOPEZ VELARDE ESC       ,02,CORTADO,09E4V4 ,2,F62F,08K6,2025-11-01,2025-09-12,47408,1697,,W0106145580,SMG,2025-11-14,LIR,53,2025-11-18 13:48:01,2351,R,9NCY6,09E4V4 ,0,Nor,51,NO ENCONTRE DOMI,,,MED
2025-12-01 00:00:00,770870800363,27,DW,01,A,01,271,MENDEZ MONTERO ARACELY        ,02,ACTIVO,A3A333 ,1,F121,87EG,2025-11-01,2025-09-18,7803,0,,W0106154750,SMC,2025-11-21,01M,46,2025-11-19 12:00:08,2703,L,GAAJN,A3A333 ,0,Nor,56,NO HAY MEDIDOR,56,S,MED
2025-12-01 00:00:00,770881100401,27,DW,01,A,01,273,HECTOR ARTURO TUYUB           ,02,ACTIVO,926TV5 ,1,F122,12LH,2025-11-01,2025-11-19,773,0,,W0106152169,SMC,2025-11-20,LIR,47,2025-11-19 10:12:10,2701,L,9NCY6,926TV5 ,0,Opt,32,UI DERIVACION,32,S,MED
2025-12-01 00:00:00,770881100525,23,DW,01,A,02,230,JOSE LUIS PINEDA DIEGO        ,02,ACTIVO,WNJ943 ,2,F623,24P2,2025-11-01,2025-07-16,2226,1053,,W0106148930,SMC,2025-11-18,LIR,49,2025-11-18 14:09:37,2351,R,9NCY6,WNJ943 ,0,Nor,53,UI SERV DIRECTO,53,S,MED
2025-12-01 00:00:00,770910100939,27,DW,01,A,01,273,MA CRISTINA ARANDA DUC        ,02,BAJA SIN MED RET,P3191J ,1,W111,77C0,2025-11-01,2025-11-19,9348,0,,W0106152167,SMC,2025-11-20,LIR,47,,,,,,,,,,,,MED
2025-12-01 00:00:00,770920400582,18,DW,01,A,01,182,OSCAR ENRIQUE MEDINA SOLIS    ,1D,ACTIVO,367DW8 ,3,FD2H,11KV,2025-12-01,2025-08-12,54378,528,,W0106091042,SM2,2025-10-13,01M,85,2025-12-11 12:52:28,1801,L,9P14V,367DW8 ,0,Nor,59,DISPLAY APAGADO,59,S,GSC
2025-12-01 00:00:00,770921200196,27,DW,01,A,01,271,ENRIQUE GOMEZ GONGORA         ,02,ACTIVO,RBY459 ,2,F623,24NY,2025-11-01,2025-05-29,0,1374,,W0106154768,SMW,2025-11-21,01M,46,2025-11-19 10:39:46,2703,L,GAAJN,RBY459 ,0,Nor,56,NO HAY MEDIDOR,56,S,GSC
2025-12-01 00:00:00,770950900130,27,DW,01,A,01,273,MARTINIANO CELIS              ,02,ACTIVO,044261 ,1,W101,6000,2025-11-01,2025-11-20,7505,0,,W0106152166,SMG,2025-11-20,LIR,47,2025-11-20 14:30:46,2752,R,GAAJN,044261 ,0,Nor,31,SERVICIO SIN USO,,,MED
2025-12-01 00:00:00,770960500971,31,DW,01,A,02,313,RUBEN GAMBOA MARRUFO          ,02,ACTIVO,L510C0 ,2,F621,96F3,2025-11-01,2025-09-22,25413,26,,W0106157542,SM2,2025-11-24,01M,43,2025-11-21 11:58:06,3102,M,GAAJN,L510C0 ,0,Nor,56,NO HAY MEDIDOR,56,S,GSC
2025-12-01 00:00:00,770961000173,23,DW,01,A,02,230,FELIPE XACUR RODRIGUEZ        ,02,SUJETO A CORTE,20E1V6 ,2,F62F,08K6,2013-05-01,2013-05-17,15900,0,,W0106145576,SMG,2025-11-14,LIR,53,,,,,,,,,,,,MED
2025-12-01 00:00:00,770970500839,19,DW,01,A,02,191,MONCADA GUTIERREZ ERNESTO CARL,1D,ACTIVO,RDM998 ,2,F623,24NY,2024-11-01,2024-11-12,10050,0,,W0106141570,SMC,2025-11-12,LIR,55,,,,,,,,,,,,MED
2025-12-01 00:00:00,770980700291,11,DW,01,A,02,111,DE LA TORRE FLOTA CRUZ FERNAND,1D,ACTIVO,350GJ1 ,2,F622,12LJ,2025-11-01,2025-09-04,31121,856,,W0106133140,SM2,2025-11-07,01M,60,2025-11-06 10:23:24,1101,M,G92B5,350GJ1 ,0,Nor,59,DISPLAY APAGADO,59,S,GSC
2025-12-01 00:00:00,770981101863,14,DW,01,A,01,143,LUIS F REYES CAB              ,1D,ACTIVO,435GJ0 ,2,F622,12LJ,2025-12-01,2025-12-09,32791,0,,W0106161685,SM2,2025-11-26,CDV,41,2025-12-09 13:37:13,1402,M,GA0MN,435GJ0 ,0,Nor,59,DISPLAY APAGADO,59,S,GSC
2025-12-01 00:00:00,770990200475,23,DW,01,A,02,230,MUEBLERIA DIAZ Y SOLIS SA D CV,02,ACTIVO,16X3F5 ,2,F62F,09K6,2025-11-01,2025-11-18,16525,409,,W0106145582,SMG,2025-11-14,LIR,53,,,,,,,,,,,,MED
2025-12-01 00:00:00,770990601640,19,DW,01,A,02,192,NIDIA CARRILLO SOSA           ,1D,ACTIVO,7KC548 ,1,F121,99GG,2025-11-01,2025-09-10,68787,697,,W0106143631,SM9,2025-11-13,01M,54,2025-11-12 15:45:15,1902,M,R9700,7KC548 ,0,Nor,56,NO HAY MEDIDOR,56,S,SSB
2025-12-01 00:00:00,771000659289,19,DW,01,B,01,193,CHAN PECH ALBINA              ,1D,ACTIVO,882MV3 ,2,F622,12LJ,2010-01-01,2010-01-08,801,1,,W0106141877,SMC,2025-11-13,LIR,54,,,,,,,,,,,,MED
2025-12-01 00:00:00,771000861266,19,DW,01,B,01,193,ROSA ISELA RODRIGUEZ PADUA    ,1D,ACTIVO,368ED8 ,2,F62H,11KN,2000-07-01,2000-08-26,0,0,,W0106141876,SMG,2025-11-13,LIR,54,,,,,,,,,,,,MED
2025-12-01 00:00:00,771010401972,39,DW,01,B,06,397,ALBERTO ORCI MAGANA           ,1D,ACTIVO,G622KA ,3,FD22,18LR,2025-11-01,2025-11-28,23187,143,,W0106164839,SMC,2025-11-27,LIR,40,2025-11-27 10:15:48,3902,M,GA83N,G622KA ,0,Nor,53,UI SERV DIRECTO,53,S,MED
2025-12-01 00:00:00,771011009952,80,DW,01,A,01,001,MUNICIPIO DE MERIDA YUCATAN   ,5A,ACTIVO,,2,,,2025-11-01,2050-01-01,0,0,,W0106166766,SMG,2025-11-28,01E,39,2025-11-04 10:55:50,6301,L,9MCGD,974JKG ,0,Nor,56,NO HAY MEDIDOR,56,S,MED
2025-12-01 00:00:00,771011200598,63,DW,01,B,01,631,MUNICIPIO DE MERIDA YUCATAN   ,02,ACTIVO,DW056F ,3,F623,19NU,2011-09-01,2050-01-01,0,0,,W0106129669,SM2,2025-11-05,CCC,62,,,,,,,,,,,,GSC
2025-12-01 00:00:00,771020602356,18,DW,01,B,02,182,ESCALANTE BALAM JOSE LORENZO  ,1D,ACTIVO,5DVK16 ,2,F623,25NY,2002-04-01,2050-01-01,0,0,,W0106093446,SMW,2025-10-14,CCC,84,,,,,,,,,,,,GSC
2025-12-01 00:00:00,771030101142,39,DW,01,B,01,395,LIMON PINTO FRANCISCO         ,1D,ACTIVO,48V55W ,2,F62H,11KN,2007-11-01,2007-11-26,5301,0,,W0106164836,SMG,2025-11-27,LIR,40,,,,,,,,,,,,MED
2025-12-01 00:00:00,771030401031,20,DW,01,B,02,208,ALMEIDA HU CESAR AUGUSTO      ,1D,ACTIVO,0X5L99 ,2,F421,02GH,2025-12-01,2025-08-13,31360,56,,W0106092881,SMG,2025-10-14,LIR,84,2025-12-12 12:50:01,2003,M,9ND4Y,0X5L99 ,0,Nor,60,MEDID NO TRABAJA,60,S,MED
2025-12-01 00:00:00,771030500489,39,DW,01,B,01,395,MANZUR JIMENEZ JAQUELINE      ,1D,ACTIVO,DW208F ,2,F623,19NU,2003-03-01,2002-12-01,1,0,,W0106164838,SMC,2025-11-27,LIR,40,,,,,,,,,,,,MED
2025-12-01 00:00:00,771041103872,19,DW,01,B,01,191,CESAR RAUL CONCHA PEREZ       ,1C,ACTIVO,7V84M2 ,2,F421,04GH,2025-11-01,2025-11-13,31634,2139,,W0106141874,SMG,2025-11-13,LIR,54,2025-11-12 17:23:34,1903,M,9ND4Y,7V84M2 ,0,Nor,61,MANECILLAS DESCA,61,S,MED
2025-12-01 00:00:00,771041201360,17,DW,01,B,01,172,GUILLERMO PEDRERO RAFAEL HUMBE,1D,BAJA SIN MED RET,WNB212 ,2,F623,24P2,2024-11-01,2024-11-11,62339,1172,,W0106138791,SMC,2025-11-11,LIR,56,,,,,,,,,,,,MED
2025-12-01 00:00:00,771070201352,13,DW,01,B,01,133,VAZQUEZ CASTILLO GUMERSINDO G ,1D,ACTIVO,KKW699 ,2,F623,23NU,2007-01-01,2007-01-29,544,0,,W0106134902,SMC,2025-11-10,LIR,57,,,,,,,,,,,,MED
2025-12-01 00:00:00,771070206753,35,DW,01,B,01,358,CAMARA DIAZ ESTHER MARIA      ,1D,ACTIVO,24X7B5 ,2,F62H,09KN,2007-01-01,2007-02-27,0,0,,W0106162093,SMG,2025-11-26,LIR,41,,,,,,,,,,,,MED
2025-12-01 00:00:00,771070602381,35,DW,01,B,01,358,ANZUREZ HUERTA MARCO ANTONIO  ,1D,ACTIVO,79N08L ,2,F62H,10KN,2025-11-01,2025-09-24,98464,1196,,W0106160945,SMG,2025-11-26,LIR,41,2025-11-25 11:21:15,3506,M,9ND4Y,79N08L ,0,Nor,64,P. INFRARROJO/MED. D,64,S,MED
2025-12-01 00:00:00,771080506640,23,DW,01,A,02,230,MOLINA ADBALA RICARDO JOSE    ,02,ACTIVO,28CM47 ,1,F129,06JJ,2025-11-01,2025-03-14,27075,252,,W0106145655,SM2,2025-11-14,01H,53,2025-11-14 14:26:20,2301,L,GAADN,28CM47 ,0,Nor,56,NO HAY MEDIDOR,56,S,GSC
2025-12-01 00:00:00,771080705880,07,DW,01,H,42,073,PRZYBYLO JAROSLAW             ,1B,ACTIVO,NR876E ,2,F623,20NU,2010-03-01,2050-01-01,0,0,,W0106129626,SMC,2025-11-05,LIR,62,,,,,,,,,,,,MED
2025-12-01 00:00:00,771061002126,25,DW,01,B,01,258,BASTARRACHEA ORTIZ JORGE A    ,1D,ACTIVO,X533UJ ,2,F622,19LM,2006-09-01,2006-10-10,2021,0,,W0106123774,SM2,2025-10-30,CCC,68,,,,,,,,,,,,GSC
2025-12-01 00:00:00,771090400041,17,DW,01,C,02,175,RAMIREZ CARRILLO JUANA IRENE  ,1D,ACTIVO,9M167P ,2,F621,05F3,2025-11-01,2025-11-12,26127,160,,W0106139617,SMG,2025-11-12,LIR,55,,,,,,,,,,,,MED
2025-12-01 00:00:00,771100205561,31,DW,01,B,01,315,SALOMON ROSADO MARIA TERESA   ,1D,ACTIVO,73N05L ,2,F62H,10KN,2025-11-01,2025-07-22,28606,234,,W0106155227,SMC,2025-11-21,LIR,46,2025-11-21 10:12:20,3102,M,GA83N,73N05L ,0,Nor,53,UI SERV DIRECTO,53,S,MED
2025-12-01 00:00:00,771030100391,39,DW,01,B,01,395,SOSA FUENTES JUAN MANUEL      ,1D,SUJETO A CORTE,WNY587 ,2,F623,24P2,2022-01-01,2022-01-26,33490,175,,W0106164837,SMC,2025-11-27,LIR,40,,,,,,,,,,,,MED
2025-12-01 00:00:00,771110500897,13,DW,01,B,01,132,CRUZ NUCAMENDI ALICIA MAGALI  ,1D,ACTIVO,71H63M ,2,F62H,10KN,2025-11-01,2025-09-05,62903,743,,W0106135914,SM2,2025-11-10,CCC,57,2025-11-07 09:45:17,1302,M,GA00N,71H63M ,0,Nor,59,DISPLAY APAGADO,59,S,GSC
2025-12-01 00:00:00,771110902375,35,DW,01,B,01,353,LUJAN GAMBOA ROBERTO          ,1D,ACTIVO,8MW864 ,2,F621,98F3,2011-07-01,2020-01-20,3193,0,,W0106160930,SMG,2025-11-26,LIR,41,,,,,,,,,,,,MED
2025-12-01 00:00:00,771120301515,31,DW,01,B,01,315,MIER Y TERAN FORTUNY MANUEL JO,1D,ACTIVO,UC412P ,2,F623,21NY,2025-11-01,2025-11-21,11008,492,,W0106155228,SMG,2025-11-21,LIR,46,2025-11-21 13:04:31,3102,M,GA83N,UC412P ,0,Nor,64,P. INFRARROJO/MED. D,64,S,MED
2025-12-01 00:00:00,771021205580,39,DW,01,B,01,395,MONTES DE OCA JOAQUIN         ,1D,ACTIVO,48V54W ,2,F62H,11KN,2025-11-01,2025-11-28,39396,4,,W0106166539,SMC,2025-11-28,LIR,39,,,,,,,,,,,,MED
2025-12-01 00:00:00,771120705233,09,DW,01,M,13,093,GONZALEZ MARTINEZ ALAN ANHUART,1D,ACTIVO,43DX46 ,2,F621,06F3,2025-11-01,2025-11-05,61817,578,,W0106131290,SMG,2025-11-06,LIR,61,,,,,,,,,,,,MED
2025-12-01 00:00:00,771131002501,15,DW,01,B,01,152,ROSADO LUGO MARIA MAGNOLIA    ,1D,ACTIVO,UW301K ,2,F623,21NY,2023-05-01,2023-05-11,15516,1018,,W0106137041,SMG,2025-11-11,LIR,56,,,,,,,,,,,,MED
2025-12-01 00:00:00,771140105445,25,DW,01,B,01,258,BOBADILLA VARGAS RUBEN        ,02,ACTIVO,289DW1 ,3,FD2H,11KV,2025-11-01,2025-05-19,78148,1963,,W0106121609,SM2,2025-10-29,CCC,69,2025-11-18 09:11:23,2507,L,GA00N,289DW1 ,0,Nor,59,DISPLAY APAGADO,59,S,GSC
2025-12-01 00:00:00,771140906804,11,DW,01,B,01,113,MARTIN FLORES ELSY VERONICA   ,1D,ACTIVO,17H98L ,2,F62H,10KN,2025-11-01,2025-09-04,12705,1904,,W0106133422,SM2,2025-11-07,CCC,60,2025-11-06 10:42:26,1103,M,9MC6H,17H98L ,0,Nor,59,DISPLAY APAGADO,59,S,GSC
2025-12-01 00:00:00,771160600922,35,DW,01,M,02,357, VERDE PINZON EM ILIO ALONSO  ,1D,ACTIVO,200JJP ,2,F622,15LM,2025-11-01,2025-09-24,30465,618,,W0106161517,SMG,2025-11-26,LIR,41,2025-11-25 10:49:38,3527,M,GAAGN,200JJP ,0,Nor,60,MEDID NO TRABAJA,60,S,MED
2025-12-01 00:00:00,770920701108,23,DW,01,A,02,230,GPE CERVANTES MONSREAL        ,02,ACTIVO,26CM83 ,1,F129,06JJ,2025-11-01,2025-05-19,21145,361,,W0106150987,SM2,2025-11-19,01M,48,2025-11-14 15:12:42,2301,L,GAADN,26CM83 ,0,Nor,56,NO HAY MEDIDOR,56,S,GSC
2025-12-01 00:00:00,771170202194,10,DW,01,B,02,103,MASSUTTIER OSORIO FREUDY GABRI,02,BAJA SIN MED RET,A518KX ,2,F622,16LM,2025-12-01,2025-12-18,21053,97596,,W0106083293,SMW,2025-10-08,01B,90,2025-12-05 13:46:35,1002,L,GAKJM,A518KX ,0,Nor,56,NO HAY MEDIDOR,56,S,GSC
2025-12-01 00:00:00,771170202330,39,DW,01,B,01,394,EROSA PALOMEQUE VICENTE       ,1D,ACTIVO,A669LC ,2,F622,16LM,2025-11-01,2024-09-26,4468,134,,W0106166152,SM2,2025-11-28,MED,39,2025-11-27 18:54:14,3904,M,9ND4Y,A669LC ,0,Nor,59,DISPLAY APAGADO,59,S,GSC
2025-12-01 00:00:00,771170302750,37,DW,01,B,01,377,MANZANILLA GUTIERREZ ESTHER MA,02,BAJA SIN MED RET,RBD349 ,2,F623,24NY,2025-05-01,2025-05-27,1719,1048,,W0106165956,SMC,2025-11-28,LIR,39,2025-05-28 11:56:16,3751,R,9JRDF,RBD349 ,0,Nor,53,UI SERV DIRECTO,53,S,MED
2025-12-01 00:00:00,771170503054,37,DW,01,B,01,376,SANCHEZ CANTON MARTHA LORENA  ,1D,BAJA SIN MED RET,A342JW ,2,F622,16LM,2025-11-01,2025-11-27,3881,0,,W0106165954,SMG,2025-11-28,LIR,39,,,,,,,,,,,,MED
2025-12-01 00:00:00,770920300413,31,DW,01,A,02,314,ALVARO FCO AGUILAR LEON       ,1D,ACTIVO,D99M19 ,2,F621,91F3,2025-11-01,2025-09-24,65780,1,,W0106099426,SMC,2025-10-16,MED,82,2025-11-24 13:15:13,3151,R,9NCY6,D99M19 ,0,Nor,65,UI MED INVERTIDO,65,S,MED
2025-12-01 00:00:00,770910700707,23,DW,01,A,02,231,PATRONATO CENTRO HISTORICO AC ,02,ACTIVO,8AAE00 ,2,F623,25NY,2025-11-01,2025-09-12,1151,1361,,W0106145589,SMC,2025-11-14,LIR,53,2025-11-14 12:42:28,2302,L,GAAJN,8AAE00 ,0,Nor,53,UI SERV DIRECTO,53,S,MED
2025-12-01 00:00:00,770770300363,27,DW,01,A,01,271,ROSA MARIA SANCHEZ            ,02,ACTIVO,2J8E14 ,1,F121,01GG,2025-11-01,2025-09-18,9782,0,,W0106154721,SMC,2025-11-21,01M,46,2025-11-19 12:00:14,2703,L,GAAJN,2J8E14 ,0,Nor,56,NO HAY MEDIDOR,56,S,MED
2025-12-01 00:00:00,770130302025,21,DW,01,A,02,212,MALDONADO GONZALEZ DANIEL AUSE,02,ACTIVO,JGA870 ,2,F623,23NU,2025-11-01,2025-11-13,16121,4678,,W0106143928,SMC,2025-11-13,LIR,54,,,,,,,,,,,,MED
2025-12-01 00:00:00,770110502168,15,DW,01,D,01,159,LANDERO RAMON MIGUEL          ,1D,ACTIVO,257G8C ,2,F622,13LM,2025-11-01,2025-11-11,61544,230,,W0106137696,SMG,2025-11-11,LIR,56,,,,,,,,,,,,MED
2025-12-01 00:00:00,771200801144,13,DW,01,B,01,131,BALMES PEREZ FERNANDO         ,1D,ACTIVO,BE699G ,2,F623,19NV,2025-11-01,2025-09-05,772,26,,W0106135930,SM2,2025-11-10,CCC,57,2025-11-07 08:31:32,1301,M,GAXVM,BE699G ,0,Nor,59,DISPLAY APAGADO,59,S,GSC
2025-12-01 00:00:00,771210103224,29,DW,01,B,01,293,PEREYRA TORRES CARLOS ARMANDO ,1D,ACTIVO,NK865A ,2,F623,20NU,2025-11-01,2025-07-21,63548,2546,,W0106153431,SMC,2025-11-20,LIR,47,2025-11-20 09:34:10,2903,M,GA00N,NK865A ,0,Nor,53,UI SERV DIRECTO,53,S,MED
2025-12-01 00:00:00,771221003582,36,DW,01,B,01,366,GONZALEZ CHAC JOSE DOLORES    ,02,ACTIVO,5AUM29 ,2,F623,25P2,2025-12-01,2025-12-26,1045,1045,,W0106117101,SM2,2025-10-27,CCC,71,2025-12-26 12:31:18,3604,M,9JRF3,5AUM29 ,0,Nor,56,NO HAY MEDIDOR,56,S,GSC
2025-12-01 00:00:00,771230500122,37,DW,01,B,01,372,GUILLERMO RODRIGUEZ ENRIQUE JO,1D,CORTADO,UW716K ,2,F623,21NY,2025-11-01,2025-09-25,4861,401,,W0106166423,SM2,2025-11-28,MED,39,2025-11-26 11:27:07,3702,M,GA83N,UW716K ,0,Nor,59,DISPLAY APAGADO,59,S,GSC
2025-12-01 00:00:00,771240901524,25,DW,01,M,24,255,ALVAREZ GARCIA RAUL           ,1D,ACTIVO,J598GD ,2,F622,17LM,2025-11-01,2025-07-17,1119,0,,W0106150268,SMG,2025-11-19,LIR,48,2025-11-19 08:33:12,2551,R,9P14E,J598GD ,0,Nor,59,DISPLAY APAGADO,59,S,MED
2025-12-01 00:00:00,771250102662,25,DW,01,B,01,257,OJEDA PEREZ JORGE EDUARDO     ,02,ACTIVO,2X1A58 ,2,F621,02F3,2025-11-01,2025-05-19,423,282,,W0106123772,SMW,2025-10-30,CCC,68,2025-11-18 13:32:16,2505,L,GA83N,2X1A58 ,0,Nor,56,NO HAY MEDIDOR,56,S,GSC
2025-12-01 00:00:00,771250502156,37,DW,01,B,01,371,SIQUEFF MOISES MAURICIO       ,1D,ACTIVO,1DVY82 ,2,F623,25NY,2025-11-01,2025-10-09,0,0,,W0106166470,SM2,2025-11-28,MED,39,2025-11-26 17:29:57,3703,M,9MC6H,1DVY82 ,0,Nor,59,DISPLAY APAGADO,59,S,GSC
2025-12-01 00:00:00,771250802621,35,DW,01,B,01,358,LOPEZ RAMIREZ CARLOS MANUEL   ,1D,ACTIVO,RDP611 ,2,F623,24NY,2025-11-01,2025-09-24,0,0,,W0106160937,SMC,2025-11-26,LIR,41,2025-11-25 13:57:22,3506,M,9ND4Y,RDP611 ,0,Nor,66,DERIV ANTES MED,66,S,MED
2025-12-01 00:00:00,771250902359,27,DW,01,B,01,273,PROYECTOS LA MAMITA S DE RL DE,1D,ACTIVO,G009XV ,3,KL28,17KE,2025-11-01,2025-11-19,0,0,,W0106151737,SMG,2025-11-20,LIR,47,2025-11-19 11:47:26,2702,L,GA00N,G009XV ,0,Nor,60,MEDID NO TRABAJA,60,S,MED
2025-12-01 00:00:00,771251000529,36,DW,01,M,13,361,GTU MERIDA SCP                ,02,ACTIVO,9BCC23 ,2,F623,25P2,2025-12-01,2025-12-26,327,327,,W0106113827,SMC,2025-10-24,LIR,74,2025-12-26 11:31:50,3602,L,GAAEN,9BCC23 ,327,Opt,  ,,,,MED
2025-12-01 00:00:00,771790600068,25,DW,01,B,01,252,CERVERA ORTEGON JOSE ALEJANDRO,1D,ACTIVO,U7674N ,2,F121,78EG,2025-11-01,2025-07-17,3412,348,,W0106148994,SMG,2025-11-18,LIR,49,2025-11-18 10:39:05,2501,M,9EMDK,U7675N ,0,Nor,60,MEDID NO TRABAJA,60,S,MED
2025-12-01 00:00:00,770070101874,23,DW,01,A,02,230,DESAR DE VIVIENDA SUST SA CV  ,02,ACTIVO,18E7V7 ,2,F62F,08K6,2010-01-01,2010-01-18,15612,0,,W0106145583,SMG,2025-11-14,LIR,53,,,,,,,,,,,,MED
2025-12-01 00:00:00,771810901418,13,DW,01,B,01,133,ANTONIA PRIETO DE JURADO      ,1D,ACTIVO,65E30E ,2,F62H,10KN,2025-11-01,2025-09-05,90757,1022,,W0106135940,SM2,2025-11-10,CCC,57,2025-11-07 11:20:37,1303,M,GA6XN,65E30E ,0,Nor,59,DISPLAY APAGADO,59,S,GSC
2025-12-01 00:00:00,770050601099,27,DW,01,A,01,274,BARBOSA BECERRA CLAUDIA E     ,02,ACTIVO,GBX064 ,1,F123,23NX,2024-07-01,2024-07-18,12405,303,,W0106152907,SM2,2025-11-20,01M,47,,,,,,,,,,,,GSC
2025-12-01 00:00:00,770050403271,27,DW,01,A,01,274,RITA MARTIN CORAL             ,02,ACTIVO,5X83T7 ,1,F125,04JG,2025-11-01,2025-11-19,58516,0,,W0106140630,SMG,2025-11-12,01M,55,2025-11-19 18:21:25,2702,L,G92B5,5X83T7 ,0,Nor,31,SERVICIO SIN USO,,,MED
2025-12-01 00:00:00,771940100603,35,DW,01,B,01,358,JOSE A  DIB DAGUER            ,1D,ACTIVO,49X0B2 ,2,F62H,09KN,2025-11-01,2025-09-24,6773,939,,W0106160935,SMG,2025-11-26,LIR,41,2025-11-25 18:11:30,3506,M,9MC6H,49X0B2 ,0,Nor,64,P. INFRARROJO/MED. D,64,S,MED
2025-12-01 00:00:00,771951101628,13,DW,01,B,01,133,RAMIREZ CAHUICH MIREYA DEL C  ,1D,ACTIVO,4R753R ,2,F621,06F3,2025-11-01,2025-11-07,39598,0,,W0106148325,SM2,2025-11-18,CDV,49,2025-11-07 09:27:58,1303,M,GA6XN,4R753R ,0,Nor,31,SERVICIO SIN USO,,,GSC
2025-12-01 00:00:00,770050401723,27,DW,01,A,01,275,PENICHE LORIA BLANCA IMELDA   ,02,ACTIVO,4X59T1 ,1,F125,04JG,2025-11-01,2025-11-20,3435,0,,W0106152671,SM2,2025-11-20,01M,47,2025-11-20 11:13:12,2751,R,G92B5,4X59T1 ,0,Nor,31,SERVICIO SIN USO,,,GSC
2025-12-01 00:00:00,771980601800,11,DW,01,B,01,116,MALDONADO TAMAYO KARLA ROSA   ,1D,ACTIVO,3ER047 ,2,F621,98F3,2025-11-01,2025-09-04,76416,982,,W0106132907,SMG,2025-11-07,LIR,60,2025-11-06 12:53:59,1104,M,9ND4Y,3ER047 ,0,Nor,61,MANECILLAS DESCA,61,S,MED
2025-12-01 00:00:00,771980605228,21,DW,01,B,01,212,MA DOLORES DURAN BRITO        ,1D,ACTIVO,892VD6 ,2,F622,12LJ,2025-11-01,2025-09-11,39625,573,,W0106145006,SM2,2025-11-14,CCC,53,2025-11-14 12:53:49,2151,R,9EMDK,892VD6 ,0,Nor,59,DISPLAY APAGADO,59,S,GSC
2025-12-01 00:00:00,771981205517,11,DW,01,B,01,111,CAROLINA CORTEZ SANCHEZ       ,1D,ACTIVO,753EC5 ,2,F62H,11KN,2025-11-01,2025-05-07,34979,527,,W0106133731,SMC,2025-11-07,LIR,60,2025-11-07 11:30:53,1151,R,9JRDF,753EC5 ,0,Nor,53,UI SERV DIRECTO,53,S,MED
2025-12-01 00:00:00,771990800690,15,DW,01,B,01,158,AGUILAR MAY LAURA M           ,1D,ACTIVO,315ED5 ,2,F62H,11KN,1999-07-01,1999-08-17,0,0,,W0106137042,SMC,2025-11-11,LIR,56,,,,,,,,,,,,MED
2025-12-01 00:00:00,318161114227,25,DW,04,H,82,001,ZACARIAS RAVONALES ADALBERTO  ,1F,ACTIVO,282VLP ,1,F122,16LN,2025-11-01,2025-11-18,10018,0,,W0403167093,SMC,2025-11-19,LIR,48,2025-11-18 15:03:48,2526,L,R9658,282VLP ,0,Opt,32,UI DERIVACION,32,S,MED
2025-12-01 00:00:00,772001255978,35,DW,01,C,02,353,LINDA G PAT CANO              ,1D,ACTIVO,967G9X ,1,F122,13LN,2000-11-01,2000-12-05,1,0,,W0106161631,SM2,2025-11-26,01M,41,,,,,,,,,,,,GSC
2025-12-01 00:00:00,772010101355,33,DW,01,C,02,334,CHAN UH MARIA DEL CARMEN      ,1D,ACTIVO,2VN836 ,1,F121,00GG,2025-11-01,2025-09-23,22178,648,,W0106164218,SM2,2025-11-27,CDA,40,2025-11-24 11:47:43,3304,L,R9700,2VN836 ,0,Nor,56,NO HAY MEDIDOR,56,S,GSC
2025-12-01 00:00:00,772031101291,09,DW,01,C,02,093,AVILA CETINA FATIMA LETICIA   ,1D,ACTIVO,3K17L7 ,1,F121,03GG,2025-11-01,2025-11-07,67187,629,,W0106133662,SM2,2025-11-07,01A,60,2025-11-05 08:48:27,0902,M,9JRG2,3K17L7 ,0,Nor,31,SERVICIO SIN USO,,,GSC
2025-12-01 00:00:00,772041001961,29,DW,01,C,02,297,CHUIL KAUIL ARACELY           ,1D,ACTIVO,G747VT ,2,F622,17LM,2025-11-01,2025-11-21,27720,1354,,W0106153932,SMG,2025-11-21,LIR,46,,,,,,,,,,,,MED
2025-12-01 00:00:00,772061102461,29,DW,01,C,02,292,ALVAREZ CRUZ CARALAMPIO       ,1D,ACTIVO,JCH292 ,2,F623,23NU,2024-01-01,2024-01-19,222,222,,W0106154455,SM2,2025-11-21,01M,46,,,,,,,,,,,,GSC
2025-12-01 00:00:00,772080500591,33,DW,01,C,02,332,SANTOS DZUL JOSE NERY         ,1D,ACTIVO,79GL88 ,1,F121,07JL,2025-11-01,2025-09-23,32199,107,,W0106159963,SM2,2025-11-25,01M,42,2025-11-24 11:58:30,3302,M,GAKKM,79GL88 ,0,Nor,56,NO HAY MEDIDOR,56,S,GSC
2025-12-01 00:00:00,772091203131,29,DW,01,C,02,293,POOT PECH LIZBEHT ESTHER      ,1D,ACTIVO,PBE500 ,1,F123,24NX,2025-11-01,2025-09-19,54379,994,,W0106135516,SM2,2025-11-10,W1C,57,2025-11-20 10:14:17,2902,M,9JRG2,1VN389 ,0,Nor,53,UI SERV DIRECTO,53,S,GSC
2025-12-01 00:00:00,771080807933,35,DW,01,B,01,358,MACARI CASARES CARLOS         ,1D,ACTIVO,37N35M ,2,F62H,10KN,2008-11-01,2008-11-25,29,7,,W0106160944,SMG,2025-11-26,LIR,41,,,,,,,,,,,,MED
2025-12-01 00:00:00,772110800153,33,DW,01,C,02,337,DIAZ LOPEZ ARTEMIO            ,1D,ACTIVO,899TT6 ,1,F122,12LH,2021-01-01,2021-01-22,1678,0,,W0106159292,SMG,2025-11-25,LIR,42,,,,,,,,,,,,MED
2025-12-01 00:00:00,772110802083,21,DW,01,C,02,218,KUK CHAN FELIPE               ,02,ACTIVO,5V3M64 ,1,F121,02GG,2025-11-01,2025-11-13,21498,552,,W0106158732,SMG,2025-11-24,MED,43,,,,,,,,,,,,MED
2025-12-01 00:00:00,772110803012,09,DW,01,C,02,091,AMBROSIO TORRES MARIA GLORIA  ,1D,ACTIVO,261JCF ,1,F122,15LN,2011-07-01,2011-08-23,0,0,,W0106130474,SMC,2025-11-05,LIR,62,,,,,,,,,,,,MED
2025-12-01 00:00:00,772111001441,33,DW,01,C,02,334,CAMARA DZUL ELDA MARIA        ,1D,ACTIVO,LW040C ,2,F623,20NU,2012-01-01,2050-01-01,0,0,,W0106159280,SMG,2025-11-25,LIR,42,,,,,,,,,,,,MED
2025-12-01 00:00:00,772111100741,29,DW,01,C,02,293,LUNA LEYVA ELIAS              ,1D,CORTADO,91W68F ,2,F62H,11KU,2011-09-01,2011-11-10,0,0,,W0106153916,SMC,2025-11-21,LIR,46,,,,,,,,,,,,MED
2025-12-01 00:00:00,772120201487,29,DW,01,C,02,292,GOMEZ CAMARGO GASPAR ANDRES   ,02,ACTIVO,655DMD ,2,F622,15LM,2025-11-01,2024-05-21,37044,276,,W0106154482,SM2,2025-11-21,01M,46,2025-11-20 09:12:55,2907,L,R9700,655DMD ,0,Nor,56,NO HAY MEDIDOR,56,S,GSC
2025-12-01 00:00:00,772120302810,33,DW,01,C,02,334,VILLANUEVA PEREZ ABREU OSWALDO,1D,CORTADO,YP971F ,2,F623,21NU,2025-11-01,2025-11-24,4337,0,,W0106161956,SMC,2025-11-26,LIR,41,2025-11-24 09:08:12,3304,L,R9700,YP971F ,0,Opt,32,UI DERIVACION,33,S,MED
2025-12-01 00:00:00,772121003085,35,DW,01,C,02,355,COLLI POOL SANTIAGO           ,1D,ACTIVO,839FY7 ,1,F122,12LH,2025-11-01,2025-11-26,16744,232,,W0106161290,SMG,2025-11-26,LIR,41,,,,,,,,,,,,MED
2025-12-01 00:00:00,772121101613,35,DW,01,C,02,351,RIZO RIOS MARIA GUADALUPE     ,1D,ACTIVO,X894TA ,2,F623,19NU,2025-11-01,2025-09-24,12057,350,,W0106164773,SMC,2025-11-27,LIR,40,2025-11-25 17:39:17,3502,M,GA82N,X894TA ,0,Nor,53,UI SERV DIRECTO,53,S,MED
2025-12-01 00:00:00,772121201901,29,DW,01,C,02,294,LORIA MARIA DEL SOCORRO       ,1D,ACTIVO,035RRB ,1,F122,16LN,2025-11-01,2025-09-19,522,0,,W0106154638,SMG,2025-11-21,01M,46,2025-11-20 12:13:18,2904,L,G92B5,035RRB ,0,Nor,56,NO HAY MEDIDOR,56,S,MED
2025-12-01 00:00:00,772130100298,25,DW,01,C,02,257,TUYUB HERNANDEZ LEIDY GUADALUP,1D,BAJA SIN MED RET,279UB0 ,1,F122,12LH,2025-11-01,2025-11-18,12491,0,,W0106149197,SMC,2025-11-18,LIR,49,,,,,,,,,,,,MED
2025-12-01 00:00:00,772130801873,29,DW,01,C,02,295,CAUICH DZUL REYNA GEORGINA    ,1D,ACTIVO,096TV5 ,1,F122,12LH,2013-07-01,2013-08-20,1,0,,W0106153923,SMG,2025-11-21,LIR,46,,,,,,,,,,,,MED
2025-12-01 00:00:00,772140403302,03,DW,01,C,02,036,MINA LOZANO JOSE ALBERTO      ,1D,ACTIVO,5YB720 ,1,F121,00GG,2026-01-01,2025-11-04,36756,651,,W0106128159,SM2,2025-11-04,01A,63,,,,,,,,,,,,GSC
2025-12-01 00:00:00,772140801146,25,DW,01,C,02,252,TRUJEQUE CASTILLO ELDA MARIA  ,02,ACTIVO,794B9X ,2,F622,13LM,2025-11-01,2025-11-18,25967,56,,W0106158717,SMG,2025-11-24,MED,43,,,,,,,,,,,,MED
2025-12-01 00:00:00,772141100893,04,DW,01,C,01,047,GUEMEZ OJEDA ISAAC ALBERTO    ,1D,ACTIVO,1CBM73 ,2,F623,25P3,2025-12-01,2025-09-30,80626,1834,,W0106155246,SM2,2025-11-21,CDW,46,2025-12-02 09:49:07,0402,M,9NCYL,072T2J ,0,Nor,53,UI SERV DIRECTO,53,S,GSC
2025-12-01 00:00:00,772141201410,29,DW,01,C,02,296,CHAN MORENO ELIZABETH         ,02,ACTIVO,697WG0 ,1,F122,13LN,2025-11-01,2025-11-20,16330,321,,W0106158727,SMG,2025-11-24,MED,43,,,,,,,,,,,,MED
2025-12-01 00:00:00,772150101711,25,DW,01,C,02,252,TRUJEQUE CASTILLO ELDA MARIA  ,02,ACTIVO,301KB0 ,2,F622,12LJ,2018-09-01,2018-09-17,20156,806,,W0106158720,SMG,2025-11-24,MED,43,,,,,,,,,,,,MED
2025-12-01 00:00:00,772150101720,25,DW,01,C,02,252,TRUJEQUE CASTILLO ELDA MARIA  ,02,ACTIVO,035X3J ,2,F622,14LM,2025-11-01,2025-11-18,87029,950,,W0106158719,SMG,2025-11-24,MED,43,,,,,,,,,,,,MED
2025-12-01 00:00:00,772150700259,37,DW,01,C,02,376,CAUICH MAY MIGUEL ANGEL       ,1D,BAJA SIN MED RET,HG297X ,1,F123,20NT,2025-11-01,2025-11-26,544,0,,W0106166703,SMC,2025-11-28,LIR,39,,,,,,,,,,,,MED
2025-12-01 00:00:00,772160301719,37,DW,01,C,02,376,HERNANDEZ PINA JORGE MANUEL   ,1D,ACTIVO,647HRK ,1,F122,15LN,2025-11-01,2025-11-26,2863,0,,W0106164043,SM2,2025-11-27,01M,40,2025-11-26 11:41:16,3701,L,GAKKM,647HRK ,0,Nor,56,NO HAY MEDIDOR,56,S,GSC
2025-12-01 00:00:00,771110200290,21,DW,01,M,02,213,MARIN CHAVEZ ENRIQUETA        ,1D,ACTIVO,46DX00 ,2,F621,06F3,2025-11-01,2025-11-13,41942,401,,W0106146743,SMG,2025-11-17,01A,50,2025-11-13 13:33:14,2126,L,9NCYK,46DX00 ,6383,Nor,44,NUM MEDID DESIGU,44,S,MED
2025-12-01 00:00:00,771120605395,25,DW,01,B,01,257,DUARTE ZAPATA MARIA TERESA    ,1D,ACTIVO,N674GA ,2,F622,18LM,2025-11-01,2025-07-17,25258,709,,W0106140685,SMC,2025-11-12,01M,55,2025-11-18 09:45:52,2505,L,GA83N,N674GA ,0,Nor,56,NO HAY MEDIDOR,56,S,MED
2025-12-01 00:00:00,772180700725,33,DW,01,C,02,332,PECH PACHECO BEATRIZ          ,1D,ACTIVO,L931TL ,1,F122,18LN,2025-11-01,2025-05-23,13732,0,,W0106159875,SM2,2025-11-25,01M,42,2025-11-24 17:10:57,3302,M,GAKKM,L931TL ,0,Nor,59,DISPLAY APAGADO,59,S,GSC
2025-12-01 00:00:00,772180800894,37,DW,01,C,02,376,MUKUL CHI JOSUE G             ,1D,ACTIVO,L451TP ,1,F122,18LN,2025-11-01,2025-09-25,9876,441,,W0106164415,SM2,2025-11-27,01M,40,2025-11-26 12:56:12,3701,L,GAKKM,L451TP ,0,Nor,59,DISPLAY APAGADO,59,S,GSC
2025-12-01 00:00:00,771160602071,39,DW,01,B,01,395,POOL MILLAN JORGE SANTIAGO    ,1D,ACTIVO,04W96G ,2,F62H,11KN,2025-11-01,2025-11-28,3410,7,,W0106164834,SMG,2025-11-27,LIR,40,,,,,,,,,,,,MED
2025-12-01 00:00:00,772190700120,37,DW,01,C,02,376,EVERARDO GASQUE ALEJANDRO     ,1D,CORTADO,P797PR ,1,F123,18NM,2025-11-01,2025-09-25,733,36,,W0106166705,SMC,2025-11-28,LIR,39,2025-11-26 19:13:47,3701,L,G92B3,P797PR ,0,Nor,53,UI SERV DIRECTO,53,S,MED
2025-12-01 00:00:00,772191000024,33,DW,01,C,02,333,CAMARILLO AVALOS GLADYS PATRIC,1D,SUJETO A CORTE,Y278MB ,2,F623,19NU,2025-11-01,2025-09-23,877,0,,W0106162076,SM2,2025-11-26,01M,41,2025-11-24 08:51:29,3303,M,R9631,Y278MB ,0,Nor,59,DISPLAY APAGADO,59,S,GSC
2025-12-01 00:00:00,772191201194,29,DW,01,C,02,295,PALMA LEYVA OFELIA            ,1D,ACTIVO,BM270T ,1,F123,19NM,2025-11-01,2024-07-19,6191,291,,W0106147911,S05,2025-11-18,01M,49,2025-11-20 07:00:01,2901,L,9EMME,BM270T ,0,Nor,53,UI SERV DIRECTO,53,S,CCC
2025-12-01 00:00:00,772200301024,09,DW,01,C,02,093,KU OJEDA CHRISTABEL ADRIANNA  ,1D,ACTIVO,Y205MK ,2,F623,19NU,2025-11-01,2024-03-07,11,0,,W0106132286,SMC,2025-11-06,LIR,61,2025-11-06 09:22:02,0951,R,9MCGC,Y205MK ,0,Nor,53,UI SERV DIRECTO,53,S,MED
2025-12-01 00:00:00,771170802035,21,DW,01,B,01,212,POO ORANTES SARA MARGARITA    ,1D,BAJA SIN MED RET,WNY748 ,2,F623,24P2,2022-01-01,2022-01-12,9695,379,,W0106143694,SMC,2025-11-13,LIR,54,,,,,,,,,,,,MED
2025-12-01 00:00:00,772200700361,29,DW,01,C,02,297,VAZQUEZ RAMOS ROSARIO         ,1D,ACTIVO,BE234Y ,2,F623,19NV,2025-11-01,2025-05-21,12,0,,W0106121884,SM2,2025-10-29,01M,69,2025-11-20 11:13:24,2905,M,GAAJN,BE234Y ,0,Nor,59,DISPLAY APAGADO,59,S,GSC
2025-12-01 00:00:00,772200900301,29,DW,01,C,02,295,MORALES VERA JULIETA          ,1D,ACTIVO,0DVN91 ,2,F623,25NY,2025-11-01,2025-11-20,2051,2051,,W0106157858,SMW,2025-11-24,01A,43,2025-11-20 08:41:17,2901,L,9EMME,0DVN91 ,15938,Nor,44,NUM MEDID DESIGU,44,S,GSC
2025-12-01 00:00:00,772201001342,29,DW,01,C,02,296,PUC NOVELO REINALDO DE JESUS  ,1D,BAJA SIN MED RET,LV791N ,2,F623,20NU,2025-11-01,2025-11-20,16718,0,,W0106153930,SMC,2025-11-21,LIR,46,,,,,,,,,,,,MED
2025-12-01 00:00:00,771181202803,17,DW,01,B,01,172,GUILLERMO PEDRERO RAFAEL H    ,1D,ACTIVO,98M7G7 ,2,F62H,09KN,2025-11-01,2025-07-11,10716,209,,W0106140938,SMC,2025-11-12,CCC,55,2025-11-11 10:30:39,1702,M,GAXVM,98M7G7 ,0,Nor,56,NO HAY MEDIDOR,56,S,MED
2025-12-01 00:00:00,772210500491,37,DW,01,C,02,376,PECH CIME EDUARDO RICARDO     ,1D,ACTIVO,NR704E ,2,F623,20NU,2025-11-01,2025-07-25,6862,355,,W0106162984,SMC,2025-11-27,LIR,40,2025-11-26 18:16:08,3701,L,G92B3,NR704E ,0,Nor,53,UI SERV DIRECTO,53,S,MED
2025-12-01 00:00:00,772210701179,29,DW,01,C,02,293,BASTO TUN YESENIA BEATRIZ     ,1D,ACTIVO,487T2A ,2,F622,14LM,2025-11-01,2025-11-21,9455,587,,W0106153913,SMG,2025-11-21,LIR,46,,,,,,,,,,,,MED
2025-12-01 00:00:00,772210702604,29,DW,01,C,02,299,CHAN CHACOM  MARIA GUADALUPE  ,1D,BAJA SIN MED RET,LGD616 ,1,F123,23NX,2024-03-01,2024-03-20,5828,0,,W0106155147,SMC,2025-11-21,LIR,46,,,,,,,,,,,,MED
2025-12-01 00:00:00,771181202811,17,DW,01,B,01,172,GUILLERMO PEDRERO RAFAEL H    ,1D,ACTIVO,618EB0 ,2,F62H,11KN,2025-11-01,2025-07-11,16284,564,,W0106140953,SMC,2025-11-12,CCC,55,2025-11-11 10:30:20,1702,M,GAXVM,618EB0 ,0,Nor,56,NO HAY MEDIDOR,56,S,MED
2025-12-01 00:00:00,772211002690,29,DW,01,C,02,299,FLORES ABALOS MARIA ISABEL    ,1D,BAJA SIN MED RET,38E5V6 ,2,F12F,08K6,2025-11-01,2025-11-20,1885,0,,W0106153937,SMC,2025-11-21,LIR,46,,,,,,,,,,,,MED
2025-12-01 00:00:00,772211200084,37,DW,01,C,02,376,EUAN JUAREZ OSWALDO DE JESUS  ,1D,ACTIVO,NK902A ,2,F623,20NU,2025-11-01,2025-09-01,0,38,,W0106166704,SMC,2025-11-28,LIR,39,2025-11-26 21:22:04,3701,L,G92B3,NK902A ,0,Nor,53,UI SERV DIRECTO,53,S,MED
2025-12-01 00:00:00,772220300431,33,DW,01,C,02,337,LUGO MAGANA REYNA ROSALINDA   ,02,ACTIVO,123JCH ,1,F122,15LN,2025-11-01,2025-09-23,14467,365,,W0106159884,SM2,2025-11-25,01M,42,2025-11-24 09:50:11,3301,M,GA82N,123JCH ,0,Nor,59,DISPLAY APAGADO,59,S,GSC
2025-12-01 00:00:00,772220401181,03,DW,01,C,02,036,MORALES GARCIA FERNANDO ADAN  ,1D,ACTIVO,05P66J ,1,F12H,10KU,2026-01-01,2025-12-30,817,0,,W0106124940,SMW,2025-10-31,01A,67,,,,,,,,,,,,GSC
2025-12-01 00:00:00,772220900498,19,DW,01,A,02,192,CHABLE ESPINOSA ALMA ELOINA   ,1D,ACTIVO,CVK995 ,2,F623,22NU,2025-11-01,2025-11-12,5414,321,,W0106141574,SMC,2025-11-12,LIR,55,,,,,,,,,,,,MED
2025-12-01 00:00:00,772230101143,33,DW,01,C,02,337,PALOMO UC MARIO ALFREDO       ,1D,ACTIVO,A152KG ,2,F622,16LM,2024-03-01,2024-03-22,966,0,,W0106159290,SMG,2025-11-25,LIR,42,,,,,,,,,,,,MED
2025-12-01 00:00:00,772230301100,35,DW,01,C,02,352,MURILLO LANDERO ROMANA        ,1D,ACTIVO,7F23N4 ,2,F621,03F3,2025-11-01,2025-09-24,10073,628,,W0106141013,SM2,2025-11-12,W1A,55,2025-11-26 09:52:25,3551,R,9JR53,7F23N4 ,0,Nor,60,MEDID NO TRABAJA,60,S,GSC
2025-12-01 00:00:00,772230500099,29,DW,01,C,02,299,MOO HUCHIN JOSE FERNANDO      ,1D,ACTIVO,JAB184 ,2,F623,23NU,2025-11-01,2025-09-19,1010,302,,W0106153938,SMC,2025-11-21,LIR,46,2025-11-20 10:23:22,2906,M,R9631,JAB184 ,0,Nor,53,UI SERV DIRECTO,53,S,MED
2025-12-01 00:00:00,772230501095,33,DW,01,C,02,334,HUCHIN TAMAYO ANGEL VALENTIN  ,1D,ACTIVO,UD468N ,2,F623,21NY,2025-11-01,2025-11-24,26611,1607,,W0106159279,SMG,2025-11-25,LIR,42,,,,,,,,,,,,MED
2025-12-01 00:00:00,772230909086,21,DW,01,C,02,212,MUNICIPIO DE MERIDA YUCATAN   ,02,ACTIVO,JBD350 ,2,F623,23NU,2025-11-01,2025-09-11,3454,254,,W0106145088,SM2,2025-11-14,01M,53,2025-11-13 16:53:08,2102,L,9JR53,JBD350 ,0,Nor,59,DISPLAY APAGADO,LM,S,GSC
2025-12-01 00:00:00,772240501468,37,DW,01,C,02,376,CARRILLO NOVELO JENNY GUADALUP,1D,ACTIVO,RDP782 ,2,F623,24NY,2025-11-01,2025-09-25,1345,218,,W0106164807,SMC,2025-11-27,LIR,40,2025-11-27 09:20:37,3751,R,9EMME,RDP782 ,0,Nor,53,UI SERV DIRECTO,53,S,MED
2025-12-01 00:00:00,772250101069,29,DW,01,C,02,294,PEREZ SANCHEZ ROMAN ALEJANDRO ,1D,ACTIVO,PKA722 ,1,F123,24NX,2025-11-01,2025-05-21,61,29,,W0106155599,SM2,2025-11-21,01H,46,2025-11-21 11:09:59,2952,R,9MCGC,PKA722 ,0,Nor,51,NO ENCONTRE DOMI,,,GSC
2025-12-01 00:00:00,772250200695,28,DW,01,C,01,285,ACOSTA ORTIZ HERNILDA DE GUADA,1D,ACTIVO,PJN174 ,1,F123,24NX,2025-12-01,2025-12-18,824,140,,W0106106819,SMW,2025-10-21,01A,77,2025-12-18 16:47:12,2803,M,GA0MN,PJN174 ,140,Nor,44,NUM MEDID DESIGU,44,S,GSC
2025-12-01 00:00:00,772250200709,33,DW,01,C,02,333,UITZIL CANUL CINDY ABIGAIL    ,1D,ACTIVO,RFR477 ,2,F623,24NY,2025-11-01,2025-03-25,0,0,,W0106160089,SMW,2025-11-25,01M,42,2025-11-24 09:52:15,3303,M,R9631,RFR477 ,0,Nor,56,NO HAY MEDIDOR,56,S,GSC
2025-12-01 00:00:00,772250300380,29,DW,01,C,02,294,COUOH PECH OLGA MARIA         ,1D,ACTIVO,RBY549 ,2,F623,24NY,2025-11-01,2025-09-22,551,177,,W0106152769,SM2,2025-11-20,W1C,47,2025-11-20 07:03:12,2904,L,G92B5,RBY549 ,0,Nor,53,UI SERV DIRECTO,53,S,GSC
2025-12-01 00:00:00,772750418247,08,DW,01,C,01,086,JESUS ROSADO CARRILLO         ,1D,ACTIVO,2X4P64 ,2,F421,02GH,2025-12-01,2025-12-04,87634,1,,W0106138574,SM2,2025-11-11,W1D,56,2025-12-04 15:06:31,0803,M,GAKKM,2X4P64 ,1,Nor,31,SERVICIO SIN USO,,,GSC
2025-12-01 00:00:00,772790301130,17,DW,01,C,02,171,HILARIO ALONZO                ,1D,ACTIVO,8MM021 ,1,F121,98GG,2025-11-01,2025-11-11,68577,750,,W0106143742,SMW,2025-11-13,01A,54,2025-11-11 16:42:56,1705,M,GAAJN,8MM021 ,33190,Nor,44,NUM MEDID DESIGU,44,S,GSC
2025-12-01 00:00:00,771181202838,17,DW,01,B,01,172,GUILLERMO PEDRERO RAFAEL H    ,1D,ACTIVO,36N22P ,2,F62H,10KN,2025-11-01,2025-07-11,17427,216,,W0106140957,SMC,2025-11-12,CCC,55,2025-11-11 10:30:02,1702,M,GAXVM,36N22P ,0,Nor,56,NO HAY MEDIDOR,56,S,MED
2025-12-01 00:00:00,771190102013,21,DW,01,B,01,211,SANCHEZ TAMAYO DANIEL A       ,1D,ACTIVO,91T00C ,2,F62H,10KN,2025-11-01,2025-07-15,4347,0,,W0106145017,SMC,2025-11-14,CCC,53,2025-11-13 10:58:24,2102,M,GA83N,91T00C ,0,Nor,56,NO HAY MEDIDOR,56,S,MED
2025-12-01 00:00:00,772840200615,03,DW,01,C,02,038,SANTIAGO CASTILLO S           ,1D,ACTIVO,H083LG ,1,F122,17LN,2026-01-01,2025-12-30,6553,0,,W0106127753,SM2,2025-11-04,MED,63,,,,,,,,,,,,GSC
2025-12-01 00:00:00,772850100279,21,DW,01,C,02,218,PORFIRIO MONTERO O            ,1D,ACTIVO,6JW893 ,1,F121,98GG,2025-11-01,2025-03-13,30943,231,,W0106145236,S05,2025-11-14,01M,53,2025-11-14 10:08:45,2151,R,9MCGC,6JW893 ,0,Nor,64,P. INFRARROJO/MED. D,64,S,CCC
2025-12-01 00:00:00,771810100474,29,DW,01,B,01,296,JAVIER ORTIZ SAURI            ,1D,ACTIVO,AA7772 ,3,F121,80EG,2025-11-01,2025-09-19,3486,337,,W0106153433,SMG,2025-11-20,LIR,47,2025-11-20 11:00:11,2901,M,9EMHE,C491V3 ,0,Nor,61,MANECILLAS DESCA,61,S,MED
2025-12-01 00:00:00,772880100761,05,DW,01,C,02,057,JESUS BAAS PECH               ,1D,ACTIVO,7X79G7 ,1,F121,04JF,2026-01-01,2026-01-02,30082,0,,W0106129486,SM2,2025-11-05,01M,62,,,,,,,,,,,,GSC
2025-12-01 00:00:00,772901000631,35,DW,01,C,02,351,ROSA M TZUB GONZALEZ          ,1D,ACTIVO,84C48J ,1,F12H,10KU,2025-11-01,2025-11-26,26224,37,,W0106161275,SMG,2025-11-26,LIR,41,,,,,,,,,,,,MED
2025-12-01 00:00:00,772910100851,17,DW,01,C,02,176,ROSA MA CANTO NOVELO          ,1D,ACTIVO,8HW083 ,2,F421,98GH,2025-11-01,2025-07-11,40786,309,,W0106139622,SMG,2025-11-12,LIR,55,2025-11-12 11:08:45,1751,R,9MCGC,8HW083 ,0,Nor,60,MEDID NO TRABAJA,60,S,MED
2025-12-01 00:00:00,772910800640,35,DW,01,C,02,352,EVELIN GRANIEL CONTRERAS      ,1D,ACTIVO,6B853D ,1,F121,04GG,2025-11-01,2025-11-25,30508,0,,W0106135938,SM2,2025-11-10,CDD,57,2025-11-25 12:27:03,3501,M,9EMME,6B853D ,0,Nor,31,SERVICIO SIN USO,,,GSC
2025-12-01 00:00:00,772911000540,33,DW,01,C,02,334,JACINTO CAAMAL CIME           ,1D,ACTIVO,PAY208 ,1,F123,24NX,2025-11-01,2025-11-24,25398,294,,W0106161961,SMC,2025-11-26,LIR,41,,,,,,,,,,,,MED
2025-12-01 00:00:00,772941001460,21,DW,01,C,02,218,JORGE ALBERTO NOH CANTO       ,02,ACTIVO,NR273T ,2,F623,20NU,2021-05-01,2021-05-14,1264,512,,W0106158730,SMG,2025-11-24,MED,43,,,,,,,,,,,,MED
2025-12-01 00:00:00,772960102013,32,DW,01,C,01,323,FEBLES FLORES ALFREDO         ,1D,ACTIVO,36AV46 ,1,F121,06JL,2025-12-01,2025-12-23,55955,331,,W0106112439,SMW,2025-10-23,01A,75,2025-12-22 09:22:20,3202,M,9JRG2,36AV46 ,46176,Nor,44,NUM MEDID DESIGU,44,S,GSC
2025-12-01 00:00:00,772961000214,21,DW,01,C,02,217,LUIS A QUIJANO A              ,02,ACTIVO,9B481Y ,2,F621,04F3,2025-11-01,2025-11-13,36054,442,,W0106158729,SMG,2025-11-24,MED,43,,,,,,,,,,,,MED
2025-12-01 00:00:00,772980502115,25,DW,01,C,02,257,MA DEL C HOMA TELLEZ          ,1D,ACTIVO,9BX786 ,1,F121,98F5,2025-11-01,2025-03-18,39500,653,,W0106149188,SMC,2025-11-18,LIR,49,2025-11-18 11:38:38,2503,M,9NCYL,9BX786 ,0,Nor,53,UI SERV DIRECTO,53,S,MED
2025-12-01 00:00:00,772980704117,05,DW,01,C,02,052,ARACELY GONZALEZ MENDICUT     ,1D,ACTIVO,522FMT ,2,F622,15LM,2026-01-01,2026-01-02,22237,0,,W0106127931,SMW,2025-11-04,01A,63,,,,,,,,,,,,GSC
2025-12-01 00:00:00,772980903128,25,DW,01,C,02,257,OFELIA CAAMAL SANCHEZ         ,1D,BAJA SIN MED RET,775E3Y ,1,F122,13LN,2012-09-01,2012-09-17,11128,0,,W0106149183,SMC,2025-11-18,LIR,49,,,,,,,,,,,,MED
2025-12-01 00:00:00,772990500285,16,DW,01,C,01,163,JESUS DAVID ESPA A            ,1D,ACTIVO,7MR046 ,2,F421,99GH,2025-12-01,2025-12-10,80710,0,,W0106155755,SM2,2025-11-22,CDD,45,2025-12-10 09:54:14,1602,M,9JRG2,7MR046 ,0,Nor,31,SERVICIO SIN USO,,,GSC
2025-12-01 00:00:00,772990501621,35,DW,01,C,02,353,DZUL KU MACARIO               ,1D,ACTIVO,543JJL ,2,F622,15LM,2025-11-01,2025-09-24,41417,689,,W0106161625,SM2,2025-11-26,01M,41,2025-11-25 12:49:59,3503,M,GAKKM,543JJL ,0,Nor,56,NO HAY MEDIDOR,56,S,GSC
2025-12-01 00:00:00,773000759448,35,DW,01,D,03,358,PACHECO FERNANDO              ,1C,ACTIVO,6YB210 ,1,F121,00GG,2025-11-01,2025-09-24,32572,306,,W0106161441,SMG,2025-11-26,LIR,41,2025-11-26 10:02:55,3551,R,9EMCB,6YB210 ,0,Nor,60,MEDID NO TRABAJA,60,S,MED
2025-12-01 00:00:00,773010302012,29,DW,01,D,03,291,ALCOCER SOLIS FRANCISCO JAVIER,1C,ACTIVO,654N2D ,2,F622,14LM,2010-03-01,2050-01-01,0,0,,W0106153480,SMC,2025-11-20,LIR,47,,,,,,,,,,,,MED
2025-12-01 00:00:00,773030101340,14,DW,01,D,01,142,REYES MENDEZ JOSE ERIK        ,1D,ACTIVO,BE395M ,2,F623,19NV,2025-12-01,2025-12-09,10194,1206,,W0106085363,SMC,2025-10-09,LIR,89,2025-12-09 11:20:42,1402,L,9EMED,BE395M ,0,Opt,31,SERVICIO SIN USO,,,MED
2025-12-01 00:00:00,773030200585,23,DW,01,D,03,231,SANSORES MONTALVO RENE ROLANDO,1C,ACTIVO,0G36A5 ,1,F621,03F3,2003-01-01,2002-08-26,0,0,,W0106145951,SMC,2025-11-15,LIR,52,,,,,,,,,,,,MED
2025-12-01 00:00:00,771900401309,37,DW,01,B,01,376,SAENZ CASTILLO LIVIA ROXANA   ,1D,ACTIVO,02H66H ,2,F62H,10KN,2025-11-01,2025-09-25,46729,532,,W0106162868,SMC,2025-11-27,LIR,40,2025-11-26 09:26:06,3706,M,GA6XN,02H66H ,0,Nor,53,UI SERV DIRECTO,53,S,MED
2025-12-01 00:00:00,773031101726,21,DW,01,D,03,215,JIMENEZ COUOH CARLOS RODOLFO  ,1C,ACTIVO,48C1C4 ,2,F621,08KG,2025-11-01,2025-09-11,18709,152,,W0106145346,SMC,2025-11-14,LIR,53,2025-11-14 08:36:30,2151,R,9EMCB,48C1C4 ,0,Nor,53,UI SERV DIRECTO,53,S,MED
2025-12-01 00:00:00,773040700683,11,DW,01,D,01,111,REJON SANCHEZ JUAN GABRIEL    ,1D,ACTIVO,BE322U ,2,F623,19NV,2025-11-01,2025-11-06,6140,10,,W0106132966,SMC,2025-11-07,LIR,60,,,,,,,,,,,,MED
2025-12-01 00:00:00,773050303461,31,DW,01,D,03,316,CAUICH CEN MARIA AGUSTINA     ,1C,SUJETO A CORTE,952VLP ,1,F122,16LN,2025-11-01,2025-09-22,32696,810,,W0106155367,SMC,2025-11-21,LIR,46,2025-11-21 10:32:58,3126,L,9BBR3,952VLP ,0,Nor,65,UI MED INVERTIDO,65,S,MED
2025-12-01 00:00:00,771910501972,27,DW,01,B,01,276,MANUEL MONTALVO CRUZ          ,1D,ACTIVO,G361VP ,2,F622,17LM,2025-11-01,2025-09-18,58163,1184,,W0106151742,SMG,2025-11-20,LIR,47,2025-11-19 10:59:56,2706,M,9ND4Y,G361VP ,0,Nor,64,P. INFRARROJO/MED. D,64,S,MED
2025-12-01 00:00:00,773051002848,40,DW,01,D,04,401,BENITEZ CARRILLO LUIS MANUEL  ,1C,ACTIVO,38MJ50 ,2,F421,07GH,2025-12-01,2025-12-29,59263,13,,W0106117944,SMG,2025-10-28,LIR,70,2025-12-29 16:49:59,4028,M,9NCYP,38MJ50 ,13,Nor,  ,,FR,S,MED
2025-12-01 00:00:00,773060400317,21,DW,01,D,03,216,CETINA SERRANO CARLOS         ,1C,ACTIVO,7T287L ,2,F621,06F3,2025-11-01,2025-11-13,29437,0,,W0106145133,SM2,2025-11-14,SAV,53,2025-11-13 10:43:35,2128,L,GAC1M,7T287L ,0,Nor,31,SERVICIO SIN USO,,,GSC
2025-12-01 00:00:00,773070203404,31,DW,01,D,03,319,CEBALLOS GONGORA NANCY JOSEFIN,1C,ACTIVO,96EJ94 ,1,F121,07JL,2025-11-01,2025-09-22,9250,24,,W0106155374,SMG,2025-11-21,LIR,46,2025-11-21 10:22:39,3130,L,9ND4J,96EJ94 ,2,Nor,60,MEDID NO TRABAJA,60,S,MED
2025-12-01 00:00:00,773070204273,31,DW,01,D,03,319,AVILA PINA GUADALUPE DEL S    ,1C,ACTIVO,FKD022 ,1,F123,22NX,2025-11-01,2025-09-22,2254,328,,W0106155378,SMG,2025-11-21,LIR,46,2025-11-21 10:57:34,3130,L,9ND4J,FKD022 ,0,Opt,60,MEDID NO TRABAJA,60,S,MED
2025-12-01 00:00:00,773070204389,31,DW,01,D,03,319,NUNEZ EUAN ERNESTO ALONZO     ,1C,ACTIVO,02WF37 ,1,F121,08JL,2007-01-01,2007-02-20,0,0,,W0106155377,SMG,2025-11-21,LIR,46,,,,,,,,,,,,MED
2025-12-01 00:00:00,773070403837,33,DW,01,D,03,331,BAAS UC JOSE ASUNCION         ,1C,ACTIVO,86FK24 ,1,F121,07JL,2025-11-01,2025-11-25,18046,0,,W0106159644,SMG,2025-11-25,LIR,42,2025-11-25 11:51:19,3351,R,9EMCB,86FK24 ,0,Nor,31,SERVICIO SIN USO,,,MED
2025-12-01 00:00:00,773070703342,31,DW,01,D,03,313,CHAN UICAB MARIA PAULA        ,02,ACTIVO,T238WV ,2,F622,18LM,2007-07-01,2007-07-27,0,0,,W0106155366,SMC,2025-11-21,LIR,46,,,,,,,,,,,,MED
2025-12-01 00:00:00,771980504545,25,DW,01,B,01,257,PENA GOMEZ OSMAN O            ,1D,ACTIVO,81H64M ,2,F62H,10KN,2025-11-01,2025-09-17,92596,1169,,W0106149860,SMG,2025-11-19,LIR,48,2025-11-18 16:37:07,2505,L,GA82N,81H64M ,0,Nor,64,P. INFRARROJO/MED. D,64,S,MED
2025-12-01 00:00:00,773071205702,33,DW,01,D,03,335,TORRES ARCHIVOR SERGIO ENRIQUE,1C,ACTIVO,98K5R5 ,1,F12H,09KU,2010-01-01,2050-01-01,0,0,,W0106159653,SMG,2025-11-25,LIR,42,,,,,,,,,,,,MED
2025-12-01 00:00:00,773080105893,30,DW,01,D,04,305,MOO MARTINEZ MA TERESA DE J   ,1C,ACTIVO,33JM91 ,1,F121,07JL,2025-12-01,2025-08-20,67901,704,,W0106105412,SMC,2025-10-21,LIR,77,2025-12-22 09:48:00,3051,R,9MCDC,33JM91 ,0,Nor,53,UI SERV DIRECTO,53,S,MED
2025-12-01 00:00:00,773080601751,37,DW,01,D,03,374,CHUC PUC LAURA DE LA CRUZ     ,1C,ACTIVO,78TJ94 ,1,F121,08JL,2025-11-01,2025-09-25,3190,9,,W0106163890,SMG,2025-11-27,LIR,40,2025-11-26 10:44:33,3729,L,9NCXD,78TJ94 ,8,Nor,60,MEDID NO TRABAJA,60,S,MED
2025-12-01 00:00:00,773081204658,31,DW,01,D,03,319,ECHEVERRIA CRUZ MANUEL JESUS  ,1C,ACTIVO,2N359H ,1,F121,06JL,2025-11-01,2025-09-22,1295,11,,W0106155373,SMC,2025-11-21,LIR,46,2025-11-21 09:45:36,3130,L,9ND4J,2N359H ,0,Nor,53,UI SERV DIRECTO,53,S,MED
2025-12-01 00:00:00,773090102442,29,DW,01,D,03,293,ZAVALA JIMENEZ VICENTE        ,1C,ACTIVO,00WF25 ,1,F121,08JL,2025-11-01,2025-09-19,19661,13,,W0106153484,SMG,2025-11-20,LIR,47,2025-11-20 11:17:57,2931,L,9MCDC,00WF25 ,0,Nor,60,MEDID NO TRABAJA,60,S,MED
2025-12-01 00:00:00,772000957961,21,DW,01,C,02,218,PISTE HERRERA FELIPE A        ,02,ACTIVO,A866KA ,2,F622,16LM,2000-09-01,2000-09-28,0,0,,W0106158731,SMG,2025-11-24,MED,43,,,,,,,,,,,,MED
2025-12-01 00:00:00,772170601222,37,DW,01,C,02,376,VIDAL GOMEZ ALVARO IVAN       ,1D,BAJA SIN MED RET,F333CK ,1,F122,17LN,2025-11-01,2025-11-26,9,0,,W0106162989,SMC,2025-11-27,LIR,40,,,,,,,,,,,,MED
2025-12-01 00:00:00,773090600647,15,DW,01,B,01,158,OCHOA ALBO VICTOR             ,02,ACTIVO,373G1C ,2,F622,13LM,2010-07-01,2010-08-25,0,0,,W0106138510,SM2,2025-11-11,CCC,56,,,,,,,,,,,,GSC
2025-12-01 00:00:00,773090904930,33,DW,01,D,03,335,BAAS Y BAAS MARIA DE LAS N    ,1C,ACTIVO,C5094D ,1,C111,738V,2025-11-01,2025-07-23,5593,149,,W0106161477,SMC,2025-11-26,LIR,41,2025-11-25 11:15:50,3351,R,9EMCB,C5094D ,0,Nor,53,UI SERV DIRECTO,53,S,MED
2025-12-01 00:00:00,773090905898,25,DW,01,D,03,257,OROZCO LARA VICTOR MANUEL     ,1C,ACTIVO,264TY9 ,1,F122,12LH,2025-11-01,2025-09-17,23847,1007,,W0106149885,SMG,2025-11-19,LIR,48,2025-11-18 11:08:51,2531,L,9JRB6,264TY9 ,0,Nor,60,MEDID NO TRABAJA,60,S,MED
2025-12-01 00:00:00,773091100168,37,DW,01,D,03,375,GONZALEZ PUC JESUS ADRIAN     ,1C,ACTIVO,843G5Y ,1,F122,13LN,2010-01-01,2050-01-01,0,0,,W0106163892,SMC,2025-11-27,LIR,40,,,,,,,,,,,,MED
2025-12-01 00:00:00,773100403276,31,DW,01,D,03,318,CHAU CHAU MARCOS SHILON       ,1C,ACTIVO,DXM908 ,1,F123,22NX,2025-11-01,2025-11-21,5533,0,,W0106155463,SM2,2025-11-21,01M,46,2025-11-21 10:08:16,3131,L,GAC1M,DXM908 ,0,Opt,31,SERVICIO SIN USO,,,GSC
2025-12-01 00:00:00,773100506636,33,DW,01,D,03,335,CAUICH JORGE ISMAEL           ,1C,ACTIVO,116H7A ,1,F122,13LN,2010-03-01,2010-05-25,0,0,,W0106159651,SMG,2025-11-25,LIR,42,,,,,,,,,,,,MED
2025-12-01 00:00:00,773100702583,20,DW,01,D,01,204,ESCOBEDO ALATORRE PEDRO ALBERT,1D,ACTIVO,REK386 ,2,F623,24NY,2024-10-01,2024-10-11,499,136,,W0106092535,SMC,2025-10-14,LIR,84,,,,,,,,,,,,MED
2025-12-01 00:00:00,773100706724,29,DW,01,D,03,296,MEDINA REJON JOSE CARLOS      ,1C,ACTIVO,635GJ7 ,2,F622,12LJ,2025-11-01,2025-09-22,140,0,,W0106153493,SMC,2025-11-20,LIR,47,2025-11-20 08:54:43,2932,L,9ND4J,635GJ7 ,0,Nor,65,UI MED INVERTIDO,65,S,MED
2025-12-01 00:00:00,773100901004,29,DW,01,D,03,294,KANTUN CORONADO MAURICIO      ,1C,ACTIVO,J736PV ,2,F622,17LM,2025-11-01,2025-09-19,19871,443,,W0106153489,SMC,2025-11-20,LIR,47,2025-11-20 16:39:45,2926,L,9BBR3,J736PV ,0,Nor,53,UI SERV DIRECTO,53,S,MED
2025-12-01 00:00:00,773101003336,11,DW,01,D,01,111,MAY ARGAEZ MIGUEL             ,02,ACTIVO,863VD1 ,2,F622,12LJ,2025-11-01,2025-11-07,18453,264,,W0106132961,SMG,2025-11-07,LIR,60,,,,,,,,,,,,MED
2025-12-01 00:00:00,773101005177,36,DW,01,D,01,367,PEREZ MEJIA DELTA KATINGA     ,1D,ACTIVO,635B4X ,2,F622,13LM,2010-10-01,2010-10-26,0,0,,W0106113600,SMG,2025-10-24,LIR,74,,,,,,,,,,,,MED
2025-12-01 00:00:00,773101005401,36,DW,01,D,01,367,HUCHIM CAMPOS NERY ELOISA     ,1D,ACTIVO,99V62X ,2,F62H,11KN,2025-12-01,2025-12-26,42557,1149,,W0106113601,SMC,2025-10-24,LIR,74,2025-12-26 10:31:11,3603,L,9JRB6,99V62X ,1030,Opt,  ,,,,MED
2025-12-01 00:00:00,773101202258,36,DW,01,D,01,367,CETINA AGUILAR FREDDY MARCEL  ,1D,ACTIVO,369VD0 ,2,F622,12LJ,2025-12-01,2025-12-26,50804,537,,W0106113605,SMG,2025-10-24,LIR,74,2025-12-26 11:28:51,3603,L,9JRB6,369VD0 ,537,Opt,  ,,,,MED
2025-12-01 00:00:00,773110102649,29,DW,01,D,03,295,ALONZO MIRANDA JOSE MIGUEL    ,1C,ACTIVO,53G3Y8 ,1,F12H,09KU,2025-11-01,2025-11-21,32977,231,,W0106153492,SMG,2025-11-20,LIR,47,,,,,,,,,,,,MED
2025-12-01 00:00:00,773110309375,17,DW,01,D,01,171,INCLAN CRUZ CELITA            ,1D,ACTIVO,81N25R ,2,F62H,10KN,2011-03-01,2020-01-20,9789,0,,W0106143386,SM2,2025-11-13,SAV,54,,,,,,,,,,,,GSC
2025-12-01 00:00:00,773110403151,32,DW,01,D,03,323,BORGES DOMINGUEZ GERMAN       ,1C,ACTIVO,FKE630 ,1,F123,22NX,2023-10-01,2023-10-20,45,0,,W0106109031,SMC,2025-10-22,LIR,76,,,,,,,,,,,,MED
2025-12-01 00:00:00,773110408373,36,DW,01,D,01,367,JAVIER VALENCIA CANDELAS      ,1C,ACTIVO,UK866Y ,2,F623,21NY,2023-06-01,2023-06-26,941,940,,W0106113594,SMC,2025-10-24,LIR,74,,,,,,,,,,,,MED
2025-12-01 00:00:00,772180200064,35,DW,01,C,02,352,CANUL VARGUEZ JESUS ALBERTO   ,1D,ACTIVO,H838LM ,1,F122,17LN,2025-11-01,2025-01-23,7638,0,,W0106161281,SMG,2025-11-26,LIR,41,2025-11-26 09:50:44,3551,R,9JR53,H838LM ,0,Nor,56,NO HAY MEDIDOR,56,S,MED
2025-12-01 00:00:00,773120102311,62,DW,01,D,01,620,MUNICIPIO DE MERIDA YUCATAN   ,5A,ACTIVO,DTA797 ,3,F623,22NU,2016-11-01,2050-01-01,0,0,,W0106071178,SMC,2025-10-01,LIR,97,,,,,,,,,,,,MED
2025-12-01 00:00:00,773120605436,38,DW,01,D,01,381,MARFIL GONGORA MARIA LETICIA  ,1D,ACTIVO,885RH2 ,2,F622,12LJ,2025-12-01,2025-12-26,38455,1363,,W0106116173,SMG,2025-10-27,LIR,71,2025-12-26 11:06:05,3802,L,R9513,885RH2 ,1363,Opt,  ,,,,MED
2025-12-01 00:00:00,773120605975,26,DW,01,D,04,260,JIMENEZ PERAZA PERLA BEATRIZ  ,1C,ACTIVO,EW846D ,2,F622,19LM,2025-12-01,2025-12-17,20228,2205,,W0106099934,SMC,2025-10-17,LIR,81,2025-12-17 10:23:02,2626,L,9BBR3,EW846D ,527,Opt,  ,,,,MED
2025-12-01 00:00:00,773120803084,07,DW,01,D,01,073,LARA ECHEVERRIA MANUELA DE J  ,1D,ACTIVO,728LVP ,1,F122,16LN,2025-11-01,2025-09-02,37163,745,,W0106129247,SMG,2025-11-05,LIR,62,2025-11-05 09:41:41,0751,R,9EMCB,728LVP ,0,Nor,60,MEDID NO TRABAJA,60,S,MED
2025-12-01 00:00:00,773120901761,37,DW,01,D,03,375,GOMEZ CUSTODIO ISAIAS         ,1C,ACTIVO,BM931N ,1,F123,19NM,2025-11-01,2025-03-26,6107,536,,W0106165936,SMC,2025-11-28,LIR,39,2025-11-27 11:25:54,3751,R,9EMCB,BM931N ,0,Nor,53,UI SERV DIRECTO,53,S,MED
2025-12-01 00:00:00,773121103329,38,DW,01,D,01,381,HERRERA HERRERA MIGUEL ANGEL  ,1D,ACTIVO,474JV9 ,2,F622,12LJ,2025-12-01,2025-12-26,34591,1102,,W0106116174,SMG,2025-10-27,LIR,71,2025-12-26 11:16:05,3802,L,R9513,474JV9 ,1102,Opt,  ,,,,MED
2025-12-01 00:00:00,773121201355,25,DW,01,D,03,257,SOLIS SAMOS CARLOS MIGUEL     ,1C,ACTIVO,41A0C8 ,1,F121,08JL,2025-11-01,2025-09-17,6512,0,,W0106149879,SMG,2025-11-19,LIR,48,2025-11-18 10:09:53,2531,L,9JRB6,41A0C8 ,0,Nor,60,MEDID NO TRABAJA,60,S,MED
2025-12-01 00:00:00,773121203081,14,DW,01,D,01,143,LOPEZ POOT ANGELA CECILIA     ,1D,ACTIVO,316KB6 ,2,F622,12LJ,2025-12-01,2025-08-08,16484,232,,W0106085365,SMC,2025-10-09,LIR,89,2025-12-09 11:42:22,1403,L,9BBR3,316KB6 ,0,Nor,53,UI SERV DIRECTO,53,S,MED
2025-12-01 00:00:00,773130204243,33,DW,01,D,03,330,UH CERVERA RODRIGO            ,1C,ACTIVO,REJ527 ,2,F623,24NY,2013-01-01,2013-03-06,0,0,,W0106159643,SMC,2025-11-25,LIR,42,,,,,,,,,,,,MED
2025-12-01 00:00:00,773130303144,36,DW,01,D,01,362,NOVELO DEL VALLE DAVID ALBERTO,1D,ACTIVO,M652RF ,2,F622,17LM,2025-12-01,2025-12-26,3198,38,,W0106113588,SMG,2025-10-24,LIR,74,2025-12-26 09:06:57,3604,L,9MCDC,M652RF ,38,Opt,  ,,,,MED
2025-12-01 00:00:00,773130603491,26,DW,01,D,04,260,MIRANDA POOT MARSHA CRISTINA  ,1C,ACTIVO,JBL847 ,2,F623,23NU,2023-06-01,2023-06-19,6913,0,,W0106099935,SMC,2025-10-17,LIR,81,,,,,,,,,,,,MED
2025-12-01 00:00:00,773130704190,29,DW,01,D,03,290,TACU CAUICH MARIA FIDELIA     ,1C,BAJA SIN MED RET,Y980MH ,2,F623,19NU,2025-11-01,2025-11-21,2,0,,W0106154730,SMC,2025-11-21,LIR,46,,,,,,,,,,,,MED
2025-12-01 00:00:00,773130800229,38,DW,01,D,01,381,GARRIDO EUAN RUTH MARIA DEL R ,1D,ACTIVO,888RJ1 ,2,F622,12LJ,2025-12-01,2025-12-26,9596,197,,W0106116172,SMG,2025-10-27,LIR,71,2025-12-26 10:03:05,3802,L,R9513,888RJ1 ,197,Opt,  ,,,,MED
2025-12-01 00:00:00,773130801543,32,DW,01,D,04,324,ESCALANTE POOL ZAMI NABORY    ,1C,ACTIVO,920RH5 ,2,F622,12LJ,2025-12-01,2025-08-21,46925,629,,W0106109034,SMC,2025-10-22,LIR,76,2025-12-22 11:08:58,3228,L,GAC1M,920RH5 ,0,Nor,53,UI SERV DIRECTO,53,S,MED
2025-12-01 00:00:00,773131204697,29,DW,01,D,03,294,BAAS AVILES MIGUEL ANGEL      ,1C,ACTIVO,LF328W ,1,F123,20NT,2021-03-01,2021-03-23,12900,798,,W0106153488,SMC,2025-11-20,LIR,47,,,,,,,,,,,,MED
2025-12-01 00:00:00,773140105740,26,DW,01,D,04,261,CHE ABAN JOSE EZEQUIEL        ,1C,ACTIVO,XMN874 ,1,F123,24NX,2025-08-01,2025-08-18,27010,622,,W0106104601,SMW,2025-10-20,01B,78,2025-08-19 11:09:18,2651,R,9MCDC,XMN874 ,27013,Nor,44,NUM MEDID DESIGU,44,S,GSC
2025-12-01 00:00:00,773140205213,36,DW,01,D,01,362,PALMA TEYER NORA ESTHER       ,02,ACTIVO,JCX153 ,2,F623,23NU,2023-10-01,2023-10-24,53,53,,W0106113587,SMC,2025-10-24,LIR,74,,,,,,,,,,,,MED
2025-12-01 00:00:00,773140400784,19,DW,01,D,01,196,PADILLA SANCHEZ ENEDINO       ,1D,ACTIVO,902G1Y ,1,F122,13LN,2025-11-01,2025-09-10,9345,567,,W0106141620,SMC,2025-11-12,LIR,55,2025-11-12 11:01:56,1903,L,9BBR3,902G1Y ,0,Nor,53,UI SERV DIRECTO,53,S,MED
2025-12-01 00:00:00,773140707979,29,DW,01,D,03,294,CARVAJAL CAMARA JESUS GASPAR  ,1C,ACTIVO,889RM6 ,1,F122,12LH,2025-11-01,2025-09-19,22262,936,,W0106154733,SMC,2025-11-21,LIR,46,2025-11-21 12:02:46,2951,R,9EMCB,889RM6 ,0,Nor,53,UI SERV DIRECTO,53,S,MED
2025-12-01 00:00:00,773141000178,26,DW,01,D,04,260,RUBIO POOT XIOMARA DEL REFUGIO,1C,ACTIVO,RBN285 ,2,F623,24NY,2025-12-01,2025-12-17,2344,1876,,W0106099932,SMC,2025-10-17,LIR,81,2025-12-17 10:22:26,2626,L,9BBR3,RBN285 ,686,Opt,  ,,,,MED
2025-12-01 00:00:00,773150501589,19,DW,01,D,01,196,ACOSTA CAMBRANO ROGELIO       ,1D,ACTIVO,3BCE24 ,2,F623,25P2,2025-11-01,2025-11-12,14692,0,,W0106141622,SMC,2025-11-12,LIR,55,2025-11-12 11:49:49,1903,L,9BBR3,3BCE24 ,0,Nor,53,UI SERV DIRECTO,53,S,MED
2025-12-01 00:00:00,773150505649,37,DW,01,D,03,374,CHAN MARIA JULIANA            ,1C,ACTIVO,913ATA ,1,F122,14LN,2025-11-01,2025-09-25,32589,398,,W0106163889,SMC,2025-11-27,LIR,40,2025-11-26 10:05:41,3729,L,9NCXD,913ATA ,0,Nor,53,UI SERV DIRECTO,53,S,MED
2025-12-01 00:00:00,772190200534,37,DW,01,C,02,376,LOPEZ IBARRA PAOLA M          ,1D,ACTIVO,991X9R ,2,F622,14LM,2025-11-01,2025-01-24,5647,0,,W0106107469,SM2,2025-10-21,01M,77,2025-11-27 10:00:36,3751,R,9EMME,991X9R ,0,Nor,56,NO HAY MEDIDOR,56,S,GSC
2025-12-01 00:00:00,773151203379,36,DW,01,D,01,367,TAH ESCAMILLA JOEL ARMANDO    ,1D,ACTIVO,G183LW ,2,F622,17LM,2025-12-01,2025-12-26,29461,1003,,W0106113599,SMG,2025-10-24,LIR,74,2025-12-26 10:25:51,3603,L,9JRB6,G183LW ,1003,Opt,  ,,,,MED
2025-12-01 00:00:00,773151203531,25,DW,01,D,03,259,TORRES YEH GELMY SARAI        ,1C,ACTIVO,824HRJ ,1,F122,15LN,2025-11-01,2025-09-17,45294,1250,,W0106149890,SMC,2025-11-19,LIR,48,2025-11-18 10:30:41,2533,L,9BBR3,824HRJ ,0,Nor,53,UI SERV DIRECTO,53,S,MED
2025-12-01 00:00:00,773160104022,25,DW,01,D,03,257,SANTOS MEX JOSE FRANCISCO     ,1C,ACTIVO,843HRK ,1,F122,15LN,2025-11-01,2025-05-19,29821,796,,W0106149887,SMC,2025-11-19,LIR,48,2025-11-18 12:39:29,2531,L,9JRB6,843HRK ,0,Nor,53,UI SERV DIRECTO,53,S,MED
2025-12-01 00:00:00,773160201419,38,DW,01,D,03,383,MENDEZ MISS SAMUEL            ,1C,ACTIVO,142JKL ,2,F622,15LM,2025-12-01,2025-08-26,11798,166,,W0106116187,SMC,2025-10-27,LIR,71,2025-12-26 11:49:27,3826,L,9BBR3,142JKL ,0,Nor,65,UI MED INVERTIDO,65,S,MED
2025-12-01 00:00:00,773160204523,37,DW,01,D,03,374,MEDINA CABALLERO LEONARDO GABR,1C,ACTIVO,624DGY ,1,F122,15LN,2025-11-01,2024-09-25,15681,495,,W0106165934,SMC,2025-11-28,LIR,39,2025-11-27 11:56:16,3751,R,9EMCB,624DGY ,0,Nor,53,UI SERV DIRECTO,53,S,MED
2025-12-01 00:00:00,773160802650,26,DW,01,D,04,260,RAMOS LEON LAZARO             ,1C,ACTIVO,984KTT ,1,F122,15LN,2025-12-01,2025-02-18,8936,59,,W0106106204,SMW,2025-10-21,01B,77,2025-12-19 09:57:56,2851,R,9MCDC,984KTT ,93502,Nor,44,NUM MEDID DESIGU,44,S,GSC
2025-12-01 00:00:00,773160803362,33,DW,01,D,03,335,BOLIO ORTIZ ISABEL GUADALUPE  ,1C,ACTIVO,011KTX ,1,F122,15LN,2025-11-01,2025-09-23,5801,326,,W0106159652,SMG,2025-11-25,LIR,42,2025-11-25 09:39:37,3351,R,9EMCB,011KTX ,0,Nor,60,MEDID NO TRABAJA,60,S,MED
2025-12-01 00:00:00,772200500051,33,DW,01,C,02,334,KU MAY ELSA MARIA DEL REFUGIO ,1D,ACTIVO,X561TH ,2,F623,19NU,2025-11-01,2025-11-24,7279,1195,,W0106159276,SMC,2025-11-25,LIR,42,,,,,,,,,,,,MED
2025-12-01 00:00:00,773161101388,35,DW,01,D,03,357,CANO GUEMEZ SAIDY SUGEY       ,1C,ACTIVO,730ADB ,1,F122,14LN,2025-11-01,2025-11-07,0,300,,W0106161432,SMC,2025-11-26,LIR,41,2025-11-25 12:33:02,3530,L,9BBR3,730ADB ,0,Nor,53,UI SERV DIRECTO,53,S,MED
2025-12-01 00:00:00,773161202427,35,DW,01,D,03,350,LOPEZ GONZALEZ JORGE LUIS     ,1C,ACTIVO,764VWV ,1,F122,16LN,2025-11-01,2025-09-24,8980,483,,W0106161409,SMC,2025-11-26,LIR,41,2025-11-25 13:50:33,3526,L,9JRB6,764VWV ,0,Nor,53,UI SERV DIRECTO,53,S,MED
2025-12-01 00:00:00,773170104225,06,DW,01,J,04,063,ALONZO ORTIZ ANGEL FERNANDO   ,1C,CORTADO,PJM375 ,1,F123,24NX,2024-04-01,2024-04-02,8765,754,,W0106076038,SMW,2025-10-03,01G,95,,,,,,,,,,,,GSC
2025-12-01 00:00:00,773170305263,31,DW,01,D,03,318,DE ANGELIS   SERGIO           ,1C,ACTIVO,FJX439 ,1,F123,22NX,2025-11-01,2023-10-22,0,0,,W0106158243,SM2,2025-11-24,SAV,43,2025-11-21 10:37:41,3131,L,GAC1M,FJX439 ,0,Nor,59,DISPLAY APAGADO,59,S,GSC
2025-12-01 00:00:00,773170803441,31,DW,01,D,03,319,BAAS MUNOZ JESUS MANUEL       ,1C,ACTIVO,685TW9 ,1,F122,12LH,2017-07-01,2017-09-02,0,0,,W0106155380,SMC,2025-11-21,LIR,46,,,,,,,,,,,,MED
2025-12-01 00:00:00,773180800815,36,DW,01,D,01,367,SOSA SANTOS GEORGINA DEL ROSAR,02,SUJETO A CORTE,N763GE ,2,F622,18LM,2025-12-01,2025-12-26,528,31,,W0106113598,SMG,2025-10-24,LIR,74,2025-12-26 09:26:44,3603,L,9JRB6,N763GE ,31,Opt,  ,,,,MED
2025-12-01 00:00:00,773190103560,37,DW,01,D,03,370,RODRIGUEZ PALMA CINTHIA DEL CA,1C,ACTIVO,78G8D6 ,1,F12H,09KU,2025-11-01,2025-09-25,7290,200,,W0106165930,SMC,2025-11-28,LIR,39,2025-11-27 10:00:29,3751,R,9EMCB,78G8D6 ,0,Nor,53,UI SERV DIRECTO,53,S,MED
2025-12-01 00:00:00,773190500305,25,DW,01,D,03,253,ANGUAS CAMPOS EDIDIE FANNY    ,1C,ACTIVO,763WG1 ,1,F122,13LN,2025-11-01,2025-09-17,10036,274,,W0106149875,SMC,2025-11-19,LIR,48,2025-11-18 11:45:51,2529,L,9NCYP,763WG1 ,0,Nor,53,UI SERV DIRECTO,53,S,MED
2025-12-01 00:00:00,773191001094,08,DW,01,J,04,082,PECH YAH CARLOS ARMANDO       ,1C,ACTIVO,922JBY ,1,F122,15LN,2025-12-01,2025-08-05,6304,1,,W0106076316,SMG,2025-10-03,LIR,95,2025-12-04 09:40:41,0827,L,9BBN1,922JBY ,0,Nor,64,P. INFRARROJO/MED. D,64,S,MED
2025-12-01 00:00:00,773191002201,23,DW,01,D,03,234,TUN CAAMAL LUIS F             ,1C,SUJETO A CORTE,576G1Y ,1,F122,13LN,2025-11-01,2025-09-12,4400,180,,W0106150207,SMC,2025-11-19,LIR,48,2025-11-18 11:58:59,2351,R,9EMCB,576G1Y ,0,Nor,53,UI SERV DIRECTO,53,S,MED
2025-12-01 00:00:00,773191102982,37,DW,01,D,03,379,BAAS EK KATIA KARELI          ,1C,ACTIVO,CVN301 ,2,F623,22NU,2022-09-01,2022-09-27,5105,0,,W0106163923,SMC,2025-11-27,LIR,40,,,,,,,,,,,,MED
2025-12-01 00:00:00,773191201719,37,DW,01,D,03,374,BOJORQUEZ CIME FRANCISCO GEOVA,1C,BAJA SIN MED RET,149VBL ,1,F122,16LN,2025-11-01,2025-11-26,4468,0,,W0106163891,SMC,2025-11-27,LIR,40,,,,,,,,,,,,MED
2025-12-01 00:00:00,773200303660,21,DW,01,D,03,216,TUN WILLIAM DAMIAN            ,1C,ACTIVO,6AAA56 ,2,F623,25NY,2025-11-01,2025-09-01,0,348,,W0106144591,SMC,2025-11-14,LIR,53,2025-11-14 08:44:49,2151,R,9EMCB,6AAA56 ,0,Nor,53,UI SERV DIRECTO,53,S,MED
2025-12-01 00:00:00,772210400365,35,DW,01,C,02,351,GUTIERREZ SANCHEZ DEYANIRA    ,1D,ACTIVO,NT520F ,2,F623,20NU,2025-11-01,2025-07-24,5843,228,,W0106162530,SM2,2025-11-26,01H,41,2025-11-26 11:07:40,3551,R,9JR53,NT520F ,0,Nor,59,DISPLAY APAGADO,59,S,GSC
2025-12-01 00:00:00,773200900811,28,DW,01,D,03,282,TORRES KU DIANA               ,1C,ACTIVO,PKA676 ,1,F123,24NX,2024-12-01,2024-12-18,9632,1419,,W0106102990,SMC,2025-10-20,LIR,78,,,,,,,,,,,,MED
2025-12-01 00:00:00,773201001403,32,DW,01,D,03,322,GUTIERREZ JIMENEZ YOLANDA     ,1C,ACTIVO,FK805H ,1,F122,19LN,2025-12-01,2025-06-23,17798,585,,W0106109022,SMG,2025-10-22,LIR,76,2025-12-22 09:38:43,3226,M,GAKVM,FK805H ,0,Nor,59,DISPLAY APAGADO,59,S,MED
2025-12-01 00:00:00,773210202934,15,DW,01,D,01,158,GALILEA ARANDA CRISTOBAL IGNAC,1D,ACTIVO,NR524U ,2,F623,20NU,2025-11-01,2025-01-09,4624,281,,W0106137691,SMC,2025-11-11,LIR,56,2025-11-10 10:14:27,1505,L,9NCXD,NR524U ,0,Nor,53,UI SERV DIRECTO,53,S,MED
2025-12-01 00:00:00,773210704972,31,DW,01,D,03,319,LOEZA   BERTHA                ,1C,ACTIVO,739E9Y ,1,F122,13LN,2025-11-01,2025-11-24,7270,499,,W0106155376,SMG,2025-11-21,LIR,46,,,,,,,,,,,,MED
2025-12-01 00:00:00,773220102971,34,DW,01,D,01,343,CUXIN CHI MERCI YULIANA       ,1D,ACTIVO,JAH340 ,2,F623,23NU,2025-12-01,2025-08-19,0,108,,W0106113031,SM2,2025-10-23,01M,75,2025-12-26 08:38:38,3451,R,9EMED,JAH340 ,0,Nor,51,NO ENCONTRE DOMI,,,GSC
2025-12-01 00:00:00,773220201499,35,DW,01,D,03,351,MONTERO ORTIZ FREDDY ENRIQUE  ,1C,ACTIVO,PBJ373 ,1,F123,24NX,2025-11-01,2025-06-24,0,365,,W0106149236,SMC,2025-11-18,01M,49,2025-11-25 09:20:24,3527,L,9NCYP,PBJ373 ,0,Nor,53,UI SERV DIRECTO,53,S,MED
2025-12-01 00:00:00,773220204111,06,DW,01,J,04,062,MARTINEZ TUN JOSE ROMAN       ,1C,ACTIVO,YP284U ,2,F623,21NU,2025-12-01,2024-10-02,5647,495,,W0106074084,SMC,2025-10-02,LIR,96,2025-12-03 09:33:36,0626,L,9NCYF,YP284U ,0,Nor,53,UI SERV DIRECTO,53,S,MED
2025-12-01 00:00:00,773220401153,37,DW,01,D,03,377,FACUNDO ESPINOSA GERARDO MIGUE,1C,ACTIVO,8AYA12 ,1,F623,25P2,2025-11-01,2025-11-21,0,441,,W0106163903,SMC,2025-11-27,LIR,40,2025-11-27 10:41:42,3751,R,9EMCB,8AYA12 ,0,Nor,53,UI SERV DIRECTO,53,S,MED
2025-12-01 00:00:00,773220900591,35,DW,01,D,03,351,SAUCEDO DE DIOS ANAYENSI MICAE,1C,ACTIVO,TB634E ,1,F123,21NX,2025-11-01,2025-09-24,17372,2005,,W0106161418,SMG,2025-11-26,LIR,41,2025-11-25 12:21:15,3527,L,9NCYP,TB634E ,0,Nor,60,MEDID NO TRABAJA,60,S,MED
2025-12-01 00:00:00,773221100815,35,DW,01,D,03,351,UICAB CANCHE LEIDY ESMERALDA  ,1C,ACTIVO,AUB611 ,1,F123,22NX,2025-11-01,2025-09-24,5024,293,,W0106161417,SMG,2025-11-26,LIR,41,2025-11-25 12:15:23,3527,L,9NCYP,AUB611 ,0,Nor,60,MEDID NO TRABAJA,60,S,MED
2025-12-01 00:00:00,772211000158,29,DW,01,C,02,294,MAURICIO BALAM SAMUEL JULIAN  ,1D,ACTIVO,VJ354D ,1,21LN,21LN,2025-11-01,2025-09-19,18488,1060,,W0106155596,SM2,2025-11-21,01H,46,2025-11-20 08:34:27,2904,L,G92B5,VJ354D ,0,Nor,56,NO HAY MEDIDOR,56,S,GSC
2025-12-01 00:00:00,773230300304,37,DW,01,D,03,378,MORALES RAZO ALICIA           ,1C,ACTIVO,ATW830 ,1,F123,22NX,2025-11-01,2025-07-25,319,0,,W0106163917,SMC,2025-11-27,LIR,40,2025-11-27 10:21:00,3751,R,9EMCB,ATW830 ,0,Nor,53,UI SERV DIRECTO,53,S,MED
2025-12-01 00:00:00,772791201953,09,DW,01,C,02,095,MIZ LIZARRAGA AMAYRANY IRANEL ,1D,ACTIVO,6BCD60 ,2,F623,25P2,2025-11-01,2025-11-05,32925,1330,,W0106130494,SMC,2025-11-05,LIR,62,,,,,,,,,,,,MED
2025-12-01 00:00:00,773230502667,38,DW,01,D,01,385,VAZQUEZ HERNANDEZ FERNANDO ART,1D,ACTIVO,06NF71 ,2,F421,07GH,2025-12-01,2025-12-26,3,0,,W0106116182,SMG,2025-10-27,LIR,71,2025-12-26 09:56:10,3805,L,GAKVM,06NF71 ,0,Nor,31,SERVICIO SIN USO,,,MED
2025-12-01 00:00:00,773230603676,37,DW,01,D,03,376,ESPINOSA LANDERO CINTHIA      ,1C,ACTIVO,FJU297 ,1,F123,22NX,2025-11-01,2025-05-28,4538,408,,W0106163897,SMC,2025-11-27,LIR,40,2025-11-26 16:19:19,3731,L,9NCYP,FJU297 ,0,Nor,53,UI SERV DIRECTO,53,S,MED
2025-12-01 00:00:00,772791203891,09,DW,01,C,02,094,JOSE SANCHEZ GARCIA           ,1D,ACTIVO,8X395L ,1,F121,06JL,2025-11-01,2025-09-05,4957,82,,W0106131563,SM2,2025-11-06,01M,61,2025-11-05 08:53:09,0903,M,9JRG4,8X395L ,0,Nor,56,NO HAY MEDIDOR,56,S,GSC
2025-12-01 00:00:00,773230803462,37,DW,01,D,03,378,LEON PAEZ AUGUSTO JONATHAN    ,1C,ACTIVO,FJY961 ,1,F123,22NX,2025-11-01,2025-07-25,2558,63,,W0106163919,SMC,2025-11-27,LIR,40,2025-11-27 10:33:55,3751,R,9EMCB,FJY961 ,0,Nor,53,UI SERV DIRECTO,53,S,MED
2025-12-01 00:00:00,773231001475,35,DW,01,D,03,351,TEC MEDINA LUIS ANTONIO       ,1C,ACTIVO,GGU379 ,1,F123,22NJ,2025-11-01,2025-09-24,0,0,,W0106161412,SMG,2025-11-26,LIR,41,2025-11-25 10:02:38,3527,L,9NCYP,GGU379 ,0,Nor,60,MEDID NO TRABAJA,60,S,MED
2025-12-01 00:00:00,772870800307,21,DW,01,C,02,211,PEREZ RUIZ ENRIQUE ANTONIO    ,1D,ACTIVO,RBJ501 ,2,F623,24NY,2025-03-01,2025-03-13,32943,0,,W0106144851,SMW,2025-11-14,01M,53,2025-03-14 11:12:00,2151,N,9JRG2,RBJ501 ,0,Nor,56,NO HAY MEDIDOR,56,S,GSC
2025-12-01 00:00:00,773031001837,35,DW,01,D,03,358,PECH BAAS RAMIRO              ,1C,ACTIVO,9K66K4 ,1,F121,03GG,2025-11-01,2025-09-24,42718,299,,W0106161442,SMG,2025-11-26,LIR,41,2025-11-26 12:04:27,3551,R,9EMCB,9K66K4 ,0,Nor,60,MEDID NO TRABAJA,60,S,MED
2025-12-01 00:00:00,773240206179,37,DW,01,D,03,379,EDUARDO ALDAIR BAAS UICAB     ,1C,ACTIVO,KKJ558 ,2,F623,23NU,2025-11-01,2025-09-25,2661,267,,W0106163924,SMC,2025-11-27,LIR,40,2025-11-26 13:16:58,3734,L,9JRB6,KKJ558 ,0,Nor,53,UI SERV DIRECTO,53,S,MED
2025-12-01 00:00:00,773240301449,19,DW,01,D,01,196,PEREZ LORIA ANGEL ALFONSO     ,02,ACTIVO,5BDA03 ,2,F623,25P2,2025-11-01,2025-11-19,0,0,,W0106141621,SMC,2025-11-12,LIR,55,2025-11-12 10:22:34,1903,L,9BBR3,JCL728 ,0,Nor,53,UI SERV DIRECTO,53,S,MED
2025-12-01 00:00:00,773240301481,19,DW,01,D,01,197,PERALTA REYES PLACIDA         ,1D,ACTIVO,LMV597 ,1,F123,23NX,2025-11-01,2025-09-10,1132,150,,W0106143365,SMC,2025-11-13,LIR,54,2025-11-13 09:38:27,1951,R,9EMCB,LMV597 ,0,Nor,53,UI SERV DIRECTO,53,S,MED
2025-12-01 00:00:00,773240302500,37,DW,01,D,03,378,NOVELO KUK CARMEN CONCEPCION  ,1C,ACTIVO,LNE296 ,1,F123,23NX,2025-11-01,2025-09-25,139,29,,W0106163915,SMC,2025-11-27,LIR,40,2025-11-26 11:09:35,3733,L,G92B2,LNE296 ,0,Nor,65,UI MED INVERTIDO,65,S,MED
2025-12-01 00:00:00,773240303581,29,DW,01,D,03,298,COOL CHE JOHNIL RICHARD       ,02,ACTIVO,UW058J ,2,F623,21NY,2025-11-01,2025-09-19,3355,683,,W0106153496,SMG,2025-11-20,LIR,47,2025-11-20 08:56:36,2928,L,9NCYP,UW058J ,0,Nor,60,MEDID NO TRABAJA,60,S,MED
2025-12-01 00:00:00,773240500727,14,DW,01,D,01,141,ESPADAS PERAZA SAUL ANDRES    ,02,ACTIVO,JGA950 ,2,F623,23NU,2025-12-01,2025-12-09,11,11,,W0106085357,SMC,2025-10-09,LIR,89,2025-12-09 18:25:08,1401,L,9BBR3,JGA950 ,27019,Nor,44,NUM MEDID DESIGU,44,S,MED
2025-12-01 00:00:00,773240600331,37,DW,01,D,03,370,CRUZ ALIPI MARIA ESTHER       ,1C,ACTIVO,GBY552 ,1,F123,23NX,2025-11-01,2025-07-25,1277,223,,W0106166191,SMC,2025-11-28,SAV,39,2025-11-27 10:03:15,3751,R,9EMCB,GBY552 ,99235,Nor,44,NUM MEDID DESIGU,44,S,MED
2025-12-01 00:00:00,773240702079,32,DW,01,D,03,322,CONTRERAS BRICENO JOSEFINA IRE,02,ACTIVO,WNW159 ,2,F623,24P2,2024-12-01,2024-12-20,23,12,,W0106106309,SMC,2025-10-21,01M,77,2024-12-20 09:37:50,3226,L,9NCYP,307JHL ,131,Nor,44,NUM MEDID DESIGU,44,S,MED
2025-12-01 00:00:00,773240703326,25,DW,01,D,03,257,MEDINA CANCHE LUIS FELIPE     ,1C,ACTIVO,GMN280 ,1,F123,23NX,2025-11-01,2025-09-17,1170,60,,W0106150550,SMC,2025-11-19,SAV,48,2025-11-18 10:05:05,2531,L,9JRB6,GMN280 ,62834,Nor,44,NUM MEDID DESIGU,44,S,MED
2025-12-01 00:00:00,773241001821,37,DW,01,D,03,377,FERRER TREVINO EBLIN RODOLFO  ,1C,ACTIVO,RDN883 ,2,F623,24NY,2025-11-01,2025-09-26,704,205,,W0106165937,SMC,2025-11-28,LIR,39,2025-11-27 10:52:19,3751,R,9EMCB,RDN883 ,0,Nor,53,UI SERV DIRECTO,53,S,MED
2025-12-01 00:00:00,773241004979,03,DW,01,D,05,031,NEVARES CERVERA RICARDO ARMAND,1C,BAJA,,2,,,2026-01-01,2026-01-05,1,1,,W0106124523,SMC,2025-10-31,LIR,67,,,,,,,,,,,,MED
2025-12-01 00:00:00,773250102185,33,DW,01,D,03,331,UICAB EK FELICIANO            ,1C,ACTIVO,PKE428 ,1,F123,24NX,2025-11-01,2025-01-23,0,0,,W0106159649,SMC,2025-11-25,LIR,42,2025-11-24 18:45:04,3329,L,9BBR3,PKE428 ,0,Nor,53,UI SERV DIRECTO,53,S,MED
2025-12-01 00:00:00,773250103386,36,DW,01,D,01,362,DORANTES ALCOCER CINTHIA ISABE,1D,ACTIVO,RBE655 ,2,F623,24NY,2025-12-01,2025-12-26,3579,225,,W0106113592,SMC,2025-10-24,LIR,74,2025-12-26 16:06:29,3604,L,9MCDC,RBE655 ,225,Opt,  ,,,,MED
2025-12-01 00:00:00,773250400585,33,DW,01,D,03,331,ARJONA SOLIS JOSE GONZALO     ,1C,ACTIVO,JFY755 ,2,F623,23NU,2025-11-01,2025-07-23,0,0,,W0106161475,SMC,2025-11-26,LIR,41,2025-11-25 13:04:11,3351,R,9EMCB,JFY755 ,0,Nor,53,UI SERV DIRECTO,53,S,MED
2025-12-01 00:00:00,773250400593,35,DW,01,D,03,351,ESCALANTE BERNALDO AUGUSTO    ,1C,ACTIVO,RAW552 ,2,F623,24NY,2025-11-01,2025-05-26,195,195,,W0106161410,SMC,2025-11-26,LIR,41,2025-11-25 09:24:21,3527,L,9NCYP,RAW552 ,0,Nor,53,UI SERV DIRECTO,53,S,MED
2025-12-01 00:00:00,773250403177,38,DW,01,D,01,385,REYES SANCHEZ MARIA LAURA     ,1D,ACTIVO,643G6K ,2,F622,13LM,2025-12-01,2025-08-26,229,114,,W0106117294,SMC,2025-10-27,LIR,71,2025-12-26 15:59:52,3805,L,GAKVM,643G6K ,0,Nor,53,UI SERV DIRECTO,53,S,MED
2025-12-01 00:00:00,773250403851,37,DW,01,D,03,377,UICAB UICAB MARIA ISABEL      ,1C,ACTIVO,PHV970 ,1,F123,24NX,2025-11-01,2025-07-25,747,373,,W0106163908,SMC,2025-11-27,LIR,40,2025-11-27 10:38:27,3751,R,9EMCB,PHV970 ,0,Nor,53,UI SERV DIRECTO,53,S,MED
2025-12-01 00:00:00,773250501411,38,DW,01,D,01,385,URIBE RUIZ PEDRO ALFONSO      ,1D,ACTIVO,M414UN ,2,F622,17LM,2025-12-01,2025-12-26,823,691,,W0106116185,SMC,2025-10-27,LIR,71,2025-12-26 16:04:38,3805,L,GAKVM,M414UN ,160,Opt,  ,,,,MED
2025-12-01 00:00:00,773250700601,34,DW,01,D,01,343,UH MEX CARLOS ENRIQUE         ,1D,ACTIVO,UL725V ,2,F623,21NY,2025-12-01,2025-08-25,0,0,,W0106112889,SMC,2025-10-23,LIR,75,2025-12-26 08:36:52,3451,R,9EMED,UL725V ,0,Nor,53,UI SERV DIRECTO,53,S,MED
2025-12-01 00:00:00,773250700945,23,DW,01,H,40,233,SANTIAGO CHI ZEYDI GUADALUPE  ,1C,ACTIVO,9DVM85 ,2,F623,25NY,2025-11-01,2025-09-12,50,25,,W0106154266,SMC,2025-11-21,01K,46,2025-11-15 11:55:47,2351,R,9JR2C,9DVM85 ,0,Nor,51,NO ENCONTRE DOMI,,,MED
2025-12-01 00:00:00,773250700953,26,DW,01,D,04,261,SANTIAGO CHI ZEYDI GUADALUPE  ,1C,ACTIVO,1DVN01 ,2,F623,25NY,2025-12-01,2025-07-18,1000,1000,,W0106164769,SM2,2025-11-27,01K,40,2025-12-18 09:35:24,2651,R,9EMCB,1DVN01 ,99159,Nor,44,NUM MEDID DESIGU,44,S,GSC
2025-12-01 00:00:00,773250703120,29,DW,01,D,03,290,SOLIS BARRERA JOSE RICARDO    ,1C,ACTIVO,6DWB37 ,2,F623,25NY,2025-11-01,2025-07-21,45,45,,W0106153479,SMC,2025-11-20,LIR,47,2025-11-20 11:20:28,2930,L,GAAFN,6DWB37 ,0,Nor,53,UI SERV DIRECTO,53,S,MED
2025-12-01 00:00:00,773250902661,38,DW,01,D,01,385,HUACUZ BAUTISTA ANGEL         ,1D,ACTIVO,1BCF75 ,2,F623,25P2,2025-12-01,2025-12-26,327,327,,W0106116183,SMC,2025-10-27,LIR,71,2025-12-26 14:23:58,3805,L,GAKVM,1BCF75 ,327,Opt,  ,,,,MED
2025-12-01 00:00:00,773750600271,04,DW,01,D,01,040,ERNESTO KANTUN                ,1D,SUJETO A CORTE,2M9U50 ,2,F421,01GH,2025-12-01,2025-12-02,42747,0,,W0106151011,SM2,2025-11-19,CDD,48,2025-12-02 09:16:12,0401,L,GAKVM,2M9U50 ,0,Nor,31,SERVICIO SIN USO,,,GSC
2025-12-01 00:00:00,773760500151,35,DW,01,D,03,350,ROBERTO BAAS                  ,1C,ACTIVO,L7844M ,1,W111,76C0,2025-11-01,2021-05-01,2007,2,,W0106161407,SMG,2025-11-26,LIR,41,2025-11-25 10:37:35,3526,L,9JRB6,L7844M ,0,Nor,60,MEDID NO TRABAJA,60,S,MED
2025-12-01 00:00:00,773770900076,33,DW,01,D,03,337,FLORENTINO CHAN COCOM         ,1C,CORTADO,637U8P ,1,F122,14LN,2025-11-01,2025-05-23,7691,386,,W0106159657,SMC,2025-11-25,LIR,42,2025-11-24 10:54:25,3326,L,9JRB6,637U8P ,0,Nor,53,UI SERV DIRECTO,53,S,MED
2025-12-01 00:00:00,773050700614,25,DW,01,D,03,250,NOVELO HERNANDEZ CARMEN NOEMI ,1C,ACTIVO,9L705X ,1,F121,05JF,2025-11-01,2025-11-20,19830,17,,W0106153153,SMG,2025-11-20,01D,47,2025-11-18 10:40:29,2526,L,9NCYM,9L705X ,20814,Nor,35,UI CONTROLADO POR TE,35,S,MED
2025-12-01 00:00:00,773810800525,33,DW,01,D,03,331,SECUNDINO CAUICH EK           ,1C,ACTIVO,05GM51 ,1,F121,07JL,2025-11-01,2025-09-23,27333,0,,W0106159645,SMG,2025-11-25,LIR,42,2025-11-25 11:38:13,3351,R,9EMCB,05GM51 ,0,Nor,60,MEDID NO TRABAJA,60,S,MED
2025-12-01 00:00:00,773071001848,35,DW,01,D,03,350,ORTIZ DOMINGUEZ YAMIR OSWALDO ,1C,ACTIVO,925RL4 ,1,F122,12LH,2025-11-01,2025-09-24,35993,489,,W0106161406,SMG,2025-11-26,LIR,41,2025-11-25 10:05:12,3526,L,9JRB6,925RL4 ,0,Nor,60,MEDID NO TRABAJA,60,S,MED
2025-12-01 00:00:00,773840601110,29,DW,01,D,03,291,JOSE A GASCA AMADOR           ,1C,ACTIVO,LF4508 ,1,F121,83EG,2025-11-01,2025-09-19,3025,163,,W0106153481,SMG,2025-11-20,LIR,47,2025-11-20 11:22:48,2927,L,9JRB6,LF4508 ,0,Nor,60,MEDID NO TRABAJA,60,S,MED
2025-12-01 00:00:00,772110601665,36,DW,01,C,01,365,CEH SOBERANIS AMILCAR         ,02,ACTIVO,3AUM92 ,2,F623,25P2,2025-10-01,2025-10-23,19022,1710,,W0106147962,SM2,2025-11-18,CDX,49,2025-10-23 10:10:16,3606,L,R9700,UV931L ,0,Nor,56,NO HAY MEDIDOR,56,S,GSC
2025-12-01 00:00:00,773111201314,29,DW,01,D,03,295,AQUINO CARRILLO KELLY YURIDIA ,02,ACTIVO,263JEF ,2,F622,14LM,2025-11-01,2025-09-19,18306,644,,W0106154735,SMC,2025-11-21,LIR,46,2025-11-21 10:46:56,2951,R,9EMCB,263JEF ,0,Nor,53,UI SERV DIRECTO,53,S,MED
2025-12-01 00:00:00,773850201594,31,DW,01,D,03,317,MAURO LOZANO NARVAEZ          ,1C,ACTIVO,TT4102 ,1,F121,85EG,2025-11-01,2025-09-22,8833,170,,W0106155369,SMG,2025-11-21,LIR,46,2025-11-21 09:47:22,3127,L,9JRB6,TT4102 ,0,Nor,60,MEDID NO TRABAJA,60,S,MED
2025-12-01 00:00:00,773890101223,33,DW,01,D,03,336,MARIANO PECH UICAB            ,1C,ACTIVO,G5P522 ,1,F121,88F5,2025-11-01,2025-09-23,52711,239,,W0106159655,SMG,2025-11-25,LIR,42,2025-11-25 10:54:42,3351,R,9EMCB,G5P522 ,0,Nor,60,MEDID NO TRABAJA,60,S,MED
2025-12-01 00:00:00,773150803216,25,DW,01,D,03,259,CAAMAL ZAPATA RITA MARIBEL    ,1C,ACTIVO,341DHA ,1,F122,15LN,2025-11-01,2025-09-17,14096,202,,W0106149889,SMC,2025-11-19,LIR,48,2025-11-18 10:02:32,2533,L,9BBR3,341DHA ,0,Nor,53,UI SERV DIRECTO,53,S,MED
2025-12-01 00:00:00,773161002550,25,DW,01,D,03,251,SOSA HOIL ENRIQUE             ,1C,ACTIVO,G883MD ,2,F622,17LM,2025-11-01,2025-11-19,15135,116,,W0106149869,SMG,2025-11-19,LIR,48,,,,,,,,,,,,MED
2025-12-01 00:00:00,773910602569,13,DW,01,D,01,131,AIDA LUZ ROSADO MENA          ,1D,ACTIVO,87W5B8 ,1,F12H,09KU,2025-11-01,2025-09-05,14945,64,,W0106135546,SMG,2025-11-10,LIR,57,2025-11-07 13:20:47,1302,L,9JRB6,87W5B8 ,0,Nor,60,MEDID NO TRABAJA,60,S,MED
2025-12-01 00:00:00,773920101983,11,DW,01,D,01,111,LOPE CUELLAR MARIA DEL CARMEN ,1D,ACTIVO,638GJ5 ,2,F622,12LJ,2025-11-01,2025-11-07,21444,663,,W0106132959,SMG,2025-11-07,LIR,60,,,,,,,,,,,,MED
2025-12-01 00:00:00,773930600384,09,DW,01,D,01,091,MARIO ALBERTO CORDERO GAMBOA  ,1C,ACTIVO,4BCG68 ,2,F623,25P2,2025-11-01,2025-11-28,0,0,,W0106131230,SMC,2025-11-06,LIR,61,2025-11-05 12:04:46,0902,L,9ND4J,16V72W ,0,Nor,53,UI SERV DIRECTO,53,S,MED
2025-12-01 00:00:00,773940401720,30,DW,01,D,04,309,MOO CHAN GALDINA GUADALUPE    ,1C,ACTIVO,214JJP ,2,F622,15LM,2011-12-01,2011-12-23,3042,0,,W0106105419,SMC,2025-10-21,LIR,77,,,,,,,,,,,,MED
2025-12-01 00:00:00,773940800969,14,DW,01,D,01,141,JORGE LUIS POOT KANTUN        ,1D,ACTIVO,N525JN ,2,F622,18LM,2011-05-01,2011-06-14,0,0,,W0106085358,SMC,2025-10-09,LIR,89,,,,,,,,,,,,MED
2025-12-01 00:00:00,773940902150,19,DW,01,D,01,195,OCANA ARJONA SUJELY NOEMI     ,1D,ACTIVO,G674VU ,2,F622,17LM,2025-11-01,2025-11-12,14675,6,,W0106141618,SMC,2025-11-12,LIR,55,,,,,,,,,,,,MED
2025-12-01 00:00:00,773950401001,33,DW,01,D,03,337,JOSE F PUCH CHAN              ,1C,ACTIVO,C355J4 ,1,F121,95F5,2025-11-01,2025-07-23,41493,45,,W0106159660,SMG,2025-11-25,LIR,42,2025-11-25 12:52:11,3351,R,9EMCB,C355J4 ,0,Nor,60,MEDID NO TRABAJA,60,S,MED
2025-12-01 00:00:00,773950700016,07,DW,01,D,01,073,NOVELO UITZ LEOBARDO AUGUSTO  ,1D,ACTIVO,H554LU ,1,F122,17LN,1999-04-01,1999-04-28,2587,0,,W0106129319,SMG,2025-11-05,01D,62,,,,,,,,,,,,MED
2025-12-01 00:00:00,773960601342,25,DW,01,D,03,253,ENRIQUE DOMINGUEZ S           ,1C,ACTIVO,5M6X74 ,2,F421,01GH,2025-11-01,2025-09-17,38415,277,,W0106149876,SMG,2025-11-19,LIR,48,2025-11-18 11:40:46,2529,L,9NCYP,5M6X74 ,10,Nor,60,MEDID NO TRABAJA,60,S,MED
2025-12-01 00:00:00,773960703102,13,DW,01,D,01,132,FRANCISCO CARDOS T            ,1D,ACTIVO,325JV0 ,2,F622,12LJ,2025-11-01,2025-11-10,13412,888,,W0106135551,SMG,2025-11-10,LIR,57,,,,,,,,,,,,MED
2025-12-01 00:00:00,773970402551,33,DW,01,D,03,331,GOMEZ BORGES MELBA            ,1C,ACTIVO,R873J5 ,1,F121,97F5,2025-11-01,2025-09-23,59004,680,,W0106161474,SMC,2025-11-26,LIR,41,2025-11-25 12:45:07,3351,R,9EMCB,R873J5 ,0,Nor,53,UI SERV DIRECTO,53,S,MED
2025-12-01 00:00:00,773970501702,13,DW,01,D,01,132,NELLY ESTRELLA                ,1D,ACTIVO,402YY3 ,1,F122,13LN,2025-11-01,2025-09-05,29780,462,,W0106135550,SMG,2025-11-10,LIR,57,2025-11-07 11:04:58,1303,L,9ND4J,402YY3 ,0,Nor,60,MEDID NO TRABAJA,60,S,MED
2025-12-01 00:00:00,773970602827,35,DW,01,D,03,350,MA TOMASA BAAS AGUILAR        ,1C,ACTIVO,MF307W ,2,F623,20NU,2025-11-01,2025-09-24,12702,336,,W0106161408,SMC,2025-11-26,LIR,41,2025-11-25 13:48:55,3526,L,9JRB6,MF307W ,0,Nor,53,UI SERV DIRECTO,53,S,MED
2025-12-01 00:00:00,773970802982,14,DW,01,D,01,142,MIRNA ARACELY V               ,1D,ACTIVO,92W46G ,2,F62H,11KN,2010-08-01,2010-08-12,22383,1,,W0106086358,SMC,2025-10-09,LIR,89,,,,,,,,,,,,MED
2025-12-01 00:00:00,773200500325,33,DW,01,D,03,330,ECHEVERRIA DIAZ MINELIA DEL RO,1C,ACTIVO,BE824M ,2,F623,19NV,2025-11-01,2025-11-25,15212,570,,W0106159641,SMG,2025-11-25,LIR,42,,,,,,,,,,,,MED
2025-12-01 00:00:00,773221120921,25,DW,01,D,03,257,GONZALEZ ARTEAGA SARAI        ,1C,ACTIVO,ATY595 ,1,F123,22NX,2025-11-01,2025-03-18,3274,212,,W0106151160,SMC,2025-11-19,LIR,48,2025-11-19 12:03:54,2551,R,9EMCB,ATY595 ,0,Nor,53,UI SERV DIRECTO,53,S,MED
2025-12-01 00:00:00,773990101557,19,DW,01,D,01,193,ILEANA VARGUEZ MAGANA         ,1D,ACTIVO,MKW103 ,1,F123,23NX,2025-11-01,2025-11-12,22896,0,,W0106141616,SMC,2025-11-12,LIR,55,2025-11-12 09:34:53,1905,L,9ND4J,MKW103 ,0,Nor,53,UI SERV DIRECTO,53,S,MED
2025-12-01 00:00:00,773230501539,25,DW,01,D,03,252,DEL ANGEL HERNANDEZ MIGUEL    ,1C,ACTIVO,UV032K ,2,F623,21NY,2025-11-01,2024-05-17,130,70,,W0106149874,SMC,2025-11-19,LIR,48,2025-11-18 11:36:59,2528,L,9MCDC,UV032K ,0,Nor,53,UI SERV DIRECTO,53,S,MED
2025-12-01 00:00:00,773990502080,27,DW,01,D,03,277,BUENAVENTURA LARA PECH        ,1C,ACTIVO,DXE447 ,1,F123,22NX,2023-07-01,2023-07-19,2711,0,,W0106153196,SMC,2025-11-20,LIR,47,,,,,,,,,,,,MED
2025-12-01 00:00:00,773990901448,35,DW,01,D,03,358,GONGORA CEBALLOS ROSA GENNY   ,1C,ACTIVO,3MV988 ,2,F421,99GH,2025-11-01,2025-09-24,27028,158,,W0106161435,SMG,2025-11-26,LIR,41,2025-11-26 11:51:20,3551,R,9EMCB,3MV988 ,0,Nor,60,MEDID NO TRABAJA,60,S,MED
2025-12-01 00:00:00,773990902444,35,DW,01,D,03,358,DOMINGUEZ SOLIS ELIZABETH     ,1C,ACTIVO,0FD972 ,1,F121,98F5,2025-11-01,2025-09-24,32338,0,,W0106161436,SMG,2025-11-26,LIR,41,2025-11-26 11:52:56,3551,R,9EMCB,0FD972 ,0,Nor,60,MEDID NO TRABAJA,60,S,MED
2025-12-01 00:00:00,773991203337,35,DW,01,D,03,358,UICAB UICAB MAXIMINIO         ,1C,ACTIVO,6NN717 ,1,F121,99GG,2025-11-01,2025-09-24,1057,0,,W0106161939,SMG,2025-11-26,LIR,41,2025-11-26 09:40:46,3551,R,9EMCB,6NN717 ,0,Nor,60,MEDID NO TRABAJA,60,S,MED
2025-12-01 00:00:00,774070602356,32,DW,01,B,02,327,PARRA CASTANEDA LEIDY EMILIA  ,1D,ACTIVO,90W35B ,2,F62H,11KN,2007-06-01,2007-06-29,851,0,,W0106107918,SMG,2025-10-22,LIR,76,,,,,,,,,,,,MED
2025-12-01 00:00:00,774090103496,23,DW,01,E,02,233,PEREZ ZUNIGA ULISES           ,1D,ACTIVO,81WE61 ,1,F121,08JL,2025-11-01,2025-07-16,22035,589,,W0106148912,SM2,2025-11-18,MED,49,2025-11-14 10:30:49,2305,L,9MCG8,81WE61 ,0,Nor,56,NO HAY MEDIDOR,56,S,GSC
2025-12-01 00:00:00,774100701567,07,DW,01,E,02,074,HERNANDEZ SALMERON IGNACIO DE ,1D,ACTIVO,3T416A ,2,F621,06F3,2025-11-01,2025-11-04,63692,1522,,W0106128604,SMG,2025-11-04,LIR,63,,,,,,,,,,,,MED
2025-12-01 00:00:00,774150403362,25,DW,01,E,02,253,BOJORQUEZ VAZQUEZ DESIREE ISAB,1D,BAJA SIN MED RET,P643JU ,1,F623,18NN,2015-03-01,2020-01-20,2432,0,,W0106149827,SMC,2025-11-19,LIR,48,,,,,,,,,,,,MED
2025-12-01 00:00:00,774190701579,33,DW,01,E,02,332,ALONZO BRICENO ADDY LUCIA     ,02,CORTADO,P375GT ,2,F623,18NN,2025-11-01,2025-09-23,55928,283,,W0106159075,SMG,2025-11-25,LIR,42,2025-11-25 12:40:49,3351,R,9JR11,P375GT ,0,Nor,60,MEDID NO TRABAJA,60,S,MED
2025-12-01 00:00:00,774200801461,15,DW,01,E,37,135, NAVARRO TOVAR FABIOLA        ,1D,ACTIVO,BE799H ,2,F623,19NV,2025-11-01,2025-01-09,7865,577,,W0106138587,SMW,2025-11-11,01E,56,2025-11-10 12:41:23,1507,M,R9933,BE799H ,93089,Nor,44,NUM MEDID DESIGU,44,S,GSC
2025-12-01 00:00:00,774200902349,25,DW,01,E,02,253,CHIM QUINTAL SILVIA PATRICIA  ,1D,ACTIVO,00K1T9 ,1,F12H,09KU,2025-11-01,2025-09-17,3204,0,,W0106150676,SM2,2025-11-19,MED,48,2025-11-18 10:59:06,2503,L,9JRB9,00K1T9 ,0,Nor,59,DISPLAY APAGADO,59,S,GSC
2025-12-01 00:00:00,774210801524,33,DW,01,E,02,338,SARABIA TORRES PERLA BERENICE ,1D,CORTADO,90M93R ,1,F12H,10KU,2025-11-01,2025-07-23,7215,701,,W0106159077,SMG,2025-11-25,LIR,42,2025-11-24 17:37:04,3305,L,GAKJM,90M93R ,0,Nor,60,MEDID NO TRABAJA,60,S,MED
2025-12-01 00:00:00,774220602651,13,DW,01,E,37,111,MORENO MARTINEZ ELISA N       ,1D,ACTIVO,YP168L ,2,F623,21NU,2025-11-01,2025-09-05,25192,1800,,W0106150635,SM2,2025-11-19,CDB,48,2025-11-07 08:19:14,1305,L,R9933,YP168L ,0,Nor,59,DISPLAY APAGADO,59,S,GSC
2025-12-01 00:00:00,774221001619,14,DW,01,E,02,144,ZUNIGA RAMAYO ESMERALDA DE JES,1D,ACTIVO,AWJ620 ,1,F123,22NX,2025-12-01,2025-10-08,18602,902,,W0106146770,SM2,2025-11-17,CDF,50,2025-12-09 09:50:03,1404,L,9ND9A,AWJ620 ,0,Nor,53,UI SERV DIRECTO,53,S,GSC
2025-12-01 00:00:00,774250703754,27,DW,01,E,37,275,PECH MAY CRISTINA GUADALUPE   ,02,ACTIVO,2AAN34 ,2,F623,25NY,2025-11-01,2025-11-19,0,0,,W0106152367,SMW,2025-11-20,01E,47,2025-11-19 12:23:51,2704,L,GA82N,2AAN34 ,6307,Nor,44,NUM MEDID DESIGU,44,S,GSC
2025-12-01 00:00:00,774250801829,16,DW,01,H,58,163,LEON VARGUEZ BRIAN HENRY DE JE,1D,ACTIVO,8DVN79 ,2,F623,25NY,2025-12-01,2025-12-10,248,235,,W0106156274,SMW,2025-11-23,CDC,44,2025-12-10 12:42:14,1628,L,9P167,8DVN79 ,235,Nor,44,NUM MEDID DESIGU,44,S,GSC
2025-12-01 00:00:00,774840300418,35,DW,01,E,02,351,GABRIEL AGUILAR E             ,1D,ACTIVO,KD2292 ,1,F121,83EG,2025-11-01,2025-11-25,6559,733,,W0106161160,SMG,2025-11-26,LIR,41,,,,,,,,,,,,MED
2025-12-01 00:00:00,774881000283,07,DW,01,E,02,074,ENRIQUE TURCOTT JIMENEZ       ,1D,ACTIVO,4F94T2 ,2,F621,03F3,2025-11-01,2025-11-04,4713,1354,,W0106128606,SMG,2025-11-04,LIR,63,,,,,,,,,,,,MED
2025-12-01 00:00:00,774900501876,23,DW,01,E,02,237,LORENA DZIB SANDOVAL          ,1D,ACTIVO,47X16K ,1,F12H,11KU,2025-11-01,2025-09-12,20520,139,,W0106150704,SMW,2025-11-19,01E,48,2025-11-14 11:24:48,2302,L,9ND9A,47X16K ,80652,Nor,44,NUM MEDID DESIGU,44,S,GSC
2025-12-01 00:00:00,773230802407,37,DW,01,D,03,376,CAN MENDEZ MANUELA DE JESUS   ,1C,ACTIVO,DXE927 ,1,F123,22NX,2025-09-01,2025-09-25,3361,346,,W0106166606,SMW,2025-11-28,01D,39,2025-09-25 08:30:22,3731,L,R9513,DXE927 ,3360,Nor,44,NUM MEDID DESIGU,44,S,GSC
2025-12-01 00:00:00,774930100973,12,DW,01,E,02,121,NILDA BALAM DE R              ,1D,ACTIVO,779LVP ,1,F122,16LN,2025-12-01,2025-08-07,19570,816,,W0106083194,SMW,2025-10-08,01E,90,2025-12-09 09:39:26,1251,R,9JR09,779LVP ,0,Nor,56,NO HAY MEDIDOR,56,S,GSC
2025-12-01 00:00:00,773240103281,33,DW,01,D,03,339,COLLI CANCHE ALEJANDRA GUADALU,1C,BAJA SIN MED RET,KKJ208 ,2,F623,23NU,2025-11-01,2025-11-25,0,0,,W0106161478,SMC,2025-11-26,LIR,41,,,,,,,,,,,,MED
2025-12-01 00:00:00,775010500542,35,DW,01,G,04,356,MARCELINA SULU HUCHIN         ,1B,ACTIVO,FKD982 ,1,F123,22NX,2023-09-01,2023-09-22,11985,0,,W0106160325,SMC,2025-11-25,LIR,42,,,,,,,,,,,,MED
2025-12-01 00:00:00,775010900672,40,DW,01,G,03,403,PAT U SERV CULT TUR EDO YUC   ,02,ACTIVO,JFY103 ,2,F623,23NU,2025-04-01,2025-04-25,3708,0,,W0106118632,SMC,2025-10-28,LIR,70,2025-04-26 09:18:44,4051,R,GA81N,JFY103 ,0,Opt,31,SERVICIO SIN USO,,,MED
2025-12-01 00:00:00,775020101646,32,DW,01,G,03,325,BRAGA LORET DE MOLA JORGE IGNA,1B,ACTIVO,RDN505 ,2,F623,24NY,2024-10-01,2024-10-21,7001,0,,W0106112718,SMW,2025-10-23,01M,75,2024-10-21 10:28:21,3228,M,9BBEL,RDN505 ,0,Nor,56,NO HAY MEDIDOR,56,S,GSC
2025-12-01 00:00:00,775030900300,07,DW,01,G,01,072,SERVIRAN MAY TERESITA DE J    ,1B,CORTADO,TB111J ,1,F123,21NX,2022-09-01,2022-09-05,1743,0,,W0106128566,SMC,2025-11-04,LIR,63,,,,,,,,,,,,MED
2025-12-01 00:00:00,773240106514,37,DW,01,D,03,378,LORIA CASTILLO YAMINEIRY GUADA,1C,ACTIVO,MKU022 ,1,F123,23NX,2024-07-01,2024-07-25,938,804,,W0106163916,SMC,2025-11-27,LIR,40,,,,,,,,,,,,MED
2025-12-01 00:00:00,775060200329,25,DW,01,G,01,252,VAZQUEZ VARGAS JAVIER ELADIO  ,1B,ACTIVO,005ED2 ,2,F62H,11KN,2025-11-01,2025-05-19,24411,68,,W0106148872,SMC,2025-11-18,LIR,49,2025-11-18 08:46:58,2501,M,9BBEL,005ED2 ,0,Nor,53,UI SERV DIRECTO,53,S,MED
2025-12-01 00:00:00,773781000182,19,DW,01,D,01,195,JUAN A WARNER S               ,1D,ACTIVO,3F1A44 ,2,F621,01F3,2025-11-01,2025-09-10,42879,138,,W0106141619,SMC,2025-11-12,LIR,55,2025-11-12 11:43:26,1902,L,9BBVY,3F1A44 ,0,Nor,53,UI SERV DIRECTO,53,S,MED
2025-12-01 00:00:00,775081001199,24,DW,01,G,01,241,AGUILAR ESQUIVEL JORGE LUIS   ,1B,ACTIVO,8AYG69 ,2,F623,25P2,2025-12-01,2025-12-22,0,0,,W0106160292,SM2,2025-11-25,W1G,42,2025-12-16 11:54:09,2401,M,GA81N,UW965G ,0,Nor,53,UI SERV DIRECTO,53,S,GSC
2025-12-01 00:00:00,773090304657,31,DW,01,D,03,319,CHI POOL ROGER ISIDRO         ,1C,ACTIVO,57LU74 ,1,F121,07JL,2025-11-01,2025-09-22,14261,277,,W0106155372,SMG,2025-11-21,LIR,46,2025-11-21 09:29:45,3130,L,9ND4J,57LU74 ,9,Nor,60,MEDID NO TRABAJA,60,S,MED
2025-12-01 00:00:00,775121000077,12,DW,01,G,06,123,BORGES ACOSTA DANIEL          ,1B,ACTIVO,JBC518 ,2,F623,23NU,2024-02-01,2024-02-06,390,16,,W0106082343,SMC,2025-10-08,LIR,90,2024-02-09 13:11:03,8212,R,9BBU6,JBC518 ,0,Nor,56,NO HAY MEDIDOR,56,S,MED
2025-12-01 00:00:00,775130901354,23,DW,01,G,02,231,FLORES BORGES LIGIA RINELDA   ,1B,ACTIVO,1AAA21 ,2,F623,25NY,2025-07-01,2025-07-16,21162,444,,W0106145936,SMC,2025-11-15,LIR,52,,,,,,,,,,,,MED
2025-12-01 00:00:00,775170600713,31,DW,01,G,02,311,PECH ESTRELLA JESUS RUFINO    ,1B,ACTIVO,7DVU38 ,1,F623,25NY,2025-11-01,2025-06-18,0,278,,W0106155172,SMC,2025-11-21,LIR,46,2025-11-21 09:07:47,3127,L,GA81N,7DVU38 ,0,Nor,53,UI SERV DIRECTO,53,S,MED
2025-12-01 00:00:00,775170701617,33,DW,01,G,02,333,SHANNON CORP                  ,1B,ACTIVO,G004LW ,2,F622,17LM,2025-11-01,2025-05-22,10350,0,,W0106142751,SM2,2025-11-13,W1G,54,2025-11-24 17:04:35,3326,L,GA81N,G004LW ,0,Nor,56,NO HAY MEDIDOR,56,S,GSC
2025-12-01 00:00:00,775180700902,35,DW,01,G,04,356,HERNANDEZ CASTRO DIEGO ALEJAND,1B,ACTIVO,8AYG70 ,2,F623,25P2,2025-11-01,2025-12-18,0,0,,W0106135827,SM2,2025-11-10,CDB,57,2025-11-25 08:53:09,3528,M,9BBU6,P001FY ,0,Nor,53,UI SERV DIRECTO,53,S,GSC
2025-12-01 00:00:00,775191001089,29,DW,01,G,02,294,BALAM CANCHE BLANCA ESTELA    ,1B,SUJETO A CORTE,PKP041 ,1,F123,24NX,2025-11-01,2025-11-20,12488,0,,W0106153325,SMC,2025-11-20,LIR,47,2025-11-20 13:44:01,2927,M,GA81N,PKP041 ,0,Nor,53,UI SERV DIRECTO,53,S,MED
2025-12-01 00:00:00,775200300795,40,DW,01,G,03,403,JUAREZ RAMIREZ HUMBERTO       ,1B,ACTIVO,Y389MR ,2,F623,19NU,2025-12-01,2025-04-25,5737,0,,W0106119630,SMG,2025-10-28,LIR,70,2025-12-29 16:42:10,4051,R,GA81N,Y389MR ,0,Nor,60,MEDID NO TRABAJA,60,S,MED
2025-12-01 00:00:00,775201101541,36,DW,01,G,03,367,BARBACHANO ORTEGA FERNANDO EUG,1B,ACTIVO,BE605R ,2,F623,19NV,2025-12-01,2025-06-25,292,0,,W0106113450,SMG,2025-10-24,LIR,74,2025-12-27 08:58:42,3651,R,GA81N,BE605R ,0,Nor,59,DISPLAY APAGADO,59,S,MED
2025-12-01 00:00:00,775231001192,65,DW,01,G,06,652,MARAVE ITZA CARMELA           ,1B,BAJA SIN MED RET,JBH612 ,2,F623,23NU,2025-12-01,2025-12-09,0,0,,W0106115330,SMH,2025-10-26,01E,72,2025-12-09 12:12:23,6551,R,9BBMC,JBH612 ,0,Nor,56,NO HAY MEDIDOR,56,S,MED
2025-12-01 00:00:00,775240400776,37,DW,01,G,04,372,CERDA GUTIERREZ ABRAHAM SALVAD,1B,ACTIVO,7AXN58 ,2,F623,25P2,2025-11-01,2025-12-23,0,0,,W0106101502,SM2,2025-10-17,CDK,81,2025-11-27 09:14:42,3751,R,9BBMC,JFX814 ,0,Nor,56,NO HAY MEDIDOR,56,S,GSC
2025-12-01 00:00:00,775240901414,08,DW,01,G,06,080,QUINONEZ OLIVERA ROBERTO      ,1B,SUJETO A CORTE,RFT318 ,2,F623,24NY,2025-12-01,2025-08-05,4525,11,,W0106076423,SMC,2025-10-03,LIR,95,2025-12-04 14:12:13,0801,L,GA81N,RFT318 ,0,Nor,53,UI SERV DIRECTO,53,S,MED
2025-12-01 00:00:00,775240901571,08,DW,01,G,06,080,DAVILA SANCHEZ JOSE DE JESUS  ,1B,ACTIVO,W194KN ,2,F622,19LM,2025-12-01,2025-11-22,0,12,,W0106127547,SMS,2025-11-04,CDF,63,2025-12-04 14:16:57,0801,L,GA81N,W194KN ,0,Nor,56,NO HAY MEDIDOR,56,S,GSC
2025-12-01 00:00:00,775241100580,35,DW,01,G,04,356,CAAMAL UICAB LAURA PATRICIA   ,02,BAJA,,2,,,2025-12-01,2025-12-18,4237,95708,,W0106160323,SMC,2025-11-25,LIR,42,,,,,,,,,,,,MED
2025-12-01 00:00:00,775241201068,12,DW,01,G,06,123,TINZON MAY TERESA DE JESUS    ,1B,ACTIVO,RBN291 ,2,F623,24NY,2025-12-01,2025-10-09,2657,885,,W0106082340,SMC,2025-10-08,LIR,90,2025-12-08 16:31:57,1226,L,R9962,RBN291 ,0,Nor,53,UI SERV DIRECTO,53,S,MED
2025-12-01 00:00:00,775981205016,32,DW,01,G,03,323,ESQUIVEL PAREDES GLORIA ELENA ,1B,ACTIVO,A192KM ,2,F622,16LM,2025-12-01,2025-08-21,13543,0,,W0106110290,SM2,2025-10-22,01M,76,2025-12-22 16:35:19,3226,M,GA6TN,A192KM ,0,Nor,59,DISPLAY APAGADO,59,S,GSC
2025-12-01 00:00:00,773090407952,25,DW,01,D,03,257,VILLEGAS PEREZ ZOUEMY VANESSA ,1C,ACTIVO,80YD68 ,1,F121,08JL,2025-11-01,2025-09-17,29578,1225,,W0106149880,SMG,2025-11-19,LIR,48,2025-11-18 10:18:33,2531,L,9JRB6,80YD68 ,0,Nor,60,MEDID NO TRABAJA,60,S,MED
2025-12-01 00:00:00,776000956587,23,DW,01,H,40,232,NATIVIDAD POOT AKE            ,1C,ACTIVO,FKD559 ,1,F123,22NX,2025-11-01,2025-09-12,1796,111,,W0106151005,SMC,2025-11-19,LIR,48,2025-11-14 18:10:50,2327,L,9MCGE,FKD559 ,0,Nor,53,UI SERV DIRECTO,53,S,MED
2025-12-01 00:00:00,776030600701,17,DW,01,H,41,171,JOSE LUCAS CAB CHAC           ,1C,ACTIVO,VJ231D ,1,F122,21LN,2025-11-01,2025-09-09,5605,163,,W0106139108,SMC,2025-11-11,LIR,56,2025-11-11 11:53:48,1727,L,9MCGE,VJ231D ,0,Nor,53,UI SERV DIRECTO,53,S,MED
2025-12-01 00:00:00,776031000031,64,DW,01,H,40,640,SOLIS MANZANERO JORGE ISMAEL  ,02,ACTIVO,243C6F ,3,FD22,13LR,2003-09-01,2003-10-07,1,0,,W0106076481,SMG,2025-10-03,LIR,95,,,,,,,,,,,,MED
2025-12-01 00:00:00,776040600114,07,DW,01,H,42,073,JOSE ENRIQUE NAAL PUC         ,1B,ACTIVO,AVR964 ,1,F123,22NX,2025-11-01,2025-09-02,2205,149,,W0106132115,SMC,2025-11-06,LIR,61,2025-11-06 12:05:37,0751,R,9JR2C,AVR964 ,0,Nor,53,UI SERV DIRECTO,53,S,MED
2025-12-01 00:00:00,776040601480,17,DW,01,H,41,171,ADELAIDA YAMA PECH            ,1C,ACTIVO,3T73D6 ,1,F121,04GG,2025-11-01,2025-09-09,11143,124,,W0106139109,SMG,2025-11-11,LIR,56,2025-11-11 12:49:18,1727,L,9MCGE,3T73D6 ,0,Nor,60,MEDID NO TRABAJA,60,S,MED
2025-12-01 00:00:00,776050300623,15,DW,01,H,41,151,JOSE NACIACENO CHUIL DZUL     ,1C,ACTIVO,JAE607 ,2,F623,23NU,2024-01-01,2024-01-10,696,133,,W0106138257,SMC,2025-11-11,LIR,56,,,,,,,,,,,,MED
2025-12-01 00:00:00,776050700478,07,DW,01,H,42,072,FORTUNATO AVILA               ,02,ACTIVO,E1F137 ,2,F621,87F3,2025-11-01,2025-11-06,57324,0,,W0106129622,SMG,2025-11-05,LIR,62,2025-11-06 09:47:42,0751,R,9JR2C,E1F137 ,0,Nor,31,SERVICIO SIN USO,,,MED
2025-12-01 00:00:00,776060100029,27,DW,01,H,50,271,SERGIO MOO MOO                ,1C,ACTIVO,9K174G ,1,F121,05JL,2025-11-01,2025-05-20,29730,441,,W0106151397,SMC,2025-11-19,LIR,48,2025-11-19 11:44:54,2726,L,9JR2C,9K174G ,0,Nor,53,UI SERV DIRECTO,53,S,MED
2025-12-01 00:00:00,776060800225,31,DW,01,H,48,312,NARCISO S VARGUEZ PACHECO     ,1C,ACTIVO,8U691E ,2,F421,06GH,2025-11-01,2025-09-22,17859,174,,W0106157431,SMG,2025-11-24,LIR,43,2025-11-21 08:53:13,3127,L,9JR2C,8U691E ,0,Nor,61,MANECILLAS DESCA,61,S,MED
2025-12-01 00:00:00,773910201513,19,DW,01,D,01,191,RAQUEL NOVELO ESPINOLA        ,1D,CORTADO,Y302MT ,2,F623,19NU,2025-11-01,2025-09-10,14989,455,,W0106141612,SMC,2025-11-12,LIR,55,2025-11-12 08:35:47,1901,L,R9513,Y302MT ,0,Nor,53,UI SERV DIRECTO,53,S,MED
2025-12-01 00:00:00,773910502157,13,DW,01,D,01,131,HUNBATZ MENA                  ,1D,ACTIVO,59W16B ,2,F62H,11KN,2025-11-01,2025-09-05,24111,1332,,W0106135545,SMG,2025-11-10,LIR,57,2025-11-07 12:45:42,1302,L,9JRB6,59W16B ,0,Nor,60,MEDID NO TRABAJA,60,S,MED
2025-12-01 00:00:00,776080306731,23,DW,01,H,40,232,CHUC PECH MARIA FLORENCIA     ,1C,CORTADO,91TJ70 ,1,F121,08JL,2025-11-01,2025-09-12,43308,1,,W0106146287,SMG,2025-11-15,LIR,52,2025-11-14 17:26:08,2327,L,9MCGE,91TJ70 ,0,Nor,61,MANECILLAS DESCA,61,S,MED
2025-12-01 00:00:00,773971100817,23,DW,01,D,03,238,ELSI CHI KU                   ,1C,ACTIVO,2B7J90 ,1,F121,00GG,2025-11-01,2025-11-18,41664,9,,W0106145973,SMG,2025-11-15,LIR,52,,,,,,,,,,,,MED
2025-12-01 00:00:00,776081001951,15,DW,01,E,37,135,CAAMAL DZIB NORBERTO          ,1D,ACTIVO,84TH76 ,1,F121,08JL,2025-11-01,2025-11-12,8365,106,,W0106140170,SMG,2025-11-12,01E,55,2025-11-10 10:06:22,1507,M,R9933,84TH76 ,39246,Nor,  ,,FR,S,MED
2025-12-01 00:00:00,773980702595,33,DW,01,D,03,337,GILBERTO BAAS CAN             ,02,ACTIVO,01H82K ,2,F62H,10KN,2025-11-01,2024-11-22,22476,365,,W0106159658,SMG,2025-11-25,LIR,42,2025-11-25 11:29:35,3351,R,9EMCB,01H82K ,0,Nor,59,DISPLAY APAGADO,59,S,MED
2025-12-01 00:00:00,776091202776,17,DW,01,H,41,174,TELECABLE DE MERIDA SA DE CV  ,02,ACTIVO,PJW321 ,1,F123,24NX,2025-05-01,2025-05-13,36404,275,,W0106139126,SMC,2025-11-11,LIR,56,,,,,,,,,,,,MED
2025-12-01 00:00:00,776100104359,31,DW,01,H,48,312,PACHECO CHACON MARTHA NOEMI   ,1C,ACTIVO,13J1D4 ,1,F12H,09KU,2025-11-01,2025-11-21,24832,238,,W0106157438,SMG,2025-11-24,LIR,43,,,,,,,,,,,,MED
2025-12-01 00:00:00,776100202253,13,DW,01,H,55,132,ORTIZ ALCOCER LORENZO         ,1C,ACTIVO,3M0V87 ,2,F421,01GH,2025-11-01,2025-09-05,37647,1,,W0106136418,SMC,2025-11-10,LIR,57,2025-11-07 12:30:59,1327,L,9MCGE,3M0V87 ,0,Nor,53,UI SERV DIRECTO,53,S,MED
2025-12-01 00:00:00,776100600801,27,DW,01,H,50,271,TUN CASTILLO LUIS EDGARDO     ,1C,ACTIVO,NK092B ,2,F623,20NU,2025-11-01,2025-09-18,8243,308,,W0106151396,SMG,2025-11-19,LIR,48,2025-11-19 11:51:53,2726,L,9JR2C,NK092B ,0,Nor,60,MEDID NO TRABAJA,60,S,MED
2025-12-01 00:00:00,776100604173,07,DW,01,H,42,072,PUC CHUIL GONZALA             ,1B,ACTIVO,939FDW ,1,F122,15LN,2010-05-01,2010-06-18,3989,0,,W0106129617,SMG,2025-11-05,LIR,62,,,,,,,,,,,,MED
2025-12-01 00:00:00,776100604238,07,DW,01,H,42,072,QUINTAL CETINA MIRNA VICTORIA ,1B,ACTIVO,34KF21 ,1,F121,07JL,2025-11-01,2025-11-04,24052,580,,W0106129619,SMG,2025-11-05,LIR,62,,,,,,,,,,,,MED
2025-12-01 00:00:00,776100604254,07,DW,01,H,42,072,MOHA HERNANDEZ FLORINDA       ,1B,ACTIVO,2DAR12 ,1,F123,25NX,2025-11-01,2025-09-02,215,5,,W0106129618,SMC,2025-11-05,LIR,62,2025-11-04 10:45:16,0727,L,9JR2C,2DAR12 ,0,Nor,53,UI SERV DIRECTO,53,S,MED
2025-12-01 00:00:00,776101201510,17,DW,01,H,41,172,POOL PECH FRANCISCA B         ,1C,ACTIVO,CM709E ,1,F123,19NM,2025-11-01,2025-11-11,9024,332,,W0106139117,SMC,2025-11-11,LIR,56,,,,,,,,,,,,MED
2025-12-01 00:00:00,776110305018,17,DW,01,H,41,174,CUITUN DZUL MARIA VIRGINIA    ,1C,ACTIVO,40U9J4 ,2,F62H,09KN,2025-11-01,2025-11-12,27180,352,,W0106139124,SMG,2025-11-11,LIR,56,,,,,,,,,,,,MED
2025-12-01 00:00:00,776110403613,05,DW,01,H,42,052,PROVEEDORA DEL PANADERO SA CV ,02,ACTIVO,RFU582 ,2,F623,24NY,2025-03-01,2025-03-03,72425,2452,,W0106127430,SMC,2025-11-04,LIR,63,2025-03-05 15:23:00,0551,R,9MCGE,RFU582 ,-86630,Nor,60,MEDID NO TRABAJA,FR,S,MED
2025-12-01 00:00:00,776110503693,28,DW,01,H,36,280,NOVELO EK MARIA MARGARITA     ,1C,ACTIVO,WNC082 ,2,F623,24P2,2025-02-01,2025-02-14,9528,0,,W0106104104,SMW,2025-10-20,W1D,78,,,,,,,,,,,,GSC
2025-12-01 00:00:00,773990401275,07,DW,01,D,01,070,MARIA DEL CARMEN PINZON GONZAL,1C,ACTIVO,3T959U ,2,F621,06F3,2025-11-01,2025-11-05,99714,2111,,W0106129881,SMC,2025-11-05,LIR,62,2025-11-05 09:16:27,0751,R,9EMCB,3T959U ,0,Nor,53,UI SERV DIRECTO,53,S,MED
2025-12-01 00:00:00,776110700901,23,DW,01,H,40,233,UC PUC JUSTO ESTEBAN          ,1C,CORTADO,GGR450 ,1,F123,23NX,2023-11-01,2023-11-15,3482,0,,W0106146294,SMG,2025-11-15,LIR,52,,,,,,,,,,,,MED
2025-12-01 00:00:00,776111001900,23,DW,01,H,40,233,CUYTUN CANCHE MARIA NATIVIDADD,1C,ACTIVO,57X51L ,1,F12H,11KU,2025-11-01,2025-09-12,17246,239,,W0106150253,SMG,2025-11-19,MED,48,2025-11-14 11:50:39,2328,L,GAAFN,57X51L ,0,Nor,59,DISPLAY APAGADO,59,S,MED
2025-12-01 00:00:00,774910601496,25,DW,01,E,02,253,MA LOURDES SOTO DE TREJO      ,1D,ACTIVO,812RL5 ,1,F122,12LH,2025-11-01,2024-01-17,14565,490,,W0106151527,SM2,2025-11-19,01B,48,2025-11-18 15:34:20,2503,L,9JRB9,812RL5 ,0,Nor,56,NO HAY MEDIDOR,56,S,GSC
2025-12-01 00:00:00,776120100872,07,DW,01,H,42,072,CANUL REYES ILMAR JOSUE       ,1B,ACTIVO,37X58K ,1,F12H,11KU,2025-11-01,2025-05-05,34321,624,,W0106129612,SMC,2025-11-05,LIR,62,2025-11-04 10:10:07,0727,L,9JR2C,37X58K ,0,Nor,53,UI SERV DIRECTO,53,S,MED
2025-12-01 00:00:00,774980300388,03,DW,01,E,02,034,ALMACEN SRIA DE EDUC PUB      ,02,ACTIVO,2X5V15 ,3,KL28,02J3,2026-01-01,2025-12-30,61385,0,,W0106124602,SM2,2025-10-31,MED,67,,,,,,,,,,,,GSC
2025-12-01 00:00:00,776120303650,05,DW,01,H,42,054,MORALES LOPEZ FATIMA          ,1B,ACTIVO,761VXA ,1,F122,16LN,2026-01-01,2026-01-02,9965,0,,W0106127449,SMC,2025-11-04,LIR,63,,,,,,,,,,,,MED
2025-12-01 00:00:00,776120501877,07,DW,01,H,42,072,NAL MORA RAUL DEL CARMEN      ,1B,ACTIVO,C7D202 ,2,F621,87F3,2025-11-01,2025-11-06,2625,103,,W0106129605,SMG,2025-11-05,LIR,62,,,,,,,,,,,,MED
2025-12-01 00:00:00,776120603556,07,DW,01,H,42,072,SOLIS CAUICH ERNESTO          ,1B,ACTIVO,F7N728 ,2,F621,88F3,2025-11-01,2025-11-06,11552,8,,W0106129621,SMG,2025-11-05,LIR,62,,,,,,,,,,,,MED
2025-12-01 00:00:00,776120701639,05,DW,01,H,42,054,VADILLO DZIB JOSE RAFAEL      ,1B,ACTIVO,548RM8 ,1,F122,12LH,2013-03-01,2050-01-01,0,0,,W0106130366,SMC,2025-11-05,LIR,62,,,,,,,,,,,,MED
2025-12-01 00:00:00,776140402077,07,DW,01,E,37,070,AGUERO HERNANDEZ ROSA ISELA   ,1D,ACTIVO,834G9M ,2,F622,13LM,2025-11-01,2025-09-02,30800,451,,W0106133591,SM2,2025-11-07,CDV,60,2025-11-04 12:23:41,0704,M,9ND5H,834G9M ,0,Nor,59,DISPLAY APAGADO,59,S,GSC
2025-12-01 00:00:00,776140502021,31,DW,01,H,48,312,SAHO DISENO Y CONSTRUCCION SA ,1C,BAJA SIN MED RET,BM009R ,1,F123,19MN,2025-11-01,2025-11-25,11381,0,,W0106157436,SMG,2025-11-24,LIR,43,,,,,,,,,,,,MED
2025-12-01 00:00:00,776140801354,15,DW,01,H,41,151,MOO POOT FRANCISCO ENRIQUE    ,1C,ACTIVO,9E867P ,1,F121,05JL,2014-07-01,2014-08-08,0,0,,W0106138254,SMC,2025-11-11,LIR,56,,,,,,,,,,,,MED
2025-12-01 00:00:00,776150204940,13,DW,01,H,55,132,CAAMAL CIAU MARIA DEL SOCORRO ,1C,ACTIVO,RR732F ,1,F123,21NX,2022-09-01,2022-09-08,6763,83,,W0106136417,SMC,2025-11-10,LIR,57,,,,,,,,,,,,MED
2025-12-01 00:00:00,776150304898,27,DW,01,E,37,275,XOOL CRISTINA ADELA           ,1D,ACTIVO,190X4T ,2,F622,14LM,2025-11-01,2025-07-18,40075,815,,W0106152808,SM2,2025-11-20,MED,47,2025-11-19 16:22:05,2704,L,9JRCB,190X4T ,0,Nor,59,DISPLAY APAGADO,59,S,GSC
2025-12-01 00:00:00,776150305304,29,DW,01,H,54,292,CAN BE FERNANDO               ,1C,ACTIVO,877ARX ,1,F122,14LN,2025-11-01,2025-11-20,6876,65,,W0106154491,SMG,2025-11-21,LIR,46,,,,,,,,,,,,MED
2025-12-01 00:00:00,776150401303,07,DW,01,H,42,073,MENA KU GUILLERMO DAVID       ,1B,ACTIVO,438P1U ,1,F122,14LN,2025-11-01,2025-05-06,10532,39,,W0106129629,SMC,2025-11-05,LIR,62,2025-11-06 11:16:53,0751,R,9JR2C,438P1U ,0,Nor,53,UI SERV DIRECTO,53,S,MED
2025-12-01 00:00:00,776150503696,13,DW,01,H,55,132,CIAU KOH NIDIA MARLENE        ,1C,ACTIVO,LMX054 ,1,F123,23NX,2025-11-01,2025-09-05,1354,121,,W0106136421,SMC,2025-11-10,LIR,57,2025-11-07 11:52:24,1327,L,9MCGE,LMX054 ,0,Nor,53,UI SERV DIRECTO,53,S,MED
2025-12-01 00:00:00,776150505583,05,DW,01,H,42,054,ZAPATA ZALDIVAR ROGER JESUS   ,1B,ACTIVO,3Y896B ,1,F121,06JL,2015-05-01,2015-06-11,0,0,,W0106127446,SMC,2025-11-04,LIR,63,,,,,,,,,,,,MED
2025-12-01 00:00:00,776150600322,15,DW,01,H,41,151,SOLIS MARRUFO MARIO JESUS     ,1C,CORTADO,296X9T ,2,F622,14LM,2025-11-01,2025-03-10,525,0,,W0106138252,SMC,2025-11-11,LIR,56,2025-11-10 14:24:43,1526,L,9MCGE,296X9T ,0,Nor,53,UI SERV DIRECTO,53,S,MED
2025-12-01 00:00:00,775050600604,33,DW,01,G,04,331,FLETCHER CHARLES FREMONT      ,1B,ACTIVO,7AXN08 ,2,F623,25P2,2025-11-01,2025-12-23,0,0,,W0106158481,SMC,2025-11-24,LIR,43,2025-11-24 09:32:07,3328,L,9BBU6,507G2Y ,0,Nor,53,UI SERV DIRECTO,53,S,MED
2025-12-01 00:00:00,776151201359,31,DW,01,H,48,311,KU DZIB ROSA MARIA            ,1C,BAJA SIN MED RET,232FAM ,1,F122,15LN,2025-11-01,2025-11-25,3411,0,,W0106157428,SMC,2025-11-24,LIR,43,,,,,,,,,,,,MED
2025-12-01 00:00:00,776160200934,17,DW,01,H,41,174,CAB CHUIL MARLENE GUADALUPE   ,1C,CORTADO,CM929E ,1,F123,19NM,2025-11-01,2024-07-11,5453,280,,W0106141313,SMG,2025-11-12,LIR,55,2025-11-12 08:39:21,1751,R,9JR2C,CM929E ,0,Nor,60,MEDID NO TRABAJA,60,S,MED
2025-12-01 00:00:00,776160806620,05,DW,01,H,42,051,FLORES SONDA NAYELI DEL SOCORR,1B,BAJA SIN MED RET,654JCA ,1,F122,15LN,2026-01-01,2026-01-02,1341,0,,W0106127429,SMG,2025-11-04,LIR,63,,,,,,,,,,,,MED
2025-12-01 00:00:00,776160902777,07,DW,01,H,42,072,URIBIA RODRIGUEZ EDUARDO      ,1B,ACTIVO,BM591R ,1,F123,19NM,2025-11-01,2025-11-06,184,0,,W0106129609,SMG,2025-11-05,LIR,62,2025-11-06 09:35:28,0751,R,9JR2C,BM591R ,0,Nor,31,SERVICIO SIN USO,LM,S,MED
2025-12-01 00:00:00,776170303766,23,DW,01,H,40,233,FLORES CANUL JOSE ANGEL       ,1C,ACTIVO,748VBD ,1,F122,16LN,2025-11-01,2025-09-12,608,0,,W0106146297,SMG,2025-11-15,LIR,52,2025-11-15 10:01:24,2351,R,9JR2C,748VBD ,0,Nor,64,P. INFRARROJO/MED. D,64,S,MED
2025-12-01 00:00:00,776170700137,29,DW,01,H,56,293,KOYOC POOT PASTORA            ,1C,ACTIVO,F110CK ,1,F122,17LN,2025-11-01,2025-07-21,6497,156,,W0106154493,SMC,2025-11-21,LIR,46,2025-11-20 17:22:59,2928,L,9MCGE,F110CK ,0,Nor,53,UI SERV DIRECTO,53,S,MED
2025-12-01 00:00:00,776170801162,31,DW,01,H,48,311,CHALE FLORES WILBERT EDUARDO  ,1C,ACTIVO,248RBP ,1,F122,16LN,2025-11-01,2025-09-22,0,0,,W0106157426,SMG,2025-11-24,LIR,43,2025-11-21 09:49:23,3126,L,9JRBT,248RBP ,0,Nor,60,MEDID NO TRABAJA,60,S,MED
2025-12-01 00:00:00,776180202330,17,DW,01,H,41,173,TEC PECH MARIA ARACELY        ,1C,BAJA SIN MED RET,H296LL ,1,F122,17LN,2025-11-01,2025-11-12,2884,0,,W0106141312,SMC,2025-11-12,LIR,55,,,,,,,,,,,,MED
2025-12-01 00:00:00,776180400891,05,DW,01,H,42,052,CAAMAL COUOH LUZ DEL ALBA     ,1B,ACTIVO,PKC643 ,1,F123,24NX,2025-01-01,2025-01-03,277,0,,W0106130353,SMC,2025-11-05,LIR,62,,,,,,,,,,,,MED
2025-12-01 00:00:00,776180600572,33,DW,01,H,56,333,KOYOC EK LORENA DEL CARMEN    ,1C,ACTIVO,RDP023 ,2,F623,24NY,2024-07-01,2024-07-22,11089,0,,W0106159734,SMG,2025-11-25,LIR,42,,,,,,,,,,,,MED
2025-12-01 00:00:00,776180802469,07,DW,01,H,42,073,CHAY CHAY CELSO J             ,1B,ACTIVO,J773PY ,2,F622,17LM,2025-11-01,2025-09-03,3343,11,,W0106129630,SMC,2025-11-05,LIR,62,2025-11-06 11:48:04,0751,R,9JR2C,J773PY ,0,Nor,53,UI SERV DIRECTO,53,S,MED
2025-12-01 00:00:00,776180900223,05,DW,01,H,42,051,GOMEZ MAY LEONARDO M          ,1B,ACTIVO,HD662W ,1,F123,20NT,2018-09-01,2018-09-05,0,0,,W0106127427,SMC,2025-11-04,LIR,63,,,,,,,,,,,,MED
2025-12-01 00:00:00,775060602125,33,DW,01,G,02,331,VAN PROOYEN MICHAEL ALAN      ,1B,ACTIVO,JCN778 ,2,F623,23NU,2025-11-01,2025-11-24,4054,702,,W0106107809,SM2,2025-10-21,MED,77,2025-11-24 10:49:00,3329,L,GAKVM,JCN778 ,702,Opt,  ,,,,GSC
2025-12-01 00:00:00,776190200327,05,DW,01,H,42,053,POOL CAAMAL ANGEL D           ,1B,CORTADO,PKC487 ,1,F123,24NX,2026-01-01,2026-01-02,1585,0,,W0106127441,SMC,2025-11-04,LIR,63,,,,,,,,,,,,MED
2025-12-01 00:00:00,776190500835,23,DW,01,H,40,233,COOL POOT LILIANA D           ,1C,CORTADO,L036FD ,1,F122,18LN,2025-11-01,2025-09-12,3282,0,,W0106150293,SMG,2025-11-19,MED,48,2025-11-14 18:01:15,2328,L,GAAFN,L036FD ,0,Nor,56,NO HAY MEDIDOR,56,S,MED
2025-12-01 00:00:00,776190900302,17,DW,01,H,41,172,CANUL UC MARIA DE LOURDES     ,1C,ACTIVO,XMR927 ,1,F123,24NX,2025-03-01,2025-03-11,8993,300,,W0106139111,SMG,2025-11-11,LIR,56,,,,,,,,,,,,MED
2025-12-01 00:00:00,776191000984,05,DW,01,H,42,054,KUK DZUL FERNANDO EFRAIN      ,1B,ACTIVO,UK392R ,2,F623,21NY,2023-07-01,2023-07-04,5932,312,,W0106127451,SMC,2025-11-04,LIR,63,,,,,,,,,,,,MED
2025-12-01 00:00:00,776200500456,05,DW,01,H,42,052,CHAC CHUC VILMA MIRELLA       ,1B,ACTIVO,DB838A ,1,F123,19NM,2026-01-01,2026-01-03,16253,0,,W0106127432,SMC,2025-11-04,LIR,63,,,,,,,,,,,,MED
2025-12-01 00:00:00,776200700242,31,DW,01,H,48,311,DZIB CHAC MANGERLY            ,1C,ACTIVO,W991TA ,1,F122,19LN,2025-11-01,2025-03-21,3128,81,,W0106082790,SMC,2025-10-08,W1J,90,2025-11-21 09:27:47,3126,L,9JRBT,W991TA ,0,Nor,59,DISPLAY APAGADO,59,S,MED
2025-12-01 00:00:00,775100100781,15,DW,01,G,08,153,CANO ALDAN JOSE               ,1B,CORTADO,DB382A ,1,F123,19NM,2013-01-01,2013-01-09,11365,0,,W0106133975,SMC,2025-11-07,LIR,60,,,,,,,,,,,,MED
2025-12-01 00:00:00,776200900349,27,DW,01,E,37,275,MAY CANCHE ELIA NORA          ,1D,ACTIVO,JBL076 ,2,F623,23NU,2023-11-01,2023-11-17,1322,0,,W0106153473,SM2,2025-11-20,01B,47,,,,,,,,,,,,GSC
2025-12-01 00:00:00,776201200847,07,DW,01,H,42,072,GONZALEZ MENA MARIA DEL CARMEN,1B,ACTIVO,HA837W ,1,F123,20NT,2025-11-01,2025-09-02,7748,161,,W0106129603,SMG,2025-11-05,LIR,62,2025-11-06 09:24:23,0751,R,9JR2C,HA837W ,0,Nor,64,P. INFRARROJO/MED. D,64,S,MED
2025-12-01 00:00:00,776210200353,23,DW,01,H,40,232,CANCHE KU JOSE DOLORES        ,1C,ACTIVO,LF554Y ,1,F123,20NT,2025-11-01,2025-09-12,13698,487,,W0106146291,SMC,2025-11-15,LIR,52,2025-11-14 18:32:07,2327,L,9MCGE,LF554Y ,0,Nor,53,UI SERV DIRECTO,53,S,MED
2025-12-01 00:00:00,776210400549,07,DW,01,H,42,073,CAUICH LOPEZ JUAN DAVID       ,1B,ACTIVO,NK395X ,2,F623,20NU,2025-11-01,2025-09-02,37,0,,W0106129631,SMC,2025-11-05,LIR,62,2025-11-06 12:07:56,0751,R,9JR2C,NK395X ,0,Nor,56,NO HAY MEDIDOR,56,S,MED
2025-12-01 00:00:00,776210500136,08,DW,01,H,38,086,CONST Y SERVICIOS BAROVI SA CV,02,ACTIVO,XW542A ,2,F622,21LM,2022-06-01,2022-06-03,571,0,,W0106078639,SMC,2025-10-06,LIR,92,,,,,,,,,,,,MED
2025-12-01 00:00:00,776211001281,05,DW,01,H,42,053,MENDOZA EK JOSE ALEJANDRO     ,1B,ACTIVO,038TY2 ,1,12LH,12LH,2026-01-01,2026-01-02,2234,0,,W0106129485,SMC,2025-11-05,W1D,62,,,,,,,,,,,,MED
2025-12-01 00:00:00,776220500258,05,DW,01,H,42,054,CHI PUC MARIA MARGARITA       ,1B,ACTIVO,RR503K ,1,F123,21NX,2026-01-01,2026-01-02,754,0,,W0106127447,SMG,2025-11-04,LIR,63,,,,,,,,,,,,MED
2025-12-01 00:00:00,776220500517,05,DW,01,H,42,053,NAH CHAY SOILO RENATO         ,1B,CORTADO,RR751M ,1,F123,21NX,2026-01-01,2026-01-02,5604,0,,W0106127434,SMC,2025-11-04,LIR,63,,,,,,,,,,,,MED
2025-12-01 00:00:00,773821000776,33,DW,01,D,03,335,ROSARIO HERRERA H             ,1C,ACTIVO,C3346G ,1,W111,73C0,2025-11-01,2025-09-23,9779,0,,W0106161476,SMG,2025-11-26,LIR,41,2025-11-25 11:10:11,3351,R,9EMCB,C3346G ,0,Nor,60,MEDID NO TRABAJA,60,S,MED
2025-12-01 00:00:00,776220701075,07,DW,01,H,42,072,PUC SOLIS KARLA DE LA CRUZ    ,1B,ACTIVO,RT541C ,1,F123,21NX,2025-11-01,2025-09-02,3462,320,,W0106129604,SMC,2025-11-05,LIR,62,2025-11-04 09:38:55,0727,L,9JR2C,RT541C ,0,Nor,53,UI SERV DIRECTO,53,S,MED
2025-12-01 00:00:00,776220800391,29,DW,01,H,56,293,CUA EK JORGE SALOMON          ,1C,ACTIVO,CVL358 ,2,F623,22NU,2025-11-01,2025-09-19,4285,209,,W0106154495,SMC,2025-11-21,LIR,46,2025-11-20 16:56:58,2928,L,9MCGE,CVL358 ,0,Nor,53,UI SERV DIRECTO,53,S,MED
2025-12-01 00:00:00,776220900604,05,DW,01,H,42,053,VILLANUEVA PINTO ZEYDI ZELENE ,1B,ACTIVO,TV553A ,1,F123,21NX,2026-01-01,2026-01-02,4402,0,,W0106127433,SMC,2025-11-04,LIR,63,,,,,,,,,,,,MED
2025-12-01 00:00:00,776231000524,29,DW,01,H,51,291,HERNANDEZ CANCHE FRANCIS      ,1C,SUJETO A CORTE,HYX083 ,2,F623,23NU,2025-11-01,2025-09-19,8789,815,,W0106154484,SMC,2025-11-21,LIR,46,2025-11-20 09:35:08,2926,L,9JRBT,HYX083 ,0,Nor,53,UI SERV DIRECTO,53,S,MED
2025-12-01 00:00:00,776231001342,05,DW,01,H,42,052,PEREZ MENA ARLETI IRASEMA     ,1B,ACTIVO,PKB735 ,1,F123,24NX,2025-07-01,2025-07-03,2000,0,,W0106130356,SMG,2025-11-05,LIR,62,,,,,,,,,,,,MED
2025-12-01 00:00:00,776240100698,17,DW,01,H,41,172,CANUL TZUC MARIA MAGDALENA    ,1C,ACTIVO,LGC542 ,1,F123,23NY,2025-11-01,2025-07-11,1000,65,,W0106139119,SMC,2025-11-11,LIR,56,2025-11-11 11:27:04,1726,L,9JR2C,LGC542 ,0,Nor,53,UI SERV DIRECTO,53,S,MED
2025-12-01 00:00:00,776240200072,27,DW,01,H,50,271,KANTUN POOT YESICA BEATRIZ    ,1C,ACTIVO,LGD450 ,1,F123,23NX,2025-11-01,2025-07-18,3797,161,,W0106151393,SMC,2025-11-19,LIR,48,2025-11-19 10:35:42,2726,L,9JR2C,LGD450 ,0,Nor,53,UI SERV DIRECTO,53,S,MED
2025-12-01 00:00:00,776240400730,07,DW,01,H,42,073,PAT DUARTE ELIZABET DEL CARMEN,1B,ACTIVO,DXM847 ,1,F123,22NX,2025-11-01,2025-11-06,844,0,,W0106129627,SMC,2025-11-05,LIR,62,2025-11-06 13:37:08,0751,R,9JR2C,DXM847 ,0,Nor,31,SERVICIO SIN USO,LM,S,MED
2025-12-01 00:00:00,776240500459,05,DW,01,H,42,053,HERNANDEZ MACIAS SERGIO       ,1B,CORTADO,KJB628 ,2,F623,23NU,2026-01-01,2026-01-02,4904,0,,W0106127439,SMC,2025-11-04,LIR,63,,,,,,,,,,,,MED
2025-12-01 00:00:00,776240501366,25,DW,01,H,45,251,CHIN KEB MARIANY DE JESUS     ,1C,ACTIVO,0AUY75 ,2,F623,25P2,2025-11-01,2025-11-18,1551,0,,W0106150051,SMC,2025-11-19,LIR,48,2025-11-18 09:15:05,2526,L,9JRBT,JDR590 ,0,Nor,53,UI SERV DIRECTO,53,S,MED
2025-12-01 00:00:00,776241200327,05,DW,01,H,42,053,CRUZ ESCALANTE ALAIN TADEO    ,1B,ACTIVO,WPY834 ,2,F623,24P2,2026-01-01,2026-01-02,400,0,,W0106127444,SMC,2025-11-04,LIR,63,,,,,,,,,,,,MED
2025-12-01 00:00:00,776250100262,13,DW,01,H,55,131,PECH CHAVEZ MARIA IRENE       ,1C,ACTIVO,RFT648 ,2,F623,24NY,2025-11-01,2025-07-09,371,164,,W0106136415,SMC,2025-11-10,LIR,57,2025-11-07 10:58:47,1326,L,9JRBT,RFT648 ,0,Nor,53,UI SERV DIRECTO,53,S,MED
2025-12-01 00:00:00,776250100394,05,DW,01,H,42,053,CASANOVA CUITUN ROSA ALEJANDRA,1B,ACTIVO,PKC877 ,1,F123,24NX,2026-01-01,2026-01-02,1954,368,,W0106127435,SMC,2025-11-04,LIR,63,,,,,,,,,,,,MED
2025-12-01 00:00:00,776250101102,17,DW,01,H,41,173,DZIB DZUL CALIXTO             ,1C,ACTIVO,4BCE24 ,2,F623,25P2,2025-11-01,2025-11-11,1,1,,W0106141311,SMC,2025-11-12,LIR,55,2025-11-12 09:57:24,1751,R,9JR2C,4BCE24 ,0,Nor,53,UI SERV DIRECTO,53,S,MED
2025-12-01 00:00:00,776250101374,11,DW,01,H,36,111,BOJORQUEZ CHAN CARLOS ALFONSO ,1C,ACTIVO,PKN447 ,1,F123,24NX,2025-11-01,2025-12-29,0,0,,W0106136685,SMW,2025-11-10,W1D,57,2025-11-06 11:01:08,1126,L,9P167,PKD933 ,1034,Nor,44,NUM MEDID DESIGU,44,S,GSC
2025-12-01 00:00:00,776250701347,05,DW,01,H,42,052,AKE CAUICH HENRI ALFREDO      ,1B,ACTIVO,XMN377 ,1,F123,24NX,2026-01-01,2026-01-02,286,0,,W0106130361,SMC,2025-11-05,LIR,62,,,,,,,,,,,,MED
2025-12-01 00:00:00,776251000172,25,DW,01,H,45,251,POOT POOT JOSE LEONEL         ,1C,ACTIVO,PBR193 ,1,F123,24NX,2025-11-01,2025-11-18,0,0,,W0106150052,SMC,2025-11-19,LIR,48,,,,,,,,,,,,MED
2025-12-01 00:00:00,776750602396,13,DW,01,H,55,132,MAXIMO KOH                    ,1C,ACTIVO,LMX057 ,1,F123,23NX,2025-11-01,2025-11-11,357,97,,W0106136422,SMG,2025-11-10,LIR,57,,,,,,,,,,,,MED
2025-12-01 00:00:00,773841200054,07,DW,01,D,01,073,MUKUL CANUL JUAN GUILLERMO    ,1D,ACTIVO,30M9P1 ,2,F62H,09KN,2025-11-01,2025-11-05,37802,778,,W0106129250,SMG,2025-11-05,LIR,62,,,,,,,,,,,,MED
2025-12-01 00:00:00,776000156840,17,DW,01,H,41,172,JOSE ALFREDO DZUL CANUL       ,1C,ACTIVO,780TW7 ,1,F122,12LH,2025-11-01,2025-07-11,1691,0,,W0106139110,SMC,2025-11-11,LIR,56,2025-11-11 08:15:43,1726,L,9JR2C,780TW7 ,0,Nor,53,UI SERV DIRECTO,53,S,MED
2025-12-01 00:00:00,773841203932,13,DW,01,D,01,131,RAFAEL TUZ HUCHIN             ,1D,ACTIVO,0BCJ30 ,2,F623,25P2,2025-11-01,2025-11-07,2024,0,,W0106135544,SMG,2025-11-10,LIR,57,2025-11-07 12:43:46,1302,L,9JRB6,XP0092 ,0,Nor,60,MEDID NO TRABAJA,60,S,MED
2025-12-01 00:00:00,776070603797,23,DW,01,H,40,233,POOT CANCHE MARIA DE LA ASUNCI,1C,ACTIVO,4BCG79 ,2,F623,25P2,2025-11-01,2025-10-07,0,457,,W0106151007,SMC,2025-11-19,LIR,48,2025-11-15 10:10:09,2351,R,9JR2C,4BCG79 ,0,Nor,53,UI SERV DIRECTO,53,S,MED
2025-12-01 00:00:00,776080505769,07,DW,01,H,42,071,CANUL FLORES PALOMA MAGDALENA ,1B,ACTIVO,P304PW ,1,F123,18NM,2008-05-01,2008-05-30,0,0,,W0106132111,SMC,2025-11-06,LIR,61,,,,,,,,,,,,MED
2025-12-01 00:00:00,776091102241,17,DW,01,H,41,172,SEGOVIA HOIL CESAR ANTONIO    ,1C,ACTIVO,81PL57 ,2,F621,07F3,2025-11-01,2025-11-11,82153,0,,W0106164245,SM2,2025-11-27,W1H,40,2025-11-11 08:19:34,1726,L,9JR2C,81PL57 ,0,Nor,31,SERVICIO SIN USO,,,GSC
2025-12-01 00:00:00,776750614068,16,DW,01,H,49,162,UICAB JIMENEZ RENAN LIBERATO  ,1C,ACTIVO,NT238P ,2,F623,20NU,2025-12-01,2025-08-11,28,371,,W0106090927,SMC,2025-10-13,LIR,85,2025-12-10 12:09:14,1627,L,9MCGE,NT238P ,0,Nor,53,UI SERV DIRECTO,53,S,MED
2025-12-01 00:00:00,776110602071,17,DW,01,H,41,173,POOT CANUL MARIA FERNANDA     ,1C,ACTIVO,LF270X ,1,F123,20NT,2018-07-01,2018-07-10,903,0,,W0106141309,SMC,2025-11-12,LIR,55,,,,,,,,,,,,MED
2025-12-01 00:00:00,776111102323,31,DW,01,H,53,313,COOB TZEEL MARIA TERESITA     ,1C,ACTIVO,MKE883 ,1,F123,23NX,2012-11-01,2050-01-01,0,0,,W0106157443,SMC,2025-11-24,LIR,43,,,,,,,,,,,,MED
2025-12-01 00:00:00,776780300050,12,DW,01,H,36,124,JOSE GILBERTO COB             ,1C,ACTIVO,06M95T ,1,F12H,10KU,2007-04-01,2007-04-03,309,3,,W0106142229,SMC,2025-11-13,W1H,54,,,,,,,,,,,,MED
2025-12-01 00:00:00,776780600096,29,DW,01,H,54,292,DOMINGO KU POOT               ,1C,BAJA SIN MED RET,98GL85 ,1,F121,07JL,2025-11-01,2025-11-20,12770,0,,W0106154487,SMG,2025-11-21,LIR,46,,,,,,,,,,,,MED
2025-12-01 00:00:00,776780900031,15,DW,01,H,41,151,MUNICIPIO DE KINCHIL          ,02,ACTIVO,J304LY ,2,F622,17LM,2025-11-01,2025-09-09,701,0,,W0106138253,SMC,2025-11-11,LIR,56,2025-11-10 14:25:19,1526,L,9MCGE,J304LY ,0,Nor,53,UI SERV DIRECTO,53,S,MED
2025-12-01 00:00:00,776790600159,23,DW,01,H,40,232,NEMESIO POOT                  ,1C,ACTIVO,RT719E ,1,F123,21NX,2025-11-01,2025-09-12,1663,120,,W0106146288,SMC,2025-11-15,LIR,52,2025-11-14 18:36:04,2327,L,9MCGE,RT719E ,0,Nor,53,UI SERV DIRECTO,53,S,MED
2025-12-01 00:00:00,776820300546,27,DW,01,H,50,271,SERVULO PISTE                 ,02,ACTIVO,JBD287 ,2,F623,23NU,2025-11-01,2025-09-18,4195,376,,W0106151395,SMG,2025-11-19,LIR,48,2025-11-19 11:40:22,2726,L,9JR2C,JBD287 ,0,Nor,60,MEDID NO TRABAJA,60,S,MED
2025-12-01 00:00:00,776821100087,31,DW,01,H,48,312,LUCIO R GARCIA BORGES         ,1C,ACTIVO,8R20U0 ,1,F121,04GG,2025-11-01,2025-09-22,30019,378,,W0106157433,SMG,2025-11-24,LIR,43,2025-11-21 09:25:39,3127,L,9JR2C,8R20U0 ,0,Nor,60,MEDID NO TRABAJA,60,S,MED
2025-12-01 00:00:00,776860100060,07,DW,01,H,42,072,FRANCISCO CAAMAL              ,1B,ACTIVO,RR537M ,1,F123,21NX,2025-11-01,2025-11-06,7795,0,,W0106129607,SMG,2025-11-05,LIR,62,2025-11-06 09:34:08,0751,R,9JR2C,RR537M ,0,Opt,31,SERVICIO SIN USO,,,MED
2025-12-01 00:00:00,776871000083,08,DW,01,H,38,086,MARICELA CEBALLOS PINTO       ,1B,ACTIVO,BE848U ,2,F623,19NV,2025-12-01,2025-12-04,11893,2,,W0106074329,SMG,2025-10-02,LIR,96,2025-12-04 10:22:05,0829,L,9MCGE,BE848U ,2,Opt,31,SERVICIO SIN USO,,,MED
2025-12-01 00:00:00,776880100317,29,DW,01,H,56,293,JORGE A CHUC KOYOC            ,1C,ACTIVO,L0C624 ,1,F121,88F5,2025-11-01,2025-09-19,38638,280,,W0106154494,SMG,2025-11-21,LIR,46,2025-11-22 09:16:08,2951,R,9EMME,L0C624 ,99937,Nor,  ,,FR,S,MED
2025-12-01 00:00:00,776880300022,07,DW,01,H,42,071,GUSTAVO MORA FLORES           ,1B,ACTIVO,31JM48 ,1,F121,07JL,2025-11-01,2025-09-02,44830,664,,W0106129596,SMG,2025-11-05,LIR,62,2025-11-04 14:02:56,0726,L,9P167,31JM48 ,0,Nor,60,MEDID NO TRABAJA,60,S,MED
2025-12-01 00:00:00,776880600107,17,DW,01,H,41,173,PABLO CHAY KOH                ,1C,ACTIVO,PHV525 ,1,F123,24NX,2025-11-01,2025-06-20,0,251,,W0106139122,SMC,2025-11-11,LIR,56,2025-11-11 13:04:38,1728,L,9P167,PHV525 ,0,Nor,53,UI SERV DIRECTO,53,S,MED
2025-12-01 00:00:00,776881200269,23,DW,01,H,40,233,TIMOTEO CANCHE TINAL          ,1C,ACTIVO,YL2847 ,1,F121,86EG,2025-11-01,2025-09-12,7405,35,,W0106146292,SMG,2025-11-15,LIR,52,2025-11-14 14:55:17,2328,L,GAAFN,YL2847 ,0,Nor,60,MEDID NO TRABAJA,60,S,MED
2025-12-01 00:00:00,776890100111,17,DW,01,H,41,172,ANGEL VENTURA CHAVEZ          ,1C,ACTIVO,XMR930 ,1,F123,24NX,2025-09-01,2025-09-09,3501,0,,W0106139115,SMC,2025-11-11,LIR,56,,,,,,,,,,,,MED
2025-12-01 00:00:00,776890600041,17,DW,01,H,41,172,FERNELY A LOPEZ ESTRELLA      ,1C,ACTIVO,FKE467 ,1,F123,22NX,2025-11-01,2025-07-11,3488,0,,W0106139116,SMG,2025-11-11,LIR,56,2025-11-11 09:35:11,1726,L,9JR2C,FKE467 ,0,Opt,60,MEDID NO TRABAJA,60,S,MED
2025-12-01 00:00:00,776890800112,17,DW,01,H,41,173,VIVIANO CANUL UC              ,1C,ACTIVO,PBH207 ,1,F123,24NX,2025-11-01,2025-03-11,249,126,,W0106139121,SMC,2025-11-11,LIR,56,2025-11-11 08:54:38,1728,L,9P167,PBH207 ,0,Nor,53,UI SERV DIRECTO,53,S,MED
2025-12-01 00:00:00,776930500109,13,DW,01,H,55,132,MA HORTENC KOH MEDINA         ,1C,ACTIVO,7DVU19 ,2,F623,25NY,2025-07-01,2025-07-09,696,0,,W0106136420,SMC,2025-11-10,LIR,57,2025-07-09 13:15:35,1327,L,9MCGE,2AAB98 ,0,Nor,53,UI SERV DIRECTO,53,S,MED
2025-12-01 00:00:00,776940300604,05,DW,01,H,42,054,PASTOR MAY YAM                ,1B,ACTIVO,R75Y89 ,1,F121,93F5,2026-01-01,2026-01-02,33901,0,,W0106127450,SMG,2025-11-04,LIR,63,,,,,,,,,,,,MED
2025-12-01 00:00:00,776941200484,17,DW,01,H,41,173,JOSE E CANUL BORGES           ,1C,ACTIVO,871HRT ,1,F122,15LN,2024-09-01,2024-09-09,13345,124,,W0106141310,SMC,2025-11-12,LIR,55,2024-09-09 10:23:50,1728,M,R9793,1G548G ,0,Nor,31,SERVICIO SIN USO,,,MED
2025-12-01 00:00:00,776941200557,23,DW,01,H,40,232,EFRAIN CHAN TUYUB             ,1C,ACTIVO,JCN913 ,2,F623,23NU,2025-11-01,2025-09-12,6002,616,,W0106146286,SMG,2025-11-15,LIR,52,2025-11-14 11:25:52,2327,L,9MCGE,JCN913 ,0,Nor,61,MANECILLAS DESCA,61,S,MED
2025-12-01 00:00:00,776950500407,07,DW,01,H,42,072,PEREZ KU MARIA IRENE DEL SOCOR,1B,ACTIVO,RT813C ,1,F123,21NX,2023-11-01,2023-11-03,971,0,,W0106129611,SMC,2025-11-05,LIR,62,,,,,,,,,,,,MED
2025-12-01 00:00:00,776951100151,07,DW,01,H,42,072,BLANCA TORREGROSA GUERRA      ,02,ACTIVO,8H52T3 ,1,F121,03GG,2025-11-01,2025-11-06,46679,6,,W0106129620,SMG,2025-11-05,LIR,62,,,,,,,,,,,,MED
2025-12-01 00:00:00,776120103197,07,DW,01,H,42,072,PEREZ KU SANTOS CELIANO       ,1B,ACTIVO,FKD788 ,1,F123,22NX,2025-11-01,2025-09-02,3265,359,,W0106129610,SMC,2025-11-05,LIR,62,2025-11-04 10:08:26,0727,L,9JR2C,FKD788 ,0,Nor,53,UI SERV DIRECTO,53,S,MED
2025-12-01 00:00:00,776150702460,08,DW,01,H,38,085,CARRILLO MARTINEZ VICTOR MANUE,1B,ACTIVO,7AAG83 ,2,F623,25NY,2025-08-01,2025-08-04,17312,215,,W0106078632,SMC,2025-10-06,LIR,92,,,,,,,,,,,,MED
2025-12-01 00:00:00,776980100420,17,DW,01,H,41,172,QUINTAL KOYOC FERNANDO JAVIER ,1C,ACTIVO,OAU381 ,1,W101,6000,2025-11-01,2025-05-13,40342,130,,W0106139112,SMG,2025-11-11,LIR,56,2025-11-11 08:21:46,1726,L,9JR2C,OAU381 ,0,Nor,60,MEDID NO TRABAJA,60,S,MED
2025-12-01 00:00:00,776980200483,13,DW,01,H,55,131,LUCIANO CHALE EUAN            ,1C,ACTIVO,4BCG41 ,2,F623,25P2,2025-11-01,2025-09-11,0,664,,W0106136414,SMC,2025-11-10,LIR,57,2025-11-07 11:29:02,1326,L,9JRBT,4BCG41 ,0,Nor,53,UI SERV DIRECTO,53,S,MED
2025-12-01 00:00:00,776980300437,07,DW,01,H,42,071,JOSE SANTANA CETINA           ,02,CORTADO,1V49T2 ,2,F421,04GH,2025-11-01,2025-09-02,29460,114,,W0106129597,SMG,2025-11-05,LIR,62,2025-11-04 15:25:23,0726,L,9P167,1V49T2 ,0,Nor,60,MEDID NO TRABAJA,60,S,MED
2025-12-01 00:00:00,776181000471,05,DW,01,H,42,053,MENDOZA CHAY NAOBY S          ,1B,ACTIVO,L831TK ,1,F122,18LN,2026-01-01,2026-01-02,9982,0,,W0106127440,SMC,2025-11-04,LIR,63,,,,,,,,,,,,MED
2025-12-01 00:00:00,776200700846,31,DW,01,H,53,313,MAURA GERTRUDIS CHAN MENA     ,1C,ACTIVO,YH119L ,2,F623,21NU,2025-11-01,2025-05-22,9264,571,,W0106157442,SMG,2025-11-24,LIR,43,2025-11-21 11:45:14,3128,L,9P167,YH119L ,0,Nor,60,MEDID NO TRABAJA,60,S,MED
2025-12-01 00:00:00,776981200797,05,DW,01,H,42,054,MARIA ELIDE CHAN CHAN         ,1B,CORTADO,9MM505 ,1,F121,98GG,2026-01-01,2026-01-02,55484,0,,W0106127448,SMC,2025-11-04,LIR,63,,,,,,,,,,,,MED
2025-12-01 00:00:00,776990100070,33,DW,01,H,56,333,CHAC CHUC JOSE MANUEL         ,1C,ACTIVO,C4525P ,1,W111,73C0,2025-11-01,2025-09-23,970,32,,W0106159735,SMG,2025-11-25,LIR,42,2025-11-26 12:47:42,3351,R,R9793,C4525P ,9047,Nor,  ,,LN,S,MED
2025-12-01 00:00:00,777000357027,32,DW,01,J,46,325,HERMINIO PENA                 ,1C,CORTADO,77TJ83 ,1,F121,08JL,2025-12-01,2025-12-22,31200,0,,W0106108859,SMG,2025-10-22,LIR,76,2025-12-22 09:32:43,3231,L,9NCYF,77TJ83 ,0,Nor,31,SERVICIO SIN USO,,,MED
2025-12-01 00:00:00,777001155835,27,DW,01,J,03,276,UC CAAMAL SILVIA GUADALUPE    ,1C,ACTIVO,G128MR ,2,F622,17LM,2025-11-01,2025-11-19,32454,1761,,W0106091709,S05,2025-10-13,W1J,85,2025-11-19 09:05:47,2705,L,9NCXE,G128MR ,1761,Opt,  ,,,,CCC
2025-12-01 00:00:00,776220600805,29,DW,01,H,54,292,MOLINA TINAL FELIX MARTIN     ,1C,ACTIVO,YP174L ,2,F623,21NU,2022-09-01,2022-09-20,1,0,,W0106154489,SMG,2025-11-21,LIR,46,,,,,,,,,,,,MED
2025-12-01 00:00:00,777010900373,28,DW,01,J,29,285,MA ANA DE JESUS CAN POOT      ,1C,ACTIVO,9K8F22 ,1,F121,01GG,2025-12-01,2025-12-18,57022,88,,W0106136140,S05,2025-11-10,W1J,57,2025-12-18 12:36:44,2829,L,G81D8,9K8F22 ,88,Nor,  ,,FR,S,CCC
2025-12-01 00:00:00,777011200944,32,DW,01,J,46,325,QUINTAL SOLIS MIGUEL ANGEL    ,1C,ACTIVO,JCE084 ,2,F623,23NU,2025-12-01,2025-08-21,6786,305,,W0106108855,SMC,2025-10-22,LIR,76,2025-12-22 11:08:26,3231,L,9NCYF,JCE084 ,0,Nor,53,UI SERV DIRECTO,53,S,MED
2025-12-01 00:00:00,777030400938,36,DW,01,J,03,367,QUINTAL UICAB MARGARITA       ,1C,ACTIVO,M302RK ,2,F622,17LM,2025-12-01,2025-06-25,7527,176,,W0106112876,SMG,2025-10-23,LIR,75,2025-12-26 15:45:10,3626,L,GAAFN,M302RK ,0,Nor,59,DISPLAY APAGADO,59,S,MED
2025-12-01 00:00:00,777030601186,31,DW,01,J,03,311,JOSE H CASTILLO DORANTES      ,1C,ACTIVO,324G9C ,2,F622,13LM,2025-11-01,2025-09-22,26015,212,,W0106155318,SMG,2025-11-21,LIR,46,2025-11-21 12:04:18,3101,L,9NCYF,324G9C ,0,Nor,64,P. INFRARROJO/MED. D,64,S,MED
2025-12-01 00:00:00,777031200525,21,DW,01,J,16,211,COUHO HAAZ DULCE DEL CARMEN   ,1D,CORTADO,8K60K5 ,1,F121,03GG,2025-11-01,2025-09-11,32051,595,,W0106144502,SMG,2025-11-14,LIR,53,2025-11-14 15:37:04,2151,R,GAXWM,8K60K5 ,0,Nor,56,NO HAY MEDIDOR,56,S,MED
2025-12-01 00:00:00,777040900068,14,DW,01,J,28,144,PECH TUYUB VIOLETA DEL ROSARIO,1B,ACTIVO,MJD924 ,1,F123,23NX,2024-06-01,2024-06-10,308,0,,W0106084242,SMC,2025-10-08,LIR,90,,,,,,,,,,,,MED
2025-12-01 00:00:00,777041001750,39,DW,01,J,08,392,CASANOVA CALAN LOURDES        ,1D,ACTIVO,73FK82 ,1,F121,07JL,2004-09-01,2004-10-28,1,0,,W0106164940,SMG,2025-11-27,LIR,40,,,,,,,,,,,,MED
2025-12-01 00:00:00,777050301553,32,DW,01,J,38,322,AES MERIDA III CASETA MONITORE,02,ACTIVO,G428VU ,2,F622,17LM,2025-12-01,2024-04-19,80269,2218,,W0106110339,SM2,2025-10-22,01M,76,2025-12-22 13:14:32,3227,L,GAAGN,G428VU ,0,Nor,59,DISPLAY APAGADO,59,S,GSC
2025-12-01 00:00:00,777060800442,32,DW,01,J,46,325,QUINTAL SOLIS SERGIO RENE     ,1C,CORTADO,4Y642B ,1,F121,06JL,2025-12-01,2025-12-22,38361,1980,,W0106108852,SMC,2025-10-22,LIR,76,2025-12-22 12:12:44,3231,L,9NCYF,4Y642B ,1980,Nor,  ,,FR,S,MED
2025-12-01 00:00:00,777080601306,28,DW,01,J,37,286,AGUAYO CHE JUAN               ,1C,BAJA SIN MED RET,607HRM ,1,F122,15LN,2025-12-01,2025-12-18,26368,699,,W0106102292,SMC,2025-10-18,LIR,80,2025-12-18 13:48:49,2828,L,9NCYF,607HRM ,699,Opt,  ,,,,MED
2025-12-01 00:00:00,777090401119,33,DW,01,J,03,331,KANTUN ALCOCER EDWING MARTIN  ,1C,ACTIVO,5C46N3 ,1,F121,03GG,2025-11-01,2025-11-24,45449,706,,W0106078390,S05,2025-10-06,W1J,92,2025-11-24 13:15:38,3301,L,9NCYF,5C46N3 ,706,Nor,  ,,,,CCC
2025-12-01 00:00:00,776061000451,23,DW,01,H,40,232,EK UC FELIPE DE JESUS         ,1C,ACTIVO,UC159E ,2,F623,21NY,2006-09-01,2006-10-12,1,0,,W0106146284,SMC,2025-11-15,LIR,52,,,,,,,,,,,,MED
2025-12-01 00:00:00,777091101712,35,DW,01,J,08,351,CHAN ALONZO ADRIANA ARACELLY  ,1D,CORTADO,365ADB ,1,F122,14LN,2010-03-01,2050-01-01,0,0,,W0106161894,SMW,2025-11-26,01G,41,,,,,,,,,,,,GSC
2025-12-01 00:00:00,777100700276,28,DW,01,J,29,285,RAMIREZ CAN GLORIA DEL MILAGRO,02,ACTIVO,P010HT ,2,F623,18NN,2025-12-01,2025-12-18,3564,1123,,W0106136168,S05,2025-11-10,W1J,57,2025-12-18 12:36:05,2829,L,G81D8,P010HT ,1123,Opt,  ,,,,CCC
2025-12-01 00:00:00,776750611000,31,DW,01,H,48,311,LEOBARDO KOYOC CH             ,1C,ACTIVO,MV9550 ,1,F121,84EG,2025-11-01,2025-09-22,1563,0,,W0106138954,SMC,2025-11-11,CDU,56,2025-11-24 13:05:00,3151,R,9P167,MV9550 ,0,Nor,56,NO HAY MEDIDOR,56,S,MED
2025-12-01 00:00:00,777100801862,33,DW,01,J,03,334,PACHECO DIAZ VICTOR JESUS     ,1C,ACTIVO,586EBY ,2,F622,15LM,2025-11-01,2025-11-24,3642,0,,W0106071666,SM2,2025-10-01,W12,97,2025-11-24 12:38:52,3304,L,9BBN1,586EBY ,0,Opt,31,SERVICIO SIN USO,,,GSC
2025-12-01 00:00:00,777101101309,19,DW,01,J,13,191,SULUB MELENDEZ ELISA MARIA    ,1D,CORTADO,DW501E ,1,F623,19NU,2025-11-01,2025-09-10,8792,0,,W0106142649,SMG,2025-11-13,LIR,54,2025-11-12 11:35:03,1926,L,9NCYF,DW501E ,0,Opt,60,MEDID NO TRABAJA,60,S,MED
2025-12-01 00:00:00,777110103926,37,DW,01,J,08,372,ESTRELLA LUGO MARIA DEL ROSARI,1D,ACTIVO,59N4L7 ,2,F62H,09KN,2025-11-01,2025-09-25,22975,245,,W0106162429,SMG,2025-11-26,LIR,41,2025-11-26 10:48:35,3727,L,9BBN1,59N4L7 ,0,Nor,64,P. INFRARROJO/MED. D,64,S,MED
2025-12-01 00:00:00,777110202789,29,DW,01,J,03,291,SOLIS MARTIN WENDY            ,1C,ACTIVO,22H7M0 ,1,F12H,09KU,2025-11-01,2025-09-19,27148,292,,W0106154177,SMG,2025-11-21,LIR,46,2025-11-20 08:50:46,2901,L,9NCYF,22H7M0 ,0,Nor,64,P. INFRARROJO/MED. D,64,S,MED
2025-12-01 00:00:00,777111000721,32,DW,01,J,38,321,ESPINOSA LINARES ANGELICA     ,1D,ACTIVO,02P34J ,1,F12H,10KU,2025-12-01,2021-10-19,3,0,,W0106110320,SM2,2025-10-22,01M,76,2025-12-22 17:32:01,3226,L,GAAFN,02P34J ,0,Nor,59,DISPLAY APAGADO,59,S,GSC
2025-12-01 00:00:00,777120501806,35,DW,01,J,08,351,MARTIN Y RAMOS MIRIAM DE LOURD,1D,ACTIVO,775VG5 ,2,F622,12LJ,2013-01-01,2050-01-01,0,0,,W0106160606,SMG,2025-11-25,LIR,42,,,,,,,,,,,,MED
2025-12-01 00:00:00,777120800471,37,DW,01,J,08,371,CASANOVA CALAN ADDA ELIZABETH ,1D,ACTIVO,129BG3 ,1,F12H,11KU,2025-11-01,2025-09-25,12327,208,,W0106162422,SMG,2025-11-26,LIR,41,2025-11-26 10:06:22,3726,L,9NCYF,129BG3 ,0,Nor,64,P. INFRARROJO/MED. D,64,S,MED
2025-12-01 00:00:00,777120801745,32,DW,01,J,46,321,H AYUNTAMIENTO DE CHOCHOLA YUC,02,ACTIVO,UW859R ,2,F623,21NY,2025-12-01,2025-12-22,4333,0,,W0106108843,SMC,2025-10-22,LIR,76,2025-12-22 13:04:39,3228,L,R9712,UW859R ,0,Nor,53,UI SERV DIRECTO,53,S,MED
2025-12-01 00:00:00,777121100759,13,DW,01,J,04,132,PAREDES TRUJEQUE JULIO CESAR  ,1C,BAJA SIN MED RET,586EGJ ,1,F122,15LN,2025-11-01,2025-11-10,5957,0,,W0106137664,SMC,2025-11-11,LIR,56,,,,,,,,,,,,MED
2025-12-01 00:00:00,777121101721,28,DW,01,J,48,289,UICAB MAY MARCOS              ,1C,ACTIVO,5YB411 ,1,F121,00GG,2025-12-01,2024-04-17,9635,218,,W0106107335,SMG,2025-10-21,01G,77,2025-12-18 13:09:51,2826,L,9BBN1,5YB411 ,0,Nor,56,NO HAY MEDIDOR,56,S,MED
2025-12-01 00:00:00,777121103308,37,DW,01,J,08,371,GONZALEZ PEREZ LEYDI DEL R DE ,1D,ACTIVO,094HA3 ,1,F122,12LH,2025-11-01,2025-09-25,12604,98,,W0106162427,SMG,2025-11-26,LIR,41,2025-11-26 11:58:05,3726,L,9NCYF,094HA3 ,0,Nor,64,P. INFRARROJO/MED. D,64,S,MED
2025-12-01 00:00:00,777130100141,32,DW,01,J,46,324,CORREA CRUZ DANIEL ALBERTO    ,1C,ACTIVO,LV957P ,2,F623,20NU,2025-12-01,2025-08-21,12163,416,,W0106108850,SMC,2025-10-22,LIR,76,2025-12-23 11:41:51,3251,R,G81D8,LV957P ,0,Nor,53,UI SERV DIRECTO,53,S,MED
2025-12-01 00:00:00,777130200456,37,DW,01,J,08,371,MOLINA CARBALLO MARGARITA     ,1D,ACTIVO,CL541X ,1,F123,19NM,2025-11-01,2025-09-25,13517,447,,W0106162423,SMC,2025-11-26,LIR,41,2025-11-26 10:34:51,3726,L,9NCYF,CL541X ,0,Nor,53,UI SERV DIRECTO,53,S,MED
2025-12-01 00:00:00,777130600641,31,DW,01,H,48,312,KOYOC KU SANTOS ARIMATEO      ,1C,ACTIVO,MKU851 ,1,F123,23NX,2024-09-01,2024-08-01,712,0,,W0106157434,SMG,2025-11-24,LIR,43,2024-09-20 12:29:37,3126,L,9JR2C,P862PR ,93373,Nor,44,NUM MEDID DESIGU,44,S,MED
2025-12-01 00:00:00,777131100102,13,DW,01,J,04,132,CANCHE TZUC MARIA FANY        ,1C,BAJA SIN MED RET,186TV5 ,1,F122,12LH,2025-11-01,2025-11-07,10131,0,,W0106134180,SMG,2025-11-08,LIR,59,,,,,,,,,,,,MED
2025-12-01 00:00:00,777131203602,28,DW,01,J,37,286,UC BRITO ENRIQUE RODOLFO      ,02,CORTADO,324B4X ,2,F622,13LM,2025-12-01,2024-10-21,10820,0,,W0106102288,SMC,2025-10-18,LIR,80,2025-12-18 10:18:25,2828,L,9NCYF,324B4X ,0,Nor,59,DISPLAY APAGADO,59,S,MED
2025-12-01 00:00:00,777140400062,13,DW,01,J,04,132,FERNANDEZ GARCIA ALEJANDRO DE ,1C,BAJA SIN MED RET,559E9Y ,1,F122,13LN,2025-11-01,2025-11-10,900,0,,W0106137665,SMC,2025-11-11,LIR,56,,,,,,,,,,,,MED
2025-12-01 00:00:00,776750611972,31,DW,01,H,48,312,PACHECO CASTILLO CARLOS FRANCI,1C,ACTIVO,LAM382 ,1,F123,23NX,2025-11-01,2025-11-26,0,0,,W0106157437,SMG,2025-11-24,LIR,43,2025-11-21 11:21:06,3127,L,9JR2C,T5986T ,2,Nor,60,MEDID NO TRABAJA,60,S,MED
2025-12-01 00:00:00,776750616460,29,DW,01,H,54,292,UC CAN JOSE GASPAR            ,1C,ACTIVO,C4767Y ,1,W111,73C0,2025-11-01,2025-09-19,9485,288,,W0106154488,SMG,2025-11-21,LIR,46,2025-11-20 08:39:13,2927,L,9JR2C,C4767Y ,0,Nor,60,MEDID NO TRABAJA,60,S,MED
2025-12-01 00:00:00,777140903021,32,DW,01,J,46,321,GUTIERREZ CARDOS GERMAN SANTIA,1C,ACTIVO,806G8X ,1,F122,13LN,2025-12-01,2025-08-21,29737,487,,W0106108841,SMC,2025-10-22,LIR,76,2025-12-22 12:12:18,3228,L,R9712,806G8X ,0,Nor,53,UI SERV DIRECTO,53,S,MED
2025-12-01 00:00:00,777141000335,21,DW,01,J,03,214,MONTALVO CANUL JEHSON HERMINIO,1C,ACTIVO,PBH712 ,1,F123,24NX,2025-11-01,2025-11-14,1,1,,W0106144492,SMG,2025-11-14,LIR,53,,,,,,,,,,,,MED
2025-12-01 00:00:00,777141003016,14,DW,01,J,31,145,MUKUL UC FLOR IRLENE          ,1B,ACTIVO,FJP545 ,1,F123,22NX,2024-02-01,2024-02-07,5814,3759,,W0106084248,SMC,2025-10-08,LIR,90,,,,,,,,,,,,MED
2025-12-01 00:00:00,777141204771,33,DW,01,J,11,333,CETZ NARVAEZ OSCAR REIMUNDO   ,1D,ACTIVO,186X1J ,2,F622,14LM,2025-11-01,2025-09-23,39953,1670,,W0106159520,SMC,2025-11-25,LIR,42,2025-11-24 10:17:59,3326,L,GAC1M,186X1J ,0,Nor,53,UI SERV DIRECTO,53,S,MED
2025-12-01 00:00:00,777150301933,13,DW,01,J,04,133,MIRANDA LOPEZ ANA MARIA       ,1C,ACTIVO,PKE478 ,1,F123,24NX,2025-11-01,2025-09-05,1203,202,,W0106134187,SMG,2025-11-08,LIR,59,2025-11-07 11:13:52,1327,L,9NCYF,PKE478 ,0,Nor,64,P. INFRARROJO/MED. D,64,S,MED
2025-12-01 00:00:00,777150403604,07,DW,01,J,09,073,COB MAAS VICENTE MANUEL       ,1D,CORTADO,373ADB ,1,F122,14LN,2025-11-01,2025-07-04,14891,211,,W0106129209,SMC,2025-11-05,LIR,62,2025-11-04 08:28:21,0727,L,R9712,373ADB ,0,Nor,53,UI SERV DIRECTO,53,S,MED
2025-12-01 00:00:00,777150501550,31,DW,01,J,03,311,COLLI CHAY MARIO FRANCISCO    ,1C,BAJA SIN MED RET,133W5C ,1,F122,14LN,2025-11-01,2025-11-21,2776,0,,W0106155303,SMG,2025-11-21,LIR,46,,,,,,,,,,,,MED
2025-12-01 00:00:00,776750616711,31,DW,01,H,56,314,ANDRES SANCHEZ CHUC           ,1C,ACTIVO,36X33M ,1,F12H,11KU,2025-11-01,2025-09-22,25085,290,,W0106157444,SMG,2025-11-24,LIR,43,2025-11-21 13:34:44,3129,L,9MCGE,36X33M ,0,Nor,64,P. INFRARROJO/MED. D,64,S,MED
2025-12-01 00:00:00,776960500065,29,DW,01,H,54,292,DIONISIO CAMARA C             ,1C,ACTIVO,L609K0 ,1,F121,96F5,2025-11-01,2025-09-19,68565,7,,W0106154486,SMG,2025-11-21,LIR,46,2025-11-20 08:18:13,2927,L,9JR2C,L609K0 ,1,Nor,60,MEDID NO TRABAJA,60,S,MED
2025-12-01 00:00:00,776970600076,23,DW,01,H,40,233,CUA UC TERESA                 ,1C,ACTIVO,A932KE ,2,F622,16LM,2025-11-01,2025-09-12,14053,351,,W0106146296,SMG,2025-11-15,LIR,52,2025-11-15 09:26:53,2351,R,9JR2C,A932KE ,0,Nor,64,P. INFRARROJO/MED. D,64,S,MED
2025-12-01 00:00:00,777150901809,39,DW,01,J,08,392,AGUILAR AVILA NERY ARACELLY   ,1D,ACTIVO,DXG423 ,1,F123,22NX,2025-11-01,2025-09-27,6502,501,,W0106164939,SMC,2025-11-27,LIR,40,2025-11-27 09:49:21,3926,L,GAAEN,DXG423 ,0,Nor,53,UI SERV DIRECTO,53,S,MED
2025-12-01 00:00:00,776980500576,07,DW,01,H,42,073,MARTIN CONCHA AGUILAR         ,1B,ACTIVO,44LC02 ,1,F121,07JL,2025-11-01,2025-09-02,22700,629,,W0106129628,SMG,2025-11-05,LIR,62,2025-11-04 12:34:31,0728,L,9MCGE,44LC02 ,0,Nor,60,MEDID NO TRABAJA,60,S,MED
2025-12-01 00:00:00,777160300811,13,DW,01,J,04,133,ALEJANDRO DE LA CRUZ SAMUEL   ,1C,BAJA SIN MED RET,929HRT ,1,F122,15LN,2025-11-01,2025-11-10,0,0,,W0106137669,SMC,2025-11-11,LIR,56,,,,,,,,,,,,MED
2025-12-01 00:00:00,777170201889,14,DW,01,J,32,146,CAAMAL YAM MILDRED DE JESUS   ,1C,CORTADO,134VXC ,1,F122,16LN,2025-12-01,2025-08-08,14138,0,,W0106084257,SMC,2025-10-08,LIR,90,2025-12-09 11:39:54,1428,L,9NCYF,134VXC ,0,Nor,66,DERIV ANTES MED,66,S,MED
2025-12-01 00:00:00,777170600180,24,DW,01,J,03,245,PUC PERERA WILLIAN ISRAEL     ,1C,BAJA SIN MED RET,Y817MP ,2,F623,19NU,2025-12-01,2025-12-16,5670,0,,W0106097313,SMG,2025-10-16,LIR,82,2025-12-16 10:34:12,2403,L,9NCXE,Y817MP ,0,Nor,59,DISPLAY APAGADO,59,S,MED
2025-12-01 00:00:00,777170700044,05,DW,01,J,09,051,BAAS PECH BERTHA PATRICIA     ,1D,CORTADO,F819CK ,1,F122,17LN,2026-01-01,2026-01-02,8046,0,,W0106125752,SMC,2025-11-03,LIR,64,,,,,,,,,,,,MED
2025-12-01 00:00:00,777171201459,29,DW,01,J,09,291,KU CANUL SANTOS ISABEL        ,1D,BAJA SIN MED RET,J525DY ,2,F622,17LM,2025-11-01,2025-11-20,3782,0,,W0106154186,SMC,2025-11-21,LIR,46,,,,,,,,,,,,MED
2025-12-01 00:00:00,776980500592,07,DW,01,H,42,071,MARTHA INES POOT MENDOZA      ,02,CORTADO,2W3E08 ,1,F121,02GG,2025-11-01,2025-09-02,83418,11,,W0106129599,SMG,2025-11-05,LIR,62,2025-11-04 15:41:56,0726,L,9P167,2W3E08 ,0,Nor,60,MEDID NO TRABAJA,60,S,MED
2025-12-01 00:00:00,777180500728,09,DW,01,J,04,091,LANDERO LANDERO JOSE MIGUEL   ,1C,ACTIVO,756G8M ,2,F622,13LM,2025-11-01,2025-11-05,19752,597,,W0106130415,SMG,2025-11-05,LIR,62,,,,,,,,,,,,MED
2025-12-01 00:00:00,777180600137,13,DW,01,J,04,134,POLO LEON NICOLAS             ,1C,ACTIVO,LAP447 ,1,F123,23NX,2025-11-01,2025-09-05,678,250,,W0106134198,SMC,2025-11-08,LIR,59,2025-11-07 13:00:12,1328,M,R9712,LAP447 ,0,Nor,65,UI MED INVERTIDO,65,S,MED
2025-12-01 00:00:00,777180802902,13,DW,01,J,04,133,OCHOA GONZALEZ ARTURO GABRIEL ,1C,ACTIVO,L179TR ,1,F122,18LN,2025-11-01,2025-11-07,15694,273,,W0106134189,SMC,2025-11-08,LIR,59,,,,,,,,,,,,MED
2025-12-01 00:00:00,777190100841,31,DW,01,J,03,311,PARRA QUINTAL FREDDY RENAN    ,1C,ACTIVO,P821PR ,1,F123,18NM,2025-11-01,2025-07-22,610,0,,W0106155308,SMG,2025-11-21,LIR,46,2025-11-21 09:20:55,3101,L,9NCYF,P821PR ,0,Nor,64,P. INFRARROJO/MED. D,64,S,MED
2025-12-01 00:00:00,777190300310,13,DW,01,J,04,133,CHE UICAB ROSARIO ABIGAIL     ,1C,ACTIVO,L479FD ,1,F122,18LN,2025-11-01,2025-09-05,8344,561,,W0106134191,SMC,2025-11-08,LIR,59,2025-11-07 11:55:57,1327,L,9NCYF,L479FD ,0,Nor,66,DERIV ANTES MED,66,S,MED
2025-12-01 00:00:00,777190800444,13,DW,01,J,04,133,DE LA CRUZ PALLAN JORGE       ,1C,ACTIVO,965DHE ,1,F122,15LN,2025-11-01,2025-07-09,1856,1,,W0106134186,SMC,2025-11-08,LIR,59,2025-11-07 10:26:01,1327,L,9NCYF,965DHE ,0,Nor,53,UI SERV DIRECTO,53,S,MED
2025-12-01 00:00:00,777191000921,13,DW,01,J,04,133,ARIAS VELAZQUEZ JOSE MANUEL   ,1C,ACTIVO,X932CB ,1,F123,19NM,2025-11-01,2025-11-07,15279,728,,W0106134190,SMC,2025-11-08,LIR,59,,,,,,,,,,,,MED
2025-12-01 00:00:00,777191200041,34,DW,01,J,03,341,GARRIDO ESTRELLA CARLOS DANIEL,1C,ACTIVO,CM959A ,1,F123,19NM,2025-12-01,2025-12-29,4044,146,,W0106111605,SMC,2025-10-23,LIR,75,2025-12-23 11:08:06,3401,L,GAAGN,CM959A ,0,Nor,53,UI SERV DIRECTO,53,S,MED
2025-12-01 00:00:00,777191200165,07,DW,01,J,09,073,DULCERIAS DE YUCATAN SA DE CV ,02,ACTIVO,096AB0 ,3,FD2H,11KV,2025-11-01,2024-09-02,7996,515,,W0106126036,SM2,2025-11-03,W1A,64,2025-11-04 12:09:01,0727,L,R9712,096AB0 ,0,Nor,59,DISPLAY APAGADO,59,S,GSC
2025-12-01 00:00:00,777191200327,11,DW,01,J,04,112,RUIZ ALEJANDRA GABRIELA       ,1C,CORTADO,BM907T ,1,F123,19NM,2025-11-01,2025-09-04,35816,1602,,W0106133246,SMC,2025-11-07,LIR,60,2025-11-06 11:21:15,1126,L,9NCXE,BM907T ,0,Nor,53,UI SERV DIRECTO,53,S,MED
2025-12-01 00:00:00,777200101621,21,DW,01,J,16,211,OJEDA BASTO HENRY ALONSO      ,1D,CORTADO,UK902T ,2,F623,21NY,2023-05-01,2023-05-16,3305,511,,W0106144496,SMC,2025-11-14,LIR,53,,,,,,,,,,,,MED
2025-12-01 00:00:00,777010300180,40,DW,01,J,03,402,DEYSI MARIA CAN BALAM         ,1C,ACTIVO,0D5E10 ,1,F121,00GG,2025-12-01,2025-12-29,36858,38,,W0106117302,SMG,2025-10-27,LIR,71,2025-12-29 08:25:35,4001,L,GAAGN,0D5E10 ,38,Nor,  ,,FR,S,MED
2025-12-01 00:00:00,777200800987,29,DW,01,J,11,291,MORA PRIETO SILVIA            ,1D,CORTADO,06M7H8 ,2,F62H,09KN,2025-11-01,2025-11-20,21002,0,,W0106154194,SMC,2025-11-21,LIR,46,2025-11-20 11:19:28,2928,L,9NCXE,06M7H8 ,0,Nor,32,UI DERIVACION,32,S,MED
2025-12-01 00:00:00,777210100479,14,DW,01,J,28,142,LARA LOPEZ AREMY LUCELY       ,1B,CORTADO,LF181Y ,1,F123,20NT,2025-12-01,2025-08-08,8529,609,,W0106084239,SMC,2025-10-08,LIR,90,2025-12-09 12:07:21,1429,L,R9950,LF181Y ,0,Nor,59,DISPLAY APAGADO,59,S,MED
2025-12-01 00:00:00,777210401835,14,DW,01,J,28,144,GONZALEZ COCOM CERINA CONCEPCI,1B,ACTIVO,HA409W ,1,F123,20NT,2025-12-01,2025-06-09,5942,248,,W0106084245,SMG,2025-10-08,LIR,90,2025-12-09 08:45:33,1427,L,9NCXE,HA409W ,0,Nor,60,MEDID NO TRABAJA,60,S,MED
2025-12-01 00:00:00,777210401878,29,DW,01,J,09,295,HERNANDEZ MARTINEZ PABLO      ,1D,ACTIVO,5AYA87 ,2,F623,25P2,2025-11-01,2025-09-26,0,186,,W0106154188,SMG,2025-11-21,LIR,46,2025-11-20 19:27:13,2931,L,GAAFN,5AYA87 ,0,Nor,60,MEDID NO TRABAJA,60,S,MED
2025-12-01 00:00:00,777210501198,28,DW,01,J,47,288,ROSADO PEREZ FEDERICO         ,1C,CORTADO,NK079Y ,2,F623,20NU,2025-12-01,2025-08-19,4060,32,,W0106102282,SMC,2025-10-18,LIR,80,2025-12-18 10:35:28,2831,L,R9950,NK079Y ,0,Nor,53,UI SERV DIRECTO,53,S,MED
2025-12-01 00:00:00,777210501309,21,DW,01,J,16,211,ESPINOSA BOJORQUEZ CARLOS ISAA,1D,ACTIVO,NR583F ,2,F623,20NU,2025-11-01,2025-09-13,9124,268,,W0106144495,SMC,2025-11-14,LIR,53,2025-11-13 10:01:52,2126,L,9NCYF,NR583F ,0,Nor,53,UI SERV DIRECTO,53,S,MED
2025-12-01 00:00:00,777210603659,19,DW,01,J,13,191,BALAM IUIT MARIA CARMELITA    ,1D,ACTIVO,36UG14 ,1,F121,08JL,2025-11-01,2025-09-10,103,0,,W0106142647,SMG,2025-11-13,LIR,54,2025-11-12 13:22:56,1926,L,9NCYF,36UG14 ,7,Nor,60,MEDID NO TRABAJA,60,S,MED
2025-12-01 00:00:00,777210603799,30,DW,01,J,19,301,LOPEZ AKE MARIA ROSARIO       ,1C,CORTADO,1B85X8 ,1,F121,03GG,2025-12-01,2025-12-19,21433,0,,W0106106250,SMG,2025-10-21,LIR,77,2025-12-19 09:39:56,3027,L,R9712,1B85X8 ,0,Nor,31,SERVICIO SIN USO,,,MED
2025-12-01 00:00:00,777210800276,37,DW,01,J,08,371,LINARES PECH LOURDES ILEANA   ,1D,ACTIVO,6E542G ,1,F121,05JL,2025-11-01,2025-11-26,10429,0,,W0106162425,SMC,2025-11-26,LIR,41,2025-11-26 11:04:23,3726,L,9NCYF,6E542G ,0,Nor,32,UI DERIVACION,32,S,MED
2025-12-01 00:00:00,777210800527,29,DW,01,J,11,291,BRICENO CANTO NIMROD ARTURO   ,1D,ACTIVO,MB201F ,2,F623,20NU,2025-11-01,2025-09-19,58,22,,W0106154193,SMG,2025-11-21,LIR,46,2025-11-20 10:50:20,2928,L,9NCXE,MB201F ,0,Opt,60,MEDID NO TRABAJA,60,S,MED
2025-12-01 00:00:00,777211002209,23,DW,01,J,03,232,EK CANTO JUAN ANTONIO         ,1C,ACTIVO,58RH66 ,1,07K6,07K6,2025-11-01,2025-09-12,6853,286,,W0106146138,SMG,2025-11-15,LIR,52,2025-11-14 09:20:35,2301,M,R9712,58RH66 ,0,Nor,60,MEDID NO TRABAJA,60,S,MED
2025-12-01 00:00:00,777211202917,36,DW,01,J,03,367,MONTEJO AGUILAR ZULMA JAZMIN  ,1C,BAJA SIN MED RET,FJU884 ,1,F123,22NX,2023-12-01,2023-12-26,1464,0,,W0106112869,SMC,2025-10-23,LIR,75,,,,,,,,,,,,MED
2025-12-01 00:00:00,777220302312,21,DW,01,J,16,211,GONZALEZ HERNANDEZ ERIK GABRIE,1D,CORTADO,JCU326 ,2,F623,23NU,2024-03-01,2024-03-13,7483,1189,,W0106145194,SMC,2025-11-14,01E,53,,,,,,,,,,,,MED
2025-12-01 00:00:00,776750605441,17,DW,01,H,41,171,LUIS YAMA PECH                ,1C,ACTIVO,6583UA ,1,C111,698V,2025-11-01,2025-05-13,6363,149,,W0106139106,SMC,2025-11-11,LIR,56,2025-11-11 11:48:20,1727,L,9MCGE,6583UA ,0,Nor,53,UI SERV DIRECTO,53,S,MED
2025-12-01 00:00:00,777220402996,35,DW,01,J,08,353,BALCAZAR PUC IRENE ABIGAIL    ,1D,ACTIVO,L358TT ,1,F122,18LN,2025-11-01,2024-07-24,3956,354,,W0106160617,SMG,2025-11-25,LIR,42,2025-11-25 11:19:38,3528,L,9NCYF,L358TT ,0,Nor,64,P. INFRARROJO/MED. D,64,S,MED
2025-12-01 00:00:00,777220700261,10,DW,01,J,36,103,CANCHE FUENTES ELENA ESTHER   ,1B,CORTADO,AWH045 ,1,F123,22NX,2025-12-01,2025-12-05,5302,0,,W0106079498,SMC,2025-10-06,LIR,92,2025-12-05 13:29:20,1026,L,9NCYF,AWH045 ,0,Opt,31,SERVICIO SIN USO,,,MED
2025-12-01 00:00:00,777220803290,13,DW,01,J,04,133,ESCALANTE DELGADO INGRID AIDA ,1C,BAJA SIN MED RET,PJY266 ,1,F123,24NX,2025-11-01,2025-11-10,1817,0,,W0106137667,SMC,2025-11-11,LIR,56,,,,,,,,,,,,MED
2025-12-01 00:00:00,777220901305,25,DW,01,J,03,251,VILLALOBOS MARTIN ORLANDO UZZI,1C,ACTIVO,J448GB ,2,F622,17LM,2025-11-01,2025-09-17,3026,217,,W0106150127,SMG,2025-11-19,LIR,48,2025-11-18 08:47:35,2501,M,R9712,J448GB ,0,Nor,60,MEDID NO TRABAJA,60,S,MED
2025-12-01 00:00:00,777230102419,07,DW,01,J,04,071,INMOBIL MI MEXICO SA CV       ,02,CORTADO,DKC296 ,2,F623,22NU,2025-11-01,2025-07-04,6581,475,,W0106129206,SMC,2025-11-05,LIR,62,2025-11-04 12:35:41,0726,L,9NCXE,DKC296 ,0,Nor,53,UI SERV DIRECTO,53,S,MED
2025-12-01 00:00:00,777230502239,32,DW,01,J,46,324,MARTIN QUINTAL MARIA DOLORES  ,1C,ACTIVO,FJX153 ,1,F123,22NX,2025-12-01,2025-08-21,7495,568,,W0106088453,SM2,2025-10-10,W1J,88,2025-12-22 13:56:04,3230,L,GAAFN,FJX153 ,0,Nor,59,DISPLAY APAGADO,59,S,GSC
2025-12-01 00:00:00,777231102072,14,DW,01,J,31,145,KU ESCAMILLA CESARIO ALBERTO  ,1B,ACTIVO,PJW266 ,1,F123,24NX,2025-12-01,2025-12-09,1139,161,,W0106084247,SMC,2025-10-08,LIR,90,2025-12-09 12:17:14,1426,L,9BBN1,PJW266 ,161,Opt,  ,,,,MED
2025-12-01 00:00:00,776750608807,23,DW,01,H,40,231,FELIPE MAY EK                 ,1C,ACTIVO,650VWY ,1,F122,16LN,2025-11-01,2025-09-12,3646,60,,W0106146281,SMC,2025-11-15,LIR,52,2025-11-15 08:53:57,2351,R,9JR2C,650VWY ,0,Nor,53,UI SERV DIRECTO,53,S,MED
2025-12-01 00:00:00,777240301797,35,DW,01,J,08,353,POOL CHEL MARIA MARLENE       ,1D,ACTIVO,JAG705 ,2,F623,23NU,2025-11-01,2025-03-25,3529,753,,W0106160616,SMC,2025-11-25,LIR,42,2025-11-25 11:18:02,3528,L,9NCYF,JAG705 ,0,Nor,53,UI SERV DIRECTO,53,S,MED
2025-12-01 00:00:00,777240702236,32,DW,01,J,46,325,CUTZ QUINTAL DIANA MARIANA    ,1C,ACTIVO,RCX910 ,2,F623,24NY,2025-12-01,2025-08-21,3724,228,,W0106108857,SMC,2025-10-22,LIR,76,2025-12-22 10:33:11,3231,L,9NCYF,RCX910 ,0,Nor,53,UI SERV DIRECTO,53,S,MED
2025-12-01 00:00:00,777241002629,23,DW,01,J,16,217,CASTRO SALAS MIGUEL ANGEL     ,1D,ACTIVO,PBN350 ,1,F123,24NX,2025-11-01,2025-07-16,0,0,,W0106146139,SMC,2025-11-15,LIR,52,2025-11-14 09:58:04,2326,L,9NCYF,PBN350 ,0,Nor,53,UI SERV DIRECTO,53,S,MED
2025-12-01 00:00:00,777250500283,23,DW,01,J,43,231,ORTEGA CASTILLO MARIA DE LOS A,1C,ACTIVO,4AAT89 ,2,F623,25NY,2025-11-01,2025-07-16,0,80,,W0106146141,SMC,2025-11-15,LIR,52,2025-11-14 11:59:29,2326,L,9NCYF,4AAT89 ,0,Nor,53,UI SERV DIRECTO,53,S,MED
2025-12-01 00:00:00,777250903191,12,DW,01,J,52,124,PECH NAH MARIA JESUS          ,1D,ACTIVO,PKN472 ,1,F123,24NX,2025-12-01,2025-12-08,0,0,,W0106085632,SM2,2025-10-09,MED,89,2025-12-08 13:19:51,1227,L,R9950,PKN472 ,0,Nor,51,NO ENCONTRE DOMI,,,GSC
2025-12-01 00:00:00,777750600292,06,DW,01,J,03,063,GUSTAVO ESTRELLA POX          ,1C,ACTIVO,G2651V ,1,W111,75C0,2025-12-01,2025-12-03,6570,0,,W0106167700,S05,2025-11-29,01M,38,2025-12-03 10:27:33,0602,L,R9950,G2651V ,0,Nor,31,SERVICIO SIN USO,,,CCC
2025-12-01 00:00:00,776750609099,23,DW,01,H,40,232,DANIEL MAY                    ,1C,ACTIVO,9530TX ,1,C111,698V,2025-11-01,2025-07-16,4353,68,,W0106146285,SMG,2025-11-15,LIR,52,2025-11-14 11:27:09,2327,L,9MCGE,9530TX ,0,Nor,61,MANECILLAS DESCA,61,S,MED
2025-12-01 00:00:00,776750609706,23,DW,01,H,40,232,JOSE I CHIM MAY               ,1C,ACTIVO,RAV438 ,1,F123,24NX,2025-11-01,2025-11-24,0,0,,W0106151006,SMC,2025-11-19,LIR,48,2025-11-14 18:23:40,2327,L,9MCGE,5999TY ,0,Nor,53,UI SERV DIRECTO,53,S,MED
2025-12-01 00:00:00,777750604794,14,DW,01,J,28,142,BERNARDO CHAN                 ,1B,ACTIVO,RT040D ,1,F123,21NX,2025-12-01,2025-06-09,2611,0,,W0106084240,SMC,2025-10-08,LIR,90,2025-12-09 10:32:54,1429,L,R9950,RT040D ,0,Nor,56,NO HAY MEDIDOR,56,S,MED
2025-12-01 00:00:00,777750605341,14,DW,01,J,28,144,CONASUPO                      ,1B,ACTIVO,X422CD ,1,F123,19NM,2025-12-01,2025-12-09,10310,242,,W0106107048,S05,2025-10-21,W1J,77,2025-12-09 09:27:47,1427,L,9NCXE,X422CD ,242,Opt,  ,,,,CCC
2025-12-01 00:00:00,777750606070,14,DW,01,J,31,145,MARCELINO MENA MU OZ          ,1B,ACTIVO,1CFM88 ,2,F623,25P3,2025-12-01,2025-12-09,3241,0,,W0106084250,SMC,2025-10-08,LIR,90,2025-12-09 11:15:22,1426,L,9BBN1,D3194D ,0,Nor,56,NO HAY MEDIDOR,35,S,MED
2025-12-01 00:00:00,777750607114,10,DW,01,J,36,103,ASUNCION FUENTES CHI          ,1B,CORTADO,35H6R6 ,1,F12H,09KU,2025-12-01,2025-04-03,20982,155,,W0106079495,SMC,2025-10-06,LIR,92,2025-12-05 12:48:12,1026,L,9NCYF,35H6R6 ,0,Nor,53,UI SERV DIRECTO,53,S,MED
2025-12-01 00:00:00,777750609958,28,DW,01,J,10,281,CANUL MUTUL VERONICA          ,1C,ACTIVO,451827 ,1,W101,6000,2025-12-01,2025-04-16,2720,0,,W0106102275,SMG,2025-10-18,LIR,80,2025-12-18 08:43:12,2830,L,R9712,451827 ,0,Nor,60,MEDID NO TRABAJA,60,S,MED
2025-12-01 00:00:00,777751200131,14,DW,01,J,28,142,CAUICH CANTO SANTOS PASCUAL   ,1B,ACTIVO,F7797J ,1,F121,74AM,2025-12-01,2025-08-08,32568,0,,W0106084238,SMC,2025-10-08,LIR,90,2025-12-09 11:51:48,1429,L,R9950,F7797J ,0,Nor,53,UI SERV DIRECTO,53,S,MED
2025-12-01 00:00:00,777751200212,16,DW,01,J,03,165,FLORENTINA CHAN               ,1C,ACTIVO,2U608C ,2,F421,06GH,2025-12-01,2025-08-11,31995,126,,W0106106093,S05,2025-10-21,W1J,77,2025-12-10 10:24:30,1603,L,R9950,2U608C ,0,Nor,56,NO HAY MEDIDOR,56,S,CCC
2025-12-01 00:00:00,777760500067,32,DW,01,J,46,325,MARIA QUINTAL QUINTAL         ,1C,ACTIVO,92DM42 ,1,F121,06JL,2025-12-01,2025-08-21,24134,419,,W0106108854,SMG,2025-10-22,LIR,76,2025-12-22 12:54:19,3231,L,9NCYF,92DM42 ,0,Nor,60,MEDID NO TRABAJA,60,S,MED
2025-12-01 00:00:00,777781000188,32,DW,01,J,46,324,IGLESIA PRINCIPAL             ,02,ACTIVO,T5071E ,2,W111,78C0,2025-12-01,2025-10-23,5003,310,,W0106108849,SMC,2025-10-22,LIR,76,2025-12-22 10:23:02,3230,L,GAAFN,T5071E ,0,Nor,50,CASA CERRADA,50,S,MED
2025-12-01 00:00:00,777841200173,28,DW,01,J,10,281,JOSE RAMON CANCHE CANUL       ,1C,ACTIVO,LAP453 ,1,F123,23NX,2024-06-01,2024-06-19,5011,0,,W0106106912,SM2,2025-10-21,MED,77,,,,,,,,,,,,GSC
2025-12-01 00:00:00,777850500414,14,DW,01,J,28,144,FELIPE DE JESUS PECH C        ,02,ACTIVO,DBW829 ,2,F623,22NU,2022-12-01,2022-12-08,2690,48,,W0106106546,SM2,2025-10-21,CDJ,77,,,,,,,,,,,,GSC
2025-12-01 00:00:00,777860400272,20,DW,01,J,03,202,NOVELO SANTANA CECILIA DEL SOC,1C,ACTIVO,FJU830 ,1,F123,22NX,2025-12-01,2025-12-12,5246,281,,W0106082777,S05,2025-10-08,W1G,90,2025-12-12 10:06:07,2002,L,R9950,FJU830 ,281,Opt,  ,,,,CCC
2025-12-01 00:00:00,777881100228,32,DW,01,J,46,325,QUINTAL ALCOCER ALONZO        ,1C,ACTIVO,E8D867 ,2,F621,87F3,2025-12-01,2025-04-21,15196,0,,W0106108851,SMG,2025-10-22,LIR,76,2025-12-22 11:56:42,3231,L,9NCYF,E8D867 ,0,Nor,64,P. INFRARROJO/MED. D,64,S,MED
2025-12-01 00:00:00,777890100257,28,DW,01,J,43,287,CHE RODRIGUEZ JOSE RICARDO    ,1C,ACTIVO,G7A463 ,1,F121,88F5,2025-12-01,2025-12-18,59049,426,,W0106143161,S05,2025-11-13,W1J,54,2025-12-18 09:14:35,2828,L,9NCYF,G7A463 ,426,Nor,  ,,,,CCC
2025-12-01 00:00:00,777891000078,29,DW,01,J,03,291,JOSE R MAY HUCHIN             ,1C,ACTIVO,8G98F8 ,1,F121,03GG,2025-11-01,2025-09-19,39766,498,,W0106154180,SMG,2025-11-21,LIR,46,2025-11-20 10:11:14,2901,L,9NCYF,8G98F8 ,0,Nor,60,MEDID NO TRABAJA,60,S,MED
2025-12-01 00:00:00,777140402880,21,DW,01,J,16,211,PUC CHI JOSE ARTEMIO          ,1D,CORTADO,H206LL ,1,F122,17LN,2018-05-01,2018-04-20,7297,7297,,W0106144498,SMC,2025-11-14,LIR,53,,,,,,,,,,,,MED
2025-12-01 00:00:00,777950200388,32,DW,01,J,46,324,MARIO SOLIS FLORES            ,1C,ACTIVO,R86Y03 ,2,F121,93F5,2025-12-01,2025-12-22,14248,0,,W0106076752,S05,2025-10-04,CDX,94,2025-12-22 11:41:38,3230,L,GAAFN,R86Y03 ,521,Nor,31,SERVICIO SIN USO,FR,S,CCC
2025-12-01 00:00:00,777950800539,14,DW,01,J,32,146,RUFINO FUENTES CHUIL          ,1C,BAJA SIN MED RET,005G5C ,2,F622,13LM,2025-12-01,2025-12-09,2604,0,,W0106084256,SMC,2025-10-08,LIR,90,2025-12-09 11:08:18,1428,L,9NCYF,005G5C ,0,Nor,53,UI SERV DIRECTO,53,S,MED
2025-12-01 00:00:00,777951000021,28,DW,01,J,29,285,FELICIANO PECH CAN            ,1C,ACTIVO,B9411W ,1,C111,738V,2025-12-01,2025-12-18,1507,0,,W0106164065,SMC,2025-11-27,W1J,40,2025-12-18 14:02:27,2829,L,G81D8,B9411W ,0,Nor,31,SERVICIO SIN USO,,,MED
2025-12-01 00:00:00,777951200284,28,DW,01,J,10,281,FRANCISCO CANCHE NABTE        ,1C,ACTIVO,5VF242 ,1,F121,00GG,2025-12-01,2025-12-18,41241,2,,W0106071840,SM2,2025-10-01,W1J,97,2025-12-18 09:13:18,2830,L,R9712,5VF242 ,2,Nor,31,SERVICIO SIN USO,,,GSC
2025-12-01 00:00:00,777960200033,14,DW,01,J,32,146,ARTURO PUCH CETZ              ,1C,ACTIVO,G9969U ,1,W111,75C0,2025-12-01,2025-06-09,9198,0,,W0106081825,S05,2025-10-07,01M,91,2025-12-09 10:33:42,1428,L,9NCYF,G9969U ,9911,Nor,  ,,LN,S,CCC
2025-12-01 00:00:00,777960200645,33,DW,01,J,03,331,DIEGO ALVAREZ CHABLE          ,1C,ACTIVO,544TLM ,2,F622,16LM,2025-11-01,2025-09-23,30358,50,,W0106159514,SMG,2025-11-25,LIR,42,2025-11-24 09:13:31,3301,L,9NCYF,544TLM ,10,Opt,60,MEDID NO TRABAJA,60,S,MED
2025-12-01 00:00:00,777140502027,37,DW,01,J,08,371,PACHECO DZUL FLOR GRACIELA    ,1D,ACTIVO,401TU4 ,1,F122,12LH,2025-11-01,2025-07-25,14164,314,,W0106162424,SMG,2025-11-26,LIR,41,2025-11-26 10:55:41,3726,L,9NCYF,401TU4 ,0,Nor,64,P. INFRARROJO/MED. D,64,S,MED
2025-12-01 00:00:00,777970500655,14,DW,01,J,31,145,ANICETO MENA MU OZ            ,1B,BAJA SIN MED RET,031TY1 ,1,F122,12LH,2025-12-01,2025-12-09,2102,0,,W0106084252,SMC,2025-10-08,LIR,90,2025-12-09 13:19:27,1426,L,9BBN1,031TY1 ,0,Nor,51,NO ENCONTRE DOMI,,,MED
2025-12-01 00:00:00,777980800398,14,DW,01,J,32,146,SANTIAGO ARREDONDO            ,1C,CORTADO,BM470R ,1,F123,19NM,2025-12-01,2025-12-09,14620,0,,W0106084253,SMG,2025-10-08,LIR,90,2025-12-09 09:08:31,1428,L,9NCYF,BM470R ,0,Opt,31,SERVICIO SIN USO,,,MED
2025-12-01 00:00:00,777981001073,21,DW,01,J,03,210,CARLOS M CANCHE CANUL         ,1C,ACTIVO,V52B27 ,1,F121,94F5,2025-11-01,2025-09-11,17687,0,,W0106144488,SMG,2025-11-14,LIR,53,2025-11-13 08:08:28,2101,M,R9712,V52B27 ,0,Nor,60,MEDID NO TRABAJA,60,S,MED
2025-12-01 00:00:00,778030300298,14,DW,01,K,70,145,H AYUNTAMIENTO DE TECOH       ,02,ACTIVO,9D19C9 ,1,F121,03GG,2025-12-01,2025-08-08,11160,58,,W0106084210,SMC,2025-10-08,LIR,90,2025-12-09 12:33:30,1427,M,9BBR5,9D19C9 ,0,Nor,53,UI SERV DIRECTO,53,S,MED
2025-12-01 00:00:00,778060300144,11,DW,01,K,42,111,ROGER GABRIEL KANTUN PAZ      ,1C,CORTADO,WND309 ,2,F623,24P2,2025-11-01,2024-11-06,0,785,,W0106132345,SMC,2025-11-06,LIR,61,2025-11-06 09:06:42,1102,L,9BBR5,WND309 ,0,Nor,53,UI SERV DIRECTO,53,S,MED
2025-12-01 00:00:00,778100900531,11,DW,01,K,42,112,H  AYUNTAMIENTO ACANCEH       ,02,ACTIVO,9U542K ,1,F421,06GH,2025-11-01,2025-11-06,50063,0,,W0106136294,SMG,2025-11-10,01A,57,2025-11-06 09:23:15,1101,M,G92B1,9U542K ,0,Nor,31,SERVICIO SIN USO,,,MED
2025-12-01 00:00:00,778131200162,30,DW,01,K,43,301,ARJONA LORENZANA DIEGO AFIR   ,1C,ACTIVO,HD552W ,1,F123,20NT,2025-12-01,2025-12-19,11309,0,,W0106104672,SMC,2025-10-20,LIR,78,2025-12-19 12:05:43,3026,M,9BBR5,HD552W ,0,Opt,31,SERVICIO SIN USO,,,MED
2025-12-01 00:00:00,778161100618,05,DW,01,K,35,055,H  AYUNTAMIENTO DE TECOH      ,02,ACTIVO,985FVE ,2,F622,15LM,2026-01-01,2026-01-05,28056,0,,W0106125014,SMC,2025-10-31,LIR,67,,,,,,,,,,,,MED
2025-12-01 00:00:00,778191100272,06,DW,01,K,67,062,EK EK DONACIANO               ,1B,ACTIVO,PCV761 ,1,F123,24NX,2025-12-01,2025-12-08,1,0,,W0106075271,SMC,2025-10-03,LIR,95,2025-12-03 09:40:05,0626,M,9BBR5,392ADB ,0,Nor,60,MEDID NO TRABAJA,60,S,MED
2025-12-01 00:00:00,778210900081,26,DW,01,K,54,262,PUC ENCALADA MARCOS           ,1C,ACTIVO,VJ344D ,1,F122,21LN,2025-12-01,2025-12-17,10400,452,,W0106154305,SM2,2025-11-21,W1H,46,2025-12-17 09:46:44,2627,L,GAAGN,VJ344D ,452,Opt,  ,,,,GSC
2025-12-01 00:00:00,778211100720,11,DW,01,K,42,112,ESPANA NARVAEZ AGUSTIN        ,1C,ACTIVO,YJ085J ,2,F623,21NU,2025-11-01,2025-09-04,1673,123,,W0106121510,SMC,2025-10-29,W1K,69,2025-11-06 12:38:14,1101,M,G92B1,YJ085J ,0,Nor,51,NO ENCONTRE DOMI,,,MED
2025-12-01 00:00:00,778220200826,07,DW,01,K,30,072,MUNICIPIO DE ABALA YUCATAN    ,02,ACTIVO,YU321A ,2,F623,21NU,2026-01-01,2026-01-05,2445,0,,W0106128656,SMC,2025-11-04,LIR,63,,,,,,,,,,,,MED
2025-12-01 00:00:00,778240500354,23,DW,01,K,57,231,EUAN BACAB JOSE DANIEL        ,1B,ACTIVO,2BCR55 ,2,F623,25P2,2025-11-01,2025-09-12,3715,297,,W0106145665,SMC,2025-11-14,LIR,53,2025-11-14 13:56:02,2326,L,9BBR5,UL361W ,0,Nor,53,UI SERV DIRECTO,53,S,MED
2025-12-01 00:00:00,778240900662,06,DW,01,K,67,062,RODRIGUEZ MARTINEZ FREDY      ,1B,ACTIVO,RDN297 ,2,F623,24NY,2025-12-01,2025-08-04,5912,216,,W0106075269,SMC,2025-10-03,LIR,95,2025-12-03 08:58:30,0626,M,9BBR5,RDN297 ,0,Nor,53,UI SERV DIRECTO,53,S,MED
2025-12-01 00:00:00,778241100716,23,DW,01,K,57,231,CHIM CETZAL GLORIA ISABEL     ,1B,ACTIVO,WPM075 ,2,F623,24P2,2025-11-01,2025-07-16,6699,2234,,W0106150960,SMC,2025-11-19,01A,48,2025-11-14 11:07:31,2326,L,9BBR5,WPM075 ,98523,Nor,44,NUM MEDID DESIGU,44,S,MED
2025-12-01 00:00:00,778250300442,30,DW,01,K,43,301,MUNICIPIO DE KANASIN          ,02,ACTIVO,PJV153 ,1,F123,24NX,2025-12-01,2025-04-16,0,0,,W0106104671,SMC,2025-10-20,LIR,78,2025-12-19 13:17:05,3026,M,9BBR5,PJV153 ,0,Nor,53,UI SERV DIRECTO,53,S,MED
2025-12-01 00:00:00,777150601481,05,DW,01,J,09,051,CARDENAS POOT SANTOS SILVESTRE,1D,ACTIVO,HJ420D ,1,F123,20NT,2026-01-01,2026-01-02,7626,0,,W0106125755,SMC,2025-11-03,LIR,64,,,,,,,,,,,,MED
2025-12-01 00:00:00,777150601490,05,DW,01,J,09,051,ABAN PINZON VANESSA DEL CARMEN,1D,CORTADO,407V7G ,1,F122,14LN,2026-01-01,2026-01-02,9479,38,,W0106125750,SMG,2025-11-03,LIR,64,,,,,,,,,,,,MED
2025-12-01 00:00:00,777150701435,15,DW,01,J,04,152,MONTOYA AGUADO JUAN ALBERTO   ,1C,BAJA SIN MED RET,740FMK ,2,F622,15LM,2025-11-01,2025-11-10,120,0,,W0106137837,SMC,2025-11-11,LIR,56,,,,,,,,,,,,MED
2025-12-01 00:00:00,778900100231,79,DW,01,K,42,792,SEVERIANO HOIL COHUO          ,09,CORTADO,3U109C ,2,F421,06GH,2025-12-01,2025-12-29,2846,0,,W0106164310,SMG,2025-11-27,01A,40,2025-12-29 12:38:34,7901,L,9BBR5,3U109C ,0,Nor,31,SERVICIO SIN USO,,,MED
2025-12-01 00:00:00,778960400365,33,DW,01,K,61,331,31DCC0275Z PREESC CECILIO CHI ,02,ACTIVO,555DF1 ,1,F12H,11KU,2025-11-01,2025-07-23,1216,105,,W0106158492,SMG,2025-11-24,LIR,43,2025-11-24 10:03:22,3326,L,G92B1,555DF1 ,0,Nor,60,MEDID NO TRABAJA,60,S,MED
2025-12-01 00:00:00,778970600273,25,DW,01,K,57,253,MARIA EVELIA VARGUEZ PECH     ,1B,ACTIVO,8C933Y ,2,F622,05F3,2024-01-01,2024-01-18,20708,646,,W0106149145,SMG,2025-11-18,LIR,49,,,,,,,,,,,,MED
2025-12-01 00:00:00,778980200150,28,DW,01,K,50,283,H AYUNT DE ACANCEH            ,02,BAJA SIN MED RET,NT154H ,2,F623,20NU,2021-04-01,2021-04-20,3953,2423,,W0106101420,SMC,2025-10-17,LIR,81,,,,,,,,,,,,MED
2025-12-01 00:00:00,779001255727,34,DW,01,M,34,343,GREGORIO RAMOS CAAMAL         ,1B,ACTIVO,M4058G ,1,W111,76C0,2025-12-01,2025-02-21,7247,27,,W0106112724,S05,2025-10-23,MED,75,2025-12-23 16:55:42,3429,L,R9982,M4058G ,9948,Nor,  ,,LN,S,CCC
2025-12-01 00:00:00,779020201042,28,DW,01,M,15,281,EDUARDO MARTINEZ              ,1D,ACTIVO,0W21V4 ,3,FD21,04F4,2025-12-01,2025-12-18,13847,1,,W0106107041,SM2,2025-10-21,MED,77,2025-12-18 09:58:47,2827,L,R9689,0W21V4 ,1,Nor,31,SERVICIO SIN USO,,,GSC
2025-12-01 00:00:00,779020301454,33,DW,01,M,25,334,ERMILO LOPEZ CITUC            ,1D,ACTIVO,A247JW ,2,F622,16LM,2025-11-01,2025-07-23,3777,111,,W0106159579,SMC,2025-11-25,LIR,42,2025-11-24 18:21:20,3326,L,GAAGN,A247JW ,0,Nor,53,UI SERV DIRECTO,53,S,MED
2025-12-01 00:00:00,779020601318,23,DW,01,M,02,234,FAJARDO COCOM FERNANDO        ,1D,ACTIVO,2X3A79 ,2,F621,02F3,2025-11-01,2025-11-15,33586,0,,W0106150930,SMG,2025-11-19,LIR,48,2025-11-15 11:06:25,2351,R,GAAEN,2X3A79 ,0,Nor,31,SERVICIO SIN USO,,,MED
2025-12-01 00:00:00,779030400272,29,DW,01,M,30,291,REYNA MARIA COUOH MAY         ,1D,ACTIVO,660JJP ,2,F622,15LM,2024-07-01,2024-07-19,3360,16,,W0106154147,SMC,2025-11-21,LIR,46,,,,,,,,,,,,MED
2025-12-01 00:00:00,779040100595,29,DW,01,M,30,291,AGUSTIN JERAMIAS HOIL CHIN    ,1D,ACTIVO,9K10K0 ,1,F121,03GG,2025-11-01,2025-11-20,31276,0,,W0106154148,SMC,2025-11-21,LIR,46,2025-11-20 12:54:17,2926,L,9MCBU,9K10K0 ,0,Nor,32,UI DERIVACION,32,S,MED
2025-12-01 00:00:00,779040401676,33,DW,01,M,25,334,MARIA TERESA MILLAN HERERA    ,1D,ACTIVO,71PL05 ,2,F621,07F3,2025-11-01,2025-09-24,38184,411,,W0106159576,SMC,2025-11-25,LIR,42,2025-11-24 17:20:44,3326,L,GAAGN,71PL05 ,0,Nor,65,UI MED INVERTIDO,65,S,MED
2025-12-01 00:00:00,779040600385,24,DW,01,M,09,242,WALDEMARO HERNANDEZ YAM       ,1D,ACTIVO,95NJ35 ,2,F621,07F3,2025-12-01,2025-08-15,34927,535,,W0106097948,SMG,2025-10-16,LIR,82,2025-12-18 12:48:11,2451,R,9P14E,95NJ35 ,0,Nor,60,MEDID NO TRABAJA,60,S,MED
2025-12-01 00:00:00,779040600393,24,DW,01,M,09,240,LIRA LOPEZ BLANCA ESTHER      ,1D,ACTIVO,6V66K4 ,2,F421,04GH,2025-12-01,2025-12-16,28556,2,,W0106076846,SMG,2025-10-04,01G,94,2025-12-16 10:43:06,2430,L,R9982,6V66K4 ,2,Nor,31,SERVICIO SIN USO,,,MED
2025-12-01 00:00:00,779041200429,28,DW,01,M,15,281,FERNANDO VEGA LOPEZ DE LLERGO ,1D,ACTIVO,763MBV ,2,F629,15L2,2005-05-01,2005-05-05,4810,4810,,W0106103200,SMG,2025-10-20,LIR,78,,,,,,,,,,,,MED
2025-12-01 00:00:00,779060400404,27,DW,01,M,24,275,CHALE PADRON ROGER MANUEL     ,1D,ACTIVO,YB095N ,2,F623,21NU,2024-09-01,2024-09-17,5578,0,,W0106153440,SMC,2025-11-20,LIR,47,,,,,,,,,,,,MED
2025-12-01 00:00:00,777151002328,21,DW,01,J,03,214,CARDOZA CHULINES FRANCISCO J  ,1C,ACTIVO,L637FN ,1,F122,18LN,2025-11-01,2024-03-13,9424,7,,W0106144491,SMG,2025-11-14,LIR,53,2025-11-14 14:18:12,2151,R,GAXWM,L637FN ,0,Nor,59,DISPLAY APAGADO,59,S,MED
2025-12-01 00:00:00,779060903210,40,DW,01,M,13,404,CABALLERO CHAVEZ GLORIA DIAMAN,1D,ACTIVO,RFR840 ,2,F623,24NY,2023-10-01,2023-10-26,10093,1305,,W0106117817,SMC,2025-10-28,LIR,70,,,,,,,,,,,,MED
2025-12-01 00:00:00,779070401751,33,DW,01,M,25,336,TUYIN SANTOS RAZIEL EDUARDO   ,1D,ACTIVO,97NJ60 ,2,F621,07F3,2025-11-01,2025-09-23,9485,0,,W0106159584,SMG,2025-11-25,LIR,42,2025-11-26 12:40:40,3351,R,9P14E,97NJ60 ,0,Nor,60,MEDID NO TRABAJA,60,S,MED
2025-12-01 00:00:00,777180101351,29,DW,01,J,11,291,QUINTAL CACHON YAZMIN ANGELICA,1D,ACTIVO,J884GD ,2,F622,17LM,2025-11-01,2025-07-21,7217,155,,W0106157704,SM2,2025-11-24,MED,43,2025-11-20 10:04:15,2928,L,9NCXE,J884GD ,0,Nor,56,NO HAY MEDIDOR,56,S,GSC
2025-12-01 00:00:00,777200500924,13,DW,01,J,04,133,MENDEZ DELFIN GARI MOISES     ,1C,CORTADO,21X91L ,1,F12H,11KU,2025-11-01,2025-09-05,7238,0,,W0106134184,SMC,2025-11-08,LIR,59,2025-11-07 08:46:59,1327,L,9NCYF,21X91L ,0,Nor,66,DERIV ANTES MED,66,S,MED
2025-12-01 00:00:00,779080401377,19,DW,01,M,02,193,JINICH DOMINGO ROSA LINDA     ,1D,ACTIVO,62D4B3 ,2,F421,08KF,2025-11-01,2025-11-12,32010,668,,W0106143753,SMG,2025-11-13,LIR,54,,,,,,,,,,,,MED
2025-12-01 00:00:00,779080403477,21,DW,01,M,02,215,PECH COCOM JOSE DOLORES       ,1D,CORTADO,42PF43 ,2,F621,07F3,2025-11-01,2025-09-11,16720,203,,W0106144807,SMC,2025-11-14,LIR,53,2025-11-13 11:11:41,2127,L,R9982,42PF43 ,0,Nor,53,UI SERV DIRECTO,53,S,MED
2025-12-01 00:00:00,779080800794,03,DW,01,M,13,032,PINZON FLORES MARIA GUADALUPE ,1D,ACTIVO,61M1P4 ,2,F62H,09KN,2010-03-01,2050-01-01,0,0,,W0106124304,SMG,2025-10-31,LIR,67,,,,,,,,,,,,MED
2025-12-01 00:00:00,779080802118,40,DW,01,M,13,409,PECH TEC JOSE IDELFONSO       ,1D,ACTIVO,79D4H6 ,2,F421,08KF,2025-12-01,2025-12-29,26019,1290,,W0106117825,SMG,2025-10-28,LIR,70,2025-12-29 15:28:05,4004,L,GAAEN,79D4H6 ,0,Nor,31,SERVICIO SIN USO,,,MED
2025-12-01 00:00:00,779081002000,62,DW,01,M,13,624,MUNICIPIO DE MERIDA YUCATAN   ,5A,ACTIVO,W367LB ,2,F622,19LM,2026-01-01,2026-01-05,48572,1660,,W0106071287,SMC,2025-10-01,LIR,97,,,,,,,,,,,,MED
2025-12-01 00:00:00,779090500225,34,DW,01,M,05,342,ZAPATA MEDINA MANUEL DE JESUS ,1B,ACTIVO,03C3J9 ,2,F621,08KG,2009-12-01,2050-01-01,0,0,,W0106111737,SMC,2025-10-23,LIR,75,,,,,,,,,,,,MED
2025-12-01 00:00:00,779100300246,40,DW,01,M,13,407,MARTIN PISTE JULIO SANTOS     ,1D,ACTIVO,7F80T7 ,2,F621,03F3,2010-03-01,2050-01-01,0,0,,W0106117820,SMG,2025-10-28,LIR,70,,,,,,,,,,,,MED
2025-12-01 00:00:00,779110500499,35,DW,01,M,25,351,MADERA MADERA JORGE MAURICIO  ,1D,ACTIVO,90H52L ,2,F62H,10KN,2025-11-01,2025-09-24,38937,1266,,W0106161519,SMC,2025-11-26,LIR,41,2025-11-25 10:43:16,3529,L,R9982,90H52L ,0,Nor,53,UI SERV DIRECTO,53,S,MED
2025-12-01 00:00:00,779110600256,29,DW,01,M,30,291,CAUICH MAPOMEA GABRIELA CRUZ  ,1D,ACTIVO,3BCN42 ,2,F623,25P2,2025-11-01,2025-11-20,11414,0,,W0106155205,SMW,2025-11-21,W1D,46,2025-11-20 12:11:01,2926,L,9MCBU,3BCN42 ,12821,Opt,44,NUM MEDID DESIGU,44,S,GSC
2025-12-01 00:00:00,779110801952,07,DW,01,M,13,078,BARBA BERLANGA LUIS FELIPE    ,1D,ACTIVO,Y615LT ,2,F623,19NU,2011-07-01,2011-08-24,0,0,,W0106129315,SMC,2025-11-05,LIR,62,,,,,,,,,,,,MED
2025-12-01 00:00:00,779120102530,38,DW,01,M,13,385,INMOBILIARIA CHAKAH DE YUCATAN,02,ACTIVO,69V47X ,2,F62H,11KN,2011-12-01,2020-01-20,34250,0,,W0106115267,SMG,2025-10-26,LIR,72,,,,,,,,,,,,MED
2025-12-01 00:00:00,779120900509,26,DW,01,M,15,262,ARRIGUNAGA GARCIA JOSE M      ,1D,ACTIVO,10NF36 ,2,F421,07GH,2025-12-01,2025-12-17,38111,0,,W0106100426,SMG,2025-10-17,LIR,81,2025-12-17 12:12:11,2627,L,9P14E,10NF36 ,0,Nor,31,SERVICIO SIN USO,,,MED
2025-12-01 00:00:00,779120900525,26,DW,01,M,15,262,ARRIGUNAGA GARCIA JOSE M      ,1D,ACTIVO,7U522P ,2,F421,06GH,2025-12-01,2025-12-17,37829,0,,W0106100427,SMG,2025-10-17,LIR,81,2025-12-17 12:12:45,2627,L,9P14E,7U522P ,0,Nor,31,SERVICIO SIN USO,,,MED
2025-12-01 00:00:00,779121001079,24,DW,01,M,09,240,CONSTRUCTORA Y DESARR  PENINSU,1D,ACTIVO,985EEH ,2,F62J,15L2,2025-12-01,2025-08-15,22484,1479,,W0106097945,SMG,2025-10-16,LIR,82,2025-12-16 14:00:36,2430,L,R9982,985EEH ,0,Nor,59,DISPLAY APAGADO,59,S,MED
2025-12-01 00:00:00,777220400268,35,DW,01,J,08,352,VIERA CHIN EDITH NUEMI        ,1D,ACTIVO,XF596X ,1,F123,21NT,2025-11-01,2025-03-25,6491,244,,W0106085157,S05,2025-10-09,W1J,89,2025-11-25 09:45:47,3527,L,R9950,XF596X ,0,Nor,59,DISPLAY APAGADO,59,S,CCC
2025-12-01 00:00:00,779121200977,21,DW,01,M,02,213,CASARES LORET DE MOLA RAFAEL A,02,CORTADO,JBN004 ,2,F623,23NU,2023-11-01,2023-11-14,4893,0,,W0106144804,SMC,2025-11-14,LIR,53,,,,,,,,,,,,MED
2025-12-01 00:00:00,779121201787,08,DW,01,M,01,082,TEJERO AGUILAR KARELI         ,1B,ACTIVO,8R227M ,2,F621,06F3,2018-07-01,2018-06-16,7523,1,,W0106076492,SMG,2025-10-03,LIR,95,,,,,,,,,,,,MED
2025-12-01 00:00:00,779130200327,21,DW,01,M,02,212,MEDINA POLANCO LUIS JAVIER    ,1D,ACTIVO,930GJ6 ,2,F622,12LJ,2025-11-01,2025-11-14,22737,1786,,W0106144800,SMG,2025-11-14,LIR,53,,,,,,,,,,,,MED
2025-12-01 00:00:00,779130202729,24,DW,01,M,09,242,DURAN GOMEZ JAIME JESUS       ,1D,ACTIVO,57E10E ,2,F62H,10KN,2025-12-01,2025-08-15,10897,113,,W0106097947,SMG,2025-10-16,LIR,82,2025-12-16 10:55:39,2429,L,R9703,57E10E ,0,Nor,64,P. INFRARROJO/MED. D,64,S,MED
2025-12-01 00:00:00,779130400334,20,DW,01,M,20,201,FRANCISCO MARTIN GAMBOA SUAREZ,1B,ACTIVO,R009HW ,2,F622,18LM,2025-12-01,2025-06-11,430,230,,W0106092907,SMC,2025-10-14,LIR,84,2025-12-12 14:01:37,2027,L,G92B2,R009HW ,0,Nor,53,UI SERV DIRECTO,53,S,MED
2025-12-01 00:00:00,777090701759,29,DW,01,J,11,291,CASTANEDA MARTHA              ,1D,CORTADO,L884TV ,1,F122,18LN,2010-03-01,2050-01-01,0,0,,W0106154191,SMC,2025-11-21,LIR,46,,,,,,,,,,,,MED
2025-12-01 00:00:00,779130602875,36,DW,01,M,13,365,SALAZAR SANCHEZ BLANCA ROSA   ,1D,ACTIVO,U914YC ,2,F623,18NN,2025-12-01,2025-12-26,5592,1643,,W0106113835,SMG,2025-10-24,LIR,74,2025-12-26 08:52:00,3604,L,R9689,U914YC ,1643,Opt,  ,,,,MED
2025-12-01 00:00:00,777231202522,14,DW,01,J,31,145,BRITO QUIJANO GABRIEL SANTIAGO,1B,BAJA SIN MED RET,JCH993 ,2,F623,23NU,2025-12-01,2025-12-09,1895,0,,W0106084249,SMC,2025-10-08,LIR,90,2025-12-09 13:19:20,1426,L,9BBN1,JCH993 ,0,Nor,51,NO ENCONTRE DOMI,,,MED
2025-12-01 00:00:00,779140103729,62,DW,01,M,13,624,MUNICIPIO DE MERIDA YUCATAN   ,5A,ACTIVO,RDA623 ,3,F623,24NY,2026-01-01,2026-01-02,18893,0,,W0106074008,SMC,2025-10-02,LIR,96,,,,,,,,,,,,MED
2025-12-01 00:00:00,779140303752,34,DW,01,M,05,345,CANUL MATU JOSE ROBERTO       ,1B,ACTIVO,8M588P ,2,F621,05F3,2025-12-01,2025-12-23,6110,0,,W0106111747,SMG,2025-10-23,LIR,75,2025-12-23 14:12:57,3426,L,GAAEN,8M588P ,0,Nor,31,SERVICIO SIN USO,,,MED
2025-12-01 00:00:00,779140304538,62,DW,01,M,21,622,MUNICIPIO DE MERIDA YUCATAN   ,5A,ACTIVO,729F9X ,2,F622,13LM,2026-01-01,2026-01-02,23273,0,,W0106071291,SMC,2025-10-01,LIR,97,,,,,,,,,,,,MED
2025-12-01 00:00:00,779140901366,24,DW,01,M,15,243,VARGAS CUEVAS MANUEL ADONAY   ,1D,ACTIVO,853VG1 ,2,F622,12LJ,2025-12-01,2025-08-15,9475,214,,W0106097960,SMG,2025-10-16,LIR,82,2025-12-16 10:55:08,2426,L,9NCYK,853VG1 ,0,Nor,59,DISPLAY APAGADO,59,S,MED
2025-12-01 00:00:00,779141203786,18,DW,01,M,20,181,SULU YAM MARIA FLORA          ,1B,ACTIVO,KJE817 ,2,F623,23NU,2025-12-01,2025-08-12,6568,683,,W0106089611,SMC,2025-10-12,LIR,86,2025-12-11 11:56:27,1827,L,G92B2,KJE817 ,0,Nor,53,UI SERV DIRECTO,53,S,MED
2025-12-01 00:00:00,779150105631,08,DW,01,M,01,082,PEREZ CEBALLOS MARIA YSABEL   ,1B,ACTIVO,EM841E ,2,F623,19NU,2025-12-01,2025-12-04,31163,2455,,W0106076494,SMC,2025-10-03,LIR,95,2025-12-04 12:43:50,0801,L,GAG9M,EM841E ,1343,Opt,  ,,,,MED
2025-12-01 00:00:00,779150304196,23,DW,01,M,02,234,ENCALADA PEREZ JOSE LUIS      ,1D,ACTIVO,EW244C ,2,F622,19LM,2025-11-01,2025-07-16,50721,1032,,W0106146256,SMC,2025-11-15,LIR,52,2025-11-14 18:27:57,2326,L,R9982,EW244C ,0,Nor,53,UI SERV DIRECTO,53,S,MED
2025-12-01 00:00:00,777750602180,19,DW,01,J,13,191,JUAN IUTZ CELIS               ,1D,ACTIVO,002207 ,1,W101,6000,2025-11-01,2025-07-14,5765,398,,W0106142648,SMG,2025-11-13,LIR,54,2025-11-12 11:45:05,1926,L,9NCYF,002207 ,5,Nor,60,MEDID NO TRABAJA,60,S,MED
2025-12-01 00:00:00,779151000450,23,DW,01,M,02,235,MARTIN SULU KARINA EVELYN     ,1D,ACTIVO,307FMP ,2,F622,15LM,2025-11-01,2025-09-12,22194,116,,W0106146260,SMG,2025-11-15,LIR,52,2025-11-18 10:28:19,2352,R,GAAEN,307FMP ,0,Nor,59,DISPLAY APAGADO,59,S,MED
2025-12-01 00:00:00,779151104981,29,DW,01,M,33,291,VOM HOVEL GURZA INGRID        ,1D,ACTIVO,G632ME ,2,F622,17LM,2025-11-01,2025-09-19,61370,685,,W0106154152,SMC,2025-11-21,LIR,46,2025-11-20 08:51:44,2927,L,9P14E,G632ME ,0,Nor,53,UI SERV DIRECTO,53,S,MED
2025-12-01 00:00:00,779160104039,28,DW,01,M,15,281,DIAZ MONTES DE OCA MARIA ELENA,1D,ACTIVO,478DMF ,2,F622,15LM,2025-12-01,2025-04-15,79040,1807,,W0106103205,SMG,2025-10-20,LIR,78,2025-12-18 08:32:03,2827,L,R9689,478DMF ,0,Nor,59,DISPLAY APAGADO,59,S,MED
2025-12-01 00:00:00,779160104497,33,DW,01,M,25,332,CHI CITUK ARON MOISES         ,1D,ACTIVO,282JHP ,2,F622,15LM,2025-11-01,2025-07-23,27304,316,,W0106162016,SMG,2025-11-26,LIR,41,2025-11-26 11:54:53,3351,R,9P14E,282JHP ,0,Nor,53,UI SERV DIRECTO,53,S,MED
2025-12-01 00:00:00,779160202260,22,DW,01,M,12,223,CAPETILLO PROYECTOS SA DE CV  ,1D,ACTIVO,122F8W ,2,F62J,13L2,2025-12-01,2025-08-14,56725,1966,,W0106095516,SMG,2025-10-15,LIR,83,2025-12-15 10:34:50,2226,L,9NCYK,122F8W ,0,Nor,64,P. INFRARROJO/MED. D,64,S,MED
2025-12-01 00:00:00,779160500520,33,DW,01,M,25,334,GIL C PEDRO                   ,1D,ACTIVO,RCG415 ,2,F623,24NY,2025-11-01,2025-09-23,1559,13,,W0106159575,SMC,2025-11-25,LIR,42,2025-11-24 16:31:46,3326,L,GAAGN,RCG415 ,0,Nor,53,UI SERV DIRECTO,53,S,MED
2025-12-01 00:00:00,777750603402,21,DW,01,J,16,211,VICENTE CHI PUC               ,1D,ACTIVO,EP8091 ,1,W111,81C0,2025-11-01,2025-01-14,187,582,,W0106144501,SMG,2025-11-14,LIR,53,2025-11-14 15:43:11,2151,R,GAXWM,EP8091 ,0,Nor,60,MEDID NO TRABAJA,60,S,MED
2025-12-01 00:00:00,777100702171,07,DW,01,J,50,071,SANROMAN GONZALEZ HILDA       ,1D,CORTADO,AVT465 ,1,F123,22NX,2023-03-01,2023-03-02,6077,0,,W0106129214,SMC,2025-11-05,LIR,62,,,,,,,,,,,,MED
2025-12-01 00:00:00,777961000194,31,DW,01,J,03,311,ANA ROSA CHUC AVILA           ,1C,ACTIVO,K598Y8 ,2,F421,96F8,2025-11-01,2025-09-22,67677,191,,W0106155316,SMG,2025-11-21,LIR,46,2025-11-21 11:57:39,3101,L,9NCYF,K598Y8 ,0,Nor,60,MEDID NO TRABAJA,60,S,MED
2025-12-01 00:00:00,779160809717,23,DW,01,M,02,234,PEREZ MENDOZA ROBERT          ,1D,ACTIVO,053JJX ,2,F622,15LM,2025-11-01,2025-09-12,35895,880,,W0106146257,SMC,2025-11-15,LIR,52,2025-11-14 16:42:25,2326,L,R9982,053JJX ,0,Nor,53,UI SERV DIRECTO,53,S,MED
2025-12-01 00:00:00,779161205181,07,DW,01,M,13,077,AVILA CASTRO IRAHI ROSARIO    ,1D,CORTADO,A041KD ,2,F622,16LM,2025-11-01,2025-09-02,11280,1311,,W0106129312,SMC,2025-11-05,LIR,62,2025-11-04 16:27:06,0704,M,GAM1M,A041KD ,0,Nor,53,UI SERV DIRECTO,53,S,MED
2025-12-01 00:00:00,779170200729,36,DW,01,M,13,362,MEYER AVILEZ LAURA PATRICIA   ,1D,ACTIVO,J084PW ,2,F622,17LM,2025-12-01,2025-12-26,3752,4368,,W0106113828,SMG,2025-10-24,LIR,74,2025-12-26 15:53:09,3605,L,GAAEN,J084PW ,-60324,Opt,  ,,,,MED
2025-12-01 00:00:00,779170204511,29,DW,01,M,30,291,MACIAS REYNOSO JESSICA HANNA  ,1D,ACTIVO,A475JA ,2,F629,16L2,2017-03-01,2017-02-25,0,0,,W0106154149,SMG,2025-11-21,LIR,46,,,,,,,,,,,,MED
2025-12-01 00:00:00,779170204899,22,DW,01,M,12,223,CREIXELL CASTANEDA ALFONSO    ,1D,ACTIVO,111F7W ,2,F62J,13L2,2025-12-01,2025-08-14,75233,1344,,W0106095517,SMG,2025-10-15,LIR,83,2025-12-15 11:28:00,2226,L,9NCYK,111F7W ,0,Nor,60,MEDID NO TRABAJA,60,S,MED
2025-12-01 00:00:00,779170304711,26,DW,01,M,15,262,MENDEZ ARCE EDGAR             ,1D,ACTIVO,UW194J ,2,F623,21NY,2025-12-01,2025-12-17,17098,1178,,W0106100425,SMG,2025-10-17,LIR,81,2025-12-17 10:30:52,2627,L,9P14E,UW194J ,0,Nor,59,DISPLAY APAGADO,59,S,MED
2025-12-01 00:00:00,779170500048,28,DW,01,M,15,281,DOGRE CUEVAS FANNY BEATRIZ    ,1D,ACTIVO,RBG415 ,2,F623,24NY,2025-12-01,2025-12-18,12301,1,,W0106103204,SMC,2025-10-20,LIR,78,2025-12-18 13:31:35,2827,L,R9689,RBG415 ,0,Nor,53,UI SERV DIRECTO,53,S,MED
2025-12-01 00:00:00,779170502903,11,DW,01,M,13,112,BROWN SOBERANO YADIRA         ,1D,ACTIVO,DW208E ,2,F623,19NU,2025-11-01,2025-07-08,34100,552,,W0106128719,SMW,2025-11-04,CDW,63,2025-11-06 11:30:25,1102,L,9NCYK,A273KK ,0,Nor,56,NO HAY MEDIDOR,56,S,GSC
2025-12-01 00:00:00,779170703178,25,DW,01,M,24,255,LEYVA CEDENO DANIEL           ,1D,ACTIVO,RCE512 ,2,F623,24NY,2025-11-01,2025-09-17,17454,72,,W0106150271,SMC,2025-11-19,LIR,48,2025-11-18 12:21:37,2527,L,9P14E,RCE512 ,0,Nor,53,UI SERV DIRECTO,53,S,MED
2025-12-01 00:00:00,779170704441,37,DW,01,M,31,371,POOT MAY MARIA VIRGILIA       ,1D,ACTIVO,G400MC ,2,F622,17LM,2025-11-01,2025-09-25,21540,263,,W0106164881,SMC,2025-11-27,LIR,40,2025-11-27 12:54:33,3751,R,R9689,G400MC ,0,Nor,53,UI SERV DIRECTO,53,S,MED
2025-12-01 00:00:00,779171102097,33,DW,01,M,25,332,ANCONA CHUNAB GABRIELA YANET  ,1D,ACTIVO,J354DV ,2,F622,17LM,2025-11-01,2025-09-23,21621,591,,W0106159571,SMC,2025-11-25,LIR,42,2025-11-24 09:08:01,3328,L,GAAGN,J354DV ,0,Nor,53,UI SERV DIRECTO,53,S,MED
2025-12-01 00:00:00,779171202172,09,DW,01,M,13,093,SADASI SA DE CV               ,1D,ACTIVO,9AAR87 ,2,F623,25NY,2025-09-01,2025-09-03,10201,0,,W0106131285,SMC,2025-11-06,LIR,61,2025-09-03 10:32:36,0903,M,GAAEN,9AAR87 ,0,Nor,53,UI SERV DIRECTO,53,S,MED
2025-12-01 00:00:00,778750600752,07,DW,01,K,30,071,CHI ULUAC GLENDY FLOR         ,1B,ACTIVO,573VXG ,1,F122,16LN,2026-01-01,2026-01-05,14948,0,,W0106128652,SMC,2025-11-04,LIR,63,,,,,,,,,,,,MED
2025-12-01 00:00:00,778750600841,07,DW,01,K,30,071,KOYOC CANCHE AIDA ROSA        ,1B,ACTIVO,C5634P ,1,W111,73C0,2026-01-01,2026-01-05,4488,0,,W0106128653,SMG,2025-11-04,LIR,63,,,,,,,,,,,,MED
2025-12-01 00:00:00,778750601058,07,DW,01,K,30,072,ANGEL CHI CHAN                ,1B,ACTIVO,93P55H ,1,F12H,10KU,2026-01-01,2026-01-05,1801,0,,W0106128654,SMG,2025-11-04,LIR,63,,,,,,,,,,,,MED
2025-12-01 00:00:00,779180301388,18,DW,01,M,04,182,ZAPATA BRITO ROMAN            ,02,ACTIVO,J216FY ,2,F622,17LM,2025-12-01,2025-08-12,29598,616,,W0106089602,SMC,2025-10-12,LIR,86,2025-12-11 11:07:27,1829,L,R9982,J216FY ,0,Nor,53,UI SERV DIRECTO,53,S,MED
2025-12-01 00:00:00,779180700738,62,DW,01,M,05,622,MUNICIPIO DE MERIDA YUCATAN   ,5A,ACTIVO,N873DD ,2,F622,18LM,2026-01-01,2026-01-02,90724,0,,W0106166764,SMG,2025-11-28,01E,39,,,,,,,,,,,,MED
2025-12-01 00:00:00,779180702536,23,DW,01,M,02,231,YAHAIRA DE ATOCHA GONZALEZ    ,1D,ACTIVO,UW260J ,2,F623,21NY,2023-11-01,2023-11-15,5185,729,,W0106146252,SMC,2025-11-15,LIR,52,,,,,,,,,,,,MED
2025-12-01 00:00:00,779180801003,17,DW,01,M,02,173,LOPEZ BUCIO ORTIZ RICARDO     ,1D,ACTIVO,PL963T ,2,F62J,20L2,2025-11-01,2025-11-12,30708,1352,,W0106140454,SMG,2025-11-12,LIR,55,,,,,,,,,,,,MED
2025-12-01 00:00:00,779180801011,17,DW,01,M,02,173,CETINA LINARES KARINA IVETTE  ,1D,ACTIVO,M253KX ,2,F62J,17L2,2025-11-01,2025-07-11,24411,23,,W0106150699,SM2,2025-11-19,CDL,48,2025-11-11 13:49:40,1729,L,R9982,M253KX ,0,Nor,59,DISPLAY APAGADO,59,S,GSC
2025-12-01 00:00:00,779180801810,34,DW,01,M,05,345,CHALE ORTEGON JOSE LUIS       ,1B,CORTADO,P780FY ,2,F623,18NN,2025-12-01,2025-06-24,12906,0,,W0106111746,SMC,2025-10-23,LIR,75,2025-12-23 12:36:59,3426,L,GAAEN,P780FY ,0,Nor,56,NO HAY MEDIDOR,56,S,MED
2025-12-01 00:00:00,779181004581,13,DW,01,M,21,133,BECERRIL ORTEGA GLORIA        ,1D,ACTIVO,092DMF ,2,F622,15LM,2025-11-01,2025-07-09,19266,800,,W0106134711,SMC,2025-11-09,LIR,58,2025-11-07 12:24:40,1326,L,G92B2,092DMF ,0,Nor,53,UI SERV DIRECTO,53,S,MED
2025-12-01 00:00:00,779060801123,40,DW,01,M,13,404,MORALES VALDEZ FERNANDO       ,1D,ACTIVO,96E9U1 ,2,F62F,08K6,2025-12-01,2025-12-29,19674,1319,,W0106117816,SMG,2025-10-28,LIR,70,2025-12-29 10:08:50,4003,M,G92B2,96E9U1 ,1319,Nor,  ,,FR,S,MED
2025-12-01 00:00:00,779190103550,35,DW,01,M,02,359,ZAMORA VEIRA INGRID MARIE     ,1D,ACTIVO,510DME ,2,F622,15LM,2025-11-01,2025-03-25,30018,751,,W0106161518,SMC,2025-11-26,LIR,41,2025-11-25 10:52:42,3526,L,9NCYK,510DME ,0,Nor,53,UI SERV DIRECTO,53,S,MED
2025-12-01 00:00:00,779190402689,26,DW,01,M,15,264,ANCONA PROFESION EN VIV SA CV ,1D,ACTIVO,P065HJ ,2,F623,18NN,2025-12-01,2025-08-18,39350,881,,W0106100429,SMC,2025-10-17,LIR,81,2025-12-17 09:08:13,2629,L,R9703,P065HJ ,0,Nor,53,UI SERV DIRECTO,53,S,MED
2025-12-01 00:00:00,779190900387,40,DW,01,M,13,407,MARTIN CAUICH ORLANDO JARET   ,1D,CORTADO,JBN291 ,2,F623,23NU,2025-12-01,2025-12-29,5476,0,,W0106117819,SMG,2025-10-28,LIR,70,2025-12-29 10:58:12,4005,L,R9689,JBN291 ,0,Opt,31,SERVICIO SIN USO,,,MED
2025-12-01 00:00:00,779190902916,07,DW,01,M,13,075,ESCALANTE RODRIGUEZ RAUL      ,1D,ACTIVO,7BCD23 ,2,F623,25P2,2025-11-01,2025-11-04,31378,383,,W0106129309,SMC,2025-11-05,LIR,62,2025-11-04 10:57:00,0702,M,GAAGN,5BCB96 ,0,Nor,53,UI SERV DIRECTO,53,S,MED
2025-12-01 00:00:00,779070801741,16,DW,01,M,16,163,CAUICH AKE MARIO              ,1D,ACTIVO,28NV64 ,2,F621,07F3,2025-12-01,2025-12-10,7454,1,,W0106086725,SMG,2025-10-09,LIR,89,2025-12-11 17:25:01,1651,R,9NCYK,28NV64 ,1,Nor,31,SERVICIO SIN USO,,,MED
2025-12-01 00:00:00,779200103979,34,DW,01,M,05,345,XOOL UICAB MARIA GABINA       ,1B,CORTADO,DW880C ,2,F623,19NU,2025-12-01,2025-12-23,9772,0,,W0106111749,SMC,2025-10-23,LIR,75,2025-12-23 11:42:00,3426,L,GAAEN,DW880C ,0,Nor,31,SERVICIO SIN USO,LM,S,MED
2025-12-01 00:00:00,779071100437,29,DW,01,M,25,296,PECH GIL JOSE IRINEO          ,1D,ACTIVO,23MY69 ,2,F421,07GH,2025-11-01,2025-09-19,32514,333,,W0106155437,SMC,2025-11-21,LIR,46,2025-11-21 15:24:41,2951,R,GAAGN,23MY69 ,0,Nor,53,UI SERV DIRECTO,53,S,MED
2025-12-01 00:00:00,779121101073,07,DW,01,M,13,077,REYNA SANCHEZ MOISES          ,1D,ACTIVO,4AUM07 ,2,F623,25P2,2025-11-01,2025-09-02,52996,1016,,W0106129310,SMC,2025-11-05,LIR,62,2025-11-04 10:48:42,0704,M,R9703,256JV9 ,0,Nor,53,UI SERV DIRECTO,53,S,MED
2025-12-01 00:00:00,779200401490,04,DW,01,M,01,045,ALMEIDA DIAZ FRANCISCA        ,1B,ACTIVO,DB875A ,1,F123,19NM,2025-12-01,2024-03-27,349,0,,W0106155871,SMW,2025-11-22,01A,45,2025-12-02 18:59:51,0401,L,R9982,DB875A ,0,Nor,51,NO ENCONTRE DOMI,,,GSC
2025-12-01 00:00:00,779200601162,28,DW,01,M,06,284,YAM COBA JOSE ALFREDO         ,1B,ACTIVO,Y080PB ,2,F623,19NU,2025-12-01,2025-08-19,473,0,,W0106103199,SMG,2025-10-20,LIR,78,2025-12-19 10:37:16,2851,R,R9982,Y080PB ,0,Nor,60,MEDID NO TRABAJA,60,S,MED
2025-12-01 00:00:00,779200703585,04,DW,01,M,01,045,DUARTE CEBALLOS REBECA        ,1B,ACTIVO,29E2V6 ,2,F62F,08K6,2025-12-01,2025-12-02,14968,981,,W0106071390,SMG,2025-10-01,LIR,97,2025-12-02 09:42:30,0401,L,9JRBR,29E2V6 ,566,Nor,  ,,,,MED
2025-12-01 00:00:00,779130503486,35,DW,01,M,02,357,PARDENILLA CETINA DULCE MARIA ,1D,ACTIVO,YJ557E ,2,F623,21NU,2025-11-01,2025-09-24,18197,921,,W0106161516,SMC,2025-11-26,LIR,41,2025-11-25 12:20:43,3527,M,GAAGN,YJ557E ,0,Nor,53,UI SERV DIRECTO,53,S,MED
2025-12-01 00:00:00,779201004176,40,DW,01,M,13,408,SANSORES COCOM DAFNE IZEL     ,1D,CORTADO,CVP364 ,2,F623,22NU,2020-12-01,2020-12-28,55,55,,W0106117823,SMG,2025-10-28,LIR,70,,,,,,,,,,,,MED
2025-12-01 00:00:00,779210401323,34,DW,01,M,05,345,DZUL MANRIQUE YANETH NOEMI    ,1B,ACTIVO,MK571R ,2,F623,20NU,2025-12-01,2025-06-24,8421,46,,W0106111748,SMG,2025-10-23,LIR,75,2025-12-23 15:43:15,3426,L,GAAEN,MK571R ,0,Nor,59,DISPLAY APAGADO,59,S,MED
2025-12-01 00:00:00,779210403067,36,DW,01,M,13,365,SANCHEZ RUIZ GASTON OMAR      ,1D,ACTIVO,Y562MU ,2,F623,19NU,2025-12-01,2025-12-26,30045,1751,,W0106108875,SM2,2025-10-22,CDB,76,2025-12-26 09:40:34,3604,L,R9689,Y562MU ,345,Opt,  ,,,,GSC
2025-12-01 00:00:00,779130701288,21,DW,01,M,02,215,FLORES MARTIN MERLY TERESA    ,1D,BAJA SIN MED RET,89B9W9 ,2,F621,08KG,2025-11-01,2025-11-14,11093,0,,W0106145643,SMC,2025-11-14,LIR,53,,,,,,,,,,,,MED
2025-12-01 00:00:00,779210704032,26,DW,01,M,15,264,FRIDMAN GUERRA OSCAR LIPMAN   ,1D,ACTIVO,GD264A ,2,F62J,20MT,2025-12-01,2025-12-17,38433,1618,,W0106079434,SM2,2025-10-06,MED,92,2025-12-17 09:39:10,2629,L,R9703,GD264A ,0,Nor,52,COMUNICACION INTERRU,52,S,GSC
2025-12-01 00:00:00,779210803839,30,DW,01,M,07,304,BALAM CAUICH LUIS CARLOS      ,1B,ACTIVO,LW577A ,2,F623,20NU,2025-12-01,2025-08-20,8666,187,,W0106106278,SMC,2025-10-21,LIR,77,2025-12-19 13:28:41,3027,L,R9689,LW577A ,0,Nor,56,NO HAY MEDIDOR,56,S,MED
2025-12-01 00:00:00,779211002295,23,DW,01,M,02,234,REYES TREVINO CLAUDIA         ,1D,ACTIVO,MA848U ,2,20NU,20NU,2025-11-01,2025-09-12,24858,594,,W0106146258,SMC,2025-11-15,LIR,52,2025-11-14 16:49:04,2326,L,R9982,MA848U ,0,Nor,53,UI SERV DIRECTO,53,S,MED
2025-12-01 00:00:00,779211004999,23,DW,01,M,02,231,CEN TZAB PATRICIA MARISELA    ,1D,ACTIVO,LU849K ,2,F623,20NU,2025-05-01,2025-05-16,3068,343,,W0106146249,SMC,2025-11-15,LIR,52,,,,,,,,,,,,MED
2025-12-01 00:00:00,779211203002,19,DW,01,M,02,193,MEX SULUB FILIBERTO           ,1D,BAJA SIN MED RET,YH890L ,2,F623,21NU,2025-11-01,2025-11-12,14438,0,,W0106143751,SMC,2025-11-13,LIR,54,,,,,,,,,,,,MED
2025-12-01 00:00:00,779220102391,21,DW,01,M,02,212,INMOBILIARIA ESPINOSA VARGAS  ,02,ACTIVO,JBM293 ,2,F623,23NU,2025-11-01,2025-09-11,29125,1975,,W0106144801,SMC,2025-11-14,LIR,53,2025-11-13 12:27:11,2128,L,R9703,JBM293 ,0,Nor,53,UI SERV DIRECTO,53,S,MED
2025-12-01 00:00:00,779220203945,19,DW,01,M,02,193,ONGAY NIETO RICARDO           ,1D,ACTIVO,YH016J ,2,F623,21NU,2025-11-01,2025-09-10,29862,1099,,W0106143752,SMC,2025-11-13,LIR,54,2025-11-12 09:03:51,1928,L,GAAEN,YH016J ,0,Nor,53,UI SERV DIRECTO,53,S,MED
2025-12-01 00:00:00,779220304776,19,DW,01,M,02,196,GUTIERREZ VALDEZ RAQUEL       ,1D,ACTIVO,YH565X ,2,F623,21NU,2025-11-01,2025-09-10,6987,102,,W0106143760,SMC,2025-11-13,LIR,54,2025-11-12 10:52:17,1926,L,R9982,YH565X ,0,Nor,53,UI SERV DIRECTO,53,S,MED
2025-12-01 00:00:00,779220404541,24,DW,01,M,15,243,NOEMI MARTIZ JORGE NEDER      ,1D,CORTADO,JFT938 ,2,F623,23NU,2024-06-01,2024-06-17,563,0,,W0106097961,SMC,2025-10-16,LIR,82,,,,,,,,,,,,MED
2025-12-01 00:00:00,779220503761,23,DW,01,M,02,231,VIVO DEL MAYAB SA DE CV       ,1D,ACTIVO,YB312N ,2,F623,21NU,2025-11-01,2025-09-12,17979,311,,W0106146248,SMC,2025-11-15,LIR,52,2025-11-14 10:06:12,2328,L,G92B2,YB312N ,0,Nor,53,UI SERV DIRECTO,53,S,MED
2025-12-01 00:00:00,779220504350,33,DW,01,M,25,335,PAVIA SABIDO DANIEL ANTONIO   ,1D,ACTIVO,YB100V ,2,F623,21NU,2025-11-01,2025-09-23,18760,609,,W0106159581,SMC,2025-11-25,LIR,42,2025-11-24 10:07:03,3327,L,GAAFN,YB100V ,0,Nor,53,UI SERV DIRECTO,53,S,MED
2025-12-01 00:00:00,779220703786,62,DW,01,M,13,624,DESARR INMOB SADASI SA DE CV  ,5A,ACTIVO,YP752K ,3,KL28,21NU,2026-01-01,2026-01-05,60679,4449,,W0106125918,SMC,2025-11-03,LIR,64,,,,,,,,,,,,MED
2025-12-01 00:00:00,779220704294,29,DW,01,M,25,296,BRANIFF MORENO FEDERICA       ,1D,ACTIVO,7BCP25 ,2,F623,25P2,2023-03-01,2023-03-21,5153,922,,W0106125805,SM2,2025-11-03,CDV,64,,,,,,,,,,,,GSC
2025-12-01 00:00:00,779220902614,29,DW,01,M,29,296,CACERES WEJEBE ELOY JOSE      ,02,ACTIVO,X086LW ,2,F62J,19MT,2025-11-01,2025-11-21,12623,567,,W0106154142,SMG,2025-11-21,LIR,46,,,,,,,,,,,,MED
2025-12-01 00:00:00,779220902681,29,DW,01,M,29,296,CACERES WEJEBE ELOY JOSE      ,02,ACTIVO,X084LW ,2,F62J,19MT,2025-11-01,2025-11-21,16850,962,,W0106154143,SMG,2025-11-21,LIR,46,,,,,,,,,,,,MED
2025-12-01 00:00:00,779220902711,29,DW,01,M,29,296,CACERES WEJEBE ELOY JOSE      ,02,ACTIVO,X085LW ,2,F62J,19MT,2025-11-01,2025-11-21,252,92,,W0106154144,SMG,2025-11-21,LIR,46,,,,,,,,,,,,MED
2025-12-01 00:00:00,779221101089,29,DW,01,M,29,296,GALVAN HERNANDEZ IRENE        ,1D,ACTIVO,X083LW ,2,F62J,19MT,2025-11-01,2025-11-21,16307,1161,,W0106154140,SMG,2025-11-21,LIR,46,,,,,,,,,,,,MED
2025-12-01 00:00:00,779221101097,29,DW,01,M,29,296,WATTS MARRON FANNY MARGARITA  ,1D,ACTIVO,X082LW ,2,F62J,19MT,2025-11-01,2025-11-21,6662,157,,W0106154141,SMG,2025-11-21,LIR,46,,,,,,,,,,,,MED
2025-12-01 00:00:00,779230104813,19,DW,01,M,02,195,RUBIO SANCHEZ ROSA MARIA      ,1D,ACTIVO,1CFM20 ,2,F623,25P3,2025-11-01,2025-09-10,6919,237,,W0106143757,SMC,2025-11-13,LIR,54,2025-11-12 11:03:24,1927,L,R9703,DRP081 ,0,Nor,53,UI SERV DIRECTO,53,S,MED
2025-12-01 00:00:00,779230301201,23,DW,01,J,16,217,HEREDIA RIZOS ISMAEL ARTURO   ,1D,ACTIVO,WNR075 ,2,F623,24P2,2025-11-01,2024-11-08,0,0,,W0106146140,SMG,2025-11-15,LIR,52,2025-11-14 11:10:30,2326,L,9NCYF,WNR075 ,0,Nor,64,P. INFRARROJO/MED. D,64,S,MED
2025-12-01 00:00:00,779230404531,29,DW,01,M,30,291,RAMOS HERNANDEZ GLADYS GEORGIN,1D,ACTIVO,UB299Y ,2,F623,21NY,2025-11-01,2025-09-19,16266,1849,,W0106154151,SMC,2025-11-21,LIR,46,2025-11-20 16:50:03,2926,L,9MCBU,UB299Y ,0,Nor,53,UI SERV DIRECTO,53,S,MED
2025-12-01 00:00:00,779230502533,28,DW,01,M,15,281,BECERRIL GARCIA EDGAR         ,1D,ACTIVO,3AYC95 ,2,F623,25P2,2025-12-01,2025-12-18,1,768,,W0106107050,SM2,2025-10-21,MED,77,2025-12-18 16:08:10,2827,L,G92B2,3AYC95 ,0,Nor,51,NO ENCONTRE DOMI,,,GSC
2025-12-01 00:00:00,779230504404,19,DW,01,M,02,196,DE LA TORRE CABRERA DAVID RAMI,1D,ACTIVO,YU177A ,2,F623,21NU,2025-11-01,2025-05-14,9157,1,,W0106144658,SMC,2025-11-14,LIR,53,2025-11-13 10:50:06,1951,R,GAAEN,YU177A ,0,Nor,53,UI SERV DIRECTO,53,S,MED
2025-12-01 00:00:00,779230605235,21,DW,01,M,02,213,JAIME MARTINEZ LEOPOLDO       ,1D,ACTIVO,0CFM92 ,2,F623,25P3,2025-11-01,2025-12-05,0,0,,W0106144805,SMC,2025-11-14,LIR,53,2025-11-13 16:09:58,2126,L,GAAEN,UV457F ,0,Nor,53,UI SERV DIRECTO,53,S,MED
2025-12-01 00:00:00,779230605324,23,DW,01,M,02,234,MAYANS PATINO JUAN FRANCISCO  ,02,ACTIVO,UV469P ,2,F623,21NY,2025-11-01,2025-01-15,762,137,,W0106146255,SMC,2025-11-15,LIR,52,2025-11-14 14:12:23,2326,L,9MCBU,UV469P ,0,Nor,53,UI SERV DIRECTO,53,S,MED
2025-12-01 00:00:00,779150601140,33,DW,01,M,25,335,GONZALEZ DE CHOUSSAL SONIA LUC,1D,ACTIVO,6AYA07 ,2,F623,25P2,2025-09-01,2025-09-23,0,0,,W0106159582,SMC,2025-11-25,LIR,42,,,,,,,,,,,,MED
2025-12-01 00:00:00,779230701960,23,DW,01,M,02,231,GARCIA MUNOZ JORGE EDUARDO    ,1D,ACTIVO,UW673H ,2,F623,21NY,2025-11-01,2025-09-12,2315,197,,W0106146247,SMC,2025-11-15,LIR,52,2025-11-14 10:20:34,2328,L,G92B2,UW673H ,0,Nor,53,UI SERV DIRECTO,53,S,MED
2025-12-01 00:00:00,779230703644,19,DW,01,M,02,195,CEBALLOS SANTIESTEBAN HECTOR E,1D,ACTIVO,RDR513 ,2,F623,24NY,2024-09-01,2024-09-10,6833,2491,,W0106143754,SMC,2025-11-13,LIR,54,,,,,,,,,,,,MED
2025-12-01 00:00:00,779230704110,17,DW,01,M,02,176,VILADIU CHAVEZ JOSE ENRIQUE JA,1D,ACTIVO,UM442D ,2,F623,21NY,2025-11-01,2024-07-12,5401,604,,W0106140457,SMC,2025-11-12,LIR,55,2025-11-11 08:51:28,1728,L,GAAEN,UM442D ,0,Nor,53,UI SERV DIRECTO,53,S,MED
2025-12-01 00:00:00,779230705906,25,DW,01,M,24,251,CHI DZUL NALLELY BELEN        ,02,ACTIVO,JBM297 ,2,F623,23NU,2025-11-01,2025-09-17,19181,630,,W0106150262,SMC,2025-11-19,LIR,48,2025-11-18 19:38:04,2526,L,GAAGN,JBM297 ,0,Nor,53,UI SERV DIRECTO,53,S,MED
2025-12-01 00:00:00,779230800283,06,DW,01,M,01,065,PALESTINO PINEDA DANIEL       ,1B,ACTIVO,JAD892 ,2,F623,23NU,2024-02-01,2024-01-30,500,500,,W0106074307,SMC,2025-10-02,LIR,96,,,,,,,,,,,,MED
2025-12-01 00:00:00,779230900377,24,DW,01,M,15,242,TORRES MATOS HELBERT JOSE     ,1D,ACTIVO,JDC086 ,2,F623,23NU,2025-12-01,2025-10-15,1415,94,,W0106098896,SMC,2025-10-16,CDF,82,2025-12-16 10:21:23,2428,L,R9689,JDC086 ,0,Nor,53,UI SERV DIRECTO,53,S,MED
2025-12-01 00:00:00,779230900504,64,DW,01,M,24,646,ESQUIVEL CASTILLO MARIA GUADAL,1D,ACTIVO,JBM840 ,2,F623,23NU,2025-12-01,2025-10-07,20094,963,,W0106076509,SMC,2025-10-03,LIR,95,2025-12-05 10:21:27,6453,R,R9689,JBM840 ,0,Nor,53,UI SERV DIRECTO,53,S,MED
2025-12-01 00:00:00,779230901853,29,DW,01,M,33,291,RICHERAND MANUELL SANDRA CHRIS,1D,ACTIVO,1DWA07 ,2,F623,25NY,2025-11-01,2025-09-19,5704,0,,W0106154153,SMC,2025-11-21,LIR,46,2025-11-20 11:50:12,2927,L,9P14E,1DWA07 ,0,Nor,53,UI SERV DIRECTO,53,S,MED
2025-12-01 00:00:00,779231002933,24,DW,01,M,15,243,ESTRADA HERRERA ALEJANDRO     ,1D,ACTIVO,JAH283 ,2,F623,23NU,2025-12-01,2025-08-15,683,104,,W0106097963,SMC,2025-10-16,LIR,82,2025-12-16 12:25:09,2426,L,9NCYK,JAH283 ,0,Nor,53,UI SERV DIRECTO,53,S,MED
2025-12-01 00:00:00,779240103335,30,DW,01,M,07,304,AGUILAR GONZALEZ ROBERTO      ,1B,ACTIVO,KKD474 ,2,F623,23NU,2025-12-01,2025-04-16,1,0,,W0106155840,SM2,2025-11-22,01M,45,2025-12-22 11:18:45,3051,R,GAAEN,KKD474 ,0,Nor,56,NO HAY MEDIDOR,56,S,GSC
2025-12-01 00:00:00,779240104510,36,DW,01,M,13,364,SALAZAR BELLO JONATHAN        ,1D,ACTIVO,JBP575 ,2,F623,23NU,2025-12-01,2025-12-26,2041,105,,W0106113833,SMG,2025-10-24,LIR,74,2025-12-26 12:36:09,3603,L,G92B2,JBP575 ,105,Opt,  ,,,,MED
2025-12-01 00:00:00,779240104781,24,DW,01,M,09,240,MUNICIPIO DE MERIDA YUCATAN   ,02,BAJA SIN MED RET,KKH240 ,2,F623,23NU,2025-12-01,2025-12-16,388,0,,W0106101286,SMC,2025-10-17,LIR,81,2025-12-16 12:49:30,2430,L,R9982,KKH240 ,0,Nor,53,UI SERV DIRECTO,53,S,MED
2025-12-01 00:00:00,779240200195,04,DW,01,M,01,045,CASTILLO SERRANO ARTURO       ,1B,ACTIVO,KUN471 ,1,F123,23NX,2025-12-01,2024-03-27,0,0,,W0106155869,SMW,2025-11-22,01A,45,2025-12-02 18:59:52,0401,L,R9982,KUN471 ,0,Nor,51,NO ENCONTRE DOMI,,,GSC
2025-12-01 00:00:00,779240205189,06,DW,01,M,01,061,CASTILLA ESPINOSA AURYA CELEST,02,BAJA SIN MED RET,JAB123 ,2,F623,23NU,2025-12-01,2025-12-04,1363,0,,W0106076125,SMC,2025-10-03,LIR,95,2025-12-04 10:08:47,0651,R,9P14E,JAB123 ,0,Nor,56,NO HAY MEDIDOR,56,S,MED
2025-12-01 00:00:00,779240500229,34,DW,01,M,05,342,PECH TEC JAIME ABRAHAM        ,1B,ACTIVO,46NT06 ,2,F621,07F3,2025-12-01,2025-12-23,3,0,,W0106111738,SMC,2025-10-23,LIR,75,2025-12-23 11:23:41,3429,L,R9982,46NT06 ,0,Nor,31,SERVICIO SIN USO,,,MED
2025-12-01 00:00:00,779240501837,21,DW,01,M,02,215,SULU PECH JOSE ALONSO         ,1D,ACTIVO,KHP399 ,2,F623,23NU,2025-11-01,2025-01-15,0,0,,W0106145644,SMC,2025-11-14,LIR,53,2025-11-14 11:34:44,2151,R,9P14E,KHP399 ,0,Nor,53,UI SERV DIRECTO,53,S,MED
2025-12-01 00:00:00,779240502451,26,DW,01,M,15,262,RUIZ MORALES RUBEN            ,1D,ACTIVO,JFD474 ,2,F623,23NU,2025-12-01,2025-10-16,3854,868,,W0106102335,SMW,2025-10-18,MED,80,2025-12-17 10:54:24,2627,L,9P14E,JFD474 ,0,Nor,51,NO ENCONTRE DOMI,,,GSC
2025-12-01 00:00:00,777921200018,28,DW,01,J,37,286,ROSENDO HOIL GARCIA           ,1C,ACTIVO,C3153G ,1,W111,73C0,2025-12-01,2025-12-18,1148,65,,W0106124592,S05,2025-10-31,W1J,67,2025-12-18 10:35:35,2828,L,9NCYF,C3153G ,65,Nor,  ,,,,CCC
2025-12-01 00:00:00,779240805836,26,DW,01,M,15,261,AGUILAR CHAVEZ EVA YANETH     ,1D,ACTIVO,REL984 ,2,F623,24NY,2025-12-01,2025-08-18,5686,1131,,W0106100423,SMC,2025-10-17,LIR,81,2025-12-17 11:31:13,2626,L,9NCYK,REL984 ,0,Nor,53,UI SERV DIRECTO,53,S,MED
2025-12-01 00:00:00,779240900812,26,DW,01,M,15,261,RUIZ RAMOS MONICA ERIKA       ,1D,ACTIVO,RED265 ,2,F623,24NY,2025-12-01,2025-08-18,2165,10,,W0106100424,SMC,2025-10-17,LIR,81,2025-12-17 11:30:06,2626,L,9NCYK,RED265 ,0,Nor,53,UI SERV DIRECTO,53,S,MED
2025-12-01 00:00:00,779240901673,33,DW,01,M,25,332,PISTE MATU MARTINIANO         ,1D,ACTIVO,REH106 ,2,F623,24NY,2025-11-01,2025-09-23,2020,90,,W0106161663,SMG,2025-11-26,01A,41,2025-11-24 11:35:45,3328,L,GAAGN,REH106 ,97980,Nor,44,NUM MEDID DESIGU,44,S,MED
2025-12-01 00:00:00,779241100887,28,DW,01,M,15,281,MUNOZ CASTILLO ESTEBAN RUBEN  ,1D,ACTIVO,9AAN06 ,2,F623,25NY,2025-08-01,2025-08-19,7156,1379,,W0106103202,SMC,2025-10-20,LIR,78,,,,,,,,,,,,MED
2025-12-01 00:00:00,779241103291,30,DW,01,M,07,304,BASTO CAUICH MARTHA BEATRIZ   ,1B,ACTIVO,JBC387 ,2,F623,23NU,2025-12-01,2025-12-19,1256,147,,W0106150708,SMW,2025-11-19,W1D,48,2025-12-19 13:35:21,3027,L,R9689,JBC387 ,0,Nor,51,NO ENCONTRE DOMI,,,GSC
2025-12-01 00:00:00,779241104831,24,DW,01,M,15,243,FLORES CANCHE EDDIE NACIR     ,1D,ACTIVO,WTJ740 ,2,F623,24P2,2025-12-01,2024-12-17,477,1409,,W0106097962,SMC,2025-10-16,LIR,82,2025-12-16 11:21:21,2426,L,9NCYK,WTJ740 ,0,Nor,56,NO HAY MEDIDOR,56,S,MED
2025-12-01 00:00:00,779241203031,20,DW,01,M,20,201,MEDINA FERNANDEZ TANIA        ,1B,ACTIVO,RCJ329 ,2,F623,24NY,2025-12-01,2025-08-13,2,0,,W0106092912,SMC,2025-10-14,LIR,84,2025-12-12 13:17:23,2027,L,G92B2,RCJ329 ,0,Nor,53,UI SERV DIRECTO,53,S,MED
2025-12-01 00:00:00,779250100717,36,DW,01,M,13,364,VEGA RODRIGUEZ DAMARIS        ,1D,ACTIVO,RFT480 ,2,F623,24NY,2025-12-01,2025-12-26,115,104,,W0106113830,SMG,2025-10-24,LIR,74,2025-12-26 11:39:22,3603,L,G92B2,RFT480 ,104,Nor,  ,,LM,S,MED
2025-12-01 00:00:00,779250102558,28,DW,01,M,15,281,CASTELLANOS GUAL MARIA PETRUSK,1D,ACTIVO,RFV191 ,2,F623,24NY,2025-12-01,2025-06-17,1,0,,W0106103201,SMC,2025-10-20,LIR,78,2025-12-18 10:06:02,2827,L,R9689,RFV191 ,0,Nor,53,UI SERV DIRECTO,53,S,MED
2025-12-01 00:00:00,779250301038,23,DW,01,M,02,231,BARTOLOME BRAVO WILLIAM       ,1D,ACTIVO,RBX662 ,2,F623,24NY,2025-11-01,2025-03-14,0,0,,W0106146253,SMC,2025-11-15,LIR,52,2025-11-14 14:44:20,2328,L,G92B2,RBX662 ,0,Nor,53,UI SERV DIRECTO,53,S,MED
2025-12-01 00:00:00,779250303839,29,DW,01,M,29,296,OJEDA LOEZA HUMBERTO ALFONSO  ,1D,ACTIVO,Y853ML ,2,F623,19NU,2025-11-01,2025-09-19,30,10,,W0106154139,SMC,2025-11-21,LIR,46,2025-11-20 08:53:58,2928,L,GAAGN,Y853ML ,0,Nor,53,UI SERV DIRECTO,53,S,MED
2025-12-01 00:00:00,779250304975,24,DW,01,M,09,242,ESCOFFIE MIER Y TERAN HECTOR F,1D,ACTIVO,RDN538 ,2,F623,24NY,2025-12-01,2025-09-22,42,21,,W0106101289,SMC,2025-10-17,LIR,81,2025-12-18 13:42:11,2451,R,9P14E,RDN538 ,0,Nor,58,RESISTENCIA PARA TOM,58,S,MED
2025-12-01 00:00:00,779250305017,69,DW,01,M,21,695,ANTUNADO GONZALEZ ANTONIO     ,02,ACTIVO,RBB596 ,2,F623,24NY,2025-12-01,2025-09-11,86,8,,W0106092919,SMC,2025-10-14,LIR,84,2025-12-12 12:49:49,6902,L,9P14E,RBB596 ,0,Nor,53,UI SERV DIRECTO,53,S,MED
2025-12-01 00:00:00,779250403868,22,DW,01,M,15,224,DESAROLLOS DE VIVIENDA SUSTENT,1D,ACTIVO,259JV7 ,2,F622,12LJ,2025-12-01,2025-06-14,0,0,,W0106154697,SM2,2025-11-21,01M,46,2025-12-15 18:29:29,2228,L,G92B2,259JV7 ,0,Nor,51,NO ENCONTRE DOMI,,,GSC
2025-12-01 00:00:00,779250501916,27,DW,01,M,24,275,GOMEZ PERAZA JAVIER ANTONIO   ,1D,ACTIVO,2AAN67 ,2,F623,25NY,2025-09-01,2025-09-18,1426,0,,W0106152212,SMG,2025-11-20,LIR,47,,,,,,,,,,,,MED
2025-12-01 00:00:00,779250503153,29,DW,01,M,25,296,PLIEGO CANTON LORENA          ,1D,ACTIVO,YH816R ,2,F623,21NU,2025-11-01,2025-11-26,0,0,,W0106155991,SM2,2025-11-22,CDW,45,2025-11-20 10:08:54,2929,L,R9982,JBM702 ,0,Nor,53,UI SERV DIRECTO,53,S,GSC
2025-12-01 00:00:00,779250601376,35,DW,01,M,02,357,GOROCICA SANCHEZ ANIBAL AARON ,1D,ACTIVO,3AAG71 ,2,F623,25NY,2025-11-01,2025-09-24,1717,858,,W0106161515,SMC,2025-11-26,LIR,41,2025-11-25 08:37:24,3527,M,GAAGN,3AAG71 ,0,Nor,53,UI SERV DIRECTO,53,S,MED
2025-12-01 00:00:00,779250702512,36,DW,01,M,13,362,VICMA ASESORIA COMERCIAL SA CV,02,ACTIVO,5AAP60 ,2,F623,25NY,2025-12-01,2025-08-25,0,0,,W0106113829,SMC,2025-10-24,LIR,74,2025-12-26 16:42:23,3605,L,GAAEN,5AAP60 ,0,Nor,56,NO HAY MEDIDOR,56,S,MED
2025-12-01 00:00:00,779251001208,24,DW,01,M,09,242,ROSALES COELLO GILBERTO VIRGIL,1D,ACTIVO,6BCE86 ,2,F623,25P2,2025-12-01,2025-10-16,0,0,,W0106101288,SMC,2025-10-17,LIR,81,2025-12-16 12:32:11,2429,L,R9703,6BCE86 ,0,Nor,53,UI SERV DIRECTO,53,S,MED
2025-12-01 00:00:00,779251002867,21,DW,01,M,02,212,RAMIREZ ORTIZ EDGAR           ,1D,ACTIVO,3BCR02 ,2,F623,25P2,2025-11-01,2025-11-14,0,0,,W0106145647,SMC,2025-11-14,LIR,53,2025-11-14 12:13:35,2152,R,R9982,3BCR02 ,0,Nor,53,UI SERV DIRECTO,53,S,MED
2025-12-01 00:00:00,779940300263,25,DW,01,M,24,258,MARIA ANTONIA CHIN RUIZ       ,1D,ACTIVO,PBF222 ,1,F123,24NX,2025-11-01,2025-09-17,59019,613,,W0106150273,SMC,2025-11-19,LIR,48,2025-11-18 10:49:58,2529,M,R9982,B05L78 ,0,Nor,65,UI MED INVERTIDO,65,S,MED
2025-12-01 00:00:00,779970300527,33,DW,01,M,25,334,MANUEL ALONZO LOPEZ           ,1D,ACTIVO,9C926E ,2,F421,05GH,2025-11-01,2025-11-26,42231,8,,W0106159574,SMG,2025-11-25,LIR,42,,,,,,,,,,,,MED
2025-12-01 00:00:00,779971100921,62,DW,01,M,21,622,MUNICIPIO DE MERIDA YUCATAN   ,02,ACTIVO,RBY399 ,2,F623,24NY,2025-03-01,2050-01-01,0,0,,W0106071290,SMC,2025-10-01,LIR,97,,,,,,,,,,,,MED
2025-12-01 00:00:00,779981000274,30,DW,01,M,07,304,MARIA HAU HUCHIN              ,1B,ACTIVO,UL810T ,2,F623,21NY,2025-12-01,2025-08-20,1343,168,,W0106106275,SMC,2025-10-21,LIR,77,2025-12-19 10:29:14,3027,L,R9689,UL810T ,0,Nor,53,UI SERV DIRECTO,53,S,MED
2025-12-01 00:00:00,779180102881,23,DW,01,M,02,231,BANDALA LOVERA RAQUEL ARLEM   ,1D,BAJA SIN MED RET,P993ET ,2,F623,18NN,2025-11-01,2025-11-18,11952,0,,W0106148789,SMC,2025-11-18,LIR,49,,,,,,,,,,,,MED
2025-12-01 00:00:00,780000255811,05,DW,12,A,01,050,DELGADO MEDINA ANSELMO        ,1D,ACTIVO,WL4125 ,1,F121,86EG,2026-01-01,2026-01-02,6018,0,,W1204175718,SMC,2025-11-04,CDF,63,,,,,,,,,,,,MED
2025-12-01 00:00:00,780000356196,28,DW,12,B,01,282,MA DEL CARMEN CHAN CETINA     ,1D,ACTIVO,7HR681 ,1,F121,98GG,2025-12-01,2025-12-18,73808,165,,W1204200580,SM3,2025-11-24,WAB,43,2025-12-18 08:44:35,2801,M,GAX2M,7HR681 ,165,Nor,  ,,FR,S,CCC
2025-12-01 00:00:00,780000357826,26,DW,12,A,05,261,FERNANDEZ CASTILLO LUIS AMADO ,1D,ACTIVO,DRN659 ,2,F623,22NU,2023-02-01,2023-02-16,6996,2214,,W1204156283,SMC,2025-10-18,CDC,80,,,,,,,,,,,,MED
2025-12-01 00:00:00,780000660782,31,DW,12,A,01,312,RAY MARTIN                    ,1D,ACTIVO,895WYK ,2,F622,16LM,2025-11-01,2025-11-21,28198,0,,W1204200113,SMC,2025-11-24,LIR,43,2025-11-21 08:15:12,3101,M,GAFHM,895WYK ,0,Opt,32,UI DERIVACION,32,S,MED
2025-12-01 00:00:00,780000857616,33,DW,12,B,01,330,PEREZ GONGORA JOSE ANGEL      ,1D,ACTIVO,04LV12 ,1,F121,07JL,2025-11-01,2025-09-23,39068,708,,W1204194161,SM3,2025-11-19,CDB,48,2025-11-24 11:17:31,3303,M,GATKM,04LV12 ,0,Nor,56,NO HAY MEDIDOR,56,S,CCC
2025-12-01 00:00:00,780001060461,33,DW,12,A,01,333,ELVIA BARBA GUTIERREZ         ,1D,ACTIVO,883JV3 ,2,F622,12LJ,2000-09-01,2000-04-20,1,0,,W1204201718,SMC,2025-11-25,LIR,42,,,,,,,,,,,,MED
2025-12-01 00:00:00,780001261768,33,DW,12,A,01,333,VILLA CABELLO DIANA DE ANDALO ,1D,ACTIVO,00N90T ,2,F62H,10KN,2025-11-01,2025-09-23,60093,1093,,W1204201723,SMG,2025-11-25,LIR,42,2025-11-24 11:44:46,3304,M,9NCWU,00N90T ,0,Nor,60,MEDID NO TRABAJA,60,S,MED
2025-12-01 00:00:00,780010301799,20,DW,12,A,05,200,DE LA CRUZ NUNEZ GUADALUPE EVE,02,ACTIVO,4BCP10 ,2,F623,25P2,2010-06-01,2010-06-10,2833,1,,W1204148500,SM3,2025-10-13,CDL,85,,,,,,,,,,,,CCC
2025-12-01 00:00:00,780010502492,62,DW,12,A,01,620,MUNICIPIO DE BENITO JUAREZ    ,02,ACTIVO,A287KJ ,2,F622,16LM,2026-01-01,2026-01-02,51332,133,,W1204133368,SMG,2025-10-01,LIR,97,,,,,,,,,,,,MED
2025-12-01 00:00:00,780020402411,19,DW,12,A,01,190,GUTIERREZ CARDENAS SAMUEL     ,1D,ACTIVO,237MDY ,2,F62J,15MT,2002-03-01,2002-04-12,1278,0,,W1204187826,SMG,2025-11-13,LIR,54,,,,,,,,,,,,MED
2025-12-01 00:00:00,780020405045,36,DW,12,A,01,360,CONSORCIO INMOBILIARIO DETUR  ,1D,ACTIVO,69PJ14 ,2,F621,07F3,2006-04-01,2006-04-28,1,0,,W1204164827,SMC,2025-10-24,CDJ,74,,,,,,,,,,,,MED
2025-12-01 00:00:00,780021002998,33,DW,12,A,01,333,JACOBI BETANCOURT CECILIA IVON,1D,ACTIVO,00N29M ,2,F62H,10KN,2025-11-01,2025-09-23,83458,730,,W1204201721,SMG,2025-11-25,LIR,42,2025-11-24 11:03:28,3304,M,9NCWU,00N29M ,0,Nor,60,MEDID NO TRABAJA,60,S,MED
2025-12-01 00:00:00,780021103221,09,DW,12,A,01,091,GARCIA GUZMAN JUAN CARLOS     ,1D,ACTIVO,UU199K ,2,F623,21NY,2025-11-01,2025-09-03,3016,1690,,W1204178588,SMC,2025-11-06,LIR,61,2025-11-05 10:50:12,0902,M,9P180,UU199K ,0,Nor,53,UI SERV DIRECTO,53,S,MED
2025-12-01 00:00:00,780021203063,39,DW,12,A,01,390,QUIJANO AGUILAR JOSE CARLOS   ,1D,ACTIVO,54N52L ,2,F62H,10KN,2025-11-01,2025-09-26,3296,4185,,W1204206026,SMC,2025-11-28,LIR,39,2025-11-27 14:12:54,3901,M,GAD0M,54N52L ,0,Nor,53,UI SERV DIRECTO,53,S,MED
2025-12-01 00:00:00,780030703460,17,DW,12,A,01,170,PUENTE ARROYO ROSA L          ,1D,CORTADO,RBT209 ,2,F623,24NY,2025-03-01,2025-03-11,53423,3201,,W1204185803,SMC,2025-11-12,LIR,55,,,,,,,,,,,,MED
2025-12-01 00:00:00,780040603056,07,DW,12,C,01,071,MARQUEZ FUENTES EVA CONCEPCION,1D,ACTIVO,JCH446 ,2,F623,23NU,2024-03-01,2024-03-04,34668,220,,W1204176351,SMC,2025-11-04,LIR,63,,,,,,,,,,,,MED
2025-12-01 00:00:00,780040701449,23,DW,12,A,01,231,GONZALEZ HANSMAN SANTIAGO     ,1D,ACTIVO,1W55F3 ,2,F621,04F3,2025-11-01,2025-09-12,7018,0,,W1204191491,SMG,2025-11-18,LIR,49,2025-11-14 11:52:32,2302,M,GAFHM,1W55F3 ,0,Nor,60,MEDID NO TRABAJA,60,S,MED
2025-12-01 00:00:00,780041001629,17,DW,12,A,01,170,OBREGON VILLEGAS ROSA MA      ,02,ACTIVO,0BCL06 ,2,F623,25P2,2025-11-01,2025-11-11,0,0,,W1204185801,SMC,2025-11-12,LIR,55,2025-11-11 08:41:27,1701,M,GA4GN,0BCL06 ,0,Nor,53,UI SERV DIRECTO,53,S,MED
2025-12-01 00:00:00,780041105700,36,DW,12,B,01,363,DE LA CRUZ VENTURA DIANA      ,1D,ACTIVO,8R12G8 ,1,F121,04GG,2025-12-01,2025-08-25,46968,1,,W1204163958,SMC,2025-10-24,LIR,74,2025-12-26 11:55:30,3603,M,9NCX2,8R12G8 ,0,Nor,56,NO HAY MEDIDOR,56,S,MED
2025-12-01 00:00:00,780041201024,36,DW,12,A,01,360,DE LA MORA FIGUEROA JIMENA    ,1D,ACTIVO,540JHV ,2,F622,15LM,2025-12-01,2025-12-26,54441,3005,,W1204162781,SMC,2025-10-23,CDG,75,2025-12-26 09:30:05,3601,M,GA4GN,540JHV ,1232,Opt,  ,,,,MED
2025-12-01 00:00:00,780041206581,36,DW,12,A,01,360,CAMELO OROZCO JUAN CARLOS     ,1D,ACTIVO,6X11M4 ,2,F621,04F3,2025-12-01,2025-06-25,85974,232,,W1204163492,SMG,2025-10-24,LIR,74,2025-12-26 08:35:44,3601,M,GA4GN,6X11M4 ,0,Nor,60,MEDID NO TRABAJA,60,S,MED
2025-12-01 00:00:00,780050601787,34,DW,12,A,05,342,OPERADORA LUZA SA DE CV       ,1D,ACTIVO,9C196E ,2,F421,05GH,2025-12-01,2022-04-28,12002,4886,,W1204162553,SMC,2025-10-23,LIR,75,2025-12-23 12:45:05,3426,L,GA4GN,9C196E ,0,Nor,56,NO HAY MEDIDOR,56,S,MED
2025-12-01 00:00:00,780050607360,32,DW,12,B,01,322,DENNIS LAZARUS JABER          ,1D,ACTIVO,58P41H ,1,F12H,10KU,2005-08-01,2005-06-30,0,0,,W1204171862,SM3,2025-10-30,WAA,68,,,,,,,,,,,,CCC
2025-12-01 00:00:00,780050903449,18,DW,12,A,05,183,YAMA NOVELO JOSE MARIA        ,1D,ACTIVO,N887JL ,2,F622,18LM,2025-12-01,2025-12-11,36743,1125,,W1204188078,SM3,2025-11-13,WAA,54,2025-12-11 07:28:27,1826,M,GABCM,N887JL ,1125,Opt,  ,,,,CCC
2025-12-01 00:00:00,780060201892,18,DW,12,A,05,184,MALDONADO DE LA TORRE ROSARIO ,1D,ACTIVO,JBY036 ,2,F623,23NU,2024-04-01,2024-04-10,38601,52,,W1204165362,SM3,2025-10-26,CDK,72,2024-04-10 09:22:54,1828,L,9ND6D,JBY036 ,99834,Opt,  ,,,,CCC
2025-12-01 00:00:00,780060300394,27,DW,12,A,01,273,PALOMINO VALLE MARIA LUISA    ,1D,SUJETO A CORTE,749RJ9 ,2,F622,12LJ,2006-01-01,2006-01-24,25457,0,,W1204195379,SMG,2025-11-20,LIR,47,,,,,,,,,,,,MED
2025-12-01 00:00:00,780060401514,31,DW,12,A,01,312,NAVARRETE GONZALEZ HECTOR     ,02,ACTIVO,356MDU ,2,F62J,15MT,2025-11-01,2025-11-25,34601,472,,W1204200117,SMG,2025-11-24,LIR,43,2025-11-21 09:48:40,3101,M,GAFHM,356MDU ,0,Nor,60,MEDID NO TRABAJA,60,S,MED
2025-12-01 00:00:00,780060403240,36,DW,12,B,01,361,SEBASTIAN JIMENEZ MADRIGAL    ,1D,ACTIVO,3BCJ61 ,2,F623,25P2,2025-10-01,2025-10-23,75915,2019,,W1204192287,SM3,2025-11-18,CDB,49,,,,,,,,,,,,CCC
2025-12-01 00:00:00,780060500172,27,DW,12,A,01,271,ARYLLODAORA                   ,1D,ACTIVO,722MDV ,2,F62J,15MT,2025-11-01,2025-09-18,19521,0,,W1204195372,SMC,2025-11-20,LIR,47,2025-11-19 08:21:41,2701,L,9MC6M,722MDV ,0,Nor,53,UI SERV DIRECTO,53,S,MED
2025-12-01 00:00:00,780060803761,31,DW,12,A,01,312,COMER ORTHOPAEDICS BUSINESS   ,02,ACTIVO,358MDU ,2,F62J,15MT,2006-07-01,2006-08-24,1,0,,W1204200116,SMG,2025-11-24,LIR,43,,,,,,,,,,,,MED
2025-12-01 00:00:00,779180200361,13,DW,01,M,21,135,XACUR LUGO DAVID JOSE         ,1D,ACTIVO,WWU240 ,2,F623,24P3,2022-03-01,2022-03-08,38332,5736,,W0106134712,SMC,2025-11-09,LIR,58,,,,,,,,,,,,MED
2025-12-01 00:00:00,780070102221,37,DW,12,A,01,373,CRUZ ARVIDE ANELENA           ,1D,ACTIVO,7DVU88 ,2,F623,25NY,2006-12-01,2007-01-19,1,0,,W1204179351,SM3,2025-11-06,CDB,61,,,,,,,,,,,,CCC
2025-12-01 00:00:00,780070302603,39,DW,12,A,01,390,SOLIS DE LA TORRE CARLOS      ,1D,ACTIVO,912FVJ ,2,F622,15LM,2025-11-01,2025-09-26,26951,465,,W1204206292,SM2,2025-11-28,SAV,39,2025-11-27 07:57:33,3901,M,GAD0M,912FVJ ,0,Nor,56,NO HAY MEDIDOR,56,S,GSC
2025-12-01 00:00:00,780070601783,37,DW,12,A,01,371,GARCIA CEBALLOS ELMI GUADALUPE,1D,ACTIVO,94NJ13 ,2,F621,07F3,2025-11-01,2025-09-25,38243,18,,W1204205033,SMG,2025-11-27,LIR,40,2025-11-26 07:14:29,3702,M,GABCM,94NJ13 ,0,Nor,60,MEDID NO TRABAJA,60,S,MED
2025-12-01 00:00:00,780080101193,19,DW,12,A,01,190,MERIDIEN DEL CARIBE SA DE CV  ,02,ACTIVO,907MDX ,2,F62J,15MT,2025-11-01,2025-11-12,24187,333,,W1204187824,SMG,2025-11-13,LIR,54,,,,,,,,,,,,MED
2025-12-01 00:00:00,780080102670,37,DW,12,A,01,373,ARZATE GARZA GERMAN           ,1D,ACTIVO,275JV0 ,2,F622,12LJ,2008-02-01,2008-01-18,0,0,,W1204205387,SM2,2025-11-27,SAV,40,,,,,,,,,,,,GSC
2025-12-01 00:00:00,780080201619,19,DW,12,A,01,190,ALDO RAINERO                  ,1D,ACTIVO,067MEB ,2,F62J,15MT,2017-03-01,2017-03-13,12523,61,,W1204184906,SM3,2025-11-11,WAC,56,,,,,,,,,,,,CCC
2025-12-01 00:00:00,780080500055,29,DW,12,A,01,290,GRUPO ACECC SA DE CV          ,1D,ACTIVO,217MW4 ,2,F622,12LJ,2025-11-01,2025-09-19,45567,487,,W1204197368,SMG,2025-11-21,LIR,46,2025-11-20 07:51:51,2902,M,9NCWU,217MW4 ,0,Nor,60,MEDID NO TRABAJA,60,S,MED
2025-12-01 00:00:00,780080500187,27,DW,12,A,01,271,PERSONA CONCIENCIA Y LIBERTAD ,02,ACTIVO,458MDU ,2,F62J,15MT,2025-11-01,2025-07-18,34825,530,,W1204195761,SM2,2025-11-20,SAV,47,2025-11-19 16:57:42,2701,L,9MC6M,458MDU ,99951,Nor,  ,,FR,S,GSC
2025-12-01 00:00:00,780080501914,16,DW,12,A,01,161,GOURMEATS CANCUN SA DE CV     ,02,ACTIVO,MU112E ,3,KL28,20KE,2025-12-01,2025-04-08,0,2829,,W1204145342,SMC,2025-10-10,LIR,88,2025-12-10 11:20:07,1602,M,GAFHM,MU112E ,0,Nor,53,UI SERV DIRECTO,53,S,MED
2025-12-01 00:00:00,780080701085,37,DW,12,A,01,373,ALVAREZ FRAGOSO PATRICIA ROSAL,1D,ACTIVO,822JV0 ,2,F622,12LJ,2025-11-01,2025-11-26,32776,1034,,W1204205034,SMG,2025-11-27,LIR,40,,,,,,,,,,,,MED
2025-12-01 00:00:00,780081001087,07,DW,12,C,01,070,URIOSTEGUI MARTINEZ HOMERO    ,1D,ACTIVO,59W6W9 ,2,F62H,09KN,2008-09-01,2008-10-08,1,0,,W1204176347,SMG,2025-11-04,LIR,63,,,,,,,,,,,,MED
2025-12-01 00:00:00,780081101511,09,DW,12,A,01,091,PAREDEZ VALENCIA MARIA MAGDALE,1D,ACTIVO,096MBT ,2,F622,16LM,2025-11-01,2024-09-03,47667,1016,,W1204179329,SM2,2025-11-06,SAV,61,2025-11-05 07:04:03,0902,M,9P180,096MBT ,0,Nor,59,DISPLAY APAGADO,59,S,GSC
2025-12-01 00:00:00,780090400687,32,DW,12,B,01,322,WOODHOUSE KENNETH JOHN        ,1D,ACTIVO,12E5M5 ,3,KL28,08KM,2025-12-01,2025-12-22,69480,1115,,W1204161248,SMG,2025-10-22,LIR,76,2025-12-22 10:40:12,3202,L,9NCWM,12E5M5 ,1115,Nor,  ,,,,MED
2025-12-01 00:00:00,780090401012,29,DW,12,A,01,290,CORPORATIVO SILA SA DE CV     ,1D,ACTIVO,1N1C99 ,2,F621,01F3,2009-03-01,2009-04-03,0,0,,W1204197366,SMG,2025-11-21,LIR,46,,,,,,,,,,,,MED
2025-12-01 00:00:00,780091001476,35,DW,12,A,01,352,OSORNO MICHEL MARIA DEL CARMEN,1D,ACTIVO,X916UE ,2,F622,19LM,2009-09-01,2009-10-16,1,0,,W1204203363,SMC,2025-11-26,LIR,41,,,,,,,,,,,,MED
2025-12-01 00:00:00,780091001654,32,DW,12,B,01,322,KAHNE   MAXIMILIAN NICOLAS    ,1D,ACTIVO,01E7M5 ,3,KL28,08KM,2025-12-01,2025-12-22,76674,7628,,W1204161249,SMG,2025-10-22,LIR,76,2025-12-22 10:42:19,3202,L,9NCWM,01E7M5 ,7628,Nor,  ,,FR,S,MED
2025-12-01 00:00:00,780091102507,33,DW,12,A,01,333,NAJERA MARTINEZ JOSE LUIS     ,1D,ACTIVO,96N14R ,2,F62H,10KN,2009-10-01,2009-11-25,1,0,,W1204201717,SMG,2025-11-25,LIR,42,,,,,,,,,,,,MED
2025-12-01 00:00:00,779180200450,38,DW,01,M,13,384,MANZANO NAVARRO ALVARO ENRIQUE,1D,ACTIVO,570G6M ,2,F622,13LM,2025-12-01,2025-12-27,89047,4396,,W0106115265,SMG,2025-10-26,LIR,72,2025-12-27 08:52:36,3803,L,G92B2,570G6M ,1981,Opt,  ,,,,MED
2025-12-01 00:00:00,780100303839,15,DW,12,A,01,150,INVERBOL SA DE CV             ,1D,ACTIVO,474MGA ,3,FD2J,15MU,2010-03-01,2010-03-12,2076,0,,W1204184294,SMG,2025-11-11,LIR,56,,,,,,,,,,,,MED
2025-12-01 00:00:00,780100503510,23,DW,12,E,01,230,ARTEAGA LUGO MAYOLA           ,1D,ACTIVO,51X7F4 ,2,F62F,09L2,2025-11-01,2025-05-14,12382,1953,,W1204192137,SMG,2025-11-18,LIR,49,2025-11-14 10:22:02,2351,R,GATKM,51X7F4 ,0,Nor,60,MEDID NO TRABAJA,60,S,MED
2025-12-01 00:00:00,780100602810,30,DW,12,B,01,306,BORBOLLA GUTIERREZ JOSE LUIS  ,1D,CORTADO,DJR255 ,2,F623,22NU,2010-04-01,2010-06-22,0,0,,W1204161754,SMC,2025-10-22,LIR,76,,,,,,,,,,,,MED
2025-12-01 00:00:00,780100901990,23,DW,12,A,01,231,SOSA ORTEGON LAURA MARIBEL    ,1D,ACTIVO,E9D817 ,2,F621,87F3,2025-11-01,2025-11-19,79709,556,,W1204191490,SMG,2025-11-18,LIR,49,2025-11-14 11:52:07,2302,M,GAFHM,E9D817 ,0,Nor,60,MEDID NO TRABAJA,60,S,MED
2025-12-01 00:00:00,780100902058,30,DW,12,B,01,306,VICTORIA LEAL MANUEL CONCEPCIO,1D,ACTIVO,16E66E ,2,F62H,10KN,2025-12-01,2024-04-18,33603,516,,W1204161753,SMC,2025-10-22,LIR,76,2025-12-20 09:21:47,3051,R,9P17V,16E66E ,0,Nor,56,NO HAY MEDIDOR,56,S,MED
2025-12-01 00:00:00,780100903011,21,DW,12,A,01,211,GARCIA Y PEREZ FANNY MARIA    ,1D,ACTIVO,811JHR ,2,F622,15LM,2025-11-01,2025-09-11,60738,980,,W1204188930,SMC,2025-11-14,LIR,53,2025-11-13 11:48:40,2102,M,GADWM,811JHR ,0,Nor,53,UI SERV DIRECTO,53,S,MED
2025-12-01 00:00:00,780101001631,09,DW,12,C,01,093,TREGONING BRAVO PATRICIA      ,1D,ACTIVO,00E07N ,2,F62H,10KN,2025-11-01,2025-09-03,56453,579,,W1204178258,SMG,2025-11-05,LIR,62,2025-11-05 11:50:38,0902,M,9P14L,00E07N ,0,Nor,64,P. INFRARROJO/MED. D,64,S,MED
2025-12-01 00:00:00,780110203069,29,DW,12,A,01,290,PAREDES MAGANA ANA ROSA       ,1D,ACTIVO,DW133H ,2,F623,19NU,2025-11-01,2025-09-19,8556,0,,W1204197369,SMG,2025-11-21,LIR,46,2025-11-20 08:28:02,2902,M,9NCWU,DW133H ,0,Nor,60,MEDID NO TRABAJA,60,S,MED
2025-12-01 00:00:00,780110401065,29,DW,12,A,01,294,LOPEZ ORTEGA SUSANA           ,1D,ACTIVO,650DW5 ,3,FD2H,11KV,2025-11-01,2025-07-21,61322,319,,W1204197883,SM2,2025-11-21,SAV,46,2025-11-20 08:27:36,2904,M,9NCX5,650DW5 ,0,Nor,59,DISPLAY APAGADO,59,S,GSC
2025-12-01 00:00:00,780110500187,39,DW,12,A,01,390,GAIA PROPERTY MANAGEMENT SA CV,02,ACTIVO,05H93N ,2,F62H,10KN,2025-11-01,2025-01-27,47955,45,,W1204206031,SMC,2025-11-28,LIR,39,2025-11-27 16:37:01,3901,M,GAD0M,05H93N ,0,Nor,53,UI SERV DIRECTO,53,S,MED
2025-12-01 00:00:00,780110500195,32,DW,12,A,01,322,GUEVARA BARRERA GASPAR EDUARDO,1D,CORTADO,21W77H ,1,F62H,11KN,2025-12-01,2025-08-22,33722,0,,W1204162543,SMC,2025-10-23,LIR,75,2025-12-22 06:55:25,3202,M,GA4GN,21W77H ,0,Nor,53,UI SERV DIRECTO,53,S,MED
2025-12-01 00:00:00,780110501574,16,DW,12,A,01,161,ADMONDE PROP DE CANCUN SA CV  ,02,CORTADO,66H10K ,2,F62H,10KN,2025-12-01,2022-10-17,4185,0,,W1204145351,SMC,2025-10-10,LIR,88,2025-12-10 13:02:51,1602,M,GAFHM,66H10K ,0,Nor,53,UI SERV DIRECTO,53,S,MED
2025-12-01 00:00:00,780110700615,16,DW,12,A,01,161,TORRES GARFIAS JOSE DANIEL    ,02,ACTIVO,373MGC ,3,FD2J,15MU,2025-12-01,2025-08-11,38248,1040,,W1204145341,SMG,2025-10-10,LIR,88,2025-12-10 09:37:02,1602,M,GAFHM,373MGC ,0,Nor,60,MEDID NO TRABAJA,60,S,MED
2025-12-01 00:00:00,780110701247,16,DW,12,A,01,160,TORRES ALVARADO ANGELA        ,02,ACTIVO,672JV9 ,2,F622,12LJ,2025-12-01,2025-12-10,26487,1135,,W1204145335,SMG,2025-10-10,LIR,88,2025-12-10 10:06:44,1601,M,9MC6M,672JV9 ,715,Opt,  ,,,,MED
2025-12-01 00:00:00,780110701760,29,DW,12,A,01,294,GONZALEZ LOZANO JORGE EUGENIO ,1D,ACTIVO,617DW0 ,3,FD2H,11KV,2025-11-01,2024-05-21,62140,259,,W1204187159,SM2,2025-11-12,12A,55,2025-11-20 08:22:32,2904,M,9NCX5,617DW0 ,0,Nor,59,DISPLAY APAGADO,59,S,GSC
2025-12-01 00:00:00,780110801926,30,DW,12,B,01,306,SCS CORPORATION SA DE CV      ,02,CORTADO,72E59N ,2,F62H,10KN,2025-12-01,2025-12-19,42186,4236,,W1204160211,SMC,2025-10-21,12B,77,2025-12-19 07:10:58,3003,L,9NCX2,72E59N ,4236,Nor,44,NUM MEDID DESIGU,44,S,MED
2025-12-01 00:00:00,779181101200,29,DW,01,M,36,292,TELEFONIA POR CABLE SA DE CV  ,02,BAJA SIN MED RET,N098DF ,2,F622,18LM,2025-11-01,2025-11-20,24605,0,,W0106154155,SMC,2025-11-21,LIR,46,,,,,,,,,,,,MED
2025-12-01 00:00:00,779200102026,19,DW,01,M,02,196,SERV SAN JOSE KUCHE SA DE CV  ,02,ACTIVO,UW637J ,2,F623,21NY,2025-11-01,2025-09-10,19317,0,,W0106143758,SMG,2025-11-13,LIR,54,2025-11-12 08:26:34,1926,L,R9982,UW637J ,0,Opt,60,MEDID NO TRABAJA,60,S,MED
2025-12-01 00:00:00,779200302971,13,DW,01,M,21,133,ZAMA TAMEZ EZIO ANTONIO       ,1D,ACTIVO,GB187M ,2,F62J,20L2,2021-01-01,2021-01-08,6097,738,,W0106134709,SMG,2025-11-09,LIR,58,,,,,,,,,,,,MED
2025-12-01 00:00:00,780120100616,33,DW,12,A,01,333,GASTELU QUINTERO EDMUNDO A    ,1D,SUJETO A CORTE,16W14H ,2,F62H,11KN,2025-11-01,2025-09-23,73404,1182,,W1204201719,SMG,2025-11-25,LIR,42,2025-11-24 10:36:21,3304,M,9NCWU,16W14H ,0,Nor,60,MEDID NO TRABAJA,60,S,MED
2025-12-01 00:00:00,780120100624,33,DW,12,A,01,333,GASTELU QUINTERO EDMUNDO A    ,1D,ACTIVO,16W15H ,2,F62H,11KN,2025-11-01,2025-09-23,41893,543,,W1204201720,SMG,2025-11-25,LIR,42,2025-11-24 10:36:42,3304,M,9NCWU,16W15H ,0,Nor,60,MEDID NO TRABAJA,60,S,MED
2025-12-01 00:00:00,780120203105,16,DW,12,A,01,161,PARQUE INDUSTRIAL Q ROO A C   ,1D,ACTIVO,02W29B ,2,F62H,11KN,2025-12-01,2025-08-11,24188,128,,W1204145343,SMG,2025-10-10,LIR,88,2025-12-10 12:24:01,1602,M,GAFHM,02W29B ,0,Nor,60,MEDID NO TRABAJA,60,S,MED
2025-12-01 00:00:00,780120300976,29,DW,12,A,01,294,GONZALEZ VALENCIA LUZ GRACIELA,1D,ACTIVO,040AB9 ,3,FD2H,11KV,2025-11-01,2025-11-24,64531,2167,,W1204200261,SM2,2025-11-24,12A,43,2025-11-20 08:01:43,2904,M,9NCX5,040AB9 ,0,Nor,59,DISPLAY APAGADO,59,S,GSC
2025-12-01 00:00:00,780120401144,09,DW,12,C,01,092,DUARTE CHAVEZ ALICIA          ,1D,ACTIVO,24W22H ,2,F62H,11KN,2025-11-01,2025-09-03,831,11,,W1204178252,SMG,2025-11-05,LIR,62,2025-11-05 16:37:30,0901,M,GAKFM,24W22H ,0,Nor,60,MEDID NO TRABAJA,60,S,MED
2025-12-01 00:00:00,780120402531,31,DW,12,A,01,310,ROSANO GARCIA JESUS LUIS MARIA,1D,ACTIVO,48R49N ,2,F62H,10KN,2025-11-01,2025-11-21,14866,4929,,W1204202109,SM2,2025-11-25,12A,42,,,,,,,,,,,,GSC
2025-12-01 00:00:00,780120500924,15,DW,12,A,01,150,HUESCA AGUILAR RAUL           ,1D,ACTIVO,RCG125 ,2,F623,24NY,2025-03-01,2025-03-10,0,0,,W1204184296,SMG,2025-11-11,LIR,56,,,,,,,,,,,,MED
2025-12-01 00:00:00,779200302980,13,DW,01,M,21,133,TORRES CANO ABEL              ,1D,ACTIVO,REM479 ,2,F623,24NY,2024-09-01,2024-09-05,7883,0,,W0106134710,SMC,2025-11-09,LIR,58,,,,,,,,,,,,MED
2025-12-01 00:00:00,780120503443,09,DW,12,C,01,093,GONZALEZ LAGOMBRA MILTON      ,1D,ACTIVO,EW313D ,2,F622,19LM,2025-11-01,2025-07-07,29678,821,,W1204178257,SMG,2025-11-05,LIR,62,2025-11-05 11:40:07,0902,M,9P14L,EW313D ,0,Nor,60,MEDID NO TRABAJA,60,S,MED
2025-12-01 00:00:00,780120604134,07,DW,12,A,01,070,GUARDIOLA INTERNACIONAL SA CV ,02,ACTIVO,31N16K ,2,F62H,10KN,2025-11-01,2025-11-04,31911,0,,W1204180577,SMG,2025-11-07,WAA,60,2025-11-04 10:09:11,0701,M,9ND6D,31N16K ,0,Opt,31,SERVICIO SIN USO,,,MED
2025-12-01 00:00:00,780120801967,07,DW,12,C,01,070,ESCOBEDO SANTOYO VICTOR MANUEL,1D,ACTIVO,14H29M ,2,F62H,10KN,2022-07-01,2022-07-06,2705,0,,W1204179608,SM2,2025-11-06,SAV,61,,,,,,,,,,,,GSC
2025-12-01 00:00:00,780120900469,09,DW,12,C,01,092,OCANIA HERNANDEZ RICARDO      ,1D,ACTIVO,JFP630 ,2,F623,23NU,2021-11-01,2021-11-04,46413,396,,W1204178248,SMC,2025-11-05,LIR,62,,,,,,,,,,,,MED
2025-12-01 00:00:00,780121000852,07,DW,12,C,01,071,GONZAGA GODOY BARUC VLADIMIR  ,02,ACTIVO,664B8N ,2,F622,13LM,2026-01-01,2026-01-05,99626,1416,,W1204176353,SMG,2025-11-04,LIR,63,,,,,,,,,,,,MED
2025-12-01 00:00:00,779200903142,16,DW,01,M,17,165,BIOSOLIDOS DE MEXICO SA DE CV ,1D,BAJA SIN MED RET,JAG265 ,2,F623,23NU,2024-04-01,2024-04-09,6568,0,,W0106086732,SMC,2025-10-09,LIR,89,,,,,,,,,,,,MED
2025-12-01 00:00:00,779210605158,23,DW,01,M,02,231,VEGA LOPEZ DE LLERGO FERNANDO ,02,ACTIVO,MF264R ,2,F623,20NU,2025-11-01,2025-09-12,3377,399,,W0106146254,SMC,2025-11-15,LIR,52,2025-11-14 14:07:44,2328,L,G92B2,MF264R ,0,Nor,53,UI SERV DIRECTO,53,S,MED
2025-12-01 00:00:00,780130701731,25,DW,12,A,01,250,BANCO MERCANTIL DEL NORTE  S A,02,ACTIVO,579MX0 ,2,F622,12LJ,2025-11-01,2025-11-20,18284,396,,W1204193517,SMG,2025-11-19,LIR,48,2025-11-18 12:33:30,2501,M,GA4GN,579MX0 ,0,Nor,64,P. INFRARROJO/MED. D,64,S,MED
2025-12-01 00:00:00,779230700360,17,DW,01,M,02,173,GRUPO VARSA DE MORELOS        ,1D,ACTIVO,UW854G ,2,F623,21NY,2025-11-01,2025-09-09,8697,687,,W0106140453,SMC,2025-11-12,LIR,55,2025-11-11 10:41:25,1729,L,R9982,UW854G ,0,Nor,53,UI SERV DIRECTO,53,S,MED
2025-12-01 00:00:00,780130900734,15,DW,12,A,01,150,COMER LAS PALMERAS SA DE CV   ,02,ACTIVO,RCG594 ,2,F62X,24NY,2013-07-01,2013-09-06,0,0,,W1204184474,SM2,2025-11-11,SAV,56,,,,,,,,,,,,GSC
2025-12-01 00:00:00,780130901382,15,DW,12,A,01,150,COMER LAS PALMERAS SA DE CV   ,02,ACTIVO,RCG593 ,2,F62X,24NY,2019-06-01,2019-05-17,13397,196,,W1204184504,SM2,2025-11-11,SAV,56,,,,,,,,,,,,GSC
2025-12-01 00:00:00,779240700724,21,DW,01,M,02,213,COCOM CANCHE GUELMY SANTIAGO  ,1D,CORTADO,KHP824 ,2,F623,23NU,2025-11-01,2025-09-11,19133,0,,W0106145641,SMC,2025-11-14,LIR,53,2025-11-14 11:16:48,2151,R,9P14E,KHP824 ,0,Nor,53,UI SERV DIRECTO,53,S,MED
2025-12-01 00:00:00,780131001521,16,DW,12,A,01,161,HERNANDEZ LOPEZ MIGUEL        ,02,ACTIVO,UK574U ,2,F623,21NY,2025-12-01,2025-06-10,561,56,,W1204145353,SMC,2025-10-10,LIR,88,2025-12-10 14:08:07,1602,M,GAFHM,UK574U ,0,Nor,56,NO HAY MEDIDOR,56,S,MED
2025-12-01 00:00:00,780131002004,33,DW,12,A,01,333,OCHOA ZAVALA CARLOS           ,1D,ACTIVO,481KB9 ,2,F622,12LJ,2013-10-01,2020-01-20,40140,0,,W1204201722,SMG,2025-11-25,LIR,42,,,,,,,,,,,,MED
2025-12-01 00:00:00,780131002080,25,DW,12,A,01,252,LOPEZ CORAL CARLOS            ,1D,ACTIVO,2MR351 ,2,F421,99GH,2025-11-01,2025-09-17,8890,0,,W1204193543,SMG,2025-11-19,LIR,48,2025-11-18 09:33:04,2503,M,GABCM,2MR351 ,0,Nor,60,MEDID NO TRABAJA,60,S,MED
2025-12-01 00:00:00,780131202852,35,DW,12,A,01,354,RAMIREZ ALVAREZ ENIER         ,1D,ACTIVO,W231KR ,2,F622,19LM,2025-11-01,2025-11-27,63249,1747,,W1204203369,SMG,2025-11-26,LIR,41,2025-11-25 08:40:07,3504,M,GABCM,W231KR ,0,Nor,60,MEDID NO TRABAJA,60,S,MED
2025-12-01 00:00:00,779160601431,23,DW,01,M,02,231,INMOBILIARIA VEGA DEL MAYAB   ,1D,BAJA SIN MED RET,164JJP ,2,F622,15LM,2025-11-01,2025-11-19,18054,0,,W0106146251,SMG,2025-11-15,LIR,52,,,,,,,,,,,,MED
2025-12-01 00:00:00,780140302584,21,DW,12,A,01,210,HERRERA HERRERA PATRICIA JACQU,1D,SUJETO A CORTE,360EBY ,2,F622,15LM,2025-11-01,2025-09-11,44513,336,,W1204188928,SMC,2025-11-14,LIR,53,2025-11-13 09:22:53,2101,M,GA4GN,360EBY ,0,Nor,53,UI SERV DIRECTO,53,S,MED
2025-12-01 00:00:00,780140404034,40,DW,12,A,01,400,A MODUS WINE SA DE CV         ,02,SUJETO A CORTE,502MGA ,3,FD2J,15MU,2025-12-01,2025-12-29,72438,2949,,W1204168431,SMG,2025-10-28,LIR,70,2025-12-29 16:36:34,4001,M,9P180,502MGA ,2949,Nor,  ,,FR,S,MED
2025-12-01 00:00:00,780140702531,15,DW,12,A,01,150,LOPEZ GONZALEZ LANDER JAVIER  ,02,ACTIVO,369MDX ,2,F62J,15MT,2014-07-01,2020-01-20,94654,0,,W1204184289,SMG,2025-11-11,LIR,56,,,,,,,,,,,,MED
2025-12-01 00:00:00,780140800401,34,DW,12,A,05,342,LEAL SOLIS YOLANDA            ,1D,ACTIVO,25E23N ,2,F62H,10KN,2025-12-01,2025-12-23,65937,2627,,W1204162552,SMG,2025-10-23,LIR,75,2025-12-23 12:03:57,3426,L,GA4GN,25E23N ,2627,Opt,  ,,,,MED
2025-12-01 00:00:00,780140903464,36,DW,12,A,01,360,LOPEZ LOPEZ ALBERTO           ,1D,ACTIVO,958T8H ,2,F622,14LM,2025-12-01,2025-02-21,784,0,,W1204163494,SMC,2025-10-24,LIR,74,2025-12-26 11:08:49,3601,M,GA4GN,958T8H ,0,Nor,56,NO HAY MEDIDOR,56,S,MED
2025-12-01 00:00:00,780141003751,29,DW,12,A,01,294,ESQUENAZI LEVY ILAN           ,1D,CORTADO,492DW6 ,3,FD2H,11KV,2025-11-01,2025-09-19,63945,1408,,W1204197374,SMC,2025-11-21,LIR,46,2025-11-20 08:02:54,2904,M,9NCX5,492DW6 ,0,Nor,53,UI SERV DIRECTO,53,S,MED
2025-12-01 00:00:00,780150100955,13,DW,12,A,01,130,OMANA ACOSTA ALBERTO          ,1D,ACTIVO,874T0R ,2,F622,14LM,2025-11-01,2025-07-09,11629,23,,W1204182713,SM2,2025-11-10,SAV,57,2025-11-08 10:46:55,1351,R,R9895,874T0R ,99976,Opt,  ,,,,GSC
2025-12-01 00:00:00,780150500104,31,DW,12,A,01,312,CURMINA LOPEZ HUMBERTO JOSE   ,1D,ACTIVO,0AAX72 ,2,F623,25NY,2025-07-01,2025-07-22,43731,1624,,W1204200354,SM2,2025-11-24,SAV,43,,,,,,,,,,,,GSC
2025-12-01 00:00:00,780150702521,33,DW,12,B,01,330,RENDON AMAYA HERMINIA         ,1D,ACTIVO,KKW836 ,2,F623,23NU,2025-11-01,2025-09-23,17346,876,,W1204201473,SMG,2025-11-25,LIR,42,2025-11-24 10:22:50,3303,M,GATKM,KKW836 ,0,Nor,64,P. INFRARROJO/MED. D,64,S,MED
2025-12-01 00:00:00,780151002370,37,DW,12,A,01,370,ESCOBAR VAZQUEZ GABINO        ,1D,ACTIVO,015DMG ,2,F622,15LM,2025-11-01,2025-07-25,56768,1225,,W1204205029,SMC,2025-11-27,LIR,40,2025-11-26 07:32:50,3701,M,GAFHM,015DMG ,0,Nor,53,UI SERV DIRECTO,53,S,MED
2025-12-01 00:00:00,780151100991,23,DW,12,A,01,230,TIFOSI CORPORATION SA DE CV   ,02,ACTIVO,950MDT ,2,F62J,15MT,2025-11-01,2025-11-19,21800,1218,,W1204194462,SM2,2025-11-19,SAV,48,2025-11-14 18:32:32,2351,R,9EMK1,950MDT ,0,Nor,59,DISPLAY APAGADO,59,S,GSC
2025-12-01 00:00:00,780160500293,14,DW,12,A,01,141,DIAZ GONZALEZ ADRIAN          ,1D,ACTIVO,390MGC ,3,FD2J,15MU,2016-04-01,2016-05-09,0,0,,W1204143087,SMG,2025-10-09,LIR,89,,,,,,,,,,,,MED
2025-12-01 00:00:00,780160602801,27,DW,12,A,01,270,BARRON HERNANDEZ RUBIDELIA    ,1D,ACTIVO,DHV014 ,2,F623,22NU,2025-11-01,2025-11-19,10284,733,,W1204196580,SMC,2025-11-20,CDV,47,,,,,,,,,,,,MED
2025-12-01 00:00:00,780160801251,34,DW,12,A,01,340,JIMENEZ JUAREZ CASANDRA ESTELA,1D,ACTIVO,EP385K ,1,F123,19NM,2019-12-01,2019-12-19,251,0,,W1204200307,SMC,2025-11-24,WAA,43,,,,,,,,,,,,MED
2025-12-01 00:00:00,780160802851,22,DW,12,A,05,221,JIMENEZ JUAREZ FAUSTINA       ,1D,ACTIVO,227JHU ,2,F622,15LM,2025-12-01,2025-10-17,40556,802,,W1204152708,SMC,2025-10-15,LIR,83,2025-12-15 10:13:56,2227,M,9NCWU,227JHU ,97936,Opt,  ,,,,MED
2025-12-01 00:00:00,780160803407,37,DW,12,A,01,372,TORROELLA LABRADA MARINA      ,1D,CORTADO,5DVN64 ,2,F623,25NY,2025-07-01,2025-07-25,13038,0,,W1204151776,SM3,2025-10-15,WAA,83,,,,,,,,,,,,CCC
2025-12-01 00:00:00,780170101079,28,DW,12,A,05,281,NAVARRO ARCURI ELIZABETH      ,1D,ACTIVO,A083KA ,2,F622,16LM,2025-12-01,2025-12-18,8993,22,,W1204184498,SM3,2025-11-11,CDB,56,2025-12-18 10:51:45,2827,M,GA4GN,A083KA ,22,Opt,  ,,,,CCC
2025-12-01 00:00:00,780170202606,07,DW,12,C,01,072,DEL CORRAL Y MORENA JOSE ALBER,1D,ACTIVO,878PJA ,2,F622,16LM,2026-01-01,2026-01-05,58408,944,,W1204176355,SMC,2025-11-04,LIR,63,,,,,,,,,,,,MED
2025-12-01 00:00:00,780170303283,35,DW,12,A,01,352,SAUCEDO ROGEL LILIAN PATRICIA ,1D,CORTADO,MF987N ,2,F623,20NU,2021-07-01,2021-07-23,31771,1543,,W1204205069,SMG,2025-11-27,LIR,40,,,,,,,,,,,,MED
2025-12-01 00:00:00,780170502529,24,DW,12,A,05,241,NUNEZ MONTESINOS DIVINA SOLEDA,1D,ACTIVO,A413KL ,2,F622,16LM,2025-12-01,2025-12-16,39986,574,,W1204191231,SM3,2025-11-17,CDW,50,2025-12-16 07:48:26,2426,M,GA4GN,A413KL ,574,Opt,  ,,,,CCC
2025-12-01 00:00:00,780170703818,35,DW,12,B,01,035,GONZALEZ CORDOVA JUANA        ,1D,ACTIVO,NK940E ,2,F623,20NU,2025-11-01,2025-09-24,5626,187,,W1204203266,SMC,2025-11-26,LIR,41,2025-11-25 10:37:51,3501,L,GATKM,NK940E ,0,Nor,53,UI SERV DIRECTO,53,S,MED
2025-12-01 00:00:00,780171202049,20,DW,12,A,05,202,FERRER SILVA CARLOS           ,1D,ACTIVO,J646PW ,2,F622,17LM,2025-12-01,2025-12-12,28458,596,,W1204197613,SM3,2025-11-21,CDU,46,2025-12-12 13:20:27,2027,M,GA8DN,J646PW ,596,Opt,  ,,,,CCC
2025-12-01 00:00:00,780180102294,32,DW,12,A,01,320,LARA NAH ERICK                ,1D,ACTIVO,M743RK ,2,F622,17LM,2025-12-01,2025-12-22,15786,884,,W1204161272,SMG,2025-10-22,LIR,76,2025-12-22 11:20:45,3201,M,9P180,M743RK ,291,Opt,  ,,,,MED
2025-12-01 00:00:00,780180301025,19,DW,12,A,01,191,CELORIO FALCON CARLOS ARTURO  ,1D,ACTIVO,M451RH ,2,F622,17LM,2025-11-01,2025-07-14,19858,905,,W1204187830,SMC,2025-11-13,LIR,54,2025-11-12 13:06:07,1902,M,GAFHM,M451RH ,0,Nor,53,UI SERV DIRECTO,53,S,MED
2025-12-01 00:00:00,779160803522,23,DW,01,M,02,231,OTERO QUEZADA CARLOS MIGUEL   ,1D,ACTIVO,T126XW ,2,F622,18LM,2025-11-01,2025-09-12,9889,441,,W0106146250,SMC,2025-11-15,LIR,52,2025-11-14 12:43:37,2328,L,G92B2,T126XW ,0,Nor,53,UI SERV DIRECTO,53,S,MED
2025-12-01 00:00:00,780180703794,14,DW,12,A,01,141,CASTANEDA CASTILLO OSCAR ALEJA,1D,ACTIVO,58P3B2 ,3,FD2H,09KV,2025-12-01,2025-12-09,26793,1552,,W1204143086,SMG,2025-10-09,LIR,89,2025-12-09 12:24:43,1402,M,9NCX5,58P3B2 ,1552,Opt,  ,,,,MED
2025-12-01 00:00:00,780180804337,77,DW,12,A,05,770,INTEGRADORA DE SERVICIOS TECNO,67,ACTIVO,MU738E ,3,KL28,20KE,2021-09-01,2021-09-20,7159,827,,W1204141760,SM3,2025-10-08,WAA,90,,,,,,,,,,,,CCC
2025-12-01 00:00:00,780180901774,12,DW,12,A,01,120,TELLEZ MARTINEZ GUADALUPE     ,1D,ACTIVO,R354FP ,2,F622,18LM,2025-12-01,2025-06-06,13542,306,,W1204141178,SMC,2025-10-08,LIR,90,2025-12-08 10:47:12,1201,M,9NCWU,R354FP ,0,Nor,53,UI SERV DIRECTO,53,S,MED
2025-12-01 00:00:00,780181201831,16,DW,12,A,01,161,XELBOR TRAVEL TOURS SA DE CV  ,02,ACTIVO,U158XT ,2,F623,18NN,2025-12-01,2025-08-11,32892,261,,W1204145347,SMC,2025-10-10,LIR,88,2025-12-10 12:34:21,1602,M,GAFHM,U158XT ,0,Nor,53,UI SERV DIRECTO,53,S,MED
2025-12-01 00:00:00,780181201849,16,DW,12,A,01,161,TRANDPORTADORA JESDAR SA DE CV,02,ACTIVO,U103XT ,2,F623,18NN,2025-12-01,2025-08-11,31028,656,,W1204145348,SMC,2025-10-10,LIR,88,2025-12-10 12:34:29,1602,M,GAFHM,U103XT ,0,Nor,53,UI SERV DIRECTO,53,S,MED
2025-12-01 00:00:00,780181201857,16,DW,12,A,01,161,AMERCANADA TRANSPORTS TOURS SA,02,ACTIVO,U102XT ,2,F623,18NN,2025-12-01,2025-08-11,53509,695,,W1204145349,SMC,2025-10-10,LIR,88,2025-12-10 12:34:33,1602,M,GAFHM,U102XT ,0,Nor,53,UI SERV DIRECTO,53,S,MED
2025-12-01 00:00:00,780190200952,32,DW,12,A,01,320,CAMPOS PERERA MARGARITA S     ,1D,ACTIVO,T633WJ ,2,F622,18LM,2025-12-01,2025-12-22,8725,0,,W1204161270,SMG,2025-10-22,LIR,76,2025-12-22 09:29:22,3201,M,9P180,T633WJ ,0,Opt,31,SERVICIO SIN USO,,,MED
2025-12-01 00:00:00,780190400889,16,DW,12,A,01,161,UPS DE MEXICO SA DE CV        ,02,ACTIVO,5DVU54 ,2,F623,25NY,2022-10-01,2022-10-10,92579,3844,,W1204145336,SMC,2025-10-10,LIR,88,,,,,,,,,,,,MED
2025-12-01 00:00:00,780190500557,34,DW,12,B,01,341,JACOME MANGUIA CELIA          ,1D,ACTIVO,V647CD ,2,F622,18LM,2025-12-01,2025-12-23,7973,466,,W1204162474,SMC,2025-10-23,LIR,75,2025-12-23 06:55:56,3402,L,GATKM,V647CD ,103,Nor,  ,,LM,S,MED
2025-12-01 00:00:00,780190500689,34,DW,12,B,01,341,CHAVEZ RUEDA LUIS ARMANDO     ,1D,ACTIVO,V584CD ,2,F622,18LM,2025-12-01,2025-08-22,11088,256,,W1204162476,SMC,2025-10-23,LIR,75,2025-12-23 09:11:54,3402,L,GATKM,V584CD ,0,Nor,65,UI MED INVERTIDO,65,S,MED
2025-12-01 00:00:00,780190502886,29,DW,12,A,01,291,DA SILVA   ANTONIO            ,1D,ACTIVO,66P6B5 ,3,FD2H,09KV,2025-11-01,2025-11-24,43240,3311,,W1204197381,SMC,2025-11-21,LIR,46,2025-11-20 08:37:10,2951,N,GAFHM,66P6B5 ,0,Nor,53,UI SERV DIRECTO,53,S,MED
2025-12-01 00:00:00,780190700513,25,DW,12,C,01,253,ESQUENAZI REYES RAQUEL        ,1D,ACTIVO,29X7F5 ,2,F62F,09K6,2025-11-01,2025-09-17,18591,586,,W1204193045,SMG,2025-11-18,LIR,49,2025-11-18 13:38:44,2504,M,GAA7N,29X7F5 ,0,Nor,60,MEDID NO TRABAJA,60,S,MED
2025-12-01 00:00:00,780190700726,23,DW,12,A,01,230,CORDOVA DE LA CRUZ ANDRES     ,1D,CORTADO,068AB2 ,3,FD2H,11KV,2025-11-01,2023-05-17,22238,1379,,W1204193872,SMG,2025-11-19,LIR,48,2025-11-14 14:51:21,2351,R,9EMK1,068AB2 ,0,Nor,60,MEDID NO TRABAJA,60,S,MED
2025-12-01 00:00:00,780190802405,22,DW,12,A,05,222,RODRIGUEZ AGUILAR LUIS ENRIQUE,1D,ACTIVO,W925KX ,2,F622,19LM,2025-12-01,2025-12-15,53415,2573,,W1204140120,SM3,2025-10-07,WAD,91,2025-12-15 09:12:40,2228,M,9MC6M,W925KX ,2573,Opt,  ,,,,CCC
2025-12-01 00:00:00,780190802413,22,DW,12,A,05,222,RODRIGUEZ AGUILAR LUIS ENRIQUE,1D,ACTIVO,W927KX ,2,F622,19LM,2025-12-01,2025-12-15,31583,1119,,W1204140122,SM3,2025-10-07,WAD,91,2025-12-15 09:12:47,2228,M,9MC6M,W927KX ,1119,Opt,  ,,,,CCC
2025-12-01 00:00:00,780190902370,33,DW,12,B,01,330,BONILLA DOMINGUEZ HECTOR MANUE,1D,ACTIVO,Y889BG ,2,F623,19NU,2025-11-01,2025-11-26,14972,0,,W1204201887,SM2,2025-11-25,SAV,42,2025-11-24 11:21:02,3303,M,GATKM,Y889BG ,86525,Nor,  ,,FR,S,GSC
2025-12-01 00:00:00,780191201740,25,DW,12,A,01,252,MARINA GANADORA SA DE CV      ,02,ACTIVO,062AB3 ,3,FD2H,11KV,2025-11-01,2025-09-17,23972,3952,,W1204193542,SMG,2025-11-19,LIR,48,2025-11-18 08:53:49,2503,M,GABCM,062AB3 ,0,Nor,60,MEDID NO TRABAJA,60,S,MED
2025-12-01 00:00:00,780191203432,39,DW,12,A,01,390,ORDONEZ NERI JUAN MANUEL      ,1D,ACTIVO,DW631U ,2,F623,19NU,2025-11-01,2025-03-27,26729,0,,W1204187162,SM2,2025-11-12,12A,55,2025-11-27 15:06:53,3901,M,GAD0M,DW631U ,0,Nor,59,DISPLAY APAGADO,59,S,GSC
2025-12-01 00:00:00,780200201341,05,DW,12,A,01,050,GONZALEZ ESTRADA MARIA ELENA  ,02,ACTIVO,DW976U ,2,F623,19NU,2026-01-01,2026-01-02,11218,0,,W1204175602,SMG,2025-11-04,LIR,63,,,,,,,,,,,,MED
2025-12-01 00:00:00,780200602141,32,DW,12,A,01,322,PEREZ ROSALES ARTURO ALEJANDRO,1D,ACTIVO,W423TA ,1,F122,19LN,2025-12-01,2025-06-24,11769,0,,W1204162545,SMC,2025-10-23,LIR,75,2025-12-22 09:01:19,3202,M,GA4GN,W423TA ,0,Nor,53,UI SERV DIRECTO,53,S,MED
2025-12-01 00:00:00,780200901172,04,DW,12,A,01,041,TORRES GONZALEZ SANDRA        ,1D,ACTIVO,LV559W ,2,F623,20NU,2025-12-01,2025-12-02,17043,1385,,W1204133721,SMC,2025-10-01,LIR,97,2025-12-02 08:51:02,0401,M,GAFHM,LV559W ,1097,Opt,  ,,,,MED
2025-12-01 00:00:00,780201103814,32,DW,12,A,05,321,LAPOINTE CARL                 ,1D,ACTIVO,NK058C ,2,F623,20NU,2025-12-01,2025-06-23,8231,927,,W1204161282,SMG,2025-10-22,LIR,76,2025-12-22 10:00:13,3226,M,GABCM,NK058C ,0,Nor,60,MEDID NO TRABAJA,60,S,MED
2025-12-01 00:00:00,780201200712,35,DW,12,A,01,354,PATINO FIGUEROA CARLOS        ,1D,CORTADO,NK615D ,2,F623,20NU,2025-11-01,2024-07-24,29658,835,,W1204203371,SMC,2025-11-26,LIR,41,2025-11-25 09:51:55,3504,M,GABCM,NK615D ,0,Nor,53,UI SERV DIRECTO,53,S,MED
2025-12-01 00:00:00,779160803999,23,DW,01,M,02,231,CERVANTES MADERA ALVARO ADONAY,1D,ACTIVO,896JHX ,2,F622,15LM,2025-11-01,2025-09-12,13652,591,,W0106151295,SMG,2025-11-19,01A,48,2025-11-18 09:30:14,2352,R,GAAEN,896JHX ,86516,Nor,44,NUM MEDID DESIGU,44,S,MED
2025-12-01 00:00:00,780060904818,14,DW,12,A,01,141,CABRERO PORRAS ALFREDO MANUEL ,1D,ACTIVO,76P4H0 ,3,FD2H,09KV,2025-12-01,2025-12-09,59174,3824,,W1204143083,SMG,2025-10-09,LIR,89,2025-12-09 08:30:09,1402,M,9NCX5,76P4H0 ,3824,Opt,  ,,,,MED
2025-12-01 00:00:00,780210302625,13,DW,12,A,01,130,GARCIA RODRIGUEZ CONCEPCION   ,1D,ACTIVO,LV326U ,2,F623,20NU,2025-11-01,2024-07-09,10419,199,,W1204182545,SMG,2025-11-10,LIR,57,2025-11-07 11:59:43,1301,M,R9895,LV326U ,0,Nor,60,MEDID NO TRABAJA,60,S,MED
2025-12-01 00:00:00,780210305888,25,DW,12,A,01,252,GARCIA GONZALEZ ELSY MARIA    ,1D,ACTIVO,NK721E ,2,F623,20NU,2025-11-01,2025-11-18,13242,0,,W1204193541,SMC,2025-11-19,LIR,48,2025-11-18 08:49:12,2503,M,GABCM,NK721E ,0,Opt,32,UI DERIVACION,32,S,MED
2025-12-01 00:00:00,780210400376,37,DW,12,A,01,372,LECANDA BECKMANN ALDO         ,1D,CORTADO,NK839G ,2,F623,20NU,2025-11-01,2025-11-26,7928,27,,W1204167851,SMC,2025-10-27,WAA,71,2025-11-26 09:37:49,3704,M,9ND6D,NK839G ,27,Opt,  ,,,,MED
2025-12-01 00:00:00,780210401160,14,DW,12,A,01,141,ROJAS TAPIA MIRIAN            ,1D,ACTIVO,U754AT ,3,KL28,18KE,2025-12-01,2025-12-09,12902,474,,W1204143085,SMG,2025-10-09,LIR,89,2025-12-09 12:05:09,1402,M,9NCX5,U754AT ,474,Nor,  ,,LM,S,MED
2025-12-01 00:00:00,780210504201,34,DW,12,A,01,340,SOTO TLACUAPA DEMETRIO        ,1D,ACTIVO,NK369X ,2,F623,20NU,2025-12-01,2025-12-23,5404,32,,W1204162536,SMG,2025-10-23,LIR,75,2025-12-23 08:07:48,3401,L,9MC6M,NK369X ,32,Opt,  ,,,,MED
2025-12-01 00:00:00,780210507561,68,DW,12,A,01,683,PLAYA K S A P I DE C V        ,02,ACTIVO,601BJR ,3,FD22,14LR,2025-12-01,2025-12-15,29956,905,,W1204148185,SMG,2025-10-13,LIR,85,2025-12-11 10:41:10,6803,L,GAF1M,601BJR ,0,Nor,53,UI SERV DIRECTO,53,S,MED
2025-12-01 00:00:00,780210507561,68,DW,12,A,01,683,PLAYA K S A P I DE C V        ,02,ACTIVO,601BJR ,3,FD22,14LR,2025-12-01,2025-12-15,29956,905,,W1204184301,SMC,2025-11-11,LIR,56,2025-12-11 10:41:10,6803,L,GAF1M,601BJR ,0,Nor,53,UI SERV DIRECTO,53,S,MED
2025-12-01 00:00:00,780210701635,33,DW,12,B,01,331,ESPADAS NOVELO ELSY           ,1D,ACTIVO,844JHG ,2,F622,15LM,2025-11-01,2025-11-24,3895,262,,W1204197828,SM3,2025-11-21,WAA,46,,,,,,,,,,,,CCC
2025-12-01 00:00:00,780210702003,39,DW,12,A,01,390,PROCABLES DE MEX S DE RL DECV ,02,ACTIVO,55F5B2 ,3,KL28,09KC,2025-11-01,2025-11-29,58550,2211,,W1204206030,SMG,2025-11-28,LIR,39,2025-11-27 16:26:10,3901,M,GAD0M,55F5B2 ,0,Nor,60,MEDID NO TRABAJA,60,S,MED
2025-12-01 00:00:00,780211100112,25,DW,12,A,01,250,SANTIAGO RUIZ CUAUHTEMOC A    ,02,ACTIVO,YC353R ,2,F623,21NU,2025-11-01,2024-07-17,8367,657,,W1204187146,SM2,2025-11-12,12A,55,2025-11-18 11:33:05,2501,M,GA4GN,YC353R ,0,Nor,59,DISPLAY APAGADO,59,S,GSC
2025-12-01 00:00:00,780220301333,27,DW,12,A,01,273,CUAN RAMIREZ GUSTAVO          ,1D,ACTIVO,YH478R ,2,F623,21NU,2025-11-01,2023-01-19,3410,819,,W1204187158,SM2,2025-11-12,12A,55,2025-11-19 08:20:57,2703,M,9NCWU,YH478R ,0,Nor,56,NO HAY MEDIDOR,56,S,GSC
2025-12-01 00:00:00,780220501391,16,DW,12,A,01,161,LIVEK DEL CARIBE              ,02,ACTIVO,G663XU ,3,KL28,17KE,2025-12-01,2024-02-16,0,14039,,W1204145337,SMC,2025-10-10,LIR,88,2025-12-10 08:47:06,1602,M,GAFHM,G663XU ,0,Nor,60,MEDID NO TRABAJA,60,S,MED
2025-12-01 00:00:00,780220502606,27,DW,12,A,01,271,ZARATE BERMUDEZ GEORGINA      ,1D,ACTIVO,YB171Y ,2,F623,21NU,2025-11-01,2025-11-19,10,10,,W1204187154,SM2,2025-11-12,12A,55,,,,,,,,,,,,GSC
2025-12-01 00:00:00,780220600837,15,DW,12,A,01,150,GUADARRAMA ZARATE ISRAEL      ,1D,ACTIVO,YP572C ,2,F623,21NU,2025-11-01,2025-09-08,6761,273,,W1204184292,SMC,2025-11-11,LIR,56,2025-11-10 08:24:41,1501,M,9P180,YP572C ,0,Nor,53,UI SERV DIRECTO,53,S,MED
2025-12-01 00:00:00,780220601141,40,DW,12,A,05,404,RANGEL LOPEZ ALDO RAUL        ,1D,SUJETO A CORTE,YP957W ,2,F623,21NU,2025-12-01,2025-06-26,21884,1120,,W1204168457,SMG,2025-10-28,LIR,70,2025-12-29 11:19:08,4026,M,GABCM,YP957W ,0,Nor,59,DISPLAY APAGADO,59,S,MED
2025-12-01 00:00:00,780220601337,15,DW,12,A,01,150,SUMAYAB SAPI DE CV            ,1D,ACTIVO,794FUY ,2,F622,15LM,2025-11-01,2025-09-10,13785,367,,W1204184551,SM2,2025-11-11,SAV,56,2025-11-10 16:44:57,1501,M,GAFHM,794FUY ,99936,Opt,  ,,,,GSC
2025-12-01 00:00:00,780220603089,36,DW,12,A,01,360,HERNANDEZ NATARENO FREDDY GREG,02,ACTIVO,HYT400 ,2,F623,23NU,2023-10-01,2023-10-24,4667,100,,W1204163491,SMG,2025-10-24,LIR,74,,,,,,,,,,,,MED
2025-12-01 00:00:00,780220604328,30,DW,12,A,05,302,SCHOETTGER GALINA VALENTINOVA ,1D,ACTIVO,YC000F ,2,F623,21NU,2025-12-01,2025-12-19,7868,0,,W1204161279,SMC,2025-10-22,LIR,76,2025-12-19 10:43:03,3026,M,GA4GN,YC000F ,0,Opt,32,UI DERIVACION,32,S,MED
2025-12-01 00:00:00,780220804866,19,DW,12,A,01,190,ACEVEDO SANTANA JOSE ALEJANDRO,1D,ACTIVO,BA029X ,2,F622,19MP,2025-11-01,2025-09-10,4596,0,,W1204187822,SMG,2025-11-13,LIR,54,2025-11-12 09:51:38,1901,L,9P180,BA029X ,0,Opt,60,MEDID NO TRABAJA,41,S,MED
2025-12-01 00:00:00,780221000787,80,DW,12,A,01,800,MUNICIPIO DE BENITO JUAREZ    ,5A,ACTIVO,,3,,,2025-11-01,2050-01-01,0,0,,W1204180801,SM2,2025-11-07,12C,60,,,,,,,,,,,,GSC
2025-12-01 00:00:00,780221002917,21,DW,12,B,01,211,AYALA RAMIREZ JORGE ARMANDO   ,1D,ACTIVO,CVH481 ,2,F623,22NU,2025-11-01,2025-11-18,3233,334,,W1204189113,SMC,2025-11-14,LIR,53,2025-11-13 08:00:05,2104,M,9BBLY,CVH481 ,0,Nor,53,UI SERV DIRECTO,53,S,MED
2025-12-01 00:00:00,780221101010,25,DW,12,A,01,251,LI   WEIFA                    ,02,ACTIVO,KKG155 ,2,F623,23NU,2024-11-01,2024-11-15,16445,31952,,W1204193519,SMC,2025-11-19,LIR,48,,,,,,,,,,,,MED
2025-12-01 00:00:00,780221101664,07,DW,12,C,01,072,FERNANDEZ SANCHEZ JOSE CRISTIA,1D,ACTIVO,DJM520 ,2,F623,22NU,2026-01-01,2026-01-05,7501,0,,W1204176357,SMC,2025-11-04,LIR,63,,,,,,,,,,,,MED
2025-12-01 00:00:00,780221203351,27,DW,12,A,01,271,CASULLI GIUSEPPE COSMA        ,1D,ACTIVO,951L1L ,2,F622,13LM,2024-01-01,2024-01-18,1253,548,,W1204205009,SM2,2025-11-27,WAA,40,2024-01-18 09:49:01,2701,L,GAFHM,951L1L ,574,Opt,  ,,,,GSC
2025-12-01 00:00:00,780230100484,31,DW,12,A,01,312,MONTES VEGA ELENA             ,02,ACTIVO,G859XU ,3,KL28,17KR,2025-11-01,2025-07-22,9702,829,,W1204200112,SMG,2025-11-24,LIR,43,2025-11-21 07:14:25,3101,M,GAFHM,G859XU ,0,Nor,60,MEDID NO TRABAJA,60,S,MED
2025-12-01 00:00:00,780230100531,31,DW,12,A,01,312,RUIZ FERNANDEZ AURELIO        ,02,ACTIVO,G704XU ,3,KL28,17KE,2025-11-01,2024-01-22,443,164,,W1204200364,SM2,2025-11-24,SAV,43,2025-11-21 07:12:22,3101,M,GAFHM,G704XU ,99695,Opt,  ,,,,GSC
2025-12-01 00:00:00,780230201671,32,DW,12,A,05,321,RIOS ESTRADA LAURA IVONNE     ,1D,ACTIVO,BE359T ,2,F623,19NV,2025-12-01,2025-08-21,278,0,,W1204161280,SMG,2025-10-22,LIR,76,2025-12-22 08:39:35,3226,M,GABCM,BE359T ,0,Nor,59,DISPLAY APAGADO,59,S,MED
2025-12-01 00:00:00,780230502086,33,DW,12,D,03,335,HERNANDEZ LOPEZ JUAN ANSELMO  ,1D,ACTIVO,UK629U ,2,F623,21NY,2025-11-01,2025-11-25,5,1,,W1204200796,SMC,2025-11-24,LIR,43,2025-11-24 09:33:17,3327,M,GATJM,UK629U ,0,Nor,53,UI SERV DIRECTO,53,S,MED
2025-12-01 00:00:00,780230600801,31,DW,12,A,01,311,GOMEZ RODRIGUEZ IVAN AMAURY   ,1D,ACTIVO,HYT304 ,2,F623,23NU,2023-09-01,2023-09-21,0,0,,W1204200124,SMC,2025-11-24,LIR,43,,,,,,,,,,,,MED
2025-12-01 00:00:00,780230702581,08,DW,12,A,01,080,MONTOYA MENA JESUS            ,1D,ACTIVO,UM687V ,2,F623,21NY,2025-12-01,2025-12-08,1258,24,,W1204138200,SMC,2025-10-06,LIR,92,2025-12-04 08:39:40,0801,M,GABCM,UM687V ,0,Nor,53,UI SERV DIRECTO,53,S,MED
2025-12-01 00:00:00,780230901100,39,DW,12,A,01,390,KUSHYAN OLGA                  ,02,ACTIVO,MU586E ,3,KL28,20KE,2025-11-01,2025-03-27,4778,1392,,W1204206249,SM2,2025-11-28,SAV,39,2025-11-27 12:32:04,3901,M,GAD0M,MU586E ,18677,Opt,  ,,,,GSC
2025-12-01 00:00:00,780230902246,32,DW,12,A,05,321,PEGUEROS MAGANA RAFAEL        ,1D,ACTIVO,JAX197 ,2,F623,23NU,2025-12-01,2025-10-21,6573,932,,W1204202028,SM3,2025-11-25,WAA,42,2025-12-22 10:37:35,3226,M,GABCM,JAX197 ,0,Nor,53,UI SERV DIRECTO,53,S,CCC
2025-12-01 00:00:00,780091202854,12,DW,12,A,01,120,FRACHEY LOPEZ LIRA LUISA SAMMA,1D,ACTIVO,8V00J5 ,2,F421,04GH,2025-12-01,2025-12-08,75072,2721,,W1204159851,SM2,2025-10-21,12B,77,2025-12-08 08:19:19,1201,M,9NCWU,8V00J5 ,2721,Nor,  ,,FR,S,GSC
2025-12-01 00:00:00,780110902528,35,DW,12,A,01,352,SUAZO VAZQUEZ ERIKA PATRICIA  ,1D,CORTADO,RBD126 ,2,F623,24NY,2025-07-01,2025-07-24,81122,0,,W1204203364,SMC,2025-11-26,LIR,41,2025-07-25 13:03:31,3704,M,G81D1,RBD126 ,0,Nor,5X,RUTA INCOMPLETA,,,MED
2025-12-01 00:00:00,780111000641,29,DW,12,A,01,294,ANAYA PERALTA ARTURO JESUS    ,1D,ACTIVO,647DW2 ,3,FD2H,11KV,2025-11-01,2024-07-19,70528,1011,,W1204197375,SMC,2025-11-21,LIR,46,2025-11-20 08:32:53,2904,M,9NCX5,647DW2 ,0,Nor,53,UI SERV DIRECTO,53,S,MED
2025-12-01 00:00:00,780111000650,37,DW,12,A,01,370,HERNANDEZ HOIL VICTOR MANUEL  ,1D,ACTIVO,97N41R ,2,F62H,10KN,2025-11-01,2025-09-25,40054,220,,W1204205031,SMC,2025-11-27,LIR,40,2025-11-26 08:31:51,3701,M,GAFHM,97N41R ,0,Nor,53,UI SERV DIRECTO,53,S,MED
2025-12-01 00:00:00,780120502579,29,DW,12,A,01,291,VALENCIA ORDONEZ JAHZIEL      ,1D,ACTIVO,5U000W ,3,FD21,06F4,2025-11-01,2025-09-19,34490,1029,,W1204197763,SM2,2025-11-21,SAV,46,2025-11-20 08:33:57,2951,N,GAFHM,5U000W ,99979,Nor,  ,,FR,S,GSC
2025-12-01 00:00:00,780130301768,29,DW,12,A,01,290,NOVELO ESQUIVEL EDUARDO       ,1D,ACTIVO,Y802BH ,2,F623,19NU,2013-01-01,2013-03-15,444,0,,W1204197367,SMC,2025-11-21,LIR,46,,,,,,,,,,,,MED
2025-12-01 00:00:00,780130700085,31,DW,12,A,01,310,VIVARELLI ANDREA              ,1D,ACTIVO,0X7L43 ,2,F421,02GH,2025-11-01,2025-09-22,26537,18,,W1204200118,SMC,2025-11-24,LIR,43,2025-11-21 09:56:00,3102,M,9NCX5,0X7L43 ,0,Nor,53,UI SERV DIRECTO,53,S,MED
2025-12-01 00:00:00,780130702428,25,DW,12,A,01,252,SALINAS RIVERO YAZMIN G       ,1D,ACTIVO,310RN6 ,1,F122,12LH,2025-11-01,2025-11-18,10615,0,,W1204193539,SMC,2025-11-19,LIR,48,2025-11-18 08:12:15,2503,M,GABCM,310RN6 ,0,Opt,32,UI DERIVACION,32,S,MED
2025-12-01 00:00:00,780130902265,33,DW,12,B,01,330,DIAZ COB GERARDO              ,1D,ACTIVO,NT973K ,2,F623,20NU,2025-11-01,2025-07-23,5020,0,,W1204201477,SMC,2025-11-25,LIR,42,2025-11-24 11:42:40,3303,M,GATKM,NT973K ,0,Nor,53,UI SERV DIRECTO,53,S,MED
2025-12-01 00:00:00,780140104031,34,DW,12,A,05,342,LEAL SOLIS YOLANDA GLADYS     ,1D,ACTIVO,50L20B ,2,F62H,10KN,2025-12-01,2025-12-23,64228,5432,,W1204162551,SMG,2025-10-23,LIR,75,2025-12-23 12:03:53,3426,L,GA4GN,50L20B ,5432,Opt,41,CRISTAL ROTO,41,S,MED
2025-12-01 00:00:00,780180600251,39,DW,12,A,01,390,GRUPO EDUCATIVO INTEGRAL SC   ,02,ACTIVO,024JKF ,2,F622,15LM,2025-11-01,2025-07-28,8000,0,,W1204187161,SM2,2025-11-12,12A,55,2025-11-27 11:12:39,3901,M,GAD0M,024JKF ,0,Nor,59,DISPLAY APAGADO,59,S,GSC
2025-12-01 00:00:00,780000157444,24,DW,12,A,01,240,TELLO CEBALLOS MANUELA        ,1D,ACTIVO,0EE681 ,2,F421,98GH,2025-12-01,2025-12-16,57797,261,,W1204136541,SM3,2025-10-03,CDL,95,2025-12-16 10:02:06,2401,M,GAF1M,0EE681 ,261,Nor,  ,,FR,S,CCC
2025-12-01 00:00:00,780201200941,35,DW,12,A,01,354,PATINO FIGUEROA CARLOS        ,1D,ACTIVO,NK731F ,2,F623,20NU,2025-11-01,2024-09-26,10574,458,,W1204203372,SMC,2025-11-26,LIR,41,2025-11-25 09:52:01,3504,M,GABCM,NK731F ,0,Nor,53,UI SERV DIRECTO,53,S,MED
2025-12-01 00:00:00,780201200968,35,DW,12,A,01,354,PATINO FIGUEROA CARLOS        ,1D,CORTADO,NK729F ,2,F623,20NU,2025-11-01,2024-07-24,12924,25,,W1204203370,SMC,2025-11-26,LIR,41,2025-11-25 09:51:50,3504,M,GABCM,NK729F ,0,Nor,53,UI SERV DIRECTO,53,S,MED
2025-12-01 00:00:00,780231000564,16,DW,12,A,01,160,MADERO MADRIGAL MARIA DEL ROCI,1D,ACTIVO,JAX546 ,2,F623,23NU,2025-12-01,2025-12-10,0,0,,W1204148664,SMC,2025-10-13,SAV,85,2025-12-10 20:34:36,1601,M,9MC6M,JAX546 ,0,Nor,5X,RUTA INCOMPLETA,,,MED
2025-12-01 00:00:00,780231101158,09,DW,12,A,01,090,OJEDA COLIN ROSA MARIA        ,1D,ACTIVO,JAP889 ,2,F623,23NU,2025-11-01,2024-09-03,739,168,,W1204181013,SMG,2025-11-07,12B,60,2025-11-05 12:21:50,0901,M,GABCM,JAP889 ,0,Nor,59,DISPLAY APAGADO,59,S,MED
2025-12-01 00:00:00,780240301623,19,DW,12,A,01,191,CALDERON PAREDES MAXIMO ANTONI,1D,ACTIVO,UM752V ,2,F623,21NY,2025-11-01,2025-09-11,5595,485,,W1204187831,SMC,2025-11-13,LIR,54,2025-11-12 08:31:26,1902,M,GAFHM,UM752V ,0,Nor,53,UI SERV DIRECTO,53,S,MED
2025-12-01 00:00:00,780240720791,15,DW,12,A,01,150,GARCIA GARCIA YESENIA         ,02,ACTIVO,REF677 ,2,F623,24NY,2025-11-01,2025-11-10,543,0,,W1204200503,SM3,2025-11-24,WAA,43,2025-11-10 17:28:43,1501,M,GAFHM,REF677 ,0,Opt,31,SERVICIO SIN USO,,,CCC
2025-12-01 00:00:00,780241000457,23,DW,12,A,01,230,GLAZMAN YURI                  ,1D,ACTIVO,GEB979 ,3,KL28,22NJ,2025-11-01,2025-09-12,9242,1603,,W1204192330,SM2,2025-11-18,SAV,49,2025-11-14 08:38:10,2301,M,GAD0M,GEB979 ,92509,Nor,  ,,FR,S,GSC
2025-12-01 00:00:00,780241001887,23,DW,12,A,01,230,RODRIGUEZ ALAHE JUAN ENRIQUE  ,02,ACTIVO,REH167 ,2,F623,24NY,2025-11-01,2025-11-14,17915,2858,,W1204190371,SM3,2025-11-14,CDA,53,,,,,,,,,,,,CCC
2025-12-01 00:00:00,780241101512,39,DW,12,A,01,390,ESTUPINON DE LA CRUZ VALERIA  ,1D,ACTIVO,WNC224 ,2,F623,24P2,2025-11-01,2025-11-27,2892,295,,W1204192319,SM2,2025-11-18,MED,49,,,,,,,,,,,,GSC
2025-12-01 00:00:00,780241102888,33,DW,12,A,01,330,RAMIREZ CORONA JORGE AURELIO  ,1D,CORTADO,WNM330 ,2,F623,24P2,2025-11-01,2025-11-24,8407,0,,W1204201709,SMC,2025-11-25,LIR,42,2025-11-24 08:34:26,3301,M,9MC6M,WNM330 ,0,Opt,32,UI DERIVACION,32,S,MED
2025-12-01 00:00:00,780250501850,23,DW,12,E,01,230,DV DESARROLLO                 ,02,ACTIVO,MX693B ,3,KL28,20KE,2025-11-01,2025-09-12,4801,2400,,W1204192138,SMG,2025-11-18,LIR,49,2025-11-14 11:59:05,2351,R,GATKM,MX693B ,0,Nor,60,MEDID NO TRABAJA,60,S,MED
2025-12-01 00:00:00,780250503950,14,DW,12,A,01,140,GARCIA GORIS CESAR MANUEL     ,1D,ACTIVO,YC872L ,2,F623,21NU,2025-12-01,2025-12-09,4402,1162,,W1204141704,SMC,2025-10-08,CDD,90,2025-12-09 07:53:37,1401,M,GA4GN,YC872L ,1162,Opt,  ,,,,MED
2025-12-01 00:00:00,780250701298,23,DW,12,A,01,230,BRITO AGUILAR JESISAI         ,1D,SUJETO A CORTE,5DWA98 ,2,F623,25NY,2025-11-01,2025-09-12,666,666,,W1204192404,SMC,2025-11-18,SAV,49,2025-11-14 19:06:13,2351,R,9EMK1,5DWA98 ,0,Nor,51,NO ENCONTRE DOMI,,,MED
2025-12-01 00:00:00,780250800725,36,DW,12,D,01,368,MATTSON KAREN SUE             ,1D,ACTIVO,8DVP63 ,2,F623,25NY,2025-12-01,2025-12-26,607,1816,,W1204161278,SMC,2025-10-22,LIR,76,2025-12-26 08:09:53,3606,L,9NCX4,8DVP63 ,604,Opt,  ,,,,MED
2025-12-01 00:00:00,780250802396,08,DW,12,D,02,080,CANUL UH DAVID                ,1B,ACTIVO,3DVR30 ,2,F623,25NY,2025-12-01,2025-10-03,0,0,,W1204138184,SMC,2025-10-06,LIR,92,2025-12-04 10:40:43,0826,M,GA4HN,3DVR30 ,0,Nor,53,UI SERV DIRECTO,53,S,MED
2025-12-01 00:00:00,780250802809,31,DW,12,A,01,312,HONG BO WU                    ,02,ACTIVO,FY137H ,3,KL28,19KE,2025-11-01,2025-09-22,5218,5218,,W1204200360,SM2,2025-11-24,SAV,43,2025-11-21 07:11:10,3101,M,GAFHM,FY137H ,96438,Opt,  ,,,,GSC
2025-12-01 00:00:00,780250805379,33,DW,12,B,01,330,COLLAZO GOMEZ DOMINGO         ,1D,ACTIVO,5DVU78 ,2,F623,25NY,2025-11-01,2025-09-23,201,201,,W1204201474,SMG,2025-11-25,LIR,42,2025-11-24 10:22:58,3303,M,GATKM,5DVU78 ,0,Nor,64,P. INFRARROJO/MED. D,64,S,MED
2025-12-01 00:00:00,780250805387,33,DW,12,B,01,330,COLLAZO GOMEZ DOMINGO         ,1D,ACTIVO,5DVU80 ,2,F623,25NY,2025-11-01,2025-09-23,683,683,,W1204201475,SMG,2025-11-25,LIR,42,2025-11-24 10:23:06,3303,M,GATKM,5DVU80 ,0,Nor,64,P. INFRARROJO/MED. D,64,S,MED
2025-12-01 00:00:00,780250805395,33,DW,12,B,01,330,COLLAZO GOMEZ DOMINGO         ,1D,ACTIVO,5DVU77 ,2,F623,25NY,2025-11-01,2025-09-23,0,0,,W1204201476,SMG,2025-11-25,LIR,42,2025-11-24 10:23:15,3303,M,GATKM,5DVU77 ,0,Nor,64,P. INFRARROJO/MED. D,64,S,MED
2025-12-01 00:00:00,780250805522,39,DW,12,A,01,390,MARTINEZ SANGUINO ARMANDO JESU,02,ACTIVO,MV551K ,3,KL28,20KE,2025-11-01,2025-09-27,58,58,,W1204206029,SMG,2025-11-28,LIR,39,2025-11-27 16:16:00,3901,M,GAD0M,MV551K ,0,Nor,60,MEDID NO TRABAJA,60,S,MED
2025-12-01 00:00:00,780251005511,09,DW,12,A,01,090,COMIDA VERTICAL               ,02,ACTIVO,JAX359 ,2,F623,23NU,2025-11-01,2025-11-05,26829,10,,W1204178574,SMC,2025-11-06,LIR,61,,,,,,,,,,,,MED
2025-12-01 00:00:00,780751000061,64,DW,12,A,01,640,23DPR0263R ALFREDO V BONFIL P ,02,ACTIVO,RXU796 ,2,KL28,24NJ,2025-05-01,2025-05-05,90716,20013,,W1204178591,SMC,2025-11-06,LIR,61,2025-05-05 07:13:42,6402,L,9BBM1,RXU796 ,1369,Nor,  ,,LM,S,MED
2025-12-01 00:00:00,780771000067,09,DW,12,A,01,091,JOSE GOVEA C                  ,1D,ACTIVO,40E72F ,2,F62H,10KN,2025-11-01,2025-11-05,68569,771,,W1204178585,SMG,2025-11-06,LIR,61,,,,,,,,,,,,MED
2025-12-01 00:00:00,780780300146,25,DW,12,A,01,251,HECTOR PAZ PACHECO            ,1C,ACTIVO,1V79X3 ,2,F621,04F3,2025-11-01,2025-11-18,1599,1902,,W1204193525,SMG,2025-11-19,LIR,48,,,,,,,,,,,,MED
2025-12-01 00:00:00,780780800017,23,DW,12,A,01,230,HUMBERTO ROMA FABIO           ,1D,ACTIVO,JCG215 ,2,F623,23NU,2024-01-01,2024-01-16,46025,595,,W1204191484,SMG,2025-11-18,LIR,49,,,,,,,,,,,,MED
2025-12-01 00:00:00,780790700282,37,DW,12,A,01,370,JOSE HEREDIA VAZQUEZ          ,02,CORTADO,RED745 ,2,F623,24NY,2022-05-01,2022-05-26,11546,81,,W1204205030,SMC,2025-11-27,LIR,40,,,,,,,,,,,,MED
2025-12-01 00:00:00,780820300101,15,DW,12,A,01,150,VALDOVINOS ALBA ALBERTO       ,1D,ACTIVO,243MGA ,1,FD2J,15MU,2025-11-01,2025-11-10,11717,1320,,W1204184293,SMG,2025-11-11,LIR,56,,,,,,,,,,,,MED
2025-12-01 00:00:00,780820400289,37,DW,12,A,01,371,JOSE LUIS CONTRERAS           ,1D,ACTIVO,40PG40 ,1,F621,07F3,2025-11-01,2025-11-26,54793,431,,W1204206598,SM3,2025-11-28,CDD,39,,,,,,,,,,,,CCC
2025-12-01 00:00:00,780820800228,13,DW,12,A,01,130,MAXIMO F RIOS MENESES         ,1D,ACTIVO,T574A8 ,2,F621,97F3,2025-11-01,2025-11-07,26062,63,,W1204182833,SM2,2025-11-10,SAV,57,,,,,,,,,,,,GSC
2025-12-01 00:00:00,780821000616,35,DW,12,A,01,351,JOSE A CITUC CHAY             ,02,ACTIVO,H038R4 ,1,K421,95F9,2025-11-01,2025-09-24,98708,940,,W1204203361,SMC,2025-11-26,LIR,41,2025-11-25 08:24:54,3505,M,9MC6M,H038R4 ,0,Nor,53,UI SERV DIRECTO,53,S,MED
2025-12-01 00:00:00,780821100122,21,DW,12,A,01,211,GARCIA LOPEZ PEREZ IRASEMA O  ,1D,ACTIVO,3F3A67 ,2,F621,01F3,2025-11-01,2025-11-13,89743,732,,W1204172838,SMC,2025-10-30,CDG,68,2025-11-13 12:59:32,2102,M,GADWM,3F3A67 ,732,Nor,  ,,,,MED
2025-12-01 00:00:00,780830300151,05,DW,12,A,01,050,JOSE CHABLE ZAPATA            ,1D,SUJETO A CORTE,1DVD91 ,2,F623,25NY,2025-09-01,2025-08-29,84826,762,,W1204175605,SMC,2025-11-04,LIR,63,,,,,,,,,,,,MED
2025-12-01 00:00:00,780840300035,19,DW,12,A,01,190,MARIO RECIO BOLIO             ,1D,ACTIVO,68X6C2 ,1,FD2H,09KV,1999-11-01,2000-01-06,83259,0,,W1204187829,SMG,2025-11-13,LIR,54,,,,,,,,,,,,MED
2025-12-01 00:00:00,780840800216,23,DW,12,A,01,231,FRANCISCO FONSECA CAMPOS      ,1D,ACTIVO,2G2V34 ,2,F121,01GG,2025-11-01,2025-11-19,25706,427,,W1204191487,SMG,2025-11-18,LIR,49,2025-11-14 09:58:40,2302,M,GAFHM,9MD070 ,0,Nor,60,MEDID NO TRABAJA,60,S,MED
2025-12-01 00:00:00,780840800241,23,DW,12,A,01,231,TORRES CARAVEO ISIDORA        ,1D,ACTIVO,62BH69 ,2,F121,06JL,2025-11-01,2025-11-19,21401,712,,W1204191486,SMG,2025-11-18,LIR,49,2025-11-14 09:58:33,2302,M,GAFHM,62BH69 ,0,Nor,60,MEDID NO TRABAJA,60,S,MED
2025-12-01 00:00:00,780850200241,27,DW,12,A,01,273,BURGOA GUTIERREZ YEDITH       ,1D,ACTIVO,360GJ3 ,2,F622,12LJ,2025-11-01,2025-09-18,14037,344,,W1204195377,SMG,2025-11-20,LIR,47,2025-11-19 08:06:05,2703,M,9NCWU,360GJ3 ,0,Nor,60,MEDID NO TRABAJA,60,S,MED
2025-12-01 00:00:00,780850500164,11,DW,12,A,01,111,DELGADO Y COMPANIA SA DE CV   ,02,ACTIVO,880T0R ,2,F622,14LM,2025-11-01,2025-11-06,70703,3483,,W1204180663,SMG,2025-11-07,LIR,60,2025-11-07 08:10:11,1151,R,GA4GN,880T0R ,0,Nor,60,MEDID NO TRABAJA,60,S,MED
2025-12-01 00:00:00,780850600304,23,DW,12,A,01,231,MORALES GALVEZ ARACELI        ,1D,ACTIVO,Y614BK ,2,F623,19NU,2025-11-01,2025-11-14,43307,1215,,W1204189468,SM3,2025-11-14,WAA,53,,,,,,,,,,,,CCC
2025-12-01 00:00:00,780851100097,23,DW,12,A,01,231,FSH MARKETING AMERICA SA DE CV,1D,CORTADO,163T8J ,2,F622,14LM,2025-11-01,2025-09-12,47022,6072,,W1204191485,SMC,2025-11-18,LIR,49,2025-11-14 07:37:11,2302,M,GAFHM,163T8J ,0,Nor,65,UI MED INVERTIDO,65,S,MED
2025-12-01 00:00:00,780851100526,27,DW,12,A,01,273,GASPAR BARRIENTOS TAPIA       ,1D,ACTIVO,550FVH ,2,F622,15LM,2025-11-01,2025-11-19,39299,1070,,W1204133193,SM3,2025-10-01,WAA,97,2025-11-19 09:23:43,2703,M,9NCWU,550FVH ,1070,Opt,  ,,,,CCC
2025-12-01 00:00:00,780860100415,33,DW,12,B,01,330,ABRAHAM GARCIA YIDAM J        ,02,ACTIVO,HNL332 ,2,F623,23NY,2025-05-01,2025-05-23,2160,754,,W1204161305,SM3,2025-10-22,WAB,76,2025-05-23 08:31:04,3303,L,9NCX2,HNL332 ,0,Nor,56,NO HAY MEDIDOR,56,S,CCC
2025-12-01 00:00:00,780861000571,35,DW,12,A,01,351,ROBERTO DE J AGUILAR          ,1D,ACTIVO,29U6J0 ,2,F62H,09KN,2025-11-01,2025-09-24,99259,1243,,W1204203362,SMG,2025-11-26,LIR,41,2025-11-25 12:09:08,3505,M,9MC6M,29U6J0 ,0,Nor,60,MEDID NO TRABAJA,60,S,MED
2025-12-01 00:00:00,780870100073,62,DW,12,A,01,620,MUNICIPIO DE BENITO JUAREZ    ,02,ACTIVO,V809VW ,2,F122,19LN,2026-01-01,2026-01-02,3617,0,,W1204175626,SMG,2025-11-04,LIR,63,,,,,,,,,,,,MED
2025-12-01 00:00:00,780870100499,09,DW,12,A,01,090,MANUEL MONTELLANO HDEZ        ,1D,ACTIVO,LV349U ,1,F623,20NU,2021-05-01,2021-05-05,57774,0,,W1204179273,SM2,2025-11-06,SAV,61,,,,,,,,,,,,GSC
2025-12-01 00:00:00,780870200221,13,DW,12,A,01,131,JOSEFINA GOMEZ CONTRERAS      ,1D,ACTIVO,7BC227 ,2,F621,97F3,2025-11-01,2025-09-05,89552,567,,W1204182547,SMG,2025-11-10,LIR,57,2025-11-07 12:04:01,1302,M,GADWM,7BC227 ,0,Nor,60,MEDID NO TRABAJA,60,S,MED
2025-12-01 00:00:00,780880300411,21,DW,12,A,01,211,DIEGO CUEVAS PEREZ            ,02,ACTIVO,YP353M ,1,F623,21NU,2025-11-01,2025-11-13,7579,618,,W1204179285,S05,2025-11-06,WAB,61,,,,,,,,,,,,CCC
2025-12-01 00:00:00,780881200657,23,DW,12,A,01,231,INMOB Y CONST DEL CBE SA      ,1D,ACTIVO,C0F003 ,2,F621,87F3,2025-11-01,2025-11-19,10320,319,,W1204191489,SMG,2025-11-18,LIR,49,2025-11-14 11:51:05,2302,M,GAFHM,C0F003 ,0,Nor,60,MEDID NO TRABAJA,60,S,MED
2025-12-01 00:00:00,780890100797,33,DW,12,B,01,330,ROSENDA HERRERA               ,1D,ACTIVO,4V421G ,1,F121,06JL,2025-11-01,2025-11-24,44800,12,,W1204136093,SM3,2025-10-03,CDF,95,2025-11-24 10:19:25,3303,M,GATKM,4V421G ,12,Nor,  ,,FR,S,CCC
2025-12-01 00:00:00,780890501104,19,DW,12,A,01,190,ISABEL GONZALEZ NINO          ,1D,ACTIVO,813MEA ,3,F62J,15MT,2025-11-01,2025-11-12,39354,1013,,W1204187821,SMG,2025-11-13,LIR,54,,,,,,,,,,,,MED
2025-12-01 00:00:00,780890501511,33,DW,12,B,01,330,HECTOR CHAN HERRERA           ,1D,ACTIVO,L824K4 ,1,F121,96F5,2025-11-01,2025-11-24,59828,3,,W1204136082,SM3,2025-10-03,CDV,95,2025-11-24 10:20:03,3303,M,GATKM,L824K4 ,3,Nor,31,SERVICIO SIN USO,,,CCC
2025-12-01 00:00:00,780900700950,11,DW,12,A,01,110,HENRY MUNOZ                   ,1D,ACTIVO,5D074E ,2,F621,05F3,2025-11-01,2025-09-04,59377,500,,W1204180167,SMG,2025-11-07,LIR,60,2025-11-06 07:52:22,1103,M,GABCM,5D074E ,0,Nor,60,MEDID NO TRABAJA,60,S,MED
2025-12-01 00:00:00,780900900649,09,DW,12,A,01,091,MARIO ROMERO SALAZAR          ,1D,ACTIVO,X9X745 ,2,F62A,91G6,2025-11-01,2025-09-03,2109,0,,W1204178589,SMG,2025-11-06,LIR,61,2025-11-05 11:08:26,0902,M,9P180,X9X745 ,0,Nor,60,MEDID NO TRABAJA,60,S,MED
2025-12-01 00:00:00,780901100620,38,DW,12,A,01,381,CLEMENTE MERCADO ACOSTA       ,02,ACTIVO,P3K530 ,2,F62N,90F3,2025-12-01,2025-12-26,67680,93,,W1204166314,SMG,2025-10-27,LIR,71,2025-12-26 13:14:32,3802,M,9P180,P3K530 ,93,Nor,  ,,,,MED
2025-12-01 00:00:00,780910101281,38,DW,12,A,01,381,MA OLIVA GUERRERO RUBIN       ,1D,ACTIVO,X128TF ,2,F623,19NU,2025-12-01,2025-04-24,22198,1022,,W1204177631,SM3,2025-11-05,WAA,62,2025-12-26 10:24:03,3802,M,9P180,X128TF ,0,Nor,59,DISPLAY APAGADO,59,S,CCC
2025-12-01 00:00:00,780920600528,33,DW,12,B,01,330,FRANCISCO FCO PERERA          ,1D,ACTIVO,XE474V ,1,F123,21NT,2022-03-01,2022-03-23,24513,13,,W1204201470,SMC,2025-11-25,LIR,42,,,,,,,,,,,,MED
2025-12-01 00:00:00,780930300565,07,DW,12,A,01,070,ELVIRA HERNANDEZ CHICO        ,02,ACTIVO,715F3X ,2,F622,13LM,2025-11-01,2025-09-02,21583,531,,W1204177299,SMG,2025-11-05,LIR,62,2025-11-04 09:55:06,0701,M,9ND6D,715F3X ,0,Nor,60,MEDID NO TRABAJA,60,S,MED
2025-12-01 00:00:00,780930400136,15,DW,12,A,01,150,GARCIA GARCIA YESENIA         ,1D,ACTIVO,166MEB ,2,F62J,15MT,2025-11-01,2025-11-10,59296,773,,W1204184618,SM3,2025-11-11,WAA,56,,,,,,,,,,,,CCC
2025-12-01 00:00:00,780940800159,23,DW,12,A,01,231,JAVIER MORALES E              ,1D,ACTIVO,F7K431 ,2,F621,88F3,2025-11-01,2025-09-12,71151,567,,W1204191488,SMG,2025-11-18,LIR,49,2025-11-14 11:50:00,2302,M,GAFHM,F7K431 ,0,Nor,60,MEDID NO TRABAJA,60,S,MED
2025-12-01 00:00:00,780940900668,33,DW,12,B,01,330,FLORIBERTO GUEVARA            ,1D,ACTIVO,V41B67 ,1,F121,94F5,2025-11-01,2025-11-24,69866,0,,W1204157837,SM3,2025-10-20,WAE,78,2025-11-24 12:24:40,3303,M,GATKM,V41B67 ,0,Nor,31,SERVICIO SIN USO,,,CCC
2025-12-01 00:00:00,780941200465,11,DW,12,A,01,111,GRUPO BERMUDA Y OP PIRATA     ,02,ACTIVO,650MGB ,3,FD2J,15MU,2025-11-01,2024-09-04,28629,907,,W1204180165,SMC,2025-11-07,LIR,60,2025-11-06 09:11:09,1101,M,R9895,650MGB ,0,Nor,53,UI SERV DIRECTO,53,S,MED
2025-12-01 00:00:00,780950100724,11,DW,12,A,01,110,HUBER R RODRIGUEZ LEON        ,1D,ACTIVO,U74B41 ,2,F621,93F3,2025-11-01,2025-09-04,22193,0,,W1204180169,SMG,2025-11-07,LIR,60,2025-11-06 08:43:58,1103,M,GABCM,U74B41 ,0,Nor,60,MEDID NO TRABAJA,60,S,MED
2025-12-01 00:00:00,780951100272,18,DW,12,A,05,182,VICTOR J P MAY CHAN           ,1D,ACTIVO,EM815D ,1,F623,19NU,2025-12-01,2025-12-11,34787,1004,,W1204176006,SMC,2025-11-04,CDB,63,2025-12-11 09:53:49,1851,N,GAFHM,EM815D ,1004,Opt,  ,,,,MED
2025-12-01 00:00:00,780970100577,04,DW,12,A,01,041,LORENZA BUENDIA RAYOS         ,1D,ACTIVO,CVF815 ,2,F623,22NU,2022-10-01,2022-09-30,18388,0,,W1204151698,SM3,2025-10-15,WAA,83,,,,,,,,,,,,CCC
2025-12-01 00:00:00,780970200636,15,DW,12,A,01,150,LIC MARCO A ORTEGA            ,1D,ACTIVO,474MDW ,1,F62J,15MT,2025-11-01,2025-11-10,38509,168,,W1204184290,SMG,2025-11-11,LIR,56,,,,,,,,,,,,MED
2025-12-01 00:00:00,780970200814,15,DW,12,A,01,150,GRUPO DICAS SA CV             ,1D,ACTIVO,587MDX ,2,F62J,15MT,2025-11-01,2025-11-10,3562,329,,W1204184288,SMG,2025-11-11,LIR,56,,,,,,,,,,,,MED
2025-12-01 00:00:00,780970701856,13,DW,12,A,01,130,PAT LEONE                     ,1D,ACTIVO,27PA01 ,1,F621,07F3,2025-11-01,2025-11-11,19202,3,,W1204182931,SM2,2025-11-10,SAV,57,2025-11-07 11:55:28,1301,M,R9895,27PA01 ,10003,Nor,  ,,FR,S,GSC
2025-12-01 00:00:00,780970900026,28,DW,12,A,01,282,MARGARITA ROJAS BARRAGAN      ,1D,ACTIVO,MB903D ,2,F623,20NU,2025-12-01,2025-12-18,28525,19,,W1204159600,SMC,2025-10-21,LIR,77,2025-12-18 12:45:04,2801,M,9P180,MB903D ,19,Opt,  ,,,,MED
2025-12-01 00:00:00,780971002684,34,DW,12,A,01,340,JOSE PEREZ PLASCENCIA         ,1D,ACTIVO,11W63H ,2,F62H,11KN,2025-12-01,2025-12-23,48114,1162,,W1204162534,SMG,2025-10-23,LIR,75,2025-12-23 07:25:13,3401,L,9MC6M,11W63H ,1162,Opt,  ,,,,MED
2025-12-01 00:00:00,780971002927,34,DW,12,A,01,340,RAUL A GARCIA MENDOZA         ,1D,ACTIVO,79N99R ,2,F62H,10KN,2025-12-01,2025-06-24,66897,1558,,W1204176089,SM3,2025-11-04,WAA,63,2025-12-23 08:08:33,3401,L,9MC6M,79N99R ,0,Nor,53,UI SERV DIRECTO,53,S,CCC
2025-12-01 00:00:00,780980100842,15,DW,12,A,01,150,DELGADO LOPEZ MONTSERRAT KRIST,02,ACTIVO,339MDX ,2,F62J,15MT,2025-11-01,2025-11-10,59790,1590,,W1204184295,SMG,2025-11-11,LIR,56,,,,,,,,,,,,MED
2025-12-01 00:00:00,780980101687,11,DW,12,A,01,110,SAENZ GARCIA JORGE ISRAEL     ,1D,ACTIVO,622MW0 ,2,F622,12LJ,2025-11-01,2025-09-04,83323,1164,,W1204180170,SMG,2025-11-07,LIR,60,2025-11-06 10:35:37,1103,M,GABCM,622MW0 ,0,Nor,60,MEDID NO TRABAJA,60,S,MED
2025-12-01 00:00:00,780990101430,28,DW,12,B,01,283,SANTOS CHAN COLLI             ,1D,ACTIVO,7JN108 ,1,F121,98GG,2025-12-01,2025-12-18,10404,776,,W1204139931,SM3,2025-10-07,CDV,91,2025-12-18 08:54:32,2802,M,9MCB5,7JN108 ,776,Nor,  ,,,,CCC
2025-12-01 00:00:00,780990201841,38,DW,12,A,01,381,GRUPO OLIMPIC SA DE CV        ,02,ACTIVO,4JG997 ,3,FD21,98F4,2025-12-01,2025-12-26,20873,1286,,W1204166311,SMG,2025-10-27,LIR,71,2025-12-26 08:54:11,3802,M,9P180,4JG997 ,1286,Nor,41,CRISTAL ROTO,41,S,MED
2025-12-01 00:00:00,780990302184,22,DW,12,B,01,027,ROMAN GONZALEZ JOSE DAVID     ,1D,ACTIVO,3FY760 ,1,F121,98GG,2025-12-01,2025-12-15,75327,196,,W1204202257,SM3,2025-11-25,CDF,42,2025-12-15 13:23:03,2202,M,GAX2M,3FY760 ,75327,Nor,  ,,FR,S,CCC
2025-12-01 00:00:00,780990603478,28,DW,12,B,01,283,ALVAREZ PEREZ MARTHA          ,1D,ACTIVO,7KC020 ,1,F121,99GG,2025-12-01,2025-12-18,55803,52,,W1204205228,SM3,2025-11-27,CDF,40,2025-12-18 08:27:49,2802,M,9MCB5,7KC020 ,52,Nor,  ,,FR,S,CCC
2025-12-01 00:00:00,780990700015,07,DW,12,A,01,071,SAUCEDO CABELLO GERARDO       ,1D,ACTIVO,40D7C5 ,1,F421,08KF,2025-11-01,2025-11-04,36202,761,,W1204197690,SM3,2025-11-21,CDL,46,,,,,,,,,,,,CCC
2025-12-01 00:00:00,780991005698,33,DW,12,B,01,330,SALGADO VAZQUEZ ALBINA        ,1D,ACTIVO,66PJ98 ,2,F621,07F3,2025-11-01,2025-09-23,36699,730,,W1204201478,SMG,2025-11-25,LIR,42,2025-11-24 14:27:48,3303,M,GATKM,66PJ98 ,0,Nor,60,MEDID NO TRABAJA,60,S,MED
2025-12-01 00:00:00,781011001736,19,DW,12,B,01,018,BORGES CANCHE ALMA            ,1D,ACTIVO,2J398A ,1,F121,05JL,2025-11-01,2025-11-12,75310,1585,,W1204192625,SM3,2025-11-18,WAB,49,,,,,,,,,,,,CCC
2025-12-01 00:00:00,781011100998,19,DW,12,B,01,018,MAY CANCHE MARTHA PATRICIA    ,1D,ACTIVO,NL769E ,2,F623,20NU,2025-11-01,2025-09-10,33686,682,,W1204187774,SMC,2025-11-13,LIR,54,2025-11-12 10:45:15,1901,L,GATKM,NL769E ,0,Nor,53,UI SERV DIRECTO,53,S,MED
2025-12-01 00:00:00,781040402707,23,DW,12,B,01,023,POOT OY CAYETANO              ,1D,ACTIVO,5M46W9 ,1,F121,04GG,2025-11-01,2025-11-14,50829,833,,W1204134235,SM3,2025-10-02,WAB,96,2025-11-14 08:30:42,2301,L,9NCWM,5M46W9 ,833,Nor,  ,,FR,S,CCC
2025-12-01 00:00:00,781040403037,80,DW,12,B,01,001,MUNICIPIO DE BENITO JUAREZ    ,5A,ACTIVO,,2,,,2025-11-01,2050-01-01,0,0,,W1204180845,SM2,2025-11-07,12D,60,,,,,,,,,,,,GSC
2025-12-01 00:00:00,781040501209,19,DW,12,B,01,019,DIAZ COUTINO JOEL             ,1D,ACTIVO,5T05D9 ,1,F121,04GG,2025-11-01,2025-11-12,41529,7,,W1204196083,SM3,2025-11-20,WAB,47,,,,,,,,,,,,CCC
2025-12-01 00:00:00,781040800567,19,DW,12,B,01,018,BERNABE GARCES OTILIA         ,1D,ACTIVO,9R14U4 ,1,F121,04GG,2025-11-01,2025-09-10,93023,697,,W1204162825,SM3,2025-10-23,CDV,75,2025-11-12 09:47:48,1901,L,GATKM,9R14U4 ,0,Nor,53,UI SERV DIRECTO,53,S,CCC
2025-12-01 00:00:00,781041000572,31,DW,12,B,01,032,CANCHE PISTE LINARIO LIZANO   ,1D,ACTIVO,9B686D ,1,F121,04GG,2025-11-01,2025-11-21,35101,240,,W1204198011,SM3,2025-11-21,WAB,46,,,,,,,,,,,,CCC
2025-12-01 00:00:00,781041100585,29,DW,12,B,01,291,HERNANDEZ PERALTA JOSE IZMAEL ,1D,ACTIVO,YC661P ,2,F623,21NU,2021-03-01,2021-03-22,55118,0,,W1204197343,SMC,2025-11-21,LIR,46,,,,,,,,,,,,MED
2025-12-01 00:00:00,781050500618,29,DW,12,B,01,290,CRUZ MENDEZ JESUS             ,1D,ACTIVO,0C230A ,2,F621,04F3,2025-11-01,2025-09-19,23174,802,,W1204205371,SM3,2025-11-27,WAB,40,2025-11-20 10:27:12,2901,L,9BBLY,0C230A ,0,Nor,60,MEDID NO TRABAJA,60,S,CCC
2025-12-01 00:00:00,781051100893,27,DW,12,B,01,271,HECTOR LOPEZ LOPEZ            ,1D,ACTIVO,1H871M ,1,F121,05JL,2025-11-01,2025-05-22,9387,0,,W1204195637,SMC,2025-11-20,LIR,47,2025-11-19 10:22:53,2701,M,GA4GN,1H871M ,0,Nor,53,UI SERV DIRECTO,53,S,MED
2025-12-01 00:00:00,781051100982,27,DW,12,B,01,271,MARIO CHAN POOT               ,1D,ACTIVO,7G530X ,1,F121,05JL,2025-11-01,2025-03-19,44224,373,,W1204195636,SMC,2025-11-20,LIR,47,2025-11-19 10:23:12,2701,M,GA4GN,7G530X ,0,Nor,53,UI SERV DIRECTO,53,S,MED
2025-12-01 00:00:00,781051101644,27,DW,12,B,01,271,MARCELO TORREBLANCA           ,1D,ACTIVO,1D010D ,2,F621,05F3,2025-11-01,2024-01-18,45271,266,,W1204195631,SMC,2025-11-20,LIR,47,2025-11-19 10:40:27,2701,M,GA4GN,1D010D ,0,Nor,53,UI SERV DIRECTO,53,S,MED
2025-12-01 00:00:00,781051201118,22,DW,12,C,01,222,LIMBERTH J MENDEZ ROSADO      ,1D,ACTIVO,X767UE ,2,F622,19LM,2005-10-01,2005-06-30,0,0,,W1204178059,SM3,2025-11-05,CDL,62,,,,,,,,,,,,CCC
2025-12-01 00:00:00,781051202432,27,DW,12,B,01,271,SALATIEL TOSCA                ,1D,ACTIVO,78LC88 ,1,F121,07JL,2025-11-01,2025-03-20,26866,411,,W1204195633,SMC,2025-11-20,LIR,47,2025-11-19 10:31:36,2701,M,GA4GN,78LC88 ,0,Nor,53,UI SERV DIRECTO,53,S,MED
2025-12-01 00:00:00,781060202577,37,DW,12,B,01,037,TUZ INTERIAN MIGUEL ANGEL     ,1D,ACTIVO,94H9D3 ,1,F12H,09KU,2006-03-01,2006-02-22,0,0,,W1204205714,SMC,2025-11-27,LIR,40,,,,,,,,,,,,MED
2025-12-01 00:00:00,781060203808,27,DW,12,B,01,271,IZAEL NICOLAS HERNANDEZ TREJO ,1D,ACTIVO,RDV907 ,2,F623,24NY,2025-03-01,2025-03-19,37693,0,,W1204195635,SMC,2025-11-20,LIR,47,2025-03-20 15:30:33,2751,R,9ND1X,RDV907 ,39289,Nor,  ,,FR,S,MED
2025-12-01 00:00:00,781060502449,37,DW,12,B,01,038,CORDOVA LAZARO SARA           ,1D,CORTADO,72H9D4 ,1,F12H,09KU,2006-05-01,2006-05-25,0,0,,W1204204323,SMC,2025-11-26,LIR,41,,,,,,,,,,,,MED
2025-12-01 00:00:00,781060504352,37,DW,12,B,01,038,LOPEZ MENDOZA ROMAN           ,1D,CORTADO,AWU710 ,1,F123,22NX,2023-03-01,2023-03-27,29071,91,,W1204204324,SMC,2025-11-26,LIR,41,,,,,,,,,,,,MED
2025-12-01 00:00:00,781060505839,37,DW,12,B,01,038,CADU INMOBILIARIA SA DE CV    ,1D,ACTIVO,YJ243P ,2,F623,21NU,2025-11-01,2025-09-25,12221,529,,W1204204317,SMC,2025-11-26,LIR,41,2025-11-26 08:10:55,3702,M,GA4GN,YJ243P ,0,Nor,53,UI SERV DIRECTO,53,S,MED
2025-12-01 00:00:00,781060506801,37,DW,12,B,01,038,KANTUN REJON OSCAR DAVID      ,1D,CORTADO,78H5D5 ,1,F12H,09KU,2025-11-01,2025-11-26,42379,0,,W1204204318,SMC,2025-11-26,LIR,41,2025-11-26 08:51:55,3702,M,GA4GN,78H5D5 ,0,Nor,32,UI DERIVACION,32,S,MED
2025-12-01 00:00:00,781060801667,20,DW,12,C,01,202,NIETO ORTEGA MARIA LAURA      ,1D,ACTIVO,1W19F7 ,2,F621,04F3,2009-10-01,2009-11-05,1,0,,W1204166378,SM3,2025-10-27,WAC,71,,,,,,,,,,,,CCC
2025-12-01 00:00:00,781070104921,35,DW,12,B,01,035,CAAMAL CASTILLO JOSE GUALBERTO,1D,ACTIVO,231MP4 ,2,F622,12LJ,2006-11-01,2007-01-25,1,0,,W1204203262,SMG,2025-11-26,LIR,41,,,,,,,,,,,,MED
2025-12-01 00:00:00,781070404089,35,DW,12,B,01,036,GONZALEZ BURGOS WILLIANS A    ,1D,ACTIVO,0AAM00 ,2,F623,25NY,2025-07-01,2025-07-24,25890,202,,W1204203274,SMC,2025-11-26,LIR,41,,,,,,,,,,,,MED
2025-12-01 00:00:00,781071003100,30,DW,12,B,01,304,ALBORNOZ CHAN CARLOS ALBERTO  ,1D,ACTIVO,51H8D6 ,1,F12H,09KU,2007-10-01,2007-10-28,0,0,,W1204164125,SM3,2025-10-24,WAB,74,,,,,,,,,,,,CCC
2025-12-01 00:00:00,781071006699,32,DW,12,C,01,324,PANTY CHAY MIGUEL             ,1D,ACTIVO,33PF22 ,2,F621,07F3,2025-12-01,2025-08-21,43891,521,,W1204153410,SM3,2025-10-16,CDV,82,2025-12-22 12:06:59,3203,M,9P120,33PF22 ,0,Nor,56,NO HAY MEDIDOR,56,S,CCC
2025-12-01 00:00:00,781071104992,32,DW,12,C,01,324,SOLIS CAMACHO TITO            ,1D,ACTIVO,HYU304 ,2,F623,23NU,2023-08-01,2023-08-22,49700,806,,W1204174692,SM3,2025-11-03,CDU,64,,,,,,,,,,,,CCC
2025-12-01 00:00:00,781071212990,27,DW,12,B,01,271,CAUICH CACH FREDDY ANTONIO    ,1D,ACTIVO,95PK36 ,2,F621,07F3,2025-11-01,2025-09-18,46501,773,,W1204195626,SMG,2025-11-20,LIR,47,2025-11-19 11:14:10,2701,M,GA4GN,95PK36 ,0,Nor,60,MEDID NO TRABAJA,60,S,MED
2025-12-01 00:00:00,781080302853,21,DW,12,B,01,022,ALVAREZ ESPINOSA JUAN GREGORIO,1D,ACTIVO,71EU11 ,1,F121,07JL,2025-11-01,2025-11-13,34975,196,,W1204158342,SM3,2025-10-20,CDX,78,2025-11-13 14:29:05,2101,L,GAX2M,71EU11 ,196,Nor,  ,,FR,S,CCC
2025-12-01 00:00:00,781080400111,36,DW,12,B,03,360,SILVA RIZO GUADALUPE          ,1D,ACTIVO,N889DK ,2,F622,18LM,2025-12-01,2025-12-26,34687,2663,,W1204163968,SMC,2025-10-24,LIR,74,2025-12-26 08:47:41,3626,L,9NCWL,N889DK ,1562,Opt,  ,,,,MED
2025-12-01 00:00:00,781080401762,29,DW,12,B,01,291,XOOL VALINO ISELA GUADALUPE   ,1D,ACTIVO,J286PK ,2,F622,17LM,2025-11-01,2025-11-20,91351,2243,,W1204176062,SM3,2025-11-04,WAB,63,,,,,,,,,,,,CCC
2025-12-01 00:00:00,781080702134,29,DW,12,B,01,290,NOH NOH PAULINO               ,1D,ACTIVO,53D8D8 ,2,F421,08KF,2025-11-01,2025-09-19,12389,205,,W1204200433,SM2,2025-11-24,12B,43,2025-11-20 14:39:37,2901,L,GATKM,53D8D8 ,99902,Nor,  ,,FR,S,GSC
2025-12-01 00:00:00,781080901749,29,DW,12,B,01,291,MARIA DE JESUS GOMEZ          ,1D,ACTIVO,948RL8 ,1,F122,12LH,2025-11-01,2025-09-19,23795,304,,W1204197346,SMC,2025-11-21,LIR,46,2025-11-20 11:09:48,2902,L,GATKM,948RL8 ,0,Nor,65,UI MED INVERTIDO,65,S,MED
2025-12-01 00:00:00,781081105377,34,DW,12,C,01,344,MOCTEZUMA PECINA ANTONIA E    ,1D,ACTIVO,279JJB ,2,F622,15LM,2025-12-01,2025-12-23,24149,1157,,W1204162103,SMC,2025-10-22,LIR,76,2025-12-23 10:06:07,3403,L,GAALN,279JJB ,573,Opt,  ,,,,MED
2025-12-01 00:00:00,781090100566,40,DW,12,B,03,401,DZUL CANCHE JORGE             ,1D,CORTADO,89A4N1 ,1,F121,08JL,2025-12-01,2025-08-27,50999,568,,W1204168359,SMC,2025-10-28,LIR,70,2025-12-29 07:21:27,4027,L,GATKM,89A4N1 ,0,Nor,56,NO HAY MEDIDOR,56,S,MED
2025-12-01 00:00:00,781090200927,28,DW,12,B,01,282,AKE KANTUN JUAN GABRIEL       ,1D,ACTIVO,03TK89 ,1,F121,08JL,2025-12-01,2025-12-18,27038,459,,W1204148736,SM3,2025-10-13,WAB,85,2025-12-18 11:11:45,2801,M,GAX2M,03TK89 ,459,Nor,  ,,,,CCC
2025-12-01 00:00:00,781091003394,19,DW,12,B,01,019,BELLO NAVARRO AGUSTIN         ,1D,CORTADO,DXK721 ,1,F123,22NX,2023-11-01,2023-11-13,680,0,,W1204187776,SMC,2025-11-13,LIR,54,,,,,,,,,,,,MED
2025-12-01 00:00:00,781100800855,29,DW,12,B,01,291,JIMENEZ PINA YANETH           ,02,ACTIVO,04E82E ,2,F62H,10KN,2025-11-01,2025-05-21,50960,1,,W1204197345,SMG,2025-11-21,LIR,46,2025-11-20 10:29:11,2902,L,GATKM,04E82E ,0,Nor,60,MEDID NO TRABAJA,60,S,MED
2025-12-01 00:00:00,781100801762,03,DW,12,B,03,030,HAY CANCHE MANUEL DE JESUS    ,1D,ACTIVO,68N6V4 ,2,F62H,09KN,2026-01-01,2025-12-30,12306,0,,W1204173141,SMC,2025-10-31,LIR,67,,,,,,,,,,,,MED
2025-12-01 00:00:00,781101201173,32,DW,12,C,01,325,ORTIZ VILCHIS OFELIA          ,1D,ACTIVO,22E69N ,2,F62H,10KN,2025-12-01,2024-04-19,54607,744,,W1204194404,SM3,2025-11-19,WAB,48,2025-12-22 09:47:43,3204,M,9NCWY,22E69N ,0,Nor,59,DISPLAY APAGADO,59,S,CCC
2025-12-01 00:00:00,781110502933,12,DW,12,B,01,120,CAHUN CHAN MARCOS             ,1D,ACTIVO,89H46M ,2,F62H,10KN,2025-12-01,2025-12-08,72137,938,,W1204141768,SM3,2025-10-08,WAB,90,2025-12-08 15:10:34,1201,M,GATKM,89H46M ,938,Opt,  ,,,,CCC
2025-12-01 00:00:00,781110503689,16,DW,12,C,01,162,RODRIGUEZ MAGAANA SALOMON     ,1D,ACTIVO,EM166D ,2,F623,19NU,2019-12-01,2019-12-06,3972,1,,W1204147244,SM3,2025-10-12,CDA,86,,,,,,,,,,,,CCC
2025-12-01 00:00:00,781110506882,26,DW,12,B,01,263,AVALOS GONZALEZ MIGUEL ANGEL  ,1D,ACTIVO,525EBT ,2,F622,15LM,2017-11-01,2015-11-07,5951,128,,W1204155058,SMG,2025-10-17,LIR,81,,,,,,,,,,,,MED
2025-12-01 00:00:00,781110700611,35,DW,12,B,01,036,HERNANDEZ GUZMAN GUADALUPE    ,1D,ACTIVO,58E92N ,2,F62H,10KN,2025-11-01,2025-09-24,39560,556,,W1204196148,SMC,2025-11-20,CDF,47,2025-11-25 10:13:33,3502,M,GAX2M,58E92N ,0,Nor,53,UI SERV DIRECTO,53,S,MED
2025-12-01 00:00:00,781110701421,29,DW,12,B,01,290,ABAD AQUINO GABRIELA          ,1D,ACTIVO,84U5H5 ,2,F62H,09KN,2025-11-01,2025-09-19,21484,80,,W1204197339,SMG,2025-11-21,LIR,46,2025-11-20 08:34:59,2901,L,9BBLY,84U5H5 ,0,Nor,60,MEDID NO TRABAJA,60,S,MED
2025-12-01 00:00:00,781111001644,16,DW,12,C,01,162,VASQUEZ COBOS LORENA          ,1D,ACTIVO,33T30D ,2,F62H,10KN,2025-12-01,2025-12-10,24241,93,,W1204145847,SM3,2025-10-10,WAB,88,2025-12-10 10:58:09,1603,M,GAKFM,33T30D ,93,Opt,  ,,,,CCC
2025-12-01 00:00:00,781111004490,16,DW,12,C,01,162,COCON CHAN MARCELO            ,1D,ACTIVO,840JHJ ,2,F622,15LM,2015-12-01,2015-12-09,3902,81,,W1204164572,SM3,2025-10-24,WAC,74,,,,,,,,,,,,CCC
2025-12-01 00:00:00,781111201171,20,DW,12,C,01,201,SAENZ PEREZ LUIS DE JESUS     ,1D,ACTIVO,51DX21 ,2,F621,06F3,2025-12-01,2025-12-12,23292,4,,W1204149964,SMC,2025-10-14,LIR,84,2025-12-12 09:36:25,2002,M,GAA7N,51DX21 ,4,Nor,31,SERVICIO SIN USO,,,MED
2025-12-01 00:00:00,781120200293,21,DW,12,B,01,022,MALDONADO LOEZA ADRIANA DEL C ,1D,ACTIVO,15E69N ,2,F62H,10KN,2025-11-01,2025-07-15,52677,1095,,W1204201745,SM3,2025-11-25,CDB,42,2025-11-13 13:27:28,2101,L,GAX2M,15E69N ,0,Nor,53,UI SERV DIRECTO,53,S,CCC
2025-12-01 00:00:00,781120300182,08,DW,12,B,01,081,BALAM CHI PABLO               ,1D,ACTIVO,9R02G0 ,1,F121,04GG,2025-12-01,2025-12-04,6733,32,,W1204136001,SMC,2025-10-03,WAC,95,2025-12-04 16:47:36,0802,M,GAX2M,9R02G0 ,32,Nor,  ,,,,MED
2025-12-01 00:00:00,781120703325,20,DW,12,B,01,025,MANZANO GUTIERREZ KARLA NOEMI ,1D,ACTIVO,86EJ88 ,1,F121,07JL,2025-12-01,2025-12-12,1879,9,,W1204190037,SM3,2025-11-14,CDD,53,2025-12-12 09:17:53,2001,L,GATKM,86EJ88 ,9,Nor,31,SERVICIO SIN USO,,,CCC
2025-12-01 00:00:00,781121201145,27,DW,12,B,01,271,CEN PECH JORGE ALFREDO        ,1D,ACTIVO,364MW3 ,2,F622,12LJ,2025-11-01,2025-09-18,19034,460,,W1204195627,SMG,2025-11-20,LIR,47,2025-11-19 11:14:43,2701,M,GA4GN,364MW3 ,0,Nor,64,P. INFRARROJO/MED. D,64,S,MED
2025-12-01 00:00:00,781130200267,36,DW,12,B,01,362,RODRIGUEZ HERNANDEZ JOSE LUIS ,1D,ACTIVO,UL212F ,2,F623,21NY,2025-12-01,2025-12-26,3501,0,,W1204184368,SM3,2025-11-11,WAA,56,2025-12-26 10:34:36,3602,L,GAX2M,UL212F ,0,Opt,31,SERVICIO SIN USO,,,CCC
2025-12-01 00:00:00,781130200372,29,DW,12,B,01,292,HERNANDEZ LOPEZ ELENA         ,1D,ACTIVO,DXP768 ,1,F123,22NX,2024-01-01,2024-01-19,29168,0,,W1204197348,SMC,2025-11-21,LIR,46,2024-01-19 14:50:21,2902,L,GAD1M,DXP768 ,0,Nor,51,NO ENCONTRE DOMI,,,MED
2025-12-01 00:00:00,781130202987,38,DW,12,B,01,381,MONJARAZ ECHAZARRETA LINDA LUC,1D,ACTIVO,X342UK ,2,F622,19LM,2019-12-01,2019-12-27,4582,0,,W1204166177,SMC,2025-10-27,LIR,71,,,,,,,,,,,,MED
2025-12-01 00:00:00,781130203428,36,DW,12,B,01,362,GONZALEZ TOMAS NERI ARAON     ,1D,ACTIVO,482MP9 ,2,F622,12LJ,2025-12-01,2025-12-26,47213,1118,,W1204152030,SM3,2025-10-15,CDA,83,2025-12-26 09:22:48,3602,L,GAX2M,482MP9 ,1118,Opt,  ,,,,CCC
2025-12-01 00:00:00,781131001870,22,DW,12,C,01,221,FERNANDEZ TORRES ESMERALDA    ,1D,ACTIVO,0AUR54 ,2,F623,25P2,2025-12-01,2025-12-15,130,130,,W1204180956,SM3,2025-11-07,WAB,60,2025-12-15 11:04:54,2202,L,GAALN,0AUR54 ,130,Opt,  ,,,,CCC
2025-12-01 00:00:00,781131101645,22,DW,12,C,01,224,GARCIA GOMEZ PEDRO            ,1D,ACTIVO,657B9N ,2,F622,13LM,2025-12-01,2025-12-15,15949,350,,W1204186574,SM3,2025-11-12,CDL,55,2025-12-15 08:35:47,2204,L,GAKFM,657B9N ,350,Opt,  ,,,,CCC
2025-12-01 00:00:00,781140300367,33,DW,12,B,01,034,BARRIOS DIAZ ARTEMIO          ,1D,ACTIVO,683WG2 ,1,F122,13LN,2025-11-01,2025-07-23,23426,527,,W1204201469,SMC,2025-11-25,LIR,42,2025-11-24 11:42:02,3302,L,9MCB5,683WG2 ,0,Nor,53,UI SERV DIRECTO,53,S,MED
2025-12-01 00:00:00,781140600336,35,DW,12,B,01,036,CANO POOL ROSALBA             ,1D,ACTIVO,35GV14 ,1,F121,07JL,2025-11-01,2025-09-24,13816,31,,W1204203279,SMC,2025-11-26,LIR,41,2025-11-25 11:24:56,3502,M,GAX2M,35GV14 ,0,Nor,53,UI SERV DIRECTO,53,S,MED
2025-12-01 00:00:00,781140700888,05,DW,12,B,03,052,CENTENO   DAVID               ,1D,ACTIVO,W384TB ,1,F122,19LN,2020-02-01,2020-02-25,1,0,,W1204175573,SMC,2025-11-04,LIR,63,,,,,,,,,,,,MED
2025-12-01 00:00:00,781140800637,17,DW,12,B,01,018,GOMEZ LOPEZ JOSE ANTONIO      ,1D,ACTIVO,86E51D ,2,F62H,10KN,2025-11-01,2025-09-09,23430,517,,W1204185120,SMC,2025-11-11,LIR,56,2025-11-11 14:48:19,1702,M,GAX2M,86E51D ,0,Nor,53,UI SERV DIRECTO,53,S,MED
2025-12-01 00:00:00,781150202002,40,DW,12,B,03,400,MEZA ECHEVERRIA SANDRA        ,1D,ACTIVO,544VC9 ,2,F622,12LJ,2025-12-01,2025-12-29,16122,678,,W1204168357,SMG,2025-10-28,LIR,70,2025-12-29 12:59:56,4026,M,9NCWM,544VC9 ,678,Opt,  ,,,,MED
2025-12-01 00:00:00,781150300659,09,DW,12,B,03,093,GONZALEZ OSORIO LILIANA       ,1D,CORTADO,395H3A ,1,F122,13LN,2025-11-01,2023-09-07,22299,1376,,W1204178269,SMC,2025-11-05,LIR,62,2025-11-05 13:01:03,0926,M,GADWM,395H3A ,0,Nor,53,UI SERV DIRECTO,53,S,MED
2025-12-01 00:00:00,781150302562,40,DW,12,B,03,400,RUIZ RAMIREZ MARIA DEL CARMEN ,1D,ACTIVO,853MV2 ,2,F622,12LJ,2015-02-01,2015-03-12,0,0,,W1204168353,SMG,2025-10-28,LIR,70,,,,,,,,,,,,MED
2025-12-01 00:00:00,781150303763,40,DW,12,B,03,400,TORRES JUAREZ JAIME           ,1D,ACTIVO,59E97N ,2,F62H,10KN,2025-12-01,2025-04-25,32491,716,,W1204168352,SMG,2025-10-28,LIR,70,2025-12-29 11:16:22,4026,M,9NCWM,59E97N ,0,Nor,60,MEDID NO TRABAJA,60,S,MED
2025-12-01 00:00:00,781150304140,09,DW,12,B,03,093,BLANCO AVELINO LILIANA        ,1D,ACTIVO,171RN4 ,1,F122,12LH,2025-11-01,2023-05-05,4470,0,,W1204178270,SMC,2025-11-05,LIR,62,2025-11-05 12:56:39,0926,M,GADWM,171RN4 ,0,Nor,53,UI SERV DIRECTO,53,S,MED
2025-12-01 00:00:00,781150502243,27,DW,12,B,01,271,CHAVEZ GOMEZ MARTHA ELENA     ,1D,ACTIVO,579H2A ,1,F122,13LN,2025-11-01,2025-11-19,20554,827,,W1204157833,SM3,2025-10-20,WAB,78,2025-11-19 07:53:37,2701,M,GA4GN,579H2A ,350,Opt,  ,,,,CCC
2025-12-01 00:00:00,781150502570,36,DW,12,B,03,360,VALENCIA MOO FABIOLA          ,1D,ACTIVO,710G6N ,2,F622,13LM,2025-12-01,2025-12-26,50597,2332,,W1204164554,SMC,2025-10-24,LIR,74,2025-12-26 09:09:13,3626,L,9NCWL,710G6N ,1406,Nor,  ,,,,MED
2025-12-01 00:00:00,781100701512,21,DW,12,B,01,022,NINO GOMEZ MANUEL ALEJANDRO   ,1D,ACTIVO,48H5M0 ,1,F12H,09KU,2025-11-01,2025-11-13,43841,806,,W1204203504,SM3,2025-11-26,CDW,41,,,,,,,,,,,,CCC
2025-12-01 00:00:00,781100600287,14,DW,12,B,01,141,SALAZAR MARIN DANESA LISSET   ,1D,ACTIVO,JCM482 ,2,F623,23NU,2025-12-01,2025-12-09,11393,745,,W1204182990,S05,2025-11-10,WAB,57,2025-12-09 09:23:53,1401,M,GAX2M,JCM482 ,745,Opt,  ,,,,CCC
2025-12-01 00:00:00,781070703019,35,DW,12,B,01,036,VELLOS CAHUM SANTA JOAQUINA   ,1D,ACTIVO,33GV16 ,1,F121,07JL,2025-11-01,2025-09-24,24289,176,,W1204203277,SMC,2025-11-26,LIR,41,2025-11-25 11:20:48,3502,M,GAX2M,33GV16 ,0,Nor,65,UI MED INVERTIDO,65,S,MED
2025-12-01 00:00:00,781070702152,35,DW,12,B,01,036,PEREZ MARTINEZ CIPRIANO       ,1D,ACTIVO,32GV76 ,1,F121,07JL,2025-11-01,2025-11-25,39098,118,,W1204155002,SM3,2025-10-17,CDK,81,2025-11-25 12:05:02,3502,M,GAX2M,32GV76 ,118,Nor,  ,,FR,S,CCC
2025-12-01 00:00:00,781060700631,05,DW,12,A,01,051,ARRENDADORA INTERACTIVA SA CV ,02,ACTIVO,057AB5 ,3,FD2H,11KV,2026-01-01,2026-01-02,89590,0,,W1204171157,SMG,2025-10-29,12A,69,,,,,,,,,,,,MED
2025-12-01 00:00:00,781150700517,03,DW,12,B,03,030,MAY MUKUL MARCELINO           ,1D,ACTIVO,NK341Y ,2,F623,20NU,2024-03-01,2024-02-28,19344,853,,W1204194107,SM3,2025-11-19,WAB,48,,,,,,,,,,,,CCC
2025-12-01 00:00:00,781150800414,03,DW,12,B,03,030,DE LEON ALVARADO LUCIA        ,1D,ACTIVO,89C7F7 ,2,F621,08KG,2026-01-01,2025-12-30,16901,189,,W1204151812,SM3,2025-10-15,CDP,83,,,,,,,,,,,,CCC
2025-12-01 00:00:00,781150801658,36,DW,12,B,01,361,VENTURA ALVARADO ESMERALDA    ,1D,ACTIVO,YC497N ,2,F623,21NU,2025-12-01,2025-10-23,7795,56,,W1204195262,SM3,2025-11-19,CDV,48,2025-12-26 18:37:00,3601,L,GA4GN,YC497N ,0,Nor,60,MEDID NO TRABAJA,60,S,CCC
2025-12-01 00:00:00,781150802387,01,DW,12,B,03,010,YEH CANCHE JOSE ALFREDO       ,1D,ACTIVO,UK996Y ,2,F623,21NY,2023-07-01,2023-06-30,13941,0,,W1204171845,SMC,2025-10-30,LIR,68,,,,,,,,,,,,MED
2025-12-01 00:00:00,781150900877,27,DW,12,B,01,271,POOT BALAM MARIA DE LOURDES   ,1D,CORTADO,893FVH ,2,F622,15LM,2025-11-01,2025-09-18,31095,683,,W1204195624,SMC,2025-11-20,LIR,47,2025-11-19 08:19:42,2701,M,GA4GN,893FVH ,0,Nor,53,UI SERV DIRECTO,53,S,MED
2025-12-01 00:00:00,781160203589,35,DW,12,B,01,036,CHE GARCIA TERESITA           ,1D,ACTIVO,TU173E ,1,F123,21NX,2025-11-01,2025-09-24,2937,132,,W1204203273,SMC,2025-11-26,LIR,41,2025-11-25 10:06:22,3502,M,GAX2M,TU173E ,0,Nor,53,UI SERV DIRECTO,53,S,MED
2025-12-01 00:00:00,781160300720,21,DW,12,B,01,024,MONTOYA RAMOS JOSUE           ,1D,ACTIVO,ML455A ,2,F623,20NU,2021-11-01,2021-11-12,11403,0,,W1204189109,SMC,2025-11-14,LIR,53,,,,,,,,,,,,MED
2025-12-01 00:00:00,781160301122,36,DW,12,B,01,363,REYNA JIMENEZ LETICIA         ,1D,CORTADO,EM945C ,2,F623,19NU,2024-06-01,2024-06-25,22383,0,,W1204163955,SMC,2025-10-24,LIR,74,,,,,,,,,,,,MED
2025-12-01 00:00:00,781160302455,21,DW,12,B,01,022,POOL POOL JOSEFA              ,1D,ACTIVO,020FAJ ,1,F122,15LN,2025-11-01,2025-11-13,28473,840,,W1204172208,SM3,2025-10-30,WAB,68,2025-11-13 15:40:19,2101,L,GATKM,020FAJ ,840,Opt,  ,,,,CCC
2025-12-01 00:00:00,781160401313,37,DW,12,B,01,037,VAZQUEZ LAINES YONI           ,1D,ACTIVO,548EGL ,1,F122,15LN,2025-11-01,2025-09-25,14023,261,,W1204204314,SMC,2025-11-26,LIR,41,2025-11-26 10:50:32,3701,M,9NCX2,548EGL ,0,Nor,53,UI SERV DIRECTO,53,S,MED
2025-12-01 00:00:00,781160402301,01,DW,12,B,03,010,CORTAZAR RIVERA EDUARDO       ,1D,ACTIVO,310RJ4 ,2,F622,12LJ,2026-01-01,2025-12-29,48765,847,,W1204184530,SM3,2025-11-11,WAB,56,,,,,,,,,,,,CCC
2025-12-01 00:00:00,781160502217,01,DW,12,B,03,011,PEREZ FELIX CARMEN            ,1D,ACTIVO,237MP9 ,2,F622,12LJ,2026-01-01,2025-10-29,30597,368,,W1204159865,SM3,2025-10-21,WAB,77,,,,,,,,,,,,CCC
2025-12-01 00:00:00,781160600995,19,DW,12,B,01,019,PAREDES SANCHEZ JOSE ANTONIO  ,1D,ACTIVO,043JHN ,2,F622,15LM,2025-11-01,2025-09-10,4198,47,,W1204187778,SMC,2025-11-13,LIR,54,2025-11-12 11:04:53,1902,M,GAX2M,043JHN ,0,Nor,53,UI SERV DIRECTO,53,S,MED
2025-12-01 00:00:00,781160601681,16,DW,12,C,01,162,VALLEJO ESTRELLA GUSTAVO ALONS,1D,ACTIVO,910G6E ,2,F622,13LM,2023-04-01,2023-04-10,27344,0,,W1204144375,SMC,2025-10-09,LIR,89,,,,,,,,,,,,MED
2025-12-01 00:00:00,781161200095,01,DW,12,B,03,010,GONZALES CASTILLO ADRIANA     ,1D,CORTADO,257MBR ,2,F622,16LM,2026-01-01,2025-06-27,29095,1182,,W1204171849,SMC,2025-10-30,LIR,68,,,,,,,,,,,,MED
2025-12-01 00:00:00,781170101270,38,DW,12,B,01,381,MENA NARANJO IRIS NOEMI       ,1D,ACTIVO,359VLU ,1,F122,16LN,2025-12-01,2025-10-24,15087,248,,W1204166172,SMC,2025-10-27,LIR,71,2025-12-26 11:08:58,3801,L,9MCB5,359VLU ,0,Nor,53,UI SERV DIRECTO,53,S,MED
2025-12-01 00:00:00,781170101377,38,DW,12,B,01,381,HERNANDEZ MARIA DEL CARMEN    ,1D,ACTIVO,RBP922 ,2,F623,24NY,2025-12-01,2025-10-27,6502,849,,W1204150667,SM3,2025-10-14,CDG,84,2025-12-26 15:33:19,3801,L,9P17V,RBP922 ,0,Nor,53,UI SERV DIRECTO,53,S,CCC
2025-12-01 00:00:00,781170401958,09,DW,12,B,03,093,CAAMAL CANUL MARIA WILMA      ,1D,ACTIVO,A549KT ,2,F622,16LM,2025-11-01,2025-07-07,12911,222,,W1204178267,SMC,2025-11-05,LIR,62,2025-11-05 10:08:18,0926,M,GADWM,A549KT ,0,Nor,53,UI SERV DIRECTO,53,S,MED
2025-12-01 00:00:00,781170700513,35,DW,12,B,01,035,POOL CHAN ROSA M              ,1D,ACTIVO,886RPU ,1,F122,16LN,2025-11-01,2025-11-25,7617,0,,W1204203265,SMC,2025-11-26,LIR,41,2025-11-25 09:46:37,3501,L,GATKM,886RPU ,0,Opt,32,UI DERIVACION,32,S,MED
2025-12-01 00:00:00,781170800658,27,DW,12,B,01,271,USCANGA HERRERA ANGELICA      ,1D,ACTIVO,G409MA ,2,F622,17LM,2025-11-01,2025-09-18,22982,601,,W1204195625,SMC,2025-11-20,LIR,47,2025-11-19 09:45:27,2701,M,GA4GN,G409MA ,0,Nor,53,UI SERV DIRECTO,53,S,MED
2025-12-01 00:00:00,781180200209,01,DW,12,B,03,011,ROMAN HERNANDEZ ANABELLY      ,1D,ACTIVO,19N38N ,2,F62H,10KN,2026-01-01,2025-08-28,51486,1277,,W1204171853,SMC,2025-10-30,LIR,68,,,,,,,,,,,,MED
2025-12-01 00:00:00,781180401514,21,DW,12,B,01,024,MAY MARTINEZ JOSE ALFONSO     ,1D,ACTIVO,M602RG ,2,F622,17LM,2025-11-01,2025-09-11,27340,905,,W1204189111,SMC,2025-11-14,LIR,53,2025-11-13 09:06:46,2103,M,GAE2M,M602RG ,0,Nor,53,UI SERV DIRECTO,53,S,MED
2025-12-01 00:00:00,781180500628,29,DW,12,B,01,292,MORALES SANTIZO ROSALVA MARIA ,1D,ACTIVO,522GJ6 ,2,F622,12LJ,2025-11-01,2025-09-19,38779,1036,,W1204197347,SMG,2025-11-21,LIR,46,2025-11-20 07:57:58,2903,M,9NCX2,522GJ6 ,0,Nor,60,MEDID NO TRABAJA,60,S,MED
2025-12-01 00:00:00,781180600070,27,DW,12,B,01,271,AGUILAR CRUZ MARIA DE LOS ANGE,1D,CORTADO,717B3X ,2,F622,13LM,2025-11-01,2025-09-18,32291,1297,,W1204195628,SMC,2025-11-20,LIR,47,2025-11-19 10:56:11,2701,M,GA4GN,717B3X ,0,Nor,53,UI SERV DIRECTO,53,S,MED
2025-12-01 00:00:00,781180600410,09,DW,12,B,03,093,CEME CAB EUNICE               ,1D,ACTIVO,FF701C ,2,F622,19MP,2025-11-01,2024-07-04,10368,898,,W1204178268,SMC,2025-11-05,LIR,62,2025-11-05 11:58:57,0926,M,GADWM,FF701C ,0,Nor,53,UI SERV DIRECTO,53,S,MED
2025-12-01 00:00:00,781190400761,36,DW,12,B,01,363,COTO PEREZ ADELFO             ,1D,ACTIVO,JFU254 ,2,F623,23NU,2025-12-01,2025-12-26,7361,4905,,W1204163957,SMC,2025-10-24,LIR,74,2025-12-26 10:20:40,3603,M,9NCX2,JFU254 ,1921,Opt,  ,,,,MED
2025-12-01 00:00:00,781190401105,34,DW,12,B,01,341,GUERRERO CABRERA AURELIA      ,1D,ACTIVO,A542LC ,2,F622,16LM,2025-12-01,2025-12-23,39610,755,,W1204175616,SMC,2025-11-04,WAB,63,2025-12-23 06:51:53,3402,L,GATKM,A542LC ,755,Opt,  ,,,,MED
2025-12-01 00:00:00,781190701036,31,DW,12,B,01,032,VEIZA TAPIA MARIBEL           ,02,ACTIVO,V565VW ,1,F122,19LN,2025-11-01,2025-05-22,3372,186,,W1204179391,SM3,2025-11-06,WAB,61,2025-11-21 11:02:44,3102,L,9ND1X,V565VW ,0,Nor,59,DISPLAY APAGADO,59,S,CCC
2025-12-01 00:00:00,781190702326,01,DW,12,B,03,011,HERNANDEZ NOH HECTOR VIDAL    ,1D,ACTIVO,J160DX ,2,F622,17LM,2026-01-01,2025-12-29,40507,798,,W1204182909,SM3,2025-11-10,WAB,57,,,,,,,,,,,,CCC
2025-12-01 00:00:00,781191200529,01,DW,12,B,03,011,NAH CHAN PORFIRIO             ,1D,CORTADO,DW849R ,2,F623,19NU,2026-01-01,2025-08-28,16862,282,,W1204171852,SMC,2025-10-30,LIR,68,,,,,,,,,,,,MED
2025-12-01 00:00:00,781200201231,09,DW,12,B,03,093,PEREZ HERNANDEZ MA GUADALUPE  ,1D,CORTADO,EW440W ,2,F623,19NU,2025-11-01,2025-08-29,13878,1153,,W1204173140,SMC,2025-10-31,LIR,67,2025-10-30 09:14:38,0326,M,9NCX2,EW440W ,0,Nor,53,UI SERV DIRECTO,53,S,MED
2025-12-01 00:00:00,781200301724,36,DW,12,B,01,361,DIAZ CERINO LUIS MIGUEL       ,1D,ACTIVO,EW023A ,2,F622,19LM,2025-12-01,2025-12-26,15548,1696,,W1204163963,SMC,2025-10-24,LIR,74,2025-12-26 19:52:46,3601,L,9P17V,EW023A ,980,Opt,  ,,,,MED
2025-12-01 00:00:00,781201000531,36,DW,12,B,01,363,ESTRELLA CRUZ MARIA DE L      ,1D,ACTIVO,BA867W ,2,F622,19MP,2025-12-01,2025-08-25,26,0,,W1204164237,SM3,2025-10-24,CDX,74,2025-12-26 09:12:27,3603,M,9NCX2,BA867W ,0,Nor,53,UI SERV DIRECTO,53,S,CCC
2025-12-01 00:00:00,781210301790,27,DW,12,B,01,271,FELIX LOPEZ ROSAURA           ,1D,ACTIVO,RBE006 ,2,F623,24NY,2025-11-01,2025-11-19,5022,797,,W1204170957,SM3,2025-10-29,CDU,69,2025-11-19 08:38:38,2701,M,GA4GN,RBE006 ,797,Opt,  ,,,,CCC
2025-12-01 00:00:00,781210302664,27,DW,12,B,01,027,PACHECO CHUC MARIA ISELA      ,1D,BAJA,,1,,,2021-04-01,2021-04-09,228,228,,W1204150169,SMC,2025-10-14,WAB,84,,,,,,,,,,,,MED
2025-12-01 00:00:00,781210400381,21,DW,12,B,01,211,GABRIEL ESPARZA MIGUEL ERASTO ,1D,CORTADO,NK002G ,2,F623,20NU,2025-11-01,2025-09-11,9901,0,,W1204189114,SMC,2025-11-14,LIR,53,2025-11-13 16:47:00,2104,M,9P17V,NK002G ,0,Nor,53,UI SERV DIRECTO,53,S,MED
2025-12-01 00:00:00,781210401123,05,DW,12,B,03,052,GOMEZ DUENEZ DANIEL AGUSTIN   ,1D,ACTIVO,NK537W ,2,F623,20NU,2026-01-01,2026-01-03,32535,0,,W1204168897,SMC,2025-10-28,CDU,70,,,,,,,,,,,,MED
2025-12-01 00:00:00,781210402758,40,DW,12,B,03,401,HERNANDEZ GARCIA EMILIO       ,1D,ACTIVO,NK713Y ,2,F623,20NU,2025-12-01,2025-08-27,1103,79,,W1204168780,SM2,2025-10-28,SAV,70,2025-12-29 08:26:39,4027,L,GATKM,NK713Y ,99920,Opt,  ,,,,GSC
2025-12-01 00:00:00,781210900901,28,DW,12,B,01,283,ZARATE YZQUIERDO IVONNE JAQUEL,1D,ACTIVO,3M0U82 ,2,F421,01GH,2025-12-01,2025-12-18,63331,207,,W1204181149,SM2,2025-11-07,MED,60,2025-12-18 09:42:30,2802,M,9MCB5,3M0U82 ,207,Nor,  ,,FR,S,GSC
2025-12-01 00:00:00,781210901231,17,DW,12,C,01,174,FLORES MARTINEZ OSCAR ENRIQUE ,1D,ACTIVO,MB244H ,2,F623,20NU,2025-11-01,2025-11-13,4929,8,,W1204185791,SMG,2025-11-12,LIR,55,2025-11-11 10:40:02,1702,M,9P120,MB244H ,0,Opt,60,MEDID NO TRABAJA,60,S,MED
2025-12-01 00:00:00,781211200431,07,DW,12,B,01,070,HERNANDEZ BAUTISTA CHUNMAY ALE,1D,ACTIVO,YH481H ,2,F623,21NU,2026-01-01,2026-01-05,18101,821,,W1204140845,SM3,2025-10-07,CDG,91,,,,,,,,,,,,CCC
2025-12-01 00:00:00,781220100725,35,DW,12,B,01,035,TUZ KU RUSSELL E              ,1D,ACTIVO,XE999V ,1,F123,21NT,2025-11-01,2025-11-25,9840,0,,W1204203268,SMC,2025-11-26,LIR,41,2025-11-25 11:31:39,3501,L,GATKM,XE999V ,0,Nor,32,UI DERIVACION,32,S,MED
2025-12-01 00:00:00,781220100962,09,DW,12,B,03,093,YETEZ PARRA ADOLFO            ,1D,ACTIVO,YJ318P ,2,F623,21NU,2025-11-01,2025-11-05,7687,403,,W1204136357,SMC,2025-10-03,CDC,95,2025-11-05 10:31:54,0926,M,GADWM,YJ318P ,403,Opt,  ,,,,MED
2025-12-01 00:00:00,781220200355,37,DW,12,B,01,038,CRUZ VERA MIGUEL ANGEL        ,1D,CORTADO,XE770V ,1,F123,21NT,2025-11-01,2025-09-25,10399,503,,W1204204315,SMC,2025-11-26,LIR,41,2025-11-26 07:35:50,3702,M,GA4GN,XE770V ,0,Nor,53,UI SERV DIRECTO,53,S,MED
2025-12-01 00:00:00,781220201076,35,DW,12,B,01,035,MAY MENDOZA CARMEN            ,1D,ACTIVO,XE802V ,1,F123,21NT,2025-11-01,2025-11-25,10501,1169,,W1204203872,SM2,2025-11-26,12B,41,,,,,,,,,,,,GSC
2025-12-01 00:00:00,781220202021,34,DW,12,C,01,344,MADRID ESCOBAR BLANCA ESTELA  ,1D,ACTIVO,YJ880L ,2,F623,21NU,2025-12-01,2025-12-23,24375,1023,,W1204166590,SMC,2025-10-27,CDD,71,2025-12-23 10:52:54,3403,L,GAALN,YJ880L ,1023,Opt,  ,,,,MED
2025-12-01 00:00:00,781220300236,06,DW,12,B,01,060,HERNANDEZ BURGOS PATRICIA ESTH,1D,BAJA,,2,,,2024-09-01,2024-09-28,22219,0,,W1204176125,SMC,2025-11-04,WAA,63,,,,,,,,,,,,MED
2025-12-01 00:00:00,781220501517,21,DW,12,B,01,023,LARA ARROYO FABIAN            ,1D,CORTADO,YC402H ,2,F623,21NU,2025-11-01,2025-09-11,10941,1277,,W1204189104,SMC,2025-11-14,LIR,53,2025-11-13 12:28:02,2102,M,9NCX2,YC402H ,0,Nor,53,UI SERV DIRECTO,53,S,MED
2025-12-01 00:00:00,781220600205,21,DW,12,B,01,023,FALCON HUERTA GERARDO IVAN    ,1D,ACTIVO,YP806F ,2,F623,21NU,2025-11-01,2025-11-13,13162,765,,W1204195920,SM3,2025-11-20,CDL,47,,,,,,,,,,,,CCC
2025-12-01 00:00:00,781220601074,21,DW,12,B,01,023,GUTIERREZ GONZALEZ ORTEGA SERG,1D,ACTIVO,YC123L ,2,F623,21NU,2025-11-01,2024-11-13,1225,145,,W1204189106,SMC,2025-11-14,LIR,53,2025-11-13 12:15:58,2102,M,9NCX2,YC123L ,0,Nor,53,UI SERV DIRECTO,53,S,MED
2025-12-01 00:00:00,781220801120,21,DW,12,B,01,023,REJON LUGO CLEYVER JONATHAN   ,1D,SUJETO A CORTE,BA071X ,2,F622,19MP,2025-11-01,2025-09-11,16970,1012,,W1204189107,SMC,2025-11-14,LIR,53,2025-11-13 11:21:38,2102,M,9NCX2,BA071X ,0,Nor,53,UI SERV DIRECTO,53,S,MED
2025-12-01 00:00:00,781220801294,36,DW,12,B,01,364,MENDOZA REGUERA BERTOLDINO    ,1D,ACTIVO,NL782A ,2,F623,20NU,2023-04-01,2023-04-25,30,3,,W1204164303,SMC,2025-10-24,SAV,74,,,,,,,,,,,,MED
2025-12-01 00:00:00,781221102314,19,DW,12,B,01,019,CASTILLO BARRON FELIPE DE JESU,1D,CORTADO,DBU337 ,2,F623,22NU,2025-11-01,2024-03-12,2904,395,,W1204187779,SMC,2025-11-13,LIR,54,2025-11-12 14:20:40,1902,M,GAX2M,DBU337 ,0,Nor,53,UI SERV DIRECTO,53,S,MED
2025-12-01 00:00:00,781230200213,40,DW,12,B,03,400,GONZALEZ VAZQUEZ GEMIMA       ,1D,ACTIVO,RCL615 ,2,F623,24NY,2025-04-01,2025-04-23,21808,1890,,W1204205185,SM3,2025-11-27,WAD,40,,,,,,,,,,,,CCC
2025-12-01 00:00:00,781230200558,11,DW,12,B,01,110,DZUL HOIL CRISTY CAROLINA     ,1D,ACTIVO,6DVV82 ,2,F623,25NY,2025-09-01,2025-09-04,7229,1686,,W1204157716,SM3,2025-10-20,WAA,78,,,,,,,,,,,,CCC
2025-12-01 00:00:00,781230701026,31,DW,12,B,01,032,JIMENEZ GONZALEZ MARIA VIANNEY,1D,ACTIVO,NR217W ,2,F623,20NU,2025-11-01,2025-09-22,1023,0,,W1204200508,SM2,2025-11-24,SAV,43,2025-11-21 16:02:54,3102,L,GA4GN,NR217W ,99865,Opt,  ,,,,GSC
2025-12-01 00:00:00,781230801152,38,DW,12,B,03,380,DE LA CRUZ GOMEZ SAUL         ,1D,CORTADO,JAK889 ,2,F623,23NU,2025-12-01,2025-08-26,1683,123,,W1204166182,SMC,2025-10-27,LIR,71,2025-12-26 15:00:49,3826,L,GAX2M,JAK889 ,0,Nor,56,NO HAY MEDIDOR,56,S,MED
2025-12-01 00:00:00,781231002288,37,DW,12,D,04,372,AGUILAR VELASCO AUGUSTO       ,1D,ACTIVO,JBA757 ,2,F623,23NU,2025-11-01,2024-11-26,128,284,,W1204204357,SMC,2025-11-26,LIR,41,2025-11-26 16:59:51,3728,M,9ND6M,JBA757 ,0,Nor,53,UI SERV DIRECTO,53,S,MED
2025-12-01 00:00:00,781231100492,25,DW,12,B,01,026,MARTINEZ GUTIERREZ KARINA     ,1D,ACTIVO,JCW791 ,2,F623,23NU,2025-11-01,2025-09-17,12824,1018,,W1204133535,SM3,2025-10-01,CDW,97,2025-11-18 19:34:04,2502,L,9ND1X,JCW791 ,0,Nor,56,NO HAY MEDIDOR,56,S,CCC
2025-12-01 00:00:00,781231202091,33,DW,12,B,01,034,CABEZA DE BACA RODRIGUEZ JUAN ,1D,ACTIVO,PJV952 ,1,F123,24NX,2025-11-01,2025-06-02,0,575,,W1204201468,SMC,2025-11-25,LIR,42,2025-11-24 16:56:44,3302,L,9NCX2,PJV952 ,0,Nor,53,UI SERV DIRECTO,53,S,MED
2025-12-01 00:00:00,781240100730,03,DW,12,B,03,030,DOMINGUEZ LAZARO GUADALUPE    ,1D,ACTIVO,T375UM ,2,F622,18LM,2026-01-01,2025-12-30,7624,0,,W1204173142,SMC,2025-10-31,LIR,67,,,,,,,,,,,,MED
2025-12-01 00:00:00,781240300658,37,DW,12,B,01,038,AGUILAR CANO LUCI HERLINDA    ,1D,CORTADO,97N2F4 ,2,F62H,09KN,2025-11-01,2025-07-25,5207,806,,W1204204319,SMC,2025-11-26,LIR,41,2025-11-26 09:05:14,3702,M,GA4GN,97N2F4 ,0,Nor,53,UI SERV DIRECTO,53,S,MED
2025-12-01 00:00:00,781240800847,22,DW,12,D,04,220,ROSAS LARA LETICIA DOLORES    ,1D,ACTIVO,RDE876 ,2,F623,24NY,2025-12-01,2025-12-15,3291,248,,W1204150761,SMC,2025-10-14,LIR,84,2025-12-15 10:32:48,2226,M,GA4HN,RDE876 ,248,Opt,  ,,,,MED
2025-12-01 00:00:00,781250102625,21,DW,12,B,01,023,SOLANO MENDEZ JUAN CARLOS     ,1D,CORTADO,RBP604 ,2,F623,24NY,2025-11-01,2025-07-15,1291,464,,W1204189105,SMC,2025-11-14,LIR,53,2025-11-13 12:13:34,2102,M,9NCX2,RBP604 ,0,Nor,53,UI SERV DIRECTO,53,S,MED
2025-12-01 00:00:00,781250301121,01,DW,12,B,03,010,NARCIZO CALIXTO OCTAVIO       ,1D,ACTIVO,RCL364 ,2,F623,24NY,2026-01-01,2025-12-29,974,974,,W1204171848,SMC,2025-10-30,LIR,68,,,,,,,,,,,,MED
2025-12-01 00:00:00,781250600111,23,DW,12,B,01,023,SALGADO MARTINEZ EVENCIA      ,1D,ACTIVO,0AAX82 ,2,F623,25NY,2025-11-01,2025-09-12,136,68,,W1204166272,SM3,2025-10-27,WAB,71,2025-11-14 09:30:07,2301,L,9NCWM,0AAX82 ,0,Nor,56,NO HAY MEDIDOR,56,S,CCC
2025-12-01 00:00:00,781250600692,21,DW,12,B,01,211,SANCHEZ LOPEZ MAXIMINO        ,1D,ACTIVO,N692JL ,2,F622,18LM,2025-11-01,2025-09-11,504,252,,W1204189115,SMC,2025-11-14,LIR,53,2025-11-13 16:31:31,2104,M,9P17V,N692JL ,0,Nor,53,UI SERV DIRECTO,53,S,MED
2025-12-01 00:00:00,781850700020,08,DW,12,B,01,080,LEONARDO BACAB LOPEZ          ,1D,ACTIVO,2DVD61 ,2,F623,25NY,2025-12-01,2025-12-04,2258,5569,,W1204162646,SM3,2025-10-23,CDW,75,2025-12-04 10:48:32,0801,L,GATKM,2DVD61 ,2258,Opt,  ,,,,CCC
2025-12-01 00:00:00,781870400421,14,DW,12,B,01,142,JOSE ELADIO TORRES PEREZ      ,1D,ACTIVO,L846FH ,1,F122,18LN,2025-12-01,2025-12-09,20177,1622,,W1204159490,SM2,2025-10-21,WAB,77,2025-12-09 11:13:44,1402,M,9NCX2,L846FH ,1622,Opt,  ,,,,GSC
2025-12-01 00:00:00,781880700130,18,DW,12,B,01,220,JOSE LUIS BUSTOS CASTRO       ,02,ACTIVO,78T46C ,2,F62H,10KN,2025-12-01,2025-08-12,17374,136,,W1204147952,SMC,2025-10-13,LIR,85,2025-12-11 14:25:13,1801,M,9NCX2,78T46C ,0,Nor,53,UI SERV DIRECTO,53,S,MED
2025-12-01 00:00:00,781890100335,12,DW,12,B,01,121,BRICENO CAMARA PEDRO          ,1D,ACTIVO,073X1D ,1,F622,14LM,2025-12-01,2025-12-08,48886,403,,W1204133354,SM2,2025-10-01,CDL,97,2025-12-08 07:44:05,1202,M,GATKM,073X1D ,403,Opt,  ,,,,GSC
2025-12-01 00:00:00,781930300707,09,DW,12,B,01,090,COUOH COUOH JORGE ISMAEL      ,1D,ACTIVO,40H1M7 ,1,F12H,09KU,2025-11-01,2025-05-06,20629,294,,W1204155609,SM2,2025-10-17,WAB,81,2025-11-05 09:33:32,0901,M,9NCX2,40H1M7 ,0,Nor,53,UI SERV DIRECTO,53,S,GSC
2025-12-01 00:00:00,781941200054,18,DW,12,B,01,220,CARLOS M  MARQUEZ SANCHEZ     ,1D,ACTIVO,W88H68 ,1,F121,94F5,2025-12-01,2025-12-11,62848,26,,W1204162878,SM2,2025-10-23,WAB,75,2025-12-11 11:04:54,1801,M,9NCX2,W88H68 ,26,Nor,  ,,FR,S,GSC
2025-12-01 00:00:00,781951200664,15,DW,12,B,01,015,ESTRUC METALICAS DE CAN SA CV ,02,ACTIVO,890RRX ,3,FD22,16LR,2025-11-01,2025-07-10,35558,903,,W1204184648,SM2,2025-11-11,12A,56,2025-11-10 08:47:17,1501,M,9NCX2,890RRX ,0,Nor,59,DISPLAY APAGADO,59,S,GSC
2025-12-01 00:00:00,781951200737,13,DW,12,B,01,130,WILMA PATRON                  ,1D,ACTIVO,7AAW52 ,2,F623,25NY,2025-09-01,2025-09-05,10088,1935,,W1204184807,SMC,2025-11-11,12A,56,2025-09-06 12:34:09,1351,R,9P17V,7AAW52 ,10087,Nor,44,NUM MEDID DESIGU,44,S,MED
2025-12-01 00:00:00,781960502916,19,DW,12,B,01,018,MARISELA POMPEYO S            ,1D,ACTIVO,F871V7 ,1,F121,95F5,2025-11-01,2025-11-12,14229,1782,,W1204168706,SM3,2025-10-28,WAB,70,2025-11-12 08:10:07,1901,L,GATKM,F871V7 ,1782,Nor,  ,,FR,S,CCC
2025-12-01 00:00:00,781970303024,15,DW,12,B,01,015,ZAPATA GALAZ ROSA MARINA      ,1D,ACTIVO,DXN504 ,1,F123,22NX,2025-11-01,2025-09-08,33979,979,,W1204184248,SMC,2025-11-11,LIR,56,2025-11-10 10:16:26,1501,M,9NCX2,698TY0 ,0,Nor,53,UI SERV DIRECTO,53,S,MED
2025-12-01 00:00:00,781970401930,19,DW,12,B,01,018,JOSE VALDEZ PECH              ,1D,CORTADO,MF548T ,2,F623,20NU,2025-11-01,2025-09-10,22758,1074,,W1204187773,SMC,2025-11-13,LIR,54,2025-11-12 09:49:20,1901,L,GATKM,MF548T ,0,Nor,53,UI SERV DIRECTO,53,S,MED
2025-12-01 00:00:00,781970702247,13,DW,12,B,01,130,MA HERMINIA CAN COBA          ,1D,ACTIVO,1N1C54 ,2,F621,01F3,2025-11-01,2025-11-07,56145,714,,W1204205127,SM3,2025-11-27,WAB,40,2025-11-07 10:19:47,1301,M,9NCX2,1N1C54 ,1357,Nor,  ,,,,CCC
2025-12-01 00:00:00,782000555990,17,DW,12,A,01,171,FLORES ALICIA                 ,1D,ACTIVO,KKH016 ,2,F623,23NU,2025-11-01,2025-09-09,1926,214,,W1204185804,SMC,2025-11-12,LIR,55,2025-11-11 09:43:07,1702,M,GABCM,KKH016 ,0,Nor,65,UI MED INVERTIDO,65,S,MED
2025-12-01 00:00:00,782000657393,33,DW,12,A,01,331,CRUZ CHUPIN MARIA YSABEL      ,1D,ACTIVO,BE294H ,2,F623,19NV,2023-03-01,2023-03-24,6569,0,,W1204201715,SMG,2025-11-25,LIR,42,,,,,,,,,,,,MED
2025-12-01 00:00:00,782001055842,35,DW,12,A,01,353,TELEFONOS DE MEXICO SA B DE CV,02,ACTIVO,A254LC ,2,F622,16LM,2025-11-01,2025-09-24,11361,165,,W1204203571,SM2,2025-11-26,SAV,41,2025-11-25 14:14:42,3503,M,GAD0M,A254LC ,0,Nor,59,DISPLAY APAGADO,59,S,GSC
2025-12-01 00:00:00,782001056211,21,DW,12,C,01,211,ZURITA FAGOAGA MARIA DE LOURDE,1D,ACTIVO,1WW998 ,2,F421,00GH,2025-11-01,2025-11-18,69364,758,,W1204189562,SM2,2025-11-14,12C,53,2025-11-13 10:58:06,2102,M,R9895,1WW998 ,10757,Nor,  ,,FR,S,GSC
2025-12-01 00:00:00,782010304511,33,DW,12,A,01,332,MENDOZA CABRERA JOSE MANUEL   ,1D,ACTIVO,A445LC ,2,F622,16LM,2025-11-01,2025-11-26,7726,3102,,W1204201836,SM2,2025-11-25,SAV,42,2025-11-24 12:58:45,3303,M,GAD0M,A445LC ,-86954,Nor,  ,,LM,S,GSC
2025-12-01 00:00:00,782010608838,33,DW,12,A,01,332,SALMERON JUAREZ JUAN          ,1D,ACTIVO,BE172U ,2,F623,19NV,2025-11-01,2025-09-23,10739,378,,W1204203900,SMG,2025-11-26,12B,41,2025-11-24 12:32:52,3303,M,GAD0M,BE172U ,0,Nor,59,DISPLAY APAGADO,59,S,MED
2025-12-01 00:00:00,782010807563,30,DW,12,D,01,305,ARREDONDO HERNANDEZ IRMA      ,1D,ACTIVO,88C5F1 ,2,F621,08KG,2001-08-01,2001-08-29,2,0,,W1204161934,SMG,2025-10-22,12A,76,,,,,,,,,,,,MED
2025-12-01 00:00:00,782020712986,40,DW,12,A,01,401,PROMOTORA DE VIVIENDA SADASI  ,1D,ACTIVO,UN501L ,2,F623,21NY,2023-07-01,2023-06-30,40810,1859,,W1204168438,SMC,2025-10-28,LIR,70,,,,,,,,,,,,MED
2025-12-01 00:00:00,782021105501,03,DW,12,C,01,030,OSORIO CORAL CLAUDIA          ,1D,ACTIVO,04W09B ,2,F62H,11KN,2026-01-01,2025-12-30,21147,0,,W1204188203,SM3,2025-11-13,WAC,54,,,,,,,,,,,,CCC
2025-12-01 00:00:00,782021108543,36,DW,12,A,01,361,DIANA ALVARADO HDEZ           ,1D,ACTIVO,08PD30 ,2,F621,07F3,2025-12-01,2025-08-26,43291,923,,W1204166309,SMG,2025-10-27,LIR,71,2025-12-26 09:19:11,3602,M,GAFHM,08PD30 ,0,Nor,60,MEDID NO TRABAJA,60,S,MED
2025-12-01 00:00:00,782021109884,36,DW,12,A,01,361,DORBECKER CASTILLO LUIS       ,1D,ACTIVO,Y461MJ ,2,F623,19NU,2002-11-01,2002-11-27,1,0,,W1204170762,SM3,2025-10-29,CDC,69,,,,,,,,,,,,CCC
2025-12-01 00:00:00,782021201624,35,DW,12,A,01,353,REYES LUNA ALEJANDRO          ,1D,ACTIVO,468VG1 ,2,F622,12LJ,2025-11-01,2025-09-24,66287,1050,,W1204203366,SMG,2025-11-26,LIR,41,2025-11-25 09:47:13,3503,M,GAD0M,468VG1 ,0,Nor,60,MEDID NO TRABAJA,60,S,MED
2025-12-01 00:00:00,782021210216,31,DW,12,C,01,310,MALDONADO MUNOZ GRISELDA      ,1D,ACTIVO,47H1D4 ,1,F12H,09KU,2025-11-01,2025-09-22,21138,117,,W1204199447,SMC,2025-11-24,LIR,43,2025-11-21 09:56:14,3101,M,GAKFM,47H1D4 ,0,Nor,65,UI MED INVERTIDO,65,S,MED
2025-12-01 00:00:00,782021210411,39,DW,12,A,01,392,ROMERO GOZAIN BLANCA ROSA     ,1D,ACTIVO,4E05C4 ,1,F421,03GH,2025-11-01,2025-09-26,76109,1160,,W1204206032,SMC,2025-11-28,LIR,39,2025-11-27 09:27:45,3903,M,GAFHM,4E05C4 ,0,Nor,53,UI SERV DIRECTO,53,S,MED
2025-12-01 00:00:00,782030503676,38,DW,12,C,01,382,HERRERA ESCAMILLA ADIEL FCO   ,1D,ACTIVO,5E50D4 ,2,F421,03GH,2025-12-01,2025-12-26,61435,0,,W1204168894,SM2,2025-10-28,SAV,70,2025-12-26 08:54:05,3801,L,9NCWY,5E50D4 ,0,Nor,31,SERVICIO SIN USO,,,GSC
2025-12-01 00:00:00,782030607676,33,DW,12,A,01,330,MORENO VELAZQUEZ GUILLERMO A  ,1D,ACTIVO,9F46L0 ,2,F621,03F3,2025-11-01,2025-11-24,11651,1628,,W1204202055,SM2,2025-11-25,SAV,42,,,,,,,,,,,,GSC
2025-12-01 00:00:00,782031002476,31,DW,12,A,01,311,CELAYA COTERO DEMETRIO        ,1D,ACTIVO,6T600Y ,2,F621,06F3,2003-09-01,2003-10-29,0,0,,W1204200123,SMG,2025-11-24,LIR,43,,,,,,,,,,,,MED
2025-12-01 00:00:00,782031105933,23,DW,12,D,01,231,SOLANO GARCIA IGNACIA         ,1D,ACTIVO,5F10J6 ,2,F421,03GH,2025-11-01,2025-09-12,23194,1684,,W1204189812,SMC,2025-11-14,LIR,53,2025-11-14 08:00:52,2302,M,GAKFM,5F10J6 ,0,Nor,53,UI SERV DIRECTO,53,S,MED
2025-12-01 00:00:00,782031203072,23,DW,12,D,01,231,EROSA SIERRA MARIO LEANDRO    ,1D,ACTIVO,0C660T ,2,F621,05F3,2025-11-01,2025-11-14,42329,46,,W1204166365,SM3,2025-10-27,WAC,71,2025-11-14 08:12:16,2302,M,GAKFM,0C660T ,46,Nor,  ,,FR,S,CCC
2025-12-01 00:00:00,782031209119,40,DW,12,A,01,401,GOMEZ ARREOLA ZANONNI         ,1D,ACTIVO,45M6P9 ,2,F62H,09KN,2004-01-01,2003-12-27,0,0,,W1204168440,SMG,2025-10-28,LIR,70,,,,,,,,,,,,MED
2025-12-01 00:00:00,782040304507,29,DW,12,A,01,292,BERNAL ZAPATA NORMA LETICIA   ,02,ACTIVO,NL665A ,2,F623,20NU,2004-03-01,2004-03-26,0,0,,W1204176214,SMC,2025-11-04,CDF,63,,,,,,,,,,,,MED
2025-12-01 00:00:00,782040401499,38,DW,12,D,01,381,SEPULVEDA GARCIA LUIS ALBERTO ,1D,ACTIVO,2U064J ,2,F421,06GH,2004-04-01,2004-04-22,0,0,,W1204158041,SM3,2025-10-20,CDB,78,,,,,,,,,,,,CCC
2025-12-01 00:00:00,782040401766,38,DW,12,D,01,381,REYES VILLAREAL PABLO CESAR   ,1D,CORTADO,J950GC ,2,F622,17LM,2021-05-01,2021-04-29,611,204,,W1204164737,SMC,2025-10-24,LIR,74,,,,,,,,,,,,MED
2025-12-01 00:00:00,782040403777,38,DW,12,D,01,381,SANDOVAL AGUILAR RENE         ,1D,ACTIVO,357TW6 ,1,F122,12LH,2025-12-01,2025-12-26,35917,1245,,W1204146526,SMC,2025-10-11,CDU,87,2025-12-26 08:19:39,3802,L,GA4HN,357TW6 ,515,Opt,  ,,,,MED
2025-12-01 00:00:00,782040404498,29,DW,12,A,01,293,REYES ESTRADA FRANCISCO JOSE  ,1D,ACTIVO,RCH826 ,2,F623,24NY,2025-11-01,2025-05-21,1064,1123,,W1204197365,SMC,2025-11-21,LIR,46,2025-11-20 10:34:03,2901,M,GABCM,RCH826 ,0,Nor,53,UI SERV DIRECTO,53,S,MED
2025-12-01 00:00:00,782040604748,31,DW,12,A,01,311,VELASQUEZ MARTINEZ CARLOS     ,1D,ACTIVO,7V55M6 ,2,F421,04GH,2025-11-01,2025-09-22,97647,1665,,W1204200122,SMG,2025-11-24,LIR,43,2025-11-21 10:08:22,3103,M,GA4GN,7V55M6 ,0,Nor,60,MEDID NO TRABAJA,60,S,MED
2025-12-01 00:00:00,782040702863,26,DW,12,D,01,267,MONTIEL RIVERA MONICA         ,1D,ACTIVO,REB585 ,2,F623,24NY,2025-12-01,2025-12-17,5623,473,,W1204153829,SM3,2025-10-16,WAC,82,2025-12-17 10:48:31,2603,M,GATJM,REB585 ,473,Opt,  ,,,,CCC
2025-12-01 00:00:00,782040804640,33,DW,12,D,01,336,BEATRIZ C DELGADO RIVERO      ,1D,ACTIVO,9W97R1 ,2,F621,04F3,2025-11-01,2025-09-23,17695,24,,W1204201770,SM2,2025-11-25,SAV,42,2025-11-24 07:47:53,3301,M,GAF1M,9W97R1 ,99911,Nor,  ,,FR,S,GSC
2025-12-01 00:00:00,782041201248,33,DW,12,D,01,336,CANCHE CANUL JUAN             ,1D,CORTADO,3X41L0 ,2,F421,04GH,2025-11-01,2025-09-23,11927,0,,W1204200724,SMG,2025-11-24,LIR,43,2025-11-24 07:32:50,3301,M,GAF1M,3X41L0 ,0,Nor,60,MEDID NO TRABAJA,60,S,MED
2025-12-01 00:00:00,782041201337,33,DW,12,D,01,336,UC SALDIVA MA MICAELA         ,1D,ACTIVO,3X63L2 ,2,F421,04GH,2025-11-01,2025-09-23,48966,0,,W1204200723,SMG,2025-11-24,LIR,43,2025-11-24 07:00:20,3301,M,GAF1M,3X63L2 ,0,Nor,60,MEDID NO TRABAJA,60,S,MED
2025-12-01 00:00:00,782041201698,27,DW,12,A,01,272,VALENCIA ALVAREZ JESSREL SHARO,1D,ACTIVO,4R003F ,2,F621,06F3,2004-11-01,2004-11-24,57703,0,,W1204195375,SMG,2025-11-20,LIR,47,,,,,,,,,,,,MED
2025-12-01 00:00:00,782050502625,24,DW,12,D,04,241,DAMARIZ LAZARO RICARDES       ,1D,ACTIVO,9E237W ,1,F121,05JL,2025-12-01,2025-10-15,53334,658,,W1204176059,SM3,2025-11-04,WAB,63,2025-12-16 15:16:57,2427,M,GAALN,9E237W ,0,Nor,56,NO HAY MEDIDOR,56,S,CCC
2025-12-01 00:00:00,782050902658,24,DW,12,D,04,242,JESUS FIGUEROA SETINA         ,1D,ACTIVO,2J570A ,1,F121,05JL,2025-12-01,2024-12-16,70556,318,,W1204155552,SMC,2025-10-17,LIR,81,2025-12-16 11:04:35,2428,M,GATJM,2J570A ,0,Nor,53,UI SERV DIRECTO,53,S,MED
2025-12-01 00:00:00,782060200929,40,DW,12,A,01,400,LOPEZ ARAUJO JORGE ALBERTO    ,1D,ACTIVO,4DVL69 ,1,F623,25NY,2025-12-01,2025-10-27,1505,566,,W1204148611,SM2,2025-10-13,WAA,85,2025-12-30 15:04:43,4051,R,9EMK1,4DVL69 ,0,Nor,53,UI SERV DIRECTO,53,S,GSC
2025-12-01 00:00:00,782060501864,29,DW,12,A,01,293,BARRIOS SANCHEZ MARIA SOLEDAD ,1D,ACTIVO,5N6H77 ,2,F621,01F3,2025-11-01,2025-11-20,87717,1692,,W1204197364,SMG,2025-11-21,LIR,46,,,,,,,,,,,,MED
2025-12-01 00:00:00,782060502585,23,DW,12,C,01,230,MUNOZ REEDER CYNTHIA          ,1D,ACTIVO,10M6M8 ,2,F62H,09KN,2025-11-01,2025-09-12,75806,1217,,W1204191480,SMG,2025-11-18,LIR,49,2025-11-14 10:36:21,2301,M,9NCWY,10M6M8 ,0,Nor,64,P. INFRARROJO/MED. D,64,S,MED
2025-12-01 00:00:00,782060702045,20,DW,12,C,01,202,CORTEZ CRUZ YOLANDA           ,1D,ACTIVO,08M3R1 ,2,F62H,09KN,2025-12-01,2025-12-12,45300,488,,W1204149991,SMC,2025-10-14,LIR,84,2025-12-12 10:49:56,2003,M,9P120,08M3R1 ,488,Opt,  ,,,,MED
2025-12-01 00:00:00,782060903547,20,DW,12,C,01,202,LAZARO LOPEZ JORGE            ,1D,ACTIVO,25M8P7 ,2,F62H,09KN,2025-12-01,2025-12-12,54657,1235,,W1204169016,SM3,2025-10-28,CDL,70,2025-12-13 08:23:06,2051,R,R9895,25M8P7 ,687,Nor,  ,,LM,S,CCC
2025-12-01 00:00:00,782061001971,28,DW,12,C,01,283,SOL PEREZ MANUEL              ,1D,ACTIVO,5AUX00 ,2,F623,25P2,2025-10-01,2025-10-17,49820,0,,W1204157004,SMC,2025-10-19,LIR,79,2025-10-17 13:30:40,2802,M,9P120,064B7P ,0,Nor,53,UI SERV DIRECTO,53,S,MED
2025-12-01 00:00:00,782070301898,37,DW,12,C,01,370,VAZQUEZ YERMO LORENA DE LA CRU,1D,ACTIVO,966T7A ,2,F622,14LM,2025-11-01,2025-11-26,26624,0,,W1204205347,SMC,2025-11-27,LIR,40,2025-11-26 12:17:04,3701,M,9ND3W,966T7A ,0,Opt,32,UI DERIVACION,32,S,MED
2025-12-01 00:00:00,782070703830,03,DW,12,C,01,032,RAMIREZ GODINEZ NORMA         ,1D,ACTIVO,T622XV ,2,F622,18LM,2007-07-01,2007-07-26,0,0,,W1204173183,SMG,2025-10-31,LIR,67,,,,,,,,,,,,MED
2025-12-01 00:00:00,782080204521,36,DW,12,C,01,362,COLLI COLLI LUIS WILBERT      ,1D,ACTIVO,51E07N ,2,F62H,10KN,2010-04-01,2050-01-01,0,0,,W1204146872,SM3,2025-10-12,CDV,86,,,,,,,,,,,,CCC
2025-12-01 00:00:00,782081100568,06,DW,12,A,01,061,GONZALEZ CENTURION LUIS REY   ,1D,ACTIVO,55C4L9 ,2,F621,08KG,2025-12-01,2025-12-03,42913,823,,W1204135899,SMG,2025-10-03,LIR,95,2025-12-03 09:33:23,0601,M,GAFHM,55C4L9 ,823,Nor,  ,,,,MED
2025-12-01 00:00:00,782081201780,39,DW,12,C,01,394,RAMIREZ CABANAS MERCEDES      ,1D,ACTIVO,83C0N5 ,2,F621,08KG,2025-11-01,2025-11-27,41528,3,,W1204205779,SMC,2025-11-27,LIR,40,,,,,,,,,,,,MED
2025-12-01 00:00:00,782090300405,17,DW,12,A,01,171,PEREZ ALLENDE SALDANA JOSE DAR,1D,ACTIVO,HYT095 ,2,F623,23NU,2025-11-01,2025-11-11,4635,616,,W1204188349,SM2,2025-11-13,SAV,54,,,,,,,,,,,,GSC
2025-12-01 00:00:00,782090303978,37,DW,12,C,01,373,LUCIO JIMENEZ BAUTISTA        ,1D,ACTIVO,976T3A ,2,F622,14LM,2025-11-01,2025-11-26,13919,0,,W1204205020,SMC,2025-11-27,LIR,40,2025-11-26 09:35:02,3704,M,9NCWY,976T3A ,0,Opt,32,UI DERIVACION,32,S,MED
2025-12-01 00:00:00,782090403930,34,DW,12,C,01,340,CENTRO EDUCATIVO AIFEL S C    ,02,ACTIVO,RMF753 ,2,F623,24NY,2023-12-01,2023-12-22,84715,1038,,W1204157901,SM3,2025-10-20,WAC,78,,,,,,,,,,,,CCC
2025-12-01 00:00:00,782100906269,37,DW,12,C,01,374,SANTOS RODRIGUEZ UBALDO       ,1D,ACTIVO,5DVC79 ,2,F623,25NY,2025-07-01,2025-07-25,27711,1213,,W1204205138,SMG,2025-11-27,LIR,40,,,,,,,,,,,,MED
2025-12-01 00:00:00,782100906323,37,DW,12,C,01,374,GARCIA AGUILAR JOSE GUADALUPE ,1D,ACTIVO,16E14E ,2,F62H,10KN,2025-11-01,2025-09-25,21666,259,,W1204205137,SMG,2025-11-27,LIR,40,2025-11-26 09:51:38,3705,M,9P120,16E14E ,0,Nor,60,MEDID NO TRABAJA,60,S,MED
2025-12-01 00:00:00,782101004501,23,DW,12,C,01,230,GONZALEZ GOMEZ MIGUEL         ,1D,ACTIVO,YC970F ,2,F623,21NU,2010-09-01,2010-09-22,52714,0,,W1204194420,SMC,2025-11-19,SAV,48,,,,,,,,,,,,MED
2025-12-01 00:00:00,782110201034,37,DW,12,C,01,373,GUZMAN ESCOBAR OSVALDO        ,1D,ACTIVO,70MF75 ,2,F421,07GH,2025-11-01,2025-09-25,35755,788,,W1204205025,SMC,2025-11-27,LIR,40,2025-11-26 12:11:10,3704,M,9NCWY,70MF75 ,0,Nor,53,UI SERV DIRECTO,53,S,MED
2025-12-01 00:00:00,782110204785,14,DW,12,C,01,146,MENA COUOH ISMAEL             ,1D,ACTIVO,62E49N ,2,F62H,10KN,2025-12-01,2025-12-09,23181,320,,W1204170522,SM3,2025-10-29,WAA,69,2025-12-09 09:15:44,1404,M,9P120,62E49N ,320,Opt,  ,,,,CCC
2025-12-01 00:00:00,782110502743,29,DW,12,A,01,293,BARRAZA HERNANDEZ MARIA DOLORE,1D,ACTIVO,DW306J ,2,F623,19NU,2025-11-01,2025-09-19,59690,2205,,W1204197362,SMG,2025-11-21,LIR,46,2025-11-20 07:32:03,2901,M,GABCM,DW306J ,0,Nor,60,MEDID NO TRABAJA,60,S,MED
2025-12-01 00:00:00,782110700651,14,DW,12,C,01,146,TUN NOH DELFINO               ,1D,ACTIVO,T046UK ,2,F622,18LM,2025-12-01,2025-04-07,7666,23,,W1204163034,SMC,2025-10-23,WAA,75,2025-12-09 08:17:10,1404,M,9P120,T046UK ,0,Nor,56,NO HAY MEDIDOR,56,S,MED
2025-12-01 00:00:00,782111105209,34,DW,12,C,01,344,LAZARO CANDELERO JENNER       ,1D,ACTIVO,37M1P7 ,2,F62H,09KN,2025-12-01,2025-12-23,56767,1001,,W1204162171,SMC,2025-10-22,CDD,76,2025-12-23 11:26:33,3403,L,GAALN,37M1P7 ,1001,Opt,  ,,,,MED
2025-12-01 00:00:00,782111106868,11,DW,12,D,01,114,CHIM BRITO JOSE BERNARDINO    ,1D,ACTIVO,2DWA30 ,2,F623,25NY,2025-11-01,2025-07-23,0,1085,,W1204179704,SMC,2025-11-06,LIR,61,2025-11-06 10:34:22,1102,L,GATJM,2DWA30 ,0,Nor,53,UI SERV DIRECTO,53,S,MED
2025-12-01 00:00:00,782111200112,37,DW,12,C,01,374,GARCIA GONZALEZ ANA BARBARA   ,1D,ACTIVO,99M3P9 ,2,F62H,09KN,2025-11-01,2025-09-25,14019,328,,W1204205135,SMG,2025-11-27,LIR,40,2025-11-26 08:56:29,3705,M,9P120,99M3P9 ,0,Nor,60,MEDID NO TRABAJA,60,S,MED
2025-12-01 00:00:00,782120300731,07,DW,12,C,01,070,LARA PACHECO LIZANDRO ROMAN   ,1D,ACTIVO,DTA140 ,2,F623,22NU,2023-03-01,2023-03-06,703,0,,W1204176343,SMC,2025-11-04,LIR,63,,,,,,,,,,,,MED
2025-12-01 00:00:00,782120400434,33,DW,12,A,01,331,MORENO CORDOVA PAOLA ELIZABETH,1D,CORTADO,G385VY ,2,F622,17LM,2024-01-01,2024-01-23,60591,784,,W1204201712,SMC,2025-11-25,LIR,42,2024-01-23 08:42:23,3302,L,R9799,G385VY ,58,Opt,  ,,,,MED
2025-12-01 00:00:00,782120701582,32,DW,12,C,01,325,RIVERA ROSALES ESPERANZA M C  ,1D,ACTIVO,0TK029 ,2,F621,99F3,2025-12-01,2025-12-22,37951,316,,W1204189196,SM3,2025-11-14,WAC,53,2025-12-22 08:03:56,3204,M,9NCWY,0TK029 ,316,Nor,  ,,,,CCC
2025-12-01 00:00:00,782120900739,32,DW,12,C,01,325,MENDEZ RIVAS FLOR             ,1D,ACTIVO,06V48Y ,2,F62H,11KN,2025-12-01,2025-12-22,33018,570,,W1204182974,SM3,2025-11-10,WAB,57,2025-12-22 07:55:03,3204,M,9NCWY,06V48Y ,570,Opt,  ,,,,CCC
2025-12-01 00:00:00,782120901212,11,DW,12,D,01,115,RAMOS SANCHEZ LUCIO           ,1D,ACTIVO,RCL589 ,2,F623,24NY,2025-11-01,2025-09-04,3004,627,,W1204179707,SMC,2025-11-06,LIR,61,2025-11-06 09:00:54,1103,M,GAA7N,RCL589 ,0,Nor,53,UI SERV DIRECTO,53,S,MED
2025-12-01 00:00:00,782120902774,37,DW,12,C,01,374,SARABIA CAN LORENA MARICRUZ   ,1D,ACTIVO,25N10T ,2,F62H,10KN,2025-11-01,2025-09-25,9531,156,,W1204205133,SMG,2025-11-27,LIR,40,2025-11-26 07:56:03,3705,M,9P120,25N10T ,0,Nor,60,MEDID NO TRABAJA,60,S,MED
2025-12-01 00:00:00,782121000243,15,DW,12,C,01,155,CHAVEZ RODRIGUEZ CINTHYA CATAL,1D,ACTIVO,892JV3 ,2,F622,12LJ,2025-11-01,2025-09-08,51529,957,,W1204183424,SMG,2025-11-10,LIR,57,2025-11-10 11:06:13,1503,L,9ND3W,892JV3 ,0,Nor,60,MEDID NO TRABAJA,60,S,MED
2025-12-01 00:00:00,782121005628,28,DW,12,C,01,287,CANCHE UC JORGE DANIEL        ,1D,ACTIVO,282JV6 ,2,F622,12LJ,2025-12-01,2025-06-18,48667,535,,W1204150621,SM2,2025-10-14,12D,84,2025-12-18 12:30:16,2805,M,GAA7N,282JV6 ,0,Nor,59,DISPLAY APAGADO,59,S,GSC
2025-12-01 00:00:00,782121100396,28,DW,12,C,01,287,ROQUE PORTILLA JUAN CARLOS    ,1D,ACTIVO,416JV9 ,2,F622,12LJ,2025-12-01,2025-08-19,27091,395,,W1204157695,SM2,2025-10-20,12D,78,2025-12-18 12:17:21,2805,M,GAA7N,416JV9 ,0,Nor,59,DISPLAY APAGADO,59,S,GSC
2025-12-01 00:00:00,782130100927,06,DW,12,C,01,062,DOMINGUEZ VALENZUELA NOEMI    ,1D,ACTIVO,NL793E ,2,F623,20NU,2021-07-01,2021-07-21,12414,438,,W1204201575,SMC,2025-11-25,WAD,42,,,,,,,,,,,,MED
2025-12-01 00:00:00,782130303682,37,DW,12,C,01,374,MENDEZ CALDERON MIGUEL JAVIER ,1D,ACTIVO,G984LX ,2,F622,17LN,2025-11-01,2025-11-26,5768,305,,W1204206466,SM2,2025-11-28,12C,39,2025-11-26 10:54:23,3705,M,9P120,G984LX ,141,Opt,  ,,,,GSC
2025-12-01 00:00:00,782130603970,28,DW,12,C,01,286,MERIDA CALDERON SOFIA         ,1D,ACTIVO,5AUU19 ,2,F623,25P2,2025-12-01,2025-12-18,32262,100,,W1204157014,SMC,2025-10-19,LIR,79,2025-12-18 11:06:05,2804,M,GAKFM,5AUU19 ,1237,Opt,  ,,,,MED
2025-12-01 00:00:00,782130800660,34,DW,12,C,01,344,ESQUIVEL SANCHEZ MIGUEL ANGEL ,1D,ACTIVO,19M0R2 ,2,F62H,09KN,2025-12-01,2025-12-23,34571,377,,W1204177351,SM3,2025-11-05,WAB,62,2025-12-23 08:10:51,3403,L,GAALN,19M0R2 ,377,Opt,  ,,,,CCC
2025-12-01 00:00:00,782131100238,16,DW,12,C,01,162,REJON MAY MARIA DE LOS ANGELES,1D,ACTIVO,BA021W ,2,F622,19MP,2025-12-01,2025-12-10,4221,665,,W1204136016,SM3,2025-10-03,CDV,95,2025-12-10 09:07:46,1603,M,GAKFM,BA021W ,665,Opt,  ,,,,CCC
2025-12-01 00:00:00,782140201985,11,DW,12,D,01,115,RAMOS OLAN BEATRIZ            ,1D,ACTIVO,43V55N ,2,F62H,11KN,2013-12-01,2014-02-11,1,0,,W1204179712,SMC,2025-11-06,LIR,61,,,,,,,,,,,,MED
2025-12-01 00:00:00,782140501661,11,DW,12,D,01,114,PABLO JIMENEZ SERGIO          ,1D,ACTIVO,NT037B ,2,F623,20NU,2021-07-01,2021-07-07,13616,200,,W1204179700,SMC,2025-11-06,LIR,61,,,,,,,,,,,,MED
2025-12-01 00:00:00,782140503990,11,DW,12,D,01,115,JUAREZ CABRERA JESSICA        ,1D,ACTIVO,954F7X ,2,F622,13LM,2025-11-01,2024-07-08,5163,237,,W1204179706,SMC,2025-11-06,LIR,61,2025-11-06 09:07:14,1103,M,GAA7N,954F7X ,0,Nor,53,UI SERV DIRECTO,53,S,MED
2025-12-01 00:00:00,782140505879,06,DW,12,C,01,062,MONTESINOS TRINIDAD JESUS A   ,1D,ACTIVO,908B1X ,2,F622,13LM,2025-12-01,2025-12-03,13365,213,,W1204146864,SM3,2025-10-12,CDK,86,2025-12-03 08:39:00,0603,M,GAKFM,908B1X ,213,Opt,  ,,,,CCC
2025-12-01 00:00:00,782140805872,32,DW,12,C,01,325,DIAZ BARRIGA CASALES ALEJANDRO,1D,ACTIVO,165MW5 ,2,F622,12LJ,2025-12-01,2025-12-22,28191,0,,W1204161055,SMC,2025-10-22,LIR,76,2025-12-22 11:15:29,3204,M,9NCWY,165MW5 ,0,Opt,32,UI DERIVACION,32,S,MED
2025-12-01 00:00:00,782141003800,31,DW,12,A,01,311,PADRON LARA MARIA DEL CARMEN  ,1D,CORTADO,MK735Y ,2,F623,20NU,2021-09-01,2021-09-23,20127,242,,W1204200120,SMC,2025-11-24,LIR,43,,,,,,,,,,,,MED
2025-12-01 00:00:00,782141103171,40,DW,12,A,01,401,PEREZ VALIENTE Y SILVA CLARA  ,1D,ACTIVO,2V31X1 ,2,F621,04F3,2025-12-01,2025-12-29,79704,245,,W1204168441,SMG,2025-10-28,LIR,70,2025-12-29 09:49:38,4002,M,GAFHM,2V31X1 ,245,Nor,  ,,FR,S,MED
2025-12-01 00:00:00,782141200788,33,DW,12,A,01,330,ALMEIDA CANINO REINALDO       ,1D,ACTIVO,240T5A ,2,F622,14LM,2025-11-01,2025-09-23,66356,1641,,W1204201710,SMG,2025-11-25,LIR,42,2025-11-24 10:58:35,3301,M,9MC6M,240T5A ,0,Nor,60,MEDID NO TRABAJA,60,S,MED
2025-12-01 00:00:00,782150200421,39,DW,12,C,01,392,MERCALUB S A  DE C V          ,02,ACTIVO,VA826G ,2,F623,21NV,2024-09-01,2024-09-26,20524,3881,,W1204205772,SMG,2025-11-27,LIR,40,,,,,,,,,,,,MED
2025-12-01 00:00:00,782150403161,11,DW,12,D,01,114,CHI YAH PLACIDO               ,1D,ACTIVO,011N9E ,2,F622,14LM,2025-11-01,2025-09-04,5957,225,,W1204179699,SMC,2025-11-06,LIR,61,2025-11-06 08:52:41,1102,L,GATJM,011N9E ,0,Nor,53,UI SERV DIRECTO,53,S,MED
2025-12-01 00:00:00,782150500298,09,DW,12,C,01,092,FELIPE HERNANDEZ BIVIANA      ,1D,ACTIVO,REH294 ,2,F623,24NY,2024-11-01,2024-11-05,39902,2286,,W1204178250,SMC,2025-11-05,LIR,62,,,,,,,,,,,,MED
2025-12-01 00:00:00,782150501804,32,DW,12,C,01,325,NAAL HUCHIM AFREDO RENAN      ,1D,ACTIVO,272X4J ,2,F622,14LM,2025-12-01,2025-12-22,26004,2615,,W1204161045,SMC,2025-10-22,LIR,76,2025-12-22 07:27:31,3204,M,9NCWY,272X4J ,961,Opt,  ,,,,MED
2025-12-01 00:00:00,782150502592,36,DW,12,C,01,362,AVILA GOMEZ MARLENE           ,1D,ACTIVO,4BCT76 ,2,F623,25P2,2025-10-01,2025-10-23,17619,832,,W1204191201,SM3,2025-11-17,CDP,50,,,,,,,,,,,,CCC
2025-12-01 00:00:00,782150702770,31,DW,12,C,01,311,PLASENCIA ACEVES ALI OMAR     ,1D,ACTIVO,624W1L ,2,F622,14LM,2025-11-01,2025-07-22,10865,2084,,W1204199452,SMG,2025-11-24,LIR,43,2025-11-21 11:12:16,3102,M,GAA7N,624W1L ,0,Nor,60,MEDID NO TRABAJA,60,S,MED
2025-12-01 00:00:00,782151105104,37,DW,12,C,01,374,ROBERTOS BALAM JOSE ROBERTO   ,1D,ACTIVO,373EBR ,2,F622,15LM,2025-11-01,2025-07-25,30991,463,,W1204205145,SMC,2025-11-27,LIR,40,2025-11-26 15:38:35,3705,M,9P120,373EBR ,0,Nor,53,UI SERV DIRECTO,53,S,MED
2025-12-01 00:00:00,782160100689,01,DW,12,C,01,010,KUYOC DZUL JESUS MARLIN       ,1D,ACTIVO,520JHE ,2,F622,15LM,2026-01-01,2025-02-25,15362,211,,W1204171088,SMG,2025-10-29,LIR,69,,,,,,,,,,,,MED
2025-12-01 00:00:00,782160104854,32,DW,12,C,01,325,URIAS PADILLA ELIAS           ,1D,ACTIVO,643FMN ,2,F622,15LM,2025-12-01,2025-12-22,20447,267,,W1204192437,SM3,2025-11-18,WAB,49,2025-12-22 07:47:21,3204,M,9NCWY,643FMN ,267,Opt,  ,,,,CCC
2025-12-01 00:00:00,782160104901,37,DW,12,C,01,373,ROMERO SALINAS MARIA ANGELICA ,1D,ACTIVO,HYN947 ,2,F623,23NU,2025-11-01,2025-09-25,1641,2,,W1204205017,SMC,2025-11-27,LIR,40,2025-11-26 07:05:05,3704,M,9NCWY,HYN947 ,0,Nor,53,UI SERV DIRECTO,53,S,MED
2025-12-01 00:00:00,782160308913,40,DW,12,C,01,403,LUGO JIMENEZ PEDRO PABLO      ,1D,ACTIVO,133JJR ,2,F622,15LM,2025-12-01,2025-12-29,12708,920,,W1204167793,SMG,2025-10-27,LIR,71,2025-12-29 10:01:01,4004,L,GAALN,133JJR ,920,Opt,  ,,,,MED
2025-12-01 00:00:00,782160400232,11,DW,12,D,01,114,LOPEZ CAUDILLO PABLO          ,1D,ACTIVO,JAY499 ,2,F623,23NU,2025-11-01,2025-07-08,4750,632,,W1204179698,SMC,2025-11-06,LIR,61,2025-11-06 08:24:03,1102,L,GATJM,JAY499 ,0,Nor,53,UI SERV DIRECTO,53,S,MED
2025-12-01 00:00:00,782160401859,03,DW,12,C,01,031,MORA MOLLINEDO VERENICE       ,1D,ACTIVO,097JJE ,2,F622,15LM,2026-01-01,2025-12-30,23985,0,,W1204172078,SMC,2025-10-30,CDX,68,,,,,,,,,,,,MED
2025-12-01 00:00:00,782160504224,18,DW,12,C,01,182,GARCIA ALFONSIN ERIK          ,1D,ACTIVO,267JJL ,2,F622,15LM,2025-12-01,2025-08-12,1052,534,,W1204146831,SMC,2025-10-12,LIR,86,2025-12-11 08:28:23,1802,M,GAKFM,267JJL ,0,Nor,53,UI SERV DIRECTO,53,S,MED
2025-12-01 00:00:00,782160703693,08,DW,12,C,01,083,DOMINGUEZ HERNNANDEZ RAFAEL   ,1D,ACTIVO,737JHF ,2,F622,15LM,2025-12-01,2025-12-04,20934,349,,W1204201878,SMS,2025-11-25,CDU,42,2025-12-04 11:03:53,0803,L,GAE2M,737JHF ,349,Opt,  ,,,,GSC
2025-12-01 00:00:00,782160805453,11,DW,12,D,01,115,JIMENEZ VALVERDE RAFAEL       ,1D,BAJA,,2,,,2025-03-01,2025-03-11,17337,99250,,W1204173381,SMC,2025-10-31,CDC,67,2025-03-06 10:01:47,1103,M,GA4HN,042JJT ,0,Nor,53,UI SERV DIRECTO,53,S,MED
2025-12-01 00:00:00,782160903307,40,DW,12,C,01,403,VALENZUELA RODRIGUEZ JUAN LUIS,02,ACTIVO,UL008A ,2,F623,21NY,2025-12-01,2025-12-29,6047,0,,W1204148270,SM3,2025-10-13,CDP,85,2025-12-29 08:34:31,4004,L,GAALN,UL008A ,0,Opt,31,SERVICIO SIN USO,,,CCC
2025-12-01 00:00:00,782160921062,08,DW,12,C,01,080,CANUL ONTIVEROS LUIS ANTONIO  ,1D,ACTIVO,YU788F ,2,F623,21NU,2025-12-01,2025-12-04,8576,653,,W1204176333,SM3,2025-11-04,CDB,63,2025-12-04 09:04:43,0801,L,GAALN,YU788F ,653,Opt,  ,,,,CCC
2025-12-01 00:00:00,782161011809,23,DW,12,D,01,231,SUAREZ GARCIA DAMARIS DEL CARM,1D,CORTADO,DHP777 ,2,F623,22NU,2023-09-01,2023-09-14,44227,0,,W1204189813,SMC,2025-11-14,LIR,53,,,,,,,,,,,,MED
2025-12-01 00:00:00,782161015596,01,DW,12,C,01,012,GARCIA RUIZ MARIO EDUARDO     ,1D,ACTIVO,519PJC ,2,F622,16LM,2026-01-01,2025-12-29,16138,85,,W1204181229,SMC,2025-11-07,CDU,60,,,,,,,,,,,,MED
2025-12-01 00:00:00,782161015626,01,DW,12,C,01,012,CHABLE MOO JOSE MARIA         ,1D,ACTIVO,214PHX ,2,F622,16LM,2026-01-01,2024-08-28,12147,0,,W1204171101,SMG,2025-10-29,LIR,69,,,,,,,,,,,,MED
2025-12-01 00:00:00,782161107598,40,DW,12,C,01,404,DOMINGUEZ BALDOVINOS VICTOR HU,1D,ACTIVO,X631UH ,2,F622,19LM,2025-12-01,2025-06-26,19151,1088,,W1204159801,SMG,2025-10-21,12D,77,2025-12-29 14:54:55,4005,L,GAA7N,X631UH ,0,Nor,59,DISPLAY APAGADO,59,S,MED
2025-12-01 00:00:00,782161002761,01,DW,12,C,01,012,BASQUEZ MEDINA ALEJANDRO      ,1D,ACTIVO,DU930D ,2,F623,19NU,2025-07-01,2025-06-27,7078,439,,W1204171107,SMC,2025-10-29,LIR,69,,,,,,,,,,,,MED
2025-12-01 00:00:00,782161203082,01,DW,12,C,01,012,LANDERO NARANJO JORGE LUIS    ,1D,ACTIVO,640WYL ,2,F622,16LM,2026-01-01,2025-12-29,24542,1594,,W1204171099,SMG,2025-10-29,LIR,69,,,,,,,,,,,,MED
2025-12-01 00:00:00,782161209072,37,DW,12,C,01,373,MORALES CRUZ MARIA ISABEL     ,1D,ACTIVO,HYN773 ,2,F623,23NU,2025-03-01,2025-03-26,1386,1136,,W1204205022,SMC,2025-11-27,LIR,40,,,,,,,,,,,,MED
2025-12-01 00:00:00,782161212260,38,DW,12,C,01,384,CHAVEZ ALVAREZ JAVIER         ,1D,ACTIVO,T237XL ,2,F622,18LM,2016-11-01,2016-12-24,0,0,,W1204165379,SMC,2025-10-26,LIR,72,,,,,,,,,,,,MED
2025-12-01 00:00:00,782170200088,40,DW,12,C,01,404,OCHOA ROMO AMALIA             ,1D,ACTIVO,676WYK ,2,F622,16LM,2025-12-01,2025-12-29,15271,672,,W1204159812,SMG,2025-10-21,12D,77,2025-12-29 08:35:39,4005,L,9P120,676WYK ,672,Opt,  ,,,,MED
2025-12-01 00:00:00,782170300457,37,DW,12,C,01,374,INTERIAN PAT IGNACIO HIDALGO  ,1D,ACTIVO,4AUX58 ,2,F623,25P2,2025-11-01,2025-10-16,0,325,,W1204205139,SMC,2025-11-27,LIR,40,2025-11-26 13:16:27,3705,M,9P120,4AUX58 ,0,Nor,53,UI SERV DIRECTO,53,S,MED
2025-12-01 00:00:00,782170301003,05,DW,12,A,01,051,SERV DE ANUNCIOS PUB SA DE CV ,02,ACTIVO,A401LC ,2,F622,16LM,2026-01-01,2026-01-02,2910,0,,W1204175887,SM2,2025-11-04,SAV,63,,,,,,,,,,,,GSC
2025-12-01 00:00:00,782170502432,09,DW,12,C,01,092,BARRERA CASTRO TERESITA DE JES,1D,ACTIVO,A170KL ,2,F622,16LM,2025-11-01,2025-09-03,20924,379,,W1204178246,SMC,2025-11-05,LIR,62,2025-11-05 08:04:32,0901,M,GAKFM,A170KL ,0,Nor,53,UI SERV DIRECTO,53,S,MED
2025-12-01 00:00:00,782170603361,13,DW,12,D,01,130,PECH GONZALEZ JOSE GABRIEL    ,1D,ACTIVO,A241KP ,2,F622,16LM,2025-11-01,2025-09-05,45533,1774,,W1204181199,SMC,2025-11-07,LIR,60,2025-11-07 09:53:54,1301,M,GATJM,A241KP ,0,Nor,53,UI SERV DIRECTO,53,S,MED
2025-12-01 00:00:00,782170704833,37,DW,12,D,04,372,LOPEZ RAMIREZ WILMAR ALFREDO  ,1D,ACTIVO,428WYH ,2,F622,16LM,2025-11-01,2025-09-25,40985,1190,,W1204204356,SMC,2025-11-26,LIR,41,2025-11-26 08:07:01,3728,M,9ND6M,428WYH ,0,Nor,53,UI SERV DIRECTO,53,S,MED
2025-12-01 00:00:00,782170803025,13,DW,12,D,01,131,ARCOS DOMINGUEZ JOSE LUIS     ,1D,ACTIVO,51N95L ,2,F62H,10KN,2025-11-01,2024-07-09,14051,251,,W1204182716,SM2,2025-11-10,SAV,57,2025-11-07 10:34:09,1302,M,9NCX4,51N95L ,0,Nor,59,DISPLAY APAGADO,59,S,GSC
2025-12-01 00:00:00,782170805427,37,DW,12,D,04,377,VERDUZCO GARCIA JUAN A        ,1D,ACTIVO,JGW739 ,2,F623,23NU,2021-09-01,2021-09-27,4996,0,,W1204205358,SMC,2025-11-27,12D,40,,,,,,,,,,,,MED
2025-12-01 00:00:00,782171104031,07,DW,12,C,01,071,DE REGIL CLARK DINA PAOLA     ,02,ACTIVO,JGW631 ,2,F623,23NU,2026-01-01,2026-01-05,778,778,,W1204176350,SMC,2025-11-04,LIR,63,,,,,,,,,,,,MED
2025-12-01 00:00:00,782171106891,40,DW,12,C,01,401,DZIB EUAN ESTEBAN JAVIER      ,1D,ACTIVO,G569VW ,2,F622,17LM,2025-12-01,2025-08-27,12897,245,,W1204167775,SMC,2025-10-27,LIR,71,2025-12-29 09:15:54,4002,L,9P157,G569VW ,0,Nor,56,NO HAY MEDIDOR,56,S,MED
2025-12-01 00:00:00,782171109301,25,DW,12,C,01,252,REYES FAGOAGA DONAJI          ,1D,ACTIVO,65P8B3 ,3,FD2H,09KV,2025-11-01,2025-11-18,29627,0,,W1204192770,SM3,2025-11-18,WAA,49,2025-11-18 07:44:32,2503,M,9NCWY,65P8B3 ,0,Opt,31,SERVICIO SIN USO,,,CCC
2025-12-01 00:00:00,782171201797,29,DW,12,A,01,292,ROJAS USCANGA ZURISADAI       ,1D,ACTIVO,J333DR ,2,F622,17LM,2025-11-01,2025-11-20,22500,0,,W1204197372,SMC,2025-11-21,LIR,46,2025-11-20 11:30:17,2903,M,GA4GN,J333DR ,0,Opt,32,UI DERIVACION,32,S,MED
2025-12-01 00:00:00,782180101282,03,DW,12,C,01,032,CALADAN SA DE CV              ,02,ACTIVO,6BCH41 ,2,F623,25P2,2025-11-01,2025-10-30,16777,0,,W1204173180,SMG,2025-10-31,LIR,67,2025-10-30 12:23:09,0303,M,GAKFM,UW810P ,0,Nor,60,MEDID NO TRABAJA,60,S,MED
2025-12-01 00:00:00,782180102181,40,DW,12,C,01,401,MORALES CHOCO FRANCISCO ARMAND,1D,ACTIVO,J323PX ,2,F622,17LM,2025-12-01,2025-12-29,18467,250,,W1204170969,SM3,2025-10-29,CDB,69,2025-12-29 08:20:54,4002,L,9P157,J323PX ,250,Opt,  ,,,,CCC
2025-12-01 00:00:00,782180102378,40,DW,12,C,01,401,MERALES SILVA FELIX           ,1D,ACTIVO,J808PU ,2,F622,17LM,2025-12-01,2025-12-29,22008,516,,W1204184834,SM3,2025-11-11,CDD,56,2025-12-29 11:53:27,4002,L,9P157,J808PU ,516,Opt,  ,,,,CCC
2025-12-01 00:00:00,782180106098,09,DW,12,C,01,092,JOSEFINA SOL MONSIVAIS        ,1D,ACTIVO,969T1H ,2,F622,14LM,2018-01-01,2018-01-23,0,0,,W1204178245,SMC,2025-11-05,LIR,62,,,,,,,,,,,,MED
2025-12-01 00:00:00,782180306232,03,DW,12,C,01,031,HERNANDEZ MENDEZ OSCAR IVAN   ,1D,ACTIVO,J921PL ,2,F622,17LM,2026-01-01,2025-10-30,12124,0,,W1204173176,SMC,2025-10-31,LIR,67,,,,,,,,,,,,MED
2025-12-01 00:00:00,782180600637,37,DW,12,C,01,374,TUN PANTI MILAGROS TERESITA   ,1D,ACTIVO,663GJ5 ,2,F622,12LJ,2025-11-01,2025-09-25,26778,604,,W1204206203,SM2,2025-11-28,MED,39,2025-11-26 14:33:42,3705,M,9P120,663GJ5 ,0,Nor,59,DISPLAY APAGADO,59,S,GSC
2025-12-01 00:00:00,782180801411,13,DW,12,D,01,130,JIMENEZ OROPEZA SERGIO LUIS   ,1D,ACTIVO,N924JL ,2,F622,18LM,2025-11-01,2025-09-05,14646,578,,W1204181195,SMC,2025-11-07,LIR,60,2025-11-07 09:30:05,1301,M,GATJM,N924JL ,0,Nor,53,UI SERV DIRECTO,53,S,MED
2025-12-01 00:00:00,782151006050,11,DW,12,D,01,114,DELGADO MORALES GABRIELA      ,1D,ACTIVO,440EBW ,2,F622,15LM,2025-11-01,2025-07-08,34325,1057,,W1204179697,SMC,2025-11-06,LIR,61,2025-11-06 08:22:55,1102,L,GATJM,440EBW ,0,Nor,53,UI SERV DIRECTO,53,S,MED
2025-12-01 00:00:00,782181003608,36,DW,12,D,01,363,BERNAL MARTINEZ MIGUEL        ,1D,ACTIVO,UW126N ,2,F623,21NY,2023-04-01,2023-04-25,11835,0,,W1204205872,SM2,2025-11-27,12D,40,,,,,,,,,,,,GSC
2025-12-01 00:00:00,782150107154,11,DW,12,D,01,114,ALTAMIRANO VAZQUEZ GIOVANNI XA,1D,ACTIVO,902T2H ,2,F622,14LM,2025-11-01,2025-11-06,25755,124,,W1204175551,SMC,2025-11-04,CDB,63,,,,,,,,,,,,MED
2025-12-01 00:00:00,782181006721,32,DW,12,D,01,325,CASANGO ENRIQUEZ ALLANO       ,1D,ACTIVO,T566UH ,2,F622,18LM,2025-12-01,2025-06-23,11419,403,,W1204161577,SM2,2025-10-22,SAV,76,2025-12-22 10:58:04,3204,M,GA4HN,T566UH ,0,Nor,59,DISPLAY APAGADO,59,S,GSC
2025-12-01 00:00:00,782190100501,37,DW,12,C,01,373,ROMERO MENESES INES PATRICIA  ,1D,ACTIVO,U705AD ,2,F622,18LM,2025-11-01,2025-09-25,4801,152,,W1204205024,SMC,2025-11-27,LIR,40,2025-11-26 11:18:56,3704,M,9NCWY,U705AD ,0,Nor,53,UI SERV DIRECTO,53,S,MED
2025-12-01 00:00:00,782190104468,13,DW,12,D,01,130,TUN CHIN JOSE ALEJANDRO       ,1D,ACTIVO,T961UG ,2,F622,18LM,2025-11-01,2025-05-08,10422,436,,W1204181189,SMC,2025-11-07,LIR,60,2025-11-07 08:45:55,1301,M,GATJM,T961UG ,0,Nor,53,UI SERV DIRECTO,53,S,MED
2025-12-01 00:00:00,782190300674,32,DW,12,D,01,325,CRUZ GONZAGA LILIANA          ,1D,ACTIVO,T593WJ ,2,F622,18LM,2025-12-01,2025-06-23,11450,392,,W1204161673,SM2,2025-10-22,12D,76,2025-12-22 11:40:46,3204,M,GA4HN,T593WJ ,88550,Opt,  ,,,,GSC
2025-12-01 00:00:00,782190302413,13,DW,12,D,01,130,GARCIA LOPEZ GONZALO          ,1D,ACTIVO,15W11H ,2,F62H,11KN,2025-11-01,2025-07-09,10410,517,,W1204181192,SMC,2025-11-07,LIR,60,2025-11-07 08:58:41,1301,M,GATJM,15W11H ,0,Nor,53,UI SERV DIRECTO,53,S,MED
2025-12-01 00:00:00,782120802842,11,DW,12,D,01,115,VALTIERRA CRUZ MARIO MARCO ANT,1D,ACTIVO,Y728BG ,2,F623,19NU,2025-11-01,2025-09-04,352,0,,W1204179709,SMC,2025-11-06,LIR,61,2025-11-06 09:20:11,1103,M,GAA7N,Y728BG ,0,Nor,53,UI SERV DIRECTO,53,S,MED
2025-12-01 00:00:00,782190503991,25,DW,12,C,01,252,KINIL PERERA MILDRED LORENA DE,1D,ACTIVO,7F99N4 ,2,F621,03F3,2025-11-01,2025-09-17,783,86,,W1204195832,SM2,2025-11-20,MED,47,2025-11-18 08:47:37,2503,M,9NCWY,7F99N4 ,99965,Nor,  ,,FR,S,GSC
2025-12-01 00:00:00,782190601992,25,DW,12,C,01,253,PASTOR HERNANDEZ JESSICA VIANE,1D,ACTIVO,19X3F7 ,2,F62F,09K6,2025-11-01,2025-09-17,48421,898,,W1204193044,SMG,2025-11-18,LIR,49,2025-11-18 12:32:08,2504,M,GAA7N,19X3F7 ,0,Nor,60,MEDID NO TRABAJA,60,S,MED
2025-12-01 00:00:00,782111103761,39,DW,12,C,01,396,PICON MARQUEZ YOLANDA         ,1D,ACTIVO,10PA25 ,2,F621,07F3,2025-11-01,2025-09-26,20041,267,,W1204205783,SMG,2025-11-27,LIR,40,2025-11-27 07:31:53,3904,M,GAA7N,10PA25 ,0,Nor,60,MEDID NO TRABAJA,60,S,MED
2025-12-01 00:00:00,782190704422,34,DW,12,C,01,342,ROSARIO RODRIGUEZ GUADALUPE   ,1D,ACTIVO,W782KP ,2,F622,19LM,2025-12-01,2025-12-23,25464,720,,W1204150622,SM3,2025-10-14,WAD,84,2025-12-23 14:11:14,3402,L,GAKFM,W782KP ,720,Opt,  ,,,,CCC
2025-12-01 00:00:00,782190803480,13,DW,12,D,01,131,DIAZ MONTERO JUAN JOSE        ,1D,ACTIVO,W027KW ,2,F622,19LM,2025-11-01,2025-09-05,7401,179,,W1204181211,SMC,2025-11-07,LIR,60,2025-11-07 09:33:41,1302,M,9NCX4,W027KW ,0,Nor,53,UI SERV DIRECTO,53,S,MED
2025-12-01 00:00:00,782190804770,37,DW,12,C,01,374,MONTALVO DZUL FLORA ANGELICA  ,1D,ACTIVO,W182KW ,2,F622,19LM,2025-11-01,2025-09-25,17313,420,,W1204205147,SMC,2025-11-27,LIR,40,2025-11-26 14:34:08,3705,M,9P120,W182KW ,0,Nor,53,UI SERV DIRECTO,53,S,MED
2025-12-01 00:00:00,782190904448,09,DW,12,C,01,092,GARCIA JURADO ACOSTA MANUEL DE,1D,ACTIVO,Y864BF ,2,F623,19NU,2025-11-01,2025-09-03,966,0,,W1204178253,SMG,2025-11-05,LIR,62,2025-11-05 16:52:38,0901,M,GAKFM,Y864BF ,0,Nor,60,MEDID NO TRABAJA,60,S,MED
2025-12-01 00:00:00,782191106065,40,DW,12,C,01,402,HUAN UICAB LUIS MIGUEL        ,1D,ACTIVO,Y115LP ,2,F623,19NU,2025-12-01,2025-10-27,18106,336,,W1204166760,SMC,2025-10-27,WAD,71,2025-12-30 12:03:24,4051,R,GA4HN,Y115LP ,0,Nor,56,NO HAY MEDIDOR,56,S,MED
2025-12-01 00:00:00,782191109561,25,DW,12,C,01,251,BALLOTE MELISSA BEATRIZ       ,1D,ACTIVO,JAN796 ,2,F623,23NU,2025-11-01,2025-11-20,19012,1907,,W1204193039,SMC,2025-11-18,LIR,49,2025-11-18 10:57:39,2502,M,GAALN,JAN796 ,0,Nor,53,UI SERV DIRECTO,53,S,MED
2025-12-01 00:00:00,782191205519,19,DW,12,C,01,192,CARAMON RAMIREZ VICTOR HUGO   ,1D,ACTIVO,DW424U ,2,F623,19NU,2025-11-01,2025-07-14,33666,1047,,W1204186980,SMG,2025-11-12,LIR,55,2025-11-12 11:10:07,1903,M,9ND3W,DW424U ,0,Nor,60,MEDID NO TRABAJA,60,S,MED
2025-12-01 00:00:00,782200100610,40,DW,12,C,01,401,MOLINA ISIDORO JUAN CARLOS    ,02,ACTIVO,6AUR49 ,2,F623,25P2,2025-12-01,2025-12-29,0,0,,W1204167774,SMC,2025-10-27,LIR,71,2025-12-29 08:54:48,4002,L,9P157,6AUR49 ,3515,Opt,  ,,,,MED
2025-12-01 00:00:00,782200704655,23,DW,12,C,01,232,DAVILA VARGAS JOSE LUIS       ,1D,BAJA,,2,,,2025-12-01,2025-12-15,1585,0,,W1204194315,SM2,2025-11-19,12A,48,,,,,,,,,,,,GSC
2025-12-01 00:00:00,782200802223,18,DW,12,C,01,183,MENA CAMELO RIGEL ALBERTO     ,1D,ACTIVO,BE121W ,2,F623,19NV,2025-12-01,2025-06-11,13876,441,,W1204150464,SM2,2025-10-14,SAV,84,2025-12-11 08:58:16,1803,M,9ND3W,BE121W ,87402,Opt,  ,,,,GSC
2025-12-01 00:00:00,782200803033,25,DW,12,C,01,253,BARRIOS ENCARNACION EDUARDO   ,1D,ACTIVO,BE068T ,2,F623,19NV,2025-11-01,2025-09-17,4004,48,,W1204194253,SM3,2025-11-19,CDV,48,2025-11-18 10:27:13,2504,M,GAA7N,BE068T ,0,Nor,60,MEDID NO TRABAJA,60,S,CCC
2025-12-01 00:00:00,782200804960,10,DW,12,C,01,100,LIMA SALAZAR ADRIAN EMMANUEL  ,1D,ACTIVO,BE843T ,2,F623,19NV,2025-12-01,2025-08-06,1036,9,,W1204140316,SM2,2025-10-07,SAV,91,2025-12-05 09:38:54,1003,M,GAA7N,BE843T ,98983,Opt,  ,,,,GSC
2025-12-01 00:00:00,782200901621,07,DW,12,C,01,071,RIVERO AGUILAR VICTOR MANUEL  ,1D,CORTADO,JCL070 ,2,F623,23NU,2026-01-01,2026-01-05,21090,0,,W1204184864,SM2,2025-11-11,WAD,56,,,,,,,,,,,,GSC
2025-12-01 00:00:00,782201202611,13,DW,12,C,01,131,PEREZ SOLORIO JOSE RODRIGO    ,1D,ACTIVO,NK728F ,2,F623,20NU,2025-11-01,2025-05-08,17639,457,,W1204197505,SM3,2025-11-21,CDX,46,2025-11-07 07:31:03,1302,M,9ND3W,NK728F ,0,Nor,56,NO HAY MEDIDOR,56,S,CCC
2025-12-01 00:00:00,782210308111,33,DW,12,A,01,331,ALVARADO AGUILAR VICTOR IVAN  ,1D,ACTIVO,RDU325 ,2,F623,24NY,2023-05-01,2023-05-25,4775,0,,W1204160605,SM3,2025-10-21,CDX,77,,,,,,,,,,,,CCC
2025-12-01 00:00:00,782210308278,01,DW,12,C,01,011,CARMONA NICOLAS MANUEL        ,02,ACTIVO,1AUT80 ,2,F623,25P2,2026-01-01,2025-12-29,2235,2235,,W1204171094,SMG,2025-10-29,LIR,69,,,,,,,,,,,,MED
2025-12-01 00:00:00,782210401375,15,DW,12,C,01,155,TORRES PINO MIGUEL ANGEL      ,02,ACTIVO,NK487W ,2,F623,20NU,2025-11-01,2025-11-10,50241,0,,W1204183425,SMC,2025-11-10,LIR,57,2025-11-10 11:16:22,1503,L,9ND3W,NK487W ,0,Opt,32,UI DERIVACION,32,S,MED
2025-12-01 00:00:00,782210503852,33,DW,12,A,01,330,MIRANDA GONZALEZ CLAUDIA LUCIA,1D,SUJETO A CORTE,679G9N ,2,F622,13LM,2025-11-01,2025-09-23,62470,1937,,W1204201711,SMC,2025-11-25,LIR,42,2025-11-24 12:03:06,3301,M,9MC6M,679G9N ,0,Nor,53,UI SERV DIRECTO,53,S,MED
2025-12-01 00:00:00,782210601196,09,DW,12,C,01,093,GONZALEZ MUNOZ JOSE A         ,02,ACTIVO,RME580 ,2,F62X,24NY,2025-11-01,2025-11-05,56977,114,,W1204178254,SMC,2025-11-05,LIR,62,2025-11-05 08:36:07,0902,M,9P14L,363EBY ,0,Nor,53,UI SERV DIRECTO,53,S,MED
2025-12-01 00:00:00,782210803449,31,DW,12,A,01,311,MAY MAY WILBERT JAVIER        ,1D,ACTIVO,682T9A ,2,F622,14LM,2025-11-01,2025-11-21,63040,0,,W1204200121,SMC,2025-11-24,LIR,43,2025-11-21 09:29:42,3103,M,GA4GN,682T9A ,0,Opt,32,UI DERIVACION,32,S,MED
2025-12-01 00:00:00,782111004704,33,DW,12,A,01,331,PASTRANA FIGUEROA JOSE MANUEL ,1D,ACTIVO,NK042E ,2,F623,20NU,2021-05-01,2021-05-25,21257,0,,W1204201713,SMC,2025-11-25,LIR,42,,,,,,,,,,,,MED
2025-12-01 00:00:00,782090401309,37,DW,12,C,01,374,JORGE CUPUL BE                ,1D,ACTIVO,46W03F ,2,F62H,11KN,2009-03-01,2009-04-07,0,0,,W1204205132,SMC,2025-11-27,LIR,40,,,,,,,,,,,,MED
2025-12-01 00:00:00,782211000676,09,DW,12,C,01,092,HERNANDEZ GUSZMAN ANDRES      ,1D,ACTIVO,YC491R ,2,F623,21NU,2025-11-01,2025-12-18,0,0,,W1204178247,SMC,2025-11-05,LIR,62,2025-11-05 09:15:12,0901,M,GAKFM,MA840T ,0,Nor,53,UI SERV DIRECTO,53,S,MED
2025-12-01 00:00:00,782211004264,40,DW,12,C,01,401,PEREZ MENDOZA PEDRO           ,1D,ACTIVO,YC234R ,2,F623,21NU,2025-12-01,2025-08-27,8461,372,,W1204167778,SMG,2025-10-27,LIR,71,2025-12-29 11:34:01,4002,L,9P157,YC234R ,0,Nor,64,P. INFRARROJO/MED. D,64,S,MED
2025-12-01 00:00:00,782211104293,25,DW,12,C,01,252,GARCIA CANCINO CRISTIAN       ,1D,BAJA,,2,,,2025-11-01,2025-09-18,27126,0,,W1204195684,SMC,2025-11-20,WAB,47,,,,,,,,,,,,MED
2025-12-01 00:00:00,782220101019,12,DW,12,C,01,123,ORTIZ CORONA MIRIAM           ,1D,ACTIVO,3AXR85 ,2,F623,25P2,2025-12-01,2026-01-02,0,0,,W1204141417,SMC,2025-10-08,LIR,90,2025-12-08 08:49:44,1204,M,9P120,YC710R ,789,Opt,  ,,,,MED
2025-12-01 00:00:00,782220101957,11,DW,12,A,01,112,GONZALEZ PLATA ALEJANDRO      ,1D,ACTIVO,YH998G ,2,F623,21NU,2025-11-01,2025-11-06,7140,0,,W1204205251,SM3,2025-11-27,CDD,40,2025-11-06 12:33:45,1102,M,GAFHM,YH998G ,0,Opt,31,SERVICIO SIN USO,,,CCC
2025-12-01 00:00:00,782220104905,19,DW,12,C,01,190,HERNANDEZ TREJO CARLOS DANIEL ,1D,ACTIVO,YH059N ,2,F623,21NU,2025-11-01,2025-09-10,13884,693,,W1204186967,SMG,2025-11-12,LIR,55,2025-11-12 08:17:54,1901,M,R9895,YH059N ,0,Nor,60,MEDID NO TRABAJA,60,S,MED
2025-12-01 00:00:00,782220203792,11,DW,12,A,01,112,GONZALEZ PLATA ALEJANDRO      ,1D,ACTIVO,YU482G ,2,F623,21NU,2025-11-01,2025-11-06,2927,368,,W1204205256,SM3,2025-11-27,CDD,40,,,,,,,,,,,,CCC
2025-12-01 00:00:00,782220601437,29,DW,12,C,01,292,MARTINEZ ESPINOSA BERENICE    ,02,ACTIVO,YP816F ,2,F623,21NU,2025-11-01,2025-11-20,76731,3258,,W1204196137,SM3,2025-11-20,CDV,47,,,,,,,,,,,,CCC
2025-12-01 00:00:00,782220705411,31,DW,12,A,01,311,BARBOSA OCANA BENJAMIN        ,1D,ACTIVO,YP751L ,2,F623,21NU,2025-11-01,2025-11-25,2416,132,,W1204200517,SM2,2025-11-24,SAV,43,2025-11-21 07:30:18,3103,M,GA4GN,YP751L ,99954,Opt,  ,,,,GSC
2025-12-01 00:00:00,782221102345,01,DW,12,C,01,010,OJEDA ORTIZ ALINA             ,02,CORTADO,DBV695 ,2,F623,22NU,2026-01-01,2025-08-28,5661,79,,W1204171085,SMC,2025-10-29,LIR,69,,,,,,,,,,,,MED
2025-12-01 00:00:00,782221102817,36,DW,12,D,01,364,ELORZA MENDOZA CESAR DE JESUS ,1D,ACTIVO,DBV002 ,2,F623,22NU,2025-12-01,2025-08-25,528,0,,W1204163245,SMC,2025-10-23,LIR,75,2025-12-26 09:58:30,3605,L,9ND6M,DBV002 ,0,Nor,56,NO HAY MEDIDOR,56,S,MED
2025-12-01 00:00:00,782221104470,33,DW,12,A,01,332,MENDOZA GONMEZ JAIME          ,1D,ACTIVO,DBV227 ,2,F623,22NU,2025-11-01,2025-09-23,6071,369,,W1204201839,SMG,2025-11-25,SAV,42,2025-11-24 13:08:36,3303,M,GAD0M,DBV227 ,0,Nor,59,DISPLAY APAGADO,59,S,MED
2025-12-01 00:00:00,782230201836,09,DW,12,C,01,092,CANCUN SEA ADVENTURES         ,02,ACTIVO,DTA054 ,2,F623,22NU,2025-11-01,2024-07-04,1020,348,,W1204178249,SMG,2025-11-05,LIR,62,2025-11-05 10:41:23,0901,M,GAKFM,DTA054 ,0,Nor,60,MEDID NO TRABAJA,60,S,MED
2025-12-01 00:00:00,782230303621,34,DW,12,D,01,340,PALACIO ABURTO JOSE LIBRADO   ,1D,ACTIVO,23W50H ,2,F62H,11KN,2025-12-01,2025-06-24,16171,852,,W1204162559,SMC,2025-10-23,LIR,75,2025-12-23 08:07:24,3401,L,9NCWN,23W50H ,0,Nor,53,UI SERV DIRECTO,53,S,MED
2025-12-01 00:00:00,782230402998,29,DW,12,A,01,292,SOBERANIS GONGORA CUAUTEMOC AB,1D,ACTIVO,KKH051 ,2,F623,23NU,2025-11-01,2025-09-19,8949,801,,W1204197370,SMC,2025-11-21,LIR,46,2025-11-20 09:32:09,2903,M,GA4GN,KKH051 ,0,Nor,53,UI SERV DIRECTO,53,S,MED
2025-12-01 00:00:00,782230500434,07,DW,12,C,01,072,HERNANDEZ LASCARES DELFINO    ,1D,ACTIVO,UL269F ,2,F623,21NY,2026-01-01,2026-01-05,13115,326,,W1204173962,SM3,2025-11-01,CDX,66,,,,,,,,,,,,CCC
2025-12-01 00:00:00,782230700662,27,DW,12,C,01,271,MACIAS CARDOSO JULIO CRISTIAN ,1D,ACTIVO,JBG953 ,2,F623,23NU,2025-11-01,2025-11-21,14428,2053,,W1204195367,SMG,2025-11-20,LIR,47,2025-11-19 12:22:50,2702,M,9NCWY,JFR243 ,0,Nor,60,MEDID NO TRABAJA,60,S,MED
2025-12-01 00:00:00,782230904322,10,DW,12,C,01,011,TORRES DE LA CRUZ GUADALUPE   ,1D,BAJA,,2,,,2024-04-01,2024-04-04,1210,72,,W1204178228,SMC,2025-11-05,CDB,62,,,,,,,,,,,,MED
2025-12-01 00:00:00,782231103439,23,DW,12,B,01,025,TAPIA HERNANDEZ JOSE ANGEL    ,1D,ACTIVO,UU441E ,2,F623,21NY,2024-01-01,2024-01-16,506,0,,W1204192071,SMC,2025-11-18,LIR,49,,,,,,,,,,,,MED
2025-12-01 00:00:00,782070702531,19,DW,12,C,01,190,CORAL PEREIRA JUANA           ,1D,ACTIVO,95U8J2 ,2,F62H,09KN,2025-11-01,2025-11-14,34064,7,,W1204186968,SMG,2025-11-12,LIR,55,2025-11-12 08:41:49,1901,M,R9895,95U8J2 ,0,Nor,64,P. INFRARROJO/MED. D,64,S,MED
2025-12-01 00:00:00,782240201591,23,DW,12,C,01,232,ROSPER DEL SURESTE            ,1D,ACTIVO,KKU339 ,2,F623,23NU,2025-11-01,2024-11-14,75,57,,W1204193546,SM2,2025-11-19,MED,48,2025-11-14 11:23:03,2303,M,R9895,KKU339 ,0,Nor,59,DISPLAY APAGADO,59,S,GSC
2025-12-01 00:00:00,782240401043,35,DW,12,C,01,351,MAYOREO DE AIRE               ,02,ACTIVO,GEA679 ,3,KL28,J22N,2025-11-01,2025-09-24,815,24,,W1204202997,SMG,2025-11-26,LIR,41,2025-11-25 11:23:25,3502,M,9NCWW,GEA679 ,0,Nor,64,P. INFRARROJO/MED. D,64,S,MED
2025-12-01 00:00:00,782240402597,27,DW,12,C,01,272,RADIOMOVIL DIPSA              ,02,ACTIVO,JFT341 ,2,F623,23NU,2025-11-01,2025-09-18,30605,3578,,W1204195368,SMC,2025-11-20,LIR,47,2025-11-19 15:58:18,2703,M,GAKFM,JFT341 ,0,Nor,53,UI SERV DIRECTO,53,S,MED
2025-12-01 00:00:00,782240403119,13,DW,12,C,01,131,DE LA GARZA MARTINEZ EDUARDO J,1D,ACTIVO,JGY873 ,2,F623,23NU,2025-11-01,2025-11-07,2827,232,,W1204159633,S05,2025-10-21,WAC,77,2025-11-07 08:58:14,1302,M,9ND3W,JGY873 ,232,Opt,  ,,,,CCC
2025-12-01 00:00:00,782240500173,36,DW,12,D,01,364,HERNANDEZ CALDERON HECTOR MANU,1D,ACTIVO,JHA265 ,2,F623,23NU,2025-12-01,2024-06-25,0,0,,W1204160104,SMG,2025-10-21,12D,77,2025-12-26 11:18:09,3605,L,9ND6M,JHA265 ,0,Nor,53,UI SERV DIRECTO,53,S,MED
2025-12-01 00:00:00,782240600674,37,DW,12,A,01,373,ARCOS GARCIA SANDRA CECILIA   ,1D,ACTIVO,JGX125 ,2,F623,23NU,2025-11-01,2025-09-25,3943,528,,W1204205036,SMC,2025-11-27,LIR,40,2025-11-26 10:43:52,3703,M,GACLM,JGX125 ,0,Nor,53,UI SERV DIRECTO,53,S,MED
2025-12-01 00:00:00,782240725442,25,DW,12,C,01,252,PARRA QUINTAL FRANCISCO ALBERT,1D,ACTIVO,HMG240 ,2,F623,23NY,2025-11-01,2025-11-18,147,0,,W1204134514,SM3,2025-10-02,CDG,96,2025-11-18 11:41:23,2503,M,9NCWY,HMG240 ,0,Nor,31,SERVICIO SIN USO,LM,S,CCC
2025-12-01 00:00:00,782240726210,14,DW,12,C,01,141,AVILA ARAUJO RICARDO          ,1D,ACTIVO,RDC183 ,2,F623,24NY,2025-12-01,2025-12-09,4575,655,,W1204153675,SMC,2025-10-16,CDF,82,2025-12-09 10:36:09,1402,M,GAKFM,RDC183 ,655,Opt,  ,,,,MED
2025-12-01 00:00:00,782240902115,40,DW,12,C,01,402,RAYON RUBIO ALEJANDRA         ,1D,ACTIVO,WNY466 ,2,F623,24P2,2025-12-01,2025-08-27,2124,640,,W1204167786,SMC,2025-10-27,LIR,71,2025-12-29 10:38:38,4003,L,9P14L,WNY466 ,0,Nor,53,UI SERV DIRECTO,53,S,MED
2025-12-01 00:00:00,782241104395,29,DW,12,C,01,292,LA PALAPITA CARIBE            ,02,ACTIVO,GEK999 ,3,KL28,22NJ,2025-11-01,2025-12-03,0,0,,W1204200247,SM2,2025-11-24,MED,43,2025-11-20 13:22:19,2901,M,GAA7N,GEB508 ,39086,Opt,  ,,,,GSC
2025-12-01 00:00:00,782250102273,12,DW,12,C,01,122,LOPEZ COUOH JOSETH RONALDO    ,1D,ACTIVO,RBP599 ,2,F623,24NY,2025-12-01,2025-12-08,253,493,,W1204141429,SM3,2025-10-08,CDG,90,2025-12-08 15:25:16,1203,M,GAKFM,RBP599 ,238,Opt,  ,,,,CCC
2025-12-01 00:00:00,782250103334,37,DW,12,A,01,373,ARCOS GARCIA SANDRA CECILIA   ,1D,ACTIVO,RBP546 ,2,F623,24NY,2025-11-01,2025-09-25,1041,318,,W1204205037,SMC,2025-11-27,LIR,40,2025-11-26 10:44:01,3703,M,GACLM,RBP546 ,0,Nor,53,UI SERV DIRECTO,53,S,MED
2025-12-01 00:00:00,782250202073,40,DW,12,C,01,401,VERGARA MUNOZ XAHAVIERRE      ,1D,ACTIVO,RCE616 ,2,F623,24NY,2025-12-01,2025-04-25,344,189,,W1204167777,SMC,2025-10-27,LIR,71,2025-12-29 11:28:44,4002,L,9P157,RCE616 ,0,Nor,53,UI SERV DIRECTO,53,S,MED
2025-12-01 00:00:00,782250202642,27,DW,12,C,01,271,POLANCO RAMIREZ RUBEN DARIO   ,02,CORTADO,GEA775 ,3,KL28,22NJ,2025-07-01,2025-07-18,947,947,,W1204179804,SMC,2025-11-06,CDF,61,,,,,,,,,,,,MED
2025-12-01 00:00:00,782250304496,36,DW,12,D,01,364,AY CHULIM FATIMA DEL ROSARIO  ,1D,ACTIVO,RBD158 ,2,F623,24NY,2025-12-01,2025-04-23,35,35,,W1204164161,SMC,2025-10-24,12D,74,2025-12-26 13:26:38,3605,L,9ND6M,RBD158 ,0,Nor,53,UI SERV DIRECTO,53,S,MED
2025-12-01 00:00:00,782250502492,34,DW,12,A,05,344,GOMEZ NOVOA MAURICIO          ,1D,ACTIVO,FY540T ,3,KL28,19KE,2025-12-01,2025-08-22,14,7,,W1204162547,SMG,2025-10-23,LIR,75,2025-12-23 09:31:20,3428,L,GAFHM,FY540T ,0,Nor,59,DISPLAY APAGADO,59,S,MED
2025-12-01 00:00:00,782250704133,11,DW,12,C,01,112,ALAMILLA MARTINEZ ALMA DELIA  ,1D,ACTIVO,8DVB95 ,2,F623,25NY,2025-11-01,2025-09-04,0,0,,W1204179900,SMG,2025-11-06,LIR,61,2025-11-06 09:10:42,1103,L,GAALN,8DVB95 ,0,Nor,60,MEDID NO TRABAJA,60,S,MED
2025-12-01 00:00:00,782251101939,31,DW,12,C,01,311,MARTINEZ GONZALEZ EDGAR EDMUND,1D,ACTIVO,9BDK15 ,2,F623,25P2,2025-11-01,2025-11-21,0,0,,W1204199448,SMC,2025-11-24,LIR,43,2025-11-21 14:33:12,3102,M,GAA7N,9BDK15 ,0,Nor,53,UI SERV DIRECTO,53,S,MED
2025-12-01 00:00:00,782251102021,05,DW,12,D,01,051,VAZQUEZ MORENO LUIS VALENTIN  ,1D,ACTIVO,9BDK30 ,2,F623,25P2,2026-01-01,2026-01-02,2,2,,W1204206946,S05,2025-11-29,CDD,38,,,,,,,,,,,,CCC
2025-12-01 00:00:00,782070601387,38,DW,12,C,01,380,GARCIA CALVO JESUS MANUEL     ,1D,ACTIVO,8F43N9 ,2,F621,03F3,2025-12-01,2025-12-26,29452,168,,W1204198868,SMC,2025-11-22,CDX,45,2025-12-26 10:01:55,3803,L,9P14L,8F43N9 ,168,Nor,  ,,,,MED
2025-12-01 00:00:00,782840300925,02,DW,12,B,01,022,ANA MA AGUILAR DE G           ,1D,ACTIVO,M298RN ,2,F622,17LM,2025-12-01,2025-07-30,17614,580,,W1204138871,SM3,2025-10-06,CDL,92,2025-12-01 09:15:33,0201,L,9NCWM,M298RN ,0,Nor,59,DISPLAY APAGADO,59,S,CCC
2025-12-01 00:00:00,782030409602,03,DW,12,C,01,032,GUILLERMO G PINEDA SANCHEZ    ,1D,ACTIVO,Y415MP ,2,F623,19NU,2026-01-01,2025-12-30,13209,198,,W1204180832,SM3,2025-11-07,CDL,60,,,,,,,,,,,,CCC
2025-12-01 00:00:00,782010602783,29,DW,12,A,01,293,CECILIA MORENO N              ,1D,ACTIVO,5N2H94 ,2,F621,01F3,2025-11-01,2025-07-21,31774,0,,W1204197363,SMG,2025-11-21,LIR,46,2025-11-20 08:40:36,2901,M,GABCM,5N2H94 ,0,Nor,60,MEDID NO TRABAJA,60,S,MED
2025-12-01 00:00:00,782851201082,10,DW,12,B,01,101,ELSY BRICENO                  ,1D,ACTIVO,288B6N ,2,F622,13LM,2025-12-01,2025-12-05,43834,3476,,W1204139614,SMG,2025-10-07,LIR,91,2025-12-05 08:32:48,1002,M,9NCWM,288B6N ,3476,Opt,  ,,,,MED
2025-12-01 00:00:00,782860800223,15,DW,12,A,01,151,PAREDES BOLTON MONICA MARCELA ,1D,ACTIVO,42C5K8 ,2,F621,08KG,2025-11-01,2025-11-10,52107,988,,W1204191191,SM3,2025-11-17,CDL,50,,,,,,,,,,,,CCC
2025-12-01 00:00:00,782860800282,15,DW,12,A,01,151,ALICIA YARERI CORONA          ,1D,ACTIVO,11PA01 ,2,F621,07F3,2025-11-01,2025-09-08,17888,2039,,W1204184299,SMG,2025-11-11,LIR,56,2025-11-10 07:54:50,1503,M,GA4GN,11PA01 ,0,Nor,60,MEDID NO TRABAJA,60,S,MED
2025-12-01 00:00:00,781990700062,12,DW,12,B,01,121,MARGARITA PACHECO LOPEZ       ,1D,ACTIVO,X522UH ,2,F622,19LM,2017-04-01,2017-06-09,0,0,,W1204170951,SM3,2025-10-29,CDV,69,,,,,,,,,,,,CCC
2025-12-01 00:00:00,782161122325,01,DW,12,C,01,012,CARRILLO PEDRO JUAN MANUEL    ,1D,ACTIVO,208TLM ,2,F622,16LM,2026-01-01,2025-12-29,14869,0,,W1204171098,SMG,2025-10-29,LIR,69,,,,,,,,,,,,MED
2025-12-01 00:00:00,782900600389,40,DW,12,A,01,403,LORENZO POOL DZIB             ,1D,ACTIVO,80NP25 ,2,F621,07F3,2025-12-01,2025-12-29,54890,599,,W1204181657,SM3,2025-11-08,CDW,59,2025-12-29 10:23:13,4004,M,GA4GN,80NP25 ,599,Nor,  ,,,,CCC
2025-12-01 00:00:00,782900700057,39,DW,12,C,01,392,ADDY ALDANA DIAZ              ,1D,ACTIVO,424B4N ,2,F622,13LM,2025-11-01,2025-11-27,16414,1320,,W1204133677,SM3,2025-10-01,CDL,97,2025-11-27 11:23:40,3901,M,9P120,424B4N ,1320,Opt,  ,,,,CCC
2025-12-01 00:00:00,782161119952,38,DW,12,C,01,384,HERNANDEZ HERNANDEZ JEREMIAS  ,1D,ACTIVO,344PHY ,2,F622,16LM,2025-12-01,2025-12-26,11190,336,,W1204169043,SMC,2025-10-28,CDX,70,2025-12-26 09:45:19,3802,L,GAALN,344PHY ,336,Opt,  ,,,,MED
2025-12-01 00:00:00,782161014913,25,DW,12,C,01,250,PINELO PALMA NOEMI            ,1D,ACTIVO,830PJD ,2,F622,16LM,2025-11-01,2025-11-18,76422,994,,W1204143657,SM3,2025-10-09,WAC,89,2025-11-18 15:25:29,2501,M,GAALN,830PJD ,994,Opt,  ,,,,CCC
2025-12-01 00:00:00,782180802914,37,DW,12,D,04,370,RABANALES ZACARIAS ANITA DEL C,1D,ACTIVO,N805GD ,2,F622,18LM,2025-11-01,2025-09-25,18845,596,,W1204204336,SMC,2025-11-26,LIR,41,2025-11-26 14:07:31,3726,L,9NCXK,N805GD ,0,Nor,53,UI SERV DIRECTO,53,S,MED
2025-12-01 00:00:00,782181006402,11,DW,12,D,01,114,PELAYO CERVANTES HERMANN      ,1D,ACTIVO,R579JA ,2,F622,18LM,2025-11-01,2024-09-04,9857,30,,W1204179703,SMC,2025-11-06,LIR,61,2025-11-06 10:09:50,1102,L,GATJM,R579JA ,0,Nor,53,UI SERV DIRECTO,53,S,MED
2025-12-01 00:00:00,782190303827,25,DW,12,C,01,252,VON HOUSES SA DE CV           ,1D,ACTIVO,RBT816 ,2,F623,24NY,2025-03-01,2025-03-18,57391,197,,W1204203906,SM3,2025-11-26,CDD,41,,,,,,,,,,,,CCC
2025-12-01 00:00:00,782190603031,05,DW,12,C,01,050,BLANCAS TORRES MIGEUL ANGEL   ,02,ACTIVO,5N5V00 ,2,F621,01F3,2026-01-01,2026-01-02,2151,0,,W1204177385,SM2,2025-11-05,MED,62,,,,,,,,,,,,GSC
2025-12-01 00:00:00,782940300949,05,DW,12,C,01,052,ANGEL DELGADO CARMEN          ,1D,ACTIVO,520JJA ,2,F622,15LM,2026-01-01,2026-01-02,46163,746,,W1204189894,SM3,2025-11-14,CDU,53,,,,,,,,,,,,CCC
2025-12-01 00:00:00,782940400421,29,DW,12,C,01,292,ROSA VAZQUEZ GUTIERREZ        ,1D,SUJETO A CORTE,XNE346 ,1,F123,24NX,2025-11-01,2025-07-29,0,1100,,W1204196429,SMC,2025-11-20,LIR,47,2025-11-20 08:56:51,2901,M,GAA7N,XNE346 ,0,Nor,53,UI SERV DIRECTO,53,S,MED
2025-12-01 00:00:00,782940500573,13,DW,12,C,01,130,ANA MA VAQUIER GONZALEZ       ,1D,ACTIVO,D53T94 ,2,F621,91F3,2025-11-01,2025-11-11,66004,453,,W1204184386,SM2,2025-11-11,MED,56,2025-11-07 12:08:54,1301,M,GAA7N,D53T94 ,99453,Nor,  ,,FR,S,GSC
2025-12-01 00:00:00,782940700955,17,DW,12,A,01,172,PAGAZA SANDOVAL IKER          ,1D,ACTIVO,314HAF ,3,KL28,15KM,2021-05-01,2021-05-11,45892,0,,W1204185807,SMG,2025-11-12,LIR,55,,,,,,,,,,,,MED
2025-12-01 00:00:00,782950400704,35,DW,12,C,01,350,PATRON Y ALVAREZ MARIA DEL CAR,1D,ACTIVO,68W07G ,2,F62H,11KN,2025-11-01,2025-09-24,59654,1666,,W1204202996,SMG,2025-11-26,LIR,41,2025-11-25 12:45:41,3501,M,GAKFM,68W07G ,0,Nor,60,MEDID NO TRABAJA,60,S,MED
2025-12-01 00:00:00,782970401910,34,DW,12,C,01,340,NELY RODRIGUEZ LOPEZ          ,1D,ACTIVO,997JKJ ,2,F622,15LM,2025-12-01,2025-12-23,27350,436,,W1204148940,SM3,2025-10-13,CDG,85,2025-12-23 10:39:12,3401,L,GAA7N,997JKJ ,436,Opt,  ,,,,CCC
2025-12-01 00:00:00,782970404951,29,DW,12,A,01,292,PECH CRUZ ALBA DOLORES DEL ROC,1D,ACTIVO,R892FM ,2,F622,18LM,2025-11-01,2025-11-20,54497,1945,,W1204194284,SM3,2025-11-19,WAC,48,,,,,,,,,,,,CCC
2025-12-01 00:00:00,782971100042,21,DW,12,C,01,211,LUNA MARIN MA GPE DEL CARMEN  ,1D,ACTIVO,14PA86 ,2,F621,07F3,2025-11-01,2025-11-13,58233,55,,W1204192300,SM2,2025-11-18,MED,49,2025-11-13 09:00:38,2102,M,R9895,14PA86 ,99055,Nor,  ,,FR,S,GSC
2025-12-01 00:00:00,782971101146,25,DW,12,D,01,255,VARELA NAVARRO MAYRA JANETHE  ,1D,ACTIVO,9N5R54 ,2,F621,01F3,2025-11-01,2025-09-17,39953,763,,W1204194012,SM2,2025-11-19,SAV,48,2025-11-18 10:43:37,2503,M,GATJM,9N5R54 ,99368,Nor,  ,,FR,S,GSC
2025-12-01 00:00:00,782210904229,25,DW,12,C,01,253,CAPAI SA DE CV GRUPO          ,1D,ACTIVO,MA058Y ,2,F623,20NU,2025-11-01,2025-11-18,10866,518,,W1204174410,SM3,2025-11-03,CDJ,64,,,,,,,,,,,,CCC
2025-12-01 00:00:00,782971203585,31,DW,12,A,01,313,CORTES LEON JOSE ENRIQUE      ,1D,ACTIVO,09D68Y ,2,F62H,10KN,2025-11-01,2025-09-22,39376,212,,W1204200125,SMG,2025-11-24,LIR,43,2025-11-21 07:12:10,3104,M,GABCM,09D68Y ,0,Nor,60,MEDID NO TRABAJA,60,S,MED
2025-12-01 00:00:00,782980201943,34,DW,12,C,01,342,SERGIO CAMPO                  ,1D,ACTIVO,34C3K7 ,2,F621,08KG,2025-12-01,2025-08-22,40612,414,,W1204162098,SMG,2025-10-22,LIR,76,2025-12-23 14:53:13,3402,L,GAKFM,34C3K7 ,0,Nor,60,MEDID NO TRABAJA,60,S,MED
2025-12-01 00:00:00,782980400601,12,DW,12,C,01,120,REFACCIONARIA ROGELIO SA DE CV,02,ACTIVO,425JJH ,2,F622,15LM,2022-08-01,2022-08-08,18947,7748,,W1204154135,SM3,2025-10-16,CDL,82,,,,,,,,,,,,CCC
2025-12-01 00:00:00,782980500592,31,DW,12,A,01,313,ANA MA SOLIS HDEZ             ,1D,ACTIVO,02N4E0 ,2,F62H,09KN,2025-11-01,2025-09-22,55005,812,,W1204200126,SMG,2025-11-24,LIR,43,2025-11-21 07:20:27,3104,M,GABCM,02N4E0 ,0,Nor,60,MEDID NO TRABAJA,60,S,MED
2025-12-01 00:00:00,782990404532,25,DW,12,D,01,255,DE LA TORRE RODRIGUEZ ANGEL   ,1D,ACTIVO,8E3B49 ,2,F421,00GH,2025-11-01,2025-09-17,22511,1589,,W1204192911,SMC,2025-11-18,LIR,49,2025-11-18 12:11:03,2503,M,GATJM,8E3B49 ,0,Nor,53,UI SERV DIRECTO,53,S,MED
2025-12-01 00:00:00,782211000081,05,DW,12,A,01,051,MIJANGOS CHIU MISAEL          ,02,ACTIVO,LV233M ,2,F623,20NU,2026-01-01,2026-01-02,1630,0,,W1204175606,SMG,2025-11-04,LIR,63,,,,,,,,,,,,MED
2025-12-01 00:00:00,783000455941,27,DW,12,D,01,272,SALAS MUKUL CARLOS JOSE       ,1D,ACTIVO,874W5L ,2,F622,14LM,2000-02-01,2000-04-03,1,0,,W1204140209,SM3,2025-10-07,WAD,91,,,,,,,,,,,,CCC
2025-12-01 00:00:00,783010105506,68,DW,12,D,01,640,MUNICIPIO DE BENITO JUAREZ    ,02,ACTIVO,52H1D6 ,1,F12H,09KU,2025-12-01,2025-06-13,88669,2126,,W1204183051,SMC,2025-11-10,LIR,57,2025-12-11 12:48:08,6801,L,9NCWK,52H1D6 ,0,Nor,53,UI SERV DIRECTO,53,S,MED
2025-12-01 00:00:00,783020201155,10,DW,12,D,02,102,ALCANTARA BASURTO JUAN M      ,1B,ACTIVO,0H4T03 ,1,F121,01GG,2025-12-01,2025-10-07,59963,630,,W1204138914,SMC,2025-10-06,LIR,92,2025-12-05 16:32:38,1027,M,9ND6M,0H4T03 ,0,Nor,53,UI SERV DIRECTO,53,S,MED
2025-12-01 00:00:00,783020506894,29,DW,12,D,01,297,LOPEZ CRUZ MELCHOR NOE        ,1D,ACTIVO,JCL519 ,2,F623,23NU,2025-11-01,2025-12-18,0,0,,W1204196606,SMC,2025-11-20,LIR,47,2025-11-20 13:53:23,2904,M,GAF1M,942F6X ,0,Nor,53,UI SERV DIRECTO,53,S,MED
2025-12-01 00:00:00,783030100527,29,DW,12,D,01,297,VEGA NITO JAVIER              ,1D,ACTIVO,62N4V0 ,2,F62H,09KN,2025-11-01,2025-11-24,37544,470,,W1204197777,SMC,2025-11-21,SAV,46,2025-11-20 14:01:51,2904,M,GAF1M,62N4V0 ,5856,Opt,  ,,,,MED
2025-12-01 00:00:00,783030701440,39,DW,12,A,01,392,INMOBILIARIA OLDUM SA DE CV   ,1D,ACTIVO,1DVK74 ,2,F623,25NY,2025-09-01,2025-09-26,67632,0,,W1204156091,SM3,2025-10-18,CDJ,80,2025-09-26 10:41:43,3903,M,9P180,1DVK74 ,0,Nor,56,NO HAY MEDIDOR,56,S,CCC
2025-12-01 00:00:00,783030702349,67,DW,12,D,01,670,MUNICIPIO DE BENITO JUAREZ    ,5A,ACTIVO,JCM071 ,2,F623,23NU,2024-03-01,2024-03-07,354,252,,W1204142125,SMC,2025-10-08,LIR,90,,,,,,,,,,,,MED
2025-12-01 00:00:00,783031201530,31,DW,12,D,01,318,PECH FLORES MARCO ANTONIO     ,1D,ACTIVO,03X25L ,1,F12H,11KU,2025-11-01,2025-09-22,38707,724,,W1204198120,SMC,2025-11-21,LIR,46,2025-11-21 13:45:44,3103,M,GATJM,03X25L ,0,Nor,65,UI MED INVERTIDO,65,S,MED
2025-12-01 00:00:00,783040101572,26,DW,12,D,01,267,JIMENEZ SANTIAGO FELIPE       ,1D,ACTIVO,LNP932 ,1,F123,23NX,2025-12-01,2025-12-17,934,0,,W1204197913,SM3,2025-11-21,WAD,46,2025-12-17 10:06:08,2603,M,GATJM,LNP932 ,0,Opt,31,SERVICIO SIN USO,,,CCC
2025-12-01 00:00:00,782231104397,25,DW,12,C,01,251,CUESTA DUARTE NORMA ROSALIA   ,1D,ACTIVO,JDE612 ,2,F623,23NU,2025-11-01,2025-11-18,5050,1164,,W1204184935,SM3,2025-11-11,WAD,56,,,,,,,,,,,,CCC
2025-12-01 00:00:00,783040800781,29,DW,12,D,04,291,SILVIA TAPIA CANSINO          ,1D,ACTIVO,8R45U8 ,1,F121,04GG,2025-11-01,2025-11-24,12860,1,,W1204197605,SM2,2025-11-21,SAV,46,2025-11-20 11:47:15,2926,L,9NCXK,8R45U8 ,99972,Nor,  ,,FR,S,GSC
2025-12-01 00:00:00,783050500939,29,DW,12,D,01,292,MARIA ISABEL OLAN             ,1D,ACTIVO,9E098W ,1,F121,05JL,2025-11-01,2025-11-24,11904,1,,W1204197543,SM2,2025-11-21,SAV,46,2025-11-20 09:00:46,2902,M,9NCX1,9E098W ,99986,Nor,  ,,FR,S,GSC
2025-12-01 00:00:00,782830100171,15,DW,12,A,01,152,VICTOR MANUEL GONZALEZ L      ,1D,ACTIVO,692JJY ,2,F622,15LM,2025-11-01,2025-09-08,57033,44,,W1204184298,SMC,2025-11-11,LIR,56,2025-11-10 11:28:35,1502,M,GAD0M,692JJY ,0,Nor,65,UI MED INVERTIDO,65,S,MED
2025-12-01 00:00:00,783050901895,10,DW,12,D,02,104,DILMA VERENICE PEREZ CERVANTES,1B,ACTIVO,XNK983 ,1,F123,24NX,2025-08-01,2025-08-06,18677,582,,W1204140346,SMC,2025-10-07,LIR,91,,,,,,,,,,,,MED
2025-12-01 00:00:00,783060100921,35,DW,12,D,04,037,ROXANA SANCHEZ CARREON        ,1D,ACTIVO,2J929A ,1,F121,05JL,2025-11-01,2025-11-25,34115,0,,W1204202214,SMC,2025-11-25,LIR,42,2025-11-25 09:22:09,3527,M,9ND6M,2J929A ,0,Nor,32,UI DERIVACION,32,S,MED
2025-12-01 00:00:00,783060801473,29,DW,12,D,01,297,ARREDONDO MADRIGAL ENRIQUE ART,1D,ACTIVO,8T173D ,2,F621,06F3,2025-11-01,2025-11-20,25815,0,,W1204141613,SM3,2025-10-08,CDB,90,2025-11-20 09:22:02,2904,M,GAF1M,8T173D ,0,Nor,31,SERVICIO SIN USO,,,CCC
2025-12-01 00:00:00,782910900178,05,DW,12,C,01,050,IRAIS G ROMERO CAMPOS         ,1D,ACTIVO,D48D62 ,2,K421,91F9,2026-01-01,2026-01-02,72377,636,,W1204177383,SM2,2025-11-05,MED,62,,,,,,,,,,,,GSC
2025-12-01 00:00:00,782920309354,13,DW,12,C,01,131,MANUEL CUEVAS CACERES         ,1D,ACTIVO,Y371PC ,2,F623,19NU,2025-11-01,2025-01-10,25924,1661,,W1204184786,SM2,2025-11-11,SAV,56,2025-11-07 07:59:14,1302,M,9ND3W,Y371PC ,97992,Opt,  ,,,,GSC
2025-12-01 00:00:00,783061008351,32,DW,12,D,01,320,RODRIGUEZ CHAB LUIS ALEJANDRO ,1D,ACTIVO,46N81L ,2,F62H,10KN,2025-12-01,2024-12-19,33438,1020,,W1204161506,SM2,2025-10-22,12D,76,2025-12-22 13:47:36,3201,L,GATJM,46N81L ,0,Nor,59,DISPLAY APAGADO,59,S,GSC
2025-12-01 00:00:00,783061100801,21,DW,12,D,01,212,TELLEZ YANEZ YOLANDA DEL ROSAR,1D,ACTIVO,7U187P ,2,F421,06GH,2025-11-01,2025-09-11,39775,203,,W1204188408,SMC,2025-11-13,LIR,54,2025-11-13 10:00:16,2104,M,GATJM,7U187P ,0,Nor,53,UI SERV DIRECTO,53,S,MED
2025-12-01 00:00:00,783061201054,10,DW,12,D,02,104,GUTIERREZ MONTIEL CARMITA B   ,1B,ACTIVO,WNU835 ,2,F623,24P2,2025-12-01,2025-08-06,2569,613,,W1204140349,SMC,2025-10-07,LIR,91,2025-12-05 13:26:41,1028,M,GA4HN,WNU835 ,0,Nor,53,UI SERV DIRECTO,53,S,MED
2025-12-01 00:00:00,783061204584,31,DW,12,D,01,317,HERNANDEZ ALVAREZ E  NOEMI    ,1D,ACTIVO,YC728J ,2,F623,21NU,2025-11-01,2025-11-21,8459,499,,W1204141095,SM3,2025-10-07,CDX,91,2025-11-21 08:09:31,3102,M,GAALN,YC728J ,499,Opt,  ,,,,CCC
2025-12-01 00:00:00,782920505366,21,DW,12,C,01,210,LEON SUAREZ JACOB             ,1D,ACTIVO,6T678Y ,2,F621,06F3,2025-11-01,2025-11-13,56438,238,,W1204200335,SMC,2025-11-24,WAC,43,,,,,,,,,,,,MED
2025-12-01 00:00:00,782921101056,05,DW,12,C,01,050,HECTOR ROMERO GALLARDO        ,1D,CORTADO,D33B42 ,2,F421,91F8,2026-01-01,2026-01-02,65727,0,,W1204175531,SMG,2025-11-04,LIR,63,,,,,,,,,,,,MED
2025-12-01 00:00:00,783070702031,27,DW,12,D,01,270,SOTRES CALLEJAS INOEL         ,02,ACTIVO,6T027Y ,2,F621,06F3,2025-11-01,2025-11-19,85911,2510,,W1204195865,SM2,2025-11-20,SAV,47,2025-11-19 08:07:38,2701,M,9ND6M,6T027Y ,367,Nor,  ,,FR,S,GSC
2025-12-01 00:00:00,782930602068,35,DW,12,C,01,352,DAVID MIRANDA JASSO           ,1D,ACTIVO,4R198F ,2,F621,06F3,2025-11-01,2025-09-24,68546,570,,W1204203003,SMC,2025-11-26,LIR,41,2025-11-25 13:07:14,3503,M,GAA7N,4R198F ,0,Nor,53,UI SERV DIRECTO,53,S,MED
2025-12-01 00:00:00,783071101830,25,DW,12,D,01,257,VILLANUEVA VELAZCO ROBERTO    ,1D,CORTADO,2AAX77 ,2,F623,25NY,2025-07-01,2025-07-17,48428,5961,,W1204192918,SMC,2025-11-18,LIR,49,,,,,,,,,,,,MED
2025-12-01 00:00:00,783080301957,80,DW,12,D,01,001,MUNICIPIO DE BENITO JUAREZ    ,5A,ACTIVO,,2,,,2025-11-01,2050-01-01,0,0,,W1204180735,SM2,2025-11-07,12C,60,,,,,,,,,,,,GSC
2025-12-01 00:00:00,782940100737,05,DW,12,C,01,052,ANDRADE PONCE ELISEO          ,1D,ACTIVO,67P28H ,2,F12H,10KU,2026-01-01,2026-01-02,31672,0,,W1204136086,SM3,2025-10-03,CDG,95,,,,,,,,,,,,CCC
2025-12-01 00:00:00,783080600296,39,DW,12,D,04,391,VIVEROS LANDA SAUL            ,1D,ACTIVO,55TJ16 ,1,F121,08JL,2025-11-01,2025-11-27,57004,1002,,W1204196165,SM3,2025-11-20,WAD,47,,,,,,,,,,,,CCC
2025-12-01 00:00:00,783080601888,19,DW,12,D,01,194,ROSADO LOPEZ ROSA ELVIRA      ,1D,ACTIVO,57W17F ,2,F62H,11KN,2025-11-01,2025-11-12,32693,703,,W1204133553,SM3,2025-10-01,WAA,97,2025-11-12 12:26:18,1905,M,9ND6M,57W17F ,703,Opt,  ,,,,CCC
2025-12-01 00:00:00,783080602965,19,DW,12,D,01,194,CRISTIAN REYES GALLARDO       ,1D,ACTIVO,53D1D4 ,2,F421,08KF,2025-11-01,2025-11-12,47678,861,,W1204155230,SM3,2025-10-17,CDC,81,2025-11-12 13:04:01,1905,M,9ND6M,53D1D4 ,861,Nor,  ,,,,CCC
2025-12-01 00:00:00,783080609617,67,DW,12,D,01,670,MUNICIPIO DE BENITO JUAREZ    ,02,ACTIVO,9DVF93 ,2,F623,25NY,2025-08-01,2025-08-11,73683,1000,,W1204181223,SMC,2025-11-07,LIR,60,,,,,,,,,,,,MED
2025-12-01 00:00:00,782971101499,25,DW,12,D,01,255,AVILES BELTRAN JORGE MOISES   ,1D,ACTIVO,467JHD ,2,F622,15LM,2024-05-01,2024-05-17,29333,0,,W1204192910,SMC,2025-11-18,LIR,49,2024-05-17 08:05:40,2503,L,GAD0M,4F577X ,0,Nor,56,NO HAY MEDIDOR,56,S,MED
2025-12-01 00:00:00,783080703711,19,DW,12,D,01,192,CHAVEZ PLASCENCIA ALFREDO     ,1D,ACTIVO,NR500L ,2,F623,20NU,2021-07-01,2021-07-15,24347,303,,W1204186792,SMC,2025-11-12,LIR,55,,,,,,,,,,,,MED
2025-12-01 00:00:00,782991101894,27,DW,12,A,01,272,MARTIN CAMARA ELVIA           ,1D,ACTIVO,838JHN ,2,F622,15LM,2025-11-01,2025-09-18,67079,1818,,W1204195376,SMC,2025-11-20,LIR,47,2025-11-19 10:38:34,2702,M,GABCM,838JHN ,0,Nor,53,UI SERV DIRECTO,53,S,MED
2025-12-01 00:00:00,783080805254,23,DW,12,D,01,230,FELICIANO IZQUIERDO ZAPATA    ,1D,ACTIVO,29D9J7 ,2,F421,08KF,2025-11-01,2025-11-19,48668,1790,,W1204189848,SMG,2025-11-14,LIR,53,2025-11-14 08:41:22,2301,M,GATJM,29D9J7 ,0,Nor,60,MEDID NO TRABAJA,60,S,MED
2025-12-01 00:00:00,783080807125,20,DW,12,D,01,203,ELEUTERIA ARGUELLES OSORIO    ,1D,CORTADO,20C2J6 ,2,F621,08KG,2025-12-01,2025-12-12,57625,614,,W1204177297,SM3,2025-11-05,WAD,62,2025-12-12 10:32:59,2004,M,GAALN,20C2J6 ,614,Nor,  ,,,,CCC
2025-12-01 00:00:00,783040504146,29,DW,12,D,01,292,HERRERA ALBORNOS VERONICA C   ,1D,SUJETO A CORTE,1T36D6 ,1,F121,04GG,2025-11-01,2025-07-21,14112,1674,,W1204181026,SM2,2025-11-07,MED,60,2025-11-20 08:27:42,2902,M,9NCX1,1T36D6 ,99901,Nor,  ,,FR,S,GSC
2025-12-01 00:00:00,783080913251,21,DW,12,D,01,213,YCO CULEJ CRISTINA PETRONA    ,1D,ACTIVO,39C2K7 ,2,F621,08KG,2025-11-01,2025-09-11,13696,153,,W1204189246,SM2,2025-11-14,SAV,53,2025-11-13 12:43:13,2101,M,GA4HN,39C2K7 ,99981,Nor,  ,,FR,S,GSC
2025-12-01 00:00:00,783050501811,29,DW,12,D,01,292,CORONEL DOMINGUEZ ARMANDO     ,1D,ACTIVO,8E933W ,1,F121,05JL,2025-11-01,2025-11-24,58796,0,,W1204197553,SM2,2025-11-21,SAV,46,2025-11-20 09:22:44,2902,M,9NCX1,8E933W ,99901,Nor,  ,,FR,S,GSC
2025-12-01 00:00:00,783081010930,39,DW,12,D,01,390,GONZALEZ SMITH MARIA          ,1D,CORTADO,677EBU ,2,F622,15LM,2025-11-01,2025-11-27,23004,0,,W1204205833,SMC,2025-11-27,LIR,40,2025-11-27 16:05:00,3901,M,GA4HN,677EBU ,0,Nor,53,UI SERV DIRECTO,53,S,MED
2025-12-01 00:00:00,783081206770,16,DW,12,D,01,162,HERNANDEZ MARTINEZ JOSE ALFRED,1D,ACTIVO,95D7K9 ,2,F421,08KF,2025-12-01,2025-12-10,24441,608,,W1204136451,SM3,2025-10-03,WAC,95,2025-12-10 09:48:57,1603,M,9P14M,95D7K9 ,608,Nor,  ,,,,CCC
2025-12-01 00:00:00,783090102481,19,DW,12,D,01,194,ARMANDO HERNANDEZ MENDOZA     ,1D,CORTADO,REE592 ,2,F623,24NY,2025-11-01,2025-09-10,1705,469,,W1204186990,SMC,2025-11-12,LIR,55,2025-11-12 09:33:06,1905,M,9ND6M,REE592 ,0,Nor,53,UI SERV DIRECTO,53,S,MED
2025-12-01 00:00:00,783090300932,37,DW,12,D,04,374,HUERTA LOPEZ JOSE             ,1D,ACTIVO,56B2D5 ,1,F121,08JL,2025-11-01,2025-11-26,33957,762,,W1204205860,SMC,2025-11-27,CDV,40,,,,,,,,,,,,MED
2025-12-01 00:00:00,782850200481,11,DW,12,A,01,112,VENTURA MALANCHE JUAN A       ,1D,ACTIVO,HYT092 ,2,F623,23NU,2025-11-01,2025-11-06,9589,1078,,W1204188354,SM2,2025-11-13,12C,54,,,,,,,,,,,,GSC
2025-12-01 00:00:00,783090901812,08,DW,12,D,02,080,COX CANUL NATIVIDAD DEL ROSARI,1B,ACTIVO,9E929G ,1,F121,05JL,2025-12-01,2025-08-05,21579,179,,W1204138183,SMC,2025-10-06,LIR,92,2025-12-04 09:09:53,0826,M,GA4HN,9E929G ,0,Nor,53,UI SERV DIRECTO,53,S,MED
2025-12-01 00:00:00,782850300087,05,DW,12,C,01,050,JAIME TAMARGO BENAVIDES       ,1D,ACTIVO,B250A6 ,2,F621,94F3,2026-01-01,2026-01-02,90598,1346,,W1204177395,SM2,2025-11-05,MED,62,,,,,,,,,,,,GSC
2025-12-01 00:00:00,783100109331,12,DW,12,D,01,120,ALAMILLA HERNANDEZ ROGELIO    ,1D,ACTIVO,06M8R0 ,2,F62H,09KN,2025-12-01,2025-12-08,6603,446,,W1204140343,SMC,2025-10-07,LIR,91,2025-12-08 14:28:04,1201,M,GAE2M,06M8R0 ,285,Opt,  ,,,,MED
2025-12-01 00:00:00,783100204881,22,DW,12,D,01,224,GALVEZ CASTILLO EDUARDO       ,1D,ACTIVO,DXJ839 ,1,F123,22NX,2025-12-01,2025-04-11,8087,722,,W1204151700,SMC,2025-10-15,LIR,83,2025-12-15 14:59:06,2201,M,9NCX3,DXJ839 ,0,Nor,53,UI SERV DIRECTO,53,S,MED
2025-12-01 00:00:00,783100207651,22,DW,12,D,01,224,HERNANDEZ OCANA ANTONIA       ,1D,ACTIVO,54G2D0 ,1,F12H,09KU,2025-12-01,2025-12-15,25450,929,,W1204151843,SMC,2025-10-15,12D,83,2025-12-15 15:07:27,2201,M,9NCX3,54G2D0 ,929,Opt,  ,,,,MED
2025-12-01 00:00:00,783100303501,07,DW,12,D,01,070,MONTES MONTIEL RENATO         ,1D,ACTIVO,39D6C3 ,2,F421,08KF,2026-01-01,2026-01-05,11441,0,,W1204177506,SM2,2025-11-05,12D,62,,,,,,,,,,,,GSC
2025-12-01 00:00:00,783100306438,20,DW,12,D,01,200,WILBERTH MISAEL MOO CAAMAL    ,1D,ACTIVO,27M9P4 ,2,F62H,09KN,2025-12-01,2025-12-12,65654,582,,W1204161844,SM3,2025-10-22,CDP,76,2025-12-12 07:55:53,2001,M,GATJM,27M9P4 ,582,Opt,  ,,,,CCC
2025-12-01 00:00:00,783100313035,12,DW,12,D,01,121,CISNEROS RIVERO MA CRISTINA   ,1D,ACTIVO,79N6L5 ,2,F62H,09KN,2025-12-01,2025-12-08,23120,51,,W1204140352,SMC,2025-10-07,LIR,91,2025-12-08 08:35:11,1202,M,GA4HN,79N6L5 ,51,Opt,  ,,,,MED
2025-12-01 00:00:00,783100602096,12,DW,12,D,01,121,LORTIA MENDEZ BRUNO EDGAR    S,1D,CORTADO,YP657C ,2,F623,21NU,2022-08-01,2022-08-08,19677,0,,W1204140366,SMC,2025-10-07,LIR,91,,,,,,,,,,,,MED
2025-12-01 00:00:00,783100606938,12,DW,12,D,01,121,ESCAMILLA ARELLANO RUBI A     ,1D,ACTIVO,G366MD ,2,F622,17LM,2025-12-01,2025-12-08,16690,2004,,W1204140368,SMC,2025-10-07,LIR,91,2025-12-08 14:55:53,1202,M,GA4HN,G366MD ,1210,Opt,  ,,,,MED
2025-12-01 00:00:00,782890602493,13,DW,12,C,01,130,ILEANA S RODRIGUEZ A          ,1D,ACTIVO,3XC922 ,2,F621,00F3,2025-11-01,2025-09-05,37855,0,,W1204182498,SMG,2025-11-10,LIR,57,2025-11-07 12:11:46,1301,M,GAA7N,3XC922 ,0,Nor,60,MEDID NO TRABAJA,60,S,MED
2025-12-01 00:00:00,783100803997,23,DW,12,D,01,233,TREJO MONTEJO LILIANA DEL CARM,1D,ACTIVO,40X1F6 ,2,F62F,09L2,2025-11-01,2025-09-12,55563,8,,W1204194036,SMG,2025-11-19,LIR,48,2025-11-14 10:08:36,2304,M,GA4HN,40X1F6 ,0,Nor,60,MEDID NO TRABAJA,60,S,MED
2025-12-01 00:00:00,783100900755,04,DW,12,C,01,041,LOPEZ VELASCO MARCO ANTONIO   ,1D,ACTIVO,221T3J ,2,F622,14LM,2025-12-01,2025-07-01,55112,531,,W1204133047,SMC,2025-10-01,LIR,97,2025-12-02 07:31:09,0401,M,GAA7N,221T3J ,0,Nor,53,UI SERV DIRECTO,53,S,MED
2025-12-01 00:00:00,783100907938,28,DW,12,D,01,288,MARTINEZ SANCHEZ EDITH YARITZA,1C,BAJA,,2,,,2014-08-01,2014-08-19,4474,0,,W1204204154,SMC,2025-11-26,CDD,41,,,,,,,,,,,,MED
2025-12-01 00:00:00,783100913491,07,DW,12,D,01,072,ACOSTA HERNANDEZ CRISTINA DEL ,1D,ACTIVO,093G3N ,2,F622,13LM,2026-01-01,2026-01-05,21475,0,,W1204176322,SMC,2025-11-04,LIR,63,,,,,,,,,,,,MED
2025-12-01 00:00:00,783101016913,19,DW,12,D,01,190,CAPETILLO SAENZ SARA          ,1D,ACTIVO,48E39N ,2,F62H,10KN,2025-11-01,2025-09-10,42629,1533,,W1204186774,SMC,2025-11-12,LIR,55,2025-11-12 08:09:22,1902,M,9P14M,48E39N ,0,Nor,53,UI SERV DIRECTO,53,S,MED
2025-12-01 00:00:00,783101016972,19,DW,12,D,01,190,LOPEZ RUIZ CARMEN             ,1D,CORTADO,74N2V2 ,2,F62H,09KN,2025-11-01,2025-04-21,19598,0,,W1204186775,SMC,2025-11-12,LIR,55,2025-11-12 08:13:10,1902,M,9P14M,74N2V2 ,0,Nor,53,UI SERV DIRECTO,53,S,MED
2025-12-01 00:00:00,783101017642,08,DW,12,D,02,080,CANCHE PORFIRIA               ,1B,ACTIVO,FJU545 ,1,F123,22NX,2023-10-01,2023-10-04,8420,75,,W1204138181,SMC,2025-10-06,LIR,92,,,,,,,,,,,,MED
2025-12-01 00:00:00,782890701629,39,DW,12,C,01,396,TOMAS GOMEZ OCAMPO            ,1D,ACTIVO,0DVC89 ,2,F623,25NY,2025-07-01,2025-07-28,2832,212,,W1204205784,SMC,2025-11-27,LIR,40,,,,,,,,,,,,MED
2025-12-01 00:00:00,783060906631,32,DW,12,D,01,320,AGUILAR CASTILLO OSCAR JAVIER ,1D,ACTIVO,XNB959 ,1,F123,24NX,2025-10-01,2025-10-21,36066,0,,W1204136405,SM3,2025-10-03,WAC,95,,,,,,,,,,,,CCC
2025-12-01 00:00:00,783070105734,29,DW,12,D,01,296,BALAM BALAM MANUELA           ,1D,ACTIVO,7T872Y ,2,F621,06F3,2025-11-01,2025-11-24,51508,1,,W1204197578,SM2,2025-11-21,SAV,46,2025-11-20 09:02:14,2903,L,9P14M,7T872Y ,99942,Nor,  ,,FR,S,GSC
2025-12-01 00:00:00,783070304362,21,DW,12,D,01,212,CONSTRUCTURA Y DESARROLLADORA ,1D,ACTIVO,672JKW ,2,F622,15LM,2025-11-01,2025-09-11,67800,1787,,W1204188411,SMC,2025-11-13,LIR,54,2025-11-13 11:49:53,2104,M,GATJM,672JKW ,0,Nor,53,UI SERV DIRECTO,53,S,MED
2025-12-01 00:00:00,783071003897,19,DW,12,D,01,192,ORDUNA CASTILLO LILIANA       ,1D,ACTIVO,33PF08 ,2,F621,07F3,2025-11-01,2025-09-10,66237,8,,W1204186793,SMG,2025-11-12,LIR,55,2025-11-12 11:25:46,1904,M,GAF1M,33PF08 ,0,Nor,60,MEDID NO TRABAJA,60,S,MED
2025-12-01 00:00:00,783110306240,16,DW,12,D,01,161,TORRES GARCIA LUIS ALFREDO    ,1D,ACTIVO,6T704D ,2,F621,06F3,2025-12-01,2025-12-10,28084,663,,W1204181640,SM3,2025-11-08,CDU,59,2025-12-10 12:25:04,1602,M,GATJM,6T704D ,663,Nor,  ,,,,CCC
2025-12-01 00:00:00,783110309273,25,DW,12,D,01,257,HAY AZCORRA ONDINE ALEJANDRA  ,1D,ACTIVO,679PHR ,2,F622,16LM,2011-03-01,2011-04-01,0,0,,W1204201904,SM3,2025-11-25,WAD,42,,,,,,,,,,,,CCC
2025-12-01 00:00:00,783110605107,12,DW,12,D,01,122,HAU MEX FREDI OTONIEL         ,1D,CORTADO,2T587C ,2,F621,06F3,2025-12-01,2025-06-06,5285,206,,W1204141881,SMC,2025-10-08,12D,90,2025-12-08 08:27:22,1203,M,9ND6M,2T587C ,4051,Nor,44,NUM MEDID DESIGU,44,S,MED
2025-12-01 00:00:00,783110605395,09,DW,12,D,01,090,AGUIRRE OROZCO JAIME          ,1D,ACTIVO,YH446J ,2,F623,21NU,2025-11-01,2025-11-05,21372,970,,W1204174197,SM3,2025-11-02,CDD,65,,,,,,,,,,,,CCC
2025-12-01 00:00:00,783110606804,34,DW,12,D,01,341,LAZARO RODRIGUEZ ANGEL        ,1D,ACTIVO,T144WN ,2,F622,18LM,2025-12-01,2025-08-22,8631,628,,W1204138783,SM3,2025-10-06,CDV,92,2025-12-23 12:31:37,3402,L,9ND6M,T144WN ,0,Nor,53,UI SERV DIRECTO,53,S,CCC
2025-12-01 00:00:00,783080402516,19,DW,12,D,01,192,REYES VARGAS JUAN JOSE        ,1D,ACTIVO,51D6B0 ,2,F421,08KF,2025-11-01,2025-11-12,71371,0,,W1204165121,SM3,2025-10-25,CDD,73,2025-11-12 12:29:31,1904,M,GAF1M,51D6B0 ,0,Nor,31,SERVICIO SIN USO,,,CCC
2025-12-01 00:00:00,783110801712,12,DW,12,D,01,122,COLLADO SILVAN JOSE DEL ROSARI,1D,ACTIVO,YP337M ,2,F623,21NU,2022-08-01,2022-08-08,16520,1134,,W1204140389,SMC,2025-10-07,LIR,91,,,,,,,,,,,,MED
2025-12-01 00:00:00,783110806218,15,DW,12,D,01,152,VELA ALANIS JULIAN            ,1D,ACTIVO,NL519F ,2,F623,20NU,2025-11-01,2025-09-08,20177,957,,W1204183434,SMC,2025-11-10,LIR,57,2025-11-10 07:52:46,1502,M,GATJM,NL519F ,0,Nor,53,UI SERV DIRECTO,53,S,MED
2025-12-01 00:00:00,783110904201,09,DW,12,D,01,090,ARGUELLES GARCIA MAYRA LUCELY ,1D,ACTIVO,65T45C ,2,F62H,10KN,2025-11-01,2025-11-05,60282,1868,,W1204196093,SM3,2025-11-20,WAD,47,,,,,,,,,,,,CCC
2025-12-01 00:00:00,783110904368,09,DW,12,D,01,090,GILBERT GONZALEZ JUAN MANUEL  ,1D,ACTIVO,33M3P6 ,2,F62H,09KN,2025-11-01,2025-11-07,56185,1000,,W1204179532,SMC,2025-11-06,12D,61,2025-11-05 11:09:44,0901,M,GA4HN,33M3P6 ,45162,Opt,44,NUM MEDID DESIGU,44,S,MED
2025-12-01 00:00:00,783110904384,22,DW,12,D,01,224,USCANGA ARCHER MARIA YANET    ,1D,ACTIVO,9E382W ,1,F121,05JL,2025-12-01,2025-12-15,24649,269,,W1204202005,SM3,2025-11-25,CDJ,42,2025-12-15 11:41:15,2201,M,9NCX3,9E382W ,269,Nor,  ,,,,CCC
2025-12-01 00:00:00,783110904961,14,DW,12,D,01,143,LOPEZ MARTINEZ GUILLERMO      ,1D,CORTADO,34D4F8 ,2,F421,08KF,2025-12-01,2025-08-08,11801,17,,W1204142321,SMC,2025-10-08,LIR,90,2025-12-09 14:26:10,1403,M,GA4HN,34D4F8 ,0,Nor,53,UI SERV DIRECTO,53,S,MED
2025-12-01 00:00:00,783110905411,12,DW,12,D,01,122,REYES DIAS DANIEL             ,1D,ACTIVO,8E3B78 ,2,F421,00GH,2025-12-01,2024-06-10,23030,0,,W1204140379,SMC,2025-10-07,LIR,91,2025-12-08 09:12:44,1203,M,9ND6M,8E3B78 ,0,Nor,53,UI SERV DIRECTO,53,S,MED
2025-12-01 00:00:00,783110906352,12,DW,12,D,01,121,TEJEDO HERNANDEZ SARA         ,1D,ACTIVO,UW106P ,2,F623,21NY,2025-12-01,2025-12-08,10721,2054,,W1204140365,SMC,2025-10-07,LIR,91,2025-12-08 14:36:40,1202,M,GA4HN,UW106P ,1017,Opt,  ,,,,MED
2025-12-01 00:00:00,783110906760,12,DW,12,D,01,122,CARRILLO PEREZ MARCOS         ,1D,ACTIVO,63T23C ,2,F62H,10KN,2025-12-01,2025-08-07,50196,824,,W1204140383,SMC,2025-10-07,LIR,91,2025-12-08 14:39:49,1203,M,9ND6M,63T23C ,0,Nor,53,UI SERV DIRECTO,53,S,MED
2025-12-01 00:00:00,783110907154,08,DW,12,D,02,081,CRUZ DURAN NEMECIO RODRIGO    ,1B,ACTIVO,44P55H ,1,F12H,10KU,2025-12-01,2025-12-04,26279,198,,W1204205643,SM3,2025-11-27,CDW,40,2025-12-04 08:03:38,0827,M,9ND6M,44P55H ,198,Opt,  ,,,,CCC
2025-12-01 00:00:00,783111010999,12,DW,12,D,01,122,CANUL   MIGUEL ANGEL          ,1D,ACTIVO,68H41K ,2,F62H,10KN,2025-12-01,2024-10-07,27450,0,,W1204140377,SMC,2025-10-07,LIR,91,2025-12-08 14:09:12,1203,M,9ND6M,68H41K ,0,Nor,53,UI SERV DIRECTO,53,S,MED
2025-12-01 00:00:00,783111011243,12,DW,12,D,01,122,TUN EUAN WENCESLAO S          ,1D,ACTIVO,25N22N ,2,F62H,10KN,2025-12-01,2025-08-07,3590,158,,W1204140375,SMC,2025-10-07,LIR,91,2025-12-08 07:58:05,1203,M,9ND6M,25N22N ,0,Nor,53,UI SERV DIRECTO,53,S,MED
2025-12-01 00:00:00,783080611107,31,DW,12,D,01,317,GONZALEZ ROMERO RAYMUNDO      ,1D,ACTIVO,34D0F4 ,2,F421,08KF,2025-11-01,2025-09-22,36244,15,,W1204200209,SM2,2025-11-24,SAV,43,2025-11-21 09:58:10,3102,M,GAALN,34D0F4 ,99964,Nor,  ,,FR,S,GSC
2025-12-01 00:00:00,783111100963,12,DW,12,D,01,122,DZUL BALAM ALBA RUBI          ,1D,ACTIVO,45W69G ,2,F62H,11KN,2025-12-01,2025-06-06,10791,114,,W1204140393,SMC,2025-10-07,LIR,91,2025-12-08 16:14:07,1203,M,9ND6M,45W69G ,0,Nor,53,UI SERV DIRECTO,53,S,MED
2025-12-01 00:00:00,783111105841,12,DW,12,D,01,122,ARROYO TELLEZ DANIEL          ,1D,ACTIVO,YC543N ,2,F623,21NU,2025-12-01,2022-10-06,0,0,,W1204140392,SMC,2025-10-07,LIR,91,2025-12-08 15:59:27,1203,M,9ND6M,YC543N ,0,Nor,56,NO HAY MEDIDOR,56,S,MED
2025-12-01 00:00:00,783111109111,37,DW,12,D,04,377,TELLO VIVAS KENIA             ,1D,ACTIVO,4F54V6 ,2,F621,03F3,2025-11-01,2025-09-25,16122,1089,,W1204204367,SMC,2025-11-26,LIR,41,2025-11-26 10:52:05,3730,M,GATJM,4F54V6 ,0,Nor,53,UI SERV DIRECTO,53,S,MED
2025-12-01 00:00:00,783111206761,10,DW,12,D,02,102,SOLIS PEREZ HIPOLITO          ,1B,ACTIVO,7A47V5 ,1,F121,02GG,2025-12-01,2025-12-05,6918,23,,W1204140049,SM2,2025-10-07,SAV,91,2025-12-05 08:14:36,1027,M,9ND6M,7A47V5 ,23,Nor,  ,,,,GSC
2025-12-01 00:00:00,783120200814,14,DW,12,D,01,143,CHAN LAVADORES JOSE MANUEL    ,1D,ACTIVO,15E43E ,2,F62H,10KN,2025-12-01,2025-12-09,21013,2436,,W1204142318,SMC,2025-10-08,LIR,90,2025-12-09 10:11:16,1403,M,GA4HN,15E43E ,1403,Opt,  ,,,,MED
2025-12-01 00:00:00,783120305357,18,DW,12,D,01,183,DZIB TAMAY MARGARITA          ,1D,ACTIVO,517JCK ,1,F122,15LN,2024-10-01,2024-10-10,24429,1550,,W1204148628,SMC,2025-10-13,12D,85,2024-10-10 09:11:24,1801,L,GA4HN,L826FL ,0,Nor,56,NO HAY MEDIDOR,56,S,MED
2025-12-01 00:00:00,783120401593,25,DW,12,D,01,257,PEREZ SOLIS CLAUDIA           ,1D,ACTIVO,47W85F ,2,F62H,11KN,2025-11-01,2025-11-18,41680,0,,W1204192924,SMC,2025-11-18,LIR,49,2025-11-18 12:49:48,2504,M,GA4HN,47W85F ,0,Opt,32,UI DERIVACION,32,S,MED
2025-12-01 00:00:00,783080705331,37,DW,12,D,04,371,PEREZ SOBERANIS LUIS OMAR     ,1D,ACTIVO,P805HH ,2,F623,18NN,2025-11-01,2025-07-25,37333,1362,,W1204204082,SMG,2025-11-26,LIR,41,2025-11-26 11:53:56,3727,L,9P14M,P805HH ,0,Nor,60,MEDID NO TRABAJA,60,S,MED
2025-12-01 00:00:00,783120405050,07,DW,12,D,01,070,VIOLANTE PARAMO ANTONIO       ,1D,ACTIVO,86W71B ,2,F62H,11KN,2026-01-01,2026-01-05,49215,0,,W1204176288,SMG,2025-11-04,LIR,63,,,,,,,,,,,,MED
2025-12-01 00:00:00,783120409748,11,DW,12,D,01,110,PEREZ RAMIREZ EFRAIN          ,1D,ACTIVO,01D28X ,2,F62H,10KN,2025-11-01,2025-07-08,36247,1118,,W1204180704,SM2,2025-11-07,12D,60,2025-11-06 08:21:32,1101,M,GA4HN,01D28X ,0,Nor,59,DISPLAY APAGADO,59,S,GSC
2025-12-01 00:00:00,783120502349,69,DW,12,D,01,650,MUNICIPIO DE BENITO JUAREZ    ,02,ACTIVO,1E36A5 ,2,F421,03GH,2025-12-01,2025-12-15,29426,430,,W1204186046,SMC,2025-11-12,LIR,55,2025-12-12 10:19:30,6901,L,9NCX1,1E36A5 ,0,Nor,53,UI SERV DIRECTO,53,S,MED
2025-12-01 00:00:00,783120605105,10,DW,12,D,02,106,CANCHE NOH JORGE ALBERTO      ,1B,ACTIVO,3B59J5 ,1,F121,03GG,2025-12-01,2025-04-03,15710,380,,W1204139825,SMC,2025-10-07,SAV,91,2025-12-05 10:44:47,1029,M,9NCXK,3B59J5 ,85713,Nor,44,NUM MEDID DESIGU,44,S,MED
2025-12-01 00:00:00,783080906514,19,DW,12,D,01,194,MARIA DEL SOCORRO GOMEZ       ,1D,CORTADO,21C6J9 ,2,F621,08KG,2025-11-01,2025-09-10,20302,0,,W1204187003,SMG,2025-11-12,LIR,55,2025-11-12 13:12:17,1905,M,9ND6M,21C6J9 ,0,Nor,60,MEDID NO TRABAJA,60,S,MED
2025-12-01 00:00:00,783120708508,11,DW,12,D,01,110,GONZALEZ ALAMILLA GABINA      ,1D,ACTIVO,YC722C ,2,F623,21NU,2025-11-01,2025-09-04,13630,833,,W1204179688,SMC,2025-11-06,LIR,61,2025-11-06 09:00:57,1101,M,GA4HN,YC722C ,0,Nor,53,UI SERV DIRECTO,53,S,MED
2025-12-01 00:00:00,783081005219,37,DW,12,D,04,371,JIMENEZ Y MARIN MARIO         ,1D,ACTIVO,88YD77 ,1,F121,08JL,2025-11-01,2025-09-25,57722,726,,W1204204083,SMC,2025-11-26,LIR,41,2025-11-26 12:24:43,3727,L,9P14M,88YD77 ,0,Nor,53,UI SERV DIRECTO,53,S,MED
2025-12-01 00:00:00,783120802261,08,DW,12,D,02,080,NOH CAN ISMAEL                ,1B,ACTIVO,82H7D7 ,1,F12H,09KU,2025-12-01,2025-12-04,32500,1768,,W1204138182,SMC,2025-10-06,LIR,92,2025-12-04 08:30:55,0826,M,GA4HN,82H7D7 ,1361,Opt,  ,,,,MED
2025-12-01 00:00:00,783120903408,11,DW,12,D,01,110,ESPINOZA ESPINOZA ALEJANDRO   ,1D,ACTIVO,UM596V ,2,F623,21NY,2023-07-01,2023-07-10,14546,176,,W1204143972,SMC,2025-10-09,WAB,89,,,,,,,,,,,,MED
2025-12-01 00:00:00,783090801940,37,DW,12,C,01,374,NOH VELA ELVIA MIREYA         ,1D,ACTIVO,06N17T ,2,F62H,10KN,2010-03-01,2050-01-01,0,0,,W1204205143,SMG,2025-11-27,LIR,40,,,,,,,,,,,,MED
2025-12-01 00:00:00,783060801830,29,DW,12,D,01,297,ANZORENA GALLEGOS MARIA DEL CA,1D,ACTIVO,8T251D ,2,F621,06F3,2025-11-01,2025-09-19,57376,113,,W1204196605,SMG,2025-11-20,LIR,47,2025-11-20 09:17:05,2904,M,GAF1M,8T251D ,0,Nor,60,MEDID NO TRABAJA,60,S,MED
2025-12-01 00:00:00,783121108407,23,DW,12,D,01,233,BAIGTS OLACHEA LETICIA        ,1D,ACTIVO,08D2H1 ,2,F421,08KF,2025-11-01,2025-11-14,38547,520,,W1204185074,S05,2025-11-11,CDC,56,,,,,,,,,,,,CCC
2025-12-01 00:00:00,783130101792,38,DW,12,D,01,380,PEREZ FORTANEL ULISES PERSEO  ,1D,ACTIVO,274MW4 ,2,F622,12LJ,2025-12-01,2025-12-26,83180,1016,,W1204133432,SM3,2025-10-01,WAD,97,2025-12-26 10:51:25,3801,L,GATJM,274MW4 ,1016,Opt,  ,,,,CCC
2025-12-01 00:00:00,783130104465,07,DW,12,D,01,071,PEREZ DOMINGUEZ MARIA ELENA   ,1D,ACTIVO,611MW5 ,2,F622,12LJ,2026-01-01,2026-01-05,38157,0,,W1204177521,SM2,2025-11-05,12D,62,,,,,,,,,,,,GSC
2025-12-01 00:00:00,783130110961,64,DW,12,D,01,641,23DPB0019E PRIMARIA FLORENCIO ,02,ACTIVO,70N72P ,2,F62H,10KN,2013-01-01,2013-01-30,1,0,,W1204179721,SMG,2025-11-06,12D,61,,,,,,,,,,,,MED
2025-12-01 00:00:00,783091212352,12,DW,12,D,01,121,BOLI MANRIQUE JORGE DAVID     ,1D,ACTIVO,46M1U1 ,2,F62H,09KN,2025-12-01,2025-12-08,26115,406,,W1204168803,SM3,2025-10-28,WAB,70,2025-12-08 09:24:03,1202,M,GA4HN,46M1U1 ,406,Opt,  ,,,,CCC
2025-12-01 00:00:00,783100701728,19,DW,12,D,01,190,PEREZ HERNANDEZ GABRIEL       ,1D,ACTIVO,91U1J5 ,2,F62H,09KN,2025-11-01,2025-09-10,20344,311,,W1204186776,SMG,2025-11-12,LIR,55,2025-11-12 08:32:18,1902,M,9P14M,91U1J5 ,0,Nor,60,MEDID NO TRABAJA,60,S,MED
2025-12-01 00:00:00,783130302895,19,DW,12,D,01,192,CALLES RODRIGUEZ ARMANDO      ,1D,ACTIVO,356JV9 ,2,F622,12LJ,2025-11-01,2025-11-12,52127,926,,W1204133436,SM3,2025-10-01,CDV,97,2025-11-12 08:44:15,1904,M,GAF1M,356JV9 ,926,Opt,  ,,,,CCC
2025-12-01 00:00:00,783130303051,11,DW,12,D,01,110,SANTIZ RUIZ MELECIO           ,1D,CORTADO,290MP4 ,2,F622,12LJ,2025-11-01,2025-11-06,14586,0,,W1204179686,SMC,2025-11-06,LIR,61,2025-11-06 08:02:57,1101,M,GA4HN,290MP4 ,0,Opt,32,UI DERIVACION,32,S,MED
2025-12-01 00:00:00,783110200409,09,DW,12,D,01,090,GALEANA CORTEZ ERNESTO        ,1D,ACTIVO,W618KW ,2,F622,19LM,2025-11-01,2025-11-07,10572,2713,,W1204145922,SM3,2025-10-10,WAD,88,2025-11-05 08:03:36,0901,M,GA4HN,W618KW ,0,Nor,53,UI SERV DIRECTO,53,S,CCC
2025-12-01 00:00:00,783130510811,10,DW,12,D,02,106,CRUZ MARTINEZ LONGINO         ,1B,ACTIVO,613WYE ,2,F622,16LM,2025-12-01,2025-08-06,22411,551,,W1204175851,SM3,2025-11-04,WAD,63,2025-12-05 15:19:21,1029,M,9NCXK,613WYE ,0,Nor,53,UI SERV DIRECTO,53,S,CCC
2025-12-01 00:00:00,783130511036,07,DW,12,D,01,070,ESCOBEDO CATZIN BIVIANA LUCIA ,1D,ACTIVO,17E94E ,2,F62H,10KN,2016-05-01,2016-05-03,5478,0,,W1204176290,SMG,2025-11-04,LIR,63,,,,,,,,,,,,MED
2025-12-01 00:00:00,783130601523,21,DW,12,D,01,212,PULIDO CASTRO NADIA MARGARITA ,1D,CORTADO,HMG236 ,2,F623,23NY,2025-11-01,2025-09-11,12667,2147,,W1204188413,SMC,2025-11-13,LIR,54,2025-11-13 12:52:47,2104,M,GATJM,HMG236 ,0,Nor,53,UI SERV DIRECTO,53,S,MED
2025-12-01 00:00:00,783130701595,07,DW,12,D,01,071,MOTA DE JESUS SAMUEL          ,1D,ACTIVO,LV941T ,2,F623,20NU,2021-05-01,2021-05-04,1760,0,,W1204176297,SMC,2025-11-04,LIR,63,,,,,,,,,,,,MED
2025-12-01 00:00:00,783130703814,38,DW,12,D,01,381,MONRROY TRILLO MIRIAM         ,1D,ACTIVO,FKA728 ,1,F123,22NX,2023-09-01,2023-08-29,36554,157,,W1204164736,SMC,2025-10-24,LIR,74,,,,,,,,,,,,MED
2025-12-01 00:00:00,783130714301,19,DW,12,D,01,190,TAMAYO CANCHE JULIO CESAR     ,1D,CORTADO,33C5C5 ,2,F621,08KG,2025-11-01,2025-09-10,32676,851,,W1204186778,SMC,2025-11-12,LIR,55,2025-11-12 09:26:17,1902,M,9P14M,33C5C5 ,0,Nor,65,UI MED INVERTIDO,65,S,MED
2025-12-01 00:00:00,783130902612,21,DW,12,D,01,210,MUNOZ MONTENEGRO LUIS         ,1D,CORTADO,8N0L26 ,2,F621,01F3,2025-11-01,2025-09-10,9917,0,,W1204188760,SMC,2025-11-13,LIR,54,2025-11-13 16:30:31,2102,M,9P14M,8N0L26 ,0,Nor,53,UI SERV DIRECTO,53,S,MED
2025-12-01 00:00:00,783130903023,16,DW,12,D,01,162,TUN KANXOC CARLOS             ,1D,ACTIVO,39C8K4 ,2,F621,08KG,2025-12-01,2025-12-10,36999,624,,W1204194636,SM3,2025-11-19,CDX,48,2025-12-10 10:54:05,1603,M,9P14M,39C8K4 ,624,Nor,  ,,,,CCC
2025-12-01 00:00:00,783130906138,24,DW,12,D,04,243,ANGEL CAUICH MIGUEL           ,1D,ACTIVO,35V56X ,2,F62H,11KN,2025-12-01,2025-12-16,23043,302,,W1204136034,SM3,2025-10-03,CDB,95,2025-12-16 09:20:35,2429,M,9NCX4,35V56X ,302,Opt,  ,,,,CCC
2025-12-01 00:00:00,783131002755,15,DW,12,D,01,152,TAVITAS MORA ITZEL YADIRA     ,1D,CORTADO,988F9X ,2,F622,13LM,2025-11-01,2025-09-08,45582,9,,W1204183435,SMC,2025-11-10,LIR,57,2025-11-10 08:21:25,1502,M,GATJM,988F9X ,0,Nor,53,UI SERV DIRECTO,53,S,MED
2025-12-01 00:00:00,783131102105,07,DW,12,D,01,072,BRAGA HERRERA FERNELY RODRIGO ,1D,CORTADO,DBP231 ,2,F623,22NU,2026-01-01,2026-01-05,10928,0,,W1204176315,SMC,2025-11-04,LIR,63,,,,,,,,,,,,MED
2025-12-01 00:00:00,783131107247,03,DW,12,D,01,034,VELAZQUEZ MORALES DANIEL      ,1D,BAJA,,2,,,2025-09-01,2025-09-30,2851,0,,W1204170611,SMC,2025-10-29,WAD,69,2025-08-29 10:19:34,0303,L,GA4HN,049G2C ,0,Nor,53,UI SERV DIRECTO,53,S,MED
2025-12-01 00:00:00,783140105052,04,DW,12,C,01,041,CEBALLOS CETINA LEYDI GPE     ,1D,ACTIVO,758G4N ,2,F622,13LM,2025-12-01,2025-12-02,52876,969,,W1204142115,SM3,2025-10-08,W3C,90,2025-12-02 07:31:39,0401,M,GAA7N,758G4N ,969,Opt,  ,,,,CCC
2025-12-01 00:00:00,783140106849,32,DW,12,D,01,329,SALAZAR ALVAREZ JULIAN        ,1D,ACTIVO,30X87L ,1,F12H,11KU,2025-12-01,2025-08-21,45701,417,,W1204160438,SMC,2025-10-21,LIR,77,2025-12-22 11:32:45,3205,M,9NCX1,30X87L ,0,Nor,53,UI SERV DIRECTO,53,S,MED
2025-12-01 00:00:00,783110200638,22,DW,12,D,01,224,SANCHEZ CARRILLO EUGENIO      ,1D,ACTIVO,954X8T ,2,F622,14LM,2025-12-01,2025-12-15,49122,398,,W1204136573,SMC,2025-10-03,CDX,95,2025-12-15 12:16:00,2201,M,9NCX3,954X8T ,398,Opt,  ,,,,MED
2025-12-01 00:00:00,783110207349,21,DW,12,D,01,210,MAY CUPIL TANIA NAYELI        ,1D,ACTIVO,A958JX ,2,F622,16LM,2025-11-01,2025-07-15,34376,572,,W1204188761,SMC,2025-11-13,LIR,54,2025-11-13 17:16:05,2102,M,9P14M,A958JX ,0,Nor,53,UI SERV DIRECTO,53,S,MED
2025-12-01 00:00:00,783140205723,15,DW,12,D,01,152,DOMINGUEZ JIMENEZ ZOILA       ,1D,ACTIVO,YV388L ,2,F622,21LM,2025-11-01,2025-09-08,4377,773,,W1204183437,SMC,2025-11-10,LIR,57,2025-11-10 09:51:10,1502,M,GATJM,YV388L ,0,Nor,53,UI SERV DIRECTO,53,S,MED
2025-12-01 00:00:00,783140214676,07,DW,12,D,01,072,CRUZ CRUZ ISMAEL HERIBERTO    ,1D,ACTIVO,716G4N ,2,F622,13LM,2026-01-01,2026-01-05,601,0,,W1204176311,SMC,2025-11-04,LIR,63,,,,,,,,,,,,MED
2025-12-01 00:00:00,783140219961,07,DW,12,D,01,072,BARRAGAN CORDOVA MARTIN DE JES,1D,CORTADO,799G3N ,2,F622,13LM,2026-01-01,2026-01-05,7481,0,,W1204176314,SMC,2025-11-04,LIR,63,,,,,,,,,,,,MED
2025-12-01 00:00:00,783140300696,39,DW,12,D,01,390,OCHOA ABARCA LETICIA ELIZABETH,1D,ACTIVO,363B0X ,2,F622,13LM,2025-11-01,2025-09-26,49392,594,,W1204205832,SMC,2025-11-27,LIR,40,2025-11-27 12:43:18,3901,M,GA4HN,363B0X ,0,Nor,53,UI SERV DIRECTO,53,S,MED
2025-12-01 00:00:00,783140301471,07,DW,12,D,01,072,AMAYA TZUC DARWIN ARTURO      ,1D,CORTADO,357B9X ,2,F622,13LM,2026-01-01,2026-01-05,11560,0,,W1204176310,SMC,2025-11-04,LIR,63,,,,,,,,,,,,MED
2025-12-01 00:00:00,783140400291,39,DW,12,D,01,390,RUIZ BEJOS XARENI             ,1D,CORTADO,557B3X ,2,F622,13LM,2025-11-01,2025-11-27,42212,0,,W1204205831,SMC,2025-11-27,LIR,40,2025-11-27 08:07:07,3901,M,GA4HN,557B3X ,0,Opt,32,UI DERIVACION,32,S,MED
2025-12-01 00:00:00,783140401930,25,DW,12,D,01,251,CAMBRANO LOPEZ JOSE DE LA CRUZ,1D,ACTIVO,JBG313 ,2,F623,23NU,2023-11-01,2023-11-16,26908,2038,,W1204192843,SMC,2025-11-18,LIR,49,,,,,,,,,,,,MED
2025-12-01 00:00:00,783110705861,11,DW,12,C,01,112,HERNANDEZ CASTILLO JONATAN    ,1D,ACTIVO,6B706V ,2,F621,04F3,2025-11-01,2025-11-06,91814,1138,,W1204206183,SM3,2025-11-28,CDU,39,,,,,,,,,,,,CCC
2025-12-01 00:00:00,783140703227,39,DW,12,D,01,390,REYES JIMENEZ PATRICIA N T    ,1D,ACTIVO,55E48N ,2,F62H,10KN,2025-11-01,2025-07-28,3300,106,,W1204206188,SM2,2025-11-28,12D,39,2025-11-27 10:54:42,3901,M,GA4HN,55E48N ,0,Nor,59,DISPLAY APAGADO,59,S,GSC
2025-12-01 00:00:00,783140703715,25,DW,12,D,01,252,RAMOS ARGUETA BELKY CLARICIA  ,1D,ACTIVO,21M8P5 ,2,F62H,09KN,2025-11-01,2025-11-18,17509,712,,W1204186463,SM2,2025-11-12,12D,55,,,,,,,,,,,,GSC
2025-12-01 00:00:00,783140706579,39,DW,12,D,01,390,GARCIA TORRES RAFAEL          ,1D,ACTIVO,2R742E ,2,F421,06GH,2025-11-01,2025-09-26,20185,253,,W1204207372,SM2,2025-11-30,12D,37,2025-11-27 10:21:49,3901,M,GA4HN,2R742E ,99943,Nor,  ,,FR,S,GSC
2025-12-01 00:00:00,783140801237,07,DW,12,D,01,072,DE LA CRUZ MAURICIO JORGE L   ,1D,CORTADO,UU033D ,2,F623,21NY,2026-01-01,2026-01-05,3917,0,,W1204176316,SMC,2025-11-04,LIR,63,,,,,,,,,,,,MED
2025-12-01 00:00:00,783140806778,07,DW,12,D,01,070,GUARNEROS ESCALANTE JOSE ALFRE,1D,ACTIVO,66W23F ,2,F62H,11KN,2026-01-01,2026-01-05,15115,0,,W1204176291,SMC,2025-11-04,LIR,63,,,,,,,,,,,,MED
2025-12-01 00:00:00,783140901886,31,DW,12,D,01,317,POZA BORJA ALEJANDRO          ,1D,ACTIVO,24PF46 ,2,F621,07F3,2025-11-01,2025-09-22,49887,1655,,W1204200223,SM2,2025-11-24,SAV,43,2025-11-21 12:19:02,3102,M,GAALN,24PF46 ,99336,Nor,  ,,FR,S,GSC
2025-12-01 00:00:00,783140908287,32,DW,12,D,01,324,IGLESIA ADVENT DEL 7MO  DIA AR,02,ACTIVO,957T5H ,2,F622,14LM,2025-12-01,2025-08-21,2638,42,,W1204161495,SM2,2025-10-22,12D,76,2025-12-22 10:21:12,3203,M,9P14M,957T5H ,0,Nor,52,COMUNICACION INTERRU,52,S,GSC
2025-12-01 00:00:00,783111014897,09,DW,12,D,01,090,LOPEZ CASSO JUAN FELIPE       ,1D,ACTIVO,EM891G ,2,F623,19NU,2025-11-01,2025-09-03,20793,0,,W1204177957,SMC,2025-11-05,LIR,62,2025-11-05 11:28:21,0901,M,GA4HN,EM891G ,0,Nor,53,UI SERV DIRECTO,53,S,MED
2025-12-01 00:00:00,783141004781,10,DW,12,D,02,102,PINO MENA RAFAEL ANGEL        ,1B,ACTIVO,434H5A ,1,F122,13LN,2025-12-01,2025-12-09,18491,233,,W1204138913,SMC,2025-10-06,LIR,92,2025-12-05 10:02:52,1027,M,9ND6M,434H5A ,0,Nor,53,UI SERV DIRECTO,53,S,MED
2025-12-01 00:00:00,783141006350,36,DW,12,D,01,360,RODRIGUEZ VARGAS NANCY YOLANDA,1D,ACTIVO,727T5R ,2,F622,14LM,2025-12-01,2025-08-25,24494,657,,W1204163221,SMC,2025-10-23,LIR,75,2025-12-26 10:57:13,3601,L,9NCX3,727T5R ,0,Nor,53,UI SERV DIRECTO,53,S,MED
2025-12-01 00:00:00,783120404681,07,DW,12,D,01,070,SOLANO VITE SERGIO C          ,1D,ACTIVO,NK646C ,2,F623,20NU,2021-05-01,2021-05-03,28531,263,,W1204176287,SMC,2025-11-04,LIR,63,,,,,,,,,,,,MED
2025-12-01 00:00:00,783141208033,22,DW,12,D,04,220,PALOMARES AMAYA MIGUEL ANGEL  ,1D,ACTIVO,067T2J ,2,F622,14LM,2025-12-01,2025-08-14,18811,75,,W1204150760,SMC,2025-10-14,LIR,84,2025-12-15 08:05:05,2226,M,GA4HN,067T2J ,0,Nor,53,UI SERV DIRECTO,53,S,MED
2025-12-01 00:00:00,783150101888,39,DW,12,D,01,392,BARRERA BANOS JOSUE MANUEL    ,1D,ACTIVO,998T0A ,2,F622,14LM,2025-11-01,2025-11-27,76367,0,,W1204205836,SMC,2025-11-27,LIR,40,2025-11-27 16:26:10,3902,M,GATJM,998T0A ,0,Opt,32,UI DERIVACION,32,S,MED
2025-12-01 00:00:00,783120607094,19,DW,12,D,01,190,GONZALEZ CANUL LUCIO          ,1D,ACTIVO,6BCJ88 ,2,F623,25P2,2025-11-01,2025-11-12,3,0,,W1204186780,SMC,2025-11-12,LIR,55,2025-11-12 10:26:31,1902,M,9P14M,6BCJ88 ,0,Nor,53,UI SERV DIRECTO,53,S,MED
2025-12-01 00:00:00,783120800579,11,DW,12,D,01,110,MAGANA OCANA ELIZABET         ,1D,ACTIVO,847JV3 ,2,F622,12LJ,2012-06-01,2050-01-01,0,0,,W1204201790,SM3,2025-11-25,WAC,42,,,,,,,,,,,,CCC
2025-12-01 00:00:00,783121105602,07,DW,12,D,01,071,CANUL BOJORQUEZ CRITINO       ,1D,ACTIVO,DBU697 ,2,F623,22NU,2016-05-01,2016-05-06,3689,125,,W1204176306,SMC,2025-11-04,LIR,63,,,,,,,,,,,,MED
2025-12-01 00:00:00,783150401385,19,DW,12,D,01,194,BRITO CHAN JOSE               ,1D,ACTIVO,WND006 ,2,F623,24P2,2025-11-01,2025-07-14,2093,690,,W1204186994,SMC,2025-11-12,LIR,55,2025-11-12 09:28:05,1905,M,9ND6M,WND006 ,0,Nor,53,UI SERV DIRECTO,53,S,MED
2025-12-01 00:00:00,783150403931,35,DW,12,D,02,355,GAMAS DE LOS SANTOS JOEL      ,1B,CORTADO,025X5U ,2,F622,14LM,2025-11-01,2025-11-27,28237,715,,W1204202207,SMC,2025-11-25,LIR,42,2025-11-25 11:27:24,3526,M,9NCWK,025X5U ,0,Nor,53,UI SERV DIRECTO,53,S,MED
2025-12-01 00:00:00,783150500499,37,DW,12,D,04,374,GONZALEZ GUAZOZON CORNELIO    ,1D,CORTADO,684T9A ,2,F622,14LM,2025-11-01,2025-09-25,36943,524,,W1204204330,SMC,2025-11-26,LIR,41,2025-11-26 08:34:09,3729,M,9NCWK,684T9A ,0,Nor,53,UI SERV DIRECTO,53,S,MED
2025-12-01 00:00:00,783150501509,09,DW,12,D,01,090,SAUCEDO CASTANEDA ELISA ADRIAN,1D,CORTADO,019X1U ,2,F622,14LM,2025-11-01,2025-09-03,42418,0,,W1204177959,SMC,2025-11-05,LIR,62,2025-11-05 11:44:01,0901,M,GA4HN,019X1U ,0,Nor,53,UI SERV DIRECTO,53,S,MED
2025-12-01 00:00:00,783150505296,04,DW,12,D,01,042,PECH PUC SILVIA IRENE         ,1D,ACTIVO,WNY402 ,2,F623,24P2,2025-02-01,2025-01-28,8971,0,,W1204155106,SMC,2025-10-17,WAD,81,2025-01-28 16:14:06,0402,L,GAF1M,WNY402 ,0,Nor,53,UI SERV DIRECTO,53,S,MED
2025-12-01 00:00:00,783150601279,12,DW,12,D,01,120,MURILLO HERNANDEZ GABRIEL ANTO,02,ACTIVO,027L3X ,2,F622,14LM,2025-12-01,2025-12-08,29427,177,,W1204155652,SMC,2025-10-17,CDA,81,2025-12-08 16:12:27,1201,M,GAE2M,027L3X ,177,Nor,  ,,FR,S,MED
2025-12-01 00:00:00,783150802151,29,DW,12,D,01,296,LOPEZ BRAVO YESMI MARIELA     ,1D,ACTIVO,574B4X ,2,F622,13LM,2025-11-01,2025-11-20,23052,256,,W1204192587,SM3,2025-11-18,CDB,49,,,,,,,,,,,,CCC
2025-12-01 00:00:00,783151000538,35,DW,12,D,04,037,FLOTA ALCOCER ALONSO ALEJANDRO,1D,ACTIVO,458EBT ,2,F622,15LM,2025-11-01,2025-11-25,4792,0,,W1204202215,SMC,2025-11-25,LIR,42,2025-11-25 11:24:38,3527,M,9ND6M,458EBT ,0,Opt,32,UI DERIVACION,32,S,MED
2025-12-01 00:00:00,783151006749,33,DW,12,D,03,335,VAZQUEZ RUIZ JESUS ENRIQUE    ,1D,ACTIVO,K994HV ,1,F122,17LN,2015-09-01,2015-10-18,0,0,,W1204200798,SMC,2025-11-24,LIR,43,,,,,,,,,,,,MED
2025-12-01 00:00:00,783121105670,07,DW,12,D,01,071,CORDOVA LANDERO PATRICIA      ,1D,CORTADO,YJ816L ,2,F623,21NU,2026-01-01,2026-01-05,14477,0,,W1204176305,SMC,2025-11-04,LIR,63,,,,,,,,,,,,MED
2025-12-01 00:00:00,783151100257,15,DW,12,D,01,153,HERNANDEZ GALLEGOS ROCIO DEL C,1D,ACTIVO,HYT708 ,2,F623,23NU,2025-11-01,2025-09-08,14357,1361,,W1204183442,SMC,2025-11-10,LIR,57,2025-11-10 15:55:19,1503,M,GA4HN,HYT708 ,0,Nor,53,UI SERV DIRECTO,53,S,MED
2025-12-01 00:00:00,783151100630,36,DW,12,D,01,360,MUNOZ HEREDIA CINTIA BERENICE ,1D,ACTIVO,REE826 ,2,F623,24NY,2025-12-01,2025-10-23,1892,304,,W1204164495,SMC,2025-10-24,12D,74,2025-12-26 14:46:33,3601,L,9NCX3,REE826 ,29004,Nor,44,NUM MEDID DESIGU,44,S,MED
2025-12-01 00:00:00,783151101326,30,DW,12,D,01,308,PINACHO AMADOR MICHEL OSCAR   ,1D,CORTADO,138FAM ,1,F122,15LN,2025-12-01,2025-10-20,2966,0,,W1204158397,SMC,2025-10-20,LIR,78,2025-12-19 14:24:48,3004,M,9NCXK,138FAM ,0,Nor,59,DISPLAY APAGADO,59,S,MED
2025-12-01 00:00:00,783151206047,11,DW,12,D,01,110,ELIAS LUNA CRUZ               ,1D,CORTADO,310EBY ,2,F622,15LM,2025-11-01,2025-09-04,14276,0,,W1204179690,SMC,2025-11-06,LIR,61,2025-11-06 10:07:28,1101,M,GA4HN,310EBY ,0,Nor,53,UI SERV DIRECTO,53,S,MED
2025-12-01 00:00:00,783130202653,15,DW,12,D,01,152,SALAZAR LUNA MARIA ENGRACIA   ,1D,ACTIVO,761JV0 ,2,F622,12LJ,2025-11-01,2025-09-08,42572,116,,W1204183436,SMG,2025-11-10,LIR,57,2025-11-10 09:46:15,1502,M,GATJM,761JV0 ,0,Nor,60,MEDID NO TRABAJA,60,S,MED
2025-12-01 00:00:00,783130203005,03,DW,12,D,01,034,CERVERA MEDINA JOSE A         ,1D,ACTIVO,220GJ3 ,2,F622,12LJ,2026-01-01,2025-12-30,45291,1,,W1204148178,SM3,2025-10-13,WAD,85,,,,,,,,,,,,CCC
2025-12-01 00:00:00,783101100698,19,DW,12,D,01,190,FELIX ARIAS LAURA ELIZABETH   ,1D,ACTIVO,136T4T ,2,F622,14LM,2021-03-01,2021-03-12,9285,0,,W1204186779,SMC,2025-11-12,LIR,55,,,,,,,,,,,,MED
2025-12-01 00:00:00,783160312895,08,DW,12,D,02,081,KUMUL AGUILAR IRVING J        ,1B,ACTIVO,733JKE ,2,F622,15LM,2025-12-01,2025-08-05,5378,17,,W1204138174,SMC,2025-10-06,LIR,92,2025-12-04 09:40:28,0827,M,9ND6M,733JKE ,0,Nor,53,UI SERV DIRECTO,53,S,MED
2025-12-01 00:00:00,783160406351,10,DW,12,D,02,102,PECH POOL CAYETANO            ,1B,ACTIVO,008FAH ,1,F122,15LN,2025-12-01,2025-08-06,7297,109,,W1204138915,SMC,2025-10-06,LIR,92,2025-12-05 18:33:27,1027,M,9ND6M,008FAH ,0,Nor,53,UI SERV DIRECTO,53,S,MED
2025-12-01 00:00:00,783160702120,20,DW,12,D,01,203,CARBAJAL PECH SANTOS SILVINO  ,1D,ACTIVO,063JLC ,2,F622,15LM,2025-12-01,2025-12-12,33622,988,,W1204164623,SM3,2025-10-24,CDV,74,2025-12-12 09:24:25,2004,M,GAALN,063JLC ,601,Opt,  ,,,,CCC
2025-12-01 00:00:00,783160707873,28,DW,12,D,01,281,MOCTEZUMA MATIAS JESUS GREGORI,1D,ACTIVO,XJF951 ,2,F623,24P3,2025-12-01,2025-12-22,0,0,,W1204191014,SM3,2025-11-17,CDG,50,2025-12-18 07:48:13,2801,M,GATJM,MB112J ,0,Nor,60,MEDID NO TRABAJA,60,S,CCC
2025-12-01 00:00:00,783160710831,31,DW,12,D,01,313,LOPEZ RUIZ ELIAS              ,1D,ACTIVO,708PHR ,2,F622,16LM,2025-11-01,2025-09-22,22164,543,,W1204198116,SMC,2025-11-21,LIR,46,2025-11-21 08:58:56,3101,M,GA4HN,708PHR ,0,Nor,65,UI MED INVERTIDO,65,S,MED
2025-12-01 00:00:00,783160802442,15,DW,12,D,01,152,GONZALEZ MIRANDA MARIA DEL CAR,1D,ACTIVO,462JHD ,2,F622,15LM,2025-11-01,2025-09-08,17271,683,,W1204183433,SMC,2025-11-10,LIR,57,2025-11-10 10:58:22,1502,M,GATJM,462JHD ,0,Nor,53,UI SERV DIRECTO,53,S,MED
2025-12-01 00:00:00,783161115406,07,DW,12,D,01,070,SANCHEZ FERNANDEZ LUIS ALEJAND,1D,ACTIVO,354PHY ,2,F622,16LM,2026-01-01,2026-01-05,5896,0,,W1204176292,SMC,2025-11-04,LIR,63,,,,,,,,,,,,MED
2025-12-01 00:00:00,783161116992,31,DW,12,D,01,318,DZUL CANUL JOSE EDUARDO       ,1D,ACTIVO,BE044T ,2,F623,19NV,2019-07-01,2019-07-22,723,723,,W1204198121,SMG,2025-11-21,LIR,46,,,,,,,,,,,,MED
2025-12-01 00:00:00,783161205391,35,DW,12,D,04,037,GARCIA ALEJANDRO ROCIO        ,1D,ACTIVO,A065JY ,2,F622,16LM,2025-11-01,2025-09-24,34018,751,,W1204202212,SMC,2025-11-25,LIR,42,2025-11-25 08:26:13,3527,M,9ND6M,A065JY ,0,Nor,53,UI SERV DIRECTO,53,S,MED
2025-12-01 00:00:00,783170103828,17,DW,12,D,01,170,OCEGUERA CHAVEZ TOBIAS EMMANUE,1D,ACTIVO,922WYH ,2,F622,16LM,2025-11-01,2025-09-09,28182,641,,W1204184992,SMC,2025-11-11,LIR,56,2025-11-11 07:49:20,1702,M,GA4HN,922WYH ,0,Nor,53,UI SERV DIRECTO,53,S,MED
2025-12-01 00:00:00,783170105481,35,DW,12,D,04,037,CUELLO PEREZ JUVENTINA        ,1D,CORTADO,A107KA ,2,F622,16LM,2025-11-01,2025-09-24,26234,0,,W1204202211,SMC,2025-11-25,LIR,42,2025-11-25 07:37:02,3527,M,9ND6M,A107KA ,0,Nor,53,UI SERV DIRECTO,53,S,MED
2025-12-01 00:00:00,783170107041,19,DW,12,D,01,193,HERRERA TERAN CARMEN LAURA    ,1D,CORTADO,A328JY ,2,F622,16LM,2025-11-01,2025-11-12,14714,193,,W1204186772,SMC,2025-11-12,LIR,55,2025-11-12 09:59:48,1901,M,GATJM,A328JY ,0,Opt,32,UI DERIVACION,32,S,MED
2025-12-01 00:00:00,783170107823,07,DW,12,D,01,070,GONZALEZ CONTRERAS LUCIA      ,1D,ACTIVO,685WYK ,2,F622,16LM,2026-01-01,2026-01-05,30311,423,,W1204204007,SMC,2025-11-26,CDV,41,,,,,,,,,,,,MED
2025-12-01 00:00:00,783170200157,37,DW,12,D,04,374,ANCONA ESCALANTE ANDRES       ,1D,CORTADO,A303KA ,2,F622,16LM,2025-11-01,2025-11-26,18280,0,,W1204204328,SMC,2025-11-26,LIR,41,2025-11-26 07:51:59,3729,M,9NCWK,A303KA ,0,Opt,32,UI DERIVACION,32,S,MED
2025-12-01 00:00:00,783170201641,29,DW,12,D,01,296,OCHOA LARES JOSE LUIS         ,1D,ACTIVO,Y973LM ,2,F623,19NU,2025-11-01,2025-05-21,42889,936,,W1204197328,SMC,2025-11-21,LIR,46,2025-11-20 14:36:03,2903,L,9P14M,Y973LM ,0,Nor,53,UI SERV DIRECTO,53,S,MED
2025-12-01 00:00:00,783170204977,26,DW,12,D,04,261,ROSADO LUIS JORGE             ,1D,ACTIVO,RCH269 ,2,F623,24NY,2023-08-01,2023-08-17,13862,200,,W1204155428,SMC,2025-10-17,12D,81,,,,,,,,,,,,MED
2025-12-01 00:00:00,783170303142,37,DW,12,D,04,370,CRUZ OLAN RAUL                ,1D,ACTIVO,A683LE ,2,F622,16LM,2025-11-01,2025-05-27,18107,144,,W1204204340,SMC,2025-11-26,LIR,41,2025-11-26 14:29:10,3726,L,9NCXK,A683LE ,0,Nor,53,UI SERV DIRECTO,53,S,MED
2025-12-01 00:00:00,783170404062,33,DW,12,D,03,335,VALDEZ SANCHEZ ERNESTO AGUSTIN,1D,ACTIVO,818VBH ,1,F122,16LN,2025-11-01,2025-11-25,5351,50,,W1204200795,SMG,2025-11-24,LIR,43,2025-11-24 11:10:08,3327,M,GATJM,818VBH ,0,Nor,60,MEDID NO TRABAJA,60,S,MED
2025-12-01 00:00:00,783110100901,09,DW,12,D,01,090,AGUIRRE RIVERA ERENDIRA ITZAMN,1D,ACTIVO,JAW672 ,2,F623,23NU,2023-11-01,2023-11-06,42500,2035,,W1204177956,SMG,2025-11-05,LIR,62,,,,,,,,,,,,MED
2025-12-01 00:00:00,783170601976,15,DW,12,D,01,153,MARTINEZ GOMEZ MARIA ACACIA   ,1D,ACTIVO,A671KU ,2,F622,16LM,2025-11-01,2025-07-10,13641,49,,W1204183449,SMC,2025-11-10,LIR,57,2025-11-10 10:35:19,1503,M,GA4HN,A671KU ,0,Nor,53,UI SERV DIRECTO,53,S,MED
2025-12-01 00:00:00,783170604100,13,DW,12,D,01,132,REDONDO TALAMANTES JOSE LUIS  ,1D,ACTIVO,471JHN ,2,F622,15LM,2025-11-01,2025-11-07,48101,0,,W1204181214,SMC,2025-11-07,LIR,60,2025-11-07 08:56:26,1303,M,GA4HN,471JHN ,0,Opt,32,UI DERIVACION,32,S,MED
2025-12-01 00:00:00,783170701687,40,DW,12,D,01,403,TORRES LEON FANNY             ,1D,ACTIVO,71N42N ,2,F62H,10KN,2025-12-01,2025-12-29,33707,805,,W1204179172,SM3,2025-11-06,CDD,61,2025-12-29 09:36:13,4001,M,GATJM,71N42N ,805,Opt,  ,,,,CCC
2025-12-01 00:00:00,783170702306,37,DW,12,D,04,372,CALIXTO OCTAVIANO MARIA ISABEL,1D,ACTIVO,03N86T ,2,F62H,10KN,2025-11-01,2025-09-25,12702,115,,W1204204362,SMC,2025-11-26,LIR,41,2025-11-26 12:14:01,3728,M,9ND6M,03N86T ,0,Nor,53,UI SERV DIRECTO,53,S,MED
2025-12-01 00:00:00,783170702471,37,DW,12,D,04,372,ZAMORANO ORDONEZ HUGO         ,1D,ACTIVO,35M5U4 ,2,F62H,09KN,2025-11-01,2025-09-25,15257,366,,W1204204360,SMC,2025-11-26,LIR,41,2025-11-26 12:06:44,3728,M,9ND6M,35M5U4 ,0,Nor,53,UI SERV DIRECTO,53,S,MED
2025-12-01 00:00:00,783170702489,37,DW,12,D,04,372,LOPEZ LOPEZ ELENA             ,1D,ACTIVO,G725MC ,2,F622,17LM,2025-11-01,2025-09-25,18866,346,,W1204204361,SMC,2025-11-26,LIR,41,2025-11-26 12:12:36,3728,M,9ND6M,G725MC ,0,Nor,53,UI SERV DIRECTO,53,S,MED
2025-12-01 00:00:00,783140110790,07,DW,12,D,01,071,VAZQUEZ DIAZ JOSE GUADALUPE   ,1D,ACTIVO,76E47E ,2,F62H,10KN,2026-01-01,2026-01-05,18890,0,,W1204176298,SMC,2025-11-04,LIR,63,,,,,,,,,,,,MED
2025-12-01 00:00:00,783170708738,31,DW,12,D,04,310,ZAMORA MALDONADO SILVESTRE    ,1D,ACTIVO,G964LX ,2,F622,17LM,2025-11-01,2025-11-21,15682,147,,W1204134724,SM3,2025-10-02,CDL,96,2025-11-21 10:49:36,3127,M,9NCX1,G964LX ,147,Opt,  ,,,,CCC
2025-12-01 00:00:00,783170900914,31,DW,12,D,04,310,VALLE POOL VALENTINA          ,1D,ACTIVO,G303MR ,2,F622,17LM,2025-11-01,2025-09-22,17120,466,,W1204198110,SMC,2025-11-21,LIR,46,2025-11-21 09:36:56,3127,M,9NCX1,G303MR ,0,Nor,53,UI SERV DIRECTO,53,S,MED
2025-12-01 00:00:00,783171002324,33,DW,12,C,01,333,LOYOLA ESPINOSA ALFONSO       ,1D,ACTIVO,KKU711 ,2,F623,23NU,2025-11-01,2025-09-23,11876,992,,W1204200925,SMC,2025-11-24,LIR,43,2025-11-24 12:03:22,3301,M,9P14L,KKU711 ,0,Nor,53,UI SERV DIRECTO,53,S,MED
2025-12-01 00:00:00,783171205942,40,DW,12,D,01,403,LOPEZ LOPEZ VIRGILIO          ,1D,ACTIVO,J627RA ,2,F622,17LM,2025-12-01,2025-12-29,28848,2414,,W1204158597,SM3,2025-10-20,CDL,78,2025-12-29 08:31:46,4001,M,GATJM,J627RA ,981,Opt,  ,,,,CCC
2025-12-01 00:00:00,783180103451,24,DW,12,D,04,242,GARCIA SANTOS MARIA ELENA     ,1D,ACTIVO,F042CN ,1,F122,17LN,2025-12-01,2025-12-16,9807,708,,W1204152316,SMC,2025-10-15,LIR,83,2025-12-16 08:45:20,2428,M,GATJM,F042CN ,276,Opt,  ,,,,MED
2025-12-01 00:00:00,783180104172,29,DW,12,D,01,296,PEREZ MENDOZA JOAQUIN         ,1D,ACTIVO,F182CN ,1,F122,17LN,2025-11-01,2025-09-19,22391,539,,W1204197326,SMC,2025-11-21,LIR,46,2025-11-20 13:16:20,2903,L,9P14M,F182CN ,0,Nor,53,UI SERV DIRECTO,53,S,MED
2025-12-01 00:00:00,783180300770,37,DW,12,D,04,374,HERNANDEZ JIMENEZ JUANA ISABEL,1D,ACTIVO,J458PM ,2,F622,17LM,2025-11-01,2025-07-25,8033,203,,W1204204331,SMC,2025-11-26,LIR,41,2025-11-26 08:49:01,3729,M,9NCWK,J458PM ,0,Nor,53,UI SERV DIRECTO,53,S,MED
2025-12-01 00:00:00,783180403307,39,DW,12,D,01,395,RIOS ROMERO ARTURO            ,1D,ACTIVO,J743PK ,2,F622,17LM,2025-11-01,2025-07-28,52708,986,,W1204205731,SMC,2025-11-27,LIR,40,2025-11-27 15:11:48,3904,L,GAF1M,J743PK ,0,Nor,53,UI SERV DIRECTO,53,S,MED
2025-12-01 00:00:00,783180405423,37,DW,12,D,04,370,MARTINEZ SOSA YAQUELIN        ,1D,ACTIVO,773LVV ,1,F122,16LN,2025-11-01,2025-07-25,8748,0,,W1204204337,SMC,2025-11-26,LIR,41,2025-11-26 18:04:13,3726,L,9NCXK,773LVV ,0,Nor,53,UI SERV DIRECTO,53,S,MED
2025-12-01 00:00:00,783180505304,37,DW,12,D,01,373,LEON DIAZ ELIZABETH           ,1D,ACTIVO,26N70N ,2,F62H,10KN,2025-11-01,2025-11-26,31324,735,,W1204148246,SM3,2025-10-13,WAD,85,2025-11-26 08:46:12,3701,M,GA4HN,26N70N ,735,Opt,  ,,,,CCC
2025-12-01 00:00:00,783180603446,17,DW,12,C,01,175,LICONA DIAZ ARTURO IVAN       ,1D,ACTIVO,N627DJ ,2,F622,18LM,2025-11-01,2025-05-13,48191,1251,,W1204187975,SM2,2025-11-13,MED,54,2025-11-11 12:22:50,1703,M,R9895,N627DJ ,0,Nor,59,DISPLAY APAGADO,59,S,GSC
2025-12-01 00:00:00,783180702487,33,DW,12,D,03,335,CHIMAL NAJERA GREGORIO        ,1D,ACTIVO,L449UA ,1,F122,18LN,2025-11-01,2025-05-23,16745,242,,W1204200799,SMC,2025-11-24,LIR,43,2025-11-24 14:15:57,3327,M,GATJM,L449UA ,0,Nor,53,UI SERV DIRECTO,53,S,MED
2025-12-01 00:00:00,783180704994,07,DW,12,D,01,072,LOPEZ TRIANO CLAUDIA MARIA    ,1D,ACTIVO,N698GB ,2,F622,18LM,2026-01-01,2026-01-05,8489,0,,W1204176321,SMC,2025-11-04,LIR,63,,,,,,,,,,,,MED
2025-12-01 00:00:00,783180706997,37,DW,12,D,04,370,FRANCISCO MATEO MARIA         ,1D,CORTADO,UL225F ,2,F623,21NY,2025-05-01,2025-05-27,24503,7678,,W1204204339,SMC,2025-11-26,LIR,41,2025-05-27 12:09:44,3727,L,9P14M,UL225F ,0,Nor,56,NO HAY MEDIDOR,56,S,MED
2025-12-01 00:00:00,783180801060,35,DW,12,D,04,350,MAY DZUL MAYRA GABRIELA       ,1D,ACTIVO,N664JL ,2,F622,18LM,2025-11-01,2025-09-24,9212,385,,W1204202393,SMC,2025-11-25,LIR,42,2025-11-25 11:44:57,3528,L,9P14M,N664JL ,0,Nor,53,UI SERV DIRECTO,53,S,MED
2025-12-01 00:00:00,783180801850,37,DW,12,D,04,370,SIMA CHUC JOSE MARIA          ,1D,CORTADO,691T5A ,2,F622,14LM,2025-11-01,2025-07-25,26423,934,,W1204204338,SMC,2025-11-26,LIR,41,2025-11-26 14:28:34,3726,L,9NCXK,691T5A ,0,Nor,53,UI SERV DIRECTO,53,S,MED
2025-12-01 00:00:00,783180804263,40,DW,12,D,01,403,ROSALDO DE LA CRUZ MARTIN     ,1D,ACTIVO,R832FM ,2,F622,18LM,2025-12-01,2025-12-29,14987,580,,W1204173226,SMC,2025-10-31,CDF,67,2025-12-29 11:01:14,4001,M,GATJM,R832FM ,580,Opt,  ,,,,MED
2025-12-01 00:00:00,783180900840,25,DW,12,D,01,257,PACHECO HERNANDEZ MARCO ANTONI,1D,ACTIVO,YP637L ,2,F623,21NU,2022-09-01,2022-09-19,12437,0,,W1204192921,SMC,2025-11-18,LIR,49,,,,,,,,,,,,MED
2025-12-01 00:00:00,783181003167,31,DW,12,D,01,318,CANO MAC YOLANDA              ,1D,ACTIVO,R658HU ,2,F622,18LM,2025-11-01,2025-09-22,5739,1,,W1204198119,SMC,2025-11-21,LIR,46,2025-11-21 13:22:19,3103,M,GATJM,R658HU ,0,Nor,53,UI SERV DIRECTO,53,S,MED
2025-12-01 00:00:00,783190202024,35,DW,12,D,04,037,SILVA VICENTE YESENIA         ,1D,ACTIVO,73H84M ,2,F62H,10KN,2019-01-01,2019-02-08,0,0,,W1204202213,SMG,2025-11-25,LIR,42,,,,,,,,,,,,MED
2025-12-01 00:00:00,783190202041,35,DW,12,D,04,037,AVALOS LOPEZ MARTINA          ,1D,ACTIVO,T602GX ,1,F122,18LN,2025-11-01,2025-07-24,19870,775,,W1204203556,SM2,2025-11-26,12D,41,2025-11-25 08:58:01,3527,M,9ND6M,T602GX ,0,Nor,59,DISPLAY APAGADO,59,S,GSC
2025-12-01 00:00:00,783190205538,24,DW,12,D,04,243,CAUICH UITZIL JACOB BENJAMIN  ,1D,ACTIVO,V583BV ,2,F622,18LM,2025-12-01,2025-06-16,23844,422,,W1204155553,SMC,2025-10-17,LIR,81,2025-12-16 10:51:14,2429,M,9NCX4,V583BV ,0,Nor,53,UI SERV DIRECTO,53,S,MED
2025-12-01 00:00:00,783190205911,10,DW,12,D,02,104,CHAN POOL MIRIAM              ,1B,ACTIVO,T721WJ ,2,F622,18LM,2025-12-01,2024-12-05,585,3,,W1204140348,SMC,2025-10-07,LIR,91,2025-12-05 14:36:52,1028,M,GA4HN,T721WJ ,0,Nor,53,UI SERV DIRECTO,53,S,MED
2025-12-01 00:00:00,783190301286,07,DW,12,D,01,071,OSORIO VILLEGAS LILIANA DEL CA,1D,ACTIVO,T401WL ,2,F622,18LM,2026-01-01,2026-01-05,5376,0,,W1204176304,SMC,2025-11-04,LIR,63,,,,,,,,,,,,MED
2025-12-01 00:00:00,783190402201,37,DW,12,D,04,372,ARCOS LOPEZ ISABEL            ,1D,ACTIVO,653FVD ,2,F622,15LM,2025-11-01,2025-09-25,6619,0,,W1204204358,SMC,2025-11-26,LIR,41,2025-11-26 10:39:24,3728,M,9ND6M,653FVD ,0,Nor,53,UI SERV DIRECTO,53,S,MED
2025-12-01 00:00:00,783190402261,39,DW,12,D,04,391,PECH TUN NERY ABIGAIL         ,1D,ACTIVO,H857LH ,1,F122,17LN,2025-11-01,2025-07-28,6778,58,,W1204205842,SMC,2025-11-27,LIR,40,2025-11-27 11:24:34,3926,M,9ND6M,H857LH ,0,Nor,53,UI SERV DIRECTO,53,S,MED
2025-12-01 00:00:00,783140112024,07,DW,12,D,01,072,SEPULVEDA GRAJALES SAYED ELI E,1D,CORTADO,R646FT ,2,F622,18LM,2018-11-01,2018-11-05,1928,2,,W1204176318,SMC,2025-11-04,LIR,63,,,,,,,,,,,,MED
2025-12-01 00:00:00,783140507495,19,DW,12,D,01,192,CANUL VILLEGAS NATALY DEL C   ,1D,ACTIVO,007L3M ,2,F622,13LM,2025-11-01,2025-07-14,78311,1762,,W1204187798,SM2,2025-11-13,SAV,54,2025-11-12 13:06:03,1904,M,GAF1M,007L3M ,0,Nor,59,DISPLAY APAGADO,59,S,GSC
2025-12-01 00:00:00,783190605340,31,DW,12,D,01,317,ALVARADO GUTIERREZ AARON ALBER,1D,ACTIVO,34D5A6 ,2,F421,08KF,2025-11-01,2025-09-22,5084,1,,W1204200225,SM2,2025-11-24,SAV,43,2025-11-21 11:40:45,3102,M,GAALN,34D5A6 ,99150,Nor,  ,,FR,S,GSC
2025-12-01 00:00:00,783140910001,29,DW,12,D,01,290,ARANO BARRAN CARLOS           ,1D,ACTIVO,06PD58 ,2,F621,07F3,2025-11-01,2025-09-19,16391,896,,W1204196284,SMG,2025-11-20,LIR,47,2025-11-20 13:00:45,2901,M,9ND6M,06PD58 ,0,Nor,60,MEDID NO TRABAJA,60,S,MED
2025-12-01 00:00:00,783141103886,21,DW,12,D,01,217,HAU TEC MARIA MAGDALENA       ,1D,CORTADO,088T1T ,2,F622,14LM,2025-11-01,2024-05-15,13273,0,,W1204188750,SMC,2025-11-13,LIR,54,2025-11-13 10:27:14,2105,M,9NCX3,088T1T ,0,Nor,53,UI SERV DIRECTO,53,S,MED
2025-12-01 00:00:00,783190700628,38,DW,12,D,01,381,CASTILLO CUSTODIO JUAN CARLOS ,1D,ACTIVO,61M9J6 ,2,F62H,09KN,2025-12-01,2025-08-26,18864,439,,W1204164739,SMC,2025-10-24,LIR,74,2025-12-26 09:36:32,3802,L,GA4HN,61M9J6 ,0,Nor,65,UI MED INVERTIDO,65,S,MED
2025-12-01 00:00:00,783190702817,17,DW,12,D,01,170,VELAZQUEZ GOMEZ RODRIGO       ,1D,ACTIVO,M157RH ,2,F622,17LM,2025-11-01,2025-09-09,35342,1584,,W1204184995,SMC,2025-11-11,LIR,56,2025-11-11 12:17:52,1702,M,GA4HN,M157RH ,0,Nor,53,UI SERV DIRECTO,53,S,MED
2025-12-01 00:00:00,783190707312,37,DW,12,D,04,372,SILVAN SOBERANO MAGALYS       ,1D,ACTIVO,YC506H ,2,F623,21NU,2024-03-01,2024-03-25,9746,1287,,W1204204359,SMC,2025-11-26,LIR,41,,,,,,,,,,,,MED
2025-12-01 00:00:00,783190708734,29,DW,12,D,01,296,LOPEZ VAZQUEZ GADIEL          ,1D,ACTIVO,W334KT ,2,F622,19LM,2025-11-01,2025-09-19,2566,304,,W1204197329,SMC,2025-11-21,LIR,46,2025-11-20 18:52:08,2903,L,9P14M,W334KT ,0,Nor,53,UI SERV DIRECTO,53,S,MED
2025-12-01 00:00:00,783150202170,37,DW,12,D,04,372,OSORIO SALAZAR ALBERTA        ,1D,SUJETO A CORTE,378H4A ,1,F122,13LN,2025-11-01,2025-09-25,33326,1052,,W1204204364,SMC,2025-11-26,LIR,41,2025-11-26 12:42:40,3728,M,9ND6M,378H4A ,0,Nor,53,UI SERV DIRECTO,53,S,MED
2025-12-01 00:00:00,783190804725,13,DW,12,D,01,132,MORALES PEREZ ESAU            ,1D,ACTIVO,W413KW ,2,F622,19LM,2025-11-01,2025-09-05,44671,96,,W1204181215,SMG,2025-11-07,LIR,60,2025-11-07 10:22:11,1303,M,GA4HN,W413KW ,0,Nor,60,MEDID NO TRABAJA,60,S,MED
2025-12-01 00:00:00,783190805233,19,DW,12,D,01,191,DE LA CRUZ MENDOZA JESUS ANTON,1D,CORTADO,W429KW ,2,F622,19LM,2025-11-01,2025-11-12,16363,0,,W1204186783,SMC,2025-11-12,LIR,55,2025-11-12 07:36:27,1903,M,GA4HN,W429KW ,0,Opt,32,UI DERIVACION,32,S,MED
2025-12-01 00:00:00,783190805276,19,DW,12,D,01,191,MENDOZA HERNANDEZ JUAN CARLOS ,1D,CORTADO,W533KW ,2,F622,19LM,2025-11-01,2025-11-12,5369,0,,W1204186784,SMC,2025-11-12,LIR,55,2025-11-12 07:37:58,1903,M,GA4HN,W533KW ,0,Opt,32,UI DERIVACION,32,S,MED
2025-12-01 00:00:00,783190807180,33,DW,12,D,03,335,JIMENEZ MARIN LUIS            ,1D,ACTIVO,8BDK02 ,2,F623,25P2,2025-11-01,2025-11-06,0,0,,W1204200792,SMC,2025-11-24,LIR,43,2025-11-24 10:09:24,3327,M,GATJM,8BDK02 ,0,Nor,53,UI SERV DIRECTO,53,S,MED
2025-12-01 00:00:00,783190807198,33,DW,12,D,03,335,NOH XOOL GUADALUPE            ,1D,ACTIVO,W355KR ,2,F622,19LM,2025-11-01,2025-11-25,20927,401,,W1204200793,SMG,2025-11-24,LIR,43,2025-11-24 10:10:08,3327,M,GATJM,W355KR ,0,Nor,60,MEDID NO TRABAJA,60,S,MED
2025-12-01 00:00:00,783190903511,32,DW,12,D,01,323,ESCALANTE MEDINA ALBA SOLEDAD ,1D,ACTIVO,Y107BF ,2,F623,19NU,2025-12-01,2025-06-23,14736,118,,W1204161723,SM2,2025-10-22,12D,76,2025-12-22 14:00:32,3202,M,9ND6M,Y107BF ,0,Nor,59,DISPLAY APAGADO,59,S,GSC
2025-12-01 00:00:00,783190905572,40,DW,12,D,01,408,SALAS AGUILAR KENIA DANNEA    ,1D,CORTADO,Y981BG ,2,F623,19NU,2025-12-01,2025-08-27,26202,675,,W1204168377,SMC,2025-10-28,LIR,70,2025-12-29 11:48:36,4002,M,GAKFM,Y981BG ,0,Nor,53,UI SERV DIRECTO,53,S,MED
2025-12-01 00:00:00,783190907826,17,DW,12,C,01,175,HIDALGO LEAL LEIDY YULIED     ,1D,ACTIVO,Y884BK ,2,F623,19NU,2025-11-01,2025-09-09,37572,1437,,W1204192715,SM3,2025-11-18,WAD,49,2025-11-11 09:27:12,1703,M,R9895,Y884BK ,0,Nor,53,UI SERV DIRECTO,53,S,CCC
2025-12-01 00:00:00,783191003572,19,DW,12,D,01,191,GUZMAN DE LA ROSA SAMUEL      ,1D,CORTADO,DTB675 ,2,F623,22NU,2025-11-01,2025-09-10,7471,530,,W1204186782,SMC,2025-11-12,LIR,55,2025-11-12 07:19:13,1903,M,GA4HN,DTB675 ,0,Nor,53,UI SERV DIRECTO,53,S,MED
2025-12-01 00:00:00,783150204881,33,DW,12,D,03,335,SERVICIOS ESTATALES DE SALUD  ,1D,ACTIVO,748TY5 ,1,F122,12LH,2025-11-01,2025-11-24,108,2,,W1204200797,SMC,2025-11-24,LIR,43,2025-11-24 12:52:25,3327,M,GATJM,748TY5 ,0,Nor,53,UI SERV DIRECTO,53,S,MED
2025-12-01 00:00:00,783191010196,01,DW,12,D,01,014,CAMACHO PELAYO ALBERTO        ,1D,ACTIVO,X799TK ,2,F623,19NU,2026-01-01,2025-12-29,16550,260,,W1204163252,SM3,2025-10-23,CDD,75,,,,,,,,,,,,CCC
2025-12-01 00:00:00,783191101345,37,DW,12,D,04,374,DIAZ PEREZ BALDOMERO          ,1D,SUJETO A CORTE,Y782MF ,2,F623,19NU,2025-11-01,2025-09-25,29619,871,,W1204204332,SMG,2025-11-26,LIR,41,2025-11-26 11:02:51,3729,M,9NCWK,Y782MF ,0,Nor,60,MEDID NO TRABAJA,60,S,MED
2025-12-01 00:00:00,783191109737,33,DW,12,D,04,331,GONZALEZ MONTIEL VICTOR       ,1D,CORTADO,X530UL ,2,F622,19LM,2025-11-01,2025-09-23,22823,1379,,W1204200716,SMC,2025-11-24,LIR,43,2025-11-24 22:17:42,3328,L,9NCXK,X530UL ,0,Nor,53,UI SERV DIRECTO,53,S,MED
2025-12-01 00:00:00,783191200238,10,DW,12,D,02,102,COHUO DIAZ EUGENIA            ,1B,ACTIVO,V841VX ,1,F122,19LN,2025-12-01,2025-12-05,8332,1059,,W1204138912,SMC,2025-10-06,LIR,92,2025-12-05 08:23:17,1027,M,9ND6M,V841VX ,99935,Opt,  ,,,,MED
2025-12-01 00:00:00,783191200998,23,DW,12,D,01,232,DELGADO SOSA BARBARA AIME     ,1D,ACTIVO,DW289U ,2,F623,19NU,2025-11-01,2025-09-12,25061,954,,W1204189831,SMC,2025-11-14,LIR,53,2025-11-14 09:37:14,2303,M,9ND6M,DW289U ,0,Nor,53,UI SERV DIRECTO,53,S,MED
2025-12-01 00:00:00,783200102538,04,DW,12,C,01,042,CABRERA ALBARRAN MARIANO      ,1D,ACTIVO,X302UK ,2,F622,19LM,2025-12-01,2025-12-02,20028,84,,W1204206367,SM3,2025-11-28,CDB,39,2025-12-02 15:22:44,0402,M,GAA7N,X302UK ,84,Opt,  ,,,,CCC
2025-12-01 00:00:00,783200102805,05,DW,12,D,01,050,JIMENEZ SANCHEZ HUMBERTO      ,1D,BAJA,,2,,,2025-12-01,2025-12-26,5387,99603,,W1204173663,SMC,2025-10-31,LIR,67,,,,,,,,,,,,MED
2025-12-01 00:00:00,783200202028,19,DW,12,D,01,191,LEON LOPEZ JESUS              ,1D,CORTADO,EM740D ,2,F623,19NU,2025-11-01,2025-11-12,6716,0,,W1204186786,SMC,2025-11-12,LIR,55,2025-11-12 08:32:20,1903,M,GA4HN,EM740D ,0,Opt,32,UI DERIVACION,32,S,MED
2025-12-01 00:00:00,783200203563,33,DW,12,C,01,333,CONDOMINIOS LIVERTE P EN C    ,02,ACTIVO,785BJR ,3,FD22,14LR,2025-11-01,2025-09-23,21440,909,,W1204200923,SMC,2025-11-24,LIR,43,2025-11-24 11:41:43,3301,M,9P14L,785BJR ,0,Nor,53,UI SERV DIRECTO,53,S,MED
2025-12-01 00:00:00,783150205942,12,DW,12,D,01,122,HOY HEREDIA MAURICIO ENRIQUE  ,1D,ACTIVO,989T8H ,2,F622,14LM,2025-12-01,2025-12-08,31482,415,,W1204134748,SM3,2025-10-02,WAD,96,2025-12-08 09:44:19,1203,M,9ND6M,989T8H ,415,Opt,  ,,,,CCC
2025-12-01 00:00:00,783200300844,05,DW,12,D,01,050,CHE COLLI JOSE INDALECIO      ,1D,BAJA,,2,,,2025-12-01,2025-12-26,21330,98676,,W1204173664,SMC,2025-10-31,LIR,67,,,,,,,,,,,,MED
2025-12-01 00:00:00,783200305927,15,DW,12,D,01,151,VARGAZ INTERIAN ARIA MERLI    ,1D,ACTIVO,4BCY12 ,2,F623,25P2,2025-07-01,2025-07-10,36624,1461,,W1204183432,SMC,2025-11-10,LIR,57,,,,,,,,,,,,MED
2025-12-01 00:00:00,783200400733,05,DW,12,D,01,050,DIAZ MIRANDA PATRICIA         ,1D,BAJA,,2,,,2025-12-01,2025-12-26,18881,99786,,W1204173666,SMG,2025-10-31,LIR,67,,,,,,,,,,,,MED
2025-12-01 00:00:00,783200604371,19,DW,12,D,01,191,ULLOA ALMEIDA HENRY           ,1D,CORTADO,EM726E ,2,F623,19NU,2025-11-01,2025-11-12,17560,0,,W1204186787,SMC,2025-11-12,LIR,55,2025-11-12 09:11:43,1903,M,GA4HN,EM726E ,0,Opt,32,UI DERIVACION,32,S,MED
2025-12-01 00:00:00,783200604771,10,DW,12,D,02,102,PUC UITZIL HERMELINDA         ,1B,ACTIVO,W460TA ,1,F122,19LN,2025-12-01,2025-10-07,4863,142,,W1204138911,SMC,2025-10-06,LIR,92,2025-12-05 15:57:38,1027,M,9ND6M,W460TA ,0,Nor,56,NO HAY MEDIDOR,56,S,MED
2025-12-01 00:00:00,783200703108,19,DW,12,D,01,191,JIMENEZ JIMENEZ JUAN ARTURO   ,02,CORTADO,EM861F ,2,F623,19NU,2025-11-01,2025-09-10,2508,15,,W1204186789,SMC,2025-11-12,LIR,55,2025-11-12 09:48:28,1903,M,GA4HN,EM861F ,0,Nor,53,UI SERV DIRECTO,53,S,MED
2025-12-01 00:00:00,783200704252,17,DW,12,C,01,175,CASTRO ORTA ALEJANDRA         ,1D,ACTIVO,Y366PC ,2,F623,19NU,2025-11-01,2025-09-09,14358,1695,,W1204185795,SMC,2025-11-12,LIR,55,2025-11-11 09:07:21,1703,M,R9895,Y366PC ,0,Nor,53,UI SERV DIRECTO,53,S,MED
2025-12-01 00:00:00,783200704937,39,DW,12,D,01,392,HERNANDEZ DAVILA ELDA NELLY   ,1D,ACTIVO,8AUW67 ,2,F623,25P2,2020-05-01,2020-07-24,0,0,,W1204207371,SM2,2025-11-30,12D,37,,,,,,,,,,,,GSC
2025-12-01 00:00:00,783200800448,37,DW,12,D,01,373,BACAB CANTO MARIA G           ,1D,ACTIVO,BE410T ,2,F623,19NV,2025-11-01,2025-11-26,12901,624,,W1204134916,SM3,2025-10-02,CDW,96,2025-11-26 11:13:48,3701,M,GA4HN,BE410T ,624,Nor,  ,,LM,S,CCC
2025-12-01 00:00:00,783200800553,11,DW,12,D,01,110,CHI CHAN WILBERTH DE JESUS    ,1D,CORTADO,NL001G ,2,F623,20NU,2021-03-01,2021-03-09,148,0,,W1204179692,SMC,2025-11-06,LIR,61,,,,,,,,,,,,MED
2025-12-01 00:00:00,783151008555,19,DW,12,D,01,194,SERRANO SAAVEDRA FELIX        ,1D,ACTIVO,RDV890 ,2,F623,24NY,2025-11-01,2025-11-12,7410,1085,,W1204138427,SM3,2025-10-06,CDU,92,2025-11-12 11:32:51,1905,M,9ND6M,RDV890 ,1085,Opt,  ,,,,CCC
2025-12-01 00:00:00,783200805491,17,DW,12,C,01,174,PROPIETARIOS DE LIRIOS AC     ,02,ACTIVO,YU061F ,2,F623,21NU,2025-11-01,2025-09-09,1110,68,,W1204185790,SMG,2025-11-12,LIR,55,2025-11-11 11:08:19,1702,M,9P120,YU061F ,0,Opt,60,MEDID NO TRABAJA,60,S,MED
2025-12-01 00:00:00,783200805636,33,DW,12,D,03,335,CORTEZ PADILLA JOSE ABRAHAM   ,1D,ACTIVO,BE108T ,2,F623,19NV,2025-11-01,2025-11-24,337,8,,W1204200794,SMC,2025-11-24,LIR,43,,,,,,,,,,,,MED
2025-12-01 00:00:00,783200901538,10,DW,12,D,02,106,VICENTE LOPEZ ROSALBA         ,1B,ACTIVO,LV637U ,2,F623,20NU,2025-12-01,2024-02-02,2662,269,,W1204139838,SMC,2025-10-07,SAV,91,2025-12-05 14:53:42,1029,M,9NCXK,LV637U ,0,Nor,53,UI SERV DIRECTO,53,S,MED
2025-12-01 00:00:00,783200902674,33,DW,12,D,03,335,CHAN SIMA EZEQUIEL            ,1D,ACTIVO,FK667J ,1,F122,19LN,2025-11-01,2025-09-23,29053,1450,,W1204200801,SMC,2025-11-24,LIR,43,2025-11-24 12:57:47,3327,M,GATJM,FK667J ,0,Nor,53,UI SERV DIRECTO,53,S,MED
2025-12-01 00:00:00,783200904359,05,DW,12,D,01,050,HERNANDEZ MARTINEZ JESUS      ,1D,ACTIVO,074X6J ,2,F622,14LM,2021-11-01,2021-10-28,81,24,,W1204148302,SMC,2025-10-13,WAD,85,,,,,,,,,,,,MED
2025-12-01 00:00:00,783201000178,31,DW,12,D,04,310,MUKUL CAUICH LIDIA ROSALBA    ,1D,CORTADO,BA885W ,2,F622,19MP,2025-11-01,2023-09-21,31,0,,W1204198111,SMC,2025-11-21,LIR,46,2025-11-21 11:48:15,3127,M,9NCX1,BA885W ,0,Nor,53,UI SERV DIRECTO,53,S,MED
2025-12-01 00:00:00,783201000372,17,DW,12,C,01,175,OROZCO ARBOLEDA LINA MARCELA  ,1D,ACTIVO,LW362A ,2,F623,20NU,2025-11-01,2025-09-09,32518,1600,,W1204185794,SMG,2025-11-12,LIR,55,2025-11-11 08:41:29,1703,M,R9895,LW362A ,0,Nor,60,MEDID NO TRABAJA,60,S,MED
2025-12-01 00:00:00,783201003843,17,DW,12,C,01,174,CAMACHO LOPEZ AMERICA DENISSE ,1D,ACTIVO,BE573U ,2,F623,19NV,2025-11-01,2025-09-09,4886,23,,W1204187871,SM2,2025-11-13,MED,54,2025-11-11 09:45:09,1702,M,9P120,BE573U ,95119,Nor,  ,,FR,S,GSC
2025-12-01 00:00:00,783201100415,17,DW,12,C,01,175,ORTIZ DEL VALLE JAVIER GERARDO,1D,ACTIVO,BE968K ,2,F623,19NV,2025-11-01,2025-09-09,19498,1117,,W1204187874,SM2,2025-11-13,MED,54,2025-11-11 09:08:17,1703,M,R9895,BE968K ,80949,Opt,  ,,,,GSC
2025-12-01 00:00:00,783201101101,17,DW,12,C,01,174,RODRIGUEZ BUJANDA SAULO       ,1D,ACTIVO,4AUX67 ,2,F623,25P2,2025-11-01,2025-11-11,329,329,,W1204181306,SMC,2025-11-07,CDJ,60,,,,,,,,,,,,MED
2025-12-01 00:00:00,783201103104,33,DW,12,C,01,333,SUPER FUN INC SA DE CV        ,1D,ACTIVO,LV532T ,2,F623,20NU,2025-11-01,2025-09-23,34982,614,,W1204200922,SMG,2025-11-24,LIR,43,2025-11-24 11:34:07,3301,M,9P14L,LV532T ,0,Nor,60,MEDID NO TRABAJA,60,S,MED
2025-12-01 00:00:00,783201106367,34,DW,12,D,01,343,CAMACHO MAY JOSE GUADALUPE    ,1D,ACTIVO,NK268D ,2,F623,20NU,2025-12-01,2025-08-22,15670,939,,W1204162567,SMC,2025-10-23,LIR,75,2025-12-23 11:08:26,3404,L,GATJM,NK268D ,0,Nor,53,UI SERV DIRECTO,53,S,MED
2025-12-01 00:00:00,783201200169,39,DW,12,D,01,392,ANDRADE MAGLIONI MAURICIO JESU,1D,ACTIVO,LV409T ,2,F623,20NU,2025-11-01,2024-07-26,12312,845,,W1204205835,SMC,2025-11-27,LIR,40,2025-11-27 11:52:33,3902,M,GATJM,LV409T ,0,Nor,53,UI SERV DIRECTO,53,S,MED
2025-12-01 00:00:00,783201201807,30,DW,12,D,01,300,ALTUNAR ALTUNAR MARIA GABRIELA,1D,ACTIVO,BE063L ,2,F623,19NV,2025-12-01,2025-04-16,10883,698,,W1204161921,SMG,2025-10-22,12A,76,2025-12-19 07:37:42,3001,L,GA4HN,BE063L ,92709,Opt,  ,,,,MED
2025-12-01 00:00:00,783160200884,29,DW,12,D,01,296,CUSTODIO RODRIGUEZ PAULA      ,1D,ACTIVO,203JHW ,2,F622,15LM,2025-11-01,2025-09-19,17791,325,,W1204197327,SMG,2025-11-21,LIR,46,2025-11-20 09:00:09,2903,L,9P14M,203JHW ,0,Nor,60,MEDID NO TRABAJA,60,S,MED
2025-12-01 00:00:00,783160304302,17,DW,12,D,01,170,GOMEZ ARENAS HUGO OLIMPO      ,1D,ACTIVO,NT314B ,2,F623,20NU,2021-07-01,2021-07-12,24840,119,,W1204184993,SMC,2025-11-11,LIR,56,,,,,,,,,,,,MED
2025-12-01 00:00:00,783210404311,32,DW,12,D,01,320,TORRES GALVEZ JENIFER MAIROLIN,1D,ACTIVO,315RN1 ,1,F122,12LH,2025-12-01,2025-04-21,20945,880,,W1204161150,SMC,2025-10-22,LIR,76,2025-12-22 12:17:22,3201,L,GATJM,315RN1 ,0,Nor,53,UI SERV DIRECTO,53,S,MED
2025-12-01 00:00:00,783160304981,17,DW,12,D,01,171,CONTRERAS SANCHEZ JUAN        ,1D,SUJETO A CORTE,583B0X ,2,F622,13LM,2016-01-01,2016-03-09,0,0,,W1204186133,SM2,2025-11-12,SAV,55,,,,,,,,,,,,GSC
2025-12-01 00:00:00,783210504227,23,DW,12,D,01,232,BUSTIO FARINAS AILED MAYTEE   ,1D,ACTIVO,JCF138 ,2,F623,23NU,2022-09-01,2022-09-15,4903,184,,W1204189833,SMC,2025-11-14,LIR,53,,,,,,,,,,,,MED
2025-12-01 00:00:00,783210601192,24,DW,12,D,04,242,GARCIA MATIAS ALFI            ,1D,ACTIVO,J640PF ,2,F622,17LM,2025-12-01,2025-02-12,9216,253,,W1204153837,SMC,2025-10-16,SAV,82,2025-12-16 08:50:08,2428,M,GATJM,J640PF ,0,Nor,53,UI SERV DIRECTO,53,S,MED
2025-12-01 00:00:00,783210607310,13,DW,12,D,01,132,ISLAS GUZMAN ERICK ALEJANDRO  ,1D,ACTIVO,MF450N ,2,F623,20NU,2025-11-01,2025-09-05,15628,14,,W1204181216,SMC,2025-11-07,LIR,60,2025-11-07 11:27:39,1303,M,GA4HN,MF450N ,0,Nor,53,UI SERV DIRECTO,53,S,MED
2025-12-01 00:00:00,783210701367,12,DW,12,D,01,120,FERNANDEZ MEDINA LUIS MANUEL  ,1D,ACTIVO,MF389R ,2,F623,20NU,2025-12-01,2025-12-08,3345,492,,W1204140340,SMC,2025-10-07,LIR,91,2025-12-08 08:51:26,1201,M,GAE2M,MF389R ,264,Opt,  ,,,,MED
2025-12-01 00:00:00,783210702169,32,DW,12,D,01,323,CETINA CONTRERAS OMAR         ,1D,ACTIVO,8AXG03 ,2,F623,25P2,2023-10-01,2023-10-20,429,0,,W1204177879,SM3,2025-11-05,WAD,62,,,,,,,,,,,,CCC
2025-12-01 00:00:00,783210707241,01,DW,12,D,01,014,RAMIREZ HUERTA MIGUEL EDUARDO ,1D,BAJA,,2,,,2025-12-01,2025-12-26,8882,99397,,W1204170903,SMC,2025-10-29,LIR,69,,,,,,,,,,,,MED
2025-12-01 00:00:00,783130408294,25,DW,12,D,01,251,GARCIA RUIZ LENIN             ,1D,ACTIVO,A834KW ,2,F622,16LM,2025-11-01,2025-09-17,6552,1104,,W1204192844,SMC,2025-11-18,LIR,49,2025-11-18 10:36:30,2501,L,GAE2M,A834KW ,0,Nor,53,UI SERV DIRECTO,53,S,MED
2025-12-01 00:00:00,783210902851,23,DW,12,D,01,232,JUAREZ VELASQUEZ JOSE GRACIANO,1D,ACTIVO,MF420T ,2,F623,20NU,2025-11-01,2025-09-12,15438,743,,W1204189832,SMC,2025-11-14,LIR,53,2025-11-14 10:05:14,2303,M,9ND6M,MF420T ,0,Nor,53,UI SERV DIRECTO,53,S,MED
2025-12-01 00:00:00,783211101525,33,DW,12,C,01,333,CRUZ BUSTILLO SANTIAGO        ,1D,ACTIVO,UM583A ,2,F623,21NY,2023-10-01,2023-09-28,3319,0,,W1204200924,SMC,2025-11-24,LIR,43,,,,,,,,,,,,MED
2025-12-01 00:00:00,783211106501,01,DW,12,D,01,012,MORENO GONZALEZ CARLOS FERNAND,1D,ACTIVO,HYP565 ,2,F623,23NU,2026-01-01,2025-12-29,10467,571,,W1204184432,SM3,2025-11-11,CDB,56,,,,,,,,,,,,CCC
2025-12-01 00:00:00,783211204057,01,DW,12,D,01,014,ESCOBAR PEREZ ANABEL          ,1D,ACTIVO,YH660L ,2,F623,21NU,2026-01-01,2025-06-27,17088,686,,W1204174450,SM3,2025-11-03,CDB,64,,,,,,,,,,,,CCC
2025-12-01 00:00:00,783220300107,15,DW,12,D,01,154,FIGAROLA GARCIA ALEJANDRA     ,1D,ACTIVO,YH406R ,2,F623,21NU,2025-11-01,2025-09-09,11833,770,,W1204183134,SMC,2025-11-10,LIR,57,2025-11-10 09:47:17,1504,M,GAE2M,YH406R ,0,Nor,53,UI SERV DIRECTO,53,S,MED
2025-12-01 00:00:00,783220304196,25,DW,12,D,01,251,VAZQUEZ FERNANDEZ JHORLAIS DIO,1D,ACTIVO,YU254F ,2,F623,21NU,2025-11-01,2025-09-17,2233,0,,W1204193988,SM2,2025-11-19,SAV,48,2025-11-18 10:59:31,2501,L,GAE2M,YU254F ,0,Nor,59,DISPLAY APAGADO,59,S,GSC
2025-12-01 00:00:00,783220305001,01,DW,12,D,01,014,GARCIA FLORES VICTOR EDUARDO  ,1D,BAJA,,2,,,2025-12-01,2025-12-26,7301,99850,,W1204170905,SMC,2025-10-29,LIR,69,,,,,,,,,,,,MED
2025-12-01 00:00:00,783220401493,31,DW,12,D,01,313,MARIN HERNANDEZ CARMEN        ,02,ACTIVO,YJ402A ,2,F623,21NU,2025-11-01,2025-09-22,4768,479,,W1204198115,SMC,2025-11-21,LIR,46,2025-11-21 08:01:53,3101,M,GA4HN,YJ402A ,0,Nor,53,UI SERV DIRECTO,53,S,MED
2025-12-01 00:00:00,783220401507,19,DW,12,D,01,194,ACOSTA CORDOBA LAURA IVETH    ,1D,CORTADO,REC903 ,2,F623,24NY,2024-11-01,2024-11-12,14278,1087,,W1204186991,SMC,2025-11-12,LIR,55,,,,,,,,,,,,MED
2025-12-01 00:00:00,783170503346,39,DW,12,D,04,391,MALDONADO PUC NOEMI DEL ROSARI,1D,ACTIVO,A564KJ ,2,F622,16LM,2025-11-01,2025-11-27,10246,0,,W1204205840,SMC,2025-11-27,LIR,40,2025-11-27 08:39:22,3926,M,9ND6M,A564KJ ,0,Opt,32,UI DERIVACION,32,S,MED
2025-12-01 00:00:00,783220803494,39,DW,12,D,01,394,CAMARA ROMERO MARIA JOSE      ,1D,ACTIVO,FF528C ,2,F622,19MP,2025-11-01,2025-09-27,10626,583,,W1204205791,SMG,2025-11-27,LIR,40,2025-11-27 12:49:14,3903,M,9P14M,FF528C ,0,Nor,60,MEDID NO TRABAJA,60,S,MED
2025-12-01 00:00:00,783221002665,03,DW,12,D,01,031,VASCONSELO HERNANDEZ EDER     ,1D,ACTIVO,BA323Y ,2,F622,19MP,2026-01-01,2025-12-30,9660,1153,,W1204173135,SMC,2025-10-31,LIR,67,,,,,,,,,,,,MED
2025-12-01 00:00:00,783221004102,29,DW,12,D,01,292,MATEO PEREZ ROXANA MAGALI     ,1D,ACTIVO,2DVF93 ,2,F623,25NY,2025-09-01,2025-09-19,2954,1949,,W1204196254,SMC,2025-11-20,LIR,47,,,,,,,,,,,,MED
2025-12-01 00:00:00,783221006733,24,DW,12,D,04,240,LOPEZ ALCOCER JUAN ALBERTO    ,1D,CORTADO,DBP624 ,2,F623,22NU,2025-12-01,2025-08-15,12508,546,,W1204155558,SMC,2025-10-17,LIR,81,2025-12-16 19:40:41,2426,L,9P14M,DBP624 ,0,Nor,53,UI SERV DIRECTO,53,S,MED
2025-12-01 00:00:00,783221201684,01,DW,12,D,01,014,MARTINEZ RAMOS LUIS ANTONIO   ,1D,CORTADO,DJM094 ,2,F623,22NU,2026-01-01,2026-01-02,7375,683,,W1204190263,SMC,2025-11-14,CDV,53,,,,,,,,,,,,MED
2025-12-01 00:00:00,783221202699,21,DW,12,D,01,210,SANTOS FIGUEROA JONNATHAN F   ,1D,CORTADO,DBU884 ,2,F623,22NU,2025-11-01,2025-11-13,12737,569,,W1204194031,SMC,2025-11-19,WAA,48,,,,,,,,,,,,MED
2025-12-01 00:00:00,783230201981,23,DW,12,D,01,232,BARRAGAN ROMERO CLTLALI YUTZIT,1D,CORTADO,300X3H ,2,F622,14LM,2025-11-01,2025-09-12,12832,828,,W1204189835,SMC,2025-11-14,LIR,53,2025-11-14 11:25:00,2303,M,9ND6M,300X3H ,0,Nor,53,UI SERV DIRECTO,53,S,MED
2025-12-01 00:00:00,783230204688,01,DW,12,D,01,014,SOJO JIMENEZ JESUS GILBERTO   ,1D,ACTIVO,DW715V ,2,F623,19NU,2026-01-01,2025-12-29,8393,518,,W1204168540,SMC,2025-10-28,CDP,70,,,,,,,,,,,,MED
2025-12-01 00:00:00,783230301284,24,DW,12,D,04,240,GUAYABO FRANCISCO VERONICA    ,1D,ACTIVO,P193HH ,2,F623,18NN,2025-12-01,2025-08-15,6041,434,,W1204155557,SMC,2025-10-17,LIR,81,2025-12-16 19:45:56,2426,L,9P14M,P193HH ,0,Nor,53,UI SERV DIRECTO,53,S,MED
2025-12-01 00:00:00,783230301659,39,DW,12,D,01,394,ARJONA GARCIA MONICA LEONOR   ,1D,SUJETO A CORTE,51W45B ,2,F62H,11KN,2025-11-01,2025-09-26,18434,1752,,W1204205792,SMC,2025-11-27,LIR,40,2025-11-27 15:42:27,3903,M,9P14M,51W45B ,0,Nor,53,UI SERV DIRECTO,53,S,MED
2025-12-01 00:00:00,783230304763,20,DW,12,D,01,200,ALVAREZ SILVA SALVADOR        ,1D,ACTIVO,RDF486 ,2,F623,24NY,2024-10-01,2024-10-11,9147,2241,,W1204150632,SMC,2025-10-14,12D,84,,,,,,,,,,,,MED
2025-12-01 00:00:00,783230305310,15,DW,12,D,01,154,GONZALEZ LOPEZ GONZALO FERNAND,1D,CORTADO,JAT761 ,2,F623,23NU,2025-11-01,2025-11-10,5633,0,,W1204183135,SMC,2025-11-10,LIR,57,2025-11-10 09:02:11,1504,M,GAE2M,JAT761 ,0,Opt,32,UI DERIVACION,32,S,MED
2025-12-01 00:00:00,783230402323,19,DW,12,D,01,194,TUYUB GUTIERREZ ANAHI DE LOS A,1D,CORTADO,U619XV ,2,F623,18NN,2025-11-01,2025-11-12,8476,0,,W1204186998,SMC,2025-11-12,LIR,55,2025-11-12 11:47:23,1905,M,9ND6M,U619XV ,0,Opt,32,UI DERIVACION,32,S,MED
2025-12-01 00:00:00,783230402994,36,DW,12,D,01,360,ARJONA CRUZ NORMA LETICIA     ,1D,ACTIVO,FF214B ,2,F622,19MP,2025-12-01,2025-12-26,11317,1586,,W1204163226,SMC,2025-10-23,LIR,75,2025-12-26 16:38:51,3601,L,9NCX3,FF214B ,810,Opt,  ,,,,MED
2025-12-01 00:00:00,783190602341,39,DW,12,D,04,391,SOLIS GASCA MANUEL ANTONIO    ,1D,ACTIVO,YH170W ,2,F623,21NU,2025-11-01,2025-11-27,8044,0,,W1204182613,SMC,2025-11-10,WAB,57,2025-11-27 12:28:20,3926,M,9ND6M,YH170W ,0,Opt,32,UI DERIVACION,32,S,MED
2025-12-01 00:00:00,783230603035,15,DW,12,D,01,153,AKE MAY MANUEL JAVIER         ,1D,ACTIVO,5BDJ01 ,2,F623,25P2,2025-11-01,2025-11-10,4658,1951,,W1204202120,SM3,2025-11-25,WAD,42,,,,,,,,,,,,CCC
2025-12-01 00:00:00,783230605739,40,DW,12,D,01,403,CANCHE CHAN ANA MARIA         ,1D,ACTIVO,DHP810 ,2,F623,22NU,2025-12-01,2025-10-27,4680,449,,W1204177584,SM3,2025-11-05,CDV,62,2025-12-29 10:57:34,4001,M,GATJM,DHP810 ,0,Nor,53,UI SERV DIRECTO,53,S,CCC
2025-12-01 00:00:00,783230705482,10,DW,12,D,02,102,REYES PENA JOSE LUIS          ,1B,ACTIVO,JCL127 ,2,F623,23NU,2025-12-01,2025-12-09,1320,1,,W1204139844,SMG,2025-10-07,12D,91,2025-12-05 16:18:13,1027,M,9ND6M,JCL127 ,0,Nor,59,DISPLAY APAGADO,59,S,MED
2025-12-01 00:00:00,783230803191,40,DW,12,C,01,403,RUEDA DE LEON RUIZ TEODOCIO   ,02,ACTIVO,HYT163 ,2,F623,23NU,2025-12-01,2025-12-29,29077,2930,,W1204139959,SM3,2025-10-07,CDD,91,2025-12-29 08:29:07,4004,L,GAALN,HYT163 ,2930,Opt,  ,,,,CCC
2025-12-01 00:00:00,783230901109,04,DW,12,D,01,042,RAMIREZ DIAZ ROGER            ,1D,ACTIVO,JCM497 ,2,F623,23NU,2025-12-01,2025-12-02,6076,200,,W1204162773,SMC,2025-10-23,WAD,75,2025-12-02 11:00:41,0402,M,GAF1M,JCM497 ,200,Opt,  ,,,,MED
2025-12-01 00:00:00,783230902016,15,DW,12,D,01,153,RAMIREZ RAMIREZ CATALINA      ,02,ACTIVO,5BDJ00 ,2,F623,25P2,2025-11-01,2025-09-13,0,492,,W1204183448,SMG,2025-11-10,LIR,57,2025-11-10 09:06:55,1503,M,GA4HN,5BDJ00 ,0,Nor,60,MEDID NO TRABAJA,60,S,MED
2025-12-01 00:00:00,783231104369,36,DW,12,D,01,360,FLORES ANAYA JUAN CARLOS      ,1D,ACTIVO,JAR359 ,2,F623,23NU,2025-12-01,2025-06-25,0,0,,W1204160108,SMG,2025-10-21,12D,77,2025-12-26 17:37:32,3601,L,9NCX3,JAR359 ,0,Nor,56,NO HAY MEDIDOR,56,S,MED
2025-12-01 00:00:00,783190602901,29,DW,12,D,01,296,CONTRERAS URIBE GERARDO ARTURO,1D,ACTIVO,23X3F9 ,2,F62F,09K6,2025-11-01,2025-11-20,7243,124,,W1204141878,SM3,2025-10-08,WAD,90,2025-11-20 13:44:02,2903,L,9P14M,23X3F9 ,99516,Nor,  ,,FR,S,CCC
2025-12-01 00:00:00,783231200546,38,DW,12,D,01,381,GUZMAN DE LA CRUZ JAIRO       ,1D,ACTIVO,JAX689 ,2,F623,23NU,2025-12-01,2025-08-26,7986,799,,W1204164740,SMC,2025-10-24,LIR,74,2025-12-26 09:50:08,3802,L,GA4HN,JAX689 ,0,Nor,53,UI SERV DIRECTO,53,S,MED
2025-12-01 00:00:00,783190605650,23,DW,12,D,01,230,RAMOS SALAS ARMANDO           ,1D,ACTIVO,35X1F3 ,2,F62F,09K6,2025-11-01,2025-09-12,13475,674,,W1204189850,SMC,2025-11-14,LIR,53,2025-11-14 10:02:08,2301,M,GATJM,35X1F3 ,0,Nor,53,UI SERV DIRECTO,53,S,MED
2025-12-01 00:00:00,783190605935,31,DW,12,D,01,313,GARCIA GARCIA MIGUEL ROSENDO  ,1D,CORTADO,29E1K0 ,2,F62F,08K6,2025-11-01,2025-09-22,24901,641,,W1204198117,SMG,2025-11-21,LIR,46,2025-11-21 11:31:27,3101,M,GA4HN,29E1K0 ,0,Nor,60,MEDID NO TRABAJA,60,S,MED
2025-12-01 00:00:00,783240105467,11,DW,12,D,01,110,VALENCIA MOO RICARDO DE JESUS ,1D,BAJA,,2,,,2025-12-01,2025-12-26,10122,98933,,W1204172587,SMC,2025-10-30,LIR,68,,,,,,,,,,,,MED
2025-12-01 00:00:00,783240200265,08,DW,12,D,02,080,VELASCO CARDENAS DIANA SARAIN ,1B,ACTIVO,G845LX ,2,F622,17LM,2025-12-01,2025-06-20,0,14,,W1204138185,SMC,2025-10-06,LIR,92,2025-12-04 10:30:55,0826,M,GA4HN,G845LX ,0,Nor,53,UI SERV DIRECTO,53,S,MED
2025-12-01 00:00:00,783240205054,23,DW,12,D,01,233,REYES SARABIA MARIA SONIA     ,1D,ACTIVO,JCJ072 ,2,F623,23NU,2025-11-01,2025-09-12,2041,139,,W1204192220,SMC,2025-11-18,SAV,49,2025-11-14 08:33:30,2304,M,GA4HN,JCJ072 ,0,Nor,65,UI MED INVERTIDO,65,S,MED
2025-12-01 00:00:00,783240506224,12,DW,12,D,01,122,TEC ACOSTA ALAN GEOVANNY      ,1D,ACTIVO,335TLL ,2,F622,16LM,2025-12-01,2025-08-07,4458,564,,W1204140390,SMC,2025-10-07,LIR,91,2025-12-08 15:55:38,1203,M,9ND6M,335TLL ,0,Nor,53,UI SERV DIRECTO,53,S,MED
2025-12-01 00:00:00,783240802508,05,DW,12,D,01,050,GUEVARA RUIZ EDGAR TOMAS      ,1D,ACTIVO,RDF042 ,2,F623,24NY,2026-01-01,2026-01-02,560,0,,W1204173665,SMC,2025-10-31,LIR,67,,,,,,,,,,,,MED
2025-12-01 00:00:00,783241100540,07,DW,12,D,01,072,LOPEZ HERNANDEZ REY AGUSTIN   ,1D,ACTIVO,RCG622 ,2,F623,24NY,2025-03-01,2025-03-04,791,791,,W1204176313,SMC,2025-11-04,LIR,63,,,,,,,,,,,,MED
2025-12-01 00:00:00,783241100850,19,DW,12,D,01,190,TAMAY SANCHEZ HENRY FERNANDO  ,1D,ACTIVO,GCC172 ,1,F123,23NX,2025-11-01,2025-09-10,461,153,,W1204187785,SM2,2025-11-13,SAV,54,2025-11-12 09:30:31,1902,M,9P14M,GCC172 ,99540,Opt,  ,,,,GSC
2025-12-01 00:00:00,783241205848,03,DW,12,D,01,031,MENESES MENDEZ LADY YANELLY   ,1D,ACTIVO,UK644U ,2,F623,21NY,2026-01-01,2025-12-30,1467,250,,W1204152445,SM3,2025-10-15,CDB,83,,,,,,,,,,,,CCC
2025-12-01 00:00:00,783250101427,15,DW,12,D,01,151,RODRIGUEZ ALARCON DIANA JANET ,1D,ACTIVO,RBP764 ,2,F623,24NY,2025-11-01,2025-09-08,3864,1219,,W1204184494,SM2,2025-11-11,SAV,56,2025-11-10 08:19:41,1501,M,9P14M,RBP764 ,98428,Opt,  ,,,,GSC
2025-12-01 00:00:00,783250301868,07,DW,12,D,01,072,CHABLE PUC SILVINO            ,1D,ACTIVO,RCK166 ,2,F623,24NY,2026-01-01,2026-01-05,1232,0,,W1204177711,SM2,2025-11-05,12D,62,,,,,,,,,,,,GSC
2025-12-01 00:00:00,783250406520,01,DW,12,D,01,015,CORTES ROMERO ALEXANDRA       ,1D,BAJA,,2,,,2025-12-01,2025-12-26,2449,98776,,W1204171073,SMC,2025-10-29,LIR,69,,,,,,,,,,,,MED
2025-12-01 00:00:00,783250505820,21,DW,12,D,01,210,REYES OVANDO ERIK MARCONY     ,1D,ACTIVO,8CFD61 ,2,F623,25P3,2025-11-01,2026-01-03,0,0,,W1204188762,SMC,2025-11-13,LIR,54,2025-11-13 18:43:29,2102,M,9P14M,3AAX23 ,0,Nor,53,UI SERV DIRECTO,53,S,MED
2025-12-01 00:00:00,783250610810,25,DW,12,D,01,251,BALAN GARCIA VANESSA RUBI     ,1D,ACTIVO,7DVN15 ,2,F623,25NY,2025-11-01,2025-07-21,1,0,,W1204186749,SM2,2025-11-12,12D,55,2025-11-18 13:03:33,2501,L,GAE2M,7DVN15 ,0,Nor,56,NO HAY MEDIDOR,56,S,GSC
2025-12-01 00:00:00,783250706485,33,DW,12,D,04,331,NOVELO EROSA MARIA ROCIO GPE  ,02,ACTIVO,2DVW39 ,2,F623,25NY,2025-11-01,2025-11-24,5100,930,,W1204204065,SMC,2025-11-26,SAV,41,,,,,,,,,,,,MED
2025-12-01 00:00:00,783250709221,21,DW,12,D,01,212,VELAZQUEZ MENDEZ HILARIA      ,1D,ACTIVO,7DVP69 ,2,F623,25NY,2025-11-01,2025-09-11,0,0,,W1204188410,SMC,2025-11-13,LIR,54,2025-11-13 11:45:19,2104,M,GATJM,7DVP69 ,0,Nor,53,UI SERV DIRECTO,53,S,MED
2025-12-01 00:00:00,783250902748,28,DW,12,D,01,288,VARELA PEREZ GUADALUPE        ,1D,ACTIVO,4BCY98 ,2,F623,25P2,2025-12-01,2025-12-18,627,434,,W1204158195,SMC,2025-10-20,12D,78,2025-12-18 10:50:10,2802,M,GA4HN,4BCY98 ,434,Opt,  ,,,,MED
2025-12-01 00:00:00,783250903868,21,DW,12,D,01,210,CORDOVA SANCHEZ VICENTE       ,1D,ACTIVO,4AUU62 ,2,F623,25P2,2025-11-01,2025-11-13,0,0,,W1204188757,SMC,2025-11-13,LIR,54,2025-11-13 18:41:30,2102,M,9P14M,4AUU62 ,0,Nor,53,UI SERV DIRECTO,53,S,MED
2025-12-01 00:00:00,783251000241,21,DW,12,D,01,210,PEREZ PRIETO JESUS            ,1D,ACTIVO,3BCJ50 ,2,F623,25P2,2025-11-01,2025-11-13,0,0,,W1204188759,SMC,2025-11-13,LIR,54,2025-11-13 18:46:00,2102,M,9P14M,3BCJ50 ,0,Nor,53,UI SERV DIRECTO,53,S,MED
2025-12-01 00:00:00,783251000845,21,DW,12,D,01,210,GOMEZ LOPEZ SHEILY            ,1D,ACTIVO,7AUY95 ,2,F623,25P2,2025-11-01,2025-11-13,0,0,,W1204188758,SMC,2025-11-13,LIR,54,2025-11-13 18:48:48,2102,M,9P14M,7AUY95 ,0,Nor,53,UI SERV DIRECTO,53,S,MED
2025-12-01 00:00:00,783251005715,03,DW,12,D,01,031,LEYVA CRUZ ORBELIN            ,1D,ACTIVO,2BDL91 ,2,F623,25P2,2026-01-01,2025-12-30,132,93,,W1204189250,SM3,2025-11-14,WAD,53,,,,,,,,,,,,CCC
2025-12-01 00:00:00,783190801262,35,DW,12,D,04,350,CRUZ SANTIAGO ALFREDO         ,1D,CORTADO,CVK753 ,2,F623,22NU,2022-11-01,2022-11-23,7328,0,,W1204202392,SMC,2025-11-25,LIR,42,,,,,,,,,,,,MED
2025-12-01 00:00:00,783191008710,17,DW,12,D,01,170,RES JARDINES DEL SUR V NVO AM ,02,ACTIVO,RME357 ,2,F623,24NY,2025-05-01,2025-05-13,38971,3936,,W1204184994,SMC,2025-11-11,LIR,56,,,,,,,,,,,,MED
2025-12-01 00:00:00,783950300056,35,DW,12,D,04,353,LUIS RAUL AVILA CAAMAL        ,1D,ACTIVO,L59J07 ,2,F421,93F8,2025-11-01,2025-11-25,31629,345,,W1204205067,SM2,2025-11-27,12D,40,2025-11-25 08:57:18,3529,M,GATJM,L59J07 ,0,Nor,31,SERVICIO SIN USO,,,GSC
2025-12-01 00:00:00,783970200406,06,DW,12,D,01,063,DOMINGO HDEZ ARIES            ,1D,CORTADO,6T137Y ,2,F621,06F3,2025-12-01,2025-12-03,47703,67,,W1204135003,SMG,2025-10-02,LIR,96,2025-12-03 08:25:17,0604,M,GAF1M,6T137Y ,67,Nor,  ,,FR,S,MED
2025-12-01 00:00:00,783990101340,31,DW,12,D,01,313,MERCEDES CAUICH CAN           ,1D,ACTIVO,BE182W ,2,F623,19NV,2025-11-01,2025-09-22,10552,154,,W1204200189,SM2,2025-11-24,SAV,43,2025-11-21 09:02:53,3101,M,GA4HN,BE182W ,89454,Opt,  ,,,,GSC
2025-12-01 00:00:00,783990401963,27,DW,12,D,01,277,JOSE C CHERRIS VARELA         ,1D,ACTIVO,Y799P1 ,1,F121,97F5,2025-11-01,2025-11-19,62009,613,,W1204161715,S05,2025-10-22,CDK,76,2025-11-19 11:47:20,2704,M,GA4HN,Y799P1 ,613,Nor,  ,,,,CCC
2025-12-01 00:00:00,783991100070,27,DW,12,D,01,270,MONSREAL MEDINA MARIO ALBERTO ,1D,ACTIVO,3P2L08 ,2,F421,01GH,2025-11-01,2025-11-19,73886,922,,W1204197984,SM2,2025-11-21,SAV,46,2025-11-19 09:30:21,2701,M,9ND6M,3P2L08 ,99922,Nor,  ,,FR,S,GSC
2025-12-01 00:00:00,783200204276,04,DW,12,C,01,042,ZEPEDA MARTINEZ ERUBIEL       ,1D,ACTIVO,EM123G ,2,F623,19NU,2025-12-01,2025-12-02,4797,11,,W1204133055,SMC,2025-10-01,LIR,97,2025-12-02 09:06:27,0402,M,9P130,EM123G ,11,Opt,  ,,,,MED
2025-12-01 00:00:00,783200804753,37,DW,12,D,01,373,DE LA ROSA SANCHEZ KATHLEEN CR,1D,ACTIVO,BE034W ,2,F623,19NV,2025-11-01,2025-03-27,35174,1833,,W1204205222,SM2,2025-11-27,12D,40,2025-11-26 11:52:07,3701,M,GA4HN,BE034W ,65652,Opt,  ,,,,GSC
2025-12-01 00:00:00,783991211696,31,DW,12,D,01,318,LOPEZ ROMERO ROSA CAMILA      ,1D,ACTIVO,AWD324 ,1,F123,22NX,2023-05-01,2023-05-23,17365,109,,W1204196396,SMC,2025-11-20,CDF,47,,,,,,,,,,,,MED
2025-12-01 00:00:00,784030200498,27,DW,12,E,01,270,ISLA ENCANTADA                ,02,ACTIVO,083AB9 ,3,FD2H,11KV,2025-11-01,2025-09-19,22229,3181,,W1204195906,SMC,2025-11-20,LIR,47,2025-11-19 16:12:09,2751,R,GATKM,083AB9 ,0,Nor,53,UI SERV DIRECTO,53,S,MED
2025-12-01 00:00:00,784040800329,23,DW,12,E,01,230,CERVERA HERNANDEZ FELIPE      ,1D,ACTIVO,YP277L ,2,F623,21NU,2025-11-01,2025-12-22,0,0,,W1204137172,SM3,2025-10-04,CDC,94,2025-11-15 08:49:56,2351,R,GATKM,10E4V1 ,0,Nor,53,UI SERV DIRECTO,53,S,CCC
2025-12-01 00:00:00,784100400171,07,DW,12,D,01,070,CANDELARIO CANCHE XOOL        ,1D,ACTIVO,922FVG ,2,F622,15LM,2016-03-01,2016-03-29,8880,68,,W1204176289,SMC,2025-11-04,LIR,63,,,,,,,,,,,,MED
2025-12-01 00:00:00,783210204975,11,DW,12,D,01,110,MEJIA NAVA GABRIELA MONSERRAT ,1D,CORTADO,DBT446 ,2,F623,22NU,2023-01-01,2023-01-02,10400,0,,W1204172592,SMC,2025-10-30,LIR,68,,,,,,,,,,,,MED
2025-12-01 00:00:00,784111200221,64,DW,12,E,01,641,MUNICIPIO DE BENITO JUAREZ    ,02,ACTIVO,08E0V3 ,2,F62F,08K6,2025-12-01,2025-10-03,25733,35,,W1204179420,SM2,2025-11-06,SAV,61,2025-12-05 07:43:06,6451,R,GATKM,08E0V3 ,0,Nor,56,NO HAY MEDIDOR,56,S,GSC
2025-12-01 00:00:00,784141100425,23,DW,12,E,01,230,OLVERA HERRERA LUIS FERNANDO  ,1D,ACTIVO,63X4F8 ,3,KL29,09JR,2025-11-01,2025-09-12,64179,1056,,W1204192139,SMG,2025-11-18,LIR,49,2025-11-14 16:38:41,2351,R,GATKM,63X4F8 ,0,Nor,64,P. INFRARROJO/MED. D,64,S,MED
2025-12-01 00:00:00,784151100130,27,DW,12,E,01,270,ABURTO GALEANA MA GISELA      ,1D,ACTIVO,G869XU ,3,KL28,17KE,2024-03-01,2024-03-14,43027,435,,W1204196283,SM2,2025-11-20,MED,47,,,,,,,,,,,,GSC
2025-12-01 00:00:00,784190100244,27,DW,12,E,01,270,NAVA VILLEGAS NOEMI           ,1D,ACTIVO,113JCV ,3,FD22,15LR,2025-11-01,2025-09-18,12273,5479,,W1204195907,SMC,2025-11-20,LIR,47,2025-11-19 14:17:51,2751,R,GATKM,113JCV ,0,Nor,53,UI SERV DIRECTO,53,S,MED
2025-12-01 00:00:00,784191100485,26,DW,12,E,01,262,CORDERO CHEN PILIZEL          ,1D,ACTIVO,421JKD ,2,F622,15LM,2025-12-01,2025-12-17,29531,1073,,W1204181227,SM3,2025-11-07,CDV,60,2025-12-17 14:53:30,2651,N,GATKM,421JKD ,0,Nor,59,DISPLAY APAGADO,59,S,CCC
2025-12-01 00:00:00,784220100031,24,DW,12,E,01,240,GARCIA CAMPOS JOSE MANUEL     ,02,ACTIVO,YH600N ,2,F623,21NU,2025-12-01,2024-12-12,16166,1407,,W1204153166,SMC,2025-10-16,LIR,82,2025-12-16 08:54:15,2451,N,9NCWL,YH600N ,0,Nor,56,NO HAY MEDIDOR,56,S,MED
2025-12-01 00:00:00,784861100414,26,DW,12,E,01,262,GUADALUPE CARILLO PENICHE     ,1D,ACTIVO,MW363Y ,3,KL28,20KE,2025-12-01,2025-12-17,1519,746,,W1204170655,SM2,2025-10-29,CDF,69,2025-12-17 10:44:53,2651,N,9NCWL,R543CN ,746,Opt,  ,,,,GSC
2025-12-01 00:00:00,783210205238,09,DW,12,D,01,090,SAMAYOA QUINONEZ MARIA EUGENIA,1D,ACTIVO,NL808E ,2,F623,20NU,2025-11-01,2025-09-03,10975,158,,W1204177958,SMC,2025-11-05,LIR,62,2025-11-05 11:34:09,0901,M,GA4HN,NL808E ,0,Nor,53,UI SERV DIRECTO,53,S,MED
2025-12-01 00:00:00,785060101253,23,DW,03,A,18,001,ORTIZ COYOC AUDOMARO          ,1B,ACTIVO,8L761D ,1,F121,05JL,2025-11-01,2025-11-14,11112,11,,W0301539539,SM2,2025-11-10,W3A,57,,,,,,,,,,,,GSC
2025-12-01 00:00:00,785130200661,21,DW,03,A,01,001,JIMENEZ DOMINGUEZ RICARDO FRAN,02,ACTIVO,J489MB ,2,F622,17LM,2025-11-01,2025-11-13,15474,302,,W0301542324,SMS,2025-11-25,W3A,42,,,,,,,,,,,,GSC
2025-12-01 00:00:00,785210700207,19,DW,03,A,08,192,PACHECO MARTIN MARIA VICTORIA ,1C,ACTIVO,H7789D ,1,W111,75C0,2025-11-01,2025-09-10,1588,98,,W0301540363,SMG,2025-11-13,LIR,54,2025-11-12 10:34:48,1926,L,GAPQM,H7789D ,0,Nor,60,MEDID NO TRABAJA,LN,S,MED
2025-12-01 00:00:00,785231000388,38,DW,03,A,01,381,CAMARA NACIONAL DE COMERCIO SE,02,ACTIVO,PT889X ,3,KL28,21KE,2025-12-01,2025-12-26,2250,1261,,W0301536899,SMG,2025-10-27,LIR,71,2025-12-29 11:36:46,3801,L,9MCH1,PT889X ,1261,Nor,  ,,FR,S,MED
2025-12-01 00:00:00,785250700510,64,DW,03,A,01,641,TZAKUM MAY JULIAN ANTONIO     ,67,ACTIVO,GGE869 ,3,VL28,22NJ,2025-12-01,2025-12-05,0,0,,W0301535432,SMG,2025-10-21,MED,77,2025-12-05 08:07:00,6402,L,9MCET,GGE869 ,0,Opt,31,SERVICIO SIN USO,,,MED
2025-12-01 00:00:00,783210404788,39,DW,12,D,04,391,GOMEZ VIDAL IXTLIXOCHITL      ,1D,ACTIVO,NT960B ,2,F623,20NU,2025-11-01,2025-03-27,22838,537,,W1204205839,SMC,2025-11-27,LIR,40,2025-11-27 08:19:33,3926,M,9ND6M,NT960B ,0,Nor,53,UI SERV DIRECTO,53,S,MED
2025-12-01 00:00:00,783210901340,01,DW,12,D,01,014,HERMIDA SOLANO PAOLA FRANCISCA,1D,BAJA,,2,,,2025-12-01,2025-12-26,9504,99689,,W1204170904,SMC,2025-10-29,LIR,69,,,,,,,,,,,,MED
2025-12-01 00:00:00,783220506872,19,DW,12,D,01,191,CEME DZUL BLANCA ESTHER       ,1D,CORTADO,YC979F ,2,F623,21NU,2025-11-01,2025-11-12,5644,0,,W1204186788,SMC,2025-11-12,LIR,55,2025-11-12 09:12:37,1903,M,GA4HN,YC979F ,0,Opt,32,UI DERIVACION,32,S,MED
2025-12-01 00:00:00,785750802246,23,DW,03,A,10,230,VICTOR PACHECO                ,1B,ACTIVO,C7864V ,1,W111,73C0,2025-11-01,2025-09-12,2182,165,,W0301540800,SMG,2025-11-18,LIR,49,2025-11-14 09:52:35,2326,L,9EMF8,C7864V ,0,Nor,60,MEDID NO TRABAJA,60,S,MED
2025-12-01 00:00:00,785770600143,21,DW,03,A,10,210,ALEJANDRO POOT                ,1B,ACTIVO,451821 ,1,W101,6000,2025-11-01,2025-07-15,7962,3,,W0301540499,SMG,2025-11-14,LIR,53,2025-11-13 14:30:39,2126,M,9EMF8,451821 ,0,Nor,60,MEDID NO TRABAJA,60,S,MED
2025-12-01 00:00:00,785820200338,19,DW,03,A,08,192,MANUEL VAZQUEZ A              ,1C,ACTIVO,EL9256 ,1,W111,81C0,2025-11-01,2025-09-10,8945,231,,W0301540364,SMG,2025-11-13,LIR,54,2025-11-12 11:27:02,1926,L,GAPQM,EL9256 ,0,Nor,60,MEDID NO TRABAJA,60,S,MED
2025-12-01 00:00:00,785870700129,25,DW,03,A,05,251,H AYUNTAMIENTO                ,02,ACTIVO,894WPE ,3,FD22,17LR,2025-11-01,2025-11-18,13841,3295,,W0301542178,SMG,2025-11-25,03A,42,,,,,,,,,,,,MED
2025-12-01 00:00:00,785900600094,65,DW,03,A,18,651,SAN ANTONIO 4                 ,09,ACTIVO,016C6G ,3,FD22,13LR,2025-12-01,2025-12-08,12314,282,,W0301539146,SMG,2025-11-07,LIR,60,2025-12-08 14:41:01,6503,L,9MCH1,016C6G ,282,Nor,  ,,,,MED
2025-12-01 00:00:00,786010800181,65,DW,03,B,20,651,MUNICIPIO DE MAYAPAN          ,5A,ACTIVO,0DWC98 ,2,F623,25NY,2025-12-01,2025-12-08,956,330,,W0301539157,SMC,2025-11-07,LIR,60,2025-12-08 12:41:22,6502,L,GAPQM,0DWC98 ,0,Nor,53,UI SERV DIRECTO,53,S,MED
2025-12-01 00:00:00,783170704414,37,DW,12,D,04,374,GONZALEZ GUAZOZON GENARO      ,1D,CORTADO,G050MD ,2,F622,17LM,2025-11-01,2025-11-26,16656,0,,W1204204329,SMC,2025-11-26,LIR,41,2025-11-26 08:30:44,3729,M,9NCWK,G050MD ,0,Opt,32,UI DERIVACION,32,S,MED
2025-12-01 00:00:00,783231200082,35,DW,12,D,02,355,RIVERA GONZALEZ BETZY DEL CARM,1B,CORTADO,JCH883 ,2,F623,23NU,2025-11-01,2025-11-27,6128,682,,W1204202208,SMC,2025-11-25,LIR,42,2025-11-25 11:43:44,3526,M,9NCWK,JCH883 ,0,Nor,53,UI SERV DIRECTO,53,S,MED
2025-12-01 00:00:00,786080601585,21,DW,03,B,32,211,CHAN MAY WILBERT              ,1B,ACTIVO,6F062N ,1,F121,05JL,2025-11-01,2025-11-13,36372,166,,W0301535436,SM2,2025-10-21,W3B,77,2025-11-13 10:37:28,2127,L,GA8NN,6F062N ,166,Nor,  ,,,,GSC
2025-12-01 00:00:00,786080800359,65,DW,03,B,16,651,UNIDAD AGRICOLA ACTUN CHAC 11 ,09,CORTADO,PY749F ,3,KL28,21KE,2022-10-01,2022-10-12,88211,4573,,W0301539154,SMG,2025-11-07,LIR,60,,,,,,,,,,,,MED
2025-12-01 00:00:00,786090901404,19,DW,03,B,36,191,CAN YEH DALIA MARIA           ,1B,ACTIVO,51B25E ,1,F12H,10KU,2010-07-01,2050-01-01,0,0,,W0301540336,SMG,2025-11-13,LIR,54,,,,,,,,,,,,MED
2025-12-01 00:00:00,786100701841,17,DW,03,B,36,171,MAY CAUICH LUIS ENRIQUE       ,1B,ACTIVO,38B05E ,1,F12H,10KU,2025-11-01,2025-09-09,2809,34,,W0301539976,SMG,2025-11-12,LIR,55,2025-11-11 10:09:33,1728,L,GAEMM,38B05E ,0,Nor,60,MEDID NO TRABAJA,60,S,MED
2025-12-01 00:00:00,783231203111,31,DW,12,D,04,310,PERAZA GOMEZ JOSE FRANCISCO   ,1D,ACTIVO,2DWD41 ,2,F623,25NY,2025-11-01,2025-07-19,0,0,,W1204202185,SMC,2025-11-25,SAV,42,2025-11-21 14:54:19,3127,M,9NCX1,2DWD41 ,0,Nor,53,UI SERV DIRECTO,53,S,MED
2025-12-01 00:00:00,786140301152,65,DW,03,B,20,651,MUNICIPIO DE MAYAPAN          ,02,ACTIVO,764B4X ,2,F622,13LM,2025-12-01,2025-12-08,60558,305,,W0301539156,SMC,2025-11-07,LIR,60,2025-12-08 12:06:56,6502,L,GAPQM,764B4X ,0,Nor,53,UI SERV DIRECTO,53,S,MED
2025-12-01 00:00:00,786140501704,64,DW,03,B,33,004,CANNATA ROBERTO               ,67,ACTIVO,MY380G ,3,VL28,20KE,2014-05-01,2020-01-20,442,0,,W0301539127,SMG,2025-11-07,MED,60,,,,,,,,,,,,MED
2025-12-01 00:00:00,786140601199,17,DW,03,B,33,171,BURGOS UC CARLOS ROBERTO      ,1B,ACTIVO,542D8T ,1,F122,13LN,2025-11-01,2024-09-09,9842,229,,W0301539958,SM2,2025-11-12,W3B,55,2025-11-11 11:24:48,1729,L,GAPRM,542D8T ,90158,Opt,  ,,,,GSC
2025-12-01 00:00:00,786140900617,17,DW,03,B,44,170,ESC FRANCISCO Y MADERO        ,02,ACTIVO,713UA2 ,1,F122,12LH,2014-09-01,2014-09-10,0,0,,W0301539977,SMG,2025-11-12,LIR,55,,,,,,,,,,,,MED
2025-12-01 00:00:00,786141102005,64,DW,03,B,32,004,HUERTAS MAGANA SPR DE RL      ,9C,ACTIVO,GEC205 ,3,KL28,22NJ,2025-12-01,2025-12-05,34488,4821,,W0301538917,SMH,2025-11-06,LIR,61,2025-12-05 10:11:11,6403,L,GAPRM,MU660F ,4821,Opt,  ,,,,MED
2025-12-01 00:00:00,786150100091,19,DW,03,B,25,192,ESC PREES BIL FRANCISCO VILLA ,02,ACTIVO,869T5H ,2,F622,14LM,2025-11-01,2025-09-10,1573,4,,W0301540266,SM2,2025-11-13,W3B,54,2025-11-12 09:37:26,1926,L,GA8NN,869T5H ,99988,Opt,  ,,,,GSC
2025-12-01 00:00:00,786151000162,21,DW,03,D,69,003,CHABLE COX ALBERTO            ,9C,ACTIVO,4AAU35 ,2,F623,25NY,2025-11-01,2025-11-13,2699,1557,,W0301540589,SMC,2025-11-14,LIR,53,2025-11-13 09:10:18,2127,L,9JR7D,4AAU35 ,0,Nor,53,UI SERV DIRECTO,53,S,MED
2025-12-01 00:00:00,783231204665,03,DW,12,D,01,030,ARRIAGA CHAVEZ ANDRES         ,1D,ACTIVO,KKY849 ,2,F623,23NU,2026-01-01,2025-12-30,0,0,,W1204172591,SMC,2025-10-30,LIR,68,,,,,,,,,,,,MED
2025-12-01 00:00:00,786171100678,24,DW,03,B,23,241,PARRA MOLINA CARLOS EDUARDO   ,02,ACTIVO,G325ML ,2,F622,17LM,2025-12-01,2025-12-16,17735,4,,W0301538155,SMG,2025-10-30,MED,68,2025-12-16 15:11:41,2429,L,R9855,G325ML ,4,Nor,31,SERVICIO SIN USO,LM,S,MED
2025-12-01 00:00:00,786230801120,64,DW,03,B,42,004,PUC TUN FLORENTINO FEDERICO   ,67,ACTIVO,MU604F ,3,KL28,20KE,2025-12-01,2025-12-05,0,0,,W0301538918,SMH,2025-11-06,LIR,61,2025-12-05 10:31:59,6403,L,GAPRM,MU604F ,0,Nor,60,MEDID NO TRABAJA,60,S,MED
2025-12-01 00:00:00,786231100761,64,DW,03,B,42,004,UNIDAD AGRICOLA LA FLOR DE NAY,9M,ACTIVO,CKU646 ,3,VL28,22NJ,2025-12-01,2025-12-05,3,0,,W0301538919,SMH,2025-11-06,LIR,61,2025-12-05 10:29:43,6403,L,GAPRM,CKU646 ,0,Nor,60,MEDID NO TRABAJA,60,S,MED
2025-12-01 00:00:00,786240600289,65,DW,03,B,16,651,MAGNO CAPITAL SAS DE CV       ,67,CORTADO,CKW553 ,3,VL28,22NJ,2025-12-01,2025-12-08,29,1280,,W0301539153,SMC,2025-11-07,LIR,60,2025-12-08 09:02:47,6501,L,9ND4A,CKW553 ,8,Opt,32,UI DERIVACION,32,S,MED
2025-12-01 00:00:00,786250900132,17,DW,03,B,33,171,MIS LOPEZ SOYLA               ,1B,ACTIVO,0ANJ45 ,1,F123,25NX,2025-11-01,2025-09-09,0,0,,W0301539975,SMG,2025-11-12,LIR,55,2025-11-11 09:52:39,1729,L,GAPRM,0ANJ45 ,0,Nor,60,MEDID NO TRABAJA,60,S,MED
2025-12-01 00:00:00,786790700132,62,DW,03,B,23,622,JTA FED DE AGUA POTABLE       ,06,ACTIVO,FY600U ,3,KL28,19KE,2026-01-01,2026-01-02,88597,40268,,W0301538610,SMG,2025-11-04,LIR,63,,,,,,,,,,,,MED
2025-12-01 00:00:00,786920700156,21,DW,03,B,26,211,VENUSTIANO CHAN               ,1D,ACTIVO,G63Y99 ,1,F121,92F5,2025-11-01,2025-09-11,57825,315,,W0301539134,SM2,2025-11-07,W3B,60,2025-11-13 09:46:38,2126,L,9ND4A,G63Y99 ,0,Nor,60,MEDID NO TRABAJA,60,S,GSC
2025-12-01 00:00:00,786920700156,21,DW,03,B,26,211,VENUSTIANO CHAN               ,1D,ACTIVO,G63Y99 ,1,F121,92F5,2025-11-01,2025-09-11,57825,315,,W0301540490,SMG,2025-11-14,LIR,53,2025-11-13 09:46:38,2126,L,9ND4A,G63Y99 ,0,Nor,60,MEDID NO TRABAJA,60,S,MED
2025-12-01 00:00:00,786930400355,18,DW,03,B,23,182,ANTONIO YEH                   ,1C,ACTIVO,MKX513 ,1,F123,23NX,2024-08-01,2024-08-13,54133,0,,W0301542308,SMS,2025-11-25,CDF,42,2024-08-13 10:41:35,2028,L,GAPRM,MKX513 ,409,Opt,  ,,,,GSC
2025-12-01 00:00:00,786980300661,65,DW,03,B,19,651,H  AYUNTAMIENTO               ,02,ACTIVO,HJ129D ,1,F123,20NT,2021-04-01,2021-04-12,2155,1,,W0301539155,SMG,2025-11-07,LIR,60,,,,,,,,,,,,MED
2025-12-01 00:00:00,787051201060,23,DW,03,C,65,001,SEP SEC TEC AGROPECUARIA      ,02,ACTIVO,887R9W ,3,FD22,14LR,2025-11-01,2025-09-12,16002,1206,,W0301540920,SMC,2025-11-18,LIR,49,2025-11-14 17:11:51,2301,L,9MCCY,887R9W ,0,Nor,53,UI SERV DIRECTO,53,S,MED
2025-12-01 00:00:00,787080401019,38,DW,03,C,85,381,NOH CAN CARLOS ALBERTO        ,1C,ACTIVO,73TJ25 ,1,F121,08JL,2025-12-01,2025-12-26,18566,295,,W0301534430,S05,2025-10-15,W3C,83,2025-12-26 10:43:39,3826,L,9MCCY,73TJ25 ,295,Nor,  ,,,,CCC
2025-12-01 00:00:00,787080701012,35,DW,03,C,72,351,SONDA RODRIGUEZ ISIDRO        ,1B,ACTIVO,C1430E ,1,C111,738V,2025-11-01,2025-09-24,4397,318,,W0301542612,SMC,2025-11-26,LIR,41,2025-11-25 13:06:14,3526,L,9MCCY,C1430E ,0,Nor,53,UI SERV DIRECTO,53,S,MED
2025-12-01 00:00:00,787090200810,40,DW,03,C,89,401,AURELIO POLANCO P             ,1C,ACTIVO,W4366D ,1,W111,78C0,2025-12-01,2025-12-29,2240,0,,W0301537358,SMC,2025-10-28,LIR,70,2025-12-29 10:48:48,4026,L,9MCCY,W4366D ,0,Nor,31,SERVICIO SIN USO,,,MED
2025-12-01 00:00:00,787140700258,79,DW,03,C,65,791,HUCHIM CAUICH JOSE DOROTEO    ,9M,ACTIVO,599L0C ,3,VL28,13KE,2025-12-01,2025-12-29,615,0,,W0301537583,SMC,2025-10-28,LIR,70,2025-12-29 13:36:01,7901,L,9MCCY,599L0C ,0,Nor,31,SERVICIO SIN USO,LM,S,MED
2025-12-01 00:00:00,787241100456,32,DW,03,C,86,321,PARQUE PRINCIPAL              ,02,CORTADO,PKA370 ,1,F123,24NX,2025-12-01,2025-10-21,1770,712,,W0301535858,SMC,2025-10-22,LIR,76,2025-12-22 14:32:07,3226,L,9MCCY,PKA370 ,0,Nor,53,UI SERV DIRECTO,53,S,MED
2025-12-01 00:00:00,783901200127,11,DW,12,C,01,112,RENE EFRAIN MENESES M         ,1D,ACTIVO,0D238D ,2,F621,05F3,2025-11-01,2025-11-06,55805,0,,W1204195773,SM3,2025-11-20,WAD,47,2025-11-06 09:29:07,1103,L,GAALN,0D238D ,0,Nor,31,SERVICIO SIN USO,,,CCC
2025-12-01 00:00:00,787750415709,05,DW,03,C,71,052,IMSS 689 HALACHO              ,02,ACTIVO,77P2F6 ,3,FD2H,09KV,2026-01-01,2026-01-02,11509,0,,W0301538584,SMG,2025-11-04,LIR,63,,,,,,,,,,,,MED
2025-12-01 00:00:00,783920303352,11,DW,12,C,01,110,ESPERANZA E INFANTE R         ,1D,ACTIVO,2U499J ,2,F421,06GH,2025-11-01,2025-11-06,88813,989,,W1204194939,SM3,2025-11-19,CDW,48,,,,,,,,,,,,CCC
2025-12-01 00:00:00,787760500020,19,DW,03,C,68,002,HERRERA LEON ERLI ARMANDO     ,1B,ACTIVO,L7050H ,1,W111,76C0,2025-11-01,2025-09-10,7407,1,,W0301540349,SMG,2025-11-13,LIR,54,2025-11-12 13:01:13,1926,L,9MCCY,L7050H ,1,Nor,60,MEDID NO TRABAJA,60,S,MED
2025-12-01 00:00:00,787761100068,32,DW,03,C,74,321,PEDRO GRIMALDO POOL           ,1C,ACTIVO,PHR661 ,1,F123,24NX,2025-12-01,2025-12-22,3543,654,,W0301540069,SMS,2025-11-12,W3A,55,2025-12-22 16:02:06,3227,M,GA6WN,PHR661 ,654,Nor,  ,,LM,S,GSC
2025-12-01 00:00:00,787770100097,33,DW,03,C,79,002,JUAN B MUT NOH                ,1C,ACTIVO,D3336E ,1,W111,73C0,2025-11-01,2025-09-23,105,0,,W0301542231,SMG,2025-11-25,LIR,42,2025-11-24 11:16:19,3327,L,GA8JN,D3336E ,0,Nor,60,MEDID NO TRABAJA,60,S,MED
2025-12-01 00:00:00,787770600600,40,DW,03,C,84,401,HILARIO PECH TZUC             ,1C,ACTIVO,N0771R ,1,W111,77C0,2025-12-01,2025-06-26,2969,10,,W0301537356,SMC,2025-10-28,LIR,70,2025-12-29 09:44:47,4026,L,9MCCY,N0771R ,0,Nor,50,CASA CERRADA,50,S,MED
2025-12-01 00:00:00,787771100147,32,DW,03,C,86,321,ENRIQUE DZIB                  ,1C,ACTIVO,P6426D ,1,W111,77C0,2025-12-01,2025-12-22,9682,0,,W0301535857,SMG,2025-10-22,LIR,76,2025-12-22 14:25:23,3226,L,9MCCY,P6426D ,0,Nor,31,SERVICIO SIN USO,,,MED
2025-12-01 00:00:00,787790700139,40,DW,03,C,89,401,NAZARIO POOL COCOM            ,1C,ACTIVO,W4356D ,1,W111,78C0,2025-12-01,2025-08-27,3854,10,,W0301537359,SMC,2025-10-28,LIR,70,2025-12-29 11:31:39,4026,L,9MCCY,W4356D ,0,Nor,50,CASA CERRADA,50,S,MED
2025-12-01 00:00:00,787790700228,40,DW,03,C,89,401,AVALOS DZUL LANDY MARIA       ,1C,ACTIVO,W4360D ,1,W111,78C0,2025-12-01,2023-10-25,6671,375,,W0301537360,SMC,2025-10-28,LIR,70,2025-12-29 11:51:30,4026,L,9MCCY,W4360D ,0,Nor,53,UI SERV DIRECTO,53,S,MED
2025-12-01 00:00:00,787791100305,06,DW,03,C,71,061,LUCIANO MOO MAY               ,1B,ACTIVO,8ANB97 ,1,F123,25NX,2025-12-01,2025-10-02,10120,538,,W0301538359,SM2,2025-11-03,CDK,64,2025-12-03 10:35:39,0626,L,9MCCY,RR443H ,0,Nor,53,UI SERV DIRECTO,53,S,GSC
2025-12-01 00:00:00,787820500288,05,DW,03,C,71,052,PAULA HUCHIN                  ,02,ACTIVO,52T41E ,3,FD2H,10KV,2026-01-01,2026-01-02,7566,9,,W0301538588,SMG,2025-11-04,LIR,63,,,,,,,,,,,,MED
2025-12-01 00:00:00,787830200070,07,DW,03,C,71,070,KU CHAN JUAN DE DIOS          ,02,ACTIVO,5Y1690 ,3,W101,6000,2025-11-01,2025-05-05,7536,18,,W0301538788,SMG,2025-11-05,LIR,62,2025-11-04 08:33:14,0726,L,GA6WN,5Y1692 ,0,Nor,61,MANECILLAS DESCA,LN,S,MED
2025-12-01 00:00:00,787830700641,23,DW,03,C,65,001,SEP ESC TEC AGROPECUARIA      ,09,ACTIVO,G861KA ,3,FD22,18LR,2025-11-01,2025-11-14,17682,18,,W0301540919,SMC,2025-11-18,LIR,49,2025-11-14 17:11:34,2301,L,9MCCY,G861KA ,0,Nor,53,UI SERV DIRECTO,53,S,MED
2025-12-01 00:00:00,787840500098,24,DW,03,C,67,241,ARMANDO MOO DZUL              ,1C,ACTIVO,XND634 ,1,F123,24NX,2025-12-01,2025-12-16,120,120,,W0301538210,SM2,2025-10-31,W3C,67,2025-12-16 10:18:00,2427,L,GA6WN,G0601J ,6272,Nor,44,NUM MEDID DESIGU,44,S,GSC
2025-12-01 00:00:00,787920500161,32,DW,03,C,86,321,JORGE CANCHE DZIB             ,1C,CORTADO,99P90H ,1,F12H,10KU,2025-12-01,2025-12-22,10662,11,,W0301535856,SMC,2025-10-22,LIR,76,2025-12-22 14:02:44,3226,L,9MCCY,99P90H ,99983,Opt,  ,,,,MED
2025-12-01 00:00:00,788000256141,28,DW,03,D,29,291,CHAN MENA MARCOS              ,1B,ACTIVO,5DL640 ,1,F121,98GG,2025-12-01,2025-12-18,32350,0,,W0301535248,SMG,2025-10-20,LIR,78,2025-12-18 10:21:26,2826,L,GAEMM,5DL640 ,0,Nor,31,SERVICIO SIN USO,41,S,MED
2025-12-01 00:00:00,788030400557,13,DW,03,D,71,131,CAAMAL DZUL ASUNCION EVELIO   ,1C,ACTIVO,7C59N2 ,1,F121,03GG,2025-11-01,2025-11-07,32385,488,,W0301541549,SM2,2025-11-21,W3D,46,,,,,,,,,,,,GSC
2025-12-01 00:00:00,788100700049,14,DW,03,D,72,141,MOLINO EJIDAL D E HUECHEMBALAM,02,ACTIVO,77M4U9 ,2,F62H,09KN,2025-12-01,2025-12-09,4733,2,,W0301539114,SM2,2025-11-07,W3D,60,2025-12-09 08:56:23,1426,L,9EMGH,77M4U9 ,2,Opt,31,SERVICIO SIN USO,,,GSC
2025-12-01 00:00:00,788100800787,25,DW,03,D,10,250,LOPEZ CHAN BENJAMIN           ,02,ACTIVO,GEC242 ,3,F123,23NX,2025-11-01,2025-11-18,8322,64,,W0301541489,SMG,2025-11-20,MED,47,,,,,,,,,,,,MED
2025-12-01 00:00:00,783991208679,27,DW,12,D,01,270,COHUO CHI ISIDRO              ,1D,ACTIVO,RDF374 ,2,F623,24NY,2025-11-01,2025-07-18,1878,343,,W1204195750,SM2,2025-11-20,SAV,47,2025-11-19 13:38:34,2701,M,9ND6M,RDF374 ,0,Nor,59,DISPLAY APAGADO,59,S,GSC
2025-12-01 00:00:00,788110800530,33,DW,03,D,31,003,ACEVEDO   MARIA LUISA         ,1C,ACTIVO,89P64H ,1,F12H,10KU,2025-11-01,2025-09-23,12782,146,,W0301542395,SMG,2025-11-25,LIR,42,2025-11-24 11:15:11,3326,M,GA8NN,89P64H ,0,Nor,64,P. INFRARROJO/MED. D,64,S,MED
2025-12-01 00:00:00,788110800564,33,DW,03,D,64,003,GIL ITZA EMETERIO             ,1B,ACTIVO,89P19H ,1,F12H,10KU,2025-11-01,2025-11-24,6548,11,,W0301542399,SMG,2025-11-25,LIR,42,2025-11-24 10:13:42,3326,M,GA8NN,89P19H ,0,Nor,64,P. INFRARROJO/MED. D,64,S,MED
2025-12-01 00:00:00,788140200677,30,DW,03,D,28,301,CHUC HOIL IRMA CLAUDINA       ,1B,ACTIVO,329RM6 ,1,F122,12LH,2025-12-01,2025-12-19,44489,801,,W0301540931,SM2,2025-11-18,W3D,49,2025-12-19 09:45:47,3026,L,9JR7D,329RM6 ,801,Opt,  ,,,,GSC
2025-12-01 00:00:00,788150600029,70,DW,03,D,18,701,ZAPATA EVELIO RANCHO SN EVELIO,9M,ACTIVO,MV644K ,3,KL28,20KE,2024-02-01,2024-02-09,0,94,,W0301540415,SMH,2025-11-13,LIR,54,,,,,,,,,,,,MED
2025-12-01 00:00:00,788150900219,76,DW,03,D,11,962,NAVARRETE VAZQUEZ GILBERTO A  ,9C,ACTIVO,PJ392H ,3,KL28,20KE,2025-12-01,2025-12-26,19699,10,,W0301540814,SM2,2025-11-18,W3D,49,2025-12-26 14:34:10,7651,R,9JR7D,PJ392H ,10,Nor,31,SERVICIO SIN USO,,,GSC
2025-12-01 00:00:00,788170100804,31,DW,03,D,19,001,YUPIT MOO JOSE GONZALO        ,1B,ACTIVO,554JCG ,1,F122,15LN,2025-11-01,2025-11-21,13223,386,,W0301541999,SM2,2025-11-24,W3D,43,,,,,,,,,,,,GSC
2025-12-01 00:00:00,788170501345,29,DW,03,D,27,293,SOSA OSORIO SAMUEL            ,02,ACTIVO,169FMP ,2,F622,15LM,2025-11-01,2025-11-20,2922,20,,W0301541637,SM2,2025-11-21,W3D,46,,,,,,,,,,,,GSC
2025-12-01 00:00:00,788190500558,76,DW,03,D,11,962,BRICENO PASOS ROGER ARMANDO   ,02,ACTIVO,954WPE ,3,FD22,17LR,2025-12-01,2025-12-26,2015,0,,W0301536021,SM2,2025-10-22,W3D,76,2025-12-26 12:09:56,7651,R,9JR7D,954WPE ,0,Nor,31,SERVICIO SIN USO,,,GSC
2025-12-01 00:00:00,788200700470,18,DW,03,D,27,181,NIC MOO MARIA GPE             ,1B,ACTIVO,Y700LR ,2,F623,19NU,2025-12-01,2025-08-12,4447,554,,W0301539549,SM2,2025-11-10,W3D,57,2025-12-11 09:22:13,1826,L,9JR7D,Y700LR ,0,Nor,60,MEDID NO TRABAJA,60,S,GSC
2025-12-01 00:00:00,788201100506,65,DW,03,D,32,651,GASPAR PANTI SEL              ,9C,ACTIVO,FY589U ,3,KL28,19KE,2025-12-01,2025-12-08,80117,4207,,W0301539161,SMH,2025-11-07,LIR,60,2025-12-08 19:55:26,6501,L,GAE1M,FY589U ,0,Nor,59,DISPLAY APAGADO,59,S,MED
2025-12-01 00:00:00,783991208695,27,DW,12,D,01,270,AVILES FARJAT MARIA CELIA     ,1D,ACTIVO,38D9A6 ,2,F421,08KF,1999-11-01,1999-09-09,1,0,,W1204198054,SM2,2025-11-21,SAV,46,,,,,,,,,,,,GSC
2025-12-01 00:00:00,788210500622,30,DW,03,D,46,301,BLANCO PECH JUAN PABLO        ,1B,ACTIVO,6E512G ,1,F121,05JL,2025-12-01,2025-12-19,736,60,,W0301535582,SMG,2025-10-21,LIR,77,2025-12-19 11:16:24,3026,L,9JR7D,6E512G ,60,Nor,  ,,,,MED
2025-12-01 00:00:00,784110900440,23,DW,12,E,01,230,MOVISA SA DE CV               ,1D,ACTIVO,431MEA ,2,F62J,15MT,2025-11-01,2025-11-14,19992,0,,W1204194259,SM2,2025-11-19,MED,48,2025-11-15 13:42:07,2351,R,GATKM,431MEA ,0,Nor,31,SERVICIO SIN USO,,,GSC
2025-12-01 00:00:00,788220400227,29,DW,03,D,27,292,MANZANILLA CHABLE FLOR DE ROCI,1B,ACTIVO,TB443F ,1,F123,21NX,2025-11-01,2025-09-19,2592,131,,W0301541645,SMC,2025-11-21,LIR,46,2025-11-20 11:58:17,2927,L,9JR7D,TB443F ,0,Nor,53,UI SERV DIRECTO,53,S,MED
2025-12-01 00:00:00,788220700280,31,DW,03,D,18,003,CFE TEIT                      ,02,ACTIVO,YP319N ,2,F623,21NU,2025-11-01,2025-07-22,10809,703,,W0301542042,SMC,2025-11-24,LIR,43,2025-11-21 11:31:51,3127,L,9JR7D,YP319N ,0,Nor,53,UI SERV DIRECTO,53,S,MED
2025-12-01 00:00:00,788240300750,67,DW,03,D,16,963,MARQUEZ AVILA ROQUE CRECENCIO ,1C,ACTIVO,LNB778 ,1,F123,23NX,2025-12-01,2025-12-10,4116,200,,W0301539705,SMC,2025-11-10,LIR,57,2025-12-10 11:08:30,6701,L,GA8NN,LNB778 ,0,Nor,53,UI SERV DIRECTO,53,S,MED
2025-12-01 00:00:00,788831100105,07,DW,03,D,26,072,FLOTA CASTILLO FRIDA SEYDE    ,1C,ACTIVO,J559PG ,2,F622,17LM,2026-01-01,2026-01-05,64805,1280,,W0301541885,SM2,2025-11-24,03A,43,,,,,,,,,,,,GSC
2025-12-01 00:00:00,788870400116,20,DW,03,D,27,202,CHI CHABLE MAXIMO             ,1B,ACTIVO,PBJ762 ,1,F123,24NX,2025-04-01,2025-04-10,6884,1,,W0301537541,SMG,2025-10-28,MED,70,,,,,,,,,,,,MED
2025-12-01 00:00:00,788880900176,64,DW,03,D,27,961,RIVERA MENDOZA MARTIN G       ,9C,ACTIVO,PJ276H ,3,KL28,20KE,2025-12-01,2025-12-05,20969,0,,W0301538494,SM2,2025-11-04,W3D,63,2025-12-05 14:47:59,6401,L,GA8NN,PJ276H ,0,Nor,31,SERVICIO SIN USO,,,GSC
2025-12-01 00:00:00,788881000179,30,DW,03,D,46,301,CATZIN LEON JOSE QUIRINO      ,1B,ACTIVO,7VY374 ,1,F121,00GG,2025-12-01,2025-12-19,43570,0,,W0301535581,SMG,2025-10-21,LIR,77,2025-12-19 11:12:01,3026,L,9JR7D,7VY374 ,0,Nor,31,SERVICIO SIN USO,,,MED
2025-12-01 00:00:00,788900600115,23,DW,03,D,14,003,HOIL PAT ENRIQUE              ,1C,ACTIVO,GBR263 ,1,F123,23NX,2024-07-01,2024-07-16,32375,0,,W0301541244,SMG,2025-11-19,MED,48,,,,,,,,,,,,MED
2025-12-01 00:00:00,788911200445,65,DW,03,D,35,651,MUNICIPIO DE TAHDZIU YUCATAN  ,06,ACTIVO,MV560L ,3,KL28,20KE,2025-12-01,2025-12-08,44999,10146,,W0301542508,SMG,2025-11-26,03A,41,2025-12-08 15:33:03,6501,L,GAE1M,MV560L ,10146,Opt,  ,,,,MED
2025-12-01 00:00:00,788930800399,28,DW,03,D,29,291,CONSUELO LOPEZ CABRERA        ,1B,ACTIVO,K95E38 ,1,F121,92F5,2025-12-01,2025-12-18,54049,5,,W0301535247,SMG,2025-10-20,LIR,78,2025-12-18 12:28:52,2826,L,GAEMM,K95E38 ,5,Nor,31,SERVICIO SIN USO,,,MED
2025-12-01 00:00:00,788940700023,31,DW,03,D,25,003,JESUS FDO  CHAN CHAN          ,1B,ACTIVO,R946J5 ,1,F121,97F5,2025-11-01,2025-09-22,16252,222,,W0301542044,SMG,2025-11-24,LIR,43,2025-11-21 09:25:16,3127,L,9JR7D,R946J5 ,0,Nor,60,MEDID NO TRABAJA,60,S,MED
2025-12-01 00:00:00,788960100235,33,DW,03,D,64,003,GIL PUC CARLOS MANUEL         ,1B,ACTIVO,F046V2 ,1,F121,95F5,2025-11-01,2025-11-24,6212,11,,W0301542341,S05,2025-11-25,W3D,42,2025-11-24 10:04:35,3326,M,GA8NN,F046V2 ,99839,Nor,  ,,FR,S,CCC
2025-12-01 00:00:00,788960300099,16,DW,03,D,51,001,ESC PRIM IGNACIO ZARAGOSA     ,02,ACTIVO,JFW222 ,2,F623,23NU,2024-08-01,2024-08-09,13360,821,,W0301533725,SMC,2025-10-10,LIR,88,2024-08-09 11:11:57,1626,L,9EMGH,357FMM ,87714,Nor,44,NUM MEDID DESIGU,44,S,MED
2025-12-01 00:00:00,788970300208,25,DW,03,D,10,250,JACINTO POOT CAAMAL           ,1C,ACTIVO,M831M3 ,1,F121,96F5,2025-11-01,2025-09-17,39251,305,,W0301541263,SMG,2025-11-19,LIR,48,2025-11-18 13:06:39,2526,L,9JR7D,M831M3 ,0,Nor,60,MEDID NO TRABAJA,60,S,MED
2025-12-01 00:00:00,789140202242,78,DW,04,B,23,781,PROD RUR DE AC D CAMP SPR D RL,9M,ACTIVO,CKW513 ,3,VL28,22NJ,2025-12-01,2025-12-26,279,7000,,W0403170780,SMG,2025-11-26,04B,41,2025-12-26 17:31:19,7801,L,GAGBM,CKW513 ,50,Opt,  ,,,,MED
2025-12-01 00:00:00,790000658813,21,DW,04,C,67,231,FAUSTO GARCIA MARQUEZ         ,1F,ACTIVO,L666T2 ,1,F121,96F5,2025-11-01,2025-09-11,42476,443,,W0403165246,SMC,2025-11-14,LIR,53,2025-11-13 09:50:41,2126,L,9BBKD,L666T2 ,0,Nor,53,UI SERV DIRECTO,53,S,MED
2025-12-01 00:00:00,784980900046,25,DW,12,A,01,251,EDUARDO AGUILAR               ,1D,ACTIVO,BE017J ,2,F623,19NV,2025-11-01,2025-09-17,480,2,,W1204193520,SMG,2025-11-19,LIR,48,2025-11-18 07:26:11,2502,M,9P180,BE017J ,0,Opt,60,MEDID NO TRABAJA,60,S,MED
2025-12-01 00:00:00,790010800065,35,DW,04,C,44,331,PEREZ ORTIZ JOSE FRANCISCO    ,1F,ACTIVO,BE010Y ,2,F623,19NV,2007-03-01,2050-01-01,0,0,,W0403170964,SMG,2025-11-26,LIR,41,,,,,,,,,,,,MED
2025-12-01 00:00:00,790040200658,33,DW,04,C,44,332,EHUAN MARTHA                  ,1F,ACTIVO,355RN2 ,1,F122,12LH,2025-11-01,2025-03-24,20392,457,,W0403170097,SMC,2025-11-25,LIR,42,2025-11-26 11:32:24,3351,R,9BBKD,355RN2 ,0,Nor,53,UI SERV DIRECTO,53,S,MED
2025-12-01 00:00:00,790040500368,37,DW,04,C,38,001,PEREZ GOMEZ BARTOLO           ,1F,ACTIVO,PHW906 ,1,F123,24NX,2025-11-01,2025-11-29,0,0,,W0403171632,SMC,2025-11-27,LIR,40,2025-11-28 09:45:47,3751,R,9EMLW,PJU598 ,0,Nor,31,SERVICIO SIN USO,,,MED
2025-12-01 00:00:00,790050900241,26,DW,04,C,23,261,LOURENS JOHN THOMAS           ,1F,ACTIVO,UL047U ,2,F623,21NY,2025-12-01,2025-12-18,24609,2966,,W0403167926,SM2,2025-11-20,W4A,47,2025-12-18 22:55:12,2651,R,9EMLW,UL047U ,1111,Nor,  ,,FR,S,GSC
2025-12-01 00:00:00,790060402613,39,DW,04,C,39,003,MENDEZ AGUILAR ROSARIO        ,1F,ACTIVO,3P224D ,1,F121,06JL,2025-11-01,2025-11-27,22265,175,,W0403173130,SMG,2025-11-30,LIR,37,,,,,,,,,,,,MED
2025-12-01 00:00:00,790060501557,21,DW,04,C,59,231,RAMON VIDANA CLAUDIO          ,1F,ACTIVO,99A4N1 ,1,F121,08JL,2006-05-01,2006-05-29,20491,0,,W0403165242,SMC,2025-11-14,LIR,53,,,,,,,,,,,,MED
2025-12-01 00:00:00,790060601217,19,DW,04,C,61,211,VARGAS TORRES MARIA DOLORES   ,1F,ACTIVO,351RBL ,1,F122,16LN,2006-05-01,2006-06-19,7999,0,,W0403164820,SMG,2025-11-13,04G,54,,,,,,,,,,,,MED
2025-12-01 00:00:00,790061102338,19,DW,04,C,98,211,ESPINOSA RODRIGUEZ CECILIO    ,1F,CORTADO,58AD59 ,1,F121,06JL,2025-11-01,2025-07-16,18411,301,,W0403164641,SMC,2025-11-13,LIR,54,2025-11-12 08:51:58,1926,L,9BBKD,58AD59 ,0,Nor,53,UI SERV DIRECTO,53,S,MED
2025-12-01 00:00:00,790081207322,21,DW,04,C,63,231,CAUICH HUICAB CARLOS          ,1F,ACTIVO,LG166A ,1,F123,20NT,2021-03-01,2021-03-17,8958,258,,W0403165244,SMC,2025-11-14,LIR,53,,,,,,,,,,,,MED
2025-12-01 00:00:00,785750410631,19,DW,03,A,08,192,JACOBO PECH                   ,1C,ACTIVO,H7592D ,1,W111,75C0,2025-11-01,2025-09-10,5232,62,,W0301540361,SMG,2025-11-13,LIR,54,2025-11-12 09:55:27,1926,L,GAPQM,H7592D ,0,Nor,60,MEDID NO TRABAJA,60,S,MED
2025-12-01 00:00:00,790100300258,25,DW,04,C,92,001,JAURIGA CHINAS JUAN CARLOS    ,1F,ACTIVO,5M696A ,1,F121,05JF,2025-11-01,2025-11-18,8675,0,,W0403167151,SMG,2025-11-19,04G,48,2025-11-18 09:03:59,2528,L,9EMLY,5M696A ,0,Nor,31,SERVICIO SIN USO,,,MED
2025-12-01 00:00:00,790110500751,35,DW,04,C,44,331,SILVA SALAS AMADO             ,1F,ACTIVO,1H772M ,1,F121,05JL,2012-03-01,2050-01-01,0,0,,W0403170963,SMG,2025-11-26,LIR,41,,,,,,,,,,,,MED
2025-12-01 00:00:00,790130200495,35,DW,04,C,44,331,MARTINEZ BOLAINA ANABELLY     ,1F,ACTIVO,548VLN ,1,F122,16LN,2025-11-01,2025-05-27,13739,399,,W0403170962,SMC,2025-11-26,LIR,41,2025-11-27 08:52:09,3551,R,9BBKD,548VLN ,0,Nor,53,UI SERV DIRECTO,53,S,MED
2025-12-01 00:00:00,790130200932,39,DW,04,C,39,003,CANCHE COOL LUIS MANUEL       ,1F,ACTIVO,4HF633 ,1,F121,98GG,2025-11-01,2025-11-27,18897,342,,W0403173133,SMG,2025-11-30,LIR,37,,,,,,,,,,,,MED
2025-12-01 00:00:00,790161201473,06,DW,04,C,56,001,AVILEZ SANDOVAL ALEJANDRO     ,1F,ACTIVO,PJN963 ,1,F123,24NX,2025-12-01,2025-12-03,14,14,,W0403141125,SMG,2025-10-03,LIR,95,2025-12-03 12:14:20,0628,L,9EMLY,PJN963 ,14,Opt,  ,,,,MED
2025-12-01 00:00:00,790170501528,11,DW,04,C,32,001,VIEYRA SABABRIA LEOBARDO      ,02,CORTADO,785RPW ,1,F122,16LN,2025-11-01,2025-11-06,23920,549,,W0403162294,SMG,2025-11-08,LIR,59,,,,,,,,,,,,MED
2025-12-01 00:00:00,790170900708,21,DW,04,C,54,213,RODRIGUEZ NAH ESBEIDY YAMEL   ,1F,ACTIVO,514X0H ,2,F622,14LM,2025-11-01,2025-09-11,16573,233,,W0403165241,SMC,2025-11-14,LIR,53,2025-11-13 12:19:38,2127,L,9EMLW,514X0H ,0,Nor,53,UI SERV DIRECTO,53,S,MED
2025-12-01 00:00:00,790181000890,35,DW,04,C,44,331,VACA GUDINO ROSA              ,1F,ACTIVO,L130UB ,1,F122,18LN,2025-11-01,2025-11-27,31619,1193,,W0403170966,SMG,2025-11-26,LIR,41,,,,,,,,,,,,MED
2025-12-01 00:00:00,790190801188,05,DW,04,C,53,051,POOT CAAMAL CLAUDIO           ,1F,ACTIVO,20G9F7 ,1,F12H,09KU,2026-01-01,2026-01-02,450,0,,W0403160693,SM2,2025-11-05,SAV,62,,,,,,,,,,,,GSC
2025-12-01 00:00:00,790190801731,21,DW,04,C,63,231,H AYUNTAMIENTO DE CHAMPOTON   ,02,ACTIVO,W332KV ,2,F622,19LM,2025-11-01,2025-09-11,8663,40,,W0403165243,SMC,2025-11-14,LIR,53,2025-11-13 11:34:59,2126,L,9BBKD,W332KV ,0,Nor,53,UI SERV DIRECTO,53,S,MED
2025-12-01 00:00:00,790190900216,21,DW,04,C,63,231,BANOS DAMIAN YUDER            ,1F,ACTIVO,6H67D6 ,1,F121,03GG,2025-11-01,2025-09-11,2510,21,,W0403165245,SMC,2025-11-14,LIR,53,2025-11-13 12:21:52,2126,L,9BBKD,6H67D6 ,0,Nor,53,UI SERV DIRECTO,53,S,MED
2025-12-01 00:00:00,790191101317,31,DW,04,C,45,001,CHABLE AKE MIGUEL JESUS       ,1F,ACTIVO,81L54P ,1,F12H,10KU,2025-11-01,2025-11-24,12372,551,,W0403169523,SMG,2025-11-24,LIR,43,,,,,,,,,,,,MED
2025-12-01 00:00:00,790200100795,25,DW,04,C,92,003,LOPEZ LOPEZ LAURA ESTHER      ,1F,ACTIVO,66G2F1 ,1,F12H,09KU,2025-11-01,2025-11-18,1455,0,,W0403167166,SMG,2025-11-19,04G,48,2025-11-18 11:20:25,2528,L,9EMLY,66G2F1 ,0,Opt,31,SERVICIO SIN USO,,,MED
2025-12-01 00:00:00,790210500716,31,DW,04,C,45,001,TRUJILLO DIAZ ROSELIA         ,1F,ACTIVO,LG871A ,1,F123,20NT,2025-11-01,2025-05-23,2055,1,,W0403169525,SMC,2025-11-24,LIR,43,2025-11-24 10:57:25,3151,R,9EMLW,LG871A ,0,Nor,53,UI SERV DIRECTO,53,S,MED
2025-12-01 00:00:00,790240200164,18,DW,04,C,51,002,MOLINA PECH DIANA GUADALUPE   ,1F,ACTIVO,LGD166 ,1,F123,23NX,2025-12-01,2025-12-11,3040,10,,W0403166723,SMS,2025-11-18,CDU,49,2025-12-11 10:55:29,1827,L,R9658,LGD166 ,99911,Opt,  ,,,,GSC
2025-12-01 00:00:00,790870400242,33,DW,04,C,41,331,CENTENO CANUL HUMBERTO        ,1F,ACTIVO,53FL35 ,1,F121,07JL,2025-11-01,2025-09-23,3575,79,,W0403171031,SM2,2025-11-26,SAV,41,2025-11-24 07:40:18,3327,L,9EMLY,53FL35 ,99909,Nor,  ,,FR,S,GSC
2025-12-01 00:00:00,785750415331,29,DW,03,A,03,291,BERNARDINO GUTIERREZ          ,1C,ACTIVO,H9756D ,1,W111,75C0,2025-11-01,2025-09-19,8260,110,,W0301541625,SMG,2025-11-21,LIR,46,2025-11-20 12:23:05,2926,L,9EMF8,H9756D ,0,Nor,60,MEDID NO TRABAJA,60,S,MED
2025-12-01 00:00:00,790890800263,35,DW,04,C,44,333,TIENDA CONASUPO               ,1F,ACTIVO,43G1C7 ,1,F12H,09KU,2025-11-01,2025-11-27,11314,545,,W0403170967,SMC,2025-11-26,LIR,41,,,,,,,,,,,,MED
2025-12-01 00:00:00,790930300081,25,DW,04,C,92,001,HERNADEZ QUIROZ BENJAMIN      ,1F,ACTIVO,52FK19 ,1,F121,07JL,2025-11-01,2025-11-18,3084,0,,W0403167149,SMG,2025-11-19,04G,48,2025-11-18 10:52:41,2528,L,9EMLY,52FK19 ,0,Nor,31,SERVICIO SIN USO,,,MED
2025-12-01 00:00:00,790930300439,25,DW,04,C,92,001,CAZARIN RODRIGUEZ ANTOLIN     ,1F,ACTIVO,54FK10 ,1,F121,07JL,2025-11-01,2025-11-20,15072,243,,W0403167380,SMG,2025-11-19,04G,48,,,,,,,,,,,,MED
2025-12-01 00:00:00,790930600297,31,DW,04,C,45,001,VELA CHAY MARIO A             ,1F,ACTIVO,M25Y56 ,1,F121,93F5,2025-11-01,2025-11-24,24390,183,,W0403169524,SMC,2025-11-24,LIR,43,,,,,,,,,,,,MED
2025-12-01 00:00:00,790941200509,35,DW,04,C,49,001,MASAVAS SANTOS ARMANDO        ,1F,CORTADO,XE315R ,1,F123,21NT,2022-03-01,2022-03-24,7563,2427,,W0403170968,SMC,2025-11-26,LIR,41,,,,,,,,,,,,MED
2025-12-01 00:00:00,785750417849,33,DW,03,A,06,330,CAMILO CHALE                  ,1C,ACTIVO,C3428Y ,1,W111,73C0,2025-11-01,2025-09-23,700,69,,W0301542373,SMG,2025-11-25,LIR,42,2025-11-24 09:46:22,3326,M,9EMF8,C3428Y ,0,Nor,60,MEDID NO TRABAJA,60,S,MED
2025-12-01 00:00:00,783230505441,35,DW,12,D,04,353,SERRALDE QUINAR NORMA ELIZANET,1D,ACTIVO,UK730X ,2,F623,21NY,2025-11-01,2025-09-24,12,0,,W1204202370,SMC,2025-11-25,LIR,42,2025-11-25 15:39:59,3529,M,GATJM,UK730X ,0,Nor,53,UI SERV DIRECTO,53,S,MED
2025-12-01 00:00:00,790960700521,21,DW,04,C,86,231,IGLESIA DE J LA VIDA ETERNA   ,02,ACTIVO,E848Y5 ,1,F121,95F5,2025-11-01,2025-11-13,35618,825,,W0403165249,SM2,2025-11-14,W4C,53,,,,,,,,,,,,GSC
2025-12-01 00:00:00,791030600484,08,DW,04,D,71,001,VICTOR GOMEZ CRUZ             ,1F,ACTIVO,FKF554 ,1,F123,22NX,2023-10-01,2023-10-03,32370,179,,W0403141091,SMC,2025-10-03,LIR,95,,,,,,,,,,,,MED
2025-12-01 00:00:00,791110300791,25,DW,04,D,87,251,MUNICIPIO DE HECELCHAKAN      ,02,ACTIVO,51DX39 ,2,F621,06F3,2025-11-01,2025-05-23,22854,0,,W0403166724,SMC,2025-11-18,LIR,49,2025-11-18 09:37:46,2528,L,9MC6K,51DX39 ,0,Nor,53,UI SERV DIRECTO,53,S,MED
2025-12-01 00:00:00,791170201458,11,DW,04,D,66,113,KU MAY BRAULIO                ,1F,ACTIVO,390RBL ,1,F122,16LN,2025-11-01,2025-11-06,9915,435,,W0403162283,SMG,2025-11-08,LIR,59,,,,,,,,,,,,MED
2025-12-01 00:00:00,791180900079,26,DW,04,D,51,001,COLLI CHI JESUS NAZARENO      ,02,ACTIVO,JAW919 ,2,F623,23NU,2025-12-01,2025-12-17,11647,935,,W0403167786,SMG,2025-11-20,MED,47,2025-12-17 09:36:35,2627,M,9MCHH,JAW919 ,935,Opt,  ,,,,MED
2025-12-01 00:00:00,786130101015,35,DW,03,B,14,350,POOT CASTILLO MARIA LUISA     ,1D,ACTIVO,9DVE86 ,2,F623,25NY,2025-07-01,2025-07-24,650,156,,W0301542582,SMC,2025-11-26,LIR,41,,,,,,,,,,,,MED
2025-12-01 00:00:00,791240101197,11,DW,04,D,66,113,CAUICH DZUL LUIS ENRIQUE      ,1F,ACTIVO,JCK389 ,2,F623,23NU,2025-11-01,2025-11-06,3686,369,,W0403162269,SMG,2025-11-08,LIR,59,,,,,,,,,,,,MED
2025-12-01 00:00:00,791240401140,11,DW,04,D,66,113,MIS CAAMAL CARMEN DEL ROSARIO ,02,ACTIVO,JCJ954 ,2,F623,23NU,2025-11-01,2025-11-06,2085,206,,W0403162281,SMG,2025-11-08,LIR,59,,,,,,,,,,,,MED
2025-12-01 00:00:00,791240401247,26,DW,04,D,51,002,CIMA DZIB JORGE ANTONIO       ,1F,ACTIVO,KKT793 ,2,F623,23NU,2025-12-01,2025-08-18,82,14,,W0403161981,SM2,2025-11-07,W4D,60,2025-12-17 09:09:06,2628,L,R9420,KKT793 ,0,Nor,56,NO HAY MEDIDOR,56,S,GSC
2025-12-01 00:00:00,791250301038,11,DW,04,D,66,113,PECH MAY ESTEBAN              ,1F,ACTIVO,RBC115 ,2,F623,24NY,2025-11-01,2025-11-06,560,169,,W0403162282,SMG,2025-11-08,LIR,59,,,,,,,,,,,,MED
2025-12-01 00:00:00,791820300081,11,DW,04,D,66,113,ELIAS TUN MISS                ,1F,ACTIVO,1U3F30 ,1,F121,02GG,2025-11-01,2025-09-04,20832,408,,W0403161558,SMC,2025-11-06,LIR,61,2025-11-06 10:58:08,1126,L,9MCJH,1U3F30 ,0,Nor,53,UI SERV DIRECTO,53,S,MED
2025-12-01 00:00:00,791861100062,11,DW,04,D,66,113,QUEN CAUICH PAULINO           ,1F,ACTIVO,L046TP ,1,F122,18LN,2019-09-01,2019-09-04,2172,0,,W0403162278,SMG,2025-11-08,LIR,59,,,,,,,,,,,,MED
2025-12-01 00:00:00,791881000048,09,DW,04,D,63,001,CAHUICH POOT TORIBIO          ,1F,ACTIVO,J6V661 ,1,F121,88F5,2025-11-01,2025-07-07,8108,0,,W0403161888,SM2,2025-11-07,SAV,60,2025-11-05 10:37:49,0926,L,9MCHH,J6V661 ,99910,Nor,  ,,FR,S,GSC
2025-12-01 00:00:00,791920500053,11,DW,04,D,66,113,JOSE DIEGO DZIB CHIM          ,1F,ACTIVO,R47N43 ,1,F121,93F5,2025-11-01,2025-09-04,16099,55,,W0403162628,SM2,2025-11-10,SAV,57,2025-11-06 12:18:47,1126,L,9MCJH,R47N43 ,99965,Nor,  ,,FR,S,GSC
2025-12-01 00:00:00,786160100781,19,DW,03,B,32,192,DOMINGUEZ MONTE MANUEL DE J   ,1B,ACTIVO,461EGG ,1,F122,15LN,2025-11-01,2025-09-10,11515,228,,W0301540335,SMG,2025-11-13,LIR,54,2025-11-12 12:12:23,1926,L,GA8NN,461EGG ,0,Nor,64,P. INFRARROJO/MED. D,FR,S,MED
2025-12-01 00:00:00,791971000926,39,DW,04,D,69,001,VENTURA MANUEL                ,1F,ACTIVO,V023F7 ,1,F121,97F5,2025-11-01,2025-11-27,40702,251,,W0403173079,SMG,2025-11-30,LIR,37,,,,,,,,,,,,MED
2025-12-01 00:00:00,787750411584,20,DW,03,C,65,205,ALFREDO GUTIERREZ C           ,1B,ACTIVO,B9292T ,1,C111,738V,2025-12-01,2025-12-12,298,244,,W0301536835,SM2,2025-10-27,W3A,71,2025-12-12 12:02:48,2002,L,GA6WN,B9292T ,244,Nor,  ,,FR,S,GSC
2025-12-01 00:00:00,791980101671,08,DW,04,D,71,001,ISIDRO GOMEZ CRUZ             ,1F,ACTIVO,LMU908 ,1,F123,23NX,2025-12-01,2025-08-05,394,76,,W0403141089,SMC,2025-10-03,LIR,95,2025-12-04 08:51:30,0826,L,9MCHH,LMU908 ,0,Nor,53,UI SERV DIRECTO,53,S,MED
2025-12-01 00:00:00,791981001467,09,DW,04,D,63,001,LORENCIO CARRILLO CEN         ,1F,ACTIVO,FKF296 ,1,F123,22NX,2025-11-01,2025-11-05,6270,0,,W0403160793,SMC,2025-11-05,LIR,62,2025-11-05 10:39:10,0926,L,9MCHH,FKF296 ,0,Opt,32,UI DERIVACION,32,S,MED
2025-12-01 00:00:00,791981202128,11,DW,04,D,66,113,DZIB EK ISIDRO                ,1F,ACTIVO,T740GV ,1,F122,18LN,1998-12-01,1998-12-09,2292,0,,W0403162276,SMG,2025-11-08,LIR,59,,,,,,,,,,,,MED
2025-12-01 00:00:00,792020400165,69,DW,04,E,94,691,EL YIBEL SPR DE RL DE CV      ,1F,ACTIVO,6E72Y0 ,3,FD21,03F4,2025-12-01,2025-12-12,35392,4338,,W0403142385,SMC,2025-10-06,W4A,92,2025-12-12 16:24:53,6901,L,GA20N,6E72Y0 ,4338,Nor,  ,,,,MED
2025-12-01 00:00:00,787750417311,05,DW,03,C,71,052,ELOY GONZALEZ                 ,1B,ACTIVO,A4279H ,1,C111,718X,2026-01-01,2026-01-02,2959,0,,W0301538586,SMG,2025-11-04,LIR,63,,,,,,,,,,,,MED
2025-12-01 00:00:00,792131000786,07,DW,04,E,95,072,TUN CANUL ALBERTO JOSE        ,1F,ACTIVO,2Y33N0 ,1,F121,04GG,2025-11-01,2025-11-04,13502,10,,W0403160710,SMG,2025-11-05,04A,62,,,,,,,,,,,,MED
2025-12-01 00:00:00,788100900129,65,DW,03,D,32,651,GPO FRUTIC DEL SUR SPR DE RL  ,02,ACTIVO,13E0M2 ,3,KL28,08KM,2025-12-01,2025-12-08,96533,1819,,W0301539162,SMG,2025-11-07,LIR,60,2025-12-08 11:05:56,6501,L,GAE1M,13E0M2 ,1819,Nor,  ,,FR,S,MED
2025-12-01 00:00:00,792210900512,21,DW,04,E,76,003,ZAPATA TORRES NEIDA DEL ROSELI,02,ACTIVO,6BCN84 ,2,F623,25P2,2025-11-01,2025-12-17,0,0,,W0403170949,S05,2025-11-26,CDC,41,,,,,,,,,,,,CCC
2025-12-01 00:00:00,792240700208,29,DW,04,E,56,293,CFE TEIT                      ,02,ACTIVO,8BCM02 ,2,F623,25P2,2025-11-01,2025-11-20,311,280,,W0403159629,SM2,2025-11-04,04D,63,,,,,,,,,,,,GSC
2025-12-01 00:00:00,792250100047,29,DW,04,E,56,293,CHE MOO TOMAS                 ,1F,ACTIVO,RBJ478 ,2,F623,24NY,2025-11-01,2025-09-19,212,52,,W0403168742,SMC,2025-11-21,LIR,46,2025-11-20 11:34:05,2927,L,9P149,RBJ478 ,0,Nor,53,UI SERV DIRECTO,53,S,MED
2025-12-01 00:00:00,792810900290,03,DW,04,E,97,035,CANCHE UC BRAULIA             ,1F,ACTIVO,352RBK ,1,F122,16LN,2026-01-01,2026-01-02,16018,253,,W0403145836,SM2,2025-10-10,W4E,88,,,,,,,,,,,,GSC
2025-12-01 00:00:00,793040700137,23,DW,04,F,27,234,JIMENEZ DE LA CRUZ JOAQUIN A  ,1F,CORTADO,660MCM ,1,F12J,15MR,2025-11-01,2025-05-16,10677,614,,W0403166540,SMC,2025-11-18,LIR,49,2025-11-14 08:11:28,2326,L,9JR35,660MCM ,0,Nor,53,UI SERV DIRECTO,53,S,MED
2025-12-01 00:00:00,793060800383,22,DW,04,H,32,222,GONZALEZ MENDEZ ADRIANA       ,1F,ACTIVO,093RPV ,1,F122,16LN,2006-06-01,2006-08-07,1,0,,W0403148900,SM2,2025-10-15,04H,83,,,,,,,,,,,,GSC
2025-12-01 00:00:00,793080211961,70,DW,04,F,22,701,BOMBA DE AGUA MAMANTEL        ,06,ACTIVO,230RRY ,3,FD22,16LR,2025-12-01,2025-12-15,83097,1962,,W0403148633,SMC,2025-10-15,LIR,83,2025-12-15 10:05:31,7001,L,R9655,230RRY ,1962,Opt,  ,,,,MED
2025-12-01 00:00:00,793080220081,35,DW,04,F,37,351,MORALES GARCIA GABRIELA       ,1F,CORTADO,80EU88 ,1,F121,07JL,2025-11-01,2025-09-24,20858,57,,W0403170776,SMG,2025-11-26,LIR,41,2025-11-25 08:03:45,3526,L,9BBRA,80EU88 ,99973,Nor,41,CRISTAL ROTO,FR,S,MED
2025-12-01 00:00:00,793081200688,27,DW,04,F,27,271,ACOSTA REYES MARINA           ,1F,CORTADO,153VBE ,1,F122,16LN,2025-11-01,2025-09-18,18593,300,,W0403167892,SMC,2025-11-20,LIR,47,2025-11-19 09:00:51,2727,L,9JR35,153VBE ,0,Nor,53,UI SERV DIRECTO,53,S,MED
2025-12-01 00:00:00,793081201676,17,DW,04,H,E1,001,VELAZQUEZ VELAZQUEZ AGUSTO    ,1F,ACTIVO,61A2N8 ,1,F121,08JL,2025-11-01,2025-11-11,8093,0,,W0403164728,SMG,2025-11-13,04B,54,2025-11-11 13:20:10,1726,L,R9658,61A2N8 ,99950,Nor,  ,,FR,S,MED
2025-12-01 00:00:00,793090200321,23,DW,04,H,E7,234,FERNANDEZ HERNANDEZ ROMAN     ,1F,ACTIVO,64A9N3 ,1,F121,08JL,2025-11-01,2025-09-12,10751,0,,W0403166465,SMG,2025-11-18,LIR,49,2025-11-14 10:56:00,2326,L,R9658,64A9N3 ,0,Nor,60,MEDID NO TRABAJA,60,S,MED
2025-12-01 00:00:00,793100501244,73,DW,04,F,18,734,MARGARITO HERNANDEZ ROMERO    ,67,ACTIVO,88E1K7 ,3,VL28,08JB,2025-12-01,2025-12-18,347,960,,W0403167282,SMH,2025-11-19,LIR,48,2025-12-18 09:54:40,7302,L,9ND76,88E1K7 ,12,Opt,  ,,,,MED
2025-12-01 00:00:00,788210300925,13,DW,03,D,40,131,PACHECO ESTRELLA RICARDO      ,1C,ACTIVO,AWN038 ,1,F123,22NX,2023-03-01,2023-03-08,1790,10,,W0301538263,SM2,2025-10-31,W3D,67,,,,,,,,,,,,GSC
2025-12-01 00:00:00,793120901451,35,DW,04,F,22,352,CRUZ MANZANILLA GLADIS        ,1F,ACTIVO,7N09Y1 ,1,F121,04GG,2025-11-01,2025-03-25,15931,12,,W0403170773,SMC,2025-11-26,LIR,41,2025-11-25 18:52:54,3527,L,9JR35,7N09Y1 ,0,Nor,53,UI SERV DIRECTO,53,S,MED
2025-12-01 00:00:00,793121202298,04,DW,04,F,11,043,GUZMAN CORONA ALEJANDRA       ,1F,ACTIVO,9H185L ,1,F121,05JL,2025-12-01,2025-07-01,6389,0,,W0403139319,SM2,2025-10-01,04A,97,2025-12-02 09:20:00,0429,L,R9655,9H185L ,99871,Nor,32,UI DERIVACION,32,S,GSC
2025-12-01 00:00:00,793130101194,17,DW,04,F,73,173,CORREA JIMENEZ ORLANDO        ,1F,CORTADO,569VBG ,1,F122,16LN,2025-11-01,2025-07-11,19965,648,,W0403164846,SMC,2025-11-13,LIR,54,2025-11-11 11:39:30,1729,L,9ND76,569VBG ,0,Nor,53,UI SERV DIRECTO,53,S,MED
2025-12-01 00:00:00,793130200494,35,DW,04,F,22,352,BECERRIL VAZQUEZ TEODORA      ,1F,ACTIVO,175UA9 ,1,F122,12LH,2025-11-01,2025-11-25,28909,0,,W0403170775,SMC,2025-11-26,LIR,41,2025-11-25 12:24:36,3527,L,9JR35,175UA9 ,0,Opt,32,UI DERIVACION,32,S,MED
2025-12-01 00:00:00,793130600085,31,DW,04,F,08,311,HERNANDEZ CORDOVA JOSE ALFREDO,1F,ACTIVO,TB236F ,1,F123,21NX,2025-11-01,2025-09-22,22693,1502,,W0403169298,SMC,2025-11-24,LIR,43,2025-11-21 10:41:40,3126,L,9BBRA,TB236F ,0,Nor,53,UI SERV DIRECTO,53,S,MED
2025-12-01 00:00:00,793150900271,33,DW,04,F,21,331,LAINES AGUILAR BETY           ,1F,ACTIVO,H931KY ,1,F122,17LN,2025-11-01,2024-09-23,15139,1121,,W0403170019,SMC,2025-11-25,LIR,42,2025-11-26 09:45:44,3351,R,9BBRA,H931KY ,0,Nor,53,UI SERV DIRECTO,53,S,MED
2025-12-01 00:00:00,793161200638,10,DW,04,F,30,001,HERNANDEZ FUENTES ROSARIO     ,1F,ACTIVO,5BCC14 ,2,F623,25P2,2025-12-01,2025-12-05,21012,464,,W0403143339,SM3,2025-10-07,W4F,91,2025-12-05 07:50:29,1028,L,R9655,5BCC14 ,16,Opt,  ,,,,CCC
2025-12-01 00:00:00,793170101383,03,DW,04,F,92,032,LOPEZ JOSEFINA                ,1F,ACTIVO,302LVR ,1,F122,16LN,2026-01-01,2025-12-30,5772,0,,W0403158228,SMC,2025-10-30,LIR,68,,,,,,,,,,,,MED
2025-12-01 00:00:00,793170200233,04,DW,04,F,11,043,LARA PANTOJA JOSE ALFREDO     ,1F,ACTIVO,GNG866 ,1,F123,23NX,2025-12-01,2025-09-30,2594,1280,,W0403154222,SM3,2025-10-24,W4F,74,2025-12-02 11:37:55,0429,L,R9655,GNG866 ,0,Opt,60,MEDID NO TRABAJA,60,S,CCC
2025-12-01 00:00:00,793170301315,37,DW,04,F,69,001,TORRES MARTINEZ JOSE          ,1F,ACTIVO,XNJ564 ,1,F123,24NX,2025-09-01,2025-09-25,18387,1360,,W0403171540,SMC,2025-11-27,LIR,40,,,,,,,,,,,,MED
2025-12-01 00:00:00,793170301536,23,DW,04,F,12,231,TORRES SANCHEZ MELCHOR        ,1F,ACTIVO,266VLW ,1,F122,16LN,2025-11-01,2025-11-14,8611,205,,W0403166522,SMC,2025-11-18,LIR,49,,,,,,,,,,,,MED
2025-12-01 00:00:00,788210700583,31,DW,03,D,19,001,CEN POOL JHONATAN             ,1B,ACTIVO,9ANB70 ,1,F123,25NX,2025-11-01,2025-11-21,5325,1200,,W0301542043,SMG,2025-11-24,LIR,43,2025-11-21 10:47:15,3126,L,9EMGH,631MCT ,0,Nor,60,MEDID NO TRABAJA,60,S,MED
2025-12-01 00:00:00,793170900961,23,DW,04,F,12,231,GOMEZ SANCHEZ MARTHA MARIA    ,1F,ACTIVO,017T6T ,2,F622,14LM,2025-11-01,2025-11-14,32394,2051,,W0403164066,SM2,2025-11-12,MED,55,,,,,,,,,,,,GSC
2025-12-01 00:00:00,793180200690,33,DW,04,F,21,331,ROMERO CACHO JAVIER           ,1F,ACTIVO,802VG0 ,2,F622,12LJ,2025-11-01,2025-07-22,23797,430,,W0403164631,SM2,2025-11-13,04F,54,2025-11-21 12:38:03,3126,L,9BBRA,802VG0 ,0,Nor,31,SERVICIO SIN USO,LM,S,GSC
2025-12-01 00:00:00,790010400814,09,DW,04,C,85,074,MARIA MORALES GARCIA          ,1F,ACTIVO,KLH786 ,1,F123,23NX,2024-03-01,2024-03-04,19413,0,,W0403149411,SM2,2025-10-16,W4B,82,,,,,,,,,,,,GSC
2025-12-01 00:00:00,793190500331,19,DW,04,F,C8,211,BARRERA REJON BERTHA          ,1F,ACTIVO,P667HD ,2,F623,18NN,2025-11-01,2025-05-14,1997,2,,W0403164892,SMC,2025-11-13,LIR,54,2025-11-12 10:54:29,1926,L,R9655,P667HD ,0,Nor,53,UI SERV DIRECTO,53,S,MED
2025-12-01 00:00:00,793190500560,23,DW,04,F,12,231,PRIEGO LOPEZ GERARDO A        ,1F,ACTIVO,P475HD ,2,F623,18NN,2025-11-01,2025-09-12,23363,30,,W0403166534,SMC,2025-11-18,LIR,49,2025-11-14 10:20:24,2301,L,R9655,P475HD ,0,Nor,53,UI SERV DIRECTO,53,S,MED
2025-12-01 00:00:00,793190900452,19,DW,04,F,C8,211,CEBALLOS MARTIN DIEGO J       ,1F,CORTADO,W195KW ,2,F622,19LM,2025-11-01,2025-03-12,7372,305,,W0403164891,SMC,2025-11-13,LIR,54,2025-11-12 10:55:07,1926,L,R9655,W195KW ,0,Nor,53,UI SERV DIRECTO,53,S,MED
2025-12-01 00:00:00,793190900959,20,DW,04,F,78,201,REYES JUARES RICARDO          ,1F,ACTIVO,75L7W0 ,1,F12H,09KU,2025-12-01,2025-12-12,3236,2,,W0403147974,SMC,2025-10-14,LIR,84,2025-12-12 11:42:59,2026,L,9ND76,75L7W0 ,2,Opt,31,SERVICIO SIN USO,,,MED
2025-12-01 00:00:00,793200600851,23,DW,04,F,12,231,RODRIGUEZ SANCHEZ SALOMON     ,1F,CORTADO,40G7C9 ,1,F12H,09KU,2025-11-01,2025-11-14,5258,49,,W0403166533,SMC,2025-11-18,LIR,49,,,,,,,,,,,,MED
2025-12-01 00:00:00,793200600941,23,DW,04,F,12,231,CENTENO ROSARIO ATILANO       ,1F,CORTADO,39P09H ,1,F12H,10KU,2025-11-01,2025-11-14,8446,331,,W0403166529,SMC,2025-11-18,LIR,49,,,,,,,,,,,,MED
2025-12-01 00:00:00,793200600959,23,DW,04,F,12,231,ESPINOZA PALMER IVAN          ,1F,ACTIVO,FKF536 ,1,F123,22NX,2025-11-01,2025-11-14,126,35,,W0403166528,SMC,2025-11-18,LIR,49,,,,,,,,,,,,MED
2025-12-01 00:00:00,793200700392,23,DW,04,F,12,231,HERNANDEZ ZETINA JOSE         ,1F,ACTIVO,X954CC ,1,F123,19NM,2025-11-01,2025-09-12,3334,0,,W0403166531,SMC,2025-11-18,LIR,49,2025-11-14 09:17:26,2301,L,R9655,X954CC ,0,Nor,53,UI SERV DIRECTO,53,S,MED
2025-12-01 00:00:00,793210300929,35,DW,04,F,22,352,HERNANDEZ SOLORIO CELIA DEL CA,1F,CORTADO,HH985Y ,1,F123,20NT,2025-11-01,2025-01-23,7196,325,,W0403170774,SMC,2025-11-26,LIR,41,2025-11-25 18:54:54,3527,L,9JR35,HH985Y ,0,Nor,53,UI SERV DIRECTO,53,S,MED
2025-12-01 00:00:00,793210301844,31,DW,04,F,08,311,GARCIA HERNANDEZ AGRACIANA    ,1F,ACTIVO,FKG119 ,1,F123,22NX,2025-11-01,2025-09-22,22113,1939,,W0403169297,SMC,2025-11-24,LIR,43,2025-11-21 11:14:38,3126,L,9BBRA,FKG119 ,0,Nor,53,UI SERV DIRECTO,53,S,MED
2025-12-01 00:00:00,793210305980,35,DW,04,F,72,351,PEREZ HERNANDEZ MANUELA       ,1F,ACTIVO,LGC527 ,1,F123,23NX,2024-01-01,2024-01-24,74,0,,W0403170779,SMC,2025-11-26,LIR,41,2024-01-24 13:00:13,9035,L,9BBRA,HJ185B ,99926,Nor,44,NUM MEDID DESIGU,44,S,MED
2025-12-01 00:00:00,790081213802,39,DW,04,C,39,003,CANUL GOMEZ LEYDI BEATRIZ     ,1F,ACTIVO,00A0P2 ,1,F121,08JL,2025-11-01,2025-11-27,37195,439,,W0403173132,SMG,2025-11-30,LIR,37,,,,,,,,,,,,MED
2025-12-01 00:00:00,793230301689,23,DW,04,F,12,231,CHABLE PEREZ JORGE ISMAEL     ,1F,CORTADO,DJL648 ,2,F623,22NU,2025-11-01,2025-09-12,12300,78,,W0403167169,SMC,2025-11-19,SAV,48,2025-11-14 11:09:06,2301,L,R9655,DJL648 ,97132,Opt,  ,,,,MED
2025-12-01 00:00:00,793230601224,09,DW,04,F,35,094,CARRASCO MORALES FRANCISCA    ,1F,ACTIVO,UU854F ,2,F623,21NY,2025-11-01,2025-05-05,1237,54,,W0403161417,SMC,2025-11-06,LIR,61,2025-11-05 20:19:54,0926,L,9ND76,UU854F ,0,Nor,53,UI SERV DIRECTO,53,S,MED
2025-12-01 00:00:00,793240400642,23,DW,04,F,12,231,LOPEZ MALDONADO ANTONIO       ,1F,ACTIVO,LNB142 ,1,F123,23NX,2025-11-01,2025-09-12,3357,460,,W0403166536,SMC,2025-11-18,LIR,49,2025-11-14 08:50:36,2301,L,R9655,LNB142 ,0,Nor,53,UI SERV DIRECTO,53,S,MED
2025-12-01 00:00:00,793240800497,75,DW,04,F,39,752,SANTAMARIA LANDEROS VICENTA   ,1F,ACTIVO,WNU429 ,2,F623,24P2,2025-12-01,2025-07-23,1320,189,,W0403153480,SMC,2025-10-23,LIR,75,2025-12-22 14:33:03,7501,L,R9655,WNU429 ,0,Nor,53,UI SERV DIRECTO,53,S,MED
2025-12-01 00:00:00,793250100761,30,DW,04,F,12,304,HERNANDEZ DIAZ FIDEL ENRIQUE  ,1F,ACTIVO,9AAJ41 ,2,F623,25NY,2025-08-01,2025-08-20,433,0,,W0403151817,SMC,2025-10-21,LIR,77,2025-08-20 06:12:25,3003,L,9JR35,9AAJ41 ,0,Nor,53,UI SERV DIRECTO,53,S,MED
2025-12-01 00:00:00,793250301138,33,DW,04,F,74,331,MARTINEZ IZQUIERDO ROSA       ,1F,ACTIVO,RBD865 ,2,F623,24NY,2025-11-01,2025-07-23,301,109,,W0403170031,SMC,2025-11-25,LIR,42,2025-11-26 13:20:14,3351,R,9BBRA,RBD865 ,0,Nor,53,UI SERV DIRECTO,53,S,MED
2025-12-01 00:00:00,793250500742,32,DW,04,F,12,323,REYES SANCHEZ EDUARDO DEL CARM,02,ACTIVO,X403TE ,2,F623,19NU,2025-12-01,2025-06-23,868,868,,W0403152833,SMC,2025-10-22,LIR,76,2025-12-22 10:37:08,3227,L,9JR35,X403TE ,0,Nor,53,UI SERV DIRECTO,53,S,MED
2025-12-01 00:00:00,793250501501,33,DW,04,F,23,331,TORRES EHUAN WILIAM ENRIQUE   ,1F,ACTIVO,1AAU31 ,2,F623,25NY,2025-11-01,2025-11-24,656,0,,W0403170229,SMG,2025-11-25,04G,42,2025-11-24 10:41:48,3328,L,9ND76,1AAU31 ,0,Nor,31,SERVICIO SIN USO,LM,S,MED
2025-12-01 00:00:00,793250600640,38,DW,04,F,28,381,GARCIA SANCHEZ JUAN CARLOS    ,1F,ACTIVO,5AAK16 ,2,F623,25NY,2025-12-01,2025-12-26,347,82,,W0403155844,SM2,2025-10-27,04A,71,2025-12-26 10:56:56,3826,L,9JRAL,5AAK16 ,82,Opt,  ,,,,GSC
2025-12-01 00:00:00,793250800151,04,DW,04,F,11,043,ORNELAS PEREZ JOSE DEL ROSARIO,1F,ACTIVO,0DVX65 ,2,F623,25NY,2025-12-01,2025-12-02,184,29,,W0403139178,SMC,2025-10-01,LIR,97,2025-12-02 07:07:58,0429,L,R9655,0DVX65 ,29,Opt,  ,,,,MED
2025-12-01 00:00:00,793251000662,19,DW,04,F,12,191,HERNANDEZ MORALES JOAQUIN     ,1F,ACTIVO,YR232B ,2,F623,21NU,2025-11-01,2025-11-12,0,0,,W0403164881,SMC,2025-11-13,LIR,54,2025-11-12 09:01:40,1903,L,9ND76,YR232B ,0,Nor,53,UI SERV DIRECTO,53,S,MED
2025-12-01 00:00:00,793941100562,18,DW,04,H,50,181,PABLO GONZALEZ HERNANDEZ      ,1F,ACTIVO,L461FH ,1,F122,18LN,2025-12-01,2025-12-11,5226,0,,W0403147839,SMG,2025-10-14,04B,84,2025-12-11 07:04:55,1826,L,R9605,L461FH ,0,Opt,31,SERVICIO SIN USO,,,MED
2025-12-01 00:00:00,793951200778,33,DW,04,F,25,331,CONASUPO EJIDAL               ,1F,ACTIVO,293DHC ,1,F122,15LN,2025-11-01,2025-11-26,6660,0,,W0403170028,SMG,2025-11-25,LIR,42,2025-11-26 13:15:51,3351,R,9BBRA,293DHC ,0,Nor,31,SERVICIO SIN USO,LM,S,MED
2025-12-01 00:00:00,793961100801,35,DW,04,F,37,351,MAYA CARRILLO JOSE MANUEL     ,1F,ACTIVO,79EU21 ,1,F121,07JL,2025-11-01,2025-07-24,19734,186,,W0403170971,SMG,2025-11-26,04A,41,2025-11-25 19:14:10,3526,L,9BBRA,79EU21 ,0,Nor,51,NO ENCONTRE DOMI,,,MED
2025-12-01 00:00:00,793970900519,33,DW,04,F,23,331,MIRIAM TORRES SANCHEZ         ,1F,ACTIVO,AWT173 ,1,F123,22NX,2025-11-01,2025-11-24,24572,1406,,W0403170027,SMC,2025-11-25,LIR,42,,,,,,,,,,,,MED
2025-12-01 00:00:00,794000456141,21,DW,04,G,94,001,GOMEZ ROJAS GENOBEVA          ,1F,ACTIVO,GGN881 ,1,F123,23NX,2025-11-01,2025-11-14,5903,465,,W0403165298,SMC,2025-11-14,LIR,53,,,,,,,,,,,,MED
2025-12-01 00:00:00,794010100620,34,DW,04,G,41,342,IGLESIA CATOLICA              ,1F,ACTIVO,9DM776 ,1,F121,98GG,2025-12-01,2025-06-24,4312,8,,W0403154246,SM2,2025-10-24,SAV,74,2025-12-23 10:38:07,3426,L,R9484,9DM776 ,98502,Nor,  ,,FR,S,GSC
2025-12-01 00:00:00,790880800249,35,DW,04,C,44,331,MONDRAGON TRUJILLO ELISEO     ,1F,ACTIVO,AWF604 ,1,F123,22NX,2023-01-01,2023-01-24,26236,7,,W0403170965,SMC,2025-11-26,LIR,41,,,,,,,,,,,,MED
2025-12-01 00:00:00,794020600191,29,DW,04,G,19,291,VELAZCO VIVEROS VICTOR        ,1F,ACTIVO,6ABA81 ,2,F623,25NY,2025-07-01,2025-07-21,28889,1922,,W0403168732,SMC,2025-11-21,LIR,46,,,,,,,,,,,,MED
2025-12-01 00:00:00,794020800239,13,DW,04,G,33,001,RAMIREZ LEON ODILON           ,1F,ACTIVO,6DVB66 ,2,F623,25NY,2025-11-01,2025-11-10,388,231,,W0403149131,SM3,2025-10-15,CDB,83,2025-11-10 18:40:58,1351,R,R9484,6DVB66 ,231,Nor,  ,,LM,S,CCC
2025-12-01 00:00:00,794030300277,33,DW,04,G,10,331,ACIEL PEREZ MUNOZ             ,1F,ACTIVO,Y632MV ,2,F623,19NU,2003-01-01,2002-11-01,0,0,,W0403170049,SMC,2025-11-25,LIR,42,,,,,,,,,,,,MED
2025-12-01 00:00:00,794030700453,12,DW,04,G,58,001,CRUZ JIMENEZ PASCUALA         ,1F,ACTIVO,9C08N1 ,1,F121,03GG,2025-12-01,2025-12-08,5936,0,,W0403144268,SMG,2025-10-08,04G,90,2025-12-08 12:36:12,1227,L,R9642,9C08N1 ,0,Nor,31,SERVICIO SIN USO,,,MED
2025-12-01 00:00:00,794030700470,12,DW,04,G,58,001,GOMEZ CRUZ GERONIMO           ,1F,ACTIVO,11WT33 ,1,F121,08JL,2003-06-01,2003-05-07,0,0,,W0403144271,SMG,2025-10-08,04G,90,,,,,,,,,,,,MED
2025-12-01 00:00:00,794040200912,01,DW,04,G,15,001,CABRERA HERNANDEZ EUDELIA     ,1F,ACTIVO,896VLU ,1,F122,16LN,2016-09-01,2050-01-01,0,0,,W0403158133,SMG,2025-10-30,LIR,68,,,,,,,,,,,,MED
2025-12-01 00:00:00,794040300739,23,DW,04,G,10,005,SAAVEDRA GONZALEZ ERIKA JAZMIN,1F,CORTADO,RFW037 ,2,F623,24NY,2025-05-01,2025-05-16,26196,0,,W0403166457,SMC,2025-11-18,LIR,49,2025-05-19 18:30:21,2351,R,R9655,RFW037 ,0,Nor,53,UI SERV DIRECTO,53,S,MED
2025-12-01 00:00:00,794040600902,34,DW,04,G,75,347,IGLESIA DE SANTA LUCIA        ,02,ACTIVO,RT921C ,1,F123,21NX,2025-12-01,2025-12-23,1158,80,,W0403153618,SMC,2025-10-23,LIR,75,2025-12-23 16:07:00,3451,R,R9484,RT921C ,80,Nor,  ,,,,MED
2025-12-01 00:00:00,794040800626,34,DW,04,G,70,344,UNIDAD MEDICA RURAL           ,02,ACTIVO,4X20V8 ,1,F121,04GG,2025-12-01,2025-12-23,50858,24,,W0403153613,SMC,2025-10-23,LIR,75,2025-12-23 14:49:33,3427,L,R9642,4X20V8 ,24,Nor,  ,,FR,S,MED
2025-12-01 00:00:00,794041000097,33,DW,04,G,10,331,FARIAS BAILON DANIA YESENIA   ,1F,ACTIVO,9A717H ,1,F121,04GG,2025-11-01,2025-03-25,17373,0,,W0403170044,SMC,2025-11-25,LIR,42,2025-11-25 13:33:45,3351,R,R9642,9A717H ,0,Nor,53,UI SERV DIRECTO,53,S,MED
2025-12-01 00:00:00,794050600285,21,DW,04,G,94,002,MENDEZ TORRES ROSENDO         ,1F,ACTIVO,7F533N ,1,F121,05JL,2025-11-01,2025-03-13,25014,410,,W0403165300,SMC,2025-11-14,LIR,53,2025-11-14 18:39:23,2151,R,R9484,7F533N ,0,Nor,56,NO HAY MEDIDOR,56,S,MED
2025-12-01 00:00:00,790950500515,05,DW,04,C,70,051,RGUEZ JIMENEZ JOSE ANGEL      ,1F,ACTIVO,LNC408 ,1,F123,23NX,2026-01-01,2026-01-02,1337,448,,W0403160054,SMC,2025-11-04,LIR,63,,,,,,,,,,,,MED
2025-12-01 00:00:00,794060900325,29,DW,04,G,19,291,GOMEZ BURELOS MIGUEL ANGEL    ,1F,ACTIVO,460RPX ,1,F122,16LN,2025-11-01,2025-11-21,25634,1280,,W0403168731,SMC,2025-11-21,LIR,46,,,,,,,,,,,,MED
2025-12-01 00:00:00,794061000611,33,DW,04,G,10,331,LIZCANO LIZCANO LEYDA ANTONIA ,1F,ACTIVO,3R332R ,2,F621,06F3,2025-11-01,2024-11-22,27974,468,,W0403170341,SM2,2025-11-25,SAV,42,2025-11-24 12:17:24,3327,L,R9642,3R332R ,99643,Nor,  ,,FR,S,GSC
2025-12-01 00:00:00,794061000671,11,DW,04,G,34,004,PAREDES VAZQUEZ BALTAZAR      ,1F,ACTIVO,YJ115L ,2,F623,21NU,2025-11-01,2025-11-08,635,60,,W0403161877,SMC,2025-11-07,LIR,60,,,,,,,,,,,,MED
2025-12-01 00:00:00,794061101221,34,DW,04,G,28,341,PETRONA HERNANDEZ RAMOS       ,1F,ACTIVO,555WG4 ,1,F122,13LN,2015-02-01,2050-01-01,0,0,,W0403153607,SMC,2025-10-23,LIR,75,,,,,,,,,,,,MED
2025-12-01 00:00:00,794061102066,17,DW,04,G,36,001,GUZMAN HERNANDE Z FERNANDO    ,1F,ACTIVO,XNF561 ,1,F123,24NX,2025-11-01,2025-11-12,232,139,,W0403164313,SMC,2025-11-12,LIR,55,,,,,,,,,,,,MED
2025-12-01 00:00:00,794061201285,15,DW,04,G,34,151,JOSE JIMENEZ LANDEROS         ,1F,ACTIVO,04KA86 ,1,F121,07JL,2006-11-01,2006-12-11,1,0,,W0403163656,SMC,2025-11-11,LIR,56,,,,,,,,,,,,MED
2025-12-01 00:00:00,794061202087,34,DW,04,G,70,344,SOLIS ROMERO GUILLERMINA      ,1F,ACTIVO,63AD18 ,1,F121,06JL,2025-12-01,2025-12-23,6085,12,,W0403153614,SMC,2025-10-23,LIR,75,2025-12-23 14:50:17,3427,L,R9642,63AD18 ,12,Nor,  ,,,,MED
2025-12-01 00:00:00,794070100866,17,DW,04,G,36,001,NARVAEZ GERONIMO MARIELA      ,1F,ACTIVO,XNJ585 ,1,F123,24NX,2025-07-01,2025-07-11,27992,445,,W0403164315,SMC,2025-11-12,LIR,55,,,,,,,,,,,,MED
2025-12-01 00:00:00,794070100891,17,DW,04,G,36,001,GUZMAN HERNANDEZ YARI         ,1F,ACTIVO,85BH07 ,1,F121,06JL,2025-11-01,2025-11-11,30574,387,,W0403147828,SMS,2025-10-14,W4G,84,2025-11-11 18:41:02,1726,L,R9484,85BH07 ,387,Nor,  ,,,,GSC
2025-12-01 00:00:00,794070100947,34,DW,04,G,70,344,TELESECUNDARIA 71             ,02,ACTIVO,7T914H ,2,F621,06F3,2025-12-01,2025-10-24,82012,717,,W0403153610,SMC,2025-10-23,LIR,75,2025-12-23 10:40:45,3427,L,R9642,7T914H ,99863,Nor,  ,,FR,S,MED
2025-12-01 00:00:00,794070301608,24,DW,04,G,68,242,ANITA CANDELERO COLORADO      ,1F,ACTIVO,82DM04 ,1,F121,06JL,2025-12-01,2025-12-16,9192,0,,W0403149439,SMC,2025-10-16,LIR,82,2025-12-17 10:14:03,2451,R,R9642,82DM04 ,0,Nor,31,SERVICIO SIN USO,,,MED
2025-12-01 00:00:00,794070402412,12,DW,04,G,57,001,DAMASO PELAGIO LUVIANO        ,1F,ACTIVO,36DH17 ,1,F121,06JL,2025-12-01,2025-12-08,11741,0,,W0403144235,SMG,2025-10-08,04G,90,2025-12-08 09:09:46,1227,L,R9642,36DH17 ,0,Nor,31,SERVICIO SIN USO,,,MED
2025-12-01 00:00:00,794071000253,36,DW,04,G,43,361,ASALIA GALVAN URBINA          ,1F,ACTIVO,NK817N ,2,F623,20NU,2025-12-01,2025-12-26,9889,167,,W0403154343,SMC,2025-10-24,LIR,74,2025-12-26 10:42:32,3627,L,R9642,NK817N ,167,Opt,  ,,,,MED
2025-12-01 00:00:00,794080800611,37,DW,04,G,88,001,SANCHEZ CRUZ WILBERTH         ,1F,ACTIVO,67VP22 ,1,F121,08JL,2025-11-01,2025-11-26,22746,198,,W0403171528,SMC,2025-11-27,LIR,40,,,,,,,,,,,,MED
2025-12-01 00:00:00,794090200506,36,DW,04,G,43,361,COCINA ESCOLAR VICENTE LOMBARD,02,ACTIVO,56A9N1 ,1,F121,08JL,2025-12-01,2025-12-26,2567,0,,W0403154342,SMC,2025-10-24,LIR,74,2025-12-26 15:31:33,3651,R,R9484,56A9N1 ,0,Nor,31,SERVICIO SIN USO,,,MED
2025-12-01 00:00:00,794090400459,17,DW,04,G,37,001,LEON CORTEZ NICOLAS MARTIN    ,1F,ACTIVO,22XR26 ,1,F121,08JL,2025-11-01,2025-11-11,27602,538,,W0403153005,SMS,2025-10-22,W4G,76,2025-11-11 13:19:00,1727,L,R9642,22XR26 ,538,Nor,31,SERVICIO SIN USO,,,GSC
2025-12-01 00:00:00,794100500082,11,DW,04,G,34,004,MORALES MAY FRANCISCA         ,1F,ACTIVO,334ACY ,1,F122,14LN,2010-05-01,2010-05-06,2153,0,,W0403161878,SMC,2025-11-07,LIR,60,,,,,,,,,,,,MED
2025-12-01 00:00:00,786040600055,65,DW,03,B,22,650,AGUA POTABLE CHAN DZITNUP     ,06,ACTIVO,GEC233 ,3,KL28,22NJ,2025-11-01,2025-11-06,89763,0,,W0301539550,SMG,2025-11-10,MED,57,2025-11-06 15:20:50,6502,L,GA8NN,GEC233 ,50,Nor,  ,,FR,S,MED
2025-12-01 00:00:00,794110400078,34,DW,04,G,60,343,GOMEZ SILVANO MARIA           ,1F,ACTIVO,1VF792 ,1,F121,00GG,2025-12-01,2025-10-24,27139,143,,W0403153609,SMC,2025-10-23,LIR,75,2025-12-23 13:01:06,3427,L,R9642,1VF792 ,99968,Nor,  ,,FR,S,MED
2025-12-01 00:00:00,786041101885,63,DW,03,B,15,631,SILVA MARTIR MAURICIO         ,9C,ACTIVO,CKH806 ,3,VL28,22NJ,2025-12-01,2025-12-23,0,0,,W0301538801,SMH,2025-11-05,LIR,62,2025-12-04 14:42:14,6304,L,R9855,CKX358 ,4,Nor,31,SERVICIO SIN USO,LM,S,MED
2025-12-01 00:00:00,794130400627,34,DW,04,G,70,344,AQUINO HERRERA JOAQUIN        ,1F,ACTIVO,PCX173 ,1,F123,24NX,2025-12-01,2025-12-23,6862,2437,,W0403153612,SMC,2025-10-23,LIR,75,2025-12-23 14:48:53,3427,L,R9642,PCX173 ,2437,Nor,  ,,FR,S,MED
2025-12-01 00:00:00,791970700487,11,DW,04,D,64,001,INDESALUD                     ,02,ACTIVO,DB795A ,1,F123,19NM,2025-11-01,2024-09-04,11691,632,,W0403161557,SMC,2025-11-06,LIR,61,2025-11-06 09:46:42,1127,L,9MC6K,DB795A ,0,Nor,53,UI SERV DIRECTO,53,S,MED
2025-12-01 00:00:00,794140700840,31,DW,04,G,12,311,RAMIREZ DOMINGUEZ YESENIA DEL ,1F,ACTIVO,8J70V3 ,1,F121,03GG,2025-11-01,2025-11-21,21481,0,,W0403169553,SMG,2025-11-24,04G,43,2025-11-21 11:41:41,3127,L,R9484,8J70V3 ,0,Nor,31,SERVICIO SIN USO,,,MED
2025-12-01 00:00:00,794141100811,34,DW,04,G,28,341,GARCIA LOPEZ CINTHIA DEL CARME,1F,ACTIVO,75GL90 ,1,F121,07JL,2025-12-01,2025-12-23,23550,335,,W0403153606,SMC,2025-10-23,LIR,75,2025-12-23 15:02:23,3426,L,R9484,75GL90 ,335,Nor,  ,,FR,S,MED
2025-12-01 00:00:00,794141101273,20,DW,04,G,97,001,LOPEZ MENDOZA ARELI           ,1F,CORTADO,58DR26 ,1,F121,06JL,2014-10-01,2014-11-29,0,0,,W0403147871,SMC,2025-10-14,LIR,84,,,,,,,,,,,,MED
2025-12-01 00:00:00,794141200328,20,DW,04,G,61,001,ALEJO MORALES CARLOS          ,1F,ACTIVO,KL549G ,1,F123,20NT,2025-12-01,2025-12-14,7520,238,,W0403147864,SMC,2025-10-14,LIR,84,2025-12-14 18:37:26,2051,R,R9642,KL549G ,238,Nor,  ,,,,MED
2025-12-01 00:00:00,794141200557,34,DW,04,G,41,342,RODRIGUEZ CRUZ LANDY          ,1F,ACTIVO,3M81W5 ,1,F121,04GG,2025-12-01,2025-12-23,7179,12,,W0403153608,SMC,2025-10-23,LIR,75,2025-12-23 15:57:19,3451,R,R9484,3M81W5 ,12,Nor,  ,,,,MED
2025-12-01 00:00:00,794141201464,18,DW,04,G,50,001,TORRES INIGUEZ JAVIER         ,1F,ACTIVO,46JM70 ,1,F121,07JL,2025-12-01,2025-06-11,8012,145,,W0403140978,SM2,2025-10-03,04G,95,2025-12-11 12:25:14,1826,L,R9484,46JM70 ,99807,Nor,  ,,FR,S,GSC
2025-12-01 00:00:00,794150100476,32,DW,04,G,1B,322,PREZA SANCHEZ GUADALUPE       ,1F,ACTIVO,8A151H ,1,F121,04GG,2025-12-01,2025-12-22,12398,415,,W0403153052,SMC,2025-10-22,LIR,76,2025-12-22 15:00:19,3227,L,R9642,8A151H ,415,Nor,  ,,,,MED
2025-12-01 00:00:00,794150101049,15,DW,04,G,34,151,ESTRADA APARICIO RUBEN        ,1F,ACTIVO,PHU512 ,1,F123,24NX,2025-11-01,2025-11-11,156,40,,W0403163653,SMC,2025-11-11,LIR,56,,,,,,,,,,,,MED
2025-12-01 00:00:00,794150101987,32,DW,04,G,1A,321,LOPEZ DIAZ MARIA              ,1F,ACTIVO,994TX2 ,1,F122,12LH,2025-12-01,2025-12-22,10974,146,,W0403153051,SMC,2025-10-22,LIR,76,2025-12-22 14:58:59,3227,L,R9642,994TX2 ,146,Nor,  ,,,,MED
2025-12-01 00:00:00,794150301315,06,DW,04,G,62,002,CARPIO GUZMAN MARIA VICTORIA  ,1F,ACTIVO,4T1M31 ,1,F121,02GG,2025-12-01,2025-12-04,15706,142,,W0403140196,SMC,2025-10-02,LIR,96,2025-12-04 21:03:00,0651,R,R9642,4T1M31 ,142,Nor,  ,,,,MED
2025-12-01 00:00:00,791980100585,11,DW,04,D,66,113,MARIO AMILCAR DZIB CHIN       ,1F,ACTIVO,DXK588 ,1,F123,22NX,2023-09-01,2023-09-05,21404,1905,,W0403162275,SMG,2025-11-08,LIR,59,,,,,,,,,,,,MED
2025-12-01 00:00:00,794150501535,36,DW,04,G,44,362,JIMENEZ JIMENEZ ADOLFO        ,1F,ACTIVO,MF994V ,2,F623,20NU,2025-08-01,2025-08-25,7542,0,,W0403154344,SMC,2025-10-24,LIR,74,2025-08-25 12:11:53,3626,L,9ND76,MF994V ,0,Nor,31,SERVICIO SIN USO,,,MED
2025-12-01 00:00:00,792060300350,78,DW,04,E,47,783,GERARDO FEHR WIEBE            ,9C,ACTIVO,PJ995H ,3,KL28,20KE,2025-12-01,2025-12-26,46733,367,,W0403170102,SM2,2025-11-25,W4E,42,2025-12-26 18:46:35,7801,L,GA20N,PJ995H ,367,Nor,  ,,,,GSC
2025-12-01 00:00:00,792140500872,07,DW,04,E,95,071,GONGORA TUT CESAR JACOBO      ,1F,ACTIVO,5E892G ,1,F121,05JL,2025-11-01,2025-11-04,9175,266,,W0403160587,SMG,2025-11-05,LIR,62,,,,,,,,,,,,MED
2025-12-01 00:00:00,793111202729,33,DW,04,F,25,331,MORALES FLORES CANDELARIO     ,1F,ACTIVO,55B2D9 ,1,F121,08JL,2025-11-01,2025-11-24,26171,0,,W0403170029,SMC,2025-11-25,LIR,42,2025-11-24 11:13:15,3328,L,9ND76,55B2D9 ,0,Nor,32,UI DERIVACION,32,S,MED
2025-12-01 00:00:00,794150702450,37,DW,04,G,2A,001,PEREZ VILLEGAS REYNA          ,1F,ACTIVO,52H6M3 ,1,F12H,09KU,2025-11-01,2025-11-26,10156,263,,W0403171122,SMC,2025-11-26,LIR,41,,,,,,,,,,,,MED
2025-12-01 00:00:00,794150801652,31,DW,04,G,12,311,HERRERA RODRIGUEZ HECTOR IVAN ,1F,ACTIVO,42B72E ,1,F12H,10KU,2025-11-01,2025-11-24,23344,255,,W0403169352,SMC,2025-11-24,LIR,43,,,,,,,,,,,,MED
2025-12-01 00:00:00,794150802454,37,DW,04,G,98,001,SUAREZ ZACARIA ZOILA          ,1F,ACTIVO,PBM228 ,1,F123,24NX,2024-09-01,2024-09-25,319,180,,W0403171530,SMC,2025-11-27,LIR,40,,,,,,,,,,,,MED
2025-12-01 00:00:00,794150804589,34,DW,04,G,75,347,MENDEZ VAZQUEZ PONCIANO       ,1F,ACTIVO,YP841L ,2,F623,21NU,2022-08-01,2022-08-19,4243,123,,W0403153617,SMC,2025-10-23,LIR,75,,,,,,,,,,,,MED
2025-12-01 00:00:00,794150806786,36,DW,04,G,72,365,BANOS GARCIA EDUVIGES         ,1F,CORTADO,7W002V ,1,F121,06JL,2025-12-01,2025-12-26,14711,157,,W0403154347,SMC,2025-10-24,LIR,74,2025-12-26 15:55:52,3651,R,R9484,7W002V ,157,Nor,  ,,,,MED
2025-12-01 00:00:00,793170600690,27,DW,04,F,27,271,NOVELO GONGORA CRISTIAN SALIMA,1F,ACTIVO,CVK262 ,2,F623,22NU,2022-11-01,2022-11-14,33986,1120,,W0403167890,SMC,2025-11-20,LIR,47,,,,,,,,,,,,MED
2025-12-01 00:00:00,794160200215,20,DW,04,G,61,001,LARA HERNANDEZ REYNA          ,1F,ACTIVO,2Y733B ,1,F121,06JL,2025-12-01,2025-12-12,22776,360,,W0403147865,SMC,2025-10-14,LIR,84,2025-12-12 16:44:15,2026,L,R9642,2Y733B ,360,Nor,  ,,,,MED
2025-12-01 00:00:00,794160200738,32,DW,04,G,D2,325,AGUILAR SANCHEZ EVERILDA      ,1F,ACTIVO,4J1U00 ,1,F121,01GG,2025-12-01,2025-12-22,11612,344,,W0403153056,SMC,2025-10-22,LIR,76,2025-12-22 15:44:18,3251,R,R9484,4J1U00 ,344,Nor,  ,,,,MED
2025-12-01 00:00:00,794160600311,31,DW,04,G,12,311,JIMENEZ MORALES HILARIO       ,1F,ACTIVO,723FDB ,1,F122,15LN,2025-11-01,2025-11-24,16017,309,,W0403169350,SMC,2025-11-24,LIR,43,,,,,,,,,,,,MED
2025-12-01 00:00:00,794161001216,17,DW,04,G,36,001,PEREZ ZETINA GULNARA          ,1F,ACTIVO,352DHC ,1,F122,15LN,2025-11-01,2025-11-12,9145,296,,W0403164316,SMC,2025-11-12,LIR,55,,,,,,,,,,,,MED
2025-12-01 00:00:00,794170100944,11,DW,04,G,64,001,AGUILAR MORALES LAURA JANETH  ,1F,ACTIVO,044TLN ,2,F622,16LM,2025-11-01,2025-11-08,34134,1221,,W0403161879,SMG,2025-11-07,LIR,60,,,,,,,,,,,,MED
2025-12-01 00:00:00,794170200311,21,DW,04,G,94,002,ALMAZAN VERGARA SULEMI        ,1F,ACTIVO,EP482E ,1,F123,19NM,2024-07-01,2024-07-15,9592,0,,W0403165302,SMC,2025-11-14,LIR,53,,,,,,,,,,,,MED
2025-12-01 00:00:00,794170200337,28,DW,04,G,10,281,GOMEZ SANCHEZ MARTIN          ,1F,CORTADO,A997KA ,2,F622,16LM,2025-12-01,2025-12-18,5872,0,,W0403151059,SMC,2025-10-20,LIR,78,2025-12-18 15:30:46,2827,L,R9642,A997KA ,12,Nor,  ,,,,MED
2025-12-01 00:00:00,794170300293,13,DW,04,G,33,001,SANCHEZ MOLINA NORMALUCIA     ,1F,ACTIVO,PJY006 ,1,F123,24NX,2025-09-01,2025-09-05,1174,612,,W0403162639,SMC,2025-11-10,LIR,57,,,,,,,,,,,,MED
2025-12-01 00:00:00,793180700579,79,DW,04,F,09,791,HERNANDEZ HERNANDEZ MARTIN    ,9C,ACTIVO,FY935J ,3,KL28,19KE,2020-12-01,2020-12-07,11790,0,,W0403156430,SM2,2025-10-28,MED,70,,,,,,,,,,,,GSC
2025-12-01 00:00:00,794171100743,30,DW,04,G,24,301,SOSA ZURITA ANAYELI           ,1F,BAJA SIN MED RET,278RRD ,1,F122,16LN,2025-12-01,2025-12-19,4370,0,,W0403151318,SMC,2025-10-20,LIR,78,2025-12-19 14:33:19,3026,L,R9642,278RRD ,0,Nor,31,SERVICIO SIN USO,,,MED
2025-12-01 00:00:00,793210306765,37,DW,04,F,70,001,LARA ORTEGA OSCAR LEONEL      ,1F,ACTIVO,KK676E ,1,F123,20NT,2025-11-01,2025-03-26,280,19,,W0403171543,SMG,2025-11-27,LIR,40,2025-11-26 12:31:06,3726,L,9ND76,KK676E ,0,Nor,60,MEDID NO TRABAJA,60,S,MED
2025-12-01 00:00:00,794010700228,33,DW,04,G,10,331,ACOSTA HERRERA MATILDE        ,1F,ACTIVO,14W89B ,2,F62H,11KN,2018-10-01,2018-09-26,35877,0,,W0403170045,SMC,2025-11-25,LIR,42,,,,,,,,,,,,MED
2025-12-01 00:00:00,794060700415,21,DW,04,G,32,001,TELESECUNDARIA 109            ,02,ACTIVO,5V47P5 ,2,F421,04GH,2025-11-01,2025-11-14,72350,0,,W0403165295,SMG,2025-11-14,LIR,53,2025-11-14 18:33:11,2151,R,R9484,5V47P5 ,0,Nor,31,SERVICIO SIN USO,,,MED
2025-12-01 00:00:00,794180100632,10,DW,04,G,D1,001,MORALES ALVARO JUAN           ,1F,ACTIVO,H408LJ ,1,F122,17LN,2025-12-01,2025-12-05,5958,211,,W0403142996,SMC,2025-10-07,LIR,91,2025-12-05 16:09:14,1027,L,R9642,H408LJ ,211,Nor,  ,,,,MED
2025-12-01 00:00:00,794180100993,21,DW,04,G,94,002,VELAZQUEZ NIEVA CARLOS        ,1F,ACTIVO,GGN883 ,1,F123,23NX,2025-11-01,2025-09-11,6236,364,,W0403165303,SMC,2025-11-14,LIR,53,2025-11-14 18:45:19,2151,R,R9484,GGN883 ,0,Nor,53,UI SERV DIRECTO,53,S,MED
2025-12-01 00:00:00,794180103950,01,DW,04,G,15,001,LOPEZ GUZMAN MIGUEL           ,1F,ACTIVO,H560LJ ,1,F122,17LN,2026-01-01,2025-12-29,24853,0,,W0403158130,SMG,2025-10-30,LIR,68,,,,,,,,,,,,MED
2025-12-01 00:00:00,794180300569,23,DW,04,G,10,005,VALDOVINOS MELENDEZ ERICK     ,1F,CORTADO,8BCM55 ,2,F623,25P2,2024-09-01,2024-09-12,15568,15568,,W0403166459,SMC,2025-11-18,LIR,49,,,,,,,,,,,,MED
2025-12-01 00:00:00,794180300879,34,DW,04,G,74,346,GOMEZ GOMEZ REYNA MARIA       ,1F,BAJA,,1,,,2025-10-01,2025-10-24,3704,12,,W0403153615,SMC,2025-10-23,LIR,75,,,,,,,,,,,,MED
2025-12-01 00:00:00,794180301557,32,DW,04,G,1B,322,LOPEZ CARMONA MARGARITA       ,1F,ACTIVO,623ADE ,1,F122,14LN,2025-12-01,2025-12-22,8471,196,,W0403153053,SMC,2025-10-22,LIR,76,2025-12-22 15:03:24,3227,L,R9642,623ADE ,196,Nor,  ,,,,MED
2025-12-01 00:00:00,794180500771,17,DW,04,G,40,001,MARTINEZ HERNANDEZ DALIA      ,1F,ACTIVO,K092YY ,1,F122,17LN,2025-11-01,2025-11-12,7354,206,,W0403164325,SMC,2025-11-12,LIR,55,,,,,,,,,,,,MED
2025-12-01 00:00:00,794181100199,21,DW,04,G,94,001,DE LA CRUZ M JHONI ALVINO     ,1F,ACTIVO,L963UA ,1,F122,18LN,2025-11-01,2025-11-14,746,0,,W0403165296,SMC,2025-11-14,LIR,53,2025-11-14 18:34:27,2151,R,R9484,L963UA ,0,Nor,31,SERVICIO SIN USO,,,MED
2025-12-01 00:00:00,794190600935,18,DW,04,G,50,001,MONTUY ALFREDO PAUL           ,1F,ACTIVO,31NV55 ,2,F621,07F3,2025-12-01,2025-06-11,10122,32,,W0403141020,SM2,2025-10-03,04G,95,2025-12-11 12:19:29,1826,L,R9484,31NV55 ,95673,Nor,  ,,FR,S,GSC
2025-12-01 00:00:00,794190600951,09,DW,04,G,04,001,SANDOVAL RODRIGUEZ IRVING ARTU,1F,ACTIVO,09C9H4 ,2,F621,08KG,2025-11-01,2025-11-06,6930,0,,W0403161185,SMC,2025-11-06,LIR,61,2025-11-06 12:34:58,0951,R,R9642,09C9H4 ,0,Nor,31,SERVICIO SIN USO,,,MED
2025-12-01 00:00:00,794190902443,17,DW,04,G,38,001,POTENCIANO MEDINA MISAEL      ,1F,ACTIVO,AWF526 ,1,F123,22NX,2025-01-01,2025-01-10,5511,299,,W0403164324,SMC,2025-11-12,LIR,55,,,,,,,,,,,,MED
2025-12-01 00:00:00,794190903997,22,DW,04,G,10,221,ALVAREZ DIAZ JOSUE            ,1F,BAJA SIN MED RET,1AAP95 ,2,F623,25NY,2025-06-01,2025-06-13,17621,681,,W0403148699,SMC,2025-10-15,LIR,83,,,,,,,,,,,,MED
2025-12-01 00:00:00,794191100081,12,DW,04,G,55,001,BAUTISTA TIRADO MARCO ANTONIO ,1F,ACTIVO,29T02D ,2,F62H,10KN,2025-12-01,2025-12-08,1,0,,W0403144215,SMG,2025-10-08,04G,90,2025-12-08 15:17:53,1227,L,R9642,29T02D ,0,Nor,31,SERVICIO SIN USO,,,MED
2025-12-01 00:00:00,794200100243,31,DW,04,G,12,311,BARRAGAN SAUCEDO JUAN         ,1F,ACTIVO,72M9J0 ,2,F62H,09KN,2025-11-01,2025-11-24,0,0,,W0403169349,SMC,2025-11-24,LIR,43,2025-11-24 15:08:42,3151,R,R9642,72M9J0 ,0,Nor,31,SERVICIO SIN USO,,,MED
2025-12-01 00:00:00,794200300170,27,DW,04,G,16,271,ARCOS MUNOZ PEDRO MIGUEL      ,1F,ACTIVO,BM966M ,1,F123,19NM,2025-11-01,2025-11-21,6080,348,,W0403167810,SMC,2025-11-20,LIR,47,,,,,,,,,,,,MED
2025-12-01 00:00:00,794220400545,21,DW,04,G,94,001,GARCIA MORALES JOSE LUIS      ,1F,ACTIVO,PHU483 ,2,F123,24NX,2025-11-01,2025-11-14,1844,687,,W0403166507,SMC,2025-11-18,LIR,49,,,,,,,,,,,,MED
2025-12-01 00:00:00,794220900106,14,DW,04,G,27,001,GARCIA GUERRERO YOLANDA       ,02,ACTIVO,CVR623 ,2,F623,22NU,2025-12-01,2025-12-09,3470,10,,W0403144456,SMG,2025-10-08,LIR,90,2025-12-09 11:16:49,1426,L,R9484,CVR623 ,99752,Opt,  ,,,,MED
2025-12-01 00:00:00,794230500173,24,DW,04,G,67,241,GARCIA REYES GABRIEL          ,1F,ACTIVO,UW014M ,2,F623,21NY,2025-12-01,2025-12-16,12036,1299,,W0403149436,SMC,2025-10-16,LIR,82,2025-12-16 17:44:17,2426,L,R9642,UW014M ,1299,Nor,  ,,FR,S,MED
2025-12-01 00:00:00,794230600275,23,DW,04,G,10,005,RODRIGUEZ BECERRA JUAN MANUEL ,1F,ACTIVO,WNP360 ,2,F623,24P2,2025-11-01,2025-09-12,7090,551,,W0403166454,SMC,2025-11-18,LIR,49,2025-11-14 08:33:11,2326,L,R9484,WNP360 ,0,Nor,53,UI SERV DIRECTO,53,S,MED
2025-12-01 00:00:00,794230700750,23,DW,04,G,10,005,LICONSA SA DE CV INT 1        ,02,ACTIVO,JBT431 ,2,F623,23NU,2025-11-01,2025-09-12,5568,763,,W0403166461,SMC,2025-11-18,LIR,49,2025-11-14 11:11:57,2326,L,R9484,JBT431 ,0,Nor,53,UI SERV DIRECTO,53,S,MED
2025-12-01 00:00:00,794240600672,03,DW,04,G,17,001,ZAMORA MAYO ABELARDO          ,1F,ACTIVO,RDL305 ,2,F623,24NY,2026-01-01,2025-12-30,9999,1255,,W0403158467,SMC,2025-10-30,LIR,68,,,,,,,,,,,,MED
2025-12-01 00:00:00,794240700189,69,DW,04,G,10,691,CFE TEIT                      ,02,ACTIVO,HLN628 ,2,F623,23NY,2025-12-01,2025-12-12,3701,0,,W0403159439,SMG,2025-11-03,MED,64,2025-12-12 10:46:39,6901,L,R8999,HLN628 ,0,Opt,31,SERVICIO SIN USO,,,MED
2025-12-01 00:00:00,794250100295,37,DW,04,G,3A,001,RAMIREZ LAYNES DANIEL         ,1F,ACTIVO,8DVW79 ,2,F623,25NY,2025-09-01,2025-09-25,1155,290,,W0403171124,SMC,2025-11-26,LIR,41,,,,,,,,,,,,MED
2025-12-01 00:00:00,794250100546,11,DW,04,G,11,001,EUAN IZQUIERDO JORGE ADRIAN   ,02,ACTIVO,6AAN95 ,2,F623,25NY,2025-11-01,2025-11-08,490,13,,W0403161871,SMG,2025-11-07,LIR,60,,,,,,,,,,,,MED
2025-12-01 00:00:00,794250500404,36,DW,04,G,76,366,TEIT CFE                      ,1F,ACTIVO,RBL384 ,2,F623,24NY,2025-12-01,2025-12-26,0,0,,W0403154348,SMC,2025-10-24,LIR,74,2025-12-26 11:31:36,3626,L,R9484,RBL384 ,99832,Opt,  ,,,,MED
2025-12-01 00:00:00,794250600433,03,DW,04,G,17,001,CAIXBA CRUZ NINEL ALEJANDRA   ,1F,ACTIVO,1AAU36 ,2,F623,25NY,2026-01-01,2025-12-30,100,87,,W0403158468,SMC,2025-10-30,LIR,68,,,,,,,,,,,,MED
2025-12-01 00:00:00,794250700195,34,DW,04,G,70,344,LOPEZ DOMINGUEZ LUCERO        ,1F,ACTIVO,PCX187 ,1,F123,24NX,2025-12-01,2025-12-23,1155,397,,W0403153611,SMC,2025-10-23,LIR,75,2025-12-23 14:48:06,3427,L,R9642,PCX187 ,397,Nor,  ,,,,MED
2025-12-01 00:00:00,794250700381,17,DW,04,G,36,001,GUZMAN REYES MARIA DEL CARMEN ,1F,ACTIVO,2AAE65 ,2,F623,25NY,2025-11-01,2025-11-12,300,300,,W0403164314,SMC,2025-11-12,LIR,55,,,,,,,,,,,,MED
2025-12-01 00:00:00,794820500144,13,DW,04,G,33,001,SANDOVAL ARCIGA LIEVANOS      ,1F,ACTIVO,EP399F ,1,F123,19NM,2025-11-01,2025-11-10,597,223,,W0403162632,SMG,2025-11-10,LIR,57,,,,,,,,,,,,MED
2025-12-01 00:00:00,790960300271,35,DW,04,C,44,331,REYES JUNCO CORDOVA           ,1F,ACTIVO,AWF607 ,1,F123,22NX,2025-11-01,2025-11-27,2115,115,,W0403170961,SMG,2025-11-26,LIR,41,,,,,,,,,,,,MED
2025-12-01 00:00:00,794850300018,14,DW,04,G,29,001,AMIGON PEREZ HONORIO          ,1F,ACTIVO,189UB6 ,1,F122,12LH,2025-12-01,2025-12-09,9617,464,,W0403164768,S05,2025-11-13,W4G,54,2025-12-09 12:55:43,1427,L,R9642,189UB6 ,464,Nor,  ,,LM,S,CCC
2025-12-01 00:00:00,794871200081,31,DW,04,G,47,313,ESC GRAL LAZARO CARD          ,02,ACTIVO,425VD0 ,2,F622,12LJ,2025-11-01,2025-11-24,39118,554,,W0403169353,SMG,2025-11-24,LIR,43,,,,,,,,,,,,MED
2025-12-01 00:00:00,794871200188,31,DW,04,G,47,313,MACIEL CHACON FRANCISCO       ,1F,ACTIVO,6Y040F ,1,F121,06JL,2025-11-01,2025-11-21,26144,89,,W0403169537,SMG,2025-11-24,04G,43,,,,,,,,,,,,MED
2025-12-01 00:00:00,791210401609,11,DW,04,D,66,113,MIS COLLI MIRIAM ACELEL       ,1F,ACTIVO,HD811U ,1,F123,20NT,2025-11-01,2025-11-06,8322,304,,W0403162273,SMG,2025-11-08,LIR,59,,,,,,,,,,,,MED
2025-12-01 00:00:00,794890300029,17,DW,04,G,37,001,CERVANTES RANGEL IGNACIO      ,1F,ACTIVO,4V177A ,1,F121,06JL,2025-11-01,2025-11-11,17818,8,,W0403164321,SMG,2025-11-12,LIR,55,2025-11-11 13:37:43,1727,L,R9642,4V177A ,99833,Nor,41,CRISTAL ROTO,41,S,MED
2025-12-01 00:00:00,794900900143,21,DW,04,G,32,001,ELIAS OCANA DE LA CRUZ        ,1F,ACTIVO,6V590N ,1,F121,06JL,2025-11-01,2025-11-14,22974,358,,W0403165294,SMC,2025-11-14,LIR,53,,,,,,,,,,,,MED
2025-12-01 00:00:00,794911000225,36,DW,04,G,48,363,FCO VELAZQUEZ ARCOS           ,1F,ACTIVO,8Y079M ,1,F121,06JL,2025-12-01,2025-12-26,5121,11,,W0403154345,SMG,2025-10-24,LIR,74,2025-12-26 09:17:29,3627,L,R9642,8Y079M ,99981,Nor,  ,,FR,S,MED
2025-12-01 00:00:00,794950900250,34,DW,04,G,28,341,ESC JARD N FCO I MADERO       ,02,ACTIVO,60FL97 ,2,F621,07JL,2025-12-01,2025-12-23,2738,197,,W0403148121,SMC,2025-10-14,W4F,84,2025-12-23 15:55:43,3451,R,R9484,60FL97 ,197,Nor,  ,,FR,S,MED
2025-12-01 00:00:00,794150500857,22,DW,04,G,10,221,ALVARO ESPINOSA JUDID         ,1F,BAJA,,2,,,2025-12-01,2025-12-15,3173,0,,W0403148698,SMC,2025-10-15,LIR,83,2025-12-15 15:56:34,2226,L,R9484,574X2H ,0,Nor,31,SERVICIO SIN USO,,,MED
2025-12-01 00:00:00,794971200029,03,DW,04,G,13,001,FLORES MARTIN RAFAEL          ,1F,ACTIVO,YU295D ,2,F623,21NU,2026-01-01,2025-12-30,7094,244,,W0403169493,SMS,2025-11-24,W4G,43,,,,,,,,,,,,GSC
2025-12-01 00:00:00,794971200169,34,DW,04,G,41,342,GOMEZ LOPEZ AURELIA           ,1F,ACTIVO,50AD16 ,1,F121,06JL,2025-12-01,2025-12-23,13000,55,,W0403158712,S05,2025-10-31,W4G,67,2025-12-23 10:41:49,3426,L,R9484,50AD16 ,55,Nor,  ,,,,CCC
2025-12-01 00:00:00,794980300397,11,DW,04,G,34,003,JOSE LOPEZ JIMENEZ            ,1F,ACTIVO,30DX99 ,1,F621,06F3,2003-11-01,2003-11-07,332,0,,W0403161875,SMG,2025-11-07,LIR,60,,,,,,,,,,,,MED
2025-12-01 00:00:00,794980500213,17,DW,04,G,37,001,LAZARO JIMENEZ CHAN           ,1F,ACTIVO,PBP368 ,1,F123,24NX,2025-09-01,2025-09-09,931,0,,W0403164322,SMC,2025-11-12,LIR,55,,,,,,,,,,,,MED
2025-12-01 00:00:00,794980500531,33,DW,04,G,10,331,MANDUJANO CHAVARRIA LUIS ALFON,1F,ACTIVO,AVU100 ,1,F123,22NX,2025-11-01,2025-11-25,127,0,,W0403170048,SMG,2025-11-25,LIR,42,2025-11-25 13:35:46,3351,R,R9642,AVU100 ,0,Nor,31,SERVICIO SIN USO,,,MED
2025-12-01 00:00:00,794981000222,15,DW,04,G,34,151,CRUZ HDEZ MA ELENA            ,1F,ACTIVO,69M97R ,1,F12H,10KU,2022-03-01,2022-03-08,24128,236,,W0403163651,SMC,2025-11-11,LIR,56,,,,,,,,,,,,MED
2025-12-01 00:00:00,794981200710,18,DW,04,G,50,001,JIMENEZ PEREZ MANUEL          ,1F,ACTIVO,5Y436F ,1,F121,06JL,2001-10-01,2001-10-16,5223,0,,W0403146178,SMC,2025-10-10,LIR,88,,,,,,,,,,,,MED
2025-12-01 00:00:00,794990100311,15,DW,04,G,34,151,NIETO GONZALEZ ELMER          ,1F,ACTIVO,T091NC ,1,F122,18LN,2025-11-01,2025-11-11,16753,772,,W0403163657,SMC,2025-11-11,LIR,56,,,,,,,,,,,,MED
2025-12-01 00:00:00,794990200242,30,DW,04,G,24,301,IGLE DIOS EVANG COMPLETO      ,02,BAJA SIN MED RET,71DH16 ,1,F121,06JL,2005-04-01,2005-04-18,1184,8,,W0403151317,SMC,2025-10-20,LIR,78,,,,,,,,,,,,MED
2025-12-01 00:00:00,794990900465,21,DW,04,G,32,001,ZACARIAS ZACARIAS MIGUELINA   ,1F,ACTIVO,XNH106 ,1,F123,24NX,2025-09-01,2025-09-11,13386,86,,W0403165293,SMG,2025-11-14,LIR,53,,,,,,,,,,,,MED
2025-12-01 00:00:00,794991000352,17,DW,04,G,36,001,TELESECUNDARIA 99             ,02,ACTIVO,1AAE73 ,2,F623,25NY,2025-11-01,2025-11-11,357,357,,W0403164310,SMC,2025-11-12,LIR,55,,,,,,,,,,,,MED
2025-12-01 00:00:00,795231200111,02,DW,05,A,01,205,LOPEZ VALLADAREZ GUADALUPE DEL,1F,ACTIVO,PHX402 ,1,F123,24NX,2025-02-01,2025-01-27,75,75,,W0502096779,SMW,2025-10-08,CDP,90,,,,,,,,,,,,GSC
2025-12-01 00:00:00,795250700612,07,DW,05,A,01,134,CARVALLO PALAGOT MAYRA        ,1F,ACTIVO,1AAK48 ,2,F623,25NY,2025-11-01,2025-11-04,0,0,,W0502110850,SMW,2025-11-11,W5A,56,2025-11-04 08:59:54,0703,M,G81DP,1AAK48 ,0,Opt,31,SERVICIO SIN USO,,,GSC
2025-12-01 00:00:00,796000158070,37,DW,06,A,11,112,ESTRELLA CANUL MANUEL         ,1D,ACTIVO,806V9G ,1,F122,14LN,2025-11-01,2025-11-27,11481,305,,W0602320219,SMG,2025-11-27,06A,40,,,,,,,,,,,,MED
2025-12-01 00:00:00,796000556148,09,DW,06,A,01,092,HERRERA CEBALLOS JUAN CARLOS  ,1D,CORTADO,5MM458 ,1,F121,98GG,2025-11-01,2025-11-05,40480,0,,W0602312542,SMC,2025-11-06,LIR,61,2025-11-05 12:26:11,0902,M,9P14T,5MM458 ,0,Nor,32,UI DERIVACION,32,S,MED
2025-12-01 00:00:00,796021103348,65,DW,06,A,38,381,MUNICIPIO DE OTHON P BLANCO   ,02,ACTIVO,08X37M ,1,F12H,11KU,2002-11-01,2002-11-20,2,0,,W0602312471,SMG,2025-11-06,06A,61,,,,,,,,,,,,MED
2025-12-01 00:00:00,796030304224,26,DW,06,A,37,263,CARDENAS PETUL FAUSTO         ,1C,ACTIVO,401WW5 ,2,F622,13LM,2025-12-01,2025-12-17,3203,0,,W0602305811,SMC,2025-10-20,LIR,78,2025-12-17 10:21:48,2628,L,G92BA,401WW5 ,0,Opt,31,SERVICIO SIN USO,,,MED
2025-12-01 00:00:00,796030603671,36,DW,06,A,02,022,OCANA MOLINA ROBERTO          ,02,BAJA SIN MED RET,7G26F3 ,1,F121,03GG,2025-12-01,2025-12-27,8297,0,,W0602308305,SMC,2025-10-26,LIR,72,2025-12-27 15:05:06,3651,R,9MCJT,7G26F3 ,0,Nor,52,COMUNICACION INTERRU,52,S,MED
2025-12-01 00:00:00,796040803369,71,DW,06,A,23,231,MUNICIPIO DE OTHON P BLANCO   ,02,ACTIVO,J116PP ,2,F622,17LM,2025-12-01,2025-12-16,240,144,,W0602316330,SMC,2025-11-18,LIR,49,2025-12-16 13:25:31,7101,L,9MCK8,J116PP ,0,Nor,53,UI SERV DIRECTO,53,S,MED
2025-12-01 00:00:00,796050603015,07,DW,06,A,14,141,MARTINEZ LOPEZ FELICIANO      ,1B,ACTIVO,KUM934 ,1,F123,23NX,2025-11-01,2025-09-02,1314,526,,W0602311985,SMC,2025-11-05,LIR,62,2025-11-04 10:52:57,0728,L,GAT5M,KUM934 ,0,Nor,53,UI SERV DIRECTO,53,S,MED
2025-12-01 00:00:00,794150601351,21,DW,04,G,94,002,SALOMON AGUILAR LUIS PATRICIO ,1F,ACTIVO,68L5W5 ,1,F12H,09KU,2015-05-01,2015-06-20,0,0,,W0403165299,SMC,2025-11-14,LIR,53,,,,,,,,,,,,MED
2025-12-01 00:00:00,796080206100,25,DW,06,A,01,254,BAEZA PEREZ MONICA PATRICIA   ,1D,ACTIVO,PHM692 ,1,F123,24NX,2025-05-01,2025-05-19,57878,665,,W0602320307,SMC,2025-11-27,CDJ,40,,,,,,,,,,,,MED
2025-12-01 00:00:00,796080700945,19,DW,06,A,47,471,PEREZ CRUZ SINFORA            ,1B,ACTIVO,8BCB83 ,2,F623,25P2,2025-11-01,2025-09-10,4608,41,,W0602315597,SMC,2025-11-14,LIR,53,2025-11-12 09:46:11,1927,L,9P134,99VP49 ,0,Nor,53,UI SERV DIRECTO,53,S,MED
2025-12-01 00:00:00,796080902718,06,DW,06,A,23,232,CANDELARIO MARTINEZ  FRANCISCO,1C,BAJA SIN MED RET,351TU1 ,1,F122,12LH,2025-12-01,2025-12-03,2291,0,,W0602299694,SMC,2025-10-03,LIR,95,2025-12-03 13:19:06,0626,L,G92BA,351TU1 ,0,Opt,31,SERVICIO SIN USO,,,MED
2025-12-01 00:00:00,796090203541,71,DW,06,A,36,361,MUNICIPIO DE OTHON P BLANCO   ,5A,ACTIVO,1U589K ,2,F421,06GH,2025-12-01,2025-12-16,70246,392,,W0602303993,SMC,2025-10-14,LIR,84,2025-12-16 11:28:53,7101,L,9MCK8,1U589K ,0,Nor,53,UI SERV DIRECTO,53,S,MED
2025-12-01 00:00:00,796090306129,07,DW,06,A,14,141,CRUZ GONZALEZ PASCUAL         ,1B,ACTIVO,62BP62 ,1,F121,06JL,2025-11-01,2025-11-04,16407,84,,W0602311415,SMC,2025-11-04,06A,63,,,,,,,,,,,,MED
2025-12-01 00:00:00,794150602412,21,DW,04,G,94,002,MUNIZ LAGUNES ABEL            ,1F,ACTIVO,567X8H ,2,F622,14LM,2025-11-01,2025-11-14,30943,1519,,W0403166508,SMC,2025-11-18,LIR,49,,,,,,,,,,,,MED
2025-12-01 00:00:00,796100103183,16,DW,06,A,01,162,CARRILLO LOPEZ EDGAR ARTURO   ,1D,ACTIVO,4TK572 ,2,F621,99F3,2025-12-01,2025-12-10,36237,386,,W0602305521,SMC,2025-10-17,MED,81,2025-12-10 14:05:47,1605,M,R9964,4TK572 ,386,Nor,  ,,,,MED
2025-12-01 00:00:00,794150700961,37,DW,04,G,2A,001,CRUZ LOPEZ SARA               ,1F,ACTIVO,86TJ88 ,1,F121,08JL,2025-11-01,2025-11-26,6216,53,,W0403171123,SMG,2025-11-26,LIR,41,,,,,,,,,,,,MED
2025-12-01 00:00:00,794150902181,15,DW,04,G,34,151,CANCHE PADILLA LILIA          ,1F,ACTIVO,272VD3 ,2,F622,12LJ,2025-11-01,2025-09-08,24671,0,,W0403164209,SM2,2025-11-12,SAV,55,2025-11-10 10:37:38,1526,L,R9642,272VD3 ,75329,Opt,  ,,,,GSC
2025-12-01 00:00:00,796120902473,37,DW,06,A,11,112,DZUL KINIL ISRAEL             ,1D,ACTIVO,V476LF ,1,F122,19LN,2025-11-01,2025-11-26,4329,109,,W0602320217,SMG,2025-11-27,06A,40,,,,,,,,,,,,MED
2025-12-01 00:00:00,796140104280,20,DW,06,A,01,205,MEDINA TOLOSA PABLO EFRAIN    ,1D,ACTIVO,403B6Y ,2,F622,13LM,2025-12-01,2025-12-12,35268,844,,W0602306488,SMC,2025-10-20,MED,78,2025-12-12 10:51:39,2004,M,9P14T,403B6Y ,844,Opt,  ,,,,MED
2025-12-01 00:00:00,794170800253,23,DW,04,G,10,005,HERNANDEZ GOMEZ DARWIN        ,1F,ACTIVO,WPA088 ,2,F623,24P2,2025-11-01,2025-09-12,6471,1566,,W0403166453,SMC,2025-11-18,LIR,49,2025-11-14 08:29:39,2326,L,R9484,WPA088 ,0,Nor,53,UI SERV DIRECTO,53,S,MED
2025-12-01 00:00:00,796150501201,29,DW,06,A,01,295,MAGANA CARDENAS EDUARDO ELIGIO,02,ACTIVO,344X6T ,2,F622,14LM,2025-11-01,2025-11-20,38856,896,,W0602311566,SMC,2025-11-04,MED,63,,,,,,,,,,,,MED
2025-12-01 00:00:00,796150503344,20,DW,06,A,01,205,PAT BACAB KARLA VERONICA      ,1D,ACTIVO,462X3T ,2,F622,14LM,2025-12-01,2025-12-12,37046,834,,W0602320703,SMC,2025-11-28,MED,39,2025-12-12 12:41:59,2004,M,9P14T,462X3T ,834,Opt,  ,,,,MED
2025-12-01 00:00:00,796151001059,20,DW,06,A,01,205,TEC FERRAL MARIO FERNANDO     ,1D,ACTIVO,237U5T ,1,F122,14LN,2025-12-01,2025-12-12,17432,286,,W0602318284,SMC,2025-11-23,MED,44,2025-12-12 15:18:18,2004,M,9P14T,237U5T ,286,Opt,  ,,,,MED
2025-12-01 00:00:00,796151001199,20,DW,06,A,01,205,KAUIL BARILLAS RUBIDIANA CAROL,1D,ACTIVO,023V5H ,1,F122,14LN,2025-12-01,2025-12-12,8872,152,,W0602319615,SMC,2025-11-26,MED,41,2025-12-12 09:56:52,2004,M,9P14T,023V5H ,152,Opt,  ,,,,MED
2025-12-01 00:00:00,796151001202,20,DW,06,A,01,205,HERNANDEZ COUHO ARTURO        ,1D,ACTIVO,023V3H ,1,F122,14LN,2025-12-01,2025-12-12,16293,290,,W0602319707,SMC,2025-11-26,MED,41,2025-12-12 09:56:13,2004,M,9P14T,023V3H ,290,Opt,  ,,,,MED
2025-12-01 00:00:00,796151001253,20,DW,06,A,01,205,AHUMADA NAVARRETE FRANCISCO   ,1D,ACTIVO,021V7H ,1,F122,14LN,2025-12-01,2025-12-12,20122,774,,W0602320737,SMC,2025-11-28,MED,39,2025-12-12 10:25:21,2004,M,9P14T,021V7H ,774,Opt,  ,,,,MED
2025-12-01 00:00:00,796151001300,20,DW,06,A,01,205,RIVERA AGUILAR DEYSI YOSELIN  ,1D,ACTIVO,023V4H ,1,F122,14LN,2025-12-01,2025-12-12,21176,552,,W0602320722,SMC,2025-11-28,MED,39,2025-12-12 15:17:08,2004,M,9P14T,023V4H ,552,Opt,  ,,,,MED
2025-12-01 00:00:00,796151001318,20,DW,06,A,01,205,TUZ DAMIAN HILARIO            ,1D,ACTIVO,031V7H ,1,F122,14LN,2025-12-01,2025-12-12,20468,373,,W0602320713,SMC,2025-11-28,MED,39,2025-12-12 15:06:12,2004,M,9P14T,031V7H ,373,Opt,  ,,,,MED
2025-12-01 00:00:00,796151001369,20,DW,06,A,01,205,CARDENAS PANIAGUA MANUEL DE JE,1D,ACTIVO,238U7T ,1,F122,14LN,2025-12-01,2025-12-12,21261,290,,W0602319632,SMC,2025-11-26,MED,41,2025-12-12 12:54:45,2004,M,9P14T,238U7T ,290,Opt,  ,,,,MED
2025-12-01 00:00:00,796151001407,20,DW,06,A,01,205,VALDEZ TENORIO CHRISTIAN JAVIE,1D,ACTIVO,DRX190 ,2,F623,22NU,2023-02-01,2023-02-10,13597,4,,W0602319706,SMC,2025-11-26,MED,41,,,,,,,,,,,,MED
2025-12-01 00:00:00,796151100430,20,DW,06,A,01,205,ESCALANTE CHI GABRIEL         ,1D,ACTIVO,078EGD ,1,F122,15LN,2025-12-01,2025-12-12,14179,407,,W0602319670,SMC,2025-11-26,MED,41,2025-12-12 15:18:49,2004,M,9P14T,078EGD ,407,Opt,  ,,,,MED
2025-12-01 00:00:00,796151100502,20,DW,06,A,01,205,RAMIREZ RAMOS VIRIDIANA       ,1D,ACTIVO,KKX969 ,2,F623,23NU,2025-12-01,2025-12-12,9184,942,,W0602320062,SMC,2025-11-27,MED,40,2025-12-12 15:06:55,2004,M,9P14T,KKX969 ,942,Opt,  ,,,,MED
2025-12-01 00:00:00,796151100545,20,DW,06,A,01,205,DIAS MORENO ELIAZAR           ,1D,SUJETO A CORTE,PHT848 ,1,F123,24NX,2025-12-01,2025-12-12,1216,97,,W0602320154,SMC,2025-11-27,MED,40,2025-12-12 15:13:08,2004,M,9P14T,PHT848 ,97,Opt,  ,,,,MED
2025-12-01 00:00:00,796151100588,20,DW,06,A,01,205,CASTELAR BARTOLO AIDA         ,1D,ACTIVO,042EGD ,1,F122,15LN,2025-12-01,2025-12-12,15533,0,,W0602320696,SMC,2025-11-28,MED,39,2025-12-12 15:04:29,2004,M,9P14T,042EGD ,0,Opt,31,SERVICIO SIN USO,,,MED
2025-12-01 00:00:00,796151100618,20,DW,06,A,01,205,CAN BAH ROBERTO               ,1D,ACTIVO,115EGD ,1,F122,15LN,2025-12-01,2025-12-12,22511,425,,W0602319711,SMC,2025-11-26,MED,41,2025-12-12 15:04:54,2004,M,9P14T,115EGD ,425,Opt,  ,,,,MED
2025-12-01 00:00:00,796151100626,20,DW,06,A,01,205,CANCHE CASTILLO MARIA ISELA   ,1D,ACTIVO,848DHF ,1,F122,15LN,2025-12-01,2025-12-12,13656,272,,W0602319697,SMC,2025-11-26,MED,41,2025-12-12 15:05:14,2004,M,9P14T,848DHF ,272,Opt,  ,,,,MED
2025-12-01 00:00:00,796151101134,20,DW,06,A,01,205,CRUZ ROSALES VICTOR           ,1D,ACTIVO,654EGB ,1,F122,15LN,2025-12-01,2025-12-12,10798,348,,W0602320708,SMC,2025-11-28,MED,39,2025-12-12 09:52:20,2004,M,9P14T,654EGB ,348,Opt,  ,,,,MED
2025-12-01 00:00:00,796151101142,20,DW,06,A,01,205,KU LOPEZ MARIA GUADALUPE      ,1D,ACTIVO,DJU810 ,2,F623,22NU,2025-12-01,2025-12-12,15398,626,,W0602320731,SMC,2025-11-28,MED,39,2025-12-12 09:30:19,2004,M,9P14T,DJU810 ,626,Opt,  ,,,,MED
2025-12-01 00:00:00,794171200292,17,DW,04,G,36,001,CALDERON AGUILAR MIRIAN       ,1F,ACTIVO,H438LG ,1,F122,17LN,2025-11-01,2025-11-12,16315,389,,W0403164311,SMC,2025-11-12,LIR,55,,,,,,,,,,,,MED
2025-12-01 00:00:00,794171200357,29,DW,04,G,30,001,MAYO DE LA CRUZ ELVIN FERMIN  ,1F,CORTADO,188RPV ,1,F122,16LN,2025-11-01,2025-11-21,10651,0,,W0403168733,SMC,2025-11-21,LIR,46,2025-11-21 18:54:36,2951,R,R9642,188RPV ,182,Nor,  ,,FR,S,MED
2025-12-01 00:00:00,794171201990,37,DW,04,G,4A,001,JIMENEZ HERNANDEZ EMILIO      ,1F,ACTIVO,H401LF ,1,F122,17LN,2025-11-01,2025-11-26,9233,0,,W0403171621,SMG,2025-11-27,04G,40,2025-11-26 10:28:09,3726,L,R9484,H401LF ,0,Opt,31,SERVICIO SIN USO,,,MED
2025-12-01 00:00:00,794830200017,11,DW,04,G,34,004,PEREZ OLIVERO                 ,1F,ACTIVO,660ADC ,1,F122,14LN,2025-11-01,2025-11-06,22119,190,,W0403155889,S05,2025-10-27,W4G,71,2025-11-06 14:23:13,1126,L,R9484,660ADC ,190,Opt,  ,,,,CCC
2025-12-01 00:00:00,794101100096,32,DW,04,G,21,323,ESC SEC JOVENES CON FUTURO    ,02,ACTIVO,0V406G ,1,F121,06JL,2025-12-01,2025-12-22,10119,59,,W0403153054,SMC,2025-10-22,LIR,76,2025-12-22 15:43:01,3251,R,R9484,0V406G ,59,Nor,  ,,,,MED
2025-12-01 00:00:00,794880800040,17,DW,04,G,36,001,GUZMAN CABRERA ALFONSO        ,1F,ACTIVO,XNJ586 ,1,F123,24NX,2025-11-01,2025-11-11,2807,126,,W0403164312,SMC,2025-11-12,LIR,55,,,,,,,,,,,,MED
2025-12-01 00:00:00,794130100135,23,DW,04,G,10,005,RODRIGUEZ MARTINEZ RAMIRO GIL ,1F,ACTIVO,388JHG ,2,F622,15LM,2012-11-01,2013-01-03,1,0,,W0403166460,SMC,2025-11-18,LIR,49,,,,,,,,,,,,MED
2025-12-01 00:00:00,794140600934,37,DW,04,G,99,001,SANCHEZ PEREZ NORMA           ,1F,ACTIVO,40KR45 ,1,F121,07JL,2025-11-01,2025-11-26,1995,45,,W0403171531,SMC,2025-11-27,LIR,40,,,,,,,,,,,,MED
2025-12-01 00:00:00,796071202011,19,DW,06,A,44,441,GARCIA GONZALEZ LORENZA       ,1B,ACTIVO,25KR43 ,1,F121,07JL,2025-11-01,2025-09-11,6431,290,,W0602315650,SMH,2025-11-14,06A,53,2025-11-12 12:20:59,1928,L,GAT5M,25KR43 ,0,Nor,53,UI SERV DIRECTO,53,S,MED
2025-12-01 00:00:00,796151103439,20,DW,06,A,01,205,RENDON VAZQUEZ IVAN ORLANDO   ,1D,ACTIVO,104DHH ,1,F122,15LN,2025-12-01,2025-12-12,22662,535,,W0602319725,SMC,2025-11-26,MED,41,2025-12-12 12:49:25,2004,M,9P14T,104DHH ,535,Opt,  ,,,,MED
2025-12-01 00:00:00,796151103455,20,DW,06,A,01,205,CANCHE HERNANDEZ MARLENY      ,1D,ACTIVO,049DHH ,1,F122,15LN,2025-12-01,2025-12-12,9772,211,,W0602320714,SMC,2025-11-28,MED,39,2025-12-12 12:49:04,2004,M,9P14T,049DHH ,211,Opt,  ,,,,MED
2025-12-01 00:00:00,796151103498,20,DW,06,A,01,205,GAMBOA COBOS OLGA             ,1D,ACTIVO,035DHH ,1,F122,15LN,2025-12-01,2025-12-12,27676,381,,W0602320726,SMC,2025-11-28,MED,39,2025-12-12 15:04:06,2004,M,9P14T,035DHH ,381,Opt,  ,,,,MED
2025-12-01 00:00:00,796151103501,20,DW,06,A,01,205,HERNANDEZ OJEDA GUSTAVO       ,1D,ACTIVO,159DHH ,1,F122,15LN,2025-12-01,2025-12-12,13277,447,,W0602319639,SMC,2025-11-26,MED,41,2025-12-12 10:09:46,2004,M,9P14T,159DHH ,447,Opt,  ,,,,MED
2025-12-01 00:00:00,796151103510,20,DW,06,A,01,205,MENA CAB OSCAR AJIB           ,1D,ACTIVO,699EGB ,1,F122,15LN,2025-12-01,2025-12-12,16858,303,,W0602320738,SMC,2025-11-28,MED,39,2025-12-12 10:17:40,2004,M,9P14T,699EGB ,303,Opt,  ,,,,MED
2025-12-01 00:00:00,796151103561,20,DW,06,A,01,205,MARTINEZ GONZALEZ PEDRO       ,1D,ACTIVO,742EGB ,1,F122,15LN,2025-12-01,2025-12-12,11744,494,,W0602320186,SMC,2025-11-27,MED,40,2025-12-12 10:16:53,2004,M,9P14T,742EGB ,494,Opt,  ,,,,MED
2025-12-01 00:00:00,796151103587,20,DW,06,A,01,205,NOVELO CAMPOS IVAN DE JESUS   ,1D,ACTIVO,650EGB ,1,F122,15LN,2025-12-01,2025-12-12,19637,243,,W0602319704,SMC,2025-11-26,MED,41,2025-12-12 12:55:05,2004,M,9P14T,650EGB ,243,Opt,  ,,,,MED
2025-12-01 00:00:00,796151103595,20,DW,06,A,01,205,BRICENO CAMARA YADIRA YABEL   ,1D,ACTIVO,043DHH ,1,F122,15LN,2025-12-01,2025-12-12,15727,260,,W0602319726,SMC,2025-11-26,MED,41,2025-12-12 12:49:55,2004,M,9P14T,043DHH ,260,Opt,  ,,,,MED
2025-12-01 00:00:00,796151104621,20,DW,06,A,01,205,ARANA ESCALANTE ARMANDO DE JES,1D,ACTIVO,120HGG ,1,F122,15LN,2025-12-01,2025-12-12,21306,422,,W0602319660,SMC,2025-11-26,MED,41,2025-12-12 15:07:46,2004,M,9P14T,120HGG ,422,Opt,  ,,,,MED
2025-12-01 00:00:00,796151104711,20,DW,06,A,01,205,GARCIA GARCIA RUBEN           ,1D,ACTIVO,045HGG ,1,F122,15LN,2025-12-01,2025-12-12,17117,211,,W0602320120,SMC,2025-11-27,MED,40,2025-12-12 10:26:06,2004,M,9P14T,045HGG ,211,Opt,  ,,,,MED
2025-12-01 00:00:00,796151105032,20,DW,06,A,01,205,MANUELS PEREZ MARIO           ,1D,ACTIVO,954ECA ,2,F622,15LM,2025-12-01,2025-12-12,25390,591,,W0602319675,SMC,2025-11-26,MED,41,2025-12-12 10:45:45,2004,M,9P14T,954ECA ,591,Opt,  ,,,,MED
2025-12-01 00:00:00,796151201091,20,DW,06,A,01,205,LENZ CABRERA ATILANO ANTONIO  ,1D,SUJETO A CORTE,HA157V ,1,F123,20NT,2025-12-01,2025-12-12,7056,185,,W0602320701,SMC,2025-11-28,MED,39,2025-12-12 10:13:25,2004,M,9P14T,HA157V ,185,Opt,  ,,,,MED
2025-12-01 00:00:00,796151201210,20,DW,06,A,01,205,RUIZ GUARDIAN ORLANDO         ,1D,ACTIVO,928EGE ,1,F122,15LN,2025-12-01,2025-12-12,7049,164,,W0602319757,SMC,2025-11-26,MED,41,2025-12-12 12:54:56,2004,M,9P14T,928EGE ,164,Opt,  ,,,,MED
2025-12-01 00:00:00,796151201228,20,DW,06,A,01,205,GARCIA ONTIVEROS LEONEL       ,1D,ACTIVO,929EGE ,1,F122,15LN,2025-12-01,2025-12-12,11463,132,,W0602319658,SMC,2025-11-26,MED,41,2025-12-12 12:51:05,2004,M,9P14T,929EGE ,132,Opt,  ,,,,MED
2025-12-01 00:00:00,796151201252,20,DW,06,A,01,205,DZUL UICAB PRESCILIANO        ,1D,ACTIVO,930EGE ,1,F122,15LN,2025-12-01,2025-12-12,12966,273,,W0602319750,SMC,2025-11-26,MED,41,2025-12-12 09:48:13,2004,M,9P14T,930EGE ,273,Opt,  ,,,,MED
2025-12-01 00:00:00,796151201261,20,DW,06,A,01,205,ZAMORA RANGEL ERNESTO JOEL    ,1D,ACTIVO,931EGE ,1,F122,15LN,2025-12-01,2025-12-12,24282,463,,W0602319751,SMC,2025-11-26,MED,41,2025-12-12 09:48:01,2004,M,9P14T,931EGE ,463,Opt,  ,,,,MED
2025-12-01 00:00:00,796151205193,20,DW,06,A,01,205,SANTIAGO HERNANDEZ MARIA CANDE,1D,ACTIVO,472KUB ,1,F122,15LN,2025-12-01,2025-12-12,20034,390,,W0602320727,SMC,2025-11-28,MED,39,2025-12-12 10:27:20,2004,M,9P14T,472KUB ,390,Opt,  ,,,,MED
2025-12-01 00:00:00,796151205291,20,DW,06,A,01,205,MARTINEZ GONZALEZ ANA CRISTINA,1D,ACTIVO,593KUB ,1,F122,15LN,2025-12-01,2025-12-12,29831,567,,W0602319752,SMC,2025-11-26,MED,41,2025-12-12 12:45:08,2004,M,9P14T,593KUB ,567,Opt,  ,,,,MED
2025-12-01 00:00:00,796151205983,10,DW,06,A,28,281,SANTIAGO CORDOBA JOSE EDUARDO ,1B,ACTIVO,986KUA ,1,F122,15LN,2025-12-01,2025-08-06,14238,317,,W0602300860,SMC,2025-10-07,LIR,91,2025-12-05 11:02:59,1026,L,9MCK0,986KUA ,0,Nor,53,UI SERV DIRECTO,53,S,MED
2025-12-01 00:00:00,796160100370,20,DW,06,A,01,205,CASTANEDA AGUILAR ANGELICA    ,1D,ACTIVO,710JEG ,2,F622,15LM,2025-12-01,2025-12-12,37043,556,,W0602319734,SMC,2025-11-26,MED,41,2025-12-12 12:45:31,2004,M,9P14T,710JEG ,556,Opt,  ,,,,MED
2025-12-01 00:00:00,796160100523,20,DW,06,A,01,205,MUNOZ YAH ANAIN VIRGINIA      ,1D,ACTIVO,A282KD ,2,F622,16LM,2025-12-01,2025-12-12,13807,594,,W0602320698,SMC,2025-11-28,MED,39,2025-12-12 10:07:19,2004,M,9P14T,A282KD ,594,Opt,  ,,,,MED
2025-12-01 00:00:00,796160201974,06,DW,06,A,23,231,MURETE 27                     ,1C,ACTIVO,TT291P ,1,F123,21NX,2016-02-01,2016-02-10,0,0,,W0602320493,SMG,2025-11-28,06A,39,,,,,,,,,,,,MED
2025-12-01 00:00:00,796160202709,20,DW,06,A,01,205,LOPEZ TORRES AIDA MARIA       ,1D,ACTIVO,391JKP ,2,F622,15LM,2025-12-01,2025-12-12,10175,179,,W0602320143,SMC,2025-11-27,MED,40,2025-12-12 08:14:25,2004,M,9P14T,391JKP ,179,Opt,  ,,,,MED
2025-12-01 00:00:00,796160203241,15,DW,06,A,36,361,RUIZ VAZQUEZ ANA MARIA        ,1C,ACTIVO,RDB028 ,2,F623,24NY,2017-11-01,2050-01-01,0,0,,W0602314439,SMC,2025-11-11,LIR,56,,,,,,,,,,,,MED
2025-12-01 00:00:00,796160203268,15,DW,06,A,36,361,BALBOA MORALES VIRIDIANA      ,1C,ACTIVO,576KUB ,1,F122,15LN,2017-11-01,2050-01-01,0,0,,W0602314442,SMC,2025-11-11,LIR,56,,,,,,,,,,,,MED
2025-12-01 00:00:00,796160203560,20,DW,06,A,01,205,CAN  MEX SENAIDA CONCEPCION   ,1D,ACTIVO,632HRR ,1,F122,15LN,2025-12-01,2025-12-12,5443,115,,W0602319772,SMC,2025-11-26,MED,41,2025-12-12 15:05:03,2004,M,9P14T,632HRR ,115,Opt,  ,,,,MED
2025-12-01 00:00:00,796160203781,20,DW,06,A,01,205,CANUL DZUL JOSE GUADALUPE     ,1D,ACTIVO,674HRR ,1,F122,15LN,2025-12-01,2025-12-12,8049,142,,W0602320716,SMC,2025-11-28,MED,39,2025-12-12 09:48:26,2004,M,9P14T,674HRR ,142,Opt,  ,,,,MED
2025-12-01 00:00:00,796160203951,20,DW,06,A,01,205,GUILLEN CALDERON GUADALUPE DEL,1D,ACTIVO,646HRR ,1,F122,15LN,2025-12-01,2025-12-12,10494,0,,W0602320740,SMC,2025-11-28,MED,39,2025-12-12 14:57:09,2004,M,9P14T,646HRR ,0,Opt,31,SERVICIO SIN USO,,,MED
2025-12-01 00:00:00,796160204094,20,DW,06,A,01,205,BAH AVILA BLADIMIR ALEJAN     ,1D,ACTIVO,575EGH ,1,F122,15LN,2025-12-01,2025-12-12,17126,217,,W0602320699,SMC,2025-11-28,MED,39,2025-12-12 15:08:32,2004,M,9P14T,575EGH ,217,Opt,  ,,,,MED
2025-12-01 00:00:00,796160600127,71,DW,06,A,23,231,MUNICIPIO DE OTHON P BLANCO   ,5A,ACTIVO,YU900C ,2,F623,21NU,2025-12-01,2025-12-16,16918,601,,W0602316329,SMC,2025-11-18,LIR,49,2025-12-16 13:40:04,7101,L,9MCK8,YU900C ,601,Nor,  ,,LM,S,MED
2025-12-01 00:00:00,796160700717,20,DW,06,A,01,205,ROJAS SERRALTA LAURA VERONICA ,1D,ACTIVO,370JCJ ,1,F122,15LN,2025-12-01,2025-12-12,25295,510,,W0602320710,SMC,2025-11-28,MED,39,2025-12-12 14:56:45,2004,M,9P14T,370JCJ ,510,Opt,  ,,,,MED
2025-12-01 00:00:00,796160900431,16,DW,06,A,01,162,SANCHEZ POOT MIRIAM SUEMY     ,1D,ACTIVO,370JCA ,1,F122,15LN,2025-12-01,2025-12-10,12162,165,,W0602310274,SMC,2025-10-30,MED,68,2025-12-10 14:17:43,1605,M,R9964,370JCA ,165,Opt,40,SIN SELLO,,,MED
2025-12-01 00:00:00,796100102527,37,DW,06,A,11,112,LEDESMA CANO MARIBEL          ,02,ACTIVO,9R671M ,2,F621,06F3,2025-11-01,2025-11-27,14732,1,,W0602320222,SMG,2025-11-27,06A,40,,,,,,,,,,,,MED
2025-12-01 00:00:00,796110103572,37,DW,06,A,50,502,GONZALEZ MONTALVO EMILIO      ,1C,ACTIVO,PCF471 ,1,F123,24NX,2025-11-01,2025-11-27,5375,131,,W0602320231,SM2,2025-11-27,06A,40,,,,,,,,,,,,GSC
2025-12-01 00:00:00,796120300295,20,DW,06,A,01,201,RIVERA GONZALEZ YERALDIN DE LA,1D,ACTIVO,T962WK ,2,F622,18LM,2025-12-01,2025-12-12,28308,1802,,W0602320197,SMC,2025-11-27,06A,40,2025-12-12 16:12:11,2002,M,GAX9M,T962WK ,1802,Opt,  ,,,,MED
2025-12-01 00:00:00,796140402191,20,DW,06,A,01,205,ENRIQUEZ RODRIGUEZ NORMA      ,1D,ACTIVO,045L2M ,2,F622,13LM,2025-12-01,2025-12-12,24189,376,,W0602320707,SMC,2025-11-28,MED,39,2025-12-12 08:14:45,2004,M,9P14T,045L2M ,376,Opt,  ,,,,MED
2025-12-01 00:00:00,796151101932,20,DW,06,A,01,205,FERRAL DE LA CRUZ SANDRA VALEN,1D,ACTIVO,FJR473 ,1,F123,22NX,2023-10-01,2023-10-12,9305,235,,W0602319652,SMC,2025-11-26,MED,41,,,,,,,,,,,,MED
2025-12-01 00:00:00,794970400482,11,DW,04,G,34,003,LUIS FELIX ANTONIO            ,1F,ACTIVO,LF732X ,1,F123,20NT,2023-09-01,2023-09-06,9098,110,,W0403161872,SMC,2025-11-07,LIR,60,,,,,,,,,,,,MED
2025-12-01 00:00:00,796151103196,20,DW,06,A,01,205,ESCAMILLA MORALES SAMUEL ERNES,1D,ACTIVO,042DHH ,1,F122,15LN,2025-12-01,2025-12-12,8861,149,,W0602319667,SMC,2025-11-26,MED,41,2025-12-12 15:17:29,2004,M,9P14T,042DHH ,149,Opt,  ,,,,MED
2025-12-01 00:00:00,796151103226,20,DW,06,A,01,205,CAMARA VALDES MIXI ARIANE     ,1D,ACTIVO,145DHH ,1,F122,15LN,2025-12-01,2025-12-12,21876,661,,W0602320180,SMC,2025-11-27,MED,40,2025-12-12 15:09:50,2004,M,9P14T,145DHH ,661,Opt,  ,,,,MED
2025-12-01 00:00:00,796151103293,20,DW,06,A,01,205,GOMEZ REYES MARIA ILSE        ,1D,ACTIVO,117DHH ,1,F122,15LN,2025-12-01,2025-12-12,20111,282,,W0602320704,SMC,2025-11-28,MED,39,2025-12-12 10:11:04,2004,M,9P14T,117DHH ,282,Opt,  ,,,,MED
2025-12-01 00:00:00,796151103331,20,DW,06,A,01,205,XOOL CAB JOSE DAVID           ,1D,ACTIVO,096DHH ,1,F122,15LN,2025-12-01,2025-12-12,11553,553,,W0602320697,SMC,2025-11-28,MED,39,2025-12-12 12:56:35,2004,M,9P14T,096DHH ,553,Opt,  ,,,,MED
2025-12-01 00:00:00,796151103366,20,DW,06,A,01,205,ALCUDIA RIOS JULIO ISIDRO     ,1D,ACTIVO,048DHH ,1,F122,15LN,2025-12-01,2025-12-12,8261,62,,W0602320196,SMC,2025-11-27,MED,40,2025-12-12 12:55:56,2004,M,9P14T,048DHH ,62,Opt,  ,,,,MED
2025-12-01 00:00:00,796151103374,20,DW,06,A,01,205,HERNANDEZ MONTALVO DEYSI FABIO,1D,ACTIVO,051DHH ,1,F122,15LN,2025-12-01,2025-12-12,4836,98,,W0602319659,SMC,2025-11-26,MED,41,2025-12-12 12:55:41,2004,M,9P14T,051DHH ,98,Opt,  ,,,,MED
2025-12-01 00:00:00,796151103382,20,DW,06,A,01,205,SOLIS CASANOVA RENAN ISRAEL   ,1D,ACTIVO,118KUC ,1,F122,15LN,2025-12-01,2025-12-12,12273,308,,W0602319622,SMC,2025-11-26,MED,41,2025-12-12 12:55:21,2004,M,9P14T,118KUC ,308,Opt,  ,,,,MED
2025-12-01 00:00:00,796151103412,20,DW,06,A,01,205,DZIB PAT LUIS BERNARDO        ,1D,ACTIVO,651EGB ,1,F122,15LN,2025-12-01,2025-12-12,6427,32,,W0602319716,SMC,2025-11-26,MED,41,2025-12-12 12:49:44,2004,M,9P14T,651EGB ,32,Opt,  ,,,,MED
2025-12-01 00:00:00,796161000310,20,DW,06,A,01,205,DOMINGUEZ MARTIN YANELY GUADAL,1D,ACTIVO,721JCJ ,1,F122,15LN,2025-12-01,2025-12-12,9966,320,,W0602320081,SMC,2025-11-27,MED,40,2025-12-12 15:04:18,2004,M,9P14T,721JCJ ,320,Opt,  ,,,,MED
2025-12-01 00:00:00,796161201617,23,DW,06,A,01,234,GONZALEZ CAMPBELL GEORGE      ,1D,ACTIVO,2BCM13 ,2,F623,25P2,2025-11-01,2025-11-14,174,174,,W0602320808,SMC,2025-11-29,MED,38,,,,,,,,,,,,MED
2025-12-01 00:00:00,796161201927,20,DW,06,A,01,205,CRUZ ORTIZ MARTIN             ,1D,ACTIVO,JBP213 ,2,F623,23NU,2023-10-01,2023-10-12,1903,0,,W0602320734,SMC,2025-11-28,MED,39,,,,,,,,,,,,MED
2025-12-01 00:00:00,796170203142,20,DW,06,A,01,205,CANUL KUYOC NORBERTO ALFONSO  ,1D,ACTIVO,LGD730 ,1,F123,23NX,2025-12-01,2025-12-12,6296,534,,W0602320191,SMC,2025-11-27,MED,40,2025-12-12 14:54:17,2004,M,9P14T,LGD730 ,534,Opt,  ,,,,MED
2025-12-01 00:00:00,796170502638,26,DW,06,A,37,264,GARCIA PEREZ ELVIA            ,1C,ACTIVO,RDA974 ,2,F623,24NY,2025-12-01,2025-12-17,7756,970,,W0602310985,SMC,2025-11-03,W6A,64,2025-12-17 17:40:40,2627,L,GAX9M,RDA974 ,970,Opt,  ,,,,MED
2025-12-01 00:00:00,796170702033,12,DW,06,A,01,122,CIAU CARDENAS ABAD ABRAHAM    ,02,BAJA,,1,,,2018-06-01,2018-06-13,1,1,,W0602310994,SMC,2025-11-03,CDB,64,,,,,,,,,,,,MED
2025-12-01 00:00:00,796170800469,07,DW,06,A,33,331,JIMENEZ BARAHONA MISAEL       ,1C,BAJA,,1,,,2025-12-01,2025-12-19,14647,99524,,W0602311970,SMC,2025-11-05,06A,62,,,,,,,,,,,,MED
2025-12-01 00:00:00,796171001756,20,DW,06,A,01,205,GUTIERREZ XICUM MERLY         ,1D,ACTIVO,J531DR ,2,F622,17LM,2025-12-01,2025-12-12,13925,681,,W0602320114,SMC,2025-11-27,MED,40,2025-12-12 14:56:12,2004,M,9P14T,J531DR ,681,Opt,  ,,,,MED
2025-12-01 00:00:00,796171101068,20,DW,06,A,01,205,ROSALDO REYES URBANO          ,1D,ACTIVO,F470CL ,1,F122,17LN,2025-12-01,2025-12-12,9939,340,,W0602320741,SMC,2025-11-28,MED,39,2025-12-12 10:06:51,2004,M,9P14T,F470CL ,340,Opt,  ,,,,MED
2025-12-01 00:00:00,796171101971,20,DW,06,A,01,205,MARIN GARRIDO CARLOS GABRIEL  ,1D,ACTIVO,J086DU ,2,F622,17LM,2025-12-01,2025-12-12,11431,539,,W0602320134,SMC,2025-11-27,MED,40,2025-12-12 12:45:50,2004,M,9P14T,J086DU ,539,Opt,  ,,,,MED
2025-12-01 00:00:00,796180201491,15,DW,06,A,36,362,MARTINEZ MENDEZ EDEL          ,1C,ACTIVO,06L7X4 ,1,F12H,09KU,2025-11-01,2025-09-08,12868,212,,W0602314443,SMC,2025-11-11,LIR,56,2025-11-10 10:24:20,1529,L,R9907,06L7X4 ,0,Nor,53,UI SERV DIRECTO,53,S,MED
2025-12-01 00:00:00,796180300103,15,DW,06,A,36,361,ESTRELLA DIAZ FILEMON         ,1C,ACTIVO,445RBP ,1,F122,16LN,2025-11-01,2025-09-08,2096,3,,W0602314438,SMC,2025-11-11,LIR,56,2025-11-10 11:00:47,1528,L,R9723,445RBP ,0,Nor,53,UI SERV DIRECTO,53,S,MED
2025-12-01 00:00:00,796180404090,20,DW,06,A,01,205,GOMEZ GONZALEZ LUISA FABIOLA  ,1D,SUJETO A CORTE,618RBP ,1,F122,16LN,2025-12-01,2025-12-12,15801,461,,W0602320156,SMC,2025-11-27,MED,40,2025-12-12 10:29:12,2004,M,9P14T,618RBP ,461,Opt,  ,,,,MED
2025-12-01 00:00:00,796180500234,20,DW,06,A,01,205,BALLOTE KAMBRONY JORGE ANTONIO,1D,ACTIVO,J993PF ,2,F622,17LM,2025-12-01,2025-12-12,9638,256,,W0602320718,SMC,2025-11-28,MED,39,2025-12-12 08:14:38,2004,M,9P14T,J993PF ,256,Opt,  ,,,,MED
2025-12-01 00:00:00,796180501087,20,DW,06,A,01,205,LOPEZ MORENO SANDRA DEL CARMEN,1D,ACTIVO,J698PU ,2,F622,17LM,2025-12-01,2025-12-12,13761,379,,W0602320129,SMC,2025-11-27,MED,40,2025-12-12 08:24:25,2004,M,9P14T,J698PU ,379,Opt,  ,,,,MED
2025-12-01 00:00:00,796180600816,20,DW,06,A,01,205,RODRIGUEZ CONTRERAS MANUEL JES,1D,ACTIVO,H661LL ,1,F122,17LN,2025-12-01,2025-12-12,7674,174,,W0602320188,SMC,2025-11-27,MED,40,2025-12-12 15:06:47,2004,M,9P14T,H661LL ,174,Opt,  ,,,,MED
2025-12-01 00:00:00,796180600832,20,DW,06,A,01,205,AMBROS GUTIERREZ EVANGELINA   ,1D,ACTIVO,H663LL ,1,F122,17LN,2025-12-01,2025-12-12,13882,182,,W0602320195,SMC,2025-11-27,MED,40,2025-12-12 15:07:24,2004,M,9P14T,H663LL ,182,Opt,  ,,,,MED
2025-12-01 00:00:00,796180700438,20,DW,06,A,01,205,AGUILERA RODRIGUEZ YESENIA    ,1D,ACTIVO,N722JJ ,2,F622,18LM,2025-12-01,2025-12-12,3651,4,,W0602320088,SMC,2025-11-27,MED,40,2025-12-12 12:40:31,2004,M,9P14T,N722JJ ,4,Opt,31,SERVICIO SIN USO,,,MED
2025-12-01 00:00:00,796190100161,20,DW,06,A,01,206,MAY ALFARO JOSUE DANIEL       ,1D,ACTIVO,L060UA ,1,F122,18LN,2025-12-01,2025-12-12,15047,400,,W0602304629,SMC,2025-10-15,LIR,83,2025-12-12 08:28:42,2006,M,R9907,L060UA ,400,Opt,  ,,,,MED
2025-12-01 00:00:00,796190400602,27,DW,06,A,08,081,BAEZA CANUL ELVIRA DEL CARMEN ,1B,ACTIVO,03X10K ,1,F12H,11KU,2025-11-01,2025-09-18,10832,325,,W0602317705,SMC,2025-11-21,LIR,46,2025-11-19 08:53:54,2726,L,9MCK0,03X10K ,0,Nor,53,UI SERV DIRECTO,53,S,MED
2025-12-01 00:00:00,796190500798,33,DW,06,A,01,333,CHABLE PUC JORGE ABRAHAM      ,1D,ACTIVO,U206VC ,1,F122,18LN,2025-11-01,2025-11-25,11348,656,,W0602320027,SMC,2025-11-27,CDF,40,,,,,,,,,,,,MED
2025-12-01 00:00:00,796190502502,07,DW,06,A,38,381,GOMEZ DOMINGUEZ MARISELA      ,1B,ACTIVO,L950TY ,1,F122,18LN,2025-11-01,2025-11-04,12314,0,,W0602311991,SMC,2025-11-05,LIR,62,2025-11-04 12:20:54,0729,L,R9964,L950TY ,0,Opt,32,UI DERIVACION,32,S,MED
2025-12-01 00:00:00,796190603082,20,DW,06,A,01,205,DURAN TEC ANTONIO MANUEL      ,1D,ACTIVO,L431UE ,1,F122,18LN,2025-12-01,2025-12-12,1486,193,,W0602320162,SMC,2025-11-27,MED,40,2025-12-12 09:57:03,2004,M,9P14T,L431UE ,193,Opt,  ,,,,MED
2025-12-01 00:00:00,796200600681,36,DW,06,A,02,021,MUNICIPIO DE OTHON P  BLANCO  ,02,ACTIVO,X750TM ,2,F623,19NU,2025-12-01,2025-12-29,6793,263,,W0602308304,SMC,2025-10-26,LIR,72,2025-12-29 06:36:45,3651,R,9MCJT,X750TM ,263,Nor,  ,,FR,S,MED
2025-12-01 00:00:00,796200901150,20,DW,06,A,01,205,BARRIOS JACOBO DANIEL         ,1D,ACTIVO,MB681M ,2,F623,20NU,2025-12-01,2025-12-12,19121,747,,W0602320119,SMC,2025-11-27,MED,40,2025-12-12 12:45:43,2004,M,9P14T,MB681M ,747,Opt,  ,,,,MED
2025-12-01 00:00:00,796201000865,20,DW,06,A,01,205,TUT NOH WILMA ARACELI         ,1D,ACTIVO,HA658U ,1,F123,20NT,2025-12-01,2025-12-12,7904,328,,W0602320132,SMC,2025-11-27,MED,40,2025-12-12 15:05:23,2004,M,9P14T,HA658U ,328,Opt,  ,,,,MED
2025-12-01 00:00:00,796210302831,20,DW,06,A,01,205,CETINA PALMA MARIA CANDELARIA ,1D,ACTIVO,NT410R ,2,F623,20NU,2025-12-01,2025-12-12,5102,329,,W0602320147,SMC,2025-11-27,MED,40,2025-12-12 08:13:34,2004,M,9P14T,NT410R ,329,Opt,  ,,,,MED
2025-12-01 00:00:00,796210704875,11,DW,06,A,23,231,BECERRIL NUNEZ KARLA MICHELL  ,1B,ACTIVO,HG887Y ,1,F123,20NT,2025-11-01,2025-09-04,1723,42,,W0602313021,SMC,2025-11-07,LIR,60,2025-11-06 11:45:20,1127,L,G92BA,HG887Y ,0,Nor,53,UI SERV DIRECTO,53,S,MED
2025-12-01 00:00:00,796211200188,20,DW,06,A,01,206,KUC UICAB ROBERTO IVAN        ,1D,ACTIVO,421EGH ,1,F122,15LN,2025-12-01,2025-06-12,2828,0,,W0602304628,SMC,2025-10-15,LIR,83,2025-12-12 09:41:53,2006,M,R9907,421EGH ,0,Nor,53,UI SERV DIRECTO,53,S,MED
2025-12-01 00:00:00,796220200085,20,DW,06,A,01,205,OVANDO HERNANDEZ ERICK DE     ,1D,ACTIVO,010HGG ,1,F122,15LN,2025-12-01,2025-12-12,9986,178,,W0602320170,SMC,2025-11-27,MED,40,2025-12-12 15:17:18,2004,M,9P14T,010HGG ,178,Opt,  ,,,,MED
2025-12-01 00:00:00,796220402494,38,DW,06,A,32,321,MUNICIPIO DE OTHON P BLANCO   ,02,ACTIVO,YU612B ,2,F623,21NU,2025-12-01,2025-04-24,13284,562,,W0602308310,SMC,2025-10-26,LIR,72,2025-12-26 08:10:14,3826,L,R9718,YU612B ,0,Nor,53,UI SERV DIRECTO,53,S,MED
2025-12-01 00:00:00,796220402532,11,DW,06,A,22,225,MPIO DE OTHON P BLANCO        ,02,ACTIVO,DV049Y ,2,F623,19NU,2025-11-01,2025-09-05,12824,602,,W0602313017,SMC,2025-11-07,LIR,60,2025-11-06 12:18:21,1128,L,9P134,DV049Y ,0,Nor,53,UI SERV DIRECTO,53,S,MED
2025-12-01 00:00:00,796220601845,26,DW,06,A,37,264,CHAVEZ POOT IMELDA FATIMA     ,1C,CORTADO,WRB402 ,2,F623,24P2,2023-08-01,2023-08-17,1945,1945,,W0602305814,SMC,2025-10-20,LIR,78,,,,,,,,,,,,MED
2025-12-01 00:00:00,796220602621,20,DW,06,A,01,205,REYNA MEDINA MARIA GABRIELA   ,1D,ACTIVO,YC199W ,2,F623,21NU,2025-12-01,2025-12-12,2436,224,,W0602320178,SMC,2025-11-27,MED,40,2025-12-12 08:16:59,2004,M,9P14T,YC199W ,224,Opt,  ,,,,MED
2025-12-01 00:00:00,796220801526,07,DW,06,A,15,151,MUNICIPIO OTHON P BLANCO      ,02,ACTIVO,YJ920J ,2,F623,21NU,2025-07-01,2025-07-04,8810,0,,W0602311989,SMC,2025-11-05,LIR,62,,,,,,,,,,,,MED
2025-12-01 00:00:00,796230701309,07,DW,06,A,38,381,MUNICIPIO DE OTHON P  BLANCO  ,02,ACTIVO,UL089R ,2,F623,21NY,2025-11-01,2025-09-02,13356,854,,W0602311990,SMC,2025-11-05,LIR,62,2025-11-04 12:29:02,0729,L,R9964,UL089R ,0,Nor,53,UI SERV DIRECTO,53,S,MED
2025-12-01 00:00:00,796230900824,07,DW,06,A,14,141,CARRILLO CARRILLO EUSEBIO     ,1B,ACTIVO,GGT882 ,1,F123,23NX,2025-11-01,2025-09-02,82,1,,W0602311986,SMC,2025-11-05,LIR,62,2025-11-04 13:08:21,0728,L,GAT5M,GGT882 ,0,Nor,53,UI SERV DIRECTO,53,S,MED
2025-12-01 00:00:00,796231001033,07,DW,06,A,33,331,BELLO PINEDA YURIDIA          ,1C,SUJETO A CORTE,DXN139 ,1,F123,22NX,2025-11-01,2025-11-04,2051,131,,W0602311369,SMG,2025-11-04,06A,63,,,,,,,,,,,,MED
2025-12-01 00:00:00,796231101160,07,DW,06,A,14,142,MORALES MORALES GABRIELA      ,1B,ACTIVO,KUP140 ,1,F123,23NX,2025-11-01,2025-09-02,7804,0,,W0602311988,SMC,2025-11-05,LIR,62,2025-11-04 12:44:37,0727,L,G92BA,KUP140 ,0,Nor,53,UI SERV DIRECTO,53,S,MED
2025-12-01 00:00:00,796231200206,01,DW,06,A,01,014,RAMIREZ SAGRERO VIRGINIA      ,1D,ACTIVO,2AUX02 ,2,F623,25P2,2026-01-01,2025-12-29,47013,1219,,W0602320811,SMC,2025-11-29,MED,38,,,,,,,,,,,,MED
2025-12-01 00:00:00,796231210953,10,DW,06,A,28,281,MENDEZ ALEJO CANDELARIA       ,1B,ACTIVO,GGV059 ,1,F123,23NX,2025-12-01,2025-12-05,2039,183,,W0602300861,SMC,2025-10-07,LIR,91,2025-12-05 11:30:23,1026,L,9MCK0,GGV059 ,183,Opt,  ,,,,MED
2025-12-01 00:00:00,796240402504,15,DW,06,A,36,361,BARAJAS GOMEZ JORGE LUIS      ,1B,ACTIVO,RBM869 ,2,F623,24NY,2025-11-01,2025-11-10,681,0,,W0602314440,SMC,2025-11-11,LIR,56,2025-11-10 11:40:59,1528,L,R9723,RBM869 ,0,Opt,32,UI DERIVACION,32,S,MED
2025-12-01 00:00:00,796250601360,23,DW,06,A,01,234,RODRIGUEZ MENESES ANDRES      ,1D,ACTIVO,6AAC35 ,2,F623,25NY,2025-11-01,2025-07-16,0,0,,W0602316856,SMH,2025-11-19,06A,48,2025-11-14 07:03:21,2302,M,GAT5M,6AAC35 ,0,Nor,59,DISPLAY APAGADO,59,S,MED
2025-12-01 00:00:00,796780900074,07,DW,06,A,14,141,JULIAN CARRILLO AVILA         ,1B,ACTIVO,T6874E ,1,W111,78C0,2025-11-01,2025-09-02,6550,0,,W0602311984,SMC,2025-11-05,LIR,62,2025-11-04 09:12:42,0728,L,GAT5M,T6874E ,0,Nor,53,UI SERV DIRECTO,53,S,MED
2025-12-01 00:00:00,796790700383,38,DW,06,A,30,301,CAMACHO ARTURO                ,1C,ACTIVO,T2840T ,1,W111,78C0,2025-12-01,2025-10-24,9110,131,,W0602312487,SM2,2025-11-06,W6A,61,2025-12-26 10:30:52,3827,L,R9723,T2840T ,0,Nor,53,UI SERV DIRECTO,53,S,GSC
2025-12-01 00:00:00,796810900155,10,DW,06,A,29,292,JULIO CORTEZ                  ,1B,ACTIVO,4595UA ,1,C111,698V,2025-12-01,2025-08-06,3484,538,,W0602300862,SMC,2025-10-07,LIR,91,2025-12-05 10:39:45,1028,L,GAX9M,4595UA ,0,Nor,53,UI SERV DIRECTO,53,S,MED
2025-12-01 00:00:00,796820200780,38,DW,06,A,30,301,MORALES CASTELLANOS MARIA     ,1C,ACTIVO,8ANG05 ,1,F123,25NX,1999-06-01,1999-06-27,7000,0,,W0602308309,SMC,2025-10-26,LIR,72,,,,,,,,,,,,MED
2025-12-01 00:00:00,796890402398,23,DW,06,A,01,232,JORGE SOBERANIS TAX           ,1D,ACTIVO,GGP103 ,2,F623,23NX,2024-01-01,2024-01-16,20424,0,,W0602316845,SMH,2025-11-19,06A,48,,,,,,,,,,,,MED
2025-12-01 00:00:00,796910800107,01,DW,06,A,01,013,NEGRETE GARCIA RAUL           ,1D,ACTIVO,DXL136 ,1,F123,22NX,2023-07-01,2023-06-30,16733,76,,W0602309861,SMC,2025-10-29,06A,69,,,,,,,,,,,,MED
2025-12-01 00:00:00,796911100907,23,DW,06,A,01,232,CHETUMAL AUTOMOTORES SA DE CV ,02,ACTIVO,310DW8 ,3,FD2H,11KV,2025-11-01,2024-09-12,65703,9138,,W0602316851,SMH,2025-11-19,06A,48,2025-11-14 09:44:28,2301,M,9ND4X,310DW8 ,0,Nor,59,DISPLAY APAGADO,59,S,MED
2025-12-01 00:00:00,796941001130,16,DW,06,A,01,164,JESUS A GUSMAN RANGEL         ,1D,ACTIVO,2AUX13 ,2,F623,25P2,2025-12-01,2025-12-10,37,37,,W0602320814,SMC,2025-11-29,MED,38,2025-12-10 07:47:17,1601,M,GAX9M,2AUX13 ,37,Opt,  ,,,,MED
2025-12-01 00:00:00,796950502079,15,DW,06,A,36,361,CONSTANTINO MIRANDA JORGE     ,1C,ACTIVO,694U4P ,1,F122,14LN,2025-11-01,2025-11-10,12105,283,,W0602309309,SMC,2025-10-28,06A,70,2025-11-10 09:50:09,1528,L,R9723,694U4P ,283,Opt,  ,,,,MED
2025-12-01 00:00:00,796951100713,13,DW,06,A,01,131,LEYVA GARCIA GUILLERMO        ,1D,ACTIVO,W654TB ,1,F122,19LN,2000-05-01,2000-07-07,0,0,,W0602305683,SMC,2025-10-19,CDK,79,,,,,,,,,,,,MED
2025-12-01 00:00:00,796960202341,06,DW,06,A,23,232,GONZALEZ VALENCIA MA VICTORIA ,1C,ACTIVO,204JKM ,2,F622,15LM,2014-04-01,2014-05-15,1,0,,W0602308975,SMC,2025-10-27,CDC,71,,,,,,,,,,,,MED
2025-12-01 00:00:00,796960901753,10,DW,06,A,29,292,DE ANDA DE ANDA J ASENCION    ,1B,ACTIVO,LNJ767 ,1,F123,23NX,2025-12-01,2025-12-05,2940,132,,W0602318514,SM2,2025-11-24,CDB,43,2025-12-05 14:05:58,1028,L,GAX9M,LNJ767 ,0,Nor,5X,RUTA INCOMPLETA,,,GSC
2025-12-01 00:00:00,796990905168,30,DW,06,A,01,302,CONTRERAS SALAZAR PEDRO       ,1D,ACTIVO,238RM7 ,1,F122,12LH,2025-12-01,2025-12-19,27892,496,,W0602315536,SMS,2025-11-14,W61,53,2025-12-19 09:52:13,3002,M,GAX9M,238RM7 ,496,Opt,  ,,,,GSC
2025-12-01 00:00:00,797011056089,09,DW,06,B,47,471,MUNICIPIO FELIPE CARRILLO PTO ,02,ACTIVO,783TU9 ,1,F122,12LH,2025-11-01,2025-09-03,1108,0,,W0602312613,SMG,2025-11-06,LIR,61,2025-11-05 08:33:54,0927,L,R9174,783TU9 ,0,Nor,64,P. INFRARROJO/MED. D,64,S,MED
2025-12-01 00:00:00,797030101176,22,DW,06,B,33,333,TRUJILLO SANTANA VALENTIN     ,1B,ACTIVO,6P1W48 ,1,F121,01GG,2025-12-01,2025-12-15,27718,391,,W0602304897,SMG,2025-10-15,LIR,83,2025-12-15 08:08:24,2226,L,9EMEK,6P1W48 ,391,Nor,  ,,,,MED
2025-12-01 00:00:00,797050400609,36,DW,06,B,01,341,CARO CHABLE SANTOS            ,1B,ACTIVO,LNC164 ,1,F123,23NX,2025-02-01,2025-02-21,14660,0,,W0602300386,S05,2025-10-06,W6B,92,,,,,,,,,,,,CCC
2025-12-01 00:00:00,797091100997,25,DW,06,B,46,001,CATZIN TAMAY MARTINO          ,1D,ACTIVO,9Y273F ,1,F121,06JL,2025-11-01,2025-11-18,21495,89,,W0602316830,SM2,2025-11-19,06A,48,2025-11-18 06:13:19,2528,L,R9223,9Y273F ,99989,Nor,  ,,FR,S,GSC
2025-12-01 00:00:00,797091101578,25,DW,06,B,45,001,MAY TUYUB JUANITA             ,1D,ACTIVO,LMV808 ,1,F123,23NX,2010-03-01,2050-01-01,0,0,,W0602316818,SMC,2025-11-19,LIR,48,,,,,,,,,,,,MED
2025-12-01 00:00:00,797100401105,09,DW,06,B,47,471,AKE UC SAMUEL                 ,1B,ACTIVO,195JCA ,1,F122,15LN,2010-07-01,2010-08-12,0,0,,W0602312612,SMG,2025-11-06,LIR,61,,,,,,,,,,,,MED
2025-12-01 00:00:00,797101100770,14,DW,06,B,13,131,TAMAY MAY NATIVIDAD           ,1D,ACTIVO,KUV111 ,1,F123,23NX,2025-12-01,2025-12-09,1808,254,,W0602317734,S05,2025-11-21,W6B,46,2025-12-09 07:15:03,1426,L,R9174,KUV111 ,254,Opt,  ,,,,CCC
2025-12-01 00:00:00,797111000081,09,DW,06,B,47,471,MIS TEC ALFREDO               ,1B,ACTIVO,58L98L ,1,F12H,10KU,2025-11-01,2025-11-05,3815,17,,W0602312615,SMG,2025-11-06,LIR,61,2025-11-05 11:38:30,0927,L,R9174,58L98L ,0,Nor,64,P. INFRARROJO/MED. D,64,S,MED
2025-12-01 00:00:00,797150501046,37,DW,06,B,01,372,RUIZ   KARLA NOEMI            ,1B,ACTIVO,006ADE ,1,F122,14LN,2025-11-01,2025-11-26,13578,0,,W0602320359,SMC,2025-11-27,LIR,40,2025-11-26 06:38:43,3701,M,9EMEK,006ADE ,0,Opt,32,UI DERIVACION,32,S,MED
2025-12-01 00:00:00,797160801277,17,DW,06,B,03,032,UC PAT NELBA GRISELDA         ,1D,ACTIVO,8BCB61 ,2,F623,25P2,2025-11-01,2025-11-11,158,158,,W0602317983,SMC,2025-11-22,06A,45,,,,,,,,,,,,MED
2025-12-01 00:00:00,797181000738,15,DW,06,B,01,151,CRUZ QUINTAL MARIA            ,1B,ACTIVO,3DVU53 ,2,F623,25NY,2025-11-01,2025-11-10,21994,0,,W0602314244,SMC,2025-11-11,LIR,56,2025-11-10 08:31:26,1501,M,9EMEK,3DVU53 ,0,Opt,32,UI DERIVACION,32,S,MED
2025-12-01 00:00:00,797221000574,25,DW,06,B,54,541,MUNICIPIO FELIPE CARRILLO PTO ,02,ACTIVO,YC701W ,2,F623,21NU,2025-11-01,2025-11-18,1897,572,,W0602316823,SMC,2025-11-19,LIR,48,2025-11-18 08:24:49,2526,L,9EMEK,YC701W ,0,Nor,53,UI SERV DIRECTO,53,S,MED
2025-12-01 00:00:00,797230100115,25,DW,06,B,46,002,CAAMAL KAU ADRIANA            ,1D,ACTIVO,AUB947 ,1,F123,22NX,2025-11-01,2025-11-18,4319,0,,W0602316821,SMC,2025-11-19,LIR,48,2025-11-18 07:46:51,2528,L,R9223,AUB947 ,0,Opt,32,UI DERIVACION,32,S,MED
2025-12-01 00:00:00,797230200772,05,DW,06,B,21,211,MUNICIPIO FELIPE CARRILLO PTO ,02,ACTIVO,DJP217 ,2,F623,22NU,2026-01-01,2026-01-02,16190,0,,W0602311463,SMC,2025-11-04,LIR,63,,,,,,,,,,,,MED
2025-12-01 00:00:00,797240100725,25,DW,06,B,46,002,ANGULO KU JUSTINA SOFIA       ,1D,ACTIVO,LGB661 ,1,F123,23NX,2025-11-01,2025-11-18,800,0,,W0602316820,SMC,2025-11-19,LIR,48,2025-11-18 07:51:29,2528,L,R9223,LGB661 ,0,Opt,32,UI DERIVACION,32,S,MED
2025-12-01 00:00:00,797240100814,25,DW,06,B,46,001,PECH FLOTA WILFRIDO           ,1D,ACTIVO,LGB685 ,1,F123,23NX,2025-11-01,2025-11-18,1820,0,,W0602316819,SMC,2025-11-19,LIR,48,2025-11-18 06:52:29,2528,L,R9223,LGB685 ,0,Opt,32,UI DERIVACION,32,S,MED
2025-12-01 00:00:00,797240400176,25,DW,06,B,46,002,CHABLE CHI MARIA DEL CARMEN   ,1D,CORTADO,GHJ584 ,1,F123,23NX,2025-11-01,2025-11-18,2406,0,,W0602316822,SMC,2025-11-19,LIR,48,2025-11-18 08:50:56,2528,L,R9223,GHJ584 ,0,Opt,32,UI DERIVACION,32,S,MED
2025-12-01 00:00:00,797250501434,25,DW,06,B,46,002,CEN TUN FREDI MANUEL          ,1D,ACTIVO,PJR673 ,1,F123,24NX,2025-11-01,2025-11-18,0,0,,W0602315433,SMG,2025-11-13,06A,54,2025-11-18 09:07:52,2528,L,R9223,PJR673 ,0,Opt,31,SERVICIO SIN USO,,,MED
2025-12-01 00:00:00,797851000220,09,DW,06,B,09,091,23DCC0047W LEONA VICARIO      ,02,ACTIVO,NR961P ,2,F623,20NU,2025-11-01,2025-09-03,13512,145,,W0602312603,SMG,2025-11-06,LIR,61,2025-11-05 08:37:43,0926,L,9EMEK,NR961P ,0,Nor,64,P. INFRARROJO/MED. D,64,S,MED
2025-12-01 00:00:00,797870400611,09,DW,06,B,47,471,ITZA AKE VICTORIANO           ,1B,ACTIVO,YL3775 ,1,F121,86EG,2025-11-01,2025-11-05,728,68,,W0602312614,SMG,2025-11-06,LIR,61,2025-11-05 08:29:09,0927,L,R9174,YL3775 ,0,Nor,61,MANECILLAS DESCA,61,S,MED
2025-12-01 00:00:00,797921200116,21,DW,06,B,07,071,TEODORO PECH COCOM            ,1D,ACTIVO,95H2H6 ,1,F12H,09KU,2025-11-01,2025-11-13,3485,10,,W0602315618,SMC,2025-11-14,LIR,53,,,,,,,,,,,,MED
2025-12-01 00:00:00,797990300441,05,DW,06,B,23,231,TZUC AKE RUPERTO              ,1B,ACTIVO,5GY044 ,1,F121,98GG,2026-01-01,2026-01-02,7111,188,,W0602311464,SMG,2025-11-04,LIR,63,,,,,,,,,,,,MED
2025-12-01 00:00:00,798230800539,22,DW,06,C,41,411,POOT KAUIL ISIDRO             ,1B,ACTIVO,AWT079 ,1,F123,22NX,2025-12-01,2025-12-15,1244,182,,W0602320047,S05,2025-11-27,W6C,40,2025-12-15 11:30:12,2226,L,9EMKF,AWT079 ,182,Opt,  ,,,,CCC
2025-12-01 00:00:00,799050800634,26,DW,06,D,15,150,GIL SANCHEZ JUAN              ,1B,ACTIVO,3P853D ,1,F121,06JL,2025-12-01,2025-12-17,17600,333,,W0602306387,SMG,2025-10-20,LIR,78,2025-12-17 09:00:47,2627,L,GAT5M,3P853D ,333,Nor,  ,,,,MED
2025-12-01 00:00:00,799081200902,39,DW,06,D,50,501,ARCE HERNANDEZ ISAIAS         ,1B,BAJA,,1,,,2025-12-01,2025-12-02,22,8,,W0602320592,SMG,2025-11-28,LIR,39,,,,,,,,,,,,MED
2025-12-01 00:00:00,799090101216,17,DW,06,D,48,481,FLORES MUNOZ EVERARDO         ,02,ACTIVO,75D6H0 ,2,F421,08KF,2025-11-01,2025-11-11,19509,187,,W0602314744,SM2,2025-11-12,06A,55,2025-11-11 15:09:05,1727,M,R9723,75D6H0 ,99900,Nor,  ,,FR,S,GSC
2025-12-01 00:00:00,799090300286,39,DW,06,D,50,501,AGUILAR DE LA CRUZ PACIANO    ,1B,ACTIVO,NT079M ,2,F623,20NU,2021-05-01,2021-05-27,5168,15,,W0602320550,SMG,2025-11-28,06A,39,,,,,,,,,,,,MED
2025-12-01 00:00:00,799100900414,26,DW,06,D,15,150,MIRANDA RAMOS DAMIANA         ,1B,ACTIVO,1M3P01 ,2,F421,01GH,2025-12-01,2025-12-17,5605,0,,W0602306386,SMG,2025-10-20,LIR,78,2025-12-17 08:37:50,2627,L,GAT5M,1M3P01 ,0,Nor,31,SERVICIO SIN USO,,,MED
2025-12-01 00:00:00,799101000514,35,DW,06,D,13,130,PALACIOS SANCHEZ MELITON      ,1B,ACTIVO,10H1J0 ,1,F12H,09KU,2025-11-01,2025-09-25,10773,5,,W0602319331,SMC,2025-11-25,LIR,42,2025-11-25 12:33:38,3526,L,9JR7J,10H1J0 ,0,Nor,66,DERIV ANTES MED,66,S,MED
2025-12-01 00:00:00,799110100327,37,DW,06,D,30,301,PEDRO FRANCISCO FRANCISCO V   ,1C,ACTIVO,FJR875 ,1,F123,22NX,2023-09-01,2023-09-25,11563,8,,W0602319586,SMC,2025-11-26,LIR,41,,,,,,,,,,,,MED
2025-12-01 00:00:00,799110300563,35,DW,06,D,10,100,VEGA CHAVEZ ICONOR            ,1B,ACTIVO,404EGH ,1,F122,15LN,2025-11-01,2025-11-25,1098,142,,W0602319480,SM2,2025-11-26,06A,41,2025-11-25 10:59:52,3527,L,R9723,404EGH ,99806,Nor,  ,,FR,S,GSC
2025-12-01 00:00:00,799110301349,39,DW,06,D,29,291,CARRAZCO CONDE ANA            ,1B,ACTIVO,44G7F6 ,1,F12H,09KU,2025-11-01,2025-11-28,8457,61,,W0602320545,SMG,2025-11-28,06A,39,,,,,,,,,,,,MED
2025-12-01 00:00:00,799111200244,39,DW,06,D,43,431,BELLO SANCHES IRENE           ,1B,ACTIVO,02X83K ,1,F12H,11KU,2025-11-01,2025-11-27,11124,399,,W0602320552,SMG,2025-11-28,06A,39,,,,,,,,,,,,MED
2025-12-01 00:00:00,799120701302,27,DW,06,D,34,340,MORA HERNANDEZ JOSE GILBERTO  ,1B,ACTIVO,099KUB ,1,F122,15LN,2025-11-01,2025-11-19,13192,340,,W0602317415,SMC,2025-11-20,LIR,47,2025-11-20 12:29:59,2727,L,R9723,099KUB ,0,Nor,53,UI SERV DIRECTO,53,S,MED
2025-12-01 00:00:00,799140300291,17,DW,06,D,48,481,COBOS CASTILLEJOS EVIA PATRICI,1D,ACTIVO,39X2A6 ,2,F62H,09KN,2025-11-01,2025-07-11,45098,646,,W0602314742,SMG,2025-11-12,LIR,55,2025-11-11 13:12:55,1727,M,R9723,39X2A6 ,0,Nor,60,MEDID NO TRABAJA,60,S,MED
2025-12-01 00:00:00,799140500036,27,DW,06,D,34,340,MUNICIPIO DE BACALAR          ,5A,ACTIVO,J100GB ,2,F622,17LM,2020-05-01,2020-05-07,43536,99821,,W0602317411,SMH,2025-11-20,LIR,47,,,,,,,,,,,,MED
2025-12-01 00:00:00,799140500036,27,DW,06,D,34,340,MUNICIPIO DE BACALAR          ,5A,ACTIVO,J100GB ,2,F622,17LM,2020-05-01,2020-05-07,43536,99821,,W0602314720,SMG,2025-11-12,06A,55,,,,,,,,,,,,MED
2025-12-01 00:00:00,799160300408,12,DW,06,D,01,121,MUNICIPIO DE BACALAR          ,5A,ACTIVO,A016KE ,2,F622,16LM,2025-12-01,2025-12-08,9807,72,,W0602319980,SMC,2025-11-27,MED,40,2025-12-08 08:45:08,1201,M,9JR7J,A016KE ,0,Nor,59,DISPLAY APAGADO,59,S,MED
2025-12-01 00:00:00,799160500997,33,DW,06,D,31,310,CASA EJIDAL KUCHUMATAN        ,02,ACTIVO,011HRM ,1,F122,15LN,2025-11-01,2025-09-23,5632,69,,W0602319334,SMC,2025-11-25,LIR,42,2025-11-24 09:41:37,3326,L,9JR7J,011HRM ,0,Nor,66,DERIV ANTES MED,66,S,MED
2025-12-01 00:00:00,799160700112,34,DW,06,D,45,450,CAPORALI HERNANDEZ GUADALUPE  ,1B,ACTIVO,687JCL ,1,F122,15LN,2025-12-01,2025-10-24,11516,7,,W0602308100,SMC,2025-10-24,LIR,74,2025-12-23 09:56:09,3426,L,9JR7J,687JCL ,0,Nor,66,DERIV ANTES MED,66,S,MED
2025-12-01 00:00:00,799170500324,83,DW,06,D,01,920,MIRANDA NINO SILVIA EUGENIA   ,77,ACTIVO,PJ035F ,3,KL28,20KE,,,,,,W0602301487,SMC,2025-10-08,MED,90,,,,,,,,,,,,MED
2025-12-01 00:00:00,799180800831,27,DW,06,D,37,370,POOT CASTILLO RICARDO         ,1B,ACTIVO,WRB565 ,2,F623,24P2,2025-01-01,2025-01-17,1654,36,,W0602317418,SMC,2025-11-20,LIR,47,2025-01-17 16:56:04,2726,L,GAT5M,WRB565 ,1654,Nor,  ,,FR,S,MED
2025-12-01 00:00:00,799190700273,27,DW,06,D,34,340,MUNICIPIO DE BACALAR          ,02,ACTIVO,T503XV ,2,F622,18LM,2025-11-01,2025-09-18,23830,802,,W0602317416,SMC,2025-11-20,LIR,47,2025-11-20 10:49:49,2727,L,R9723,T503XV ,0,Nor,53,UI SERV DIRECTO,53,S,MED
2025-12-01 00:00:00,799190801258,35,DW,06,D,58,581,REIMER PENNER MARIA           ,1B,ACTIVO,X608TH ,2,F623,19NU,2025-11-01,2025-05-26,44833,714,,W0602319325,SMG,2025-11-25,06A,42,2025-11-25 08:54:34,3527,L,R9723,X608TH ,0,Nor,59,DISPLAY APAGADO,59,S,MED
2025-12-01 00:00:00,799191000101,39,DW,06,D,16,161,CAMARA PINA VICTOR ELIEZER    ,1B,ACTIVO,HG915Y ,1,F123,20NT,2025-11-01,2025-11-28,939,0,,W0602320544,SMG,2025-11-28,06A,39,2025-11-28 11:29:02,3951,R,9JR7J,HG915Y ,0,Nor,31,SERVICIO SIN USO,,,MED
2025-12-01 00:00:00,799191000119,39,DW,06,D,16,161,CANUL Y TAH CECILIO           ,1B,ACTIVO,V917LD ,1,F122,19LN,2025-11-01,2025-11-27,57,0,,W0602320542,SMG,2025-11-28,06A,39,2025-11-28 11:29:48,3951,R,9JR7J,V917LD ,0,Nor,31,SERVICIO SIN USO,,,MED
2025-12-01 00:00:00,799200200886,27,DW,06,D,27,270,MOO CIAU VERONICA DEL ROSARIO ,1B,ACTIVO,T042NG ,1,F122,18LN,2025-11-01,2025-11-20,4592,0,,W0602317407,SMG,2025-11-20,LIR,47,2025-11-20 16:54:49,2751,R,R9723,T042NG ,0,Nor,31,SERVICIO SIN USO,,,MED
2025-12-01 00:00:00,799200200886,27,DW,06,D,27,270,MOO CIAU VERONICA DEL ROSARIO ,1B,ACTIVO,T042NG ,1,F122,18LN,2025-11-01,2025-11-20,4592,0,,W0602314759,SM2,2025-11-12,06A,55,2025-11-20 16:54:49,2751,R,R9723,T042NG ,0,Nor,31,SERVICIO SIN USO,,,GSC
2025-12-01 00:00:00,799210601455,39,DW,06,D,50,501,DOMINGUEZ DOMINGUEZ LUCIA     ,1B,ACTIVO,DRT148 ,2,F623,22NU,2025-11-01,2025-11-28,6348,318,,W0602320591,SMC,2025-11-28,LIR,39,,,,,,,,,,,,MED
2025-12-01 00:00:00,799240300883,39,DW,06,D,42,421,VEALZQUEZ REODRIGUEZ JOSE EDUA,1B,ACTIVO,LMX950 ,1,F123,23NX,2025-11-01,2025-09-27,818,156,,W0602320588,SMC,2025-11-28,LIR,39,2025-11-27 13:24:41,3926,L,9JR7J,LMX950 ,0,Nor,53,UI SERV DIRECTO,53,S,MED
2025-12-01 00:00:00,799241200556,40,DW,06,D,04,041,MENDEZ DOMINGUEZ LENDY        ,1B,ACTIVO,KUP708 ,1,F123,23NX,2025-12-01,2025-08-27,1093,284,,W0602309416,SMG,2025-10-28,LIR,70,2025-12-29 13:05:25,4026,L,9JR7J,KUP708 ,0,Nor,60,MEDID NO TRABAJA,60,S,MED
2025-12-01 00:00:00,799250100696,27,DW,06,D,05,050,TUZ    AGRIPINO               ,1B,CORTADO,DXM236 ,1,F123,22NX,2025-11-01,2025-09-18,3,0,,W0602317404,SMC,2025-11-20,LIR,47,2025-11-20 10:47:52,2726,L,9JR7J,DXM236 ,0,Nor,66,DERIV ANTES MED,66,S,MED
2025-12-01 00:00:00,799250401572,17,DW,06,D,48,481,WITTERT SHAUL                 ,1D,ACTIVO,RFW797 ,2,F623,24NY,2025-11-01,2025-11-11,715,524,,W0602317374,SMS,2025-11-20,CDK,47,,,,,,,,,,,,GSC
2025-12-01 00:00:00,799250500970,40,DW,06,D,04,041,CALVO RIVERA JAVIER           ,1B,ACTIVO,0AAJ31 ,2,F623,25NY,2025-12-01,2025-08-27,278,139,,W0602309418,SMG,2025-10-28,LIR,70,2025-12-29 13:58:46,4026,L,9JR7J,0AAJ31 ,0,Nor,60,MEDID NO TRABAJA,60,S,MED
2025-12-01 00:00:00,799250600494,39,DW,06,D,16,161,MONTALVO HERNANDEZ MARIA DEL C,1B,ACTIVO,XMT686 ,1,F123,24NX,2025-11-01,2025-11-27,0,0,,W0602320543,SMG,2025-11-28,06A,39,2025-11-28 11:29:20,3951,R,9JR7J,XMT686 ,0,Nor,31,SERVICIO SIN USO,,,MED
2025-12-01 00:00:00,799780100158,21,DW,06,D,02,022,CABALLERO HDEZ JULIO CESAR    ,1B,ACTIVO,863TU3 ,1,F122,12LH,2025-11-01,2025-11-13,5100,0,,W0602315190,SMG,2025-11-13,06A,54,2025-11-13 08:03:38,2127,L,R9723,863TU3 ,0,Opt,31,SERVICIO SIN USO,,,MED
2025-12-01 00:00:00,799821200171,39,DW,06,D,11,111,CHE FIDENCIO                  ,1B,BAJA,,1,,,2023-11-01,2023-11-28,820,0,,W0602320584,SMC,2025-11-28,LIR,39,,,,,,,,,,,,MED
2025-12-01 00:00:00,799930800048,27,DW,06,D,06,060,LEONCIO WITZIL HAU            ,1B,ACTIVO,GGR207 ,1,F123,23NX,2024-01-01,2024-01-18,20499,28,,W0602317405,SMG,2025-11-20,LIR,47,,,,,,,,,,,,MED
2025-12-01 00:00:00,799950700031,37,DW,06,D,30,301,SESA JUR SANIT   1            ,02,ACTIVO,JCA228 ,2,F623,23NU,2023-11-01,2023-11-24,26466,2260,,W0602319584,SMC,2025-11-26,LIR,41,,,,,,,,,,,,MED
2025-12-01 00:00:00,799960100164,39,DW,06,D,16,161,PINA PECH JOSE LUIS           ,1B,ACTIVO,RM2271 ,1,F121,84EG,2025-11-01,2025-11-28,6897,339,,W0602320585,SMG,2025-11-28,LIR,39,,,,,,,,,,,,MED
2025-12-01 00:00:00,799960900942,33,DW,06,D,31,310,LAZARO MEJIA MEJIA            ,1C,ACTIVO,2WN608 ,1,F121,99GG,1999-03-01,1999-03-04,1912,0,,W0602319335,SMG,2025-11-25,LIR,42,,,,,,,,,,,,MED
2025-12-01 00:00:00,799970600211,37,DW,06,D,30,302,LUCIANO GOMEZ PABLO           ,1C,ACTIVO,L707T8 ,1,F121,96F5,2025-11-01,2025-09-25,26631,0,,W0602319587,SMG,2025-11-26,LIR,41,2025-11-26 11:12:53,3727,L,R9723,L707T8 ,0,Nor,60,MEDID NO TRABAJA,60,S,MED
2025-12-01 00:00:00,800010100051,04,DW,07,A,05,041,ALCALA DAVILA CECILIA BEATRIZ ,1B,ACTIVO,170RBH ,1,F122,16LN,2017-08-01,2017-07-01,11076,57,,W0701743554,S05,2025-10-13,W7A,85,,,,,,,,,,,,CCC
2025-12-01 00:00:00,800010601696,40,DW,07,A,05,321,MORA TEC FERNANDO             ,1B,ACTIVO,1E4M55 ,1,F121,01GG,2025-12-01,2025-12-29,17200,155,,W0701752661,S05,2025-11-20,W7A,47,2025-12-29 20:40:00,4002,M,GAVNM,1E4M55 ,155,Nor,  ,,,,CCC
2025-12-01 00:00:00,800011001269,25,DW,07,A,02,023,POOL CANUL LUIS FERNANDO      ,1B,ACTIVO,X793CC ,1,F123,19NM,2025-11-01,2025-11-18,10667,388,,W0701752447,S05,2025-11-19,W7A,48,,,,,,,,,,,,CCC
2025-12-01 00:00:00,800020700862,11,DW,07,A,17,001,31DPR0640L ESC PRI MELCHOR OCA,02,ACTIVO,0AUU78 ,2,F623,25P2,2025-11-01,2025-11-06,419,419,,W0701741771,S05,2025-10-06,07A,92,2025-11-06 10:54:41,1128,L,9MCGY,0AUU78 ,419,Opt,  ,,,,CCC
2025-12-01 00:00:00,800041000780,18,DW,07,A,05,181,VIVAS COSGAYA MANUEL JESUS    ,1B,ACTIVO,121MBM ,2,F622,16LM,2025-12-01,2025-12-11,17523,287,,W0701745335,S05,2025-10-21,W7A,77,2025-12-11 11:55:52,1803,L,9MCAW,121MBM ,287,Opt,  ,,,,CCC
2025-12-01 00:00:00,800241100029,28,DW,07,A,06,062,JIMENEZ HERNANDEZ ANTONIA GPE ,1B,ACTIVO,RDR115 ,2,F623,24NY,2025-12-01,2025-12-18,100,0,,W0701750900,SMC,2025-11-10,LIR,57,,,,,,,,,,,,MED
2025-12-01 00:00:00,800950400231,39,DW,07,A,05,001,KUMUL UCAN ANTONIO            ,1B,ACTIVO,901TV1 ,1,F122,12LH,2025-11-01,2025-11-27,4191,45,,W0701751234,S05,2025-11-12,W7A,55,,,,,,,,,,,,CCC
2025-12-01 00:00:00,800990301596,01,DW,07,A,05,011,MATOS MATOS LUIS ALFONSO      ,1B,ACTIVO,LY652Y ,2,F623,20NU,2025-07-01,2025-06-27,5460,0,,W0701747715,S05,2025-10-28,W7A,70,,,,,,,,,,,,CCC
2025-12-01 00:00:00,801020601445,23,DW,07,B,31,031,MUNICIPIO DE CHEMAX  YUCATAN  ,02,ACTIVO,3W2V74 ,2,F621,02F3,2025-11-01,2025-07-16,45933,1289,,W0701752309,SMC,2025-11-18,LIR,49,2025-11-14 12:05:37,2326,L,9JR0P,3W2V74 ,0,Nor,53,UI SERV DIRECTO,53,S,MED
2025-12-01 00:00:00,801040100787,08,DW,07,B,06,803,CHAN HAU MARGARITA            ,1B,ACTIVO,169FDF ,1,F122,15LN,2025-12-01,2025-12-04,12560,151,,W0701745014,S05,2025-10-20,W7B,78,2025-12-04 08:07:54,0801,L,9JR0P,169FDF ,151,Opt,  ,,,,CCC
2025-12-01 00:00:00,801090201908,13,DW,07,B,06,513,CHONTAL REYES REBECA          ,1B,ACTIVO,G958MM ,2,F622,17LM,2025-11-01,2025-11-07,37420,1113,,W0701749405,S05,2025-11-04,W7B,63,,,,,,,,,,,,CCC
2025-12-01 00:00:00,801120800356,14,DW,07,B,06,145,HOIL CUPUL ANGELICA MARIA     ,1B,ACTIVO,L556FE ,1,F122,18LN,2025-12-01,2025-12-09,10520,226,,W0701753406,S05,2025-11-24,W7B,43,2025-12-09 14:10:06,1401,M,9JR0P,L556FE ,226,Opt,  ,,,,CCC
2025-12-01 00:00:00,801150701735,27,DW,07,B,14,114,CHAN CHIMAL ROSARIO           ,1B,ACTIVO,152R7U ,1,F122,14LN,2025-11-01,2025-11-19,0,0,,W0701741403,SMC,2025-10-04,CDU,94,2025-11-19 08:48:37,2729,L,9ND1B,152R7U ,0,Nor,31,SERVICIO SIN USO,,,MED
2025-12-01 00:00:00,801161201360,32,DW,07,B,88,889,MAY POOT PONCIANO             ,1B,ACTIVO,KUR355 ,1,F123,23NX,2024-10-01,2024-10-21,2457,0,,W0701746065,SMC,2025-10-23,LIR,75,,,,,,,,,,,,MED
2025-12-01 00:00:00,801170301962,01,DW,07,B,06,012,AGUILAR CERVANTES SILVIA ROSA ,1B,ACTIVO,358MBJ ,2,F622,16LM,2026-01-01,2025-12-29,39410,250,,W0701750846,S05,2025-11-10,W7B,57,,,,,,,,,,,,CCC
2025-12-01 00:00:00,801201102432,32,DW,07,B,88,889,TUZ KAUIL GREGORIO            ,02,CORTADO,EM461H ,2,F623,19NU,2025-12-01,2025-12-22,4061,0,,W0701746066,SMC,2025-10-23,LIR,75,2025-12-22 10:29:58,3227,M,9NCU1,EM461H ,0,Opt,32,UI DERIVACION,32,S,MED
2025-12-01 00:00:00,801220201255,26,DW,07,B,44,442,COUOH PECH PETRONILA          ,1B,ACTIVO,281ARY ,1,F122,14LN,2025-12-01,2025-12-17,5847,314,,W0701752205,S05,2025-11-18,W7B,49,2025-12-17 14:32:31,2629,L,GAT3M,281ARY ,314,Opt,  ,,,,CCC
2025-12-01 00:00:00,801810300038,20,DW,07,B,06,205,BALAM KU LUIS                 ,1B,ACTIVO,PCU113 ,1,F123,24NX,2025-12-01,2025-12-12,1,1,,W0701747725,S05,2025-10-28,W7B,70,2025-12-12 08:55:56,2002,L,9ND1B,PCU113 ,1,Opt,31,SERVICIO SIN USO,,,CCC
2025-12-01 00:00:00,801920800788,10,DW,07,B,06,104,CARLOS R ESCALANTE TORRES     ,1B,ACTIVO,8DVJ24 ,2,F623,25NY,2025-10-01,2025-10-06,28659,329,,W0701754320,S05,2025-11-27,W7B,40,,,,,,,,,,,,CCC
2025-12-01 00:00:00,801970400675,04,DW,07,B,06,403,COHUO COHUO LUZ MARIA         ,1B,ACTIVO,612TV4 ,1,F122,12LH,2025-12-01,2025-12-02,31216,1118,,W0701748264,S05,2025-10-29,W7B,69,2025-12-02 11:13:05,0403,L,9ND1B,612TV4 ,1118,Opt,  ,,,,CCC
2025-12-01 00:00:00,802020500611,22,DW,07,C,05,222,MENDOZA CAMARA CELSO          ,1A,ACTIVO,3RU112 ,1,F121,01GG,2025-12-01,2025-12-15,31779,146,,W0701752655,S05,2025-11-20,CDL,47,2025-12-15 13:44:46,2227,M,G93BA,3RU112 ,146,Nor,  ,,,,CCC
2025-12-01 00:00:00,802030800566,11,DW,07,C,03,112,CANUL TEP JOSE LUIS           ,1B,ACTIVO,1J72W5 ,1,F121,03GG,2025-11-01,2025-11-09,47679,3,,W0701750877,SMG,2025-11-10,LIR,57,,,,,,,,,,,,MED
2025-12-01 00:00:00,802041201192,18,DW,07,C,42,185,MUTUL DZIB DANIEL MARTIL      ,1A,ACTIVO,90E9U6 ,1,F12F,08K6,2025-12-01,2025-12-11,24500,1490,,W0701743589,SMG,2025-10-13,LIR,85,2025-12-14 22:55:35,1851,R,9MCCP,90E9U6 ,0,Nor,31,SERVICIO SIN USO,,,MED
2025-12-01 00:00:00,802060400091,18,DW,07,C,42,185,VEGA CRUZ DARWIN              ,1A,ACTIVO,085EK1 ,1,F62J,11L2,2006-02-01,2006-04-06,1,0,,W0701743592,SMG,2025-10-13,LIR,85,,,,,,,,,,,,MED
2025-12-01 00:00:00,802100600527,14,DW,07,C,42,142,MOGUEL CANTO MARIA LUCELI     ,1A,ACTIVO,12M6U0 ,2,F62H,09KN,2025-12-01,2025-12-09,18189,317,,W0701743269,SMG,2025-10-10,LIR,88,2025-12-09 18:33:07,1426,M,9ND12,12M6U0 ,317,Opt,  ,,,,MED
2025-12-01 00:00:00,802100900130,35,DW,07,C,52,351,MARTIN MUKUL ERNESTO          ,1B,ACTIVO,92H5B7 ,1,F12H,09KU,2025-11-01,2025-09-24,5209,110,,W0701754324,SMG,2025-11-27,LIR,40,2025-11-25 11:05:52,3527,L,GAM7M,92H5B7 ,0,Nor,60,MEDID NO TRABAJA,60,S,MED
2025-12-01 00:00:00,802100900717,35,DW,07,C,52,351,HAU DZIB NIBARDO              ,1B,ACTIVO,29J2D9 ,1,F12H,09KU,2025-11-01,2025-09-24,4957,90,,W0701754323,SMG,2025-11-27,LIR,40,2025-11-25 10:18:08,3527,L,GAM7M,29J2D9 ,0,Nor,64,P. INFRARROJO/MED. D,64,S,MED
2025-12-01 00:00:00,802100900857,35,DW,07,C,70,352,CAHUN CAAMAL PEDRO            ,1B,ACTIVO,8R18U6 ,1,F121,04GG,2025-11-01,2025-09-24,33304,263,,W0701754325,SMG,2025-11-27,LIR,40,2025-11-25 10:44:20,3526,M,9ND12,8R18U6 ,0,Nor,60,MEDID NO TRABAJA,60,S,MED
2025-12-01 00:00:00,802110200586,18,DW,07,C,42,428,AVILA ARGUELLES PABLO         ,1A,ACTIVO,141EK5 ,2,F62J,11L2,2025-12-01,2025-12-11,27756,0,,W0701743596,SMG,2025-10-13,LIR,85,2025-12-11 18:40:18,1826,M,G93BA,141EK5 ,0,Nor,31,SERVICIO SIN USO,,,MED
2025-12-01 00:00:00,802110400721,18,DW,07,C,42,185,AVILA AGUINAGA ROMAN          ,1A,ACTIVO,3AUM47 ,2,F623,25P2,2025-12-01,2025-12-11,9902,187,,W0701743590,SMC,2025-10-13,LIR,85,2025-12-11 10:06:37,1829,M,G93BA,3AUM47 ,542,Opt,  ,,,,MED
2025-12-01 00:00:00,802110600207,35,DW,07,C,70,352,CAAMAL UCH JESUS ALBERTO      ,1B,ACTIVO,66L79L ,1,F12H,10KU,2025-11-01,2025-07-24,13388,5,,W0701754326,SMG,2025-11-27,LIR,40,2025-11-25 10:54:52,3526,M,9ND12,66L79L ,0,Nor,64,P. INFRARROJO/MED. D,64,S,MED
2025-12-01 00:00:00,802130200582,18,DW,07,C,42,185,ZAMACONA GARCIA ROSALIA DE LOS,1A,BAJA SIN MED RET,032EK3 ,1,F12J,11L2,2025-12-01,2025-12-14,11196,0,,W0701743593,SMG,2025-10-13,LIR,85,2025-12-14 12:18:05,1851,R,9MCCP,032EK3 ,0,Nor,56,NO HAY MEDIDOR,56,S,MED
2025-12-01 00:00:00,802160300905,18,DW,07,C,42,428,ANCONA BACELIS JULIA EDELYN   ,02,ACTIVO,256JHY ,2,F622,15LM,2025-12-01,2025-12-11,19250,1121,,W0701743597,SMC,2025-10-13,LIR,85,2025-12-14 21:48:19,1851,R,9MCCP,256JHY ,1121,Nor,  ,,FR,S,MED
2025-12-01 00:00:00,802210900429,18,DW,07,C,42,427,MOGUEL SANTANA YONI GENARO    ,1A,ACTIVO,PBC810 ,1,F123,24NX,2025-12-01,2025-12-11,52,52,,W0701743594,SMC,2025-10-13,LIR,85,2025-12-11 09:51:33,1827,M,GAM7M,PBC810 ,52,Opt,  ,,,,MED
2025-12-01 00:00:00,802220300241,18,DW,07,C,42,427,SZWAGIER4FITER                ,1A,ACTIVO,YH690V ,2,F623,21NU,2025-12-01,2025-12-11,43096,4154,,W0701753280,SMC,2025-11-24,CDP,43,2025-12-11 11:37:13,1827,M,GAM7M,YH690V ,4154,Opt,  ,,,,MED
2025-12-01 00:00:00,802941000087,14,DW,07,C,42,142,CARLOS PISTE CHI              ,1A,ACTIVO,85E5U0 ,1,F12F,08K6,2025-12-01,2025-08-12,42218,0,,W0701743271,SMG,2025-10-10,LIR,88,2025-12-09 19:24:56,1426,M,9ND12,85E5U0 ,0,Nor,52,COMUNICACION INTERRU,52,S,MED
2025-12-01 00:00:00,803140200579,31,DW,07,D,10,101,POOT NOH AURELIA              ,1C,ACTIVO,994TV0 ,1,F122,12LH,2025-11-01,2025-11-21,1613,0,,W0701753437,SMC,2025-11-24,LIR,43,2025-11-21 11:29:41,3126,L,GA2CN,994TV0 ,0,Nor,32,UI DERIVACION,32,S,MED
2025-12-01 00:00:00,803140500149,31,DW,07,D,10,101,MUNICIPIO DE CHANKOM YUCATAN  ,02,ACTIVO,246C3J ,1,F122,13LN,2025-11-01,2025-09-22,8124,97,,W0701753438,SMC,2025-11-24,LIR,43,2025-11-21 10:51:19,3126,L,GA2CN,246C3J ,0,Nor,53,UI SERV DIRECTO,53,S,MED
2025-12-01 00:00:00,803150900561,10,DW,07,D,16,001,UICAB MEX ANASTACIA           ,02,BAJA SIN MED RET,69G0D5 ,1,F12H,09KU,2025-12-01,2025-12-05,450,0,,W0701742219,SMG,2025-10-08,LIR,90,2025-12-05 11:40:37,1026,M,GA2CN,69G0D5 ,0,Nor,31,SERVICIO SIN USO,LM,S,MED
2025-12-01 00:00:00,804000757910,06,DW,08,A,07,062,SHIRLEY DEL SOCORRO PECH LOPEZ,1B,ACTIVO,CM043F ,1,F123,19NM,2025-12-01,2025-12-04,3,0,,W0801701914,SMG,2025-10-09,MED,89,2025-12-04 09:37:30,0626,L,9JR2G,CM043F ,0,Opt,31,SERVICIO SIN USO,,,MED
2025-12-01 00:00:00,804001057270,08,DW,08,A,07,001,AGUILAR GOMEZ CARLOS          ,1B,ACTIVO,FJY103 ,1,F123,22NX,2025-12-01,2025-12-04,356,0,,W0801701915,SMG,2025-10-09,MED,89,2025-12-04 11:28:26,0828,M,GAM9M,FJY103 ,0,Opt,31,SERVICIO SIN USO,,,MED
2025-12-01 00:00:00,804021200761,34,DW,08,A,09,342,MAY PECH RAMON                ,1B,ACTIVO,PBB074 ,1,F123,24NX,2002-10-01,2002-12-05,1,0,,W0801713192,SMC,2025-11-28,W8A,39,,,,,,,,,,,,MED
2025-12-01 00:00:00,804121000611,67,DW,08,A,02,672,GARCIA CALDERON JESUS ALBERTO ,9M,ACTIVO,MY300G ,3,VL28,20KE,2022-07-01,2022-07-04,732,280,,W0801712833,SMC,2025-11-27,MED,40,,,,,,,,,,,,MED
2025-12-01 00:00:00,804990600921,75,DW,08,A,30,753,LUIS A CANUL Y HOBAK          ,09,ACTIVO,G518XK ,3,KL28,17KE,1999-04-01,1999-01-08,0,0,,W0801705045,SMG,2025-10-22,LIR,76,,,,,,,,,,,,MED
2025-12-01 00:00:00,805241100314,76,DW,08,B,66,667,CORTES Y MONTALVO RUBEN DARIO ,1B,ACTIVO,WNB853 ,2,F623,24P2,2025-12-01,2025-12-23,2205,193,,W0801703197,SMC,2025-10-14,W8B,84,2025-12-23 11:00:50,7602,L,9JRE1,WNB853 ,193,Opt,  ,,,,MED
2025-12-01 00:00:00,805920800431,78,DW,08,B,66,782,CANTO ROSADO MANUEL RAFAEL ANG,9M,ACTIVO,GGE350 ,3,VL28,22NJ,2023-06-01,2023-06-28,3802,1600,,W0801711849,SMH,2025-11-25,LIR,42,,,,,,,,,,,,MED
2025-12-01 00:00:00,806170301361,74,DW,08,C,28,743,MEJIA ANGELES PATRICIA AIDA   ,67,ACTIVO,R481CN ,3,KL28,18KE,2017-06-01,2017-03-29,0,0,,W0801704658,SM2,2025-10-21,SAV,77,,,,,,,,,,,,GSC
2025-12-01 00:00:00,807250900423,20,DW,08,D,55,202,HUCHIM LOPEZ CANDELARIO       ,1C,ACTIVO,4DVK00 ,2,F623,25NY,2025-12-01,2025-10-13,0,0,,W0801704412,SMW,2025-10-20,CDD,78,2025-12-12 10:58:36,2027,L,R9857,4DVK00 ,0,Nor,56,NO HAY MEDIDOR,56,S,GSC
2025-12-01 00:00:00,808080900357,75,DW,08,E,67,751,CANCHE EB ABELARDO            ,09,ACTIVO,9ECG25 ,3,KL28,25NJ,2025-12-01,2025-12-19,35045,27,,W0801710929,SMG,2025-11-20,LIR,47,2025-12-19 14:29:29,7402,L,GAA4N,990AA7 ,27,Nor,  ,,,,MED
2025-12-01 00:00:00,809130500521,25,DW,12,F,01,270,SOSA MEDINA FRANCISCO         ,1D,ACTIVO,7A22V3 ,1,F121,02GG,2025-11-01,2025-09-17,16910,85,,W1204192527,SMC,2025-11-18,LIR,49,2025-11-18 10:26:30,2501,M,9ND5V,7A22V3 ,0,Nor,53,UI SERV DIRECTO,53,S,MED
2025-12-01 00:00:00,810000656251,15,DW,22,A,01,156,SERRANO ROBLES JUAN JOSE      ,1B,ACTIVO,WMW997 ,2,F623,24P2,2003-01-01,2003-02-10,1,0,,W2203136220,SMG,2025-11-11,LIR,56,,,,,,,,,,,,MED
2025-12-01 00:00:00,810001158025,13,DW,22,A,01,137,NOVELO CARDENAS BERTHA ROSA   ,1B,ACTIVO,403MFV ,2,F62J,15MT,2000-11-01,2000-09-13,0,0,,W2203135172,SMG,2025-11-10,LIR,57,,,,,,,,,,,,MED
2025-12-01 00:00:00,810001257007,33,DW,22,A,01,331,MARINA CAROLINA PINEDA LOZANO ,1B,BAJA,,1,,,2003-07-01,2003-07-24,4133,0,,W2203140766,SMC,2025-11-20,CDX,47,,,,,,,,,,,,MED
2025-12-01 00:00:00,810010708496,33,DW,22,A,01,331,ABELARDO VILLAMIL UICAB       ,1B,ACTIVO,790MEM ,2,F62J,15MT,2025-11-01,2025-07-23,14239,165,,W2203142851,SMG,2025-11-25,LIR,42,2025-11-24 08:44:17,3351,R,9JPYF,790MEM ,0,Nor,60,MEDID NO TRABAJA,60,S,MED
2025-12-01 00:00:00,810010900826,18,DW,22,A,02,184,AGUILAR MARTINEZ ROBERTA AVIDA,1B,ACTIVO,6VJ225 ,1,F121,00GG,2025-12-01,2025-12-11,15275,8,,W2203117001,SMC,2025-10-10,CDL,88,2025-12-11 09:36:24,1804,M,9JR5N,6VJ225 ,8,Nor,31,SERVICIO SIN USO,,,MED
2025-12-01 00:00:00,802120700552,35,DW,07,C,51,352,UICAB CANCHE ELIGIO           ,02,ACTIVO,97E19N ,2,F62H,10KN,2025-11-01,2025-09-24,4397,73,,W0701754322,SMG,2025-11-27,LIR,40,2025-11-25 12:21:48,3526,M,9ND12,97E19N ,0,Nor,64,P. INFRARROJO/MED. D,64,S,MED
2025-12-01 00:00:00,810011201646,24,DW,22,A,02,245,ALEJANDRA AVILA FLORES        ,1B,BAJA SIN MED RET,5K1J20 ,1,F121,01GG,2025-12-01,2025-12-16,11625,0,,W2203120502,SMG,2025-10-16,LIR,82,2025-12-16 09:52:49,2451,R,9NCT0,5K1J20 ,0,Nor,31,SERVICIO SIN USO,,,MED
2025-12-01 00:00:00,810011203835,23,DW,22,A,01,232,RUBEN SALINAS RODRIGUEZ       ,1B,ACTIVO,711MEV ,2,F62J,15MT,2025-11-01,2025-09-12,15899,237,,W2203138808,SMG,2025-11-18,LIR,49,2025-11-14 09:10:42,2352,R,9MCKU,711MEV ,0,Nor,60,MEDID NO TRABAJA,60,S,MED
2025-12-01 00:00:00,810011204327,06,DW,22,A,02,062,GONZALEZ HERNANDEZ JOSE RAFAEL,1B,ACTIVO,5N5V81 ,1,F621,01F3,2025-12-01,2025-08-04,53038,200,,W2203113009,SM2,2025-10-03,SAV,95,2025-12-03 11:24:39,0603,L,9JR5N,5N5V81 ,89000,Nor,  ,,FR,S,GSC
2025-12-01 00:00:00,810011204955,22,DW,22,A,02,221,FAUSTINO M  MANZANO AY        ,1B,ACTIVO,7G5T67 ,1,F121,01GG,2025-12-01,2025-12-15,45248,4,,W2203119371,SM9,2025-10-15,LIR,83,2025-12-15 12:35:55,2251,N,9NCT0,7G5T67 ,4,Nor,31,SERVICIO SIN USO,,,SSB
2025-12-01 00:00:00,810011205692,22,DW,22,A,02,221,MORALES CHUC ISAURO           ,1B,ACTIVO,19L0G3 ,1,F12H,09KU,2025-12-01,2025-08-14,39996,679,,W2203119369,SMG,2025-10-15,LIR,83,2025-12-15 10:36:33,2251,N,9NCT0,19L0G3 ,0,Nor,60,MEDID NO TRABAJA,60,S,MED
2025-12-01 00:00:00,810020201594,09,DW,22,A,01,095,ROBERTO  LUIS BERMUDEZ YANES  ,1B,ACTIVO,059MFT ,2,F62J,15MT,2002-03-01,2002-02-13,0,0,,W2203133290,SMG,2025-11-06,LIR,61,,,,,,,,,,,,MED
2025-12-01 00:00:00,810020203309,23,DW,22,A,02,230,JORGE IVAN CARBAJAL ALCOCER   ,1B,BAJA SIN MED RET,2N6X33 ,2,F621,01F3,2025-11-01,2025-11-14,47175,0,,W2203138800,SMC,2025-11-18,LIR,49,,,,,,,,,,,,MED
2025-12-01 00:00:00,810030200553,23,DW,22,A,01,232,JUAN LUIS DE LONGA VELASCO    ,1B,BAJA,,2,,,2026-01-01,2026-01-02,27213,0,,W2203136701,SMC,2025-11-12,W2A,55,,,,,,,,,,,,MED
2025-12-01 00:00:00,810030200677,11,DW,22,A,01,114,ZONOT CORPORATION SA DE CV    ,1B,ACTIVO,308MFY ,2,F62J,15MT,2003-01-01,2003-02-05,0,0,,W2203134053,SMC,2025-11-07,LIR,60,,,,,,,,,,,,MED
2025-12-01 00:00:00,810030404663,07,DW,22,A,02,075,JOHN ALDRIGE DEPTO 1          ,1B,CORTADO,60PF04 ,2,F621,07F3,2025-11-01,2025-09-02,29711,148,,W2203132194,SM9,2025-11-05,LIR,62,2025-11-04 10:57:12,0703,M,9NCT1,60PF04 ,0,Nor,60,MEDID NO TRABAJA,60,S,SSB
2025-12-01 00:00:00,810030801077,15,DW,22,A,01,152,EDGARD H  ROSADO PENICHE      ,1B,BAJA SIN MED RET,27E2V3 ,2,F62F,08K6,2025-11-01,2025-11-10,12817,0,,W2203136208,SMG,2025-11-11,LIR,56,,,,,,,,,,,,MED
2025-12-01 00:00:00,810030903023,10,DW,22,A,02,101,AARVIK RAMIREZ REYNA CRYSTAL  ,1B,ACTIVO,333MEF ,2,F62J,15MT,2003-08-01,2003-09-11,0,0,,W2203114528,SMG,2025-10-07,LIR,91,,,,,,,,,,,,MED
2025-12-01 00:00:00,810031203963,13,DW,22,A,01,137,SANTOS FLORES GLORIA M        ,1B,ACTIVO,343MCF ,1,F12J,15MR,2003-11-01,2003-12-24,1,0,,W2203135171,SMC,2025-11-10,LIR,57,,,,,,,,,,,,MED
2025-12-01 00:00:00,810040703537,15,DW,22,A,01,155,JOSE R SUAREZ BELTRAN         ,1B,ACTIVO,JCE743 ,1,F623,23NU,2004-05-01,2004-07-23,1,0,,W2203136218,SMC,2025-11-11,LIR,56,,,,,,,,,,,,MED
2025-12-01 00:00:00,810040800991,35,DW,22,A,02,353,MIRANDA LOPEZ BRAULIO JOSE M  ,1B,ACTIVO,8Y39M4 ,1,F121,04GG,2025-11-01,2025-07-24,50369,195,,W2203143815,SMG,2025-11-26,LIR,41,2025-11-25 11:48:06,3506,L,9MCKU,8Y39M4 ,0,Nor,64,P. INFRARROJO/MED. D,64,S,MED
2025-12-01 00:00:00,810040801008,35,DW,22,A,02,353,MARI CRUZ GUTIERREZ VAZQUEZ   ,1B,ACTIVO,8Y19M6 ,1,F121,04GG,2025-11-01,2025-09-24,52761,398,,W2203143816,SMG,2025-11-26,LIR,41,2025-11-25 11:48:36,3506,L,9MCKU,8Y19M6 ,0,Nor,64,P. INFRARROJO/MED. D,64,S,MED
2025-12-01 00:00:00,810040805178,33,DW,22,A,02,334,JUAN FRANCISCO IRIGOYEN LAVALL,1B,ACTIVO,282TY4 ,1,F122,12LH,2004-08-01,2004-08-19,1,0,,W2203142840,SMG,2025-11-25,LIR,42,,,,,,,,,,,,MED
2025-12-01 00:00:00,810040901878,10,DW,22,A,02,101,PALACIOS GORDOA MARISOL       ,1B,ACTIVO,135MCH ,1,F12J,15MR,2025-12-01,2025-08-06,11950,0,,W2203114527,SMC,2025-10-07,LIR,91,2025-12-05 10:50:42,1053,N,9MCKW,135MCH ,0,Nor,56,NO HAY MEDIDOR,56,S,MED
2025-12-01 00:00:00,810041002478,27,DW,22,A,02,271,CATZIM XOOL RICARDO ARTURO    ,1B,ACTIVO,149MCR ,1,F12J,15MR,2011-12-01,2011-12-05,1898,0,,W2203140417,SMG,2025-11-20,LIR,47,,,,,,,,,,,,MED
2025-12-01 00:00:00,810041204020,40,DW,22,A,01,402,RAMON SERVERO NOVELO          ,1B,BAJA,,2,,,2022-01-01,2022-01-19,2212,0,,W2203138940,SMC,2025-11-18,W2A,49,,,,,,,,,,,,MED
2025-12-01 00:00:00,801941000528,27,DW,07,B,73,251,CHAN MAY COSME DAMIAN         ,1B,ACTIVO,Y20P72 ,1,F121,94F5,2025-11-01,2025-11-19,27819,272,,W0701750740,S05,2025-11-10,W7B,57,,,,,,,,,,,,CCC
2025-12-01 00:00:00,800801201829,35,DW,07,A,34,341,CIAU HOIL ADRIANA LETICIA     ,1B,ACTIVO,X4395E ,1,W111,79C0,2025-11-01,2025-11-25,9420,165,,W0701751790,S05,2025-11-14,W7A,53,,,,,,,,,,,,CCC
2025-12-01 00:00:00,799970500306,39,DW,06,D,43,431,MINERVA GLEZ JIMENEZ          ,1B,ACTIVO,T510L4 ,1,F121,97F5,2025-11-01,2025-11-28,31897,137,,W0602320589,SMG,2025-11-28,LIR,39,,,,,,,,,,,,MED
2025-12-01 00:00:00,810050405291,33,DW,22,A,02,333,NOH PECH MOISES ELIEZER       ,1B,ACTIVO,7E031G ,1,F121,05JL,2025-11-01,2025-07-23,34048,0,,W2203142836,SMG,2025-11-25,LIR,42,2025-11-24 13:10:18,3302,M,9NCT1,7E031G ,0,Nor,60,MEDID NO TRABAJA,60,S,MED
2025-12-01 00:00:00,810050500910,31,DW,22,A,02,316,POVEDANO IGNACIO              ,1B,ACTIVO,7E473G ,1,F121,05JL,2025-11-01,2025-11-21,39592,53,,W2203113960,SMC,2025-10-06,MED,92,2025-11-21 11:13:21,3101,M,9JR5N,7E473G ,53,Nor,  ,,FR,S,MED
2025-12-01 00:00:00,810050905090,33,DW,22,A,02,333,MARIELA DE LA  CRUZ GUTIERREZ ,1B,ACTIVO,815X4H ,1,F622,14LM,2025-11-01,2025-09-23,16888,378,,W2203142835,SMC,2025-11-25,LIR,42,2025-11-24 13:04:08,3302,M,9NCT1,815X4H ,0,Nor,53,UI SERV DIRECTO,53,S,MED
2025-12-01 00:00:00,810051200952,33,DW,22,A,02,334,CHACHA TEXNA JUAN JOSE        ,1B,ACTIVO,7H469L ,1,F121,05JL,2025-11-01,2025-11-24,30969,342,,W2203142842,SMG,2025-11-25,LIR,42,,,,,,,,,,,,MED
2025-12-01 00:00:00,810051200995,33,DW,22,A,02,334,XOOL BALAM LUIS MANUEL        ,1B,ACTIVO,7E127W ,1,F121,05JL,2025-11-01,2025-09-23,29354,4,,W2203142841,SMG,2025-11-25,LIR,42,2025-11-24 10:27:20,3303,M,9JR5N,7E127W ,0,Nor,60,MEDID NO TRABAJA,60,S,MED
2025-12-01 00:00:00,810051204460,31,DW,22,A,02,317,CABRERA ALONZO PEDRO JESUS    ,1B,ACTIVO,165MDD ,1,F12J,15MR,2005-12-01,2005-08-01,0,0,,W2203141911,SMG,2025-11-24,LIR,43,,,,,,,,,,,,MED
2025-12-01 00:00:00,810051208872,06,DW,22,A,02,060,ALAMILLA RODRIGUEZ DAVID F    ,1B,ACTIVO,85R08N ,2,F62H,10KN,2025-12-01,2025-12-03,7318,320,,W2203134778,SMC,2025-11-09,MED,58,2025-12-03 11:17:14,0601,L,9MCKU,85R08N ,320,Opt,  ,,,,MED
2025-12-01 00:00:00,810051208970,10,DW,22,A,02,101,PEDRO DIAZ CARRERA            ,1B,ACTIVO,1BDJ26 ,1,F623,25P2,2022-06-01,2022-06-07,9027,0,,W2203126347,SMS,2025-10-24,W2A,74,,,,,,,,,,,,GSC
2025-12-01 00:00:00,810060102572,25,DW,22,A,01,252,ESQUIVEL AGUILAR JORGE CECILIO,1B,ACTIVO,963MEP ,2,F62J,15MT,2023-09-01,2023-09-18,9073,0,,W2203139781,SMG,2025-11-19,LIR,48,,,,,,,,,,,,MED
2025-12-01 00:00:00,810060302512,31,DW,22,A,02,316,LOPEZ HERNANDEZ MANUEL DE J   ,1B,ACTIVO,A897KX ,1,F622,16LM,2006-02-01,2006-03-26,1,0,,W2203141890,SMC,2025-11-24,LIR,43,,,,,,,,,,,,MED
2025-12-01 00:00:00,810060503763,36,DW,22,A,01,362,EMMA MARIA SARABIA SANSORES   ,1B,ACTIVO,0N098H ,1,F121,06JL,2025-12-01,2025-12-26,13491,1311,,W2203125751,SMC,2025-10-24,LIR,74,2025-12-26 14:49:46,3602,L,9MC4Y,0N098H ,1311,Nor,  ,,FR,S,MED
2025-12-01 00:00:00,799220100438,27,DW,06,D,26,260,MUNICIPIO DE BACALAR          ,02,ACTIVO,YJ937G ,2,F623,21NU,2025-11-01,2025-11-20,17201,260,,W0602309801,SM2,2025-10-29,06A,69,2025-11-20 16:54:29,2751,R,R9723,YJ937G ,260,Nor,  ,,FR,S,GSC
2025-12-01 00:00:00,799220100438,27,DW,06,D,26,260,MUNICIPIO DE BACALAR          ,02,ACTIVO,YJ937G ,2,F623,21NU,2025-11-01,2025-11-20,17201,260,,W0602317406,SMG,2025-11-20,LIR,47,2025-11-20 16:54:29,2751,R,R9723,YJ937G ,260,Nor,  ,,FR,S,MED
2025-12-01 00:00:00,810060602991,31,DW,22,A,02,317,BARAHONA ARIAS NATALIO        ,1B,SUJETO A CORTE,987MDA ,1,F12J,15MR,2025-11-01,2025-05-22,17230,491,,W2203141912,SMC,2025-11-24,LIR,43,2025-11-21 11:37:27,3156,R,9MCKU,987MDA ,0,Nor,53,UI SERV DIRECTO,53,S,MED
2025-12-01 00:00:00,810060609171,09,DW,22,A,02,096,REYES GOMEZ PABLO             ,1B,ACTIVO,4P406K ,1,F121,06JL,2025-11-01,2025-07-07,38868,351,,W2203133275,SMC,2025-11-06,LIR,61,2025-11-05 08:53:47,0906,L,9JPYF,4P406K ,0,Nor,53,UI SERV DIRECTO,53,S,MED
2025-12-01 00:00:00,810060609383,09,DW,22,A,02,096,PERERA PECH JOSE MARTIN       ,1B,ACTIVO,4P410M ,1,F121,06JL,2025-11-01,2025-09-03,34504,760,,W2203133276,SMC,2025-11-06,LIR,61,2025-11-05 09:43:46,0906,L,9JPYF,4P410M ,0,Nor,65,UI MED INVERTIDO,65,S,MED
2025-12-01 00:00:00,799200500821,27,DW,06,D,34,340,VAZQUEZ ALONZO ISABEL         ,1B,ACTIVO,04L5G3 ,1,F12H,09KU,2025-11-01,2025-09-18,11378,128,,W0602317412,SMC,2025-11-20,LIR,47,2025-11-20 12:27:23,2727,L,R9723,04L5G3 ,0,Nor,53,UI SERV DIRECTO,53,S,MED
2025-12-01 00:00:00,799200500715,27,DW,06,D,34,340,HERRERA BUSTAMANTE RAQUEL     ,1B,ACTIVO,277HRH ,1,F122,15LN,2025-11-01,2025-07-21,319,0,,W0602320527,SMC,2025-11-28,06A,39,2025-11-20 10:48:24,2727,L,R9723,277HRH ,0,Nor,53,UI SERV DIRECTO,53,S,MED
2025-12-01 00:00:00,810060701034,09,DW,22,A,02,096,ALEJANDRA GABRIELA RUZ SOSA   ,1B,ACTIVO,4P320M ,1,F121,06JL,2025-11-01,2025-09-03,54931,263,,W2203133280,SMC,2025-11-06,LIR,61,2025-11-05 10:16:51,0906,L,9JPYF,4P320M ,0,Nor,53,UI SERV DIRECTO,53,S,MED
2025-12-01 00:00:00,810060701565,27,DW,22,A,02,271,CRUZ CHABLE RAFAEL            ,1B,ACTIVO,177MEX ,2,F62J,15MT,2025-11-01,2025-09-18,20296,316,,W2203140415,SMG,2025-11-20,LIR,47,2025-11-19 09:47:06,2753,R,9MCKW,177MEX ,0,Nor,60,MEDID NO TRABAJA,60,S,MED
2025-12-01 00:00:00,799141100538,39,DW,06,D,16,161,MUNICIPIO DE BACALAR          ,02,ACTIVO,355T9A ,2,F622,14LM,2025-11-01,2025-07-28,1011,6,,W0602320586,SMC,2025-11-28,LIR,39,2025-11-27 11:56:30,3926,L,9JR7J,355T9A ,0,Nor,53,UI SERV DIRECTO,53,S,MED
2025-12-01 00:00:00,810060901092,17,DW,22,A,01,177,BRICENO GUZMAN WILLIAM        ,1B,ACTIVO,803MDD ,1,F12J,15MR,2025-11-01,2024-07-16,2558,0,,W2203136678,SMG,2025-11-12,LIR,55,2025-11-11 13:24:27,1752,R,9MCKY,803MDD ,0,Nor,64,P. INFRARROJO/MED. D,64,S,MED
2025-12-01 00:00:00,799141100538,39,DW,06,D,16,161,MUNICIPIO DE BACALAR          ,02,ACTIVO,355T9A ,2,F622,14LM,2025-11-01,2025-07-28,1011,6,,W0602309796,SM2,2025-10-29,06A,69,2025-11-27 11:56:30,3926,L,9JR7J,355T9A ,0,Nor,53,UI SERV DIRECTO,53,S,GSC
2025-12-01 00:00:00,799110301977,27,DW,06,D,27,270,PAT CHIMAL LAUREANO           ,1B,ACTIVO,FKE380 ,1,F123,22NX,2023-11-01,2023-11-17,10532,134,,W0602317408,SMG,2025-11-20,LIR,47,,,,,,,,,,,,MED
2025-12-01 00:00:00,810061002431,06,DW,22,A,02,063,ESTRADA GARCIA MARLINDA       ,1B,ACTIVO,TV826B ,1,F123,21NX,2025-12-01,2025-12-03,6110,1245,,W2203113012,SM2,2025-10-03,SAV,95,2025-12-03 11:47:11,0604,L,9MC4Y,TV826B ,1245,Opt,  ,,,,GSC
2025-12-01 00:00:00,810061005619,23,DW,22,A,01,235,ARELLANO SANTIAGO IRENE       ,1B,ACTIVO,109T5J ,2,F622,14LM,2025-11-01,2025-09-12,3834,0,,W2203138819,SMC,2025-11-18,LIR,49,2025-11-14 09:21:25,2355,N,9NCT0,109T5J ,0,Nor,53,UI SERV DIRECTO,53,S,MED
2025-12-01 00:00:00,810061007417,33,DW,22,A,02,337,ARCOS JIMENEZ MIGUEL          ,1B,ACTIVO,297N5U ,1,F122,14LN,2021-07-01,2021-07-22,22598,805,,W2203142846,SMG,2025-11-25,LIR,42,,,,,,,,,,,,MED
2025-12-01 00:00:00,810061008791,33,DW,22,A,02,337,ARIAS MENDEZ SERGIO           ,1B,CORTADO,8X812L ,1,F121,06JL,2025-11-01,2025-07-23,23772,222,,W2203142902,SM2,2025-11-25,SAV,42,2025-11-24 10:49:37,3306,M,9MC60,8X812L ,19337,Nor,  ,,FR,S,GSC
2025-12-01 00:00:00,810061201523,13,DW,22,A,02,135,ALCOCER ALVARAD   MANUEL JESUS,1B,ACTIVO,2U874J ,2,F421,06GH,2025-11-01,2025-11-07,24535,0,,W2203135178,SMC,2025-11-10,LIR,57,2025-11-07 12:55:53,1304,M,9JR5N,2U874J ,0,Nor,32,UI DERIVACION,32,S,MED
2025-12-01 00:00:00,799110202260,33,DW,06,D,31,310,ELVIRA PEREZ RAMON            ,1C,ACTIVO,FKE392 ,1,F123,22NX,2025-11-01,2025-07-23,745,98,,W0602319333,SMG,2025-11-25,06A,42,2025-11-24 09:19:51,3326,L,9JR7J,FKE392 ,0,Nor,59,DISPLAY APAGADO,59,S,MED
2025-12-01 00:00:00,810070201072,09,DW,22,A,02,096,AREVALO VAZQUEZ EVELYN BEATRIZ,1B,ACTIVO,EP929J ,1,F123,19NM,2021-03-01,2021-03-08,19572,4,,W2203133282,SMG,2025-11-06,LIR,61,,,,,,,,,,,,MED
2025-12-01 00:00:00,799040300498,37,DW,06,D,30,302,MANUEL MIGUEL RAMOS           ,1C,ACTIVO,GGV155 ,1,F123,23NX,2023-11-01,2023-11-24,4940,278,,W0602319588,SMC,2025-11-26,LIR,41,,,,,,,,,,,,MED
2025-12-01 00:00:00,799030200185,37,DW,06,D,30,301,MATEO ANTONIO VELEZQUEZ       ,1C,ACTIVO,4T0M76 ,1,F121,02GG,2025-11-01,2025-09-25,42433,334,,W0602319585,SMG,2025-11-26,LIR,41,2025-11-26 11:17:30,3726,L,9JR7J,4T0M76 ,0,Nor,60,MEDID NO TRABAJA,60,S,MED
2025-12-01 00:00:00,810070300712,24,DW,22,A,02,245,KAUIL GARCIA MARIA ASUNCION   ,1B,ACTIVO,648MDE ,1,F12J,15MR,2007-02-01,2007-03-02,1,0,,W2203120504,SMG,2025-10-16,LIR,82,,,,,,,,,,,,MED
2025-12-01 00:00:00,810070306010,24,DW,22,A,02,245,KAUIL GARCIA MARIA AUSCION    ,1B,ACTIVO,651MDE ,1,F12J,15MR,2025-12-01,2025-08-15,9697,69,,W2203120505,SMG,2025-10-16,LIR,82,2025-12-16 11:22:21,2451,R,9NCT0,651MDE ,0,Nor,59,DISPLAY APAGADO,59,S,MED
2025-12-01 00:00:00,810070500720,31,DW,22,A,02,318,INMOVILIARIA DIAREL SA DE CV  ,1B,BAJA SIN MED RET,800MEW ,2,F62J,15MT,2007-04-01,2007-05-02,1,0,,W2203141918,SMC,2025-11-24,LIR,43,,,,,,,,,,,,MED
2025-12-01 00:00:00,810070500959,31,DW,22,A,02,318,INMOVILIARIA DIAREL SA DE CV  ,1B,ACTIVO,901MEV ,2,F62J,15MT,2025-11-01,2025-09-22,14536,235,,W2203141919,SMG,2025-11-24,LIR,43,2025-11-21 08:24:25,3157,R,9MC4Y,901MEV ,0,Nor,60,MEDID NO TRABAJA,60,S,MED
2025-12-01 00:00:00,810070503320,27,DW,22,A,02,273,MANCILLA VALDES ANTONIO       ,1B,ACTIVO,008MFB ,2,F62J,15MT,2007-04-01,2007-05-12,1,0,,W2203140422,SMG,2025-11-20,LIR,47,,,,,,,,,,,,MED
2025-12-01 00:00:00,810070503796,27,DW,22,A,02,273,DIAZ MADRIGAL SONIA PATRICIA  ,1B,ACTIVO,177MFD ,2,F62J,15MT,2007-04-01,2007-05-14,1,0,,W2203140420,SMG,2025-11-20,LIR,47,,,,,,,,,,,,MED
2025-12-01 00:00:00,810070504997,27,DW,22,A,02,273,GUERRERO NUNEZ GRISELDA       ,1B,ACTIVO,855MFD ,2,F62J,15MT,2007-04-01,2007-05-15,1,0,,W2203140421,SMG,2025-11-20,LIR,47,,,,,,,,,,,,MED
2025-12-01 00:00:00,810011101765,25,DW,22,A,01,251,VARGAS AMARO LETICIA          ,1B,ACTIVO,006MEX ,2,F62J,15MT,2025-11-01,2025-07-17,15089,326,,W2203139779,SMG,2025-11-19,LIR,48,2025-11-18 08:52:19,2551,N,9ND54,006MEX ,0,Nor,60,MEDID NO TRABAJA,60,S,MED
2025-12-01 00:00:00,810070604843,17,DW,22,A,01,177,SANTIAGO PONS BEATRIZ         ,1B,ACTIVO,462MCT ,1,F12J,15MR,2025-11-01,2025-07-11,14387,128,,W2203136676,SMG,2025-11-12,LIR,55,2025-11-11 12:04:11,1752,R,9MCKY,462MCT ,0,Nor,64,P. INFRARROJO/MED. D,64,S,MED
2025-12-01 00:00:00,810070609896,09,DW,22,A,02,094,JIMENEZ TREJO BEATRIZ         ,1B,ACTIVO,86ML09 ,2,F421,07GH,2025-11-01,2025-09-03,32578,97,,W2203133270,SMG,2025-11-06,LIR,61,2025-11-05 09:04:42,0904,M,9MC60,86ML09 ,0,Nor,60,MEDID NO TRABAJA,60,S,MED
2025-12-01 00:00:00,810050401903,23,DW,22,A,02,230,WILMA PERERA DURAN            ,1B,ACTIVO,2D408R ,1,F121,05JL,2025-11-01,2025-07-16,22041,0,,W2203138803,SMG,2025-11-18,LIR,49,2025-11-14 13:46:18,2301,L,9JR5N,2D408R ,99779,Nor,41,CRISTAL ROTO,41,S,MED
2025-12-01 00:00:00,810050403345,33,DW,22,A,02,334,MATU CABRERA GALO JOSE B      ,1B,ACTIVO,7E514G ,1,F121,05JL,2025-11-01,2025-11-24,22748,159,,W2203142845,SMG,2025-11-25,LIR,42,,,,,,,,,,,,MED
2025-12-01 00:00:00,810070900833,33,DW,22,A,02,334,AZUETA ZETINA MARTINA INES    ,1B,ACTIVO,0G343Y ,1,F121,05JL,2025-11-01,2025-09-23,23123,430,,W2203142843,SMG,2025-11-25,LIR,42,2025-11-24 11:11:36,3303,M,9JR5N,0G343Y ,0,Nor,60,MEDID NO TRABAJA,60,S,MED
2025-12-01 00:00:00,810070906980,33,DW,22,A,02,333,HUESCA NAVARRETE JOSE JAVIER  ,1B,ACTIVO,497GJ4 ,2,F622,12LJ,2007-08-01,2007-09-29,0,0,,W2203142832,SMG,2025-11-25,LIR,42,,,,,,,,,,,,MED
2025-12-01 00:00:00,810070907315,33,DW,22,A,02,333,ESPERANZA IRIS CARRIZAL NOYOLA,1B,ACTIVO,89GL53 ,1,F121,07JL,2025-11-01,2025-11-24,43412,590,,W2203142833,SMG,2025-11-25,LIR,42,,,,,,,,,,,,MED
2025-12-01 00:00:00,810050403515,33,DW,22,A,02,334,MONDRAGON ALVAREZ JORGE       ,1B,ACTIVO,HG342W ,1,F123,20NT,2025-11-01,2025-07-23,11871,112,,W2203142844,SMG,2025-11-25,LIR,42,2025-11-24 12:10:27,3303,M,9JR5N,HG342W ,0,Opt,60,MEDID NO TRABAJA,60,S,MED
2025-12-01 00:00:00,810060506185,35,DW,22,A,02,353,ZAVALA VAZQUEZ GABRIELA       ,1B,ACTIVO,687RM7 ,1,F122,12LH,2025-11-01,2025-01-23,15271,0,,W2203143813,SMC,2025-11-26,LIR,41,2025-11-25 09:03:12,3506,L,9MCKU,687RM7 ,0,Nor,53,UI SERV DIRECTO,53,S,MED
2025-12-01 00:00:00,810060508765,33,DW,22,A,02,333,ZAPATA ALAMILLA ISRAEL ENRIQUE,1B,CORTADO,AWG738 ,1,F123,22NX,2025-11-01,2025-11-24,2888,0,,W2203142834,SM9,2025-11-25,LIR,42,2025-11-24 09:42:34,3302,M,9NCT1,AWG738 ,0,Opt,32,UI DERIVACION,32,S,SSB
2025-12-01 00:00:00,810060609651,09,DW,22,A,02,096,TORRES PALACIO RODOLFO        ,1B,ACTIVO,5P450M ,1,F121,06JL,2025-11-01,2025-09-03,38300,696,,W2203133279,SMG,2025-11-06,LIR,61,2025-11-05 10:02:32,0906,L,9JPYF,5P450M ,0,Nor,60,MEDID NO TRABAJA,60,S,MED
2025-12-01 00:00:00,810080104148,12,DW,22,A,02,121,POOT CAAMAL ADOLFO            ,1B,ACTIVO,08LV90 ,1,F121,07JL,2025-12-01,2025-08-07,33986,387,,W2203115271,SMC,2025-10-08,LIR,90,2025-12-08 09:47:16,1201,M,9MCKW,08LV90 ,0,Nor,53,UI SERV DIRECTO,53,S,MED
2025-12-01 00:00:00,810080106221,15,DW,22,A,01,156,GARCIA ANGEL FRANCISCO        ,1B,ACTIVO,463MFB ,2,F62J,15MT,2008-01-01,2008-01-25,0,0,,W2203136219,SMG,2025-11-11,LIR,56,,,,,,,,,,,,MED
2025-12-01 00:00:00,810080200562,30,DW,22,A,02,301,JIMENEZ GARCIA LEA            ,1B,ACTIVO,159VLN ,1,F122,16LN,2025-12-01,2025-12-19,4129,12,,W2203123094,SMG,2025-10-21,LIR,77,2025-12-19 14:56:12,3051,R,9MCKY,159VLN ,12,Nor,  ,,FR,S,MED
2025-12-01 00:00:00,810080200813,29,DW,22,A,02,297,NEHEMIAS DOMINGUEZ GARCIA     ,1B,ACTIVO,707JV2 ,2,F622,12LJ,2025-11-01,2025-09-20,27563,812,,W2203141025,SMC,2025-11-21,LIR,46,2025-11-20 10:37:57,2903,M,9NCT1,707JV2 ,0,Nor,53,UI SERV DIRECTO,53,S,MED
2025-12-01 00:00:00,810080205611,09,DW,22,A,02,093,PINTO LANDERO FERNANDO        ,1B,ACTIVO,34MU49 ,2,F421,07GH,2025-11-01,2025-09-03,49656,2,,W2203133262,SMG,2025-11-06,LIR,61,2025-11-05 08:34:48,0903,L,9MCKW,34MU49 ,0,Nor,60,MEDID NO TRABAJA,60,S,MED
2025-12-01 00:00:00,810060610195,09,DW,22,A,02,096,MORALES SOLAR CUAUHTEMOC      ,1B,ACTIVO,PKG150 ,1,F123,24NX,2025-11-01,2025-06-01,0,267,,W2203133277,SMC,2025-11-06,LIR,61,2025-11-05 09:55:29,0906,L,9JPYF,PKG150 ,0,Nor,53,UI SERV DIRECTO,53,S,MED
2025-12-01 00:00:00,810080401959,09,DW,22,A,02,094,CONSORCIO DE ING  INTEGRAL    ,1B,ACTIVO,71MX25 ,2,F421,07GH,2025-11-01,2025-09-03,24864,11,,W2203133273,SMC,2025-11-06,LIR,61,2025-11-05 09:56:14,0904,M,9MC60,71MX25 ,0,Nor,53,UI SERV DIRECTO,53,S,MED
2025-12-01 00:00:00,810080404451,27,DW,22,A,02,273,DELBOUIS CARERA MA ADELA RENE ,1B,ACTIVO,407MFC ,2,F62J,15MT,2025-11-01,2025-07-18,30763,445,,W2203140419,SMG,2025-11-20,LIR,47,2025-11-19 08:55:08,2755,R,9MCKU,407MFC ,0,Nor,60,MEDID NO TRABAJA,60,S,MED
2025-12-01 00:00:00,810080502232,31,DW,22,A,02,316,AGUILAR SANTOYO MANUEL ENRIQUE,1B,BAJA SIN MED RET,77UG58 ,1,F121,08JL,2025-11-01,2025-11-21,64,0,,W2203141888,SMC,2025-11-24,LIR,43,,,,,,,,,,,,MED
2025-12-01 00:00:00,810080502941,17,DW,22,A,02,170,LOZANO LLAMAS MARGARITA ARCELI,1B,ACTIVO,331MFE ,2,F62J,15MT,2012-03-01,2012-03-13,529,0,,W2203136683,SMG,2025-11-12,LIR,55,,,,,,,,,,,,MED
2025-12-01 00:00:00,810080602750,33,DW,22,A,01,331,ALBORNOZ HERRERA JOSE ALEJANDR,1B,ACTIVO,28TJ19 ,1,F121,08JL,2025-11-01,2025-09-23,13196,378,,W2203142850,SMG,2025-11-25,LIR,42,2025-11-24 08:06:20,3351,R,9JPYF,28TJ19 ,0,Nor,60,MEDID NO TRABAJA,60,S,MED
2025-12-01 00:00:00,810060800849,08,DW,22,A,02,080,FLORA AMERICA CRIOLLO PAREDES ,1B,ACTIVO,6T990E ,2,F621,06F3,2025-12-01,2025-12-04,63012,404,,W2203113109,SMC,2025-10-03,MED,95,2025-12-04 11:56:32,0851,R,9JR5N,6T990E ,404,Nor,  ,,FR,S,MED
2025-12-01 00:00:00,810080709767,15,DW,22,A,01,154,TERRYMAR INMOBILIARIA SA DE CV,1B,BAJA SIN MED RET,97B6Y5 ,2,F621,08KG,2025-11-01,2025-11-10,4,0,,W2203136211,SMG,2025-11-11,LIR,56,,,,,,,,,,,,MED
2025-12-01 00:00:00,810080709856,15,DW,22,A,01,154,TERRYMAR INMOBILIARIA SA DE CV,1B,BAJA SIN MED RET,97B0Y2 ,2,F621,08KG,2025-11-01,2025-11-10,3,0,,W2203136212,SMC,2025-11-11,LIR,56,,,,,,,,,,,,MED
2025-12-01 00:00:00,810080709881,15,DW,22,A,01,154,TERRYMAR INMOBILIARIA SA DE CV,1B,BAJA SIN MED RET,62B4V1 ,2,F621,08KG,2025-11-01,2025-11-10,4,0,,W2203136213,SMC,2025-11-11,LIR,56,,,,,,,,,,,,MED
2025-12-01 00:00:00,810080807122,09,DW,22,A,02,093,ROBLES LOPEZ FERNANDO GPE     ,1B,ACTIVO,61D2D1 ,2,F421,08KF,2025-11-01,2025-09-03,23150,0,,W2203133265,SMG,2025-11-06,LIR,61,2025-11-05 09:34:03,0903,L,9MCKW,61D2D1 ,0,Nor,60,MEDID NO TRABAJA,60,S,MED
2025-12-01 00:00:00,810080807874,29,DW,22,A,02,297,RODRIGUEZ RUIZ MARIA CRISTINA ,1B,ACTIVO,G755MN ,2,F622,17LM,2008-08-01,2008-08-06,105,0,,W2203141029,SMG,2025-11-21,LIR,46,,,,,,,,,,,,MED
2025-12-01 00:00:00,810081000729,40,DW,22,A,01,401,OSORIO QUIAN CARLOS FERNANDO  ,02,ACTIVO,JCY151 ,2,F623,23NU,2023-12-01,2023-12-27,58118,2,,W2203141622,SMS,2025-11-23,CDG,44,,,,,,,,,,,,GSC
2025-12-01 00:00:00,810081103994,27,DW,22,A,02,273,VERA TELLEZ JACOB             ,1B,ACTIVO,7CFL98 ,2,F623,25P3,2025-11-01,2025-09-18,41639,1459,,W2203140418,SMG,2025-11-20,LIR,47,2025-11-19 08:40:33,2755,R,9MCKU,424MFC ,0,Nor,60,MEDID NO TRABAJA,60,S,MED
2025-12-01 00:00:00,810060902676,31,DW,22,A,02,317,INMOBILIARIA DIAREL SA DE CV  ,1B,ACTIVO,528MBX ,1,F12J,15MR,2006-08-01,2006-09-09,1,0,,W2203141914,SMG,2025-11-24,LIR,43,,,,,,,,,,,,MED
2025-12-01 00:00:00,810081205827,31,DW,22,A,02,317,ARVIZU JOSE A  BERENICE CRUZ  ,1B,ACTIVO,957MCU ,1,F12J,15MR,2025-11-01,2025-07-22,21181,270,,W2203141917,SMG,2025-11-24,LIR,43,2025-11-21 12:01:56,3156,R,9MCKU,957MCU ,0,Nor,60,MEDID NO TRABAJA,60,S,MED
2025-12-01 00:00:00,810081206408,29,DW,22,A,02,297,PEREZ GUAJARDO PABLO          ,1B,ACTIVO,70D5A6 ,2,F421,08KF,2025-11-01,2025-09-20,30815,464,,W2203141030,SMG,2025-11-21,LIR,46,2025-11-20 12:26:28,2903,M,9NCT1,70D5A6 ,0,Nor,60,MEDID NO TRABAJA,60,S,MED
2025-12-01 00:00:00,810090402775,23,DW,22,A,02,230,CASTELLANOS DIAZ MA DEL CARMEN,1B,ACTIVO,45B2D6 ,1,F121,08JL,2025-11-01,2025-09-12,10245,203,,W2203138802,SMG,2025-11-18,LIR,49,2025-11-14 12:54:54,2301,L,9JR5N,45B2D6 ,0,Nor,60,MEDID NO TRABAJA,60,S,MED
2025-12-01 00:00:00,810090402783,23,DW,22,A,02,230,CASTELLANOS DIAZ MA DEL CARMEN,1B,ACTIVO,MKV929 ,1,F123,23NX,2025-11-01,2025-09-12,4606,1255,,W2203138801,SMG,2025-11-18,LIR,49,2025-11-14 12:54:43,2301,L,9JR5N,MKV929 ,0,Nor,60,MEDID NO TRABAJA,60,S,MED
2025-12-01 00:00:00,810090501790,24,DW,22,A,02,245,CUPUL GUTIERREZ JUANA BAUTISTA,1B,ACTIVO,92E5U8 ,1,F12F,08K6,2009-04-01,2009-05-14,0,0,,W2203120500,SMG,2025-10-16,LIR,82,,,,,,,,,,,,MED
2025-12-01 00:00:00,810090502346,09,DW,22,A,02,094,SANTOS SANTIAGO AGRIPINA      ,1B,ACTIVO,RMF410 ,2,F623,24NY,2025-05-01,2025-05-06,36857,209,,W2203145443,SMS,2025-11-29,CDB,38,,,,,,,,,,,,GSC
2025-12-01 00:00:00,810090906897,28,DW,22,A,02,281,ANDA DE LA FUENTE PAOLA       ,1B,CORTADO,705MEN ,2,F62J,15MT,2025-12-01,2025-12-18,19859,0,,W2203122296,SM9,2025-10-20,LIR,78,2025-12-18 11:14:43,2855,R,9ND54,705MEN ,0,Nor,56,NO HAY MEDIDOR,56,S,SSB
2025-12-01 00:00:00,810091001260,09,DW,22,A,02,093,GODINEZ SOSA LUZ MARIA        ,1B,ACTIVO,58D0D4 ,2,F421,08KF,2025-11-01,2025-09-03,45355,810,,W2203133266,SMG,2025-11-06,LIR,61,2025-11-05 09:42:17,0903,L,9MCKW,58D0D4 ,0,Nor,60,MEDID NO TRABAJA,60,S,MED
2025-12-01 00:00:00,810091200611,28,DW,22,A,01,287,CAMAS SUMUANO SERGIO ENRIQUE  ,1B,ACTIVO,936MEF ,2,F62J,15MT,2025-12-01,2025-12-18,23541,719,,W2203120491,SM9,2025-10-16,LIR,82,2025-12-18 06:24:21,2877,T,9P12E,936MEF ,719,Tele,  ,,,,SSB
2025-12-01 00:00:00,810091203733,37,DW,22,A,01,372,ACEVEDO RAMOS JUAN ANTONIO    ,1B,ACTIVO,BE038V ,2,F623,19NV,2025-11-01,2025-09-25,10429,377,,W2203144322,SM2,2025-11-27,SAV,40,2025-11-26 08:34:09,3702,L,9MCKY,BE038V ,89829,Opt,  ,,,,GSC
2025-12-01 00:00:00,810060902722,31,DW,22,A,02,317,INMOBILIARIA DIAREL SA DE CV  ,1B,ACTIVO,598MCN ,1,F12J,15MR,2025-11-01,2025-07-22,14765,466,,W2203141913,SMG,2025-11-24,LIR,43,2025-11-21 11:51:25,3156,R,9MCKU,598MCN ,0,Nor,60,MEDID NO TRABAJA,60,S,MED
2025-12-01 00:00:00,810100102155,35,DW,22,A,01,353,CAB VALENTIN MARTHA SELENE    ,1B,ACTIVO,NL459E ,2,F623,20NU,2021-03-01,2021-03-25,14670,53,,W2203143802,SMC,2025-11-26,LIR,41,,,,,,,,,,,,MED
2025-12-01 00:00:00,810100204225,07,DW,22,A,02,073,MARTIN PRIETO ROJAS           ,1B,ACTIVO,817MEU ,2,F62J,15MT,2025-11-01,2025-09-02,10063,642,,W2203126230,SMC,2025-10-24,CDP,74,2025-11-04 09:51:36,0754,R,9MCKU,817MEU ,0,Nor,56,NO HAY MEDIDOR,56,S,MED
2025-12-01 00:00:00,810100403252,35,DW,22,A,02,353,HERNANDEZ GONZALEZ GRISELDA   ,02,ACTIVO,YB081P ,2,F623,21NU,2010-04-01,2010-04-26,11386,0,,W2203143814,SMC,2025-11-26,LIR,41,,,,,,,,,,,,MED
2025-12-01 00:00:00,810100407801,35,DW,22,A,01,353,GONZALEZ FARARONI LUCINO      ,1B,CORTADO,NT007T ,2,F623,20NU,2021-05-01,2021-05-25,34489,356,,W2203143805,SM9,2025-11-26,LIR,41,,,,,,,,,,,,SSB
2025-12-01 00:00:00,810100602867,31,DW,22,A,02,316,PONCE ESCALANTE MIGUEL        ,1B,ACTIVO,73R86N ,2,F62H,10KN,2010-05-01,2010-06-14,76568,0,,W2203141887,SMG,2025-11-24,LIR,43,,,,,,,,,,,,MED
2025-12-01 00:00:00,810100703442,15,DW,22,A,01,155,BRAVO RESENDIZ ARMANDO        ,1B,ACTIVO,851MDF ,1,F12J,15MR,2025-11-01,2025-11-10,18285,441,,W2203112936,SMS,2025-10-03,W2A,95,2025-11-10 08:47:20,1554,N,9NCT0,851MDF ,441,Nor,  ,,,,GSC
2025-12-01 00:00:00,810070103992,13,DW,22,A,02,135,NATIVIDAD ROSARIO REYES DAMAS ,1B,ACTIVO,A506KY ,2,F622,16LM,2007-01-01,2007-01-17,0,0,,W2203135175,SMG,2025-11-10,LIR,57,,,,,,,,,,,,MED
2025-12-01 00:00:00,810101207767,28,DW,22,A,01,285,JAIME SOTO AMARO              ,1B,ACTIVO,NR867X ,2,F623,20NU,2021-06-01,2021-06-18,5054,109,,W2203122265,SMC,2025-10-20,LIR,78,,,,,,,,,,,,MED
2025-12-01 00:00:00,810110101718,38,DW,22,A,01,383,ESQUERRE LEA BENEDICTE RAPHAEL,1B,ACTIVO,963MFA ,2,F62J,15MT,2025-12-01,2025-12-26,23303,374,,W2203142254,SMS,2025-11-24,CDA,43,2025-12-26 12:43:41,3851,R,GAXPM,963MFA ,374,Nor,  ,,,,GSC
2025-12-01 00:00:00,810110110296,30,DW,22,A,01,308,JIMENEZ CEBALLOS CHRISTIAN E  ,1B,ACTIVO,N032GD ,2,F622,18LM,2018-06-01,2018-06-21,16203,62,,W2203141538,SMS,2025-11-22,CDV,45,,,,,,,,,,,,GSC
2025-12-01 00:00:00,810110115425,26,DW,22,A,01,263,SANCHEZ LOPEZ ROGELIO         ,1B,ACTIVO,HYV842 ,2,F623,23NU,2023-10-01,2023-10-17,10941,819,,W2203121063,SMC,2025-10-17,LIR,81,,,,,,,,,,,,MED
2025-12-01 00:00:00,810110117606,26,DW,22,A,01,261,COLLI YAM CELSO               ,1B,ACTIVO,J295PG ,2,F622,17LM,2010-12-01,2011-01-28,0,0,,W2203130700,SMC,2025-11-01,CDD,66,,,,,,,,,,,,MED
2025-12-01 00:00:00,810110205815,30,DW,22,A,01,308,ALVAREZ POLANCO FELIPE ASUNCIO,1B,BAJA SIN MED RET,X993UL ,2,F622,19LM,2025-12-01,2025-12-23,178,0,,W2203122259,SMC,2025-10-20,LIR,78,2025-12-23 09:33:59,3052,R,GAXPM,X993UL ,0,Nor,51,NO ENCONTRE DOMI,,,MED
2025-12-01 00:00:00,810110405440,35,DW,22,A,01,353,PEREZ LOPEZ NECTALI           ,1B,ACTIVO,05N66L ,2,F62H,10KN,2025-11-01,2025-11-25,33148,0,,W2203143803,SMC,2025-11-26,LIR,41,2025-11-25 08:20:32,3503,L,9JR5R,05N66L ,0,Nor,32,UI DERIVACION,32,S,MED
2025-12-01 00:00:00,810110408708,20,DW,22,A,02,202,MERLIN BAXIN JOSE FRANCISCO   ,1B,ACTIVO,4AUT06 ,2,F623,25P2,2025-12-01,2025-12-12,398,398,,W2203118331,SMC,2025-10-14,LIR,84,2025-12-12 13:57:01,2002,L,9JR5R,4AUT06 ,398,Opt,  ,,,,MED
2025-12-01 00:00:00,810110507668,05,DW,22,A,02,052,ECHEVERRIA LLANES VANESSA DEL ,1B,ACTIVO,859MET ,2,F62J,15MT,2026-01-01,2026-01-02,24719,0,,W2203131411,SMG,2025-11-04,LIR,63,,,,,,,,,,,,MED
2025-12-01 00:00:00,810110509695,37,DW,22,A,01,373,VERA EK ARGENIS ROBERTO       ,1B,ACTIVO,BE499V ,2,F623,19NV,2025-11-01,2025-09-25,18481,563,,W2203144324,SM2,2025-11-27,SAV,40,2025-11-26 11:43:03,3703,L,9JR5R,BE499V ,81677,Opt,  ,,,,GSC
2025-12-01 00:00:00,810110601231,08,DW,22,A,02,082,CAUICH GONGORA JOSE GABRIEL   ,1B,ACTIVO,9AUP46 ,2,F623,25P2,2025-12-01,2025-12-04,440,440,,W2203113843,SMC,2025-10-06,LIR,92,2025-12-04 12:27:21,0802,L,9MCKU,9AUP46 ,440,Opt,  ,,,,MED
2025-12-01 00:00:00,810110800772,23,DW,22,A,01,234,NAVARRO CASTILLO FELIPE JESUS ,1B,ACTIVO,J603MD ,2,F622,17LM,2011-07-01,2007-05-23,349,0,,W2203138815,SMG,2025-11-18,LIR,49,,,,,,,,,,,,MED
2025-12-01 00:00:00,810110908361,09,DW,22,A,02,093,ANDRADE SOSA SUGEY KARIME     ,1B,ACTIVO,65D9H6 ,2,F421,08KF,2025-11-01,2025-07-07,25601,9,,W2203133264,SMC,2025-11-06,LIR,61,2025-11-05 09:04:57,0903,L,9MCKW,65D9H6 ,0,Nor,53,UI SERV DIRECTO,53,S,MED
2025-12-01 00:00:00,810111005917,40,DW,22,A,01,405,ARTEAGA LUGO MAYOLA           ,1B,ACTIVO,U523AE ,2,F622,18LM,2025-12-01,2025-12-29,20306,517,,W2203135481,SMS,2025-11-10,W2A,57,2025-12-29 11:08:33,4055,R,9MCKU,U523AE ,517,Opt,  ,,,,GSC
2025-12-01 00:00:00,810111107728,26,DW,22,A,01,263,AVALOS RUIZ JOSE JUAN         ,1B,ACTIVO,05X67K ,1,F12H,11KU,2025-12-01,2025-12-17,16423,460,,W2203121062,SMG,2025-10-17,LIR,81,2025-12-17 10:56:50,2603,L,9MC4Y,05X67K ,460,Opt,  ,,,,MED
2025-12-01 00:00:00,810120101856,14,DW,22,A,01,143,YAH DIAZ LUCIANO              ,1B,BAJA,,2,,,2024-02-01,2024-02-07,12177,0,,W2203129857,SM9,2025-10-30,CDP,68,2024-02-07 12:02:53,1403,M,9MC4Y,26W31B ,0,Opt,60,MEDID NO TRABAJA,60,S,SSB
2025-12-01 00:00:00,810120102020,11,DW,22,A,01,114,CISNEROS SILVA ZAIDA          ,1B,BAJA SIN MED RET,517MFB ,2,F62J,15MT,2025-11-01,2025-11-06,406,0,,W2203134055,SMG,2025-11-07,LIR,60,,,,,,,,,,,,MED
2025-12-01 00:00:00,810070205906,33,DW,22,A,02,337,IMBILIARIA CAME               ,1B,CORTADO,808ATC ,1,F122,14LN,2007-02-01,2007-02-19,1,0,,W2203142898,SM2,2025-11-25,SAV,42,,,,,,,,,,,,GSC
2025-12-01 00:00:00,810120501897,34,DW,22,A,01,341,ZAMUDIO ROSADO LUCERO DEL CARM,1B,ACTIVO,73H22K ,2,F62H,10KN,2025-12-01,2025-12-23,22587,939,,W2203124952,SMG,2025-10-23,LIR,75,2025-12-23 08:19:42,3401,L,9MCKY,73H22K ,939,Opt,  ,,,,MED
2025-12-01 00:00:00,810120601425,25,DW,22,A,01,252,VAZQUEZ MOGUEL PATRICIA MARISO,1B,ACTIVO,802MCP ,1,F12J,15MR,2025-11-01,2025-09-17,11287,2,,W2203139783,SMG,2025-11-19,LIR,48,2025-11-18 09:10:27,2552,R,9MCKU,802MCP ,0,Nor,60,MEDID NO TRABAJA,60,S,MED
2025-12-01 00:00:00,810120608136,15,DW,22,A,01,155,ROSADO CANCHE DIANA ALICIA    ,1B,ACTIVO,272MDF ,1,F12J,15MR,2012-07-01,2012-08-12,0,0,,W2203136215,SMG,2025-11-11,LIR,56,,,,,,,,,,,,MED
2025-12-01 00:00:00,810070210195,13,DW,22,A,02,135,CERINO VASCOCELOS LUCIO       ,1B,ACTIVO,99MG41 ,2,F421,07GH,2025-11-01,2025-09-05,17741,183,,W2203135177,SMG,2025-11-10,LIR,57,2025-11-07 11:44:11,1304,M,9JR5N,99MG41 ,0,Nor,60,MEDID NO TRABAJA,60,S,MED
2025-12-01 00:00:00,810120902387,11,DW,22,A,01,114,ZONOT CORPORATIVO SA DE CV    ,1B,ACTIVO,310MFY ,2,F62J,15MT,2025-11-01,2025-09-04,12458,400,,W2203134054,SMC,2025-11-07,LIR,60,2025-11-06 09:02:07,1152,R,GA21N,310MFY ,0,Nor,53,UI SERV DIRECTO,53,S,MED
2025-12-01 00:00:00,810120905858,21,DW,22,A,02,211,PANIGUA GARCIA MARIA LAURA    ,1B,ACTIVO,DKB476 ,2,F623,22NU,2023-01-01,2023-01-13,14252,177,,W2203116812,SMC,2025-10-10,CDB,88,,,,,,,,,,,,MED
2025-12-01 00:00:00,810120908318,21,DW,22,A,02,211,LOPEZ GUZMAN JULIO CESAR      ,1B,ACTIVO,835MER ,2,F62J,15MT,2012-07-01,2012-09-23,0,0,,W2203137865,SMG,2025-11-14,LIR,53,,,,,,,,,,,,MED
2025-12-01 00:00:00,810120908377,21,DW,22,A,02,210,MARTINEZ ARROYO NELLY         ,1B,ACTIVO,556MEB ,2,F62J,15MT,2025-11-01,2025-09-11,20890,943,,W2203137857,SMG,2025-11-14,LIR,53,2025-11-13 10:05:02,2151,N,9NCT0,556MEB ,0,Nor,60,MEDID NO TRABAJA,60,S,MED
2025-12-01 00:00:00,810121003246,31,DW,22,A,01,315,CERVANTES CASTILLO ANA BRENDA ,1B,ACTIVO,JCG891 ,2,F623,23NU,2024-01-01,2024-01-19,1233,87,,W2203145545,SMC,2025-11-30,MED,37,,,,,,,,,,,,MED
2025-12-01 00:00:00,810121006857,26,DW,22,A,01,267,KU CAMAS ROSALIA              ,1B,ACTIVO,297KB2 ,2,F622,12LJ,2025-12-01,2025-12-17,23898,423,,W2203131755,SMC,2025-11-04,CDD,63,2025-12-17 14:40:45,2607,L,9MCKY,297KB2 ,423,Opt,  ,,,,MED
2025-12-01 00:00:00,810121200483,34,DW,22,A,02,342,SALGADO QUIROZ FANNY DANIELLE ,1B,ACTIVO,973MET ,2,F62J,15MT,2025-12-01,2025-12-23,14381,1,,W2203125013,SMC,2025-10-23,LIR,75,2025-12-23 06:17:39,3476,T,9P12E,973MET ,1,Tele,31,SERVICIO SIN USO,,,MED
2025-12-01 00:00:00,810121203032,03,DW,22,A,02,031,OLIVAREZ CORDOVA JUAN         ,1B,CORTADO,175MP4 ,2,F622,12LJ,2026-01-01,2025-12-30,21812,743,,W2203130277,SMC,2025-10-31,LIR,67,,,,,,,,,,,,MED
2025-12-01 00:00:00,810121204373,30,DW,22,A,01,305,RAUL CABALLERO VALDEZ         ,1B,ACTIVO,010MW9 ,2,F622,12LJ,2025-12-01,2025-12-19,38198,121,,W2203137471,SMC,2025-11-13,CDB,54,2025-12-19 12:25:47,3004,L,9MCKU,010MW9 ,121,Opt,  ,,,,MED
2025-12-01 00:00:00,810130105493,30,DW,22,A,01,308,JULIAN JOSE MERLO SALAZAR     ,1B,ACTIVO,084MW4 ,2,F622,12LJ,2025-12-01,2025-06-18,8230,0,,W2203122258,SMC,2025-10-20,LIR,78,2025-12-19 14:56:39,3005,L,9JR5R,084MW4 ,0,Nor,53,UI SERV DIRECTO,53,S,MED
2025-12-01 00:00:00,810130106325,30,DW,22,A,01,308,ELIAS CRUZ SANCHEZ            ,1B,ACTIVO,573MW4 ,2,F622,12LJ,2025-12-01,2025-12-19,27971,9,,W2203142404,SMC,2025-11-24,CDD,43,2025-12-19 15:05:37,3005,L,9JR5R,573MW4 ,9,Opt,31,SERVICIO SIN USO,,,MED
2025-12-01 00:00:00,810130209248,33,DW,22,A,01,332,MENDOZA ARGUELLES MONICA SAYDE,1B,ACTIVO,832GJ3 ,2,F622,12LJ,2025-11-01,2025-09-25,973,1115,,W2203143780,SMW,2025-11-26,W22,41,2025-11-24 08:28:25,3301,L,9MCKW,832GJ3 ,0,Nor,56,NO HAY MEDIDOR,56,S,GSC
2025-12-01 00:00:00,810130601385,28,DW,22,A,01,285,CASTRO CHUC LAURA JANET       ,1B,CORTADO,NK860H ,2,F623,20NU,2025-12-01,2025-10-17,29452,168,,W2203138446,SM9,2025-11-17,CDB,50,2025-12-18 12:05:48,2803,L,9MC4Y,NK860H ,0,Nor,53,UI SERV DIRECTO,53,S,SSB
2025-12-01 00:00:00,810130703650,09,DW,22,A,01,094,SOSA MEDINA ROSA MARIA        ,1B,ACTIVO,14E6V7 ,2,F62F,08K6,2025-11-01,2025-09-03,40917,0,,W2203133287,SMG,2025-11-06,LIR,61,2025-11-05 10:33:41,0951,R,GA21N,14E6V7 ,0,Nor,60,MEDID NO TRABAJA,60,S,MED
2025-12-01 00:00:00,810130904299,26,DW,22,A,01,268,CORDOVA CUPIDO GAMALIEL       ,1B,ACTIVO,YR107B ,2,F623,21NU,2025-12-01,2025-12-17,14054,612,,W2203119356,SMC,2025-10-15,LIR,83,2025-12-17 11:48:40,2608,L,9MC60,YR107B ,612,Opt,  ,,,,MED
2025-12-01 00:00:00,810130904787,21,DW,22,A,02,211,CARMONA ARANDA ESMERALDA      ,1B,SUJETO A CORTE,RDX153 ,2,F623,24NY,2024-11-01,2024-11-13,16510,31,,W2203137861,SMG,2025-11-14,LIR,53,,,,,,,,,,,,MED
2025-12-01 00:00:00,810130905732,28,DW,22,A,01,290,MADRIGAL GARCIA LUIS          ,1B,ACTIVO,394TY2 ,1,F122,12LH,2025-12-01,2025-12-18,21185,1622,,W2203120499,SM9,2025-10-16,LIR,82,2025-12-18 12:11:31,2853,R,9JR5N,394TY2 ,1622,Opt,  ,,,,SSB
2025-12-01 00:00:00,810131005263,23,DW,22,A,01,236,BUENFIL GONGORA RUBEN         ,1B,ACTIVO,348B9Y ,2,F622,13LM,2025-11-01,2024-07-16,36729,420,,W2203132577,SMS,2025-11-05,CDL,62,2025-11-14 09:31:00,2356,R,GAXPM,348B9Y ,63670,Nor,  ,,FR,S,GSC
2025-12-01 00:00:00,810131108275,21,DW,22,A,02,210,HERNANDEZ AVILA MARTIN        ,1B,CORTADO,446MEB ,2,F62J,15MT,2025-11-01,2025-09-11,32863,589,,W2203137858,SM9,2025-11-14,LIR,53,2025-11-13 10:37:08,2151,N,9NCT0,446MEB ,0,Nor,60,MEDID NO TRABAJA,60,S,SSB
2025-12-01 00:00:00,810070707243,09,DW,22,A,02,094,BARRIENTOS ZAPOT JOSEFINA     ,1B,ACTIVO,38MJ34 ,2,F421,07GH,2025-11-01,2025-09-03,19151,0,,W2203133269,SMG,2025-11-06,LIR,61,2025-11-05 08:34:01,0904,M,9MC60,38MJ34 ,0,Nor,60,MEDID NO TRABAJA,60,S,MED
2025-12-01 00:00:00,810131207842,32,DW,22,A,01,321,HABITACIONES DE PLAYA DEL CARM,1B,ACTIVO,JCY065 ,2,F623,23NU,2023-12-01,2023-12-21,28470,600,,W2203124110,SMC,2025-10-22,LIR,76,,,,,,,,,,,,MED
2025-12-01 00:00:00,810140402526,17,DW,22,A,02,170,CARMONA FRIAS MARIANA         ,1B,ACTIVO,942MFA ,2,F62J,15MT,2014-03-01,2020-01-20,0,0,,W2203136679,SMC,2025-11-12,LIR,55,,,,,,,,,,,,MED
2025-12-01 00:00:00,810070804028,29,DW,22,A,02,297,VERGARA AGUIRRE JOSE CARLOS   ,1B,ACTIVO,43MJ50 ,2,F421,07GH,2025-11-01,2025-09-22,47901,225,,W2203141019,SMG,2025-11-21,LIR,46,2025-11-20 08:36:32,2903,M,9NCT1,43MJ50 ,0,Nor,60,MEDID NO TRABAJA,60,S,MED
2025-12-01 00:00:00,810140411631,21,DW,22,A,02,211,MARQUEZ ACEVEDO IGNACIO       ,1B,CORTADO,BA941Y ,2,F622,19MP,2022-11-01,2022-11-14,2336,0,,W2203137862,SM9,2025-11-14,LIR,53,,,,,,,,,,,,SSB
2025-12-01 00:00:00,810140508219,33,DW,22,A,02,333,MAY MOGUEL RENE FRANCISCO     ,1B,ACTIVO,586G5E ,2,F622,13LM,2025-11-01,2025-11-24,35220,313,,W2203141577,SMC,2025-11-23,MED,44,,,,,,,,,,,,MED
2025-12-01 00:00:00,810140603866,30,DW,22,A,02,301,SANDOVAL MARCO ANTONIO        ,1B,BAJA SIN MED RET,790G3E ,2,F622,13LM,2025-12-01,2025-12-19,21,0,,W2203123099,SMC,2025-10-21,LIR,77,2025-12-19 15:27:26,3051,R,9MCKY,790G3E ,0,Opt,31,SERVICIO SIN USO,,,MED
2025-12-01 00:00:00,810140707840,31,DW,22,A,02,318,MARTINEZ MORENO CATALINA ISABE,1B,ACTIVO,777TLF ,2,F622,16LM,2025-11-01,2025-09-22,14519,2,,W2203141920,SMC,2025-11-24,LIR,43,2025-11-21 10:17:00,3157,R,9MC4Y,777TLF ,0,Nor,53,UI SERV DIRECTO,53,S,MED
2025-12-01 00:00:00,810140901514,21,DW,22,A,02,211,FIGUEROA ROSAURA MENDIZABAL   ,1B,ACTIVO,688MER ,2,F62J,15MT,2025-11-01,2025-09-11,4543,0,,W2203137863,SMG,2025-11-14,LIR,53,2025-11-13 10:21:06,2152,N,9ND54,688MER ,0,Nor,60,MEDID NO TRABAJA,60,S,MED
2025-12-01 00:00:00,810140901760,31,DW,22,A,01,316,RAUCH LOTTE                   ,1B,ACTIVO,569MFX ,2,F62J,15MT,2025-11-01,2025-09-22,28801,654,,W2203141908,SMG,2025-11-24,LIR,43,2025-11-21 09:11:16,3155,R,9MCKY,569MFX ,0,Nor,64,P. INFRARROJO/MED. D,64,S,MED
2025-12-01 00:00:00,810071202731,29,DW,22,A,02,297,ROMERO LOPEZ ALEX IVAN        ,1B,ACTIVO,32MU96 ,2,F421,07GH,2025-11-01,2025-09-20,34777,0,,W2203141021,SMG,2025-11-21,LIR,46,2025-11-20 09:52:41,2903,M,9NCT1,32MU96 ,0,Nor,60,MEDID NO TRABAJA,60,S,MED
2025-12-01 00:00:00,810140910998,22,DW,22,A,02,221,SANTOS GONZALEZ MARIA ELENA   ,1B,ACTIVO,055H8A ,1,F122,13LN,2025-12-01,2025-08-14,17279,334,,W2203119370,SMG,2025-10-15,LIR,83,2025-12-15 11:18:54,2251,N,9NCT0,055H8A ,0,Nor,60,MEDID NO TRABAJA,60,S,MED
2025-12-01 00:00:00,810141013418,10,DW,22,A,02,101,CAPPELLETTI   STEFANIA        ,1B,ACTIVO,RDX087 ,2,F623,24NY,2014-10-01,2013-01-16,33080,0,,W2203114529,SMC,2025-10-07,LIR,91,,,,,,,,,,,,MED
2025-12-01 00:00:00,810141111142,13,DW,22,A,02,135,RAVELL AGUILAR ARTURO         ,1B,ACTIVO,NK343H ,2,F623,20NU,2021-03-01,2021-03-10,13541,0,,W2203135176,SMG,2025-11-10,LIR,57,,,,,,,,,,,,MED
2025-12-01 00:00:00,810071206108,29,DW,22,A,02,297,PACZKA SANCHEZ REBECA         ,1B,ACTIVO,63MX44 ,2,F421,07GH,2025-11-01,2025-09-20,26831,0,,W2203141022,SMG,2025-11-21,LIR,46,2025-11-20 09:59:09,2903,M,9NCT1,63MX44 ,0,Nor,60,MEDID NO TRABAJA,60,S,MED
2025-12-01 00:00:00,810141217315,14,DW,22,A,01,144,GOMEZ SANCHEZ CESAR ADAN      ,1B,ACTIVO,896T1R ,2,F622,14LM,2025-12-01,2025-12-09,33609,488,,W2203129934,SMC,2025-10-30,CDA,68,2025-12-09 10:08:58,1403,M,9ND54,896T1R ,488,Opt,  ,,,,MED
2025-12-01 00:00:00,810071206302,29,DW,22,A,02,297,RINCON DELGADO ELIZABETH ADRIA,1B,ACTIVO,67MX97 ,2,F421,07GH,2025-11-01,2025-09-20,8667,154,,W2203141023,SMG,2025-11-21,LIR,46,2025-11-20 10:30:02,2903,M,9NCT1,67MX97 ,0,Nor,60,MEDID NO TRABAJA,60,S,MED
2025-12-01 00:00:00,810150206946,21,DW,22,A,02,211,DE LEON PEDROZA ALBERTO ANTONI,1B,ACTIVO,145X3T ,2,F622,14LM,2025-11-01,2025-11-13,21229,3,,W2203137860,SMC,2025-11-14,LIR,53,,,,,,,,,,,,MED
2025-12-01 00:00:00,810150210544,31,DW,22,A,02,317,GONZALEZ LOPEZ GABRIELA       ,1B,ACTIVO,781MFC ,2,F62J,15MT,2025-11-01,2025-09-22,71959,1720,,W2203141910,SMG,2025-11-24,LIR,43,2025-11-21 07:18:06,3156,R,9MCKU,781MFC ,0,Nor,60,MEDID NO TRABAJA,60,S,MED
2025-12-01 00:00:00,810150305685,23,DW,22,A,02,230,EVER PUGA DE BOLLER MARISA    ,1B,CORTADO,237X2T ,2,F622,14LM,2025-11-01,2025-11-14,42570,0,,W2203132558,SM9,2025-11-05,CDD,62,2025-11-14 08:46:36,2301,L,9JR5N,237X2T ,0,Opt,31,SERVICIO SIN USO,,,SSB
2025-12-01 00:00:00,810150308242,23,DW,22,A,02,230,SANCHEZ LEDEZMA MARIA DOLORES ,1B,ACTIVO,R412HX ,2,F622,18LM,2025-11-01,2025-09-12,5193,0,,W2203138805,SMC,2025-11-18,LIR,49,2025-11-14 08:13:51,2301,L,9JR5N,R412HX ,0,Nor,53,UI SERV DIRECTO,53,S,MED
2025-12-01 00:00:00,810150512214,30,DW,22,A,02,301,SOSA AVILA MARIA DE JESUS     ,1B,ACTIVO,2X8J34 ,2,F421,02GH,2025-12-01,2025-12-19,22242,22,,W2203123091,SMC,2025-10-21,LIR,77,2025-12-19 12:40:00,3051,R,9MCKY,2X8J34 ,22,Nor,  ,,,,MED
2025-12-01 00:00:00,810150603201,16,DW,22,A,01,163,ACOSTA ITZA DARIO EMMANUEL    ,1B,ACTIVO,86E79F ,2,F62H,10KN,2025-12-01,2025-12-10,21166,1526,,W2203116722,SMG,2025-10-10,LIR,88,2025-12-10 11:54:00,1601,M,9MCKY,86E79F ,1526,Opt,  ,,,,MED
2025-12-01 00:00:00,810150609196,09,DW,22,A,01,094,CARDENAS NUNEZ LOURDES        ,1B,BAJA SIN MED RET,830MDB ,1,F12J,15MR,2015-05-01,1997-01-03,5953,0,,W2203133285,SMG,2025-11-06,LIR,61,,,,,,,,,,,,MED
2025-12-01 00:00:00,810150703087,33,DW,22,A,02,333,ROSALES HUIDOBRO JESUS        ,1B,ACTIVO,0G011Y ,1,F121,05JL,2025-11-01,2025-09-23,29193,238,,W2203144029,SMG,2025-11-26,LIR,41,2025-11-26 09:37:11,3352,R,9ND54,0G011Y ,0,Nor,60,MEDID NO TRABAJA,60,S,MED
2025-12-01 00:00:00,810150803863,27,DW,22,A,01,274,PALANKAR INGENIERIA SA DE CV  ,02,ACTIVO,578MFC ,2,F62J,15MT,2017-03-01,2017-03-17,935,0,,W2203140413,SMG,2025-11-20,LIR,47,,,,,,,,,,,,MED
2025-12-01 00:00:00,810150907740,17,DW,22,A,02,172,ALVAREZ AVALOS DIANA KAREN    ,1B,ACTIVO,REK772 ,2,F623,24NY,2025-11-01,2025-07-11,4001,0,,W2203136684,SMC,2025-11-12,LIR,55,2025-11-11 08:53:32,1754,N,9NCT0,REK772 ,0,Nor,53,UI SERV DIRECTO,53,S,MED
2025-12-01 00:00:00,810150908142,40,DW,22,A,01,401,RODRIGUEZ CORTIZO VICTOR      ,1B,ACTIVO,392MFM ,1,F62J,15MT,2025-12-01,2025-12-29,30910,0,,W2203140539,SM2,2025-11-20,MED,47,2025-12-29 10:44:42,4051,R,9NCT0,392MFM ,0,Nor,31,SERVICIO SIN USO,,,GSC
2025-12-01 00:00:00,810151006355,40,DW,22,A,01,401,RODRIGUEZ CORTIZO VICTOR      ,1B,ACTIVO,708MFM ,2,F62J,15MT,2025-12-01,2025-12-29,14653,0,,W2203140536,SM2,2025-11-20,MED,47,2025-12-29 10:42:39,4051,R,9NCT0,708MFM ,0,Nor,31,SERVICIO SIN USO,,,GSC
2025-12-01 00:00:00,810151011120,09,DW,22,A,02,091,RUIZ GARCIA ANTONIA           ,1B,ACTIVO,632FUY ,2,F622,15LM,2025-11-01,2025-11-05,33115,1655,,W2203123498,SMC,2025-10-21,CDX,77,2025-11-05 10:53:26,0901,M,9ND54,632FUY ,1655,Opt,  ,,,,MED
2025-12-01 00:00:00,810151012711,09,DW,22,A,01,095,GIUSSANI ALBERTO              ,1B,ACTIVO,604MFT ,2,F62J,15MT,2025-11-01,2025-07-07,44030,526,,W2203133289,SMG,2025-11-06,LIR,61,2025-11-05 07:58:20,0952,R,9MCKU,604MFT ,0,Nor,60,MEDID NO TRABAJA,60,S,MED
2025-12-01 00:00:00,810071206400,29,DW,22,A,02,297,MORALEZ CASTELLANOS LUIS PAULI,1B,SUJETO A CORTE,67MX95 ,2,F421,07GH,2025-11-01,2025-09-20,27689,187,,W2203141024,SMG,2025-11-21,LIR,46,2025-11-20 10:31:43,2903,M,9NCT1,67MX95 ,0,Nor,60,MEDID NO TRABAJA,60,S,MED
2025-12-01 00:00:00,810080302292,25,DW,22,A,01,251,YAH DIAZ JOSE FELICIANO       ,1B,ACTIVO,BA555W ,2,F622,19MP,2008-01-01,2008-03-13,0,0,,W2203139777,SMG,2025-11-19,LIR,48,,,,,,,,,,,,MED
2025-12-01 00:00:00,810151210351,31,DW,22,A,02,319,CARRILLO MARTIN HECTOR        ,1B,ACTIVO,HLW213 ,2,F623,23NY,2025-11-01,2025-11-23,0,78,,W2203141894,SMC,2025-11-24,LIR,43,2025-11-21 11:19:00,3102,L,GAXPM,105JJB ,0,Nor,53,UI SERV DIRECTO,53,S,MED
2025-12-01 00:00:00,810080700492,23,DW,22,A,01,232,OJEDA VARGUEZ MARIA DEL CARMEN,1B,ACTIVO,NR087V ,2,F623,20NU,2021-07-01,2021-07-15,80030,33,,W2203138810,SMC,2025-11-18,LIR,49,,,,,,,,,,,,MED
2025-12-01 00:00:00,810160102634,31,DW,22,A,02,319,LOPEZ GARCIA MANUEL           ,1B,BAJA SIN MED RET,321JJD ,2,F622,15LM,2025-11-01,2025-11-21,15088,0,,W2203141892,SMG,2025-11-24,LIR,43,,,,,,,,,,,,MED
2025-12-01 00:00:00,810160104106,10,DW,22,A,02,101,ORTIZ CASAL JUAN IGNACIO      ,1B,ACTIVO,1DVP12 ,2,F623,25NY,2025-12-01,2025-12-05,526,99872,,W2203114525,SMC,2025-10-07,LIR,91,2025-12-05 08:44:14,1053,N,9MCKW,1DVP12 ,198,Opt,  ,,,,MED
2025-12-01 00:00:00,810160105986,31,DW,22,A,02,319,ELOISA JIMENEZ AGUILAR        ,1B,ACTIVO,060JJB ,2,F622,15LM,2025-11-01,2025-09-22,26384,118,,W2203141897,SMC,2025-11-24,LIR,43,2025-11-21 12:59:32,3102,L,GAXPM,060JJB ,0,Nor,53,UI SERV DIRECTO,53,S,MED
2025-12-01 00:00:00,810160201381,15,DW,22,A,01,156,CASTRO GARCIA RICARDO         ,1B,BAJA SIN MED RET,ML657D ,2,F623,20NU,2025-11-01,2025-11-10,5089,0,,W2203136222,SMC,2025-11-11,LIR,56,,,,,,,,,,,,MED
2025-12-01 00:00:00,810160305454,33,DW,22,A,01,332,CORTES CRUZ JUAN JOSE         ,1B,ACTIVO,859JKY ,2,F622,15LM,2025-11-01,2025-09-23,10340,0,,W2203142831,SMG,2025-11-25,LIR,42,2025-11-24 13:44:01,3301,L,9MCKW,859JKY ,0,Opt,60,MEDID NO TRABAJA,60,S,MED
2025-12-01 00:00:00,810160306400,31,DW,22,A,02,317,JONATHAN ALBERTO LAGIER FALCON,1B,ACTIVO,BE882Y ,2,F623,19NV,2025-11-01,2025-11-21,9811,71,,W2203141989,SM2,2025-11-24,SAV,43,2025-11-21 10:33:13,3156,R,9MCKU,BE882Y ,99774,Nor,  ,,FR,S,GSC
2025-12-01 00:00:00,810160412862,26,DW,22,A,01,269,GUZMAN JUAREZ HECTOR          ,1B,ACTIVO,384JKY ,2,F622,15LM,2025-12-01,2025-12-17,20230,869,,W2203119364,SMC,2025-10-15,LIR,83,2025-12-17 08:27:47,2609,L,9ND54,384JKY ,869,Opt,  ,,,,MED
2025-12-01 00:00:00,810081107884,09,DW,22,A,02,094,ZUNIGA MARTINEZ NANCY         ,1B,ACTIVO,MF976K ,2,F623,20NU,2025-11-01,2025-09-03,16682,557,,W2203133267,SMC,2025-11-06,LIR,61,2025-11-05 07:42:43,0904,M,9MC60,MF976K ,0,Nor,65,UI MED INVERTIDO,65,S,MED
2025-12-01 00:00:00,810091215464,35,DW,22,A,01,353,MARQUEZ PEREZ ADRIANA FRANCISC,1B,CORTADO,NL812C ,2,F623,20NU,2025-11-01,2025-11-25,9175,0,,W2203143804,SM9,2025-11-26,LIR,41,2025-11-25 08:42:00,3503,L,9JR5R,NL812C ,0,Opt,32,UI DERIVACION,32,S,SSB
2025-12-01 00:00:00,810101001174,37,DW,22,A,01,373,WITZIL TZAB JOSE EDILBERTO    ,1B,ACTIVO,752FUY ,2,F622,15LM,2025-11-01,2025-09-25,14451,192,,W2203144269,SMG,2025-11-27,LIR,40,2025-11-26 10:39:25,3703,L,9JR5R,752FUY ,0,Nor,60,MEDID NO TRABAJA,60,S,MED
2025-12-01 00:00:00,810160716659,31,DW,22,A,01,312,SALAYA SUMOHANO SELESTE YENIS ,1B,ACTIVO,634JPP ,2,F62J,15L2,2025-11-01,2025-11-21,38763,843,,W2203141902,SMG,2025-11-24,LIR,43,,,,,,,,,,,,MED
2025-12-01 00:00:00,810160902126,34,DW,22,A,02,341,RIOS MEDINA ARMANDO ABRAHAM   ,1B,ACTIVO,NT500A ,2,F623,20NU,2025-12-01,2025-08-22,12950,255,,W2203114562,SMC,2025-10-07,MED,91,2025-12-23 16:15:46,3404,L,9MCKU,NT500A ,0,Nor,56,NO HAY MEDIDOR,56,S,MED
2025-12-01 00:00:00,810160905826,20,DW,22,A,01,201,BOJORQUEZ CANUL WUILIAN       ,1B,ACTIVO,397TGU ,2,F622,16LM,2025-12-01,2025-08-13,16390,57,,W2203118330,SMC,2025-10-14,LIR,84,2025-12-12 10:31:35,2001,L,9MC4Y,397TGU ,0,Nor,53,UI SERV DIRECTO,53,S,MED
2025-12-01 00:00:00,810160913985,20,DW,22,A,01,201,RAMOS CRUZ DERFILIA           ,1B,ACTIVO,796TGW ,2,F622,16LM,2025-12-01,2025-12-12,10750,110,,W2203125406,SMC,2025-10-23,CDD,75,2025-12-12 11:00:04,2001,L,9MC4Y,796TGW ,110,Opt,  ,,,,MED
2025-12-01 00:00:00,810161006329,37,DW,22,A,01,372,OLIVARES CADENA DORIS SOPHIA  ,1B,ACTIVO,9CFL23 ,2,F623,25P3,2025-11-01,2025-07-25,6859,0,,W2203144267,SMC,2025-11-27,LIR,40,2025-11-26 08:47:38,3702,L,9MCKY,DV094V ,0,Nor,53,UI SERV DIRECTO,53,S,MED
2025-12-01 00:00:00,810161012973,13,DW,22,A,02,134,CAMACHO SOSA GABRIEL ALBERTO  ,1B,ACTIVO,551TLG ,2,F622,16LM,2025-11-01,2025-07-09,24482,128,,W2203135173,SMC,2025-11-10,LIR,57,2025-11-07 08:25:28,1303,L,9MCKU,551TLG ,0,Nor,53,UI SERV DIRECTO,53,S,MED
2025-12-01 00:00:00,810170108347,32,DW,22,A,01,324,GUADARRAMA GARCIA ARACELI     ,1B,ACTIVO,49P4A0 ,2,F62H,09KN,2025-12-01,2025-12-22,13875,1056,,W2203124307,SM9,2025-10-22,MED,76,2025-12-22 08:10:03,3203,L,9MC4Y,49P4A0 ,1056,Opt,  ,,,,SSB
2025-12-01 00:00:00,810120306474,09,DW,22,A,01,094,ARCILA PATRON EDUARDO         ,1B,ACTIVO,733G8E ,1,F622,13LM,2025-11-01,2025-09-03,22107,52,,W2203133288,SMG,2025-11-06,LIR,61,2025-11-05 10:35:42,0951,R,GA21N,733G8E ,0,Opt,60,MEDID NO TRABAJA,60,S,MED
2025-12-01 00:00:00,810120800207,28,DW,22,A,01,289,AMIEVA ROJAS CARLOS DANIEL    ,1B,ACTIVO,4AUT04 ,2,F623,25P2,2025-06-01,2025-06-16,36000,80,,W2203120494,SMC,2025-10-16,LIR,82,,,,,,,,,,,,MED
2025-12-01 00:00:00,810170205431,33,DW,22,A,01,332,ROBLEDO CERRILLO MARTHA       ,1B,ACTIVO,341MBH ,2,F622,16LM,2025-11-01,2025-09-23,22713,785,,W2203142830,SMC,2025-11-25,LIR,42,2025-11-24 12:42:30,3301,L,9MCKW,341MBH ,0,Nor,53,UI SERV DIRECTO,53,S,MED
2025-12-01 00:00:00,810170301571,20,DW,22,A,02,203,LAZARO TUN LENNY AURORA       ,1B,ACTIVO,A256MG ,2,F622,16LM,2025-12-01,2025-12-12,18282,1061,,W2203118336,SMC,2025-10-14,LIR,84,2025-12-12 10:33:37,2053,R,9MCKU,A256MG ,1061,Opt,  ,,,,MED
2025-12-01 00:00:00,810170302593,09,DW,22,A,02,095,MARTINEZ RAMIREZ IGNACIO      ,1B,ACTIVO,JDE509 ,2,F623,23NU,2024-01-01,2024-01-08,14785,165,,W2203133274,SMG,2025-11-06,LIR,61,,,,,,,,,,,,MED
2025-12-01 00:00:00,810170305908,32,DW,22,A,01,324,CORDOVA DE LA CRUZ JAIME      ,1B,ACTIVO,A752KY ,2,F622,16LM,2025-12-01,2025-12-22,19624,1184,,W2203124091,SMC,2025-10-22,LIR,76,2025-12-22 08:25:32,3203,L,9MC4Y,A752KY ,1184,Opt,  ,,,,MED
2025-12-01 00:00:00,810170400951,23,DW,22,A,01,233,AGUILAR ACOSTA RAUL           ,1B,ACTIVO,A978KX ,2,F622,16LM,2025-11-01,2024-05-16,14209,0,,W2203138813,SMG,2025-11-18,LIR,49,2025-11-14 12:23:55,2353,R,9JR5R,A978KX ,0,Nor,60,MEDID NO TRABAJA,60,S,MED
2025-12-01 00:00:00,810170507420,32,DW,22,A,01,324,KAUIL CANUL LUIS ARMANDO      ,1B,ACTIVO,RDX565 ,2,F623,24NY,2024-10-01,2024-10-21,11777,0,,W2203124094,SMC,2025-10-22,LIR,76,2024-10-22 12:28:29,3256,R,9JR5N,RDX565 ,0,Nor,59,DISPLAY APAGADO,,,MED
2025-12-01 00:00:00,810170610379,36,DW,22,A,01,362,VERDE BRICENO CLARA DEL ROSARI,1B,ACTIVO,048X9T ,2,F622,14LM,2025-12-01,2025-06-25,26628,419,,W2203125750,SMC,2025-10-24,LIR,74,2025-12-26 14:48:30,3602,L,9MC4Y,048X9T ,0,Nor,56,NO HAY MEDIDOR,56,S,MED
2025-12-01 00:00:00,810170705418,15,DW,22,A,01,156,MARTINEZ PINEDA ELEUTERIO     ,1B,BAJA SIN MED RET,EP071K ,1,F123,19NM,2021-01-01,2021-01-13,1134,0,,W2203136221,SMG,2025-11-11,LIR,56,,,,,,,,,,,,MED
2025-12-01 00:00:00,810170705825,25,DW,22,A,01,252,BELLAVISTA ESTRADA GERARDO JOS,1B,ACTIVO,675GJ0 ,2,F622,12LJ,2025-11-01,2025-09-17,13824,144,,W2203139782,SMG,2025-11-19,LIR,48,2025-11-18 09:08:15,2552,R,9MCKU,675GJ0 ,0,Nor,60,MEDID NO TRABAJA,60,S,MED
2025-12-01 00:00:00,810170707054,15,DW,22,A,01,156,AMBROCIO ENRIQUEZ FRANCISCA   ,1B,ACTIVO,832JV6 ,2,F622,12LJ,2025-11-01,2025-09-08,1,0,,W2203136224,SMG,2025-11-11,LIR,56,2025-11-10 11:45:49,1555,R,9MC4Y,832JV6 ,0,Nor,60,MEDID NO TRABAJA,60,S,MED
2025-12-01 00:00:00,810170803185,33,DW,22,A,01,331,BERINI LILIANA                ,1B,ACTIVO,910G0E ,2,F622,13LM,2025-11-01,2025-09-23,4135,79,,W2203142849,SMG,2025-11-25,LIR,42,2025-11-24 08:05:23,3351,R,9JPYF,910G0E ,0,Nor,60,MEDID NO TRABAJA,60,S,MED
2025-12-01 00:00:00,810171006530,30,DW,22,A,01,303,CAAMAL QUETZAL JORGE LUIS     ,1B,CORTADO,A228LB ,2,F622,16LM,2025-12-01,2025-12-19,14285,0,,W2203123038,SM9,2025-10-21,LIR,77,2025-12-19 08:53:39,3003,L,9ND54,A228LB ,0,Opt,31,SERVICIO SIN USO,,,SSB
2025-12-01 00:00:00,810171105929,30,DW,22,A,01,303,REYES GOMEZ RONAL             ,1B,SUJETO A CORTE,573JLB ,2,F622,15LM,2025-12-01,2025-06-19,15095,372,,W2203123037,SMC,2025-10-21,LIR,77,2025-12-19 08:49:38,3003,L,9ND54,573JLB ,0,Nor,60,MEDID NO TRABAJA,60,S,MED
2025-12-01 00:00:00,810171106011,30,DW,22,A,01,303,MONTEJO PEREZ DULCE MARIA     ,1B,CORTADO,726G1E ,2,F622,13LM,2025-12-01,2025-12-19,22956,35,,W2203123040,SMC,2025-10-21,LIR,77,2025-12-19 08:54:21,3003,L,9ND54,726G1E ,35,Opt,  ,,,,MED
2025-12-01 00:00:00,810171106062,30,DW,22,A,01,303,BALAM MAY PABLO JESUS         ,1B,ACTIVO,941MBL ,2,F622,16LM,2025-12-01,2025-12-19,12007,0,,W2203123041,SMG,2025-10-21,LIR,77,2025-12-19 08:59:08,3003,L,9ND54,941MBL ,0,Opt,31,SERVICIO SIN USO,,,MED
2025-12-01 00:00:00,810171106429,31,DW,22,A,01,312,TIRARDO TIRADO IVAN           ,1B,ACTIVO,X138UH ,2,F622,19LM,2025-11-01,2025-11-21,25794,1670,,W2203134525,SMC,2025-11-07,CDP,60,,,,,,,,,,,,MED
2025-12-01 00:00:00,810171108430,30,DW,22,A,01,303,CASTRO LOPEZ FELIX            ,1B,CORTADO,J084DT ,2,F622,17LM,2025-12-01,2025-12-19,15568,0,,W2203123044,SM9,2025-10-21,LIR,77,2025-12-19 10:04:16,3003,L,9ND54,J084DT ,0,Opt,32,UI DERIVACION,32,S,SSB
2025-12-01 00:00:00,810171109355,30,DW,22,A,01,303,LOEZA ARJONA MARIO EDUARDO    ,1B,CORTADO,J809DR ,2,F622,17LM,2025-12-01,2025-08-20,9260,439,,W2203123047,SM9,2025-10-21,LIR,77,2025-12-19 10:45:41,3003,L,9ND54,J809DR ,0,Nor,53,UI SERV DIRECTO,53,S,SSB
2025-12-01 00:00:00,810171109371,30,DW,22,A,01,303,OCH UCAN JUAN CARLOS          ,1B,CORTADO,G880VP ,2,F622,17LM,2025-12-01,2025-12-19,8871,0,,W2203123045,SM9,2025-10-21,LIR,77,2025-12-19 10:44:23,3003,L,9ND54,G880VP ,0,Opt,31,SERVICIO SIN USO,,,SSB
2025-12-01 00:00:00,810171114502,32,DW,22,A,01,321,URIBE REYNOSO HUGO            ,1B,CORTADO,J784DT ,2,F622,17LM,2025-12-01,2025-12-22,49842,1828,,W2203124109,SM9,2025-10-22,LIR,76,2025-12-22 15:47:51,3251,R,GA21N,J784DT ,1828,Nor,  ,,LM,S,SSB
2025-12-01 00:00:00,810180403738,36,DW,22,A,01,362,NAVA ABARCA MARCOS            ,1B,CORTADO,J406RB ,2,F622,17LM,2025-12-01,2025-12-26,9100,0,,W2203129654,SM9,2025-10-30,CDB,68,2025-12-26 14:02:08,3602,L,9MC4Y,J406RB ,0,Opt,31,SERVICIO SIN USO,,,SSB
2025-12-01 00:00:00,810180406851,36,DW,22,A,01,363,CHI RAMOS CRISTHIAN GABRIELA  ,1B,ACTIVO,J928PJ ,2,F622,17LM,2025-12-01,2025-12-27,26466,0,,W2203125752,SMC,2025-10-24,LIR,74,2025-12-27 08:56:58,3603,L,9ND54,J928PJ ,0,Opt,31,SERVICIO SIN USO,,,MED
2025-12-01 00:00:00,810180501365,34,DW,22,A,02,343,ROBLES NVARRO BRENDA ABRIL    ,1B,ACTIVO,J358MB ,2,F622,17LM,2025-12-01,2025-12-23,26623,804,,W2203113203,SM2,2025-10-03,MED,95,2025-12-23 18:56:26,3405,L,9NCT0,J358MB ,804,Opt,  ,,,,GSC
2025-12-01 00:00:00,810180604288,14,DW,22,A,01,143,COUOH MEJIA SILVERIO          ,1B,CORTADO,J332PG ,2,F622,17LM,2025-12-01,2025-12-09,4458,0,,W2203116002,SM9,2025-10-09,LIR,89,2025-12-09 08:28:53,1402,L,9MC4Y,J332PG ,0,Opt,31,SERVICIO SIN USO,,,SSB
2025-12-01 00:00:00,810180605667,25,DW,22,A,01,251,PUC UXUL HEIDY M              ,1B,ACTIVO,798JV8 ,2,F622,12LJ,2025-11-01,2025-11-18,34026,0,,W2203139776,SMC,2025-11-19,LIR,48,2025-11-18 07:43:49,2551,N,9ND54,798JV8 ,0,Nor,32,UI DERIVACION,32,S,MED
2025-12-01 00:00:00,810180808584,36,DW,22,A,01,363,BRAVO VELAZQUEZ ANTONIO       ,1B,CORTADO,N966DB ,2,F622,18LM,2025-12-01,2025-06-25,8248,290,,W2203125753,SM9,2025-10-24,LIR,74,2025-12-27 10:26:18,3603,L,9ND54,N966DB ,0,Nor,53,UI SERV DIRECTO,53,S,SSB
2025-12-01 00:00:00,810180814959,36,DW,22,A,01,363,FRANCISCO JAVIER UC BALAM     ,1B,BAJA,,2,,,2021-08-01,2021-08-24,4726,0,,W2203144610,SMC,2025-11-27,CDV,40,,,,,,,,,,,,MED
2025-12-01 00:00:00,810070602549,33,DW,22,A,02,337,GUZMAN CANO CECILIA           ,1B,ACTIVO,TB019E ,1,F123,21NX,2022-03-01,2022-03-23,6313,0,,W2203142847,SMG,2025-11-25,LIR,42,,,,,,,,,,,,MED
2025-12-01 00:00:00,810140409687,21,DW,22,A,02,210,KOYOC BALAM JOSE GABRIEL      ,1B,ACTIVO,442MEB ,2,F62J,15MT,2025-11-01,2025-09-11,15865,310,,W2203137856,SMG,2025-11-14,LIR,53,2025-11-13 08:04:02,2151,N,9NCT0,442MEB ,0,Nor,60,MEDID NO TRABAJA,60,S,MED
2025-12-01 00:00:00,810181201900,26,DW,22,A,01,268,RIVAS PEDRO JOSE ANGEL        ,1B,ACTIVO,96N09R ,2,F62H,10KN,2025-12-01,2025-08-14,30212,2516,,W2203119355,SMC,2025-10-15,LIR,83,2025-12-17 11:44:16,2608,L,9MC60,96N09R ,0,Nor,53,UI SERV DIRECTO,53,S,MED
2025-12-01 00:00:00,810140906966,17,DW,22,A,01,177,LOMELI VEGA ROSARIO           ,1B,ACTIVO,9CFL10 ,2,F623,25P3,2025-11-01,2025-12-08,0,0,,W2203136677,SMC,2025-11-12,LIR,55,2025-11-11 12:39:15,1752,R,9MCKY,RBE208 ,0,Nor,53,UI SERV DIRECTO,53,S,MED
2025-12-01 00:00:00,810181205123,11,DW,22,A,02,111,ROMERO HURTADO OSCAR          ,1B,ACTIVO,KKP973 ,2,F623,23NU,2025-11-01,2025-09-04,6339,102,,W2203134048,SMC,2025-11-07,LIR,60,2025-11-06 09:03:53,1102,L,9PJYL,KKP973 ,0,Nor,53,UI SERV DIRECTO,53,S,MED
2025-12-01 00:00:00,810181206430,20,DW,22,A,01,201,CHAN MOO KARLA ELIDE          ,1B,CORTADO,V037CA ,2,F622,18LM,2025-12-01,2025-08-13,11360,232,,W2203118328,SM9,2025-10-14,LIR,84,2025-12-12 09:41:47,2001,L,9MC4Y,V037CA ,0,Nor,53,UI SERV DIRECTO,53,S,SSB
2025-12-01 00:00:00,810190303014,17,DW,22,A,02,175,MEDINA MARTINEZ SILVIA MARIA  ,1B,ACTIVO,062VD6 ,2,F622,12LJ,2025-11-01,2025-11-11,15258,569,,W2203113227,SMC,2025-10-03,CDD,95,2025-11-11 08:00:11,1702,M,9ND54,062VD6 ,569,Opt,  ,,,,MED
2025-12-01 00:00:00,810190404040,19,DW,22,A,01,196,MONSREAL PARRA ROGER D        ,1B,ACTIVO,DTC109 ,2,F623,22NU,2023-01-01,2023-01-13,13268,1009,,W2203137231,SMG,2025-11-13,LIR,54,,,,,,,,,,,,MED
2025-12-01 00:00:00,810141207093,29,DW,22,A,02,297,BORBOLLA ROMERO JOSE LUIS     ,1B,ACTIVO,884T5R ,2,F622,14LM,2025-11-01,2025-09-19,10106,0,,W2203141027,SMG,2025-11-21,LIR,46,2025-11-20 11:40:16,2903,M,9NCT1,884T5R ,0,Opt,60,MEDID NO TRABAJA,60,S,MED
2025-12-01 00:00:00,810150108227,25,DW,22,A,01,254,MIRALLES   MIGUEL             ,1B,ACTIVO,YF992Y ,2,F623,21NU,2015-01-01,2015-01-23,0,0,,W2203113025,SMC,2025-10-03,W2A,95,,,,,,,,,,,,MED
2025-12-01 00:00:00,810190729500,26,DW,22,A,01,264,REYES SANCHEZ DIANI VINNISA   ,1B,CORTADO,Y335BK ,2,F623,19NU,2025-12-01,2025-08-18,11923,183,,W2203121064,SM9,2025-10-17,LIR,81,2025-12-17 11:09:25,2604,L,9MCKU,Y335BK ,0,Nor,53,UI SERV DIRECTO,53,S,SSB
2025-12-01 00:00:00,810190803661,27,DW,22,A,02,271,CADEPROC SA DE CV             ,1B,ACTIVO,EP549K ,1,F123,19NM,2019-07-01,2019-08-12,0,0,,W2203140416,SMC,2025-11-20,LIR,47,,,,,,,,,,,,MED
2025-12-01 00:00:00,810190810897,35,DW,22,A,01,355,AVENDANO AGUILAR FERNANDO     ,1B,ACTIVO,Y330BM ,2,F623,19NU,2025-11-01,2025-09-24,20854,1056,,W2203143809,SMC,2025-11-26,LIR,41,2025-11-25 09:34:19,3504,L,9MCKW,Y330BM ,0,Nor,53,UI SERV DIRECTO,53,S,MED
2025-12-01 00:00:00,810190811427,35,DW,22,A,01,355,KUMUL TUN ZAQUEO              ,1B,ACTIVO,Y225BM ,2,F623,19NU,2025-11-01,2025-09-24,9326,0,,W2203143808,SMG,2025-11-26,LIR,41,2025-11-25 09:32:04,3504,L,9MCKW,Y225BM ,0,Opt,60,MEDID NO TRABAJA,60,S,MED
2025-12-01 00:00:00,810191100214,35,DW,22,A,01,353,CHI PAT CLARA ELIZABETH       ,1B,CORTADO,JAE972 ,2,F623,23NU,2025-11-01,2025-09-24,2918,237,,W2203143806,SM9,2025-11-26,LIR,41,2025-11-25 12:46:17,3503,L,9JR5R,JAE972 ,0,Nor,53,UI SERV DIRECTO,53,S,SSB
2025-12-01 00:00:00,810191101601,35,DW,22,A,01,356,DE LA CRUZ JUAREZ JOSE ADALBER,1B,ACTIVO,96L12A ,2,F62H,10KN,2025-11-01,2025-11-25,13076,276,,W2203128962,SMC,2025-10-29,MED,69,2025-11-25 09:07:03,3505,L,GAXPM,96L12A ,276,Opt,  ,,,,MED
2025-12-01 00:00:00,810191106921,24,DW,22,A,02,245,CRISANTO AVENDANO ITZEL IVONNE,1B,ACTIVO,JNL910 ,2,F623,23NU,2024-06-01,2024-06-14,13237,831,,W2203120501,SMC,2025-10-16,LIR,82,,,,,,,,,,,,MED
2025-12-01 00:00:00,810191110112,21,DW,22,A,02,211,ROMAN VALDEZ EMILIO ESTANISLAO,1B,ACTIVO,7DVG85 ,2,F623,25NY,2025-09-01,2025-09-11,18021,749,,W2203133474,SMC,2025-11-06,CDX,61,,,,,,,,,,,,MED
2025-12-01 00:00:00,810191202238,23,DW,22,A,01,233,RUIZ ROSADO JORGE E           ,1B,CORTADO,Y682ME ,2,F623,19NU,2025-11-01,2025-07-16,16247,1164,,W2203138811,SMG,2025-11-18,LIR,49,2025-11-14 11:12:03,2353,R,9JR5R,Y682ME ,0,Nor,60,MEDID NO TRABAJA,60,S,MED
2025-12-01 00:00:00,810191204656,30,DW,22,A,02,301,BORGEZ Y FRANCO ADDY MARIA    ,1B,ACTIVO,L679UE ,1,F122,18LN,2025-12-01,2025-12-19,23577,673,,W2203125374,SM2,2025-10-23,CDK,75,2025-12-19 14:35:11,3051,R,9MCKY,L679UE ,673,Opt,  ,,,,GSC
2025-12-01 00:00:00,810191209640,31,DW,22,A,01,315,MERINO HERNANDEZ ERASTO       ,1B,CORTADO,RDW995 ,2,F623,24NY,2025-11-01,2025-09-22,8223,1536,,W2203141906,SM9,2025-11-24,LIR,43,2025-11-21 11:55:26,3154,N,9MC60,RDW995 ,0,Nor,53,UI SERV DIRECTO,53,S,SSB
2025-12-01 00:00:00,810200107651,77,DW,22,A,01,772,ALTAN REDES S A P I  DE C V   ,02,ACTIVO,X847UN ,2,F622,19LM,2025-12-01,2025-10-22,44830,741,,W2203142916,SMG,2025-11-25,LIR,42,2025-12-26 14:20:58,7702,L,9MCKY,X847UN ,0,Nor,64,P. INFRARROJO/MED. D,64,S,MED
2025-12-01 00:00:00,810200107707,35,DW,22,A,01,352,SIERRA BARRERA BEATRIZ GUADALU,1B,ACTIVO,X942UN ,2,F622,19LM,2025-11-01,2025-09-24,14786,686,,W2203143797,SMG,2025-11-26,LIR,41,2025-11-25 08:10:08,3502,M,9ND54,X942UN ,0,Nor,64,P. INFRARROJO/MED. D,64,S,MED
2025-12-01 00:00:00,810200302534,31,DW,22,A,02,319,TUK CHUC ANGELA PETRONILA     ,1B,ACTIVO,DW803P ,2,F623,19NU,2025-11-01,2025-09-22,11004,93,,W2203141895,SMC,2025-11-24,LIR,43,2025-11-21 11:30:20,3102,L,GAXPM,DW803P ,0,Nor,53,UI SERV DIRECTO,53,S,MED
2025-12-01 00:00:00,810200305908,25,DW,22,A,01,252,CUEVAS GARRIDO MARIA LUISA    ,1B,ACTIVO,DV027V ,2,F623,19NU,2025-11-01,2025-09-17,12908,427,,W2203139780,SMG,2025-11-19,LIR,48,2025-11-18 07:59:02,2552,R,9MCKU,DV027V ,0,Nor,60,MEDID NO TRABAJA,60,S,MED
2025-12-01 00:00:00,810151209078,17,DW,22,A,02,177,GRANADOS AGUIRRE SAMANTHA GIOV,1B,ACTIVO,1BCV18 ,2,F623,25P2,2025-11-01,2025-11-15,0,0,,W2203136689,SMC,2025-11-12,LIR,55,2025-11-11 09:20:07,1756,R,9JR5R,150MEM ,0,Nor,53,UI SERV DIRECTO,53,S,MED
2025-12-01 00:00:00,810151209515,09,DW,22,A,02,094,RODRIGUEZ AVILA HECTOR MARTIN ,1B,CORTADO,102JHW ,2,F622,15LM,2025-11-01,2025-09-03,22388,714,,W2203133271,SM9,2025-11-06,LIR,61,2025-11-05 09:21:07,0904,M,9MC60,102JHW ,0,Nor,53,UI SERV DIRECTO,53,S,SSB
2025-12-01 00:00:00,810200503807,23,DW,22,A,02,230,CANO SERRANO LUZ PATRICIA     ,1B,ACTIVO,NT610J ,2,F623,20NU,2021-05-01,2021-05-17,1159,9,,W2203144214,SM2,2025-11-26,MED,41,,,,,,,,,,,,GSC
2025-12-01 00:00:00,810151210742,31,DW,22,A,02,319,YAN MATOS TERESITA            ,1B,BAJA SIN MED RET,102JJB ,2,F622,15LM,2025-11-01,2025-11-21,13764,0,,W2203141893,SMC,2025-11-24,LIR,43,,,,,,,,,,,,MED
2025-12-01 00:00:00,810200711493,36,DW,22,A,01,364,CONTRERAS ACOSTA SELENE ALICIA,1B,ACTIVO,Y683PC ,2,F623,19NU,2025-12-01,2025-08-25,14517,285,,W2203125755,SMC,2025-10-24,LIR,74,2025-12-26 11:25:27,3604,L,9MC60,Y683PC ,0,Nor,53,UI SERV DIRECTO,53,S,MED
2025-12-01 00:00:00,810200803851,35,DW,22,A,01,356,MESIAS HERNANDEZ PATRICIA     ,1B,CORTADO,51R24N ,2,F62H,10KN,2025-11-01,2025-09-24,6969,351,,W2203143812,SM9,2025-11-26,LIR,41,2025-11-25 07:36:33,3505,L,GAXPM,51R24N ,0,Nor,53,UI SERV DIRECTO,53,S,SSB
2025-12-01 00:00:00,810200902981,30,DW,22,A,02,301,ROMAN GONZALEZ ELIZABETH      ,1B,ACTIVO,RDD626 ,2,F623,24NY,2024-12-01,2024-12-19,298,3,,W2203123087,SMG,2025-10-21,LIR,77,,,,,,,,,,,,MED
2025-12-01 00:00:00,810160414539,26,DW,22,A,01,269,EK CITUK CANDIDO              ,1B,ACTIVO,798JKA ,2,F622,15LM,2025-12-01,2025-12-17,17604,1581,,W2203119365,SMC,2025-10-15,LIR,83,2025-12-17 08:28:06,2609,L,9ND54,798JKA ,1581,Opt,  ,,,,MED
2025-12-01 00:00:00,810201112399,35,DW,22,A,01,352,INMOBILIARIA   CADU           ,1B,BAJA SIN MED RET,ML382J ,2,F623,20NU,2025-11-01,2025-11-25,18135,0,,W2203143799,SMC,2025-11-26,LIR,41,,,,,,,,,,,,MED
2025-12-01 00:00:00,810201115991,23,DW,22,A,01,231,OYOSA LARA ARTURO             ,1B,ACTIVO,1BDJ24 ,2,F623,25P2,2025-11-01,2025-11-14,73,73,,W2203126030,SMC,2025-10-24,MED,74,2025-11-14 10:13:42,2351,R,9MC4Y,1BDJ24 ,73,Opt,  ,,,,MED
2025-12-01 00:00:00,810201117412,07,DW,22,A,02,075,LEO JOHNSON                   ,1B,ACTIVO,UV973A ,2,F623,21NY,2022-01-01,2022-01-03,397,19,,W2203130557,SMC,2025-10-31,CDB,67,,,,,,,,,,,,MED
2025-12-01 00:00:00,810201207942,19,DW,22,A,01,197,ZACARIAS AVILA OBET           ,1B,BAJA SIN MED RET,NK083K ,2,F623,20NU,2025-11-01,2025-11-12,2591,0,,W2203137233,SMC,2025-11-13,LIR,54,,,,,,,,,,,,MED
2025-12-01 00:00:00,810160414598,26,DW,22,A,01,269,ALCANTARA GARCIA HILARIO      ,1B,ACTIVO,786JKA ,2,F622,15LM,2025-12-01,2025-12-17,31968,963,,W2203119363,SMC,2025-10-15,LIR,83,2025-12-17 08:25:37,2609,L,9ND54,786JKA ,963,Opt,  ,,,,MED
2025-12-01 00:00:00,810160707421,09,DW,22,A,01,096,CUXIM CHE SUEMY DEL ROCIO     ,1B,ACTIVO,406JHL ,2,F622,15LM,2025-11-01,2025-07-07,14051,2,,W2203133292,SMG,2025-11-06,LIR,61,2025-11-05 12:58:07,0953,R,9JR5R,406JHL ,0,Nor,60,MEDID NO TRABAJA,60,S,MED
2025-12-01 00:00:00,810210602633,09,DW,22,A,02,094,SALAZAR DE LA CRUZ JOSE LUIS  ,1B,CORTADO,WTP770 ,2,F623,24P2,2025-11-01,2025-09-03,0,80,,W2203133268,SM9,2025-11-06,LIR,61,2025-11-05 08:18:42,0904,M,9MC60,WTP770 ,0,Nor,53,UI SERV DIRECTO,53,S,SSB
2025-12-01 00:00:00,810210606400,26,DW,22,A,01,268,CEBALLOS MOREJON JOSE MANUEL  ,1B,ACTIVO,NR498V ,2,F623,20NU,2025-12-01,2025-08-14,8188,0,,W2203119354,SMC,2025-10-15,LIR,83,2025-12-17 11:44:08,2608,L,9MC60,NR498V ,0,Nor,53,UI SERV DIRECTO,53,S,MED
2025-12-01 00:00:00,810210608461,21,DW,22,A,02,211,ARROYO RUMBO MARCO ANTONIO    ,1B,CORTADO,JFP284 ,2,F623,23NU,2025-11-01,2025-11-13,1023,0,,W2203137864,SM9,2025-11-14,LIR,53,2025-11-13 10:58:31,2152,N,9ND54,JFP284 ,0,Opt,32,UI DERIVACION,32,S,SSB
2025-12-01 00:00:00,810210801407,35,DW,22,A,02,354,LOPEZ LOYA ALAN OCTAVIO       ,1B,ACTIVO,T352UL ,2,F622,18LM,2022-03-01,2022-03-23,1001,317,,W2203143817,SMG,2025-11-26,LIR,41,,,,,,,,,,,,MED
2025-12-01 00:00:00,810210908414,31,DW,22,A,01,311,ORLIMANUEL SA DE CV           ,1B,ACTIVO,MK258V ,2,F623,20NU,2025-11-01,2025-11-21,378,0,,W2203141900,SMC,2025-11-24,LIR,43,2025-11-21 08:41:47,3151,R,9JPYF,MK258V ,0,Nor,32,UI DERIVACION,32,S,MED
2025-12-01 00:00:00,810211006627,31,DW,22,A,02,317,SAMANO CEJA JOSE MARCELO      ,1B,ACTIVO,YB950V ,2,F623,21NU,2025-11-01,2024-07-22,1289,67,,W2203141915,SMG,2025-11-24,LIR,43,2025-11-21 12:00:09,3156,R,9MCKU,YB950V ,0,Nor,60,MEDID NO TRABAJA,60,S,MED
2025-12-01 00:00:00,810170202432,21,DW,22,A,02,210,MELENDEZ FERNANDEZ SUEMI ENRIQ,1B,BAJA SIN MED RET,859PHV ,2,F622,16LM,2025-11-01,2025-11-13,42501,0,,W2203137859,SMC,2025-11-14,LIR,53,,,,,,,,,,,,MED
2025-12-01 00:00:00,810170202904,23,DW,22,A,01,235,ROMERO ISLAS RICARDO ADALBERTO,1B,ACTIVO,U054AE ,2,F622,18LM,2025-11-01,2025-07-16,10941,0,,W2203138818,SMG,2025-11-18,LIR,49,2025-11-14 08:07:39,2355,N,9NCT0,U054AE ,0,Opt,60,MEDID NO TRABAJA,60,S,MED
2025-12-01 00:00:00,810220103520,26,DW,22,A,01,261,CONTRERAS LEAL RUBI LETICIA   ,1B,CORTADO,YP523U ,2,F623,21NU,2025-12-01,2025-05-29,5449,1651,,W2203122637,SM9,2025-10-20,LIR,78,2025-12-19 10:04:08,2652,R,9MC60,YP523U ,98349,Opt,44,NUM MEDID DESIGU,44,S,SSB
2025-12-01 00:00:00,810220306625,07,DW,22,A,02,074,LEDESMA TORRES ANGEL          ,1B,ACTIVO,R298XK ,3,KL2E,18MV,2025-11-01,2025-09-02,19788,1017,,W2203132198,SMG,2025-11-05,LIR,62,2025-11-04 12:49:05,0755,R,9MCKW,R298XK ,0,Nor,60,MEDID NO TRABAJA,60,S,MED
2025-12-01 00:00:00,810220310568,30,DW,22,A,02,301,CAUICH CASTILLO ROSA AURORA   ,1B,CORTADO,VJ199C ,1,F122,21LN,2025-12-01,2025-08-20,5222,302,,W2203123093,SM9,2025-10-21,LIR,77,2025-12-19 14:36:58,3051,R,9MCKY,VJ199C ,0,Nor,53,UI SERV DIRECTO,53,S,SSB
2025-12-01 00:00:00,810131200091,03,DW,22,A,02,030,ALEJANDRO OLAN MARIA ARACELI  ,1B,ACTIVO,151G3C ,2,F622,13LM,2026-01-01,2025-12-30,20013,440,,W2203130273,SMC,2025-10-31,LIR,67,,,,,,,,,,,,MED
2025-12-01 00:00:00,810220704680,34,DW,22,A,01,341,ROMERO BUSTOS JULIO CESAR     ,1B,CORTADO,YJ067N ,2,F623,21NU,2025-12-01,2025-10-22,9702,0,,W2203124953,SM9,2025-10-23,LIR,75,2025-12-23 14:27:17,3401,L,9MCKY,YJ067N ,0,Nor,53,UI SERV DIRECTO,53,S,SSB
2025-12-01 00:00:00,810220901264,31,DW,22,A,02,316,LIZAMA HERNANDEZ MONICA ESTEFA,1B,ACTIVO,BE964J ,2,F623,19NV,2025-11-01,2025-09-22,4402,646,,W2203141889,SMG,2025-11-24,LIR,43,2025-11-21 08:19:21,3101,M,9JR5N,BE964J ,0,Nor,60,MEDID NO TRABAJA,60,S,MED
2025-12-01 00:00:00,810220905235,09,DW,22,A,02,091,CAMACHO ORTIZ MIGUEL MAURICIO ,1B,ACTIVO,FF113C ,2,F622,19MP,2025-11-01,2025-11-05,3335,0,,W2203133260,SMC,2025-11-06,LIR,61,2025-11-05 08:28:21,0901,M,9ND54,FF113C ,0,Nor,32,UI DERIVACION,32,S,MED
2025-12-01 00:00:00,810181203147,29,DW,22,A,02,297,CARRERA OLAN LUIS FELIPE      ,1B,CORTADO,V391BY ,2,F622,18LM,2025-11-01,2025-11-20,23422,0,,W2203141028,SM9,2025-11-21,LIR,46,2025-11-20 11:43:49,2903,M,9NCT1,V391BY ,0,Opt,32,UI DERIVACION,32,S,SSB
2025-12-01 00:00:00,810221206144,35,DW,22,A,02,354,SANDOVAL MALDONADO MAURICIO   ,1B,ACTIVO,DTC127 ,2,F623,22NU,2025-11-01,2025-11-25,9395,965,,W2203116179,SMC,2025-10-09,CDB,89,2025-11-25 09:20:48,3507,L,9MCKY,DTC127 ,965,Opt,  ,,,,MED
2025-12-01 00:00:00,810221207400,23,DW,22,A,01,233,QUIAN UCAN ROMARIO RAMIRO     ,1B,ACTIVO,DTC545 ,2,F623,22NU,2025-11-01,2025-01-15,755,54,,W2203138812,SMG,2025-11-18,LIR,49,2025-11-14 11:54:38,2353,R,9JR5R,DTC545 ,0,Nor,60,MEDID NO TRABAJA,60,S,MED
2025-12-01 00:00:00,810230106331,09,DW,22,A,02,096,CABELLO GARCIA SUSANA         ,1B,ACTIVO,DRW472 ,2,F623,22NU,2025-11-01,2025-09-03,155,5,,W2203133278,SMG,2025-11-06,LIR,61,2025-11-05 10:01:20,0906,L,9JPYF,DRW472 ,0,Opt,60,MEDID NO TRABAJA,60,S,MED
2025-12-01 00:00:00,810230303616,26,DW,22,A,02,262,JOSE MANUEL PERERA JIMENEZ    ,1B,ACTIVO,UW156K ,2,F623,21NY,2025-12-01,2025-04-15,6161,0,,W2203121072,SMC,2025-10-17,LIR,81,2025-12-17 10:59:43,2610,L,GAXPM,UW156K ,0,Nor,53,UI SERV DIRECTO,53,S,MED
2025-12-01 00:00:00,810230306739,28,DW,22,A,01,288,NANDAYAPA ALVAREZ PABLO       ,1B,ACTIVO,UU702G ,2,F623,21NY,2025-12-01,2025-12-18,4286,318,,W2203119842,SMC,2025-10-15,CDL,83,2025-12-18 11:04:17,2804,L,9JR5R,UU702G ,318,Opt,  ,,,,MED
2025-12-01 00:00:00,810230601293,07,DW,22,A,02,074,IBARRA MORALES JOSE CARLOS    ,1B,CORTADO,UD478U ,2,F623,21NY,2025-11-01,2025-07-04,19673,1723,,W2203132197,SMC,2025-11-05,LIR,62,2025-11-04 09:00:27,0755,R,9MCKW,UD478U ,0,Nor,53,UI SERV DIRECTO,53,S,MED
2025-12-01 00:00:00,810230675131,39,DW,22,A,01,391,MORALES ARCOS HECTOR ABUNDIO  ,1B,ACTIVO,UL430G ,2,F623,21NY,2025-11-01,2025-11-27,1684,0,,W2203144813,SMC,2025-11-28,LIR,39,2025-11-27 10:45:50,3901,M,9ND54,UL430G ,0,Opt,32,UI DERIVACION,32,S,MED
2025-12-01 00:00:00,810230802043,23,DW,22,A,01,234,MUNOZ GOMEZ GLORIA MARIXCHEL  ,1B,ACTIVO,DHN546 ,2,F623,22NU,2025-11-01,2025-09-12,93,8,,W2203138816,SMG,2025-11-18,LIR,49,2025-11-14 09:05:26,2354,N,9ND54,DHN546 ,0,Opt,60,MEDID NO TRABAJA,60,S,MED
2025-12-01 00:00:00,810190707051,35,DW,22,A,01,355,PUEBLA MORALES FATIMA ISABEL  ,1B,ACTIVO,NL214E ,2,F623,20NU,2021-03-01,2021-03-25,4700,94,,W2203141579,SM2,2025-11-23,MED,44,,,,,,,,,,,,GSC
2025-12-01 00:00:00,810240301611,03,DW,22,A,02,031,JUAREZ CALDERON EZEQUIEL      ,1B,CORTADO,JGB066 ,2,F623,23NU,2026-01-01,2025-12-30,2974,0,,W2203130276,SM9,2025-10-31,LIR,67,,,,,,,,,,,,SSB
2025-12-01 00:00:00,810240412138,33,DW,22,A,02,334,RODRIGUEZ LOPEZ MIGUEL        ,1B,ACTIVO,DV532Y ,2,F623,19NU,2025-11-01,2025-09-23,78,8,,W2203142839,SMG,2025-11-25,LIR,42,2025-11-24 08:33:08,3303,M,9JR5N,DV532Y ,0,Nor,60,MEDID NO TRABAJA,60,S,MED
2025-12-01 00:00:00,810190711678,35,DW,22,A,01,355,ACOSTA GARCIA ELIZABETH       ,1B,ACTIVO,W278KU ,2,F622,19LM,2025-11-01,2025-11-25,25817,684,,W2203143807,SMG,2025-11-26,LIR,41,,,,,,,,,,,,MED
2025-12-01 00:00:00,810240606471,28,DW,22,A,01,286,RIVIERA SOL SA DE CV          ,1B,ACTIVO,NR789N ,2,F623,20NU,2025-12-01,2025-12-18,4528,826,,W2203120489,SMC,2025-10-16,LIR,82,2025-12-18 15:56:35,2856,R,9MCKV,NR789N ,826,Opt,  ,,,,MED
2025-12-01 00:00:00,810240701113,33,DW,22,C,08,333,MCPHERSON RECIO JORGE EDUARDO ,1B,ACTIVO,2AAY49 ,2,F623,25NY,2025-11-01,2025-11-24,1044,1044,,W2203130901,SMC,2025-11-03,CDF,64,,,,,,,,,,,,MED
2025-12-01 00:00:00,810240800740,32,DW,22,A,02,322,PROYECTO Y DESARROLLOS COMVIVE,1B,ACTIVO,REM253 ,2,F623,24NY,2025-12-01,2025-12-22,8550,5029,,W2203121703,SMC,2025-10-18,CDP,80,2025-12-22 07:53:29,3202,L,9NCT1,REM253 ,5029,Opt,  ,,,,MED
2025-12-01 00:00:00,810240900051,09,DW,22,A,02,093,TRUJILLO AGUILAR EDITH        ,1B,CORTADO,REK827 ,2,F623,24NY,2025-11-01,2025-09-03,715,217,,W2203133263,SM9,2025-11-06,LIR,61,2025-11-05 09:03:03,0903,L,9MCKW,REK827 ,0,Nor,53,UI SERV DIRECTO,53,S,SSB
2025-12-01 00:00:00,810240904472,26,DW,22,A,01,262,BELTRAN ANGULO FABIOLA        ,1B,ACTIVO,RDV431 ,2,F623,24NY,2025-12-01,2025-12-17,343,55,,W2203121059,SMC,2025-10-17,LIR,81,2025-12-17 11:23:11,2602,M,9NCT1,RDV431 ,55,Opt,  ,,,,MED
2025-12-01 00:00:00,810241000089,13,DW,22,A,02,135,LEYVA GARCIA DANIEL           ,1B,ACTIVO,3AUT96 ,2,F623,25P2,2025-11-01,2025-10-13,0,0,,W2203135174,SMC,2025-11-10,LIR,57,2025-11-07 07:39:58,1304,M,9JR5N,3AUT96 ,0,Nor,53,UI SERV DIRECTO,53,S,MED
2025-12-01 00:00:00,810241008314,33,DW,22,A,02,336,BACAB GOMEZ JOANA BELEM       ,1B,ACTIVO,MKW266 ,1,F123,23NX,2025-11-01,2025-09-23,0,0,,W2203144032,SMG,2025-11-26,LIR,41,2025-11-26 10:46:25,3352,R,9ND54,MKW266 ,0,Opt,60,MEDID NO TRABAJA,60,S,MED
2025-12-01 00:00:00,810241103872,07,DW,22,A,01,078,MARTINEZ GUZMAN MARIELA       ,1B,BAJA SIN MED RET,WTH651 ,2,F623,24P2,2025-11-01,2025-11-04,4531,0,,W2203132193,SMC,2025-11-05,LIR,62,,,,,,,,,,,,MED
2025-12-01 00:00:00,810241107380,39,DW,22,A,01,393,VAZQUEZ JUAREZ GLORIA SALOME  ,1B,ACTIVO,WPV928 ,2,F623,24P2,2025-11-01,2025-11-27,2337,373,,W2203127790,SMC,2025-10-28,CDL,70,2025-11-27 11:09:06,3903,L,9JR5N,WPV928 ,373,Opt,  ,,,,MED
2025-12-01 00:00:00,810241107916,33,DW,22,A,02,336,DE JESUS DOROTEO GERONIMO     ,1B,ACTIVO,LMX778 ,1,F123,23NX,2025-11-01,2025-11-24,2385,217,,W2203136694,SMS,2025-11-12,CDD,55,,,,,,,,,,,,GSC
2025-12-01 00:00:00,810200310031,31,DW,22,A,01,312,MAYRA GUADALUPE VENUS         ,1B,CORTADO,DW455P ,2,F623,19NU,2025-11-01,2025-09-22,57289,71,,W2203141903,SM9,2025-11-24,LIR,43,2025-11-21 11:09:42,3152,N,9NCT1,DW455P ,0,Opt,60,MEDID NO TRABAJA,60,S,SSB
2025-12-01 00:00:00,810241204091,26,DW,22,A,01,261,LOPEZ GARCIA KEMBLY SARET     ,1B,CORTADO,WTF070 ,2,F623,24P2,2025-12-01,2025-12-17,2578,0,,W2203121057,SM9,2025-10-17,LIR,81,2025-12-17 12:54:22,2601,L,GA21N,WTF070 ,0,Opt,31,SERVICIO SIN USO,,,SSB
2025-12-01 00:00:00,810250103052,33,DW,22,A,02,336,GARCIA RUVALCABA CARMEN ALEJAN,1B,ACTIVO,RBK208 ,2,F623,24NY,2025-11-01,2025-03-25,0,0,,W2203144033,SMC,2025-11-26,LIR,41,2025-11-26 11:03:27,3352,R,9ND54,RBK208 ,0,Nor,53,UI SERV DIRECTO,53,S,MED
2025-12-01 00:00:00,810250108895,28,DW,22,A,01,286,RIVIERA SOL SA DE CV          ,1B,ACTIVO,RBT712 ,2,F623,24NY,2025-12-01,2025-12-18,3445,694,,W2203120486,SMC,2025-10-16,LIR,82,2025-12-18 15:58:28,2856,R,9MCKV,RBT712 ,694,Opt,  ,,,,MED
2025-12-01 00:00:00,810250211165,28,DW,22,A,01,286,RIVIERA SOL                   ,1B,ACTIVO,RBM215 ,2,F623,24NY,2025-12-01,2025-12-18,10156,1964,,W2203120487,SMC,2025-10-16,LIR,82,2025-12-18 15:57:33,2856,R,9MCKV,RBM215 ,1964,Opt,  ,,,,MED
2025-12-01 00:00:00,810250302195,32,DW,22,A,02,322,VARGUEZ CASTILLO FREDDY SAMUEL,1B,ACTIVO,RBA941 ,2,F623,24NY,2025-12-01,2025-12-22,1841,201,,W2203132593,SMS,2025-11-05,CDC,62,2025-12-22 12:20:34,3202,L,9NCT1,RBA941 ,201,Opt,  ,,,,GSC
2025-12-01 00:00:00,810250307090,28,DW,22,A,01,286,RIVIERA SOL SA DE CV          ,1B,ACTIVO,RAX719 ,2,F623,24NY,2025-12-01,2025-12-18,10762,2349,,W2203120490,SMC,2025-10-16,LIR,82,2025-12-18 15:58:14,2856,R,9MCKV,RAX719 ,2349,Opt,  ,,,,MED
2025-12-01 00:00:00,810250406705,39,DW,22,A,02,391,MORALES PRADO ALMA ARELI      ,1B,ACTIVO,RMG911 ,2,F623,24NY,2025-11-01,2025-11-27,346,0,,W2203144818,SMC,2025-11-28,LIR,39,2025-11-27 10:45:09,3904,L,9JR5R,RMG911 ,0,Nor,32,UI DERIVACION,32,S,MED
2025-12-01 00:00:00,810250606542,03,DW,22,A,02,030,DIAZ PEREZ JULIA GUADALUPE    ,1B,ACTIVO,4AAL73 ,2,F623,25NY,2026-01-01,2025-12-30,1167,745,,W2203130274,SMC,2025-10-31,LIR,67,,,,,,,,,,,,MED
2025-12-01 00:00:00,810250700077,26,DW,22,A,02,262,HERNANDEZ MORALES VIRGINIA    ,1B,ACTIVO,6DVK85 ,2,F623,25NY,2025-12-01,2025-12-17,0,0,,W2203122638,SMC,2025-10-20,LIR,78,2025-12-19 13:06:57,2652,R,9MC60,6DVK85 ,0,Opt,31,SERVICIO SIN USO,,,MED
2025-12-01 00:00:00,810250700514,70,DW,22,A,01,701,INMOBILIARIA 48               ,03,ACTIVO,CFT897 ,3,KL28,22NJ,2025-12-01,2025-12-10,17825,12768,,W2203111573,SMC,2025-10-01,W2B,97,2025-12-16 15:25:06,7051,R,GA21N,CFT897 ,12768,Opt,  ,,,,MED
2025-12-01 00:00:00,810250801728,33,DW,22,C,08,333,SALCEDA MENDOZA VERONICA YERAR,1B,ACTIVO,7DVM81 ,2,F623,25NY,2025-11-01,2025-09-23,608,608,,W2203143034,SMG,2025-11-25,LIR,42,2025-11-24 12:33:01,3328,L,GAPKM,7DVM81 ,0,Nor,60,MEDID NO TRABAJA,60,S,MED
2025-12-01 00:00:00,810250900564,11,DW,22,A,01,111,POLLARD AMY SABIN             ,1B,ACTIVO,G719XU ,3,KL28,17KE,2025-11-01,2025-11-06,0,0,,W2203134051,SMG,2025-11-07,LIR,60,2025-11-06 11:23:46,1151,N,9ND54,G719XU ,0,Nor,60,MEDID NO TRABAJA,60,S,MED
2025-12-01 00:00:00,810250900572,11,DW,22,A,01,111,CRUDELLO MATTHEW VINCENT      ,1B,ACTIVO,PY327F ,3,KL28,21KE,2025-11-01,2025-11-06,3,3,,W2203134052,SMC,2025-11-07,LIR,60,,,,,,,,,,,,MED
2025-12-01 00:00:00,810250908026,31,DW,22,A,02,316,MAGALLON ESTRADA JOSE ALBERTO ,1B,ACTIVO,UD926N ,2,F623,21NY,2025-11-01,2025-11-21,0,0,,W2203141891,SMG,2025-11-24,LIR,43,2025-11-21 08:30:25,3101,M,9JR5N,UD926N ,0,Opt,60,MEDID NO TRABAJA,60,S,MED
2025-12-01 00:00:00,810250908255,35,DW,22,A,02,354,MONTIEL RIOS GALYA            ,1B,ACTIVO,2AUU39 ,2,F623,25P2,2025-11-01,2025-11-25,422,422,,W2203134633,SMC,2025-11-08,CDL,59,,,,,,,,,,,,MED
2025-12-01 00:00:00,810251002209,31,DW,22,A,01,312,RESENDIZ RUBIO MARIA GLORIA PE,1B,ACTIVO,8AUX09 ,2,F623,25P2,2025-11-01,2025-11-21,294,294,,W2203128771,SMS,2025-10-29,CDD,69,2025-11-21 11:44:15,3152,N,9NCT1,8AUX09 ,294,Opt,  ,,,,GSC
2025-12-01 00:00:00,810251104605,33,DW,22,A,02,334,HERRERA DOMINGUEZ VANY RACHEL ,1B,ACTIVO,8CFL64 ,2,F623,25P3,2025-11-01,2025-12-01,0,0,,W2203144030,SMC,2025-11-26,LIR,41,2025-11-26 12:15:14,3352,R,9ND54,3AUT49 ,0,Nor,53,UI SERV DIRECTO,53,S,MED
2025-12-01 00:00:00,810200315717,37,DW,22,A,01,371,CASTILLO GARCIA ALDO ANTONIO  ,1B,CORTADO,DW587K ,2,F623,19NU,2025-11-01,2025-11-26,2867,0,,W2203128276,SMC,2025-10-28,MED,70,2025-11-26 11:34:45,3701,L,9JPYF,DW587K ,0,Opt,31,SERVICIO SIN USO,,,MED
2025-12-01 00:00:00,810951000070,12,DW,22,A,02,122,JESUS J LOZANO                ,1B,ACTIVO,529MGC ,3,FD2J,15MU,2025-12-01,2025-06-06,86008,34,,W2203115330,SM2,2025-10-08,SAV,90,2025-12-08 06:50:17,1278,T,GA4VN,529MGC ,99464,Tele,  ,,,,GSC
2025-12-01 00:00:00,810961000167,19,DW,22,A,01,197,MA IRENE MEDINA GOMEZ         ,1B,ACTIVO,487MCW ,1,F12J,15MR,2025-11-01,2025-11-12,9884,36,,W2203114808,SMC,2025-10-07,MED,91,2025-11-12 06:11:02,1976,T,GA4VN,487MCW ,36,Tele,  ,,,,MED
2025-12-01 00:00:00,810970900588,10,DW,22,A,01,102,VILLAS NOELA SDE RL DE CV     ,1B,BAJA SIN MED RET,523MEL ,2,F62J,15MT,2025-12-01,2025-12-05,11723,0,,W2203114517,SMC,2025-10-07,LIR,91,2025-12-05 11:20:19,1051,N,9JR5R,523MEL ,0,Nor,56,NO HAY MEDIDOR,56,S,MED
2025-12-01 00:00:00,810990101894,25,DW,22,A,01,254,RESTAURANT SERGIOS            ,02,ACTIVO,990MEV ,2,F62J,15MT,2025-11-01,2025-09-17,97306,1812,,W2203139784,SMG,2025-11-19,LIR,48,2025-11-18 12:44:18,2553,R,9MCKY,990MEV ,0,Nor,64,P. INFRARROJO/MED. D,64,S,MED
2025-12-01 00:00:00,811100701641,84,DW,22,B,01,044,FARMACON S A DE C V           ,02,ACTIVO,978BLF ,3,KL2R,14KE,2017-02-01,2017-02-07,4842,3269,,W2203131061,SM2,2025-11-03,W2B,64,,,,,,,,,,,,GSC
2025-12-01 00:00:00,811140301378,28,DW,22,B,01,283,MEZO VIVAS JUANA              ,1D,BAJA,,2,,,2024-05-01,2024-05-29,1132,0,,W2203137496,SMC,2025-11-13,W2B,54,,,,,,,,,,,,MED
2025-12-01 00:00:00,811241000913,17,DW,22,B,01,174,MAI MARENTE JAVIER JESUS      ,1D,ACTIVO,WTP860 ,2,F623,24P2,2025-11-01,2025-11-20,0,0,,W2203137018,SM2,2025-11-12,MED,55,,,,,,,,,,,,GSC
2025-12-01 00:00:00,811790800115,17,DW,22,B,01,174,PEDRO CASTANEDA HERNANDEZ     ,1D,ACTIVO,KK084M ,2,F123,20NT,2021-09-01,2021-09-14,69036,195,,W2203136812,SMG,2025-11-12,LIR,55,,,,,,,,,,,,MED
2025-12-01 00:00:00,811990601648,25,DW,22,B,01,251,IBRAIN CASTILLO DZIB          ,02,CORTADO,383JKE ,2,F622,15LM,2025-11-01,2025-11-18,3824,0,,W2203139605,SMC,2025-11-19,LIR,48,2025-11-18 11:54:18,2501,M,9MC8G,383JKE ,0,Nor,32,UI DERIVACION,32,S,MED
2025-12-01 00:00:00,812001155606,31,DW,22,C,08,312,SOLIMAN CARIBE  S A  DE C V   ,1B,ACTIVO,012W6C ,1,F122,14LN,2000-09-01,2000-09-20,1,0,,W2203142071,SMG,2025-11-24,LIR,43,,,,,,,,,,,,MED
2025-12-01 00:00:00,812001155606,31,DW,22,C,08,312,SOLIMAN CARIBE  S A  DE C V   ,1B,ACTIVO,012W6C ,1,F122,14LN,2000-09-01,2000-09-20,1,0,,W2203138998,SM2,2025-11-18,CDD,49,,,,,,,,,,,,GSC
2025-12-01 00:00:00,810200704446,35,DW,22,A,01,351,LAYNEZ LAYNEZ JUAN ALBERTO    ,1B,ACTIVO,90N82M ,2,F62H,10KN,2025-11-01,2025-07-24,6356,261,,W2203143796,SMC,2025-11-26,LIR,41,2025-11-25 09:28:57,3501,M,9JR5N,90N82M ,0,Nor,53,UI SERV DIRECTO,53,S,MED
2025-12-01 00:00:00,812040300460,35,DW,22,C,01,352,MARIA TERESA MENDEZ CRUZ      ,1B,ACTIVO,140MEY ,2,F62J,15MT,2004-02-01,2004-03-15,1,0,,W2203143765,SMC,2025-11-26,LIR,41,,,,,,,,,,,,MED
2025-12-01 00:00:00,812040800021,25,DW,22,C,08,253,QUINTERO ROZANNE MARIE        ,1B,ACTIVO,8C783Y ,2,F621,05F3,2025-11-01,2025-09-17,35838,383,,W2203139801,SMC,2025-11-19,MED,48,2025-11-18 12:18:42,2527,L,GAXPM,8C783Y ,95421,Nor,  ,,FR,S,MED
2025-12-01 00:00:00,812041100081,33,DW,22,C,08,333,ANTONIO MAAS KINIL            ,02,BAJA,,3,,,2025-12-01,2025-12-08,85707,0,,W2203143035,SMG,2025-11-25,LIR,42,,,,,,,,,,,,MED
2025-12-01 00:00:00,812060301641,18,DW,22,C,01,181,MEDINA CONTRERAS JESUS ERLINDO,1B,ACTIVO,WUC419 ,2,F623,24P2,2014-08-01,2014-08-22,14230,0,,W2203117812,SMC,2025-10-13,LIR,85,,,,,,,,,,,,MED
2025-12-01 00:00:00,812070500552,30,DW,22,A,02,307,MONTREAL PARRA ILEANA         ,1B,ACTIVO,HG437X ,1,F123,20NT,2022-04-01,2022-04-18,3467,0,,W2203123060,SMC,2025-10-21,LIR,77,,,,,,,,,,,,MED
2025-12-01 00:00:00,812080400149,10,DW,22,A,02,106,CARABALLO   NELSON            ,1B,ACTIVO,236MFG ,2,F62J,15MT,2008-02-01,2008-04-02,0,0,,W2203114607,SM2,2025-10-07,SAV,91,,,,,,,,,,,,GSC
2025-12-01 00:00:00,812080801879,28,DW,22,A,02,285,DE LA GARZA HERNANDEZ DORA A  ,1B,ACTIVO,R959HW ,2,F622,18LM,2011-02-01,2011-02-15,1906,0,,W2203122273,SMC,2025-10-20,LIR,78,,,,,,,,,,,,MED
2025-12-01 00:00:00,812090803004,20,DW,22,C,01,202,SERVICIO LIVORNO S A  DE C V  ,02,ACTIVO,031MGE ,3,FD2J,15MU,2025-12-01,2023-06-16,71101,5879,,W2203119629,SM2,2025-10-15,W2B,83,2025-12-12 10:55:19,2002,M,GAPKM,031MGE ,0,Nor,60,MEDID NO TRABAJA,60,S,GSC
2025-12-01 00:00:00,812091002099,26,DW,22,A,02,262,HIPOLITO ROSARIO JESUS        ,1B,BAJA SIN MED RET,95MT82 ,2,F421,07GH,2025-12-01,2025-12-17,22146,0,,W2203121068,SMC,2025-10-17,LIR,81,2025-12-17 09:17:57,2610,L,GAXPM,95MT82 ,0,Nor,56,NO HAY MEDIDOR,56,S,MED
2025-12-01 00:00:00,812091002315,26,DW,22,A,02,262,LUIS ENRRIQUE GOMEZ VAZQUEZ   ,1B,ACTIVO,88D1L0 ,2,F421,08KF,2025-12-01,2025-12-17,30687,609,,W2203121105,SM2,2025-10-17,SAV,81,2025-12-17 08:50:30,2610,L,GAXPM,88D1L0 ,609,Nor,  ,,,,GSC
2025-12-01 00:00:00,812091202314,28,DW,22,A,02,285,MARINES CAMARGO LORENA        ,1B,ACTIVO,JGB166 ,2,F623,23NU,2024-06-01,2024-06-19,32370,773,,W2203122274,SMC,2025-10-20,LIR,78,,,,,,,,,,,,MED
2025-12-01 00:00:00,812100300871,30,DW,22,A,02,307,MANUEL HERNANDEZ PEREZ        ,1B,CORTADO,W649KY ,2,F622,19LM,2025-12-01,2025-08-20,12668,182,,W2203123062,SM9,2025-10-21,LIR,77,2025-12-19 09:37:53,3007,L,9NCT1,W649KY ,0,Nor,53,UI SERV DIRECTO,53,S,SSB
2025-12-01 00:00:00,812100500889,18,DW,22,C,01,181,ALCOCER GUERRERO JOSE FELIPE  ,1B,ACTIVO,3J511R ,1,F121,05JL,2025-12-01,2025-12-11,40547,536,,W2203137981,SM2,2025-11-14,22C,53,2025-12-11 08:31:01,1801,L,GAPHM,3J511R ,536,Nor,  ,,FR,S,GSC
2025-12-01 00:00:00,812101000154,30,DW,22,A,02,306,SOSA RAMIREZ ANSELMO          ,1B,ACTIVO,73PL26 ,2,F621,07F3,2025-12-01,2025-08-20,97112,1213,,W2203123054,SMC,2025-10-21,LIR,77,2025-12-19 14:03:42,3006,M,9NCT0,73PL26 ,0,Nor,53,UI SERV DIRECTO,53,S,MED
2025-12-01 00:00:00,812110901831,34,DW,22,A,02,345,ESCANDON JIMENEZ FRANCISCO    ,1B,CORTADO,RDD548 ,2,F623,24NY,2025-12-01,2025-12-23,2394,106,,W2203124470,SM9,2025-10-22,CDV,76,2025-12-23 08:48:26,3407,L,GAXPM,RDD548 ,106,Opt,  ,,,,SSB
2025-12-01 00:00:00,812111001931,21,DW,22,C,06,213,HAU HAU JOSEFA ARACELI        ,1B,CORTADO,00X60M ,1,F12H,11KU,2025-11-01,2025-11-13,41912,0,,W2203138005,SMC,2025-11-14,LIR,53,2025-11-13 07:47:27,2127,L,GAPKM,00X60M ,0,Opt,32,UI DERIVACION,32,S,MED
2025-12-01 00:00:00,812120801389,30,DW,22,A,02,306,JORGE ALBERTO BOBADILLA PEETUL,1B,CORTADO,MK342P ,2,F623,20NU,2025-12-01,2025-06-19,6796,66,,W2203123048,SM9,2025-10-21,LIR,77,2025-12-19 08:24:17,3006,M,9NCT0,MK342P ,0,Nor,59,DISPLAY APAGADO,59,S,SSB
2025-12-01 00:00:00,812121000134,20,DW,22,C,01,201,TIENDAS HEXA SA DE CV         ,02,ACTIVO,945DKH ,3,FD22,15LR,2012-08-01,2020-01-20,40181,0,,W2203136853,SM3,2025-11-12,CDB,55,,,,,,,,,,,,CCC
2025-12-01 00:00:00,812121102557,24,DW,22,A,02,246,BAY SAUCEDO VILMA             ,1B,ACTIVO,2N6X85 ,2,F621,01F3,2025-12-01,2025-12-16,5373,1153,,W2203120461,SMC,2025-10-16,LIR,82,2025-12-16 10:18:18,2401,L,GAXPM,2N6X85 ,1153,Nor,  ,,,,MED
2025-12-01 00:00:00,812130301872,23,DW,22,C,05,231,MIS CANUL MARIA NORMA         ,1B,CORTADO,661VG2 ,2,F622,12LJ,2025-11-01,2025-11-14,24350,0,,W2203138965,SMG,2025-11-18,LIR,49,2025-11-14 10:23:08,2326,L,GAPHM,661VG2 ,0,Nor,60,MEDID NO TRABAJA,60,S,MED
2025-12-01 00:00:00,812141002354,31,DW,22,C,08,312,HAU CEN SUEMI ANGELICA        ,02,CORTADO,308MFH ,2,F62J,15MT,2025-11-01,2025-09-22,15991,395,,W2203142073,SMG,2025-11-24,LIR,43,2025-11-21 13:29:07,3151,R,GAPKM,308MFH ,0,Nor,60,MEDID NO TRABAJA,60,S,MED
2025-12-01 00:00:00,812150500723,14,DW,22,C,01,141,COMAPLAY MAYOREO SA DE CV     ,02,ACTIVO,030MGE ,3,FD2J,15MU,2025-12-01,2025-08-08,12234,146,,W2203116109,SMG,2025-10-09,LIR,89,2025-12-09 09:32:43,1401,L,9NCT2,030MGE ,0,Nor,60,MEDID NO TRABAJA,60,S,MED
2025-12-01 00:00:00,812150501894,31,DW,22,C,08,312,CRUZ   MIGUEL                 ,1B,ACTIVO,194W3C ,1,F122,14LN,2025-11-01,2025-09-22,10592,45,,W2203142074,SMG,2025-11-24,LIR,43,2025-11-21 13:36:01,3151,R,GAPKM,194W3C ,0,Nor,60,MEDID NO TRABAJA,60,S,MED
2025-12-01 00:00:00,812150602879,30,DW,22,A,02,306,CASTILLO TUN JUAN PABLO       ,1B,CORTADO,646W8L ,2,F622,14LM,2025-12-01,2025-08-20,35758,479,,W2203123055,SM9,2025-10-21,LIR,77,2025-12-19 14:27:08,3006,M,9NCT0,646W8L ,0,Nor,53,UI SERV DIRECTO,53,S,SSB
2025-12-01 00:00:00,812151102411,23,DW,22,C,05,231,RAMIREZ OSORIO RAMON RICARDO  ,1B,BAJA SIN MED RET,926VC2 ,2,F622,12LJ,2025-11-01,2025-11-14,10433,0,,W2203138970,SMC,2025-11-18,LIR,49,,,,,,,,,,,,MED
2025-12-01 00:00:00,810201105023,31,DW,22,A,02,319,SANCHEZ ESTRADA ADRIAN        ,1B,ACTIVO,BE911V ,2,F623,19NV,2025-11-01,2025-07-22,583,0,,W2203142062,SM2,2025-11-24,SAV,43,2025-11-21 10:08:22,3102,L,GAXPM,BE911V ,99852,Opt,  ,,,,GSC
2025-12-01 00:00:00,812160401120,69,DW,22,C,01,691,INMOBILIARIA QUIZA DELNTE SACV,67,ACTIVO,GA337D ,3,VL28,19KE,2025-12-01,2025-12-12,5787,0,,W2203133414,SM3,2025-11-06,CDL,61,2025-12-12 09:41:13,6901,L,GAPHM,GA337D ,0,Nor,59,DISPLAY APAGADO,59,S,CCC
2025-12-01 00:00:00,812160401821,25,DW,22,C,07,251,PEREZ GORDILLO DANIEL         ,1B,ACTIVO,793FMN ,2,F622,15LM,2025-11-01,2025-09-17,31690,458,,W2203139675,SMG,2025-11-19,LIR,48,2025-11-18 13:15:46,2526,L,GAPKM,793FMN ,0,Nor,60,MEDID NO TRABAJA,60,S,MED
2025-12-01 00:00:00,812160602346,33,DW,22,C,08,333,TENEDORA VISTA HERMOSA S A DE ,1B,ACTIVO,521JHY ,2,F622,15LM,2025-11-01,2025-09-23,22148,370,,W2203143033,SMC,2025-11-25,LIR,42,2025-11-24 09:05:14,3328,L,GAPKM,521JHY ,0,Nor,53,UI SERV DIRECTO,53,S,MED
2025-12-01 00:00:00,810210108281,35,DW,22,A,02,354,BUENABAD RUIZ OGILVIE         ,1B,ACTIVO,NK092M ,2,F623,20NU,2025-11-01,2025-11-25,163,0,,W2203143818,SMC,2025-11-26,LIR,41,2025-11-25 08:37:12,3507,L,9MCKY,NK092M ,0,Opt,32,UI DERIVACION,32,S,MED
2025-12-01 00:00:00,812161001991,25,DW,22,C,07,251,MORRIS J  MACH   DIANA L  MACH,1B,ACTIVO,RDU473 ,2,F623,24NY,2024-11-01,2024-11-14,41721,0,,W2203139669,SMG,2025-11-19,LIR,48,,,,,,,,,,,,MED
2025-12-01 00:00:00,810210115015,17,DW,22,A,02,171,FLORES ESQUIVEL FERNANDO      ,1B,ACTIVO,NK022U ,2,F623,20NU,2025-11-01,2025-11-11,16371,923,,W2203119621,SMC,2025-10-15,W2A,83,2025-11-11 10:43:24,1701,L,9MCKW,NK022U ,923,Opt,  ,,,,MED
2025-12-01 00:00:00,812170200874,28,DW,22,A,02,285,LEON GARCIA BERTA NOEMI       ,1B,ACTIVO,NR928N ,2,F623,20NU,2025-12-01,2025-12-18,10884,653,,W2203122275,SMC,2025-10-20,LIR,78,2025-12-18 12:08:35,2805,L,9NCT0,NR928N ,653,Opt,  ,,,,MED
2025-12-01 00:00:00,812170201773,30,DW,22,C,01,301,NOCHEZ VERA CLAUDIA PATRICIA  ,1B,ACTIVO,1BCP32 ,2,F623,25P2,2025-12-01,2025-12-19,45450,2482,,W2203123246,SMC,2025-10-21,LIR,77,2025-12-19 09:27:15,3001,L,GAPKM,1BCP32 ,2880,Opt,  ,,,,MED
2025-12-01 00:00:00,812170201854,35,DW,22,C,01,352,GONZAGA SANTANA BARUC         ,1B,ACTIVO,842MBJ ,2,F622,16LM,2025-11-01,2025-01-23,13548,323,,W2203143768,SMC,2025-11-26,LIR,41,2025-11-25 12:41:46,3551,N,9NCT2,842MBJ ,0,Nor,53,UI SERV DIRECTO,53,S,MED
2025-12-01 00:00:00,812170300593,19,DW,22,C,06,194,JESUS DELFINA BATUN           ,1B,ACTIVO,925PHT ,2,F622,16LM,2025-11-01,2025-09-10,11180,3,,W2203137303,SMC,2025-11-13,LIR,54,2025-11-12 13:09:21,1927,L,GAPHM,925PHT ,0,Nor,53,UI SERV DIRECTO,53,S,MED
2025-12-01 00:00:00,812170402183,25,DW,22,C,07,251,RAYAS CARBAJAL VICTOR MANUEL  ,1B,ACTIVO,J368PG ,2,F622,17LM,2025-11-01,2025-09-17,66502,340,,W2203139674,SMC,2025-11-19,LIR,48,2025-11-18 12:53:54,2526,L,GAPKM,J368PG ,0,Nor,53,UI SERV DIRECTO,53,S,MED
2025-12-01 00:00:00,812171002731,19,DW,22,C,06,194,VEGA GONZALEZ ARMANDO         ,1B,CORTADO,J928DR ,2,F622,17LM,2025-11-01,2025-07-14,13502,266,,W2203137304,SMC,2025-11-13,LIR,54,2025-11-12 09:09:56,1927,L,GAPHM,J928DR ,0,Nor,53,UI SERV DIRECTO,53,S,MED
2025-12-01 00:00:00,812171100229,28,DW,22,C,01,282,MAMBA OUT SAPI DE CV          ,02,BAJA SIN MED RET,380JHE ,2,F622,15LM,2025-12-01,2025-12-18,16358,0,,W2203122388,SMC,2025-10-20,LIR,78,2025-12-18 11:51:38,2802,M,9NCT2,380JHE ,0,Nor,56,NO HAY MEDIDOR,56,S,MED
2025-12-01 00:00:00,812180300061,28,DW,22,C,01,282,NOH CANCHE GLADIS GABRIELA    ,1B,BAJA SIN MED RET,J912GA ,2,F622,17LM,2025-12-01,2025-12-18,8220,0,,W2203123451,SMC,2025-10-21,LIR,77,2025-12-18 11:59:10,2802,M,9NCT2,J912GA ,0,Nor,51,NO ENCONTRE DOMI,,,MED
2025-12-01 00:00:00,812180501279,19,DW,22,C,06,194,CHIMAL HAU MARIA CECILIA      ,1B,CORTADO,N569DD ,2,F622,18LM,2025-11-01,2025-09-10,18166,1205,,W2203137305,SMC,2025-11-13,LIR,54,2025-11-12 09:02:09,1927,L,GAPHM,N569DD ,0,Nor,53,UI SERV DIRECTO,53,S,MED
2025-12-01 00:00:00,812180601150,26,DW,22,A,02,262,BALLINA NARVAEZ SILVIA PAOLA  ,1B,ACTIVO,74R74N ,2,F62H,10KN,2025-12-01,2025-12-17,10624,318,,W2203121069,SMG,2025-10-17,LIR,81,2025-12-17 12:21:47,2610,L,GAXPM,74R74N ,318,Opt,  ,,,,MED
2025-12-01 00:00:00,812180802767,25,DW,22,C,07,251,GALLIANO GUIDO                ,1B,ACTIVO,R493FN ,2,F622,18LM,2025-11-01,2025-03-18,4030,1,,W2203139667,SMG,2025-11-19,LIR,48,2025-11-18 09:02:13,2526,L,GAPKM,R493FN ,0,Nor,60,MEDID NO TRABAJA,60,S,MED
2025-12-01 00:00:00,812181102246,32,DW,22,C,01,322,KAN INDUSTRIES S DE DE CV     ,1B,ACTIVO,W467KU ,2,F622,19LM,2018-10-01,2018-11-24,0,0,,W2203124223,SMC,2025-10-22,LIR,76,,,,,,,,,,,,MED
2025-12-01 00:00:00,812181201121,19,DW,22,C,06,194,HAU KINIL FRANCISCA           ,1B,ACTIVO,YP655E ,2,F623,21NU,2022-05-01,2022-05-12,6748,242,,W2203137301,SMC,2025-11-13,LIR,54,,,,,,,,,,,,MED
2025-12-01 00:00:00,812190204299,09,DW,22,C,01,092,    SALVADE GIORGIO           ,1B,ACTIVO,V391BW ,2,F622,18LM,2025-11-01,2025-09-03,37190,565,,W2203133037,SMC,2025-11-06,LIR,61,2025-11-05 09:01:21,0901,L,GAPHM,V391BW ,0,Nor,53,UI SERV DIRECTO,53,S,MED
2025-12-01 00:00:00,812190703023,26,DW,22,A,02,262,ULIN MORENO LUIS ENRIQUE      ,1B,CORTADO,Y115BX ,2,F623,19NU,2025-12-01,2025-08-18,26727,440,,W2203121071,SM9,2025-10-17,LIR,81,2025-12-17 11:49:38,2610,L,GAXPM,Y115BX ,0,Nor,56,NO HAY MEDIDOR,56,S,SSB
2025-12-01 00:00:00,812190802684,30,DW,22,C,01,301,ENRIQUEZ NEVAREZ JESUS ALEJAND,1B,ACTIVO,W154KY ,2,F622,19LM,2025-12-01,2025-12-19,13252,12,,W2203123247,SMC,2025-10-21,LIR,77,2025-12-19 09:54:41,3001,L,GAPKM,W154KY ,12,Opt,  ,,,,MED
2025-12-01 00:00:00,812190901186,36,DW,22,A,02,365,GARCIA OCAMPO MA JAZMIN       ,1B,ACTIVO,RBN000 ,2,F623,24NY,2025-02-01,2025-02-21,24723,6725,,W2203125761,SMC,2025-10-24,LIR,74,,,,,,,,,,,,MED
2025-12-01 00:00:00,812191002878,32,DW,22,C,01,322,APARICIO BASTAR JOSE HUMBERTO ,1B,BAJA,,2,,,2022-06-01,2022-06-28,7213,2141,,W2203125411,SMC,2025-10-23,LIR,75,,,,,,,,,,,,MED
2025-12-01 00:00:00,812191200131,32,DW,22,C,01,322,REYNA ROMERO VARGAS GUILLERMO ,1B,ACTIVO,UC989A ,2,F623,21NY,2025-12-01,2025-12-22,10393,627,,W2203125410,SMC,2025-10-23,LIR,75,2025-12-22 13:15:27,3201,L,GAPHM,UC989A ,627,Opt,  ,,,,MED
2025-12-01 00:00:00,812191201358,25,DW,22,C,07,251,PAVON FARIAS MARTIN ERNESTO   ,1B,ACTIVO,DV781Y ,2,F623,19NU,2025-11-01,2024-11-14,11633,482,,W2203139664,SMG,2025-11-19,LIR,48,2025-11-18 07:15:13,2526,L,GAPKM,DV781Y ,0,Nor,60,MEDID NO TRABAJA,60,S,MED
2025-12-01 00:00:00,812191201412,25,DW,22,C,07,251,VAINER KACHLER JEFFREY EDWARD ,1B,ACTIVO,Y349LU ,2,F623,19NU,2025-11-01,2025-09-17,19122,221,,W2203139665,SMG,2025-11-19,LIR,48,2025-11-18 07:15:41,2526,L,GAPKM,Y349LU ,0,Nor,60,MEDID NO TRABAJA,60,S,MED
2025-12-01 00:00:00,810211208289,07,DW,22,A,02,074,MEDINA CICI JULIETH           ,1B,ACTIVO,R273XK ,3,KL2E,18MV,2025-11-01,2025-09-02,9606,458,,W2203132199,SMG,2025-11-05,LIR,62,2025-11-04 12:51:10,0755,R,9MCKW,R273XK ,0,Nor,60,MEDID NO TRABAJA,60,S,MED
2025-12-01 00:00:00,810211208319,07,DW,22,A,02,074,SANCHEZ SANCHEZ LUIS CARLOS   ,1B,ACTIVO,GEB701 ,3,KL28,22NJ,2025-11-01,2025-03-04,17368,1770,,W2203126047,SMW,2025-10-24,CDF,74,2025-11-04 12:53:16,0755,R,9MCKW,R268XK ,86552,Nor,44,NUM MEDID DESIGU,44,S,GSC
2025-12-01 00:00:00,810220602763,09,DW,22,A,02,091,GUZMAN RIVERA MARGARITA CAROLI,1B,ACTIVO,YC120D ,2,F623,21NU,2025-11-01,2025-11-05,0,0,,W2203133261,SMC,2025-11-06,LIR,61,2025-11-05 08:28:56,0901,M,9ND54,YC120D ,0,Opt,32,UI DERIVACION,32,S,MED
2025-12-01 00:00:00,812200300607,21,DW,22,C,06,213,HAU YE ALBERTO                ,1B,CORTADO,CVJ503 ,2,F623,22NU,2025-11-01,2025-07-15,2780,307,,W2203138007,SMC,2025-11-14,LIR,53,2025-11-13 08:40:31,2127,L,GAPKM,CVJ503 ,0,Nor,53,UI SERV DIRECTO,53,S,MED
2025-12-01 00:00:00,812200500606,26,DW,22,C,01,262,HABITA TULUM SA DE CV         ,1B,ACTIVO,DW801X ,2,F623,19NU,2025-12-01,2025-08-18,38489,768,,W2203121213,SMC,2025-10-17,LIR,81,2025-12-17 09:26:32,2602,L,GAPHM,DW801X ,0,Nor,53,UI SERV DIRECTO,53,S,MED
2025-12-01 00:00:00,812200801541,12,DW,22,A,02,122,PENA REYES JOSE F             ,1B,CORTADO,BE929T ,2,F623,19NV,2025-12-01,2025-06-06,12340,272,,W2203115327,SM2,2025-10-08,SAV,90,2025-12-08 09:05:21,1253,N,9NCT0,BE929T ,99848,Opt,  ,,,,GSC
2025-12-01 00:00:00,812201103929,30,DW,22,C,01,301,GIORDANO RAFFAEL              ,1B,CORTADO,ML959C ,2,F623,20NU,2025-12-01,2025-02-19,36055,1082,,W2203123248,SMC,2025-10-21,LIR,77,2025-12-19 10:17:25,3001,L,GAPKM,ML959C ,0,Nor,56,NO HAY MEDIDOR,56,S,MED
2025-12-01 00:00:00,810180816641,11,DW,22,A,02,111,SERVIN OSORIO EDUARDO ALBERTO ,1B,ACTIVO,9AUP48 ,2,F623,25P2,2025-11-01,2025-11-06,22276,1,,W2203140784,SMC,2025-11-20,CDB,47,,,,,,,,,,,,MED
2025-12-01 00:00:00,810181002796,13,DW,22,A,01,137,PROYECTO HQ SA DE CV          ,1B,ACTIVO,T344UF ,2,F622,18LM,2025-11-01,2025-11-07,22019,589,,W2203112227,SMC,2025-10-02,CDF,96,2025-11-07 08:42:50,1302,L,9MC4Y,T344UF ,589,Opt,  ,,,,MED
2025-12-01 00:00:00,812210304929,19,DW,22,C,06,194,MENDOZA NUNEZ LEONARDO        ,1B,ACTIVO,RME996 ,2,F623,24NY,2025-11-01,2025-09-10,0,681,,W2203137302,SMC,2025-11-13,LIR,54,2025-11-12 10:32:50,1927,L,GAPHM,RME996 ,0,Nor,53,UI SERV DIRECTO,53,S,MED
2025-12-01 00:00:00,810231001982,39,DW,22,A,01,392,RUIZ PEREZ JAIME ALEJANDRO    ,1B,ACTIVO,JBR644 ,2,F623,23NU,2025-11-01,2025-09-26,3601,273,,W2203144814,SMC,2025-11-28,LIR,39,2025-11-27 08:04:51,3902,L,9NCT1,JBR644 ,0,Nor,53,UI SERV DIRECTO,53,S,MED
2025-12-01 00:00:00,812210602253,36,DW,22,A,02,365,XOOC ROSEL ARACELY SELMI      ,1B,CORTADO,ML556B ,2,F623,20NU,2025-12-01,2025-08-25,17421,881,,W2203125764,SM9,2025-10-24,LIR,74,2025-12-27 11:07:02,3606,L,GAXPM,ML556B ,0,Nor,53,UI SERV DIRECTO,53,S,SSB
2025-12-01 00:00:00,812210603659,32,DW,22,C,01,322,BARRON AMADO JOSE GUILLERMO   ,02,ACTIVO,ML939C ,2,F623,20NU,2025-12-01,2025-12-22,46439,3158,,W2203124222,SMC,2025-10-22,LIR,76,2025-12-22 12:22:32,3201,L,GAPHM,ML939C ,3158,Opt,  ,,,,MED
2025-12-01 00:00:00,810240600899,35,DW,22,A,02,354,BUCHAN HERNANDEZ JUAN ANTONIO ,1B,ACTIVO,310MFU ,2,F62J,15MT,2025-11-01,2025-05-26,2704,485,,W2203143819,SMG,2025-11-26,LIR,41,2025-11-25 09:59:50,3507,L,9MCKY,310MFU ,0,Nor,64,P. INFRARROJO/MED. D,64,S,MED
2025-12-01 00:00:00,812210803453,23,DW,22,C,05,231,CRISOSTOMO GUSMAN SILENA DE LA,1B,BAJA SIN MED RET,BE001R ,2,F623,19NV,2025-11-01,2025-11-14,0,0,,W2203138968,SMC,2025-11-18,LIR,49,,,,,,,,,,,,MED
2025-12-01 00:00:00,812210901382,20,DW,22,C,01,202,LOAIZA CARRERA JOSE FERNANDO  ,1B,ACTIVO,LV015J ,2,F623,20NU,2025-12-01,2025-06-16,121,0,,W2203118445,SMG,2025-10-14,LIR,84,2025-12-12 11:16:00,2002,M,GAPKM,LV015J ,0,Nor,65,UI MED INVERTIDO,65,S,MED
2025-12-01 00:00:00,812211003922,20,DW,22,C,01,202,DESARROLLOS TULUM HABITANIAGMB,02,CORTADO,REL618 ,2,F623,24NY,2025-12-01,2025-08-13,31915,4740,,W2203118442,SMC,2025-10-14,LIR,84,2025-12-12 09:42:14,2002,M,GAPKM,REL618 ,0,Nor,53,UI SERV DIRECTO,53,S,MED
2025-12-01 00:00:00,812211200345,25,DW,22,C,07,251,KAY MICHAEL                   ,1B,ACTIVO,556VD6 ,2,F622,12LJ,2025-11-01,2025-09-17,66721,1237,,W2203139673,SMG,2025-11-19,LIR,48,2025-11-18 12:53:12,2526,L,GAPKM,556VD6 ,0,Nor,60,MEDID NO TRABAJA,60,S,MED
2025-12-01 00:00:00,812211202607,12,DW,22,C,01,121,ORTEGA ORTIZ JHONALIT         ,1B,ACTIVO,1BCP77 ,2,F623,25P2,2025-12-01,2025-12-08,6287,1702,,W2203115429,SMC,2025-10-08,LIR,90,2025-12-08 07:59:34,1251,N,GAPKM,1BCP77 ,261,Opt,  ,,,,MED
2025-12-01 00:00:00,810241200568,33,DW,22,A,02,336,AVALOS JIMENEZ TOMASA         ,1B,ACTIVO,593DHD ,1,F122,15LN,2025-11-01,2025-09-23,0,0,,W2203144031,SMC,2025-11-26,LIR,41,2025-11-26 10:41:22,3352,R,9ND54,593DHD ,0,Nor,53,UI SERV DIRECTO,53,S,MED
2025-12-01 00:00:00,812220305842,27,DW,22,C,11,272,DE LA RIVA PENA XOCHITL       ,1B,ACTIVO,YU825D ,2,F623,21NU,2025-11-01,2025-09-18,9400,0,,W2203140493,SMC,2025-11-20,LIR,47,2025-11-19 08:48:54,2726,L,GAPHM,YU825D ,0,Nor,53,UI SERV DIRECTO,53,S,MED
2025-12-01 00:00:00,812220500661,26,DW,22,C,01,261,DOMINIQUE FRANCK BOISSY       ,1B,ACTIVO,YC872V ,2,F623,21NU,2025-12-01,2024-06-19,37346,3107,,W2203121210,SMC,2025-10-17,LIR,81,2025-12-17 08:54:13,2601,L,GAPKM,YC872V ,0,Nor,56,NO HAY MEDIDOR,56,S,MED
2025-12-01 00:00:00,812220704402,21,DW,22,C,11,214,CASAS MEDINA ZARAIDA          ,1B,ACTIVO,NK626U ,2,F623,20NU,2025-11-01,2025-09-11,15255,3466,,W2203138012,SMC,2025-11-14,LIR,53,2025-11-13 13:59:37,2128,L,GAPHM,NK626U ,0,Nor,53,UI SERV DIRECTO,53,S,MED
2025-12-01 00:00:00,812220807813,30,DW,22,C,01,302,  RUGGERI SEBASTIAN           ,1B,ACTIVO,BE874R ,2,F623,19NV,2025-12-01,2025-12-19,6563,695,,W2203123250,SMC,2025-10-21,LIR,77,2025-12-19 14:30:55,3002,L,9NCT2,BE874R ,695,Opt,  ,,,,MED
2025-12-01 00:00:00,812220907281,16,DW,22,C,01,161,INMOBILIARIA PREMIER TLM      ,1B,ACTIVO,1BDJ75 ,2,F623,25P2,2025-12-01,2025-12-10,87756,6386,,W2203116898,SMC,2025-10-10,LIR,88,2025-12-10 09:56:52,1601,L,GAPHM,1BDJ75 ,2391,Opt,  ,,,,MED
2025-12-01 00:00:00,810930400230,15,DW,22,A,01,152,MARTINIANO TAMAY PECH         ,1B,ACTIVO,278MFU ,2,F62J,15MT,2025-11-01,2025-07-10,32422,802,,W2203136207,SMG,2025-11-11,LIR,56,2025-11-10 10:22:52,1551,R,9MCKY,278MFU ,0,Nor,64,P. INFRARROJO/MED. D,64,S,MED
2025-12-01 00:00:00,812221200530,30,DW,22,C,01,302,RUIZ DOMINGUEZ ERICK          ,1B,ACTIVO,DBT239 ,2,F623,22NU,2025-12-01,2025-12-19,3745,158,,W2203123249,SMC,2025-10-21,LIR,77,2025-12-19 14:23:37,3002,L,9NCT2,DBT239 ,158,Opt,  ,,,,MED
2025-12-01 00:00:00,812221201536,21,DW,22,C,11,214,PYTEL MALGORZATA OLIMPIA      ,1B,ACTIVO,RAW688 ,2,F623,24NY,2025-07-01,2025-07-15,8502,83,,W2203138009,SMC,2025-11-14,LIR,53,,,,,,,,,,,,MED
2025-12-01 00:00:00,812221203164,07,DW,22,C,01,071,SA DE CV MEXARK               ,1B,ACTIVO,UM839G ,2,F623,21NY,2025-11-01,2025-09-02,7419,151,,W2203132118,SMC,2025-11-05,LIR,62,2025-11-04 12:45:01,0701,L,GAPHM,UM839G ,0,Nor,53,UI SERV DIRECTO,53,S,MED
2025-12-01 00:00:00,812230202391,25,DW,22,C,11,253,EUAN MARTINEZ ELSY MARISOL    ,1B,ACTIVO,DRR067 ,2,F623,22NU,2025-11-01,2025-09-17,8499,535,,W2203139680,SMC,2025-11-19,LIR,48,2025-11-18 08:23:47,2528,L,GAPHM,DRR067 ,0,Nor,53,UI SERV DIRECTO,53,S,MED
2025-12-01 00:00:00,812230301195,14,DW,22,C,01,144,INMOBILIARIA BRAVA TULUM SA DE,1B,ACTIVO,6BCV49 ,2,F623,25P2,2025-12-01,2025-12-09,18,18,,W2203116111,SMC,2025-10-09,LIR,89,2025-12-09 06:50:52,1402,L,GAPHM,6BCV49 ,18,Opt,  ,,,,MED
2025-12-01 00:00:00,812230600974,23,DW,22,C,05,231,FERNANDEZ LIZCANO HEIDY CAROLI,1B,ACTIVO,MF631X ,2,F623,20NU,2025-11-01,2025-09-12,9145,658,,W2203138967,SMC,2025-11-18,LIR,49,2025-11-14 14:00:14,2326,L,GAPHM,MF631X ,0,Nor,53,UI SERV DIRECTO,53,S,MED
2025-12-01 00:00:00,812230803034,21,DW,22,C,05,211,CASTRO ADRIAN CESAR           ,1B,ACTIVO,HYV864 ,2,F623,23NU,2025-11-01,2025-09-11,4202,0,,W2203138004,SMG,2025-11-14,LIR,53,2025-11-13 11:41:19,2126,L,9NCT2,HYV864 ,0,Nor,60,MEDID NO TRABAJA,60,S,MED
2025-12-01 00:00:00,812230902938,17,DW,22,C,01,175,JANICE LYN FARRELL ZEIMANTZ   ,1B,ACTIVO,UW486M ,2,F623,21NY,2025-11-01,2025-09-09,18861,1425,,W2203136835,SMG,2025-11-12,LIR,55,2025-11-11 12:51:32,1702,L,9NCT2,UW486M ,0,Nor,60,MEDID NO TRABAJA,60,S,MED
2025-12-01 00:00:00,812231005034,21,DW,22,C,11,214,NIKBAKHT MACIAS ALI REZA      ,1B,CORTADO,JAF791 ,2,F623,23NU,2025-11-01,2025-09-11,2730,143,,W2203138011,SMC,2025-11-14,LIR,53,2025-11-13 12:53:58,2128,L,GAPHM,JAF791 ,0,Nor,53,UI SERV DIRECTO,53,S,MED
2025-12-01 00:00:00,812231008505,29,DW,22,C,11,292,RIVERA LUGO ALONDRA GUADALUPE ,1B,BAJA,,2,,,2025-11-01,2025-11-27,5729,92573,,W2203141189,SMG,2025-11-21,LIR,46,2025-11-20 09:56:59,2927,M,9NCT2,HYX804 ,0,Nor,60,MEDID NO TRABAJA,60,S,MED
2025-12-01 00:00:00,812231008653,29,DW,22,C,11,292,ALVIZURI CALDERON RAQUEL      ,1B,ACTIVO,JBE079 ,2,F623,23NU,2025-11-01,2025-09-19,3871,259,,W2203141192,SMC,2025-11-21,LIR,46,2025-11-20 12:00:10,2927,M,9NCT2,JBE079 ,0,Nor,53,UI SERV DIRECTO,53,S,MED
2025-12-01 00:00:00,812231101416,26,DW,22,C,01,263,TULUM BOUTIQUE VILLAS SADECV  ,02,ACTIVO,RDX551 ,2,F623,24NY,2025-12-01,2025-02-17,91,10,,W2203121218,SMC,2025-10-17,LIR,81,2025-12-17 12:52:37,2603,L,9NCT2,RDX551 ,0,Nor,51,NO ENCONTRE DOMI,,,MED
2025-12-01 00:00:00,812010300473,15,DW,22,C,09,152,ALEJANDRO UH POOL             ,1B,ACTIVO,1VF526 ,1,F121,00GG,2025-11-01,2025-11-10,50273,830,,W2203142004,SM2,2025-11-24,22C,43,,,,,,,,,,,,GSC
2025-12-01 00:00:00,812231206081,28,DW,22,C,01,282,CLISBY   CHRISTOPHER R        ,1B,ACTIVO,JCV911 ,2,F623,23NU,2025-12-01,2025-08-19,29203,1890,,W2203122393,SMC,2025-10-20,LIR,78,2025-12-18 11:45:09,2802,M,9NCT2,JCV911 ,0,Nor,53,UI SERV DIRECTO,53,S,MED
2025-12-01 00:00:00,812240100287,08,DW,22,C,01,081,HINOJOSA SALDIVAR JAVIER      ,1B,ACTIVO,5BCV85 ,2,F623,25P2,2025-12-01,2025-12-04,5782,566,,W2203113876,SMC,2025-10-06,LIR,92,2025-12-04 09:01:18,0801,M,9NCT2,5BCV85 ,84,Opt,  ,,,,MED
2025-12-01 00:00:00,812240105157,16,DW,22,C,01,161,SAFAPUR NIMA                  ,1B,ACTIVO,1BDJ74 ,2,F623,25P2,2025-12-01,2025-12-10,9470,1472,,W2203116897,SMC,2025-10-10,LIR,88,2025-12-10 09:42:06,1601,L,GAPHM,1BDJ74 ,3142,Opt,  ,,,,MED
2025-12-01 00:00:00,812240300472,25,DW,22,C,11,253,MOTTA SANCHEZ JUAN YOYONTZIN  ,1B,ACTIVO,HYV715 ,2,F623,23NU,2025-11-01,2025-03-20,291,64,,W2203139676,SMC,2025-11-19,LIR,48,2025-11-18 07:32:43,2528,L,GAPHM,HYV715 ,0,Nor,53,UI SERV DIRECTO,53,S,MED
2025-12-01 00:00:00,812240301355,26,DW,22,C,01,263,CORLAN CONSTRUCTORES          ,1B,ACTIVO,JBP054 ,2,F623,23NU,2025-12-01,2025-08-18,3134,457,,W2203121216,SMC,2025-10-17,LIR,81,2025-12-17 08:47:03,2603,L,9NCT2,JBP054 ,0,Nor,53,UI SERV DIRECTO,53,S,MED
2025-12-01 00:00:00,812240507221,32,DW,22,C,01,323,BENO ANDREW DANIEL            ,1B,BAJA SIN MED RET,NK867J ,2,F623,20NU,2025-12-01,2025-12-22,41,0,,W2203124228,SMC,2025-10-22,LIR,76,2025-12-22 09:11:26,3202,L,9NCT2,NK867J ,0,Nor,53,UI SERV DIRECTO,53,S,MED
2025-12-01 00:00:00,812240601731,26,DW,22,C,01,263,INMOBILIARIA NJMEX S DE RL    ,02,ACTIVO,RDJ655 ,2,F623,24NY,2025-12-01,2025-07-15,1615,333,,W2203121217,SMC,2025-10-17,LIR,81,2025-12-17 12:52:29,2603,L,9NCT2,RDJ655 ,0,Nor,51,NO ENCONTRE DOMI,,,MED
2025-12-01 00:00:00,812240603700,18,DW,22,C,01,181,DENTAL PREMIER BY GOESUR      ,02,ACTIVO,REM862 ,2,F623,24NY,2025-12-01,2025-08-12,4296,753,,W2203117811,SMC,2025-10-13,LIR,85,2025-12-11 08:27:36,1801,L,GAPHM,REM862 ,0,Nor,51,NO ENCONTRE DOMI,,,MED
2025-12-01 00:00:00,812240604757,35,DW,22,C,01,351,CAMBRANO PEREZ LETICIA        ,1B,BAJA SIN MED RET,MKV994 ,1,F123,23NX,2025-11-01,2025-11-25,141,0,,W2203143779,SMC,2025-11-26,LIR,41,,,,,,,,,,,,MED
2025-12-01 00:00:00,812240704832,35,DW,22,C,01,352,ESPRONCEDA HERNANDEZ BEATRIZ  ,1B,ACTIVO,UW023N ,2,F623,21NY,2025-11-01,2025-09-24,5136,702,,W2203143766,SMC,2025-11-26,LIR,41,2025-11-25 10:14:03,3551,N,9NCT2,UW023N ,0,Nor,53,UI SERV DIRECTO,53,S,MED
2025-12-01 00:00:00,812240804233,20,DW,22,C,01,202,MORENO BECERRIL PEDRO LEONARD ,1B,ACTIVO,RDW751 ,2,F623,24NY,2025-12-01,2025-04-14,267,26,,W2203118447,SMC,2025-10-14,LIR,84,2025-12-12 12:09:57,2002,M,GAPKM,RDW751 ,0,Nor,53,UI SERV DIRECTO,53,S,MED
2025-12-01 00:00:00,812241000936,27,DW,22,C,11,274,MARTINEZ CARDONA MA GUADALUPE ,1B,ACTIVO,RDP914 ,2,F623,24NY,2025-11-01,2025-09-18,7495,1384,,W2203140496,SMC,2025-11-20,LIR,47,2025-11-19 10:45:11,2728,M,GAPKM,RDP914 ,0,Nor,53,UI SERV DIRECTO,53,S,MED
2025-12-01 00:00:00,812241002157,21,DW,22,C,11,214,CARLI   ROBERTO               ,1B,ACTIVO,RDF969 ,2,F623,24NY,2025-11-01,2025-05-19,0,0,,W2203138014,SMC,2025-11-14,LIR,53,2025-11-13 07:59:34,2128,L,GAPHM,RDF969 ,0,Nor,53,UI SERV DIRECTO,53,S,MED
2025-12-01 00:00:00,812241101767,29,DW,22,C,11,291,RAMIREZ JIMENEZ HECTOR FRANCIS,1B,CORTADO,WNE624 ,2,F623,24P2,2025-11-01,2025-09-19,4103,1660,,W2203141188,SMC,2025-11-21,LIR,46,2025-11-20 11:00:17,2926,L,GAPKM,WNE624 ,0,Nor,53,UI SERV DIRECTO,53,S,MED
2025-12-01 00:00:00,812241104618,29,DW,22,C,11,291,ZARATE ESPARZA YONI           ,1B,CORTADO,WNE726 ,2,F623,24P2,2025-11-01,2025-09-19,2736,213,,W2203141187,SMC,2025-11-21,LIR,46,2025-11-20 10:29:42,2926,L,GAPKM,WNE726 ,0,Nor,53,UI SERV DIRECTO,53,S,MED
2025-12-01 00:00:00,812241112556,29,DW,22,C,11,291,RD PROPERTYMANAGEMENT S DE RL ,1B,ACTIVO,6DVH64 ,2,F623,25NY,2025-09-01,2025-09-19,0,0,,W2203114668,SMW,2025-10-07,CDV,91,,,,,,,,,,,,GSC
2025-12-01 00:00:00,812241113625,29,DW,22,C,11,292,ALFARO MONTERO DAVID          ,1B,ACTIVO,3CDP98 ,2,F623,25P3,2025-11-01,2025-12-16,0,0,,W2203141193,SMC,2025-11-21,LIR,46,2025-11-20 12:03:01,2927,M,9NCT2,RBR500 ,0,Nor,53,UI SERV DIRECTO,53,S,MED
2025-12-01 00:00:00,812241116667,29,DW,22,C,11,292,APODACA GUERRERO IRMA LIZETTE ,1B,ACTIVO,WTD754 ,2,F623,24P2,2025-11-01,2025-01-20,0,0,,W2203141191,SMG,2025-11-21,LIR,46,2025-11-20 11:25:36,2927,M,9NCT2,WTD754 ,0,Nor,60,MEDID NO TRABAJA,60,S,MED
2025-12-01 00:00:00,812241206097,30,DW,22,C,01,302,CAB CAB SANTOS                ,1B,BAJA SIN MED RET,WRB789 ,2,F623,24P2,2025-12-01,2025-12-19,9907,0,,W2203123251,SMC,2025-10-21,LIR,77,2025-12-19 14:55:04,3002,L,9NCT2,WRB789 ,0,Opt,31,SERVICIO SIN USO,,,MED
2025-12-01 00:00:00,812250303186,26,DW,22,C,01,263,RODRIGUEZ MARQUEZ FRANCISCO JA,1B,CORTADO,RBA481 ,2,F623,24NY,2025-12-01,2025-12-17,3961,0,,W2203134681,SMC,2025-11-08,CDA,59,2025-12-17 09:43:35,2603,L,9NCT2,RBA481 ,0,Opt,31,SERVICIO SIN USO,,,MED
2025-12-01 00:00:00,812250305715,07,DW,22,C,01,071,ESCOBAR ALBERTO LAURA EDITH   ,1B,ACTIVO,HYP085 ,2,F623,23NU,2025-05-01,2025-05-15,101,101,,W2203130573,SMW,2025-10-31,CDV,67,,,,,,,,,,,,GSC
2025-12-01 00:00:00,812250306860,29,DW,22,C,11,291,ISLAS GARCIA JUAN ARMANDO     ,1B,ACTIVO,RAY553 ,2,F623,24NY,2025-11-01,2025-09-19,1029,343,,W2203141186,SMC,2025-11-21,LIR,46,2025-11-20 09:50:02,2926,L,GAPKM,RAY553 ,0,Nor,53,UI SERV DIRECTO,53,S,MED
2025-12-01 00:00:00,812250309214,27,DW,22,C,11,274,PAZ MARRUFO FLOR SHADAI       ,1B,ACTIVO,RAY636 ,2,F623,24NY,2025-11-01,2025-09-18,597,199,,W2203140495,SMC,2025-11-20,LIR,47,2025-11-19 09:40:34,2728,M,GAPKM,RAY636 ,0,Nor,53,UI SERV DIRECTO,53,S,MED
2025-12-01 00:00:00,812250505544,20,DW,22,C,01,201,CASTANON DOMINGUEZ MILDRED DAN,1B,ACTIVO,3CFD26 ,2,F623,25P3,2025-12-01,2025-12-12,0,372,,W2203118441,SMC,2025-10-14,LIR,84,2025-12-12 09:37:28,2001,M,9NCT2,RBR855 ,0,Nor,56,NO HAY MEDIDOR,56,S,MED
2025-12-01 00:00:00,812250506508,29,DW,22,C,11,293,DE LA CRUZ ZARATE JOSE MIGUEL ,1B,ACTIVO,2AAW62 ,2,F623,25NY,2025-11-01,2025-11-20,8,4,,W2203118501,SMW,2025-10-14,W2C,84,2025-11-20 10:07:29,2928,L,GA23N,2AAW62 ,4,Opt,31,SERVICIO SIN USO,,,GSC
2025-12-01 00:00:00,812250509001,18,DW,22,C,01,181,NIETO CESPEDES RODOLFO        ,1B,ACTIVO,6BCV84 ,2,F623,25P2,2025-12-01,2025-12-11,186,186,,W2203117813,SMC,2025-10-13,LIR,85,2025-12-11 09:29:39,1801,L,GAPHM,6BCV84 ,186,Opt,  ,,,,MED
2025-12-01 00:00:00,812250607037,32,DW,22,C,01,322,BUCHANAN ALLISON ELIZABETH    ,1B,ACTIVO,1DVH94 ,2,F623,25NY,2025-12-01,2025-08-21,0,0,,W2203124224,SMC,2025-10-22,LIR,76,2025-12-22 09:34:20,3201,L,GAPHM,1DVH94 ,0,Nor,53,UI SERV DIRECTO,53,S,MED
2025-12-01 00:00:00,812250700398,28,DW,22,C,01,281,PEREZ LOPEZ OMAR              ,1B,ACTIVO,2DVH08 ,2,F623,25NY,2025-12-01,2025-08-21,0,0,,W2203123449,SMC,2025-10-21,LIR,77,2025-12-18 06:05:16,2801,L,GAPHM,2DVH08 ,0,Nor,51,NO ENCONTRE DOMI,,,MED
2025-12-01 00:00:00,812250803308,32,DW,22,C,01,323,BONE CHERI LEE                ,1B,ACTIVO,4DVF85 ,2,F623,25NY,2025-12-01,2025-12-22,256,256,,W2203123450,SMC,2025-10-21,LIR,77,2025-12-22 10:19:21,3202,L,9NCT2,4DVF85 ,256,Opt,  ,,,,MED
2025-12-01 00:00:00,812250900729,08,DW,22,C,01,081,CHAVEZ ESPINOZA MAGDALENO     ,1B,ACTIVO,7DVH36 ,2,F623,25NY,2025-12-01,2025-10-03,0,0,,W2203113882,SMC,2025-10-06,LIR,92,2025-12-04 12:08:15,0801,M,9NCT2,7DVH36 ,0,Nor,53,UI SERV DIRECTO,53,S,MED
2025-12-01 00:00:00,812250900893,14,DW,22,C,01,144,ARRECIFES MAYAS               ,1B,ACTIVO,1DVT92 ,2,F623,25NY,2025-12-01,2025-12-09,0,0,,W2203116112,SMC,2025-10-09,LIR,89,2025-12-09 11:35:44,1402,L,GAPHM,1DVT92 ,0,Opt,31,SERVICIO SIN USO,,,MED
2025-12-01 00:00:00,812250902764,14,DW,22,C,01,144,SAHA KALYANI                  ,1B,ACTIVO,8BCT17 ,2,F623,25P2,2025-12-01,2025-10-08,0,0,,W2203116113,SMC,2025-10-09,LIR,89,2025-12-09 09:48:11,1402,L,GAPHM,8BCT17 ,0,Nor,53,UI SERV DIRECTO,53,S,MED
2025-12-01 00:00:00,812160400557,24,DW,22,A,02,246,ROJAS MENESES MARIA HORTENSIA ,1B,ACTIVO,HLN694 ,2,F623,23NY,2024-08-01,2024-08-14,31423,638,,W2203120460,SMC,2025-10-16,LIR,82,2024-08-14 13:12:28,2205,M,9PJYL,HLN694 ,56,Nor,  ,,FR,S,MED
2025-12-01 00:00:00,812160801250,25,DW,22,C,07,251,GUTIERREZ CASTRO MARIA GUADALU,02,CORTADO,N949GC ,2,F622,18LM,2025-11-01,2025-11-18,66133,0,,W2203145448,SMC,2025-11-29,CDX,38,,,,,,,,,,,,MED
2025-12-01 00:00:00,812170101892,21,DW,22,C,11,214,CAHUICH MAY LAUREANO          ,1B,CORTADO,369JCL ,1,F122,15LN,2025-11-01,2025-07-15,15491,229,,W2203138010,SMC,2025-11-14,LIR,53,2025-11-13 10:54:49,2128,L,GAPHM,369JCL ,0,Nor,53,UI SERV DIRECTO,53,S,MED
2025-12-01 00:00:00,812200103275,21,DW,22,C,05,211,MEDINA CHIMAL ARTEMIO         ,1B,ACTIVO,DW391K ,2,F623,19NU,2025-11-01,2025-09-11,17502,583,,W2203138003,SMC,2025-11-14,LIR,53,2025-11-13 09:40:48,2126,L,9NCT2,DW391K ,0,Nor,53,UI SERV DIRECTO,53,S,MED
2025-12-01 00:00:00,812200103364,21,DW,22,C,05,211,MEDINA CHIMAL ARTEMIO         ,1B,CORTADO,YJ044R ,2,F623,21NU,2025-11-01,2025-09-11,24229,1592,,W2203138002,SMC,2025-11-14,LIR,53,2025-11-13 09:39:55,2126,L,9NCT2,YJ044R ,0,Nor,53,UI SERV DIRECTO,53,S,MED
2025-12-01 00:00:00,812200103399,21,DW,22,C,05,211,MEDINA CHIMAL ARTEMIO         ,1B,CORTADO,X079UM ,2,F622,19LM,2025-11-01,2025-09-11,21669,315,,W2203138001,SMC,2025-11-14,LIR,53,2025-11-13 09:39:34,2126,L,9NCT2,X079UM ,0,Nor,53,UI SERV DIRECTO,53,S,MED
2025-12-01 00:00:00,812201202226,25,DW,22,C,11,253,FRACC  TRIUNFADORES  E01 Y 02 ,1B,ACTIVO,NK588H ,2,F623,20NU,2025-11-01,2025-09-17,14196,346,,W2203139677,SMC,2025-11-19,LIR,48,2025-11-18 11:49:24,2528,L,GAPHM,NK588H ,0,Nor,53,UI SERV DIRECTO,53,S,MED
2025-12-01 00:00:00,810221003952,24,DW,22,A,02,246,NAH PAT BONIFACIA             ,1B,ACTIVO,TV163B ,1,F123,21NX,2025-12-01,2025-12-16,2374,1305,,W2203120462,SMC,2025-10-16,LIR,82,2025-12-16 11:30:57,2401,L,GAXPM,TV163B ,1305,Opt,  ,,,,MED
2025-12-01 00:00:00,812210705010,21,DW,22,C,11,214,ALVAREZ GARCIA JUAN PABLO     ,1B,ACTIVO,DBW232 ,2,F623,22NU,2025-11-01,2025-05-19,40,0,,W2203138013,SMC,2025-11-14,LIR,53,2025-11-13 11:23:15,2128,L,GAPHM,DBW232 ,0,Nor,53,UI SERV DIRECTO,53,S,MED
2025-12-01 00:00:00,812220209282,27,DW,22,C,11,272,LOPEZ PERALTA FRANCISCO JAVIER,1B,ACTIVO,YP935N ,2,F623,21NU,2025-11-01,2025-07-18,6915,276,,W2203140494,SMC,2025-11-20,LIR,47,2025-11-19 10:19:03,2726,L,GAPHM,YP935N ,0,Nor,53,UI SERV DIRECTO,53,S,MED
2025-12-01 00:00:00,812221101931,31,DW,22,C,08,312,NIC COB CARLOS ANTONIO        ,1B,ACTIVO,DBW226 ,2,F623,22NU,2025-11-01,2025-09-22,13411,750,,W2203142072,SMC,2025-11-24,LIR,43,2025-11-21 11:11:32,3151,R,GAPKM,DBW226 ,0,Nor,53,UI SERV DIRECTO,53,S,MED
2025-12-01 00:00:00,812231103184,25,DW,22,C,07,251,OSLIM CONSTRUCTION MEXICO SA D,1B,ACTIVO,JAH525 ,2,F623,23NU,2024-03-01,2024-03-14,1842,750,,W2203111716,SM2,2025-10-01,CDC,97,,,,,,,,,,,,GSC
2025-12-01 00:00:00,812210103532,25,DW,22,C,11,253,FRACC  TRIUNFADORES E01 Y E02 ,1B,ACTIVO,ML696H ,2,F623,20NU,2025-11-01,2025-09-17,22525,1349,,W2203139679,SMC,2025-11-19,LIR,48,2025-11-18 11:57:03,2528,L,GAPHM,ML696H ,0,Nor,53,UI SERV DIRECTO,53,S,MED
2025-12-01 00:00:00,812210305097,23,DW,22,C,05,231,TEC PERAZA OLGA MARIA         ,1B,ACTIVO,NT734K ,2,F623,20NU,2025-11-01,2025-09-12,7309,481,,W2203138966,SMC,2025-11-18,LIR,49,2025-11-14 10:41:06,2326,L,GAPHM,NT734K ,0,Nor,53,UI SERV DIRECTO,53,S,MED
2025-12-01 00:00:00,812250903086,08,DW,22,C,01,081,MAGANA CISNEROS SERGIO        ,1B,ACTIVO,5DVN09 ,2,F623,25NY,2025-12-01,2025-10-03,0,0,,W2203113883,SMC,2025-10-06,LIR,92,2025-12-04 12:08:36,0801,M,9NCT2,5DVN09 ,0,Nor,53,UI SERV DIRECTO,53,S,MED
2025-12-01 00:00:00,812250904791,21,DW,22,C,11,214,NOVELO SOSA RAQUEL            ,1B,ACTIVO,6BCT71 ,2,F623,25P2,2025-11-01,2025-11-13,0,0,,W2203138008,SMC,2025-11-14,LIR,53,2025-11-13 07:56:37,2128,L,GAPHM,6BCT71 ,0,Nor,53,UI SERV DIRECTO,53,S,MED
2025-12-01 00:00:00,812251000641,29,DW,22,C,11,291,LOYDE GALDAMES LUIS ENRIQUE   ,1B,ACTIVO,4AUV49 ,2,F623,25P2,2025-11-01,2025-11-20,0,0,,W2203118596,SMW,2025-10-14,W2C,84,2025-11-20 12:11:01,2926,L,GAPKM,4AUV49 ,0,Nor,51,NO ENCONTRE DOMI,,,GSC
2025-12-01 00:00:00,812251000861,32,DW,22,C,01,323,ITTU IOAN CONSTANTIN          ,1B,ACTIVO,8AUP73 ,2,F623,25P2,2025-12-01,2025-12-22,15,15,,W2203124229,SMC,2025-10-22,LIR,76,2025-12-22 10:31:03,3202,L,9NCT2,8AUP73 ,15,Opt,  ,,,,MED
2025-12-01 00:00:00,812251000870,32,DW,22,C,01,323,TOSCANO ARCE JOSE DE JESUS    ,1B,ACTIVO,8AUP74 ,2,F623,25P2,2025-12-01,2025-12-22,201,201,,W2203124230,SMC,2025-10-22,LIR,76,2025-12-22 10:30:50,3202,L,9NCT2,8AUP74 ,201,Opt,  ,,,,MED
2025-12-01 00:00:00,812251000888,32,DW,22,C,01,323,COCOM LUNA PEDRO ISMAEL       ,1B,ACTIVO,8AUP75 ,2,F623,25P2,2025-12-01,2025-12-22,2,2,,W2203124231,SMC,2025-10-22,LIR,76,2025-12-22 10:30:37,3202,L,9NCT2,8AUP75 ,2,Opt,31,SERVICIO SIN USO,,,MED
2025-12-01 00:00:00,812251000896,32,DW,22,C,01,323,WEISS SHANNON                 ,1B,ACTIVO,4AUV48 ,2,F623,25P2,2025-12-01,2025-12-22,287,287,,W2203124232,SMC,2025-10-22,LIR,76,2025-12-22 10:29:53,3202,L,9NCT2,4AUV48 ,287,Opt,  ,,,,MED
2025-12-01 00:00:00,812910900425,17,DW,22,C,04,174,ANATOLIO CANCHE HAU           ,1B,ACTIVO,R7J097 ,1,F121,90F5,2025-11-01,2025-09-09,65855,254,,W2203136836,SMC,2025-11-12,LIR,55,2025-11-11 10:07:33,1726,L,GAPHM,R7J097 ,0,Nor,53,UI SERV DIRECTO,53,S,MED
2025-12-01 00:00:00,812981100306,63,DW,22,C,02,633,23ETV0113I TELESEC ELEUTERIO L,02,ACTIVO,5CDP74 ,2,F623,25P3,2025-12-01,2025-12-19,0,0,,W2203132127,SMG,2025-11-05,LIR,62,2025-12-04 09:00:05,6301,L,GAPHM,U006AC ,0,Nor,53,UI SERV DIRECTO,53,S,MED
2025-12-01 00:00:00,812990800051,26,DW,22,C,01,261,SUSANO POOT CHIN              ,1B,BAJA SIN MED RET,550FVB ,2,F622,15LM,2025-12-01,2025-12-17,27678,0,,W2203121212,SMC,2025-10-17,LIR,81,2025-12-17 10:01:52,2601,L,GAPKM,550FVB ,0,Nor,53,UI SERV DIRECTO,53,S,MED
