Fecha_Ade,Rpu,Ciclo,Division,Zona,Agencia,Poblacion,Ruta,Nombre,Tarifa,Estado_Servicio,Num_Med,Hilos,Cod_Med,Cod_Lot,Fecha_Ade_Lectura,Fecha_Lectura,Lectura,Consumo,Anomalia_Lectura,Orden,Tipo_Orden,Fecha_Creacion,Origen,Dias,Fecha_Lectura_Kavi,Num_Tarea_Kavi,Tipo_Tarea_Kavi,RPE_Lectura_Kavi,Medidor_Kavi,Kwh_Kavi,Modo_Captura_Kavi,Cve_Anom_Kavi,Desc_Anom_Kavi,Validacion_Kavi,Tiene_Foto_Kavi,Proceso
2026-02-01 00:00:00,318160300094,23,DW,04,H,59,231,FRANCO POMPA EFRAIN           ,1F,ACTIVO,363EGH ,1,F122,15LN,2026-01-01,2026-01-15,2166,38,,W0403191566,SMC,2026-01-09,LIR,49,,,,,,,,,,,,MED
2026-02-01 00:00:00,318160300183,13,DW,04,H,A7,001,CRUZ MENDOZA RAQUEL           ,1F,ACTIVO,395EGH ,1,F122,15LN,2026-01-01,2026-01-08,3036,138,,W0403195186,SM2,2026-01-15,04E,43,,,,,,,,,,,,GSC
2026-02-01 00:00:00,318160300256,23,DW,04,H,59,231,MENDOZA RODAS NORMA RUTH      ,1F,ACTIVO,332EGH ,1,F122,15LN,2026-01-01,2026-01-15,1390,65,,W0403191567,SMC,2026-01-09,LIR,49,,,,,,,,,,,,MED
2026-02-01 00:00:00,318160800089,10,DW,04,H,50,001,VAZQUEZ GALLEGOS RICARDO      ,1F,ACTIVO,30G2C3 ,1,F12H,09KU,2026-02-01,2025-10-06,7560,201,,W0403178197,SMG,2025-12-09,04B,80,2026-02-04 17:44:29,1026,L,GAGBM,30G2C3 ,0,Nor,59,DISPLAY APAGADO,59,S,MED
2026-02-01 00:00:00,318160901241,13,DW,04,H,D6,001,ARIAS ZACARIAS AMERICA        ,1F,BAJA SIN MED RET,325DHC ,1,F122,15LN,2026-01-01,2026-01-08,94,0,,W0403191572,SMC,2026-01-09,LIR,49,,,,,,,,,,,,MED
2026-02-01 00:00:00,318160901276,13,DW,04,H,D6,001,GASPARILLO RODRIGUEZ MOISES   ,1F,ACTIVO,615KTT ,1,F122,15LN,2026-01-01,2025-11-07,5458,0,,W0403191571,SMC,2026-01-09,LIR,49,2026-01-08 13:58:45,1326,L,R9655,615KTT ,0,Nor,53,UI SERV DIRECTO,53,S,MED
2026-02-01 00:00:00,318161103543,23,DW,04,H,59,231,GUZMAN GUZMAN GUDIEL          ,1F,ACTIVO,230VLW ,1,F122,16LN,2026-01-01,2026-01-15,5059,127,,W0403191559,SMC,2026-01-09,LIR,49,,,,,,,,,,,,MED
2026-02-01 00:00:00,318161103608,23,DW,04,H,59,231,MORALES LOPEZ JUAN            ,1F,ACTIVO,895VLV ,1,F122,16LN,2026-01-01,2026-01-15,6607,105,,W0403191565,SMC,2026-01-09,LIR,49,,,,,,,,,,,,MED
2026-02-01 00:00:00,318161103837,23,DW,04,H,59,231,CANCHA MUNICIPAL EJIDO PAILAS ,1F,ACTIVO,146TGW ,2,F622,16LM,2026-01-01,2026-01-15,5708,112,,W0403191564,SMC,2026-01-09,LIR,49,,,,,,,,,,,,MED
2026-02-01 00:00:00,318161104124,23,DW,04,H,59,231,MENDOZA RODAS ISAIAS          ,1F,ACTIVO,MJC638 ,1,F123,23NX,2026-01-01,2026-01-15,373,110,,W0403191568,SMC,2026-01-09,LIR,49,,,,,,,,,,,,MED
2026-02-01 00:00:00,318161107409,22,DW,04,H,33,223,MENDOZA COLLI VICTOR MANUEL   ,1F,ACTIVO,816VLV ,1,F122,16LN,2026-02-01,2026-02-12,10939,0,,W0403181927,SMC,2025-12-16,LIR,73,2026-02-12 09:56:31,2226,L,GAGBM,816VLV ,0,Opt,31,SERVICIO SIN USO,,,MED
2026-02-01 00:00:00,318161107816,13,DW,04,H,B4,001,DE DIEGO HERNANDEZ JOSE ANTONI,1F,ACTIVO,453VLN ,1,F122,16LN,2026-01-01,2025-11-07,6326,174,,W0403191570,SMC,2026-01-09,LIR,49,2026-01-08 17:03:50,1326,L,R9655,453VLN ,0,Nor,53,UI SERV DIRECTO,53,S,MED
2026-02-01 00:00:00,318161109258,22,DW,04,H,32,222,ORDONEZ DE LA CRUZ GLORIA     ,1F,ACTIVO,617VLP ,1,F122,16LN,2026-02-01,2026-02-13,9686,0,,W0403181926,SMC,2025-12-16,LIR,73,2026-02-13 08:06:31,2226,L,GAGBM,617VLP ,0,Opt,31,SERVICIO SIN USO,,,MED
2026-02-01 00:00:00,318180600035,10,DW,04,H,50,001,GONZALEZ GOMEZ CARINA         ,1F,ACTIVO,64A2C4 ,1,F121,08JL,2026-02-01,2026-02-04,58878,674,,W0403178917,SM2,2025-12-10,04H,79,2026-02-04 14:39:01,1026,L,GAGBM,64A2C4 ,674,Nor,  ,,,,GSC
2026-02-01 00:00:00,318190900134,13,DW,04,H,A7,001,REYES MENDOZA SANDRA PATRICIA ,1F,BAJA SIN MED RET,U003VA ,1,F122,18LN,2026-01-01,2026-01-08,9668,0,,W0403191569,SMC,2026-01-09,LIR,49,,,,,,,,,,,,MED
2026-02-01 00:00:00,318191100051,37,DW,04,H,51,370,MONTOY UCAN RUSEL SAYSER      ,1F,ACTIVO,T122ND ,1,F122,18LN,2026-01-01,2025-11-26,518,128,,W0403201184,SMG,2026-01-27,04B,31,2026-01-26 15:53:09,3726,L,R9605,T122ND ,99482,Opt,  ,,,,MED
2026-02-01 00:00:00,318200100093,27,DW,04,H,55,273,CEII U K AAY PAALAL           ,02,ACTIVO,U150VA ,1,F122,18LN,2026-01-01,2026-01-20,238,37,,W0403196802,SMC,2026-01-19,LIR,39,,,,,,,,,,,,MED
2026-02-01 00:00:00,318200200128,09,DW,04,H,93,001,MARTINEZ GUTIERREZ GUADALUPE  ,1F,ACTIVO,EN298Y ,2,F623,19NU,2026-01-01,2026-01-06,5128,217,,W0403195115,SM2,2026-01-15,04E,43,,,,,,,,,,,,GSC
2026-02-01 00:00:00,318230900205,16,DW,04,H,52,161,ORTIZ SANTOS CRUZ             ,02,ACTIVO,JCX529 ,2,F623,23NU,2026-02-01,2026-02-09,5803,371,,W0403197437,SM2,2026-01-20,W4A,38,2026-02-09 10:04:59,1626,L,GAGBM,JCX529 ,371,Nor,  ,,LM,S,GSC
2026-02-01 00:00:00,318241100243,10,DW,04,H,50,001,TORIZ PATINO KAREN ADRIANA    ,1F,ACTIVO,WMG567 ,2,F623,24P2,2026-02-01,2026-02-04,201,33,,W0403178893,SM2,2025-12-10,04H,79,2026-02-04 08:13:03,1026,L,GAGBM,WMG567 ,33,Nor,  ,,LM,S,GSC
2026-02-01 00:00:00,318250500271,08,DW,04,H,50,001,VISOSO RODRIGUEZ SABINA       ,1F,ACTIVO,6ABA54 ,2,F623,25NY,2026-02-01,2026-02-03,801,397,,W0403203963,SM2,2026-01-31,04E,27,2026-02-03 08:11:20,0826,L,GAGBM,6ABA54 ,397,Nor,  ,,FR,S,GSC
2026-02-01 00:00:00,770000556556,06,DW,01,A,01,061,UNION DE BARATILLEROS         ,02,ACTIVO,JBM259 ,2,F623,23NU,2023-10-01,2023-10-03,25353,2364,,W0106173005,SMC,2025-12-03,LIR,86,,,,,,,,,,,,MED
2026-02-01 00:00:00,770010200211,10,DW,01,B,02,105,LUIS RUBEN GARCIA DELGADILLO  ,1D,ACTIVO,1B9A71 ,2,F621,00F3,2026-02-01,2026-02-04,76742,1,,W0106178047,SMG,2025-12-08,LIR,81,2026-02-04 16:57:43,1003,M,GAXVM,1B9A71 ,1,Nor,31,SERVICIO SIN USO,,,MED
2026-02-01 00:00:00,770020501162,10,DW,01,A,01,102,IMPORTACIONES ALTIVA SA DE CV ,02,ACTIVO,0X5L91 ,2,F421,02GH,2026-02-01,2026-02-04,16098,6266,,W0106180781,SM2,2025-12-09,01M,80,2026-02-05 10:45:25,1051,R,9NCY6,0X5L91 ,6266,Nor,  ,,FR,S,GSC
2026-02-01 00:00:00,770050900487,06,DW,01,A,01,061,BRICENO JUAN                  ,02,ACTIVO,RBE659 ,2,F623,24NY,2025-02-01,2025-01-29,26717,418,,W0106262996,SMC,2026-01-30,LIR,28,2025-01-29 12:18:05,0601,L,9ND0G,RBE659 ,0,Nor,53,UI SERV DIRECTO,53,S,MED
2026-02-01 00:00:00,770070401118,19,DW,01,A,02,192,SALAZAR CASTILLO ANA ISABEL   ,02,CORTADO,JBR008 ,2,F623,23NU,2026-01-01,2026-01-13,964,0,,W0106230746,SMC,2026-01-13,LIR,45,2026-01-13 13:22:56,1902,M,R9700,JBR008 ,0,Opt,32,UI DERIVACION,32,S,MED
2026-02-01 00:00:00,770070401151,11,DW,01,A,02,113,LOMBARDO PAUL SAMUEL          ,1D,CORTADO,427JJR ,2,F622,15LM,2026-01-01,2026-01-07,48876,0,,W0106221797,SMC,2026-01-08,LIR,50,2026-01-07 08:45:56,1102,M,9P14V,427JJR ,0,Opt,32,UI DERIVACION,32,S,MED
2026-02-01 00:00:00,770070600498,31,DW,01,A,02,313,RENTADORA A TUS PIES SA DE CV ,02,ACTIVO,F1R083 ,2,F621,88F3,2026-01-01,2025-11-21,18959,425,,W0106248283,SMG,2026-01-22,01B,36,2026-01-21 09:07:37,3102,M,GAKKM,F1R083 ,99390,Nor,  ,,FR,S,MED
2026-02-01 00:00:00,770071000966,27,DW,01,B,01,276,BENITEZ BASTARRACHEA GENNY B  ,1D,ACTIVO,73E82M ,2,F62H,10KN,2026-01-01,2026-01-20,82874,839,,W0106241234,SMG,2026-01-19,LIR,39,,,,,,,,,,,,MED
2026-02-01 00:00:00,770081101639,22,DW,01,A,01,222,ORTEGON CETINA CARLOS DEL JESU,02,ACTIVO,MKX305 ,1,F123,23NX,2025-12-01,2025-12-15,525,4,,W0106189771,SMC,2025-12-15,LIR,74,,,,,,,,,,,,MED
2026-02-01 00:00:00,770090602390,10,DW,01,D,01,101,MARFIL ORDAZ LIGIA CRISTINA   ,1D,ACTIVO,WNR144 ,2,F623,24P2,2026-02-01,2026-02-04,6291,284,,W0106208853,S05,2025-12-29,CDX,60,2026-02-04 12:08:03,1001,M,9BBR3,WNR144 ,284,Opt,  ,,,,CCC
2026-02-01 00:00:00,770090900404,27,DW,01,A,01,274,CASTILLO GALLEGOS GILMER ALFRE,02,SUJETO A CORTE,GBV733 ,1,F123,23NX,2026-01-01,2026-01-19,0,3,,W0106244965,SMG,2026-01-21,01B,37,2026-01-19 11:34:08,2703,L,G92B5,GBV733 ,99988,Opt,  ,,,,MED
2026-02-01 00:00:00,770091100550,22,DW,01,B,02,224,ARCIQUE ROSADO ALONDRA IVET   ,1D,ACTIVO,48T86D ,2,F62H,10KN,2011-10-01,2011-10-17,8442,0,,W0106190993,SMG,2025-12-16,LIR,73,,,,,,,,,,,,MED
2026-02-01 00:00:00,770110401311,35,DW,01,B,01,355,BUGAMBILIAS PROPIEDAD EN CONDO,02,ACTIVO,32X7E2 ,3,FD2H,09KV,2026-01-01,2026-01-26,65035,1648,,W0106250707,SMG,2026-01-23,LIR,35,,,,,,,,,,,,MED
2026-02-01 00:00:00,770110402317,26,DW,01,A,01,264,ESPINOSA MANRIQUE DULCE MARIA ,1D,ACTIVO,HD798W ,1,F123,20NT,2026-02-01,2026-02-16,3796,650,,W0106197250,SMG,2025-12-18,01A,71,2026-02-17 10:19:04,2651,R,GAKKM,HD798W ,0,Nor,56,NO HAY MEDIDOR,56,S,MED
2026-02-01 00:00:00,770111200084,06,DW,01,A,01,061,OSALDE QUINTAL ISIDORO        ,1D,ACTIVO,RBX683 ,2,F623,24NY,2026-02-01,2026-02-09,0,0,,W0106174324,SM2,2025-12-04,01M,85,2026-01-30 17:08:01,0601,L,G92B3,357X6T ,0,Nor,53,UI SERV DIRECTO,53,S,GSC
2026-02-01 00:00:00,770111200378,23,DW,01,A,02,231,ALJO CENTRO CAMBIARIO         ,02,ACTIVO,60RH38 ,2,F629,07JJ,2026-01-01,2026-01-16,96847,420,,W0106237082,SM2,2026-01-16,01H,42,,,,,,,,,,,,GSC
2026-02-01 00:00:00,770121101831,10,DW,01,A,01,102,PEREZ MENDEZ FRANCISCO RICARDO,02,ACTIVO,N332DC ,2,F622,18LM,2026-02-01,2025-12-05,71395,2129,,W0106200582,SMC,2025-12-21,CDU,68,2026-02-05 11:08:38,1051,R,9NCY6,N332DC ,0,Opt,60,MEDID NO TRABAJA,60,S,MED
2026-02-01 00:00:00,770130500471,27,DW,01,A,01,271,POLANCO AGUILAR GRETY         ,02,CORTADO,541RM8 ,1,F122,12LH,2026-01-01,2026-01-19,2252,0,,W0106242611,SMG,2026-01-20,01B,38,2026-01-19 15:14:27,2701,L,9MCGD,541RM8 ,0,Nor,31,SERVICIO SIN USO,,,MED
2026-02-01 00:00:00,770131201231,06,DW,01,E,02,062,SNIPER COMERCIALIZADORA       ,02,BAJA SIN MED RET,5YB759 ,1,F121,00GG,2026-02-01,2026-01-30,8299,0,,W0106262749,SMC,2026-01-30,LIR,28,2026-01-30 09:17:41,0606,L,9NCYE,5YB759 ,0,Nor,53,UI SERV DIRECTO,53,S,MED
2026-02-01 00:00:00,770140601969,30,DW,01,A,01,306,ESPADAS AVILA MARIA PAULINA   ,1D,ACTIVO,4T816A ,2,F621,06F3,2026-02-01,2026-02-18,20323,142,,W0106188966,SM2,2025-12-15,W1G,74,,,,,,,,,,,,GSC
2026-02-01 00:00:00,770140901059,26,DW,01,A,01,261,KANTUN LARA ADRIANA GUADALUPE ,1D,ACTIVO,662JJT ,2,F622,15LM,2026-02-01,2026-02-16,25903,436,,W0106195294,SMC,2025-12-17,LIR,72,2026-02-16 11:07:23,2601,M,G92B3,662JJT ,436,Opt,  ,,,,MED
2026-02-01 00:00:00,770160300124,19,DW,01,A,02,192,SEGOVIA RAMIREZ KARINA        ,1D,ACTIVO,JFE399 ,2,F623,23NU,2024-05-01,2024-05-14,650,203,,W0106230747,SMC,2026-01-13,LIR,45,,,,,,,,,,,,MED
2026-02-01 00:00:00,770160600586,27,DW,01,A,01,271,TORRES LOPEZ MAXIMO           ,02,ACTIVO,0DAP99 ,1,F123,25NX,2025-09-01,2025-09-18,23494,2444,,W0106243383,SM2,2026-01-20,01B,38,,,,,,,,,,,,GSC
2026-02-01 00:00:00,770181100621,22,DW,01,A,01,222,CARDENAS FRANCO ELSY NOEMI    ,1D,ACTIVO,52V83W ,2,F62H,11KN,2026-02-01,2026-02-12,32783,666,,W0106189781,SMC,2025-12-15,LIR,74,2026-02-12 13:19:53,2202,M,GA82N,52V83W ,666,Opt,  ,,,,MED
2026-02-01 00:00:00,770190300226,26,DW,01,A,01,261,AVILA ARJONA ALFONSO DE JESUS ,1D,ACTIVO,99W15G ,2,F62H,11KN,2026-02-01,2026-02-16,26558,720,,W0106195296,SMC,2025-12-17,LIR,72,2026-02-16 12:18:37,2601,M,G92B3,99W15G ,720,Opt,  ,,,,MED
2026-02-01 00:00:00,770191000218,11,DW,01,A,02,113,PEREZ MARIN FRANCISCO ALFREDO ,02,ACTIVO,Y311MW ,2,F623,19NU,2026-01-01,2026-01-07,97,0,,W0106225054,SMG,2026-01-09,MED,49,2026-01-07 17:17:23,1102,M,9P14V,Y311MW ,0,Nor,31,SERVICIO SIN USO,LM,S,MED
2026-02-01 00:00:00,770200700317,17,DW,01,C,02,175,JESUS ALBERTO CANTO KU        ,02,ACTIVO,Y788MG ,2,F623,19NU,2026-01-01,2026-01-12,393,0,,W0106228393,SMC,2026-01-12,LIR,46,2026-01-12 08:43:53,1704,M,9P14V,Y788MG ,0,Opt,32,UI DERIVACION,32,S,MED
2026-02-01 00:00:00,770201200059,34,DW,01,B,01,342,CONTRERAS LARA ALEJANDRO DE JE,1D,ACTIVO,UL547P ,2,F623,21NY,2026-02-01,2026-02-20,25793,1139,,W0106206105,SMC,2025-12-26,CCC,63,2026-02-21 09:13:01,3451,R,9EMKC,UL547P ,0,Nor,53,UI SERV DIRECTO,53,S,MED
2026-02-01 00:00:00,770210100679,23,DW,01,A,02,231,ECHEVERRIA VAZQUEZ JOSE ENRIQU,1D,ACTIVO,YP064J ,2,F623,21NU,2022-07-01,2022-07-15,701,0,,W0106237341,SM2,2026-01-16,01M,42,,,,,,,,,,,,GSC
2026-02-01 00:00:00,770231000321,22,DW,01,A,01,222,CASTILLO PREVAL RAYMER AGUSTO ,1D,ACTIVO,JAJ250 ,2,F623,23NU,2026-02-01,2025-10-14,10687,717,,W0106189774,SMC,2025-12-15,LIR,74,2026-02-12 09:59:44,2202,M,GA82N,JAJ250 ,0,Nor,53,UI SERV DIRECTO,53,S,MED
2026-02-01 00:00:00,770140201286,31,DW,01,A,02,313,BRITO BERLIN MARIO ALBERTO    ,02,ACTIVO,6A1X49 ,2,F621,00F3,2026-01-01,2025-11-21,72405,403,,W0106250572,SMG,2026-01-23,01B,35,2026-01-21 08:39:11,3102,M,GAKKM,6A1X49 ,99187,Nor,  ,,FR,S,MED
2026-02-01 00:00:00,770250300409,14,DW,01,A,01,143,POOT OJEDA MANUEL EDUARDO     ,1D,ACTIVO,RBB986 ,2,F623,24NY,2026-02-01,2025-06-09,0,0,,W0106182540,SMC,2025-12-10,01M,79,2026-02-09 12:25:03,1451,R,G92B3,RBB986 ,0,Nor,56,NO HAY MEDIDOR,56,S,MED
2026-02-01 00:00:00,770250700156,19,DW,01,A,02,191,HERRERA GURIBEL GUILLERMO ALEJ,1D,CORTADO,1AXV63 ,2,F623,25P2,2026-01-01,2025-12-12,0,2553,,W0106232877,SMC,2026-01-14,LIR,44,2026-01-14 09:02:17,1952,R,G92B5,1AXV63 ,0,Nor,53,UI SERV DIRECTO,53,S,MED
2026-02-01 00:00:00,770750310851,30,DW,01,A,01,303,CRISTINA GARCIA M             ,1D,ACTIVO,040682 ,1,W101,6000,2026-02-01,2026-02-18,3695,61,,W0106238121,S05,2026-01-16,CDL,42,,,,,,,,,,,,CCC
2026-02-01 00:00:00,770750319459,26,DW,01,A,01,264,KATHLEEN   ANN                ,1D,ACTIVO,1BCC83 ,2,F623,25P2,2025-06-01,2025-06-17,11122,1000,,W0106195298,SMC,2025-12-17,LIR,72,2025-06-17 11:49:02,2601,L,G92B3,YB184U ,0,Nor,53,UI SERV DIRECTO,53,S,MED
2026-02-01 00:00:00,770750320554,30,DW,01,A,01,306,ZAVAL RUIZ FELIX EUGENIO      ,1D,ACTIVO,L523C7 ,1,F621,96F3,2026-02-01,2026-02-18,26780,468,,W0106185346,SMG,2025-12-11,01M,78,,,,,,,,,,,,MED
2026-02-01 00:00:00,770140200484,21,DW,01,A,02,212,SALAS CAMPOS ANGELA LORETA    ,1D,CORTADO,JBC765 ,2,F623,23NU,2026-01-01,2026-01-14,12326,0,,W0106232851,SMC,2026-01-14,LIR,44,2026-01-14 09:48:37,2102,L,R9700,JBC765 ,0,Opt,32,UI DERIVACION,32,S,MED
2026-02-01 00:00:00,770780800097,30,DW,01,A,01,303,ZOILA MA VARGAS DE M          ,1D,ACTIVO,3N357H ,1,F121,06JL,2026-02-01,2026-02-18,41242,1,,W0106252706,S05,2026-01-26,W1A,32,,,,,,,,,,,,CCC
2026-02-01 00:00:00,770781201405,27,DW,01,A,01,273,MARCOS FERRAEZ M              ,02,ACTIVO,L9902M ,1,W111,76C0,2026-01-01,2026-01-19,9668,321,,W0106245385,SMG,2026-01-21,01B,37,2026-01-19 15:51:25,2702,L,9NCY6,L9902M ,0,Nor,31,SERVICIO SIN USO,,,MED
2026-02-01 00:00:00,770801100147,30,DW,01,A,01,306,ROGER ARCIQUE CAUICH          ,1D,ACTIVO,G351VT ,2,F622,17LM,2026-02-01,2026-02-18,51822,814,,W0106200115,SMC,2025-12-20,LIR,69,,,,,,,,,,,,MED
2026-02-01 00:00:00,770091101718,27,DW,01,B,01,278,CANUL GAMBOA EIRA MAGALLY     ,1D,ACTIVO,956MV8 ,2,F622,12LJ,2026-01-01,2025-09-18,70221,1620,,W0106241047,SMG,2026-01-19,LIR,39,2026-01-20 11:54:34,2751,R,9MCDA,956MV8 ,0,Nor,60,MEDID NO TRABAJA,60,S,MED
2026-02-01 00:00:00,770811200042,12,DW,01,A,01,121,ARTEMIO Y A JACOBO            ,1D,ACTIVO,M0E872 ,3,FD21,89F4,2026-02-01,2026-02-05,62537,132,,W0106180223,SMG,2025-12-09,LIR,80,2026-02-05 11:55:22,1201,M,GA82N,M0E872 ,132,Nor,  ,,,,MED
2026-02-01 00:00:00,770900500394,11,DW,01,A,02,113,RODRIGO A DIEGO CELIS         ,1D,ACTIVO,421GJ5 ,2,F622,12LJ,2026-01-01,2026-01-07,56830,646,,W0106221798,SMC,2026-01-08,LIR,50,,,,,,,,,,,,MED
2026-02-01 00:00:00,770901000450,23,DW,01,A,02,230,MARIA L CAAMAL CASANOVA       ,1D,CORTADO,33CM96 ,2,F629,06JJ,2026-01-01,2025-09-12,59515,687,,W0106237334,SMW,2026-01-16,01M,42,2026-01-15 18:58:41,2301,M,G92B3,33CM96 ,0,Nor,56,NO HAY MEDIDOR,56,S,GSC
2026-02-01 00:00:00,770920300472,31,DW,01,A,02,313,GABRIEL F PEREZ SEGOVIA       ,02,ACTIVO,G066VR ,2,F622,17LM,2026-01-01,2025-11-21,63741,667,,W0106246388,SMC,2026-01-21,LIR,37,2026-01-21 10:08:43,3102,M,GAKKM,G066VR ,0,Nor,53,UI SERV DIRECTO,53,S,MED
2026-02-01 00:00:00,770930100773,23,DW,01,A,02,231,MUNICIPIO DE MERIDA YUCATAN   ,02,ACTIVO,38CM15 ,3,KL2C,06JR,2026-01-01,2025-09-12,23970,1394,,W0106220591,SMG,2026-01-07,01M,51,2026-01-15 11:52:18,2302,M,GA82N,38CM15 ,0,Nor,59,DISPLAY APAGADO,59,S,MED
2026-02-01 00:00:00,770931200046,26,DW,01,A,01,264,ZAPATA Y ESQUIVEL MARIO A     ,1D,ACTIVO,T12W35 ,2,F621,93F3,2026-02-01,2026-02-16,61505,147,,W0106198999,SMG,2025-12-19,01A,70,2026-02-16 11:50:58,2602,M,G92B5,T12W35 ,147,Nor,  ,,FR,S,MED
2026-02-01 00:00:00,770950600497,23,DW,01,A,02,231,CABANAS GONGORA DEMETRIO JAVIE,02,ACTIVO,YV774K ,2,F622,21LM,2022-07-01,2022-07-15,142,142,,W0106237520,SMC,2026-01-16,LIR,42,,,,,,,,,,,,MED
2026-02-01 00:00:00,770950900130,27,DW,01,A,01,273,MARTINIANO CELIS              ,02,ACTIVO,044261 ,1,W101,6000,2026-01-01,2026-01-19,7505,0,,W0106248041,S05,2026-01-22,W1A,36,2026-01-19 15:20:51,2702,L,9NCY6,044261 ,0,Nor,31,SERVICIO SIN USO,,,CCC
2026-02-01 00:00:00,770960300319,22,DW,01,A,01,222,GUILLERMO DORANTES NAVARR     ,1D,ACTIVO,216G0C ,2,F622,13LM,2026-02-01,2026-02-12,52107,1014,,W0106189772,SMC,2025-12-15,LIR,74,2026-02-12 08:47:00,2202,M,GA82N,216G0C ,1014,Opt,  ,,,,MED
2026-02-01 00:00:00,770970601511,22,DW,01,A,01,222,DOULAUD   VIRGINIE IRENE ANNE ,1D,ACTIVO,RCG898 ,2,F623,24NY,2026-02-01,2025-10-14,1064,24,,W0106189782,SMC,2025-12-15,LIR,74,2026-02-12 17:02:31,2202,M,GA82N,RCG898 ,0,Nor,53,UI SERV DIRECTO,53,S,MED
2026-02-01 00:00:00,770981000196,30,DW,01,A,01,306,RAUL LEON NAVEDO              ,1D,ACTIVO,5JA315 ,2,F621,98F3,2006-10-01,2006-10-12,1,0,,W0106200116,SMC,2025-12-20,LIR,69,,,,,,,,,,,,MED
2026-02-01 00:00:00,770981200608,22,DW,01,A,01,221,MARIA VERONICA CASTRO         ,1D,ACTIVO,23JM25 ,2,F121,07JL,2026-02-01,2026-02-12,39579,252,,W0106189770,SMG,2025-12-15,LIR,74,2026-02-12 10:11:08,2201,M,G92B3,23JM25 ,133,Nor,41,CRISTAL ROTO,41,S,MED
2026-02-01 00:00:00,770990300291,23,DW,01,A,02,231,SERVCOM INSURGENTES SA DE CV  ,02,ACTIVO,38CM69 ,3,KL2C,06JR,2026-01-01,2025-11-14,69767,4134,,W0106237030,SM2,2026-01-16,01M,42,2026-01-15 12:26:34,2302,M,GA82N,38CM69 ,0,Nor,59,DISPLAY APAGADO,59,S,GSC
2026-02-01 00:00:00,770050404021,27,DW,01,A,01,274,BAAS PUCH FLORENTINO          ,02,CORTADO,DB538D ,1,F123,19NM,2014-07-01,2014-07-18,1967,0,,W0106244948,SMG,2026-01-21,01B,37,,,,,,,,,,,,MED
2026-02-01 00:00:00,318230701172,15,DW,04,H,83,001,PEREZ VAZQUEZ ROSALINA        ,1F,ACTIVO,DXD631 ,1,F123,22NX,2026-01-01,2026-01-09,556,1,,W0403193572,SM2,2026-01-13,04B,45,2026-01-09 12:04:10,1526,L,R9655,DXD631 ,99749,Opt,  ,,,,GSC
2026-02-01 00:00:00,771000262087,15,DW,01,B,01,153,GONGORA AGUILAR ANGEL         ,1D,ACTIVO,77E99D ,2,F62H,10KN,2000-01-01,2000-02-28,2,0,,W0106225498,SMG,2026-01-09,LIR,49,,,,,,,,,,,,MED
2026-02-01 00:00:00,771000262095,15,DW,01,B,01,153,LUPERCIO Y BARBA ARTURO       ,1D,ACTIVO,4M4R50 ,2,F421,01GH,2026-01-01,2026-01-09,67112,25,,W0106258538,SM2,2026-01-28,CDD,30,,,,,,,,,,,,GSC
2026-02-01 00:00:00,771000262273,15,DW,01,B,01,153,SAHNOUNE HROUND RACHID        ,1D,ACTIVO,03T35D ,2,F62H,10KN,2000-01-01,2000-03-29,2,0,,W0106227639,SM2,2026-01-12,CDD,46,,,,,,,,,,,,GSC
2026-02-01 00:00:00,318181200448,18,DW,04,H,50,181,CRUZ MONTEJO CARLOS           ,1F,ACTIVO,18V53N ,2,F62H,11KN,2018-12-01,2018-12-21,0,0,,W0403180378,SMC,2025-12-12,LIR,77,,,,,,,,,,,,MED
2026-02-01 00:00:00,771000360003,32,DW,01,B,02,329,CANTON CONTRERAS JUAN JORGE   ,1D,ACTIVO,6M2X09 ,2,F421,01GH,2026-02-01,2026-02-19,66118,0,,W0106202761,SMG,2025-12-22,LIR,67,2026-02-19 10:37:45,3208,M,9ND41,6M2X09 ,0,Nor,60,MEDID NO TRABAJA,60,S,MED
2026-02-01 00:00:00,771000455942,04,DW,01,B,02,045,NARVAEZ FERNANDEZ JOSE ENRIQUE,1D,ACTIVO,4BCE05 ,2,F623,25P2,2025-12-01,2025-12-02,76895,1630,,W0106208650,SM2,2025-12-29,W1B,60,2025-12-02 10:11:35,0403,M,9JRDF,4BCE05 ,76895,Nor,44,NUM MEDID DESIGU,44,S,GSC
2026-02-01 00:00:00,771000861649,30,DW,01,B,02,305,ESPINOSA DE RICHAUD ADDA DE L ,1D,ACTIVO,J374GB ,2,F622,17LM,2026-02-01,2025-08-20,22575,139,,W0106202315,SM2,2025-12-22,01B,67,,,,,,,,,,,,GSC
2026-02-01 00:00:00,771000956062,26,DW,01,B,02,263,FLORES BENITEZ CLAUDIA MARITZA,1D,ACTIVO,KKJ902 ,2,F623,23NU,2026-02-01,2026-02-16,18521,964,,W0106253627,SM2,2026-01-26,CDD,32,2026-02-16 09:17:33,2602,M,9P11W,KKJ902 ,0,Nor,53,UI SERV DIRECTO,53,S,GSC
2026-02-01 00:00:00,771000958065,15,DW,01,B,01,153,RODRIGUEZ MENENDEZ MIA VICTORI,1D,ACTIVO,525G1M ,2,F622,13LM,2026-01-01,2025-11-10,49323,688,,W0106227796,SM2,2026-01-12,01B,46,2026-01-09 09:33:05,1503,M,GAKJM,525G1M ,0,Nor,59,DISPLAY APAGADO,59,S,GSC
2026-02-01 00:00:00,318161207420,23,DW,04,H,59,231,VAZQUEZ CORTEZ BERNAL         ,1F,ACTIVO,467VLV ,1,F122,16LN,2026-01-01,2026-01-15,381,86,,W0403191563,SMC,2026-01-09,LIR,49,,,,,,,,,,,,MED
2026-02-01 00:00:00,771001156302,30,DW,01,B,02,305,JORGE LEON GALINDEZ           ,1D,ACTIVO,RMD422 ,2,F623,24NY,2026-02-01,2025-12-19,4798,840,,W0106255635,SM2,2026-01-27,CDU,31,,,,,,,,,,,,GSC
2026-02-01 00:00:00,318161207268,13,DW,04,H,G5,003,LIZCANO AGUILAR BERNARDO      ,1F,ACTIVO,913VXP ,1,F122,16LN,2026-01-01,2025-11-07,4166,6,,W0403191573,SMC,2026-01-09,LIR,49,2026-01-08 14:51:14,1326,L,R9655,913VXP ,0,Nor,53,UI SERV DIRECTO,53,S,MED
2026-02-01 00:00:00,771010302338,19,DW,01,B,01,192,HERNANDEZ ABAUNZA VICTOR      ,1D,ACTIVO,24E75N ,2,F62H,10KN,2026-01-01,2026-01-13,75925,848,,W0106255291,SM2,2026-01-27,CDP,31,,,,,,,,,,,,GSC
2026-02-01 00:00:00,771010506847,04,DW,01,B,06,041,CANO CEBALLOS SERGIO ADRIAN   ,1D,ACTIVO,XW447A ,2,F622,21LM,2022-03-01,2022-03-28,10240,29,,W0106261147,SMC,2026-01-29,LIR,29,,,,,,,,,,,,MED
2026-02-01 00:00:00,318161113794,27,DW,04,H,57,274,CRUZ MORALES ESTELA           ,1F,ACTIVO,605VLP ,1,F122,16LN,2026-01-01,2026-01-20,37138,0,,W0403196799,SMC,2026-01-19,LIR,39,2026-01-20 20:38:01,2751,R,R9655,605VLP ,0,Nor,31,SERVICIO SIN USO,,,MED
2026-02-01 00:00:00,771010704771,15,DW,01,B,01,158,FRAGOSO MEJIA CLAUDIA LORENA  ,02,ACTIVO,EW385E ,2,F622,19LM,2026-01-01,2026-01-09,33348,994,,W0106255550,SM2,2026-01-27,W1A,31,,,,,,,,,,,,GSC
2026-02-01 00:00:00,771010801351,29,DW,01,B,01,297,LOURDES MILLET GARRIDO        ,1D,ACTIVO,07X9B9 ,2,F62H,09KN,2026-01-01,2026-01-21,12714,984,,W0106243467,SMG,2026-01-20,LIR,38,,,,,,,,,,,,MED
2026-02-01 00:00:00,771011100992,34,DW,01,B,01,346,CHACON GRANADOS MARIA DE      ,1D,ACTIVO,86E48T ,2,F62H,10KN,2001-11-01,2001-11-05,0,0,,W0106205626,SMG,2025-12-26,LIR,63,,,,,,,,,,,,MED
2026-02-01 00:00:00,771011102847,13,DW,01,B,01,131,DOMINGUEZ MENDEZ JOSE LUIS    ,1D,ACTIVO,22H23L ,2,F62H,10KN,2026-01-01,2025-11-07,40612,308,,W0106224227,SMG,2026-01-09,LIR,49,2026-01-08 08:41:22,1301,M,GA6XN,22H23L ,0,Nor,60,MEDID NO TRABAJA,60,S,MED
2026-02-01 00:00:00,318161113786,27,DW,04,H,57,274,GOMEZ SOLORSANO EDUARDO       ,1F,ACTIVO,606VLP ,1,F122,16LN,2026-01-01,2026-01-20,16227,246,,W0403196800,SMC,2026-01-19,LIR,39,,,,,,,,,,,,MED
2026-02-01 00:00:00,771020200941,24,DW,01,B,02,246,SSP MOD LIC EST CHEDRAUI NORTE,02,ACTIVO,3X03T1 ,3,FD21,04F4,2002-01-01,2002-02-02,0,0,,W0106194839,SM2,2025-12-17,CCC,72,,,,,,,,,,,,GSC
2026-02-01 00:00:00,771020201084,39,DW,01,B,01,395,RICARDO MADRIGAL MARTINEZ     ,1D,ACTIVO,03T14D ,2,F62H,10KN,2002-01-01,2002-02-02,0,0,,W0106245491,SM2,2026-01-21,W1A,37,,,,,,,,,,,,GSC
2026-02-01 00:00:00,771020602097,04,DW,01,B,06,041,ESPINOSA BRANIFF GRETA        ,1D,ACTIVO,71E52M ,2,F62H,10KN,2026-02-01,2025-07-30,62151,0,,W0106170660,SMG,2025-12-02,LIR,87,2026-01-29 08:35:55,0405,L,9EMGL,71E52M ,0,Nor,59,DISPLAY APAGADO,59,S,MED
2026-02-01 00:00:00,771030101142,39,DW,01,B,01,395,LIMON PINTO FRANCISCO         ,1D,ACTIVO,48V55W ,2,F62H,11KN,2026-01-01,2025-07-28,36257,2,,W0106256601,SMG,2026-01-27,LIR,31,2026-01-27 10:31:20,3903,M,9EMDK,48V55W ,0,Nor,60,MEDID NO TRABAJA,60,S,MED
2026-02-01 00:00:00,771030101282,25,DW,01,B,01,251,MARTINEZ TENORIO AMANDA       ,1D,ACTIVO,81T26C ,2,F62H,10KN,2026-01-01,2026-01-16,81245,1063,,W0106240403,SM2,2026-01-19,01B,39,2026-01-16 15:41:34,2501,L,GAXVM,81T26C ,20902,Nor,  ,,FR,S,GSC
2026-02-01 00:00:00,318161105791,27,DW,04,H,57,274,LAGUNAS CRUZ FELISA           ,1F,ACTIVO,937VLV ,1,F122,16LN,2026-01-01,2026-01-20,5751,1,,W0403196803,SMC,2026-01-19,LIR,39,,,,,,,,,,,,MED
2026-02-01 00:00:00,771030601587,32,DW,01,B,02,322,ESCALANTE TALAVERA FERNANDO   ,1D,ACTIVO,A886KE ,2,F622,16LM,2026-02-01,2026-02-19,49305,1210,,W0106202759,SMG,2025-12-22,LIR,67,2026-02-19 12:52:50,3202,L,9JR0V,A886KE ,1210,Opt,  ,,,,MED
2026-02-01 00:00:00,315160701383,31,DW,04,A,14,001,PECH CHAVEZ ALFONSO LEOPOLDO  ,1F,ACTIVO,210JKN ,2,F622,15LM,2016-06-01,2016-07-21,0,0,,W0403197930,SM2,2026-01-21,04C,37,,,,,,,,,,,,GSC
2026-02-01 00:00:00,770240500965,07,DW,01,A,02,073,PECH MOO KARLA ZULEMI         ,1D,ACTIVO,JGX890 ,2,F623,23NU,2026-01-01,2026-01-05,5282,760,,W0106217524,SMC,2026-01-06,LIR,52,,,,,,,,,,,,MED
2026-02-01 00:00:00,771040101639,19,DW,01,B,01,191,ANCONA JIMENEZ LUIS ALBERTO   ,1D,ACTIVO,2AXT01 ,2,F623,25P2,2026-01-01,2026-01-13,71139,75,,W0106232386,SMG,2026-01-14,CCC,44,,,,,,,,,,,,MED
2026-02-01 00:00:00,771040102074,15,DW,01,B,01,152,CASTANON ESCUDERO GLORIA      ,1D,ACTIVO,A432KE ,2,F622,16LM,2026-01-01,2025-11-10,47392,515,,W0106225493,SMG,2026-01-09,LIR,49,2026-01-12 11:31:04,1551,R,9MCDA,A432KE ,0,Nor,56,NO HAY MEDIDOR,56,S,MED
2026-02-01 00:00:00,771040302081,37,DW,01,B,01,373,OLVERA BARCENAS AMBROSIO DAVID,1D,ACTIVO,Y179MH ,2,F623,19NU,2026-01-01,2025-11-26,35935,570,,W0106222004,SM2,2026-01-08,CDW,50,2026-01-26 10:00:46,3703,M,9MC6H,Y179MH ,0,Nor,59,DISPLAY APAGADO,59,S,GSC
2026-02-01 00:00:00,771040400491,19,DW,01,B,01,191,PUERTO CAMACHO VICTOR         ,1D,ACTIVO,8V95F2 ,2,F421,04GH,2026-01-01,2026-01-13,191,571,,W0106232183,SMG,2026-01-14,CCC,44,,,,,,,,,,,,MED
2026-02-01 00:00:00,771040802556,36,DW,01,B,01,363,PALMA GARCIA LIGIA ISELA      ,1D,ACTIVO,658G9M ,2,F622,13LM,2026-02-01,2026-02-23,69516,232,,W0106208766,SMG,2025-12-29,CCC,60,2026-02-23 09:40:09,3601,L,9JRDF,658G9M ,232,Opt,  ,,,,MED
2026-02-01 00:00:00,771041005803,33,DW,01,B,01,334,FRANCISCO JAVIER GARCIA       ,1D,ACTIVO,45V12W ,2,F62H,11KN,2004-09-01,2004-09-25,5188,0,,W0106250280,SMG,2026-01-23,LIR,35,,,,,,,,,,,,MED
2026-02-01 00:00:00,771041100555,03,DW,01,B,01,036,INMOBILIARIA ABBA SA DE CV    ,1D,ACTIVO,234FVK ,2,F622,15LM,2026-01-01,2025-08-29,1,0,,W0106253125,SM2,2026-01-26,01B,32,2025-12-30 11:04:42,0303,M,GA6XN,234FVK ,0,Nor,56,NO HAY MEDIDOR,56,S,GSC
2026-02-01 00:00:00,771041104313,32,DW,01,B,02,328,PEREIRA DIAZ SILVERIO DE JESUS,1D,ACTIVO,194ED2 ,2,F62H,11KN,2026-02-01,2025-12-22,60943,1813,,W0106222213,SMC,2026-01-08,W1B,50,2026-02-19 11:13:18,3207,M,9MCDA,194ED2 ,0,Nor,56,NO HAY MEDIDOR,56,S,MED
2026-02-01 00:00:00,771041104330,19,DW,01,B,01,197,CISNEROS REYES JOSE MIGUEL    ,1D,ACTIVO,02T89D ,2,F62H,10KN,2026-01-01,2026-01-14,64358,503,,W0106230161,SMG,2026-01-13,LIR,45,,,,,,,,,,,,MED
2026-02-01 00:00:00,770211000775,27,DW,01,A,01,274,VARGAS GONGORA LANDY GUADALUPE,02,SUJETO A CORTE,VJ346D ,1,F122,21LN,2026-01-01,2026-01-19,2220,1,,W0106244961,SMG,2026-01-21,01B,37,2026-01-19 11:33:17,2703,L,G92B5,VJ346D ,99235,Opt,  ,,,,MED
2026-02-01 00:00:00,771050103737,32,DW,01,B,02,322,SIORDIA MONTERO GUADALUPE SOLE,1D,ACTIVO,160FMJ ,2,F622,15LM,2026-02-01,2026-02-19,41690,506,,W0106224901,SM2,2026-01-09,CDB,49,2026-02-19 17:07:02,3202,L,9ND41,160FMJ ,506,Opt,40,SIN SELLO,,,GSC
2026-02-01 00:00:00,771050201089,62,DW,01,J,04,624,MUNICIPIO DE MERIDA YUCATAN   ,02,ACTIVO,273JJJ ,2,F622,15LM,2026-02-01,2026-01-30,65732,0,,W0106213757,SMG,2026-01-03,LIR,55,2026-01-30 14:14:37,6201,L,9BBN1,273JJJ ,0,Opt,31,SERVICIO SIN USO,,,MED
2026-02-01 00:00:00,771050202310,39,DW,01,B,01,393,CEN EDUCT MONTESSORI DE MERIDA,02,ACTIVO,RCD627 ,2,F623,24NY,2026-01-01,2026-01-27,4441,1141,,W0106182687,SMG,2025-12-10,CDV,79,2026-01-27 16:45:28,3901,M,9EMKC,RCD627 ,-593,Opt,  ,,,,MED
2026-02-01 00:00:00,771050205629,34,DW,01,B,01,346,MAD SELECTAS DEL STE SA DE CV ,02,ACTIVO,15W12K ,3,FD2H,11KV,2026-02-01,2026-02-20,31226,15614,,W0106206068,SM2,2025-12-26,01B,63,2026-02-20 09:39:37,3404,M,9JRF3,15W12K ,15614,Opt,  ,,,,GSC
2026-02-01 00:00:00,771050205718,25,DW,01,B,01,251,VAZQUEZ GALLARETA AMIRA ELENA ,1D,ACTIVO,11H76L ,2,F62H,10KN,2005-01-01,2005-02-24,0,0,,W0106242881,SM2,2026-01-20,MED,38,,,,,,,,,,,,GSC
2026-02-01 00:00:00,771050206056,31,DW,01,B,01,314,RIOS FERNANDEZ ADELINA        ,1D,ACTIVO,16E2V2 ,2,F62F,08K6,2026-01-01,2025-11-21,51289,722,,W0106248467,SMG,2026-01-22,LIR,36,2026-01-22 10:30:51,3151,R,9ND4Y,16E2V2 ,0,Nor,64,P. INFRARROJO/MED. D,64,S,MED
2026-02-01 00:00:00,771050602415,26,DW,01,B,02,262,HERNANDEZ TORRES RUBEN A      ,1D,ACTIVO,9C912G ,2,F421,05GH,2026-02-01,2026-02-16,86931,426,,W0106199388,SMG,2025-12-19,CCC,70,2026-02-16 11:05:41,2601,M,GAXVM,9C912G ,426,Nor,  ,,FR,S,MED
2026-02-01 00:00:00,771050804387,18,DW,01,B,02,181,ELMA VILLALOBOS DE AVILES     ,1D,ACTIVO,44N4L2 ,2,F62H,09KN,2005-08-01,2005-08-27,1,0,,W0106185847,SMG,2025-12-12,LIR,77,,,,,,,,,,,,MED
2026-02-01 00:00:00,771051104656,04,DW,01,B,02,045,PASOS BUENFIL MARIA ESTHER    ,1D,ACTIVO,YV502M ,2,F622,21LM,2026-02-01,2026-01-29,13353,500,,W0106226359,SM2,2026-01-11,CDK,47,2026-01-29 10:34:27,0401,L,9JRDF,YV502M ,500,Opt,  ,,,,GSC
2026-02-01 00:00:00,771051105121,33,DW,01,E,02,332,GONZALEZ CANTO MARCO ANTONIO  ,1D,ACTIVO,961JJE ,2,F622,15LM,2026-01-01,2025-11-24,1756,14,,W0106250346,SMG,2026-01-23,LIR,35,2026-01-23 10:35:05,3352,R,9ND5H,961JJE ,0,Nor,60,MEDID NO TRABAJA,60,S,MED
2026-02-01 00:00:00,771051205789,19,DW,01,B,01,191,ESPADAS LOPEZ JESUS ANTONIO   ,1D,ACTIVO,33MJ25 ,2,F421,07GH,2026-01-01,2026-01-13,39288,286,,W0106234635,SM2,2026-01-15,CCC,43,2026-01-13 09:50:59,1901,M,GA0MN,33MJ25 ,0,Nor,31,SERVICIO SIN USO,,,GSC
2026-02-01 00:00:00,771060101732,17,DW,01,B,01,179,PAVIA RUZ NADIA GLORIA        ,1D,ACTIVO,64X5B5 ,2,F62H,09KN,2006-05-01,2050-01-01,0,0,,W0106228419,SMG,2026-01-12,LIR,46,,,,,,,,,,,,MED
2026-02-01 00:00:00,771060104456,15,DW,01,B,01,153,VIERA REYNAGA LIDIA           ,1D,ACTIVO,883EC5 ,2,F62H,11KN,2006-01-01,2006-01-24,0,0,,W0106225499,SMG,2026-01-09,LIR,49,,,,,,,,,,,,MED
2026-02-01 00:00:00,771060105193,35,DW,01,B,01,355,PAREDES RECIO JOSE AVELINO    ,1D,ACTIVO,FT066R ,2,F622,19LM,2026-01-01,2026-01-23,51314,1345,,W0106260715,SM2,2026-01-29,W1B,29,,,,,,,,,,,,GSC
2026-02-01 00:00:00,771060303939,21,DW,01,B,01,211,CESAR RAUL CONCHA SOSA        ,1C,ACTIVO,A381KE ,2,F622,16LM,2026-01-01,2026-01-15,61340,63,,W0106233254,SMG,2026-01-14,LIR,44,,,,,,,,,,,,MED
2026-02-01 00:00:00,771060403828,39,DW,01,B,06,397,ROBLEDO RAMIREZ DANIEL        ,1D,ACTIVO,246GJ1 ,2,F622,12LJ,2006-03-01,2005-08-23,2097,0,,W0106258513,SMG,2026-01-28,01B,30,,,,,,,,,,,,MED
2026-02-01 00:00:00,771060503547,25,DW,01,B,01,256,CTO DEP BANC DE YUC SCP       ,02,SUJETO A CORTE,7BCC70 ,2,F623,25P2,2025-11-01,2025-11-18,17999,2957,,W0106240527,SM2,2026-01-19,MED,39,2025-11-18 11:32:27,2503,L,GA82N,7BCC70 ,0,Nor,59,DISPLAY APAGADO,59,S,GSC
2026-02-01 00:00:00,771060603436,10,DW,01,B,02,102,DURAN BOJORQUEZ MIGUEL ANTONIO,1D,ACTIVO,248KB4 ,2,F622,12LJ,2026-02-01,2026-02-04,63101,2552,,W0106222811,SM2,2026-01-08,W1B,50,2026-02-04 18:29:16,1001,M,GAXVM,248KB4 ,2552,Opt,  ,,,,GSC
2026-02-01 00:00:00,771060700067,35,DW,01,B,01,355,IRABIEN MILKE SILVIA ELENA    ,1D,CORTADO,85D34W ,2,F62H,10KN,2026-01-01,2026-01-26,48674,2440,,W0106250710,SMG,2026-01-23,LIR,35,,,,,,,,,,,,MED
2026-02-01 00:00:00,770161100315,15,DW,01,A,02,152,PINZON ALVAREZ ROBERTO        ,02,ACTIVO,07C9H8 ,2,F621,08KG,2026-01-01,2025-11-10,45064,179,,W0106227604,SMG,2026-01-12,MED,46,2026-01-09 09:27:52,1501,M,9P14V,07C9H8 ,0,Nor,56,NO HAY MEDIDOR,56,S,MED
2026-02-01 00:00:00,771061002827,31,DW,01,B,01,314,CABRERA OJEDA ROSA MAGALY     ,1D,ACTIVO,31E6V3 ,2,F62F,08K6,2006-09-01,2006-10-12,5,0,,W0106248469,SMG,2026-01-22,LIR,36,,,,,,,,,,,,MED
2026-02-01 00:00:00,770770400333,27,DW,01,A,01,274,SOCORRO PEREZ BUENFIL         ,02,ACTIVO,XE707T ,1,F123,21NT,2022-03-01,2022-03-17,1427,0,,W0106245389,SMG,2026-01-21,01B,37,,,,,,,,,,,,MED
2026-02-01 00:00:00,771061200599,15,DW,01,A,02,152,POOL SOLIS SUE YAJAIRA        ,1D,ACTIVO,LV880H ,2,F623,20NU,2026-01-01,2024-09-06,36405,1858,,W0106227642,SMW,2026-01-12,MED,46,2026-01-09 11:31:03,1501,M,9P14V,LV880H ,0,Nor,56,NO HAY MEDIDOR,56,S,GSC
2026-02-01 00:00:00,771070305646,27,DW,01,B,01,271,CONDE VALDEZ EDOAD FERNANDO   ,1D,ACTIVO,92B2U0 ,2,F621,08KG,2026-01-01,2026-01-19,36212,469,,W0106227671,SMG,2026-01-12,01M,46,2026-01-19 11:49:16,2702,M,9MC6H,92B2U0 ,0,Nor,31,SERVICIO SIN USO,,,MED
2026-02-01 00:00:00,770810300175,31,DW,01,A,02,314,BIENES RAICES DE LA PEN       ,1D,ACTIVO,6J254A ,2,F121,05JL,2026-01-01,2026-01-21,63314,3362,,W0106250573,SMG,2026-01-23,01B,35,2026-01-21 09:14:13,3101,M,G92B3,Y6531N ,473,Nor,  ,,FR,S,MED
2026-02-01 00:00:00,771000156864,28,DW,01,B,02,285,CETINA CHAY WALTER            ,1D,ACTIVO,BE790M ,2,F623,19NV,2026-02-01,2026-02-17,4149,13,,W0106220090,SM2,2026-01-07,W1E,51,2026-02-17 18:47:05,2801,M,9MC6H,BE790M ,13,Opt,  ,,,,GSC
2026-02-01 00:00:00,771070805941,04,DW,01,B,02,048,SOLIS BARROSO KATINKA         ,1D,ACTIVO,3AYC94 ,2,F623,25P2,2025-12-01,2025-12-02,22062,3191,,W0106262402,SMG,2026-01-30,01B,28,,,,,,,,,,,,MED
2026-02-01 00:00:00,771071002108,32,DW,01,B,02,326,PECH FARFAN TERESA DE JESUS   ,1D,ACTIVO,39V52W ,2,F62H,11KN,2007-08-01,2007-10-12,1,0,,W0106204503,SMG,2025-12-23,CCC,66,,,,,,,,,,,,MED
2026-02-01 00:00:00,771071105055,09,DW,01,B,01,098,ESQUIVEL ROMERO MARTHA        ,1D,ACTIVO,013AB5 ,3,FD2H,11KV,2026-01-01,2025-11-05,6937,58,,W0106219086,SMG,2026-01-06,LIR,52,2026-01-06 11:19:21,0904,M,9P11W,013AB5 ,0,Nor,60,MEDID NO TRABAJA,60,S,MED
2026-02-01 00:00:00,771080108652,13,DW,01,B,01,132,FRANCO SOLIS MILITZA WALDA    ,1D,ACTIVO,DRN907 ,2,F623,22NU,2008-01-01,2008-01-29,1,0,,W0106224228,SMG,2026-01-09,LIR,49,,,,,,,,,,,,MED
2026-02-01 00:00:00,771080405347,29,DW,01,B,01,293,HEREDIA CERVERA SERGIO ALBERTO,1D,ACTIVO,02M4M3 ,2,F62H,09KN,2008-03-01,2008-04-17,1,0,,W0106247791,SM2,2026-01-22,MED,36,,,,,,,,,,,,GSC
2026-02-01 00:00:00,771000160071,15,DW,01,B,01,153,ANCONA BOJORQUEZ LIZZIE       ,1D,ACTIVO,54E89E ,2,F62H,10KN,2026-01-01,2026-01-12,46598,524,,W0106225494,SMG,2026-01-09,LIR,49,,,,,,,,,,,,MED
2026-02-01 00:00:00,771080801790,10,DW,01,B,02,105,PEREZ TINAH JORGE ENRIQUE     ,1D,ACTIVO,009AB0 ,3,FD2H,11KV,2026-02-01,2025-10-07,2749,80,,W0106179007,SM2,2025-12-08,CCC,81,2026-02-04 16:18:53,1003,M,GAXVM,009AB0 ,0,Nor,59,DISPLAY APAGADO,59,S,GSC
2026-02-01 00:00:00,771000356952,15,DW,01,B,01,158,RUIZ SANCHEZ JOSE ENRIQUE     ,1D,ACTIVO,29N53L ,2,F62H,10KN,2026-01-01,2025-11-10,62987,459,,W0106225504,SMG,2026-01-09,LIR,49,2026-01-09 12:07:07,1504,M,GA6XN,29N53L ,0,Nor,60,MEDID NO TRABAJA,60,S,MED
2026-02-01 00:00:00,771001057223,15,DW,01,B,01,153,OLGA LIBIA CRUZ DIAZ          ,1D,ACTIVO,42V55W ,2,F62H,11KN,2026-01-01,2026-01-12,73758,747,,W0106225496,SMG,2026-01-09,LIR,49,,,,,,,,,,,,MED
2026-02-01 00:00:00,771090404004,18,DW,01,B,02,181,MARTINEZ MOLINA PABLO         ,1D,ACTIVO,KJD329 ,2,F623,23NU,2026-02-01,2026-02-10,19511,1511,,W0106185843,SMC,2025-12-12,LIR,77,2026-02-10 08:51:25,1801,M,9JRDF,KJD329 ,0,Nor,53,UI SERV DIRECTO,53,S,MED
2026-02-01 00:00:00,771090806773,19,DW,01,B,01,192,CHANG HIP VICTORIA ELIZABETH  ,1D,ACTIVO,82N6N1 ,2,F62H,09KN,2009-11-01,2050-01-01,0,0,,W0106234646,SM2,2026-01-15,CCC,43,,,,,,,,,,,,GSC
2026-02-01 00:00:00,771001263621,17,DW,01,B,01,178,GRACIANO A FIGUEROA HERRERA   ,1D,ACTIVO,81MN78 ,2,F421,07GH,2026-01-01,2025-11-11,16922,300,,W0106228425,SMG,2026-01-12,LIR,46,2026-01-12 09:48:18,1704,M,9MCDA,81MN78 ,0,Nor,60,MEDID NO TRABAJA,60,S,MED
2026-02-01 00:00:00,771020101837,17,DW,01,B,01,178,PINKNEY CORAL ANGELINA DEL C  ,1D,ACTIVO,59V64W ,2,F62H,11KN,2026-01-01,2025-11-11,38966,86,,W0106229588,SM2,2026-01-13,01B,45,2026-01-12 09:35:32,1704,M,9MCDA,59V64W ,0,Nor,59,DISPLAY APAGADO,59,S,GSC
2026-02-01 00:00:00,771091102656,20,DW,01,B,02,207,DELGADO LOPEZ SERGIO EDUARDO  ,1D,ACTIVO,JAB939 ,2,F623,23NU,2026-02-01,2026-02-11,22485,989,,W0106229574,SM2,2026-01-13,CDD,45,2026-02-11 09:45:48,2002,M,GAKJM,JAB939 ,-931,Opt,  ,,,,GSC
2026-02-01 00:00:00,771041200398,07,DW,01,B,01,077,RODRIGUEZ FAJARDO GLADYS      ,1D,ACTIVO,40C3C2 ,2,F621,08KG,2026-01-01,2026-01-05,44977,95,,W0106220766,SMG,2026-01-07,CCC,51,,,,,,,,,,,,MED
2026-02-01 00:00:00,771100104870,24,DW,01,B,02,241,ARCINIEGA ROLDAN REYNA CRISTIN,1D,ACTIVO,465JV7 ,2,F622,12LJ,2023-10-01,2023-10-16,46604,471,,W0106232330,SM2,2026-01-14,CDC,44,,,,,,,,,,,,GSC
2026-02-01 00:00:00,771100403826,03,DW,01,B,01,036,HERRERA GAMBOA NORMA LETICIA  ,02,ACTIVO,M739RF ,2,F622,17LM,2012-03-01,2012-03-01,23459,0,,W0106213636,SMC,2026-01-03,CDL,55,,,,,,,,,,,,MED
2026-02-01 00:00:00,771100506331,25,DW,01,B,01,258,ARELLANO VALENCIA BEATRIZ M   ,1D,ACTIVO,273JCV ,3,FD22,15LR,2026-01-01,2025-09-17,75875,1254,,W0106240589,SM2,2026-01-19,MED,39,2026-01-16 11:46:24,2508,L,GAKJM,273JCV ,0,Nor,59,DISPLAY APAGADO,59,S,GSC
2026-02-01 00:00:00,771100702114,15,DW,01,B,01,153,GONGORA Y VELA JOSE ANTONIO   ,1D,ACTIVO,43V51W ,2,F62H,11KN,2026-01-01,2026-01-12,59742,461,,W0106225495,SMG,2026-01-09,LIR,49,,,,,,,,,,,,MED
2026-02-01 00:00:00,771101102811,15,DW,01,B,01,153,BETANCOUR TREJO NIDIA         ,1D,ACTIVO,47X3B9 ,2,F62H,09KN,2026-01-01,2026-01-12,71060,459,,W0106225500,SMG,2026-01-09,LIR,49,,,,,,,,,,,,MED
2026-02-01 00:00:00,771101201674,35,DW,01,B,01,358,SARMIENTO LANZ MIRIAM DEL S   ,1D,ACTIVO,484JEG ,2,F622,15LM,2024-03-01,2024-03-22,39752,588,,W0106250765,SMG,2026-01-23,LIR,35,,,,,,,,,,,,MED
2026-02-01 00:00:00,771101201712,27,DW,01,M,24,274,AGUILAR ARJONA RAUL           ,1D,ACTIVO,2XA235 ,2,F421,00GH,2026-01-01,2025-11-19,6187,2239,,W0106245927,SM2,2026-01-21,01A,37,2026-01-19 12:03:13,2726,L,9NCYK,2XA235 ,99988,Nor,  ,,FR,S,GSC
2026-02-01 00:00:00,771060905483,27,DW,01,B,01,275,MEDINA BLANCO MARCO ANTONIO   ,1D,ACTIVO,06H09L ,2,F62H,10KN,2026-01-01,2025-05-20,20886,777,,W0106241236,SMG,2026-01-19,LIR,39,2026-01-20 11:28:33,2751,R,9MCDA,06H09L ,0,Nor,60,MEDID NO TRABAJA,60,S,MED
2026-02-01 00:00:00,771110105025,33,DW,01,E,02,338,RODRIGUEZ MATOS CECILIA MARGAR,1D,ACTIVO,09X3B7 ,2,F62H,09KN,2026-01-01,2026-01-23,12203,1142,,W0106248891,SMG,2026-01-22,LIR,36,,,,,,,,,,,,MED
2026-02-01 00:00:00,771110302637,19,DW,01,B,01,191,OROZCO FLORES MARIA ESTHER    ,1D,ACTIVO,JBE508 ,2,F623,23NU,2022-11-01,2022-11-11,2874,617,,W0106232193,SM2,2026-01-14,01B,44,,,,,,,,,,,,GSC
2026-02-01 00:00:00,771110502318,39,DW,01,B,01,394,TALAVERA CRUZ GUILLERMO ALEJAN,1D,ACTIVO,825FVA ,2,F622,15LM,2026-01-01,2025-11-27,67862,678,,W0106248658,SM2,2026-01-22,CDK,36,2026-01-27 13:13:59,3902,M,9MCDA,825FVA ,0,Nor,53,UI SERV DIRECTO,53,S,GSC
2026-02-01 00:00:00,771110600697,33,DW,01,B,01,334,VERA FERREYRA FRANCISCO IVAN  ,1D,ACTIVO,6ATT54 ,2,F623,25P2,2026-01-01,2026-01-22,172,172,,W0106225927,SMG,2026-01-10,01M,48,,,,,,,,,,,,MED
2026-02-01 00:00:00,771110600751,37,DW,01,B,01,373,ALCOCER DOMINGUEZ JOAQUIN A   ,1D,ACTIVO,231GJ8 ,2,F622,12LJ,2026-01-01,2025-09-25,41977,343,,W0106255853,SM2,2026-01-27,MED,31,2026-01-26 11:02:27,3703,M,9MC6H,231GJ8 ,0,Nor,59,DISPLAY APAGADO,59,S,GSC
2026-02-01 00:00:00,771110601731,09,DW,01,B,01,095,GONGORA Y AGUILAR LUCIO REYNAN,1D,ACTIVO,805G3M ,2,F622,13LM,2011-05-01,2020-01-20,968,0,,W0106255657,SM2,2026-01-27,CDB,31,,,,,,,,,,,,GSC
2026-02-01 00:00:00,771110605265,11,DW,01,B,01,116,ZAPATA PACHECO GENER ALBERTO  ,1D,CORTADO,26H57L ,2,F62H,10KN,2026-01-01,2026-01-08,43212,620,,W0106220936,SMG,2026-01-07,LIR,51,,,,,,,,,,,,MED
2026-02-01 00:00:00,771061006172,37,DW,01,B,01,376,RAVELLO GALINDO CARLOS        ,1D,ACTIVO,24X2B9 ,2,F62H,09KN,2026-01-01,2026-01-27,59243,589,,W0106254149,SMG,2026-01-26,LIR,32,,,,,,,,,,,,MED
2026-02-01 00:00:00,771110705162,32,DW,01,B,02,321,MARTIN UICAB JOSE DAVID       ,1D,ACTIVO,5AAT42 ,2,F623,25NY,2026-02-01,2026-02-19,1185,0,,W0106202758,SMG,2025-12-22,LIR,67,2026-02-19 09:39:43,3201,M,GA6XN,5AAT42 ,0,Nor,53,UI SERV DIRECTO,53,S,MED
2026-02-01 00:00:00,771070400169,31,DW,01,B,01,314,CAZARES CUEVAS MARIA TERESITA ,1D,ACTIVO,12E2V1 ,2,F62F,08K6,2026-01-01,2025-11-21,29595,352,,W0106248466,SMG,2026-01-22,LIR,36,2026-01-22 10:26:13,3151,R,9ND4Y,12E2V1 ,0,Nor,64,P. INFRARROJO/MED. D,64,S,MED
2026-02-01 00:00:00,771111000201,17,DW,01,B,01,172,CABALLERO LOPEZ EDITH         ,1D,ACTIVO,77E73M ,2,F62H,10KN,2026-01-01,2025-11-11,50722,204,,W0106229578,SM2,2026-01-13,01B,45,2026-01-12 10:06:11,1706,M,GA6XN,77E73M ,0,Nor,59,DISPLAY APAGADO,59,S,GSC
2026-02-01 00:00:00,771111006110,19,DW,01,B,01,191,SEGURA MAURI CINDY SUREYDI    ,1D,ACTIVO,86W68F ,2,F62H,11KN,2026-01-01,2026-01-13,23704,589,,W0106230467,SM2,2026-01-13,CDA,45,,,,,,,,,,,,GSC
2026-02-01 00:00:00,771111202601,37,DW,01,B,01,374,GONZALEZ GARCIA MARIA DEL ROSA,1D,ACTIVO,59H42K ,2,F62H,10KN,2026-01-01,2025-11-26,53245,189,,W0106254141,SMG,2026-01-26,LIR,32,2026-01-26 12:09:57,3704,M,9JRF3,59H42K ,0,Nor,60,MEDID NO TRABAJA,60,S,MED
2026-02-01 00:00:00,771111203586,20,DW,01,B,02,206,LOPEZ GARCIA ELBA REYNA       ,1D,ACTIVO,189JJW ,2,F622,15LM,2026-02-01,2026-02-11,40117,860,,W0106191569,SM2,2025-12-16,CCC,73,2026-02-11 10:33:47,2001,M,9JRF3,189JJW ,860,Opt,  ,,,,GSC
2026-02-01 00:00:00,771120406210,21,DW,01,B,01,211,ALVARADO GARCIA ARMANDO       ,1D,ACTIVO,854EB9 ,2,F62H,11KN,2026-01-01,2026-01-15,76520,951,,W0106233253,SMG,2026-01-14,LIR,44,,,,,,,,,,,,MED
2026-02-01 00:00:00,771120600512,24,DW,01,B,02,246,CACERES FERNANDEZ ELOY JESUS  ,02,ACTIVO,323GJ1 ,2,F622,12LJ,2026-02-01,2025-10-15,11826,157,,W0106192730,SMG,2025-12-16,LIR,73,2026-02-13 11:28:42,2405,M,9ND41,323GJ1 ,0,Nor,59,DISPLAY APAGADO,59,S,MED
2026-02-01 00:00:00,771120805734,08,DW,01,E,37,081,ALPINA SA DE CV               ,02,ACTIVO,80N12L ,2,F62H,10KN,2026-02-01,2025-08-05,32520,532,,W0106179050,SMG,2025-12-08,01E,81,2026-02-03 14:53:53,0801,L,R9933,80N12L ,69587,Nor,44,NUM MEDID DESIGU,44,S,MED
2026-02-01 00:00:00,771120901881,06,DW,01,M,01,065,GARCIA SANDOVAL EDGAR GILDARDO,1B,ACTIVO,81W14G ,2,F62H,11KN,2026-02-01,2025-08-04,37311,294,,W0106173089,SMC,2025-12-03,LIR,86,2026-01-30 12:20:57,0603,L,R9982,81W14G ,0,Nor,53,UI SERV DIRECTO,53,S,MED
2026-02-01 00:00:00,771121206419,35,DW,01,B,01,355,BACELIS MARTINEZ PILAR DEL ROS,1D,CORTADO,358GJ0 ,2,F622,12LJ,2026-01-01,2026-01-26,31265,4,,W0106250708,SMG,2026-01-23,LIR,35,,,,,,,,,,,,MED
2026-02-01 00:00:00,771130102618,13,DW,01,B,01,132,RODRIGUEZ ABRAHAM HORACIO HERB,1D,ACTIVO,CVR506 ,2,F623,22NU,2013-01-01,2013-01-13,0,0,,W0106224230,SMC,2026-01-09,LIR,49,,,,,,,,,,,,MED
2026-02-01 00:00:00,771070600915,31,DW,01,B,01,314,MOLINA ZALDIVAR JOSE ANTONIO  ,1D,ACTIVO,28X7F5 ,2,F621,09K6,2026-01-01,2025-11-21,15694,460,,W0106248468,SMG,2026-01-22,LIR,36,2026-01-22 10:29:38,3151,R,9ND4Y,28X7F5 ,0,Nor,64,P. INFRARROJO/MED. D,64,S,MED
2026-02-01 00:00:00,771080800891,27,DW,01,B,01,276,MOGUEL CARMEN                 ,1D,ACTIVO,DW124G ,2,F623,19NU,2026-01-01,2025-11-19,12303,206,,W0106241231,SMG,2026-01-19,LIR,39,2026-01-19 17:41:08,2705,M,9ND4Y,DW124G ,0,Opt,60,MEDID NO TRABAJA,60,S,MED
2026-02-01 00:00:00,771080908748,23,DW,01,B,01,234,GUERRERO LOZANO LAURA GABRIELA,1D,ACTIVO,25H61L ,2,F62H,10KN,2026-01-01,2025-11-14,14230,118,,W0106237015,SM2,2026-01-16,CCC,42,2026-01-15 10:04:32,2304,M,9MCDA,25H61L ,99039,Nor,  ,,FR,S,GSC
2026-02-01 00:00:00,771130403171,24,DW,01,B,02,246,FRANCO PEREZ ROBERTO FERNANDO ,1D,ACTIVO,941GJ2 ,2,F622,12LJ,2026-02-01,2025-10-15,33471,363,,W0106192729,SMG,2025-12-16,LIR,73,2026-02-16 12:48:13,2451,R,9EMDK,941GJ2 ,0,Nor,64,P. INFRARROJO/MED. D,64,S,MED
2026-02-01 00:00:00,771010605063,35,DW,01,B,01,351,JUANES CAMARA FERNANDO        ,1D,ACTIVO,U863AC ,2,F622,18LM,2026-01-01,2025-09-24,37775,963,,W0106252852,SM2,2026-01-26,MED,32,2026-01-23 16:29:57,3501,M,GA6XN,U863AC ,0,Nor,59,DISPLAY APAGADO,59,S,GSC
2026-02-01 00:00:00,771130602386,39,DW,01,B,06,397,CIRILO AGUILAR HERNAN JESUS   ,1D,ACTIVO,REH574 ,2,F623,24NY,2024-11-01,2024-11-27,66554,470,,W0106258502,SMG,2026-01-28,01B,30,,,,,,,,,,,,MED
2026-02-01 00:00:00,771130706718,22,DW,01,B,02,224,PARDIO BACELIS OSWALDO        ,1D,ACTIVO,913RH8 ,2,F622,12LJ,2026-02-01,2026-02-12,52780,1077,,W0106191002,SMG,2025-12-16,LIR,73,2026-02-12 10:57:33,2203,M,GA00N,913RH8 ,1077,Opt,  ,,,,MED
2026-02-01 00:00:00,771130707161,27,DW,01,B,01,273,SILVA SANTACRUZ CLARA EUGENIA ,1D,ACTIVO,320JV3 ,2,F622,12LJ,2026-01-01,2025-03-19,7217,12,,W0106242550,SM2,2026-01-20,MED,38,2026-01-19 10:33:34,2703,M,GA0MN,320JV3 ,0,Nor,59,DISPLAY APAGADO,59,S,GSC
2026-02-01 00:00:00,771130807085,35,DW,01,B,01,352,ESQUIVEL BARRERA IRMA         ,1D,ACTIVO,498JV5 ,2,F622,12LJ,2026-01-01,2025-11-25,78120,783,,W0106250714,SMG,2026-01-23,LIR,35,2026-01-23 11:37:52,3502,M,9ND41,498JV5 ,0,Nor,60,MEDID NO TRABAJA,60,S,MED
2026-02-01 00:00:00,771130904285,30,DW,01,B,02,302,GARCIA CACERES LUISA DEL C    ,1D,ACTIVO,84K23R ,2,F62H,10KN,2026-02-01,2026-02-18,33052,244,,W0106216244,SM2,2026-01-05,W1E,53,,,,,,,,,,,,GSC
2026-02-01 00:00:00,771131004474,19,DW,01,B,01,191,JAVKIN KIRSH JORGE            ,1D,ACTIVO,915F2X ,2,F622,13LM,2026-01-01,2026-01-13,81412,27,,W0106232395,SMG,2026-01-14,CCC,44,,,,,,,,,,,,MED
2026-02-01 00:00:00,771140105836,13,DW,01,B,01,132,MIJANGOS CONTRERAS ALICIA     ,1D,ACTIVO,460G7M ,2,F622,13LM,2026-01-01,2026-01-08,50249,427,,W0106224701,SMG,2026-01-09,CCC,49,,,,,,,,,,,,MED
2026-02-01 00:00:00,771030303934,07,DW,01,B,01,071,CASANOVA GOMEZ LAURA          ,1D,ACTIVO,1AUX20 ,2,F623,25P2,2025-11-01,2025-11-04,8940,47,,W0106220501,SMW,2026-01-07,CCC,51,,,,,,,,,,,,GSC
2026-02-01 00:00:00,771140301945,29,DW,01,B,01,297,MUSIC CLUB INTERNATIONAL      ,02,ACTIVO,A610HX ,3,KL28,16KE,2026-01-01,2025-11-20,91993,3500,,W0106243469,SMG,2026-01-20,LIR,38,2026-01-21 10:47:31,2951,R,9EMHE,A610HX ,0,Nor,59,DISPLAY APAGADO,59,S,MED
2026-02-01 00:00:00,771140401036,19,DW,01,B,01,197,PECH PAREDES JORGE ALBERTO    ,1D,ACTIVO,02T27D ,2,F62H,10KN,2026-01-01,2026-01-13,47233,245,,W0106234564,SM2,2026-01-15,CCC,43,2026-01-13 09:54:04,1905,M,9ND41,02T27D ,94233,Nor,  ,,FR,S,GSC
2026-02-01 00:00:00,771140403438,35,DW,01,B,01,358,LOPEZ ORTIZ RICARDO           ,1D,ACTIVO,23X2B6 ,2,F62H,09KN,2026-01-01,2025-07-24,21428,653,,W0106253074,SM2,2026-01-26,MED,32,2026-01-23 18:15:42,3506,M,GA6XN,23X2B6 ,0,Nor,59,DISPLAY APAGADO,59,S,GSC
2026-02-01 00:00:00,771140504889,37,DW,01,B,01,371,MILENIUM PROPERTYS SA DE CV   ,02,ACTIVO,492XK5 ,3,FD2J,13JR,2026-01-01,2025-11-26,47647,67,,W0106254136,SMG,2026-01-26,LIR,32,2026-01-26 09:59:27,3701,M,9JR7P,492XK5 ,0,Nor,60,MEDID NO TRABAJA,60,S,MED
2026-02-01 00:00:00,771140604638,34,DW,01,B,01,343,CHAPUR ACHACH MIGUEL ANGEL    ,1D,ACTIVO,639M9X ,3,KL2E,14JR,2026-02-01,2026-02-24,49789,1801,,W0106206122,SM2,2025-12-26,CCC,63,2026-02-20 17:52:51,3402,M,9NCYY,639M9X ,96955,Nor,  ,,FR,S,GSC
2026-02-01 00:00:00,771030901947,25,DW,01,B,01,253,GOMEZ CAMPS MARIA LUZ ELENA   ,1D,ACTIVO,7F45T9 ,2,F621,03F3,2026-01-01,2025-11-18,60664,102,,W0106209309,SM2,2025-12-29,CDU,60,2026-01-16 09:05:45,2503,M,G92B0,7F45T9 ,0,Nor,60,MEDID NO TRABAJA,60,S,GSC
2026-02-01 00:00:00,771140900920,37,DW,01,B,01,372,PINA GARCIA ILEANA            ,1D,ACTIVO,506T9A ,2,F622,14LM,2026-01-01,2026-01-26,98511,1843,,W0106262567,SM2,2026-01-30,CDU,28,,,,,,,,,,,,GSC
2026-02-01 00:00:00,771031202911,32,DW,01,B,02,324,BUENFIL MAGANA PILAR C        ,1D,ACTIVO,9V45F0 ,2,F421,04GH,2026-02-01,2026-02-19,17997,45,,W0106204394,SM2,2025-12-23,CCC,66,2026-02-19 12:08:32,3203,M,G92B0,9V45F0 ,45,Nor,  ,,,,GSC
2026-02-01 00:00:00,771140906111,27,DW,01,B,01,276,XACUR SALAZAR EDDY NOEMI      ,1D,ACTIVO,03U7J3 ,2,F62H,09KN,2026-01-01,2026-01-20,37786,325,,W0106241232,SMG,2026-01-19,LIR,39,,,,,,,,,,,,MED
2026-02-01 00:00:00,771110102841,32,DW,01,B,02,329,RAMIREZ PEREZ MIREYA          ,1D,ACTIVO,UU237C ,2,F623,21NY,2026-02-01,2026-02-19,13897,201,,W0106226013,SM2,2026-01-10,CDU,48,2026-02-19 10:30:58,3208,M,9ND41,UU237C ,201,Opt,40,SIN SELLO,,,GSC
2026-02-01 00:00:00,771141102474,33,DW,01,E,02,332,RICALDE JURE MIGUEL ANGEL     ,1D,ACTIVO,LU203K ,2,F623,20NU,2014-09-01,2020-01-20,1273,0,,W0106248285,SMG,2026-01-22,LIR,36,,,,,,,,,,,,MED
2026-02-01 00:00:00,771141102733,13,DW,01,B,01,132,NOVELO ZONDA MARIA            ,1D,ACTIVO,392T6A ,2,F622,14LM,2026-01-01,2025-11-07,28198,256,,W0106224578,SM2,2026-01-09,01B,49,2026-01-08 08:51:03,1302,M,GAAJN,392T6A ,0,Nor,59,DISPLAY APAGADO,59,S,GSC
2026-02-01 00:00:00,771141200832,31,DW,01,B,01,314,LOPEZ CANTON NATALIA PATRICIA ,1D,ACTIVO,6AXU11 ,2,F623,25P2,2026-01-01,2026-01-30,1,0,,W0106262253,SM2,2026-01-30,W1A,28,,,,,,,,,,,,GSC
2026-02-01 00:00:00,771110701639,13,DW,01,E,02,133,LUGO MAY MELBA LARIZZA        ,02,ACTIVO,YP996C ,2,F623,21NU,2026-01-01,2025-09-05,5768,56,,W0106224557,SM2,2026-01-09,MED,49,2026-01-08 10:21:01,1303,M,GA00N,YP996C ,0,Nor,59,DISPLAY APAGADO,59,S,GSC
2026-02-01 00:00:00,771150503040,37,DW,01,B,01,376,XACUR ACHACH BENJAMIN         ,1D,ACTIVO,066EEJ ,2,F629,15L2,2026-01-01,2026-01-26,60723,4781,,W0106240329,SM2,2026-01-19,CDB,39,,,,,,,,,,,,GSC
2026-02-01 00:00:00,771150603303,16,DW,01,B,02,168,LOPEZ ROCHER VICENTE          ,1D,ACTIVO,0M9P91 ,2,F421,01GH,2026-02-01,2026-02-09,62236,349,,W0106184305,SMG,2025-12-11,LIR,78,2026-02-09 08:59:09,1607,M,9EMDK,0M9P91 ,349,Nor,  ,,,,MED
2026-02-01 00:00:00,771150700121,06,DW,01,B,02,061,CARRILLO JIMENEZ TERESA DE J  ,1D,ACTIVO,431EB9 ,2,F62H,11KN,2026-02-01,2026-02-03,56224,619,,W0106263066,SMG,2026-01-30,LIR,28,2026-02-03 11:59:39,0651,R,9EMDK,431EB9 ,619,Opt,  ,,,,MED
2026-02-01 00:00:00,771150904206,39,DW,01,B,06,397,REYES CAMPOS ISABEL           ,1D,ACTIVO,X158TB ,2,F623,19NU,2015-07-01,2015-09-29,0,0,,W0106258505,SMG,2026-01-28,01B,30,,,,,,,,,,,,MED
2026-02-01 00:00:00,771151200199,11,DW,01,B,01,116,FLOTA CIREROL ENRIQUE         ,1D,ACTIVO,157MW7 ,2,F622,12LJ,2026-01-01,2026-01-08,11848,1008,,W0106220934,SMG,2026-01-07,LIR,51,,,,,,,,,,,,MED
2026-02-01 00:00:00,771160102558,33,DW,01,B,01,339,MAGDUB CASTILLO YAMIL         ,1D,ACTIVO,392JJJ ,2,F622,15LM,2026-01-01,2026-01-22,70047,1427,,W0106248777,SMG,2026-01-22,LIR,36,,,,,,,,,,,,MED
2026-02-01 00:00:00,771160201505,13,DW,01,B,01,132,CABALLERO SANCHEZ ADDY FLOR DE,1D,ACTIVO,771JHL ,2,F622,15LM,2026-01-01,2025-11-07,25634,865,,W0106224231,SMG,2026-01-09,LIR,49,2026-01-08 12:36:18,1302,M,GAAJN,771JHL ,0,Nor,60,MEDID NO TRABAJA,60,S,MED
2026-02-01 00:00:00,771160500189,33,DW,01,E,02,338,GAMBOA DURAN LOURDES MA DEL RO,1D,ACTIVO,Y421MB ,2,F623,19NU,2026-01-01,2025-11-24,48977,429,,W0106248889,SMG,2026-01-22,LIR,36,2026-01-22 17:54:20,3302,M,GA0MN,Y421MB ,0,Nor,60,MEDID NO TRABAJA,60,S,MED
2026-02-01 00:00:00,771110902375,35,DW,01,B,01,353,LUJAN GAMBOA ROBERTO          ,1D,ACTIVO,WNB383 ,2,F623,24P2,2026-01-01,2026-01-01,0,0,,W0106255849,SM2,2026-01-27,01B,31,2026-01-23 09:43:39,3503,M,9MC6H,8MW864 ,408,Nor,  ,,,,GSC
2026-02-01 00:00:00,771160702644,28,DW,01,E,37,282,NOVELO ESCALANTE CLAUDIA V    ,1D,ACTIVO,452JHF ,2,F622,15LM,2026-02-01,2026-02-17,12108,0,,W0106198593,SMG,2025-12-19,LIR,70,2026-02-17 15:16:53,2851,N,9JRB9,452JHF ,0,Opt,31,SERVICIO SIN USO,,,MED
2026-02-01 00:00:00,771130205646,35,DW,01,B,01,358,CONSEJO DE LA JUDICATURA FEDER,1D,ACTIVO,75N81L ,2,F62H,10KN,2026-01-01,2025-09-24,29445,9,,W0106255887,SM2,2026-01-27,MED,31,2026-01-23 11:11:05,3506,M,9ND4Y,75N81L ,0,Nor,59,DISPLAY APAGADO,59,S,GSC
2026-02-01 00:00:00,771160901612,39,DW,01,B,06,397,MARTIN TRACONIS ROXANA DIANEL ,1D,ACTIVO,630TLM ,2,F622,16LM,2026-01-01,2025-11-27,83739,1314,,W0106256608,SMG,2026-01-27,LIR,31,2026-01-27 10:36:06,3904,M,9EMGL,630TLM ,0,Nor,60,MEDID NO TRABAJA,60,S,MED
2026-02-01 00:00:00,771161002221,15,DW,01,B,01,151,CAMPOS MARTINEZ PABLO SANTIAGO,1D,ACTIVO,027MBR ,2,F622,16LM,2026-01-01,2026-01-09,48700,779,,W0106224732,SM2,2026-01-09,CDL,49,,,,,,,,,,,,GSC
2026-02-01 00:00:00,771130206529,13,DW,01,B,01,132,VELAZQUEZ SANSORES MARIA EUGEN,1D,ACTIVO,463JV9 ,2,F622,12LJ,2026-01-01,2025-11-07,4487,47,,W0106224569,SM2,2026-01-09,01B,49,2026-01-08 12:04:34,1302,M,GAAJN,463JV9 ,0,Nor,59,DISPLAY APAGADO,59,S,GSC
2026-02-01 00:00:00,771170202330,39,DW,01,B,01,394,EROSA PALOMEQUE VICENTE       ,1D,ACTIVO,A669LC ,2,F622,16LM,2026-01-01,2024-09-26,4468,87,,W0106258612,SM2,2026-01-28,MED,30,2026-01-27 09:33:41,3902,M,9MCDA,A669LC ,0,Nor,59,DISPLAY APAGADO,59,S,GSC
2026-02-01 00:00:00,771170402657,22,DW,01,B,02,224,GARCIA RIOS LUIS              ,1D,ACTIVO,G162MJ ,2,F622,17LM,2026-02-01,2026-02-12,25650,449,,W0106191003,SMG,2025-12-16,LIR,73,2026-02-12 10:57:11,2203,M,GA00N,G162MJ ,449,Opt,  ,,,,MED
2026-02-01 00:00:00,771180300810,29,DW,01,B,01,293,ELECT EMP CANCUN SA DE CV     ,02,ACTIVO,446JCV ,3,FD22,15LR,2026-01-01,2026-01-20,7559,490,,W0106248029,SM2,2026-01-22,01B,36,2026-01-20 17:21:27,2901,M,9EMHE,446JCV ,34416,Nor,  ,,FR,S,GSC
2026-02-01 00:00:00,771130302471,34,DW,01,B,01,342,MOLINA KARHN PABLO            ,02,ACTIVO,46C9K4 ,2,F621,08KG,2026-02-01,2026-02-20,6018,38,,W0106185464,SMG,2025-12-11,01M,78,2026-02-20 10:30:07,3401,M,9ND4Y,46C9K4 ,38,Nor,  ,,FR,S,MED
2026-02-01 00:00:00,771181002138,37,DW,01,B,01,372,PUERTO ESPINOSA JOSEFINA MARIA,1D,ACTIVO,0CBM75 ,2,F623,25P3,2026-01-01,2026-02-18,0,0,,W0106238515,SM2,2026-01-17,MED,41,2026-01-26 09:03:35,3702,M,9EMKC,732RJ1 ,0,Nor,53,UI SERV DIRECTO,53,S,GSC
2026-02-01 00:00:00,771181103058,25,DW,01,B,01,258,CACERES ZETINA SOCORRO DE LOS ,02,ACTIVO,871GJ5 ,2,F622,12LJ,2026-01-01,2025-09-17,7273,121,,W0106240584,SM2,2026-01-19,MED,39,2026-01-16 10:51:40,2508,L,GAKJM,871GJ5 ,0,Nor,59,DISPLAY APAGADO,59,S,GSC
2026-02-01 00:00:00,771130406951,29,DW,01,B,01,297,IGLESIA LA CASA DE MI PADRE   ,02,ACTIVO,825VD7 ,2,F622,12LJ,2026-01-01,2026-01-21,12337,223,,W0106243468,SMG,2026-01-20,LIR,38,,,,,,,,,,,,MED
2026-02-01 00:00:00,771190601206,06,DW,01,B,02,064,GAMBOA LOPEZ LIDIA GUADALUPE  ,1D,ACTIVO,W119KL ,2,F622,19LM,2026-02-01,2026-01-30,13025,0,,W0106173915,SMC,2025-12-04,LIR,85,2026-01-30 12:28:31,0604,L,GAKJM,W119KL ,0,Opt,31,SERVICIO SIN USO,,,MED
2026-02-01 00:00:00,771190800772,04,DW,01,B,02,046,VALENZUELA MOLINA HEBERTO     ,1D,ACTIVO,338JCV ,3,FD22,15LR,2019-08-01,2019-08-08,0,0,,W0106259207,SMC,2026-01-28,W1D,30,,,,,,,,,,,,MED
2026-02-01 00:00:00,771191000885,30,DW,01,B,02,306,SOLIS GOMEZ LUCELY            ,1D,ACTIVO,Y163MV ,2,F623,19NU,2026-02-01,2026-02-18,680,34,,W0106202385,SM2,2025-12-22,01B,67,,,,,,,,,,,,GSC
2026-02-01 00:00:00,771200200094,38,DW,01,M,13,385,KU GONZALEZ ODIN ATME         ,02,CORTADO,X643UG ,2,F622,19LM,2025-12-01,2025-12-26,44905,3924,,W0106259158,SMC,2026-01-28,CDJ,30,,,,,,,,,,,,MED
2026-02-01 00:00:00,771200700224,36,DW,01,B,01,365,COMISION DE DERECHOS HUMANOS D,02,ACTIVO,MX084B ,3,KL28,20KE,2020-06-01,2020-07-03,0,0,,W0106208616,SM2,2025-12-29,01B,60,,,,,,,,,,,,GSC
2026-02-01 00:00:00,771200800750,38,DW,01,B,02,383,PEREZ MARQUEZ MARIA TERESA    ,1D,ACTIVO,BE392R ,2,F623,19NV,2026-02-01,2026-02-24,15115,0,,W0106209222,SM2,2025-12-29,CCC,60,2026-02-24 09:34:29,3803,M,G92B0,BE392R ,99830,Opt,  ,,,,GSC
2026-02-01 00:00:00,771200800776,38,DW,01,B,02,387,DIAZ Y DIAZ ROBERTO DE JESUS  ,1D,ACTIVO,BE992P ,2,F623,19NV,2026-02-01,2026-02-24,27496,0,,W0106209226,SM2,2025-12-29,CCC,60,2026-02-24 10:14:06,3804,M,9P11W,BE992P ,99896,Opt,  ,,,,GSC
2026-02-01 00:00:00,771200801926,36,DW,01,B,01,363,PEREZ MONSREAL GENY NOEMI     ,1D,ACTIVO,BE666K ,2,F623,19NV,2026-02-01,2026-02-23,29,0,,W0106208469,SM2,2025-12-29,CCC,60,2026-02-23 12:38:40,3601,L,9JRDF,BE666K ,95745,Opt,  ,,,,GSC
2026-02-01 00:00:00,771201000218,34,DW,01,B,01,345,GARCIA CRUZ VERONICA DELC CARM,02,ACTIVO,BE614L ,2,F623,19NV,2026-02-01,2026-02-20,881,0,,W0106206035,SM2,2025-12-26,CCC,63,2026-02-20 10:06:00,3403,M,9MC6H,BE614L ,73968,Opt,  ,,,,GSC
2026-02-01 00:00:00,771081105339,09,DW,01,B,01,098,ARES KARAN ESPOSITOS          ,1D,ACTIVO,184ED5 ,2,F62H,11KN,2026-01-01,2026-01-06,56754,687,,W0106252708,SM2,2026-01-26,CDB,32,,,,,,,,,,,,GSC
2026-02-01 00:00:00,771201200209,29,DW,01,B,01,297,SUMARRAGA UGALDE ALEJANDRO    ,1D,ACTIVO,NJ324W ,2,F623,20NU,2026-01-01,2026-01-21,49808,1824,,W0106243471,SMG,2026-01-20,LIR,38,,,,,,,,,,,,MED
2026-02-01 00:00:00,771201202058,23,DW,01,B,01,234,DURAN DORANTES LUIS           ,1D,ACTIVO,NJ230W ,2,F623,20NU,2026-01-01,2026-01-15,25333,0,,W0106237512,SMG,2026-01-16,CCC,42,2026-01-15 10:22:32,2304,M,9MCDA,NJ230W ,0,Opt,31,SERVICIO SIN USO,,,MED
2026-02-01 00:00:00,771201202457,37,DW,01,B,01,371,CARRILLO GARCIA RAUL ANTONIO  ,1D,ACTIVO,NK211A ,2,F623,20NU,2026-01-01,2026-01-26,33301,606,,W0106249855,SM2,2026-01-23,CDC,35,,,,,,,,,,,,GSC
2026-02-01 00:00:00,771210602042,09,DW,01,B,01,094,BARRERA PERAZA YOLANDA ISABEL ,1D,ACTIVO,YH875X ,2,F623,21NU,2022-07-01,2022-07-06,7539,7,,W0106248428,SM2,2026-01-22,CDL,36,,,,,,,,,,,,GSC
2026-02-01 00:00:00,771210800685,15,DW,01,B,01,152,ANDRADE VILLAMIL AMIRA GUADALU,1D,ACTIVO,359G0M ,2,F622,13LM,2026-01-01,2026-01-09,57912,828,,W0106248226,SM2,2026-01-22,W1B,36,,,,,,,,,,,,GSC
2026-02-01 00:00:00,771090905411,15,DW,01,B,01,158,ARROYO Y SIQUEFF GABRIELA M   ,1D,ACTIVO,VA851G ,2,F623,21NV,2026-01-01,2026-01-09,6219,521,,W0106225505,SMG,2026-01-09,LIR,49,2026-01-09 12:14:41,1504,M,GA6XN,VA851G ,0,Nor,60,MEDID NO TRABAJA,60,S,MED
2026-02-01 00:00:00,771211101292,15,DW,01,B,01,158,ALCOCER GALINDO ROGER ALEXIS  ,1D,ACTIVO,YH269L ,2,F623,21NU,2026-01-01,2025-11-10,1025,52,,W0106225501,SMG,2026-01-09,LIR,49,2026-01-09 09:38:19,1504,M,GA6XN,YH269L ,0,Nor,60,MEDID NO TRABAJA,60,S,MED
2026-02-01 00:00:00,771091004956,39,DW,01,B,06,397,VAZQUEZ PRIAN LEONOR GENOVEVA ,1D,ACTIVO,JHA416 ,2,F623,23NU,2009-09-01,2009-09-26,80102,0,,W0106226167,SM2,2026-01-10,CDC,48,,,,,,,,,,,,GSC
2026-02-01 00:00:00,771220101998,39,DW,01,B,01,394,SEMERENA HERNANDEZ JORGE      ,02,ACTIVO,YP352X ,2,F623,21NU,2026-01-01,2026-01-27,11107,1001,,W0106261292,SM2,2026-01-29,01G,29,,,,,,,,,,,,GSC
2026-02-01 00:00:00,771220400855,36,DW,01,B,01,365,NAVARRETE NOVELO RUBEN        ,1D,ACTIVO,MU910C ,3,KL28,20KE,2026-02-01,2026-02-23,5942,0,,W0106208624,SM2,2025-12-29,01B,60,2026-02-23 10:58:12,3603,L,9MC6H,MU910C ,0,Nor,59,DISPLAY APAGADO,59,S,GSC
2026-02-01 00:00:00,771220502534,06,DW,01,B,02,061,VALDEZ AVENDANO CARLOS ALBERTO,02,ACTIVO,7T298L ,2,F621,06F3,2024-12-01,2024-12-02,618,618,,W0106258591,SMG,2026-01-28,01M,30,,,,,,,,,,,,MED
2026-02-01 00:00:00,771220603101,33,DW,01,E,02,331,PEREZ NAJERA MASSIEL ESTHEFANI,1D,CORTADO,YJ700L ,2,F623,21NU,2026-01-01,2025-11-24,18276,1336,,W0106248259,SMC,2026-01-22,LIR,36,2026-01-22 08:26:37,3301,M,9JR27,YJ700L ,0,Nor,53,UI SERV DIRECTO,53,S,MED
2026-02-01 00:00:00,771220806002,39,DW,01,B,01,394,CALL CENTER SALES PRO SA CV   ,02,ACTIVO,YP690M ,2,F623,21NU,2026-01-01,2026-01-27,20619,119,,W0106258412,SMG,2026-01-28,01B,30,,,,,,,,,,,,MED
2026-02-01 00:00:00,771230302321,38,DW,01,M,13,385,KU GONZALEZ ODIN ATME         ,02,ACTIVO,NR897C ,2,F623,20NU,2026-02-01,2026-02-24,42981,0,,W0106207312,SMC,2025-12-28,LIR,61,2026-02-24 15:01:23,3802,L,GAXWM,NR897C ,0,Nor,53,UI SERV DIRECTO,53,S,MED
2026-02-01 00:00:00,771230601204,17,DW,01,B,01,173,CEN LOPEZ JOSE RODRIGO MIGUEL ,1D,ACTIVO,UL709A ,2,F623,21NY,2026-01-01,2026-01-12,9835,390,,W0106235047,SM2,2026-01-15,CDB,43,,,,,,,,,,,,GSC
2026-02-01 00:00:00,771230700521,27,DW,01,B,01,276,AVILA ALMEIDA MELISSA         ,02,ACTIVO,1DWA47 ,2,F623,25NY,2026-01-01,2026-01-19,1784,669,,W0106245932,SMG,2026-01-21,01B,37,2026-01-19 11:17:06,2705,M,9ND4Y,1DWA47 ,0,Nor,59,DISPLAY APAGADO,59,S,MED
2026-02-01 00:00:00,771230700636,20,DW,01,B,02,208,GONZALEZ PAVIA HUMBERTO JOSE  ,02,ACTIVO,WNT941 ,2,F623,24P2,2024-02-01,2024-02-12,949,127,,W0106249742,SM2,2026-01-23,W1B,35,,,,,,,,,,,,GSC
2026-02-01 00:00:00,771230701705,32,DW,01,B,02,328,ROSAS ALVARADO MONTSERRAT ALIN,02,ACTIVO,UL153T ,2,F623,21NY,2026-02-01,2026-02-20,29410,0,,W0106199117,SM2,2025-12-19,CDD,70,2026-02-20 10:01:01,3251,R,9MCDA,UL153T ,0,Nor,56,NO HAY MEDIDOR,56,S,GSC
2026-02-01 00:00:00,771231001979,04,DW,01,B,02,048,RODRIGUEZ RODRIGO ALEJANDRO   ,02,ACTIVO,N943BN ,2,F622,18LM,2025-06-01,2025-05-30,6456,0,,W0106171983,SM2,2025-12-03,SAV,86,,,,,,,,,,,,GSC
2026-02-01 00:00:00,771231002584,33,DW,01,E,02,338,VAZQUEZ GAMBOA LOURDES SARAI  ,1D,ACTIVO,JAT785 ,2,F623,23NU,2026-01-01,2025-11-24,12874,491,,W0106248888,SMG,2026-01-22,LIR,36,2026-01-22 17:53:19,3302,M,GA0MN,JAT785 ,0,Nor,60,MEDID NO TRABAJA,60,S,MED
2026-02-01 00:00:00,771231201102,27,DW,01,B,01,271,PALACIOS FABIAN SILVIA PALOMA ,02,ACTIVO,WPY012 ,2,F623,24P2,2026-01-01,2026-01-19,8589,3371,,W0106242388,SM2,2026-01-20,01B,38,2026-01-19 12:01:42,2702,M,9MC6H,WPY012 ,602,Opt,  ,,,,GSC
2026-02-01 00:00:00,771240102303,17,DW,01,B,01,172,CORNEJO CAMPOS MAYRA ALEJANDRA,1D,BAJA SIN MED RET,KKY476 ,2,F623,23NU,2026-01-01,2026-01-12,652,0,,W0106228443,SMC,2026-01-12,LIR,46,,,,,,,,,,,,MED
2026-02-01 00:00:00,771240403222,04,DW,01,B,02,048,ALEJANDRO RODRIGUEZ RODRIGO   ,02,ACTIVO,YN111W ,2,F623,21NU,2025-04-01,2025-03-27,8382,1966,,W0106171972,SM2,2025-12-03,SAV,86,,,,,,,,,,,,GSC
2026-02-01 00:00:00,771240800701,36,DW,01,M,13,366,TAMAYO BARROSO MARCO JESUS    ,1D,ACTIVO,CVL258 ,2,F623,22NU,2026-02-01,2026-02-25,15340,1196,,W0106209503,SMC,2025-12-29,W1D,60,2026-02-23 17:20:02,3601,L,G92B2,CVL258 ,6036,Nor,44,NUM MEDID DESIGU,44,S,MED
2026-02-01 00:00:00,771240901524,25,DW,01,M,24,253,ALVAREZ GARCIA RAUL           ,1D,ACTIVO,J598GD ,2,F622,17LM,2026-01-01,2025-07-17,1119,37,,W0106238581,SM2,2026-01-17,CDW,41,2026-01-16 08:18:17,2526,L,9P14E,J598GD ,0,Nor,59,DISPLAY APAGADO,59,S,GSC
2026-02-01 00:00:00,771241000326,10,DW,01,B,02,105,AGENCIA DE TRANSPORTE DE YUCAT,02,ACTIVO,RCJ305 ,2,F623,24NY,2026-02-01,2025-02-04,0,0,,W0106179019,SM2,2025-12-08,CCC,81,2026-02-04 17:17:35,1003,M,GAXVM,RCJ305 ,0,Nor,59,DISPLAY APAGADO,59,S,GSC
2026-02-01 00:00:00,771241000555,33,DW,01,B,01,337,AGENCIA DE TRANSPORTE DE YUCAT,02,ACTIVO,WTM777 ,2,F623,24P2,2026-01-01,2025-01-23,0,0,,W0106235010,SM2,2026-01-15,MED,43,2026-01-23 12:31:49,3351,R,9P11W,WTM777 ,0,Nor,51,NO ENCONTRE DOMI,,,GSC
2026-02-01 00:00:00,771250101208,15,DW,01,B,01,151,PACHECO MORALES LUIS ANTONIO  ,02,ACTIVO,RBG866 ,2,F623,24NY,2026-01-01,2025-09-08,793,300,,W0106227715,SM2,2026-01-12,01B,46,2026-01-09 12:13:16,1501,M,GAAJN,RBG866 ,0,Nor,56,NO HAY MEDIDOR,56,S,GSC
2026-02-01 00:00:00,771250400043,12,DW,01,G,06,123,PROLIFICA SOLUCIONES          ,02,ACTIVO,RBA115 ,2,F623,24NY,2026-02-01,2025-10-07,28,7,,W0106177172,SMG,2025-12-06,01E,83,2026-02-06 12:41:09,1251,R,9BBMC,RBA115 ,0,Nor,56,NO HAY MEDIDOR,56,S,MED
2026-02-01 00:00:00,771250400981,38,DW,01,B,02,385,MENESES BONILLA HORACIO TOMAS ,1D,ACTIVO,JBU502 ,2,F623,23NU,2026-02-01,2026-02-25,1605,0,,W0106209367,SM2,2025-12-29,CCC,60,2026-02-24 06:55:30,3876,T,GACAM,JBU502 ,0,Nor,62,SIN MEDIDOR TLM,,,GSC
2026-02-01 00:00:00,771250502156,37,DW,01,B,01,371,SIQUEFF MOISES MAURICIO       ,1D,ACTIVO,1DVY82 ,2,F623,25NY,2026-01-01,2025-10-09,0,0,,W0106255712,SM2,2026-01-27,MED,31,2026-01-26 19:38:53,3701,M,9JR7P,1DVY82 ,0,Nor,59,DISPLAY APAGADO,59,S,GSC
2026-02-01 00:00:00,771250601413,39,DW,01,B,01,393,CAN CHABLE JAVIER             ,1D,ACTIVO,6AAT94 ,2,F623,25NY,2026-01-01,2025-11-27,0,0,,W0106260698,SM2,2026-01-29,MED,29,2026-01-27 09:16:27,3901,M,9EMKC,6AAT94 ,0,Nor,59,DISPLAY APAGADO,59,S,GSC
2026-02-01 00:00:00,771250704000,06,DW,01,B,02,062,RODRIGUEZ HERNANDEZ JUAN CARLO,1D,ACTIVO,NT678H ,2,F623,20NU,2026-02-01,2025-12-03,8326,0,,W0106263072,SMG,2026-01-30,LIR,28,2026-01-30 11:22:50,0602,M,GAXVM,NT678H ,0,Opt,60,MEDID NO TRABAJA,60,S,MED
2026-02-01 00:00:00,771251102381,07,DW,01,B,01,076,HERNANDEZ VARGAS LINDA GRACIEL,1D,ACTIVO,47X8B9 ,2,F62H,09KN,2026-01-01,2026-01-05,194,0,,W0106218333,SM2,2026-01-06,01B,52,2026-01-05 13:34:10,0703,M,GAAJN,47X8B9 ,0,Nor,59,DISPLAY APAGADO,59,S,GSC
2026-02-01 00:00:00,771260103012,33,DW,01,B,01,339,MATHISON JIMENEZ JENIFER ANDRE,1D,ACTIVO,0AXX63 ,2,F623,25P2,2026-01-01,2026-01-30,0,0,,W0106262921,S05,2026-01-30,CDD,28,,,,,,,,,,,,CCC
2026-02-01 00:00:00,771750107571,06,DW,01,B,02,061,JORGE H TRUJEQUE              ,1D,ACTIVO,015RRY ,3,FD22,16LR,2026-02-01,2026-01-30,10409,405,,W0106173897,SMG,2025-12-04,LIR,85,2026-01-30 11:50:49,0601,L,9ND4Y,015RRY ,405,Opt,  ,,,,MED
2026-02-01 00:00:00,771750200202,06,DW,01,B,02,064,LILIA NOVELO DE G             ,1D,ACTIVO,N937DF ,2,F622,18LM,2026-02-01,2026-02-03,26190,376,,W0106263068,SMG,2026-01-30,LIR,28,2026-02-03 08:49:40,0651,R,9EMDK,N937DF ,376,Opt,  ,,,,MED
2026-02-01 00:00:00,771140107847,25,DW,01,B,01,253,MORALES MENDOZA CARLOS IVAN   ,1D,CORTADO,8AAA23 ,2,F623,25NY,2026-01-01,2025-11-18,7818,0,,W0106238037,SMC,2026-01-16,LIR,42,2026-01-16 09:37:21,2503,M,G92B0,8AAA23 ,0,Nor,53,UI SERV DIRECTO,53,S,MED
2026-02-01 00:00:00,771760500034,06,DW,01,B,02,064,MARIA MORENO FDEZ             ,1D,ACTIVO,98D03W ,2,F62H,10KN,2026-02-01,2026-01-30,8542,12,,W0106173912,SMG,2025-12-04,LIR,85,2026-01-30 10:46:42,0604,L,GAKJM,98D03W ,12,Opt,  ,,,,MED
2026-02-01 00:00:00,771770900235,06,DW,01,B,02,062,JOSE FCO ARAUJO LEAL          ,1D,ACTIVO,639M8X ,3,KL2E,14JR,2026-02-01,2026-02-03,70816,4093,,W0106173909,SMG,2025-12-04,LIR,85,2026-02-03 10:30:21,0651,R,9EMDK,639M8X ,3555,Nor,  ,,FR,S,MED
2026-02-01 00:00:00,771780300082,08,DW,01,B,02,086,CELIS FLORES ADRIANA CECILIA  ,1D,ACTIVO,GV9615 ,3,F121,82EG,2026-02-01,2026-02-03,7731,858,,W0106256777,SMG,2026-01-27,01A,31,2026-02-03 12:22:56,0804,M,9MCDA,N8773E ,858,Nor,31,SERVICIO SIN USO,FR,S,MED
2026-02-01 00:00:00,771800100379,09,DW,01,B,01,094,JOSE PINTO MATOS              ,1D,ACTIVO,419GJ9 ,2,F622,12LJ,2026-01-01,2026-01-06,49560,560,,W0106233679,SM2,2026-01-14,CDB,44,,,,,,,,,,,,GSC
2026-02-01 00:00:00,771091205650,27,DW,01,B,01,276,DOMINGUEZ ROSAS JAIME         ,1D,ACTIVO,17V00W ,2,F62H,11KN,2026-01-01,2026-01-20,17426,480,,W0106241233,SMG,2026-01-19,LIR,39,,,,,,,,,,,,MED
2026-02-01 00:00:00,771150201540,07,DW,01,B,01,077,VALTO TECNOLOGIA SA DE CV     ,02,ACTIVO,719T1A ,2,F622,14LM,2026-01-01,2025-09-02,4848,12,,W0106217957,SM2,2026-01-06,01B,52,2026-01-05 10:42:52,0704,M,GA6XN,719T1A ,0,Nor,59,DISPLAY APAGADO,59,S,GSC
2026-02-01 00:00:00,771160603093,11,DW,01,B,01,111,BERDUGO CANUL AMILCAR DE JESUS,02,ACTIVO,783JJG ,2,F622,15LM,2026-01-01,2026-01-09,21885,436,,W0106220931,SMG,2026-01-07,LIR,51,,,,,,,,,,,,MED
2026-02-01 00:00:00,771160803009,25,DW,01,B,01,251,CASTRO MONROY REMIGIO ANTONIO ,1D,ACTIVO,17H06M ,2,F62H,10KN,2026-01-01,2025-09-17,73059,216,,W0106242891,SM2,2026-01-20,MED,38,2026-01-16 11:13:06,2501,L,GA0MN,17H06M ,0,Nor,59,DISPLAY APAGADO,59,S,GSC
2026-02-01 00:00:00,771161003499,21,DW,01,B,01,213,FERNANDES BRITO EMYRE         ,02,CORTADO,132JKH ,2,F622,15LM,2026-01-01,2025-11-13,5400,0,,W0106234674,SM2,2026-01-15,01B,43,2026-01-14 09:59:03,2103,M,GA0MN,132JKH ,0,Nor,59,DISPLAY APAGADO,59,S,GSC
2026-02-01 00:00:00,771850100434,23,DW,01,B,01,232,MARIO BASULTO                 ,1D,ACTIVO,543G4M ,2,F622,13LM,2026-01-01,2025-11-14,49873,392,,W0106235378,SMG,2026-01-15,LIR,43,2026-01-15 09:40:39,2302,M,GA0MN,543G4M ,0,Nor,60,MEDID NO TRABAJA,60,S,MED
2026-02-01 00:00:00,771860900773,04,DW,01,B,02,045,MEDINA MEDINA ARIEL EFRAIN    ,1D,ACTIVO,358DW2 ,3,FD2H,11KV,2026-02-01,2025-09-29,13642,0,,W0106175064,SMG,2025-12-04,MED,85,2026-01-29 09:04:01,0401,L,9JRDF,358DW2 ,0,Nor,56,NO HAY MEDIDOR,56,S,MED
2026-02-01 00:00:00,771870100210,08,DW,01,B,02,083,MIRIAM DELGADO DE BOLIO       ,1D,ACTIVO,0X4T45 ,3,KL28,02J3,2026-02-01,2025-10-03,42342,698,,W0106176491,SMG,2025-12-05,LIR,84,2026-02-04 12:42:39,0851,R,9JRF3,0X4T45 ,0,Nor,64,P. INFRARROJO/MED. D,64,S,MED
2026-02-01 00:00:00,771870100694,04,DW,01,B,02,047,EDUARDO ANCONA G              ,1D,ACTIVO,JE0509 ,2,F121,82EG,2026-02-01,2025-12-02,2012,200,,W0106261141,SMG,2026-01-29,LIR,29,2026-01-29 09:44:54,0403,L,GAXVM,JE0509 ,0,Nor,60,MEDID NO TRABAJA,60,S,MED
2026-02-01 00:00:00,771870901417,31,DW,01,B,01,318,ONESIMO ISAIAS SANCHEZ C      ,1D,ACTIVO,94H96K ,2,F62H,10KN,2026-01-01,2026-01-21,31539,466,,W0106246098,SM2,2026-01-21,CDC,37,,,,,,,,,,,,GSC
2026-02-01 00:00:00,771181001166,33,DW,01,B,01,331,ANGELICA VILLALOBOS CASTILLO  ,1D,ACTIVO,Y515MC ,2,F623,19NU,2018-09-01,2018-10-11,0,0,,W0106253431,SM2,2026-01-26,MED,32,,,,,,,,,,,,GSC
2026-02-01 00:00:00,771190201593,32,DW,01,B,02,321,CASANOVA VAZQUEZ LUIS         ,02,ACTIVO,W450LC ,2,F622,19LM,2018-12-01,2019-02-15,3,0,,W0106202756,SMG,2025-12-22,LIR,67,,,,,,,,,,,,MED
2026-02-01 00:00:00,771201000838,33,DW,01,B,01,332,PANIFICADORA LA PENINSULA SA D,02,ACTIVO,LV929P ,2,F623,20NU,2026-01-01,2025-11-24,10569,176,,W0106248763,SMG,2026-01-22,LIR,36,2026-01-22 09:54:57,3302,M,9P11W,LV929P ,0,Nor,60,MEDID NO TRABAJA,60,S,MED
2026-02-01 00:00:00,771881100726,06,DW,01,B,02,062,ING JUAN A CASTRO R           ,1D,ACTIVO,YL2599 ,2,F121,86EG,2026-02-01,2025-12-05,9053,146,,W0106263074,SMG,2026-01-30,LIR,28,2026-01-30 13:03:26,0602,M,GAXVM,YL7639 ,0,Nor,60,MEDID NO TRABAJA,60,S,MED
2026-02-01 00:00:00,771890700281,34,DW,01,B,01,343,ESPECIALIDADES DENTALEMAN SCP ,02,ACTIVO,0E99F9 ,2,F621,02F3,2026-02-01,2026-02-20,18098,714,,W0106205620,SMG,2025-12-26,LIR,63,2026-02-20 09:47:59,3402,M,GA83N,0E99F9 ,714,Nor,  ,,,,MED
2026-02-01 00:00:00,771891100937,11,DW,01,B,01,111,JAIME BERTTOLINI OCHOA        ,1D,ACTIVO,B451G6 ,2,F621,94F3,2026-01-01,2026-01-07,28179,1,,W0106230139,SM2,2026-01-13,CDD,45,,,,,,,,,,,,GSC
2026-02-01 00:00:00,771891101038,33,DW,01,B,01,338,ESCALANTE BARBOSA GASPAR EDMUN,02,ACTIVO,219JCV ,3,FD22,15LR,2026-01-01,2025-11-24,48736,1001,,W0106248787,SMC,2026-01-22,LIR,36,2026-01-22 11:12:42,3306,M,9JRDF,219JCV ,0,Nor,53,UI SERV DIRECTO,53,S,MED
2026-02-01 00:00:00,771900400230,36,DW,01,B,01,366,MIGUEL SUAREZ                 ,02,ACTIVO,61T06E ,3,FD2H,10KV,2026-02-01,2026-02-23,66420,0,,W0106190096,SMC,2025-12-15,01B,74,2026-02-23 12:50:32,3604,L,9JRF3,61T06E ,0,Nor,53,UI SERV DIRECTO,53,S,MED
2026-02-01 00:00:00,771900701621,18,DW,01,B,02,184,EDISA JIMENEZ                 ,1D,ACTIVO,3AXT57 ,2,F623,25P2,2026-02-01,2026-02-18,0,0,,W0106250186,SM2,2026-01-23,W1B,35,2026-02-10 09:13:13,1804,M,9P11W,YH539V ,0,Nor,53,UI SERV DIRECTO,53,S,GSC
2026-02-01 00:00:00,771910100625,14,DW,01,B,02,141,RAMIREZ AGUILAR LETICIA ESTHER,1D,ACTIVO,15D99Y ,2,F62H,10KN,2026-02-01,2025-10-08,58992,1102,,W0106182230,SMG,2025-12-10,LIR,79,2026-02-09 11:16:09,1451,R,9JRDF,15D99Y ,0,Nor,60,MEDID NO TRABAJA,60,S,MED
2026-02-01 00:00:00,771210900671,06,DW,01,B,02,061,SOLIS CANO ALICIA MERCEDES    ,1D,ACTIVO,6E71Y2 ,3,FD21,03F4,2026-02-01,2026-02-03,25949,539,,W0106263065,SMG,2026-01-30,LIR,28,2026-02-03 11:43:38,0651,R,9EMDK,6E71Y2 ,539,Nor,  ,,,,MED
2026-02-01 00:00:00,771220100371,27,DW,01,B,01,273,GUZMAN RAMOS JOSE FRANCISCO   ,1D,ACTIVO,YH845T ,2,F623,21NU,2026-01-01,2025-07-18,18983,898,,W0106242522,SM2,2026-01-20,MED,38,2026-01-19 11:15:27,2703,M,GA0MN,YH845T ,0,Nor,59,DISPLAY APAGADO,59,S,GSC
2026-02-01 00:00:00,771911100548,14,DW,01,B,02,142,MARBELLA SILVEIRA GRUINTA     ,1D,ACTIVO,9F69Y8 ,2,F621,03F3,2026-02-01,2025-12-09,32844,2,,W0106233114,SM2,2026-01-14,CDD,44,2026-02-06 16:09:27,1402,M,9MC6H,9F69Y8 ,89876,Nor,41,CRISTAL ROTO,41,S,GSC
2026-02-01 00:00:00,771911200046,23,DW,01,B,01,234,MARIO A TORRE FUENTELZAS      ,1D,ACTIVO,19U8T2 ,3,KD2V,09JU,2026-01-01,2026-01-15,12628,426,,W0106235773,SMG,2026-01-15,LIR,43,2026-01-15 10:11:28,2304,M,9MCDA,19U8T2 ,0,Nor,60,MEDID NO TRABAJA,60,S,MED
2026-02-01 00:00:00,771920301335,35,DW,01,B,01,358,CLAUDIA ROCHE DE ANCONA       ,1D,ACTIVO,24X1B2 ,2,F62H,09KN,2026-01-01,2025-01-23,72501,0,,W0106253065,SM2,2026-01-26,MED,32,2026-01-23 18:24:37,3506,M,GA6XN,24X1B2 ,0,Nor,59,DISPLAY APAGADO,59,S,GSC
2026-02-01 00:00:00,771921000185,23,DW,01,B,01,231,AGUILAR PEDRO CONSUELO        ,02,ACTIVO,33P7H2 ,3,FD2H,09KV,2026-01-01,2026-01-15,96509,854,,W0106237233,SMG,2026-01-16,CCC,42,,,,,,,,,,,,MED
2026-02-01 00:00:00,771931100803,11,DW,01,B,01,116,ALVAREZ DEL RIO ENRIQUE       ,1D,ACTIVO,01T73D ,2,F62H,10KN,2026-01-01,2025-11-06,68471,757,,W0106220941,SMG,2026-01-07,LIR,51,2026-01-09 12:11:44,1151,R,9MC6H,01T73D ,0,Nor,64,P. INFRARROJO/MED. D,64,S,MED
2026-02-01 00:00:00,771931100811,11,DW,01,B,01,116,ROSADO LORIA JOSE ENRIQUE     ,1D,ACTIVO,89T65C ,2,F62H,10KN,2026-01-01,2025-11-06,30036,1411,,W0106220938,SMG,2026-01-07,LIR,51,2026-01-09 12:07:32,1151,R,9MC6H,89T65C ,0,Nor,64,P. INFRARROJO/MED. D,64,S,MED
2026-02-01 00:00:00,771940601050,25,DW,01,B,01,258,GUAJARDO COVARRUBIAS HECTOR   ,1D,ACTIVO,71E41M ,2,F62H,10KN,2026-01-01,2026-01-19,5016,806,,W0106238119,SMG,2026-01-16,LIR,42,,,,,,,,,,,,MED
2026-02-01 00:00:00,771940601939,06,DW,01,B,02,064,JOSE M GOMEZ B                ,1D,ACTIVO,J590GD ,2,F622,17LM,2026-02-01,2026-01-30,45563,1354,,W0106173913,SMC,2025-12-04,LIR,85,2026-01-30 11:08:07,0604,L,GAKJM,J590GD ,1354,Nor,  ,,LM,S,MED
2026-02-01 00:00:00,771940602471,25,DW,01,B,01,256,ANTONIO NECHAR DAJDAJ         ,1D,ACTIVO,06H81L ,2,F62H,10KN,2026-01-01,2025-09-17,715,533,,W0106240551,SM2,2026-01-19,MED,39,2026-01-16 12:08:48,2506,L,GAXVM,06H81L ,0,Nor,59,DISPLAY APAGADO,59,S,GSC
2026-02-01 00:00:00,771940801768,11,DW,01,B,01,116,MENDEZ OSORIO WILBERT GABRIEL ,1D,ACTIVO,01T50D ,2,F62H,10KN,2026-01-01,2025-11-06,12910,968,,W0106220942,SMG,2026-01-07,LIR,51,2026-01-09 12:12:48,1151,R,9MC6H,01T50D ,0,Nor,64,P. INFRARROJO/MED. D,64,S,MED
2026-02-01 00:00:00,771940803353,15,DW,01,B,01,158,MANRIQUE SOSA ADDA NOEMI      ,1D,ACTIVO,58P1A4 ,2,F62H,09KN,2026-01-01,2025-11-10,94716,1124,,W0106225502,SMG,2026-01-09,LIR,49,2026-01-09 10:32:08,1504,M,GA6XN,58P1A4 ,0,Nor,60,MEDID NO TRABAJA,60,S,MED
2026-02-01 00:00:00,771940902769,32,DW,01,B,02,325,GPE DEL CARMEN YUPIT TZAB     ,1D,ACTIVO,BE383V ,2,F623,19NV,2026-02-01,2026-02-19,12777,0,,W0106203704,SM2,2025-12-23,CCC,66,2026-02-19 10:22:24,3204,M,9JR7P,BE383V ,99987,Nor,  ,,FR,S,GSC
2026-02-01 00:00:00,771940903374,14,DW,01,B,02,142,ILEANA CELINA RAVELL MARIN    ,02,ACTIVO,T37U02 ,2,F621,93F3,2026-02-01,2025-10-08,18838,0,,W0106185045,SM2,2025-12-11,CCC,78,2026-02-06 12:56:27,1402,M,9MC6H,T37U02 ,0,Nor,56,NO HAY MEDIDOR,56,S,GSC
2026-02-01 00:00:00,771941002311,11,DW,01,B,01,111,ARANDA PEREZ MARIA DEL ROSARIO,1D,ACTIVO,173EC3 ,2,F62H,11KN,2026-01-01,2026-01-09,59833,268,,W0106220932,SMG,2026-01-07,LIR,51,,,,,,,,,,,,MED
2026-02-01 00:00:00,771941200369,14,DW,01,B,02,145,JULIO G CANUL LARA            ,1D,ACTIVO,921EB4 ,2,F62H,11KN,2026-02-01,2026-02-06,35151,508,,W0106187811,SM2,2025-12-14,CDK,75,2026-02-06 09:53:52,1403,M,GAXVM,921EB4 ,508,Opt,  ,,,,GSC
2026-02-01 00:00:00,771941201896,35,DW,01,B,01,358,ROGER ROSALES SAENZ           ,1D,ACTIVO,313KB4 ,2,F622,12LJ,2026-01-01,2026-01-26,76361,307,,W0106250763,SMG,2026-01-23,LIR,35,,,,,,,,,,,,MED
2026-02-01 00:00:00,771140706589,28,DW,01,B,02,287,SIERRA UC MARIA CRISTINA      ,1D,ACTIVO,18N0G5 ,2,F62H,09KN,2026-02-01,2026-02-17,50175,600,,W0106199510,SMG,2025-12-19,CCC,70,2026-02-17 11:14:57,2803,M,9ND4Y,18N0G5 ,600,Opt,  ,,,,MED
2026-02-01 00:00:00,771950201670,11,DW,01,B,01,113,MORALES FUENTES MARTHA P      ,1D,ACTIVO,2DVN23 ,2,F623,25NY,2026-01-01,2025-11-06,977,610,,W0106220933,SMC,2026-01-07,LIR,51,2026-01-07 09:45:04,1103,M,GA6XN,2DVN23 ,0,Nor,53,UI SERV DIRECTO,53,S,MED
2026-02-01 00:00:00,771950301852,17,DW,01,B,01,177,JESUS A VELAZQUEZ S           ,1D,ACTIVO,584JKB ,2,F622,15LM,2026-01-01,2026-01-12,40034,480,,W0106253707,SM2,2026-01-26,CDV,32,,,,,,,,,,,,GSC
2026-02-01 00:00:00,771950301992,29,DW,01,B,01,297,MONFORTE MENDEZ JUAN CARLOS   ,1D,ACTIVO,J154FW ,2,F622,17LM,2026-01-01,2026-01-21,43162,1348,,W0106243470,SMG,2026-01-20,LIR,38,,,,,,,,,,,,MED
2026-02-01 00:00:00,771950701885,06,DW,01,B,02,064,ESPERANZA LOPEZ               ,1D,CORTADO,22PA18 ,2,F621,07F3,2026-02-01,2025-05-30,55608,0,,W0106176366,SMC,2025-12-05,MED,84,2026-01-30 17:07:37,0604,L,9JR7P,22PA18 ,0,Nor,56,NO HAY MEDIDOR,56,S,MED
2026-02-01 00:00:00,771950802177,11,DW,01,B,01,113,SERGIO GUILLERMO GONZALEZ     ,1D,ACTIVO,BE303R ,2,F623,19NV,2026-01-01,2025-11-06,11831,303,,W0106222090,SM2,2026-01-08,CCC,50,2026-01-07 08:39:01,1103,M,GA6XN,BE303R ,88228,Opt,  ,,,,GSC
2026-02-01 00:00:00,771951101628,13,DW,01,B,01,133,RAMIREZ CAHUICH MIREYA DEL C  ,1D,ACTIVO,4R753R ,2,F621,06F3,2026-01-01,2026-01-08,39662,64,,W0106224232,SMG,2026-01-09,LIR,49,,,,,,,,,,,,MED
2026-02-01 00:00:00,771960401375,24,DW,01,B,02,241,ANDRADE CASTRO GABRIELA       ,1D,ACTIVO,MB102L ,2,F623,20NU,2025-06-01,2025-06-16,45592,115,,W0106192727,SMC,2025-12-16,LIR,73,,,,,,,,,,,,MED
2026-02-01 00:00:00,771960702880,39,DW,01,B,06,397,LOURDES FERNANDEZ DE O        ,1D,ACTIVO,62P0B2 ,3,FD2H,09KV,2026-01-01,2025-11-27,9353,1491,,W0106256607,SMC,2026-01-27,LIR,31,2026-01-27 09:20:41,3904,M,9EMGL,62P0B2 ,0,Nor,53,UI SERV DIRECTO,53,S,MED
2026-02-01 00:00:00,771961002784,11,DW,01,B,01,113,CARLOS A BORGES MEDINA        ,1D,ACTIVO,75H70K ,2,F62H,10KN,2018-09-01,2018-09-06,11157,0,,W0106222353,SM2,2026-01-08,01B,50,,,,,,,,,,,,GSC
2026-02-01 00:00:00,771970203954,22,DW,01,B,02,225,ALBERTO POLANCO ORTEGA        ,02,ACTIVO,86E30E ,2,F62H,10KN,2010-04-01,2010-04-21,6610,0,,W0106192443,SM2,2025-12-16,CDD,73,,,,,,,,,,,,GSC
2026-02-01 00:00:00,771970403112,36,DW,01,B,01,365,CIRIA CEBALLOS CASTILLO       ,1D,ACTIVO,955G9M ,2,F622,13LM,2026-02-01,2026-02-23,47568,1519,,W0106209010,SM2,2025-12-29,01B,60,2026-02-23 10:12:05,3603,L,9MC6H,955G9M ,1519,Opt,  ,,,,GSC
2026-02-01 00:00:00,771970503826,22,DW,01,B,02,224,MARIN CRUZ GLADYS             ,1D,ACTIVO,69V57W ,2,F62H,11KN,2026-02-01,2026-02-13,25899,292,,W0106190995,SMG,2025-12-16,LIR,73,2026-02-13 09:29:23,2251,R,G92B0,69V57W ,292,Opt,  ,,,,MED
2026-02-01 00:00:00,771140905948,34,DW,01,B,01,346,ETIQ Y ETIQUE DEL STE SA DE CV,02,ACTIVO,JGA221 ,2,F623,23NU,2024-12-01,2024-12-23,43294,17,,W0106189499,SMG,2025-12-15,01B,74,,,,,,,,,,,,MED
2026-02-01 00:00:00,771971001662,25,DW,01,B,01,258,NELSY XACUR DE MARRUFO        ,1D,ACTIVO,653JJU ,2,F622,15LM,2026-01-01,2026-01-19,22340,423,,W0106238118,SMG,2026-01-16,LIR,42,,,,,,,,,,,,MED
2026-02-01 00:00:00,771971001689,30,DW,01,B,02,306,ERICK A LEON AGUILAR          ,1D,ACTIVO,629GJ0 ,2,F622,12LJ,2006-04-01,2006-04-20,3775,2,,W0106201891,SM2,2025-12-22,01B,67,,,,,,,,,,,,GSC
2026-02-01 00:00:00,771141003948,29,DW,01,B,01,295,ESCUDERO RIVAS SANTIAGO ANDRES,1D,ACTIVO,93V42X ,2,F62H,11KN,2026-01-01,2025-11-20,35405,958,,W0106243131,SMG,2026-01-20,LIR,38,2026-01-20 10:31:15,2903,M,GA0MN,93V42X ,0,Nor,60,MEDID NO TRABAJA,60,S,MED
2026-02-01 00:00:00,771971201785,29,DW,01,B,01,297,ROSARIO PAULLADA DGUEZ        ,02,ACTIVO,55E30M ,2,F62H,10KN,2026-01-01,2025-09-19,72037,104,,W0106245931,SM2,2026-01-21,MED,37,2026-01-20 12:05:37,2905,M,9ND4Y,55E30M ,0,Nor,59,DISPLAY APAGADO,59,S,GSC
2026-02-01 00:00:00,771820601021,33,DW,01,B,01,338,RODRIGUEZ ESCOFFIE RAUL ARMAND,1D,ACTIVO,Y529BN ,2,F623,19NU,2026-01-01,2025-11-24,13154,0,,W0106248788,SMG,2026-01-22,LIR,36,2026-01-22 09:11:21,3306,M,9JRDF,Y529BN ,0,Opt,60,MEDID NO TRABAJA,60,S,MED
2026-02-01 00:00:00,771980501538,33,DW,01,B,01,331,JOSE CAMARA M                 ,1D,ACTIVO,MA576W ,2,F623,20NU,2021-11-01,2021-11-23,33692,2022,,W0106253464,SM2,2026-01-26,MED,32,,,,,,,,,,,,GSC
2026-02-01 00:00:00,771980900254,09,DW,01,B,01,098,LIGIA M MONFORTE DURAN        ,1D,ACTIVO,MK480U ,2,F623,20NU,2026-01-01,2025-07-07,715,56,,W0106219087,SMG,2026-01-06,LIR,52,2026-01-06 11:25:34,0904,M,9P11W,MK480U ,0,Nor,60,MEDID NO TRABAJA,60,S,MED
2026-02-01 00:00:00,771980900459,33,DW,01,B,01,338,RENTA DE MAQ P LA CONST       ,02,ACTIVO,62P7B2 ,3,FD2H,09KV,2026-01-01,2025-11-24,16725,222,,W0106253521,SM2,2026-01-26,MED,32,2026-01-22 10:48:37,3306,M,9JRDF,62P7B2 ,0,Nor,56,NO HAY MEDIDOR,56,S,GSC
2026-02-01 00:00:00,771980901960,22,DW,01,B,02,224,LOPEZ CRUZ TELMA GABRIELA     ,1D,ACTIVO,36D64X ,2,F62H,10KN,2026-02-01,2026-02-12,58401,317,,W0106190992,SMG,2025-12-16,LIR,73,2026-02-12 10:05:28,2203,M,GA00N,36D64X ,317,Opt,  ,,,,MED
2026-02-01 00:00:00,771980903946,16,DW,01,B,02,161,MARIANA CAMARA CARRILLO       ,1D,ACTIVO,YB884U ,2,F623,21NU,2022-10-01,2022-10-07,19488,161,,W0106220284,SM2,2026-01-07,CDF,51,,,,,,,,,,,,GSC
2026-02-01 00:00:00,771980904489,07,DW,01,B,01,076,PABLO CERVERA DIAZ            ,02,ACTIVO,5N5H76 ,2,F621,01F3,2026-01-01,2026-01-05,27278,600,,W0106220757,SMG,2026-01-07,CCC,51,2026-01-05 11:53:12,0703,M,GAAJN,5N5H76 ,99380,Nor,  ,,FR,S,MED
2026-02-01 00:00:00,771820601030,33,DW,01,B,01,338,VICTOR SANTOS PALOMO          ,1D,ACTIVO,70E07M ,2,F62H,10KN,2026-01-01,2025-09-23,76089,541,,W0106253479,SM2,2026-01-26,MED,32,2026-01-22 11:19:40,3306,M,9JRDF,70E07M ,0,Nor,59,DISPLAY APAGADO,59,S,GSC
2026-02-01 00:00:00,771981204791,24,DW,01,B,02,241,MARTHA ISELA ARAUJO TUYUB     ,1D,ACTIVO,319PHP ,2,F622,16LM,2024-04-01,2024-04-15,17833,0,,W0106245399,SM2,2026-01-21,CDB,37,,,,,,,,,,,,GSC
2026-02-01 00:00:00,771981204898,24,DW,01,B,02,241,MIGUEL REJON PALMA            ,1D,ACTIVO,490T1A ,2,F622,14LM,2011-08-01,2011-08-17,4079,0,,W0106194439,SM2,2025-12-17,CCC,72,,,,,,,,,,,,GSC
2026-02-01 00:00:00,771990101007,07,DW,01,B,01,076,JOSE A IRABIEN CASTILLA       ,1D,ACTIVO,NK469X ,2,F623,20NU,2021-03-01,2021-03-04,711,322,,W0106218301,SM2,2026-01-06,01B,52,,,,,,,,,,,,GSC
2026-02-01 00:00:00,771990301961,13,DW,01,B,01,131,CORONADO ALCOCER RUBEN P      ,1D,ACTIVO,22H70L ,2,F62H,10KN,2026-01-01,2025-11-07,74498,357,,W0106224676,SM2,2026-01-09,01B,49,2026-01-08 10:35:14,1301,M,GA6XN,22H70L ,0,Nor,59,DISPLAY APAGADO,59,S,GSC
2026-02-01 00:00:00,771990302002,30,DW,01,B,02,302,ANDRES ARMANDO LOPEZ SOSA     ,1D,CORTADO,YP584M ,2,F623,21NU,2022-08-01,2022-08-19,25767,0,,W0106202284,SMG,2025-12-22,CCC,67,,,,,,,,,,,,MED
2026-02-01 00:00:00,771990400586,19,DW,01,B,01,197,ALFREDO SUASTE                ,1D,ACTIVO,07T14D ,2,F62H,10KN,2026-01-01,2026-01-14,46281,0,,W0106230162,SMG,2026-01-13,LIR,45,2026-01-14 16:26:51,1951,R,9ND41,07T14D ,0,Opt,31,SERVICIO SIN USO,,,MED
2026-02-01 00:00:00,771820700208,09,DW,01,B,01,098,AVILA MONTANO KRIZIA ZOE      ,1D,ACTIVO,3AUF75 ,2,F623,25P2,2022-11-01,2022-11-04,9023,333,,W0106219088,SMG,2026-01-06,LIR,52,,,,,,,,,,,,MED
2026-02-01 00:00:00,771991201447,24,DW,01,B,02,248,ZU IGA QUIJANO JOSE           ,1D,ACTIVO,435JV5 ,2,F622,12LJ,2026-02-01,2025-10-15,4211,1083,,W0106194451,SM2,2025-12-17,CCC,72,2026-02-13 08:07:12,2407,M,9EMKC,435JV5 ,0,Nor,59,DISPLAY APAGADO,59,S,GSC
2026-02-01 00:00:00,771991203083,04,DW,01,B,02,048,MUNICIPIO DE MERIDA YUCATAN   ,02,ACTIVO,NT301L ,2,F623,20NU,1999-12-01,1999-11-30,0,0,,W0106172162,SM2,2025-12-03,MED,86,,,,,,,,,,,,GSC
2026-02-01 00:00:00,772041100934,84,DW,01,C,01,044,CONTROLADORA DE NEG COMER     ,02,ACTIVO,J962EF ,2,KT2R,17KE,2009-07-01,2009-07-24,13860,0,,W0106170991,SM2,2025-12-02,01H,87,,,,,,,,,,,,GSC
2026-02-01 00:00:00,772060801676,32,DW,01,C,01,323,LOREDO CASTILLO JOSE DE JESUS ,1D,CORTADO,22NV92 ,2,F621,07F3,2026-02-01,2026-02-19,45208,0,,W0106203511,SMG,2025-12-23,LIR,66,2026-02-19 11:51:52,3203,M,9JRG2,22NV92 ,0,Nor,31,SERVICIO SIN USO,,,MED
2026-02-01 00:00:00,772070103608,15,DW,01,A,02,154,CAMPOS CAUICH VICTOR MANUEL M ,1D,ACTIVO,580JV4 ,2,F622,12LJ,2006-12-01,2007-01-19,454,0,,W0106227658,SM2,2026-01-12,MED,46,,,,,,,,,,,,GSC
2026-02-01 00:00:00,772071101030,04,DW,01,C,01,042,SAMOS MOO WILLIAM HERVE       ,1D,ACTIVO,BK1640 ,1,W111,80C0,2026-02-01,2026-01-29,8018,0,,W0106258600,S05,2026-01-28,01M,30,2026-01-29 12:36:05,0402,M,9JR53,BK1640 ,0,Nor,31,SERVICIO SIN USO,,,CCC
2026-02-01 00:00:00,772080200261,09,DW,01,B,01,094,VARGUEZ ORTEGON JUAN RAMON    ,1D,ACTIVO,5V09P9 ,2,F421,04GH,2026-01-01,2026-01-06,43854,34,,W0106222989,SMG,2026-01-08,CCC,50,,,,,,,,,,,,MED
2026-02-01 00:00:00,772080303630,25,DW,01,C,02,257,KU RODRIGUEZ JOSE ARMANDO     ,1D,ACTIVO,5AXL88 ,2,F623,25P2,2026-01-01,2026-02-26,0,0,,W0106221112,SMC,2026-01-07,CDU,51,2026-01-16 12:39:19,2502,L,9NCYL,YC110V ,0,Nor,53,UI SERV DIRECTO,53,S,MED
2026-02-01 00:00:00,772080702135,25,DW,01,C,02,254,CHI BRITO ALEX ERIK           ,1D,ACTIVO,95VP77 ,1,F121,08JL,2026-01-01,2026-01-16,16612,192,,W0106262319,S05,2026-01-30,CDB,28,,,,,,,,,,,,CCC
2026-02-01 00:00:00,772090202254,25,DW,01,C,02,257,DOMINGUEZ CANCHE SAUL ARIEL   ,1D,CORTADO,JAB161 ,2,F623,23NU,2024-05-01,2024-05-17,7062,353,,W0106238020,SMC,2026-01-16,LIR,42,,,,,,,,,,,,MED
2026-02-01 00:00:00,772110300282,04,DW,01,C,01,043,SOSA PAREDES JOSE RAMIRO      ,1D,ACTIVO,6B478V ,2,F621,04F3,2026-02-01,2026-01-29,23432,62,,W0106172509,SM2,2025-12-03,SAV,86,2026-01-29 10:14:01,0401,M,9EMME,6B478V ,62,Nor,  ,,,,GSC
2026-02-01 00:00:00,771880500089,06,DW,01,B,02,064,VICTOR ZUMBARDO TORRES        ,1D,ACTIVO,504G2M ,2,F622,13LM,2026-02-01,2026-02-03,53390,709,,W0106263067,SMG,2026-01-30,LIR,28,2026-02-03 09:07:05,0651,R,9EMDK,504G2M ,709,Opt,  ,,,,MED
2026-02-01 00:00:00,771880801186,33,DW,01,B,01,331,ANTONIO SAUMA NOVELO          ,1D,ACTIVO,JBL110 ,2,F623,23NU,2024-01-01,2024-01-23,67579,0,,W0106253446,SM2,2026-01-26,MED,32,,,,,,,,,,,,GSC
2026-02-01 00:00:00,772120600888,05,DW,01,J,09,052,CASTILLO POOT SERGIO          ,1D,ACTIVO,6W8T62 ,2,F621,02F3,2026-01-01,2025-10-01,30115,437,,W0106213769,SMG,2026-01-03,LIR,55,2026-01-02 11:53:01,0528,L,R9712,6W8T62 ,0,Nor,60,MEDID NO TRABAJA,60,S,MED
2026-02-01 00:00:00,771881000012,36,DW,01,B,01,365,PEON MOLINA ELDA MARIA        ,1D,ACTIVO,755EB3 ,2,F62H,11KN,1999-06-01,1999-06-29,33851,1808,,W0106208967,SM2,2025-12-29,01B,60,,,,,,,,,,,,GSC
2026-02-01 00:00:00,772130302397,33,DW,01,J,11,333,COB CANCHE HERIBERTO          ,1D,ACTIVO,9K0F85 ,1,F121,01GG,2026-01-01,2025-11-24,23202,217,,W0106248546,SMG,2026-01-22,LIR,36,2026-01-22 09:54:03,3326,L,9NCXE,9K0F85 ,0,Nor,60,MEDID NO TRABAJA,60,S,MED
2026-02-01 00:00:00,772140202323,03,DW,01,C,02,037,SABIDO AVILA ANA BEATRIZ      ,1D,ACTIVO,906G6M ,2,F622,13LM,2026-01-01,2025-12-30,33479,343,,W0106206782,SM2,2025-12-27,CDC,62,2025-12-30 09:30:07,0303,L,GAKKM,906G6M ,343,Opt,  ,,,,GSC
2026-02-01 00:00:00,772141101211,04,DW,01,C,01,048,GARCIA BUENFIL MARIA DE LOS AN,1D,ACTIVO,WNR386 ,2,F623,24P2,2024-12-01,2024-12-02,12600,0,,W0106172493,SM2,2025-12-03,01M,86,,,,,,,,,,,,GSC
2026-02-01 00:00:00,772150801136,05,DW,01,J,09,050,CASTELLANOS ROSADO CARLOS ALBE,1D,ACTIVO,032FMR ,2,F622,15LM,2026-01-01,2025-08-29,15534,2,,W0106218358,SM2,2026-01-06,MED,52,2026-01-02 10:50:46,0527,L,GAAGN,032FMR ,0,Nor,59,DISPLAY APAGADO,59,S,GSC
2026-02-01 00:00:00,772160600538,15,DW,01,E,02,156,MILENIUM PROPERTYS SA DE CV   ,02,ACTIVO,DW185G ,2,F623,19NU,2026-01-01,2025-07-10,79060,1270,,W0106227843,SM2,2026-01-12,MED,46,2026-01-09 11:01:48,1501,L,9ND9A,DW185G ,0,Nor,59,DISPLAY APAGADO,59,S,GSC
2026-02-01 00:00:00,772161000402,37,DW,01,C,02,376,CHABLE HAU RAMON VALENTIN     ,1D,ACTIVO,NT763E ,2,F623,20NU,2021-03-01,2021-03-26,852,256,,W0106253964,SMC,2026-01-26,LIR,32,,,,,,,,,,,,MED
2026-02-01 00:00:00,772161001069,08,DW,01,C,01,088,CAMPOS BAGUNDO YOLANDA D      ,02,ACTIVO,522TLK ,2,F622,16LM,2026-02-01,2026-02-03,5190,0,,W0106176535,SM2,2025-12-05,01M,84,2026-02-03 10:09:45,0801,M,9P124,522TLK ,0,Opt,31,SERVICIO SIN USO,,,GSC
2026-02-01 00:00:00,772180100566,15,DW,01,E,02,156,DIOPOLUZ SA DE CV             ,02,ACTIVO,DW085G ,2,F623,19NU,2018-01-01,2018-01-16,1,0,,W0106227838,SM2,2026-01-12,MED,46,,,,,,,,,,,,GSC
2026-02-01 00:00:00,772180301065,29,DW,01,C,02,293,CARAVEO CRUZ CARLOS EDUARDO   ,1D,CORTADO,6DVF46 ,2,F623,25NY,2025-09-01,2025-09-19,2319,846,,W0106245661,SMC,2026-01-21,LIR,37,,,,,,,,,,,,MED
2026-02-01 00:00:00,772181001120,15,DW,01,E,02,156,INDUST FORESTAL GPO CENT SACV ,02,ACTIVO,NT377L ,2,F623,20NU,2021-07-01,2021-07-09,8553,0,,W0106187379,SM2,2025-12-13,CDC,76,,,,,,,,,,,,GSC
2026-02-01 00:00:00,772181201111,08,DW,01,C,01,084,AMARO BENITEZ JOSE RUDESINDO  ,1D,ACTIVO,12H31H ,2,F62H,10KN,2026-02-01,2025-10-03,34252,560,,W0106176544,SM2,2025-12-05,01M,84,2026-02-03 11:12:16,0804,M,GAKKM,12H31H ,0,Nor,59,DISPLAY APAGADO,59,S,GSC
2026-02-01 00:00:00,772191200082,17,DW,01,C,02,172,CETZ DZUL FAUTINO             ,1D,ACTIVO,BA961V ,2,F622,19MP,2022-09-01,2022-09-12,12181,853,,W0106182539,SMC,2025-12-10,CDC,79,,,,,,,,,,,,MED
2026-02-01 00:00:00,771910200018,34,DW,01,B,01,345,TERRATS GUILLERMO RUBEN A     ,1D,ACTIVO,8V3M27 ,3,F121,02GG,2026-02-01,2026-02-20,17854,0,,W0106208460,SM2,2025-12-29,CCC,60,2026-02-21 08:39:35,3452,R,9NCYY,M7782V ,104,Nor,31,SERVICIO SIN USO,,,GSC
2026-02-01 00:00:00,771910900010,34,DW,01,B,01,345,JULIO CESAR LOPEZ             ,1D,ACTIVO,985X4R ,2,F622,14LM,1999-04-01,1999-04-28,52060,0,,W0106205625,SMG,2025-12-26,LIR,63,,,,,,,,,,,,MED
2026-02-01 00:00:00,772210403356,17,DW,01,C,02,175,TORRES PINZON SILVIA AYLIN    ,1D,CORTADO,NT220J ,2,F623,20NU,2026-01-01,2026-01-12,11991,0,,W0106228387,SMC,2026-01-12,LIR,46,2026-01-12 11:02:09,1704,M,9P14V,NT220J ,0,Opt,32,UI DERIVACION,32,S,MED
2026-02-01 00:00:00,772210501480,29,DW,01,C,02,292,MARTINEZ GONGORA ALEJANDRA GUA,1D,ACTIVO,ML038G ,2,F623,20NU,2026-01-01,2026-01-20,6920,222,,W0106225568,SMC,2026-01-09,01G,49,,,,,,,,,,,,MED
2026-02-01 00:00:00,771950101811,14,DW,01,B,02,141,MIGUEL S DIAZ SOLIS           ,1D,ACTIVO,3T316A ,2,F621,06F3,2026-02-01,2026-02-06,331,2046,,W0106182233,SMG,2025-12-10,LIR,79,2026-02-06 17:28:37,1401,M,9ND4Y,3T316A ,2046,Nor,  ,,LN,S,MED
2026-02-01 00:00:00,772211102287,29,DW,01,C,02,293,ALMEIDA SANCHEZ ALICIA        ,1D,ACTIVO,YH756R ,2,F623,21NU,2026-01-01,2025-05-21,2993,0,,W0106243679,SMC,2026-01-20,LIR,38,2026-01-20 10:14:10,2902,M,9JRG2,YH756R ,0,Nor,53,UI SERV DIRECTO,53,S,MED
2026-02-01 00:00:00,772211200084,37,DW,01,C,02,376,EUAN JUAREZ OSWALDO DE JESUS  ,1D,ACTIVO,NK902A ,2,F623,20NU,2026-01-01,2025-09-01,0,36,,W0106253963,SMC,2026-01-26,LIR,32,2026-01-26 20:02:35,3701,L,G92B3,NK902A ,0,Nor,53,UI SERV DIRECTO,53,S,MED
2026-02-01 00:00:00,772211201331,03,DW,01,C,02,035,CANUL SANCHEZ ROLANDO EFRAIN  ,1D,ACTIVO,YH264P ,2,F623,21NU,2026-01-01,2024-09-27,47560,0,,W0106212393,SMC,2026-01-02,LIR,56,2025-12-30 11:12:39,0301,L,R9700,YH264P ,0,Nor,53,UI SERV DIRECTO,32,S,MED
2026-02-01 00:00:00,772220700103,29,DW,01,C,02,296,CASTILLO UCAN RICARDO ASUNCION,1D,SUJETO A CORTE,YP164L ,2,F623,21NU,2026-01-01,2025-11-14,1133,63,,W0106245767,SMC,2026-01-21,LIR,37,2026-01-21 10:48:16,2952,R,9MCGC,YP164L ,0,Nor,53,UI SERV DIRECTO,53,S,MED
2026-02-01 00:00:00,772221000628,05,DW,01,C,02,057,CHAN PEDRAZA MARTA ELENA      ,1D,ACTIVO,78PL94 ,2,F621,07F3,2026-01-01,2026-01-02,57058,408,,W0106218508,SM2,2026-01-06,01B,52,,,,,,,,,,,,GSC
2026-02-01 00:00:00,772221201003,29,DW,01,C,02,293,JIMENEZ ACOSTA YURIDIA DEL ROS,1D,CORTADO,DTA881 ,2,F623,22NU,2026-01-01,2025-11-20,9126,573,,W0106245663,SMC,2026-01-21,LIR,37,2026-01-21 10:58:38,2951,R,9EMME,DTA881 ,0,Nor,53,UI SERV DIRECTO,53,S,MED
2026-02-01 00:00:00,771750601444,33,DW,01,B,01,331,VILMA E CORTES DE A           ,1D,ACTIVO,099UT3 ,2,F622,12LJ,2026-01-01,2025-09-23,60376,345,,W0106253456,SM2,2026-01-26,MED,32,2026-01-22 17:51:35,3301,M,9MC6H,099UT3 ,0,Nor,59,DISPLAY APAGADO,59,S,GSC
2026-02-01 00:00:00,772230601162,15,DW,01,E,02,156,SANTOS GONZALEZ GEISER        ,02,ACTIVO,UC992G ,2,F623,21NY,2026-01-01,2026-01-09,13618,308,,W0106176483,SMC,2025-12-05,CDP,84,2026-01-09 09:40:32,1501,L,9ND9A,UC992G ,308,Opt,  ,,,,MED
2026-02-01 00:00:00,772231200382,36,DW,01,C,01,361,CANO CANUL JOSE DE LA CRUZ    ,1D,ACTIVO,JCP598 ,2,F623,23NU,2026-02-01,2026-02-24,0,0,,W0106209124,SMG,2025-12-29,01M,60,2026-02-24 14:30:47,3652,R,G92B3,JCP598 ,0,Nor,51,NO ENCONTRE DOMI,,,MED
2026-02-01 00:00:00,772231200412,04,DW,01,C,01,042,FRAGA HERNANDEZ BERNARDO      ,1D,ACTIVO,JBL659 ,2,F623,23NU,2026-02-01,2025-09-30,209,0,,W0106172203,SM2,2025-12-03,01M,86,2026-01-30 09:28:36,0451,R,9P124,JBL659 ,0,Nor,56,NO HAY MEDIDOR,56,S,GSC
2026-02-01 00:00:00,772240200085,37,DW,01,C,02,376,VERA BACELIS JORGE ALEJANDRO  ,1D,CORTADO,KKR264 ,2,F623,23NU,2026-01-01,2026-01-26,7239,0,,W0106253955,SMC,2026-01-26,LIR,32,2026-01-26 16:49:19,3701,L,G92B3,KKR264 ,0,Opt,32,UI DERIVACION,32,S,MED
2026-02-01 00:00:00,771800500547,11,DW,01,B,01,111,LOPEZ PEREZ CARLOS            ,1D,ACTIVO,6YT899 ,2,F121,00GG,2026-01-01,2026-01-07,66419,321,,W0106222080,SM2,2026-01-08,CCC,50,2026-01-07 10:15:05,1101,M,GA0MN,9M785B ,90603,Nor,  ,,FR,S,GSC
2026-02-01 00:00:00,771801000581,31,DW,01,B,01,318,RAUL FCO MEDINA PUGA          ,1D,ACTIVO,JFY219 ,2,F623,23NU,2024-05-01,2024-05-22,72916,96,,W0106258527,SM2,2026-01-28,CDD,30,,,,,,,,,,,,GSC
2026-02-01 00:00:00,771981105296,32,DW,01,B,02,329,EDUARDO IZA LOPEZ             ,1D,ACTIVO,7T822Y ,2,F621,06F3,2026-02-01,2026-02-19,37787,14,,W0106217847,SM2,2026-01-06,CDW,52,2026-02-19 11:38:05,3208,M,9ND41,7T822Y ,14,Nor,  ,,FR,S,GSC
2026-02-01 00:00:00,772240301051,04,DW,01,C,01,044,CASTILLO RODRIGUEZ CARLOS AUGU,1D,ACTIVO,G680MM ,2,F622,17LM,2026-02-01,2025-09-30,3227,278,,W0106172404,SM2,2025-12-03,01M,86,2026-01-29 11:13:33,0406,M,GAKKM,G680MM ,0,Nor,59,DISPLAY APAGADO,59,S,GSC
2026-02-01 00:00:00,772240301396,03,DW,01,C,02,034,OJEDA SOSA JORGE ALBERTO      ,1D,ACTIVO,JDA761 ,2,F623,23NU,2026-01-01,2024-04-30,0,0,,W0106212388,SMC,2026-01-02,LIR,56,2025-12-30 09:35:32,0305,L,G92B5,JDA761 ,0,Nor,53,UI SERV DIRECTO,53,S,MED
2026-02-01 00:00:00,772240500330,04,DW,01,C,01,043,CEBOLLOS GOMGORA JULIA MARGARI,1D,ACTIVO,JFX327 ,2,F623,23NU,2026-02-01,2025-12-03,289,291,,W0106208741,SM2,2025-12-29,MED,60,2026-01-29 09:16:51,0401,M,9EMME,JFX327 ,0,Nor,56,NO HAY MEDIDOR,56,S,GSC
2026-02-01 00:00:00,772240501000,37,DW,01,C,02,376,PUERTO NARVAEZ MARIO ALFREDO  ,1D,CORTADO,JGX286 ,2,F623,23NU,2026-01-01,2026-01-26,2131,0,,W0106253954,SMC,2026-01-26,LIR,32,2026-01-26 13:29:03,3701,L,G92B3,JGX286 ,0,Opt,32,UI DERIVACION,32,S,MED
2026-02-01 00:00:00,772240801453,35,DW,01,C,02,351,NUNEZ HERNANDEZ MARIA DEL ROSA,1D,ACTIVO,NR432U ,2,F623,20NU,2026-01-01,2025-07-24,1505,155,,W0106250754,SMC,2026-01-23,LIR,35,2026-01-23 15:53:11,3502,M,9JR53,NR432U ,0,Nor,53,UI SERV DIRECTO,53,S,MED
2026-02-01 00:00:00,772241100971,17,DW,01,C,02,175,ROSEL VAZQUEZ JOSE MANUEL     ,02,ACTIVO,WPY122 ,2,F623,24P2,2026-01-01,2025-05-14,152,0,,W0106229579,SMG,2026-01-13,MED,45,2026-01-12 11:20:10,1704,M,9P14V,WPY122 ,0,Nor,56,NO HAY MEDIDOR,56,S,MED
2026-02-01 00:00:00,772250100135,17,DW,01,C,02,175,CIPRIANO BAXIN GABRIEL        ,1D,ACTIVO,052EBT ,2,F622,15LM,2026-01-01,2026-01-12,22273,291,,W0106228388,SMC,2026-01-12,LIR,46,,,,,,,,,,,,MED
2026-02-01 00:00:00,772250300681,15,DW,01,E,02,156,PRODUCTOS INM Y SERV          ,02,ACTIVO,RBY332 ,2,F623,24NY,2026-01-01,2026-01-22,20,20,,W0106249858,SM2,2026-01-23,01M,35,,,,,,,,,,,,GSC
2026-02-01 00:00:00,772250300690,15,DW,01,E,02,156,PRODUCTOS INM Y SERV          ,02,ACTIVO,RBC809 ,2,F623,24NY,2026-01-01,2026-01-22,2916,1078,,W0106249865,SM2,2026-01-23,01M,35,,,,,,,,,,,,GSC
2026-02-01 00:00:00,772250700841,05,DW,01,C,02,052,MAY QUINTAL MARIA JOSE        ,1D,ACTIVO,5DWB81 ,2,F623,25NY,2026-01-01,2026-01-02,150,150,,W0106215295,SMC,2026-01-05,LIR,53,2026-01-02 12:11:04,0501,M,9JR53,5DWB81 ,0,Nor,53,UI SERV DIRECTO,53,S,MED
2026-02-01 00:00:00,772250800455,17,DW,01,C,02,175,DORANTES NICASIO JESUS SALVADO,1D,ACTIVO,KKW390 ,2,F623,23NU,2026-01-01,2026-01-12,11973,517,,W0106228390,SMC,2026-01-12,LIR,46,,,,,,,,,,,,MED
2026-02-01 00:00:00,772251001165,17,DW,01,C,02,175,SANABRIA QUEZADA JOSE ALBERTO ,1D,ACTIVO,4BCV58 ,2,F623,25P2,2026-01-01,2026-01-12,107,91,,W0106228389,SMC,2026-01-12,LIR,46,,,,,,,,,,,,MED
2026-02-01 00:00:00,771990404964,17,DW,01,B,01,174,MA ESTHER GONGORA LORIA       ,1D,ACTIVO,2HX918 ,2,F421,98GH,2026-01-01,2026-01-12,52334,18,,W0106240400,SM2,2026-01-19,CDK,39,,,,,,,,,,,,GSC
2026-02-01 00:00:00,772120101318,07,DW,01,J,09,076,CHE COLLI LEIDY MARLENE       ,1D,ACTIVO,13X08K ,1,F12H,11KU,2026-01-01,2025-11-04,8514,191,,W0106218620,SMG,2026-01-06,01G,52,2026-01-05 10:17:01,0729,L,R9950,13X08K ,99939,Opt,  ,,,,MED
2026-02-01 00:00:00,772750700741,04,DW,01,C,01,044,EDUARDO VILLANUEVA M          ,1D,ACTIVO,UW114T ,2,F623,21NY,2025-02-01,2025-01-28,49367,0,,W0106263414,SM2,2026-01-31,01H,27,,,,,,,,,,,,GSC
2026-02-01 00:00:00,772760100024,08,DW,01,C,01,084,JIMENEZ BAEZA MIGUEL          ,1D,ACTIVO,J8314C ,1,W111,75C0,2026-02-01,2026-02-03,7665,7,,W0106215691,S05,2026-01-05,W1C,53,2026-02-03 12:44:50,0804,M,GAKKM,J8314C ,7,Nor,31,SERVICIO SIN USO,FR,S,CCC
2026-02-01 00:00:00,772120200201,35,DW,01,C,02,353,LOGISTICA TOGUA SA DE CV      ,02,ACTIVO,EW733D ,2,F622,19LM,2026-01-01,2026-01-23,38798,821,,W0106253121,SMC,2026-01-26,01M,32,2026-01-23 11:09:15,3504,M,G92B5,EW733D ,0,Nor,56,NO HAY MEDIDOR,56,S,MED
2026-02-01 00:00:00,772120701544,84,DW,01,C,01,044,CONTROLLADORA DE NEG COMER    ,02,ACTIVO,GC773Y ,2,KT2R,20KE,2021-01-01,2021-01-04,6442,2687,,W0106171028,SM2,2025-12-02,01H,87,,,,,,,,,,,,GSC
2026-02-01 00:00:00,772810900566,17,DW,01,C,02,176,CAPILLA DE VELACIONES         ,02,ACTIVO,2P7M46 ,3,KL28,01HM,2026-01-01,2026-01-12,5066,1764,,W0106230285,SMG,2026-01-13,MED,45,,,,,,,,,,,,MED
2026-02-01 00:00:00,772840300652,03,DW,01,C,02,036,31DJN0185W JARD NINOS A GONZAL,02,ACTIVO,CN2425 ,2,F121,81EG,2026-01-01,2025-12-30,8586,906,,W0106212581,S05,2026-01-02,01M,56,2025-12-30 10:33:45,0302,L,G92B3,KD4888 ,9704,Nor,  ,,LN,S,CCC
2026-02-01 00:00:00,772201200647,36,DW,01,C,01,361,PALOMARES ROMAN ARMANDO       ,1D,ACTIVO,JBM825 ,2,F623,23NU,2026-02-01,2026-02-23,11755,293,,W0106178836,SMC,2025-12-08,CDL,81,2026-02-23 12:50:43,3604,M,G92B3,JBM825 ,293,Opt,  ,,,,MED
2026-02-01 00:00:00,772210300239,35,DW,01,C,02,351,HERNANDEZ SACARIAS AURORA     ,1D,ACTIVO,ML554E ,2,F623,20NU,2026-01-01,2025-05-26,5690,214,,W0106250752,SMC,2026-01-23,LIR,35,2026-01-23 17:26:49,3502,M,9JR53,ML554E ,0,Nor,53,UI SERV DIRECTO,53,S,MED
2026-02-01 00:00:00,772910601493,05,DW,01,C,02,052,LUIS QUINTAL M                ,1D,ACTIVO,0TK054 ,2,F621,99F3,2026-01-01,2025-10-01,83900,765,,W0106215294,SMG,2026-01-05,LIR,53,2026-01-02 12:12:29,0501,M,9JR53,0TK054 ,0,Nor,60,MEDID NO TRABAJA,60,S,MED
2026-02-01 00:00:00,772910700661,35,DW,01,C,02,352,ESCOBAR JAUREGUI FELIPE       ,1D,ACTIVO,MA216V ,2,F623,20NU,2026-01-01,2025-11-25,7730,729,,W0106221985,SM2,2026-01-08,CDD,50,2026-01-23 08:58:39,3501,M,9EMME,MA216V ,0,Nor,59,DISPLAY APAGADO,59,S,GSC
2026-02-01 00:00:00,772920100077,36,DW,01,C,01,361,FRANCISCO LOPEZ GUERRERO      ,1D,ACTIVO,9N4D04 ,2,F621,01F3,2026-02-01,2026-02-23,79927,691,,W0106243505,S05,2026-01-20,CDB,38,2026-02-23 16:04:23,3604,M,G92B3,9N4D04 ,691,Nor,  ,,,,CCC
2026-02-01 00:00:00,772920900898,20,DW,01,C,01,204,MARIA A ESTRADA SIERRA        ,02,ACTIVO,3W6V50 ,2,F621,02F3,2026-02-01,2025-06-12,98409,285,,W0106220181,SMC,2026-01-07,W1B,51,2026-02-11 11:17:36,2001,M,9P124,3W6V50 ,0,Nor,53,UI SERV DIRECTO,53,S,MED
2026-02-01 00:00:00,772931001054,13,DW,01,C,02,137,MONICA DEL CARMEN PUC CRUZ    ,1C,ACTIVO,3X0J86 ,2,F421,02GH,2026-01-01,2026-01-08,57457,310,,W0106227988,SMG,2026-01-12,MED,46,,,,,,,,,,,,MED
2026-02-01 00:00:00,772210600798,35,DW,01,C,02,351,PENATE ARCOS ANTONIO          ,1D,ACTIVO,NT209J ,2,F623,20NU,2026-01-01,2025-05-26,2002,76,,W0106227939,SMC,2026-01-12,01M,46,2026-01-23 17:25:06,3502,M,9JR53,NT209J ,0,Nor,56,NO HAY MEDIDOR,56,S,MED
2026-02-01 00:00:00,772950601224,32,DW,01,C,01,321,JOSE R BALAM MAY              ,1D,CORTADO,2BCL37 ,2,F623,25P2,2025-12-01,2025-12-22,7040,641,,W0106211675,SM2,2025-12-31,CDL,58,,,,,,,,,,,,GSC
2026-02-01 00:00:00,772960201437,33,DW,01,C,02,334,VICTOR MANUEL HUCHIN BAST     ,1D,ACTIVO,Y204MU ,2,F623,19NU,2026-01-01,2025-09-23,39543,998,,W0106249831,SM2,2026-01-23,01M,35,2026-01-22 08:51:44,3304,M,9P14V,Y204MU ,0,Nor,59,DISPLAY APAGADO,59,S,GSC
2026-02-01 00:00:00,772960901536,04,DW,01,C,01,047,GABRIEL G MOLINA BAEZA        ,02,ACTIVO,P6J688 ,2,F62N,90F3,2026-02-01,2025-05-30,3113,0,,W0106170018,SM2,2025-12-02,01M,87,2026-01-29 09:55:35,0404,M,9NCYL,P6J688 ,0,Nor,56,NO HAY MEDIDOR,56,S,GSC
2026-02-01 00:00:00,772961200701,17,DW,01,C,02,176,BAQUEDANO CASADO LUIS EUGENIO ,02,ACTIVO,8ECF77 ,3,KL28,25NJ,2026-01-01,2025-09-09,24770,42,,W0106223093,SM2,2026-01-08,01A,50,2026-01-12 11:59:14,1705,M,GA82N,B778N9 ,0,Nor,60,MEDID NO TRABAJA,60,S,GSC
2026-02-01 00:00:00,772970300191,24,DW,01,C,01,246,MARTHA  DE LA C AKE TUN       ,1D,ACTIVO,H1130V ,1,W111,75C0,2026-02-01,2026-02-13,5717,668,,W0106229458,S05,2026-01-13,W1C,45,2026-02-13 16:29:23,2402,M,GA82N,H1130V ,668,Nor,  ,,,,CCC
2026-02-01 00:00:00,772230301487,37,DW,01,C,02,376,SALAZAR MADERO NICTE HA DE JES,1D,ACTIVO,UW630N ,2,F623,21NY,2026-01-01,2025-11-26,1284,132,,W0106255985,SMC,2026-01-27,LIR,31,2026-01-27 10:39:42,3751,R,9MCGC,UW630N ,0,Nor,53,UI SERV DIRECTO,53,S,MED
2026-02-01 00:00:00,772970901828,36,DW,01,C,01,361,U H M  32 A II EDIF  V        ,1D,ACTIVO,UK498Y ,1,F623,21NY,2024-12-01,2024-12-26,36627,350,,W0106208548,SM2,2025-12-29,01M,60,,,,,,,,,,,,GSC
2026-02-01 00:00:00,772970902514,03,DW,01,C,02,034,GUADALUPE POOT EUAN           ,1D,ACTIVO,4AUW31 ,2,F623,25P2,2025-11-01,2025-10-30,16266,1188,,W0106212387,SMC,2026-01-02,LIR,56,,,,,,,,,,,,MED
2026-02-01 00:00:00,772990200346,32,DW,01,C,01,321,TELLO MISS MILTON JAVIER      ,1D,ACTIVO,6AAR64 ,2,F623,25NY,2025-06-01,2025-06-23,4838,1278,,W0106235153,SM2,2026-01-15,CDP,43,,,,,,,,,,,,GSC
2026-02-01 00:00:00,771970603987,35,DW,01,B,01,358,LUISA FAJARNEZ ALEGRE         ,1D,ACTIVO,44N97M ,2,F62H,10KN,2026-01-01,2026-01-26,94112,874,,W0106250764,SMG,2026-01-23,LIR,35,,,,,,,,,,,,MED
2026-02-01 00:00:00,771971001948,30,DW,01,B,02,301,RUBEN EDUARDO LORIA M         ,1D,ACTIVO,MA004V ,2,20NU,20NU,2021-12-01,2021-12-21,44998,0,,W0106202244,SMG,2025-12-22,CCC,67,,,,,,,,,,,,MED
2026-02-01 00:00:00,773010500876,04,DW,01,E,02,042,POOL CHAN ANACLETO            ,1D,ACTIVO,95NJ33 ,2,F621,07F3,2001-04-01,2001-04-30,0,0,,W0106171800,SMG,2025-12-03,LIR,86,,,,,,,,,,,,MED
2026-02-01 00:00:00,773031100312,23,DW,01,D,03,238,MATUZ RUIZ MA ISABEL          ,1C,ACTIVO,RDP091 ,2,F623,24NY,2026-01-01,2026-01-15,4020,4020,,W0106237676,SMC,2026-01-16,01D,42,2026-01-15 12:52:41,2334,L,9JRB6,RDP091 ,47134,Nor,44,NUM MEDID DESIGU,44,S,MED
2026-02-01 00:00:00,771980102234,21,DW,01,B,01,212,IVAN R DELGADO CAMPOS         ,1D,ACTIVO,JCP804 ,2,F623,23NU,2023-11-01,2023-11-14,16990,93,,W0106234856,SMG,2026-01-15,CCC,43,,,,,,,,,,,,MED
2026-02-01 00:00:00,772750301854,17,DW,01,C,02,174,BERTHA AGUILAR DE FLOTA       ,1D,ACTIVO,H139V6 ,2,F621,95F3,2026-01-01,2026-01-12,69795,0,,W0106242168,SM2,2026-01-20,CDA,38,2026-01-12 11:02:15,1703,M,G92B5,H139V6 ,0,Nor,31,SERVICIO SIN USO,,,GSC
2026-02-01 00:00:00,773060602670,19,DW,01,D,01,195,CARMONA ORTEGA J ISMAEL       ,1D,ACTIVO,RCB274 ,2,F623,24NY,2025-05-01,2025-05-14,28824,2925,,W0106252908,SM9,2026-01-26,W1B,32,,,,,,,,,,,,SSB
2026-02-01 00:00:00,773070600756,21,DW,01,D,03,215,SILVEIRA SILVEIRA NORMA NOEMI ,1C,ACTIVO,JCT477 ,2,F623,23NU,2026-01-01,2025-11-13,19031,1413,,W0106237346,SMC,2026-01-16,01D,42,2026-01-15 09:19:26,2151,R,9EMCB,JCT477 ,82670,Nor,44,NUM MEDID DESIGU,44,S,MED
2026-02-01 00:00:00,772750307402,13,DW,01,C,02,135,ELSA M GARRIDO V              ,1D,ACTIVO,L0787N ,1,W111,76C0,2026-01-01,2026-01-08,5843,19,,W0106220004,S05,2026-01-07,01M,51,,,,,,,,,,,,CCC
2026-02-01 00:00:00,772780800740,28,DW,01,C,01,284,LUCIA PECH DE SANCHEZ         ,1D,ACTIVO,001JHH ,2,F622,15LM,1999-05-01,1999-08-11,2369,1255,,W0106229682,SM2,2026-01-13,W1C,45,,,,,,,,,,,,GSC
2026-02-01 00:00:00,773071003093,19,DW,01,D,01,197,KU GALLEGOS ADDY CAROLINA     ,1D,ACTIVO,K761YW ,1,F122,17LN,2026-01-01,2025-11-12,8210,120,,W0106232856,SM2,2026-01-14,01D,44,2026-01-14 09:27:52,1951,R,9EMCB,K761YW ,99733,Nor,44,NUM MEDID DESIGU,44,S,GSC
2026-02-01 00:00:00,773090209301,23,DW,01,D,03,231,GONZALEZ MARTIN MARIA LUISA   ,02,ACTIVO,44D7N1 ,2,F421,08KF,2026-01-01,2026-01-15,9416,0,,W0106224736,S05,2026-01-09,W1D,49,2026-01-15 09:15:14,2327,M,R9513,44D7N1 ,0,Nor,31,SERVICIO SIN USO,,,CCC
2026-02-01 00:00:00,773090805141,30,DW,01,D,04,304,CARDENAS EUAN LUIS FERNANDO   ,1C,ACTIVO,24P7A4 ,2,F62H,09KN,2009-12-01,2050-01-01,0,0,,W0106227535,SM2,2026-01-12,W1C,46,,,,,,,,,,,,GSC
2026-02-01 00:00:00,773091005823,23,DW,01,D,03,237,ALPUCHE MORALES MARIA VERONICA,1C,ACTIVO,YV773K ,2,F622,21LM,2022-05-01,2022-05-17,1436,423,,W0106260856,SM2,2026-01-29,CDC,29,,,,,,,,,,,,GSC
2026-02-01 00:00:00,773100608056,15,DW,01,D,01,150,ARGAEZ ORDAZ MIGUEL ANGEL     ,1D,ACTIVO,9C619E ,2,F421,05GH,2026-01-01,2026-01-09,6891,411,,W0106168390,SM2,2025-12-01,01D,88,2026-01-09 09:36:10,1501,M,9BBR3,9C619E ,411,Nor,44,NUM MEDID DESIGU,44,S,GSC
2026-02-01 00:00:00,772800203964,09,DW,01,C,02,093,CARDENA CIAU IRENE MARIA      ,1D,ACTIVO,28E5V8 ,2,F62F,08K6,2026-01-01,2026-01-06,29910,844,,W0106240469,SM2,2026-01-19,W1C,39,2026-01-06 08:46:00,0902,M,GAADN,28E5V8 ,0,Nor,59,DISPLAY APAGADO,59,S,GSC
2026-02-01 00:00:00,772890100441,03,DW,01,C,02,038,PILAR FUENTES DE LINARES      ,1D,ACTIVO,DW993Y ,2,F623,19NU,2026-01-01,2025-10-30,46695,1101,,W0106179178,SM2,2025-12-08,W1C,81,2025-12-30 11:19:55,0304,L,R9631,DW993Y ,0,Nor,59,DISPLAY APAGADO,59,S,GSC
2026-02-01 00:00:00,773120106928,10,DW,01,D,01,101,RUIZ MOGUEL GENNER ALBERTO    ,1D,ACTIVO,RDK727 ,2,F623,24NY,2026-02-01,2025-10-09,0,493,,W0106259230,SMC,2026-01-28,W1D,30,2026-02-04 12:11:41,1001,M,9BBR3,RDK727 ,0,Nor,53,UI SERV DIRECTO,53,S,MED
2026-02-01 00:00:00,773120304525,40,DW,01,D,04,409,AGUILAR CAUICH CINTHYA        ,1C,ACTIVO,1BCE97 ,2,F623,25P2,2025-10-01,2025-10-27,40306,1637,,W0106210394,SMC,2025-12-30,LIR,59,,,,,,,,,,,,MED
2026-02-01 00:00:00,773130502929,06,DW,01,D,01,068,POOT BALAM LENNY GUADALUPE    ,02,ACTIVO,494VD1 ,2,F622,12LJ,2026-02-01,2026-01-30,30340,0,,W0106262844,SMC,2026-01-30,LIR,28,2026-01-30 10:28:10,0604,M,9ND4J,494VD1 ,0,Opt,32,UI DERIVACION,32,S,MED
2026-02-01 00:00:00,772900100852,36,DW,01,C,01,367,ARGAEZ DIAZ JENNIFER GUADALUPE,1D,ACTIVO,DRR667 ,2,F623,22NU,2022-12-01,2022-12-23,22006,0,,W0106237465,S05,2026-01-16,CDF,42,,,,,,,,,,,,CCC
2026-02-01 00:00:00,772940600505,04,DW,01,C,01,044,REYNA OSORIO REYNA            ,1D,ACTIVO,BE464N ,2,F623,19NV,2026-02-01,2026-01-29,17533,1151,,W0106245863,SM2,2026-01-21,CDA,37,2026-01-29 11:33:01,0406,M,GAKKM,BE464N ,1151,Opt,  ,,,,GSC
2026-02-01 00:00:00,773140300402,24,DW,01,D,04,245,RODRIGUEZ AMARO JAIME A       ,1C,ACTIVO,739W6L ,2,F622,14LM,2026-02-01,2026-02-13,26679,313,,W0106221195,SMC,2026-01-07,MED,51,2026-02-13 10:29:44,2430,M,9JRB6,739W6L ,313,Opt,  ,,,,MED
2026-02-01 00:00:00,773140806730,29,DW,01,D,03,294,SOSA LARA ROSA OFELIA         ,1C,ACTIVO,628G1M ,2,F622,13LM,2026-01-01,2026-01-20,47817,702,,W0106243069,SM2,2026-01-20,CDC,38,,,,,,,,,,,,GSC
2026-02-01 00:00:00,773141201815,04,DW,01,D,01,048,KU ERGUERA LAURITA INES       ,1D,ACTIVO,LV279N ,2,F623,20NU,2026-02-01,2026-01-29,49693,1154,,W0106249600,S05,2026-01-23,W1A,35,2026-01-29 10:19:22,0403,L,GAKVM,LV279N ,1154,Opt,  ,,,,CCC
2026-02-01 00:00:00,773151102734,30,DW,01,J,03,301,MANZANERO NOH LUIS FELIPE     ,1C,ACTIVO,JFE409 ,2,F623,23NU,2024-06-01,2024-06-04,22277,0,,W0106203847,SMC,2025-12-23,01G,66,,,,,,,,,,,,MED
2026-02-01 00:00:00,773151203905,06,DW,01,J,04,062,BOJORQUEZ CHAN ROGELIO        ,1C,ACTIVO,309KB7 ,2,F622,12LJ,2026-02-01,2025-12-03,19326,405,,W0106262982,SMC,2026-01-30,LIR,28,2026-01-30 07:52:30,0626,L,9BBN1,309KB7 ,0,Nor,53,UI SERV DIRECTO,53,S,MED
2026-02-01 00:00:00,773160100205,37,DW,01,D,03,379,CAN PECH JOSE ALFREDO         ,1C,ACTIVO,861JED ,2,F622,15LM,2026-01-01,2025-11-27,15030,191,,W0106256157,SMC,2026-01-27,LIR,31,2026-01-27 10:43:53,3751,R,9MCDC,861JED ,0,Nor,53,UI SERV DIRECTO,53,S,MED
2026-02-01 00:00:00,773160206526,06,DW,01,J,04,062,VITORIN CAAMAL ANGEL ENRIQUE  ,1C,ACTIVO,744JJR ,2,F622,15LM,2026-02-01,2025-12-03,33847,605,,W0106262983,SMG,2026-01-30,LIR,28,2026-01-30 07:41:52,0626,L,9BBN1,744JJR ,0,Nor,60,MEDID NO TRABAJA,60,S,MED
2026-02-01 00:00:00,773160702523,11,DW,01,J,09,113,CHAN CORRALES EDUARDO GPR     ,1D,ACTIVO,NJ479X ,2,F623,20NU,2026-01-01,2025-11-06,8883,270,,W0106221046,SMC,2026-01-07,LIR,51,2026-01-07 11:21:31,1127,L,9NCYF,NJ479X ,0,Nor,53,UI SERV DIRECTO,53,S,MED
2026-02-01 00:00:00,773160900970,37,DW,01,D,03,375,COBA YAM JOSE RICARDO         ,1C,ACTIVO,638MBT ,2,F622,16LM,2026-01-01,2025-11-26,58098,1173,,W0106253531,SMC,2026-01-26,LIR,32,2026-01-26 12:18:19,3730,L,9BBR3,638MBT ,0,Nor,53,UI SERV DIRECTO,53,S,MED
2026-02-01 00:00:00,773161104816,06,DW,01,J,04,062,SANCHEZ LOPEZ LEYLA GABRIELA  ,1C,ACTIVO,WTW205 ,2,F623,24P2,2022-10-01,2022-10-03,6034,733,,W0106172970,SMC,2025-12-03,LIR,86,,,,,,,,,,,,MED
2026-02-01 00:00:00,773161200637,25,DW,01,D,03,250,JUAREZ RAMIREZ CARMEN         ,1C,ACTIVO,LFE643 ,2,F623,23NY,2024-07-01,2024-07-17,430,0,,W0106262326,SM2,2026-01-30,W1A,28,,,,,,,,,,,,GSC
2026-02-01 00:00:00,773170102664,06,DW,01,J,04,063,CREAR HOGARES                 ,1C,ACTIVO,A237KF ,2,F622,16LM,2026-02-01,2025-12-03,5053,65,,W0106262978,SMC,2026-01-30,LIR,28,2026-01-30 07:58:52,0627,L,R9950,A237KF ,0,Nor,53,UI SERV DIRECTO,53,S,MED
2026-02-01 00:00:00,773170301110,06,DW,01,J,04,062,MANZANILLA GAMBOA JESSICA MARI,1C,CORTADO,241WYM ,2,F622,16LM,2026-02-01,2025-12-03,23204,0,,W0106172981,SMC,2025-12-03,LIR,86,2026-01-30 10:14:43,0626,L,9BBN1,241WYM ,0,Nor,56,NO HAY MEDIDOR,56,S,MED
2026-02-01 00:00:00,773170304801,35,DW,01,D,03,357,HERRERA HERRERA MIGUEL ANTONIO,1C,ACTIVO,A132KM ,2,F622,16LM,2026-01-01,2026-01-23,1,0,,W0106250783,SMC,2026-01-23,LIR,35,2026-01-23 09:24:19,3530,L,9BBR3,A132KM ,0,Opt,32,UI DERIVACION,32,S,MED
2026-02-01 00:00:00,773170305361,06,DW,01,J,04,062,CAUICH GONZALEZ FELIPE FAUSTIN,1C,ACTIVO,A365KN ,2,F622,16LM,2026-02-01,2025-08-04,33122,264,,W0106172979,SMC,2025-12-03,LIR,86,2026-01-30 11:43:57,0626,L,9BBN1,A365KN ,0,Nor,53,UI SERV DIRECTO,53,S,MED
2026-02-01 00:00:00,773170502549,03,DW,01,D,05,030,IMPACTOS FRECUENCIA Y COBERTUR,02,ACTIVO,A508KU ,2,F622,16LM,2026-01-01,2024-10-30,29117,663,,W0106168306,SMG,2025-12-01,01D,88,2026-01-02 08:53:05,0351,N,GAC1M,A508KU ,0,Nor,53,UI SERV DIRECTO,53,S,MED
2026-02-01 00:00:00,773170600966,06,DW,01,J,04,063,CREAR HOGARES                 ,02,ACTIVO,391TLJ ,2,F622,16LM,2026-02-01,2025-10-02,1808,45,,W0106262977,SMC,2026-01-30,LIR,28,2026-01-30 08:15:09,0627,L,R9950,391TLJ ,0,Nor,53,UI SERV DIRECTO,53,S,MED
2026-02-01 00:00:00,773170601318,06,DW,01,J,04,063,CREAR HOGARES                 ,02,ACTIVO,LV460U ,2,F623,20NU,2021-10-01,2021-10-04,739,18,,W0106262979,SMC,2026-01-30,LIR,28,,,,,,,,,,,,MED
2026-02-01 00:00:00,773180701078,11,DW,01,J,09,113,UC VARGAZ MIGUEL ALONSO       ,1D,CORTADO,L803FK ,1,F122,18LN,2026-01-01,2026-01-07,7715,10,,W0106221048,SMC,2026-01-07,LIR,51,,,,,,,,,,,,MED
2026-02-01 00:00:00,772970801386,04,DW,01,C,01,048,VELAZQUEZ RAMIREZ LUIS M      ,1D,ACTIVO,0G30A0 ,2,F621,03F3,2026-02-01,2026-01-29,35834,1968,,W0106262186,SMG,2026-01-30,01A,28,2026-01-29 09:30:42,0405,M,9P124,0G30A0 ,1968,Nor,  ,,FR,S,MED
2026-02-01 00:00:00,772240300357,17,DW,01,C,02,175,AMADOR OCEGUEDA GUSTAVO       ,1D,ACTIVO,JAN697 ,2,F623,23NU,2026-01-01,2026-01-12,10714,775,,W0106228391,SMC,2026-01-12,LIR,46,,,,,,,,,,,,MED
2026-02-01 00:00:00,773181200706,08,DW,01,J,04,082,RABANALES ESCAMILLA ALICIA BEA,1C,BAJA SIN MED RET,P986PT ,1,F123,18NM,2026-02-01,2026-02-03,6012,0,,W0106175110,SMC,2025-12-04,LIR,85,2026-02-03 10:58:35,0827,L,9BBN1,P986PT ,0,Nor,51,NO ENCONTRE DOMI,,,MED
2026-02-01 00:00:00,773190101010,23,DW,01,D,03,235,ALVAREZ HERNANDEZ MARIA DE JES,1C,ACTIVO,MF334U ,2,F623,20NU,2021-11-01,2021-11-16,2469,282,,W0106235457,SMC,2026-01-15,LIR,43,,,,,,,,,,,,MED
2026-02-01 00:00:00,773190202916,06,DW,01,J,04,063,JIMENEZ ALVAREZ ERASMO        ,1C,CORTADO,RR313H ,1,F123,21NX,2026-02-01,2024-08-02,4127,335,,W0106172988,SMC,2025-12-03,LIR,86,2026-01-30 07:47:25,0627,L,R9950,RR313H ,0,Nor,53,UI SERV DIRECTO,53,S,MED
2026-02-01 00:00:00,773190403181,11,DW,01,J,04,112,MUKUL HAU ELDA MARTINA        ,1C,ACTIVO,F248CN ,2,F122,17LN,2019-05-01,2050-01-01,0,0,,W0106240562,SM2,2026-01-19,CDB,39,,,,,,,,,,,,GSC
2026-02-01 00:00:00,772240300373,29,DW,01,C,02,296,PERERA BACAB ERICK MANUEL     ,1D,BAJA SIN MED RET,JCL922 ,2,F623,23NU,2026-01-01,2026-01-21,1582,0,,W0106245766,SMC,2026-01-21,LIR,37,,,,,,,,,,,,MED
2026-02-01 00:00:00,772240300420,37,DW,01,C,02,376,GONZALEZ ARIAS KEVIN EMMANUEL ,1D,ACTIVO,UK704Y ,2,F623,21NY,2026-01-01,2024-03-25,0,0,,W0106255505,SM2,2026-01-27,01M,31,2026-01-26 19:54:39,3701,L,G92B3,UK704Y ,0,Nor,56,NO HAY MEDIDOR,56,S,GSC
2026-02-01 00:00:00,773070700581,19,DW,01,D,01,197,NAAL HERNANDEZ JORGE SALMANAZA,1D,ACTIVO,LMX509 ,2,F123,23NX,2024-07-01,2024-07-12,650,30,,W0106168568,SM2,2025-12-01,01D,88,,,,,,,,,,,,GSC
2026-02-01 00:00:00,773191004557,29,DW,01,D,03,293,UICAB CHAN TOMAS ALEJANDRO    ,1C,ACTIVO,Y728MW ,2,F623,19NU,2026-01-01,2026-01-20,2847,29,,W0106224105,SM2,2026-01-09,MED,49,,,,,,,,,,,,GSC
2026-02-01 00:00:00,773191103016,37,DW,01,D,03,371,ARAUJO CHUC DIONISIO          ,1C,ACTIVO,DW888F ,2,F623,19NU,2026-01-01,2025-05-27,9397,144,,W0106253609,SMC,2026-01-26,LIR,32,2026-01-26 10:02:47,3727,L,GAAEN,DW888F ,0,Nor,53,UI SERV DIRECTO,53,S,MED
2026-02-01 00:00:00,773200200160,23,DW,01,D,03,233,NARVAEZ MARTINEZ FRANCISCO ISR,1C,ACTIVO,7AXK32 ,2,F623,25P2,2026-01-01,2026-01-22,0,0,,W0106260703,S05,2026-01-29,CDD,29,,,,,,,,,,,,CCC
2026-02-01 00:00:00,773070801786,05,DW,01,D,01,059,CERON PACHECO MAXIMILIANO     ,1D,BAJA SIN MED RET,CVM667 ,2,F623,22NU,2021-11-01,2021-11-23,32589,79,,W0106168343,SMC,2025-12-01,01D,88,,,,,,,,,,,,MED
2026-02-01 00:00:00,773110505611,30,DW,01,D,04,307,MORALES RAMOS EDGAR JESUS     ,02,ACTIVO,2R437N ,2,F621,06F3,2019-03-01,2019-03-01,15758,0,,W0106263304,SMC,2026-01-31,CDL,27,,,,,,,,,,,,MED
2026-02-01 00:00:00,773210602886,18,DW,01,D,01,186,VILLAMIL SALAZAR ALBERTO JESUS,1D,ACTIVO,NR690F ,2,F623,20NU,2026-02-01,2026-02-10,13048,0,,W0106186039,SMG,2025-12-12,LIR,77,2026-02-10 09:07:51,1804,M,9NCYP,NR690F ,0,Opt,31,SERVICIO SIN USO,,,MED
2026-02-01 00:00:00,773211004320,33,DW,01,D,03,338,LOEZA CAAMAL MARIA AMADA      ,1C,BAJA,,2,,,2026-01-01,2050-01-20,5073,0,,W0106170231,SMC,2025-12-02,01D,87,2026-01-22 09:30:53,3331,M,R9513,MA522U ,0,Nor,51,NO ENCONTRE DOMI,,,MED
2026-02-01 00:00:00,773220800031,11,DW,01,D,01,111,BETANCOURT RAMIREZ WILSON ISMA,02,ACTIVO,YP111D ,2,F623,21NU,2026-01-01,2024-07-08,702,36,,W0106216625,SM2,2026-01-05,01M,53,2026-01-08 08:54:55,1151,R,9EMCB,YP111D ,0,Nor,56,NO HAY MEDIDOR,56,S,GSC
2026-02-01 00:00:00,773110804791,17,DW,01,D,01,174,PUERTO VALDEZ MARIA CONCEPCION,02,ACTIVO,A689KE ,2,F622,16LM,2011-07-01,2011-08-26,1,0,,W0106168540,SMG,2025-12-01,01D,88,,,,,,,,,,,,MED
2026-02-01 00:00:00,773230103266,07,DW,01,D,01,073,GONZALEZ EROSA ROBERTO IVAN   ,1D,ACTIVO,NR853T ,2,F623,20NU,2026-01-01,2025-07-07,38482,0,,W0106204296,SMC,2025-12-23,W1D,66,2026-01-06 08:52:25,0751,R,9EMCB,NR853T ,0,Nor,56,NO HAY MEDIDOR,56,S,MED
2026-02-01 00:00:00,773230200300,32,DW,01,D,04,326,CAMPOS SABIDO JUAN RAMON      ,1C,ACTIVO,JBD528 ,2,F623,23NU,2026-02-01,2026-02-19,95,12,,W0106253160,SMC,2026-01-26,W1D,32,2026-02-19 10:33:21,3230,L,R9513,JBD528 ,0,Nor,51,NO ENCONTRE DOMI,,,MED
2026-02-01 00:00:00,773230203392,36,DW,01,D,04,365,VILLALOBOS UICAB MARIA JOSE   ,1C,ACTIVO,4MP335 ,2,F421,98GH,2026-02-01,2026-02-25,5682,214,,W0106182849,SM2,2025-12-10,CDW,79,2026-02-23 11:12:28,3626,L,GAAGN,4MP335 ,0,Nor,31,SERVICIO SIN USO,,,GSC
2026-02-01 00:00:00,773230302579,37,DW,01,D,03,378,LORENZO MOO MARLY QUIABETH    ,1C,BAJA SIN MED RET,FJT065 ,2,F123,22NX,2023-09-01,2023-09-26,385,385,,W0106253480,SMC,2026-01-26,LIR,32,,,,,,,,,,,,MED
2026-02-01 00:00:00,773130600351,37,DW,01,D,03,379,PUCH CAN PASTOR               ,1C,ACTIVO,4EE552 ,2,F421,98GH,2013-05-01,2020-01-20,1817,0,,W0106253545,SMG,2026-01-26,LIR,32,,,,,,,,,,,,MED
2026-02-01 00:00:00,773230501539,25,DW,01,D,03,252,DEL ANGEL HERNANDEZ MIGUEL    ,1C,ACTIVO,UV032K ,2,F623,21NY,2026-01-01,2024-05-17,130,25,,W0106237671,SMC,2026-01-16,LIR,42,2026-01-16 09:08:47,2528,M,9MCDC,UV032K ,0,Nor,53,UI SERV DIRECTO,53,S,MED
2026-02-01 00:00:00,773140101361,35,DW,01,D,03,355,TZEC PECH ANGELA MARGARIT     ,1C,ACTIVO,Y364MW ,2,F623,19NU,2013-12-01,2014-01-09,1,0,,W0106171980,SMC,2025-12-03,W1A,86,,,,,,,,,,,,MED
2026-02-01 00:00:00,773230904218,04,DW,01,C,01,048,CHAN SANSORES BRYAN ALBERTO   ,02,ACTIVO,JBK033 ,2,F623,23NU,2026-02-01,2025-12-02,5456,503,,W0106260714,SMC,2026-01-29,LIR,29,2026-01-29 09:38:32,0405,M,9P124,JBK033 ,0,Nor,53,UI SERV DIRECTO,53,S,MED
2026-02-01 00:00:00,773231202420,36,DW,01,D,04,365,CABALLERO GUILLEN LIBNI SAGELI,1C,ACTIVO,JAN283 ,2,F623,23NU,2026-02-01,2026-02-23,1781,200,,W0106218857,SM2,2026-01-06,CDL,52,2026-02-23 12:58:29,3626,L,GAAGN,JAN283 ,200,Opt,  ,,,,GSC
2026-02-01 00:00:00,773231203116,37,DW,01,D,03,377,PECH CHAN MARIA BEATRIZ       ,1C,SUJETO A CORTE,579EFY ,1,F122,15LN,2026-01-01,2025-11-26,2424,117,,W0106253985,SMC,2026-01-26,LIR,32,2026-01-26 17:55:51,3732,L,9BBR3,579EFY ,0,Nor,53,UI SERV DIRECTO,53,S,MED
2026-02-01 00:00:00,773240100991,37,DW,01,D,03,377,SALCEDO VARGAS MARIA DE LA LUZ,1C,ACTIVO,3AXJ78 ,2,F623,25P2,2026-01-01,2025-07-25,4006,290,,W0106253988,SMC,2026-01-26,LIR,32,2026-01-26 17:00:17,3732,L,9BBR3,L877TU ,0,Nor,53,UI SERV DIRECTO,53,S,MED
2026-02-01 00:00:00,773240302640,08,DW,01,D,01,081,VILLANUEVA BRETON SAUL ISRAEL ,1D,ACTIVO,YP681D ,2,F623,21NU,2026-02-01,2026-02-03,8701,659,,W0106255306,S05,2026-01-27,W1B,31,2026-02-03 09:59:03,0802,M,9NCYP,YP681D ,659,Opt,  ,,,,CCC
2026-02-01 00:00:00,773240501235,37,DW,01,D,03,377,CANUL GONGORA ANGEL ALEJANDRO ,1C,ACTIVO,LAV595 ,2,F623,23NX,2024-07-01,2024-07-25,0,0,,W0106256161,SMC,2026-01-27,LIR,31,,,,,,,,,,,,MED
2026-02-01 00:00:00,773180803571,23,DW,01,D,03,235,GUEVERA GONZALEZ ROGER E      ,1C,ACTIVO,YP305X ,2,F623,21NU,2026-01-01,2026-01-16,1,0,,W0106235458,SMG,2026-01-15,LIR,43,2026-01-16 09:19:29,2351,R,9EMCB,YP305X ,0,Opt,31,SERVICIO SIN USO,,,MED
2026-02-01 00:00:00,773240601655,23,DW,01,D,03,236,CARRASCO VELAZQUEZ STEPHANIE T,1C,ACTIVO,2AYA55 ,2,F623,25P2,2026-01-01,2025-11-27,0,0,,W0106235471,SMC,2026-01-15,LIR,43,2026-01-15 09:37:01,2332,L,9NCYP,2AYA55 ,0,Nor,53,UI SERV DIRECTO,53,S,MED
2026-02-01 00:00:00,773240702397,37,DW,01,D,03,378,LOPEZ REYES FREDY JOEL        ,1C,ACTIVO,RCX926 ,2,F623,24NY,2026-01-01,2025-03-26,879,307,,W0106253482,SMC,2026-01-26,LIR,32,2026-01-26 11:12:37,3733,L,GAAGN,RCX926 ,0,Nor,53,UI SERV DIRECTO,53,S,MED
2026-02-01 00:00:00,773240703059,28,DW,01,D,03,281,POOT CHI JAZMIN MARISOL       ,1C,ACTIVO,MA099V ,2,F623,20NU,2026-02-01,2025-12-18,1927,172,,W0106253363,S05,2026-01-26,W1A,32,2026-02-18 09:51:32,2851,R,9EMCB,MA099V ,0,Nor,50,CASA CERRADA,50,S,CCC
2026-02-01 00:00:00,773240904208,38,DW,01,D,03,383,VALENCIA CEN ISIDRO ANTONIO   ,1C,ACTIVO,WNR873 ,2,F623,24P2,2026-02-01,2026-02-25,763,0,,W0106209209,SMC,2025-12-29,LIR,60,2026-02-24 19:23:56,3826,L,9BBR3,WNR873 ,0,Nor,51,NO ENCONTRE DOMI,,,MED
2026-02-01 00:00:00,773241001244,37,DW,01,D,03,374,KOH CAAMAL FRANCISCO          ,1C,ACTIVO,PKE601 ,1,F123,24NX,2026-01-01,2025-07-25,725,174,,W0106170341,SM9,2025-12-02,01D,87,2026-01-26 11:33:40,3729,L,GAKVM,PKE601 ,0,Nor,59,DISPLAY APAGADO,59,S,SSB
2026-02-01 00:00:00,773241103179,66,DW,01,D,01,661,AGENCIA DE TRANSPORTE DE YUCAT,02,ACTIVO,WTW324 ,2,F623,24P2,2026-02-01,2026-01-02,7354,384,,W0106215205,SMC,2026-01-05,LIR,53,2026-02-09 14:28:43,6651,R,9EMCB,WTW324 ,0,Nor,53,UI SERV DIRECTO,53,S,MED
2026-02-01 00:00:00,773250103971,23,DW,01,D,03,233,GONGORA POOT ALEXANDER EMANUEL,1C,ACTIVO,RBN902 ,2,F623,24NY,2026-01-01,2025-11-14,118,24,,W0106237643,SMC,2026-01-16,LIR,42,2026-01-16 10:05:42,2351,R,9EMCB,RBN902 ,0,Nor,53,UI SERV DIRECTO,53,S,MED
2026-02-01 00:00:00,773250801113,33,DW,01,D,03,337,POOL ROSALES JOSE ALBERTO     ,1C,ACTIVO,6DVL65 ,2,F623,25NY,2026-01-01,2025-11-24,0,0,,W0106248398,SMG,2026-01-22,LIR,36,2026-01-22 09:13:51,3329,L,9JRB6,6DVL65 ,7,Opt,60,MEDID NO TRABAJA,60,S,MED
2026-02-01 00:00:00,773250805712,31,DW,01,D,03,316,ROCHA ARROLLO HERMES ANDRES   ,1C,ACTIVO,NR199U ,2,F623,20NU,2026-01-01,2025-11-21,174,87,,W0106246310,SMC,2026-01-21,LIR,37,2026-01-21 09:53:39,3131,M,9BBR3,NR199U ,0,Nor,53,UI SERV DIRECTO,53,S,MED
2026-02-01 00:00:00,773251000327,29,DW,01,D,03,294,TUN CANDIDA FERNANDO EDIEL    ,1C,ACTIVO,1AVD79 ,2,F623,25P2,2026-01-01,2025-11-20,67,67,,W0106243474,SMC,2026-01-20,LIR,38,2026-01-20 17:48:34,2929,L,9BBR3,1AVD79 ,0,Nor,53,UI SERV DIRECTO,53,S,MED
2026-02-01 00:00:00,773251203210,35,DW,01,D,03,351,GAMBOA SANSORES HEITER STERLIN,1C,ACTIVO,PAX703 ,1,F123,24NX,2026-01-01,2026-01-23,0,0,,W0106237153,S05,2026-01-16,CDD,42,2026-01-23 16:59:37,3527,M,9NCYP,PAX703 ,0,Opt,31,SERVICIO SIN USO,,,CCC
2026-02-01 00:00:00,773251203481,38,DW,01,D,01,385,SEGOVIA ZAPATA MARIA ROSA     ,1D,ACTIVO,6AXN11 ,2,F623,25P2,2026-02-01,2026-02-24,4,4,,W0106220948,SMS,2026-01-07,CDC,51,2026-02-24 12:24:03,3805,M,GAAGN,6AXN11 ,4,Opt,31,SERVICIO SIN USO,,,GSC
2026-02-01 00:00:00,773260100580,35,DW,01,D,03,351,VALENCIA DE DIOS ESTEFANI GABR,1C,ACTIVO,FJW485 ,1,F123,22NX,2026-01-01,2026-01-23,11,11,,W0106229668,S05,2026-01-13,CDD,45,,,,,,,,,,,,CCC
2026-02-01 00:00:00,773260101284,40,DW,01,D,04,400,MANZANILLA SANCHEZ MARIA CONCE,1D,ACTIVO,5ANG56 ,1,F123,25NX,2026-02-01,2026-02-25,94,94,,W0106262911,SM9,2026-01-30,CDV,28,,,,,,,,,,,,SSB
2026-02-01 00:00:00,773260103147,06,DW,01,D,01,068,CHAN VALDEZ ADRIAN AZAEL      ,1D,ACTIVO,181EK1 ,2,F62J,11L2,2026-02-01,2026-01-30,0,0,,W0106262846,SMG,2026-01-30,LIR,28,2026-01-30 10:41:00,0604,M,9ND4J,181EK1 ,0,Nor,60,MEDID NO TRABAJA,60,S,MED
2026-02-01 00:00:00,773260105808,40,DW,01,D,04,400,ARGAEZ CHALE CARLA GUADALUPE  ,1D,ACTIVO,PCW372 ,1,F123,24NX,2026-02-01,2026-02-25,5,5,,W0106263144,SM9,2026-01-30,CDD,28,,,,,,,,,,,,SSB
2026-02-01 00:00:00,772990403832,29,DW,01,C,02,297,WILBERTH MUNOZ                ,1D,ACTIVO,A936KD ,2,F622,16LM,2026-01-01,2025-09-19,5039,0,,W0106245662,SMC,2026-01-21,LIR,37,2026-01-21 09:23:41,2951,R,9EMME,A936KD ,0,Nor,53,UI SERV DIRECTO,53,S,MED
2026-02-01 00:00:00,772990601197,35,DW,01,C,02,352,RITA AGUILAR OJEDA            ,1D,ACTIVO,LV077P ,2,F623,20NU,2026-01-01,2025-11-25,14002,394,,W0106253296,SM2,2026-01-26,01M,32,2026-01-23 12:34:07,3501,M,9EMME,LV077P ,0,Nor,59,DISPLAY APAGADO,59,S,GSC
2026-02-01 00:00:00,773761101284,20,DW,01,D,01,200,JOSE I LLANES MATU            ,1D,ACTIVO,065832 ,1,W101,6000,2026-02-01,2026-02-12,2035,190,,W0106227649,S05,2026-01-12,W1Z,46,2026-02-12 08:59:51,2051,R,9EMCB,065832 ,190,Nor,  ,,,,CCC
2026-02-01 00:00:00,773770500434,20,DW,01,D,01,202,DIONISIO LLANES EUAN          ,1D,ACTIVO,242U1N ,1,F122,14LN,2026-02-01,2026-02-11,41139,383,,W0106232596,S05,2026-01-14,CDX,44,2026-02-11 10:20:36,2003,M,9MCDC,242U1N ,383,Opt,  ,,,,CCC
2026-02-01 00:00:00,773831000278,17,DW,01,D,01,174,CETZ ESPADAS MARTHA LETICIA   ,1D,ACTIVO,11P2A8 ,2,F62H,09KN,2026-01-01,2025-11-11,28021,155,,W0106228197,SMG,2026-01-12,LIR,46,2026-01-12 11:14:18,1703,M,GAXWM,11P2A8 ,0,Nor,60,MEDID NO TRABAJA,60,S,MED
2026-02-01 00:00:00,773840100625,31,DW,01,D,03,317,CIAU CASTILLO OLEGARIA        ,1C,ACTIVO,70D75P ,2,F62H,10KN,2026-01-01,2026-01-21,78893,1114,,W0106171843,SM2,2025-12-03,W1D,86,2026-01-21 09:25:05,3128,M,9JRB6,70D75P ,1114,Opt,  ,,,,GSC
2026-02-01 00:00:00,773840900575,09,DW,01,D,01,091,VICTOR MANUEL MEDINA          ,1D,ACTIVO,47D0C4 ,2,F421,08KF,2026-01-01,2025-11-05,33481,294,,W0106220303,SM2,2026-01-07,SAV,51,2026-01-06 13:15:29,0902,M,GAXWM,47D0C4 ,99969,Nor,  ,,FR,S,GSC
2026-02-01 00:00:00,773050800422,23,DW,01,D,03,231,GONZALEZ MARTIN MARIA LUISA   ,1C,ACTIVO,YJ233J ,2,F623,21NU,2005-07-01,2005-07-20,22792,0,,W0106224758,S05,2026-01-09,W1D,49,,,,,,,,,,,,CCC
2026-02-01 00:00:00,773860300213,16,DW,01,D,01,161,MARTIN SANCHEZ MIGUEL ANGEL   ,1D,ACTIVO,4DVP62 ,2,F623,25NY,2025-10-01,2025-10-09,48352,400,,W0106255541,S05,2026-01-27,CDC,31,,,,,,,,,,,,CCC
2026-02-01 00:00:00,773870300041,09,DW,01,D,01,091,ROSA MA PAREDES LOPEZ         ,1D,ACTIVO,BE459U ,2,F623,19NV,1999-04-01,1999-04-28,4008,0,,W0106220262,SM2,2026-01-07,SAV,51,,,,,,,,,,,,GSC
2026-02-01 00:00:00,773870700058,22,DW,01,D,01,227,ORTIZ GONZALEZ LOURDES JANETH ,1D,ACTIVO,Y8379N ,1,F121,80EG,2026-02-01,2025-10-14,9245,434,,W0106223079,S05,2026-01-08,CDA,50,2026-02-12 10:00:26,2203,M,9MCDC,Y8379N ,0,Nor,60,MEDID NO TRABAJA,60,S,CCC
2026-02-01 00:00:00,773051100360,17,DW,01,D,01,173,RUIZ NOLASCO JUAN MANUEL      ,1D,ACTIVO,YC235B ,2,F623,21NU,2026-01-01,2025-11-11,16487,486,,W0106234561,SMG,2026-01-15,01A,43,2026-01-13 09:57:41,1751,R,9EMCB,YC235B ,85977,Nor,44,NUM MEDID DESIGU,44,S,MED
2026-02-01 00:00:00,773210303226,27,DW,01,D,03,275,CANUL CAUICH SANTA TRINIDAD   ,1C,ACTIVO,YH592X ,2,F623,21NU,2022-07-01,2022-07-19,80,10,,W0106224102,SM2,2026-01-09,MED,49,,,,,,,,,,,,GSC
2026-02-01 00:00:00,773210601685,05,DW,01,H,42,052,KEB BACAB OLIVIA DE LA LUZ    ,1B,BAJA SIN MED RET,KK203L ,1,F123,20NT,2026-01-01,2026-01-02,7657,0,,W0106213661,SMC,2026-01-03,LIR,55,,,,,,,,,,,,MED
2026-02-01 00:00:00,773901000017,07,DW,01,D,01,073,MARIA DE LA LUZ GONZALEZ      ,1D,ACTIVO,64R09N ,2,F62H,10KN,2026-01-01,2024-11-04,5608,2,,W0106262923,SM2,2026-01-30,CDX,28,2026-01-05 11:55:25,0703,M,GAKVM,64R09N ,0,Nor,59,DISPLAY APAGADO,59,S,GSC
2026-02-01 00:00:00,773901200725,09,DW,01,D,01,092,ALBERTO MORENO RUIZ           ,1D,ACTIVO,318T0J ,2,F622,14LM,2026-01-01,2026-01-06,46633,1304,,W0106244887,SM2,2026-01-21,CDW,37,,,,,,,,,,,,GSC
2026-02-01 00:00:00,773220801798,23,DW,01,D,03,233,BERMON PRIEGO MATEO           ,1C,ACTIVO,RDB591 ,2,F623,24NY,2024-09-01,2024-09-12,2484,605,,W0106235967,SMG,2026-01-15,LIR,43,,,,,,,,,,,,MED
2026-02-01 00:00:00,773910900101,09,DW,01,D,01,093,GUILLERMO HEREDIA S           ,1D,ACTIVO,UM373D ,2,F623,21NY,2026-01-01,2025-11-05,7512,356,,W0106219782,SMC,2026-01-07,LIR,51,2026-01-06 13:53:30,0904,M,9BBR3,UM373D ,0,Nor,53,UI SERV DIRECTO,53,S,MED
2026-02-01 00:00:00,773920501094,21,DW,01,D,03,211,WILBERT A MIJANGOS GONGOR     ,1C,ACTIVO,94V93V ,2,F62H,11KN,2026-01-01,2025-09-11,36069,780,,W0106232984,SMC,2026-01-14,LIR,44,2026-01-14 11:11:07,2126,M,9BBR3,94V93V ,0,Nor,53,UI SERV DIRECTO,53,S,MED
2026-02-01 00:00:00,773931200223,09,DW,01,D,01,091,CARLOS ARCE RAMIREZ           ,1D,ACTIVO,81C2F2 ,2,F621,08KG,2026-01-01,2025-11-05,89777,840,,W0106220330,SM2,2026-01-07,SAV,51,2026-01-06 10:51:56,0902,M,GAXWM,81C2F2 ,90728,Nor,  ,,FR,S,GSC
2026-02-01 00:00:00,773940300800,15,DW,01,D,01,152,MARIA E QUINTAL LOEZA         ,1D,ACTIVO,KJE949 ,2,F623,23NU,2026-01-01,2025-11-10,6529,443,,W0106168531,SMG,2025-12-01,01D,88,2026-01-12 09:10:30,1551,R,9EMCB,KJE949 ,0,Nor,56,NO HAY MEDIDOR,56,S,MED
2026-02-01 00:00:00,773940800969,14,DW,01,D,01,141,JORGE LUIS POOT KANTUN        ,1D,ACTIVO,9AUL39 ,2,F623,25P2,2026-02-01,2026-02-06,45999,318,,W0106229570,SM2,2026-01-13,W1D,45,2026-02-09 08:16:55,1451,R,9EMCB,N525JN ,0,Nor,53,UI SERV DIRECTO,53,S,GSC
2026-02-01 00:00:00,773950102348,08,DW,01,D,01,086,FERNANDO VALDES UGALDE        ,1D,CORTADO,393ED5 ,2,F62H,11KN,2026-02-01,2025-12-04,25134,0,,W0106263824,SM2,2026-01-31,CCC,27,2026-02-03 11:49:00,0804,L,9BBR3,393ED5 ,0,Nor,53,UI SERV DIRECTO,53,S,GSC
2026-02-01 00:00:00,773951200084,06,DW,01,D,01,068,AUREA MA COHUO DE D           ,1D,ACTIVO,275X0T ,2,F622,14LM,2026-02-01,2025-06-03,53842,539,,W0106262845,SMC,2026-01-30,LIR,28,2026-01-30 08:48:53,0604,M,9ND4J,275X0T ,0,Nor,53,UI SERV DIRECTO,53,S,MED
2026-02-01 00:00:00,773970300944,29,DW,01,D,03,295,MELENDEZ TREJO JUDITH JACINTA ,1C,ACTIVO,L950TP ,1,F122,18LN,2026-01-01,2026-01-20,18597,302,,W0106238668,S05,2026-01-17,CDL,41,,,,,,,,,,,,CCC
2026-02-01 00:00:00,773971000456,18,DW,01,D,01,186,NOCEDA UC ANA EUNICE          ,1D,ACTIVO,952X9H ,2,F622,14LM,2026-02-01,2026-02-10,64834,3,,W0106241223,S05,2026-01-19,CDP,39,2026-02-10 12:52:28,1804,M,9NCYP,952X9H ,3,Opt,31,SERVICIO SIN USO,,,CCC
2026-02-01 00:00:00,773980200255,19,DW,01,D,01,193,ALMA PATRICIA SOSA SOLIS      ,1D,ACTIVO,7T256L ,2,F621,06F3,2026-01-01,2025-11-12,62611,15,,W0106230329,SMG,2026-01-13,LIR,45,2026-01-13 11:51:59,1905,L,9ND4J,7T256L ,0,Nor,60,MEDID NO TRABAJA,60,S,MED
2026-02-01 00:00:00,773230500575,68,DW,01,K,45,683,JORGE ALBERTO FLORES FLORES   ,1C,ACTIVO,2DVR52 ,2,F623,25NY,2025-10-01,2025-10-10,2837,266,,W0106244539,SM2,2026-01-21,W1D,37,,,,,,,,,,,,GSC
2026-02-01 00:00:00,773981203371,29,DW,01,D,03,290,SANTOS C DZUL CHAN            ,1C,ACTIVO,8HW485 ,2,F421,98GH,2026-01-01,2025-11-20,62569,178,,W0106246093,SMG,2026-01-21,01D,37,2026-01-20 09:49:40,2926,M,GAXWM,8HW485 ,99989,Nor,  ,,FR,S,MED
2026-02-01 00:00:00,773990201250,13,DW,01,D,01,132,ISAIAS ELI PECH MUNOZ         ,1D,ACTIVO,186DF7 ,1,F12H,11KU,2026-01-01,2026-01-08,26239,258,,W0106250654,S05,2026-01-23,CDU,35,,,,,,,,,,,,CCC
2026-02-01 00:00:00,773230603498,25,DW,01,D,03,251,DURAN PARRA ROMAN ALFREDO     ,1C,ACTIVO,5DVT74 ,2,F623,25NY,2025-07-01,2025-07-17,14761,435,,W0106237730,SMC,2026-01-16,LIR,42,,,,,,,,,,,,MED
2026-02-01 00:00:00,774000555881,36,DW,01,E,02,363,DELGADO BARRIOS ENRIQUE       ,1D,ACTIVO,05U3J1 ,2,F62H,09KN,2000-04-01,2000-01-25,1,0,,W0106206797,SMG,2025-12-27,LIR,62,,,,,,,,,,,,MED
2026-02-01 00:00:00,774000858043,04,DW,01,E,02,042,MA  ELENA CAMACHO ROVIRA      ,1D,ACTIVO,413GJ8 ,2,F622,12LJ,2026-02-01,2025-09-30,11853,104,,W0106262212,SM2,2026-01-30,01B,28,2026-01-29 13:36:15,0406,L,9ND9A,413GJ8 ,0,Nor,59,DISPLAY APAGADO,59,S,GSC
2026-02-01 00:00:00,774010101943,29,DW,01,E,02,291,MOO DZIB GLORIA MARIA DEL S   ,1D,ACTIVO,40V78W ,2,F62H,11KN,2026-01-01,2026-01-20,53120,459,,W0106243014,SMG,2026-01-20,LIR,38,,,,,,,,,,,,MED
2026-02-01 00:00:00,774010402102,28,DW,01,E,02,281,FERRAEZ GIL FERNANDO          ,1D,ACTIVO,769GJ6 ,2,F622,12LJ,2026-02-01,2026-02-17,38556,588,,W0106198586,SMG,2025-12-19,LIR,70,2026-02-17 09:50:36,2802,M,9MCBH,769GJ6 ,588,Opt,  ,,,,MED
2026-02-01 00:00:00,774010800795,06,DW,01,E,02,066,ARGAEZ DE PAVON MARGARITA     ,1D,ACTIVO,Y875MV ,2,F623,19NU,2001-06-01,2001-08-03,0,0,,W0106262304,SMC,2026-01-30,LIR,28,,,,,,,,,,,,MED
2026-02-01 00:00:00,773240503343,13,DW,01,J,04,132,DE LA CRUZ MAZARIEGOS JULIO AN,1C,ACTIVO,XMM669 ,1,F123,24NX,2026-01-01,2026-01-19,0,0,,W0106224316,SMC,2026-01-09,LIR,49,2026-01-08 12:30:31,1326,L,9BBN1,MKV010 ,0,Nor,53,UI SERV DIRECTO,53,S,MED
2026-02-01 00:00:00,774020304150,13,DW,01,E,02,132,PUERTO GODOY PEDRO ALFONSO    ,1D,ACTIVO,69E29M ,2,F62H,10KN,2007-01-01,2007-01-08,5330,0,,W0106224514,SM2,2026-01-09,MED,49,,,,,,,,,,,,GSC
2026-02-01 00:00:00,774020402691,29,DW,01,E,02,291,PACHECO MANCILLA ADIREM       ,1D,ACTIVO,25U0J9 ,2,F62H,09KN,2010-03-01,2050-01-01,0,0,,W0106243012,SMG,2026-01-20,LIR,38,,,,,,,,,,,,MED
2026-02-01 00:00:00,773750400077,07,DW,01,D,01,073,JOSE G MAY G                  ,1D,ACTIVO,Y985MH ,2,F623,19NU,1999-04-01,1999-04-28,7591,0,,W0106216290,SM2,2026-01-05,W1D,53,,,,,,,,,,,,GSC
2026-02-01 00:00:00,773181103336,29,DW,01,D,03,291,CAN PECH EUSTAQUIO            ,1C,ACTIVO,P818PT ,1,F123,18NM,2026-01-01,2026-01-20,14314,261,,W0106245708,SMC,2026-01-21,01D,37,2026-01-20 12:32:45,2927,L,9JRB6,P818PT ,25906,Nor,44,NUM MEDID DESIGU,44,S,MED
2026-02-01 00:00:00,774030501352,23,DW,01,E,02,235,CASTELLANOS ROSADO MARIO JOSE ,1D,ACTIVO,779VG2 ,2,F622,12LJ,2026-01-01,2026-01-16,72212,816,,W0106235894,SMG,2026-01-15,LIR,43,,,,,,,,,,,,MED
2026-02-01 00:00:00,774031100637,18,DW,01,E,02,183,XEQUE CARRILLO CARLOS MARTIN  ,1D,ACTIVO,7U654P ,2,F421,06GH,2026-02-01,2026-02-10,35439,332,,W0106250127,SM2,2026-01-23,CDD,35,2026-02-10 11:56:53,1802,M,9JR09,7U654P ,332,Nor,  ,,,,GSC
2026-02-01 00:00:00,774050400064,23,DW,01,E,02,232,EDIF CASTRO Y ASOC SA DE CV   ,02,ACTIVO,77E95E ,2,F62H,10KN,2026-01-01,2025-09-12,92273,355,,W0106168228,S05,2025-12-01,CDK,88,2026-01-15 11:18:39,2308,L,GA6XN,77E95E ,0,Nor,59,DISPLAY APAGADO,59,S,CCC
2026-02-01 00:00:00,773190500038,08,DW,01,J,04,081,CHIN GARRIDO ANGEL ANTONIO    ,1C,ACTIVO,F272CN ,1,F122,17LN,2026-02-01,2026-02-03,12597,273,,W0106175108,SMC,2025-12-04,LIR,85,2026-02-03 10:22:20,0826,L,R9950,F272CN ,273,Opt,  ,,,,MED
2026-02-01 00:00:00,773190601331,25,DW,01,D,03,250,RODRIGUEZ PEREZ LEYDI MARIA   ,1C,ACTIVO,X833TJ ,2,F623,19NU,2026-01-01,2025-11-19,13723,384,,W0106238167,SMC,2026-01-16,LIR,42,2026-01-16 18:33:15,2526,M,9BBR3,X833TJ ,0,Nor,53,UI SERV DIRECTO,53,S,MED
2026-02-01 00:00:00,773191003330,37,DW,01,D,03,376,CAAMAL CETINA JUNIOR EDUARDO  ,1C,ACTIVO,2DAT77 ,1,F123,25NX,2022-03-01,2022-03-25,476,0,,W0106225690,SM9,2026-01-09,CDG,49,,,,,,,,,,,,SSB
2026-02-01 00:00:00,773900501144,23,DW,01,D,03,235,MA CRISTINA MONTOYA           ,1C,ACTIVO,BE645J ,2,F623,19NV,2020-07-01,2020-07-16,6129,0,,W0106237866,SMG,2026-01-16,01D,42,,,,,,,,,,,,MED
2026-02-01 00:00:00,774070801855,24,DW,01,E,02,243,MEJIA RUIZ LETICIA            ,1D,ACTIVO,JBR339 ,2,F623,23NU,2026-02-01,2025-12-16,11796,654,,W0106219044,SM2,2026-01-06,CDL,52,2026-02-13 09:13:16,2402,L,9JR11,JBR339 ,0,Nor,53,UI SERV DIRECTO,53,S,GSC
2026-02-01 00:00:00,774070801952,15,DW,01,E,02,152,CALDERON CORTAZAR CARLA A     ,1D,ACTIVO,J212DV ,2,F622,17LM,2026-01-01,2025-05-12,28099,707,,W0106227800,SM2,2026-01-12,MED,46,2026-01-09 12:16:22,1503,L,9NCYE,J212DV ,0,Nor,59,DISPLAY APAGADO,59,S,GSC
2026-02-01 00:00:00,774081003497,06,DW,01,E,02,062,VENTAS ESFUERZO SA DE CV      ,02,ACTIVO,29C1K1 ,2,F621,08KG,2026-02-01,2025-10-02,26246,403,,W0106173882,SMG,2025-12-04,LIR,85,2026-01-30 10:32:33,0606,L,9NCYE,29C1K1 ,0,Nor,60,MEDID NO TRABAJA,60,S,MED
2026-02-01 00:00:00,773910802371,04,DW,01,D,01,042,ABRAHAM KAN ESTRADA           ,1D,ACTIVO,WNT346 ,2,F623,24P2,2024-12-01,2024-12-02,23095,441,,W0106245295,S05,2026-01-21,CDC,37,,,,,,,,,,,,CCC
2026-02-01 00:00:00,774090602620,06,DW,01,E,02,062,VALDEZ CARRILLO BRAULIO       ,1D,ACTIVO,G611MF ,2,F622,17LM,2010-02-01,2050-01-01,0,0,,W0106262750,SMC,2026-01-30,LIR,28,,,,,,,,,,,,MED
2026-02-01 00:00:00,773980504076,19,DW,01,D,01,195,PEDRO P BELMONT ESCAMILLA     ,1D,ACTIVO,J074PT ,2,F622,17LM,2026-01-01,2025-11-12,31962,479,,W0106232197,SMC,2026-01-14,LIR,44,2026-01-14 09:40:11,1951,R,9EMCB,J074PT ,0,Nor,53,UI SERV DIRECTO,53,S,MED
2026-02-01 00:00:00,774100700765,12,DW,01,E,02,121,CAAMAL BURGOS LUIS JORGE      ,02,ACTIVO,61P3B6 ,3,FD2H,09KV,2026-02-01,2025-12-08,21383,0,,W0106176772,SMG,2025-12-05,MED,84,2026-02-05 09:21:30,1202,L,9JR27,61P3B6 ,0,Nor,60,MEDID NO TRABAJA,60,S,MED
2026-02-01 00:00:00,774101101598,84,DW,01,D,01,048,GRUPO ELEKTRA SAB DE CV       ,02,ACTIVO,111VL5 ,2,K62R,12KE,2022-05-01,2022-05-01,17381,0,,W0106191670,SM2,2025-12-16,CDP,73,,,,,,,,,,,,GSC
2026-02-01 00:00:00,774110101908,14,DW,01,E,02,141,GARCIA LOPEZ WILBERT ANGEL    ,1D,ACTIVO,6CFN62 ,2,F623,25P3,2026-02-01,2026-02-06,13938,1002,,W0106183020,SMG,2025-12-10,01E,79,2026-02-06 08:08:35,1401,L,9JR11,6CFN62 ,493,Opt,  ,,,,MED
2026-02-01 00:00:00,774110102734,36,DW,01,E,02,363,MEDINA PAVON ALLEN            ,1D,ACTIVO,6BCC41 ,2,F623,25P2,2025-10-01,2025-10-23,21769,944,,W0106206798,SMC,2025-12-27,LIR,62,2025-10-23 13:00:10,3602,M,GA00N,6BCC41 ,0,Nor,53,UI SERV DIRECTO,53,S,MED
2026-02-01 00:00:00,774120101272,11,DW,01,E,02,115,VARGAS MONZON LUIS ALFONSO    ,1D,ACTIVO,812EB7 ,2,F62H,11KN,2026-01-01,2025-09-04,59541,929,,W0106222040,SM2,2026-01-08,MED,50,2026-01-07 10:38:29,1103,M,GAKJM,812EB7 ,0,Nor,59,DISPLAY APAGADO,59,S,GSC
2026-02-01 00:00:00,774120500452,15,DW,01,E,02,153,GAMBOA PAREDES YAZMIN DEL R   ,1D,ACTIVO,82E27E ,2,F62H,10KN,2026-01-01,2025-05-12,34358,553,,W0106227809,SM2,2026-01-12,MED,46,2026-01-09 09:05:46,1506,L,GA83N,82E27E ,0,Nor,59,DISPLAY APAGADO,59,S,GSC
2026-02-01 00:00:00,774120702471,16,DW,01,E,02,161,CASTRO NOH LIGIA DE J         ,1D,ACTIVO,993DMB ,2,F622,15LM,2012-10-01,2012-10-11,11062,0,,W0106184716,SMG,2025-12-11,01E,78,,,,,,,,,,,,MED
2026-02-01 00:00:00,774130102200,15,DW,01,D,01,152,ALPUCHE GUEMEZ MARIA ELENA    ,1D,ACTIVO,JGF973 ,2,F623,23NU,2026-01-01,2026-01-12,6428,476,,W0106168510,SM2,2025-12-01,01D,88,2026-01-12 09:00:37,1551,R,9EMCB,JGF973 ,476,Nor,44,NUM MEDID DESIGU,44,S,GSC
2026-02-01 00:00:00,774000258470,23,DW,01,E,02,236,AQUAPLAS MEXICO               ,02,ACTIVO,7F0B21 ,3,FD21,01F4,2026-01-01,2025-09-12,45646,1853,,W0106235611,SMG,2026-01-15,LIR,43,2026-01-15 10:09:29,2301,M,9JR27,7F0B21 ,0,Nor,61,MANECILLAS DESCA,61,S,MED
2026-02-01 00:00:00,774140502605,33,DW,01,E,02,332,AYUSO PERAZA NIDIA ESTHER     ,1D,CORTADO,JBN365 ,2,F623,23NU,2026-01-01,2025-11-24,8465,1026,,W0106248284,SMC,2026-01-22,LIR,36,2026-01-22 09:29:33,3303,M,R9933,JBN365 ,0,Nor,53,UI SERV DIRECTO,53,S,MED
2026-02-01 00:00:00,774140700610,03,DW,01,E,02,034,VELAZCO RUIZ MIGUEL ANGEL     ,1D,ACTIVO,55B1V4 ,2,F621,08KG,2026-01-01,2025-10-30,49948,557,,W0106211276,SMG,2025-12-30,LIR,59,2026-01-02 11:13:16,0351,R,9JR11,55B1V4 ,527,Nor,  ,,,,MED
2026-02-01 00:00:00,774141101221,33,DW,01,E,02,332,RICALDE JURE MIGUEL ANGEL     ,02,ACTIVO,MA020X ,2,F623,20NU,2026-01-01,2025-01-22,10340,54,,W0106250347,SMG,2026-01-23,LIR,35,2026-01-23 10:38:39,3352,R,9ND5H,MA020X ,0,Nor,60,MEDID NO TRABAJA,60,S,MED
2026-02-01 00:00:00,774150302141,32,DW,01,J,38,321,CICLER VADILLO JORGE ABRAHAM  ,1D,ACTIVO,5DVK82 ,2,F623,25NY,2026-02-01,2026-02-19,1,1,,W0106203963,SMG,2025-12-23,01G,66,2026-02-19 19:10:41,3231,L,GAAFN,5DVK82 ,1,Opt,31,SERVICIO SIN USO,,,MED
2026-02-01 00:00:00,774150501925,33,DW,01,E,02,332,CORTES TORAYA GABRIELA        ,1D,ACTIVO,DKA857 ,2,F623,22NU,2026-01-01,2025-11-24,58,0,,W0106249902,SM2,2026-01-23,01B,35,2026-01-22 11:40:57,3303,M,R9933,DKA857 ,0,Nor,59,DISPLAY APAGADO,59,S,GSC
2026-02-01 00:00:00,774150601741,24,DW,01,E,02,241,PECH COB PEDRO FRANCISCO      ,1D,ACTIVO,689V6G ,1,F122,14LN,2026-02-01,2026-02-13,14359,242,,W0106218748,SMW,2026-01-06,CDP,52,2026-02-13 09:25:07,2405,L,9NCYE,689V6G ,242,Opt,  ,,,,GSC
2026-02-01 00:00:00,774150801899,29,DW,01,E,02,292,CEBALLOS CACHON HERBERT E     ,1D,ACTIVO,076EBT ,2,F622,15LM,2026-01-01,2026-01-20,50048,558,,W0106180329,SMC,2025-12-09,CDD,80,2026-01-20 09:16:07,2903,L,G92B0,076EBT ,558,Opt,  ,,,,MED
2026-02-01 00:00:00,774151002396,15,DW,01,E,02,153,TRUJILLO ROURA NANCY YINETT   ,1D,ACTIVO,J957PM ,2,F622,17LM,2026-01-01,2025-11-10,17894,88,,W0106230153,SM2,2026-01-13,01B,45,2026-01-09 11:43:13,1506,L,GA83N,J957PM ,99500,Nor,  ,,FR,S,GSC
2026-02-01 00:00:00,774160401066,25,DW,01,E,02,252,CANUL MANZANILLA JOCABET EUNIC,1D,ACTIVO,0ATP66 ,2,F623,25P2,2026-01-01,2025-11-18,27466,358,,W0106248043,SM2,2026-01-22,CDV,36,2026-01-16 11:46:54,2505,L,GA83N,207JJK ,0,Nor,53,UI SERV DIRECTO,53,S,GSC
2026-02-01 00:00:00,773750700798,18,DW,01,D,01,183,RICARDO POOT M                ,1D,ACTIVO,G2509C ,1,W111,74C0,2026-02-01,2026-02-11,8010,134,,W0106215503,S05,2026-01-05,W1A,53,2026-02-11 09:12:22,1851,R,9EMCB,G2509C ,134,Nor,  ,,,,CCC
2026-02-01 00:00:00,773850801311,23,DW,01,D,03,232,BOLIO CAMARA NIDIA NICTE HA   ,1C,ACTIVO,82N46R ,2,F62H,10KN,2026-01-01,2026-01-15,35116,179,,W0106208419,S05,2025-12-29,CDW,60,2026-01-15 08:55:51,2328,L,9EMED,82N46R ,179,Opt,  ,,,,CCC
2026-02-01 00:00:00,774190100397,24,DW,01,E,37,242,DIAZ VILLEGAS MARIA ASUNCION  ,1D,ACTIVO,324FMT ,2,F622,15LM,2026-02-01,2025-06-16,14413,266,,W0106193546,SMC,2025-12-17,LIR,72,2026-02-13 09:18:03,2404,L,9MCG8,324FMT ,0,Nor,53,UI SERV DIRECTO,53,S,MED
2026-02-01 00:00:00,774191001970,05,DW,01,H,42,051,FLORES SONDA SHEILA YOLANDA   ,1B,BAJA SIN MED RET,BM066P ,1,F123,19NM,2026-01-01,2026-01-06,2630,0,,W0106218827,SMC,2026-01-06,LIR,52,,,,,,,,,,,,MED
2026-02-01 00:00:00,774200703176,08,DW,01,E,37,082,NARVAEZ CAMPOS ALEJANDRA      ,02,ACTIVO,NR059P ,2,F623,20NU,2026-02-01,2025-12-04,15197,3095,,W0106176412,SMG,2025-12-05,01E,84,2026-02-03 11:41:35,0802,L,9MCG8,NR059P ,0,Nor,51,NO ENCONTRE DOMI,,,MED
2026-02-01 00:00:00,774200800473,28,DW,01,E,37,283,CASANOVA CIAU LUIS ALBERTO    ,1D,ACTIVO,BE438P ,2,F623,19NV,2026-02-01,2025-10-17,14413,276,,W0106199035,SM2,2025-12-19,01E,70,2026-02-17 08:54:20,2803,M,9MCG8,BE438P ,78359,Opt,  ,,,,GSC
2026-02-01 00:00:00,774200801852,28,DW,01,E,37,283,FLORES MARTIN JESSICA JANET   ,1D,ACTIVO,BE474M ,2,F623,19NV,2026-02-01,2026-02-17,14950,79,,W0106199311,SM2,2025-12-19,01E,70,2026-02-17 12:36:42,2803,M,9MCG8,BE474M ,79,Opt,  ,,,,GSC
2026-02-01 00:00:00,773880600035,09,DW,01,D,01,091,GLORIA DE R AVILA P           ,1D,ACTIVO,347G2N ,2,F622,13LM,2026-01-01,2025-11-05,27996,281,,W0106219779,SMG,2026-01-07,LIR,51,2026-01-06 11:15:29,0902,M,GAXWM,347G2N ,0,Nor,60,MEDID NO TRABAJA,60,S,MED
2026-02-01 00:00:00,773890900452,09,DW,01,D,01,091,REYMUNDO NOH CHABLE           ,1D,SUJETO A CORTE,RBC180 ,2,F623,24NY,2026-01-01,2025-11-05,20345,424,,W0106219780,SMC,2026-01-07,LIR,51,2026-01-06 09:03:21,0902,M,GAXWM,Y332BY ,0,Nor,53,UI SERV DIRECTO,53,S,MED
2026-02-01 00:00:00,774201102907,22,DW,01,E,02,223,PACHECO MEDINA ANA ROSA       ,1D,ACTIVO,NT305N ,2,F623,20NU,2026-02-01,2025-10-14,172,6,,W0106191839,SM2,2025-12-16,SAV,73,2026-02-12 12:27:41,2204,M,9NCYE,NT305N ,0,Nor,56,NO HAY MEDIDOR,56,S,GSC
2026-02-01 00:00:00,774090403406,13,DW,01,E,02,132,EROSA MONSREAL OSCAR          ,1D,ACTIVO,N850DC ,2,F622,18LM,2026-01-01,2025-07-09,35699,555,,W0106224496,SM2,2026-01-09,MED,49,2026-01-08 13:17:17,1304,M,9JRCB,N850DC ,0,Nor,59,DISPLAY APAGADO,59,S,GSC
2026-02-01 00:00:00,774210400422,11,DW,01,E,02,115,CASTRO PASOS MANUEL JESUS     ,1D,ACTIVO,NT579D ,2,F623,20NU,2026-01-01,2025-05-07,400,826,,W0106222436,SM2,2026-01-08,01B,50,2026-01-07 10:48:25,1103,M,GAKJM,NT579D ,99908,Opt,  ,,,,GSC
2026-02-01 00:00:00,774210800650,33,DW,01,E,02,338,ENCALADA QUIJANO OFELIA MARGAR,1D,ACTIVO,MB275F ,2,F623,20NU,2026-01-01,2026-01-22,316,2,,W0106218236,SMC,2026-01-06,CDL,52,,,,,,,,,,,,MED
2026-02-01 00:00:00,774131203026,29,DW,01,E,02,291,CHI PEREZ MARTIN LEONEL       ,1D,ACTIVO,512JV0 ,2,F622,12LJ,2026-01-01,2025-11-20,41972,330,,W0106243015,SMG,2026-01-20,LIR,38,2026-01-20 16:20:56,2951,N,9JRB9,512JV0 ,0,Nor,60,MEDID NO TRABAJA,60,S,MED
2026-02-01 00:00:00,774220402130,02,DW,01,E,37,029,SANTOS GAMBOA NINIVE TRINIDAD ,1D,ACTIVO,KKM223 ,2,F623,23NU,2022-06-01,2022-05-30,13893,0,,W0106260418,SMW,2026-01-29,W12,29,,,,,,,,,,,,GSC
2026-02-01 00:00:00,774220801379,09,DW,01,E,37,092,CETINA MANJARREZ DANIEL ALFONS,1D,ACTIVO,649JJX ,2,F622,15LM,2022-11-01,2022-11-04,274,0,,W0106219890,SM2,2026-01-07,MED,51,,,,,,,,,,,,GSC
2026-02-01 00:00:00,774010902814,33,DW,01,E,02,334,RODRIGUEZ BORGES MARIO ALBERTO,1D,ACTIVO,Y506CB ,2,F623,19NU,2026-01-01,2025-03-24,5299,303,,W0106249916,SM2,2026-01-23,01B,35,2026-01-22 08:56:45,3304,L,GA6XN,Y506CB ,0,Nor,59,DISPLAY APAGADO,59,S,GSC
2026-02-01 00:00:00,774221001538,02,DW,01,E,02,023,MANOLES JIMENEZ YULIANA       ,1D,ACTIVO,2AYB22 ,2,F623,25P2,2026-02-01,2025-07-30,7968,0,,W0106228367,SM2,2026-01-12,CDD,46,2026-01-28 09:08:34,0202,L,9JRB9,RDR262 ,0,Nor,56,NO HAY MEDIDOR,56,S,GSC
2026-02-01 00:00:00,774230402901,13,DW,01,E,02,132,ROMERO CAMPOS MARIBEL         ,1D,ACTIVO,UW717K ,2,F623,21NY,2026-01-01,2025-11-07,3612,30,,W0106224915,SM2,2026-01-09,01B,49,2026-01-08 16:33:12,1304,M,9JRCB,UW717K ,98299,Nor,  ,,FR,S,GSC
2026-02-01 00:00:00,774230501179,13,DW,01,E,37,111,GARCIA CAMARA GUADALUPE ISABEL,1D,ACTIVO,UK142V ,2,F623,21NY,2026-01-01,2026-01-08,17916,552,,W0106177576,SM2,2025-12-06,CDF,83,2026-01-08 11:19:16,1306,M,R9933,UK142V ,552,Opt,  ,,,,GSC
2026-02-01 00:00:00,774230700643,30,DW,01,J,38,308,GURROLA PINEDA JUAN DAMIAN    ,1D,ACTIVO,6AUF47 ,2,F623,25P2,2026-02-01,2026-02-18,101,101,,W0106201280,SMC,2025-12-22,LIR,67,,,,,,,,,,,,MED
2026-02-01 00:00:00,774230701569,33,DW,01,E,02,338,BURGOS SANCHEZ CYNTHIA AMARU  ,1D,ACTIVO,UL269T ,2,F623,21NY,2026-01-01,2025-11-24,143,0,,W0106248887,SMC,2026-01-22,LIR,36,2026-01-22 15:44:14,3302,M,GA0MN,UL269T ,0,Nor,53,UI SERV DIRECTO,53,S,MED
2026-02-01 00:00:00,774021201559,07,DW,01,E,02,072,IRMA CAMPOS RAYGOZA           ,1D,CORTADO,937EB7 ,2,F62H,11KN,2026-01-01,2026-01-05,41468,363,,W0106243139,SMC,2026-01-20,CDF,38,,,,,,,,,,,,MED
2026-02-01 00:00:00,774021202440,07,DW,01,E,02,072,VICTOR CALDERON SOTO          ,1D,ACTIVO,652TLM ,2,F622,16LM,2026-01-01,2025-11-04,82373,1589,,W0106172520,SM2,2025-12-03,CDD,86,2026-01-05 08:43:09,0702,L,GA00N,652TLM ,0,Nor,59,DISPLAY APAGADO,59,S,GSC
2026-02-01 00:00:00,774050403985,22,DW,01,E,02,223,MANZANILLA AYALA HEYDER O     ,1D,ACTIVO,09NF35 ,2,F421,07GH,2026-02-01,2026-02-12,61650,968,,W0106168906,SM2,2025-12-01,CDV,88,2026-02-12 10:59:42,2204,M,9NCYE,09NF35 ,968,Nor,41,CRISTAL ROTO,41,S,GSC
2026-02-01 00:00:00,774240200380,30,DW,01,J,38,308,REYES MORALES MARCELA CECILIA ,1D,ACTIVO,JCK034 ,2,F623,23NU,2026-02-01,2025-10-20,1252,14,,W0106201281,SMC,2025-12-22,LIR,67,,,,,,,,,,,,MED
2026-02-01 00:00:00,774240401067,33,DW,01,E,02,332,REYES GONZALEZ ANGEL ALFONSO  ,1D,ACTIVO,JFK964 ,2,F623,23NU,2026-01-01,2026-01-22,8189,602,,W0106263139,SMS,2026-01-30,CDL,28,,,,,,,,,,,,GSC
2026-02-01 00:00:00,774240501711,40,DW,01,E,02,402,ZAPATA CARVAJAL ILEANA MERCEDE,1D,ACTIVO,RDM534 ,2,F623,24NY,2026-02-01,2026-02-26,2681,0,,W0106190136,SM2,2025-12-15,01B,74,,,,,,,,,,,,GSC
2026-02-01 00:00:00,774181100856,05,DW,01,E,37,056,FRANCO CUEVAS RAUL RAMON      ,1D,ACTIVO,018F5Y ,2,F622,13LM,2026-01-01,2025-10-01,22725,520,,W0106215354,SMG,2026-01-05,LIR,53,2026-01-05 09:48:55,0551,N,9NCYE,018F5Y ,617,Opt,  ,,,,MED
2026-02-01 00:00:00,774241202319,30,DW,01,J,38,308,COMBALUZIER GARCIA MICHELLE   ,1D,ACTIVO,RFT483 ,2,F623,24NY,2026-02-01,2025-10-20,5070,679,,W0106201278,SMC,2025-12-22,LIR,67,,,,,,,,,,,,MED
2026-02-01 00:00:00,774250100146,05,DW,01,E,37,053,ALCOCER CARRILLO JOSE MANUEL  ,1D,ACTIVO,RFR751 ,2,F623,24NY,2026-01-01,2025-10-01,2022,315,,W0106217715,SMC,2026-01-06,LIR,52,2026-01-05 10:22:26,0551,N,9NCYE,RFR751 ,0,Nor,53,UI SERV DIRECTO,53,S,MED
2026-02-01 00:00:00,774250400611,67,DW,01,E,02,671,COMERCIALIZADORA AURUM 79     ,02,ACTIVO,RBD418 ,2,F623,24NY,2026-02-01,2026-02-09,7995,399,,W0106184221,SMC,2025-12-11,LIR,78,2026-02-09 15:40:36,6701,L,9JR09,RBD418 ,399,Opt,  ,,,,MED
2026-02-01 00:00:00,774250603342,11,DW,01,E,37,112,PEREZ SAENZ EFRAIN ASAEL      ,1D,ACTIVO,8AAH54 ,2,F623,25NY,2026-01-01,2026-01-07,539,451,,W0106168373,SMG,2025-12-01,01E,88,2026-01-07 17:26:10,1101,M,GAAJN,8AAH54 ,451,Opt,  ,,,,MED
2026-02-01 00:00:00,774250704092,11,DW,01,E,37,115,ECHEVERRIA CAB JOAN EDECIO    ,1D,ACTIVO,JAN266 ,2,F623,23NU,2026-01-01,2025-11-06,5740,2870,,W0106168431,SMG,2025-12-01,01E,88,2026-01-08 12:06:20,1151,N,9NCYE,JAN266 ,0,Nor,51,NO ENCONTRE DOMI,,,MED
2026-02-01 00:00:00,774250802957,15,DW,01,E,02,156,ORTHIN REF ESPECIALIZADA SA CV,02,ACTIVO,PT338Y ,3,KL28,21KE,2026-01-01,2026-01-09,14691,11130,,W0106230500,SMG,2026-01-13,01A,45,,,,,,,,,,,,MED
2026-02-01 00:00:00,774251101766,32,DW,01,E,37,321,PINEDA ALTAMIRANO MARCOS      ,1D,ACTIVO,NM521G ,2,F623,20NU,2026-02-01,2026-02-19,3895,513,,W0106240571,S05,2026-01-19,CDD,39,2026-02-19 11:08:06,3204,M,9MCG8,NM521G ,513,Opt,  ,,,,CCC
2026-02-01 00:00:00,774790904520,04,DW,01,E,02,042,JOSE CARDENAS CANTO           ,02,SUJETO A CORTE,663JHV ,2,F622,15LM,2026-02-01,2025-12-02,39121,647,,W0106261304,SMG,2026-01-29,LIR,29,2026-01-29 10:53:29,0406,L,9ND9A,663JHV ,0,Nor,60,MEDID NO TRABAJA,60,S,MED
2026-02-01 00:00:00,774790904678,04,DW,01,E,02,042,CARVAJAL TREJO JUAN BAUTISTA J,1D,ACTIVO,93E71D ,2,F62H,10KN,2012-02-01,2012-02-01,7085,0,,W0106261307,SMG,2026-01-29,LIR,29,,,,,,,,,,,,MED
2026-02-01 00:00:00,774800900439,06,DW,01,E,02,061,JESUS SORIANO RAMIREZ         ,1D,ACTIVO,05M4H7 ,2,F62H,09KN,2026-02-01,2025-12-03,83812,526,,W0106255684,SM2,2026-01-27,CDD,31,2026-01-30 09:48:23,0602,L,9JR09,05M4H7 ,0,Nor,53,UI SERV DIRECTO,53,S,GSC
2026-02-01 00:00:00,774811200064,07,DW,01,E,02,072,ESPERANZA POLANCO             ,02,SUJETO A CORTE,MU035E ,3,KL28,20KE,2024-01-01,2024-01-04,42669,34,,W0106218944,SMG,2026-01-06,LIR,52,,,,,,,,,,,,MED
2026-02-01 00:00:00,774820300721,25,DW,01,E,02,253,BATUN BATUN MARIA EVANGELINA  ,1D,ACTIVO,8481XM ,1,C111,718V,2026-01-01,2026-01-16,9961,64,,W0106215495,S05,2026-01-05,W1B,53,2026-01-16 11:03:01,2504,L,GA6XN,8481XM ,39,Nor,  ,,,,CCC
2026-02-01 00:00:00,774820900401,33,DW,01,E,02,334,NELY IRIGOYEN INTERIAN        ,1D,ACTIVO,G236MF ,2,F622,17LM,2026-01-01,2025-03-24,32273,573,,W0106249936,SM2,2026-01-23,01B,35,2026-01-22 11:33:52,3304,L,GA6XN,G236MF ,0,Nor,59,DISPLAY APAGADO,59,S,GSC
2026-02-01 00:00:00,774840500204,07,DW,01,E,02,073,ING ANGEL SANCHEZ NEGROE      ,1D,ACTIVO,059JW1 ,2,F622,12LJ,2026-01-01,2026-01-05,60496,669,,W0106216370,SM2,2026-01-05,CDU,53,,,,,,,,,,,,GSC
2026-02-01 00:00:00,774851200601,04,DW,01,E,02,046,JOSE LUIS RAVELL PECH         ,1D,ACTIVO,5M6Y76 ,2,F421,01GH,2026-02-01,2025-12-02,43274,0,,W0106262119,SMG,2026-01-30,CCC,28,2026-01-29 08:16:58,0402,L,9JR11,5M6Y76 ,99987,Nor,  ,,FR,S,MED
2026-02-01 00:00:00,774861201525,13,DW,01,E,02,134,CLAUDIA DEL S ZAVALETA P      ,1D,ACTIVO,757EC8 ,2,F62H,11KN,2026-01-01,2025-11-07,27700,167,,W0106224182,SMG,2026-01-09,LIR,49,2026-01-09 19:03:33,1351,N,GAAJN,757EC8 ,0,Nor,60,MEDID NO TRABAJA,60,S,MED
2026-02-01 00:00:00,774861201592,11,DW,01,E,02,115,DAVID SANCHEZ HERNANDEZ       ,1D,ACTIVO,87D20P ,2,F62H,10KN,2026-01-01,2026-01-07,49513,456,,W0106204065,SM2,2025-12-23,CDK,66,2026-01-07 11:40:47,1103,M,GAKJM,87D20P ,456,Opt,  ,,,,GSC
2026-02-01 00:00:00,774870700593,04,DW,01,E,02,042,ELISEO HEREDIA B              ,1D,ACTIVO,960JJE ,2,F622,15LM,2026-02-01,2026-01-29,35309,162,,W0106171812,SMG,2025-12-03,LIR,86,2026-01-29 15:38:11,0406,L,GAXVM,960JJE ,162,Opt,  ,,,,MED
2026-02-01 00:00:00,774870900487,04,DW,01,E,02,042,JERONIMO VAZQUEZ MARTINEZ     ,02,ACTIVO,A7A587 ,2,F121,87EG,2026-02-01,2025-12-02,4728,0,,W0106261308,SMG,2026-01-29,LIR,29,2026-01-29 09:16:00,0406,L,9ND9A,A7A587 ,0,Nor,60,MEDID NO TRABAJA,60,S,MED
2026-02-01 00:00:00,774060402324,15,DW,01,E,02,152,PEREZ HERNANDEZ DAVID DE LA P ,1D,ACTIVO,080WYF ,2,F622,16LM,2011-01-01,2011-01-13,8805,0,,W0106240536,SM2,2026-01-19,W1E,39,,,,,,,,,,,,GSC
2026-02-01 00:00:00,774070101373,31,DW,01,E,02,312,SOLIS PEREZ FERNANDO          ,1D,ACTIVO,10V66W ,2,F62H,11KN,2026-01-01,2026-01-22,84362,1114,,W0106245614,SMG,2026-01-21,LIR,37,,,,,,,,,,,,MED
2026-02-01 00:00:00,774920702240,29,DW,01,E,02,291,DELFA TORRES S                ,1D,ACTIVO,01T34D ,2,F62H,10KN,2026-01-01,2026-01-20,26245,14,,W0106243011,SMG,2026-01-20,LIR,38,,,,,,,,,,,,MED
2026-02-01 00:00:00,774070400150,40,DW,01,E,02,403,VILLANUEVA CATZIN MARTINA DEL ,1D,ACTIVO,Y513CA ,2,F623,19NU,2026-02-01,2026-02-25,14333,0,,W0106210682,SMG,2025-12-30,01B,59,,,,,,,,,,,,MED
2026-02-01 00:00:00,774920902061,04,DW,01,E,02,046,REJON COUOH FERNELY GUADALUPE ,1D,ACTIVO,UL795A ,2,F623,21NY,2026-02-01,2025-12-02,20286,945,,W0106262220,SM2,2026-01-30,01B,28,2026-01-29 09:29:44,0402,L,9JR11,UL795A ,0,Nor,59,DISPLAY APAGADO,59,S,GSC
2026-02-01 00:00:00,774930702353,21,DW,01,E,02,212,CHALE RUIZ MARIO              ,1D,ACTIVO,14PD74 ,2,F621,07F3,2026-01-01,2025-11-13,60827,0,,W0106233462,SMG,2026-01-14,LIR,44,2026-01-14 11:44:22,2105,M,9ND9A,14PD74 ,0,Nor,60,MEDID NO TRABAJA,60,S,MED
2026-02-01 00:00:00,774931201617,02,DW,01,E,02,022,SILVIA ZAPATA CASTILLO        ,1D,ACTIVO,YB359U ,2,F623,21NU,2026-02-01,2025-05-30,23455,962,,W0106169982,SMG,2025-12-02,01E,87,2026-01-28 09:58:42,0203,M,9ND9A,YB359U ,76722,Nor,44,NUM MEDID DESIGU,44,S,MED
2026-02-01 00:00:00,774940402099,02,DW,01,E,02,024,JUAN ESPADAS                  ,1D,ACTIVO,EP6075 ,1,W111,81C0,2026-02-01,2025-12-01,8320,195,,W0106234453,S05,2026-01-15,W1E,43,2026-01-29 09:28:33,0251,R,9JR27,EP6075 ,9075,Nor,  ,,LN,S,CCC
2026-02-01 00:00:00,774941004461,31,DW,01,E,02,314,CARLOS ENCALADA GONZALEZ      ,1D,ACTIVO,89T03C ,2,F62H,10KN,2026-01-01,2026-01-22,53705,434,,W0106245341,SMG,2026-01-21,LIR,37,,,,,,,,,,,,MED
2026-02-01 00:00:00,774950300146,13,DW,01,E,02,132,CHI BALAM LUCY ANGELINA       ,1D,ACTIVO,YP658M ,2,F623,21NU,2026-01-01,2026-01-08,8534,182,,W0106256352,SM2,2026-01-27,W1A,31,,,,,,,,,,,,GSC
2026-02-01 00:00:00,774960602779,04,DW,01,E,02,041,FRANCISCO J ACOSTA BACAB      ,1D,ACTIVO,MK076V ,2,F623,20NU,2026-02-01,2025-09-30,21644,533,,W0106263099,SMG,2026-01-30,LIR,28,2026-01-30 11:31:51,0451,R,9JR27,MK076V ,0,Nor,60,MEDID NO TRABAJA,60,S,MED
2026-02-01 00:00:00,774211102506,29,DW,01,E,02,292,GPO DESARR DE INFRAES SA DE CV,02,ACTIVO,JHA953 ,2,F623,23NU,2024-09-01,2024-09-19,18316,0,,W0106244179,SMC,2026-01-21,LIR,37,2024-09-20 11:16:06,2951,R,9JRB9,YH592P ,85784,Nor,44,NUM MEDID DESIGU,44,S,MED
2026-02-01 00:00:00,774970201144,18,DW,01,E,02,183,NOTARIO ALCOCER FERNANDO      ,1D,ACTIVO,401EBY ,2,F622,15LM,2026-02-01,2026-02-10,16168,189,,W0106224647,SM2,2026-01-09,CDJ,49,2026-02-10 11:57:59,1802,M,9JR09,401EBY ,189,Opt,  ,,,,GSC
2026-02-01 00:00:00,774090800944,17,DW,01,E,02,174,LOPEZ RODRIGUEZ MANUEL        ,1D,ACTIVO,23P2A0 ,2,F62H,09KN,2010-01-01,2050-01-01,0,0,,W0106182651,SM2,2025-12-10,W1E,79,,,,,,,,,,,,GSC
2026-02-01 00:00:00,774160601219,22,DW,01,E,02,221,CIA MAYA DE AGUA PURIF S RL CV,02,ACTIVO,1DVY66 ,2,F623,25NY,2026-02-01,2026-02-12,200,200,,W0106189600,SM2,2025-12-15,LIR,74,2026-02-12 11:13:13,2201,M,9JR27,1DVY66 ,200,Opt,  ,,,,GSC
2026-02-01 00:00:00,774980502916,33,DW,01,E,02,334,MONICA SANCHEZ AGUILAR        ,1D,ACTIVO,WWU372 ,2,F623,24P3,2026-01-01,2026-01-22,0,0,,W0106222172,S05,2026-01-08,W1E,50,,,,,,,,,,,,CCC
2026-02-01 00:00:00,774230802128,11,DW,01,E,37,112,SOLIS TORRES ELIDE CONSUELO   ,1D,ACTIVO,JBM111 ,2,F623,23NU,2026-01-01,2025-09-04,3932,253,,W0106222105,SM2,2026-01-08,MED,50,2026-01-07 16:14:30,1101,M,GAAJN,JBM111 ,0,Nor,59,DISPLAY APAGADO,59,S,GSC
2026-02-01 00:00:00,774980800925,04,DW,01,E,02,042,31DPR0212T SEP ESC RAFAELA ROD,02,ACTIVO,7BC439 ,2,F621,97F3,2026-02-01,2025-12-02,41416,0,,W0106261305,SMG,2026-01-29,LIR,29,2026-01-29 10:54:40,0406,L,9ND9A,7BC439 ,0,Nor,60,MEDID NO TRABAJA,60,S,MED
2026-02-01 00:00:00,774980903066,04,DW,01,E,02,041,ALFONO A DZIB MARIN           ,1D,ACTIVO,30E16E ,2,F62H,10KN,2010-04-01,2050-01-01,0,0,,W0106261284,SMG,2026-01-29,LIR,29,,,,,,,,,,,,MED
2026-02-01 00:00:00,774990301455,02,DW,01,E,02,023,MIGUEL AKE BAEZA              ,1D,ACTIVO,UL793A ,2,F623,21NY,2023-08-01,2023-07-28,3688,0,,W0106241961,SM2,2026-01-20,CDD,38,,,,,,,,,,,,GSC
2026-02-01 00:00:00,774991201322,35,DW,01,E,02,352,GOMEZ CASTRO NAITIELY GUADALUP,1D,ACTIVO,VA321X ,2,F623,21NV,2026-01-01,2025-09-24,14142,1797,,W0106250329,SMG,2026-01-23,LIR,35,2026-01-23 12:54:27,3503,L,GA6XN,VA321X ,0,Nor,60,MEDID NO TRABAJA,60,S,MED
2026-02-01 00:00:00,774231001757,23,DW,01,E,37,237,INMOBILIARIA Y URBANIZADORA DE,02,ACTIVO,JAK111 ,2,F623,23NU,2026-01-01,2025-01-16,6982,2200,,W0106220379,SMC,2026-01-07,01M,51,2026-01-19 09:32:14,2351,R,9ND5H,JAK111 ,0,Nor,56,NO HAY MEDIDOR,56,S,MED
2026-02-01 00:00:00,775050100091,08,DW,01,G,06,080,CHALE CHALE MARIO             ,1B,ACTIVO,8X96G8 ,1,F121,04JF,2026-02-01,2026-02-03,38985,1003,,W0106175339,SMC,2025-12-04,LIR,85,2026-02-03 09:47:53,0801,M,R9962,8X96G8 ,488,Nor,  ,,,,MED
2026-02-01 00:00:00,775090302231,39,DW,01,G,04,391,ALVARADO PERAZA VIRGINIA      ,1B,ACTIVO,UK350W ,2,F623,21NY,2023-05-01,2023-05-29,1886,0,,W0106256297,SMC,2026-01-27,LIR,31,,,,,,,,,,,,MED
2026-02-01 00:00:00,774200901423,03,DW,01,E,02,033,RAMOS VAZQUEZ RAFAEL JOSE     ,02,ACTIVO,WTR482 ,2,F623,24P2,2026-01-01,2025-12-30,12967,1623,,W0106208366,SM2,2025-12-29,CDL,60,2025-12-30 07:48:56,0301,L,GAXVM,WTR482 ,1623,Opt,  ,,,,GSC
2026-02-01 00:00:00,775110400898,34,DW,01,G,03,341,COLOME SOLIS JORGE            ,1B,ACTIVO,CVN039 ,2,F623,22NU,2022-06-01,2022-06-23,7206,360,,W0106204418,SMC,2025-12-23,LIR,66,,,,,,,,,,,,MED
2026-02-01 00:00:00,775110500175,34,DW,01,G,03,345,ANCONA MTZ DE ARRENDON EDUARDO,1B,ACTIVO,RCX397 ,2,F623,24NY,2026-02-01,2026-02-20,7391,2081,,W0106205243,SMC,2025-12-25,LIR,64,2026-02-20 11:32:07,3427,L,9BBMC,RCX397 ,581,Opt,  ,,,,MED
2026-02-01 00:00:00,775130200089,36,DW,01,G,03,367,PENICHE GONZALEZ RAUL ENRIQUE ,1B,ACTIVO,512JLD ,2,F622,15LM,2026-02-01,2026-02-23,36076,785,,W0106208602,SMG,2025-12-29,01G,60,2026-02-23 11:54:45,3627,M,9BBMC,512JLD ,785,Opt,  ,,,,MED
2026-02-01 00:00:00,775130600664,36,DW,01,G,03,367,LEAL CASARES PATRICIA         ,1B,ACTIVO,Y738PA ,2,F623,19NU,2013-04-01,2013-06-08,0,0,,W0106208285,SMC,2025-12-29,LIR,60,,,,,,,,,,,,MED
2026-02-01 00:00:00,775131100231,36,DW,01,G,03,367,GARCIA MUNOZ EPIGMENIO        ,1B,ACTIVO,UB048R ,2,F623,21NY,2023-06-01,2023-06-26,6720,2366,,W0106206440,SMC,2025-12-26,LIR,63,,,,,,,,,,,,MED
2026-02-01 00:00:00,775140600361,40,DW,01,G,03,403,LEON RODRIGUEZ LUIS MARCEL    ,1B,ACTIVO,JNM981 ,2,F623,23NU,2026-02-01,2026-02-25,9584,0,,W0106209034,SMC,2025-12-29,LIR,60,,,,,,,,,,,,MED
2026-02-01 00:00:00,775140803211,34,DW,01,G,03,343,PEREZ DULCHE ARMANDO          ,1B,ACTIVO,683N8D ,2,F622,14LM,2026-02-01,2026-02-20,41367,0,,W0106204429,SMC,2025-12-23,LIR,66,2026-02-20 11:19:05,3426,L,9BBEL,683N8D ,0,Nor,53,UI SERV DIRECTO,53,S,MED
2026-02-01 00:00:00,775140900178,36,DW,01,G,03,367,MARTINEZ ASSAD CARLOS ROBERTO ,1B,ACTIVO,682N1D ,2,F622,14LM,2026-02-01,2026-02-23,33442,535,,W0106228453,SM2,2026-01-12,CDB,46,2026-02-23 10:57:52,3627,M,9BBMC,682N1D ,535,Opt,  ,,,,GSC
2026-02-01 00:00:00,775150101958,29,DW,01,G,02,294,GOMEZ BAAS JOSUE GABRIEL      ,1B,ACTIVO,PKA481 ,1,F123,24NX,2026-01-01,2025-09-19,772,377,,W0106245756,SMC,2026-01-21,LIR,37,2026-01-21 11:17:04,2951,R,9BBU6,PKA481 ,0,Nor,53,UI SERV DIRECTO,53,S,MED
2026-02-01 00:00:00,775150301264,34,DW,01,G,03,345,PINA HERRERA GIMER AUGURIO    ,1B,ACTIVO,W758KN ,2,F622,19LM,2018-11-01,2018-11-06,12181,0,,W0106205240,SMC,2025-12-25,LIR,64,,,,,,,,,,,,MED
2026-02-01 00:00:00,775150601128,36,DW,01,G,03,367,RUIZ BURGOS ARTURO DE JESUS   ,1B,ACTIVO,RBY534 ,2,F623,24NY,2026-02-01,2026-02-23,1468,0,,W0106206439,SMC,2025-12-26,LIR,63,2026-02-23 10:59:35,3627,M,9BBMC,RBY534 ,0,Nor,53,UI SERV DIRECTO,53,S,MED
2026-02-01 00:00:00,775170701030,34,DW,01,G,03,345,VILLALPANDO LOZANO SONIA      ,1B,ACTIVO,MK803Y ,2,F623,20NU,2021-10-01,2021-10-22,31498,5488,,W0106205245,SMC,2025-12-25,LIR,64,,,,,,,,,,,,MED
2026-02-01 00:00:00,774201100441,29,DW,01,E,02,292,PALMA FAJARDO ESTEBAN ARMANDO ,1D,CORTADO,ML092D ,2,F623,20NU,2026-01-01,2026-01-20,11986,0,,W0106242926,SMC,2026-01-20,LIR,38,2026-01-20 10:34:29,2903,L,G92B0,ML092D ,0,Opt,32,UI DERIVACION,32,S,MED
2026-02-01 00:00:00,775180700449,12,DW,01,G,06,123,RUIZ DEL HOYO SEGURA ANGELINA ,02,ACTIVO,N010JL ,2,F622,18LM,2026-02-01,2025-10-07,5529,288,,W0106180099,SMC,2025-12-09,LIR,80,2026-02-05 09:10:49,1226,L,R9962,N010JL ,0,Nor,53,UI SERV DIRECTO,53,S,MED
2026-02-01 00:00:00,775180800915,12,DW,01,G,06,123,POOL KUK JOSE ISMAEL          ,1B,CORTADO,L727TW ,1,F122,18LN,2026-02-01,2026-02-05,3512,0,,W0106180101,SMC,2025-12-09,LIR,80,2026-02-05 16:49:22,1226,L,GAAGN,L727TW ,0,Opt,31,SERVICIO SIN USO,,,MED
2026-02-01 00:00:00,775190100105,13,DW,01,G,08,131,SALINAS HERNANDEZ MOISES      ,1B,ACTIVO,L013FD ,1,F122,18LN,2026-01-01,2026-01-08,20112,607,,W0106194100,SMS,2025-12-17,W1G,72,2026-01-08 13:34:39,1326,M,GA81N,L013FD ,607,Opt,  ,,LM,S,GSC
2026-02-01 00:00:00,775190200860,10,DW,01,G,05,101,FALLER MEDINA FELIX ALEJANDRO ,1D,ACTIVO,35W35G ,2,F62H,11KN,2026-02-01,2025-06-05,59024,1075,,W0106176879,SMC,2025-12-05,LIR,84,2026-02-04 12:07:25,1026,M,R9962,35W35G ,0,Nor,53,UI SERV DIRECTO,53,S,MED
2026-02-01 00:00:00,775190300228,30,DW,01,G,01,302,PATRON SERRANO RUTH PATRICIA  ,1B,ACTIVO,JBH802 ,2,F623,23NU,2023-12-01,2023-12-20,2859,690,,W0106201578,SMC,2025-12-22,LIR,67,,,,,,,,,,,,MED
2026-02-01 00:00:00,775190400303,33,DW,01,G,04,331,KEENAN MITCHELL JAY           ,1B,ACTIVO,UD946M ,2,F623,21NY,2026-01-01,2025-07-23,3280,1208,,W0106248756,SMC,2026-01-22,LIR,36,2026-01-22 16:37:52,3328,L,9BBU6,UD946M ,0,Nor,53,UI SERV DIRECTO,53,S,MED
2026-02-01 00:00:00,775191001020,20,DW,01,G,01,200,SANCHEZ BECERRA AQUILES       ,1B,ACTIVO,3AXT41 ,2,F623,25P2,2023-10-01,2023-10-11,1294,344,,W0106262099,SM2,2026-01-30,W1G,28,,,,,,,,,,,,GSC
2026-02-01 00:00:00,775191200936,40,DW,01,G,03,403,SANTINELLI BARRERA SILVIO R   ,1B,ACTIVO,Y379MG ,2,F623,19NU,2026-02-01,2026-02-25,59242,0,,W0106209036,SMC,2025-12-29,LIR,60,,,,,,,,,,,,MED
2026-02-01 00:00:00,775200600110,34,DW,01,G,03,341,CAMARA CASTELLANOS JAIME      ,1B,ACTIVO,X167TL ,2,F623,19NU,2026-02-01,2026-02-20,31121,0,,W0106205254,SMG,2025-12-25,01G,64,2026-02-20 09:03:09,3429,L,9P19G,X167TL ,0,Opt,31,SERVICIO SIN USO,,,MED
2026-02-01 00:00:00,775200701111,36,DW,01,G,03,362,CAMACHO CASTANON LETICIA      ,1B,ACTIVO,BE588R ,2,F623,19NV,2026-02-01,2026-02-23,2012,2,,W0106194151,SMC,2025-12-17,CDD,72,2026-02-23 10:36:56,3626,M,GA81N,BE588R ,2,Opt,31,SERVICIO SIN USO,,,MED
2026-02-01 00:00:00,775200900784,36,DW,01,G,03,367,ESPADAS ARAUJO ANGELICA ASUNCI,1B,ACTIVO,LV722L ,2,F623,20NU,2026-02-01,2026-02-23,24409,0,,W0106206438,SMC,2025-12-26,LIR,63,2026-02-23 09:06:03,3627,M,9BBMC,LV722L ,0,Nor,53,UI SERV DIRECTO,53,S,MED
2026-02-01 00:00:00,775201000299,37,DW,01,G,04,372,LAHUD RIVAS MARIA ISABEL      ,1B,ACTIVO,NT052L ,2,F623,20NU,2026-01-01,2025-09-25,875,37,,W0106253931,SMC,2026-01-26,LIR,32,2026-01-26 16:52:04,3727,M,GAG8N,NT052L ,0,Nor,53,UI SERV DIRECTO,53,S,MED
2026-02-01 00:00:00,775210100131,34,DW,01,G,03,341,MARIA YOLANDA MOISES TRUJILLO ,1B,CORTADO,NJ195W ,2,F623,20NU,2026-02-01,2026-02-20,19013,0,,W0106204420,SMC,2025-12-23,LIR,66,2026-02-20 10:27:06,3429,L,9P19G,NJ195W ,0,Nor,56,NO HAY MEDIDOR,56,S,MED
2026-02-01 00:00:00,775210101782,31,DW,01,G,02,315,OROZCO QUIJANO ELSA PATRICIA  ,1B,ACTIVO,NR937T ,2,F623,20NU,2026-01-01,2025-09-22,8256,393,,W0106245920,SMC,2026-01-21,LIR,37,2026-01-21 12:28:51,3126,M,9BBEL,NR937T ,0,Nor,53,UI SERV DIRECTO,53,S,MED
2026-02-01 00:00:00,775210301242,35,DW,01,G,04,353,MARIA VICTORIA LOPEZ GUZMAN   ,1B,ACTIVO,KL075M ,1,F123,20NT,2026-01-01,2025-09-25,1490,0,,W0106250676,SMC,2026-01-23,LIR,35,2026-01-23 11:11:45,3527,M,9BBMC,KL075M ,0,Nor,65,UI MED INVERTIDO,65,S,MED
2026-02-01 00:00:00,775211000408,35,DW,01,G,04,356,CAAMAL MENA GERBER RENE       ,1B,ACTIVO,MA248Y ,2,20NU,20NU,2026-01-01,2025-05-26,8591,384,,W0106250320,SMC,2026-01-23,LIR,35,2026-01-23 09:50:11,3528,M,9BBU6,MA248Y ,0,Nor,53,UI SERV DIRECTO,53,S,MED
2026-02-01 00:00:00,775220100334,15,DW,01,G,08,153,RIVAS LEON LIGIA              ,1B,ACTIVO,YC193B ,2,F623,21NU,2026-01-01,2025-03-07,1767,107,,W0106225488,SMC,2026-01-09,LIR,49,2026-01-09 18:52:29,1551,R,GAAFN,YC193B ,0,Nor,53,UI SERV DIRECTO,53,S,MED
2026-02-01 00:00:00,775220300708,30,DW,01,G,03,303,CASTRO GAMBOA EDUARDO ALBERTO ,02,ACTIVO,Y684BY ,2,F623,19NU,2026-02-01,2026-02-18,48271,0,,W0106202043,SMG,2025-12-22,01G,67,,,,,,,,,,,,MED
2026-02-01 00:00:00,774210303681,33,DW,01,E,02,332,POOT XOOL JAIME MANUEL        ,1D,ACTIVO,NT058H ,2,F623,20NU,2026-01-01,2025-11-24,31466,803,,W0106248286,SMC,2026-01-22,LIR,36,2026-01-22 11:34:26,3303,M,R9933,NT058H ,0,Nor,53,UI SERV DIRECTO,53,S,MED
2026-02-01 00:00:00,775220805168,38,DW,01,G,03,385,ABIMERHI BODIB CHRISTIAN      ,1B,ACTIVO,5AUW17 ,2,F623,25P2,2026-02-01,2026-02-24,37,323,,W0106206928,SMC,2025-12-27,LIR,62,2026-02-24 09:00:16,3827,M,9BBU6,5AUW17 ,37,Opt,  ,,,,MED
2026-02-01 00:00:00,775220902074,34,DW,01,G,03,345,MORALES FLOTA BADRA ISABEL    ,02,ACTIVO,CVN162 ,2,F623,22NU,2026-02-01,2026-02-20,1340,0,,W0106205238,SMG,2025-12-25,LIR,64,2026-02-20 09:18:52,3427,L,9BBMC,CVN162 ,0,Opt,31,SERVICIO SIN USO,,,MED
2026-02-01 00:00:00,775230401251,40,DW,01,G,03,401,BANOS PERELTA BENIS EDGARDO   ,02,ACTIVO,UL920T ,2,F623,21NY,2025-04-01,2025-04-25,9102,562,,W0106209026,SMC,2025-12-29,LIR,60,,,,,,,,,,,,MED
2026-02-01 00:00:00,775230800598,12,DW,01,G,06,123,MARTINEZ MONTOYA MARIO ALBERTO,1B,ACTIVO,UV096P ,2,F623,21NY,2026-02-01,2025-10-07,2364,166,,W0106180100,SMC,2025-12-09,LIR,80,2026-02-05 11:13:29,1226,L,R9962,UV096P ,0,Nor,53,UI SERV DIRECTO,53,S,MED
2026-02-01 00:00:00,775240600121,10,DW,01,G,05,101,CUEVAS ZAMORANO PAMELA        ,1D,ACTIVO,KJD3I3 ,2,F623,23NU,2026-02-01,2026-02-04,164,164,,W0106176880,SMC,2025-12-05,LIR,84,2026-02-05 09:59:24,1051,N,9BBU6,KJD3I3 ,164,Nor,44,NUM MEDID DESIGU,44,S,MED
2026-02-01 00:00:00,775240600732,34,DW,01,G,03,345,GAMBOA MINER PAULINA          ,1B,ACTIVO,53E92E ,2,F62H,10KN,2026-02-01,2026-02-20,0,0,,W0106205246,SMC,2025-12-25,LIR,64,2026-02-20 17:15:39,3427,L,GAAFN,53E92E ,0,Nor,53,UI SERV DIRECTO,53,S,MED
2026-02-01 00:00:00,775240800511,33,DW,01,G,02,333,BASTO AVILA MARIA TERESITA    ,1B,ACTIVO,RDD259 ,2,F623,24NY,2026-01-01,2025-05-23,4,2,,W0106248779,SMC,2026-01-22,LIR,36,2026-01-22 09:33:19,3326,M,9BBEL,RDD259 ,0,Nor,53,UI SERV DIRECTO,53,S,MED
2026-02-01 00:00:00,775240900981,13,DW,01,G,08,134,ROSEL BECERRIL MANUEL JESUS   ,1B,ACTIVO,PBN465 ,1,F123,24NX,2026-01-01,2026-01-08,202,10,,W0106179278,SMS,2025-12-08,W1G,81,2026-01-08 10:26:32,1327,M,R9962,PBN465 ,10,Opt,31,SERVICIO SIN USO,,,GSC
2026-02-01 00:00:00,775240902526,08,DW,01,G,06,080,HONEY KIRSTEN MARGUERITE      ,1B,ACTIVO,1DWC88 ,2,F623,25NY,2026-02-01,2025-10-03,1098,1612,,W0106175338,SMC,2025-12-04,LIR,85,2026-02-03 12:24:05,0801,M,R9962,1DWC88 ,0,Nor,53,UI SERV DIRECTO,53,S,MED
2026-02-01 00:00:00,775240903158,13,DW,01,G,08,134,CRUZ GREGORIO ARACELI         ,1B,ACTIVO,WMW502 ,2,F623,24P2,2026-01-01,2025-11-07,4374,171,,W0106223048,SMC,2026-01-08,LIR,50,2026-01-08 09:15:53,1327,M,R9962,WMW502 ,0,Nor,53,UI SERV DIRECTO,53,S,MED
2026-02-01 00:00:00,775240903298,40,DW,01,G,03,401,AKE GONZALEZ LIDIA MARIA      ,1B,ACTIVO,RDW442 ,2,F623,24NY,2026-02-01,2026-02-25,0,0,,W0106209027,SMC,2025-12-29,LIR,60,,,,,,,,,,,,MED
2026-02-01 00:00:00,775241101179,33,DW,01,G,04,331,MONTELLANO SANTOYO RODRIGO    ,1B,ACTIVO,GEA589 ,3,KL28,22NJ,2026-01-01,2026-01-26,16151,1295,,W0106248754,SMC,2026-01-22,LIR,36,2026-01-22 11:40:45,3328,L,9BBU6,GEA589 ,0,Nor,53,UI SERV DIRECTO,53,S,MED
2026-02-01 00:00:00,775241101209,40,DW,01,G,03,401,PEREZ GARCIA MIGUELA ANGELA   ,1B,ACTIVO,WPY293 ,2,F623,24P2,2026-02-01,2026-02-25,74,0,,W0106210187,SMC,2025-12-30,LIR,59,,,,,,,,,,,,MED
2026-02-01 00:00:00,775250401096,12,DW,01,G,06,123,PUEBLITA MARES JORGE MARCO A  ,1B,ACTIVO,1DWC87 ,2,F623,25NY,2025-08-01,2025-08-07,520,326,,W0106196941,SMS,2025-12-18,W1G,71,,,,,,,,,,,,GSC
2026-02-01 00:00:00,775250500094,25,DW,01,G,02,231,EDNA ALEJANDRA GUTIERREZ MELO ,1B,ACTIVO,T439YN ,2,F622,18LM,2026-01-01,2025-05-21,0,0,,W0106240756,SM2,2026-01-19,W1G,39,2026-01-17 11:25:19,2551,R,R9962,T439YN ,0,Nor,56,NO HAY MEDIDOR,56,S,GSC
2026-02-01 00:00:00,775250600978,25,DW,01,G,02,231,CANUL ANDRADE LUIS PABLO      ,02,ACTIVO,4DVT56 ,2,F623,25NY,2026-01-01,2025-07-18,0,0,,W0106242155,SM2,2026-01-20,01A,38,2026-01-17 11:25:27,2551,R,R9962,4DVT56 ,0,Nor,56,NO HAY MEDIDOR,56,S,GSC
2026-02-01 00:00:00,775251200621,36,DW,01,G,03,361,LUGO PEREZ GENY DE LA ASUNCION,1B,ACTIVO,9CFL82 ,2,F623,25P3,2026-02-01,2026-02-23,222,163,,W0106221803,SMW,2026-01-08,W1B,50,2026-02-23 11:46:13,3628,M,9BBU6,9CFL82 ,163,Opt,  ,,,,GSC
2026-02-01 00:00:00,775750900200,14,DW,01,G,01,141,TDAS AUTOSERV FERRETEROS PENIN,02,ACTIVO,7F35N7 ,2,F621,03F3,2025-06-01,2025-06-09,8776,6802,,W0106184668,SMG,2025-12-11,01G,78,,,,,,,,,,,,MED
2026-02-01 00:00:00,775931000138,13,DW,01,G,08,131,RITA TERESA DIAZ              ,1B,BAJA SIN MED RET,64L6W3 ,1,F12H,09KU,2026-01-01,2026-01-08,34586,0,,W0106223119,SMC,2026-01-08,LIR,50,,,,,,,,,,,,MED
2026-02-01 00:00:00,775961000809,38,DW,01,G,03,382,RIVAS ROSADO RAUL ENRIQUE     ,1B,ACTIVO,8D19W6 ,1,F421,02GH,1999-10-01,2050-01-01,2184,0,,W0106206925,SMG,2025-12-27,LIR,62,,,,,,,,,,,,MED
2026-02-01 00:00:00,775980402951,34,DW,01,G,03,345,CELIA PINO DE REGIL           ,1B,ACTIVO,40X27L ,1,F12H,11KU,2026-02-01,2026-02-20,38892,0,,W0106205241,SMC,2025-12-25,LIR,64,2026-02-20 10:40:41,3427,L,9BBMC,40X27L ,0,Nor,53,UI SERV DIRECTO,53,S,MED
2026-02-01 00:00:00,775980800751,17,DW,01,G,01,172,LUIS M MATOS HERRERA          ,1B,ACTIVO,X2302E ,1,W111,79C0,2026-01-01,2026-01-12,7600,0,,W0106224218,S05,2026-01-09,W1G,49,2026-01-12 09:06:10,1702,M,GA81N,X2302E ,0,Nor,31,SERVICIO SIN USO,,,CCC
2026-02-01 00:00:00,775980802258,40,DW,01,G,03,403,DAJER NAHUM EDUARDO ELIAS     ,1B,ACTIVO,7YB975 ,2,F121,00GG,2026-02-01,2026-02-25,12734,206,,W0106209037,SMG,2025-12-29,LIR,60,,,,,,,,,,,,MED
2026-02-01 00:00:00,774980300388,03,DW,01,E,02,034,ALMACEN SRIA DE EDUC PUB      ,02,ACTIVO,2X5V15 ,3,KL28,02J3,2026-01-01,2025-05-02,61385,7137,,W0106211275,SMG,2025-12-30,LIR,59,2026-01-02 11:21:53,0351,R,9JR11,2X5V15 ,0,Nor,64,P. INFRARROJO/MED. D,64,S,MED
2026-02-01 00:00:00,775990102882,65,DW,01,G,06,652,MUNICIPIO DE MERIDA YUCATAN   ,06,ACTIVO,641N7D ,2,F622,14LM,2026-02-01,2026-02-05,43081,877,,W0106180141,SMC,2025-12-09,LIR,80,2026-02-05 11:14:53,6502,L,9BBMC,641N7D ,0,Nor,53,UI SERV DIRECTO,53,S,MED
2026-02-01 00:00:00,775990306356,18,DW,01,G,01,181,IRASEMA POLANCO B             ,1B,ACTIVO,8MM436 ,1,F121,98GG,2026-02-01,2025-06-11,23445,25,,W0106245365,S05,2026-01-21,W1G,37,2026-02-10 09:14:50,1802,L,9BBMC,8MM436 ,99955,Nor,  ,,FR,S,CCC
2026-02-01 00:00:00,776000956455,05,DW,01,H,42,054,JOSE MAURO PERERA MENA        ,1B,CORTADO,89HA87 ,1,F121,07JL,2026-01-01,2026-01-06,63491,689,,W0106218836,SMC,2026-01-06,LIR,52,2026-01-06 11:36:25,0551,R,9JR2C,89HA87 ,0,Nor,53,UI SERV DIRECTO,53,S,MED
2026-02-01 00:00:00,776001055681,31,DW,01,H,48,312,MUNICIPIO DE SAMAHIL          ,02,ACTIVO,U912YC ,2,F623,18NN,2026-01-01,2025-06-13,0,6,,W0106246002,SMC,2026-01-21,LIR,37,2026-01-22 09:54:16,3151,R,9JR2C,U912YC ,0,Nor,53,UI SERV DIRECTO,53,S,MED
2026-02-01 00:00:00,776001255655,29,DW,01,H,54,292,MUNICIPIO DE UMAN YUCATAN     ,02,ACTIVO,RDN877 ,2,F623,24NY,2026-01-01,2025-09-19,5989,1687,,W0106242806,SMG,2026-01-20,LIR,38,2026-01-20 09:06:57,2927,L,9JR2C,RDN877 ,0,Opt,60,MEDID NO TRABAJA,60,S,MED
2026-02-01 00:00:00,776010300434,05,DW,01,H,42,051,MUNOZ MAY LUCY DE LA CRUZ     ,1B,ACTIVO,K812YX ,1,F122,17LN,2001-08-01,2001-08-29,0,0,,W0106213647,SMC,2026-01-03,LIR,55,,,,,,,,,,,,MED
2026-02-01 00:00:00,776020800559,07,DW,01,H,42,071,MUNICIPIO DE CELESTUN         ,02,ACTIVO,YH562L ,2,F623,21NU,2026-01-01,2025-05-06,25453,791,,W0106220857,SMC,2026-01-07,LIR,51,2026-01-07 10:42:08,0751,R,9JR2C,YH562L ,0,Nor,53,UI SERV DIRECTO,53,S,MED
2026-02-01 00:00:00,776040400425,25,DW,01,E,37,254,MA DE JESUS LEONOR EUAN AMAYA ,02,ACTIVO,RCC830 ,2,F623,24NY,2026-01-01,2025-11-18,1661,178,,W0106238149,SMC,2026-01-16,LIR,42,2026-01-16 10:14:31,2502,L,9ND5H,RCC830 ,0,Nor,53,UI SERV DIRECTO,53,S,MED
2026-02-01 00:00:00,776050101302,07,DW,01,H,42,073,NORMA CHAN MEX                ,1B,ACTIVO,291H6A ,1,F122,13LN,2005-01-01,2005-01-20,0,0,,W0106218092,SMC,2026-01-06,LIR,52,,,,,,,,,,,,MED
2026-02-01 00:00:00,774980301139,25,DW,01,E,02,251,LUIS ALBERTO BUENFIL MILAN    ,02,ACTIVO,0F78K6 ,2,F421,03GH,2026-01-01,2025-11-18,83416,596,,W0106243070,SM2,2026-01-20,CCC,38,2026-01-16 11:45:12,2503,L,GA00N,0F78K6 ,99973,Nor,  ,,FR,S,GSC
2026-02-01 00:00:00,776051001018,31,DW,01,H,53,313,JOSE VICTORIANO HINOJOSA TUN  ,1C,ACTIVO,JBD555 ,2,F623,23NU,2026-01-01,2025-11-21,4074,252,,W0106248277,SMG,2026-01-22,LIR,36,2026-01-22 11:06:56,3151,R,9JR2C,JBD555 ,0,Nor,64,P. INFRARROJO/MED. D,64,S,MED
2026-02-01 00:00:00,776051001174,18,DW,01,H,44,182,VENEGAS SANCHEZ MARIA DE LA CR,1D,ACTIVO,UC847N ,2,F623,21NY,2005-10-01,2005-10-20,5,0,,W0106250258,SMS,2026-01-23,CDV,35,,,,,,,,,,,,GSC
2026-02-01 00:00:00,776051200207,29,DW,01,H,54,292,JOSE ASUNCION XOOL POOT       ,1C,ACTIVO,823UR5 ,2,F622,12LJ,2026-01-01,2025-11-20,30481,397,,W0106242804,SMG,2026-01-20,LIR,38,2026-01-20 08:54:02,2927,L,9JR2C,823UR5 ,0,Opt,60,MEDID NO TRABAJA,60,S,MED
2026-02-01 00:00:00,776051200321,29,DW,01,H,54,292,CHI PECH BRIGIDA              ,1C,ACTIVO,NP648T ,2,F623,20NU,2025-05-01,2025-05-21,19246,0,,W0106242802,SMC,2026-01-20,LIR,38,,,,,,,,,,,,MED
2026-02-01 00:00:00,776060300974,05,DW,01,H,42,051,MIGUEL ANGEL GUTIERREZ PECH   ,1B,BAJA SIN MED RET,1N097H ,1,F121,06JL,2026-01-01,2026-01-02,3198,0,,W0106213653,SMG,2026-01-03,LIR,55,,,,,,,,,,,,MED
2026-02-01 00:00:00,776070501871,04,DW,01,E,37,043,PACHECO AZCORRA MARIA ENEDINA ,1D,ACTIVO,14M7M4 ,2,F62H,09KN,2026-02-01,2025-12-02,40152,249,,W0106260803,SMG,2026-01-29,LIR,29,2026-01-29 10:25:39,0404,L,9MCG8,14M7M4 ,0,Nor,64,P. INFRARROJO/MED. D,64,S,MED
2026-02-01 00:00:00,776070702701,24,DW,01,H,39,245,DUARTE BURGOS NELI MARLENI    ,1C,ACTIVO,7AVD57 ,2,F623,25P2,2026-02-01,2026-02-13,12943,0,,W0106216044,SM2,2026-01-05,W1G,53,2026-02-13 09:41:43,2428,L,9MCGE,7AVD57 ,43,Opt,  ,,,,GSC
2026-02-01 00:00:00,776071201234,02,DW,01,E,37,029,MAY ALFARO WILBERT            ,1D,ACTIVO,39M3P9 ,2,F62H,09KN,2026-02-01,2026-01-29,62835,163,,W0106258303,SMG,2026-01-28,LIR,30,2026-01-29 12:11:57,0251,R,9JR27,39M3P9 ,163,Opt,  ,,,,MED
2026-02-01 00:00:00,776080101269,02,DW,01,E,37,029,DIAZ DZUL MARIO DE GPE        ,1D,ACTIVO,92N7F5 ,2,F62H,09KN,2026-02-01,2025-09-29,45023,93,,W0106258302,SMG,2026-01-28,LIR,30,2026-01-28 10:02:16,0206,L,9ND5H,92N7F5 ,0,Nor,60,MEDID NO TRABAJA,60,S,MED
2026-02-01 00:00:00,776080201964,34,DW,01,H,36,344,BAAS MEX SANTOS FERNANDO      ,1C,ACTIVO,02NF71 ,2,F421,07GH,2026-02-01,2026-02-20,12264,0,,W0106209202,SMG,2025-12-29,01A,60,2026-02-20 11:51:50,3427,L,9MCGE,02NF71 ,99807,Nor,  ,,FR,S,MED
2026-02-01 00:00:00,776080506188,27,DW,01,E,37,274,RODRIGUEZ SOLIS ERIC ADALID   ,1D,SUJETO A CORTE,50X1B8 ,2,F62H,09KN,2010-02-01,2050-01-01,0,0,,W0106245919,SMG,2026-01-21,CCC,37,,,,,,,,,,,,MED
2026-02-01 00:00:00,776080801465,05,DW,01,H,42,051,CAAMAL AKE JORGE ALBERTO      ,1C,BAJA SIN MED RET,07TJ75 ,1,F121,08JL,2026-01-01,2026-01-06,30422,0,,W0106218828,SMC,2026-01-06,LIR,52,,,,,,,,,,,,MED
2026-02-01 00:00:00,776080902971,24,DW,01,H,39,245,CHAN DZUL JUAN CARLOS         ,1C,ACTIVO,42C4C0 ,2,F621,08KG,2026-02-01,2025-12-16,23925,120,,W0106197428,SMG,2025-12-18,01A,71,2026-02-13 13:09:22,2428,L,9MCGE,42C4C0 ,99715,Nor,  ,,FR,S,MED
2026-02-01 00:00:00,776081001870,24,DW,01,H,39,249,PECH CAN VENUS ATENEA         ,1C,ACTIVO,N893DC ,2,F622,18LM,2026-02-01,2026-02-13,29822,0,,W0106192688,SMC,2025-12-16,LIR,73,2026-02-13 09:45:50,2426,L,9JR2C,N893DC ,0,Opt,32,UI DERIVACION,32,S,MED
2026-02-01 00:00:00,774220900300,33,DW,01,E,02,338,KU CAUICH MARIA DEL PILAR     ,1D,CORTADO,YV361H ,2,F622,21LM,2026-01-01,2025-11-24,4369,0,,W0106248890,SMG,2026-01-22,LIR,36,2026-01-22 15:53:16,3302,M,GA0MN,YV361H ,0,Nor,60,MEDID NO TRABAJA,60,S,MED
2026-02-01 00:00:00,776090202641,17,DW,01,E,37,172,TELLO DZUL JASYBI MARIBEL     ,1D,ACTIVO,Y592PA ,2,F623,19NU,2009-01-01,2009-02-19,0,0,,W0106255946,SM2,2026-01-27,CDC,31,,,,,,,,,,,,GSC
2026-02-01 00:00:00,774980603721,18,DW,01,E,02,181,HOLDA Y SALAS BRITO           ,1D,ACTIVO,234KB4 ,2,F622,12LJ,2026-02-01,2026-02-10,27724,1247,,W0106186003,SMG,2025-12-12,LIR,77,2026-02-10 13:03:34,1801,M,9EMHG,234KB4 ,1247,Opt,  ,,,,MED
2026-02-01 00:00:00,776090404898,16,DW,01,H,58,163,AYIL MEX JOSE JUSTINO         ,1D,ACTIVO,04D9K8 ,2,F421,08KF,2026-02-01,2025-10-09,11240,0,,W0106184608,SMC,2025-12-11,W1D,78,2026-02-09 11:01:02,1628,L,9P167,04D9K8 ,99854,Nor,  ,,FR,S,MED
2026-02-01 00:00:00,776090702384,24,DW,01,H,39,246,QUINTAL PECH PAULA            ,1C,CORTADO,12D31R ,2,F62H,10KN,2010-04-01,2050-01-01,0,0,,W0106192684,SMG,2025-12-16,LIR,73,,,,,,,,,,,,MED
2026-02-01 00:00:00,776090900330,20,DW,01,E,37,201,MEDINA ALCOCER RODRIGO ERNESTO,1D,ACTIVO,NT387E ,2,F623,20NU,2026-02-01,2026-02-24,0,0,,W0106213516,SM2,2026-01-03,CDU,55,2026-02-11 10:11:44,2001,M,9MCG8,23E56N ,0,Nor,53,UI SERV DIRECTO,53,S,GSC
2026-02-01 00:00:00,776100304099,18,DW,01,H,57,181,CANCHE COCOM JOSE GUILLERMO   ,1D,ACTIVO,U955DU ,1,F123,18NM,2026-02-01,2024-04-10,5340,447,,W0106189061,SM2,2025-12-15,MED,74,2026-02-10 10:00:34,1827,L,9P167,U955DU ,0,Nor,53,UI SERV DIRECTO,53,S,GSC
2026-02-01 00:00:00,776100502168,07,DW,01,E,37,071,ORDAZ LOEZA JORGE ELOY        ,1D,ACTIVO,12U5J6 ,2,F62H,09KN,2026-01-01,2025-11-04,55831,300,,W0106217454,SMG,2026-01-06,LIR,52,2026-01-06 09:48:30,0751,R,9ND5H,12U5J6 ,0,Nor,64,P. INFRARROJO/MED. D,64,S,MED
2026-02-01 00:00:00,776100604262,07,DW,01,H,42,072,PECH HERNANDEZ MARIA GUILLERMI,1B,ACTIVO,8Y911M ,1,F121,06JL,2026-01-01,2025-11-04,29039,416,,W0106219066,SMG,2026-01-06,01A,52,2026-01-05 13:09:56,0727,L,GAE7M,8Y911M ,91320,Nor,  ,,FR,S,MED
2026-02-01 00:00:00,776100709137,07,DW,01,E,37,071,MORENO CASTELLANO DIANA LIBERT,1D,ACTIVO,86E91E ,2,F62H,10KN,2026-01-01,2026-01-06,39008,387,,W0106217448,SMG,2026-01-06,LIR,52,,,,,,,,,,,,MED
2026-02-01 00:00:00,776100800533,07,DW,01,E,37,071,RIZO PRIETO FERNANDO          ,1D,ACTIVO,82D84P ,2,F62H,10KN,2026-01-01,2026-01-06,35483,4,,W0106217446,SMG,2026-01-06,LIR,52,,,,,,,,,,,,MED
2026-02-01 00:00:00,775011001868,23,DW,01,G,01,231,COMBUS LUB  Y SERV  YUCAL  S A,02,ACTIVO,098AB2 ,3,FD2H,11KV,2026-01-01,2025-11-15,11441,1587,,W0106235947,SMG,2026-01-15,LIR,43,2026-01-15 11:06:42,2303,M,GA81N,098AB2 ,0,Nor,60,MEDID NO TRABAJA,60,S,MED
2026-02-01 00:00:00,774230803515,33,DW,01,E,02,331,BORGES COBA DIDIER GASPAR     ,1D,ACTIVO,UL137T ,2,F623,21NY,2026-01-01,2026-01-22,6750,313,,W0106182522,SMS,2025-12-10,CDV,79,2026-01-22 08:14:45,3301,M,9JR27,UL137T ,313,Nor,  ,,LM,S,GSC
2026-02-01 00:00:00,776101000476,07,DW,01,E,37,071,BOBADILLA TUGORES ADRIANA DEL ,1D,ACTIVO,42E19N ,2,F62H,10KN,2026-01-01,2025-11-04,60220,555,,W0106217457,SMG,2026-01-06,LIR,52,2026-01-06 09:45:58,0751,R,9ND5H,42E19N ,0,Nor,64,P. INFRARROJO/MED. D,64,S,MED
2026-02-01 00:00:00,776101005486,07,DW,01,E,37,071,COYOC MANZANILLA KENIA        ,1D,ACTIVO,70D90P ,2,F62H,10KN,2026-01-01,2025-11-05,21932,206,,W0106217459,SMG,2026-01-06,LIR,52,2026-01-06 09:56:56,0751,R,9ND5H,70D90P ,0,Nor,64,P. INFRARROJO/MED. D,64,S,MED
2026-02-01 00:00:00,776101102015,07,DW,01,E,37,071,MUNOZ GOMEZ URIEL             ,1D,ACTIVO,60X0B3 ,2,F62H,09KN,2026-01-01,2026-01-06,67592,963,,W0106217451,SMG,2026-01-06,LIR,52,,,,,,,,,,,,MED
2026-02-01 00:00:00,776101200416,07,DW,01,E,37,071,OJEDA MORALES ENIO            ,1D,ACTIVO,47D25P ,2,F62H,10KN,2026-01-01,2026-01-06,58996,687,,W0106217458,SMG,2026-01-06,LIR,52,,,,,,,,,,,,MED
2026-02-01 00:00:00,776101203571,07,DW,01,E,37,071,CORTES ZEPEDA CAROLINA        ,1D,ACTIVO,25U7J2 ,2,F62H,09KN,2026-01-01,2026-01-06,41428,4,,W0106217447,SMG,2026-01-06,LIR,52,,,,,,,,,,,,MED
2026-02-01 00:00:00,775100702012,33,DW,01,G,02,333,MOO SANCHEZ MARCO             ,1B,ACTIVO,JGB527 ,2,F623,23NU,2026-01-01,2026-01-22,4387,88,,W0106228288,S05,2026-01-12,W1G,46,,,,,,,,,,,,CCC
2026-02-01 00:00:00,776110602519,07,DW,01,H,42,072,CHOCH COYOC LUIS ALFONSO      ,1B,CORTADO,93L28P ,1,F12H,10KU,2026-01-01,2026-01-07,20164,541,,W0106218074,SMG,2026-01-06,LIR,52,2026-01-05 12:41:42,0727,L,GAE7M,93L28P ,0,Nor,60,MEDID NO TRABAJA,60,S,MED
2026-02-01 00:00:00,774240602224,11,DW,01,E,02,115,CETINA ARJONA WILBERT ANTONIO ,1D,ACTIVO,KHF517 ,2,F623,23NU,2026-01-01,2025-07-08,0,0,,W0106222216,SM2,2026-01-08,MED,50,2026-01-07 13:03:47,1103,M,GAKJM,KHF517 ,0,Nor,56,NO HAY MEDIDOR,56,S,GSC
2026-02-01 00:00:00,776110703781,07,DW,01,E,37,072,HUERTA MONZALBO FELIX         ,1D,ACTIVO,40MJ12 ,2,F421,07GH,2026-01-01,2025-11-04,22181,8,,W0106217469,SMG,2026-01-06,LIR,52,2026-01-05 09:29:48,0706,L,R9933,40MJ12 ,0,Nor,60,MEDID NO TRABAJA,60,S,MED
2026-02-01 00:00:00,776110801091,08,DW,01,E,37,082,CHAN ORTEGON MARIANO          ,1D,ACTIVO,X070UF ,2,F622,19LM,2011-07-01,2011-08-10,2607,0,,W0106222526,SM2,2026-01-08,CDL,50,,,,,,,,,,,,GSC
2026-02-01 00:00:00,776111000342,08,DW,01,H,38,086,MARTINEZ COVIAN EDITH ELOISA  ,1B,ACTIVO,54T08C ,2,F62H,10KN,2026-02-01,2025-08-05,12143,179,,W0106179137,SMC,2025-12-08,LIR,81,2026-02-03 10:33:28,0829,L,GAC1M,54T08C ,0,Nor,53,UI SERV DIRECTO,53,S,MED
2026-02-01 00:00:00,776111200546,08,DW,01,H,38,085,MALDONADO LOPEZ LIGIA BEATRIZ ,1B,ACTIVO,XMR939 ,1,F123,24NX,2026-02-01,2025-12-05,0,0,,W0106175964,SMG,2025-12-05,LIR,84,2026-02-03 10:50:30,0828,L,9P167,XMR939 ,0,Nor,59,DISPLAY APAGADO,59,S,MED
2026-02-01 00:00:00,776120104002,12,DW,01,E,37,128,CIME AKE YARA ELIZABET        ,1D,ACTIVO,3BCL46 ,2,F623,25P2,2026-02-01,2026-02-05,32796,1192,,W0106180676,SMG,2025-12-09,01E,80,2026-02-05 10:13:31,1201,M,R9933,3BCL46 ,763,Opt,  ,,,,MED
2026-02-01 00:00:00,776120301398,08,DW,01,H,38,086,SOSA ALEMAN JOSE JACOBO       ,1B,ACTIVO,8AYG03 ,2,F623,25P2,2026-02-01,2026-02-03,106,106,,W0106179139,SMC,2025-12-08,LIR,81,2026-02-03 10:34:23,0829,L,GAC1M,8AYG03 ,106,Opt,  ,,,,MED
2026-02-01 00:00:00,776120800238,37,DW,01,M,31,371,HUCHIN PISTE IGNACIO          ,02,BAJA SIN MED RET,P441PV ,1,F123,18NM,2022-03-01,2050-01-01,0,0,,W0106255992,SMG,2026-01-27,LIR,31,,,,,,,,,,,,MED
2026-02-01 00:00:00,776130102725,18,DW,01,H,57,181,GONGORA HIPO EFFY DE LA FATIMA,1D,ACTIVO,5N6H16 ,2,F621,01F3,2026-02-01,2026-02-10,43610,1773,,W0106185897,SMG,2025-12-12,LIR,77,2026-02-10 11:53:06,1827,L,9P167,5N6H16 ,0,Nor,31,SERVICIO SIN USO,,,MED
2026-02-01 00:00:00,776130400297,07,DW,01,E,37,071,LARA ZAVALETA LILIANA         ,1D,ACTIVO,540RJ5 ,2,F622,12LJ,2013-03-01,2013-04-02,3,0,,W0106217462,SMG,2026-01-06,LIR,52,,,,,,,,,,,,MED
2026-02-01 00:00:00,776130500470,08,DW,01,H,38,086,BUTLER KENNETH GEORGE         ,1B,ACTIVO,T079XX ,2,F622,18LM,2026-02-01,2026-02-03,16917,345,,W0106179138,SMC,2025-12-08,LIR,81,2026-02-03 10:32:51,0829,L,GAC1M,T079XX ,0,Nor,53,UI SERV DIRECTO,53,S,MED
2026-02-01 00:00:00,776130801879,05,DW,01,H,42,051,KANTUN BRITO JOSE ARGELIO     ,02,ACTIVO,UM432R ,2,F623,21NY,2026-01-01,2026-01-02,14706,662,,W0106218831,SMC,2026-01-06,LIR,52,2026-01-06 09:09:34,0551,R,9JR2C,UM432R ,0,Nor,53,UI SERV DIRECTO,53,S,MED
2026-02-01 00:00:00,776131200640,22,DW,01,E,37,222,GUTIERREZ TROCHE ERICKA G     ,1D,ACTIVO,624B9X ,2,F622,13LM,2026-02-01,2026-02-12,14228,1292,,W0106189606,SMC,2025-12-15,LIR,74,2026-02-12 09:40:45,2203,M,9MCG8,624B9X ,17,Opt,  ,,,,MED
2026-02-01 00:00:00,774880801266,23,DW,01,E,02,238,ALBA ILIANA CANCHE DE P       ,1D,ACTIVO,69X3B4 ,2,F62H,09KN,2026-01-01,2026-01-15,62379,944,,W0106240821,SM2,2026-01-19,CCC,39,2026-01-15 11:19:32,2307,M,9ND9A,69X3B4 ,38568,Nor,  ,,FR,S,GSC
2026-02-01 00:00:00,776140100372,06,DW,01,E,37,062,POLANCO MAY PATRICIA NOEMI    ,1D,ACTIVO,857G1M ,2,F622,13LM,2026-02-01,2025-12-03,28604,353,,W0106262634,SMG,2026-01-30,LIR,28,2026-01-30 11:20:29,0607,L,9ND5H,857G1M ,0,Nor,64,P. INFRARROJO/MED. D,64,S,MED
2026-02-01 00:00:00,774900802191,33,DW,01,E,02,337,JULIAN MAGANA J               ,1D,ACTIVO,JBD415 ,2,F623,23NU,2024-01-01,2024-01-23,29141,1145,,W0106248268,SMG,2026-01-22,LIR,36,,,,,,,,,,,,MED
2026-02-01 00:00:00,776140204186,05,DW,01,H,42,052,MISS COUHUO JOEL MOISES       ,1B,CORTADO,907G8M ,2,F622,13LM,2026-01-01,2025-07-07,36342,0,,W0106213657,SMC,2026-01-03,LIR,55,2026-01-02 09:32:57,0527,L,9JR2C,907G8M ,0,Nor,53,UI SERV DIRECTO,53,S,MED
2026-02-01 00:00:00,776140300444,24,DW,01,H,39,245,PECH GARCIA LIGIA MARVILLA    ,1C,ACTIVO,510G2M ,2,F622,13LM,2026-02-01,2026-02-13,46564,671,,W0106193925,SMG,2025-12-17,LIR,72,2026-02-13 14:09:23,2428,L,9MCGE,510G2M ,671,Opt,  ,,,,MED
2026-02-01 00:00:00,776140302072,05,DW,01,H,42,051,PENA TUYUB MARIA MELISSA      ,1B,ACTIVO,747E1Y ,1,F122,13LN,2026-01-01,2025-08-30,31653,402,,W0106218825,SMC,2026-01-06,LIR,52,2026-01-06 11:13:55,0551,R,9JR2C,747E1Y ,0,Nor,53,UI SERV DIRECTO,53,S,MED
2026-02-01 00:00:00,776140401071,06,DW,01,E,37,062,BRICENO SALAZAR JANET MARGARIT,1D,ACTIVO,506G9M ,2,F622,13LM,2026-02-01,2026-01-30,32877,423,,W0106228249,SM2,2026-01-12,W12,46,2026-01-30 11:23:11,0607,L,9ND5H,506G9M ,423,Opt,  ,,,,GSC
2026-02-01 00:00:00,776140505534,04,DW,01,E,37,043,SANTOS TRINIDAD               ,1D,ACTIVO,RMD087 ,2,F623,24NY,2026-02-01,2026-01-29,33916,0,,W0106260802,SMC,2026-01-29,LIR,29,2026-01-29 11:18:20,0404,L,9MCG8,RMD087 ,0,Nor,53,UI SERV DIRECTO,53,S,MED
2026-02-01 00:00:00,776140802024,13,DW,01,H,55,131,SAROMI MEXICANA S  DE RL DE CV,02,ACTIVO,104G7N ,2,F622,13LM,2026-01-01,2026-01-08,1338,0,,W0106224734,SM2,2026-01-09,01A,49,2026-01-08 09:17:43,1326,L,9JRBT,104G7N ,0,Nor,31,SERVICIO SIN USO,LM,S,GSC
2026-02-01 00:00:00,776141008071,24,DW,01,E,37,242,RODRIGUEZ PEREZ ALBERTO ISMAEL,1D,ACTIVO,756T7H ,2,F622,14LM,2026-02-01,2025-10-15,55250,638,,W0106193547,SMG,2025-12-17,LIR,72,2026-02-13 10:56:54,2404,L,9MCG8,756T7H ,0,Nor,59,DISPLAY APAGADO,59,S,MED
2026-02-01 00:00:00,776141101887,29,DW,01,E,37,272,ALCOCER GONZALEZ MARIO EDUARDO,1D,ACTIVO,XW235B ,2,F622,21LM,2022-01-01,2022-01-18,44716,1845,,W0106245594,SM2,2026-01-21,01B,37,,,,,,,,,,,,GSC
2026-02-01 00:00:00,776150100443,16,DW,01,H,58,163,MARRON MARTINEZ ALEJANDRO     ,1D,CORTADO,985DLX ,2,F622,15LM,2026-02-01,2025-08-11,18045,334,,W0106184170,SMG,2025-12-11,LIR,78,2026-02-09 09:37:26,1628,L,9P167,985DLX ,0,Nor,59,DISPLAY APAGADO,59,S,MED
2026-02-01 00:00:00,776150101423,24,DW,01,E,37,242,ZARAZUA DIAZ ARIADNA          ,1D,ACTIVO,333T7A ,2,F622,14LM,2026-02-01,2026-02-13,50060,321,,W0106224753,SM2,2026-01-09,W12,49,2026-02-13 08:56:54,2404,L,9MCG8,333T7A ,321,Opt,  ,,,,GSC
2026-02-01 00:00:00,776150303158,24,DW,01,H,39,248,MARTINEZ ISLAS JORGE          ,02,ACTIVO,988N6D ,2,F622,14LM,2026-02-01,2026-02-13,2832,13,,W0106192687,SMC,2025-12-16,LIR,73,2026-02-13 13:00:00,2429,L,9P167,988N6D ,13,Opt,  ,,,,MED
2026-02-01 00:00:00,776150503131,24,DW,01,E,37,242,SOSA SANTOS ELLEN JANET       ,1D,ACTIVO,NR837M ,2,F623,20NU,2026-02-01,2026-02-13,4626,97,,W0106187888,SMC,2025-12-14,CDV,75,2026-02-13 09:07:32,2404,L,9MCG8,NR837M ,97,Opt,  ,,,,MED
2026-02-01 00:00:00,774920901145,23,DW,01,E,02,235,ELIZABETH NIVELO R            ,1D,ACTIVO,498T6A ,2,F622,14LM,2026-01-01,2026-01-16,28731,231,,W0106235893,SMG,2026-01-15,LIR,43,,,,,,,,,,,,MED
2026-02-01 00:00:00,776150900806,13,DW,01,H,55,132,LORIA CEBALLOS DORIAN FERNANDO,1C,ACTIVO,KJB057 ,2,F623,23NU,2026-01-01,2025-11-07,2777,42,,W0106224829,SMG,2026-01-09,01A,49,2026-01-08 12:17:57,1327,L,9MCGE,KJB057 ,98351,Opt,  ,,,,MED
2026-02-01 00:00:00,774970100542,40,DW,01,E,02,401,BRICENO CERVERA BLANCA GPE    ,1D,ACTIVO,941EB8 ,2,F62H,11KN,1999-06-01,1999-06-30,20866,666,,W0106210160,SMG,2025-12-30,LIR,59,,,,,,,,,,,,MED
2026-02-01 00:00:00,776160201361,02,DW,01,E,37,025,BRICENO CHAN WILMA GUADALUPE  ,1D,ACTIVO,340JHP ,2,F622,15LM,2026-02-01,2026-01-28,43538,789,,W0106216221,SM2,2026-01-05,CDC,53,2026-01-28 08:29:26,0207,L,R9933,340JHP ,789,Opt,  ,,,,GSC
2026-02-01 00:00:00,776160401387,36,DW,01,E,37,361,CACERES LOEZA RUBEN IVAN      ,1D,ACTIVO,A613LC ,2,F622,16LM,2016-08-01,2016-10-21,0,0,,W0106206801,SMG,2025-12-27,LIR,62,,,,,,,,,,,,MED
2026-02-01 00:00:00,776160404726,05,DW,01,H,42,052, MUNICIPIO DE CELESTUN        ,02,ACTIVO,48D9B0 ,2,F421,08KF,2026-01-01,2025-05-02,66851,1447,,W0106218830,SMC,2026-01-06,LIR,52,2026-01-06 09:11:52,0551,R,9JR2C,48D9B0 ,0,Nor,53,UI SERV DIRECTO,53,S,MED
2026-02-01 00:00:00,776160404939,07,DW,01,H,42,073,MEX PECH DARWIN ALBERTO       ,1B,ACTIVO,CVN184 ,2,F623,22NU,2022-11-01,2022-11-03,6503,973,,W0106218082,SMG,2026-01-06,LIR,52,,,,,,,,,,,,MED
2026-02-01 00:00:00,775170701544,27,DW,01,G,01,272,PERES MUNOZ MONICA DEL SOCORRO,1B,ACTIVO,X355UJ ,2,F622,19LM,2026-01-01,2026-01-19,34568,376,,W0106181284,SM2,2025-12-09,CDC,80,2026-01-19 10:49:39,2702,M,9BBMC,X355UJ ,-438,Opt,  ,,,,GSC
2026-02-01 00:00:00,776160804872,38,DW,01,E,37,383,CORDOVA ROMERO LUCIA DEL CARME,1D,ACTIVO,7BCB08 ,2,F623,25P2,2026-02-01,2026-02-24,1665,610,,W0106229730,SM2,2026-01-13,W1Z,45,2026-02-24 12:10:34,3801,M,GAKJM,7BCB08 ,610,Opt,  ,,,,GSC
2026-02-01 00:00:00,776050401900,07,DW,01,H,42,073,ROGELIO TZUC ALONZO           ,1B,ACTIVO,6E937Y ,1,F121,05JL,2026-01-01,2026-01-07,49667,449,,W0106218096,SMC,2026-01-06,LIR,52,2026-01-05 10:53:54,0728,L,9JR2C,6E937Y ,0,Nor,53,UI SERV DIRECTO,53,S,MED
2026-02-01 00:00:00,776081100819,02,DW,01,E,37,028,CRUZ CHACON WILLIAM DE LOS A  ,1D,ACTIVO,93C1N1 ,2,F621,08KG,2026-02-01,2026-01-28,46606,906,,W0106169598,SMG,2025-12-02,LIR,87,2026-01-28 09:35:54,0204,L,9MCG8,93C1N1 ,906,Nor,  ,,,,MED
2026-02-01 00:00:00,776090401473,13,DW,01,E,37,131,ABAN GONGORA PABLO ROBERTO    ,1D,ACTIVO,03U5J4 ,2,F62H,09KN,2009-03-01,2009-04-08,1,0,,W0106224186,SMG,2026-01-09,LIR,49,,,,,,,,,,,,MED
2026-02-01 00:00:00,776170103139,13,DW,01,H,55,131,CATZIN COUOH LUCIANO          ,1C,ACTIVO,A417KF ,2,F622,16LM,2026-01-01,2025-09-05,14504,186,,W0106224335,SMC,2026-01-09,LIR,49,2026-01-08 10:36:54,1326,L,9JRBT,A417KF ,0,Nor,53,UI SERV DIRECTO,53,S,MED
2026-02-01 00:00:00,776100804024,07,DW,01,E,37,071,ORDAZ TAMAYO GRISSEL GUADALUPE,1D,ACTIVO,63D28P ,2,F62H,10KN,2026-01-01,2026-01-06,33788,304,,W0106217452,SMG,2026-01-06,LIR,52,,,,,,,,,,,,MED
2026-02-01 00:00:00,776170502076,18,DW,01,H,57,181,JIMENEZ TREJO LINO            ,1D,ACTIVO,A399KK ,2,F622,16LM,2026-02-01,2026-02-10,7089,73,,W0106242549,SM2,2026-01-20,CDB,38,2026-02-10 09:59:27,1827,L,9P167,A399KK ,73,Opt,  ,,,,GSC
2026-02-01 00:00:00,776170600906,07,DW,01,H,42,073,POOT PECH JOSE ABRAHAM        ,1B,ACTIVO,DXR237 ,1,F123,22NX,2023-09-01,2023-09-04,12316,6618,,W0106218080,SMG,2026-01-06,LIR,52,,,,,,,,,,,,MED
2026-02-01 00:00:00,776170701265,21,DW,01,E,37,212,AKE CAAMAL ROSA ELENA         ,1D,ACTIVO,G816MR ,2,F622,17LM,2017-06-01,2017-07-13,0,0,,W0106237059,SM2,2026-01-16,W12,42,,,,,,,,,,,,GSC
2026-02-01 00:00:00,776170804391,05,DW,01,H,42,054,COUOH CRUZ ELENA GUADALUPE    ,1B,ACTIVO,3ATP28 ,2,F623,25P2,2026-01-01,2025-10-01,7894,343,,W0106218834,SMC,2026-01-06,LIR,52,2026-01-06 08:56:55,0551,R,9JR2C,F261CG ,0,Nor,53,UI SERV DIRECTO,53,S,MED
2026-02-01 00:00:00,776170902295,18,DW,01,H,57,181,CANCHE COCOM MARTIN ROBERTO   ,1D,ACTIVO,975RBR ,1,F122,16LN,2026-02-01,2025-08-12,7714,0,,W0106189339,SM2,2025-12-15,MED,74,2026-02-10 10:35:02,1827,L,9P167,975RBR ,0,Nor,59,DISPLAY APAGADO,59,S,GSC
2026-02-01 00:00:00,776100804199,23,DW,01,H,40,233,KOYOC CAAMAL MARICELA DEL C   ,1C,ACTIVO,NK445T ,2,F623,20NU,2026-01-01,2025-11-14,11878,218,,W0106238013,SMC,2026-01-16,LIR,42,2026-01-16 15:35:07,2351,R,9JR2C,NK445T ,0,Nor,53,UI SERV DIRECTO,53,S,MED
2026-02-01 00:00:00,776110402129,31,DW,01,E,37,312,LUNA MARIN DOROTEA YOLANDA    ,1D,ACTIVO,72N55L ,2,F62H,10KN,2026-01-01,2026-01-21,45122,264,,W0106250138,SM2,2026-01-23,01E,35,,,,,,,,,,,,GSC
2026-02-01 00:00:00,776180103951,05,DW,01,H,42,053,POOL LOEZA BERNARDO           ,1B,BAJA SIN MED RET,H824LM ,1,F122,17LN,2026-01-01,2026-01-06,10141,0,,W0106218833,SMC,2026-01-06,LIR,52,,,,,,,,,,,,MED
2026-02-01 00:00:00,776180200876,31,DW,01,E,37,314,ABAN MEDINA JUAN MANUEL       ,02,ACTIVO,H909LM ,1,F122,17LN,2026-01-01,2026-01-21,4129,81,,W0106237267,S05,2026-01-16,CDD,42,,,,,,,,,,,,CCC
2026-02-01 00:00:00,776180201775,11,DW,01,E,37,112,VILLALOBOS PASTELIN ITZEL ALEJ,1D,ACTIVO,M333RK ,2,F622,17LM,2026-01-01,2025-09-04,22894,363,,W0106222100,SM2,2026-01-08,MED,50,2026-01-07 11:08:51,1101,M,GA00N,M333RK ,0,Nor,59,DISPLAY APAGADO,59,S,GSC
2026-02-01 00:00:00,776110700201,07,DW,01,E,37,071,AGUILAR IZQUIERDO LUIS FRANCIS,1D,ACTIVO,21N27L ,2,F62H,10KN,2026-01-01,2026-01-06,52357,475,,W0106217455,SMG,2026-01-06,LIR,52,,,,,,,,,,,,MED
2026-02-01 00:00:00,776180503291,20,DW,01,E,37,201,PONCE DE ITA PAUL             ,02,ACTIVO,82W25G ,2,F62H,11KN,2018-04-01,2018-05-19,0,0,,W0106188717,SMG,2025-12-15,LIR,74,,,,,,,,,,,,MED
2026-02-01 00:00:00,776180704289,08,DW,01,E,37,082,NAVARRETE BASTO ALEJANDRO DE J,1D,ACTIVO,5AAF92 ,2,F623,25NY,2025-06-01,2025-06-04,27173,0,,W0106175182,SMC,2025-12-04,LIR,85,2025-06-04 09:48:33,0801,M,GA83N,JDA739 ,0,Nor,53,UI SERV DIRECTO,53,S,MED
2026-02-01 00:00:00,776180800539,11,DW,01,E,37,114,OROZCO GONZALEZ AURORA BERENIC,1D,ACTIVO,P096FY ,2,F623,18NN,2026-01-01,2025-11-06,23958,120,,W0106222190,SM2,2026-01-08,MED,50,2026-01-07 10:52:53,1108,M,9ND5H,P096FY ,0,Nor,56,NO HAY MEDIDOR,56,S,GSC
2026-02-01 00:00:00,776180800571,18,DW,01,H,57,181,CANCHE CANCHE MARIA LILIANA   ,1D,ACTIVO,CM084E ,1,F123,19NM,2026-02-01,2024-08-12,6488,225,,W0106185896,SMC,2025-12-12,LIR,77,2026-02-10 11:07:12,1827,L,9P167,CM084E ,0,Nor,53,UI SERV DIRECTO,53,S,MED
2026-02-01 00:00:00,776180802132,11,DW,01,E,37,114,PEREYRA FISHER SELENE IVETTE  ,1D,ACTIVO,P836FY ,2,F623,18NN,2026-01-01,2026-01-07,35054,144,,W0106197432,SM2,2025-12-18,CDB,71,2026-01-07 10:18:09,1108,M,9ND5H,P836FY ,144,Opt,  ,,,,GSC
2026-02-01 00:00:00,776131201778,07,DW,01,H,42,071,SABIDO MAY JORGE MANUEL       ,1B,ACTIVO,3B06X9 ,1,F121,03GG,2026-01-01,2025-07-04,11251,0,,W0106218073,SMC,2026-01-06,LIR,52,2026-01-05 14:16:34,0726,L,9P167,3B06X9 ,0,Nor,53,UI SERV DIRECTO,53,S,MED
2026-02-01 00:00:00,776181201221,07,DW,01,H,42,073,DZUL PEREZ DANIELA G          ,1B,ACTIVO,L736FN ,1,F122,18LN,2026-01-01,2026-01-07,15355,0,,W0106218107,SMG,2026-01-06,LIR,52,2026-01-05 09:39:25,0728,L,9JR2C,L736FN ,0,Opt,60,MEDID NO TRABAJA,60,S,MED
2026-02-01 00:00:00,776181201256,05,DW,01,H,42,053,ARENAS ROSAS OMAR             ,1B,ACTIVO,P313GM ,2,F623,18NN,2026-01-01,2026-01-06,552,0,,W0106213682,SMC,2026-01-03,LIR,55,2026-01-02 15:50:05,0528,L,9MCGE,P313GM ,0,Nor,53,UI SERV DIRECTO,53,S,MED
2026-02-01 00:00:00,776190200629,05,DW,01,H,42,052,OJEDA PINTO MIRLY G           ,1B,ACTIVO,P422PV ,1,F123,18NM,2026-01-01,2026-01-02,6660,0,,W0106213671,SMC,2026-01-03,LIR,55,2026-01-03 12:27:20,0527,L,9JR2C,P422PV ,0,Opt,32,UI DERIVACION,32,S,MED
2026-02-01 00:00:00,776190300127,29,DW,01,H,51,291,POLANCO VARGUEZ SERGIO ALEJAND,1C,ACTIVO,385LVT ,1,F122,16LN,2026-01-01,2025-11-20,2830,200,,W0106242793,SMC,2026-01-20,LIR,38,2026-01-20 11:57:12,2926,L,9JRBT,385LVT ,0,Nor,53,UI SERV DIRECTO,53,S,MED
2026-02-01 00:00:00,776190300542,05,DW,01,H,42,051,AVILA NUNEZ MARTIN JESUS      ,1B,ACTIVO,AWH518 ,1,F123,22NX,2022-11-01,2022-11-02,6856,0,,W0106218826,SMC,2026-01-06,LIR,52,,,,,,,,,,,,MED
2026-02-01 00:00:00,776190400202,24,DW,01,H,39,246,ALTAN REDES S A P I DE C V    ,02,ACTIVO,803DMD ,2,F622,15LM,2026-02-01,2025-10-15,51752,1489,,W0106192913,SMC,2025-12-16,W1D,73,2026-02-13 12:20:00,2427,L,9JRBT,803DMD ,0,Nor,53,UI SERV DIRECTO,53,S,MED
2026-02-01 00:00:00,776190800154,05,DW,01,H,42,053,PUC CANCHE ANGEL DE JESUS     ,1B,CORTADO,MK850Y ,2,F623,20NU,2019-07-01,2019-08-06,0,0,,W0106213680,SMC,2026-01-03,LIR,55,,,,,,,,,,,,MED
2026-02-01 00:00:00,776190800481,05,DW,01,H,42,052,SOLIS ALDARA PAULA A          ,02,ACTIVO,U276GY ,1,F123,18NM,2026-01-01,2025-08-30,1353,2,,W0106213667,SMG,2026-01-03,LIR,55,2026-01-03 11:51:33,0527,L,9JR2C,U276GY ,0,Nor,64,P. INFRARROJO/MED. D,64,S,MED
2026-02-01 00:00:00,776190900396,05,DW,01,H,42,051,EUAN AKE JAVIER ANTONIO       ,1B,BAJA SIN MED RET,LAV573 ,1,F123,23NX,2024-07-01,2024-07-03,1424,301,,W0106218824,SMC,2026-01-06,LIR,52,,,,,,,,,,,,MED
2026-02-01 00:00:00,776140203112,05,DW,01,H,42,051,CHAN CHUC FRANCISCO J         ,1B,BAJA SIN MED RET,787E3Y ,1,F122,13LN,2026-01-01,2026-01-02,1596,0,,W0106213655,SMC,2026-01-03,LIR,55,,,,,,,,,,,,MED
2026-02-01 00:00:00,776150700980,05,DW,01,H,42,053,MAY RUBIO FRAGEDES DEL SOCORRO,1B,ACTIVO,063W2C ,1,F122,14LN,2026-01-01,2026-01-06,8426,56,,W0106213678,SMC,2026-01-03,LIR,55,2026-01-02 15:06:49,0528,L,9MCGE,063W2C ,0,Nor,53,UI SERV DIRECTO,53,S,MED
2026-02-01 00:00:00,776151002364,23,DW,01,E,37,238,MAY CANCHE JUAN GABRIEL       ,1D,ACTIVO,894FMR ,2,F622,15LM,2026-01-01,2026-01-16,7909,133,,W0106235636,SMG,2026-01-15,LIR,43,,,,,,,,,,,,MED
2026-02-01 00:00:00,775220601180,07,DW,01,G,01,072,RUTA HACIA EL PROGRESO        ,02,ACTIVO,WNV452 ,2,F623,24P2,2026-01-01,2025-09-02,1250,62,,W0106216550,SMC,2026-01-05,LIR,53,2026-01-05 17:06:58,0701,L,R9962,WNV452 ,0,Nor,53,UI SERV DIRECTO,53,S,MED
2026-02-01 00:00:00,775981102055,35,DW,01,G,04,356,JOSE CELESTINO PECH N         ,1B,ACTIVO,RR135L ,1,F123,21NX,2022-09-01,2022-09-26,51403,376,,W0106250322,SMC,2026-01-23,LIR,35,,,,,,,,,,,,MED
2026-02-01 00:00:00,776200200207,16,DW,01,H,58,163,PERZABAL LOPEZ FRANCISCO JAVIE,1D,ACTIVO,0DAR91 ,1,F123,25NX,2026-02-01,2025-09-29,0,0,,W0106188970,SM2,2025-12-15,MED,74,2026-02-09 10:13:47,1628,L,9P167,0DAR91 ,0,Nor,59,DISPLAY APAGADO,59,S,GSC
2026-02-01 00:00:00,776200800778,18,DW,01,H,44,182,AGUILAR BRISENO ARICELA       ,1D,ACTIVO,19X3F1 ,2,F62F,09K6,2026-02-01,2025-10-10,15917,377,,W0106185892,SMG,2025-12-12,LIR,77,2026-02-10 11:28:57,1826,L,9MCGE,19X3F1 ,0,Nor,60,MEDID NO TRABAJA,60,S,MED
2026-02-01 00:00:00,776200900616,28,DW,01,H,36,288,CANTE UICAB TERESA DE JESUS   ,1C,ACTIVO,BE798X ,2,F623,19NV,2026-02-01,2025-08-19,5900,8,,W0106199250,SMG,2025-12-19,01A,70,2026-02-17 12:30:41,2828,L,9P167,BE798X ,94130,Opt,  ,,,,MED
2026-02-01 00:00:00,776210200990,05,DW,01,H,42,051,CHUIL CANCHE NIDIA ISABEL     ,1B,ACTIVO,MF793V ,2,F623,20NU,2026-01-01,2024-05-02,3029,191,,W0106213651,SMC,2026-01-03,LIR,55,2026-01-02 11:58:53,0526,L,9JRBT,MF793V ,0,Nor,53,UI SERV DIRECTO,53,S,MED
2026-02-01 00:00:00,776210300081,07,DW,01,H,42,073,MENDEZ SANTOS JESUS           ,1B,ACTIVO,LF963Y ,1,F123,20NT,2026-01-01,2026-01-07,11123,247,,W0106218104,SMC,2026-01-06,LIR,52,2026-01-05 09:45:50,0728,L,9JR2C,LF963Y ,0,Nor,53,UI SERV DIRECTO,53,S,MED
2026-02-01 00:00:00,776160900481,09,DW,01,E,37,091,VERA ROMERO LUIS ANDRES       ,1D,ACTIVO,887JHX ,2,F622,15LM,2026-01-01,2026-01-08,35407,119,,W0106219706,SMG,2026-01-07,LIR,51,,,,,,,,,,,,MED
2026-02-01 00:00:00,776210800300,07,DW,01,H,42,071,BORUNDA TREVINO HUMBERTO HERCU,1B,ACTIVO,MK849Y ,2,F623,20NU,2026-01-01,2026-01-07,13073,496,,W0106220863,SMG,2026-01-07,LIR,51,2026-01-07 11:20:11,0751,R,9JR2C,MK849Y ,0,Nor,64,P. INFRARROJO/MED. D,64,S,MED
2026-02-01 00:00:00,776210800636,31,DW,01,H,48,311,DZIB MAY JOSE GUADALUPE       ,02,ACTIVO,2AXT47 ,2,F623,25P2,2025-09-01,2025-09-22,2788,0,,W0106227444,SM2,2026-01-12,W1H,46,,,,,,,,,,,,GSC
2026-02-01 00:00:00,776210800792,05,DW,01,H,42,052,PEREZ PENA MIGUEL HILARIO     ,1B,CORTADO,MK608W ,2,F623,20NU,2026-01-01,2024-07-03,39447,2576,,W0106213668,SMC,2026-01-03,LIR,55,2026-01-03 12:18:17,0527,L,9JR2C,MK608W ,0,Nor,53,UI SERV DIRECTO,53,S,MED
2026-02-01 00:00:00,776210800881,16,DW,01,H,58,163,ARROYO SERRALTA GABRIELA ASUNC,1D,CORTADO,347R2U ,1,F122,14LN,2026-02-01,2025-10-09,8,0,,W0106184171,SMG,2025-12-11,LIR,78,2026-02-09 09:41:15,1628,L,9P167,347R2U ,0,Nor,59,DISPLAY APAGADO,59,S,MED
2026-02-01 00:00:00,776161102103,29,DW,01,H,54,292,CHI UC MERCEDES               ,1C,ACTIVO,FJU968 ,1,F123,22NX,2026-01-01,2025-11-20,8151,468,,W0106242801,SMC,2026-01-20,LIR,38,2026-01-20 08:49:59,2927,L,9JR2C,FJU968 ,0,Nor,53,UI SERV DIRECTO,53,S,MED
2026-02-01 00:00:00,776211201086,05,DW,01,H,42,052,VILLANUEVA MORA RICARDO ALEJAN,1B,ACTIVO,YH094P ,2,F623,21NU,2026-01-01,2025-08-29,20691,665,,W0106213669,SMC,2026-01-03,LIR,55,2026-01-03 12:18:38,0527,L,9JR2C,YH094P ,0,Nor,53,UI SERV DIRECTO,53,S,MED
2026-02-01 00:00:00,776170301267,28,DW,01,E,37,282,PADILLA MENDOZA CHRISTIAN TAMA,1D,ACTIVO,A322KX ,2,F622,16LM,2026-02-01,2026-02-17,16819,302,,W0106229559,SM2,2026-01-13,W12,45,2026-02-17 12:14:35,2801,M,R9933,A322KX ,302,Opt,  ,,,,GSC
2026-02-01 00:00:00,776171103906,11,DW,01,E,37,112,MUNOZ MARTINEZ JAZMIN         ,1D,ACTIVO,J345GC ,2,F622,17LM,2026-01-01,2025-11-06,41151,638,,W0106223020,SMG,2026-01-08,LIR,50,2026-01-08 12:27:38,1151,N,9NCYE,J345GC ,0,Nor,64,P. INFRARROJO/MED. D,64,S,MED
2026-02-01 00:00:00,776180401901,05,DW,01,H,42,053,PALOMINO CONCHA CARLOS DANIEL ,1B,ACTIVO,MA827W ,2,20NU,20NU,2022-01-01,2022-01-03,687,0,,W0106218832,SMC,2026-01-06,LIR,52,,,,,,,,,,,,MED
2026-02-01 00:00:00,776220600911,24,DW,01,H,39,246,HERNANDEZ ACUNA JOSE LUIS     ,1C,ACTIVO,YJ480M ,2,F623,21NU,2026-02-01,2025-12-16,9733,115,,W0106256675,SM2,2026-01-27,CDV,31,2026-02-13 13:18:49,2427,L,9JRBT,YJ480M ,0,Nor,53,UI SERV DIRECTO,53,S,GSC
2026-02-01 00:00:00,776220600945,13,DW,01,H,55,131,AGUILAR CEDI ADRIANA          ,1C,ACTIVO,YC538E ,2,F623,21NU,2026-01-01,2025-11-07,2138,15,,W0106224803,SM2,2026-01-09,01A,49,2026-01-08 08:50:14,1326,L,9JRBT,YC538E ,0,Nor,59,DISPLAY APAGADO,59,S,GSC
2026-02-01 00:00:00,776160501390,09,DW,01,E,37,091,RAMIREZ LOPEZ KARLA IMELDA    ,02,ACTIVO,704JJE ,2,F622,15LM,2026-01-01,2026-01-08,10753,226,,W0106219704,SMG,2026-01-07,LIR,51,,,,,,,,,,,,MED
2026-02-01 00:00:00,776220701229,08,DW,01,H,38,085,COB ESQUIVEL DIANESLY MARICRUZ,1B,ACTIVO,RR736F ,1,F123,21NX,2026-02-01,2025-12-05,0,0,,W0106176667,SMC,2025-12-05,LIR,84,2026-02-03 11:20:43,0828,L,9P167,RR736F ,0,Nor,59,DISPLAY APAGADO,59,S,MED
2026-02-01 00:00:00,776220800634,18,DW,01,H,44,182,ORTEGA H LUZ ELSA LUZ         ,1D,ACTIVO,UL847D ,2,F623,21NY,2023-10-01,2023-10-11,1,1,,W0106185894,SMC,2025-12-12,LIR,77,,,,,,,,,,,,MED
2026-02-01 00:00:00,776220901040,07,DW,01,H,42,071,CAUICH ITZA POLICARPO         ,1B,ACTIVO,TU323F ,1,F123,21NX,2026-01-01,2025-11-06,610,62,,W0106220856,SMC,2026-01-07,LIR,51,2026-01-07 11:32:40,0751,R,9JR2C,TU323F ,0,Nor,53,UI SERV DIRECTO,53,S,MED
2026-02-01 00:00:00,776221001034,31,DW,01,H,48,311,DZIB MAY JOSE GUADALUPE       ,1C,ACTIVO,2AXT46 ,2,F623,25P2,2024-11-01,2024-11-21,1038,54,,W0106252598,SM2,2026-01-26,W1H,32,,,,,,,,,,,,GSC
2026-02-01 00:00:00,776221200410,07,DW,01,H,42,073,GOMEZ ROSADO MARGARITA ISABEL ,1B,ACTIVO,AWH073 ,1,F123,22NX,2026-01-01,2026-01-07,894,0,,W0106218095,SMG,2026-01-06,LIR,52,2026-01-05 11:10:52,0728,L,9JR2C,AWH073 ,0,Opt,60,MEDID NO TRABAJA,60,S,MED
2026-02-01 00:00:00,776230100096,24,DW,01,H,39,248,MANRIQUE SAIDE PABLO CAMILO   ,1C,ACTIVO,6AAB19 ,2,F623,25NY,2026-02-01,2025-08-18,748,2,,W0106189287,SM2,2025-12-15,MED,74,2026-02-13 09:06:49,2429,L,9P167,6AAB19 ,0,Nor,59,DISPLAY APAGADO,59,S,GSC
2026-02-01 00:00:00,776230200589,04,DW,01,H,36,047,DZUL GIL CRUZI DEL ROSARIO    ,1C,ACTIVO,4AYK16 ,2,F623,25P2,2026-02-01,2026-02-17,0,0,,W0106261340,SMC,2026-01-29,LIR,29,2026-01-29 11:03:38,0427,L,GAC1M,746WYJ ,0,Nor,53,UI SERV DIRECTO,53,S,MED
2026-02-01 00:00:00,776160900201,05,DW,01,H,42,051,PUC POOT ADRIANA NOEMI        ,1B,ACTIVO,572HRM ,1,F122,15LN,2026-01-01,2026-01-02,12745,652,,W0106213654,SMG,2026-01-03,LIR,55,,,,,,,,,,,,MED
2026-02-01 00:00:00,776230500809,07,DW,01,H,42,073,ESCAMILLA VILLANUEVA CAROLINA ,1B,CORTADO,UC620W ,2,F623,21NY,2026-01-01,2025-05-05,5799,517,,W0106218090,SMC,2026-01-06,LIR,52,2026-01-05 13:18:47,0728,L,9JR2C,UC620W ,0,Nor,53,UI SERV DIRECTO,53,S,MED
2026-02-01 00:00:00,776230600692,05,DW,01,H,42,054,DZUL KUK SEYLER MARITSA       ,1B,ACTIVO,UW570H ,2,F623,21NY,2026-01-01,2025-10-01,3854,0,,W0106212622,SMC,2026-01-02,MED,56,2026-01-02 14:34:19,0529,L,9P167,UW570H ,0,Nor,53,UI SERV DIRECTO,53,S,MED
2026-02-01 00:00:00,776230600927,07,DW,01,H,42,073,LOPEZ CAJUN ALBERTO CANDELARIO,1B,ACTIVO,FKE437 ,1,F123,22NX,2026-01-01,2025-11-04,2822,270,,W0106218093,SMC,2026-01-06,LIR,52,2026-01-05 13:12:17,0728,L,9JR2C,FKE437 ,0,Nor,53,UI SERV DIRECTO,53,S,MED
2026-02-01 00:00:00,776230801051,06,DW,01,H,36,066,BAAS CUYTUN JOSE ISMAEL       ,1C,ACTIVO,JBM403 ,2,F623,23NU,2026-02-01,2026-01-30,2309,311,,W0106173581,SMC,2025-12-04,LIR,85,2026-01-30 10:37:08,0627,L,GAC1M,JBM403 ,311,Opt,  ,,,,MED
2026-02-01 00:00:00,776230900301,07,DW,01,H,42,073,ZAPATA ZALDIVAR VICENTE       ,1B,ACTIVO,REH665 ,2,F623,24NY,2026-01-01,2026-01-05,3598,310,,W0106218097,SMG,2026-01-06,LIR,52,2026-01-05 10:51:29,0728,L,9JR2C,REH665 ,0,Opt,60,MEDID NO TRABAJA,60,S,MED
2026-02-01 00:00:00,776231000320,31,DW,01,H,53,313,NOVELO MAY CARLOS FERNANDO    ,1C,CORTADO,8ANK00 ,1,F123,25NX,2025-09-01,2025-09-22,529,0,,W0106245890,SMC,2026-01-21,LIR,37,,,,,,,,,,,,MED
2026-02-01 00:00:00,776210900452,07,DW,01,H,42,071,NOVELO VILLANUEVA LINA GUADALU,1B,ACTIVO,6VJ941 ,1,F121,00GG,2026-01-01,2025-01-03,3564,8,,W0106218072,SMG,2026-01-06,LIR,52,2026-01-05 09:47:36,0726,L,9P167,6VJ941 ,0,Nor,60,MEDID NO TRABAJA,60,S,MED
2026-02-01 00:00:00,776220600511,07,DW,01,H,42,073,CAUICH CANUL LUIS GENARO      ,1B,ACTIVO,TB038J ,1,F123,21NX,2026-01-01,2026-01-07,867,0,,W0106218094,SMG,2026-01-06,LIR,52,2026-01-05 13:09:30,0728,L,9JR2C,TB038J ,0,Opt,60,MEDID NO TRABAJA,60,S,MED
2026-02-01 00:00:00,776231100332,05,DW,01,H,42,054,MAY NOVELO MARCOS RAYMUNDO    ,1B,ACTIVO,DXM373 ,1,F123,22NX,2026-01-01,2025-08-29,969,0,,W0106213689,SMC,2026-01-03,LIR,55,2026-01-02 16:15:54,0529,L,9P167,DXM373 ,0,Nor,53,UI SERV DIRECTO,53,S,MED
2026-02-01 00:00:00,776231100502,05,DW,01,H,42,054,NAAL ANGULO AARAI             ,1B,ACTIVO,GGT415 ,1,F123,23NX,2026-01-01,2026-01-02,73,0,,W0106213684,SMC,2026-01-03,LIR,55,2026-01-02 10:45:50,0529,L,9P167,GGT415 ,0,Opt,32,UI DERIVACION,32,S,MED
2026-02-01 00:00:00,776231100529,07,DW,01,H,42,073,TZUC HERRERA KENNIA ELAYNI    ,1B,ACTIVO,AWD775 ,1,F123,22NX,2026-01-01,2026-01-07,2200,200,,W0106218098,SMC,2026-01-06,LIR,52,2026-01-05 10:50:27,0728,L,9JR2C,AWD775 ,0,Nor,53,UI SERV DIRECTO,53,S,MED
2026-02-01 00:00:00,776220600821,05,DW,01,H,42,054,VARGUEZ LIZAMA YONI KLISMAN   ,1B,CORTADO,YB040R ,2,F623,21NU,2026-01-01,2025-08-29,5447,293,,W0106213683,SMC,2026-01-03,LIR,55,2026-01-02 10:29:07,0529,L,9P167,YB040R ,0,Nor,53,UI SERV DIRECTO,53,S,MED
2026-02-01 00:00:00,776240200676,05,DW,01,H,42,052,PEREZ UICAB ROSA MARIA        ,02,ACTIVO,LGD488 ,1,F123,23NX,2026-01-01,2026-01-02,19,0,,W0106213666,SMC,2026-01-03,LIR,55,2026-01-03 11:39:17,0527,L,9JR2C,LGD488 ,0,Opt,32,UI DERIVACION,32,S,MED
2026-02-01 00:00:00,776240200820,07,DW,01,H,42,073,MANZANILLA AYALA EDDIE ALBERTO,1B,ACTIVO,KUR613 ,1,F123,23NX,2026-01-01,2025-11-04,480,46,,W0106218077,SMG,2026-01-06,LIR,52,2026-01-05 13:57:23,0728,L,9JR2C,KUR613 ,0,Opt,60,MEDID NO TRABAJA,60,S,MED
2026-02-01 00:00:00,776240200846,05,DW,01,H,42,051,PEREZ BAAS LUIS ROGELIO DE ATO,1B,ACTIVO,KUP877 ,1,F123,23NX,2026-01-01,2026-01-06,1680,187,,W0106213652,SMG,2026-01-03,LIR,55,2026-01-02 12:03:45,0526,L,9JRBT,KUP877 ,0,Opt,60,MEDID NO TRABAJA,60,S,MED
2026-02-01 00:00:00,776240400586,07,DW,01,H,42,073,CARDOSO ROSEL WENDY N         ,1B,ACTIVO,FJP886 ,1,F123,22NX,2026-01-01,2025-11-04,1216,0,,W0106218079,SMG,2026-01-06,LIR,52,2026-01-05 11:29:51,0728,L,9JR2C,FJP886 ,0,Opt,60,MEDID NO TRABAJA,60,S,MED
2026-02-01 00:00:00,776240401124,07,DW,01,H,42,073,PEREZ MENDEZ JAZMIN           ,1B,ACTIVO,JFH776 ,2,F623,23NU,2026-01-01,2025-11-04,1,0,,W0106218078,SMG,2026-01-06,LIR,52,2026-01-05 13:40:27,0728,L,9JR2C,JFH776 ,0,Nor,64,P. INFRARROJO/MED. D,64,S,MED
2026-02-01 00:00:00,776240800649,31,DW,01,H,48,312,POOT BAAS SAMUEL SANTIAGO     ,1C,ACTIVO,RDM428 ,2,F623,24NY,2026-01-01,2025-09-22,124,55,,W0106246005,SMG,2026-01-21,LIR,37,2026-01-22 09:50:46,3151,R,9JR2C,RDM428 ,0,Opt,60,MEDID NO TRABAJA,60,S,MED
2026-02-01 00:00:00,776241200289,23,DW,01,H,40,233,CHAN COOL HERNAN              ,1C,ACTIVO,WNU759 ,2,F623,24P2,2026-01-01,2026-01-15,6,0,,W0106235917,SMC,2026-01-15,LIR,43,2026-01-15 12:46:10,2328,L,9P167,WNU759 ,0,Opt,32,UI DERIVACION,32,S,MED
2026-02-01 00:00:00,776250100416,05,DW,01,H,42,053,ESTRADA CHAVEZ YURI ANALI     ,1B,ACTIVO,RFR292 ,2,F623,24NY,2026-01-01,2025-10-01,6040,1374,,W0106213676,SMG,2026-01-03,LIR,55,2026-01-02 14:41:13,0528,L,9MCGE,RFR292 ,0,Opt,60,MEDID NO TRABAJA,60,S,MED
2026-02-01 00:00:00,776250500058,07,DW,01,H,42,073,CHAY CASTRO REINA ISABEL      ,1B,ACTIVO,PJU570 ,1,F123,24NX,2026-01-01,2025-11-04,2430,810,,W0106218106,SMG,2026-01-06,LIR,52,2026-01-05 09:40:59,0728,L,9JR2C,PJU570 ,0,Opt,60,MEDID NO TRABAJA,60,S,MED
2026-02-01 00:00:00,776191000160,07,DW,01,H,42,072,COUOH CHAN ALICIA G           ,1B,SUJETO A CORTE,Y911BW ,2,F623,19NU,2026-01-01,2026-01-07,9743,14,,W0106218076,SMG,2026-01-06,LIR,52,2026-01-05 14:11:45,0727,L,GAE7M,Y911BW ,0,Nor,60,MEDID NO TRABAJA,60,S,MED
2026-02-01 00:00:00,776250701304,05,DW,01,H,42,052,CRUZ CANTON AIDE JUDITH       ,1B,ACTIVO,115X9T ,2,F622,14LM,2025-09-01,2025-08-29,30,30,,W0106213670,SMC,2026-01-03,LIR,55,,,,,,,,,,,,MED
2026-02-01 00:00:00,776250701525,34,DW,01,H,36,344,DZUL EK MIGUEL ANGEL          ,1C,ACTIVO,NM830J ,2,F623,20NU,2026-02-01,2026-02-21,3,0,,W0106205893,SMG,2025-12-26,LIR,63,2026-02-21 11:04:13,3451,R,9EMME,NM830J ,0,Nor,56,NO HAY MEDIDOR,56,S,MED
2026-02-01 00:00:00,776250800485,24,DW,01,H,39,247,SOSA GARCIA LUCERO NOEMY      ,1C,ACTIVO,3DVM29 ,2,F623,25NY,2026-02-01,2025-10-15,0,0,,W0106192686,SMC,2025-12-16,LIR,73,2026-02-16 15:56:45,2451,R,9JR2C,3DVM29 ,0,Nor,53,UI SERV DIRECTO,53,S,MED
2026-02-01 00:00:00,776250800990,08,DW,01,H,38,084,CHOCH ESTRELLA HANNEL DAYDALIN,1B,ACTIVO,3DWC56 ,2,F623,25NY,2026-02-01,2026-02-03,0,0,,W0106253762,SMC,2026-01-26,W1D,32,2026-02-03 10:57:58,0827,L,9JRBT,3DWC56 ,0,Nor,31,SERVICIO SIN USO,LM,S,MED
2026-02-01 00:00:00,776250801023,24,DW,01,H,39,247,LARA RIVAS CARLOS ADRIAN      ,1C,ACTIVO,5BDX82 ,2,F623,25P2,2026-02-01,2026-02-13,95,55,,W0106196503,SMC,2025-12-18,LIR,71,2026-02-13 11:45:32,2429,L,9P167,5BDX82 ,25,Opt,  ,,,,MED
2026-02-01 00:00:00,776251000296,29,DW,01,H,56,293,COOL CHUC ANA ESTHER          ,1C,ACTIVO,6BCE85 ,2,F623,25P2,2026-01-01,2025-11-22,0,0,,W0106243340,SMC,2026-01-20,LIR,38,2026-01-20 14:02:48,2928,L,9MCGE,6BCE85 ,0,Nor,53,UI SERV DIRECTO,53,S,MED
2026-02-01 00:00:00,776251200660,15,DW,01,H,41,151,COOL CANCHE BRUNO ALEJANDRO   ,02,ACTIVO,8AXL10 ,2,F623,25P2,2026-01-01,2026-01-12,0,0,,W0106258135,SM2,2026-01-28,W1H,30,2026-01-12 16:59:40,1551,R,9JR2C,8AXL10 ,0,Nor,53,UI SERV DIRECTO,53,S,GSC
2026-02-01 00:00:00,776191000968,07,DW,01,H,42,072,ELIGIO PONS IRMA              ,1B,ACTIVO,BM254R ,1,F123,19NM,2026-01-01,2025-11-04,5293,12,,W0106220865,SMC,2026-01-07,LIR,51,2026-01-07 12:07:40,0751,R,9JR2C,BM254R ,0,Nor,53,UI SERV DIRECTO,53,S,MED
2026-02-01 00:00:00,776191001166,07,DW,01,H,42,071,SOLIS GUTIERREZ PEDRO E       ,1B,ACTIVO,YV539K ,2,F622,21LM,2026-01-01,2026-01-07,561,0,,W0106220861,SMG,2026-01-07,LIR,51,2026-01-07 11:22:17,0751,R,9JR2C,YV539K ,0,Nor,64,P. INFRARROJO/MED. D,64,S,MED
2026-02-01 00:00:00,776220500771,31,DW,01,H,53,313,CANCHE NOVELO MARI CRUZ       ,1C,ACTIVO,YB860R ,2,F623,21NU,2026-01-01,2025-07-22,2722,133,,W0106248278,SMG,2026-01-22,LIR,36,2026-01-22 11:20:31,3151,R,9JR2C,YB860R ,0,Nor,64,P. INFRARROJO/MED. D,64,S,MED
2026-02-01 00:00:00,776791000252,16,DW,01,H,49,162,PINA PINA RENAN               ,1C,ACTIVO,UL931T ,2,F623,21NY,2023-08-01,2023-08-10,1108,0,,W0106184167,SMC,2025-12-11,LIR,78,,,,,,,,,,,,MED
2026-02-01 00:00:00,776850700140,25,DW,01,E,37,255,ARTEMIO EUAN AMAYA            ,1D,ACTIVO,RW7333 ,2,F121,84EG,2026-01-01,2026-01-16,5715,682,,W0106227657,SMG,2026-01-12,01M,46,2026-01-16 16:25:51,2501,M,GA00N,RW7333 ,98,Nor,31,SERVICIO SIN USO,FR,S,MED
2026-02-01 00:00:00,776851100031,17,DW,01,H,41,171,PECH POOT JUAN ARTURO         ,1C,ACTIVO,J194GB ,2,F622,17LM,2026-01-01,2025-07-11,4818,306,,W0106228343,SMC,2026-01-12,LIR,46,2026-01-12 13:54:42,1727,L,9MCGE,J194GB ,0,Nor,53,UI SERV DIRECTO,53,S,MED
2026-02-01 00:00:00,776861100055,17,DW,01,H,41,171,ANTONIO ROSADO YAMA           ,1C,ACTIVO,M822RL ,2,F622,17LM,2026-01-01,2026-01-12,3258,0,,W0106229911,SM2,2026-01-13,W1C,45,2026-01-12 13:59:18,1727,L,9MCGE,M822RL ,0,Opt,31,SERVICIO SIN USO,,,GSC
2026-02-01 00:00:00,776231100553,07,DW,01,H,42,073,HERRERA COSGALLA NERY         ,1B,ACTIVO,AWD772 ,1,F123,22NX,2026-01-01,2026-01-07,281,81,,W0106218099,SMC,2026-01-06,LIR,52,2026-01-05 10:46:45,0728,L,9JR2C,AWD772 ,0,Nor,53,UI SERV DIRECTO,53,S,MED
2026-02-01 00:00:00,776180100421,11,DW,01,E,37,112,RAMIREZ ALCANTAR MIGUEL ANGEL ,1D,ACTIVO,NK040B ,2,F623,20NU,2021-03-01,2021-03-08,9400,190,,W0106222093,SM2,2026-01-08,MED,50,,,,,,,,,,,,GSC
2026-02-01 00:00:00,776900500074,05,DW,01,H,42,052,DORIS PERERA MENA             ,1B,ACTIVO,LMX116 ,1,F123,23NX,2026-01-01,2026-01-02,3490,403,,W0106213656,SMC,2026-01-03,LIR,55,,,,,,,,,,,,MED
2026-02-01 00:00:00,776910600051,05,DW,01,H,42,052,ROMAN POOT CHUC               ,1B,ACTIVO,6DVU38 ,2,F623,25NY,2026-01-01,2026-01-06,236,0,,W0106213674,SMG,2026-01-03,LIR,55,2026-01-03 12:48:00,0527,L,9JR2C,6DVU38 ,0,Opt,60,MEDID NO TRABAJA,60,S,MED
2026-02-01 00:00:00,776910600221,10,DW,01,H,61,106,GAUDENCIO BAAS COOL           ,1C,ACTIVO,MF149W ,2,F623,20NU,2012-12-01,2050-01-01,0,0,,W0106177971,SMC,2025-12-08,LIR,81,,,,,,,,,,,,MED
2026-02-01 00:00:00,776220700419,07,DW,01,H,42,073,MENDOZA EC ALEXANDER          ,1B,ACTIVO,AWJ645 ,1,F123,22NX,2026-01-01,2026-01-07,1591,0,,W0106218081,SMG,2026-01-06,LIR,52,2026-01-05 12:15:09,0728,L,9JR2C,AWJ645 ,0,Opt,60,MEDID NO TRABAJA,60,S,MED
2026-02-01 00:00:00,776920200042,05,DW,01,H,42,054,GARCIA ACOSTA ALFONSO MANUEL  ,1B,ACTIVO,LAV623 ,1,F123,23NX,2024-07-01,2024-07-03,6720,1080,,W0106213685,SMC,2026-01-03,LIR,55,,,,,,,,,,,,MED
2026-02-01 00:00:00,776920200115,07,DW,01,H,42,073,BERTHA CHAC DE PENA           ,1B,ACTIVO,8K091G ,1,F121,05JL,2026-01-01,2026-01-07,45890,10,,W0106218087,SMG,2026-01-06,LIR,52,2026-01-05 12:39:07,0728,L,9JR2C,8K091G ,0,Nor,60,MEDID NO TRABAJA,60,S,MED
2026-02-01 00:00:00,776931000797,07,DW,01,H,42,071,UC MARTINEZ MIRELLA           ,1B,ACTIVO,9AU604 ,1,F121,97F5,2026-01-01,2025-11-04,29566,21,,W0106218071,SMG,2026-01-06,LIR,52,2026-01-05 14:04:33,0726,L,9P167,9AU604 ,0,Nor,60,MEDID NO TRABAJA,60,S,MED
2026-02-01 00:00:00,776931200389,29,DW,01,H,51,291,PECH POOT EDGAR GUALBERTO     ,1C,ACTIVO,RBH928 ,2,F623,24NY,2026-01-01,2025-02-05,0,24,,W0106242795,SMC,2026-01-20,LIR,38,2026-01-20 09:29:24,2926,L,9JRBT,RBH928 ,0,Nor,53,UI SERV DIRECTO,53,S,MED
2026-02-01 00:00:00,776940300621,07,DW,01,H,42,073,LUIS ALBERTO CAJUN TREJO      ,1B,ACTIVO,392DMD ,2,F622,15LM,2026-01-01,2026-01-07,11998,350,,W0106218083,SMG,2026-01-06,LIR,52,2026-01-05 12:34:51,0728,L,9JR2C,392DMD ,0,Opt,60,MEDID NO TRABAJA,60,S,MED
2026-02-01 00:00:00,776940600080,05,DW,01,H,42,052,JUAN CARLOS POOT MENDOZA      ,1B,ACTIVO,542TV9 ,1,F122,12LH,2026-01-01,2026-01-02,23449,209,,W0106213672,SMC,2026-01-03,LIR,55,,,,,,,,,,,,MED
2026-02-01 00:00:00,776180802621,07,DW,01,H,42,073,NOH SEGURA LEYDI G            ,1B,CORTADO,P088FY ,2,F622,17LM,2026-01-01,2025-05-05,6993,295,,W0106218091,SMC,2026-01-06,LIR,52,2026-01-05 13:17:56,0728,L,9JR2C,P088FY ,0,Nor,53,UI SERV DIRECTO,53,S,MED
2026-02-01 00:00:00,776940800879,25,DW,01,H,59,252,COMITE LA ESPERANZA           ,02,ACTIVO,1AUY18 ,2,F623,25P2,2026-01-01,2025-11-18,25,130,,W0106237396,SMG,2026-01-16,LIR,42,2026-01-16 11:27:39,2527,L,9JR2C,1AUY18 ,0,Nor,64,P. INFRARROJO/MED. D,64,S,MED
2026-02-01 00:00:00,776941200247,17,DW,01,H,41,173,JOSE AGUAYO HERRERA           ,1C,BAJA SIN MED RET,LF035Y ,1,F123,20NT,2021-03-01,2021-03-10,28765,229,,W0106228330,SMC,2026-01-12,LIR,46,,,,,,,,,,,,MED
2026-02-01 00:00:00,776950200039,05,DW,01,H,42,054,BALDERA GARCIA MARTHA BEATRIZ ,1B,ACTIVO,RFU580 ,2,F623,24NY,2026-01-01,2026-01-02,3843,746,,W0106168350,SM2,2025-12-01,W1H,88,2026-01-02 15:21:02,0529,L,9P167,RFU580 ,746,Opt,  ,,,,GSC
2026-02-01 00:00:00,776951000629,05,DW,01,H,42,052,ANTONIO ARANA QUETZ           ,1B,ACTIVO,PKD399 ,1,F123,24NX,2025-01-01,2025-01-03,16461,279,,W0106213673,SMG,2026-01-03,LIR,55,,,,,,,,,,,,MED
2026-02-01 00:00:00,776951200555,05,DW,01,H,42,052,ROBERTO HERRERA CONTRERAS     ,1B,ACTIVO,DXM406 ,1,F123,22NX,2026-01-01,2025-05-02,101,21,,W0106215808,SMG,2026-01-05,01A,53,2026-01-03 12:24:01,0527,L,9JR2C,DXM406 ,99963,Opt,  ,,,,MED
2026-02-01 00:00:00,776960100300,05,DW,01,H,42,052,TOME GOMEZ LIDIA TERESA       ,1B,ACTIVO,RBN785 ,2,F623,24NY,2026-01-01,2025-08-29,1562,422,,W0106213660,SMC,2026-01-03,LIR,55,2026-01-02 09:49:58,0527,L,9JR2C,RBN785 ,0,Nor,53,UI SERV DIRECTO,53,S,MED
2026-02-01 00:00:00,776960300350,16,DW,01,H,49,162,MAGDALENA CRESPO LUNA         ,1C,BAJA SIN MED RET,353HRR ,1,F122,15LN,2026-02-01,2026-02-09,10052,434,,W0106184169,SMG,2025-12-11,LIR,78,2026-02-09 13:05:10,1627,L,9MCGE,353HRR ,434,Nor,  ,,LM,S,MED
2026-02-01 00:00:00,776960800522,11,DW,01,H,36,112,DIAZ NOVELO PEDRO CRISTOBAL   ,1C,ACTIVO,1DWA04 ,2,F623,25NY,2026-01-01,2026-01-07,190,190,,W0106222676,SMC,2026-01-08,LIR,50,2026-01-08 08:59:24,1151,R,9JR2C,1DWA04 ,0,Nor,53,UI SERV DIRECTO,53,S,MED
2026-02-01 00:00:00,776960900331,05,DW,01,H,42,051,MARCELINA UC CAN              ,1B,ACTIVO,AWH584 ,1,F123,22NX,2024-09-01,2024-08-30,9365,0,,W0106213648,SMC,2026-01-03,LIR,55,,,,,,,,,,,,MED
2026-02-01 00:00:00,776970300447,05,DW,01,H,42,054,ALEJANDRO CENTURION E         ,1B,ACTIVO,M111M2 ,1,F121,96F5,2026-01-01,2026-01-06,35674,343,,W0106213687,SMC,2026-01-03,LIR,55,2026-01-02 14:36:12,0529,L,9P167,M111M2 ,0,Nor,53,UI SERV DIRECTO,53,S,MED
2026-02-01 00:00:00,776970300692,24,DW,01,H,39,249,MARGARITA CANUL V DE LUNA     ,1C,ACTIVO,A297K8 ,1,F121,94F5,2026-02-01,2026-02-13,77605,1523,,W0106192689,SMG,2025-12-16,LIR,73,2026-02-13 09:19:23,2426,L,9JR2C,A297K8 ,344,Nor,  ,,,,MED
2026-02-01 00:00:00,776970300919,18,DW,01,H,44,182,MARGARITA MAY AKE             ,1D,ACTIVO,0J11F9 ,1,F121,03GG,2026-02-01,2026-02-10,50873,510,,W0106185893,SMC,2025-12-12,LIR,77,2026-02-10 16:17:54,1851,R,9JR2C,0J11F9 ,510,Nor,  ,,FR,S,MED
2026-02-01 00:00:00,776970900371,07,DW,01,H,42,073,JOSE M SANTANA CETINA         ,1B,ACTIVO,FJT326 ,1,F123,22NX,2023-09-01,2023-09-04,39580,502,,W0106218101,SMG,2026-01-06,LIR,52,,,,,,,,,,,,MED
2026-02-01 00:00:00,776971200136,18,DW,01,H,44,182,CECILIA GPE HERNANDEZ G       ,1D,BAJA SIN MED RET,U952DU ,1,F123,18NM,2018-06-01,2018-06-11,153,1,,W0106185895,SMC,2025-12-12,LIR,77,,,,,,,,,,,,MED
2026-02-01 00:00:00,776980100373,05,DW,01,H,42,054,GILBERTO CAN TAMAY            ,1B,CORTADO,X089CD ,1,F123,19NM,2026-01-01,2025-11-05,11322,426,,W0106213688,SMC,2026-01-03,LIR,55,2026-01-02 15:22:41,0529,L,9P167,X089CD ,0,Nor,53,UI SERV DIRECTO,53,S,MED
2026-02-01 00:00:00,776980100870,29,DW,01,H,51,291,MUNICIPIO DE UMAN YUCATAN     ,02,ACTIVO,RBJ951 ,2,F623,24NY,2010-07-01,2050-01-01,0,0,,W0106242796,SMC,2026-01-20,LIR,38,,,,,,,,,,,,MED
2026-02-01 00:00:00,776191000747,05,DW,01,H,42,054,PAT DZIB MARIA CANDELARIA     ,1B,BAJA SIN MED RET,Y197MH ,2,F623,19NU,2026-01-01,2026-01-06,9311,0,,W0106218835,SMC,2026-01-06,LIR,52,,,,,,,,,,,,MED
2026-02-01 00:00:00,776191000801,24,DW,01,H,39,249,CABRERA RAMOS FLORINDA M      ,1C,ACTIVO,X257CD ,1,F123,19NM,2026-02-01,2026-02-13,6316,224,,W0106192690,SMG,2025-12-16,LIR,73,2026-02-13 09:09:38,2426,L,9JR2C,X257CD ,224,Opt,  ,,,,MED
2026-02-01 00:00:00,776990200198,08,DW,01,H,38,083,CALDERON SANTOYO JOSE ADRIAN  ,1B,ACTIVO,MA932U ,2,F623,20NU,1999-10-01,2050-01-01,2100,0,,W0106175956,SMG,2025-12-05,LIR,84,,,,,,,,,,,,MED
2026-02-01 00:00:00,776990801094,31,DW,01,H,48,311,LUIS MANUEL BAAS CANUL        ,02,ACTIVO,RCC861 ,2,F623,24NY,2026-01-01,2025-11-21,1810,537,,W0106245993,SMC,2026-01-21,LIR,37,2026-01-22 09:25:46,3151,R,9JR2C,RCC861 ,0,Nor,53,UI SERV DIRECTO,53,S,MED
2026-02-01 00:00:00,776990801779,15,DW,01,H,41,151,TUN OLDA BEATRIZ              ,1C,ACTIVO,RCB918 ,2,F623,24NY,2025-03-01,2025-03-10,553,553,,W0106213362,SM2,2026-01-02,CDA,56,,,,,,,,,,,,GSC
2026-02-01 00:00:00,776990900181,05,DW,01,H,42,052,JULIA OLMEDO JAVIER           ,1B,ACTIVO,PHR217 ,1,F123,24NX,2026-01-01,2025-08-29,1040,399,,W0106213662,SMC,2026-01-03,LIR,55,2026-01-02 10:42:18,0527,L,9JR2C,PHR217 ,0,Nor,53,UI SERV DIRECTO,53,S,MED
2026-02-01 00:00:00,776990901447,05,DW,01,H,42,052,SANTIAGO FLORES CHAY          ,1B,ACTIVO,H697LM ,1,F122,17LN,2026-01-01,2025-10-01,15550,374,,W0106213664,SMG,2026-01-03,LIR,55,2026-01-03 11:31:04,0527,L,9JR2C,H697LM ,0,Nor,60,MEDID NO TRABAJA,60,S,MED
2026-02-01 00:00:00,776230400693,07,DW,01,H,42,073,DZUL TZUC RICARDO ALFREDO     ,1B,ACTIVO,AWL997 ,1,F123,22NX,2026-01-01,2026-01-07,0,0,,W0106218102,SMG,2026-01-06,LIR,52,2026-01-05 10:03:17,0728,L,9JR2C,AWL997 ,0,Opt,60,MEDID NO TRABAJA,60,S,MED
2026-02-01 00:00:00,776210700313,05,DW,01,H,42,053,UC CASTILLO JUANITA MARIA     ,1B,ACTIVO,HD698W ,1,F123,20NT,2026-01-01,2026-01-06,4895,159,,W0106213679,SMC,2026-01-03,LIR,55,2026-01-02 15:53:41,0528,L,9MCGE,HD698W ,0,Nor,53,UI SERV DIRECTO,53,S,MED
2026-02-01 00:00:00,777000656580,16,DW,01,J,03,165,MANUEL DE LA C MEDINA CHAN    ,1C,ACTIVO,9U192E ,2,F421,06GH,2026-02-01,2026-02-09,28841,0,,W0106208778,SM2,2025-12-29,W1J,60,2026-02-09 11:12:13,1603,L,GAG8N,9U192E ,0,Nor,31,SERVICIO SIN USO,,,GSC
2026-02-01 00:00:00,777000755561,32,DW,01,J,38,322,JOSE CESAR RODRIGUEZ KU       ,1D,ACTIVO,5BY848 ,1,F121,98F5,2026-02-01,2026-02-19,41614,877,,W0106202611,SMC,2025-12-22,LIR,67,2026-02-19 10:18:41,3226,L,9NCXE,5BY848 ,877,Nor,  ,,FR,S,MED
2026-02-01 00:00:00,777000756835,09,DW,01,J,04,091,MARTINEZ MUKUL JULIO C        ,1C,CORTADO,73PL46 ,2,F621,07F3,2026-01-01,2025-11-05,16118,2,,W0106219568,SMG,2026-01-07,LIR,51,2026-01-06 13:40:05,0926,L,R9712,73PL46 ,0,Nor,64,P. INFRARROJO/MED. D,64,S,MED
2026-02-01 00:00:00,777000956061,39,DW,01,J,08,392,FERNANDO CHAN CITUC           ,1D,CORTADO,679U2P ,1,F122,14LN,2000-09-01,2000-10-04,1,0,,W0106256497,SMC,2026-01-27,LIR,31,,,,,,,,,,,,MED
2026-02-01 00:00:00,777020101967,13,DW,01,J,05,131,HERNANDEZ ESCOBAR MAURICIO    ,1D,ACTIVO,YJ827N ,2,F623,21NU,2026-01-01,2026-01-24,0,0,,W0106224330,SMC,2026-01-09,LIR,49,2026-01-08 08:08:42,1329,L,R9950,LV915P ,0,Nor,53,UI SERV DIRECTO,53,S,MED
2026-02-01 00:00:00,777020301176,29,DW,01,J,09,291,MARRUFO AYALA FERNANDO JOSE   ,02,ACTIVO,60P0B8 ,3,FD2H,09KV,2026-01-01,2025-11-20,14713,33,,W0106243088,SMC,2026-01-20,LIR,38,2026-01-20 11:13:05,2927,L,GAAFN,60P0B8 ,0,Nor,53,UI SERV DIRECTO,53,S,MED
2026-02-01 00:00:00,777020700372,21,DW,01,J,16,211,ARMANDO CANCHE XOOL           ,1D,ACTIVO,H208LP ,1,F122,17LN,2026-01-01,2025-05-15,20125,344,,W0106233418,SMC,2026-01-14,LIR,44,2026-01-14 12:16:19,2126,L,9NCYF,H208LP ,0,Nor,53,UI SERV DIRECTO,53,S,MED
2026-02-01 00:00:00,777031100717,06,DW,01,J,03,062,GONZALEZ CEB FERNANDO         ,1C,ACTIVO,3K47L2 ,1,F121,03GG,2026-02-01,2025-12-03,21737,0,,W0106263095,SMG,2026-01-30,LIR,28,2026-01-30 12:37:20,0601,M,9P18Y,3K47L2 ,0,Nor,60,MEDID NO TRABAJA,60,S,MED
2026-02-01 00:00:00,777040200767,21,DW,01,J,03,210,31DPR2054H JOSE VASCONCELOS   ,02,ACTIVO,UK962Y ,2,F623,21NY,2026-01-01,2025-11-13,0,0,,W0106233068,SMG,2026-01-14,LIR,44,2026-01-14 09:14:32,2102,M,GAAFN,UK962Y ,0,Nor,60,MEDID NO TRABAJA,60,S,MED
2026-02-01 00:00:00,777040201372,17,DW,01,J,13,172,BE CANTE MARCELO              ,1D,ACTIVO,0G51A0 ,2,F621,03F3,2026-01-01,2025-11-11,3245,73,,W0106228243,SMG,2026-01-12,LIR,46,2026-01-12 12:05:06,1726,L,9NCYF,0G51A0 ,0,Nor,60,MEDID NO TRABAJA,60,S,MED
2026-02-01 00:00:00,777050300239,14,DW,01,J,28,144,PECH YAM PATRICIA             ,1B,ACTIVO,3D012K ,1,F121,05JL,2026-02-01,2026-02-06,19331,127,,W0106210419,S05,2025-12-30,W1J,59,2026-02-06 08:16:52,1427,L,9NCXE,3D012K ,127,Nor,  ,,,,CCC
2026-02-01 00:00:00,777050300255,31,DW,01,J,11,311,31EPR112T ESC PRIM ESTATAL 58 ,02,ACTIVO,G550VX ,2,F622,17LM,2026-01-01,2026-01-21,96561,0,,W0106248886,SMG,2026-01-22,01G,36,2026-01-21 09:09:43,3127,L,9NCXE,G550VX ,0,Opt,31,SERVICIO SIN USO,,,MED
2026-02-01 00:00:00,777050500777,33,DW,01,J,03,331,AUVII MEXICO SA DE CV         ,02,BAJA SIN MED RET,7B457V ,2,F621,04F3,2026-01-01,2026-01-26,49177,0,,W0106253478,SMG,2026-01-26,LIR,32,,,,,,,,,,,,MED
2026-02-01 00:00:00,776231001512,05,DW,01,H,42,051,GARCIA PENZON DOSIDERIO       ,02,ACTIVO,JAU728 ,2,F623,23NU,2026-01-01,2026-01-06,132,9,,W0106213649,SMG,2026-01-03,LIR,55,2026-01-02 11:24:42,0526,L,9JRBT,JAU728 ,0,Nor,60,MEDID NO TRABAJA,60,S,MED
2026-02-01 00:00:00,777060100475,35,DW,01,J,08,353,BUSTILLOS CASTRO JORGE CAROL  ,1D,ACTIVO,59MF28 ,2,F421,07GH,2005-11-01,2006-01-10,1,0,,W0106227751,SMG,2026-01-12,01M,46,,,,,,,,,,,,MED
2026-02-01 00:00:00,776890300047,05,DW,01,H,42,052,ROSA CAAMAL LOPEZ             ,1B,ACTIVO,3K68L6 ,1,F121,03GG,2026-01-01,2026-01-06,42942,156,,W0106213663,SMG,2026-01-03,LIR,55,2026-01-02 10:51:35,0527,L,9JR2C,3K68L6 ,8,Nor,60,MEDID NO TRABAJA,60,S,MED
2026-02-01 00:00:00,776890400041,07,DW,01,H,42,071,PASCAL ALBERTUS KUIJPERS      ,1B,BAJA SIN MED RET,Y406R5 ,1,F121,97F5,2026-01-01,2026-01-07,35542,0,,W0106220858,SMC,2026-01-07,LIR,51,,,,,,,,,,,,MED
2026-02-01 00:00:00,776250501267,13,DW,01,H,55,131,NOVELO DZIB NOEMI DEL ROCIO   ,1C,ACTIVO,6AAB00 ,2,F623,25NY,2026-01-01,2025-11-07,690,230,,W0106224334,SMC,2026-01-09,LIR,49,2026-01-08 09:32:26,1326,L,9JRBT,6AAB00 ,0,Nor,53,UI SERV DIRECTO,53,S,MED
2026-02-01 00:00:00,777070201733,29,DW,01,J,09,291,CANCHE EUAN NICOLAS           ,1D,BAJA SIN MED RET,601TT1 ,1,F122,12LH,2026-01-01,2026-01-20,12223,0,,W0106243087,SMC,2026-01-20,LIR,38,,,,,,,,,,,,MED
2026-02-01 00:00:00,777070300359,06,DW,01,J,03,062,MUNICIPIO DE UMAN YUCATAN     ,02,ACTIVO,RBJ306 ,2,F623,24NY,2025-04-01,2025-03-01,33191,225,,W0106263092,SMC,2026-01-30,LIR,28,,,,,,,,,,,,MED
2026-02-01 00:00:00,776911100159,15,DW,01,H,41,151,ARMANDO CHAY DZUL             ,1C,ACTIVO,UW427H ,2,F623,21NY,2026-01-01,2026-01-09,7803,324,,W0106212893,SM2,2026-01-02,W1H,56,,,,,,,,,,,,GSC
2026-02-01 00:00:00,777070700209,13,DW,01,J,04,134,MENDOZA JUAN                  ,1C,ACTIVO,08NK54 ,2,F621,07F3,2026-01-01,2025-11-07,17473,4,,W0106224323,SMC,2026-01-09,LIR,49,2026-01-08 10:25:20,1328,L,R9712,08NK54 ,0,Nor,53,UI SERV DIRECTO,53,S,MED
2026-02-01 00:00:00,777071001819,39,DW,01,J,08,392,31DPR20640 SOR JUANA INES DE L,02,ACTIVO,EM188H ,2,F623,19NU,2026-01-01,2025-03-27,92760,2090,,W0106260742,SM2,2026-01-29,MED,29,2026-01-27 11:56:31,3926,L,GAAFN,EM188H ,0,Nor,56,NO HAY MEDIDOR,56,S,GSC
2026-02-01 00:00:00,776940600390,07,DW,01,H,42,073,MARIA INES NOVELO VENTURA     ,1B,ACTIVO,V82B90 ,1,F121,94F5,2026-01-01,2025-11-04,25066,0,,W0106218100,SMG,2026-01-06,LIR,52,2026-01-05 10:09:16,0728,L,9JR2C,V82B90 ,0,Nor,60,MEDID NO TRABAJA,60,S,MED
2026-02-01 00:00:00,777080301124,36,DW,01,J,46,363,HERNANDEZ CUEVAS FRANCISCO ARM,02,ACTIVO,952JJP ,2,F622,15LM,2026-02-01,2026-02-23,3271,1,,W0106206780,SMC,2025-12-27,LIR,62,2026-02-23 11:43:30,3626,L,9P18Y,952JJP ,1,Nor,31,SERVICIO SIN USO,LM,S,MED
2026-02-01 00:00:00,777080701793,32,DW,01,J,38,322,MARTIN PECH GABRIELA ARELLY   ,1D,ACTIVO,MF591R ,2,F623,20NU,2021-08-01,2021-08-20,23536,0,,W0106204512,SMC,2025-12-23,LIR,66,,,,,,,,,,,,MED
2026-02-01 00:00:00,776980700842,05,DW,01,H,42,051,RUBI MUNOZ CHAN               ,1B,ACTIVO,21TJ41 ,1,F121,08JL,2026-01-01,2025-10-01,49120,0,,W0106213646,SMG,2026-01-03,LIR,55,2026-01-02 10:06:53,0526,L,9JRBT,21TJ41 ,0,Nor,60,MEDID NO TRABAJA,41,S,MED
2026-02-01 00:00:00,776750600326,05,DW,01,H,42,052,VARGAS SIERRA CLARA ELENA     ,1B,ACTIVO,414EGD ,1,F122,15LN,2026-01-01,2026-01-02,8307,384,,W0106213675,SMC,2026-01-03,LIR,55,,,,,,,,,,,,MED
2026-02-01 00:00:00,777090900239,05,DW,01,J,09,052,NAAL CASTILLO JOSE MARIA      ,1D,ACTIVO,08G2E5 ,1,F12H,09KU,2026-01-01,2025-10-01,28494,277,,W0106213768,SMG,2026-01-03,LIR,55,2026-01-02 10:37:05,0528,L,R9712,08G2E5 ,0,Nor,64,P. INFRARROJO/MED. D,64,S,MED
2026-02-01 00:00:00,777091000258,27,DW,01,J,03,271,POOT MUTUL VENTURA DE JESUS   ,1C,ACTIVO,UW319L ,2,F623,21NY,2024-07-01,2024-07-18,16741,740,,W0106215879,SM2,2026-01-05,CDX,53,,,,,,,,,,,,GSC
2026-02-01 00:00:00,777091202241,27,DW,01,J,03,273,MARTHA GUADALUPE PEREZ MORALES,1C,ACTIVO,JAD622 ,2,F623,23NU,2023-01-01,2023-01-18,96492,0,,W0106243309,SMG,2026-01-20,01G,38,,,,,,,,,,,,MED
2026-02-01 00:00:00,777100600123,35,DW,01,J,08,353,GARRIDO DIAZ ENRIQUE EDUARDO  ,1D,CORTADO,NR695H ,2,F623,20NU,2021-05-01,2021-05-25,64,0,,W0106253860,SMC,2026-01-26,LIR,32,,,,,,,,,,,,MED
2026-02-01 00:00:00,777100702716,31,DW,01,J,11,311,NARVAEZ BACAB HERBERT WILLIAM ,1D,BAJA SIN MED RET,KK940L ,1,F123,20NT,2026-01-01,2026-01-21,5293,0,,W0106246025,SMC,2026-01-21,LIR,37,,,,,,,,,,,,MED
2026-02-01 00:00:00,776991000320,07,DW,01,H,42,073,VERONICA PECH PINZON          ,1B,ACTIVO,5GY523 ,1,F121,98GG,2026-01-01,2026-01-07,32078,0,,W0106218089,SMG,2026-01-06,LIR,52,2026-01-05 12:38:01,0728,L,9JR2C,5GY523 ,0,Nor,60,MEDID NO TRABAJA,60,S,MED
2026-02-01 00:00:00,777110203521,29,DW,01,J,03,291,SOLIS LOPEZ LUIS ARTEMIO      ,1C,ACTIVO,66G3Y9 ,1,F12H,09KU,2026-01-01,2026-01-20,17509,3,,W0106243113,SMC,2026-01-20,LIR,38,,,,,,,,,,,,MED
2026-02-01 00:00:00,776750605433,17,DW,01,H,41,171,CANUL MADERA JOSE EDUARDO     ,1C,BAJA SIN MED RET,993VLT ,1,F122,16LN,2026-01-01,2026-01-12,6988,0,,W0106228341,SMC,2026-01-12,LIR,46,,,,,,,,,,,,MED
2026-02-01 00:00:00,776231001504,05,DW,01,H,42,052,MEDRANO LARA NOE              ,1B,BAJA SIN MED RET,FKB519 ,1,F123,22NX,2026-01-01,2026-01-06,67,0,,W0106218829,SMC,2026-01-06,LIR,52,,,,,,,,,,,,MED
2026-02-01 00:00:00,777110800520,18,DW,01,J,03,181,CAMAS HERNANDEZ ARVIN ENRIQUE ,1C,CORTADO,733U6R ,1,F122,14LN,2026-02-01,2026-02-10,9621,0,,W0106185885,SMG,2025-12-12,LIR,77,2026-02-10 10:01:41,1801,L,9P18Y,733U6R ,0,Opt,31,SERVICIO SIN USO,,,MED
2026-02-01 00:00:00,777110800881,35,DW,01,J,03,353,BASTERIS PEREZ ROSA MAGALI    ,02,ACTIVO,15H87L ,2,F62H,10KN,2026-01-01,2025-11-25,4760,0,,W0106250292,SMG,2026-01-23,LIR,35,2026-01-23 11:53:43,3501,L,GAAFN,15H87L ,0,Opt,60,MEDID NO TRABAJA,60,S,MED
2026-02-01 00:00:00,777111001256,16,DW,01,J,03,165,31DPR0657L ESC  RAFAEL RAMIREZ,02,ACTIVO,043JKK ,2,F622,15LM,2026-02-01,2025-10-09,90591,1734,,W0106173465,SM2,2025-12-04,CDV,85,2026-02-09 15:24:44,1603,L,GAG8N,043JKK ,0,Nor,51,NO ENCONTRE DOMI,,,GSC
2026-02-01 00:00:00,777120201101,37,DW,01,J,08,371,RIVERO BANUELOS JULIO CESAR   ,1D,ACTIVO,PCY304 ,1,F123,24NX,2026-01-01,2026-01-26,25121,1185,,W0106186914,SM2,2025-12-12,W1H,77,2026-01-26 10:20:04,3726,L,9NCYF,PCY304 ,289,Opt,  ,,,,GSC
2026-02-01 00:00:00,777120501351,29,DW,01,J,09,291,BACAB GALAVIZ JOSE REYES      ,1D,ACTIVO,6AUB04 ,2,F623,25P2,2026-01-01,2026-02-18,0,0,,W0106243089,SMC,2026-01-20,LIR,38,2026-01-20 10:13:02,2927,L,GAAFN,82TJ87 ,0,Nor,53,UI SERV DIRECTO,53,S,MED
2026-02-01 00:00:00,777120700353,14,DW,01,J,31,145,EK VARGUEZ MARIA KARINA       ,1B,ACTIVO,UV521F ,2,F623,21NY,2023-08-01,2023-08-09,3110,0,,W0106253877,SMG,2026-01-26,01G,32,,,,,,,,,,,,MED
2026-02-01 00:00:00,777120701457,31,DW,01,H,48,311,KOYOC CHALE RIANI NATALI      ,1C,ACTIVO,UB059R ,2,F623,21NY,2026-01-01,2026-01-21,6843,253,,W0106259987,SM2,2026-01-29,W1J,29,,,,,,,,,,,,GSC
2026-02-01 00:00:00,777121201008,32,DW,01,J,38,322,UH UITZ MARIA DORITA          ,1D,ACTIVO,4J5U05 ,1,F121,01GG,2026-02-01,2026-02-19,27475,910,,W0106203980,SMG,2025-12-23,01G,66,2026-02-19 09:05:59,3226,L,9NCXE,4J5U05 ,910,Nor,  ,,FR,S,MED
2026-02-01 00:00:00,777121201172,33,DW,01,J,03,332,MAY EK JERONIMO               ,1C,ACTIVO,G9906U ,1,W111,75C0,2026-01-01,2026-01-22,1956,1071,,W0106191833,S05,2025-12-16,01M,73,2026-01-22 09:48:05,3302,L,R9950,G9906U ,1071,Nor,  ,,FR,S,CCC
2026-02-01 00:00:00,777130101521,30,DW,01,J,03,302,LOPEZ CHAN JOSE MARIA         ,1C,ACTIVO,671TX4 ,1,F122,12LH,2026-02-01,2026-02-18,17991,1780,,W0106201272,SMG,2025-12-22,LIR,67,,,,,,,,,,,,MED
2026-02-01 00:00:00,777130101555,30,DW,01,J,03,302,SALAS CABRERA JAZMIN MARIA    ,1C,CORTADO,YB542R ,2,F623,21NU,2026-02-01,2025-12-05,23572,0,,W0106201273,SMC,2025-12-22,LIR,67,,,,,,,,,,,,MED
2026-02-01 00:00:00,777130102471,17,DW,01,J,13,172,URIBIA CASTILLO LANDY JOSEFINA,1D,ACTIVO,267KB2 ,2,F622,12LJ,2026-01-01,2025-11-11,31294,391,,W0106228245,SMG,2026-01-12,LIR,46,2026-01-12 13:24:27,1726,L,9NCYF,267KB2 ,0,Nor,64,P. INFRARROJO/MED. D,64,S,MED
2026-02-01 00:00:00,777130201509,16,DW,01,J,03,164,QUINTAL RODRIGUEZ ANICETO     ,1C,ACTIVO,BE772J ,2,F623,19NV,2026-02-01,2025-10-09,13062,276,,W0106185630,SMG,2025-12-12,01G,77,2026-02-09 08:56:26,1602,L,9P18Y,BE772J ,87258,Opt,  ,,,,MED
2026-02-01 00:00:00,777130203498,24,DW,01,J,03,243,CHIM CANUL ADELAIDA DEL S     ,1C,ACTIVO,PKN987 ,1,F123,24NX,2025-10-01,2025-10-15,6695,358,,W0106256171,SMC,2026-01-27,CDD,31,,,,,,,,,,,,MED
2026-02-01 00:00:00,777130700939,29,DW,01,J,09,297,PENA BALAM MARIA YMELDA       ,1D,ACTIVO,873RM2 ,1,F122,12LH,2026-01-01,2025-11-20,25040,125,,W0106243687,SMG,2026-01-20,LIR,38,2026-01-20 17:42:09,2928,L,GAAFN,873RM2 ,0,Nor,60,MEDID NO TRABAJA,60,S,MED
2026-02-01 00:00:00,777130800798,29,DW,01,J,09,295,PUC SANTIAGO EDESIO           ,02,ACTIVO,030RRD ,1,F122,16LN,2026-01-01,2025-11-20,6556,134,,W0106243684,SMC,2026-01-20,LIR,38,2026-01-20 18:37:41,2928,L,GAAFN,030RRD ,0,Nor,53,UI SERV DIRECTO,53,S,MED
2026-02-01 00:00:00,777130801450,30,DW,01,J,03,302,PAM JUANA ELENA               ,1C,ACTIVO,181RRB ,1,F122,16LN,2026-02-01,2026-02-18,10524,17,,W0106201262,SMC,2025-12-22,LIR,67,,,,,,,,,,,,MED
2026-02-01 00:00:00,777131002101,30,DW,01,J,03,302,AHUMADA PECH LORENZO          ,1C,ACTIVO,177G8C ,2,F622,13LM,2026-02-01,2025-06-19,29407,255,,W0106201271,SMC,2025-12-22,LIR,67,,,,,,,,,,,,MED
2026-02-01 00:00:00,777140101260,05,DW,01,J,09,050,BUSTILLOS LIZARRAGA MONIKA E  ,1D,ACTIVO,5A183H ,1,F121,04GG,2026-01-01,2025-10-01,39190,446,,W0106213760,SMG,2026-01-03,LIR,55,2026-01-02 10:42:22,0527,L,GAAGN,5A183H ,0,Nor,60,MEDID NO TRABAJA,60,S,MED
2026-02-01 00:00:00,777140202856,13,DW,01,J,04,134,KU UCAN ISIDRO                ,1C,ACTIVO,767WG1 ,1,F122,13LN,2026-01-01,2025-09-05,18977,294,,W0106224325,SMC,2026-01-09,LIR,49,2026-01-08 08:30:27,1328,L,R9712,767WG1 ,0,Nor,65,UI MED INVERTIDO,65,S,MED
2026-02-01 00:00:00,777140702166,24,DW,01,J,03,243,BALAM VARGAS KARINA GUADALUP  ,1C,ACTIVO,107H7A ,1,F122,13LN,2026-02-01,2025-04-14,9039,556,,W0106192520,SMG,2025-12-16,LIR,73,2026-02-13 07:53:49,2405,L,R9950,107H7A ,0,Nor,56,NO HAY MEDIDOR,56,S,MED
2026-02-01 00:00:00,777140903889,28,DW,01,J,37,286,UC MENA ANTONIA               ,02,BAJA SIN MED RET,813B1X ,2,F622,13LM,2026-02-01,2026-02-17,88,0,,W0106198776,SMG,2025-12-19,LIR,70,2026-02-17 11:42:08,2827,L,9NCYF,813B1X ,0,Nor,59,DISPLAY APAGADO,59,S,MED
2026-02-01 00:00:00,777141204674,24,DW,01,J,03,248,GUEVARA TUYIN CRISTIAM ALEJAN ,1C,CORTADO,HH654C ,1,F123,20NT,2021-08-01,2021-08-16,8301,80,,W0106174374,SMC,2025-12-04,W1J,85,,,,,,,,,,,,MED
2026-02-01 00:00:00,777150102353,24,DW,01,J,03,248,QUINTAL CANCHE ANDREA DEL C   ,1C,ACTIVO,336P3U ,1,F122,14LN,2026-02-01,2025-12-16,26401,299,,W0106263479,SM2,2026-01-31,MED,27,2026-02-13 08:27:29,2404,L,9NCYF,336P3U ,0,Nor,53,UI SERV DIRECTO,53,S,GSC
2026-02-01 00:00:00,777150401814,24,DW,01,J,03,248,SOLIS NORIEGA PAUL ISRAEL     ,1C,ACTIVO,431JKC ,2,F622,15LM,2015-05-01,2015-06-10,0,0,,W0106251890,SMG,2026-01-26,MED,32,,,,,,,,,,,,MED
2026-02-01 00:00:00,777150402039,24,DW,01,J,03,248,HERNANDEZ ROJAS CARLOS MANUEL ,1C,ACTIVO,5ANG01 ,1,F123,25NX,2026-02-01,2026-02-13,163,163,,W0106192537,SMC,2025-12-16,LIR,73,2026-02-13 09:47:58,2404,L,9NCYF,5ANG01 ,163,Opt,  ,,,,MED
2026-02-01 00:00:00,777150403868,24,DW,01,J,03,247,MENDOZA OSORNIO HECTOR        ,1C,ACTIVO,735PHV ,2,F622,16LM,2019-04-01,2019-04-16,4641,78,,W0106192526,SMG,2025-12-16,LIR,73,,,,,,,,,,,,MED
2026-02-01 00:00:00,777150500154,37,DW,01,J,08,371,PEREZ PADILLA GASPAR ORLANDO  ,1D,ACTIVO,H715LK ,1,F122,17LN,2026-01-01,2026-01-26,14211,0,,W0106253818,SMC,2026-01-26,LIR,32,2026-01-26 11:09:48,3726,L,9NCYF,H715LK ,0,Opt,32,UI DERIVACION,32,S,MED
2026-02-01 00:00:00,777150703047,05,DW,01,J,09,051,TAX CABALLERO WILFRIDO ALBERTO,1D,ACTIVO,Y597MJ ,2,F623,19NU,2026-01-01,2025-10-01,1015,65,,W0106213764,SMC,2026-01-03,LIR,55,2026-01-02 14:41:37,0526,L,GAAFN,Y597MJ ,0,Nor,53,UI SERV DIRECTO,53,S,MED
2026-02-01 00:00:00,777150802061,24,DW,01,J,03,248,UICAB BE JUAN CARLOS          ,1C,CORTADO,169U3T ,1,F122,14LN,2026-02-01,2025-10-15,14059,0,,W0106192544,SMC,2025-12-16,LIR,73,2026-02-13 12:35:32,2404,L,9NCYF,169U3T ,0,Nor,53,UI SERV DIRECTO,53,S,MED
2026-02-01 00:00:00,777150802355,40,DW,01,J,03,403,DZIB SAENZ MARIA DEL SOCORRO  ,1C,ACTIVO,Y193MG ,2,F623,19NU,2026-02-01,2026-02-25,7523,0,,W0106262596,S05,2026-01-30,W1J,28,,,,,,,,,,,,CCC
2026-02-01 00:00:00,777150803777,24,DW,01,J,03,241,BACAB CHAN MARIA DEL SOCORRO  ,1C,ACTIVO,G802ME ,2,F622,17LM,2026-02-01,2026-02-13,10638,152,,W0106251886,SMG,2026-01-26,MED,32,2026-02-13 12:12:05,2401,L,9P18Y,G802ME ,152,Opt,  ,,,,MED
2026-02-01 00:00:00,776750615994,31,DW,01,H,53,313,CAAMAL DZUL MARIA GRACIELA    ,1C,ACTIVO,DJV834 ,2,F623,22NU,2026-01-01,2025-11-21,9389,234,,W0106248272,SMC,2026-01-22,LIR,36,2026-01-22 11:04:44,3151,R,9JR2C,DJV834 ,0,Nor,53,UI SERV DIRECTO,53,S,MED
2026-02-01 00:00:00,777060800442,32,DW,01,J,46,325,QUINTAL SOLIS SERGIO RENE     ,1C,CORTADO,4Y642B ,1,F121,06JL,2026-02-01,2026-02-19,38711,350,,W0106222535,SMC,2026-01-08,W1J,50,2026-02-19 12:54:16,3230,L,9NCYF,4Y642B ,350,Nor,  ,,,,MED
2026-02-01 00:00:00,777070102301,05,DW,01,J,09,053,SULU UICAB MARICARMEN         ,1D,ACTIVO,GAY148 ,1,F123,22NX,2023-09-01,2023-09-01,962,0,,W0106216336,SMG,2026-01-05,01G,53,,,,,,,,,,,,MED
2026-02-01 00:00:00,777070102409,07,DW,01,J,09,074,ECHEVERRIA UITZ SOLEMMI E     ,1D,ACTIVO,38AV36 ,1,F121,06JL,2026-01-01,2025-09-02,14009,252,,W0106217807,SMG,2026-01-06,LIR,52,2026-01-05 08:53:54,0728,L,9NCYF,38AV36 ,0,Nor,60,MEDID NO TRABAJA,60,S,MED
2026-02-01 00:00:00,777070302068,05,DW,01,J,09,051,CANCHE MUGARTE JOSE RAUL      ,1D,ACTIVO,582VXH ,1,F122,16LN,2026-01-01,2025-10-01,21273,344,,W0106213766,SMC,2026-01-03,LIR,55,2026-01-02 15:58:44,0526,L,GAAFN,582VXH ,0,Nor,53,UI SERV DIRECTO,53,S,MED
2026-02-01 00:00:00,777080201618,14,DW,01,J,32,146,CAAMAL CIAU MARIA MATILDE     ,1C,ACTIVO,54LC80 ,1,F121,07JL,2026-02-01,2026-02-06,12969,8,,W0106181316,SMG,2025-12-09,LIR,80,2026-02-06 08:05:48,1428,L,GAG8N,54LC80 ,8,Nor,31,SERVICIO SIN USO,,,MED
2026-02-01 00:00:00,777081001027,29,DW,01,J,09,295,GOMEZ MARTINEZ CARLOS         ,1D,BAJA SIN MED RET,42C6D6 ,2,F621,08KG,2026-01-01,2026-01-20,24358,0,,W0106243686,SMG,2026-01-20,LIR,38,,,,,,,,,,,,MED
2026-02-01 00:00:00,777090800242,29,DW,01,J,11,291,COCOM PECH LILI DEL SOCORRO   ,1D,ACTIVO,7RK031 ,1,F121,99GG,2026-01-01,2025-11-20,21014,9,,W0106243108,SMG,2026-01-20,LIR,38,2026-01-20 08:38:04,2930,L,9NCXE,7RK031 ,0,Nor,60,MEDID NO TRABAJA,60,S,MED
2026-02-01 00:00:00,777101100094,31,DW,01,J,09,311,MENDOZA SOLIS OFELIA          ,1D,ACTIVO,36H0R7 ,1,F12H,09KU,2026-01-01,2025-11-21,52907,371,,W0106248875,SMG,2026-01-22,01G,36,2026-01-21 09:28:13,3126,L,GAAFN,36H0R7 ,69273,Nor,  ,,FR,S,MED
2026-02-01 00:00:00,776980900825,07,DW,01,H,42,073,MEX KU GENY DE DOLORES        ,1B,ACTIVO,90B5Y5 ,2,F621,08KG,2026-01-01,2026-01-07,28906,549,,W0106218105,SMC,2026-01-06,LIR,52,2026-01-05 09:42:52,0728,L,9JR2C,90B5Y5 ,0,Nor,53,UI SERV DIRECTO,53,S,MED
2026-02-01 00:00:00,777110401552,29,DW,01,J,09,291,MUNOZ CRISTINO                ,1D,ACTIVO,88L70R ,1,F12H,10KU,2026-01-01,2025-05-22,9158,59,,W0106243090,SMC,2026-01-20,LIR,38,2026-01-20 09:35:01,2927,L,GAAFN,88L70R ,0,Nor,53,UI SERV DIRECTO,53,S,MED
2026-02-01 00:00:00,777110701611,23,DW,01,J,16,217,SANDOVAL ESQUIVEL JAVIER      ,02,ACTIVO,JBD461 ,2,F623,23NU,2024-01-01,2024-01-15,635,635,,W0106238076,SMG,2026-01-16,01G,42,,,,,,,,,,,,MED
2026-02-01 00:00:00,777000257154,14,DW,01,J,28,144,WILBERTH FUENTES PECH         ,1B,ACTIVO,LG153B ,1,F123,20NT,2026-02-01,2026-02-06,8956,315,,W0106208518,SMS,2025-12-29,CDD,60,2026-02-06 11:35:08,1427,L,9NCXE,LG153B ,315,Opt,  ,,,,GSC
2026-02-01 00:00:00,777051000361,07,DW,01,J,09,074,MOO EK WALTER RAFAEL          ,1D,ACTIVO,1H386M ,1,F121,05JL,2026-01-01,2026-01-05,28455,163,,W0106262648,SM2,2026-01-30,W1C,28,,,,,,,,,,,,GSC
2026-02-01 00:00:00,777151000341,29,DW,01,J,07,292,SULUB YAM JUAN MIGUEL         ,1D,ACTIVO,AWH253 ,1,F123,22NX,2026-01-01,2025-11-20,7711,325,,W0106243098,SMC,2026-01-20,LIR,38,2026-01-20 10:27:47,2926,L,9BBN1,AWH253 ,0,Nor,53,UI SERV DIRECTO,53,S,MED
2026-02-01 00:00:00,777151200782,35,DW,01,J,08,353,DZIB HERNANDEZ ADRIAN         ,1D,CORTADO,991FMH ,2,F622,15LM,2026-01-01,2025-11-25,28501,801,,W0106250355,SMG,2026-01-23,LIR,35,2026-01-23 12:28:51,3528,L,9NCYF,991FMH ,0,Nor,64,P. INFRARROJO/MED. D,64,S,MED
2026-02-01 00:00:00,777151203986,24,DW,01,J,03,241,MAGANA LORIA JESSICA GUADALUPE,1C,ACTIVO,G453VR ,2,F622,17LM,2026-02-01,2026-02-13,16362,24,,W0106251888,SMG,2026-01-26,MED,32,2026-02-13 11:59:29,2401,L,9P18Y,G453VR ,24,Opt,  ,,,,MED
2026-02-01 00:00:00,777151204028,24,DW,01,J,03,241,GUTIERREZ MENDOZA JANITZIN    ,1C,ACTIVO,YU493A ,2,F623,21NU,2017-10-01,2017-10-16,299,49,,W0106169106,SMC,2025-12-01,CDB,88,,,,,,,,,,,,MED
2026-02-01 00:00:00,777160400298,23,DW,01,J,16,217,ELDA GUADALUPE MARRUFO GONGORA,1C,ACTIVO,590JJX ,2,F622,15LM,2026-01-01,2026-01-15,98022,1032,,W0106238074,SMG,2026-01-16,01G,42,,,,,,,,,,,,MED
2026-02-01 00:00:00,777160601412,13,DW,01,J,05,131,MAAS TZEC ELIA MARIA          ,1D,ACTIVO,844CYG ,1,F122,15LN,2026-01-01,2026-01-08,33881,845,,W0106224331,SMG,2026-01-09,LIR,49,,,,,,,,,,,,MED
2026-02-01 00:00:00,777160702162,39,DW,01,J,08,392,GRUPO CHABRI SA DE CV         ,02,ACTIVO,MA050X ,2,F623,20NU,2026-01-01,2025-11-27,3805,0,,W0106256502,SMG,2026-01-27,LIR,31,2026-01-27 09:22:40,3926,L,GAAFN,MA050X ,0,Opt,60,MEDID NO TRABAJA,60,S,MED
2026-02-01 00:00:00,777160901076,24,DW,01,J,03,247,UICAB BORGES MANUEL IGNACIO DE,1C,ACTIVO,BM375M ,1,F123,19NM,2026-02-01,2026-02-13,2187,379,,W0106192528,SMG,2025-12-16,LIR,73,2026-02-13 12:07:10,2402,L,9MCDC,BM375M ,379,Opt,  ,,,,MED
2026-02-01 00:00:00,777160902439,13,DW,01,J,05,131,CAN MIS FULGENCIO             ,1D,ACTIVO,629KTV ,1,F122,15LN,2026-01-01,2025-07-11,682,19,,W0106226397,SMG,2026-01-11,01G,47,2026-01-08 09:47:54,1329,L,R9950,629KTV ,99982,Opt,  ,,,,MED
2026-02-01 00:00:00,777161200063,11,DW,01,J,53,112,MOO COCOM LAURA ISABEL        ,1D,BAJA SIN MED RET,KUU830 ,1,F123,23NX,2017-09-01,2050-01-01,0,0,,W0106221053,SMC,2026-01-07,LIR,51,,,,,,,,,,,,MED
2026-02-01 00:00:00,777170401381,29,DW,01,J,11,291,QUINTAL PINA LUIS ANTONIO     ,1D,ACTIVO,468VBF ,1,F122,16LN,2026-01-01,2025-05-21,6004,239,,W0106243107,SMC,2026-01-20,LIR,38,2026-01-20 12:28:07,2930,L,9NCXE,468VBF ,0,Nor,53,UI SERV DIRECTO,53,S,MED
2026-02-01 00:00:00,777170801525,24,DW,01,J,03,241,MENA ZURITA SEYLER            ,1C,ACTIVO,505RPT ,1,F122,16LN,2026-02-01,2026-02-13,13585,1059,,W0106192513,SMG,2025-12-16,LIR,73,2026-02-13 10:08:26,2401,L,9P18Y,505RPT ,1059,Opt,  ,,,,MED
2026-02-01 00:00:00,777170803323,14,DW,01,J,32,146,VALLEJOS UICAB OSCAR RAFAEL   ,1C,ACTIVO,J701GD ,2,F622,17LM,2026-02-01,2026-02-06,13010,468,,W0106183658,SMG,2025-12-10,01G,79,2026-02-06 08:58:02,1428,L,GAG8N,J701GD ,468,Opt,  ,,,,MED
2026-02-01 00:00:00,777171100610,07,DW,01,J,09,074,ROJAS PECH NIEVES ELIZABETH   ,1D,BAJA SIN MED RET,F378CJ ,1,F122,17LN,2026-01-01,2026-01-05,11213,0,,W0106217806,SMC,2026-01-06,LIR,52,,,,,,,,,,,,MED
2026-02-01 00:00:00,777180301482,18,DW,01,J,26,181,UH CUXIN ANDREA VALENTINA     ,1B,CORTADO,KK468F ,1,F123,20NT,2026-02-01,2026-02-10,2925,0,,W0106185891,SMC,2025-12-12,LIR,77,2026-02-10 08:48:09,1826,L,GAG8N,KK468F ,0,Opt,31,SERVICIO SIN USO,,,MED
2026-02-01 00:00:00,777180801370,30,DW,01,J,03,308,AVENDANO RAMIREZ MIGUEL ANTONI,1C,CORTADO,DXN263 ,1,F123,22NX,2024-02-01,2024-02-19,19151,1503,,W0106201276,SMG,2025-12-22,LIR,67,,,,,,,,,,,,MED
2026-02-01 00:00:00,777180802180,35,DW,01,J,08,353,ORTIZ SANSORES LUIS FERNANDO  ,1D,ACTIVO,Y741MJ ,2,F623,19NU,2026-01-01,2025-11-25,16415,1213,,W0106250353,SMC,2026-01-23,LIR,35,2026-01-23 13:42:58,3528,L,9NCYF,Y741MJ ,0,Nor,53,UI SERV DIRECTO,53,S,MED
2026-02-01 00:00:00,777180900688,29,DW,01,J,44,293,NOH ALBORNOZ JORGE CLEMENTE   ,1C,ACTIVO,P277FY ,2,F623,18NN,2026-01-01,2025-09-23,20197,417,,W0106243122,SMG,2026-01-20,LIR,38,2026-01-20 09:24:53,2931,L,R9950,P277FY ,0,Nor,60,MEDID NO TRABAJA,60,S,MED
2026-02-01 00:00:00,777180901447,29,DW,01,J,09,297,VAZQUEZ CHERRES GELMY SARAI   ,1D,BAJA SIN MED RET,L615TW ,1,F122,18LN,2026-01-01,2026-01-20,14812,0,,W0106243685,SMC,2026-01-20,LIR,38,,,,,,,,,,,,MED
2026-02-01 00:00:00,777181100880,13,DW,01,J,05,131,EK CHI MARIA ADELAIDA         ,1D,ACTIVO,44V44W ,2,F62H,11KN,2026-01-01,2025-11-07,6385,481,,W0106250767,SM2,2026-01-23,CDC,35,2026-01-08 10:26:45,1329,L,R9950,UN656J ,0,Nor,53,UI SERV DIRECTO,53,S,GSC
2026-02-01 00:00:00,777190100418,28,DW,01,J,38,282,MENDEZ PAZ MARTHA EUGENIA     ,1D,ACTIVO,P339GM ,2,F623,18NN,2026-02-01,2026-02-17,9335,725,,W0106198767,SMC,2025-12-19,LIR,70,2026-02-17 17:30:49,2831,L,GAAFN,P339GM ,428,Opt,  ,,,,MED
2026-02-01 00:00:00,777190800410,21,DW,01,J,03,214,MERITO IZQUIERDO CARMEN       ,1C,ACTIVO,UK689T ,2,F623,21NY,2026-01-01,2026-01-14,9517,395,,W0106215308,SM2,2026-01-05,W1E,53,,,,,,,,,,,,GSC
2026-02-01 00:00:00,777191200483,40,DW,01,J,03,404,CEN PECH VERONICA ESMERALDA   ,1C,ACTIVO,RBN651 ,2,F623,24NY,2025-02-01,2025-02-25,5016,374,,W0106209116,SMC,2025-12-29,LIR,60,2025-02-25 09:25:52,4003,L,R9933,RBN651 ,4788,Nor,44,NUM MEDID DESIGU,44,S,MED
2026-02-01 00:00:00,777191201161,23,DW,01,J,16,217,CRUZ VEGA EDUARDO             ,1D,ACTIVO,BM855T ,1,F123,19NM,2026-01-01,2025-11-14,2652,31,,W0106235756,SMG,2026-01-15,LIR,43,2026-01-15 10:37:19,2327,L,9NCYF,BM855T ,0,Nor,64,P. INFRARROJO/MED. D,64,S,MED
2026-02-01 00:00:00,777200301069,26,DW,01,J,03,262,PUC CANTO LICELY DEL CARMEN   ,1C,ACTIVO,DB885E ,1,F123,19NM,2026-02-01,2025-10-16,1263,4,,W0106195072,SMG,2025-12-17,LIR,72,2026-02-16 10:26:04,2601,M,9P18Y,DB885E ,0,Opt,60,MEDID NO TRABAJA,60,S,MED
2026-02-01 00:00:00,777200500304,28,DW,01,J,10,281,TUN BAAS RODOLFO              ,1C,BAJA SIN MED RET,BE239J ,2,F623,19NV,2026-02-01,2026-02-17,1,0,,W0106198762,SMG,2025-12-19,LIR,70,2026-02-17 10:46:45,2828,L,9P18Y,BE239J ,0,Nor,59,DISPLAY APAGADO,59,S,MED
2026-02-01 00:00:00,777200500363,26,DW,01,J,03,262,PITALUA PESTANA ARIEL         ,1C,ACTIVO,LV181L ,1,F623,20NU,2026-02-01,2025-08-18,11949,381,,W0106195080,SMG,2025-12-17,01G,72,2026-02-16 10:42:27,2601,M,9P18Y,LV181L ,0,Nor,53,UI SERV DIRECTO,53,S,MED
2026-02-01 00:00:00,777200600988,30,DW,01,J,03,302,RAMIREZ RAMOS LUIS ARMANDO    ,1C,CORTADO,XNH917 ,1,F123,24NX,2026-02-01,2026-02-18,178,162,,W0106201267,SMC,2025-12-22,LIR,67,,,,,,,,,,,,MED
2026-02-01 00:00:00,777200700958,11,DW,01,J,09,113,RUZ FUENTES DIEGO ISAI        ,1D,ACTIVO,51G6E2 ,1,F12H,09KU,2026-01-01,2025-11-06,11752,514,,W0106221051,SMG,2026-01-07,LIR,51,2026-01-07 13:00:13,1127,L,9NCYF,51G6E2 ,0,Nor,64,P. INFRARROJO/MED. D,64,S,MED
2026-02-01 00:00:00,777200900361,13,DW,01,J,04,134,BAZ PENICHE JOSE ALEJANDRO    ,1C,ACTIVO,BE686L ,2,F623,19NV,2026-01-01,2024-05-08,298,0,,W0106226401,SMG,2026-01-11,01G,47,2026-01-08 08:31:10,1328,L,R9712,BE686L ,99812,Opt,  ,,,,MED
2026-02-01 00:00:00,777201100814,05,DW,01,J,09,055,PECH NOH DOMINGA              ,1D,ACTIVO,UK717U ,2,F623,21NY,2023-07-01,2023-07-04,11399,66,,W0106213772,SMC,2026-01-03,LIR,55,,,,,,,,,,,,MED
2026-02-01 00:00:00,777201102426,24,DW,01,J,03,241,GALLARDO OLIVERA MIGUEL       ,1C,CORTADO,MF342W ,2,F623,20NU,2026-02-01,2026-02-13,12075,0,,W0106192507,SMC,2025-12-16,LIR,73,2026-02-13 08:12:42,2401,L,9P18Y,MF342W ,0,Opt,32,UI DERIVACION,32,S,MED
2026-02-01 00:00:00,777201102515,39,DW,01,J,08,392,BASURTO POLO RIGOBERTO        ,1D,BAJA SIN MED RET,NT373N ,2,F623,20NU,2026-01-01,2026-01-27,28,0,,W0106256498,SMC,2026-01-27,LIR,31,,,,,,,,,,,,MED
2026-02-01 00:00:00,777201201033,26,DW,01,J,03,263,ACOSTA MARTIN EDLIN YUSELMI   ,1C,ACTIVO,REH322 ,2,F623,24NY,2024-10-01,2024-10-16,6132,790,,W0106195073,SMC,2025-12-17,LIR,72,2024-10-16 10:10:45,2602,L,9BBN1,REH322 ,1288,Opt,  ,,,,MED
2026-02-01 00:00:00,777210203651,24,DW,01,J,03,241,HUCHIN CARMONA EDGAR DANIEL   ,1C,BAJA SIN MED RET,KL806M ,1,F123,20NT,2026-02-01,2026-02-12,5480,0,,W0106192512,SMC,2025-12-16,LIR,73,2026-02-13 09:02:47,2401,L,9P18Y,KL806M ,0,Nor,56,NO HAY MEDIDOR,56,S,MED
2026-02-01 00:00:00,777210400154,36,DW,01,J,03,367,MOLINA CANUL PEDRO HUMBERTO   ,1C,ACTIVO,LG521A ,1,F123,20NT,2026-02-01,2026-02-23,2239,0,,W0106206775,SMC,2025-12-27,LIR,62,2026-02-23 10:30:44,3603,L,9NCYF,LG521A ,0,Nor,53,UI SERV DIRECTO,53,S,MED
2026-02-01 00:00:00,777210404176,35,DW,01,J,08,352,ORTIZ SOLIS CESAR EDILBERTO   ,1D,ACTIVO,MK418P ,2,F623,20NU,2026-01-01,2025-11-25,16123,405,,W0106250689,SMC,2026-01-23,LIR,35,2026-01-23 15:32:24,3527,L,R9950,MK418P ,0,Nor,53,UI SERV DIRECTO,53,S,MED
2026-02-01 00:00:00,777210600056,21,DW,01,J,16,211,CAUICH CHI ROGER IVAN         ,1D,ACTIVO,5ANG10 ,1,F123,25NX,2026-01-01,2025-12-27,0,353,,W0106233416,SMC,2026-01-14,LIR,44,2026-01-14 10:18:10,2126,L,9NCYF,5ANG10 ,0,Nor,53,UI SERV DIRECTO,53,S,MED
2026-02-01 00:00:00,777210702291,11,DW,01,J,09,113,CAAMAL PATRACA MANUEL ALEJANDR,1D,ACTIVO,336YY4 ,1,F122,13LN,2026-01-01,2026-01-07,13435,0,,W0106221044,SMC,2026-01-07,LIR,51,2026-01-07 10:38:33,1127,L,9NCYF,336YY4 ,0,Opt,32,UI DERIVACION,32,S,MED
2026-02-01 00:00:00,777210802635,28,DW,01,J,29,285,SULUB MAY PEDRO ALEJANDRO     ,1C,CORTADO,37WT08 ,1,F121,08JL,2026-02-01,2026-02-17,6294,0,,W0106198765,SMC,2025-12-19,LIR,70,2026-02-17 13:39:17,2830,L,R9950,37WT08 ,0,Nor,31,SERVICIO SIN USO,,,MED
2026-02-01 00:00:00,777210902664,21,DW,01,J,03,214,CONTRERAS ALVA PEREZ          ,02,CORTADO,LV455K ,2,F623,20NU,2026-01-01,2025-11-13,2775,0,,W0106233030,SMC,2026-01-14,LIR,44,2026-01-14 09:30:01,2101,M,GAAGN,LV455K ,0,Nor,53,UI SERV DIRECTO,53,S,MED
2026-02-01 00:00:00,777211002489,05,DW,01,J,09,059,HUCHIN CAB JUAN TELESFORO     ,02,ACTIVO,MF108X ,2,20NU,20NU,2026-01-01,2026-01-02,6017,0,,W0106213773,SMC,2026-01-03,LIR,55,2026-01-02 21:04:55,0526,L,GAAFN,MF108X ,0,Opt,32,UI DERIVACION,32,S,MED
2026-02-01 00:00:00,777211202488,29,DW,01,J,11,291,GONZALEZ GARCIA MANUEL ENRIQUE,1D,CORTADO,YH738T ,2,F623,21NU,2026-01-01,2026-01-20,13514,0,,W0106243106,SMC,2026-01-20,LIR,38,2026-01-20 11:02:48,2930,L,9NCXE,YH738T ,0,Opt,32,UI DERIVACION,32,S,MED
2026-02-01 00:00:00,777220100370,05,DW,01,J,09,055,MEZA BALAM MELVIN ISAI        ,02,ACTIVO,RMG267 ,2,F623,24NY,2026-01-01,2025-08-29,2359,1052,,W0106213771,SMG,2026-01-03,LIR,55,2026-01-02 10:09:50,0529,L,R9950,RMG267 ,0,Nor,60,MEDID NO TRABAJA,60,S,MED
2026-02-01 00:00:00,777220201842,17,DW,01,J,13,172,CHAN PISTE JOSE MANUEL RIGOBER,1D,ACTIVO,TB913G ,1,F123,21NX,2026-01-01,2025-07-11,3295,144,,W0106228244,SMG,2026-01-12,LIR,46,2026-01-12 13:39:53,1726,L,9NCYF,TB913G ,0,Nor,60,MEDID NO TRABAJA,60,S,MED
2026-02-01 00:00:00,777220202300,21,DW,01,J,03,214,MENDOZA ESPADAS LAURA ALEJANDR,02,ACTIVO,YU403A ,2,F623,21NU,2026-01-01,2026-01-14,6553,0,,W0106237899,SMG,2026-01-16,01G,42,2026-01-14 09:08:13,2101,M,GAAGN,YU403A ,0,Opt,31,SERVICIO SIN USO,,,MED
2026-02-01 00:00:00,777220202385,31,DW,01,J,03,311,PLATA SANCHEZ ESTEBAN DE JESUS,1C,CORTADO,658FY8 ,2,F122,12LH,2026-01-01,2026-01-21,21324,0,,W0106246127,SMC,2026-01-21,LIR,37,2026-01-21 11:53:40,3101,L,9NCYF,658FY8 ,0,Opt,32,UI DERIVACION,32,S,MED
2026-02-01 00:00:00,777220302134,11,DW,01,J,04,112,CAUICH CHI GILMER ANTONIO     ,1C,BAJA SIN MED RET,XP929H ,1,F123,21NT,2026-01-01,2026-01-07,8134,0,,W0106221040,SMC,2026-01-07,LIR,51,,,,,,,,,,,,MED
2026-02-01 00:00:00,777220303831,13,DW,01,J,04,134,YAM ACOSTA EDDER              ,1C,ACTIVO,YH896W ,2,F623,21NU,2026-01-01,2025-11-07,2,0,,W0106189898,SM2,2025-12-15,01M,74,2026-01-08 13:32:34,1328,L,R9712,YH896W ,0,Nor,51,NO ENCONTRE DOMI,,,GSC
2026-02-01 00:00:00,777220400501,37,DW,01,J,08,371,AGUILAR REJON JUAN DE DIOS    ,1D,ACTIVO,WNP606 ,2,F623,24P2,2024-11-01,2024-11-26,2375,965,,W0106253820,SMG,2026-01-26,LIR,32,,,,,,,,,,,,MED
2026-02-01 00:00:00,777220601069,39,DW,01,J,08,392,GRUPO CHABRI SA DE CV         ,02,ACTIVO,YJ656C ,2,F623,21NU,2026-01-01,2025-11-27,2662,0,,W0106256503,SMG,2026-01-27,LIR,31,2026-01-27 09:29:33,3926,L,GAAFN,YJ656C ,0,Opt,60,MEDID NO TRABAJA,60,S,MED
2026-02-01 00:00:00,777220700041,30,DW,01,J,03,301,JUAREZ MARTINEZ QUENIA        ,1C,ACTIVO,RR127J ,1,F123,21NX,2026-02-01,2025-08-20,4362,201,,W0106201257,SMC,2025-12-22,LIR,67,,,,,,,,,,,,MED
2026-02-01 00:00:00,777220700814,13,DW,01,J,04,133,LINARES LEON ANGEL            ,1C,ACTIVO,TV579A ,1,F123,21NX,2026-01-01,2026-01-08,10647,1504,,W0106220056,SMC,2026-01-07,01M,51,,,,,,,,,,,,MED
2026-02-01 00:00:00,777221000981,10,DW,01,J,25,104,CAMARA VEGA DENNISE GUADALUPE ,1B,ACTIVO,AWH560 ,2,F123,22NX,2026-02-01,2025-06-05,5489,366,,W0106177367,SMC,2025-12-06,LIR,83,2026-02-04 08:59:39,1028,L,R9950,AWH560 ,0,Nor,56,NO HAY MEDIDOR,56,S,MED
2026-02-01 00:00:00,777221001618,29,DW,01,J,09,295,TUBERIAS ADVANCE DEL CARIBE   ,02,ACTIVO,NJ007X ,2,F623,20NU,2026-01-01,2025-09-19,25503,1151,,W0106247646,SM2,2026-01-22,MED,36,2026-01-20 18:44:01,2928,L,GAAFN,NJ007X ,0,Nor,56,NO HAY MEDIDOR,56,S,GSC
2026-02-01 00:00:00,777221101957,31,DW,01,J,09,311,MANUEL JESUS CAUICH CANCHE    ,1C,ACTIVO,DKC047 ,2,F623,22NU,2026-01-01,2026-01-21,34094,1471,,W0106248862,SMG,2026-01-22,01G,36,,,,,,,,,,,,MED
2026-02-01 00:00:00,777230103172,19,DW,01,J,13,192,CHAN CHAN SANTOS MARTIN       ,1D,CORTADO,DJX974 ,2,F623,22NU,2026-01-01,2026-01-13,11680,3856,,W0106230466,SMC,2026-01-13,LIR,45,2026-01-13 10:38:13,1927,L,GAAFN,DJX974 ,0,Nor,53,UI SERV DIRECTO,53,S,MED
2026-02-01 00:00:00,777230301349,10,DW,01,J,52,102,MAGANA PACHECO JOSE NOEL      ,1D,ACTIVO,UU161Y ,2,F623,21NY,2026-02-01,2025-12-05,2320,126,,W0106192462,SM2,2025-12-16,CDB,73,2026-02-04 15:13:16,1027,L,GAG8N,UU161Y ,0,Nor,56,NO HAY MEDIDOR,56,S,GSC
2026-02-01 00:00:00,777230303074,33,DW,01,J,03,333,PAPERASSE                     ,02,ACTIVO,G534XU ,3,KL28,17KE,2026-01-01,2025-09-23,16079,125,,W0106249689,SMG,2026-01-23,01G,35,2026-01-22 16:28:19,3303,L,9NCYF,G534XU ,99916,Opt,  ,,,,MED
2026-02-01 00:00:00,777230401386,10,DW,01,J,52,102,MEX SIMA CARLOS RICARDO       ,1D,ACTIVO,WPY050 ,2,F623,24P2,2026-02-01,2026-02-04,4287,180,,W0106215483,SM2,2026-01-05,W1E,53,2026-02-04 15:49:47,1027,L,GAG8N,WPY050 ,180,Nor,44,NUM MEDID DESIGU,44,S,GSC
2026-02-01 00:00:00,777230602306,23,DW,01,J,03,232,PECH GONZALEZ EDGAR EDUARDO   ,1C,ACTIVO,FJX540 ,1,F123,22NX,2026-01-01,2025-11-14,3022,0,,W0106235780,SMC,2026-01-15,LIR,43,2026-01-15 10:35:11,2301,L,GAAFN,FJX540 ,0,Nor,53,UI SERV DIRECTO,53,S,MED
2026-02-01 00:00:00,777230700227,05,DW,01,J,09,059,CAAMAL CHAN PEDRO NOLASCO     ,02,ACTIVO,2AXT07 ,2,F623,25P2,2026-01-01,2025-10-01,10412,683,,W0106213774,SMC,2026-01-03,LIR,55,2026-01-02 20:31:55,0526,L,GAAFN,FKD223 ,0,Nor,53,UI SERV DIRECTO,53,S,MED
2026-02-01 00:00:00,777230800191,63,DW,01,J,03,631,MUNICIPIO DE MERIDA YUCATAN   ,02,ACTIVO,MU578D ,3,KL28,20KE,2026-02-01,2026-02-03,13538,10,,W0106209078,SM2,2025-12-29,MED,60,2026-02-03 15:29:06,6301,L,GAG8N,MU578D ,10,Opt,31,SERVICIO SIN USO,,,GSC
2026-02-01 00:00:00,777230800264,17,DW,01,J,18,172,CORNELIO CRUZ JOSE ALBERTO    ,1D,ACTIVO,FKF879 ,1,F123,22NX,2026-01-01,2025-09-09,4697,325,,W0106228333,SMC,2026-01-12,LIR,46,2026-01-12 11:20:04,1727,L,GAAGN,FKF879 ,0,Nor,53,UI SERV DIRECTO,53,S,MED
2026-02-01 00:00:00,777230802534,24,DW,01,J,03,248,CANTO RAMOS DAVID DE JESUS    ,1C,CORTADO,JCY192 ,2,F623,23NU,2026-02-01,2025-10-15,3405,105,,W0106192533,SMC,2025-12-16,LIR,73,2026-02-13 08:52:50,2404,L,9NCYF,JCY192 ,0,Nor,59,DISPLAY APAGADO,59,S,MED
2026-02-01 00:00:00,777231000113,17,DW,01,J,13,173,PEREZ PEDRO DAMIAN            ,1D,CORTADO,JBY232 ,2,F623,23NU,2026-01-01,2025-07-11,5890,700,,W0106232712,SM2,2026-01-14,MED,44,2026-01-12 14:14:09,1728,L,GAAFN,JBY232 ,0,Nor,56,NO HAY MEDIDOR,56,S,GSC
2026-02-01 00:00:00,777231000563,14,DW,01,J,24,141,POOT MENA HILARIO             ,1B,ACTIVO,GGU478 ,1,F123,22NJ,2026-02-01,2025-10-08,29145,172,,W0106183409,SMG,2025-12-10,MED,79,2026-02-06 08:35:14,1426,L,9BBN1,GGU478 ,75534,Opt,  ,,,,MED
2026-02-01 00:00:00,777240301797,35,DW,01,J,08,353,POOL CHEL MARIA MARLENE       ,1D,ACTIVO,JAG705 ,2,F623,23NU,2026-01-01,2025-03-25,3529,431,,W0106250351,SMC,2026-01-23,LIR,35,2026-01-23 11:55:59,3528,L,9NCYF,JAG705 ,0,Nor,53,UI SERV DIRECTO,53,S,MED
2026-02-01 00:00:00,777240500234,07,DW,01,J,09,073,DORANTES CONTRERAS ALFREDO    ,1D,ACTIVO,MV750M ,3,KL28,20KE,2026-01-01,2026-01-05,19197,777,,W0106234786,SMC,2026-01-15,W1C,43,,,,,,,,,,,,MED
2026-02-01 00:00:00,777240501869,25,DW,01,J,03,251,DOMINGUEZ   VICTOR ALBERTO    ,1C,ACTIVO,GBY535 ,1,F123,23NX,2026-01-01,2026-01-16,4364,400,,W0106248575,SM2,2026-01-22,MED,36,,,,,,,,,,,,GSC
2026-02-01 00:00:00,777240601588,25,DW,01,J,03,251,RODRIGUEZ MORALES ABRIL ASTRID,1C,ACTIVO,MKV540 ,1,F123,23NX,2026-01-01,2026-01-16,2578,318,,W0106211187,SMC,2025-12-30,CDK,59,2026-01-16 12:04:37,2501,M,GAAEN,MKV540 ,318,Opt,  ,,,,MED
2026-02-01 00:00:00,777240701531,32,DW,01,J,46,323,MARTIN EUAN LINDA VENTURA     ,1C,ACTIVO,LAN404 ,1,F123,23NX,2026-02-01,2026-02-19,1184,0,,W0106194269,SM2,2025-12-17,CDV,72,2026-02-19 09:34:53,3228,L,R9950,LAN404 ,0,Opt,31,SERVICIO SIN USO,,,GSC
2026-02-01 00:00:00,777240702350,29,DW,01,J,09,291,SEGURA CORREA JOSE CANDELARIO ,1D,ACTIVO,RDA527 ,2,F623,24NY,2026-01-01,2025-09-19,1268,0,,W0106247614,SM2,2026-01-22,MED,36,2026-01-20 12:18:24,2927,L,GAAFN,RDA527 ,0,Nor,56,NO HAY MEDIDOR,56,S,GSC
2026-02-01 00:00:00,777240902111,09,DW,01,J,04,091,RAMONEZ VAZQUEZ KAREN MARIBEL ,1C,ACTIVO,RDP754 ,2,F623,24NY,2026-01-01,2025-05-06,3804,1616,,W0106210485,SM2,2025-12-30,MED,59,2026-01-06 15:52:09,0926,L,R9712,RDP754 ,0,Nor,56,NO HAY MEDIDOR,56,S,GSC
2026-02-01 00:00:00,777241102348,07,DW,01,J,50,071,TORRES LOPEZ PETRONA          ,1D,ACTIVO,WTR515 ,2,F623,24P2,2026-01-01,2025-11-04,879,2,,W0106217811,SMC,2026-01-06,LIR,52,2026-01-05 11:06:10,0730,L,9BBN1,WTR515 ,0,Nor,53,UI SERV DIRECTO,53,S,MED
2026-02-01 00:00:00,777241102526,17,DW,01,J,17,171,MILLAN SULUB INGRID GUADALUPE ,1D,ACTIVO,WTP083 ,2,F623,24P2,2026-01-01,2025-05-13,0,0,,W0106210509,SM2,2025-12-30,MED,59,2026-01-12 14:37:34,1727,L,GAAGN,WTP083 ,0,Nor,51,NO ENCONTRE DOMI,,,GSC
2026-02-01 00:00:00,777241103182,09,DW,01,J,09,093,MEX CANTO GASPAR ANTONIO      ,1D,ACTIVO,PBR839 ,1,F123,24NX,2025-09-01,2025-09-03,1013,0,,W0106262161,SM2,2026-01-30,CDD,28,,,,,,,,,,,,GSC
2026-02-01 00:00:00,777241200773,07,DW,01,J,50,071,AKE CATZIN ALMA DIANELA       ,1D,ACTIVO,WTM809 ,2,F623,24P2,2026-01-01,2025-07-03,593,3,,W0106217812,SMC,2026-01-06,LIR,52,2026-01-05 11:08:23,0730,L,9BBN1,WTM809 ,0,Nor,53,UI SERV DIRECTO,53,S,MED
2026-02-01 00:00:00,777250100633,30,DW,01,J,19,301,PECH NORIEGA MARTHA VERONICA  ,1C,ACTIVO,2AUR90 ,2,F623,25P2,2025-10-01,2025-10-20,10,5,,W0106168372,SM2,2025-12-01,W1J,88,,,,,,,,,,,,GSC
2026-02-01 00:00:00,777250104311,19,DW,01,J,13,191,POOL GIL JESUS ARMANDO        ,1D,ACTIVO,RCH038 ,2,F623,24NY,2026-01-01,2025-11-12,246,52,,W0106230458,SMC,2026-01-13,LIR,45,2026-01-13 11:54:00,1926,L,GAAGN,RCH038 ,0,Nor,53,UI SERV DIRECTO,53,S,MED
2026-02-01 00:00:00,777250200719,17,DW,01,J,14,171,BE IUIT ISABEL GUADALUPE      ,1D,ACTIVO,RBN685 ,2,F623,24NY,2026-01-01,2025-09-09,0,0,,W0106228335,SMC,2026-01-12,LIR,46,2026-01-12 14:37:23,1727,L,GAAGN,RBN685 ,0,Nor,53,UI SERV DIRECTO,53,S,MED
2026-02-01 00:00:00,777250202169,24,DW,01,J,03,243,GOMEZ GARCIA ELSY DEL JESUS   ,1C,ACTIVO,PJW711 ,1,F123,24NX,2026-02-01,2025-10-15,1235,337,,W0106168518,SMC,2025-12-01,W1J,88,2026-02-13 12:42:13,2405,L,R9950,PJW711 ,0,Nor,56,NO HAY MEDIDOR,56,S,MED
2026-02-01 00:00:00,777250203912,05,DW,01,J,09,051,RUIZ RAMIREZ PALMA WENDY CAROL,1D,ACTIVO,RBY639 ,2,F623,24NY,2026-01-01,2025-10-01,53,16,,W0106213765,SMC,2026-01-03,LIR,55,2026-01-02 14:22:23,0526,L,GAAFN,RBY639 ,0,Nor,53,UI SERV DIRECTO,53,S,MED
2026-02-01 00:00:00,777250702692,12,DW,01,J,52,123,OMAR BLANCO ABRAHAM           ,1D,ACTIVO,5DVX47 ,2,F623,25NY,2026-02-01,2026-02-05,699,179,,W0106221104,SM2,2026-01-07,CDU,51,2026-02-05 08:51:41,1226,L,9P18Y,5DVX47 ,179,Opt,  ,,,,GSC
2026-02-01 00:00:00,777250801011,40,DW,01,J,03,403,CHAN PECH JHONY GUADALUPE     ,1C,ACTIVO,8DVL17 ,2,F623,25NY,2026-02-01,2026-02-25,0,0,,W0106209111,SMC,2025-12-29,LIR,60,,,,,,,,,,,,MED
2026-02-01 00:00:00,777250902161,29,DW,01,J,03,291,RAICES PABLEX                 ,02,ACTIVO,9BCE06 ,2,F623,25P2,2026-01-01,2025-09-19,0,0,,W0106261337,SM2,2026-01-29,CDA,29,2026-01-20 12:42:01,2901,M,G81D8,9BCE06 ,0,Nor,51,NO ENCONTRE DOMI,,,GSC
2026-02-01 00:00:00,777250902811,23,DW,01,J,03,232,EK TREJO EDWIN ADAN           ,1C,ACTIVO,2BCE78 ,2,F623,25P2,2026-01-01,2026-01-15,0,0,,W0106189752,SM2,2025-12-15,MED,74,2026-01-15 14:53:53,2301,L,GAAFN,2BCE78 ,0,Nor,51,NO ENCONTRE DOMI,,,GSC
2026-02-01 00:00:00,777250902934,29,DW,01,J,44,293,JIMENEZ MUTUL LISANDRA SARAHI ,1C,ACTIVO,YA413D ,2,F623,21NU,2026-01-01,2025-11-20,0,0,,W0106208561,SM2,2025-12-29,01G,60,2026-01-20 08:22:16,2931,L,R9950,YA413D ,0,Nor,56,NO HAY MEDIDOR,56,S,GSC
2026-02-01 00:00:00,777250903469,12,DW,01,J,52,125,VERA   JUVANY BARUCH          ,1D,ACTIVO,8AYA07 ,2,F623,25P2,2026-02-01,2025-12-08,0,0,,W0106180352,SMC,2025-12-09,LIR,80,2026-02-05 12:06:52,1228,L,GAG8N,8AYA07 ,0,Nor,56,NO HAY MEDIDOR,56,S,MED
2026-02-01 00:00:00,777251100904,39,DW,01,J,08,392,AKE HAU BLANCA LIZBETH        ,1D,ACTIVO,PAX317 ,1,F123,24NX,2026-01-01,2026-01-27,0,0,,W0106256500,SMC,2026-01-27,LIR,31,2026-01-27 13:10:56,3926,L,GAAFN,PAX317 ,0,Nor,53,UI SERV DIRECTO,53,S,MED
2026-02-01 00:00:00,777251201735,23,DW,01,J,03,232,HUCHIN CHE JUAN CARLOS        ,1C,ACTIVO,RBD351 ,2,F623,24NY,2026-01-01,2026-01-15,63,63,,W0106198103,SMS,2025-12-18,CDC,71,2026-01-15 14:44:44,2301,L,GAAFN,RBD351 ,63,Opt,  ,,,,GSC
2026-02-01 00:00:00,777251202481,23,DW,01,J,03,232,MORENO MENDEZ CARALAMPIO      ,1C,ACTIVO,9AXL27 ,2,F623,25P2,2026-01-01,2026-01-17,0,0,,W0106239879,SM2,2026-01-19,MED,39,2026-01-17 11:39:22,2351,R,G81D8,9AXL27 ,0,Nor,56,NO HAY MEDIDOR,56,S,GSC
2026-02-01 00:00:00,777251203070,30,DW,01,J,38,308,CEN KIM FATIMA DEL ROCIO      ,1D,ACTIVO,MF861W ,2,F623,20NU,2026-02-01,2026-02-18,0,0,,W0106212010,SM2,2026-01-01,CDV,57,,,,,,,,,,,,GSC
2026-02-01 00:00:00,777260100852,25,DW,01,J,03,251,EK KU JOSE ENRIQUE            ,1C,ACTIVO,9AUL23 ,2,F623,25P2,2026-01-01,2026-01-16,13,13,,W0106257821,SM2,2026-01-28,CDD,30,,,,,,,,,,,,GSC
2026-02-01 00:00:00,777260101484,17,DW,01,J,13,172,DIAZ VERA YESICA              ,1D,ACTIVO,7AUL81 ,2,F623,25P2,2025-11-01,2026-01-12,0,0,,W0106258459,SMS,2026-01-28,CDD,30,,,,,,,,,,,,GSC
2026-02-01 00:00:00,777750401877,06,DW,01,J,03,063,SANTIAGO DURAN C              ,1C,ACTIVO,HLP520 ,2,F623,23NY,2024-08-01,2024-08-02,33055,0,,W0106216224,SM2,2026-01-05,W1J,53,2024-08-02 15:42:49,0603,L,R9690,HLP520 ,0,Opt,31,SERVICIO SIN USO,,,GSC
2026-02-01 00:00:00,777750403462,18,DW,01,J,03,182,DZIB XOOL VICENTE INES        ,1C,ACTIVO,7DVL50 ,2,F623,25NY,2025-08-01,2025-08-12,72550,0,,W0106186552,SMG,2025-12-12,01G,77,,,,,,,,,,,,MED
2026-02-01 00:00:00,777750609290,28,DW,01,J,37,286,JULIAN MEX                    ,1C,ACTIVO,AT5790 ,1,W111,80C0,2026-02-01,2026-02-17,9662,151,,W0106216248,S05,2026-01-05,CDD,53,2026-02-17 14:21:26,2827,L,9NCYF,AT5790 ,151,Nor,  ,,FR,S,CCC
2026-02-01 00:00:00,777781000188,32,DW,01,J,46,324,IGLESIA PRINCIPAL             ,02,ACTIVO,T5071E ,2,W111,78C0,2026-02-01,2026-02-19,5003,0,,W0106222237,S05,2026-01-08,W1J,50,2026-02-19 08:36:38,3229,L,9BBN1,T5071E ,0,Nor,53,UI SERV DIRECTO,53,S,CCC
2026-02-01 00:00:00,777800400109,16,DW,01,J,03,165,EMILIANO UC PEREZ             ,1C,ACTIVO,P589GM ,2,F623,18NN,2026-02-01,2026-02-09,15755,205,,W0106251894,SMG,2026-01-26,MED,32,2026-02-09 13:24:28,1603,L,GAG8N,P589GM ,205,Opt,  ,,,,MED
2026-02-01 00:00:00,777810400034,06,DW,01,J,03,062,RAFAEL GUEMES SALAZAR         ,1C,ACTIVO,BK0241 ,1,W111,80C0,2026-02-01,2026-01-30,9254,218,,W0106262129,SM2,2026-01-30,W1A,28,2026-01-30 10:08:22,0601,M,9P18Y,BK0241 ,218,Nor,  ,,,,GSC
2026-02-01 00:00:00,777811200179,29,DW,01,J,44,293,MUTUL NABTE LEODEGARIO        ,1C,ACTIVO,34X15M ,1,F12H,11KU,2026-01-01,2026-01-20,4668,4,,W0106243121,SMC,2026-01-20,LIR,38,,,,,,,,,,,,MED
2026-02-01 00:00:00,777851000024,31,DW,01,J,03,311,MONTALVO KU MARIA GUADALUPE   ,1C,ACTIVO,RDW049 ,2,F623,24NY,2024-09-01,2024-09-20,30680,0,,W0106246128,SMC,2026-01-21,LIR,37,,,,,,,,,,,,MED
2026-02-01 00:00:00,777860100023,31,DW,01,J,03,311,ISABEL RENDON GUILLERMO       ,1C,ACTIVO,01N4E9 ,2,F62H,09KN,2010-01-01,2050-01-01,0,0,,W0106246129,SMG,2026-01-21,LIR,37,,,,,,,,,,,,MED
2026-02-01 00:00:00,777860600387,15,DW,01,J,05,151,ANGEL MAAS CHI                ,1D,ACTIVO,HH892B ,1,F123,20NT,2026-01-01,2025-05-12,943,38,,W0106229975,SMG,2026-01-13,01G,45,2026-01-09 11:21:04,1527,L,R9950,HH892B ,99977,Opt,  ,,,,MED
2026-02-01 00:00:00,777880600073,27,DW,01,J,03,271,GASPAR AYUSO LOPEZ            ,1C,ACTIVO,8B035V ,2,F621,04F3,2026-01-01,2025-11-21,52714,579,,W0106246135,SMG,2026-01-21,01G,37,2026-01-19 08:54:05,2701,L,GAAFN,8B035V ,99897,Nor,  ,,FR,S,MED
2026-02-01 00:00:00,777880800293,32,DW,01,J,46,321,NESTOR MAY SANCHEZ            ,1C,ACTIVO,B9396W ,1,C111,738V,2026-02-01,2026-02-19,78,0,,W0106202613,SMG,2025-12-22,LIR,67,2026-02-19 09:35:28,3227,L,9P18Y,B9396W ,0,Nor,60,MEDID NO TRABAJA,60,S,MED
2026-02-01 00:00:00,777900900451,31,DW,01,J,03,311,RAFAEL MONTERO                ,1C,ACTIVO,7BCC43 ,2,F623,25P2,2025-11-01,2025-11-21,54165,1780,,W0106235132,SMC,2026-01-15,W1J,43,,,,,,,,,,,,MED
2026-02-01 00:00:00,777901000047,27,DW,01,J,03,273,ANTONIO DZIB TAMAYO           ,1C,ACTIVO,48C0L9 ,2,F621,08KG,2026-01-01,2026-01-19,48776,1067,,W0106243405,SMG,2026-01-20,01G,38,,,,,,,,,,,,MED
2026-02-01 00:00:00,777901000241,32,DW,01,J,46,325,RAFAEL EUAN MARTIN            ,1C,ACTIVO,R4C894 ,1,F121,90F5,2026-02-01,2026-02-19,11584,4,,W0106204197,SMG,2025-12-23,01G,66,2026-02-19 12:03:27,3230,L,9NCYF,R4C894 ,4,Nor,31,SERVICIO SIN USO,,,MED
2026-02-01 00:00:00,777911200265,17,DW,01,J,13,172,JUVENCIO JIMENEZ PECH         ,1D,ACTIVO,PBH713 ,1,F123,24NX,2025-07-01,2025-07-11,33970,702,,W0106228241,SMC,2026-01-12,LIR,46,,,,,,,,,,,,MED
2026-02-01 00:00:00,777911200516,28,DW,01,J,37,286,UC PECH MANUEL EFRAIN         ,1C,ACTIVO,Y5M190 ,1,F121,91F5,2026-02-01,2025-10-17,50451,180,,W0106198779,SMG,2025-12-19,LIR,70,2026-02-17 13:57:13,2827,L,9NCYF,Y5M190 ,0,Nor,64,P. INFRARROJO/MED. D,64,S,MED
2026-02-01 00:00:00,777920900211,05,DW,01,J,09,055,ARCADIA AKE ABAN              ,1D,ACTIVO,7B391D ,1,F121,04GG,2026-01-01,2026-01-02,30708,319,,W0106189992,SMG,2025-12-15,01G,74,2026-01-02 09:54:19,0529,L,R9950,7B391D ,319,Nor,  ,,FR,S,MED
2026-02-01 00:00:00,777921100480,17,DW,01,J,14,171,MARIO E  GARRIDO SULUB        ,1D,ACTIVO,H63N43 ,1,F121,92F5,2026-01-01,2025-11-11,65692,430,,W0106230830,SMG,2026-01-14,01G,44,2026-01-12 14:09:36,1727,L,GAAGN,H63N43 ,99383,Nor,  ,,FR,S,MED
2026-02-01 00:00:00,777931000157,06,DW,01,J,03,062,JORGE R CAUICH POOT           ,1C,ACTIVO,P54H85 ,1,F121,93F5,2026-02-01,2025-08-04,51620,0,,W0106263096,SMG,2026-01-30,LIR,28,2026-01-30 10:05:24,0601,M,9P18Y,P54H85 ,0,Nor,60,MEDID NO TRABAJA,60,S,MED
2026-02-01 00:00:00,777941000597,16,DW,01,J,03,164,MANUEL UC BARRANCOS           ,1C,ACTIVO,WTG398 ,2,F623,24P2,2026-02-01,2025-06-10,0,565,,W0106255770,SM2,2026-01-27,W1J,31,2026-02-09 10:22:27,1602,L,9P18Y,WTG398 ,0,Nor,53,UI SERV DIRECTO,53,S,GSC
2026-02-01 00:00:00,777950200221,27,DW,01,J,03,275,GOMEZ MARTIN MA PIEDAD        ,1C,ACTIVO,RDY831 ,2,F623,24NY,2024-09-01,2024-09-18,20637,0,,W0106226165,SM2,2026-01-10,01A,48,,,,,,,,,,,,GSC
2026-02-01 00:00:00,777960600261,05,DW,01,J,09,059,HAU TUN MARIA TERESA          ,1D,ACTIVO,G205J6 ,1,F121,95F5,2026-01-01,2025-10-01,45825,194,,W0106216497,SMG,2026-01-05,01G,53,2026-01-02 16:51:53,0526,L,GAAFN,G205J6 ,99215,Nor,  ,,FR,S,MED
2026-02-01 00:00:00,777960700168,21,DW,01,J,16,211,MA CONCEPCION CHI MEX         ,1D,ACTIVO,KL530N ,1,F123,20NT,2021-03-01,2021-03-16,23645,9,,W0106220211,SMC,2026-01-07,01M,51,,,,,,,,,,,,MED
2026-02-01 00:00:00,777971201074,28,DW,01,J,29,285,MUNICIPIO DE UMAN YUCATAN     ,02,ACTIVO,202T1J ,2,F622,14LM,1999-06-01,1999-06-24,360,360,,W0106198766,SMG,2025-12-19,LIR,70,,,,,,,,,,,,MED
2026-02-01 00:00:00,777980300760,16,DW,01,J,03,164,ISELA DEL S BARRERA VALLE     ,02,ACTIVO,GEB358 ,3,KL28,J22N,2024-10-01,2024-10-09,22017,50,,W0106184319,SMG,2025-12-11,LIR,78,,,,,,,,,,,,MED
2026-02-01 00:00:00,777980900155,32,DW,01,J,46,321,MARIA NERY DUARTE PAREDES     ,1C,BAJA SIN MED RET,C7599D ,1,C111,738V,2026-02-01,2026-02-19,2403,0,,W0106202612,SMG,2025-12-22,LIR,67,2026-02-19 09:04:58,3227,L,9P18Y,C7599D ,0,Nor,60,MEDID NO TRABAJA,60,S,MED
2026-02-01 00:00:00,777980901739,07,DW,01,J,09,073,CAMELIA GONZALEZ QUEVEDO      ,1D,ACTIVO,9HR273 ,1,F121,98GG,2026-01-01,2025-05-05,30982,66,,W0106218590,SMG,2026-01-06,01G,52,2026-01-05 08:43:30,0727,L,R9712,9HR273 ,99905,Nor,  ,,FR,S,MED
2026-02-01 00:00:00,777990200569,32,DW,01,J,46,325,H AYUNTAMIENTO DE CHOCHOLA YUC,02,ACTIVO,RCC839 ,2,F623,24NY,2026-02-01,2026-02-19,279,0,,W0106202620,SMG,2025-12-22,LIR,67,2026-02-19 10:04:42,3230,L,9NCYF,RCC839 ,0,Opt,31,SERVICIO SIN USO,,,MED
2026-02-01 00:00:00,777990302051,35,DW,01,J,08,352,PEREZ ASCENCIO JUANA          ,1D,ACTIVO,JDA700 ,2,F623,23NU,2023-09-01,2023-09-25,8749,82,,W0106250687,SMC,2026-01-23,LIR,35,,,,,,,,,,,,MED
2026-02-01 00:00:00,777990400096,32,DW,01,J,46,323,IGLESIA INMACULADA CONCEPCION ,02,ACTIVO,9282YY ,1,W101,6000,2026-02-01,2026-02-19,4097,428,,W0106222250,S05,2026-01-08,W1J,50,2026-02-19 13:58:29,3228,L,R9950,9282YY ,428,Nor,  ,,,,CCC
2026-02-01 00:00:00,777990800582,29,DW,01,J,09,291,GONGORA CHAN GLORIA JUDITH    ,1D,CORTADO,523TT1 ,1,F122,12LH,2000-03-01,2000-04-18,1,0,,W0106243091,SMG,2026-01-20,LIR,38,,,,,,,,,,,,MED
2026-02-01 00:00:00,777990900323,28,DW,01,J,37,286,CAN PECH ROMAN                ,1C,ACTIVO,9TC087 ,2,F421,99GH,2026-02-01,2025-04-16,31747,189,,W0106198777,SMG,2025-12-19,LIR,70,2026-02-17 13:08:08,2827,L,9NCYF,9TC087 ,0,Nor,50,CASA CERRADA,50,S,MED
2026-02-01 00:00:00,777990902385,17,DW,01,J,18,172,FRANCISCA MASIAS D            ,1D,ACTIVO,H568LP ,1,F122,17LN,2026-01-01,2025-09-09,3712,15,,W0106228334,SMC,2026-01-12,LIR,46,2026-01-12 11:54:06,1727,L,GAAGN,H568LP ,0,Nor,53,UI SERV DIRECTO,53,S,MED
2026-02-01 00:00:00,778020200449,24,DW,01,K,53,246,FIDENCIA TZAB MAAZ            ,1C,ACTIVO,N467DK ,2,F622,18LM,2025-06-01,2025-06-16,34555,0,,W0106192634,SMC,2025-12-16,LIR,73,,,,,,,,,,,,MED
2026-02-01 00:00:00,778031000328,14,DW,01,K,70,144,FELIPE JESUS PACHECO ACOSTA   ,1C,ACTIVO,0J19F1 ,1,F121,03GG,2026-02-01,2025-12-09,26318,195,,W0106181397,SMG,2025-12-09,LIR,80,2026-02-06 12:47:00,1426,L,G92B1,0J19F1 ,0,Nor,60,MEDID NO TRABAJA,60,S,MED
2026-02-01 00:00:00,778041000351,07,DW,01,K,30,072,EZEQUIEL KOYOC CANCHE         ,1B,ACTIVO,1A629J ,1,F121,04GG,2026-01-01,2025-11-04,33296,393,,W0106220839,SM2,2026-01-07,01A,51,2026-01-05 12:27:19,0727,M,R9701,1A629J ,68044,Nor,44,NUM MEDID DESIGU,44,S,GSC
2026-02-01 00:00:00,778050500536,79,DW,01,K,42,792,VALERIO UC AGUILAR            ,09,ACTIVO,8B253V ,3,F621,04F3,2026-02-01,2026-02-25,26575,167,,W0106216180,SM8,2026-01-05,CDX,53,,,,,,,,,,,,MED
2026-02-01 00:00:00,778070300738,10,DW,01,K,42,103,PECH MORENO PEDRO PABLO       ,1C,CORTADO,77GL74 ,1,F121,07JL,2026-02-01,2025-08-06,3271,0,,W0106177343,SMC,2025-12-06,LIR,83,2026-02-05 11:04:01,1051,N,R9701,77GL74 ,0,Nor,56,NO HAY MEDIDOR,56,S,MED
2026-02-01 00:00:00,778080400528,11,DW,01,K,42,111,TUN CUITUN IRMA JUDITH        ,1C,ACTIVO,JDT370 ,2,F623,23NU,2024-05-01,2024-05-07,1973,320,,W0106168377,SMS,2025-12-01,W1K,88,,,,,,,,,,,,GSC
2026-02-01 00:00:00,778080700572,17,DW,01,K,45,172,PECH CHALE EVANGELINA         ,1C,ACTIVO,PKD864 ,1,F123,24NX,2026-01-01,2025-01-24,0,233,,W0106219209,SMC,2026-01-06,MED,52,2026-01-12 12:10:52,1726,M,G92B1,PKD864 ,0,Nor,52,COMUNICACION INTERRU,52,S,MED
2026-02-01 00:00:00,778081200069,23,DW,01,K,57,232,DORANTES GALAZ RODRIGO BENJAMI,1B,ACTIVO,2DVP41 ,2,F623,25NY,2026-01-01,2026-01-15,319,89,,W0106178816,SM9,2025-12-08,W1K,81,2026-01-15 12:08:36,2327,M,R9701,2DVP41 ,89,Opt,  ,,,,SSB
2026-02-01 00:00:00,778090701011,17,DW,01,K,45,171,POOT TUT LUIS ALBERTO         ,1C,ACTIVO,35G8E9 ,1,F12H,09KU,2026-01-01,2025-11-11,6519,0,,W0106228677,SMG,2026-01-12,LIR,46,2026-01-12 10:46:19,1727,M,9BBR5,35G8E9 ,0,Nor,64,P. INFRARROJO/MED. D,64,S,MED
2026-02-01 00:00:00,778101000452,84,DW,01,K,42,044,CONTROLADORA DE NEG COMER     ,02,ACTIVO,GC770Y ,2,KT2R,20KE,2021-04-01,2021-04-20,8503,1047,,W0106213610,SM2,2026-01-03,MED,55,,,,,,,,,,,,GSC
2026-02-01 00:00:00,778141100697,12,DW,01,K,42,122,PEREZ COCOM JORGE ALBERTO     ,02,ACTIVO,KJD813 ,2,F623,23NU,2014-10-01,2020-01-20,17291,0,,W0106212516,SM2,2026-01-02,W1G,56,,,,,,,,,,,,GSC
2026-02-01 00:00:00,778150500541,06,DW,01,K,48,062,CHAN SEGOVIA ERNESTO MANUEL   ,1C,ACTIVO,95W2B6 ,1,F12H,09KU,2026-02-01,2025-12-03,23162,169,,W0106262816,SMG,2026-01-30,LIR,28,2026-01-30 10:24:47,0628,M,G92B1,95W2B6 ,0,Nor,64,P. INFRARROJO/MED. D,64,S,MED
2026-02-01 00:00:00,778150600686,16,DW,01,K,56,161,EK PECH JOSE MARCIANO         ,1C,ACTIVO,REK083 ,2,F623,24NY,2024-10-01,2024-10-09,9410,0,,W0106183444,SMC,2025-12-10,LIR,79,,,,,,,,,,,,MED
2026-02-01 00:00:00,778160400677,06,DW,01,K,47,061,TUN SULU JUAN ALFONSO         ,1C,ACTIVO,3BDV74 ,2,F623,25P2,2026-02-01,2025-12-03,15710,187,,W0106262950,SMC,2026-01-30,LIR,28,2026-01-30 08:35:16,0626,M,GAXWM,327HRN ,0,Nor,53,UI SERV DIRECTO,53,S,MED
2026-02-01 00:00:00,778180700316,16,DW,01,K,56,161,DZUL MAY FERNANDO             ,1C,ACTIVO,F810CM ,1,F122,17LN,2026-02-01,2026-02-09,9613,0,,W0106183446,SMG,2025-12-10,LIR,79,2026-02-09 10:08:00,1626,M,GAXWM,F810CM ,0,Opt,31,SERVICIO SIN USO,,,MED
2026-02-01 00:00:00,778190800025,12,DW,01,K,42,122,GARCIA CANUL DALIA MARICELA   ,02,ACTIVO,REF803 ,2,F623,24NY,2026-02-01,2026-02-05,5708,719,,W0106179214,SMG,2025-12-08,LIR,81,2026-02-05 11:37:51,1201,M,G92B1,REF803 ,0,Nor,60,MEDID NO TRABAJA,60,S,MED
2026-02-01 00:00:00,778200900074,24,DW,01,K,53,245,PEREZ GONZALEZ GONZALO        ,1C,ACTIVO,BE243V ,2,F623,19NV,2026-02-01,2024-10-15,2908,76,,W0106180760,SM2,2025-12-09,W1K,80,2026-02-13 13:44:34,2427,M,GAXWM,BE243V ,0,Nor,59,DISPLAY APAGADO,59,S,GSC
2026-02-01 00:00:00,778210100289,24,DW,01,K,53,245,POOL RAVELL MALAQUIAS GABRIEL ,1C,ACTIVO,NJ186X ,2,F623,20NU,2026-02-01,2025-02-12,8768,272,,W0106181032,SM2,2025-12-09,MED,80,2026-02-13 08:51:30,2427,M,GAXWM,NJ186X ,0,Nor,59,DISPLAY APAGADO,59,S,GSC
2026-02-01 00:00:00,778210300954,16,DW,01,K,56,161,PAT EUAN JOSE ERICK           ,1C,BAJA SIN MED RET,HA220U ,1,F123,20NT,2026-02-01,2026-02-09,5201,0,,W0106183447,SMC,2025-12-10,LIR,79,2026-02-09 11:14:30,1626,M,GAXWM,HA220U ,0,Nor,56,NO HAY MEDIDOR,56,S,MED
2026-02-01 00:00:00,778210700235,06,DW,01,K,67,061,BAEZA BAEZA FRANCISCA MAGDALEN,1B,ACTIVO,R37B08 ,1,F121,93F5,2026-02-01,2025-06-03,1832,131,,W0106262947,SMC,2026-01-30,LIR,28,2026-01-30 15:51:58,0627,M,R9701,R37B08 ,0,Nor,65,UI MED INVERTIDO,65,S,MED
2026-02-01 00:00:00,778210700413,05,DW,01,K,27,054,CHUC CANUL CRISTIANO          ,1C,ACTIVO,PAX971 ,1,F123,24NX,2026-01-01,2026-01-02,352,15,,W0106184913,SM2,2025-12-11,CDA,78,2026-01-02 10:28:08,0527,M,G92B1,30WT58 ,49996,Nor,41,CRISTAL ROTO,41,S,GSC
2026-02-01 00:00:00,778230100277,09,DW,01,K,42,423,MAY POOL MARIA JUANA          ,1C,ACTIVO,GGU104 ,1,F123,23NX,2026-01-01,2025-09-03,84,0,,W0106219071,SMC,2026-01-06,LIR,52,2026-01-06 09:55:31,0903,M,R9701,GGU104 ,0,Nor,65,UI MED INVERTIDO,65,S,MED
2026-02-01 00:00:00,778240800382,32,DW,01,K,51,323,MAY CAUICH MARIA LUISA        ,1C,ACTIVO,PBH302 ,1,F123,24NX,2026-02-01,2026-02-19,893,0,,W0106232367,SM2,2026-01-14,W1K,44,2026-02-19 10:59:49,3227,M,G92B1,PBH302 ,0,Opt,31,SERVICIO SIN USO,,,GSC
2026-02-01 00:00:00,778241000487,33,DW,01,K,61,331,PECH ECHEVERRIA MARISOL       ,1B,ACTIVO,WNR468 ,2,F623,24P2,2026-01-01,2025-03-24,6,1,,W0106210640,SM2,2025-12-30,MED,59,2026-01-22 10:55:35,3326,M,G92B1,WNR468 ,0,Nor,56,NO HAY MEDIDOR,56,S,GSC
2026-02-01 00:00:00,778250300281,15,DW,01,K,46,151,CHUC DZUL CARLOS JAVIER       ,1C,CORTADO,RCC869 ,2,F623,24NY,2026-01-01,2026-01-09,1175,0,,W0106225337,SMC,2026-01-09,LIR,49,2026-01-09 10:18:20,1526,L,G92B1,RCC869 ,0,Opt,32,UI DERIVACION,32,S,MED
2026-02-01 00:00:00,778750600281,05,DW,01,K,27,054,FRANCISCO UC                  ,1C,ACTIVO,LGC117 ,1,F123,23NX,2026-01-01,2026-01-02,6501,0,,W0106244489,SM2,2026-01-21,W1A,37,2026-01-02 10:24:50,0527,M,G92B1,LGC117 ,0,Opt,31,SERVICIO SIN USO,,,GSC
2026-02-01 00:00:00,778750602411,10,DW,01,K,42,104,PEDRO PABLO PECH              ,1C,ACTIVO,C4831Y ,1,W111,73C0,2026-02-01,2025-08-06,9498,24,,W0106177344,SMG,2025-12-06,LIR,83,2026-02-04 08:42:48,1002,M,GAXWM,C4831Y ,0,Nor,60,MEDID NO TRABAJA,60,S,MED
2026-02-01 00:00:00,778900100052,06,DW,01,K,48,063,JESUS GASPAR POOL NAH         ,1C,ACTIVO,LMY953 ,1,F123,23NX,2026-02-01,2025-12-03,3935,284,,W0106262814,SMC,2026-01-30,LIR,28,2026-01-30 12:33:09,0628,M,G92B1,LMY953 ,0,Nor,53,UI SERV DIRECTO,53,S,MED
2026-02-01 00:00:00,778900900067,06,DW,01,K,48,062,MANUEL UC NAH                 ,1C,ACTIVO,173EK1 ,2,F62J,11L2,2026-02-01,2025-12-03,15807,297,,W0106262815,SMG,2026-01-30,LIR,28,2026-01-30 10:16:30,0628,M,G92B1,U995DU ,0,Nor,60,MEDID NO TRABAJA,60,S,MED
2026-02-01 00:00:00,778910700031,06,DW,01,K,52,065,CARLOS CANCHE UICAB           ,1C,ACTIVO,DXP225 ,1,F123,22NX,2023-12-01,2023-12-04,49974,0,,W0106262951,SMC,2026-01-30,LIR,28,,,,,,,,,,,,MED
2026-02-01 00:00:00,778970600273,25,DW,01,K,57,253,MARIA EVELIA VARGUEZ PECH     ,1B,ACTIVO,8C933Y ,2,F622,05F3,2024-01-01,2024-01-18,20708,646,,W0106233246,SM2,2026-01-14,W1K,44,,,,,,,,,,,,GSC
2026-02-01 00:00:00,778980500137,70,DW,01,K,58,702,H AYUNTAMIENTO DE CUZAMA      ,67,ACTIVO,259L0F ,3,KL28,13KE,2026-02-01,2026-02-12,80175,636,,W0106192050,SMG,2025-12-16,01G,73,2026-02-12 12:48:44,7001,L,GAXWM,259L0F ,0,Nor,59,DISPLAY APAGADO,59,S,MED
2026-02-01 00:00:00,778981100035,14,DW,01,K,55,142,MARCELO DZUL CANCHE           ,1C,ACTIVO,C6253P ,1,W111,73C0,2026-02-01,2025-08-08,3069,333,,W0106181395,SMG,2025-12-09,LIR,80,2026-02-06 11:13:18,1427,L,GAXWM,C6253P ,0,Nor,60,MEDID NO TRABAJA,60,S,MED
2026-02-01 00:00:00,779000555832,32,DW,01,J,38,322,GILBERTO QUINTAL MARTIN       ,1D,ACTIVO,0B9J17 ,1,F121,00GG,2026-02-01,2026-02-19,25325,576,,W0106203979,SMG,2025-12-23,01G,66,2026-02-19 08:10:40,3226,L,9NCXE,0B9J17 ,576,Nor,  ,,FR,S,MED
2026-02-01 00:00:00,779001056937,33,DW,01,M,25,336,SEVERO LOPEZ HERNANDEZ        ,1D,ACTIVO,932G9Y ,1,F122,13LN,2026-01-01,2025-11-24,48866,641,,W0106248402,SMC,2026-01-22,LIR,36,2026-01-22 09:47:48,3329,L,R9982,932G9Y ,0,Nor,53,UI SERV DIRECTO,53,S,MED
2026-02-01 00:00:00,779001255841,21,DW,01,M,02,213,COMISARIO EJIDAL              ,1D,CORTADO,5A1U27 ,2,F621,00F3,2026-01-01,2025-11-13,62051,1409,,W0106237649,SM2,2026-01-16,01A,42,2026-01-14 13:25:04,2126,L,9NCYK,5A1U27 ,96946,Nor,  ,,FR,S,GSC
2026-02-01 00:00:00,779010500050,29,DW,01,M,29,296,SERGIO A CAB MAY              ,1D,ACTIVO,5M6X44 ,2,F421,01GH,2026-01-01,2025-11-20,33556,96,,W0106243024,SMG,2026-01-20,LIR,38,2026-01-20 11:26:42,2928,L,R9703,5M6X44 ,0,Nor,60,MEDID NO TRABAJA,60,S,MED
2026-02-01 00:00:00,779020600753,27,DW,01,M,24,275,POOL CHALE MAXIMILIANO        ,1D,ACTIVO,230JJP ,2,F622,15LM,2002-05-01,2001-12-15,0,0,,W0106241104,SMC,2026-01-19,LIR,39,,,,,,,,,,,,MED
2026-02-01 00:00:00,779020800299,14,DW,01,M,17,146,GUADALUPE PISTE PACHECO       ,1D,ACTIVO,X126UL ,2,F622,19LM,2026-02-01,2026-02-06,21439,308,,W0106220979,SM2,2026-01-07,CDL,51,2026-02-06 09:00:41,1428,L,GAAGN,X126UL ,308,Opt,  ,,,,GSC
2026-02-01 00:00:00,779030300367,30,DW,01,M,07,301,JOEL ROBLES RIVERA            ,1B,ACTIVO,12D1K2 ,2,F421,08KF,2026-02-01,2026-02-18,50710,0,,W0106201785,SMG,2025-12-22,LIR,67,,,,,,,,,,,,MED
2026-02-01 00:00:00,779030801153,37,DW,01,M,28,372,MARIA AGUSTINA DZUL CHACON    ,1D,CORTADO,DXR195 ,1,F123,22NX,2026-01-01,2026-01-28,0,0,,W0106253941,SMC,2026-01-26,LIR,32,2026-01-26 18:21:48,3727,L,GAG9M,DXR195 ,0,Nor,53,UI SERV DIRECTO,53,S,MED
2026-02-01 00:00:00,779040800139,63,DW,01,M,07,632,MUNICIPIO DE MOCOCHA          ,02,CORTADO,JGB682 ,2,F623,23NU,2023-12-01,2023-12-04,3601,852,,W0106216362,SMG,2026-01-05,01A,53,,,,,,,,,,,,MED
2026-02-01 00:00:00,779050600197,37,DW,01,M,28,372,GURIDI GARCIA LUIS ALFONSO    ,1D,ACTIVO,WTJ579 ,2,F623,24P2,2026-01-01,2026-01-28,4378,254,,W0106255990,SMC,2026-01-27,LIR,31,2026-01-27 09:38:57,3751,R,GAG9M,WTJ579 ,0,Nor,53,UI SERV DIRECTO,53,S,MED
2026-02-01 00:00:00,779050601177,63,DW,01,M,07,632,MUNICIPIO DE MOCOCHA          ,02,CORTADO,JAJ581 ,2,F623,23NU,2026-02-01,2026-01-02,38437,1481,,W0106262673,SMC,2026-01-30,LIR,28,2026-01-30 11:25:04,6203,L,GAAGN,JAJ581 ,0,Nor,53,UI SERV DIRECTO,53,S,MED
2026-02-01 00:00:00,779050700108,17,DW,01,M,02,176,CANDELARIA DE JESUS AVILES C  ,1C,ACTIVO,3R519R ,2,F621,06F3,2005-05-01,2005-06-06,0,0,,W0106232390,SM2,2026-01-14,01A,44,,,,,,,,,,,,GSC
2026-02-01 00:00:00,779060802901,40,DW,01,M,13,404,PEDRERO AGUILAR LISSET BEATRIZ,1D,ACTIVO,N602GA ,2,F622,18LM,2026-02-01,2026-02-25,11804,0,,W0106208974,S05,2025-12-29,CDX,60,,,,,,,,,,,,CCC
2026-02-01 00:00:00,779060903431,40,DW,01,M,13,404,URBINA LOPEZ FRANCISCO JAVIER ,1D,ACTIVO,LV673Y ,2,F623,20NU,2026-02-01,2026-02-25,42595,0,,W0106209403,SMC,2025-12-29,LIR,60,,,,,,,,,,,,MED
2026-02-01 00:00:00,779070701038,08,DW,01,M,01,082,VAZQUEZ ESCOBAR MARIA MARTHA  ,1B,ACTIVO,21NV08 ,2,F621,07F3,2026-02-01,2026-02-03,56553,1,,W0106176170,SMG,2025-12-05,LIR,84,2026-02-03 07:53:26,0801,L,G92B2,21NV08 ,1,Nor,31,SERVICIO SIN USO,,,MED
2026-02-01 00:00:00,779070900031,08,DW,01,M,01,082,DZUL CETINA MARIA OLIVA       ,1D,ACTIVO,KJE785 ,2,F623,23NU,2024-04-01,2024-04-10,18363,0,,W0106254033,SMC,2026-01-26,01A,32,,,,,,,,,,,,MED
2026-02-01 00:00:00,779081100419,05,DW,01,M,13,058,LARRONDO ROSAS CESAR          ,1D,ACTIVO,A757LB ,2,F622,16LM,2026-01-01,2025-08-29,34735,924,,W0106213550,SMC,2026-01-03,LIR,55,2026-01-02 11:27:58,0502,M,GAAEN,A757LB ,0,Nor,53,UI SERV DIRECTO,53,S,MED
2026-02-01 00:00:00,779081200782,30,DW,01,M,18,302,CHE PUC GERARDO               ,1B,ACTIVO,36C9L7 ,2,F621,08KG,2026-02-01,2025-12-22,14321,9,,W0106201798,SMG,2025-12-22,LIR,67,,,,,,,,,,,,MED
2026-02-01 00:00:00,779090301231,04,DW,01,M,01,042,POOL CHI FAUSTO               ,1B,CORTADO,T579GY ,1,F122,18LN,2020-12-01,2020-12-02,9956,86,,W0106261183,SMC,2026-01-29,LIR,29,,,,,,,,,,,,MED
2026-02-01 00:00:00,779090401189,05,DW,01,M,13,051,FUENTES RIOS RAUL             ,1D,ACTIVO,48X8B3 ,2,F62H,09KN,2009-03-01,2009-04-15,1,0,,W0106213543,SMC,2026-01-03,LIR,55,,,,,,,,,,,,MED
2026-02-01 00:00:00,779090402045,37,DW,01,M,31,371,EK CASTRO TOMAS ORLANDO       ,1D,CORTADO,7L933D ,1,F121,05JL,2026-01-01,2025-11-26,63210,0,,W0106253946,SMG,2026-01-26,LIR,32,2026-01-26 11:02:51,3727,L,GAG9M,7L933D ,0,Nor,60,MEDID NO TRABAJA,60,S,MED
2026-02-01 00:00:00,779090900312,34,DW,01,M,05,342,CEJAS TAMAYO MERCEDES         ,1B,ACTIVO,P683FX ,2,F623,18NN,2026-02-01,2026-02-20,18518,0,,W0106205837,SMC,2025-12-26,LIR,63,2026-02-20 09:26:06,3428,L,GAXWM,P683FX ,0,Nor,53,UI SERV DIRECTO,53,S,MED
2026-02-01 00:00:00,779101100119,25,DW,01,M,24,258,CHIM AMAYA JOSE ALEJANDRO     ,1D,ACTIVO,P011EV ,2,F623,18NN,2010-09-01,2010-11-01,1568,0,,W0106237589,SMC,2026-01-16,LIR,42,,,,,,,,,,,,MED
2026-02-01 00:00:00,779110802118,04,DW,01,M,01,042,CASTRO HERNANDEZ CONCEPCION   ,1B,ACTIVO,980JHX ,2,F622,15LM,2026-02-01,2026-01-29,13432,0,,W0106261181,SMC,2026-01-29,LIR,29,2026-01-29 12:00:18,0403,M,R9703,980JHX ,0,Opt,32,UI DERIVACION,32,S,MED
2026-02-01 00:00:00,779111103035,19,DW,01,M,02,193,MENDOZA CORONEL MARIO ALFONSO ,1D,ACTIVO,40W21G ,2,F62H,11KN,2026-01-01,2025-11-12,18862,49,,W0106230594,SMG,2026-01-13,LIR,45,2026-01-13 13:24:45,1927,L,GAXWM,40W21G ,0,Nor,60,MEDID NO TRABAJA,60,S,MED
2026-02-01 00:00:00,779120201015,09,DW,01,M,13,092,PEREZ LOPEZ VICENTE RAMON     ,1D,ACTIVO,47V82W ,2,F62H,11KN,2026-01-01,2025-11-05,47887,575,,W0106219836,SMC,2026-01-07,LIR,51,2026-01-06 11:32:27,0902,M,GAAEN,47V82W ,0,Nor,53,UI SERV DIRECTO,53,S,MED
2026-02-01 00:00:00,779120602079,07,DW,01,M,13,077,MORENO SANCHEZ ANGEL          ,1D,CORTADO,A278KL ,2,F622,16LM,2026-01-01,2026-01-05,30324,0,,W0106217535,SMC,2026-01-06,LIR,52,2026-01-05 09:02:05,0704,L,R9982,A278KL ,0,Opt,32,UI DERIVACION,32,S,MED
2026-02-01 00:00:00,779120901416,09,DW,01,M,13,092,RAMIREZ JURADO RAUL           ,1D,CORTADO,60D9D4 ,2,F421,08KF,2026-01-01,2025-11-07,22976,1121,,W0106222529,SMG,2026-01-08,01A,50,2026-01-06 09:39:14,0902,M,GAAEN,60D9D4 ,99082,Nor,  ,,FR,S,MED
2026-02-01 00:00:00,779120901581,14,DW,01,M,17,146,ZALDIVAR LOPEZ MARIA          ,1D,ACTIVO,6BDU28 ,2,F623,25P2,2026-02-01,2026-02-06,7610,619,,W0106182404,SMC,2025-12-10,LIR,79,2026-02-06 10:48:09,1428,L,GAAGN,JCL653 ,0,Nor,53,UI SERV DIRECTO,53,S,MED
2026-02-01 00:00:00,779121001184,24,DW,01,M,09,240,CONSTRUCTORA Y DESARR  PENINSU,1D,ACTIVO,J445GA ,2,F622,17LM,2026-02-01,2024-02-14,38246,696,,W0106182717,SM2,2025-12-10,01A,79,2026-02-13 12:53:52,2430,L,R9982,J445GA ,0,Nor,59,DISPLAY APAGADO,59,S,GSC
2026-02-01 00:00:00,779130301395,36,DW,01,M,13,361,MARTINEZ GONZALEZ MARCELO     ,1D,ACTIVO,39B8U2 ,2,F621,08KG,2026-02-01,2025-12-26,37296,393,,W0106207325,SMG,2025-12-28,01A,61,2026-02-23 11:58:41,3602,L,9NCYK,39B8U2 ,99591,Nor,  ,,FR,S,MED
2026-02-01 00:00:00,779130400423,06,DW,01,M,01,065,AGUAYO QUIJANO MARIA ELIDE    ,1B,CORTADO,Y382MW ,2,F623,19NU,2026-02-01,2026-01-30,25807,0,,W0106173087,SMC,2025-12-03,LIR,86,2026-01-30 10:41:56,0603,L,R9982,Y382MW ,0,Opt,31,SERVICIO SIN USO,,,MED
2026-02-01 00:00:00,779130400491,05,DW,01,M,13,051,PEDRO PEREZ MARTINEZ          ,1C,ACTIVO,7B101V ,2,F621,04F3,2026-01-01,2026-01-06,5107,878,,W0106213544,SMC,2026-01-03,LIR,55,2026-01-02 11:49:29,0501,L,9JRBR,7B101V ,0,Nor,53,UI SERV DIRECTO,53,S,MED
2026-02-01 00:00:00,779130403767,28,DW,01,M,06,284,OCANA GOMEZ AMERICA           ,1B,ACTIVO,172TX5 ,1,F122,12LH,2026-02-01,2025-08-21,17664,646,,W0106198830,SMC,2025-12-19,LIR,70,2026-02-17 09:11:07,2826,L,9JRBR,172TX5 ,0,Nor,53,UI SERV DIRECTO,53,S,MED
2026-02-01 00:00:00,779130503486,35,DW,01,M,02,357,PARDENILLA CETINA DULCE MARIA ,1D,ACTIVO,YJ557E ,2,F623,21NU,2026-01-01,2025-09-24,18197,835,,W0106218008,SM2,2026-01-06,CDC,52,2026-01-23 12:10:01,3527,L,GAG9M,YJ557E ,0,Nor,53,UI SERV DIRECTO,53,S,GSC
2026-02-01 00:00:00,779130601348,09,DW,01,M,13,092,PALACIOS HERRERA MARCELA      ,1D,ACTIVO,883VD8 ,2,F622,12LJ,2026-01-01,2025-09-03,36238,163,,W0106219835,SMG,2026-01-07,LIR,51,2026-01-06 09:35:31,0902,M,GAAEN,883VD8 ,0,Nor,64,P. INFRARROJO/MED. D,64,S,MED
2026-02-01 00:00:00,779130601437,09,DW,01,M,13,092,TURCIOS MONTUFAR JOSE ALEJANDR,1D,ACTIVO,953VD0 ,2,F622,12LJ,2026-01-01,2025-11-05,20020,9,,W0106219834,SMG,2026-01-07,LIR,51,2026-01-06 09:16:26,0902,M,GAAEN,953VD0 ,0,Nor,64,P. INFRARROJO/MED. D,64,S,MED
2026-02-01 00:00:00,779130601836,07,DW,01,M,13,077,RICALDE RICALDE ENNA MARGARITA,1D,ACTIVO,8T566H ,2,F621,06F3,2026-01-01,2025-11-04,39518,177,,W0106217536,SMG,2026-01-06,LIR,52,2026-01-05 09:19:48,0704,L,R9982,8T566H ,0,Nor,60,MEDID NO TRABAJA,60,S,MED
2026-02-01 00:00:00,779130602247,04,DW,01,M,01,042,DELGADO HERNANDEZ ESMERALDA   ,1B,CORTADO,BM262T ,1,F123,19NM,2026-02-01,2026-01-29,11936,0,,W0106261182,SMC,2026-01-29,LIR,29,2026-01-29 12:02:57,0403,M,R9703,BM262T ,0,Opt,32,UI DERIVACION,32,S,MED
2026-02-01 00:00:00,779130603375,36,DW,01,M,13,365,MARTINEZ PEREZ AIDA ARACELY   ,1D,ACTIVO,780GJ4 ,2,F622,12LJ,2026-02-01,2026-02-23,62975,0,,W0106207295,SMG,2025-12-28,LIR,61,2026-02-23 15:12:14,3604,L,GAXWM,780GJ4 ,0,Nor,59,DISPLAY APAGADO,59,S,MED
2026-02-01 00:00:00,779130801029,30,DW,01,M,07,304,MANZANILLA LOPEZ MARIA GPE    ,1B,ACTIVO,N445DK ,2,F622,18LM,2013-06-01,2013-08-14,0,0,,W0106210686,SM2,2025-12-30,CDJ,59,,,,,,,,,,,,GSC
2026-02-01 00:00:00,779130801118,11,DW,01,M,13,113,MUNOZ CASTRO MARIA JOSE       ,1D,ACTIVO,8C417G ,2,F421,05GH,2026-01-01,2025-11-06,28450,447,,W0106221015,SMG,2026-01-07,LIR,51,2026-01-07 12:12:15,1103,L,GAAFN,8C417G ,0,Nor,60,MEDID NO TRABAJA,60,S,MED
2026-02-01 00:00:00,779131201106,30,DW,01,M,07,301,RODRIGUEZ ALONZO EDUARDO JOSE ,1B,ACTIVO,560JV2 ,2,F622,12LJ,2026-02-01,2025-12-19,5541,320,,W0106202645,SMG,2025-12-22,01A,67,,,,,,,,,,,,MED
2026-02-01 00:00:00,779131204962,35,DW,01,M,02,354,ENSENAT SOBERANIS FERNANDO    ,1D,ACTIVO,172F1Y ,2,F622,13LM,2026-01-01,2025-03-25,52054,570,,W0106171922,SM2,2025-12-03,W1M,86,2026-01-23 12:12:17,3526,L,GAKVM,172F1Y ,0,Nor,59,DISPLAY APAGADO,59,S,GSC
2026-02-01 00:00:00,779140202239,09,DW,01,M,13,093,PONS RODRIGUEZ HORACIO        ,1D,ACTIVO,355G8N ,2,F622,13LM,2026-01-01,2025-03-05,49846,482,,W0106179121,SMC,2025-12-08,CDF,81,2026-01-06 14:14:32,0903,M,GAAFN,355G8N ,0,Nor,59,DISPLAY APAGADO,59,S,MED
2026-02-01 00:00:00,779140301946,07,DW,01,M,13,077,GAMBOA ALCOCER ODELIN         ,1D,ACTIVO,RDT578 ,2,F623,24NY,2026-01-01,2026-01-05,7089,647,,W0106194142,SM2,2025-12-17,CDB,72,2026-01-05 12:48:00,0704,L,R9982,RDT578 ,647,Opt,  ,,,,GSC
2026-02-01 00:00:00,779140402360,33,DW,01,M,25,336,PECH POOT PAMELA ROCIO        ,1D,ACTIVO,560E9Y ,1,F122,13LN,2026-01-01,2025-11-24,6578,0,,W0106248401,SMC,2026-01-22,LIR,36,2026-01-22 11:39:10,3329,L,R9982,560E9Y ,0,Nor,53,UI SERV DIRECTO,53,S,MED
2026-02-01 00:00:00,779140500825,05,DW,01,M,13,053,PEREZ DOMINGUEZ DANIEL ALBERTO,1D,ACTIVO,861G8M ,2,F622,13LM,2026-01-01,2026-01-02,84459,2903,,W0106217798,SMG,2026-01-06,01A,52,2026-01-05 11:19:59,0551,R,R9703,861G8M ,25628,Nor,44,NUM MEDID DESIGU,44,S,MED
2026-02-01 00:00:00,779140904497,36,DW,01,M,13,365,FLORES ORTEGA RAUL            ,1D,ACTIVO,142G8N ,2,F622,13LM,2026-02-01,2026-02-23,6145,0,,W0106207300,SMG,2025-12-28,LIR,61,2026-02-23 09:18:40,3604,L,GAXWM,142G8N ,0,Nor,59,DISPLAY APAGADO,59,S,MED
2026-02-01 00:00:00,779141104109,63,DW,01,M,24,637,MUNICIPIO DE MERIDA YUCATAN   ,5A,ACTIVO,MF580N ,2,F623,20NU,2021-09-01,2021-08-30,72696,0,,W0106262743,SMC,2026-01-30,LIR,28,,,,,,,,,,,,MED
2026-02-01 00:00:00,779150402406,06,DW,01,M,01,065,YAM BALAM MARIA ISABEL        ,1B,ACTIVO,WPY257 ,2,F623,24P2,2024-12-01,2024-12-03,14877,2223,,W0106173091,SMC,2025-12-03,LIR,86,,,,,,,,,,,,MED
2026-02-01 00:00:00,779150501803,18,DW,01,M,20,181,BALAM MATU FRANCISCO JAVIER   ,1B,ACTIVO,JDP867 ,2,F623,23NU,2026-02-01,2025-08-12,1578,262,,W0106186170,SMC,2025-12-12,LIR,77,2026-02-10 13:17:42,1827,L,G92B2,JDP867 ,0,Nor,53,UI SERV DIRECTO,53,S,MED
2026-02-01 00:00:00,779150602014,17,DW,01,M,02,176,ROCHA RAZO ALMA VIRGEN        ,1D,ACTIVO,39W32E ,2,F62H,11KN,2026-01-01,2025-11-11,26089,247,,W0106228219,SMG,2026-01-12,LIR,46,2026-01-12 11:27:25,1728,L,R9703,39W32E ,0,Nor,64,P. INFRARROJO/MED. D,64,S,MED
2026-02-01 00:00:00,779150701161,15,DW,01,M,21,154,HADAD TRUJILLO ABRAHAM        ,1D,ACTIVO,339KTK ,2,F629,15L2,2026-01-01,2025-11-10,23220,1943,,W0106225265,SMG,2026-01-09,LIR,49,2026-01-09 13:10:10,1527,L,GAC1M,339KTK ,0,Nor,60,MEDID NO TRABAJA,60,S,MED
2026-02-01 00:00:00,779150704089,30,DW,01,M,07,304,BORGES MAZA BERNARDO          ,02,ACTIVO,0AXV32 ,2,F623,25P2,2025-12-01,2025-12-19,16557,0,,W0106201790,SMC,2025-12-22,LIR,67,2025-12-19 12:00:44,3027,L,R9689,0AXV32 ,0,Nor,53,UI SERV DIRECTO,53,S,MED
2026-02-01 00:00:00,779150704208,09,DW,01,M,13,091,AGUILAR MOLINA SILVIA GABRIELA,1D,ACTIVO,A836KL ,2,F622,16LM,2026-01-01,2025-11-05,21769,288,,W0106219832,SMC,2026-01-07,LIR,51,2026-01-06 12:41:30,0901,L,G92B2,A836KL ,0,Nor,65,UI MED INVERTIDO,65,S,MED
2026-02-01 00:00:00,779150901399,18,DW,01,M,20,181,MATU SULU MARIA ELIDE         ,1B,ACTIVO,377EGA ,1,F122,15LN,2026-02-01,2025-08-12,20322,0,,W0106186172,SMC,2025-12-12,LIR,77,2026-02-10 12:14:04,1827,L,G92B2,377EGA ,0,Nor,53,UI SERV DIRECTO,53,S,MED
2026-02-01 00:00:00,779150903120,22,DW,01,M,12,224,MAY CHI ANDRES                ,1D,CORTADO,DW886C ,2,F623,19NU,2026-02-01,2026-02-12,17432,0,,W0106191073,SMC,2025-12-16,LIR,73,2026-02-12 09:56:59,2226,L,9NCYK,DW886C ,0,Opt,31,SERVICIO SIN USO,,,MED
2026-02-01 00:00:00,779150903146,30,DW,01,M,18,302,MULT SERV NAC MODELO SRL CV   ,02,ACTIVO,DV597Y ,2,F623,19NU,2026-02-01,2025-10-20,36846,0,,W0106202933,SMG,2025-12-22,01A,67,,,,,,,,,,,,MED
2026-02-01 00:00:00,779150903430,17,DW,01,M,02,172,SANTOS DESARROLLADORA SA D CV ,1D,CORTADO,704KTJ ,2,F62J,15L2,2026-01-01,2025-11-11,57753,653,,W0106228127,SMG,2026-01-12,LIR,46,2026-01-12 13:16:08,1727,L,R9689,704KTJ ,0,Nor,64,P. INFRARROJO/MED. D,64,S,MED
2026-02-01 00:00:00,779151000611,17,DW,01,M,02,172,SANTOS DESARROLLADORA SA DE CV,1D,ACTIVO,674KTJ ,2,F62J,15L2,2026-01-01,2025-11-11,46487,878,,W0106228126,SMG,2026-01-12,LIR,46,2026-01-12 13:04:30,1727,L,R9689,674KTJ ,0,Nor,64,P. INFRARROJO/MED. D,64,S,MED
2026-02-01 00:00:00,779151102091,35,DW,01,M,25,351,KU CAUICH DULCE MIREYA        ,1D,ACTIVO,385DHA ,1,F122,15LN,2026-01-01,2025-11-25,12036,79,,W0106252724,SMC,2026-01-26,W1M,32,2026-01-23 09:31:58,3529,L,R9982,385DHA ,0,Nor,56,NO HAY MEDIDOR,56,S,MED
2026-02-01 00:00:00,779151102287,14,DW,01,M,17,146,CHACON IUIT JOSE ALFONSO      ,1D,ACTIVO,259FAN ,1,F122,15LN,2026-02-01,2026-02-06,39626,431,,W0106182405,SMG,2025-12-10,LIR,79,2026-02-06 11:01:41,1428,L,GAAGN,259FAN ,431,Opt,  ,,,,MED
2026-02-01 00:00:00,779151105260,36,DW,01,M,13,365,QUERO MAZA SANTIAGO HUMBERTO  ,1D,CORTADO,522EBR ,2,F622,15LM,2026-02-01,2026-02-23,54096,0,,W0106207301,SMC,2025-12-28,LIR,61,2026-02-23 10:51:30,3604,L,GAXWM,522EBR ,0,Nor,56,NO HAY MEDIDOR,56,S,MED
2026-02-01 00:00:00,779160101650,22,DW,01,M,12,224,LOPEZ RIVERO WILLIAM MANUEL   ,1D,ACTIVO,A657JE ,2,F62J,16L2,2026-02-01,2026-02-12,60869,1865,,W0106191077,SMG,2025-12-16,LIR,73,2026-02-12 12:09:28,2226,L,9NCYK,A657JE ,1865,Nor,  ,,,,MED
2026-02-01 00:00:00,779160103407,18,DW,01,M,20,181,ESPANA CHAN ANDREA JAZMIN     ,1B,ACTIVO,264JJY ,2,F622,15LM,2026-02-01,2025-10-10,1255,0,,W0106186171,SMC,2025-12-12,LIR,77,2026-02-10 09:33:56,1827,L,G92B2,264JJY ,0,Nor,56,NO HAY MEDIDOR,56,S,MED
2026-02-01 00:00:00,779160203746,19,DW,01,M,02,193,BALAM KOH NORMA YOLANDA       ,1D,ACTIVO,873JHL ,2,F622,15LM,2026-01-01,2025-11-12,30632,519,,W0106230596,SMG,2026-01-13,LIR,45,2026-01-13 14:26:10,1927,L,GAXWM,873JHL ,0,Nor,60,MEDID NO TRABAJA,60,S,MED
2026-02-01 00:00:00,779160401718,08,DW,01,M,01,082,AGUILAR CALDERON JOSE DAVID   ,1B,ACTIVO,48C1L1 ,2,F621,08KG,2018-09-01,2018-08-14,5938,162,,W0106177381,SMG,2025-12-06,01A,83,,,,,,,,,,,,MED
2026-02-01 00:00:00,779160500155,08,DW,01,M,01,082,CORDOVA QUIJANO JOSE DEMETRIO ,1B,ACTIVO,239JJV ,2,F622,15LM,2026-02-01,2025-10-03,17213,257,,W0106176176,SMC,2025-12-05,LIR,84,2026-02-03 10:53:32,0801,L,G92B2,239JJV ,0,Nor,53,UI SERV DIRECTO,53,S,MED
2026-02-01 00:00:00,779160702076,11,DW,01,M,13,112,PEREZ JIMENEZ KARLA           ,1D,ACTIVO,094JHH ,2,F622,15LM,2026-01-01,2025-11-06,44553,693,,W0106221014,SMG,2026-01-07,LIR,51,2026-01-07 11:44:55,1101,L,GAAEN,094JHH ,0,Nor,64,P. INFRARROJO/MED. D,64,S,MED
2026-02-01 00:00:00,779160800434,17,DW,01,M,02,173,RUIZ USISIMA GUADALUPE        ,1D,ACTIVO,929M1X ,2,F62J,14L2,2026-01-01,2025-11-11,25899,444,,W0106237547,SM2,2026-01-16,W1Z,42,2026-01-12 09:17:14,1729,L,R9982,929M1X ,0,Nor,59,DISPLAY APAGADO,59,S,GSC
2026-02-01 00:00:00,779160809300,36,DW,01,M,13,362,VILLARREAL VIDAL ARMANDO DAVID,1D,ACTIVO,732JJU ,2,F622,15LM,2026-02-01,2025-12-26,40909,8,,W0106207332,SMG,2025-12-28,01A,61,2026-02-23 10:12:41,3605,L,R9703,732JJU ,99704,Opt,  ,,,,MED
2026-02-01 00:00:00,779170300332,38,DW,01,M,13,386,PEREZ MEDINA FRINE ASUNCION   ,1D,ACTIVO,1AVD82 ,2,F623,25P2,2017-02-01,2017-03-02,0,0,,W0106207315,SMC,2025-12-28,LIR,61,,,,,,,,,,,,MED
2026-02-01 00:00:00,779170505279,64,DW,01,M,24,645,SANCHEZ BAUER ALEJANDRA CAROLI,1D,ACTIVO,WWU255 ,2,F623,24P3,2026-02-01,2025-11-18,0,643,,W0106178530,SMC,2025-12-08,LIR,81,2026-02-04 14:23:45,6452,R,R9703,WWU255 ,0,Nor,53,UI SERV DIRECTO,53,S,MED
2026-02-01 00:00:00,779170601359,24,DW,01,M,09,242,EL SURTIDOR DE PLOMERIA Y ELEC,02,ACTIVO,DRU748 ,2,F623,22NU,2026-02-01,2026-02-13,20479,2362,,W0106193709,SMC,2025-12-17,LIR,72,2026-02-13 08:57:51,2429,L,R9703,DRU748 ,541,Opt,  ,,,,MED
2026-02-01 00:00:00,779170701507,38,DW,01,M,22,382,CEN CAUICH LEIDI EVELIN       ,1D,ACTIVO,G140MF ,2,F622,17LM,2026-02-01,2026-02-24,5913,0,,W0106207318,SMC,2025-12-28,LIR,61,2026-02-24 10:28:56,3826,L,R9703,G140MF ,0,Opt,31,SERVICIO SIN USO,,,MED
2026-02-01 00:00:00,779171005164,18,DW,01,M,04,189,ROA CAMPOS RAFAEL             ,1D,ACTIVO,PN281L ,2,FD2E,21JR,2022-08-01,2022-08-11,16926,484,,W0106186848,SMG,2025-12-12,01A,77,,,,,,,,,,,,MED
2026-02-01 00:00:00,779180100927,04,DW,01,M,01,045,CANUL CIAU ELDA BEATRIZ       ,1B,ACTIVO,H116LF ,1,F122,17LN,2026-02-01,2025-07-01,7742,198,,W0106260859,SMC,2026-01-29,LIR,29,2026-01-29 12:16:06,0401,L,9JRBR,H116LF ,0,Nor,53,UI SERV DIRECTO,53,S,MED
2026-02-01 00:00:00,779180400505,04,DW,01,M,01,045,CANCHE UC DILIO ARMANDO       ,1B,ACTIVO,M822RH ,2,F622,17LM,2026-02-01,2025-12-02,13619,145,,W0106199488,SM2,2025-12-19,W1M,70,2026-01-29 12:45:12,0401,L,9JRBR,M822RH ,0,Nor,53,UI SERV DIRECTO,53,S,GSC
2026-02-01 00:00:00,779181003038,37,DW,01,M,31,371,TUN PECH PEDRO ANTONIO        ,1D,BAJA SIN MED RET,35W98F ,2,F62H,11KN,2026-01-01,2026-01-26,30840,0,,W0106253944,SMG,2026-01-26,LIR,32,,,,,,,,,,,,MED
2026-02-01 00:00:00,779181200119,37,DW,01,M,31,371,SILVEIRA ZAPATA ALEXIS ALEXAND,1D,CORTADO,L908FF ,1,F122,18LN,2026-01-01,2026-01-26,5246,0,,W0106253939,SMC,2026-01-26,LIR,32,2026-01-26 15:57:40,3727,L,GAG9M,L908FF ,0,Opt,32,UI DERIVACION,32,S,MED
2026-02-01 00:00:00,779181200348,25,DW,01,M,24,253,TORRES CANUL MARIA LEYDI      ,1D,ACTIVO,3AXT38 ,2,F623,25P2,2023-09-01,2023-09-18,1065,619,,W0106237805,SMC,2026-01-16,LIR,42,,,,,,,,,,,,MED
2026-02-01 00:00:00,779190102693,18,DW,01,M,04,189,ROMERO BECERRA ROSA LORENA    ,1D,ACTIVO,8BCW72 ,2,F623,25P2,2019-02-01,2019-02-15,3,0,,W0106222818,SM2,2026-01-08,W1D,50,,,,,,,,,,,,GSC
2026-02-01 00:00:00,779190403685,06,DW,01,M,01,061,ESTRADA BORDE MARIA CECILIA   ,1B,ACTIVO,FT216R ,2,F622,19LM,2020-12-01,2020-12-02,2665,794,,W0106209154,SM2,2025-12-29,W1M,60,,,,,,,,,,,,GSC
2026-02-01 00:00:00,779190404029,16,DW,01,M,17,163,CUEVAS MARTIN ALONSO          ,1D,ACTIVO,Y868MT ,2,F623,19NU,2026-02-01,2024-10-08,5601,416,,W0106183429,SM2,2025-12-10,01A,79,2026-02-09 10:32:25,1627,L,R9689,Y868MT ,0,Nor,60,MEDID NO TRABAJA,60,S,GSC
2026-02-01 00:00:00,779170301169,11,DW,01,M,13,112,DES IMMOB SADASI SA DE CV     ,1D,ACTIVO,A428KX ,2,F622,16LM,2026-01-01,2026-01-07,29836,645,,W0106250019,SM2,2026-01-23,CDF,35,,,,,,,,,,,,GSC
2026-02-01 00:00:00,779160103164,37,DW,01,M,26,373,BACELIS CABALLERO GRISELL ANAL,1D,ACTIVO,916JHL ,2,F622,15LM,2026-01-01,2025-11-26,4,0,,W0106253170,SMG,2026-01-26,LIR,32,2026-01-26 11:26:53,3726,L,9JRBR,916JHL ,0,Nor,60,MEDID NO TRABAJA,60,S,MED
2026-02-01 00:00:00,779190803926,34,DW,01,M,05,341,RODRIGUEZ CORTES CLAUDIA      ,1B,ACTIVO,KKW267 ,2,F623,23NU,2026-02-01,2026-02-20,7848,535,,W0106196803,SM2,2025-12-18,CDL,71,2026-02-20 09:56:22,3430,L,R9703,KKW267 ,-53,Opt,  ,,,,GSC
2026-02-01 00:00:00,779191203558,36,DW,01,M,13,365,EXCATER SA DE CV              ,02,ACTIVO,DB190A ,1,F123,19NM,2026-02-01,2026-02-23,3987,0,,W0106207302,SMC,2025-12-28,LIR,61,2026-02-23 16:13:15,3604,L,GAXWM,DB190A ,0,Nor,56,NO HAY MEDIDOR,56,S,MED
2026-02-01 00:00:00,779200103375,04,DW,01,M,01,046,MARIA DEL ROSARIO ZAVALA SOLIS,1B,ACTIVO,DV951U ,2,F623,19NU,2026-02-01,2025-12-02,1407,0,,W0106260878,SMG,2026-01-29,LIR,29,2026-01-29 12:23:40,0402,L,R9689,DV951U ,0,Opt,60,MEDID NO TRABAJA,60,S,MED
2026-02-01 00:00:00,779200200711,15,DW,01,M,21,155,HERNANDEZ ARCE ALBERTO JOSE   ,1D,ACTIVO,EK390B ,2,F62J,19L2,2020-01-01,2020-02-07,0,0,,W0106220623,SM2,2026-01-07,W1M,51,,,,,,,,,,,,GSC
2026-02-01 00:00:00,779151202702,11,DW,01,M,13,113,CARRILLO GONGORA SERGIO ALEXAN,1D,CORTADO,Y751MJ ,2,F623,19NU,2026-01-01,2025-09-04,10447,0,,W0106221016,SMC,2026-01-07,LIR,51,2026-01-07 09:20:53,1103,L,GAAFN,Y751MJ ,0,Nor,53,UI SERV DIRECTO,53,S,MED
2026-02-01 00:00:00,779200300065,04,DW,01,M,01,046,CANTU CANTU JOSE ELIUD        ,1B,SUJETO A CORTE,DW940C ,2,F623,19NU,2026-02-01,2025-09-30,39449,1572,,W0106260879,SMG,2026-01-29,LIR,29,2026-01-29 09:56:36,0402,L,R9689,DW940C ,0,Nor,60,MEDID NO TRABAJA,60,S,MED
2026-02-01 00:00:00,779200301151,04,DW,01,M,01,044,TELLEZ GONZALEZ MYRIAM MAETTZY,1B,ACTIVO,RBG669 ,2,F623,24NY,2025-04-01,2025-03-28,10700,946,,W0106171101,SMC,2025-12-02,LIR,87,,,,,,,,,,,,MED
2026-02-01 00:00:00,779200400370,04,DW,01,M,01,044,GUTIERREZ PENICHE GERARDO     ,1B,ACTIVO,RDW027 ,2,F623,24NY,2026-02-01,2026-01-29,8074,580,,W0106260872,SMC,2026-01-29,LIR,29,2026-01-29 09:55:26,0404,L,R9982,RDW027 ,0,Nor,53,UI SERV DIRECTO,53,S,MED
2026-02-01 00:00:00,779200400850,05,DW,01,M,13,051,DE JESUS PEDRO MIGUEL         ,1D,ACTIVO,JAY343 ,2,F623,23NU,2026-01-01,2025-10-01,3496,353,,W0106213542,SMC,2026-01-03,LIR,55,2026-01-02 09:34:42,0501,L,9JRBR,JAY343 ,0,Nor,53,UI SERV DIRECTO,53,S,MED
2026-02-01 00:00:00,779200500684,04,DW,01,M,01,045,ARAIZA LARA ERMILA            ,1B,ACTIVO,MF934E ,2,F623,20NU,2021-12-01,2021-11-30,1331,166,,W0106171105,SMC,2025-12-02,LIR,87,,,,,,,,,,,,MED
2026-02-01 00:00:00,779150904134,09,DW,01,M,13,091,RAMIREZ MELGAREJO ROBERTO JUAN,1D,ACTIVO,707FVA ,2,F622,15LM,2026-01-01,2025-11-05,37064,504,,W0106219833,SMC,2026-01-07,LIR,51,2026-01-06 12:54:40,0901,L,G92B2,707FVA ,0,Nor,53,UI SERV DIRECTO,53,S,MED
2026-02-01 00:00:00,779200703577,36,DW,01,M,13,364,KIENS OLIVERA XIOMARA         ,1D,ACTIVO,ML101A ,2,F623,20NU,2021-10-01,2021-10-25,3147,342,,W0106253563,SM2,2026-01-26,CDC,32,,,,,,,,,,,,GSC
2026-02-01 00:00:00,779200802583,04,DW,01,M,01,046,ORANTES GAMBOA MARTHA BEATRIZ ,1B,ACTIVO,BE515L ,2,F623,19NV,2026-02-01,2025-12-02,25273,567,,W0106261966,SMG,2026-01-30,01A,28,2026-01-29 12:52:02,0402,L,R9689,BE515L ,75451,Opt,  ,,,,MED
2026-02-01 00:00:00,779200802648,16,DW,01,M,17,164,ORTEGA CRUZ JORGE A           ,1D,ACTIVO,BE557M ,2,F623,19NV,2026-02-01,2025-10-09,20510,502,,W0106186092,SMG,2025-12-12,01A,77,2026-02-09 10:07:51,1629,L,R9982,BE557M ,80605,Opt,  ,,,,MED
2026-02-01 00:00:00,779200803172,04,DW,01,M,01,045,SEGURA AGUILAR JAVIER ANTONIO ,1B,ACTIVO,JFX297 ,2,F623,23NU,2024-06-01,2024-05-30,4977,308,,W0106171104,SMC,2025-12-02,LIR,87,,,,,,,,,,,,MED
2026-02-01 00:00:00,779200900526,17,DW,01,M,02,176,ESTRADA Y MOLINA ARMANDO      ,1D,ACTIVO,BE406U ,2,F623,19NV,2026-01-01,2025-07-11,2887,87,,W0106229615,SMG,2026-01-13,01A,45,2026-01-12 11:13:35,1728,L,R9703,BE406U ,97330,Opt,  ,,,,MED
2026-02-01 00:00:00,779200900968,06,DW,01,M,01,061,CASTELLANOS FONSECA JORGE ARMA,1B,CORTADO,YJ132J ,2,F623,21NU,2022-04-01,2022-03-01,3375,0,,W0106173085,SMC,2025-12-03,LIR,86,,,,,,,,,,,,MED
2026-02-01 00:00:00,779200901964,16,DW,01,M,17,164,ORTIZ DE LA ROSA BENJAMIN     ,1D,ACTIVO,BE040P ,2,F623,19NV,2026-02-01,2025-10-09,12125,339,,W0106186094,SMG,2025-12-12,01A,77,2026-02-09 09:54:53,1629,L,R9982,BE040P ,88003,Opt,  ,,,,MED
2026-02-01 00:00:00,779141002225,09,DW,01,M,13,091,MEXICANO CINTORA GUADALUPE    ,1D,ACTIVO,185B1X ,2,F622,13LM,2026-01-01,2025-05-06,32956,129,,W0106219831,SMG,2026-01-07,LIR,51,2026-01-06 10:58:31,0901,L,G92B2,185B1X ,0,Nor,60,MEDID NO TRABAJA,60,S,MED
2026-02-01 00:00:00,779201003811,19,DW,01,M,02,195,SANTANA LOPEZ JUAN MANUEL     ,1D,ACTIVO,BF021A ,2,F623,19NV,2026-01-01,2025-09-10,25507,1011,,W0106233429,SMG,2026-01-14,01A,44,2026-01-13 11:08:11,1928,L,R9982,BF021A ,76639,Opt,  ,,,,MED
2026-02-01 00:00:00,779201004176,40,DW,01,M,13,408,SANSORES COCOM DAFNE IZEL     ,1D,CORTADO,CVP364 ,2,F623,22NU,2020-12-01,2020-12-28,55,55,,W0106209408,SMC,2025-12-29,LIR,60,,,,,,,,,,,,MED
2026-02-01 00:00:00,779201100604,05,DW,01,M,13,057,SOSA NOVELO RICARDO OSCAR     ,1D,ACTIVO,RDE345 ,2,F623,24NY,2024-09-01,2024-08-30,26925,2177,,W0106213547,SMG,2026-01-03,LIR,55,,,,,,,,,,,,MED
2026-02-01 00:00:00,779140903458,09,DW,01,M,13,092,AZAR WABI SILVIA TERESA       ,1D,ACTIVO,981G4M ,2,F622,13LM,2026-01-01,2025-11-05,13494,166,,W0106219837,SMG,2026-01-07,LIR,51,2026-01-06 11:53:17,0902,M,GAAEN,981G4M ,0,Nor,64,P. INFRARROJO/MED. D,64,S,MED
2026-02-01 00:00:00,779201203365,40,DW,01,M,13,408,MARTINEZ SANCHEZ GAMA FRANCISC,1D,ACTIVO,BE600K ,2,F623,19NV,2026-02-01,2026-02-25,95963,0,,W0106210250,SM2,2025-12-30,01A,59,,,,,,,,,,,,GSC
2026-02-01 00:00:00,779210102024,36,DW,01,M,13,364,MARMOLEJO FIGUEROA YADIRA     ,1D,ACTIVO,NK429A ,2,F623,20NU,2026-02-01,2026-02-23,13487,323,,W0106253933,SM2,2026-01-26,CDG,32,2026-02-23 10:39:58,3603,L,9P14E,NK429A ,323,Opt,  ,,,,GSC
2026-02-01 00:00:00,779210103764,11,DW,01,M,13,115,BERNAL CASTILLO JUAN EDUARDO  ,1D,ACTIVO,NK195B ,2,F623,20NU,2026-01-01,2025-11-06,22973,483,,W0106221017,SMC,2026-01-07,LIR,51,2026-01-07 09:17:05,1104,L,R9982,NK195B ,0,Nor,53,UI SERV DIRECTO,53,S,MED
2026-02-01 00:00:00,779210302244,04,DW,01,M,01,045,KU FLOTA IRVING VALENTIN      ,1B,ACTIVO,LG559A ,1,F123,20NT,2026-02-01,2024-05-30,0,0,,W0106260860,SMC,2026-01-29,LIR,29,2026-01-29 11:41:35,0401,L,9JRBR,LG559A ,0,Nor,53,UI SERV DIRECTO,53,S,MED
2026-02-01 00:00:00,779210404951,06,DW,01,M,01,061,CARRILLO DIAZ ZAZIL BE        ,1B,ACTIVO,DRT867 ,2,F623,22NU,2023-02-01,2023-01-01,8230,1276,,W0106262956,SMG,2026-01-30,01A,28,,,,,,,,,,,,MED
2026-02-01 00:00:00,779210700517,04,DW,01,B,06,041,CORREA ARCE BEATRIZ EUGENIA   ,1D,ACTIVO,RDJ779 ,2,F623,24NY,2026-02-01,2025-12-02,20676,2562,,W0106261146,SMC,2026-01-29,LIR,29,2026-01-29 12:02:33,0405,L,9EMGL,RDJ779 ,0,Nor,53,UI SERV DIRECTO,53,S,MED
2026-02-01 00:00:00,779210704300,64,DW,01,M,24,644,PALMA GARCIA JUAN CARLOS      ,1D,ACTIVO,RBF181 ,2,F623,24NY,2026-02-01,2026-02-04,13811,1,,W0106220306,SMC,2026-01-07,LIR,51,2026-02-04 10:22:07,6451,R,9JRBR,RBF181 ,99351,Opt,  ,,,,MED
2026-02-01 00:00:00,779210802361,37,DW,01,M,31,371,CHI CABRERA BLANCA LUCELI     ,1D,ACTIVO,MB190M ,2,F623,20NU,2026-01-01,2025-09-25,35939,1323,,W0106253942,SMC,2026-01-26,LIR,32,2026-01-26 15:59:55,3727,L,GAG9M,MB190M ,0,Nor,53,UI SERV DIRECTO,53,S,MED
2026-02-01 00:00:00,779210900605,37,DW,01,M,28,372,VEGA   CESAR ALBERTO          ,02,ACTIVO,PY567G ,3,KL28,21KE,2026-01-01,2024-09-25,88,577,,W0106255993,SMG,2026-01-27,LIR,31,2026-01-27 09:35:37,3751,R,GAG9M,PY567G ,0,Nor,60,MEDID NO TRABAJA,60,S,MED
2026-02-01 00:00:00,779140704072,35,DW,01,M,02,357,MALDONADO MORENO NIDIA MARIA  ,1D,ACTIVO,449G2N ,2,F622,13LM,2026-01-01,2025-11-25,30626,472,,W0106250373,SMG,2026-01-23,LIR,35,2026-01-23 12:21:07,3527,L,GAG9M,449G2N ,0,Nor,64,P. INFRARROJO/MED. D,64,S,MED
2026-02-01 00:00:00,779211201204,06,DW,01,M,01,065,CADENA AMARO GUILLERMO        ,1B,ACTIVO,YH105P ,2,F623,21NU,2026-02-01,2025-12-03,8995,592,,W0106176845,SM2,2025-12-05,W1M,84,2026-01-30 09:09:45,0603,L,R9982,YH105P ,0,Nor,53,UI SERV DIRECTO,53,S,GSC
2026-02-01 00:00:00,779220101298,15,DW,01,M,21,155,FARJAT VAZQUEZ FELIPE DE JESUS,1D,ACTIVO,KKF022 ,2,F623,23NU,2026-01-01,2026-01-09,6792,1017,,W0106225267,SMC,2026-01-09,LIR,49,2026-01-09 09:11:49,1526,L,GAAFN,KKF022 ,0,Nor,53,UI SERV DIRECTO,53,S,MED
2026-02-01 00:00:00,779131101161,35,DW,01,M,02,357,GUERRERO EUAN JESUS RICARDO   ,1D,CORTADO,232F8Y ,2,F622,13LM,2026-01-01,2025-11-25,68262,1029,,W0106250372,SMC,2026-01-23,LIR,35,2026-01-23 12:07:27,3527,L,GAG9M,232F8Y ,0,Nor,53,UI SERV DIRECTO,53,S,MED
2026-02-01 00:00:00,779220200865,28,DW,01,J,37,286,BRITO RODRIGUEZ JOSE IVAN     ,1C,ACTIVO,RR668J ,1,F123,21NX,2026-02-01,2025-10-17,3328,88,,W0106198778,SMG,2025-12-19,LIR,70,2026-02-17 13:45:09,2827,L,9NCYF,RR668J ,0,Nor,64,P. INFRARROJO/MED. D,64,S,MED
2026-02-01 00:00:00,779130702586,09,DW,01,M,13,091,ALCANTAR ARZOLA JORGE         ,1D,ACTIVO,MA821W ,2,F623,20NU,2026-01-01,2025-09-03,20523,679,,W0106219830,SMC,2026-01-07,LIR,51,2026-01-06 09:08:27,0901,L,G92B2,MA821W ,0,Nor,53,UI SERV DIRECTO,53,S,MED
2026-02-01 00:00:00,779220700434,06,DW,01,M,01,061,TAMAKI ADRIAN                 ,1B,ACTIVO,M845LN ,2,F62J,17L2,2026-02-01,2026-01-30,8520,136,,W0106173086,SMG,2025-12-03,LIR,86,2026-01-30 13:00:53,0601,L,G92B2,M845LN ,136,Nor,  ,,FR,S,MED
2026-02-01 00:00:00,779220700981,23,DW,01,M,02,238,MAGANA REYES SERGIO           ,1D,CORTADO,LW722B ,2,F623,20NU,2026-01-01,2025-05-16,9509,0,,W0106235942,SMC,2026-01-15,LIR,43,2026-01-15 17:05:39,2326,L,GA8QN,LW722B ,0,Nor,53,UI SERV DIRECTO,53,S,MED
2026-02-01 00:00:00,779220701406,18,DW,01,M,04,182,COCOM PECH ERIKA LIZETH       ,1D,ACTIVO,NR200P ,2,F623,20NU,2026-02-01,2025-06-11,17872,0,,W0106186168,SMC,2025-12-12,LIR,77,2026-02-10 12:13:57,1829,L,R9982,NR200P ,0,Nor,53,UI SERV DIRECTO,53,S,MED
2026-02-01 00:00:00,779130101612,17,DW,01,M,02,176,DE ATOCHA EFRAIN FERNANDO     ,1D,ACTIVO,MF189X ,2,F623,20NU,2026-01-01,2025-11-11,4534,501,,W0106228218,SMC,2026-01-12,LIR,46,2026-01-12 12:57:13,1728,L,R9703,WTW254 ,0,Nor,53,UI SERV DIRECTO,53,S,MED
2026-02-01 00:00:00,779220801729,19,DW,01,M,02,196,HERNANDEZ PEREZ ANDRES        ,02,CORTADO,A555KD ,2,F622,16LM,2026-01-01,2025-11-12,17824,8346,,W0106230574,SMC,2026-01-13,LIR,45,2026-01-13 16:40:26,1926,L,G92B2,A555KD ,0,Nor,53,UI SERV DIRECTO,53,S,MED
2026-02-01 00:00:00,779220802806,34,DW,01,M,05,342,ORILLA HERNANDEZ AMAYRANI GUAD,1B,CORTADO,44D8C7 ,2,F421,08KF,2026-02-01,2026-02-20,4095,802,,W0106206207,SMG,2025-12-26,01A,63,2026-02-20 11:22:34,3428,L,GAXWM,44D8C7 ,802,Nor,  ,,FR,S,MED
2026-02-01 00:00:00,779220804060,34,DW,01,M,05,345,RODRIGUEZ BOLIO PEDRO EMILIO  ,1B,ACTIVO,BA522V ,2,F622,19MP,2026-02-01,2026-02-20,9389,0,,W0106206312,SMG,2025-12-26,01A,63,2026-02-20 13:06:10,3427,L,9P14E,BA522V ,0,Nor,60,MEDID NO TRABAJA,60,S,MED
2026-02-01 00:00:00,779221002641,27,DW,01,M,23,277,SIMONEN VELADIZ ROBERTO       ,1D,BAJA SIN MED RET,CVM819 ,2,F623,22NU,2026-01-01,2026-01-19,20832,0,,W0106240970,SMC,2026-01-19,LIR,39,,,,,,,,,,,,MED
2026-02-01 00:00:00,779221004962,29,DW,01,M,25,296,PADILLA ROJAS ANA MARIA       ,1D,ACTIVO,GEC587 ,2,F623,24NX,2025-03-01,2025-03-20,31353,0,,W0106245117,SM2,2026-01-21,01A,37,,,,,,,,,,,,GSC
2026-02-01 00:00:00,779221103502,27,DW,01,M,24,275,GUILLEN LOPEZ ESTEFANIA       ,1D,ACTIVO,DJW253 ,2,F623,22NU,2026-01-01,2025-09-18,0,0,,W0106241106,SMG,2026-01-19,LIR,39,2026-01-19 17:13:04,2728,L,9P14E,DJW253 ,0,Nor,60,MEDID NO TRABAJA,60,S,MED
2026-02-01 00:00:00,779221201253,18,DW,01,M,04,182,DZIB COCOM EDWIN RICARDO      ,02,ACTIVO,UB059W ,2,F623,21NY,2026-02-01,2026-02-10,16879,1052,,W0106255585,SMC,2026-01-27,01A,31,2026-02-10 13:41:29,1829,L,R9982,UB059W ,0,Nor,51,NO ENCONTRE DOMI,,,MED
2026-02-01 00:00:00,779221202501,20,DW,01,M,04,203,ESTRADA PEREZ MARTHA GABRIELA ,1D,ACTIVO,RCY963 ,2,F623,24NY,2024-10-01,2024-10-10,2180,198,,W0106188983,SMC,2025-12-15,LIR,74,,,,,,,,,,,,MED
2026-02-01 00:00:00,779221204333,06,DW,01,M,01,062,NAJERA PEREZ ANTONIO ALEJANDRO,1B,ACTIVO,WPY007 ,2,F623,24P2,2024-12-01,2024-12-03,7611,2488,,W0106173094,SMC,2025-12-03,LIR,86,,,,,,,,,,,,MED
2026-02-01 00:00:00,779230204125,36,DW,01,M,13,362,CASTELLANOS EROSA CARLOS HUMBE,1D,ACTIVO,A891KR ,2,F622,16LM,2026-02-01,2026-02-23,2758,0,,W0106207292,SMC,2025-12-28,LIR,61,2026-02-23 09:25:51,3605,L,R9703,A891KR ,0,Nor,53,UI SERV DIRECTO,53,S,MED
2026-02-01 00:00:00,779230303867,64,DW,01,M,24,644,PEREZ CARBAJAL MARICELA       ,1D,ACTIVO,618PHX ,2,F622,16LM,2026-02-01,2026-02-04,236,10,,W0106247789,SM2,2026-01-22,W1M,36,2026-02-04 09:54:55,6451,R,9JRBR,618PHX ,10,Opt,31,SERVICIO SIN USO,,,GSC
2026-02-01 00:00:00,779230402083,17,DW,01,M,02,173,MARTINEZ MARTINEZ JOCELYN ALEJ,1D,ACTIVO,KKW413 ,2,F623,23NU,2024-01-01,2024-01-11,0,0,,W0106229431,SMC,2026-01-13,01A,45,2024-01-11 10:00:02,9217,L,G92B2,KKW413 ,0,Opt,31,SERVICIO SIN USO,,,MED
2026-02-01 00:00:00,779121000102,05,DW,01,M,13,051,COMER PORC MEX                ,02,ACTIVO,50B3V1 ,2,F621,08KG,2026-01-01,2026-01-02,5827,6537,,W0106213545,SMC,2026-01-03,LIR,55,,,,,,,,,,,,MED
2026-02-01 00:00:00,779230602937,20,DW,01,M,20,201,LOPEZ RUSSELL FRANCISCO       ,1B,ACTIVO,JCL849 ,2,F623,23NU,2024-04-01,2024-04-10,120,0,,W0106259035,SM2,2026-01-28,CDD,30,,,,,,,,,,,,GSC
2026-02-01 00:00:00,779230700858,40,DW,01,M,13,408,MUN DE MERIDA YUC             ,02,ACTIVO,UM356D ,2,F623,21NY,2026-02-01,2026-02-25,3185,0,,W0106209407,SMC,2025-12-29,LIR,60,,,,,,,,,,,,MED
2026-02-01 00:00:00,779230700874,40,DW,01,M,13,408,MUNICIPIO DE MERIDA YUC       ,02,ACTIVO,UM359D ,2,F623,21NY,2026-02-01,2026-02-25,4679,0,,W0106209406,SMG,2025-12-29,LIR,60,,,,,,,,,,,,MED
2026-02-01 00:00:00,779230703148,27,DW,01,M,24,275,ALCALA MARTINEZ JUAN CARLOS   ,1D,ACTIVO,RBN263 ,2,F623,24NY,2026-01-01,2026-01-19,11663,1160,,W0106256084,SM2,2026-01-27,CDX,31,,,,,,,,,,,,GSC
2026-02-01 00:00:00,779230800372,23,DW,01,M,02,238,ZAMORA BARRON ROSENDO         ,1D,ACTIVO,UL820D ,2,F623,21NY,2026-01-01,2025-03-14,8737,479,,W0106235943,SMC,2026-01-15,LIR,43,2026-01-15 17:14:22,2326,L,GA8QN,UL820D ,0,Nor,53,UI SERV DIRECTO,53,S,MED
2026-02-01 00:00:00,779190603315,27,DW,01,M,23,277,BASTERIS RAMIREZ YOLANDA      ,1D,ACTIVO,X100LW ,2,F62J,19MT,2021-11-01,2021-11-18,8951,43,,W0106170744,SM2,2025-12-02,CDW,87,,,,,,,,,,,,GSC
2026-02-01 00:00:00,779230900377,24,DW,01,M,15,242,TORRES MATOS HELBERT JOSE     ,1D,ACTIVO,JDC086 ,2,F623,23NU,2026-02-01,2025-10-15,1415,132,,W0106233251,SM2,2026-01-14,CDA,44,2026-02-13 09:32:29,2428,L,R9689,JDC086 ,0,Nor,53,UI SERV DIRECTO,53,S,GSC
2026-02-01 00:00:00,779231001112,19,DW,01,M,02,196,MOZ JUAN CARLOS               ,1D,ACTIVO,JAD944 ,2,F623,23NU,2026-01-01,2025-11-12,15669,1319,,W0106230575,SMC,2026-01-13,LIR,45,2026-01-13 15:24:22,1926,L,G92B2,JAD944 ,0,Nor,53,UI SERV DIRECTO,53,S,MED
2026-02-01 00:00:00,779180805301,17,DW,01,M,02,173,CHAVARRIA CHABLE MARCOS ADRIAN,1D,ACTIVO,9BCW33 ,2,F623,25P2,2026-01-01,2025-11-11,17,963,,W0106228090,SMC,2026-01-12,LIR,46,2026-01-12 09:49:29,1729,L,R9982,9BCW33 ,0,Nor,53,UI SERV DIRECTO,53,S,MED
2026-02-01 00:00:00,779240104846,38,DW,01,M,13,384,CAMPOS ACHACH CARLOS JESUS    ,1D,ACTIVO,7ATY60 ,2,F623,25P2,2026-02-01,2026-02-24,4,4,,W0106207308,SMC,2025-12-28,LIR,61,2026-02-24 16:56:20,3803,L,R9689,7ATY60 ,4,Opt,31,SERVICIO SIN USO,,,MED
2026-02-01 00:00:00,779240200195,04,DW,01,M,01,045,CASTILLO SERRANO ARTURO       ,1B,ACTIVO,KUN471 ,1,F123,23NX,2026-02-01,2024-03-27,0,0,,W0106253937,SMC,2026-01-26,01A,32,2026-01-29 13:21:30,0401,L,9JRBR,KUN471 ,0,Nor,51,NO ENCONTRE DOMI,,,MED
2026-02-01 00:00:00,779240202121,25,DW,01,M,24,252,LUNA DEL PILAR MARIA CONCEPCIO,1D,ACTIVO,JBA460 ,2,F623,23NU,2026-01-01,2025-11-18,6985,407,,W0106237535,SMC,2026-01-16,LIR,42,2026-01-16 12:12:28,2528,L,GAXWM,JBA460 ,0,Nor,53,UI SERV DIRECTO,53,S,MED
2026-02-01 00:00:00,779240303610,40,DW,01,M,13,408,MEDINA SALAZAR CRISTIAN ANTONI,1D,ACTIVO,UK324Y ,2,F623,21NY,2026-02-01,2026-02-25,160,11,,W0106209409,SMC,2025-12-29,LIR,60,,,,,,,,,,,,MED
2026-02-01 00:00:00,779180403075,37,DW,01,M,31,371,EK CABRERA DULCE DEL ROSARIO  ,1D,BAJA SIN MED RET,J132FW ,2,F622,17LM,2026-01-01,2026-01-27,8522,0,,W0106255989,SMC,2026-01-27,LIR,31,,,,,,,,,,,,MED
2026-02-01 00:00:00,779240404335,36,DW,01,M,13,366,GOMEZ FERNANDEZ ANDREA        ,1D,ACTIVO,JFX860 ,2,F623,23NU,2026-02-01,2026-02-23,1758,1032,,W0106207303,SMC,2025-12-28,LIR,61,2026-02-23 11:25:11,3601,L,G92B2,JFX860 ,1032,Opt,  ,,,,MED
2026-02-01 00:00:00,779240405447,21,DW,01,J,16,211,XOOL LOEZA NATASHA MONSERRAT  ,1D,ACTIVO,LMV622 ,1,F123,23NX,2026-01-01,2025-11-13,3684,424,,W0106237539,SM2,2026-01-16,MED,42,2026-01-15 14:38:03,2151,R,9NCYF,LMV622 ,0,Nor,51,NO ENCONTRE DOMI,,,GSC
2026-02-01 00:00:00,779240600703,06,DW,01,M,01,062,CHRISTLIEB GUILLEN SEBASTIAN  ,1B,ACTIVO,KHF476 ,2,F623,23NU,2026-02-01,2025-10-02,6458,411,,W0106173095,SMC,2025-12-03,LIR,86,2026-01-30 09:04:23,0602,L,R9689,KHF476 ,0,Nor,53,UI SERV DIRECTO,53,S,MED
2026-02-01 00:00:00,779240601491,18,DW,01,M,04,184,ALBERTOS GUTIERREZ SERGIO IVAN,1D,ACTIVO,BE519U ,2,F623,19NV,2026-02-01,2025-06-11,2928,353,,W0106186515,SMG,2025-12-12,01A,77,2026-02-10 12:34:57,1826,L,9NCYK,BE519U ,92059,Nor,  ,,FR,S,MED
2026-02-01 00:00:00,779240603656,34,DW,01,M,05,343,RENA COMERCIALIZADORA         ,02,ACTIVO,7BDX44 ,2,F623,25P2,2025-12-01,2025-12-23,8588,0,,W0106205846,SMC,2025-12-26,LIR,63,2025-12-23 15:43:10,3427,L,G92B2,7BDX44 ,0,Nor,53,UI SERV DIRECTO,53,S,MED
2026-02-01 00:00:00,779240905237,29,DW,01,M,25,296,TROPICAL ASSETS LTD           ,1D,ACTIVO,WNB502 ,2,F623,24P2,2026-01-01,2026-01-20,341,209,,W0106240022,S05,2026-01-19,CDU,39,,,,,,,,,,,,CCC
2026-02-01 00:00:00,779241103053,23,DW,01,M,02,234,SOLIS GONGORA YOSELIN ANDREA  ,1C,ACTIVO,0CFM19 ,2,F623,25P3,2026-01-01,2026-01-15,64,64,,W0106188791,SM2,2025-12-15,W1G,74,2026-01-15 14:10:34,2328,L,G92B2,0CFM19 ,229,Opt,  ,,,,GSC
2026-02-01 00:00:00,779241202019,28,DW,01,M,06,283,AVILA ZAPATA MARCOS ORLANDO   ,1B,ACTIVO,WUD101 ,2,F623,24P2,2026-02-01,2025-10-17,1853,69,,W0106242100,SM2,2026-01-20,W1M,38,2026-02-17 13:30:46,2828,L,R9703,WUD101 ,0,Nor,59,DISPLAY APAGADO,59,S,GSC
2026-02-01 00:00:00,779250100717,36,DW,01,M,13,364,VEGA RODRIGUEZ DAMARIS        ,1D,ACTIVO,0ATR43 ,2,F623,25P2,2026-02-01,2026-02-23,299,299,,W0106207353,SM2,2025-12-28,01A,61,2026-02-23 12:15:08,3603,L,9P14E,0ATR43 ,299,Opt,  ,,,,GSC
2026-02-01 00:00:00,779250100881,36,DW,01,M,13,365,CAUICH CAUICH MARIANA LIZET   ,1D,ACTIVO,KHP946 ,2,F623,23NU,2026-02-01,2026-01-29,11433,29,,W0106224795,SM2,2026-01-09,W12,49,2026-02-23 12:06:08,3604,L,GAXWM,KHP946 ,0,Nor,53,UI SERV DIRECTO,53,S,GSC
2026-02-01 00:00:00,779250100911,24,DW,01,M,09,240,SERRANO GONZALEZ DIEGO ALEJAND,02,ACTIVO,RFR695 ,2,F623,24NY,2026-02-01,2025-10-15,232,0,,W0106193708,SMC,2025-12-17,LIR,72,2026-02-13 11:05:26,2430,L,R9982,RFR695 ,0,Nor,56,NO HAY MEDIDOR,56,S,MED
2026-02-01 00:00:00,779250301275,29,DW,01,M,33,291,MARTINEZ CARRILLO JORGE ALBERT,02,CORTADO,RCB070 ,2,F623,24NY,2026-01-01,2025-11-20,9549,2218,,W0106243055,SMC,2026-01-20,LIR,38,2026-01-20 10:34:13,2926,L,9P14E,RCB070 ,0,Nor,53,UI SERV DIRECTO,53,S,MED
2026-02-01 00:00:00,779250304231,14,DW,01,M,17,142,MENDEZ CIME VALENTE ALFONSO   ,1D,ACTIVO,RBX085 ,2,F623,24NY,2026-02-01,2025-10-08,1341,452,,W0106209248,SMC,2025-12-29,CDW,60,2026-02-06 09:23:44,1427,L,G92B2,RBX085 ,0,Nor,56,NO HAY MEDIDOR,56,S,MED
2026-02-01 00:00:00,779250403361,38,DW,01,M,13,384,GONGORA AVILA ADDA ROSAURA    ,1D,ACTIVO,6AXL88 ,2,F623,25P2,2026-02-01,2026-02-24,6,6,,W0106207307,SMC,2025-12-28,LIR,61,2026-02-24 13:33:25,3803,L,R9689,6AXL88 ,-298,Opt,31,SERVICIO SIN USO,,,MED
2026-02-01 00:00:00,779250500171,36,DW,01,M,13,366,RIVADENEYRA DIAZ BARRIGA RAQUE,02,ACTIVO,LU905M ,2,F623,20NU,2026-02-01,2026-02-23,954,207,,W0106170291,SMG,2025-12-02,CDL,87,2026-02-23 10:18:05,3601,L,G92B2,LU905M ,207,Opt,  ,,,,MED
2026-02-01 00:00:00,779250503374,26,DW,01,M,15,267,MEDINA AVILES MARIA CRISTINA  ,1D,ACTIVO,0AAB71 ,2,F623,25NY,2026-02-01,2026-02-16,253,252,,W0106196574,SMC,2025-12-18,LIR,71,2026-02-16 09:40:40,2628,L,R9689,0AAB71 ,252,Opt,  ,,,,MED
2026-02-01 00:00:00,779250703241,64,DW,01,M,24,646,GOMEZ LEON ENRIQUE CARLOS     ,1D,ACTIVO,1AAR03 ,2,F623,25NY,2026-02-01,2026-02-04,447,183,,W0106194346,SMS,2025-12-17,W12,72,2026-02-04 10:37:31,6401,L,R9689,1AAR03 ,183,Opt,  ,,,,GSC
2026-02-01 00:00:00,779250801839,04,DW,01,M,01,044,PEREZ MARTINEZ RAMIRO VICENTE ,1B,ACTIVO,UV098W ,2,F623,21NY,2026-02-01,2025-12-02,14,7,,W0106260873,SMC,2026-01-29,LIR,29,2026-01-29 10:44:36,0404,L,R9982,UV098W ,0,Nor,53,UI SERV DIRECTO,53,S,MED
2026-02-01 00:00:00,779250901477,37,DW,01,M,31,371,MEZA MUNOZ JANET VERENICE     ,1D,ACTIVO,7BCE35 ,2,F623,25P2,2026-01-01,2025-09-25,0,0,,W0106253940,SMC,2026-01-26,LIR,32,2026-01-26 12:38:38,3727,L,GAG9M,7BCE35 ,0,Nor,53,UI SERV DIRECTO,53,S,MED
2026-02-01 00:00:00,779250902457,37,DW,01,M,31,371,JIMENEZ ESTRELLA SAUL ARTURO  ,1D,ACTIVO,YJ577L ,2,F623,21NU,2026-01-01,2025-09-25,0,0,,W0106253943,SMC,2026-01-26,LIR,32,2026-01-26 12:38:56,3727,L,GAG9M,YJ577L ,0,Nor,53,UI SERV DIRECTO,53,S,MED
2026-02-01 00:00:00,779251001178,16,DW,01,M,17,163,MONROY GALVAN SALVADOR        ,1D,ACTIVO,3AYC86 ,2,F623,25P2,2026-02-01,2026-02-09,16,16,,W0106184498,SMC,2025-12-11,LIR,78,2026-02-09 09:16:47,1627,L,R9689,3AYC86 ,16,Opt,  ,,,,MED
2026-02-01 00:00:00,779251104201,65,DW,01,M,15,652,GARCIA ARTEAGA EDUARDO EMANUEL,02,ACTIVO,9AVB30 ,2,F623,25P2,2026-02-01,2026-02-05,0,0,,W0106242372,S05,2026-01-20,W1A,38,2026-02-05 10:06:13,6503,L,R9703,9AVB30 ,0,Opt,31,SERVICIO SIN USO,,,CCC
2026-02-01 00:00:00,779750601577,40,DW,01,M,13,408,CHI ORTEGA JOSE MIGUEL        ,1D,SUJETO A CORTE,0M3T92 ,2,F421,01GH,2026-02-01,2026-02-25,32705,0,,W0106210281,SM2,2025-12-30,01A,59,,,,,,,,,,,,GSC
2026-02-01 00:00:00,779750611777,30,DW,01,M,07,304,POOT CAUICH MIGUEL ADRIAN     ,1B,ACTIVO,2DW947 ,1,F121,98GG,2026-02-01,2025-12-22,41931,368,,W0106252583,S05,2026-01-26,W1M,32,,,,,,,,,,,,CCC
2026-02-01 00:00:00,779750900132,30,DW,01,M,07,304,DONACIANO EK CHIN             ,1B,ACTIVO,8G37F9 ,1,F121,03GG,2026-02-01,2026-02-18,18860,0,,W0106180900,S05,2025-12-09,W1M,80,,,,,,,,,,,,CCC
2026-02-01 00:00:00,779791200013,21,DW,01,M,02,213,MEDINA CASTRO CLAUDIA CANDELAR,1D,CORTADO,A873JW ,2,F622,16LM,2026-01-01,2026-01-14,28709,0,,W0106181786,SMC,2025-12-10,MED,79,2026-01-14 09:00:35,2126,L,9NCYK,A873JW ,0,Opt,31,SERVICIO SIN USO,,,MED
2026-02-01 00:00:00,779851200191,18,DW,01,M,20,181,31DJN0026H JARD N MARIANO SILV,02,ACTIVO,1466EH ,2,F621,82DA,2026-02-01,2025-10-10,92943,533,,W0106186175,SMC,2025-12-12,LIR,77,2026-02-10 08:48:38,1827,L,G92B2,1466EH ,0,Nor,65,UI MED INVERTIDO,65,S,MED
2026-02-01 00:00:00,779890700249,30,DW,01,M,07,304,AGUILAR CRUZ MIGUEL ANGEL     ,1B,ACTIVO,206X5H ,2,F622,14LM,2026-02-01,2026-02-18,24270,149,,W0106191934,SMG,2025-12-16,MED,73,,,,,,,,,,,,MED
2026-02-01 00:00:00,779170600468,33,DW,01,M,25,335,GARCIA PEREZ MARIA DEL PILAR  ,1D,ACTIVO,A246JW ,2,F622,16LM,2026-01-01,2025-11-24,40518,590,,W0106248172,SMG,2026-01-22,LIR,36,2026-01-22 10:32:49,3326,L,9P14E,A246JW ,0,Nor,60,MEDID NO TRABAJA,60,S,MED
2026-02-01 00:00:00,779951100541,25,DW,01,M,24,251,JOSE LEONEL GUARDIA CHI       ,1D,ACTIVO,H762J6 ,2,F421,95F8,2026-01-01,2026-01-16,62935,108,,W0106172754,SM2,2025-12-03,W1M,86,2026-01-16 09:18:37,2527,L,G92B2,H762J6 ,108,Nor,  ,,FR,S,GSC
2026-02-01 00:00:00,779190603331,27,DW,01,M,23,277,GONZALEZ PACHECO CARLOS IVAN  ,1D,ACTIVO,X102LW ,2,F62J,19MT,2026-01-01,2026-01-19,46881,564,,W0106240488,SMS,2026-01-19,CDB,39,,,,,,,,,,,,GSC
2026-02-01 00:00:00,779970400114,30,DW,01,M,07,304,RODOLFO PISTE MIS             ,1B,ACTIVO,FK662G ,1,F122,19LN,2026-02-01,2025-06-19,12247,380,,W0106201795,SMC,2025-12-22,LIR,67,,,,,,,,,,,,MED
2026-02-01 00:00:00,779970700550,18,DW,01,M,20,181,CRISANTA SULUB DE PUC         ,1B,ACTIVO,F778V9 ,1,F121,95F5,2026-02-01,2024-12-11,45325,220,,W0106186174,SMC,2025-12-12,LIR,77,2026-02-10 10:54:21,1827,L,G92B2,F778V9 ,57619,Nor,44,NUM MEDID DESIGU,44,S,MED
2026-02-01 00:00:00,779980200288,26,DW,01,M,15,262,PERAZA CANTO JAVIER DE JESUS  ,1D,ACTIVO,01W18G ,2,F62H,11KN,2026-02-01,2026-02-16,38292,6103,,W0106198908,SMC,2025-12-19,LIR,70,2026-02-16 11:59:29,2627,L,GAC1M,01W18G ,2470,Opt,  ,,,,MED
2026-02-01 00:00:00,779980300151,17,DW,01,M,02,176,BEJARANO VAZQUEZ MARTA OLIVIA ,1D,ACTIVO,1N1C90 ,2,F621,01F3,1998-03-01,1998-03-05,5034,0,,W0106232393,SMG,2026-01-14,01A,44,,,,,,,,,,,,MED
2026-02-01 00:00:00,779980501024,08,DW,01,M,01,082,EUGENIA S PEREZ CASTILLO      ,02,ACTIVO,L961G6 ,2,F621,96F3,2026-02-01,2026-02-03,29130,60,,W0106177384,SMG,2025-12-06,01A,83,2026-02-03 10:56:20,0801,L,G92B2,L961G6 ,60,Nor,  ,,,,MED
2026-02-01 00:00:00,779980700086,63,DW,01,M,24,637,MUNICIPIO DE MERIDA YUCATAN   ,02,ACTIVO,WNN379 ,2,F623,24P2,2000-01-01,2000-01-17,3800,0,,W0106262744,SMC,2026-01-30,LIR,28,,,,,,,,,,,,MED
2026-02-01 00:00:00,779990401532,22,DW,01,M,12,224,MARIA JOSEFA CHI TUT          ,1D,ACTIVO,PAW189 ,1,F123,24NX,2026-02-01,2026-02-12,87,1289,,W0106191072,SMC,2025-12-16,LIR,73,2026-02-12 09:47:28,2226,L,9NCYK,PAW189 ,87,Opt,  ,,,,MED
2026-02-01 00:00:00,779990800623,34,DW,01,M,05,342,EMILIO PADRON SANTANA         ,1B,ACTIVO,928TX5 ,1,F122,12LH,2026-02-01,2026-02-20,27333,282,,W0106242367,SMS,2026-01-20,W1M,38,2026-02-20 12:47:23,3428,L,GAXWM,928TX5 ,282,Opt,  ,,,,GSC
2026-02-01 00:00:00,780000157185,16,DW,12,A,01,160,GALVAN DE LA PAZ ZOILA        ,1D,ACTIVO,39PF14 ,2,F621,07F3,2026-02-01,2026-02-09,37006,579,,W1204236330,SM3,2025-12-25,CDJ,64,2026-02-09 16:05:20,1601,M,9MC6M,39PF14 ,579,Nor,  ,,,,CCC
2026-02-01 00:00:00,780000957211,32,DW,12,B,01,322,CORDERO GARCIA CONCEPCION     ,1D,ACTIVO,76H91M ,2,F62H,10KN,2026-02-01,2026-02-19,94893,0,,W1204235533,SM2,2025-12-23,SAV,66,2026-02-19 13:49:38,3202,M,9NCWM,76H91M ,99975,Opt,  ,,,,GSC
2026-02-01 00:00:00,780000959605,07,DW,12,A,01,070,IBANEZ GARCIA DIANA LETICIA   ,02,CORTADO,85U8H7 ,2,F62H,09KN,2026-01-01,2025-11-04,7424,59,,W1204243402,SMC,2026-01-06,LIR,52,2026-01-05 08:31:34,0701,M,GA4GN,85U8H7 ,0,Nor,53,UI SERV DIRECTO,53,S,MED
2026-02-01 00:00:00,780010502999,65,DW,12,A,01,650,MUNICIPIO DE BENITO JUAREZ    ,5A,ACTIVO,A078LC ,2,F622,16LM,2026-02-01,2026-02-05,76178,2181,,W1204246251,SMC,2026-01-08,LIR,50,2026-02-05 06:44:14,6501,L,9NCX5,A078LC ,0,Nor,53,UI SERV DIRECTO,53,S,MED
2026-02-01 00:00:00,780010601261,65,DW,12,A,01,650,MUNICIPIO DE BENITO JUAREZ    ,5A,ACTIVO,86D1J0 ,3,F421,08KF,2026-02-01,2026-02-05,94172,957,,W1204246255,SMC,2026-01-08,LIR,50,2026-02-05 08:45:35,6501,L,9NCX5,86D1J0 ,0,Nor,53,UI SERV DIRECTO,53,S,MED
2026-02-01 00:00:00,780010800817,31,DW,12,A,01,312,TORU KOBAYASHI                ,1D,ACTIVO,49R84N ,2,F62H,10KN,2001-08-01,2001-08-07,1,0,,W1204247958,SM2,2026-01-09,CDB,49,,,,,,,,,,,,GSC
2026-02-01 00:00:00,780020300391,69,DW,12,D,02,690,MUNICIPIO PUERTO MORELOS      ,5A,ACTIVO,96C7N2 ,2,F621,08KG,2026-02-01,2026-02-11,1389,1122,,W1204252002,SMC,2026-01-13,LIR,45,2026-02-11 07:58:22,6902,L,9NCX1,96C7N2 ,1122,Nor,  ,,,,MED
2026-02-01 00:00:00,780030302902,05,DW,12,C,01,050,KANTUN PECH ADOLFINA          ,1D,ACTIVO,1N2C99 ,2,F621,01F3,2026-01-01,2026-01-02,82661,608,,W1204263135,SM3,2026-01-21,CDG,37,,,,,,,,,,,,CCC
2026-02-01 00:00:00,780030404349,25,DW,12,A,01,251,FLORES DEL SURESTE SA DE CV   ,02,ACTIVO,9R3Y48 ,3,FD21,01F4,2026-01-01,2026-01-16,39760,2581,,W1204256948,SMG,2026-01-16,LIR,42,,,,,,,,,,,,MED
2026-02-01 00:00:00,779200202284,19,DW,01,M,02,195,BRATOEFF PEREZ AMADOR DIANA EL,1D,ACTIVO,PJ351P ,2,F62J,20L2,2026-01-01,2026-01-13,11998,690,,W0106225635,SMG,2026-01-09,01M,49,,,,,,,,,,,,MED
2026-02-01 00:00:00,780040302765,29,DW,12,A,01,290,RODRIGUEZ BAZAN MA GUADALUPE  ,1D,ACTIVO,73E97E ,2,F62H,10KN,2026-01-01,2025-11-20,43847,310,,W1204262855,SM2,2026-01-21,12B,37,2026-01-20 07:43:35,2901,M,9NCWU,73E97E ,0,Nor,56,NO HAY MEDIDOR,56,S,GSC
2026-02-01 00:00:00,780040405220,04,DW,12,A,01,040,MUNOZ LARA DANIEL             ,1D,ACTIVO,M660RK ,2,F622,17LM,2026-02-01,2026-02-03,27606,854,,W1204272260,SMC,2026-01-29,LIR,29,2026-01-29 07:15:04,0401,M,9NCX5,M660RK ,0,Nor,53,UI SERV DIRECTO,53,S,MED
2026-02-01 00:00:00,780040600901,65,DW,12,A,01,650,MUNICIPIO DE BENITO JUAREZ    ,5A,ACTIVO,YH538H ,2,F623,21NU,2019-08-01,2050-01-01,0,0,,W1204246253,SMC,2026-01-08,LIR,50,,,,,,,,,,,,MED
2026-02-01 00:00:00,780041105769,36,DW,12,B,01,363,AC DAMIAN HECTOR MANUEL       ,1D,ACTIVO,RED488 ,2,F623,24NY,2026-02-01,2026-02-23,2697,0,,W1204246696,SM3,2026-01-08,CDX,50,2026-02-23 10:48:38,3603,M,9NCX2,RED488 ,0,Opt,31,SERVICIO SIN USO,,,CCC
2026-02-01 00:00:00,780050102705,31,DW,12,A,01,312,ISLA CANADA S A  DE C V       ,1D,ACTIVO,299MDU ,2,F62J,15MT,2026-01-01,2026-01-21,52960,1374,,W1204263010,SMG,2026-01-21,LIR,37,,,,,,,,,,,,MED
2026-02-01 00:00:00,780050702613,31,DW,12,A,01,312,ZERMENO GARCIA VICTOR HUGO    ,1D,ACTIVO,382MDU ,2,F62J,15MT,2005-06-01,2005-06-23,2133,0,,W1204263031,SMG,2026-01-21,LIR,37,,,,,,,,,,,,MED
2026-02-01 00:00:00,780050703121,23,DW,12,A,01,230,INST QUINT DE LA MUJER        ,02,ACTIVO,985MDT ,2,F62J,15MT,2026-01-01,2026-01-15,39535,17960,,W1204257160,SM2,2026-01-16,12C,42,2026-01-15 15:28:15,2301,M,GAD0M,985MDT ,3011,Nor,  ,,,,GSC
2026-02-01 00:00:00,780060401565,36,DW,12,A,01,360,ANTONIO LARIOS REYNA          ,1D,CORTADO,89H93M ,2,F62H,10KN,2026-02-01,2026-02-23,38869,0,,W1204237969,SMC,2025-12-29,LIR,60,2026-02-23 09:20:57,3601,M,GA4GN,89H93M ,0,Nor,59,DISPLAY APAGADO,59,S,MED
2026-02-01 00:00:00,780060703626,37,DW,12,A,01,373,FCO J BUSTOS TORRES           ,1D,ACTIVO,BE024T ,2,F623,19NV,2026-01-01,2024-03-25,7716,386,,W1204268742,SM2,2026-01-27,12B,31,2026-01-26 07:38:16,3704,M,9NCWU,BE024T ,94542,Opt,  ,,,,GSC
2026-02-01 00:00:00,780070302646,30,DW,12,A,01,300,H PRESBITERIO DEL NTE Q ROO AR,02,ACTIVO,5T923Y ,2,F621,06F3,2026-02-01,2026-02-18,15007,191,,W1204246405,SM2,2026-01-08,CDF,50,,,,,,,,,,,,GSC
2026-02-01 00:00:00,780070404147,08,DW,12,A,01,080,ALCALA AVALOS ROCIO           ,1D,ACTIVO,1AXT15 ,2,F623,25P2,2026-02-01,2026-02-03,191,191,,W1204212282,SMG,2025-12-04,LIR,85,2026-02-03 07:30:46,0801,M,GABCM,1AXT15 ,191,Nor,  ,,LM,S,MED
2026-02-01 00:00:00,780070702822,40,DW,12,B,03,400,BALAM LOPEZ ROSA OLIVIA       ,1D,ACTIVO,G327MJ ,2,F622,17LM,2026-02-01,2026-02-25,5522,203,,W1204245312,SM3,2026-01-07,WAB,51,,,,,,,,,,,,CCC
2026-02-01 00:00:00,780071103051,39,DW,12,A,01,391,GONZALEZ GOMEZ GUADALUPE      ,1D,ACTIVO,802X3T ,2,F622,14LM,2026-01-01,2025-01-27,63022,1005,,W1204259792,SM3,2026-01-19,WAC,39,2026-01-27 11:15:51,3902,M,9NCWU,802X3T ,0,Nor,59,DISPLAY APAGADO,59,S,CCC
2026-02-01 00:00:00,780071202556,24,DW,12,A,05,242,ROMERO RUIZ ANA FABIOLA       ,1D,ACTIVO,11MY92 ,2,F421,07GH,2026-02-01,2025-12-16,40866,206,,W1204231340,SM3,2025-12-18,CDP,71,2026-02-13 09:22:36,2427,M,GABCM,11MY92 ,99590,Nor,41,CRISTAL ROTO,41,S,CCC
2026-02-01 00:00:00,780080102050,37,DW,12,A,01,373,MARIA ALEJANDRA MEZA VITALES  ,1D,ACTIVO,268MW6 ,2,F622,12LJ,2026-01-01,2025-11-26,77459,333,,W1204267295,SMG,2026-01-26,LIR,32,2026-01-26 08:02:34,3704,M,9NCWU,268MW6 ,0,Opt,60,MEDID NO TRABAJA,60,S,MED
2026-02-01 00:00:00,780081000692,39,DW,12,A,01,391,GRUPO WEGA SA DE CV           ,1D,ACTIVO,20N34T ,2,F62H,10KN,2026-01-01,2025-11-27,12786,170,,W1204269154,SMC,2026-01-27,LIR,31,2026-01-27 12:35:44,3902,M,9NCWU,20N34T ,0,Nor,65,UI MED INVERTIDO,65,S,MED
2026-02-01 00:00:00,780090600830,32,DW,12,B,01,322,RIVERA MORAN MARISELA         ,1D,ACTIVO,22E47N ,2,F62H,10KN,2026-02-01,2026-02-19,21366,0,,W1204232202,SM3,2025-12-19,WAA,70,2026-02-19 13:21:56,3202,M,9NCWM,22E47N ,0,Nor,60,MEDID NO TRABAJA,60,S,CCC
2026-02-01 00:00:00,780100203125,34,DW,12,A,05,342,H2O OPERAC Y MANTEN SAPI CV   ,02,ACTIVO,84P6C2 ,3,FD2H,09KV,2026-02-01,2026-02-20,80447,0,,W1204236959,SM2,2025-12-26,SAV,63,2026-02-20 08:15:49,3426,M,GAM5M,84P6C2 ,0,Nor,59,DISPLAY APAGADO,59,S,GSC
2026-02-01 00:00:00,780110201856,83,DW,12,A,05,683,BLU MEX SA DE CV              ,77,ACTIVO,PT572Y ,3,KL28,21KE,,,,,,W1204241052,SMH,2026-01-02,12D,56,,,,,,,,,,,,MED
2026-02-01 00:00:00,780110202810,20,DW,12,A,05,200,SANTOYO PACHECO PAOLA SARAI   ,1D,ACTIVO,64M3J3 ,2,F62H,09KN,2026-02-01,2023-12-13,3,0,,W1204224509,SMC,2025-12-15,LIR,74,2026-02-11 12:39:23,2026,M,9P180,64M3J3 ,0,Nor,56,NO HAY MEDIDOR,56,S,MED
2026-02-01 00:00:00,780110502147,35,DW,12,A,01,354,BRITO ROSELLON JAVIER         ,1D,ACTIVO,NK691G ,2,F623,20NU,2021-01-01,2021-01-25,3425,220,,W1204222971,SM3,2025-12-12,CDD,77,,,,,,,,,,,,CCC
2026-02-01 00:00:00,780110702855,23,DW,12,A,01,230,CASTRO RIOS JOSEFINA          ,1D,ACTIVO,907MDT ,2,F62J,15MT,2011-07-01,2011-08-06,1,0,,W1204268855,SM3,2026-01-27,WAC,31,,,,,,,,,,,,CCC
2026-02-01 00:00:00,780120400202,39,DW,12,A,01,390,MARTINEZ Y HERRERA MA ELENA   ,1D,ACTIVO,39W58F ,2,F62H,11KN,2026-01-01,2025-05-28,95646,1074,,W1204270542,SM2,2026-01-28,12B,30,2026-01-27 10:06:54,3901,M,GABCM,39W58F ,0,Nor,59,DISPLAY APAGADO,59,S,GSC
2026-02-01 00:00:00,780120401331,09,DW,12,C,01,092,PAZ GONZALEZ JOSE ANTONIO     ,1D,ACTIVO,24W12H ,2,F62H,11KN,2026-01-01,2026-01-07,21497,1132,,W1204244473,SMG,2026-01-07,LIR,51,,,,,,,,,,,,MED
2026-02-01 00:00:00,779200501885,11,DW,01,J,04,112,PANTOJA UICAB DANIEL ALBERTO  ,1C,CORTADO,4AAT43 ,2,F623,25NY,2025-09-01,2025-09-03,497,0,,W0106224862,SM2,2026-01-09,MED,49,,,,,,,,,,,,GSC
2026-02-01 00:00:00,780120601682,12,DW,12,A,01,120,MATZEK MARTY JAMES            ,1D,ACTIVO,982JLC ,2,F622,15LM,2026-02-01,2025-12-08,46083,163,,W1204265307,SM3,2026-01-23,CDP,35,2026-02-05 07:58:46,1201,M,9NCWU,982JLC ,0,Nor,53,UI SERV DIRECTO,53,S,CCC
2026-02-01 00:00:00,780120800570,19,DW,12,A,01,190,DENISE NARDI                  ,1D,CORTADO,947MEA ,2,F62J,15MT,2026-01-01,2025-11-12,2928,0,,W1204253457,SM2,2026-01-14,12A,44,2026-01-13 13:37:11,1901,M,GAF1M,947MEA ,97272,Nor,  ,,FR,S,GSC
2026-02-01 00:00:00,779200902936,34,DW,01,M,05,341,VAZQUEZ TRUJILLO MARLENE DE LO,1B,ACTIVO,DKC131 ,2,F623,22NU,2024-06-01,2024-06-24,15988,585,,W0106205836,SMC,2025-12-26,LIR,63,,,,,,,,,,,,MED
2026-02-01 00:00:00,780120902267,22,DW,12,A,05,220,SAENZ RICO PEREZ RODRIGO      ,1D,ACTIVO,432MP7 ,2,F622,12LJ,2026-02-01,2026-02-12,19485,542,,W1204226836,SM2,2025-12-16,SAV,73,2026-02-12 08:14:35,2226,M,GAM5M,432MP7 ,542,Opt,  ,,,,GSC
2026-02-01 00:00:00,780121001611,09,DW,12,C,01,093,MARIN POOT JORGE ENRIQUE      ,1D,ACTIVO,5DVN63 ,2,F623,25NY,2021-11-01,2021-11-04,48150,792,,W1204246686,SM2,2026-01-08,SAV,50,,,,,,,,,,,,GSC
2026-02-01 00:00:00,780121002189,33,DW,12,A,01,333,ARENAS FUENTES PABLO ROBERTO  ,1D,ACTIVO,NK346Y ,2,F623,20NU,2015-10-01,2015-10-01,14660,1085,,W1204264281,SMG,2026-01-22,LIR,36,,,,,,,,,,,,MED
2026-02-01 00:00:00,780130102374,15,DW,12,A,01,150,ROMERO BECERRA FRANCISCO JAVIE,1D,ACTIVO,157MEB ,2,F62J,15MT,2026-01-01,2026-01-09,34522,327,,W1204248841,SM2,2026-01-10,CDG,48,,,,,,,,,,,,GSC
2026-02-01 00:00:00,780130201739,12,DW,12,A,01,120,AGUILAR BLANCARTE GASPAR      ,1D,ACTIVO,EW368E ,2,F622,19LM,2026-02-01,2025-08-07,2404,2,,W1204217942,SM2,2025-12-09,SAV,80,2026-02-05 08:15:25,1201,M,9NCWU,EW368E ,0,Nor,59,DISPLAY APAGADO,59,S,GSC
2026-02-01 00:00:00,780130201879,31,DW,12,A,01,310,JUANICOTENA MADRIGAL AURORA   ,1D,ACTIVO,46R75N ,2,F62H,10KN,2026-01-01,2025-11-21,96699,979,,W1204262912,SMG,2026-01-21,LIR,37,2026-01-21 08:23:39,3101,M,GAD0M,46R75N ,0,Nor,60,MEDID NO TRABAJA,60,S,MED
2026-02-01 00:00:00,780130401231,08,DW,12,A,01,081,CRUZ MORALES ISABEL           ,1D,ACTIVO,430FVB ,2,F622,15LM,2026-02-01,2024-10-03,6821,0,,W1204213409,SM2,2025-12-05,SAV,84,2026-02-03 12:44:49,0802,M,9P180,430FVB ,0,Nor,59,DISPLAY APAGADO,59,S,GSC
2026-02-01 00:00:00,780130401363,37,DW,12,D,04,370,SANTAMARIA AREVALO ARTURO     ,1D,ACTIVO,9F30Y9 ,2,F621,03F3,2026-01-01,2026-01-26,22413,1,,W1204268836,SM2,2026-01-27,12D,31,2026-01-26 08:29:17,3726,M,9NCXK,9F30Y9 ,99659,Nor,  ,,FR,S,GSC
2026-02-01 00:00:00,779201104651,36,DW,01,M,13,365,PENA ROSARIO VICTORIA IXCHEL  ,1D,ACTIVO,VA868G ,2,F623,21NV,2026-02-01,2026-02-23,9272,370,,W0106207299,SMG,2025-12-28,LIR,61,2026-02-23 09:37:15,3604,L,GAXWM,VA868G ,-317,Opt,  ,,,,MED
2026-02-01 00:00:00,780130600471,39,DW,12,A,01,390,KUALI PIALI S DE RL DE CV     ,02,ACTIVO,14H17M ,2,F62H,10KN,2026-01-01,2026-01-27,19817,544,,W1204253032,SM3,2026-01-14,WAC,44,,,,,,,,,,,,CCC
2026-02-01 00:00:00,779211002015,35,DW,01,M,02,353,HAU CITUK COSME DANILO        ,1D,ACTIVO,LV151K ,2,F623,20NU,2026-01-01,2025-05-26,308,6,,W0106250693,SMC,2026-01-23,LIR,35,2026-01-23 11:19:13,3528,L,9NCYK,LV151K ,0,Nor,53,UI SERV DIRECTO,53,S,MED
2026-02-01 00:00:00,779220102251,36,DW,01,M,13,365,NAVA DIAZ ARACELI             ,1D,ACTIVO,252KB9 ,2,F622,12LJ,2026-02-01,2026-02-23,8440,232,,W0106207297,SMG,2025-12-28,LIR,61,2026-02-23 09:56:48,3604,L,GAXWM,252KB9 ,-347,Opt,  ,,,,MED
2026-02-01 00:00:00,780131000851,30,DW,12,A,01,301,LORIA PALMA MARTIN LEONARDO   ,1D,ACTIVO,NR249M ,2,F623,20NU,2026-02-01,2025-10-20,14476,558,,W1204270215,SM3,2026-01-28,CDB,30,,,,,,,,,,,,CCC
2026-02-01 00:00:00,780131003809,19,DW,12,A,01,192,AVENTURA ECOTUR Y PROMOCION SC,02,ACTIVO,554MDY ,2,F62J,15MT,2026-01-01,2026-01-13,25919,0,,W1204255057,SM2,2026-01-15,CDB,43,2026-01-13 10:12:50,1903,M,GABCM,554MDY ,0,Nor,31,SERVICIO SIN USO,,,GSC
2026-02-01 00:00:00,780131202852,35,DW,12,A,01,354,RAMIREZ ALVAREZ ENIER         ,1D,ACTIVO,W231KR ,2,F622,19LM,2026-01-01,2026-01-27,64520,1271,,W1204240850,SM3,2026-01-02,WAD,56,2026-01-23 08:32:02,3505,M,GABCM,W231KR ,0,Nor,53,UI SERV DIRECTO,53,S,CCC
2026-02-01 00:00:00,780140302096,06,DW,12,A,01,061,ORTEGA HUERTA SERGIO ALBINO   ,02,ACTIVO,426B6X ,2,F622,13LM,2026-02-01,2025-12-03,9055,0,,W1204242379,SMC,2026-01-05,WAD,53,2026-01-30 08:59:42,0602,M,9P180,426B6X ,91016,Nor,44,NUM MEDID DESIGU,44,S,MED
2026-02-01 00:00:00,780140302312,07,DW,12,C,01,070,BRITO ANGULO JOSE ANTONIO     ,1D,ACTIVO,1AXE94 ,2,F623,25P2,2026-01-01,2025-09-02,37624,459,,W1204231064,SM2,2025-12-18,WAC,71,2026-01-05 11:38:46,0701,M,9P14L,R843FT ,0,Nor,56,NO HAY MEDIDOR,56,S,GSC
2026-02-01 00:00:00,780140402058,25,DW,12,A,01,251,ALCANTARA GARCIA ANTONIO      ,1D,ACTIVO,18E70E ,2,F62H,10KN,2026-01-01,2025-09-17,5874,0,,W1204259635,SM2,2026-01-19,12B,39,2026-01-16 09:38:28,2502,M,9P180,18E70E ,0,Nor,59,DISPLAY APAGADO,59,S,GSC
2026-02-01 00:00:00,780140801459,20,DW,12,A,05,200,FOYO NIEMBRO MARIA SOLEDAD    ,02,ACTIVO,16U3J0 ,2,F62H,09KN,2026-02-01,2025-06-12,24879,0,,W1204224504,SMC,2025-12-15,LIR,74,2026-02-11 10:36:17,2026,M,9P180,16U3J0 ,0,Nor,53,UI SERV DIRECTO,53,S,MED
2026-02-01 00:00:00,780141000310,31,DW,12,A,01,312,SOLANO MARTIN DEL CAMPO VERONI,1D,ACTIVO,300MDU ,2,F62J,15MT,2014-09-01,2020-01-20,33375,0,,W1204263028,SMG,2026-01-21,LIR,37,,,,,,,,,,,,MED
2026-02-01 00:00:00,780141002240,39,DW,12,A,01,390,GDESA LIGHTING SA DE CV       ,02,ACTIVO,722MGB ,3,FD2J,15MU,2026-01-01,2025-05-28,56155,683,,W1204270546,SM2,2026-01-28,12B,30,2026-01-27 14:22:01,3901,M,GABCM,722MGB ,0,Nor,59,DISPLAY APAGADO,59,S,GSC
2026-02-01 00:00:00,780150202804,16,DW,12,A,01,161,BARRIENTOS SILVA MARIA DEL CAR,02,ACTIVO,6DVE83 ,2,F623,25NY,2025-10-01,2025-10-09,38459,3782,,W1204220677,SMC,2025-12-11,LIR,78,,,,,,,,,,,,MED
2026-02-01 00:00:00,779220601215,10,DW,01,G,05,101,ORTEGA JIMENEZ VERONICA       ,1D,ACTIVO,CVM025 ,2,F623,22NU,2026-02-01,2026-02-04,15665,1369,,W0106176814,SMS,2025-12-05,CDX,84,2026-02-04 11:01:23,1026,M,R9962,CVM025 ,1369,Opt,  ,,,,GSC
2026-02-01 00:00:00,780150701631,19,DW,12,A,01,192,DIAZ MIER Y TERAN MA CRISTINA ,1D,CORTADO,506MDV ,2,F62J,15MT,2026-01-01,2025-11-12,23399,18,,W1204251988,SMG,2026-01-13,LIR,45,2026-01-13 08:07:33,1903,M,GABCM,506MDV ,0,Nor,60,MEDID NO TRABAJA,60,S,MED
2026-02-01 00:00:00,780151001659,67,DW,12,D,01,670,MUNICIPIO DE BENITO JUAREZ    ,5A,ACTIVO,059G7C ,3,F622,13LM,2026-02-01,2026-02-11,29662,2807,,W1204248491,SMC,2026-01-09,LIR,49,2026-02-09 12:32:52,6701,L,9ND6M,059G7C ,0,Nor,53,UI SERV DIRECTO,53,S,MED
2026-02-01 00:00:00,780151005221,28,DW,12,A,05,281,ADRIAN HERNANDEZ LUIS MARCELO ,1D,ACTIVO,09N72M ,2,F62H,10KN,2026-02-01,2025-08-19,31433,713,,W1204232368,SM2,2025-12-19,SAV,70,2026-02-17 08:07:08,2827,M,GA4GN,09N72M ,0,Nor,59,DISPLAY APAGADO,59,S,GSC
2026-02-01 00:00:00,780151100053,19,DW,12,A,01,191,DERMOCUTANEA DEL STE SA DE CV ,02,CORTADO,415MGA ,3,FD2J,15MU,2026-01-01,2025-05-14,54282,3389,,W1204248543,SM2,2026-01-09,CDC,49,2026-01-13 10:35:32,1902,M,GA4GN,415MGA ,0,Nor,53,UI SERV DIRECTO,53,S,GSC
2026-02-01 00:00:00,780160600158,28,DW,12,A,05,281,SANCHEZ DE LA PAZ ANA LILIA   ,1D,ACTIVO,J603PJ ,2,F622,17LM,2026-02-01,2026-02-17,15931,28,,W1204246721,SM3,2026-01-08,W2A,50,2026-02-17 10:26:30,2827,M,GA4GN,J603PJ ,28,Opt,  ,,,,CCC
2026-02-01 00:00:00,780160600697,34,DW,12,A,05,342,CONST RIVIERA HOUSES SA DE CV ,1D,ACTIVO,BE966H ,2,F623,19NV,2026-02-01,2026-02-20,411,0,,W1204236737,SM2,2025-12-26,SAV,63,2026-02-20 10:42:17,3426,M,GAM5M,BE966H ,96328,Opt,  ,,,,GSC
2026-02-01 00:00:00,780160602258,22,DW,12,A,05,220,CASTILLO VACA FRANCISCO JAVIER,1D,ACTIVO,595JKA ,2,F622,15LM,2026-02-01,2026-02-12,18190,0,,W1204226850,SM2,2025-12-16,SAV,73,2026-02-12 09:00:42,2226,M,GAM5M,595JKA ,0,Nor,31,SERVICIO SIN USO,LM,S,GSC
2026-02-01 00:00:00,780160602533,08,DW,12,A,01,081,MARTINEZ GONZALEZ GABRIELA    ,1D,ACTIVO,425JHM ,2,F622,15LM,2026-02-01,2026-02-03,19611,790,,W1204213306,SM2,2025-12-05,SAV,84,2026-02-03 10:44:31,0802,M,9P180,425JHM ,790,Opt,  ,,,,GSC
2026-02-01 00:00:00,780161201966,28,DW,12,A,05,281,MONTES VEGA ELENA             ,1D,ACTIVO,060WYH ,2,F622,16LM,2026-02-01,2026-02-17,20800,120,,W1204210594,SM3,2025-12-03,CDL,86,2026-02-17 10:31:17,2827,M,GA4GN,060WYH ,120,Opt,  ,,,,CCC
2026-02-01 00:00:00,780170101419,33,DW,12,B,01,330,SERV DE ANUNCIOS PUBLICITARIOS,02,ACTIVO,352WYE ,2,F622,16LM,2026-01-01,2025-11-24,12316,0,,W1204265314,SM2,2026-01-23,12B,35,2026-01-22 07:54:17,3303,M,9NCX2,352WYE ,0,Nor,59,DISPLAY APAGADO,59,S,GSC
2026-02-01 00:00:00,780170202231,32,DW,12,A,01,320,VARGUEZ VAZQUEZ NORMA YOLANDA ,1D,ACTIVO,5BCT59 ,2,F623,25P2,2026-02-01,2025-12-23,507,452,,W1204234340,SM3,2025-12-22,WAA,67,2026-02-19 09:16:22,3201,M,GAM5M,5BCT59 ,0,Nor,56,NO HAY MEDIDOR,56,S,CCC
2026-02-01 00:00:00,780170500381,24,DW,12,A,05,241,UGALDE ROSAS MA DEL CARMEN    ,1D,ACTIVO,038JKX ,2,F622,15LM,2026-02-01,2026-02-13,7201,101,,W1204230893,SM2,2025-12-18,SAV,71,2026-02-13 08:16:58,2426,M,GA4GN,038JKX ,101,Opt,  ,,,,GSC
2026-02-01 00:00:00,780170800848,29,DW,12,A,01,291,WAGNER STEINER MONICA         ,1D,ACTIVO,632DW7 ,3,FD2H,11KV,2021-01-01,2021-01-20,2294,0,,W1204262832,SM2,2026-01-21,12B,37,,,,,,,,,,,,GSC
2026-02-01 00:00:00,779231205397,21,DW,01,M,02,213,ORTEGA VARGAS RICARDO JOSE    ,1D,ACTIVO,KKW291 ,2,F623,23NU,2026-01-01,2025-11-13,4425,246,,W0106233358,SMC,2026-01-14,LIR,44,2026-01-14 16:13:54,2126,L,GAG9M,KKW291 ,0,Nor,53,UI SERV DIRECTO,53,S,MED
2026-02-01 00:00:00,780180201551,30,DW,12,B,01,306,PEREZ BRITO MILDRED           ,1D,ACTIVO,447JHE ,2,F622,15LM,2017-12-01,2018-02-16,0,0,,W1204232881,SMG,2025-12-20,LIR,69,,,,,,,,,,,,MED
2026-02-01 00:00:00,779240304993,36,DW,01,M,13,365,LARA POOT ALONDRA BEATRIZ     ,1D,ACTIVO,YH616P ,2,F623,21NU,2026-02-01,2026-02-23,1750,328,,W0106207296,SMC,2025-12-28,LIR,61,2026-02-23 15:05:59,3604,L,GAXWM,YH616P ,225,Opt,  ,,,,MED
2026-02-01 00:00:00,780180600391,12,DW,12,A,01,120,AGUIRRE RICARDO TRIANA        ,1D,ACTIVO,82W14F ,2,F62H,11KN,2026-02-01,2025-12-08,37239,341,,W1204261405,SM3,2026-01-20,CDW,38,2026-02-05 07:55:51,1201,M,9NCWU,82W14F ,0,Nor,59,DISPLAY APAGADO,59,S,CCC
2026-02-01 00:00:00,780180801214,20,DW,12,A,05,202,FLORES QUIROZ ANASTACIO RICARD,1D,ACTIVO,718WW9 ,2,F622,13LM,2026-02-01,2025-10-14,56355,1174,,W1204224826,SM2,2025-12-15,SAV,74,2026-02-11 09:22:51,2027,M,9MC6M,718WW9 ,0,Nor,59,DISPLAY APAGADO,59,S,GSC
2026-02-01 00:00:00,780180804418,77,DW,12,A,05,770,PECH KEB LUIS ALFONSO         ,67,ACTIVO,R627BR ,3,KL28,18KE,2026-02-01,2026-02-25,53103,888,,W1204266873,SMH,2026-01-26,12D,32,2026-02-23 10:51:34,7701,L,GABCM,R627BR ,95914,Opt,  ,,,,MED
2026-02-01 00:00:00,780180902487,34,DW,12,A,01,340,SUPER WILLYS SA DE CV         ,02,ACTIVO,4BCT78 ,2,F623,25P2,2021-06-01,2021-06-23,92613,352,,W1204238738,SM2,2025-12-29,SAV,60,,,,,,,,,,,,GSC
2026-02-01 00:00:00,779900700021,21,DW,01,M,02,215,SOSA RINCON MARIO             ,1D,ACTIVO,16D08Y ,2,F62H,10KN,2026-01-01,2026-01-14,64835,1414,,W0106235410,SMG,2026-01-15,01A,43,2026-01-14 12:48:58,2128,L,R9982,16D08Y ,473,Opt,  ,,,,MED
2026-02-01 00:00:00,780190103019,14,DW,12,A,01,141,VAZQUEZ ALCANTARA LORENZO     ,1D,ACTIVO,621DW3 ,3,FD2H,11KV,2026-02-01,2024-08-08,20496,627,,W1204219651,SM2,2025-12-10,SAV,79,2026-02-06 15:18:02,1402,M,GA4GN,621DW3 ,0,Nor,59,DISPLAY APAGADO,59,S,GSC
2026-02-01 00:00:00,780190302071,14,DW,12,A,01,140,RETRO RENT SA DE CV           ,02,ACTIVO,045AB5 ,3,FD2H,11KV,2026-02-01,2025-12-09,21662,407,,W1204257019,SM3,2026-01-16,CDG,42,2026-02-06 08:17:06,1401,M,9BBM1,045AB5 ,0,Nor,53,UI SERV DIRECTO,53,S,CCC
2026-02-01 00:00:00,780190500913,36,DW,12,B,01,363,GUZMAN LOPEZ ROSA             ,1D,ACTIVO,7BDV34 ,2,F623,25P2,2026-02-01,2026-02-23,4872,0,,W1204261114,SM3,2026-01-20,CDX,38,2026-02-23 09:23:36,3603,M,9NCX2,7BDV34 ,9,Opt,31,SERVICIO SIN USO,,,CCC
2026-02-01 00:00:00,780190501529,14,DW,12,A,01,140,MONTERRUBIO RIOS JOSE ANTONIO ,1D,ACTIVO,T763UW ,2,F622,18LM,2026-02-01,2026-02-06,47788,0,,W1204266928,SM3,2026-01-26,WAC,32,2026-02-06 11:03:08,1401,M,9BBM1,T763UW ,0,Opt,31,SERVICIO SIN USO,,,CCC
2026-02-01 00:00:00,780190503173,35,DW,12,A,01,352,HERNANDO NAVA SANDRA OFELIA   ,1D,ACTIVO,MB511H ,2,F623,20NU,2021-07-01,2021-07-23,19321,837,,W1204265431,SMG,2026-01-23,LIR,35,,,,,,,,,,,,MED
2026-02-01 00:00:00,780190503718,14,DW,12,A,01,140,BUSTAMANTE SALGADO RODRIGO    ,1D,ACTIVO,FF131D ,2,F622,19MP,2026-02-01,2025-12-09,14002,318,,W1204259502,SM3,2026-01-19,CDL,39,2026-02-06 09:39:52,1401,M,9BBM1,FF131D ,0,Nor,56,NO HAY MEDIDOR,56,S,CCC
2026-02-01 00:00:00,780190604182,35,DW,12,A,01,352,ARMENDARIZ DEL VALLE OLIVIA   ,1D,ACTIVO,461JJJ ,2,F622,15LM,2026-01-01,2025-11-25,35527,438,,W1204265430,SMC,2026-01-23,LIR,35,2026-01-23 08:21:43,3503,M,GAFHM,461JJJ ,0,Nor,53,UI SERV DIRECTO,53,S,MED
2026-02-01 00:00:00,780190702842,37,DW,12,A,01,372,HERNANDEZ ORDIALES SUSANA     ,1D,ACTIVO,W644KW ,2,F622,19LM,2026-01-01,2026-01-28,22200,66,,W1204270393,SM2,2026-01-28,12D,30,2026-01-26 09:40:06,3703,M,GAFHM,W644KW ,0,Nor,56,NO HAY MEDIDOR,56,S,GSC
2026-02-01 00:00:00,780190702851,37,DW,12,A,01,372,HERNANDEZ ORDIALES SUSANA     ,1D,ACTIVO,W109KW ,2,F622,19LM,2026-01-01,2026-01-28,45482,66,,W1204270395,SM2,2026-01-28,12D,30,2026-01-26 09:40:00,3703,M,GAFHM,W109KW ,0,Nor,56,NO HAY MEDIDOR,56,S,GSC
2026-02-01 00:00:00,780191103055,34,DW,12,A,05,342,ALTAN REDES S A P I  DE C V   ,02,ACTIVO,X646UF ,2,F622,19LM,2026-02-01,2026-02-20,43040,0,,W1204236962,SM2,2025-12-26,SAV,63,2026-02-20 13:58:42,3426,M,GAM5M,X646UF ,0,Nor,59,DISPLAY APAGADO,59,S,GSC
2026-02-01 00:00:00,780191201740,25,DW,12,A,01,252,MARINA GANADORA SA DE CV      ,02,ACTIVO,062AB3 ,3,FD2H,11KV,2026-01-01,2025-09-17,23972,2770,,W1204257283,SMC,2026-01-16,LIR,42,2026-01-16 10:24:03,2503,M,GA4GN,062AB3 ,0,Nor,53,UI SERV DIRECTO,53,S,MED
2026-02-01 00:00:00,780191203165,32,DW,12,A,05,321,AGUERA IBANEZ MARTHA PATRICIA ,1D,ACTIVO,DW548U ,2,F623,198N,2026-02-01,2026-02-19,16930,0,,W1204234888,SMG,2025-12-23,LIR,66,2026-02-19 12:16:41,3226,M,GAFHM,DW548U ,0,Nor,60,MEDID NO TRABAJA,60,S,MED
2026-02-01 00:00:00,780200601241,20,DW,12,A,05,201,VAZQUEZ CARIAS DEBORAH CRISTIN,1D,ACTIVO,EW181C ,2,F622,19LM,2026-02-01,2025-12-12,33322,548,,W1204247014,SM3,2026-01-08,CDL,50,2026-02-11 12:09:21,2051,N,GAD0M,EW181C ,0,Nor,53,UI SERV DIRECTO,53,S,CCC
2026-02-01 00:00:00,780200902250,37,DW,12,A,01,370,MORANDO VIVEROS RUTH C        ,1D,ACTIVO,BF248A ,2,F623,19NV,2026-01-01,2026-01-28,42080,1806,,W1204268499,SM3,2026-01-27,12B,31,2026-01-23 09:53:17,3505,M,GABCM,BF248A ,52225,Opt,  ,,,,CCC
2026-02-01 00:00:00,780201103814,32,DW,12,A,05,321,LAPOINTE CARL                 ,1D,ACTIVO,NK058C ,2,F623,20NU,2026-02-01,2026-02-19,8231,0,,W1204235803,SM2,2025-12-23,12A,66,2026-02-19 10:58:02,3226,M,GAFHM,NK058C ,0,Nor,60,MEDID NO TRABAJA,60,S,GSC
2026-02-01 00:00:00,779960800327,19,DW,01,M,02,193,OLGA CERVANTES SUAREZ         ,1D,ACTIVO,5F57A4 ,3,FD21,03F4,2026-01-01,2020-09-12,25674,0,,W0106230595,SMG,2026-01-13,LIR,45,2026-01-13 08:13:02,1927,L,GAXWM,5F57A4 ,0,Nor,60,MEDID NO TRABAJA,60,S,MED
2026-02-01 00:00:00,780210302307,19,DW,12,A,01,191,LAZO HERNANDEZ SERGIO ADRIAN  ,02,ACTIVO,CHF009 ,3,KL28,22NJ,2026-01-01,2026-01-13,27252,26222,,W1204251990,SMC,2026-01-13,LIR,45,,,,,,,,,,,,MED
2026-02-01 00:00:00,780210401721,16,DW,12,A,01,161,ALIMENTOS E INSUMOS DEL CARIBE,02,ACTIVO,MW383Y ,3,KL28,20KE,2026-02-01,2026-02-09,17456,37006,,W1204220673,SMG,2025-12-11,LIR,78,2026-02-09 15:38:20,1602,M,GA4GN,MW383Y ,37006,Nor,  ,,FR,S,MED
2026-02-01 00:00:00,780210507561,68,DW,12,A,01,683,PLAYA K S A P I DE C V        ,02,ACTIVO,601BJR ,3,FD22,14LR,2026-02-01,2026-02-12,31404,728,,W1204253640,SM3,2026-01-14,WAA,44,2026-02-10 09:14:52,6802,L,9NCX5,601BJR ,0,Nor,53,UI SERV DIRECTO,53,S,CCC
2026-02-01 00:00:00,780040300592,23,DW,12,E,01,230,DISENOS ESPECIALIZADOS GR SACV,1D,ACTIVO,61X9F6 ,2,F62F,09L2,2026-01-01,2025-09-12,75065,915,,W1204257250,SMC,2026-01-16,LIR,42,2026-01-16 08:44:14,2351,R,9NCWL,61X9F6 ,0,Nor,53,UI SERV DIRECTO,53,S,MED
2026-02-01 00:00:00,780220100745,39,DW,12,A,01,391,PLAZA ANDARA SA DE CV         ,1D,ACTIVO,PJ908G ,3,KL28,20KE,2026-01-01,2025-05-28,12884,492,,W1204270527,SM2,2026-01-28,12B,30,2026-01-27 08:16:05,3902,M,9NCWU,PJ908G ,0,Nor,59,DISPLAY APAGADO,59,S,GSC
2026-02-01 00:00:00,780221100277,26,DW,12,A,05,261,ADMS PROPERTIES               ,02,ACTIVO,DTB824 ,2,F623,22NU,2026-02-01,2024-02-16,419,0,,W1204246409,SM3,2026-01-08,WAD,50,2026-02-16 11:03:41,2627,M,GAFHM,DTB824 ,0,Nor,56,NO HAY MEDIDOR,56,S,CCC
2026-02-01 00:00:00,780230103106,27,DW,12,A,01,271,CARRANCO ESTRADA ADRIANA P    ,1D,ACTIVO,G446XK ,3,KL28,17KE,2026-01-01,2025-11-19,14261,391,,W1204260187,SMG,2026-01-19,LIR,39,2026-01-19 15:07:59,2702,M,GA4GN,G446XK ,0,Nor,60,MEDID NO TRABAJA,60,S,MED
2026-02-01 00:00:00,780230203658,34,DW,12,A,05,343,MONTOYA MEX ALEJANDRO         ,1D,ACTIVO,Y814BF ,2,F623,19NU,2026-02-01,2026-02-20,1693,0,,W1204236952,SM2,2025-12-26,SAV,63,2026-02-20 14:01:11,3427,M,GABCM,Y814BF ,0,Nor,60,MEDID NO TRABAJA,60,S,GSC
2026-02-01 00:00:00,780120500487,18,DW,12,A,05,184,COMER PORCICOLA MEX SA DE CV  ,02,ACTIVO,93C5G9 ,2,F621,08KG,2026-02-01,2026-02-10,75762,5518,,W1204224618,SM2,2025-12-15,SAV,74,2026-02-10 11:09:58,1827,M,9NCWU,93C5G9 ,5518,Nor,  ,,,,GSC
2026-02-01 00:00:00,780230604393,69,DW,12,A,01,691,OROZCO SANVICENTE LESSLIE ALAN,02,BAJA,,3,,,2026-02-01,2026-02-21,3689,95649,,W1204250186,SMC,2026-01-12,LIR,46,2026-02-11 11:45:34,6902,L,9BBM1,FY558T ,0,Nor,59,DISPLAY APAGADO,59,S,MED
2026-02-01 00:00:00,780230902246,32,DW,12,A,05,321,PEGUEROS MAGANA RAFAEL        ,1D,ACTIVO,JAX197 ,2,F623,23NU,2026-02-01,2026-02-19,7270,1629,,W1204234889,SMC,2025-12-23,LIR,66,2026-02-19 11:35:32,3226,M,GAFHM,JAX197 ,697,Opt,  ,,,,MED
2026-02-01 00:00:00,780230904010,37,DW,12,A,01,372,RODRIGUEZ FROMETA EULALIA     ,1D,ACTIVO,JCL426 ,2,F623,23NU,2026-01-01,2026-01-26,41312,2372,,W1204270874,SMC,2026-01-28,CDF,30,,,,,,,,,,,,MED
2026-02-01 00:00:00,780240402284,24,DW,12,A,05,241,PRIVADA PALMA REA             ,02,ACTIVO,JFT271 ,2,F623,23NU,2026-02-01,2026-02-13,916,104,,W1204243713,SM3,2026-01-06,CDL,52,2026-02-13 08:04:15,2426,M,GA4GN,JFT271 ,104,Opt,  ,,,,CCC
2026-02-01 00:00:00,780120801967,07,DW,12,C,01,070,ESCOBEDO SANTOYO VICTOR MANUEL,1D,ACTIVO,14H29M ,2,F62H,10KN,2024-09-01,2024-09-02,544,0,,W1204247905,SM3,2026-01-09,WAC,49,,,,,,,,,,,,CCC
2026-02-01 00:00:00,780240900489,77,DW,12,A,05,770,LORENS DEL CARIBE III SA DE CV,67,ACTIVO,GGF479 ,3,VL28,22NJ,2026-02-01,2026-02-23,1053,1360,,W1204265395,SMH,2026-01-23,12A,35,2026-02-23 08:36:34,7701,L,GABCM,GGF479 ,17,Opt,  ,,,,MED
2026-02-01 00:00:00,780241000678,34,DW,12,A,05,342,LAMBERT RANDALL LEE           ,1D,ACTIVO,RBR835 ,2,F623,24NY,2025-02-01,2025-02-20,1567,328,,W1204236058,SMC,2025-12-24,LIR,65,,,,,,,,,,,,MED
2026-02-01 00:00:00,780241000678,34,DW,12,A,05,342,LAMBERT RANDALL LEE           ,1D,ACTIVO,RBR835 ,2,F623,24NY,2025-02-01,2025-02-20,1567,328,,W1204256875,SM3,2026-01-16,CDC,42,,,,,,,,,,,,CCC
2026-02-01 00:00:00,780241103591,37,DW,12,A,01,373,KSMV CAPITAL SAPI DE CV       ,02,ACTIVO,RKB715 ,3,KL28,24NJ,2026-01-01,2025-05-27,1513,3653,,W1204268756,SM2,2026-01-27,12B,31,2026-01-26 12:11:58,3704,M,9NCWU,RKB715 ,27611,Opt,  ,,,,GSC
2026-02-01 00:00:00,780250303098,07,DW,12,C,01,071,BEOND TREATMENT S DE RL DE CV ,02,ACTIVO,RBB839 ,2,F623,24NY,2026-01-01,2026-01-05,3105,125,,W1204230622,SM3,2025-12-18,CDD,71,2026-01-05 13:37:30,0702,L,GAA7N,RBB839 ,125,Opt,  ,,,,CCC
2026-02-01 00:00:00,780250504824,39,DW,12,A,01,391,SOLIS CARRANZA RAMON          ,02,ACTIVO,9AAP78 ,2,F623,25NY,2026-01-01,2025-07-28,0,0,,W1204270532,SM2,2026-01-28,12B,30,2026-01-27 11:05:09,3902,M,9NCWU,9AAP78 ,0,Nor,56,NO HAY MEDIDOR,56,S,GSC
2026-02-01 00:00:00,780250611132,33,DW,12,A,01,332,SAENZ PEREZ LINA VERONICA     ,1D,ACTIVO,4BCR12 ,2,F623,25P2,2025-11-01,2025-11-24,0,0,,W1204267076,SM2,2026-01-26,12D,32,2025-11-24 09:56:21,3303,M,GAD0M,4BCR12 ,0,Opt,31,SERVICIO SIN USO,,,GSC
2026-02-01 00:00:00,780250704327,33,DW,12,B,01,331,VILLALOBOS HERNANDEZ MANUEL AL,02,ACTIVO,PY681F ,3,KL28,21KE,2026-01-01,2025-11-24,6919,3459,,W1204266654,SM2,2026-01-26,12B,32,2026-01-22 07:49:10,3304,L,GATKM,PY681F ,0,Nor,59,DISPLAY APAGADO,59,S,GSC
2026-02-01 00:00:00,780250800474,27,DW,12,C,01,272,MENDOZA FERNANDEZ JESSICA     ,1D,ACTIVO,7DVU89 ,2,F623,25NY,2026-01-01,2026-01-19,1660,535,,W1204207640,SMC,2025-12-01,WAD,88,2026-01-19 11:21:39,2703,L,GAA7N,7DVU89 ,535,Opt,  ,,,,MED
2026-02-01 00:00:00,780250805379,33,DW,12,B,01,330,COLLAZO GOMEZ DOMINGO         ,1D,CORTADO,LV597W ,2,F623,20NU,2026-01-01,2026-01-22,10,10,,W1204262644,SM3,2026-01-21,WAA,37,,,,,,,,,,,,CCC
2026-02-01 00:00:00,780790300012,23,DW,12,A,01,230,ARROYO MARROQUIN ROMARICO DANI,1D,CORTADO,XE578P ,2,F123,21NT,2026-01-01,2025-11-14,13627,572,,W1204255449,SMG,2026-01-15,LIR,43,2026-01-15 10:40:11,2301,M,GAD0M,XE579P ,0,Nor,60,MEDID NO TRABAJA,60,S,MED
2026-02-01 00:00:00,780791100157,13,DW,12,A,01,130,ELSY VAZQUEZ ASCENCIO         ,1D,CORTADO,201DLX ,2,F622,15LM,2026-01-01,2025-11-07,16459,130,,W1204211946,SM3,2025-12-04,CDB,85,2026-01-08 07:08:09,1301,M,9NCWU,201DLX ,0,Nor,53,UI SERV DIRECTO,53,S,CCC
2026-02-01 00:00:00,780831001491,28,DW,12,A,01,282,ALEJANDRO HERMENEGILDO R      ,1D,ACTIVO,6AAW26 ,2,F623,25NY,2025-06-01,2025-06-19,7051,593,,W1204233881,SM3,2025-12-22,WAA,67,,,,,,,,,,,,CCC
2026-02-01 00:00:00,780840700157,09,DW,12,A,01,091,ESPADAS SABIDO SILVIA LORENA  ,1D,ACTIVO,M387RH ,2,F622,17LM,2026-01-01,2026-01-06,42966,1338,,W1204253602,SM2,2026-01-14,WAC,44,,,,,,,,,,,,GSC
2026-02-01 00:00:00,780130500230,29,DW,12,A,01,294,ARMINA WOLPERT                ,1D,ACTIVO,646DW7 ,3,FD2H,11KV,2026-01-01,2025-09-19,80530,1471,,W1204262805,SM2,2026-01-21,12B,37,2026-01-20 07:59:04,2904,M,9NCX5,646DW7 ,0,Nor,59,DISPLAY APAGADO,59,S,GSC
2026-02-01 00:00:00,780860900560,33,DW,12,B,01,330,MANUEL POLANCO MARTIN         ,02,SUJETO A CORTE,046AB7 ,3,FD2H,11KV,2026-01-01,2025-11-24,16573,36,,W1204210672,SM3,2025-12-03,CDW,86,2026-01-22 08:48:55,3303,M,9NCX2,046AB7 ,0,Nor,53,UI SERV DIRECTO,53,S,CCC
2026-02-01 00:00:00,780130801345,35,DW,12,A,01,354,GOMEZ DELGADILLO GLORIA MARGAR,1D,ACTIVO,2T243C ,2,F621,06F3,2026-01-01,2026-01-23,47164,1853,,W1204265426,SMG,2026-01-23,LIR,35,,,,,,,,,,,,MED
2026-02-01 00:00:00,780900800199,17,DW,12,A,01,170,ALFREDO CASTELLANOS S         ,1D,CORTADO,430MDY ,2,F62J,15MT,2026-01-01,2025-11-12,38950,530,,W1204253507,SM2,2026-01-14,12C,44,2026-01-13 13:42:02,1751,N,GAD0M,430MDY ,90443,Nor,  ,,FR,S,GSC
2026-02-01 00:00:00,780130903121,29,DW,12,A,01,291,DE LA FLOR RAMOS AZUCENA      ,1D,ACTIVO,67X2C4 ,3,FD2H,09KV,2026-01-01,2025-09-19,2568,572,,W1204215815,SM3,2025-12-08,WAA,81,2026-01-20 07:52:39,2951,N,GAFHM,67X2C4 ,0,Nor,60,MEDID NO TRABAJA,60,S,CCC
2026-02-01 00:00:00,780910600511,09,DW,12,A,01,091,MA ANTONIA VALADEZ DE R       ,02,ACTIVO,RKC011 ,3,KL28,24NJ,2026-01-01,2026-01-06,850,0,,W1204244453,SMC,2026-01-07,LIR,51,2026-01-06 08:01:18,0902,M,9P180,RKC011 ,0,Nor,32,UI DERIVACION,32,S,MED
2026-02-01 00:00:00,780910800103,17,DW,12,A,01,170,GUILLERMO HERNADEZ S          ,1D,ACTIVO,978MDX ,2,F62J,15MT,2026-01-01,2026-01-14,29514,114,,W1204251304,SM2,2026-01-13,12B,45,2026-01-12 12:14:32,1701,M,GAD0M,978MDX ,96514,Nor,  ,,FR,S,GSC
2026-02-01 00:00:00,780150302931,30,DW,12,A,01,301,NAVARRETE GONZALEZ DIEGO ALEJA,1D,CORTADO,JBY016 ,2,F623,23NU,2016-08-01,2016-09-15,0,0,,W1204242604,S05,2026-01-05,WAA,53,,,,,,,,,,,,CCC
2026-02-01 00:00:00,780940900943,65,DW,12,A,01,650,MUNICIPIO DE BENITO JUAREZ    ,5A,ACTIVO,212GJ0 ,2,F622,12LJ,2024-07-01,2024-07-04,7224,0,,W1204246254,SMC,2026-01-08,LIR,50,2024-07-04 08:17:51,6402,L,9BBM1,JCN214 ,0,Nor,53,UI SERV DIRECTO,,,MED
2026-02-01 00:00:00,780970301564,04,DW,12,A,01,040,LEONARDO MUNOZ GALICIA        ,02,ACTIVO,83U9H1 ,2,F62H,09KN,2026-02-01,2026-01-29,15641,2458,,W1204210297,SMG,2025-12-03,LIR,86,2026-01-29 09:55:35,0401,M,9NCX5,83U9H1 ,1190,Opt,  ,,,,MED
2026-02-01 00:00:00,780971002285,34,DW,12,A,01,340,REG 77                        ,1C,BAJA,,1,,,2014-08-01,2014-08-26,3227,0,,W1204243915,SMC,2026-01-06,WAA,52,,,,,,,,,,,,MED
2026-02-01 00:00:00,780971100201,65,DW,12,A,01,650,MUNICIPIO DE BENITO JUAREZ    ,5A,ACTIVO,YU076F ,2,F62X,21NU,2026-02-01,2026-02-16,0,0,,W1204246252,SMC,2026-01-08,LIR,50,2026-02-05 07:05:14,6501,L,9NCX5,RMF190 ,0,Nor,53,UI SERV DIRECTO,53,S,MED
2026-02-01 00:00:00,780980102675,32,DW,12,A,01,320,JORGE LARA BAIZABAL           ,1D,ACTIVO,0C382A ,2,F621,04F3,2026-02-01,2026-02-19,51002,0,,W1204235720,SM2,2025-12-23,12A,66,2026-02-19 13:48:06,3201,M,GAM5M,0C382A ,0,Nor,31,SERVICIO SIN USO,,,GSC
2026-02-01 00:00:00,779220800145,17,DW,01,M,02,176,VOLUNTARIAS VICENTINAS DE YUCA,1D,CORTADO,FF041D ,2,F622,19MP,2026-01-01,2025-11-11,9611,512,,W0106228217,SMC,2026-01-12,LIR,46,2026-01-12 11:05:38,1728,L,R9703,FF041D ,0,Nor,53,UI SERV DIRECTO,53,S,MED
2026-02-01 00:00:00,779230602414,24,DW,01,M,09,242,ESTRADA LORENZANA ANA MARIA   ,1D,ACTIVO,UL108J ,2,F623,21NY,2026-02-01,2026-02-13,2026,151,,W0106197379,SM9,2025-12-18,CDU,71,2026-02-13 12:18:53,2429,L,R9703,UL108J ,151,Opt,  ,,,,SSB
2026-02-01 00:00:00,780981200603,24,DW,12,B,01,242,ANGEL PALMA                   ,1D,ACTIVO,P496JR ,2,F623,18NN,2026-02-01,2025-12-16,33406,843,,W1204270377,SM3,2026-01-28,CDB,30,2026-02-13 09:02:46,2402,L,GAA7N,P496JR ,0,Nor,53,UI SERV DIRECTO,53,S,CCC
2026-02-01 00:00:00,780990103416,34,DW,12,B,01,340,MA ISABEL EK H                ,1D,ACTIVO,5BCY07 ,2,F623,25P2,2026-02-01,2026-02-20,0,0,,W1204270715,SM3,2026-01-28,CDX,30,2026-02-20 11:28:33,3401,M,9NCX2,5BCY07 ,0,Nor,53,UI SERV DIRECTO,53,S,CCC
2026-02-01 00:00:00,779230800461,21,DW,01,J,16,211,CHI CHI JOSE EDWIN LIZANDRO   ,1D,ACTIVO,FKD764 ,1,F123,22NX,2026-01-01,2025-11-13,2983,119,,W0106233417,SMC,2026-01-14,LIR,44,2026-01-14 12:39:32,2126,L,9NCYF,FKD764 ,0,Nor,53,UI SERV DIRECTO,53,S,MED
2026-02-01 00:00:00,780180503159,27,DW,12,A,01,273,COCOM DZIB ARTEMIO            ,1D,ACTIVO,J724PL ,2,F622,17LM,2026-01-01,2025-11-19,332,5,,W1204261412,SM2,2026-01-20,12B,38,2026-01-19 08:39:37,2704,M,9NCWU,J724PL ,0,Opt,60,MEDID NO TRABAJA,60,S,GSC
2026-02-01 00:00:00,781020301271,18,DW,12,B,01,220,DZIB CANO LUIS ALFREDO        ,1D,ACTIVO,J782PK ,2,F622,17LM,2026-02-01,2025-10-10,5994,130,,W1204264033,SM3,2026-01-22,CDP,36,2026-02-10 11:59:11,1801,M,9NCX2,J782PK ,0,Nor,59,DISPLAY APAGADO,59,S,CCC
2026-02-01 00:00:00,781020804655,23,DW,12,B,01,024,DZUL DZIB PEDRO ANTONIO       ,1D,ACTIVO,2DVB63 ,2,F623,25NY,2025-09-01,2025-09-12,52272,925,,W1204233097,SM3,2025-12-21,CDL,68,,,,,,,,,,,,CCC
2026-02-01 00:00:00,781021000282,33,DW,12,A,01,330,MENA DIAZ JULIO ANTONIO       ,1D,ACTIVO,2V31X5 ,2,F621,04F3,2026-01-01,2025-11-24,35574,7,,W1204264304,SMG,2026-01-22,LIR,36,2026-01-22 11:14:51,3301,M,9MC6M,2V31X5 ,0,Nor,60,MEDID NO TRABAJA,60,S,MED
2026-02-01 00:00:00,781021000541,33,DW,12,A,01,330,ESPINOSA RUBI MARIA DEL CARMEN,1D,ACTIVO,8W8W52 ,2,F621,02F3,2026-01-01,2026-01-22,29746,1295,,W1204222934,SM3,2025-12-12,WAC,77,2026-01-22 11:16:40,3301,M,9MC6M,8W8W52 ,1295,Nor,  ,,,,CCC
2026-02-01 00:00:00,780181001319,32,DW,12,A,05,321,SANDOVAL CERON CARLOS DAVID   ,1D,ACTIVO,R347HV ,2,F622,18LM,2026-02-01,2026-02-19,9822,259,,W1204234891,SMC,2025-12-23,LIR,66,2026-02-19 14:08:57,3226,M,GAFHM,R347HV ,259,Opt,  ,,,,MED
2026-02-01 00:00:00,781041102154,38,DW,12,C,01,381,HERNANDEZ PARRA JAVIER        ,1D,ACTIVO,3X69L9 ,2,F421,04GH,2026-02-01,2026-02-24,55446,3339,,W1204224650,SM3,2025-12-15,CDK,74,2026-02-24 10:56:40,3802,M,GAKFM,3X69L9 ,3339,Nor,41,CRISTAL ROTO,41,S,CCC
2026-02-01 00:00:00,781050300767,38,DW,12,C,01,381,JUAN MANCILLA VILLEGAS        ,1D,ACTIVO,65E21N ,2,F62H,10KN,2026-02-01,2026-02-24,55390,748,,W1204237188,SMG,2025-12-26,LIR,63,2026-02-24 10:34:41,3802,M,GAKFM,65E21N ,748,Opt,  ,,,,MED
2026-02-01 00:00:00,780201200976,05,DW,12,A,01,050,INMOBILIARIA ESH SA DE CV     ,02,CORTADO,G460XK ,3,KL28,17KE,2023-03-01,2023-03-02,568,492,,W1204242249,SM2,2026-01-05,12A,53,,,,,,,,,,,,GSC
2026-02-01 00:00:00,780210904161,19,DW,12,A,01,192,TORRES PINO MIGUEL ANGEL      ,02,ACTIVO,MX902A ,3,KL28,20KE,2022-01-01,2022-01-12,576,576,,W1204251983,SMC,2026-01-13,LIR,45,,,,,,,,,,,,MED
2026-02-01 00:00:00,780230603087,34,DW,12,A,05,343,QUINTAL LOPEZ LOURDES DE ASIA ,1D,CORTADO,WND125 ,2,F623,24P2,2026-02-01,2026-02-20,11589,2500,,W1204236059,SMC,2025-12-24,LIR,65,2026-02-20 12:07:17,3427,M,GABCM,WND125 ,2500,Opt,  ,,,,MED
2026-02-01 00:00:00,780240700323,13,DW,12,A,01,130,SANCHEZ GARCINI LEONARDO      ,1D,CORTADO,8AXP84 ,2,F623,25P2,2026-01-01,2025-11-07,3011,211,,W1204242813,SM3,2026-01-05,CDJ,53,2026-01-08 07:28:42,1301,M,9NCWU,J195DR ,0,Nor,60,MEDID NO TRABAJA,60,S,CCC
2026-02-01 00:00:00,780860200142,11,DW,12,A,01,111,PINTO AGUILAR GUILLERMO ALBERT,1D,ACTIVO,1DWD40 ,2,F623,25NY,2025-09-01,2025-09-04,67489,588,,W1204259571,SM3,2026-01-19,CDX,39,,,,,,,,,,,,CCC
2026-02-01 00:00:00,780890800284,09,DW,12,A,01,091,HERNANDEZ BUSTOS ELEUTERIO    ,02,ACTIVO,YH513J ,2,F623,21NU,2026-01-01,2026-01-06,46181,3811,,W1204264157,SM3,2026-01-22,CDL,36,2026-01-06 11:24:40,0902,M,9P180,YH513J ,2149,Opt,  ,,,,CCC
2026-02-01 00:00:00,781060807541,22,DW,12,C,01,222,MARRUFO ROSADO LUIS ALFONSO   ,1D,ACTIVO,06M0M8 ,2,F62H,09KN,2026-02-01,2026-02-12,23571,523,,W1204226335,SMG,2025-12-16,LIR,73,2026-02-12 08:37:28,2203,M,9P14L,06M0M8 ,523,Opt,  ,,,,MED
2026-02-01 00:00:00,781060901670,06,DW,12,B,01,065,FALCON AGUILAR WILFRIDO       ,1D,ACTIVO,07E04E ,2,F62H,10KN,2026-02-01,2026-01-30,8559,9,,W1204211699,SMG,2025-12-04,LIR,85,2026-01-30 10:58:54,0602,L,GATKM,07E04E ,9,Opt,31,SERVICIO SIN USO,,,MED
2026-02-01 00:00:00,780900901122,35,DW,12,A,01,351,JOSE A CITUC CHAY             ,02,BAJA,,2,,,2026-02-01,2026-02-18,31728,0,,W1204265705,SMC,2026-01-23,LIR,35,,,,,,,,,,,,MED
2026-02-01 00:00:00,780940201166,23,DW,12,A,01,230,HUMBERTO REYES SOSA           ,02,CORTADO,870MDT ,2,F62J,15MT,2026-01-01,2025-11-14,40026,1,,W1204255448,SMC,2026-01-15,LIR,43,2026-01-15 10:16:56,2301,M,GAD0M,870MDT ,0,Nor,53,UI SERV DIRECTO,53,S,MED
2026-02-01 00:00:00,781071203168,03,DW,12,B,01,031,SANTOS CORTES AYDETH          ,1D,ACTIVO,95PL54 ,2,F621,07F3,2026-01-01,2025-12-30,88944,601,,W1204257324,SM3,2026-01-16,WAB,42,2025-12-30 11:43:00,0301,M,GAX2M,95PL54 ,1622,Nor,  ,,,,CCC
2026-02-01 00:00:00,780171001108,25,DW,12,A,01,251,MONTOYA RODRIGUEZ SARAI       ,1D,ACTIVO,8DVB18 ,2,F623,25NY,2025-09-01,2025-09-17,31284,1194,,W1204211808,SM3,2025-12-04,WAA,85,,,,,,,,,,,,CCC
2026-02-01 00:00:00,781080501678,34,DW,12,C,01,345,GONZALEZ SEVERIANO JOSE R  C  ,1D,ACTIVO,08M3M4 ,2,F62H,09KN,2008-04-01,2008-05-14,0,0,,W1204236429,SMG,2025-12-26,LIR,63,,,,,,,,,,,,MED
2026-02-01 00:00:00,781080505070,32,DW,12,C,01,324,FELIX SAMUDIO ASUNCION        ,1D,ACTIVO,39D0C6 ,2,F421,08KF,2026-02-01,2026-02-19,37165,0,,W1204234303,SMC,2025-12-22,LIR,67,2026-02-19 07:29:41,3203,M,9P120,39D0C6 ,0,Nor,60,MEDID NO TRABAJA,60,S,MED
2026-02-01 00:00:00,781080801361,04,DW,12,B,01,044,SANCHEZ ALCOCER DRISDEL       ,1D,ACTIVO,KKW872 ,2,F623,23NU,2026-02-01,2025-12-02,3977,362,,W1204273094,SM2,2026-01-30,12B,28,2026-01-29 10:02:56,0401,L,GATKM,KKW872 ,0,Nor,59,DISPLAY APAGADO,59,S,GSC
2026-02-01 00:00:00,781021004202,27,DW,12,B,01,028,GALVEZ ROMAN RAMIRO           ,1D,ACTIVO,MB147J ,2,F623,20NU,2021-09-01,2021-09-20,27121,402,,W1204213165,SM3,2025-12-05,CDU,84,,,,,,,,,,,,CCC
2026-02-01 00:00:00,781090702281,12,DW,12,B,01,121,DURAN CARRILLO LIGIA DEL R    ,1D,ACTIVO,23D7A4 ,2,F621,08KF,2026-02-01,2026-02-05,80749,682,,W1204234186,SMC,2025-12-22,WAC,67,2026-02-05 08:01:49,1202,M,GATKM,23D7A4 ,682,Nor,  ,,,,MED
2026-02-01 00:00:00,781091002975,30,DW,12,B,01,304,PECH DZUL ISAI ZURISADAI      ,1D,ACTIVO,DW846E ,2,F623,19NU,2026-02-01,2026-02-18,17314,127,,W1204232876,SMC,2025-12-20,LIR,69,,,,,,,,,,,,MED
2026-02-01 00:00:00,781091201340,33,DW,12,B,01,034,JIMENEZ TORRES JUAN CARLOS    ,1D,ACTIVO,YV590M ,2,F622,21LM,2026-01-01,2025-05-23,12005,0,,W1204264395,SMC,2026-01-22,LIR,36,2026-01-22 08:43:51,3302,M,GAX2M,YV590M ,0,Nor,65,UI MED INVERTIDO,65,S,MED
2026-02-01 00:00:00,781050500618,29,DW,12,B,01,290,CRUZ MENDEZ JESUS             ,1D,ACTIVO,0C230A ,2,F621,04F3,2026-01-01,2026-01-20,24655,1481,,W1204272518,SMC,2026-01-29,CDL,29,2026-01-20 09:15:21,2901,M,GAX2M,0C230A ,1481,Nor,  ,,FR,S,MED
2026-02-01 00:00:00,781050700587,24,DW,12,C,01,244,ORBELIN MORALES LAZARO        ,1D,ACTIVO,11M4M0 ,2,F62H,09KN,2005-08-01,2005-07-05,0,0,,W1204230672,SM2,2025-12-18,MED,71,,,,,,,,,,,,GSC
2026-02-01 00:00:00,781100605092,14,DW,12,C,01,145,HUCHIM CARVAJAL VIRGINIA      ,1D,ACTIVO,181EBV ,2,F622,15LM,2022-10-01,2022-10-07,17213,50,,W1204219709,SM2,2025-12-10,MED,79,,,,,,,,,,,,GSC
2026-02-01 00:00:00,781101100971,14,DW,12,C,01,146,SOSA GOROCICA JOSE RIGOBERTO  ,1D,ACTIVO,300B7N ,2,F622,13LM,2010-10-01,2010-11-20,1,0,,W1204224899,SM3,2025-12-15,W61,74,,,,,,,,,,,,CCC
2026-02-01 00:00:00,781110505401,16,DW,12,C,01,162,TEJEDA GARCIA MARIO ALBERTO   ,1D,ACTIVO,6T464Y ,2,F621,06F3,2026-02-01,2025-10-09,11375,0,,W1204244099,SM3,2026-01-06,CDB,52,2026-02-09 08:16:33,1603,L,GAALN,6T464Y ,0,Nor,53,UI SERV DIRECTO,53,S,CCC
2026-02-01 00:00:00,781120200269,21,DW,12,B,01,022,BARRERA KEMMLER HILDA BARRERA ,1D,ACTIVO,14N21N ,2,F62H,10KN,2026-01-01,2026-01-14,56584,1295,,W1204245256,SM3,2026-01-07,CDC,51,,,,,,,,,,,,CCC
2026-02-01 00:00:00,781120200480,21,DW,12,B,01,022,CHI Y CHI FRANCISCO           ,1D,ACTIVO,DBR128 ,2,F623,22NU,2026-01-01,2026-01-14,4741,78,,W1204262624,SM3,2026-01-21,WAB,37,,,,,,,,,,,,CCC
2026-02-01 00:00:00,781120201770,67,DW,12,B,01,620,MUNICIPIO DE BENITO JUAREZ    ,5A,ACTIVO,BE950R ,3,F623,19NV,2026-02-01,2026-02-09,23703,355,,W1204251440,SM2,2026-01-13,12D,45,2026-02-09 10:32:28,6701,L,9NCWM,BE950R ,0,Nor,53,UI SERV DIRECTO,53,S,GSC
2026-02-01 00:00:00,781120501382,26,DW,12,B,01,264,CAAMAL CAAMAL JACOBO ALEJANDRO,1D,ACTIVO,0M595R ,2,F621,05F3,2026-02-01,2026-02-16,47020,134,,W1204231052,SM2,2025-12-18,SAV,71,2026-02-16 09:57:01,2603,M,GATKM,0M595R ,134,Nor,  ,,FR,S,GSC
2026-02-01 00:00:00,781121004765,32,DW,12,C,01,324,PEREZ GIL ANGEL EDUARDO       ,1D,ACTIVO,534JV4 ,2,F622,12LJ,2026-02-01,2026-02-19,45560,418,,W1204207990,SM3,2025-12-01,WAB,88,2026-02-19 10:04:38,3203,M,9P120,534JV4 ,418,Opt,  ,,,,CCC
2026-02-01 00:00:00,781121103119,22,DW,12,C,01,221,LARA HERNANDEZ MIGUEL A       ,1D,ACTIVO,417JV5 ,2,F622,12LJ,2026-02-01,2026-02-12,24370,1491,,W1204226316,SMG,2025-12-16,LIR,73,2026-02-12 08:02:12,2202,M,9NCWY,417JV5 ,1491,Opt,  ,,,,MED
2026-02-01 00:00:00,781130201581,36,DW,12,B,01,362,MEDINA ALARCON BEATRIZ ADRIANA,1D,ACTIVO,621MW3 ,2,F622,12LJ,2026-02-01,2026-02-23,27913,0,,W1204237921,SMC,2025-12-29,LIR,60,2026-02-23 11:40:36,3602,L,9MCB5,621MW3 ,0,Nor,53,UI SERV DIRECTO,53,S,MED
2026-02-01 00:00:00,781130201824,36,DW,12,B,01,362,BALAM CIAU LUIS JOSE          ,1D,ACTIVO,P885HH ,2,F623,18NN,2026-02-01,2026-02-23,14128,593,,W1204237918,SMC,2025-12-29,LIR,60,2026-02-23 09:35:46,3602,L,9MCB5,P885HH ,593,Opt,  ,,,,MED
2026-02-01 00:00:00,781130301942,18,DW,12,B,01,224,CALDERON RODRIGUEZ FLOR A     ,1D,SUJETO A CORTE,Y845LM ,2,F623,19NU,2026-02-01,2025-12-11,51717,1949,,W1204239657,SM3,2025-12-30,WAB,59,2026-02-10 08:49:29,1802,M,GATKM,Y845LM ,0,Nor,53,UI SERV DIRECTO,53,S,CCC
2026-02-01 00:00:00,781131103079,18,DW,12,B,01,224,KU DZUL MARTHA MARLENE        ,1D,ACTIVO,936T8H ,2,F622,14LM,2026-02-01,2026-02-10,53449,488,,W1204224907,SM3,2025-12-15,WAB,74,2026-02-10 10:02:59,1802,M,GATKM,936T8H ,488,Opt,  ,,,,CCC
2026-02-01 00:00:00,781141101929,11,DW,12,B,01,112,ULLOA HERNANDEZ JUANA         ,1D,ACTIVO,7ATU61 ,2,F623,25P2,2026-01-01,2026-01-07,21769,349,,W1204261163,SM3,2026-01-20,WAB,38,,,,,,,,,,,,CCC
2026-02-01 00:00:00,781150201588,35,DW,12,B,01,035,LANDEROS PALMA LETICIA DEL CAR,1D,ACTIVO,487N9D ,2,F622,14LM,2026-01-01,2025-11-25,13438,1,,W1204266926,SM2,2026-01-26,12B,32,2026-01-24 10:35:34,3551,R,9P17V,487N9D ,99761,Opt,  ,,,,GSC
2026-02-01 00:00:00,781150300187,10,DW,12,B,01,101,CARMONA MARTINEZ ROSALBA      ,1D,ACTIVO,8AXG71 ,2,F623,25P2,2026-02-01,2026-02-04,217,216,,W1204246231,SM3,2026-01-08,WAB,50,2026-02-04 12:01:01,1002,M,9NCWM,8AXG71 ,216,Opt,  ,,,,CCC
2026-02-01 00:00:00,781150300721,09,DW,12,B,03,093,DE LA CRUZ BROQUE EREODITA    ,1D,ACTIVO,37T82D ,2,F62H,10KN,2026-01-01,2025-11-05,19438,211,,W1204245320,SM2,2026-01-07,WAB,51,2026-01-06 08:58:49,0926,M,GATKM,37T82D ,0,Nor,53,UI SERV DIRECTO,53,S,GSC
2026-02-01 00:00:00,781150401536,16,DW,12,C,01,162,MEDINA CAB FRANCISCO JAVIER   ,1D,ACTIVO,032X8U ,2,F622,14LM,2026-02-01,2025-06-10,40707,490,,W1204221644,SM2,2025-12-11,SAV,78,2026-02-09 11:02:56,1603,L,GAALN,032X8U ,0,Nor,59,DISPLAY APAGADO,59,S,GSC
2026-02-01 00:00:00,781160300495,16,DW,12,B,01,160,CENTRO DE SOLUCIONES GSM SA CV,02,ACTIVO,993JLC ,2,F622,15LM,2026-02-01,2025-12-10,4514,61,,W1204246795,SM3,2026-01-08,CDK,50,2026-02-09 09:04:52,1601,L,9ND1X,993JLC ,0,Nor,56,NO HAY MEDIDOR,56,S,CCC
2026-02-01 00:00:00,781160400929,38,DW,12,B,01,381,UC BACAB MANUEL JESUS         ,1D,ACTIVO,056JKB ,2,F622,15LM,2026-02-01,2026-02-24,8855,278,,W1204237942,SMC,2025-12-29,LIR,60,2026-02-24 07:22:41,3801,M,9NCX2,056JKB ,111,Opt,  ,,,,MED
2026-02-01 00:00:00,781160701066,29,DW,12,B,01,290,MOO   JESUS GABRIEL           ,1D,ACTIVO,J433PF ,2,F622,17LM,2023-01-01,2023-01-23,6324,0,,W1204213725,SM2,2025-12-05,CDB,84,,,,,,,,,,,,GSC
2026-02-01 00:00:00,781050701133,24,DW,12,C,01,244,FLORES GUINTO FABIOLA         ,1D,ACTIVO,EM486F ,2,F623,19NU,2026-02-01,2026-02-13,18374,303,,W1204272537,SM3,2026-01-29,CDU,29,2026-02-13 10:40:23,2403,L,GAKFM,EM486F ,303,Opt,  ,,,,CCC
2026-02-01 00:00:00,781161101640,36,DW,12,B,01,362,BALAM POOL AURORA             ,1D,ACTIVO,558PJD ,2,F622,16LM,2026-02-01,2026-02-23,24499,0,,W1204237917,SMG,2025-12-29,LIR,60,2026-02-23 08:33:09,3602,L,9MCB5,558PJD ,0,Nor,60,MEDID NO TRABAJA,60,S,MED
2026-02-01 00:00:00,781170100168,36,DW,12,B,03,360,MORENO DIAZ MARIO E           ,1D,ACTIVO,216WYG ,2,F622,16LM,2026-02-01,2026-02-23,12662,0,,W1204237937,SMG,2025-12-29,LIR,60,2026-02-23 09:24:54,3626,M,9ND1X,216WYG ,0,Nor,59,DISPLAY APAGADO,59,S,MED
2026-02-01 00:00:00,781170101377,38,DW,12,B,01,381,HERNANDEZ MARIA DEL CARMEN    ,1D,ACTIVO,RBP922 ,2,F623,24NY,2026-02-01,2026-02-24,6502,677,,W1204237949,SMC,2025-12-29,LIR,60,2026-02-24 13:35:31,3801,M,9MCB5,RBP922 ,0,Nor,5X,RUTA INCOMPLETA,,,MED
2026-02-01 00:00:00,781050701630,24,DW,12,C,01,244,ARELLANO LANDERO FILEMON      ,1D,ACTIVO,0AUR74 ,2,F623,25P2,2023-10-01,2023-10-16,27074,58,,W1204263972,SM3,2026-01-22,WAC,36,,,,,,,,,,,,CCC
2026-02-01 00:00:00,781190600591,36,DW,12,B,01,363,PULIDO HERNANDEZ DULCE ICELA  ,1D,ACTIVO,YC584A ,2,F623,21NU,2026-02-01,2026-02-23,17525,674,,W1204245171,SM3,2026-01-07,CDU,51,2026-02-23 08:27:07,3603,M,9NCX2,YC584A ,674,Opt,  ,,,,CCC
2026-02-01 00:00:00,781190602216,25,DW,12,B,01,025,DIAZ CHABLE CARLOS            ,1D,ACTIVO,251RJ6 ,2,F622,12LJ,2026-01-01,2026-01-16,10263,37,,W1204209011,SM3,2025-12-02,WAB,87,2026-01-16 10:02:45,2501,L,GATKM,251RJ6 ,37,Opt,  ,,,,CCC
2026-02-01 00:00:00,781190900144,36,DW,12,B,01,363,GONZALEZ COLLAZO JOSE GUADALUP,1D,ACTIVO,Y068BJ ,2,F623,19NU,2026-02-01,2026-02-23,16375,1058,,W1204237924,SMC,2025-12-29,LIR,60,2026-02-23 08:05:32,3603,M,9NCX2,Y068BJ ,585,Opt,  ,,,,MED
2026-02-01 00:00:00,781200200677,11,DW,12,B,01,110,FORBEZ ROSALES ROBERTO        ,1D,ACTIVO,41V76N ,2,F62H,11KN,2026-01-01,2025-09-04,38953,968,,W1204271882,SM2,2026-01-29,WAB,29,2026-01-07 09:07:21,1101,M,GAX2M,41V76N ,0,Nor,60,MEDID NO TRABAJA,60,S,GSC
2026-02-01 00:00:00,781210401123,05,DW,12,B,03,052,GOMEZ DUENEZ DANIEL AGUSTIN   ,1D,ACTIVO,NK537W ,2,F623,20NU,2026-01-01,2025-08-29,32535,1200,,W1204246757,SM3,2026-01-08,CDB,50,2026-01-03 09:25:41,0551,R,9P17V,NK537W ,0,Nor,53,UI SERV DIRECTO,53,S,CCC
2026-02-01 00:00:00,781210403037,36,DW,12,B,03,360,POOL DZUL SANTOS OCTAVIANO    ,1D,ACTIVO,NT893C ,2,F623,20NU,2026-02-01,2026-02-25,33095,545,,W1204249599,SM3,2026-01-12,WAB,46,2026-02-23 14:18:09,3626,M,9ND1X,NT893C ,17770,Opt,  ,,,,CCC
2026-02-01 00:00:00,781060203425,37,DW,12,B,01,037,CARDENAS OLIVERA KARLA MERCED ,1D,ACTIVO,97E26M ,2,F62H,10KN,2026-01-01,2025-09-26,42983,446,,W1204211663,SM2,2025-12-04,WAB,85,2026-01-26 10:15:40,3701,M,GAX2M,97E26M ,0,Nor,60,MEDID NO TRABAJA,60,S,GSC
2026-02-01 00:00:00,781230200213,38,DW,12,B,01,381,GONZALEZ VAZQUEZ GEMIMA       ,1D,ACTIVO,RCL615 ,2,F623,24NY,2025-12-01,2025-10-27,2710,934,,W1204239090,SMC,2025-12-30,LIR,59,2025-12-29 14:49:32,4026,M,GATKM,RCL615 ,0,Nor,53,UI SERV DIRECTO,53,S,MED
2026-02-01 00:00:00,781060506924,37,DW,12,B,01,038,CADU INMOBILIARIA SA DE CV    ,1D,ACTIVO,A458JY ,2,F622,16LM,2006-05-01,2006-05-01,0,0,,W1204267409,SMG,2026-01-26,LIR,32,,,,,,,,,,,,MED
2026-02-01 00:00:00,781231100689,37,DW,12,A,01,370,HERNANDEZ HERNANDEZ FRANCISCA ,1D,ACTIVO,4DVL46 ,2,F623,25NY,2026-02-01,2026-02-25,8988,8987,,W1204239859,SMC,2025-12-30,SAV,59,,,,,,,,,,,,MED
2026-02-01 00:00:00,781240101302,38,DW,12,B,01,381,VALLEJOS MENDEZ KAREN LUCELLY ,1D,ACTIVO,KKK784 ,2,F623,23NU,2026-02-01,2026-02-24,2475,176,,W1204237941,SMG,2025-12-29,LIR,60,2026-02-24 07:12:13,3801,M,9NCX2,KKK784 ,176,Opt,  ,,,,MED
2026-02-01 00:00:00,780980202246,08,DW,12,A,01,082,MACHADO DE LA PAZ MARIA ESTELA,1D,ACTIVO,264VBF ,1,F122,16LN,2026-02-01,2026-02-03,24465,581,,W1204227122,SM2,2025-12-16,12A,73,2026-02-03 07:28:14,0803,M,GAFHM,264VBF ,581,Opt,  ,,,,GSC
2026-02-01 00:00:00,781250301661,36,DW,12,B,03,360,GARCIA ANDRADE MARIA ERNESTINA,02,ACTIVO,RKC368 ,3,KL28,24NJ,2026-02-01,2026-02-23,0,0,,W1204237939,SMC,2025-12-29,LIR,60,2026-02-23 20:54:36,3626,M,9ND1X,RKC368 ,0,Nor,56,NO HAY MEDIDOR,56,S,MED
2026-02-01 00:00:00,781801200127,08,DW,12,B,01,081,PEDRO GONZALEZ BRITO          ,1D,ACTIVO,565B9N ,2,F622,13LM,2026-02-01,2025-12-04,67247,669,,W1204235682,SM3,2025-12-23,CDK,66,2026-02-03 07:41:26,0802,L,GATKM,565B9N ,0,Nor,53,UI SERV DIRECTO,53,S,CCC
2026-02-01 00:00:00,781910700032,08,DW,12,B,01,080,AMILCAR A ARCEO BORJES        ,1D,ACTIVO,1AUP75 ,2,F623,25P2,2024-08-01,2024-08-05,50850,537,,W1204214218,SM3,2025-12-06,CDL,83,2024-08-05 11:31:45,0801,L,GA4GN,GAX329 ,286,Opt,  ,,,,CCC
2026-02-01 00:00:00,781910700253,12,DW,12,B,01,121,JOSE LUIS OLMOS               ,1D,ACTIVO,25NV40 ,2,F621,07F3,2026-02-01,2025-10-07,29188,155,,W1204217175,SMG,2025-12-09,LIR,80,2026-02-05 08:14:34,1202,M,GATKM,25NV40 ,0,Nor,60,MEDID NO TRABAJA,60,S,MED
2026-02-01 00:00:00,781940900389,04,DW,12,B,01,044,TORRES ALBORNOZ LILIANA ANAID ,1D,ACTIVO,T658UL ,2,F622,18LM,2026-02-01,2026-01-29,48364,847,,W1204249892,SM3,2026-01-12,WAB,46,2026-01-29 11:32:29,0401,L,GATKM,T658UL ,847,Opt,  ,,,,CCC
2026-02-01 00:00:00,781951200664,15,DW,12,B,01,015,ESTRUC METALICAS DE CAN SA CV ,02,ACTIVO,890RRX ,3,FD22,16LR,2026-01-01,2025-07-10,35558,403,,W1204254817,SM2,2026-01-15,CDD,43,2026-01-09 09:24:04,1501,M,9NCX2,890RRX ,0,Nor,59,DISPLAY APAGADO,59,S,GSC
2026-02-01 00:00:00,781960800275,15,DW,12,B,01,016,SILVIA CANCHE                 ,1D,ACTIVO,4W76A7 ,2,F621,04F3,2026-01-01,2026-01-09,51706,184,,W1204234250,SM3,2025-12-22,WAB,67,2026-01-09 09:56:34,1502,M,GAX2M,4W76A7 ,184,Nor,41,CRISTAL ROTO,41,S,CCC
2026-02-01 00:00:00,781970302826,23,DW,12,B,01,025,MARIO A GUTIERREZ RIOS        ,1D,ACTIVO,8DVP93 ,2,F623,25NY,2026-01-01,2026-01-19,24775,857,,W1204270821,SM3,2026-01-28,WAB,30,2026-01-14 19:16:39,1951,N,9P17V,DW393D ,26792,Opt,  ,,,,CCC
2026-02-01 00:00:00,781980700579,66,DW,12,B,01,612,MUNICIPIO DE BENITO JUAREZ    ,5A,ACTIVO,UW244T ,2,F623,21NY,2023-04-01,2023-04-05,98450,131,,W1204247221,SMC,2026-01-08,LIR,50,,,,,,,,,,,,MED
2026-02-01 00:00:00,782000356784,68,DW,12,D,01,640,MUNICIPIO DE BENITO JUAREZ    ,5A,ACTIVO,A909KW ,2,F622,16LM,2026-02-01,2026-02-10,65509,892,,W1204221726,SMC,2025-12-11,LIR,78,2026-02-10 07:45:30,6801,L,9NCWK,A909KW ,0,Nor,53,UI SERV DIRECTO,53,S,MED
2026-02-01 00:00:00,780980400943,19,DW,12,A,01,190,BARRERA RODRIGUEZ PATRICIA E  ,1D,CORTADO,799MEA ,2,F62J,15MT,2026-01-01,2025-11-12,67233,1875,,W1204219921,SM3,2025-12-10,CDP,79,2026-01-13 09:42:32,1901,M,GAF1M,799MEA ,0,Nor,53,UI SERV DIRECTO,53,S,CCC
2026-02-01 00:00:00,782010213540,33,DW,12,A,01,331,CALDERON CERVERA FERNANDO     ,1D,ACTIVO,1836EB ,2,F621,84B3,2026-01-01,2026-01-22,93983,611,,W1204212276,S05,2025-12-04,CDL,85,2026-01-22 10:55:42,3302,M,9P180,1836EB ,611,Nor,  ,,,,CCC
2026-02-01 00:00:00,782010215755,33,DW,12,A,01,331,VIVAS CONTRERAS JOSE LUIS     ,1D,ACTIVO,61W86F ,2,F62H,11KN,2026-01-01,2026-01-22,47789,415,,W1204210999,SM3,2025-12-03,CDF,86,2026-01-22 08:41:27,3302,M,9P180,61W86F ,415,Opt,  ,,,,CCC
2026-02-01 00:00:00,782010612134,36,DW,12,C,01,361,BERBER ESPINOZA MA GUADALUPE  ,1D,SUJETO A CORTE,5M4X88 ,2,F421,01GH,2026-02-01,2026-02-23,74812,0,,W1204209158,SM3,2025-12-02,WAD,87,2026-02-23 12:01:56,3602,M,GATJM,5M4X88 ,0,Nor,56,NO HAY MEDIDOR,56,S,CCC
2026-02-01 00:00:00,782020402197,04,DW,12,D,01,042,BE ESTRADA KARINA DE JESUS    ,1D,ACTIVO,7W0T38 ,2,F621,02F3,2026-02-01,2026-01-29,63295,1829,,W1204228716,SM3,2025-12-17,CDV,72,2026-01-29 11:57:01,0402,M,GATJM,7W0T38 ,1829,Nor,41,CRISTAL ROTO,41,S,CCC
2026-02-01 00:00:00,780990501322,34,DW,12,B,01,340,MIREYA MORALES                ,1D,ACTIVO,NL457K ,2,F623,20NU,2021-04-01,2021-04-26,35509,512,,W1204268029,SMG,2026-01-26,MED,32,,,,,,,,,,,,MED
2026-02-01 00:00:00,781010801364,11,DW,12,B,01,111,MAY CEN JOSE MANUEL DE JESUS  ,1D,ACTIVO,X230TN ,2,F623,19NU,2026-01-01,2026-01-07,38780,610,,W1204253454,SM3,2026-01-14,WAA,44,,,,,,,,,,,,CCC
2026-02-01 00:00:00,781100500959,30,DW,12,B,01,304,CABRERA DZUL CONSUELO DE JESUS,1D,ACTIVO,66M7J4 ,2,F62H,09KN,2026-02-01,2026-02-18,36930,2,,W1204232873,SMC,2025-12-20,LIR,69,,,,,,,,,,,,MED
2026-02-01 00:00:00,781100501394,38,DW,12,B,01,381,SEGOVIA AVILA JOSE JESUS      ,1D,ACTIVO,84N7V6 ,2,F62H,09KN,2026-02-01,2026-02-24,27107,31,,W1204237940,SMG,2025-12-29,LIR,60,2026-02-24 07:35:00,3801,M,9NCX2,84N7V6 ,31,Opt,  ,,,,MED
2026-02-01 00:00:00,782021002141,03,DW,12,C,01,030,CASTILLO ZAPATA LUIS A        ,1D,ACTIVO,39W79B ,2,F62H,11KN,2026-01-01,2025-12-30,50579,1766,,W1204249939,SM3,2026-01-12,WAD,46,,,,,,,,,,,,CCC
2026-02-01 00:00:00,782021002338,03,DW,12,C,01,030,PENAGOS ESPINO RUTH MIREYA    ,1D,ACTIVO,12W46H ,2,F62H,11KN,2002-09-01,2002-09-13,1,0,,W1204262884,SM2,2026-01-21,WAC,37,,,,,,,,,,,,GSC
2026-02-01 00:00:00,781160901375,29,DW,12,B,01,290,JIMENEZ SUAREZ ISIDRO         ,1D,ACTIVO,RCD806 ,2,F62X,24NY,2026-01-01,2025-11-20,2515,434,,W1204254730,SM2,2026-01-15,WAA,43,2026-01-20 10:28:08,2901,M,GAX2M,RCD806 ,0,Nor,53,UI SERV DIRECTO,53,S,GSC
2026-02-01 00:00:00,782021101182,26,DW,12,C,01,262,ARIAS GUZMAN FRANCISCO        ,1D,ACTIVO,63N86L ,2,F62H,10KN,2026-02-01,2026-02-16,29332,815,,W1204229532,SMG,2025-12-17,LIR,72,2026-02-16 14:57:42,2603,M,GAKFM,63N86L ,815,Opt,  ,,,,MED
2026-02-01 00:00:00,782021109884,36,DW,12,A,01,361,DORBECKER CASTILLO LUIS       ,1D,ACTIVO,Y461MJ ,2,F623,19NU,2016-11-01,2016-10-01,7902,117,,W1204261081,SM3,2026-01-20,WAD,38,,,,,,,,,,,,CCC
2026-02-01 00:00:00,782021200814,62,DW,12,C,01,621,MUNICIPIO DE BENITO JUAREZ    ,5A,ACTIVO,5V11R2 ,2,F421,04GH,2026-02-01,2026-01-30,83080,3156,,W1204241077,SMC,2026-01-02,LIR,56,2026-01-30 11:36:20,6202,L,9P14L,5V11R2 ,0,Nor,53,UI SERV DIRECTO,53,S,MED
2026-02-01 00:00:00,782021209145,03,DW,12,C,01,032,BENJAMIN R NAVERRETE DEL TORO ,1D,ACTIVO,47W65G ,2,F62H,11KN,2003-01-01,2002-12-20,0,0,,W1204207905,SM3,2025-12-01,CDD,88,,,,,,,,,,,,CCC
2026-02-01 00:00:00,782030503943,38,DW,12,C,01,380,CASTELLANOS BARRON CLAUDIA    ,1D,ACTIVO,95M5P2 ,2,F62H,09KN,2026-02-01,2026-02-24,42485,0,,W1204264175,SM3,2026-01-22,CDV,36,2026-02-24 07:43:18,3801,M,GA4HN,95M5P2 ,0,Nor,53,UI SERV DIRECTO,53,S,CCC
2026-02-01 00:00:00,782030601864,38,DW,12,C,01,382,CONCEPCION LOPEZ DOMINGUEZ    ,1D,ACTIVO,6F20C2 ,2,F421,03GH,2026-02-01,2026-02-24,71245,0,,W1204239748,SM2,2025-12-30,SAV,59,2026-02-24 09:58:15,3803,M,9P120,6F20C2 ,99980,Nor,  ,,FR,S,GSC
2026-02-01 00:00:00,782030602127,38,DW,12,C,01,380,BENJAMIN VARGUEZ RODRIGUEZ    ,1D,ACTIVO,RBP975 ,2,F623,24NY,2026-02-01,2026-02-24,8466,796,,W1204221428,SM3,2025-12-11,WAB,78,2026-02-24 08:13:52,3801,M,GA4HN,RBP975 ,796,Opt,  ,,,,CCC
2026-02-01 00:00:00,782030702032,26,DW,12,C,01,260,UITZIL TZUC PEDRO RICARDO     ,1D,ACTIVO,93PL99 ,2,F621,07F3,2026-02-01,2026-02-16,92099,749,,W1204272358,SM3,2026-01-29,WAC,29,2026-02-16 09:35:46,2601,M,GATJM,93PL99 ,749,Nor,  ,,,,CCC
2026-02-01 00:00:00,781180200152,10,DW,12,B,01,100,AREVALO BUENFIL JOEL RICARDO  ,1D,ACTIVO,122WYG ,2,F622,16LM,2026-02-01,2026-02-04,28535,244,,W1204222690,SM3,2025-12-12,WAB,77,2026-02-04 07:18:57,1001,M,GAX2M,122WYG ,244,Opt,  ,,,,CCC
2026-02-01 00:00:00,782040100456,66,DW,12,D,01,620,MUNICIPIO DE BENITO JUAREZ    ,5A,ACTIVO,13NV44 ,2,F621,07F3,2003-12-01,2003-12-04,0,0,,W1204246951,SMC,2026-01-08,LIR,50,,,,,,,,,,,,MED
2026-02-01 00:00:00,782040100502,66,DW,12,D,01,620,MUNICIPIO DE BENITO JUAREZ    ,5A,ACTIVO,UW081U ,2,F623,21NY,2026-02-01,2026-02-10,64949,1817,,W1204246953,SMC,2026-01-08,LIR,50,2026-02-06 10:15:00,6601,L,9NCX1,UW081U ,0,Nor,53,UI SERV DIRECTO,53,S,MED
2026-02-01 00:00:00,782040404668,29,DW,12,A,01,293,ROCK LECHON DANIEL            ,1D,ACTIVO,411G4C ,2,F622,13LM,2026-01-01,2025-09-19,60935,1095,,W1204262649,SM2,2026-01-21,12B,37,2026-01-20 12:56:20,2903,M,GAE2M,411G4C ,0,Nor,59,DISPLAY APAGADO,59,S,GSC
2026-02-01 00:00:00,781210600941,36,DW,12,B,01,361,VENTURA GARCIA RAFAEL         ,1D,ACTIVO,NR011D ,2,F623,20NU,2026-02-01,2026-02-23,7260,162,,W1204240651,SM3,2026-01-02,WAB,56,2026-02-23 08:14:50,3601,M,9NCWM,NR011D ,162,Opt,  ,,,,CCC
2026-02-01 00:00:00,782040407471,38,DW,12,C,01,381,TRINIDAD ALVAREZ ANDRES       ,1D,ACTIVO,7V15J3 ,2,F421,04GH,2026-02-01,2026-02-24,35821,43,,W1204248565,SM3,2026-01-09,CDB,49,2026-02-24 12:49:03,3802,M,GAKFM,7V15J3 ,43,Nor,  ,,FR,S,CCC
2026-02-01 00:00:00,782041201892,33,DW,12,D,01,336,HERNANDEZ LARA FILIBERTO      ,1D,ACTIVO,8X12K2 ,2,F421,04GH,2026-01-01,2026-01-26,40272,272,,W1204264326,SMG,2026-01-22,LIR,36,2026-01-22 11:43:56,3301,M,GAF1M,8X12K2 ,0,Nor,60,MEDID NO TRABAJA,60,S,MED
2026-02-01 00:00:00,782050200530,24,DW,12,D,04,241,IXA GONGORA VICTOR MANUEL     ,1D,ACTIVO,RBP526 ,2,F623,24NY,2025-04-01,2025-04-14,70873,526,,W1204228095,SMC,2025-12-17,LIR,72,2025-04-14 08:35:40,2427,L,GA4HN,RBP526 ,0,Nor,53,UI SERV DIRECTO,53,S,MED
2026-02-01 00:00:00,782050301921,03,DW,12,C,01,030,GUIA MORENO JUAN ELADIO       ,1D,ACTIVO,03W85B ,2,F62H,11KN,2026-01-01,2025-12-30,61603,558,,W1204259966,SM3,2026-01-19,CDL,39,,,,,,,,,,,,CCC
2026-02-01 00:00:00,782050402451,22,DW,12,C,01,222,VELAZQUEZ CELAYA ROLANDO      ,1D,ACTIVO,07M0M3 ,2,F62H,09KN,2005-04-01,2005-04-27,0,0,,W1204226346,SMG,2025-12-16,LIR,73,,,,,,,,,,,,MED
2026-02-01 00:00:00,781070402850,35,DW,12,B,01,036,RAMOS FLORES LORENZO          ,1D,ACTIVO,N229DJ ,2,F622,18LM,2007-03-01,2007-04-29,0,0,,W1204265516,SMC,2026-01-23,LIR,35,,,,,,,,,,,,MED
2026-02-01 00:00:00,781071104551,20,DW,12,C,01,203,MONFORTE OJEDA JESUS ARTURO   ,1D,ACTIVO,00M7M4 ,2,F62H,09KN,2026-02-01,2026-02-11,23466,528,,W1204223659,SMG,2025-12-13,LIR,76,2026-02-11 09:21:55,2002,M,9P130,00M7M4 ,528,Opt,  ,,,,MED
2026-02-01 00:00:00,782050902275,84,DW,12,D,01,081,CONTROLADORA DE NEG COMER     ,02,ACTIVO,R378XM ,2,KT2R,18KE,2019-07-01,2019-07-01,13765,4620,,W1204207862,SM2,2025-12-01,12D,88,,,,,,,,,,,,GSC
2026-02-01 00:00:00,782050902283,84,DW,12,D,01,081,CONTROLADORA DE NEG COMER     ,02,ACTIVO,R379XM ,2,KT2R,18KE,2019-01-01,2018-12-27,90457,2850,,W1204207865,SM2,2025-12-01,12D,88,,,,,,,,,,,,GSC
2026-02-01 00:00:00,782050908044,31,DW,12,A,01,311,PEREZ RODRIGUEZ LUIS M        ,1D,ACTIVO,5D774E ,2,F621,05F3,2026-01-01,2026-01-22,69716,652,,W1204263981,SM2,2026-01-22,12B,36,2026-01-21 08:42:37,3102,M,GAFHM,5D774E ,90652,Nor,  ,,FR,S,GSC
2026-02-01 00:00:00,782060103541,84,DW,12,D,01,081,CONTROLADORA DE NEG COMER     ,02,ACTIVO,R382XM ,2,KT2R,18KE,2018-12-01,2018-12-18,64224,2900,,W1204207866,SM2,2025-12-01,12D,88,,,,,,,,,,,,GSC
2026-02-01 00:00:00,782060200643,84,DW,12,D,01,081,CONTROLADORA DE NEG COMER     ,02,ACTIVO,R384XM ,2,KT2R,18KE,2018-12-01,2018-12-12,36669,4931,,W1204207864,SM2,2025-12-01,12D,88,,,,,,,,,,,,GSC
2026-02-01 00:00:00,781071212035,21,DW,12,B,01,022,CASTILLO RODRIGUEZ MA GPE     ,1D,ACTIVO,UN074N ,2,F623,21NY,2026-01-01,2026-01-14,15549,746,,W1204261661,SM3,2026-01-20,CDB,38,,,,,,,,,,,,CCC
2026-02-01 00:00:00,782060907101,20,DW,12,C,01,203,CANCHE POOL MARTIN            ,1D,ACTIVO,RMH668 ,2,F623,24NY,2006-08-01,2006-09-25,0,0,,W1204226704,SM2,2025-12-16,MED,73,,,,,,,,,,,,GSC
2026-02-01 00:00:00,782060908689,28,DW,12,C,01,283,VITAL C MARIA G               ,1D,ACTIVO,38NM08 ,2,F621,07F3,2006-08-01,2006-09-27,0,0,,W1204234454,SM2,2025-12-22,SAV,67,,,,,,,,,,,,GSC
2026-02-01 00:00:00,782060910063,20,DW,12,C,01,203,RIVERA GUZMAN PEDRO           ,1D,ACTIVO,BE101H ,2,F623,19NV,2006-08-01,2006-09-28,0,0,,W1204223658,SMG,2025-12-13,LIR,76,,,,,,,,,,,,MED
2026-02-01 00:00:00,782061005097,36,DW,12,C,01,363,GONZALEZ HERNANDEZ JAVIER A   ,1D,ACTIVO,RCD025 ,2,F623,24NY,2022-10-01,2022-10-24,24442,0,,W1204258552,SM3,2026-01-18,CDW,40,,,,,,,,,,,,CCC
2026-02-01 00:00:00,782061101983,36,DW,12,C,01,363,MORALES ESCUDERO LUIS ALBERTO ,1D,ACTIVO,WNY930 ,2,F623,24P2,2024-12-01,2024-12-26,23878,785,,W1204238313,SM2,2025-12-29,SAV,60,,,,,,,,,,,,GSC
2026-02-01 00:00:00,782061201309,36,DW,12,C,01,363,MUL PECH ARCANGEL             ,1D,ACTIVO,45U5J9 ,2,F62H,09KN,2006-10-01,2006-12-13,4,0,,W1204237159,SMG,2025-12-26,LIR,63,,,,,,,,,,,,MED
2026-02-01 00:00:00,782070101538,37,DW,12,A,01,373,ESPINOZA LEON AUREA           ,1D,ACTIVO,329MP9 ,2,F622,12LJ,2026-01-01,2025-11-26,30946,535,,W1204267293,SMC,2026-01-26,LIR,32,2026-01-26 12:00:33,3704,M,9NCWU,329MP9 ,0,Nor,53,UI SERV DIRECTO,53,S,MED
2026-02-01 00:00:00,782070103816,04,DW,12,C,01,043,LOPEZ GONZALEZ JOSE ANDRES    ,1D,ACTIVO,5T837Y ,2,F621,06F3,2026-02-01,2025-12-02,3095,3,,W1204273432,SM2,2026-01-30,12C,28,2026-01-29 08:24:21,0403,L,9NCWW,5T837Y ,99987,Nor,  ,,FR,S,GSC
2026-02-01 00:00:00,782070303131,04,DW,12,C,01,043,CADENAS TORRES ALEJANDRO      ,1D,ACTIVO,42DX23 ,2,F621,06F3,2026-02-01,2025-12-02,62736,812,,W1204272337,SMG,2026-01-29,LIR,29,2026-01-29 08:14:38,0403,L,9NCWW,42DX23 ,0,Nor,60,MEDID NO TRABAJA,60,S,MED
2026-02-01 00:00:00,782070400306,84,DW,12,D,01,081,CONTROLADORA DE NEG COMER     ,02,ACTIVO,R387XM ,2,KT2R,18KE,2019-01-01,2018-12-27,75656,2348,,W1204207863,SM2,2025-12-01,12D,88,,,,,,,,,,,,GSC
2026-02-01 00:00:00,782070404379,02,DW,12,C,01,020,CRUZ GAMAS NORMA              ,1D,ACTIVO,7AXP01 ,2,F623,25P2,2026-02-01,2026-01-28,168,167,,W1204246447,SM2,2026-01-08,CDX,50,2026-01-28 08:52:56,0201,M,9ND3W,7AXP01 ,167,Opt,  ,,,,GSC
2026-02-01 00:00:00,782070603002,04,DW,12,C,01,043,ESTRADA TORRES ANA MARIA      ,1D,ACTIVO,32NT23 ,2,F621,07F3,2026-02-01,2025-12-02,38351,176,,W1204272336,SMG,2026-01-29,LIR,29,2026-01-29 07:28:31,0403,L,9NCWW,32NT23 ,0,Nor,60,MEDID NO TRABAJA,60,S,MED
2026-02-01 00:00:00,782080201158,06,DW,12,C,01,062,DIAZ YESENIA IVONNE           ,1D,ACTIVO,EW104E ,2,F622,19LM,2026-02-01,2025-10-02,16967,446,,W1204211328,SMC,2025-12-04,LIR,85,2026-01-30 14:32:58,0603,L,GAALN,EW104E ,0,Nor,53,UI SERV DIRECTO,53,S,MED
2026-02-01 00:00:00,782080201158,06,DW,12,C,01,062,DIAZ YESENIA IVONNE           ,1D,ACTIVO,EW104E ,2,F622,19LM,2026-02-01,2025-10-02,16967,446,,W1204270766,SM3,2026-01-28,WAC,30,2026-01-30 14:32:58,0603,L,GAALN,EW104E ,0,Nor,53,UI SERV DIRECTO,53,S,CCC
2026-02-01 00:00:00,782080202529,06,DW,12,C,01,062,INMOBILIARIA DIAREL S A  DE C ,1D,ACTIVO,YC892J ,2,F623,21NU,2022-07-01,2022-07-21,382,100,,W1204213034,SM2,2025-12-05,MED,84,,,,,,,,,,,,GSC
2026-02-01 00:00:00,782080204017,06,DW,12,C,01,062,GARCIA HERNANDEZ FRANCISCA I  ,1D,ACTIVO,163GJ8 ,2,F622,12LJ,2026-02-01,2025-03-01,27029,181,,W1204212264,SM2,2025-12-04,SAV,85,2026-01-30 13:58:08,0603,L,GAALN,163GJ8 ,0,Nor,59,DISPLAY APAGADO,59,S,GSC
2026-02-01 00:00:00,782080204394,06,DW,12,C,01,062,INMOBILIARIA DIAREL S A  DE C ,1D,ACTIVO,RDC867 ,2,F623,24NY,2024-10-01,2024-09-27,58587,102,,W1204273367,SM3,2026-01-30,CDV,28,,,,,,,,,,,,CCC
2026-02-01 00:00:00,782080205072,06,DW,12,C,01,062,MORALES MARTINEZ JUANA        ,1D,ACTIVO,632MW6 ,2,F622,12LJ,2026-02-01,2025-12-03,17272,393,,W1204273712,SMG,2026-01-30,LIR,28,2026-01-30 13:53:06,0603,L,GAALN,632MW6 ,0,Nor,60,MEDID NO TRABAJA,60,S,MED
2026-02-01 00:00:00,782080704265,06,DW,12,C,01,062,CORREA HUCHIM ERIC MANUEL     ,1D,ACTIVO,87C6F1 ,2,F621,08KG,2026-02-01,2026-01-30,30982,0,,W1204262639,SM3,2026-01-21,WAC,37,2026-01-30 08:01:54,0603,L,GAALN,87C6F1 ,0,Nor,31,SERVICIO SIN USO,,,CCC
2026-02-01 00:00:00,782080806793,06,DW,12,C,01,062,GALINDO MEZA ALEJANDRO RUFINO ,1D,ACTIVO,9AXG37 ,2,F623,25P2,2026-02-01,2026-01-30,14071,1641,,W1204246985,SM2,2026-01-08,CDC,50,2026-01-30 09:18:58,0603,L,GAALN,9AXG37 ,13,Opt,  ,,,,GSC
2026-02-01 00:00:00,782081202913,04,DW,12,C,01,043,SILVA FLORES NORMA LUZ        ,1D,ACTIVO,81EA60 ,2,F621,06F3,2026-02-01,2025-12-02,16733,190,,W1204209747,SMC,2025-12-02,LIR,87,2026-01-29 08:50:28,0403,L,9NCWW,81EA60 ,0,Nor,60,MEDID NO TRABAJA,60,S,MED
2026-02-01 00:00:00,782081203154,04,DW,12,C,01,043,VAZQUEZ BARROS GEOVANNI       ,1D,ACTIVO,CVF148 ,2,F623,22NU,2022-11-01,2022-11-17,31405,1024,,W1204209749,SMG,2025-12-02,LIR,87,,,,,,,,,,,,MED
2026-02-01 00:00:00,782090200427,06,DW,12,C,01,062,ALOR QUEZADA MARIA PILAR      ,1D,ACTIVO,719VG2 ,2,F622,12LJ,2009-01-01,2009-02-09,1,0,,W1204213037,SM2,2025-12-05,MED,84,,,,,,,,,,,,GSC
2026-02-01 00:00:00,782090305059,37,DW,12,C,01,374,MORALES DE LA CRUZ ERICK      ,1C,BAJA,,2,,,2014-08-01,2014-08-25,5536,0,,W1204269306,SMC,2026-01-27,CDU,31,,,,,,,,,,,,MED
2026-02-01 00:00:00,782090403573,04,DW,12,C,01,044,HERRERA MORAN JUAN JESUS      ,1D,ACTIVO,37D3A5 ,2,F421,08KF,2026-02-01,2026-02-03,44933,972,,W1204273539,SM2,2026-01-30,12C,28,2026-01-29 10:08:04,0404,M,9NCWY,37D3A5 ,99972,Nor,  ,,FR,S,GSC
2026-02-01 00:00:00,782090403930,34,DW,12,C,01,999,CENTRO EDUCATIVO AIFEL S C    ,02,ACTIVO,JBU799 ,2,F623,23NU,2026-02-01,2026-02-20,5863,582,,W1204249562,SM3,2026-01-12,WAC,46,2026-02-20 15:34:06,3401,L,GAKFM,RMF753 ,-96286,Opt,  ,,,,CCC
2026-02-01 00:00:00,782090405380,04,DW,12,C,01,044,CAUICH CACH GILBERTO          ,1D,ACTIVO,47D0D5 ,2,F421,08KF,2026-02-01,2025-09-29,33422,212,,W1204224703,SM3,2025-12-15,WAA,74,2026-01-29 11:16:59,0404,M,9NCWY,47D0D5 ,0,Nor,56,NO HAY MEDIDOR,56,S,CCC
2026-02-01 00:00:00,782090406335,06,DW,12,C,01,062,PEREZ ZAMUDIO SUSANA DE ATOCHA,1D,ACTIVO,53E15E ,2,F62H,10KN,2009-03-01,2009-04-28,0,0,,W1204213041,SM2,2025-12-05,MED,84,,,,,,,,,,,,GSC
2026-02-01 00:00:00,782090801587,37,DW,12,A,01,373,DUARTE OLVERA GUADALUPE E     ,1D,ACTIVO,NK317G ,2,F623,20NU,2022-05-01,2022-05-26,54992,0,,W1204267294,SMC,2026-01-26,LIR,32,,,,,,,,,,,,MED
2026-02-01 00:00:00,781081105628,34,DW,12,C,01,344,CARBALLO CHUC MARCO ANTONIO   ,1D,ACTIVO,3AXN20 ,2,F623,25P2,2026-02-01,2026-02-20,38542,1006,,W1204273538,SM3,2026-01-30,CDW,28,2026-02-20 11:09:17,3403,L,GAKFM,3AXN20 ,0,Opt,31,SERVICIO SIN USO,,,CCC
2026-02-01 00:00:00,782100903090,04,DW,12,C,01,044,DZUL DORANTES FREDDY ALBERTO  ,1D,ACTIVO,03E75E ,2,F62H,10KN,2026-02-01,2025-12-02,24886,111,,W1204272300,SMG,2026-01-29,LIR,29,2026-01-29 07:50:45,0404,M,9NCWY,03E75E ,0,Nor,64,P. INFRARROJO/MED. D,64,S,MED
2026-02-01 00:00:00,782100903901,04,DW,12,C,01,044,QUINTERO COLIN JESUS          ,1D,ACTIVO,58E81N ,2,F62H,10KN,2026-02-01,2025-12-02,18042,174,,W1204272304,SMG,2026-01-29,LIR,29,2026-01-29 12:06:40,0404,M,9NCWY,58E81N ,0,Nor,64,P. INFRARROJO/MED. D,64,S,MED
2026-02-01 00:00:00,782100904592,37,DW,12,C,01,374,JUAREZ ARGUETA RUDILMA ANABELI,1D,ACTIVO,BA056U ,2,F622,19MP,2026-01-01,2026-01-26,7808,0,,W1204267471,SMC,2026-01-26,LIR,32,2026-01-26 14:10:35,3705,L,9P120,BA056U ,0,Opt,32,UI DERIVACION,32,S,MED
2026-02-01 00:00:00,782100904673,37,DW,12,C,01,374,LUNA ALANIS LUIS TONATIUH     ,1D,ACTIVO,BE110L ,2,F623,19NV,2013-07-01,2013-07-17,1643,0,,W1204267478,SMC,2026-01-26,LIR,32,,,,,,,,,,,,MED
2026-02-01 00:00:00,782100905122,04,DW,12,C,01,044,ESTRADA ROQUE GERARDO         ,1D,ACTIVO,52E17E ,2,F62H,10KN,2026-02-01,2025-12-02,50683,586,,W1204272303,SMG,2026-01-29,LIR,29,2026-01-29 08:05:10,0404,M,9NCWY,52E17E ,0,Nor,64,P. INFRARROJO/MED. D,64,S,MED
2026-02-01 00:00:00,782100906358,04,DW,12,C,01,044,PECH RAMIREZ GENARO IGNACIO   ,1D,ACTIVO,01E96E ,2,F62H,10KN,2026-02-01,2025-12-02,26782,272,,W1204272299,SMG,2026-01-29,LIR,29,2026-01-29 10:42:55,0404,M,9NCWY,01E96E ,0,Nor,64,P. INFRARROJO/MED. D,64,S,MED
2026-02-01 00:00:00,782101001014,21,DW,12,C,01,211,CALDERON ESTANOL PATRICIA     ,1D,ACTIVO,NK091C ,2,F623,20NU,2021-01-01,2021-01-15,5590,108,,W1204226822,SM3,2025-12-16,CDC,73,,,,,,,,,,,,CCC
2026-02-01 00:00:00,782101100292,04,DW,12,C,01,044,ROMERO DUCOING BLANCA ESTELA  ,1D,ACTIVO,BE057H ,2,F623,19NV,2010-09-01,2010-11-05,0,0,,W1204273123,SM2,2026-01-30,MED,28,,,,,,,,,,,,GSC
2026-02-01 00:00:00,782110201034,37,DW,12,C,01,373,GUZMAN ESCOBAR OSVALDO        ,1D,ACTIVO,3AXN04 ,2,F623,25P2,2026-01-01,2026-01-26,95,95,,W1204253319,SM3,2026-01-14,WAC,44,,,,,,,,,,,,CCC
2026-02-01 00:00:00,782110203053,04,DW,12,C,01,043,PROVIQROO SA DE CV            ,1D,ACTIVO,88PK22 ,2,F621,07F3,2026-02-01,2026-02-03,27052,608,,W1204273444,SM2,2026-01-30,12C,28,2026-01-29 09:25:02,0403,L,9NCWW,88PK22 ,99607,Nor,  ,,FR,S,GSC
2026-02-01 00:00:00,782110502743,29,DW,12,A,01,293,BARRAZA HERNANDEZ MARIA DOLORE,1D,ACTIVO,YP269M ,2,F623,21NU,2026-01-01,2025-09-19,59690,1222,,W1204251493,SM3,2026-01-13,WAD,45,2026-01-20 07:52:33,2903,M,GAE2M,DW306J ,0,Nor,53,UI SERV DIRECTO,53,S,CCC
2026-02-01 00:00:00,782110603507,04,DW,12,C,01,044,PINA MEDINA KARMINE VIANEY    ,1D,ACTIVO,42E13F ,2,F62H,10KN,2026-02-01,2025-12-02,36601,412,,W1204272302,SMG,2026-01-29,LIR,29,2026-01-29 09:47:01,0404,M,9NCWY,42E13F ,0,Nor,64,P. INFRARROJO/MED. D,64,S,MED
2026-02-01 00:00:00,782120102948,10,DW,12,C,01,100,MARTINEZ DE LA CRUZ MAGDALI   ,1D,ACTIVO,72W95B ,2,F62H,11KN,2026-02-01,2026-02-04,51786,875,,W1204215577,SMG,2025-12-08,LIR,81,2026-02-04 12:40:02,1002,M,GATJM,72W95B ,875,Opt,  ,,,,MED
2026-02-01 00:00:00,782120302092,28,DW,12,C,01,285,MARTIN SOSA ALEJANDRO E       ,1D,ACTIVO,32C3C2 ,2,F621,08KG,2026-02-01,2025-04-16,16672,3,,W1204234490,SM2,2025-12-22,SAV,67,2026-02-17 09:25:15,2803,L,9P157,32C3C2 ,83779,Nor,41,CRISTAL ROTO,41,S,GSC
2026-02-01 00:00:00,782120600956,06,DW,12,C,01,060,CUESTA DIAZ CAROLINA          ,1D,ACTIVO,08E80E ,2,F62H,10KN,2026-02-01,2026-01-30,50824,250,,W1204213161,SM3,2025-12-05,WAA,84,2026-01-30 07:46:51,0601,L,9ND3W,08E80E ,250,Opt,  ,,,,CCC
2026-02-01 00:00:00,782120801021,28,DW,12,C,01,287,SANTIAGO LUIS DANIEL          ,1D,ACTIVO,28W53G ,2,F62H,11KN,2026-02-01,2026-02-17,25785,823,,W1204231642,SMG,2025-12-19,LIR,70,2026-02-17 13:08:45,2805,M,GAKFM,28W53G ,823,Opt,  ,,,,MED
2026-02-01 00:00:00,782120902952,20,DW,12,C,01,202,OCEGUEDA PARRA NANCI          ,1D,ACTIVO,92D9K5 ,2,F421,08KF,2026-02-01,2026-02-11,35965,599,,W1204265541,SMC,2026-01-23,CDG,35,2026-02-11 13:28:38,2004,M,9P120,92D9K5 ,599,Nor,  ,,,,MED
2026-02-01 00:00:00,782130302503,30,DW,12,B,01,305,OSORNO DURAN MIGUEL A         ,1D,ACTIVO,3AYG68 ,2,F623,25P2,2026-02-01,2026-02-26,0,0,,W1204215607,SM3,2025-12-08,WAB,81,,,,,,,,,,,,CCC
2026-02-01 00:00:00,782130900958,36,DW,12,C,01,363,HUET JIMENEZ JORGE LUIS       ,1D,ACTIVO,496G1N ,2,F622,13LM,2026-02-01,2026-02-23,26840,357,,W1204259463,SM3,2026-01-19,WAB,39,2026-02-23 11:26:24,3604,M,9P120,496G1N ,357,Opt,  ,,,,CCC
2026-02-01 00:00:00,782020805925,33,DW,12,A,01,330,ALTAMIRANO MURILLO ENEDINA    ,1D,ACTIVO,9W2W45 ,2,F621,02F3,2026-01-01,2025-11-24,54478,118,,W1204264305,SMG,2026-01-22,LIR,36,2026-01-22 10:56:50,3301,M,9MC6M,9W2W45 ,0,Nor,60,MEDID NO TRABAJA,60,S,MED
2026-02-01 00:00:00,782131101064,30,DW,12,C,01,304,DELGADO BETANCOURT TANIA ELIZA,1D,ACTIVO,Y186BN ,2,F623,19NU,2026-02-01,2026-02-18,53055,693,,W1204235532,SM2,2025-12-23,MED,66,,,,,,,,,,,,GSC
2026-02-01 00:00:00,782140201551,34,DW,12,C,01,344,BLANCO PORRAS CELERINA CELIA  ,1D,ACTIVO,45E10E ,2,F62H,10KN,2026-02-01,2026-02-20,6728,146,,W1204237009,SM2,2025-12-26,SAV,63,2026-02-20 09:40:23,3403,L,GAKFM,45E10E ,146,Opt,  ,,,,GSC
2026-02-01 00:00:00,782140202884,33,DW,12,C,01,332,VIVAS MOO CANDELARIA          ,1D,ACTIVO,88M5G3 ,2,F62H,09KN,2026-01-01,2026-01-22,84438,1435,,W1204229139,SM3,2025-12-17,CDF,72,2026-01-22 09:46:15,3301,L,9P14L,88M5G3 ,1435,Opt,  ,,,,CCC
2026-02-01 00:00:00,782021003547,33,DW,12,A,01,331,CARLOS MARTIN HERRERA SOSA    ,1D,ACTIVO,49E53E ,2,F62H,10KN,2002-09-01,2001-09-17,1,0,,W1204265096,SM2,2026-01-23,12A,35,,,,,,,,,,,,GSC
2026-02-01 00:00:00,782140302897,22,DW,12,C,01,222,TORRECILLA MEDINA IRMA        ,1D,ACTIVO,8X15K2 ,2,F421,04GH,2026-02-01,2026-02-12,47585,1667,,W1204226347,SMG,2025-12-16,LIR,73,2026-02-12 10:27:49,2203,M,9P14L,8X15K2 ,1667,Nor,  ,,FR,S,MED
2026-02-01 00:00:00,782150100940,08,DW,12,C,01,082,GARCIA MORALES FRANCISCO JAVIE,1D,ACTIVO,03N29M ,2,F62H,10KN,2026-02-01,2025-10-03,34013,579,,W1204213405,SM2,2025-12-05,SAV,84,2026-02-03 08:33:59,0802,L,GAE2M,03N29M ,0,Nor,59,DISPLAY APAGADO,59,S,GSC
2026-02-01 00:00:00,782150106239,13,DW,12,C,01,130, MARMOLEJO MONSIVAIS MIGUEL AN,1D,ACTIVO,5F57D7 ,2,F421,03GH,2026-01-01,2026-01-08,57121,181,,W1204259534,SM3,2026-01-19,WAA,39,,,,,,,,,,,,CCC
2026-02-01 00:00:00,782150200715,34,DW,12,C,01,344,HERRERA CAMACHO MARICELA      ,1D,ACTIVO,18E93U ,2,F62H,10KN,2014-12-01,2014-02-05,8781,0,,W1204237011,SM2,2025-12-26,SAV,63,,,,,,,,,,,,GSC
2026-02-01 00:00:00,782031206705,38,DW,12,C,01,380,VILLANUEVA HERNANDEZ MARIA AZU,1D,ACTIVO,FF145D ,2,F622,19MP,2023-02-01,2023-02-23,27617,3,,W1204237173,SMG,2025-12-26,LIR,63,,,,,,,,,,,,MED
2026-02-01 00:00:00,782150701901,04,DW,12,C,01,043,SEGURA BOBADILLA SARAI DEL CAR,1D,ACTIVO,714W2L ,2,F622,14LM,2026-02-01,2025-12-02,16020,359,,W1204272335,SMC,2026-01-29,LIR,29,2026-01-29 09:56:22,0403,L,9NCWW,714W2L ,0,Nor,53,UI SERV DIRECTO,53,S,MED
2026-02-01 00:00:00,782150804190,06,DW,12,C,01,062,VELASCO AGUILAR ARCADIO       ,1D,ACTIVO,JAW376 ,2,F623,23NU,2026-02-01,2025-10-02,42010,430,,W1204211319,SMG,2025-12-04,LIR,85,2026-01-30 10:02:50,0603,L,GAALN,824DLW ,0,Nor,53,UI SERV DIRECTO,53,S,MED
2026-02-01 00:00:00,782160203429,68,DW,12,D,01,680,MUNICIPIO DE BENITO JUAREZ    ,5A,ACTIVO,608T0A ,2,F622,14LM,2026-02-01,2026-02-12,81975,0,,W1204250449,SMG,2026-01-12,LIR,46,2026-02-10 07:54:11,6802,L,9NCX4,608T0A ,0,Nor,59,DISPLAY APAGADO,59,S,MED
2026-02-01 00:00:00,782160304519,68,DW,12,D,01,680,MUNICIPIO DE BENITO JUAREZ    ,5A,ACTIVO,87M7G3 ,3,F62H,09KN,2026-02-01,2026-02-10,80322,1310,,W1204250448,SMC,2026-01-12,LIR,46,2026-02-10 08:49:39,6802,L,9NCX4,87M7G3 ,0,Nor,53,UI SERV DIRECTO,53,S,MED
2026-02-01 00:00:00,782160502957,25,DW,12,C,01,250,TEPALE RIOS LETICIA           ,1D,ACTIVO,615JJL ,2,F622,15LM,2026-01-01,2026-01-16,63663,658,,W1204210732,SM3,2025-12-03,CDB,86,2026-01-16 15:36:53,2501,M,GAKFM,615JJL ,658,Opt,  ,,,,CCC
2026-02-01 00:00:00,782161016690,28,DW,12,C,01,286,LEON BRITO MIGUEL I           ,1D,ACTIVO,586PJC ,2,F622,16LM,2026-02-01,2026-02-17,11053,278,,W1204231629,SMC,2025-12-19,LIR,70,2026-02-17 09:43:25,2804,M,9P14L,586PJC ,16,Opt,  ,,,,MED
2026-02-01 00:00:00,782040405656,40,DW,12,A,01,401,GRAPAYN MATIAS GEYLER         ,1D,ACTIVO,4W15A4 ,2,F621,04F3,2026-02-01,2026-02-25,1744,0,,W1204210840,SM3,2025-12-03,WAA,86,,,,,,,,,,,,CCC
2026-02-01 00:00:00,782050403244,38,DW,12,C,01,381,ALVAREZ VILLAL ROSARIO        ,1D,ACTIVO,22T89D ,2,F62H,10KN,2026-02-01,2026-02-24,51655,932,,W1204237186,SMG,2025-12-26,LIR,63,2026-02-24 10:24:13,3802,M,GAKFM,22T89D ,932,Opt,  ,,,,MED
2026-02-01 00:00:00,782170606858,03,DW,12,C,01,031,GUERRERO MENDOZA OLIVIA ESTHER,1D,ACTIVO,G232MC ,2,F622,17LM,2026-01-01,2025-12-30,8793,0,,W1204240094,SMC,2025-12-31,CDB,58,2025-12-30 10:37:01,0302,L,9P120,G232MC ,0,Opt,32,UI DERIVACION,32,S,MED
2026-02-01 00:00:00,782170707905,04,DW,12,C,01,044,FUENTES SOLIS MARIA GUADALUPE ,1D,ACTIVO,G015MD ,2,F622,17LM,2026-02-01,2025-05-30,18573,442,,W1204209762,SMG,2025-12-02,LIR,87,2026-01-29 12:23:06,0404,M,9NCWY,G015MD ,0,Nor,53,UI SERV DIRECTO,53,S,MED
2026-02-01 00:00:00,781230601323,38,DW,12,B,03,380,SEA LOPEZ ROBERTO MARTIN      ,1D,ACTIVO,UM847B ,2,F623,21NY,2026-02-01,2026-02-24,19790,2092,,W1204237950,SMG,2025-12-29,LIR,60,2026-02-24 07:11:16,3826,M,9ND1X,UM847B ,2092,Opt,  ,,,,MED
2026-02-01 00:00:00,782170900748,06,DW,12,C,01,061,ORTIZ OLAN SERGIO             ,1D,ACTIVO,G960ME ,2,F622,17LM,2026-02-01,2025-12-03,23149,378,,W1204273600,SMG,2026-01-30,LIR,28,2026-01-30 11:46:22,0602,M,9P120,G960ME ,0,Opt,60,MEDID NO TRABAJA,60,S,MED
2026-02-01 00:00:00,782171100397,37,DW,12,C,01,374,VAZQUEZ TORRES FERNANDO       ,1D,ACTIVO,J100DW ,2,F622,17LM,2026-01-01,2026-01-26,13468,0,,W1204267473,SMC,2026-01-26,LIR,32,2026-01-26 15:05:10,3705,L,9P120,J100DW ,0,Opt,32,UI DERIVACION,32,S,MED
2026-02-01 00:00:00,782171107731,36,DW,12,D,01,363,MOO ARANA JORGE MARTIN        ,1D,ACTIVO,UW529F ,2,F623,21NY,2023-08-01,2023-08-25,8751,1686,,W1204236971,SMC,2025-12-26,LIR,63,,,,,,,,,,,,MED
2026-02-01 00:00:00,781240501327,15,DW,12,B,01,016,MARTINEZ LEDESMA YESSENIA     ,1D,ACTIVO,JGX132 ,2,F623,23NU,2026-01-01,2026-01-09,3515,1370,,W1204246401,SM3,2026-01-08,WAE,50,,,,,,,,,,,,CCC
2026-02-01 00:00:00,782180801021,04,DW,12,C,01,043,SANCHEZ AMADOR DANILA LIZETT  ,1D,ACTIVO,001JLA ,2,F622,15LM,2026-02-01,2026-01-29,23319,10,,W1204209750,SMC,2025-12-02,LIR,87,2026-01-29 10:26:17,0403,L,9NCWW,001JLA ,10,Opt,31,SERVICIO SIN USO,,,MED
2026-02-01 00:00:00,782180905373,18,DW,12,C,01,183,ACHACH MARIN MARIA TERESA DE J,1D,ACTIVO,R669FP ,2,F622,18LM,2026-02-01,2025-12-11,34510,865,,W1204232910,SM3,2025-12-20,CDV,69,2026-02-10 07:29:54,1803,M,9ND3W,R669FP ,0,Nor,53,UI SERV DIRECTO,53,S,CCC
2026-02-01 00:00:00,782190102210,03,DW,12,C,01,031,VALLEJOS ESPADAS MARIA CONCEPC,1D,ACTIVO,T516UG ,2,F622,18LM,2026-01-01,2025-12-30,9208,0,,W1204264398,SM3,2026-01-22,CDB,36,2025-12-30 09:25:07,0302,L,9P120,T516UG ,0,Opt,31,SERVICIO SIN USO,,,CCC
2026-02-01 00:00:00,782190104743,37,DW,12,C,01,374,LANDERO JIMENEZ MARISOL       ,1D,ACTIVO,T241XL ,2,F622,18LM,2026-01-01,2025-11-26,13163,315,,W1204267481,SMC,2026-01-26,LIR,32,2026-01-26 14:12:10,3705,L,9P120,T241XL ,0,Nor,53,UI SERV DIRECTO,53,S,MED
2026-02-01 00:00:00,782190200181,37,DW,12,A,01,373,INMOBILIARIA GUZCAR SA DE CV  ,1D,ACTIVO,RBP100 ,2,F623,24NY,2025-11-01,2025-11-26,22934,0,,W1204270133,SM2,2026-01-28,12D,30,2025-11-26 10:14:04,3703,M,GACLM,RBP100 ,28240,Nor,44,NUM MEDID DESIGU,44,S,GSC
2026-02-01 00:00:00,782190301859,40,DW,12,C,01,402,ESCOBAR MENDOZA MAURICIO      ,1D,ACTIVO,T216UJ ,2,F622,18LM,2026-02-01,2026-02-25,18009,0,,W1204238900,SMG,2025-12-29,LIR,60,,,,,,,,,,,,MED
2026-02-01 00:00:00,782190403422,38,DW,12,D,01,382,POOT CAN JORGE LUIS           ,1D,ACTIVO,4W80D2 ,2,F621,04F3,2026-02-01,2026-02-24,2672,25,,W1204237103,SMG,2025-12-26,LIR,63,2026-02-24 16:01:39,3803,M,9NCX3,4W80D2 ,25,Nor,  ,,,,MED
2026-02-01 00:00:00,782190702381,06,DW,12,C,01,062,CANUL ORTIZ ANA HEYDI         ,1D,ACTIVO,107MW1 ,2,F622,12LJ,2026-02-01,2025-12-03,20043,259,,W1204273711,SMG,2026-01-30,LIR,28,2026-01-30 11:31:14,0603,L,GAALN,107MW1 ,0,Nor,60,MEDID NO TRABAJA,60,S,MED
2026-02-01 00:00:00,782190704147,06,DW,12,C,01,064,CORTES ESCOBAR MARIA EUGENIA  ,1D,ACTIVO,07E99N ,2,F62H,10KN,2026-02-01,2024-03-20,2575,2,,W1204213078,SM2,2025-12-05,MED,84,2026-01-30 08:34:36,0605,L,GATJM,07E99N ,0,Nor,59,DISPLAY APAGADO,59,S,GSC
2026-02-01 00:00:00,782190803358,25,DW,12,C,01,252,GVI INVERSIONES SA DE CV      ,1D,ACTIVO,UK600Y ,2,F623,21NY,2026-01-01,2026-01-20,5656,2503,,W1204264020,SM2,2026-01-22,12C,36,2026-01-16 13:26:36,2503,M,9NCWY,UK600Y ,0,Opt,31,SERVICIO SIN USO,,,GSC
2026-02-01 00:00:00,782190804770,37,DW,12,C,01,374,MONTALVO DZUL FLORA ANGELICA  ,1D,ACTIVO,W182KW ,2,F622,19LM,2026-01-01,2025-09-25,17313,131,,W1204238644,SM2,2025-12-29,CDL,60,2026-01-26 14:45:58,3705,L,9P120,W182KW ,0,Nor,53,UI SERV DIRECTO,53,S,GSC
2026-02-01 00:00:00,782050603723,40,DW,12,A,01,401,MIGUEL VELEZ ARCEO            ,1D,ACTIVO,0C020A ,2,F621,04F3,2026-02-01,2026-02-25,55616,708,,W1204239874,SM2,2025-12-30,SAV,59,,,,,,,,,,,,GSC
2026-02-01 00:00:00,782191105506,32,DW,12,D,01,325,GARCIA CRISTO BENITO          ,1D,ACTIVO,Y943MF ,2,F623,19NU,2026-02-01,2026-02-19,6313,92,,W1204235344,SM2,2025-12-23,12D,66,2026-02-19 10:32:51,3204,M,GAF1M,Y943MF ,92,Nor,  ,,LM,S,GSC
2026-02-01 00:00:00,782191206281,38,DW,12,D,01,382,LOPEZ AGUILAR ABELARDO        ,1D,ACTIVO,DW664V ,2,F623,19NU,2026-02-01,2026-02-24,15256,213,,W1204237105,SMG,2025-12-26,LIR,63,2026-02-24 18:00:09,3803,M,9NCX3,DW664V ,213,Nor,  ,,LM,S,MED
2026-02-01 00:00:00,782200104909,40,DW,12,C,01,402,CARDENAS PEREZ BRYAN ALAIN    ,1D,ACTIVO,DW733J ,2,F623,19NU,2026-02-01,2026-02-25,53595,4689,,W1204238898,SMG,2025-12-29,LIR,60,,,,,,,,,,,,MED
2026-02-01 00:00:00,782200600370,10,DW,12,C,01,102,GONZALEZ RAMIREZ LUIS ALBERTO ,1D,ACTIVO,DW536H ,2,F623,19NU,2026-02-01,2025-08-06,21167,422,,W1204253557,SM3,2026-01-14,WAC,44,2026-02-04 08:00:02,1003,M,9P157,DW536H ,0,Nor,53,UI SERV DIRECTO,53,S,CCC
2026-02-01 00:00:00,782200801138,38,DW,12,D,01,382,RAMIREZ IGNACIO ROBERTO       ,1D,ACTIVO,BE645V ,2,F623,19NV,2026-02-01,2026-02-24,1444,0,,W1204238144,SM2,2025-12-29,12D,60,2026-02-24 17:06:23,3803,M,9NCX3,BE645V ,85500,Opt,  ,,,,GSC
2026-02-01 00:00:00,782200804382,38,DW,12,D,01,382,BALCAZAR TUN JAIRO            ,1D,ACTIVO,BE656H ,2,F623,19NV,2026-02-01,2026-02-24,7429,0,,W1204237104,SMC,2025-12-26,LIR,63,2026-02-24 17:56:55,3803,M,9NCX3,BE656H ,0,Nor,53,UI SERV DIRECTO,53,S,MED
2026-02-01 00:00:00,782200900675,29,DW,12,A,01,292,FRANCO FERNANDO CASTRO        ,1D,ACTIVO,BE192L ,2,F623,19NV,2026-01-01,2025-11-20,12447,291,,W1204262809,SM2,2026-01-21,12B,37,2026-01-20 11:49:40,2902,M,GAALN,BE192L ,88005,Opt,  ,,,,GSC
2026-02-01 00:00:00,782200900811,06,DW,12,C,01,063,COCOM CHAN MARIA DE LA CRUZ   ,1D,ACTIVO,BE232H ,2,F623,19NV,2026-02-01,2025-12-03,2581,93,,W1204273537,SMG,2026-01-30,LIR,28,2026-01-30 11:26:52,0604,L,9NCWW,BE232H ,0,Nor,60,MEDID NO TRABAJA,60,S,MED
2026-02-01 00:00:00,782200900985,40,DW,12,C,01,400,CANUL CUXIN IVAN DE JESUS     ,1D,ACTIVO,BE960L ,2,F623,19NV,2026-02-01,2026-02-25,3508,3,,W1204238868,SMC,2025-12-29,LIR,60,,,,,,,,,,,,MED
2026-02-01 00:00:00,782210203786,30,DW,12,A,05,302,RODRIGUEZ ESPARZA ALEJANDRA TA,1D,ACTIVO,NL376F ,2,F623,20NU,2026-02-01,2026-02-18,8144,108,,W1204241422,SM3,2026-01-03,CDP,55,,,,,,,,,,,,CCC
2026-02-01 00:00:00,782210503852,33,DW,12,A,01,330,MIRANDA GONZALEZ CLAUDIA LUCIA,1D,ACTIVO,679G9N ,2,F622,13LM,2026-01-01,2025-09-23,62470,1073,,W1204272264,SM3,2026-01-29,CDL,29,2026-01-22 11:45:53,3301,M,9MC6M,679G9N ,0,Nor,53,UI SERV DIRECTO,53,S,CCC
2026-02-01 00:00:00,782060706016,19,DW,12,C,01,192,MAY MAY RIKI ANTONIO          ,1D,ACTIVO,265RJ5 ,2,F622,12LJ,2026-01-01,2026-01-13,68634,766,,W1204262674,SM3,2026-01-21,CDK,37,,,,,,,,,,,,CCC
2026-02-01 00:00:00,782100305818,37,DW,12,A,01,373,PONCE LINARES MA DEL ROSARIO G,1D,ACTIVO,329MP8 ,2,F622,12LJ,2010-03-01,2010-03-09,0,0,,W1204267292,SMC,2026-01-26,LIR,32,,,,,,,,,,,,MED
2026-02-01 00:00:00,782220802611,12,DW,12,C,01,122,POOT BATUN JOSE GABRIEL       ,1D,ACTIVO,FF197D ,2,F622,19MP,2026-02-01,2026-02-05,24401,625,,W1204240748,SM3,2026-01-02,WAE,56,2026-02-05 09:50:51,1203,M,9P157,FF197D ,625,Opt,  ,,,,CCC
2026-02-01 00:00:00,782220804605,07,DW,12,C,01,070,ADMINISTRADORA RGPD SAPI DE CV,1D,ACTIVO,T326WK ,2,F622,18LM,2026-01-01,2026-01-05,2582,0,,W1204262634,SM3,2026-01-21,WAB,37,2026-01-05 16:13:12,0701,M,GAA7N,T326WK ,0,Opt,31,SERVICIO SIN USO,,,CCC
2026-02-01 00:00:00,782010209178,33,DW,12,A,01,332,MARTINEZ MENDOZA ANA LAURA    ,1D,ACTIVO,9N7D83 ,2,F621,01F3,2001-03-01,2001-02-20,1,0,,W1204265183,SM2,2026-01-23,12A,35,,,,,,,,,,,,GSC
2026-02-01 00:00:00,782230104351,06,DW,12,C,01,063,PARADA PALMA MARIA DE LOS ANGE,1D,ACTIVO,491GJ7 ,2,F622,12LJ,2026-02-01,2025-07-01,4598,182,,W1204213046,SM2,2025-12-05,MED,84,2026-01-30 09:58:48,0604,L,9NCWW,491GJ7 ,0,Nor,59,DISPLAY APAGADO,59,S,GSC
2026-02-01 00:00:00,782230403218,36,DW,12,D,01,364,CHIGUIL ECHAVARRIA ALEXANDER  ,1D,ACTIVO,UW922P ,2,F623,21NY,2026-02-01,2026-02-23,5675,0,,W1204229301,SM3,2025-12-17,WAA,72,2026-02-23 11:30:08,3604,M,9NCWK,UW922P ,0,Opt,31,SERVICIO SIN USO,,,CCC
2026-02-01 00:00:00,782020613112,26,DW,12,C,01,262,INMOBILIARIA CAME SA DE CV    ,1C,BAJA,,1,,,2009-08-01,2009-08-18,0,0,,W1204240038,SMC,2025-12-31,CDP,58,,,,,,,,,,,,MED
2026-02-01 00:00:00,782230502321,36,DW,12,D,01,364,OLAN RAMIREZ MARIA INES       ,1D,ACTIVO,UK658U ,2,F623,21NY,2026-02-01,2026-02-23,6839,0,,W1204261441,SM3,2026-01-20,WAD,38,2026-02-23 11:30:40,3604,M,9NCWK,UK658U ,0,Nor,53,UI SERV DIRECTO,53,S,CCC
2026-02-01 00:00:00,782230502321,36,DW,12,D,01,364,OLAN RAMIREZ MARIA INES       ,1D,ACTIVO,UK658U ,2,F623,21NY,2026-02-01,2026-02-23,6839,0,,W1204236987,SMC,2025-12-26,LIR,63,2026-02-23 11:30:40,3604,M,9NCWK,UK658U ,0,Nor,53,UI SERV DIRECTO,53,S,MED
2026-02-01 00:00:00,782230502836,36,DW,12,D,01,364,PEREZ CRUZ GUILLERMO          ,1D,ACTIVO,UK646U ,2,F623,21NY,2026-02-01,2026-02-23,4137,0,,W1204236989,SMC,2025-12-26,LIR,63,2026-02-23 11:59:39,3604,M,9NCWK,UK646U ,0,Nor,59,DISPLAY APAGADO,59,S,MED
2026-02-01 00:00:00,782230505851,34,DW,12,D,01,340,HERNANDEZ ROMERO MARIA DE LOS ,1D,ACTIVO,UM678B ,2,F623,21NY,2026-02-01,2026-02-20,4916,0,,W1204235886,SMC,2025-12-23,LIR,66,2026-02-20 07:13:44,3401,M,GAF1M,UM678B ,0,Nor,53,UI SERV DIRECTO,53,S,MED
2026-02-01 00:00:00,782230603691,36,DW,12,D,01,364,PALACIOS MEDINA CIELO         ,1D,ACTIVO,UM621V ,2,F623,21NY,2026-02-01,2026-02-23,5654,0,,W1204236990,SMC,2025-12-26,LIR,63,2026-02-23 12:05:28,3604,M,9NCWK,UM621V ,0,Nor,56,NO HAY MEDIDOR,56,S,MED
2026-02-01 00:00:00,782230901234,15,DW,12,D,01,152,GARCIA RENDON MARTIN          ,1D,BAJA,,2,,,2025-02-01,2025-02-24,596,95495,,W1204229276,SMC,2025-12-17,WAC,72,,,,,,,,,,,,MED
2026-02-01 00:00:00,782240305320,30,DW,12,C,01,999,LARA ENRIQUE FLORINA          ,1D,ACTIVO,JAR669 ,2,F623,23NU,2026-02-01,2026-02-18,161,122,,W1204233901,SM2,2025-12-22,SAV,67,,,,,,,,,,,,GSC
2026-02-01 00:00:00,782240500173,36,DW,12,D,01,364,HERNANDEZ CALDERON HECTOR MANU,1D,ACTIVO,JHA265 ,2,F623,23NU,2026-02-01,2026-02-23,0,0,,W1204236993,SMC,2025-12-26,LIR,63,2026-02-23 15:10:25,3604,M,9NCWK,JHA265 ,0,Nor,56,NO HAY MEDIDOR,56,S,MED
2026-02-01 00:00:00,782240803311,06,DW,12,C,01,064,SANCHEZ BANDALA GRICEL        ,1D,ACTIVO,WNY437 ,2,F623,24P2,2026-02-01,2025-05-30,2275,499,,W1204224645,SM3,2025-12-15,CDJ,74,2026-01-30 08:48:48,0605,L,GATJM,WNY437 ,0,Nor,53,UI SERV DIRECTO,53,S,CCC
2026-02-01 00:00:00,782240902115,40,DW,12,C,01,402,RAYON RUBIO ALEJANDRA         ,1D,ACTIVO,WNY466 ,2,F623,24P2,2026-02-01,2026-02-25,2124,0,,W1204235644,SM3,2025-12-23,CDC,66,,,,,,,,,,,,CCC
2026-02-01 00:00:00,782241101558,28,DW,12,C,01,286,MARTIN DAMIAN DESIDERIO       ,1D,ACTIVO,WNM848 ,2,F623,24P2,2026-02-01,2025-10-17,7628,1165,,W1204231631,SMG,2025-12-19,LIR,70,2026-02-17 10:45:15,2804,M,9P14L,WNM848 ,0,Nor,53,UI SERV DIRECTO,53,S,MED
2026-02-01 00:00:00,782250202545,14,DW,12,A,01,140,CERVANTES VAZQUEZ RAUL        ,1D,ACTIVO,RCD015 ,2,F623,24NY,2026-02-01,2026-02-06,9749,9749,,W1204221633,SM2,2025-12-11,12D,78,2026-02-06 10:06:03,1401,M,9BBM1,RCD015 ,9749,Opt,  ,,,,GSC
2026-02-01 00:00:00,782250503952,03,DW,12,C,01,031,TORRES GUTIERREZ PERLA        ,1D,ACTIVO,5AAX40 ,2,F623,25NY,2026-01-01,2025-12-30,339,0,,W1204240320,SMC,2026-01-01,LIR,57,2025-12-30 10:34:19,0302,L,9P120,5AAX40 ,0,Opt,32,UI DERIVACION,32,S,MED
2026-02-01 00:00:00,782250600648,40,DW,12,C,01,400,SECA FLORES JORGE DE JESUS    ,1D,CORTADO,1DVC49 ,2,F623,25NY,2026-02-01,2026-02-25,2291,364,,W1204238870,SMC,2025-12-29,LIR,60,,,,,,,,,,,,MED
2026-02-01 00:00:00,782250904400,06,DW,12,C,01,062,ALVAREZ SEGOVIA RICARDO DEL CA,1D,ACTIVO,5BCT24 ,2,F623,25P2,2026-02-01,2026-01-30,0,0,,W1204211325,SMC,2025-12-04,LIR,85,2026-01-30 17:08:08,0603,L,GAALN,5BCT24 ,0,Nor,5X,RUTA INCOMPLETA,,,MED
2026-02-01 00:00:00,782251201453,17,DW,12,A,01,170,MARIA ACOSTA BERTHA           ,1D,ACTIVO,8AUN85 ,2,F623,25P2,2026-01-01,2026-01-12,0,0,,W1204250202,SMC,2026-01-12,LIR,46,2026-01-12 07:15:54,6802,L,9P14L,8AUN85 ,0,Opt,32,UI DERIVACION,32,S,MED
2026-02-01 00:00:00,782260103260,12,DW,12,C,01,122,RODRIGUEZ ESPONDA GUADALUPE MO,1D,ACTIVO,4AXY20 ,2,F623,25P2,2026-02-01,2026-02-05,0,0,,W1204272057,SM3,2026-01-29,CDV,29,2026-02-05 17:58:43,1203,M,GATJM,4AXY20 ,0,Nor,53,UI SERV DIRECTO,53,S,CCC
2026-02-01 00:00:00,782850400014,05,DW,12,A,01,052,AMADO HERRERA COBA            ,1D,ACTIVO,393G0N ,2,F622,13LM,2026-01-01,2026-01-02,23795,256,,W1204243759,S05,2026-01-06,WAD,52,,,,,,,,,,,,CCC
2026-02-01 00:00:00,782020703936,40,DW,12,A,01,401,CAZARES LOPEZ JULIO ADRIAN    ,1D,ACTIVO,2W6Y82 ,2,F621,02F3,2026-02-01,2026-02-25,60963,0,,W1204239872,SM2,2025-12-30,SAV,59,,,,,,,,,,,,GSC
2026-02-01 00:00:00,782900600575,10,DW,12,B,01,100,BUENAVENTURA AREVALO          ,1D,ACTIVO,08C6A6 ,2,F621,08KG,2026-02-01,2026-02-04,91576,682,,W1204222689,SM3,2025-12-12,WAB,77,2026-02-04 07:19:45,1001,M,GAX2M,08C6A6 ,682,Nor,  ,,,,CCC
2026-02-01 00:00:00,782020805844,33,DW,12,A,01,330,CONSORCIO ING INTEGRAL SA D CV,1D,ACTIVO,2W0W27 ,2,F621,02F3,2026-01-01,2025-11-24,69028,26,,W1204265078,SM2,2026-01-23,12A,35,2026-01-22 10:56:00,3301,M,9MC6M,2W0W27 ,99955,Nor,  ,,FR,S,GSC
2026-02-01 00:00:00,782930605849,27,DW,12,A,01,272,MARIA SONIA REYES SARABIA     ,1D,ACTIVO,7N4L28 ,2,F621,01F3,2026-01-01,2025-11-19,4535,699,,W1204261323,SM2,2026-01-20,12B,38,2026-01-19 11:28:28,2703,M,GAD0M,7N4L28 ,99704,Nor,  ,,FR,S,GSC
2026-02-01 00:00:00,782140301505,36,DW,12,C,01,363,AQUINO ALVAREZ SERGIO         ,1D,ACTIVO,342JV6 ,2,F622,12LJ,2026-02-01,2026-02-23,30502,406,,W1204237162,SMG,2025-12-26,LIR,63,2026-02-23 14:37:50,3604,M,GATJM,342JV6 ,406,Opt,  ,,,,MED
2026-02-01 00:00:00,782931100481,12,DW,12,C,01,120,PORTALES Y MIRANDA ANA MARIA  ,1D,ACTIVO,4EF418 ,2,F421,98GH,2026-02-01,2026-02-05,47171,0,,W1204239499,SM3,2025-12-30,WAC,59,2026-02-05 09:04:46,1201,M,GATJM,4EF418 ,0,Nor,31,SERVICIO SIN USO,,,CCC
2026-02-01 00:00:00,782940401168,19,DW,12,C,01,192,JOSE ENRIQUE REYES SANCHE     ,1D,ACTIVO,57W37C ,2,F62H,11KN,2026-01-01,2026-01-13,64403,998,,W1204264329,SM3,2026-01-22,WAE,36,,,,,,,,,,,,CCC
2026-02-01 00:00:00,782150402130,01,DW,12,C,01,011,MOLINA SALAZAR MARTHA IVON    ,1D,ACTIVO,722X5H ,2,F622,14LM,2026-01-01,2025-10-29,22210,597,,W1204239689,SMC,2025-12-30,LIR,59,2025-12-29 10:21:12,0102,L,9P130,722X5H ,0,Nor,53,UI SERV DIRECTO,53,S,MED
2026-02-01 00:00:00,782951106010,32,DW,12,C,01,999,ABELARDO CAMARA               ,1D,ACTIVO,611JHY ,2,F622,15LM,2026-02-01,2026-02-19,1222,0,,W1204233855,SM3,2025-12-22,CDD,67,2026-02-19 11:25:52,3201,M,9ND3W,611JHY ,0,Nor,60,MEDID NO TRABAJA,60,S,CCC
2026-02-01 00:00:00,782970101029,36,DW,12,C,01,360,SOC COP TRANSP MAYA CBE       ,02,ACTIVO,9AXG36 ,2,F623,25P2,2026-02-01,2026-02-23,25678,1398,,W1204225911,SM3,2025-12-15,CDX,74,2026-02-23 11:40:33,3601,M,9ND3W,9AXG36 ,926,Opt,  ,,,,CCC
2026-02-01 00:00:00,782970301541,28,DW,12,C,01,281,BIASNELLY RIVERA PEREZ        ,1D,ACTIVO,12E46E ,2,F62H,10KN,2026-02-01,2026-02-17,50427,380,,W1204267182,SM3,2026-01-26,WAB,32,2026-02-17 07:00:42,2801,M,9NCWY,12E46E ,380,Opt,  ,,,,CCC
2026-02-01 00:00:00,782161206863,25,DW,12,C,01,253,RAMOS MILLAN MARIA SALOME     ,1D,ACTIVO,650WYL ,2,F622,16LM,2026-01-01,2026-01-16,16084,14,,W1204245115,SMC,2026-01-07,CDC,51,,,,,,,,,,,,MED
2026-02-01 00:00:00,782161209072,37,DW,12,C,01,373,MORALES CRUZ MARIA ISABEL     ,1D,ACTIVO,HYN773 ,2,F623,23NU,2025-03-01,2025-03-26,1386,1136,,W1204267377,SMC,2026-01-26,LIR,32,,,,,,,,,,,,MED
2026-02-01 00:00:00,782990500361,16,DW,12,C,01,160,LANDY E PARRA CASTANEDA       ,1D,ACTIVO,KKT419 ,2,F623,23NU,2024-02-01,2024-02-08,9947,0,,W1204261201,SM3,2026-01-20,WAD,38,,,,,,,,,,,,CCC
2026-02-01 00:00:00,782170803076,37,DW,12,C,01,374,VAZQUEZ CAZARES MAYRA         ,1D,ACTIVO,G221MP ,2,F622,17LM,2026-01-01,2026-01-26,25943,9,,W1204267472,SMC,2026-01-26,LIR,32,,,,,,,,,,,,MED
2026-02-01 00:00:00,783000356853,31,DW,12,D,01,313,TOLEDO ROMAN EGMIDIA          ,1D,ACTIVO,MB547K ,2,F623,20NU,2021-09-01,2021-09-22,25393,74,,W1204211076,SM3,2025-12-03,CDB,86,,,,,,,,,,,,CCC
2026-02-01 00:00:00,782171202891,37,DW,12,C,01,374,SOLANO MAYA ALEJANDRO         ,1D,ACTIVO,J825DU ,2,F622,17LM,2026-01-01,2026-01-26,19824,503,,W1204209183,SM3,2025-12-02,WAC,87,2026-01-26 09:14:17,3705,L,9P120,J825DU ,503,Opt,  ,,,,CCC
2026-02-01 00:00:00,783020907261,37,DW,12,D,04,377,MORENO GONZALEZ MA EUGENIA    ,1D,ACTIVO,3MR091 ,2,F421,99GH,2026-01-01,2026-01-26,25817,276,,W1204247913,SM3,2026-01-09,WAD,49,,,,,,,,,,,,CCC
2026-02-01 00:00:00,783021000081,84,DW,12,D,01,081,CONTROLADORA DE NEG COMER     ,02,ACTIVO,R415XM ,2,KT2R,18KE,2019-02-01,2019-02-11,3871,3532,,W1204207859,SM2,2025-12-01,12D,88,,,,,,,,,,,,GSC
2026-02-01 00:00:00,782191003312,38,DW,12,D,01,382,ALEJO MORALES ADOLFO          ,02,ACTIVO,Y793BT ,2,F623,19NU,2026-02-01,2026-02-24,876,21,,W1204237101,SMG,2025-12-26,LIR,63,2026-02-24 16:00:29,3803,M,9NCX3,Y793BT ,21,Nor,  ,,LM,S,MED
2026-02-01 00:00:00,783030700061,84,DW,12,D,01,081,CONTROLADORA DE NEG COMER     ,02,ACTIVO,R417XM ,2,KT2R,18KE,2019-01-01,2019-01-24,43536,328,,W1204207867,SM2,2025-12-01,12D,88,,,,,,,,,,,,GSC
2026-02-01 00:00:00,783031001361,62,DW,12,C,01,620,MUNICIPIO DE BENITO JUAREZ    ,5A,ACTIVO,KKF839 ,3,F623,23NU,2003-09-01,2003-10-09,18731,0,,W1204273790,SMC,2026-01-30,LIR,28,,,,,,,,,,,,MED
2026-02-01 00:00:00,783040401037,32,DW,12,D,01,323,QUETZAL MOO TERESA DE JESUS   ,1D,ACTIVO,260MP1 ,2,F622,12LJ,2026-02-01,2026-02-19,43010,3156,,W1204235537,SM2,2025-12-23,12D,66,2026-02-19 15:15:48,3202,M,9ND6M,260MP1 ,1085,Opt,  ,,,,GSC
2026-02-01 00:00:00,783040404397,26,DW,12,D,01,263,LADRILLERO COLIN MA DE LA LUZ ,1D,ACTIVO,7AXP95 ,2,F623,25P2,2026-02-01,2026-02-16,88708,1141,,W1204254987,SM3,2026-01-15,WAD,43,2026-02-16 10:23:18,2602,M,9P14M,7AXP95 ,233,Opt,  ,,,,CCC
2026-02-01 00:00:00,783040601915,84,DW,12,D,01,081,CONTROLADORA DE NEG COMER     ,02,ACTIVO,R419XM ,2,KT2R,18KE,2019-01-01,2019-01-07,85608,2306,,W1204207816,SM2,2025-12-01,12D,88,,,,,,,,,,,,GSC
2026-02-01 00:00:00,783041000044,66,DW,12,D,01,620,MUNICIPIO DE BENITO JUAREZ    ,5A,ACTIVO,9DVB96 ,2,F623,25NY,2023-12-01,2023-12-08,62490,0,,W1204246952,SMC,2026-01-08,LIR,50,,,,,,,,,,,,MED
2026-02-01 00:00:00,782210801802,05,DW,12,A,01,052,CORREA RUIZ JORGE             ,1D,ACTIVO,646JJL ,2,F622,15LM,2026-01-01,2026-01-02,30587,337,,W1204231078,SM3,2025-12-18,CDC,71,2026-01-02 08:21:16,0503,M,9P180,646JJL ,337,Opt,  ,,,,CCC
2026-02-01 00:00:00,783050605480,23,DW,12,D,01,231,SERVIN AYALA FRANCISCO JAVIER ,1D,ACTIVO,0C118F ,2,F421,05GH,2026-01-01,2026-01-15,68097,366,,W1204270594,SM3,2026-01-28,WAD,30,2026-01-15 09:54:03,2302,M,GAF1M,0C118F ,769,Nor,  ,,,,CCC
2026-02-01 00:00:00,783060900412,84,DW,12,D,01,089,RADIOMOVIL DIPSA SA DE CV     ,02,ACTIVO,R540YT ,2,KL2R,18NR,2021-03-01,2021-03-01,59202,2489,,W1204207819,SM2,2025-12-01,12D,88,,,,,,,,,,,,GSC
2026-02-01 00:00:00,782220101531,34,DW,12,D,01,340,ROSADO LOZANO VICTOR F        ,1D,ACTIVO,1AXT37 ,2,F623,25P2,2026-02-01,2026-02-20,121,121,,W1204215826,SM3,2025-12-08,WAB,81,2026-02-20 07:39:09,3401,M,GAF1M,1AXT37 ,121,Opt,  ,,,,CCC
2026-02-01 00:00:00,782230101246,32,DW,12,C,01,321,LOPEZ ALONSO SILVIA           ,1D,ACTIVO,YC710R ,2,F623,21NU,2026-02-01,2026-02-19,187,187,,W1204261425,SM3,2026-01-20,WAB,38,2026-02-19 10:11:08,3202,M,9NCWW,YC710R ,187,Opt,  ,,,,CCC
2026-02-01 00:00:00,783070802958,04,DW,12,C,01,041,NAVARRO GUAYDA ERNESTO RODOLFO,1D,ACTIVO,595PJD ,2,F622,16LM,2007-09-01,2007-08-01,0,0,,W1204209728,SMC,2025-12-02,LIR,87,,,,,,,,,,,,MED
2026-02-01 00:00:00,783070900593,04,DW,12,C,01,041,MARRUFO SOLORZA XOCHITL       ,1D,ACTIVO,76MP52 ,2,F421,07GH,2026-02-01,2025-12-02,36964,375,,W1204272489,SMG,2026-01-29,LIR,29,2026-01-29 10:58:56,0401,L,9P157,76MP52 ,0,Nor,60,MEDID NO TRABAJA,60,S,MED
2026-02-01 00:00:00,783071004389,19,DW,12,D,01,192,ROSADO SIERRA JOSE            ,1D,ACTIVO,34PF02 ,2,F621,07F3,2026-01-01,2026-01-15,71945,945,,W1204271719,SM3,2026-01-29,WAD,29,2026-01-13 09:04:40,1903,M,GAKFM,34PF02 ,99945,Nor,  ,,FR,S,CCC
2026-02-01 00:00:00,783080201561,64,DW,12,A,01,641,MUNICIPIO DE BENITO JUAREZ    ,5A,ACTIVO,975RRX ,3,FD22,16LR,2021-02-01,2021-02-02,44132,0,,W1204244493,SMC,2026-01-07,LIR,51,,,,,,,,,,,,MED
2026-02-01 00:00:00,782230500647,32,DW,12,D,01,325,RODRIGUEZ MARTINEZ TERESA CONC,1D,ACTIVO,UK050U ,2,F623,21NY,2026-02-01,2026-02-19,12962,418,,W1204245170,SM2,2026-01-07,CCC,51,2026-02-19 07:55:54,3204,M,GAF1M,UK050U ,418,Opt,  ,,,,GSC
2026-02-01 00:00:00,782131004964,39,DW,12,C,01,393,PECH CAB MANUEL DE JESUS      ,1D,ACTIVO,902B7N ,2,F622,13LM,2026-01-01,2026-01-27,26946,0,,W1204210897,SM3,2025-12-03,WAB,86,2026-01-27 07:45:17,3902,M,9NCWY,902B7N ,0,Opt,31,SERVICIO SIN USO,,,CCC
2026-02-01 00:00:00,782950300629,19,DW,12,C,01,193,REJON GONZALEZ JOSE FRANCISCO ,1D,ACTIVO,6N7N87 ,2,F621,01F3,2026-01-01,2025-11-12,932,371,,W1204255140,SM2,2026-01-15,12C,43,2026-01-13 15:28:26,1904,M,R9895,6N7N87 ,99246,Nor,  ,,FR,S,GSC
2026-02-01 00:00:00,783080904627,20,DW,12,D,01,203,YSRAEL MARTINEZ MEDINA        ,1D,ACTIVO,39D5J6 ,2,F421,08KF,2026-02-01,2026-02-11,20466,157,,W1204224868,SM2,2025-12-15,12D,74,2026-02-11 10:25:33,2004,M,9NCX3,39D5J6 ,157,Nor,  ,,,,GSC
2026-02-01 00:00:00,782971000021,27,DW,12,A,01,272,EDUARDO A FERNANDEZ VIDAL     ,1D,ACTIVO,N865JL ,2,F622,18LM,2026-01-01,2025-11-19,41889,482,,W1204270825,SM3,2026-01-28,CDX,30,2026-01-19 07:53:19,2703,M,GAD0M,N865JL ,0,Nor,53,UI SERV DIRECTO,53,S,CCC
2026-02-01 00:00:00,782980201447,21,DW,12,C,01,210,MIRANDA CETINA MARINA         ,1D,ACTIVO,0U745K ,2,F421,06GH,2026-01-01,2026-01-14,76218,309,,W1204256830,SM2,2026-01-16,MED,42,2026-01-14 08:57:01,2101,L,9P14L,0U745K ,99241,Nor,  ,,FR,S,GSC
2026-02-01 00:00:00,782991101908,27,DW,12,A,01,272,LUJAN RAMIREZ MIGUEL          ,1D,ACTIVO,1W61T4 ,2,F621,04F3,2026-01-01,2026-01-19,64792,461,,W1204210383,SM3,2025-12-03,CDD,86,2026-01-19 11:53:10,2703,M,GAD0M,1W61T4 ,461,Nor,  ,,,,CCC
2026-02-01 00:00:00,783000463684,27,DW,12,D,01,274,ERUBIEL RODRIGUEZ DUARTE      ,1D,ACTIVO,6V84M3 ,2,F421,04GH,2026-01-01,2026-01-19,69840,0,,W1204266731,SM3,2026-01-26,WAD,32,2026-01-19 11:45:11,2703,M,GATJM,6V84M3 ,0,Nor,31,SERVICIO SIN USO,,,CCC
2026-02-01 00:00:00,783090400066,20,DW,12,D,01,202,SIMICUN SA DE CV              ,02,ACTIVO,35D2A6 ,2,F421,08KF,2026-02-01,2025-12-12,85394,2328,,W1204258494,SM3,2026-01-18,CDK,40,2026-02-11 07:45:55,2003,M,GA4HN,35D2A6 ,0,Nor,53,UI SERV DIRECTO,53,S,CCC
2026-02-01 00:00:00,783090702259,34,DW,12,A,05,343,CENTENO GUTIERREZ ELIAS       ,1D,ACTIVO,UW548N ,2,F623,21NY,2023-04-01,2023-04-26,41531,796,,W1204236061,SMC,2025-12-24,LIR,65,,,,,,,,,,,,MED
2026-02-01 00:00:00,783090706076,02,DW,12,D,01,022,RAFAEL GONZALEZ LOPEZ         ,1D,ACTIVO,61M9P9 ,2,F62H,09KN,2026-02-01,2026-01-28,56809,1850,,W1204207999,SMG,2025-12-01,LIR,88,2026-01-28 08:50:55,0202,M,9P14M,61M9P9 ,833,Opt,  ,,,,MED
2026-02-01 00:00:00,783090908647,37,DW,12,C,01,374,GUERRERO INIESTA JUDITH       ,1D,ACTIVO,HYU380 ,2,F623,23NU,2026-01-01,2026-01-26,10283,294,,W1204229187,SM3,2025-12-17,WAD,72,2026-01-26 11:13:07,3705,L,9P120,HYU380 ,294,Opt,  ,,,,CCC
2026-02-01 00:00:00,783050501609,29,DW,12,D,01,292,CORDOVA GONZALEZ SAUL         ,1D,ACTIVO,9B946Y ,2,F621,04F3,2026-01-01,2025-11-20,72884,89,,W1204261670,SMC,2026-01-20,LIR,38,2026-01-20 12:42:31,2902,L,9NCX1,9B946Y ,0,Nor,65,UI MED INVERTIDO,65,S,MED
2026-02-01 00:00:00,783091104223,16,DW,12,D,01,162,GARCIA RAMIREZ MIRIAM         ,1D,ACTIVO,97M4P6 ,2,F62H,09KN,2026-02-01,2026-02-09,64887,1548,,W1204220242,SMG,2025-12-10,LIR,79,2026-02-09 08:36:01,1603,M,GAF1M,97M4P6 ,1548,Nor,  ,,LM,S,MED
2026-02-01 00:00:00,783100306977,84,DW,12,D,01,076,COMERC  FARMAC DE CHIAPAS SACV,02,ACTIVO,M470LV ,2,KT2R,17KL,2019-11-01,2019-11-07,6700,6700,,W1204207833,SM2,2025-12-01,12D,88,,,,,,,,,,,,GSC
2026-02-01 00:00:00,783100404049,20,DW,12,D,01,201,KAUIL PAT BUENAVENTURA        ,1D,ACTIVO,BE007J ,2,F623,19NV,2026-02-01,2026-02-11,1489,44,,W1204224819,SM2,2025-12-15,SAV,74,2026-02-11 10:40:51,2002,M,9ND6M,BE007J ,44,Opt,  ,,,,GSC
2026-02-01 00:00:00,783100605346,25,DW,12,D,01,257,PAT ESPADAS FANNY GPE         ,02,ACTIVO,69X1B0 ,2,F62H,09KN,2026-01-01,2026-01-16,3054,0,,W1204253331,SM3,2026-01-14,CDA,44,2026-01-16 12:19:16,2505,M,GA4HN,69X1B0 ,0,Opt,31,SERVICIO SIN USO,,,CCC
2026-02-01 00:00:00,783061007258,33,DW,12,D,01,336,MONROY LOPEZ ROSARIO GUADALUPE,1D,ACTIVO,3T083A ,2,F621,06F3,2026-01-01,2026-01-22,51600,600,,W1204251179,SM3,2026-01-13,CDV,45,,,,,,,,,,,,CCC
2026-02-01 00:00:00,783100710484,28,DW,12,C,01,287,MORENCHEL MENDEZ LUIS MANUEL  ,1D,ACTIVO,91U4J8 ,2,F62H,09KN,2026-02-01,2026-02-17,26566,1091,,W1204231637,SMG,2025-12-19,LIR,70,2026-02-17 08:46:02,2805,M,GAKFM,91U4J8 ,1091,Opt,  ,,,,MED
2026-02-01 00:00:00,783100806821,14,DW,12,D,01,143,TORRES PRIMO NORMA            ,1D,BAJA,,2,,,2026-02-01,2026-02-11,26852,97552,,W1204219600,SM2,2025-12-10,12D,79,2026-02-06 08:23:53,1403,M,GA4HN,49E09E ,0,Nor,59,DISPLAY APAGADO,59,S,GSC
2026-02-01 00:00:00,783100807143,14,DW,12,D,01,143,CABRERA DAMIAN MISAEL         ,1D,ACTIVO,YC843P ,2,F623,21NU,2026-02-01,2025-10-08,13,0,,W1204219260,SMC,2025-12-10,LIR,79,2026-02-06 08:30:26,1403,M,GA4HN,YC843P ,0,Nor,53,UI SERV DIRECTO,53,S,MED
2026-02-01 00:00:00,783100902324,14,DW,12,D,01,143,LOPEZ DZIB RAMIRO             ,1D,SUJETO A CORTE,46E33E ,2,F62H,10KN,2026-02-01,2025-08-08,26262,197,,W1204219604,SM2,2025-12-10,12D,79,2026-02-06 09:30:23,1403,M,GA4HN,46E33E ,0,Nor,59,DISPLAY APAGADO,59,S,GSC
2026-02-01 00:00:00,783100911081,22,DW,12,D,01,226,ZUNIGA PINEDA MIRIAM CARMINA  ,1D,ACTIVO,51E92E ,2,F62H,10KN,2026-02-01,2025-10-14,54009,553,,W1204227109,SM2,2025-12-16,12D,73,2026-02-12 10:00:27,2202,M,GAALN,51E92E ,0,Nor,59,DISPLAY APAGADO,59,S,GSC
2026-02-01 00:00:00,783101005725,02,DW,12,D,01,023,GONZALEZ RODRIGUEZ CARLOS DANI,1D,ACTIVO,15E72E ,2,F62H,10KN,2026-02-01,2026-02-03,32967,407,,W1204270757,SMG,2026-01-28,LIR,30,2026-01-28 09:25:39,0203,M,9ND6M,15E72E ,0,Nor,64,P. INFRARROJO/MED. D,64,S,MED
2026-02-01 00:00:00,783101015917,16,DW,12,D,01,160,SOLIS TUZ LANDY ROSA          ,1D,ACTIVO,74E37N ,2,F62H,10KN,2026-02-01,2026-02-09,27841,973,,W1204220256,SMG,2025-12-10,LIR,79,2026-02-09 08:56:46,1601,M,GA4HN,74E37N ,973,Opt,  ,,,,MED
2026-02-01 00:00:00,782871100151,39,DW,12,C,01,393,SANTILLAN CAMPOS MARGARITA    ,1D,ACTIVO,8E3B57 ,2,F421,00GH,2026-01-01,2026-01-27,42234,297,,W1204213754,SM3,2025-12-05,WAC,84,2026-01-27 10:01:38,3902,M,9NCWY,8E3B57 ,297,Nor,  ,,,,CCC
2026-02-01 00:00:00,783110100901,09,DW,12,D,01,090,AGUIRRE RIVERA ERENDIRA ITZAMN,1D,ACTIVO,JAW672 ,2,F623,23NU,2023-11-01,2023-11-06,42500,2035,,W1204244065,SMC,2026-01-06,LIR,52,,,,,,,,,,,,MED
2026-02-01 00:00:00,783110103071,84,DW,12,D,01,081,CONTROLADORA DE NEG COMER     ,02,ACTIVO,R429XM ,2,KT2R,18KE,2019-02-01,2019-01-01,21249,132,,W1204207822,SM2,2025-12-01,12D,88,,,,,,,,,,,,GSC
2026-02-01 00:00:00,783110305294,19,DW,12,A,01,190,MUNICIPIO DE BENITO JUAREZ    ,02,CORTADO,82P1C6 ,3,FD2H,09KV,2026-01-01,2026-01-13,32634,7856,,W1204253553,SM2,2026-01-14,12A,44,2026-01-13 15:35:44,1901,M,GAFHM,82P1C6 ,0,Nor,5X,RUTA INCOMPLETA,,,GSC
2026-02-01 00:00:00,783110306851,16,DW,12,D,01,161,LARA TIBURCIO JOSE JULIAN     ,1D,BAJA,,2,,,2025-02-01,2025-02-27,22744,0,,W1204238056,SMC,2025-12-29,WAC,60,2025-02-06 15:27:30,1602,L,9NCX4,4T156A ,0,Nor,31,SERVICIO SIN USO,,,MED
2026-02-01 00:00:00,783110407101,28,DW,12,C,01,287,CID GALINDO LAURA C           ,1D,ACTIVO,08N69N ,2,F62H,10KN,2026-02-01,2026-02-17,96312,1726,,W1204231638,SMG,2025-12-19,LIR,70,2026-02-17 09:49:41,2805,M,GAKFM,08N69N ,1726,Opt,  ,,,,MED
2026-02-01 00:00:00,783110407127,28,DW,12,C,01,287,VILLEDA GUILLEN THALIA P      ,1D,ACTIVO,43N65N ,2,F62H,10KN,2026-02-01,2026-02-17,41835,936,,W1204231640,SMG,2025-12-19,LIR,70,2026-02-17 09:58:53,2805,M,GAKFM,43N65N ,936,Nor,  ,,LM,S,MED
2026-02-01 00:00:00,783110407135,28,DW,12,C,01,287,CASAS ARIAS URIEL HAZAEL      ,1D,ACTIVO,43N67N ,2,F62H,10KN,2026-02-01,2026-02-17,10883,371,,W1204231641,SMG,2025-12-19,LIR,70,2026-02-17 09:59:19,2805,M,GAKFM,43N67N ,371,Opt,  ,,,,MED
2026-02-01 00:00:00,783110701874,04,DW,12,D,01,042,PROVEEDORA DEL PANADERO SA CV ,02,ACTIVO,906GJ0 ,2,F622,12LJ,2026-02-01,2026-02-03,48558,0,,W1204211905,SM2,2025-12-04,SAV,85,2026-01-29 11:55:46,0402,M,GATJM,906GJ0 ,0,Nor,56,NO HAY MEDIDOR,56,S,GSC
2026-02-01 00:00:00,783110704121,08,DW,12,D,02,081,NOH COCOM RAUL                ,1B,ACTIVO,REE060 ,2,F623,24NY,2024-12-01,2024-12-04,33478,751,,W1204212165,SMC,2025-12-04,LIR,85,,,,,,,,,,,,MED
2026-02-01 00:00:00,783110905429,12,DW,12,D,01,122,CORDOVA OLAN JULIO CESAR      ,1D,ACTIVO,63T12C ,2,F62H,10KN,2026-02-01,2026-02-05,18750,232,,W1204217188,SMG,2025-12-09,LIR,80,2026-02-05 08:30:23,1203,M,GAF1M,63T12C ,232,Opt,  ,,,,MED
2026-02-01 00:00:00,783110906719,12,DW,12,D,01,122,CRUZ GALVEZ ALEJANDRA         ,1D,ACTIVO,62T58C ,2,F62H,10KN,2026-02-01,2026-02-05,31415,857,,W1204217192,SMG,2025-12-09,LIR,80,2026-02-05 08:38:47,1203,M,GAF1M,62T58C ,857,Opt,  ,,,,MED
2026-02-01 00:00:00,783110906948,12,DW,12,D,01,122,KANTUN AC HUMBERTO            ,1D,ACTIVO,62T18C ,2,F62H,10KN,2026-02-01,2026-02-05,62209,2342,,W1204217191,SMG,2025-12-09,LIR,80,2026-02-05 08:40:47,1203,M,GAF1M,62T18C ,2342,Opt,  ,,,,MED
2026-02-01 00:00:00,783110906972,12,DW,12,D,01,122,ZACARIAS DE LA CRUZ ADRIANA   ,1D,ACTIVO,63T03C ,2,F62H,10KN,2026-02-01,2026-02-05,74155,1495,,W1204217190,SMG,2025-12-09,LIR,80,2026-02-05 08:41:31,1203,M,GAF1M,63T03C ,1495,Opt,  ,,,,MED
2026-02-01 00:00:00,783111003828,02,DW,12,D,01,023,CHALE DE LA FUENTE TOMASA     ,1D,ACTIVO,41W78G ,2,F62H,11KN,2026-02-01,2025-12-01,56485,799,,W1204270758,SMG,2026-01-28,LIR,30,2026-01-28 12:09:35,0203,M,9ND6M,41W78G ,0,Nor,64,P. INFRARROJO/MED. D,64,S,MED
2026-02-01 00:00:00,783111011685,12,DW,12,D,01,122,CHAN PECH MIGUEL B            ,1D,ACTIVO,68T15C ,2,F62H,10KN,2026-02-01,2026-02-05,51556,722,,W1204217184,SMG,2025-12-09,LIR,80,2026-02-05 07:58:06,1203,M,GAF1M,68T15C ,722,Opt,  ,,,,MED
2026-02-01 00:00:00,783111103148,12,DW,12,D,01,122,UN BACAB MARCELINA            ,1D,ACTIVO,67T80C ,2,F62H,10KN,2026-02-01,2026-02-05,38066,1009,,W1204217199,SMG,2025-12-09,LIR,80,2026-02-05 09:01:37,1203,M,GAF1M,67T80C ,1009,Opt,  ,,,,MED
2026-02-01 00:00:00,783120207053,12,DW,12,D,01,122,CHALE VILLANUEVA CARLOS NAZARE,1D,ACTIVO,64W17B ,2,F62H,11KN,2026-02-01,2026-02-05,37187,1281,,W1204217185,SMG,2025-12-09,LIR,80,2026-02-05 07:57:30,1203,M,GAF1M,64W17B ,1281,Opt,  ,,,,MED
2026-02-01 00:00:00,783120503680,37,DW,12,D,04,371,DIAZ SEL ROGER RONALDO        ,1D,ACTIVO,JAX659 ,2,F623,23NU,2025-01-01,2025-01-24,15606,967,,W1204267281,SMC,2026-01-26,LIR,32,,,,,,,,,,,,MED
2026-02-01 00:00:00,782910800793,21,DW,12,C,01,210,GLORIA LUZ QUEVEDO            ,1D,ACTIVO,E08F01 ,2,F621,91G4,2026-01-01,2026-01-16,66729,211,,W1204255021,SM2,2026-01-15,MED,43,2026-01-14 11:45:34,2101,L,9P14L,E08F01 ,20211,Nor,  ,,FR,S,GSC
2026-02-01 00:00:00,782930700043,27,DW,12,A,01,272,GLORIA E LIMA REAL            ,1D,ACTIVO,5B524V ,2,F621,04F3,2026-01-01,2026-01-19,38907,34,,W1204273091,SM3,2026-01-30,WAA,28,,,,,,,,,,,,CCC
2026-02-01 00:00:00,783080907383,19,DW,12,D,01,194,DZIB CAUICH MARIA             ,1D,ACTIVO,36D1J2 ,2,F421,08KF,2026-01-01,2026-01-13,67950,1008,,W1204207661,SM3,2025-12-01,WAD,88,2026-01-13 10:11:53,1905,M,9ND6M,36D1J2 ,1008,Nor,  ,,,,CCC
2026-02-01 00:00:00,783130102390,38,DW,12,D,01,383,DELGADO SANCHEZ JOSE ALEJANDRO,1D,ACTIVO,591MW6 ,2,F622,12LJ,2026-02-01,2026-02-24,25037,0,,W1204238192,SM2,2025-12-29,12D,60,2026-02-24 08:49:24,3804,M,9P14M,591MW6 ,0,Nor,59,DISPLAY APAGADO,59,S,GSC
2026-02-01 00:00:00,783130104465,07,DW,12,D,01,071,PEREZ DOMINGUEZ MARIA ELENA   ,1D,ACTIVO,606JKG ,2,F622,15LM,2026-01-01,2025-07-04,38157,495,,W1204242897,SMG,2026-01-05,LIR,53,2026-01-05 10:38:30,0702,M,GAKFM,611MW5 ,0,Nor,60,MEDID NO TRABAJA,60,S,MED
2026-02-01 00:00:00,783080911593,25,DW,12,D,01,257,CABRERA PEREZ MARTIN OSWALDO  ,1D,ACTIVO,DBP217 ,2,F623,22NU,2026-01-01,2026-01-16,38955,1849,,W1204261359,SM3,2026-01-20,CDP,38,,,,,,,,,,,,CCC
2026-02-01 00:00:00,783140210310,39,DW,12,D,01,392,CASATANEDA SANCHEZ ARTURO     ,1D,ACTIVO,365G3N ,2,F622,13LM,2026-01-01,2026-01-27,74788,857,,W1204225952,SM3,2025-12-15,CDB,74,2026-01-27 13:01:52,3902,M,GATJM,365G3N ,857,Opt,  ,,,,CCC
2026-02-01 00:00:00,783140313275,38,DW,12,D,01,383,FERNANDEZ PARRA LUCIO JOSE    ,1D,ACTIVO,1U103U ,2,F421,06GH,2026-02-01,2026-02-24,22552,0,,W1204238600,SM3,2025-12-29,WAD,60,2026-02-24 07:04:28,3804,M,9P14M,1U103U ,0,Nor,53,UI SERV DIRECTO,53,S,CCC
2026-02-01 00:00:00,783140700554,84,DW,12,D,01,044,FARMACON S A  DE C V          ,02,ACTIVO,J895EF ,2,KT2R,17KE,2018-08-01,2018-08-09,36761,2768,,W1204272481,SM3,2026-01-29,CDB,29,,,,,,,,,,,,CCC
2026-02-01 00:00:00,783140702026,21,DW,12,D,01,213,LARA GUTIERREZ RAQUEL         ,1D,ACTIVO,53E73E ,2,F62H,10KN,2026-01-01,2026-01-14,39036,341,,W1204254174,SMC,2026-01-15,CDD,43,,,,,,,,,,,,MED
2026-02-01 00:00:00,783140709292,24,DW,12,D,04,240,RAMIREZ LOPEZ LEO             ,02,ACTIVO,55W28F ,2,F62H,11KN,2021-06-01,2021-06-16,53223,0,,W1204272279,SM3,2026-01-29,WAD,29,,,,,,,,,,,,CCC
2026-02-01 00:00:00,783140807847,84,DW,12,D,01,081,CONTROLADORA DE NEG COMER     ,02,ACTIVO,V523EB ,2,KT2R,18KE,2023-12-01,2024-01-16,0,0,,W1204207856,SM2,2025-12-01,12D,88,,,,,,,,,,,,GSC
2026-02-01 00:00:00,783141105323,67,DW,12,D,01,670,MUNICIPIO DE BENITO JUAREZ    ,5A,ACTIVO,63M4J9 ,3,F62H,09KN,2019-03-01,2050-01-01,0,0,,W1204248492,SMC,2026-01-09,LIR,49,,,,,,,,,,,,MED
2026-02-01 00:00:00,783081007459,84,DW,12,D,01,081,CONTROLADORA DE NEG COMER     ,02,ACTIVO,J497FD ,2,KT2R,17KL,2008-10-01,2008-10-29,0,0,,W1204207826,SM2,2025-12-01,12D,88,,,,,,,,,,,,GSC
2026-02-01 00:00:00,783150701621,22,DW,12,D,04,220,NAHUAT GONZALEZ MARTHA MARIBEL,1D,ACTIVO,JAP400 ,2,F623,23NU,2023-12-01,2023-12-13,18907,0,,W1204253129,SM3,2026-01-14,WAD,44,,,,,,,,,,,,CCC
2026-02-01 00:00:00,783150702776,29,DW,12,D,01,292,CUXIM DZIB JOSE DOLORES       ,1D,ACTIVO,3AXE70 ,2,F623,25P2,2026-01-01,2026-02-12,0,0,,W1204261668,SMC,2026-01-20,LIR,38,2026-01-20 12:13:06,2902,L,9NCX1,710ARY ,0,Nor,53,UI SERV DIRECTO,53,S,MED
2026-02-01 00:00:00,783151003499,20,DW,12,D,01,200,NOVELO SANTOS JOSE GABRIEL    ,1D,ACTIVO,481FVG ,2,F622,15LM,2026-02-01,2025-12-12,60680,726,,W1204253406,SM3,2026-01-14,CDK,44,2026-02-11 11:34:07,2001,M,GAF1M,481FVG ,0,Nor,53,UI SERV DIRECTO,53,S,CCC
2026-02-01 00:00:00,783151103647,04,DW,12,C,01,042,GONZALEZ BACELIS TERESA DE JES,1D,ACTIVO,435EBU ,2,F622,15LM,2026-02-01,2025-05-30,40845,732,,W1204209744,SMC,2025-12-02,LIR,87,2026-01-29 10:45:45,0402,L,9P130,435EBU ,0,Nor,53,UI SERV DIRECTO,53,S,MED
2026-02-01 00:00:00,783160608191,23,DW,12,D,01,233,BAUTISTA CRUZ MONICA          ,1D,ACTIVO,508JHM ,2,F622,15LM,2026-01-01,2026-01-15,15272,0,,W1204263980,SM3,2026-01-22,WAD,36,2026-01-15 08:37:54,2304,M,GA4HN,508JHM ,0,Opt,31,SERVICIO SIN USO,,,CCC
2026-02-01 00:00:00,783170401497,04,DW,12,D,01,042,KINIL ALCOCER REMIGIO A       ,1D,ACTIVO,A076LC ,2,F622,16LM,2026-02-01,2025-05-30,4932,550,,W1204210609,SM2,2025-12-03,12D,86,2026-01-29 16:17:56,0402,M,GATJM,A076LC ,0,Nor,59,DISPLAY APAGADO,59,S,GSC
2026-02-01 00:00:00,783170600023,24,DW,12,D,04,242,MOSCOSO DOMINGUEZ IVAN        ,1D,ACTIVO,A866JY ,2,F622,16LM,2026-02-01,2025-12-16,14222,205,,W1204265811,SM3,2026-01-24,CDX,34,2026-02-13 08:43:18,2428,M,GATJM,A866JY ,0,Nor,60,MEDID NO TRABAJA,60,S,CCC
2026-02-01 00:00:00,783170601488,20,DW,12,D,01,200,PALOMO CAAMAL GEOVANNY A      ,1D,ACTIVO,A949LD ,2,F622,16LM,2026-02-01,2026-02-11,17351,80,,W1204233217,SM3,2025-12-21,CDJ,68,2026-02-11 11:40:08,2001,M,GAF1M,A949LD ,80,Opt,  ,,,,CCC
2026-02-01 00:00:00,783170603758,04,DW,12,C,01,042,MACIEL SANCHEZ RUBI DEL PILAR ,1D,ACTIVO,JCF622 ,2,F623,23NU,2026-02-01,2025-05-30,25058,406,,W1204209741,SMG,2025-12-02,LIR,87,2026-01-29 10:21:50,0402,L,9P130,A297KP ,0,Nor,53,UI SERV DIRECTO,53,S,MED
2026-02-01 00:00:00,783081200739,19,DW,12,D,01,194,ABAN YAM CLEMENTE LUCIANO     ,1D,ACTIVO,98C2N9 ,2,F621,08KG,2026-01-01,2026-01-13,28232,292,,W1204253348,SM2,2026-01-14,12D,44,2026-01-13 08:03:54,1905,M,9ND6M,98C2N9 ,99292,Nor,  ,,FR,S,GSC
2026-02-01 00:00:00,783170707766,04,DW,12,C,01,042,JIMENEZ JIMENEZ OSCAR ISRAEL  ,1D,ACTIVO,G001MP ,2,F622,17LM,2026-02-01,2026-01-29,18975,0,,W1204262802,SM3,2026-01-21,CDK,37,2026-01-29 08:49:34,0402,L,9P130,G001MP ,0,Opt,31,SERVICIO SIN USO,,,CCC
2026-02-01 00:00:00,783170904901,12,DW,12,D,01,122,SANTANDER GONZALEZ MARISOL    ,1D,ACTIVO,515G4N ,2,F622,13LM,2026-02-01,2025-08-07,5524,12,,W1204218074,SM2,2025-12-09,12D,80,2026-02-05 10:35:24,1203,M,GAF1M,515G4N ,0,Nor,59,DISPLAY APAGADO,59,S,GSC
2026-02-01 00:00:00,783171003428,37,DW,12,D,04,372,CALVARIO MARQUEZ YERED ARATH  ,1D,ACTIVO,J027DX ,2,F622,17LM,2026-01-01,2026-01-28,12234,258,,W1204267595,SMC,2026-01-26,LIR,32,2026-01-26 12:23:49,3728,M,9ND6M,J027DX ,0,Nor,53,UI SERV DIRECTO,53,S,MED
2026-02-01 00:00:00,783091002331,27,DW,12,D,01,270,UITZ SANCHEZ JOSE GRASCIANO   ,1D,ACTIVO,75R40N ,2,F62H,10KN,2009-11-01,2050-01-01,0,0,,W1204265088,SM3,2026-01-23,WAD,35,,,,,,,,,,,,CCC
2026-02-01 00:00:00,783180204088,16,DW,12,D,01,160,PINA BALAM HERMILO            ,1D,ACTIVO,LKE677 ,2,F623,23NY,2026-02-01,2025-08-11,5721,633,,W1204262474,SM3,2026-01-21,CDD,37,2026-02-09 11:41:33,1601,M,GA4HN,LKE677 ,0,Nor,53,UI SERV DIRECTO,53,S,CCC
2026-02-01 00:00:00,783180206111,24,DW,12,D,04,240,NOTARIO SANCHEZ ERASMO        ,02,ACTIVO,910GP4 ,3,FD22,12LK,2026-02-01,2025-08-15,1378,0,,W1204228715,SM2,2025-12-17,12D,72,2026-02-13 13:36:22,2426,L,GAALN,910GP4 ,0,Nor,59,DISPLAY APAGADO,59,S,GSC
2026-02-01 00:00:00,783180305895,66,DW,12,D,01,621,MUNICIPIO DE BENITO JUAREZ    ,5A,ACTIVO,239MW3 ,3,F622,12LJ,2026-02-01,2026-02-06,90656,1300,,W1204247147,SMC,2026-01-08,LIR,50,2026-02-06 10:57:57,6602,L,9NCX4,239MW3 ,0,Nor,53,UI SERV DIRECTO,53,S,MED
2026-02-01 00:00:00,783180404907,24,DW,12,D,04,240,BALAM QUITERIO ROSA MARIA     ,1D,ACTIVO,J652PL ,2,F622,17LM,2026-02-01,2026-02-13,21304,876,,W1204228093,SMG,2025-12-17,LIR,72,2026-02-13 10:56:17,2426,L,GAALN,J652PL ,876,Opt,  ,,,,MED
2026-02-01 00:00:00,783180502763,68,DW,12,D,01,680,MUNICIPIO DE BENITO JUAREZ    ,5A,ACTIVO,639G9E ,3,F622,13LM,2026-02-01,2026-02-10,26289,1531,,W1204250447,SMC,2026-01-12,LIR,46,2026-02-10 11:04:42,6802,L,9NCX4,639G9E ,0,Nor,53,UI SERV DIRECTO,53,S,MED
2026-02-01 00:00:00,783180801426,04,DW,12,C,01,042,ARIAS SILVA TZETZANGARI MAGDAL,1D,ACTIVO,HLN863 ,2,F623,23NY,2026-02-01,2026-02-22,0,0,,W1204253050,SM2,2026-01-14,CDC,44,2026-01-29 10:23:26,0402,L,9P130,746JLB ,0,Nor,53,UI SERV DIRECTO,53,S,GSC
2026-02-01 00:00:00,783190404794,34,DW,12,D,01,342,HERNANDEZ OVANDO ENEDINA      ,1D,ACTIVO,00U6K8 ,2,F62H,09KN,2026-02-01,2026-02-20,7865,0,,W1204236762,SM2,2025-12-26,12D,63,2026-02-20 06:53:35,3403,L,GATJM,00U6K8 ,0,Nor,59,DISPLAY APAGADO,59,S,GSC
2026-02-01 00:00:00,783190406614,04,DW,12,C,01,042,HERNANDEZ VILLA ADRIANA GUADAL,1D,ACTIVO,A301KA ,2,F622,16LM,2026-02-01,2025-12-02,9687,10,,W1204272435,SMG,2026-01-29,LIR,29,2026-01-29 11:21:05,0402,L,9P130,A301KA ,0,Nor,60,MEDID NO TRABAJA,60,S,MED
2026-02-01 00:00:00,783190406622,04,DW,12,C,01,042,MAZARIEGOS SOLIS MAURICIO DE J,1D,ACTIVO,87D63W ,2,F62H,10KN,2026-02-01,2025-12-02,20768,133,,W1204272431,SMC,2026-01-29,LIR,29,2026-01-29 11:15:55,0402,L,9P130,87D63W ,0,Nor,53,UI SERV DIRECTO,53,S,MED
2026-02-01 00:00:00,783190406649,04,DW,12,C,01,042,LARA CONTRERAS ANA VERONICA   ,1D,ACTIVO,754FVG ,2,F622,15LM,2026-02-01,2024-05-24,11107,422,,W1204211675,SM2,2025-12-04,MED,85,2026-01-29 11:26:06,0402,L,9P130,754FVG ,0,Nor,59,DISPLAY APAGADO,59,S,GSC
2026-02-01 00:00:00,783030600422,84,DW,12,D,01,078,TELEFONOS DE MEXICO SA B DE CV,02,ACTIVO,U536AK ,2,KL2R,18KE,2020-05-01,2020-05-15,69545,1749,,W1204207828,SM2,2025-12-01,12D,88,,,,,,,,,,,,GSC
2026-02-01 00:00:00,783190604513,06,DW,12,D,01,063,VELAZQUEZ ARJONA VICTOR MANUEL,1D,ACTIVO,29E7K6 ,2,F62F,08K6,2026-02-01,2025-12-03,26854,307,,W1204273615,SMG,2026-01-30,LIR,28,2026-01-30 10:45:17,0604,L,GAA7N,29E7K6 ,0,Nor,60,MEDID NO TRABAJA,60,S,MED
2026-02-01 00:00:00,783190700199,05,DW,12,D,01,050,HERNANDEZ TORRES REBECA       ,1D,ACTIVO,447MW1 ,2,F622,12LJ,2026-01-01,2026-01-02,12029,362,,W1204257061,SM3,2026-01-16,CDB,42,,,,,,,,,,,,CCC
2026-02-01 00:00:00,783100707165,21,DW,12,D,01,217,POOL SOSA ADRIAN FELIPE       ,1D,ACTIVO,9DVF41 ,2,F623,25NY,2025-09-01,2025-09-11,29682,986,,W1204272466,SM3,2026-01-29,CDL,29,,,,,,,,,,,,CCC
2026-02-01 00:00:00,783101202598,84,DW,12,D,01,089,RADIOMOVIL DIPSA SA DE CV     ,02,ACTIVO,R543YT ,2,KL2R,18NR,2020-03-01,2020-03-13,92923,0,,W1204207830,SM2,2025-12-01,12D,88,,,,,,,,,,,,GSC
2026-02-01 00:00:00,783200801738,04,DW,12,C,01,042,CRUZ SOLIS ALFREDO            ,1D,ACTIVO,BE275M ,2,F623,19NV,2026-02-01,2025-12-02,1461,11,,W1204273079,SM2,2026-01-30,MED,28,2026-01-29 09:04:49,0402,L,9P130,BE275M ,98550,Opt,  ,,,,GSC
2026-02-01 00:00:00,783201003428,17,DW,12,C,01,175,DE PAZ NAVAJAS RAUL           ,1D,ACTIVO,YU634J ,2,F623,21NU,2022-03-01,2022-03-14,1487,0,,W1204273337,SM3,2026-01-30,CDW,28,,,,,,,,,,,,CCC
2026-02-01 00:00:00,783201100628,06,DW,12,D,01,060,KAUIL CHAN CARLOS ALBERTO     ,1D,ACTIVO,03E61E ,2,F62H,10KN,2024-10-01,2024-10-02,16862,2072,,W1204211670,SM2,2025-12-04,12D,85,,,,,,,,,,,,GSC
2026-02-01 00:00:00,783201207023,04,DW,12,C,01,042,GARCIA VALDEZ PEDRO ISIDORO   ,1D,ACTIVO,BE247N ,2,F623,19NV,2026-02-01,2024-09-27,1692,98,,W1204209742,SMG,2025-12-02,LIR,87,2026-01-29 10:19:29,0402,L,9P130,BE247N ,0,Nor,53,UI SERV DIRECTO,53,S,MED
2026-02-01 00:00:00,783201207406,05,DW,12,D,01,051,CAMARA MOO MARIA FRANCISCA    ,1D,BAJA,,2,,,2025-10-01,2025-10-17,12818,98538,,W1204262595,SMC,2026-01-21,WAD,37,,,,,,,,,,,,MED
2026-02-01 00:00:00,783210603071,04,DW,12,C,01,042,SEGURA HERNANDEZ GUADALUPE    ,1D,ACTIVO,NT839A ,2,F623,20NU,2026-02-01,2025-09-30,12937,759,,W1204209736,SMG,2025-12-02,LIR,87,2026-01-29 09:47:57,0402,L,9P130,NT839A ,0,Nor,53,UI SERV DIRECTO,53,S,MED
2026-02-01 00:00:00,783210701367,12,DW,12,D,01,120,FERNANDEZ MEDINA LUIS MANUEL  ,1D,ACTIVO,MF389R ,2,F623,20NU,2026-02-01,2025-12-08,3345,123,,W1204270226,SM3,2026-01-28,WAA,30,2026-02-05 07:58:07,1201,M,GAA7N,MF389R ,0,Nor,56,NO HAY MEDIDOR,56,S,CCC
2026-02-01 00:00:00,783210705273,17,DW,12,D,01,170,SANCHEZ KANE DAVID            ,1D,ACTIVO,YP034N ,2,F623,21NU,2026-01-01,2026-01-12,12278,291,,W1204265180,SM3,2026-01-23,WAA,35,,,,,,,,,,,,CCC
2026-02-01 00:00:00,783070105564,84,DW,12,D,01,081,CONTROLADORA DE NEG COMER     ,02,ACTIVO,R423XM ,2,KT2R,18KE,2019-07-01,2019-07-03,9248,3320,,W1204207860,SM2,2025-12-01,12D,88,,,,,,,,,,,,GSC
2026-02-01 00:00:00,783080601471,19,DW,12,D,01,194,GLORIA LIRA ARIAS             ,1D,ACTIVO,76B0W8 ,2,F621,08KG,2026-01-01,2026-01-13,32330,107,,W1204251638,SM3,2026-01-13,CDW,45,2026-01-13 15:28:49,1905,M,9ND6M,76B0W8 ,24,Nor,  ,,FR,S,CCC
2026-02-01 00:00:00,783220204493,15,DW,12,D,01,154,CRUZ ROSALES ARACELI          ,1D,ACTIVO,7CFD83 ,2,F623,25P3,2026-01-01,2026-01-09,23485,599,,W1204237542,SMC,2025-12-27,CDF,62,2026-01-09 10:05:36,1504,M,GAE2M,7CFD83 ,5,Opt,31,SERVICIO SIN USO,,,MED
2026-02-01 00:00:00,783220706081,36,DW,12,D,01,362,NERI ROBLEDO LEONARDO         ,1D,ACTIVO,UW523F ,2,F623,21NY,2026-02-01,2026-02-23,10833,753,,W1204210459,SM3,2025-12-03,WAD,86,2026-02-23 09:40:00,3602,M,9NCX4,UW523F ,753,Opt,  ,,,,CCC
2026-02-01 00:00:00,783220706391,02,DW,12,D,01,022,MONDRAGON GONZALEZ ERICK      ,1D,ACTIVO,X777UM ,2,F622,19LM,2026-02-01,2025-09-29,14685,898,,W1204213191,SM3,2025-12-05,CDL,84,2026-01-28 10:33:36,0202,M,9P14M,X777UM ,0,Nor,53,UI SERV DIRECTO,53,S,CCC
2026-02-01 00:00:00,783230206001,04,DW,12,C,01,042,RAYGOZA MIRANDA MARICELA YANIR,1D,ACTIVO,UU222J ,2,F623,21NY,2026-02-01,2025-12-02,12363,553,,W1204272436,SMG,2026-01-29,LIR,29,2026-01-29 09:26:21,0402,L,9P130,UU222J ,0,Nor,60,MEDID NO TRABAJA,60,S,MED
2026-02-01 00:00:00,783230601261,08,DW,12,D,02,081,SILVA RANGEL VICTOR JESUS     ,1B,ACTIVO,UD393L ,2,F623,21NY,2026-02-01,2026-02-03,868,0,,W1204212166,SMC,2025-12-04,LIR,85,2026-02-03 10:40:26,0827,L,9ND6M,UD393L ,0,Opt,31,SERVICIO SIN USO,,,MED
2026-02-01 00:00:00,783080601951,19,DW,12,D,01,194,LIDIA DEL CARMEN VALENCIA     ,1D,ACTIVO,77B1W6 ,2,F621,08KG,2026-01-01,2026-01-13,25554,479,,W1204270975,SM3,2026-01-28,CDJ,30,,,,,,,,,,,,CCC
2026-02-01 00:00:00,783231004674,25,DW,12,D,01,251,SALAZAR VEGA LUIS RUFINO      ,1D,ACTIVO,JCF695 ,2,F623,23NU,2026-01-01,2026-01-16,0,0,,W1204259524,SMC,2026-01-19,12D,39,2026-01-16 14:41:13,2502,M,9NCX4,JCF695 ,0,Nor,5X,RUTA INCOMPLETA,,,MED
2026-02-01 00:00:00,783080800449,31,DW,12,D,01,317,RIVERA MORENO JOSE LUIS       ,1D,ACTIVO,7M600P ,2,F621,05F3,2026-01-01,2026-01-21,63945,1,,W1204213146,SM3,2025-12-05,WAD,84,2026-01-21 09:43:01,3102,M,GAF1M,7M600P ,1,Nor,31,SERVICIO SIN USO,,,CCC
2026-02-01 00:00:00,783250103438,35,DW,12,D,04,353,ROMERO UGAS MILEYDIS CRISTINA ,1D,ACTIVO,1AAW63 ,2,F623,25NY,2026-01-01,2025-06-07,0,449,,W1204265702,SMC,2026-01-23,LIR,35,2026-01-23 10:28:16,3529,L,9NCX4,1AAW63 ,0,Nor,53,UI SERV DIRECTO,53,S,MED
2026-02-01 00:00:00,783250504106,99,DW,12,D,99,999,OSORIO CORDOBA ANALLELY       ,1D,BAJA,,2,,,,,,,,W1204269412,SMC,2026-01-27,CDF,31,,,,,,,,,,,,MED
2026-02-01 00:00:00,783250507695,66,DW,12,D,01,621,MUNICIPIO DE BENITO JUAREZ    ,5A,ACTIVO,GEA863 ,2,KL28,22NJ,2026-02-01,2026-02-06,0,0,,W1204247146,SMC,2026-01-08,LIR,50,2026-02-06 07:51:47,6602,L,9NCX4,GEA863 ,0,Nor,53,UI SERV DIRECTO,53,S,MED
2026-02-01 00:00:00,783250705390,04,DW,12,C,01,041,GUZMAN DEHARA NORMA ALICIA    ,1D,ACTIVO,1DVE14 ,2,F623,25NY,2026-02-01,2025-12-02,2081,693,,W1204272487,SMC,2026-01-29,LIR,29,2026-01-29 15:37:18,0401,L,GATJM,1DVE14 ,0,Nor,53,UI SERV DIRECTO,53,S,MED
2026-02-01 00:00:00,783250901806,34,DW,12,A,05,344,SCHUBERT MARIE                ,1D,ACTIVO,8BCN94 ,2,F623,25P2,2026-02-01,2026-02-20,51,0,,W1204236062,SMC,2025-12-24,LIR,65,2026-02-20 07:52:56,3428,L,GAFHM,8BCN94 ,0,Nor,53,UI SERV DIRECTO,53,S,MED
2026-02-01 00:00:00,783920306181,04,DW,12,D,01,041,GILBERTO CHAN CANCHE          ,1D,ACTIVO,BA269Y ,2,F622,19MP,2022-12-01,2022-11-30,7952,40,,W1204210547,SM2,2025-12-03,12D,86,,,,,,,,,,,,GSC
2026-02-01 00:00:00,783921100234,84,DW,12,D,01,081,CONTROLADORA DE NEG COMER     ,02,ACTIVO,R440XM ,2,KT2R,18KE,2019-02-01,2019-01-29,45637,541,,W1204207820,SM2,2025-12-01,12D,88,,,,,,,,,,,,GSC
2026-02-01 00:00:00,783940400818,06,DW,12,D,01,063,GREGORIO GARDUNO R            ,1D,ACTIVO,9U967H ,2,F421,06GH,2026-02-01,2026-01-30,4721,676,,W1204211843,SM3,2025-12-04,WAD,85,2026-01-30 11:11:52,0604,L,GAA7N,9U967H ,676,Nor,  ,,FR,S,CCC
2026-02-01 00:00:00,783940407928,06,DW,12,D,01,063,ANTONIO POOT CORONADO         ,1D,ACTIVO,UW223R ,2,F623,21NY,2026-02-01,2025-08-04,19505,695,,W1204211817,SM2,2025-12-04,SAV,85,2026-01-30 10:59:33,0604,L,GAA7N,UW223R ,0,Nor,59,DISPLAY APAGADO,59,S,GSC
2026-02-01 00:00:00,783940601414,66,DW,12,D,01,620,MUNICIPIO DE BENITO JUAREZ    ,5A,ACTIVO,KKC951 ,2,F623,23NU,2024-04-01,2024-04-05,80365,254,,W1204246950,SMC,2026-01-08,LIR,50,,,,,,,,,,,,MED
2026-02-01 00:00:00,783130506342,38,DW,12,D,01,383,JIMENEZ VALENCIA EVER         ,1D,ACTIVO,738VG8 ,2,F622,12LJ,2026-02-01,2026-02-24,28576,393,,W1204248311,SM3,2026-01-09,CDD,49,2026-02-24 08:33:17,3804,M,9P14M,738VG8 ,393,Opt,  ,,,,CCC
2026-02-01 00:00:00,783970100070,08,DW,12,D,02,080,VICENTE LOPEZ MARTINEZ        ,1B,ACTIVO,N254DJ ,2,F622,18LM,2017-02-01,2017-02-02,59875,0,,W1204257419,SMC,2026-01-16,CDL,42,,,,,,,,,,,,MED
2026-02-01 00:00:00,783980400098,84,DW,12,D,01,044,CONTROLADORA DE NEG COMER     ,02,ACTIVO,J337EF ,2,KT2R,17KE,2018-05-01,2018-05-08,40917,2794,,W1204207817,SM2,2025-12-01,12D,88,,,,,,,,,,,,GSC
2026-02-01 00:00:00,784000356108,62,DW,12,C,01,621,MUNICIPIO DE BENITO JUAREZ    ,5A,ACTIVO,REC685 ,2,F623,24NY,2026-02-01,2026-01-30,13343,810,,W1204241078,SMC,2026-01-02,LIR,56,2026-01-30 11:59:01,6202,L,9P14L,REC685 ,0,Nor,53,UI SERV DIRECTO,53,S,MED
2026-02-01 00:00:00,784031200505,24,DW,12,E,01,240,LOPEZ PENICHE JOAQUIN         ,1D,ACTIVO,756MDW ,2,F62J,15MT,2003-12-01,2003-12-30,1,0,,W1204227993,SMC,2025-12-17,LIR,72,,,,,,,,,,,,MED
2026-02-01 00:00:00,784160500400,27,DW,12,E,01,270,TORRE MANCILLA JOSE ANTONIO   ,1D,ACTIVO,075R7W ,3,FD22,14LR,2026-01-01,2026-01-19,70074,3282,,W1204216036,SM3,2025-12-08,CDG,81,2026-01-19 15:29:19,2751,R,GATKM,075R7W ,3100,Opt,  ,,,,CCC
2026-02-01 00:00:00,784170600046,30,DW,12,E,01,300,LAZARO CASTILLO RUTER         ,1D,ACTIVO,PJ406F ,3,KL28,20KE,2026-02-01,2026-02-18,12194,213,,W1204228524,SM2,2025-12-17,SAV,72,,,,,,,,,,,,GSC
2026-02-01 00:00:00,783150701354,13,DW,12,C,01,132,AVILA GALARZA FRANCIS         ,1D,ACTIVO,461G6V ,2,F622,13LM,2026-01-01,2024-11-07,15407,319,,W1204231097,SM2,2025-12-18,WAC,71,2026-01-08 11:04:34,1303,M,9P120,461G6V ,0,Nor,59,DISPLAY APAGADO,59,S,GSC
2026-02-01 00:00:00,783170702497,37,DW,12,D,04,372,AVALOS OLAN ROGER             ,1D,ACTIVO,997RRA ,2,F122,16LN,2026-01-01,2025-11-26,20608,198,,W1204267597,SMG,2026-01-26,LIR,32,2026-01-26 12:26:13,3728,M,9ND6M,997RRA ,0,Nor,60,MEDID NO TRABAJA,60,S,MED
2026-02-01 00:00:00,784200200285,24,DW,12,E,01,240,RAMOS ANASTASIO MARIA BLANCA  ,1D,ACTIVO,EW242W ,2,F623,19NU,2026-02-01,2025-10-15,52572,604,,W1204227991,SMC,2025-12-17,LIR,72,2026-02-13 08:52:29,2401,L,9NCWL,EW242W ,0,Nor,53,UI SERV DIRECTO,53,S,MED
2026-02-01 00:00:00,783171202153,01,DW,12,D,01,014,MARTINEZ MARTINEZ AREMIA      ,1D,ACTIVO,YV314M ,2,F622,21LM,2023-03-01,2023-02-27,6113,0,,W1204261565,SM3,2026-01-20,CDW,38,,,,,,,,,,,,CCC
2026-02-01 00:00:00,784230300721,22,DW,12,E,01,200,OPERADORA JOYA CANCUN SAPI CV ,02,ACTIVO,G863XU ,3,KL28,17KE,2026-02-01,2025-10-14,58071,2779,,W1204228532,SM2,2025-12-17,SAV,72,2026-02-12 10:07:49,2201,L,9NCWL,G863XU ,99647,Opt,  ,,,,GSC
2026-02-01 00:00:00,784840300031,26,DW,12,E,01,262,RAFAEL LARA LARA              ,1D,ACTIVO,819DW9 ,3,FD2H,11KV,2026-02-01,2025-10-16,35363,1251,,W1204231113,SMG,2025-12-18,LIR,71,2026-02-16 08:21:51,2601,L,9NCWL,819DW9 ,0,Nor,60,MEDID NO TRABAJA,60,S,MED
2026-02-01 00:00:00,783190501838,35,DW,12,D,04,353,BERISTAIN NAVARRETE LUZ MARIA ,1D,ACTIVO,491JFT ,2,F622,15LM,2025-01-01,2025-01-23,16860,10592,,W1204265703,SMC,2026-01-23,LIR,35,2025-01-23 15:43:13,3502,M,9NCX4,RBT586 ,831,Opt,  ,,,,MED
2026-02-01 00:00:00,784911100291,64,DW,12,E,01,641,MUNICIPIO DE BENITO JUAREZ    ,5A,ACTIVO,099FMU ,2,F622,15LM,2026-02-01,2026-02-04,80075,2087,,W1204245105,SMC,2026-01-07,LIR,51,2026-02-04 10:21:31,6451,R,9NCWL,099FMU ,0,Nor,53,UI SERV DIRECTO,53,S,MED
2026-02-01 00:00:00,785010101546,27,DW,03,A,01,271,MUNICIPIO DE TICUL  YUCATAN   ,02,ACTIVO,373HAY ,3,KL28,15MK,2012-05-01,2012-05-21,75690,2,,W0301550837,SMG,2026-01-19,LIR,39,,,,,,,,,,,,MED
2026-02-01 00:00:00,785031000821,23,DW,03,A,18,001,MARTIN EK CELENY              ,1B,ACTIVO,9AND23 ,1,F123,25NX,2025-09-01,2025-09-12,43705,0,,W0301550324,SMC,2026-01-15,W3A,43,,,,,,,,,,,,MED
2026-02-01 00:00:00,783190907311,37,DW,12,D,04,372,JIMENEZ ALEJANDRO OMAR        ,1D,ACTIVO,Y976BH ,2,F623,19NU,2026-01-01,2025-11-26,22967,1226,,W1204267596,SMC,2026-01-26,LIR,32,2026-01-26 16:00:52,3728,M,9ND6M,Y976BH ,0,Nor,53,UI SERV DIRECTO,53,S,MED
2026-02-01 00:00:00,785111200723,64,DW,03,A,02,641,TUT BALAM JOSE LUIS           ,9M,CORTADO,3ECE72 ,3,KL28,25NJ,2026-02-01,2026-02-04,69380,0,,W0301544633,SMH,2025-12-08,LIR,81,2026-02-04 12:48:45,6403,L,9MCH1,3ECE72 ,4387,Opt,  ,,,,MED
2026-02-01 00:00:00,785800100540,65,DW,03,A,04,760,SRH POZO 1 DZAN               ,9M,CORTADO,MU605F ,3,KL28,18KE,2017-02-01,2017-02-03,64724,15736,,W0301549146,SMC,2026-01-08,LIR,50,,,,,,,,,,,,MED
2026-02-01 00:00:00,785900600094,65,DW,03,A,18,651,SAN ANTONIO 4                 ,09,ACTIVO,016C6G ,3,FD22,13LR,2026-02-01,2026-02-05,15470,1922,,W0301549148,SMC,2026-01-08,LIR,50,2026-02-05 09:41:21,6503,L,9MCH1,016C6G ,0,Nor,53,UI SERV DIRECTO,53,S,MED
2026-02-01 00:00:00,785960700012,66,DW,03,A,12,661,S A R H                       ,9C,ACTIVO,GGD997 ,3,VL28,22NJ,2026-02-01,2026-02-06,1177,1120,,W0301549969,SM2,2026-01-14,W3Z,44,2026-02-06 13:53:18,6603,L,9MCH1,GGD997 ,14,Opt,  ,,,,GSC
2026-02-01 00:00:00,785980400511,64,DW,03,A,02,641,GRUPO GANADERO GARYS SPR DE RL,02,ACTIVO,PT121X ,1,KL28,21KE,2026-02-01,2026-02-04,44252,1049,,W0301548988,SMG,2026-01-07,LIR,51,2026-02-04 11:34:16,6403,L,9MCH1,PT121X ,0,Nor,59,DISPLAY APAGADO,59,S,MED
2026-02-01 00:00:00,786130900481,17,DW,03,B,38,171,COMITE DE AGUA POTABLE        ,06,ACTIVO,35RF59 ,3,KL28,07JN,2026-01-01,2026-01-12,80840,625,,W0301549590,SMG,2026-01-12,LIR,46,2026-01-12 11:41:00,1726,L,9ND4A,35RF59 ,0,Nor,60,MEDID NO TRABAJA,60,S,MED
2026-02-01 00:00:00,786131100756,63,DW,03,B,27,630,NIC VELA HEBERT ANTONIO       ,9C,ACTIVO,265HAF ,3,KL28,15KM,2026-02-01,2026-02-03,107818,9068,,W0301548756,SMC,2026-01-06,LIR,52,2026-02-03 11:26:57,6303,L,GA8JN,265HAF ,0,Nor,56,NO HAY MEDIDOR,56,S,MED
2026-02-01 00:00:00,786180400021,19,DW,03,B,36,191,KU IX VERONICA                ,1B,ACTIVO,J741FX ,2,F622,17LM,2026-01-01,2023-09-11,1738,3,,W0301549886,SMC,2026-01-13,LIR,45,2026-01-13 15:58:16,1926,L,GA8NN,J741FX ,0,Nor,53,UI SERV DIRECTO,53,S,MED
2026-02-01 00:00:00,786900700117,28,DW,03,B,14,282,APICOLA REG PENIN SA D CV     ,02,ACTIVO,GEA957 ,3,KL28,22NJ,2024-08-01,2024-08-20,476,0,,W0301548433,SM2,2026-01-02,W3B,56,2024-08-20 09:30:17,3002,L,GAPQM,PY751F ,99998,Opt,  ,,,,GSC
2026-02-01 00:00:00,786980400747,82,DW,03,B,21,962,PROYECTO AGRIC S A DE C V     ,77,ACTIVO,G065YA ,3,VL28,17KE,2018-08-01,2018-09-24,0,0,,W0301548330,SMH,2026-01-01,MED,57,,,,,,,,,,,,MED
2026-02-01 00:00:00,787010100411,65,DW,03,C,71,651,CHI YAH ELOY  U CERVERA I     ,09,ACTIVO,PT124X ,3,KL28,21KE,2023-04-01,2023-04-10,8919,619,,W0301549164,SMG,2026-01-08,LIR,50,,,,,,,,,,,,MED
2026-02-01 00:00:00,787020500476,82,DW,03,C,75,760,PAULA CUSI PRESA MATUTE       ,77,ACTIVO,236L9D ,3,VL28,13KE,2002-07-01,2002-07-10,1,0,,W0301548910,SM2,2026-01-07,03A,51,,,,,,,,,,,,GSC
2026-02-01 00:00:00,783200502129,29,DW,12,D,01,296,JUAREZ RUIZ CARLOS ALBERTO    ,1D,ACTIVO,DW929E ,2,F623,19NU,2026-01-01,2026-01-20,27534,698,,W1204212113,SM3,2025-12-04,WAD,85,2026-01-20 14:32:46,2903,L,9P14M,DW929E ,698,Opt,  ,,,,CCC
2026-02-01 00:00:00,787090900048,06,DW,03,C,90,002,CEN CANUL LUIS MARTIN         ,1B,ACTIVO,23L6P3 ,1,F12H,09KU,2026-02-01,2025-12-03,12511,67,,W0301552870,SMG,2026-01-30,LIR,28,2026-01-30 09:43:13,0626,L,GA6WN,23L6P3 ,0,Nor,60,MEDID NO TRABAJA,60,S,MED
2026-02-01 00:00:00,787100600498,06,DW,03,C,90,002,CEN CANUL ROGELIO DE JESUS    ,1B,ACTIVO,56B11E ,1,F12H,10KU,2026-02-01,2025-08-04,15109,159,,W0301552872,SMG,2026-01-30,LIR,28,2026-01-30 09:20:16,0626,L,GA6WN,56B11E ,0,Nor,60,MEDID NO TRABAJA,60,S,MED
2026-02-01 00:00:00,787120200828,06,DW,03,C,71,001,CAUICH VELA DELTA MARIA       ,1B,ACTIVO,J456MF ,2,F622,17LM,2012-02-01,2012-02-24,0,0,,W0301547897,S05,2025-12-26,03A,63,,,,,,,,,,,,CCC
2026-02-01 00:00:00,787130400825,27,DW,03,C,65,273,CHAVEZ I JUAN EFRAIN          ,1B,ACTIVO,858FY5 ,1,F122,12LH,2026-01-01,2025-11-19,40193,687,,W0301550805,SM2,2026-01-19,W3C,39,2026-01-19 12:22:09,2701,L,GAEMM,858FY5 ,0,Nor,53,UI SERV DIRECTO,53,S,GSC
2026-02-01 00:00:00,783210905825,02,DW,12,D,01,022,ALVARADO FLORES JESUS EDUARDO ,1D,ACTIVO,JFW949 ,2,F623,23NU,2024-06-01,2024-05-29,5845,53,,W1204242598,SM3,2026-01-05,CDU,53,2024-05-29 09:23:43,0201,L,GATJM,JFW949 ,389,Opt,  ,,,,CCC
2026-02-01 00:00:00,787200700309,25,DW,03,C,65,251,CANUL UC JOSE PAULINO         ,1B,ACTIVO,RR448H ,1,F123,21NX,2026-01-01,2026-01-16,4383,39,,W0301552637,SM2,2026-01-29,W3C,29,,,,,,,,,,,,GSC
2026-02-01 00:00:00,787230200025,33,DW,03,C,88,331,UH LAVADORES MARTIN RODOLFO   ,1C,ACTIVO,AWE758 ,1,F123,22NX,2026-01-01,2025-11-24,1706,122,,W0301551740,SM2,2026-01-26,W3C,32,2026-01-22 12:16:15,3327,L,GA8JN,AWE758 ,0,Nor,64,P. INFRARROJO/MED. D,64,S,GSC
2026-02-01 00:00:00,787750418082,05,DW,03,C,71,002,VICENTE ESCALANTE             ,1B,ACTIVO,LW051A ,2,F623,20NU,2026-01-01,2025-10-01,4647,118,,W0301548681,SMC,2026-01-05,LIR,53,2026-01-02 12:32:21,0526,L,9MCCY,LW051A ,0,Nor,53,UI SERV DIRECTO,53,S,MED
2026-02-01 00:00:00,787761100297,32,DW,03,C,74,321,POOL CHIN WILFRIDO ERIBERTO   ,1C,ACTIVO,L1039N ,1,W111,76C0,2026-02-01,2026-02-19,4940,210,,W0301549785,S05,2026-01-13,W3C,45,2026-02-19 09:39:48,3227,M,GA6WN,L1039N ,210,Nor,  ,,,,CCC
2026-02-01 00:00:00,787761200089,33,DW,03,C,79,002,FELIPE CAUICH MAY             ,1C,ACTIVO,1104TY ,1,C111,698V,2026-01-01,2025-11-24,6047,20,,W0301551426,SMG,2026-01-22,LIR,36,2026-01-22 11:03:31,3326,L,GA6WN,1104TY ,0,Nor,60,MEDID NO TRABAJA,60,S,MED
2026-02-01 00:00:00,787770600189,21,DW,03,C,81,211,SANTIAGO KU CHABLE            ,1B,ACTIVO,N3964M ,1,W111,77C0,2026-01-01,2026-01-14,1188,0,,W0301545209,S05,2025-12-10,W3C,79,2026-01-14 11:47:37,2126,L,GA6WN,N3964M ,0,Nor,31,SERVICIO SIN USO,,,CCC
2026-02-01 00:00:00,787800800021,19,DW,03,C,81,191,CANDELARIO KU KU              ,1B,CORTADO,X4592N ,1,W111,79C0,2026-01-01,2026-01-13,2326,172,,W0301550273,S05,2026-01-15,W1Z,43,,,,,,,,,,,,CCC
2026-02-01 00:00:00,787800800145,06,DW,03,C,90,002,FLORENTINO CHAN MAY           ,1B,ACTIVO,X2429E ,1,W111,79C0,2026-02-01,2025-12-03,157,71,,W0301552874,SMG,2026-01-30,LIR,28,2026-01-30 08:43:55,0626,L,GA6WN,X2429E ,0,Nor,61,MANECILLAS DESCA,FR,S,MED
2026-02-01 00:00:00,787810900164,35,DW,03,C,77,001,BALAM CANUL OLGA MARIA        ,1C,ACTIVO,PHR657 ,1,F123,24NX,2026-01-01,2025-09-24,800,199,,W0301551521,SMC,2026-01-23,LIR,35,2026-01-23 09:05:20,3526,L,GA6WN,PHR657 ,0,Nor,53,UI SERV DIRECTO,53,S,MED
2026-02-01 00:00:00,788010900570,35,DW,03,D,47,003,TZIU ACOSTA ELEAZAR           ,1C,ACTIVO,8F1K57 ,1,F121,01GG,2026-01-01,2025-11-25,11616,43,,W0301551512,SMG,2026-01-23,LIR,35,2026-01-23 11:18:15,3526,L,9JR7D,8F1K57 ,0,Nor,60,MEDID NO TRABAJA,60,S,MED
2026-02-01 00:00:00,788060801262,27,DW,03,D,27,273,CHAIDEZ PALACIOS RUBEN ISAIAS ,1B,ACTIVO,YV254M ,2,F622,21LM,2026-01-01,2026-01-19,10278,493,,W0301549550,SM2,2026-01-12,W3D,46,2026-01-19 08:53:24,2726,M,9EMGH,YV254M ,0,Nor,53,UI SERV DIRECTO,53,S,GSC
2026-02-01 00:00:00,788091000250,35,DW,03,D,37,003,XIX CHI BENEDICTO             ,1C,ACTIVO,V686U9 ,1,F121,97F5,2026-01-01,2025-11-25,18792,0,,W0301551513,SMG,2026-01-23,LIR,35,2026-01-23 09:04:20,3526,L,9JR7D,V686U9 ,0,Nor,60,MEDID NO TRABAJA,60,S,MED
2026-02-01 00:00:00,788100400924,35,DW,03,D,37,003,CAB YAH ERIC MELCHOR          ,1C,ACTIVO,087FAP ,1,F122,15LN,2010-03-01,2010-04-21,0,0,,W0301551511,SMG,2026-01-23,LIR,35,,,,,,,,,,,,MED
2026-02-01 00:00:00,788120600946,33,DW,03,D,11,003,CERVERA SOSA NIDIA SOLEDAD    ,1B,ACTIVO,23G6E4 ,1,F12H,09KU,2026-01-01,2025-09-23,150,0,,W0301549254,SM2,2026-01-08,03A,50,2026-01-22 11:35:51,3326,M,9JR7D,23G6E4 ,0,Nor,59,DISPLAY APAGADO,59,S,GSC
2026-02-01 00:00:00,788150600029,70,DW,03,D,18,701,ZAPATA EVELIO RANCHO SN EVELIO,9M,ACTIVO,MV644K ,3,KL28,20KE,2023-11-01,2023-11-10,3731,9,,W0301548393,SM2,2026-01-02,W3D,56,,,,,,,,,,,,GSC
2026-02-01 00:00:00,788180700354,13,DW,03,D,71,131,CAAMAL SEGURA ELIO BARTOLO    ,1C,ACTIVO,L388TR ,1,F122,18LN,2026-01-01,2025-11-07,623,22,,W0301549238,SMC,2026-01-08,LIR,50,2026-01-08 13:11:11,1326,M,GAEMM,L388TR ,0,Nor,53,UI SERV DIRECTO,53,S,MED
2026-02-01 00:00:00,788210900264,11,DW,03,D,70,111,DE PETO H  AYUNT              ,02,CORTADO,MF332Y ,2,F623,20NU,2026-01-01,2026-01-07,3362,50,,W0301549062,SMC,2026-01-07,LIR,51,2026-01-07 13:16:07,1126,M,GAEMM,MF332Y ,0,Nor,53,UI SERV DIRECTO,53,S,MED
2026-02-01 00:00:00,788221100448,82,DW,03,D,27,691,BACHOCO SA DE CV              ,77,ACTIVO,GFP207 ,3,VL28,22NJ,,,,,,W0301548333,SMH,2026-01-01,MED,57,,,,,,,,,,,,MED
2026-02-01 00:00:00,783220200617,22,DW,12,D,04,220,ARELLANO DE DIOS ELIZABETH    ,1D,ACTIVO,RCH111 ,2,F623,24NY,2026-02-01,2026-02-12,5782,961,,W1204244851,SM3,2026-01-07,WAD,51,2026-02-12 10:46:14,2226,M,GA4HN,RCH111 ,161,Opt,  ,,,,CCC
2026-02-01 00:00:00,783120810272,15,DW,12,D,01,152,CONCHA IMANA RODOLFO          ,1D,ACTIVO,14H98L ,2,F62H,10KN,2026-01-01,2025-03-10,50429,300,,W1204249771,SM2,2026-01-12,12D,46,2026-01-09 13:11:47,1502,M,GATJM,14H98L ,0,Nor,59,DISPLAY APAGADO,59,S,GSC
2026-02-01 00:00:00,788760100028,35,DW,03,D,37,003,SEVERIANO TUN CAB             ,1C,ACTIVO,GBT191 ,1,F123,23NX,2022-11-01,2022-11-24,7730,14,,W0301551510,SMC,2026-01-23,LIR,35,,,,,,,,,,,,MED
2026-02-01 00:00:00,788820200248,17,DW,03,D,16,003,ANSELMO GONGORA GOMEZ         ,1C,ACTIVO,54B19E ,1,F12H,10KU,2026-01-01,2026-01-12,20107,180,,W0301551285,SM2,2026-01-21,03A,37,,,,,,,,,,,,GSC
2026-02-01 00:00:00,788830600066,17,DW,03,D,16,003,VICTOR MANUEL LUNA HEREDIA    ,1C,ACTIVO,9AUF16 ,2,F623,25P2,2026-01-01,2025-11-11,3211,241,,W0301549653,SMC,2026-01-12,LIR,46,2026-01-12 10:19:12,1726,M,9JR7D,GV6543 ,0,Nor,53,UI SERV DIRECTO,53,S,MED
2026-02-01 00:00:00,788850600038,25,DW,03,D,10,250,ABAN MAY NATIVIDAD            ,1C,ACTIVO,9DWB91 ,2,F623,25NY,2026-01-01,2026-01-16,28998,550,,W0301550546,SMC,2026-01-16,LIR,42,2026-01-16 15:10:55,2526,M,9JR7D,493E2Y ,0,Nor,53,UI SERV DIRECTO,53,S,MED
2026-02-01 00:00:00,788880900176,64,DW,03,D,27,961,RIVERA MENDOZA MARTIN G       ,9C,ACTIVO,PJ276H ,3,KL28,20KE,2026-02-01,2026-02-04,21258,151,,W0301548846,SMC,2026-01-06,LIR,52,2026-02-04 11:18:17,6401,L,9JR7D,PJ276H ,0,Nor,53,UI SERV DIRECTO,53,S,MED
2026-02-01 00:00:00,788890900034,19,DW,03,D,17,003,MAY CHABLE JUVENCIO           ,1B,ACTIVO,3FNJ33 ,1,F123,25NX,2026-01-01,2026-02-24,0,0,,W0301549863,SMG,2026-01-13,LIR,45,2026-01-13 10:23:38,1927,M,9JR7D,J6T743 ,0,Nor,60,MEDID NO TRABAJA,60,S,MED
2026-02-01 00:00:00,783120900255,02,DW,12,D,01,022,RAMIREZ PRUD HOMME MIGUEL ANGE,1D,ACTIVO,47E80E ,2,F62H,10KN,2026-02-01,2026-01-28,57431,65,,W1204207997,SMG,2025-12-01,LIR,88,2026-01-28 08:21:25,0202,M,9P14M,47E80E ,65,Opt,  ,,,,MED
2026-02-01 00:00:00,788960900339,66,DW,03,D,16,963,MARTIN DUARTE ESCALANTE       ,9M,ACTIVO,GEC273 ,2,KL28,22NJ,2026-02-01,2026-02-06,6,6,,W0301546718,SM2,2025-12-17,03A,72,2026-02-06 10:10:35,6601,L,9JR7D,GEC273 ,6,Opt,31,SERVICIO SIN USO,,,GSC
2026-02-01 00:00:00,788971000097,31,DW,03,D,56,001,PEDRO MARCELINO PAT AKE       ,1B,ACTIVO,X74Y42 ,1,F121,94F5,2026-01-01,2025-11-21,13248,0,,W0301551261,SMC,2026-01-21,LIR,37,2026-01-21 12:52:20,3126,L,9EMGH,X74Y42 ,0,Nor,53,UI SERV DIRECTO,53,S,MED
2026-02-01 00:00:00,783121107117,10,DW,12,D,02,102,AKE CHICMUL NEIL WILIE        ,1B,ACTIVO,LV382T ,2,F623,20NU,2021-08-01,2021-08-05,10520,0,,W1204216234,SMC,2025-12-08,12D,81,,,,,,,,,,,,MED
2026-02-01 00:00:00,789101006398,06,DW,04,B,23,064,EK PAREDES SONIA ESTHER       ,1F,ACTIVO,160MDJ ,2,F62J,15MT,2026-02-01,2026-02-03,3246,1708,,W0403203785,SMG,2026-01-30,LIR,28,2026-02-03 15:18:07,0651,R,9BBCL,160MDJ ,1708,Nor,  ,,,,MED
2026-02-01 00:00:00,789120101725,33,DW,04,A,11,334,LOPEZ RUIZ OSCAR JOSE         ,1F,ACTIVO,JCK494 ,2,F623,23NU,2026-01-01,2026-01-23,34870,2842,,W0403202752,SM3,2026-01-29,CDB,29,,,,,,,,,,,,CCC
2026-02-01 00:00:00,789230900828,22,DW,04,A,01,222,BOJORQUEZ SOSA MARCO ANTONIO  ,1F,ACTIVO,UL518R ,2,F623,21NY,2026-02-01,2026-02-12,855,2,,W0403201477,SM3,2026-01-27,CDL,31,,,,,,,,,,,,CCC
2026-02-01 00:00:00,789831000735,06,DW,04,A,01,064,ROMAN JESUS NARVAEZ VARGAS    ,1C,CORTADO,5BCK38 ,2,F623,25P2,2025-06-01,2025-06-03,14719,0,,W0403203701,SMC,2026-01-30,LIR,28,,,,,,,,,,,,MED
2026-02-01 00:00:00,789911201472,06,DW,04,B,23,064,BALAN ARCOBEDO LUIS FELIPE    ,1F,ACTIVO,861MDJ ,2,F62J,15MT,2011-04-01,2011-04-05,1571,0,,W0403203756,SMG,2026-01-30,LIR,28,,,,,,,,,,,,MED
2026-02-01 00:00:00,789960802007,06,DW,04,B,23,064,ALDANA LOPEZ WILLIAM          ,1F,ACTIVO,003MDJ ,2,F62J,15MT,2026-02-01,2026-02-03,39724,509,,W0403203743,SMG,2026-01-30,LIR,28,2026-02-03 15:21:54,0651,R,9BBCL,003MDJ ,509,Nor,  ,,,,MED
2026-02-01 00:00:00,789961102378,06,DW,04,B,23,064,SANCHEZ EXZACARIAS SARA       ,1F,ACTIVO,682FMT ,2,F622,15LM,2026-02-01,2026-01-30,29685,35,,W0403203768,SMG,2026-01-30,LIR,28,2026-02-03 20:24:30,0651,R,9BBCL,682FMT ,35,Opt,  ,,,,MED
2026-02-01 00:00:00,789961201643,06,DW,04,B,23,064,DZUL YAH ROMAN                ,1F,ACTIVO,403VC6 ,2,F622,12LJ,2026-02-01,2026-02-03,14660,147,,W0403203779,SMG,2026-01-30,LIR,28,2026-02-03 15:27:26,0651,R,9BBCL,403VC6 ,147,Nor,  ,,LM,S,MED
2026-02-01 00:00:00,784171200157,26,DW,12,E,01,262,RUIZ ARCOS JORGE              ,1D,ACTIVO,492DW3 ,3,FD2H,11KV,2026-02-01,2026-02-16,42748,1274,,W1204231116,SMG,2025-12-18,LIR,71,2026-02-16 12:08:51,2601,L,9NCWL,492DW3 ,1274,Opt,  ,,,,MED
2026-02-01 00:00:00,784190700292,22,DW,12,E,01,200,HORCASITAS RIVAS LINDA EUGENIA,1D,ACTIVO,07M9M6 ,2,F62H,09KN,2026-02-01,2026-02-12,44714,1982,,W1204226758,SMC,2025-12-16,LIR,73,2026-02-12 11:08:40,2201,L,9NCWL,07M9M6 ,1982,Opt,  ,,,,MED
2026-02-01 00:00:00,784210301241,29,DW,12,E,01,290,GRUPO IRMAR S DE RL DE CV     ,02,ACTIVO,NK418E ,2,F623,20NU,2026-01-01,2025-11-20,39461,0,,W1204261843,SMC,2026-01-20,LIR,38,2026-01-20 12:53:26,2951,R,9NCWL,NK418E ,0,Nor,53,UI SERV DIRECTO,53,S,MED
2026-02-01 00:00:00,789980606280,06,DW,04,B,23,064,DUARTE MEDINA GUADALUPE       ,1F,ACTIVO,948MDH ,2,F62J,15MT,2026-02-01,2026-02-03,36607,561,,W0403203753,SMG,2026-01-30,LIR,28,2026-02-03 15:16:12,0651,R,9BBCL,948MDH ,561,Nor,  ,,,,MED
2026-02-01 00:00:00,784860600014,23,DW,12,E,01,230,ROBERTO GUTIERREZ CIBRIAM     ,1D,ACTIVO,534MDY ,2,F62J,15MT,2026-01-01,2025-11-14,45810,769,,W1204225977,SM3,2025-12-15,CDV,74,2026-01-15 12:25:36,2351,R,9NCWL,534MDY ,0,Nor,53,UI SERV DIRECTO,53,S,CCC
2026-02-01 00:00:00,789980708236,06,DW,04,B,23,064,COUOH ESCOBAR RUTH            ,1F,ACTIVO,162MDJ ,2,F62J,15MT,2026-02-01,2026-02-03,50335,552,,W0403203786,SMG,2026-01-30,LIR,28,2026-02-03 15:19:53,0651,R,9BBCL,162MDJ ,552,Nor,  ,,,,MED
2026-02-01 00:00:00,790031100691,23,DW,04,C,87,231,TELEFONOS DE MEXICO SA B DE CV,02,ACTIVO,CU081N ,3,KL2R,19KE,2026-01-01,2026-01-15,52259,0,,W0403195477,SMG,2026-01-16,04E,42,2026-01-15 09:39:45,2328,L,9EMLY,CU081N ,0,Opt,31,SERVICIO SIN USO,,,MED
2026-02-01 00:00:00,785080100229,23,DW,03,A,13,001,CHALE CARVAJAL SUSANO         ,1C,ACTIVO,L774FL ,1,F122,18LN,2026-01-01,2026-01-15,15122,336,,W0301550571,SMC,2026-01-17,CDV,41,,,,,,,,,,,,MED
2026-02-01 00:00:00,790060500895,04,DW,04,C,33,041,HERNANDEZ JUAREZ MARIA ELENA  ,1F,ACTIVO,DB483B ,1,F123,19NM,2026-02-01,2025-05-30,13474,350,,W0403174766,SMC,2025-12-03,LIR,86,2026-01-30 14:38:19,0451,R,9BBKD,DB483B ,0,Nor,53,UI SERV DIRECTO,53,S,MED
2026-02-01 00:00:00,790120300777,31,DW,04,C,45,001,CHAN CHAN ADA LUISA           ,02,BAJA SIN MED RET,831WYE ,2,F622,16LM,2017-03-01,2017-03-22,1,0,,W0403198296,SMC,2026-01-21,LIR,37,,,,,,,,,,,,MED
2026-02-01 00:00:00,787080600208,35,DW,03,C,77,001,POOL PUCH MARTIN EMILIANO     ,1C,ACTIVO,YP597R ,2,F623,21NU,2022-11-01,2022-11-24,29838,318,,W0301551522,SMG,2026-01-23,LIR,35,,,,,,,,,,,,MED
2026-02-01 00:00:00,790120901193,04,DW,04,C,33,041,CACH CAUICH GENARO            ,1F,CORTADO,L451TX ,1,F122,18LN,2012-08-01,2012-09-21,0,0,,W0403174767,SMC,2025-12-03,LIR,86,,,,,,,,,,,,MED
2026-02-01 00:00:00,790160701316,79,DW,04,C,39,771,BOMBA DE AGUA REFORMA AGRARIA ,06,ACTIVO,MV818L ,3,KL28,20KE,2024-10-01,2024-10-25,84521,208,,W0403202832,SMH,2026-01-29,04E,29,,,,,,,,,,,,MED
2026-02-01 00:00:00,790170400942,37,DW,04,C,38,001,SANTANA PECH LUIS ALBERTO     ,1F,ACTIVO,384VBE ,1,F122,16LN,2026-01-01,2026-01-26,13442,0,,W0403200599,SMC,2026-01-26,LIR,32,2026-01-26 12:33:42,3726,L,9EMLW,384VBE ,0,Opt,32,UI DERIVACION,32,S,MED
2026-02-01 00:00:00,790200300956,06,DW,04,C,28,002,MUY SARAT VILMA               ,1F,ACTIVO,X899CC ,1,F123,19NM,2026-02-01,2026-02-03,15918,576,,W0403203801,SMC,2026-01-30,LIR,28,2026-02-03 22:04:49,0651,R,9EMLY,X899CC ,576,Nor,  ,,,,MED
2026-02-01 00:00:00,790250200600,33,DW,04,C,44,332,ROSADO GARCIA BEATRIZ         ,1F,ACTIVO,RFX433 ,2,F623,24NY,2026-01-01,2025-05-23,15,6,,W0403199009,SMC,2026-01-22,LIR,36,2026-01-26 12:15:11,3351,R,9BBKD,RFX433 ,0,Nor,53,UI SERV DIRECTO,53,S,MED
2026-02-01 00:00:00,790250201371,33,DW,04,C,44,332,TORRES GARCIA MARIA           ,1F,ACTIVO,RCC613 ,2,F623,24NY,2026-01-01,2025-05-23,123,54,,W0403199008,SMC,2026-01-22,LIR,36,2026-01-26 12:16:46,3351,R,9BBKD,RCC613 ,0,Nor,53,UI SERV DIRECTO,53,S,MED
2026-02-01 00:00:00,787160200448,33,DW,03,C,79,002,BALAM HUCHIM JOSE FABIAN      ,1C,ACTIVO,FKE278 ,1,F123,22NX,2026-01-01,2025-11-24,3246,150,,W0301551423,SMC,2026-01-22,LIR,36,2026-01-22 09:05:25,3326,L,GA6WN,FKE278 ,0,Nor,53,UI SERV DIRECTO,53,S,MED
2026-02-01 00:00:00,791000155885,27,DW,04,D,67,001,POOT UICAB VICTOR MANUEL      ,1F,ACTIVO,3RU166 ,1,F121,99GG,2026-01-01,2026-01-20,23127,0,,W0403196687,SMG,2026-01-19,LIR,39,2026-01-20 14:14:29,2751,R,9MC6K,3RU166 ,0,Nor,31,SERVICIO SIN USO,,,MED
2026-02-01 00:00:00,791000155907,27,DW,04,D,67,001,CAAMAL HAAS CANDELARIO        ,1F,ACTIVO,3RU164 ,1,F121,99GG,2026-01-01,2026-01-20,44100,590,,W0403196686,SMG,2026-01-19,LIR,39,,,,,,,,,,,,MED
2026-02-01 00:00:00,791000655675,35,DW,04,D,48,002,AGUILAR MARCELINO             ,1F,ACTIVO,P665ET ,2,F623,18NN,2026-01-01,2025-11-25,23241,276,,W0403201120,SMG,2026-01-27,04D,31,2026-01-26 12:18:58,3551,R,9MC6K,P665ET ,0,Nor,59,DISPLAY APAGADO,59,S,MED
2026-02-01 00:00:00,788231200068,11,DW,03,D,70,111,H  AYUNTAMIENTO DE PETO       ,02,ACTIVO,AWC620 ,1,F123,22NX,2026-01-01,2026-01-07,739,50,,W0301549061,SMC,2026-01-07,LIR,51,2026-01-07 13:03:19,1126,M,GAEMM,AWC620 ,0,Nor,53,UI SERV DIRECTO,53,S,MED
2026-02-01 00:00:00,791021100291,37,DW,04,D,91,373,RODOLFO GARRIDO NOVELO        ,1F,ACTIVO,7HF380 ,1,F121,98GG,2026-01-01,2025-11-26,12080,0,,W0403201263,SM2,2026-01-27,04D,31,2026-01-26 12:38:12,3728,L,R9420,7HF380 ,99988,Nor,  ,,FR,S,GSC
2026-02-01 00:00:00,791030201385,35,DW,04,D,53,351,DAVID ALEJANDRO VALLE CANUL   ,1F,ACTIVO,8D07T2 ,1,F121,03GG,2026-01-01,2026-01-23,998,3,,W0403201209,SM2,2026-01-27,04D,31,2026-01-23 14:37:41,3527,L,GA8WN,8D07T2 ,953,Nor,  ,,,,GSC
2026-02-01 00:00:00,791030400221,14,DW,04,D,61,002,LAZARO HERNANDEZ JIMENEZ      ,1F,ACTIVO,4N00Y5 ,1,F121,04GG,2026-02-01,2026-02-06,24811,15,,W0403178297,SMG,2025-12-09,LIR,80,2026-02-06 12:01:32,1426,L,9MCHH,4N00Y5 ,15,Nor,  ,,,,MED
2026-02-01 00:00:00,791031001827,13,DW,04,D,64,001,MARCELINO KU CHI              ,1F,ACTIVO,7J19V2 ,1,F121,03GG,2026-01-01,2026-01-08,27867,129,,W0403191677,SM2,2026-01-09,SAV,49,2026-01-08 09:54:25,1327,L,9MC6K,7J19V2 ,97129,Nor,  ,,FR,S,GSC
2026-02-01 00:00:00,791050800234,07,DW,04,D,88,001,SARAPIO CAAMAL NAAL           ,1F,ACTIVO,6F788X ,1,F121,05JL,2026-01-01,2026-01-05,9666,9,,W0403189305,SM2,2026-01-06,SAV,52,2026-01-05 13:23:17,0726,L,GAGBM,6F788X ,10009,Nor,  ,,FR,S,GSC
2026-02-01 00:00:00,791060500590,31,DW,04,D,65,001,MOO HUCHIN ISAIAS             ,1F,ACTIVO,2P605K ,1,F121,06JL,2026-01-01,2025-11-21,13397,26,,W0403199204,SM2,2026-01-23,04D,35,2026-01-21 10:56:02,3126,L,9MC6K,2P605K ,99922,Nor,  ,,FR,S,GSC
2026-02-01 00:00:00,791061000124,35,DW,04,D,54,001,NAAL ALCOCER VICTOR ALFONSO   ,1F,ACTIVO,0V749G ,1,F121,06JL,2026-01-01,2026-01-23,16447,88,,W0403191836,SM2,2026-01-09,W4D,49,,,,,,,,,,,,GSC
2026-02-01 00:00:00,791080400516,09,DW,04,D,63,001,DZUL MOO ENCARNACION          ,1F,ACTIVO,50TJ20 ,1,F121,08JL,2026-01-01,2025-11-05,32780,303,,W0403190282,SM2,2026-01-07,SAV,51,2026-01-06 10:55:37,0926,L,GAGBM,50TJ20 ,99297,Nor,  ,,FR,S,GSC
2026-02-01 00:00:00,791090601552,33,DW,04,D,50,003,CAUICH HUCHIN RIGOBERTO       ,1F,ACTIVO,21G1E7 ,1,F12H,09KU,2026-01-01,2026-01-22,20945,191,,W0403199427,SM2,2026-01-23,04D,35,,,,,,,,,,,,GSC
2026-02-01 00:00:00,791120402231,14,DW,04,D,61,002,CANUL TAMAY CANDELARIA DEL SOC,1F,ACTIVO,91X30J ,1,F12H,11KU,2026-02-01,2025-12-09,8237,0,,W0403179543,SMC,2025-12-11,LIR,78,2026-02-06 10:15:32,1426,L,9MCHH,91X30J ,0,Nor,60,MEDID NO TRABAJA,60,S,MED
2026-02-01 00:00:00,791140101661,14,DW,04,D,61,002,EK UC JOSE SAQUEO             ,1F,ACTIVO,G5A969 ,1,F121,88F5,2026-02-01,2026-02-06,5988,0,,W0403179551,SM2,2025-12-11,04D,78,2026-02-06 09:20:08,1426,L,9MCHH,G5A969 ,0,Nor,31,SERVICIO SIN USO,,,GSC
2026-02-01 00:00:00,791150601573,13,DW,04,D,64,001,CHAN UICAB EROFILO            ,1F,ACTIVO,7FR961 ,1,F121,98GG,2026-01-01,2025-11-07,12618,236,,W0403191139,SMC,2026-01-08,LIR,50,2026-01-08 12:18:21,1327,L,9MC6K,7FR961 ,0,Nor,53,UI SERV DIRECTO,53,S,MED
2026-02-01 00:00:00,791151001901,33,DW,04,D,50,003,COLLI CANUL JOSE DEL CARMEN   ,1F,ACTIVO,816DHC ,1,F122,15LN,2026-01-01,2025-11-24,404,1,,W0403199226,SM2,2026-01-23,04D,35,2026-01-22 12:52:36,3327,L,R9420,816DHC ,99678,Opt,  ,,,,GSC
2026-02-01 00:00:00,788240100734,31,DW,03,D,67,001,MARTIN COHUO BENJAMIN         ,1C,ACTIVO,KLH328 ,1,F123,23NX,2026-01-01,2025-07-22,440,52,,W0301551260,SMC,2026-01-21,LIR,37,2026-01-21 12:02:55,3126,L,9EMGH,KLH328 ,0,Nor,53,UI SERV DIRECTO,53,S,MED
2026-02-01 00:00:00,791180800970,36,DW,04,D,48,004,GONZALEZ COCOM LUIS FERNANDO  ,02,BAJA,,1,,,2026-01-01,2026-01-28,5200,99828,,W0403186692,SMC,2025-12-29,SAV,60,,,,,,,,,,,,MED
2026-02-01 00:00:00,791200700977,25,DW,04,D,87,251,LOPEZ YAN CANDELARIA FAUSTINA ,1F,ACTIVO,CM760A ,1,F123,19NM,2026-01-01,2025-11-18,6385,184,,W0403195653,SMG,2026-01-16,LIR,42,2026-01-16 09:00:24,2528,L,9MC6K,CM760A ,0,Nor,60,MEDID NO TRABAJA,60,S,MED
2026-02-01 00:00:00,791210100315,37,DW,04,D,57,373,MONTES CHI ZUEMY MARITZA      ,1F,ACTIVO,LF875W ,1,F123,20NT,2026-01-01,2025-11-26,6045,136,,W0403200577,SMG,2026-01-26,LIR,32,2026-01-26 09:15:57,3728,L,R9420,LF875W ,0,Nor,60,MEDID NO TRABAJA,60,S,MED
2026-02-01 00:00:00,791210900508,30,DW,04,D,51,001,CHIM NAAL DIEGO ISMAEL        ,1F,ACTIVO,MF055G ,2,F623,20NU,2026-02-01,2026-02-18,2455,94,,W0403194086,SM2,2026-01-14,W4D,44,,,,,,,,,,,,GSC
2026-02-01 00:00:00,791211000438,37,DW,04,D,53,021,GONZALEZ TEC MARIA YESENA     ,1F,ACTIVO,75LJ44 ,1,F121,07JL,2026-01-01,2025-09-25,3173,0,,W0403201970,SMC,2026-01-28,04D,30,2026-01-26 10:10:14,3727,L,9MCHH,75LJ44 ,97354,Nor,44,NUM MEDID DESIGU,44,S,MED
2026-02-01 00:00:00,783230607171,03,DW,12,D,01,034,CHABLE MINKEZ CARLOS BENJAMIN ,1D,ACTIVO,UM534V ,2,F623,21NY,2026-01-01,2025-12-30,16807,1130,,W1204274351,SM3,2026-01-31,CDV,27,,,,,,,,,,,,CCC
2026-02-01 00:00:00,783240200591,33,DW,12,D,03,335,ZACARIAS GASPAR PEDRO         ,1D,ACTIVO,KKY638 ,2,F623,23NU,2026-01-01,2026-01-22,3822,0,,W1204219660,SM3,2025-12-10,WAA,79,2026-01-22 10:50:12,3327,M,GATJM,KKY638 ,0,Opt,31,SERVICIO SIN USO,,,CCC
2026-02-01 00:00:00,791750300941,14,DW,04,D,61,002,NAAL MEX EULOGIO              ,1F,ACTIVO,794VXN ,1,F122,16LN,2026-02-01,2026-02-06,10974,12,,W0403178296,SMG,2025-12-09,LIR,80,2026-02-06 08:04:25,1426,L,9MCHH,794VXN ,12,Opt,  ,,,,MED
2026-02-01 00:00:00,783960400181,84,DW,12,D,01,081,CONTROLADORA DE NEG COMER     ,02,ACTIVO,R446XM ,2,KT2R,18KE,2019-01-01,2019-01-17,1382,1382,,W1204207827,SM2,2025-12-01,12D,88,,,,,,,,,,,,GSC
2026-02-01 00:00:00,789970904509,06,DW,04,B,23,064,ZUNIGA YAN VICENTE            ,1F,ACTIVO,025MDJ ,2,F62J,15MT,2026-02-01,2026-02-03,62698,834,,W0403203745,SMG,2026-01-30,LIR,28,2026-02-03 20:19:09,0651,R,9BBCL,025MDJ ,834,Nor,  ,,,,MED
2026-02-01 00:00:00,789971000514,06,DW,04,B,23,064,CASANOVA RIVERA GONZALO J     ,1F,ACTIVO,617MDJ ,2,F62J,15MT,2004-06-01,2004-06-02,6162,0,,W0403203773,SMG,2026-01-30,LIR,28,,,,,,,,,,,,MED
2026-02-01 00:00:00,791750320071,27,DW,04,D,67,001,EK HAAZ MARIA CENOBIA         ,1F,ACTIVO,U33J52 ,1,F121,94F5,2026-01-01,2026-01-20,28413,240,,W0403196689,SMG,2026-01-19,LIR,39,,,,,,,,,,,,MED
2026-02-01 00:00:00,791820300081,11,DW,04,D,66,113,ELIAS TUN MISS                ,1F,ACTIVO,PCK832 ,1,F123,24NX,2026-01-01,2026-01-07,21053,221,,W0403191030,SM2,2026-01-08,W4D,50,2026-01-07 11:07:44,1128,L,R9420,1U3F30 ,221,Nor,  ,,,,GSC
2026-02-01 00:00:00,791821000103,23,DW,04,D,50,232,OCTAVIO TAX DZUL              ,1F,ACTIVO,58M15R ,1,F12H,10KU,2021-09-01,2021-09-17,961,0,,W0403196600,SMG,2026-01-19,04D,39,,,,,,,,,,,,MED
2026-02-01 00:00:00,791821100515,35,DW,04,D,53,351,KEB PABLO                     ,1F,ACTIVO,03WT82 ,1,F121,08JL,2026-01-01,2025-07-24,5678,8,,W0403201124,SM2,2026-01-27,04D,31,2026-01-23 16:35:50,3527,L,GA8WN,03WT82 ,99925,Nor,  ,,FR,S,GSC
2026-02-01 00:00:00,789980706594,06,DW,04,B,23,064,PEREZ MUNOZ MARIA DE LA       ,1F,CORTADO,946MDJ ,2,F62J,15MT,2026-02-01,2026-02-03,41113,548,,W0403203752,SMG,2026-01-30,LIR,28,2026-02-03 15:18:12,0651,R,9BBCL,946MDJ ,548,Nor,  ,,,,MED
2026-02-01 00:00:00,790031200521,06,DW,04,C,28,002,IMSS 689 SANTO DOMINGO KESTE  ,02,ACTIVO,9X2J94 ,2,F421,02GH,2026-02-01,2026-02-03,1178,983,,W0403203804,SMG,2026-01-30,LIR,28,2026-02-03 22:03:55,0651,R,9EMLY,9X2J94 ,983,Nor,  ,,,,MED
2026-02-01 00:00:00,791900500341,35,DW,04,D,53,351,EUAN TUZ GUSTAVO              ,1F,ACTIVO,338RBH ,1,F122,16LN,2026-01-01,2025-11-25,3947,131,,W0403200400,SM2,2026-01-26,04D,32,2026-01-23 14:29:31,3527,L,GA8WN,338RBH ,99408,Nor,  ,,FR,S,GSC
2026-02-01 00:00:00,791940100264,29,DW,04,D,65,001,EVELIO DAMIAN PECH            ,1F,ACTIVO,R48N90 ,1,F121,93F5,2026-01-01,2025-09-19,15725,34,,W0403198811,SM2,2026-01-22,04D,36,2026-01-20 11:28:09,2926,L,9MC6K,R48N90 ,99968,Nor,  ,,FR,S,GSC
2026-02-01 00:00:00,791950900056,11,DW,04,D,64,001,YAH CHI HERMENEGILDO          ,1F,ACTIVO,77LC65 ,1,F121,07JL,2026-01-01,2026-01-07,21573,120,,W0403190914,SMC,2026-01-08,LIR,50,,,,,,,,,,,,MED
2026-02-01 00:00:00,791951100282,13,DW,04,D,64,001,KU ASTERIO                    ,1F,CORTADO,C18X21 ,1,F121,91F5,2026-01-01,2025-11-07,11397,0,,W0403191138,SMC,2026-01-08,LIR,50,2026-01-08 11:28:56,1327,L,9MC6K,C18X21 ,0,Nor,53,UI SERV DIRECTO,53,S,MED
2026-02-01 00:00:00,791961000685,27,DW,04,D,90,001,RIGOBERTO POOT AC             ,1F,ACTIVO,L615T7 ,1,F121,96F5,2026-01-01,2026-01-20,45391,174,,W0403196688,SMG,2026-01-19,LIR,39,,,,,,,,,,,,MED
2026-02-01 00:00:00,790120401387,34,DW,04,C,88,001,EMBOTELLADORAS BEPENSA S A C V,02,ACTIVO,34P3H0 ,3,FD2H,09KV,2026-02-01,2026-02-20,34776,5714,,W0403185438,SMG,2025-12-23,LIR,66,2026-02-20 11:51:37,3426,L,9BBKD,34P3H0 ,5714,Opt,  ,,,,MED
2026-02-01 00:00:00,791981200915,33,DW,04,D,52,020,JUANA F PAVON BOJORQUEZ       ,1F,ACTIVO,V64B30 ,1,F121,94F5,2026-01-01,2025-11-24,28347,230,,W0403198793,SMG,2026-01-22,LIR,36,2026-01-22 09:21:42,3328,L,9MCHH,V64B30 ,0,Nor,60,MEDID NO TRABAJA,FR,S,MED
2026-02-01 00:00:00,791990101946,15,DW,04,D,48,003,GLADYS YOLANDA GUTIEREZ       ,1F,ACTIVO,7HF734 ,1,F121,98GG,2026-01-01,2026-01-09,51702,398,,W0403201261,S05,2026-01-27,W4D,31,,,,,,,,,,,,CCC
2026-02-01 00:00:00,792000155571,33,DW,04,E,78,001,MOISES CAAMAL CAMAAL          ,1F,ACTIVO,2RU189 ,1,F121,99GG,2026-01-01,2025-11-24,58740,372,,W0403199373,SMG,2026-01-23,04A,35,2026-01-22 09:17:15,3327,L,R9476,2RU189 ,99302,Nor,  ,,FR,S,MED
2026-02-01 00:00:00,792000356127,33,DW,04,E,78,002,MORALES JIMENEZ ANDREA        ,1F,ACTIVO,4RA707 ,1,F121,99GG,2026-01-01,2026-01-22,19406,0,,W0403200358,SMG,2026-01-26,04A,32,2026-01-22 12:31:48,3326,L,9P149,4RA707 ,0,Nor,31,SERVICIO SIN USO,,,MED
2026-02-01 00:00:00,792000856499,33,DW,04,E,78,002,CHI CHAN EDUARDO              ,1F,ACTIVO,PHW952 ,1,F123,24NX,2026-01-01,2026-01-22,0,0,,W0403179613,SM2,2025-12-11,W4E,78,2026-01-22 09:15:41,3326,L,9P149,PHW952 ,0,Opt,31,SERVICIO SIN USO,,,GSC
2026-02-01 00:00:00,790990101575,19,DW,04,C,61,211,ESTEBAN PAAT JUAN             ,02,ACTIVO,MU317F ,3,KL28,20KE,2026-01-01,2026-01-13,1883,103,,W0403183237,SM2,2025-12-18,W4C,71,2026-01-13 18:11:49,1951,R,9BBKD,MU317F ,103,Nor,  ,,,,GSC
2026-02-01 00:00:00,792031100571,17,DW,04,E,91,001,IC MIS MANUEL JESUS           ,1F,ACTIVO,7J87E4 ,1,F121,03GG,2026-01-01,2025-11-11,1999,50,,W0403193719,SMG,2026-01-13,04A,45,2026-01-12 11:29:54,1726,L,R9476,7J87E4 ,99899,Nor,  ,,FR,S,MED
2026-02-01 00:00:00,791010400578,33,DW,04,D,50,003,JUAREZ MEDINA BENITO MANUEL   ,1F,ACTIVO,17G2F9 ,1,F12H,09KU,2026-01-01,2026-01-22,20342,215,,W0403199426,SM2,2026-01-23,04D,35,,,,,,,,,,,,GSC
2026-02-01 00:00:00,792080900728,04,DW,04,E,87,001,VILLALOBOS CUEVAS ELIAS       ,1F,BAJA,,1,,,2008-08-01,2008-09-23,0,0,,W0403174956,SMC,2025-12-03,LIR,86,,,,,,,,,,,,MED
2026-02-01 00:00:00,792080900931,04,DW,04,E,99,001,LARA FOMEZ PAULA              ,1F,BAJA,,1,,,2026-02-01,2026-01-29,34277,0,,W0403202955,SMC,2026-01-29,LIR,29,2026-01-30 15:47:32,0451,R,GA8MN,XB288A ,0,Nor,53,UI SERV DIRECTO,53,S,MED
2026-02-01 00:00:00,792090600111,13,DW,04,E,41,131,WIEBE HARDER JOHANN           ,1F,ACTIVO,56DY87 ,2,F621,06F3,2026-01-01,2025-11-07,80952,476,,W0403199028,SMC,2026-01-22,04E,36,2026-01-08 12:50:14,1326,L,9NCVL,56DY87 ,98477,Nor,  ,,FR,S,MED
2026-02-01 00:00:00,792100401154,70,DW,04,E,79,711,FROESE WIEBE DAVID            ,9C,ACTIVO,GGE975 ,3,VL28,22NJ,2023-06-01,2023-06-14,1780,15050,,W0403184914,SMH,2025-12-22,04E,67,,,,,,,,,,,,MED
2026-02-01 00:00:00,792110100691,33,DW,04,E,78,001,UC CAUICH MARCOS ANTONIO      ,1F,ACTIVO,W24J49 ,1,F121,94F5,2026-01-01,2025-11-24,4672,34,,W0403199335,SMG,2026-01-23,04A,35,2026-01-22 09:54:47,3327,L,R9476,W24J49 ,99049,Nor,  ,,FR,S,MED
2026-02-01 00:00:00,792120300036,07,DW,04,E,95,072,UC MAY MARIA MAGDALENA        ,1F,ACTIVO,PCX864 ,1,F123,24NX,2025-09-01,2025-09-02,2691,0,,W0403189298,SMC,2026-01-06,LIR,52,,,,,,,,,,,,MED
2026-02-01 00:00:00,792130500319,13,DW,04,E,41,131,WIEBE PETERS HANS             ,1F,ACTIVO,2ATT45 ,2,F623,25P2,2023-11-01,2023-11-09,4826,630,,W0403191601,SMG,2026-01-09,LIR,49,,,,,,,,,,,,MED
2026-02-01 00:00:00,792131200971,04,DW,04,E,99,001,HERNANDEZ MARTINEZ LUGARDO    ,1F,ACTIVO,43JM70 ,1,F121,07JL,2026-02-01,2025-12-02,2193,10,,W0403203631,SMG,2026-01-30,04A,28,2026-01-29 10:37:37,0427,L,GA8MN,43JM70 ,99902,Nor,  ,,FR,S,MED
2026-02-01 00:00:00,792140300059,25,DW,04,E,72,001,CHABLE EK SANTA MARIA DE LOS  ,1F,ACTIVO,552TT1 ,1,F122,12LH,2026-01-01,2025-05-19,7750,1,,W0403197134,SMG,2026-01-20,04A,38,2026-01-16 11:00:24,2526,L,9P149,552TT1 ,0,Nor,59,DISPLAY APAGADO,59,S,MED
2026-02-01 00:00:00,788920700141,19,DW,03,D,17,003,FLORENCIO MAY EK              ,1B,ACTIVO,69G1F7 ,1,F12H,09KU,2026-01-01,2026-01-13,27685,310,,W0301551270,SM2,2026-01-21,03A,37,,,,,,,,,,,,GSC
2026-02-01 00:00:00,792161201034,04,DW,04,E,87,001,SANTES ZAMUDIO VALENTINA      ,1F,ACTIVO,801VXJ ,1,F122,16LN,2026-02-01,2026-01-30,11234,300,,W0403203643,SMG,2026-01-30,04A,28,2026-01-30 15:21:08,0451,R,GA8MN,801VXJ ,300,Nor,  ,,,,MED
2026-02-01 00:00:00,792170301211,04,DW,04,E,87,001,LAS MOJARRAS DE BOLONCHEN CAUI,02,BAJA SIN MED RET,154RTU ,3,FD22,16LR,2018-04-01,2018-04-02,1375,30,,W0403203029,SMC,2026-01-29,LIR,29,,,,,,,,,,,,MED
2026-02-01 00:00:00,788980900084,23,DW,03,D,54,003,MUNICIPIO DE TIXMEHUAC        ,02,ACTIVO,60G6F7 ,1,F12H,09KU,2026-01-01,2025-11-14,2322,166,,W0301550383,SMC,2026-01-15,LIR,43,2026-01-15 19:15:53,2326,L,9JR7D,60G6F7 ,0,Nor,53,UI SERV DIRECTO,53,S,MED
2026-02-01 00:00:00,789970902182,06,DW,04,B,23,064,ZAVALA AGUILAR MARIA          ,1F,ACTIVO,618MDJ ,2,F62J,15MT,2003-02-01,2003-02-20,4216,0,,W0403203774,SMG,2026-01-30,LIR,28,,,,,,,,,,,,MED
2026-02-01 00:00:00,791750317208,35,DW,04,D,48,002,CRESCENCIO NOH TZEC           ,1F,ACTIVO,4VF721 ,1,F121,00GG,2026-01-01,2025-11-25,72780,361,,W0403200381,SM2,2026-01-26,04D,32,2026-01-23 08:37:16,3501,L,9MCHH,4VF721 ,99794,Nor,  ,,FR,S,GSC
2026-02-01 00:00:00,792181001201,17,DW,04,E,91,001,TEC PACHECO MARIA CECILIA     ,1F,ACTIVO,T922HA ,1,F122,18LN,2018-09-01,2018-11-02,0,0,,W0403194195,SMG,2026-01-14,04A,44,,,,,,,,,,,,MED
2026-02-01 00:00:00,792190400411,04,DW,04,E,58,001,RODRIGUEZ BAUTISTA EDUARDO    ,1F,ACTIVO,206RRC ,1,F122,16LN,2026-02-01,2026-01-30,11761,301,,W0403203635,SMG,2026-01-30,04A,28,2026-01-30 15:18:08,0451,R,GA8MN,206RRC ,301,Nor,  ,,,,MED
2026-02-01 00:00:00,792191000114,04,DW,04,E,99,002,RODRIGUEZ GUILLEN MARGARITA   ,1F,ACTIVO,DJM244 ,2,F623,22NU,2022-12-01,2022-11-30,3747,699,,W0403174959,SMG,2025-12-03,LIR,86,,,,,,,,,,,,MED
2026-02-01 00:00:00,792191200067,04,DW,04,E,99,001,TAFOYA GARCIA RIGOBERTO       ,1F,ACTIVO,Y708MT ,2,F623,19NU,2026-02-01,2026-01-29,7385,0,,W0403203656,SMG,2026-01-30,04A,28,2026-01-29 11:45:37,0427,L,GA8MN,Y708MT ,0,Opt,31,SERVICIO SIN USO,,,MED
2026-02-01 00:00:00,792200800463,06,DW,04,E,61,001,GODOY LOPEZ OSWALDO           ,1F,BAJA SIN MED RET,EP139F ,1,F123,19NM,2026-02-01,2026-01-30,8868,0,,W0403203670,SMC,2026-01-30,LIR,28,2026-01-30 17:36:51,0651,R,9P149,EP139F ,0,Nor,31,SERVICIO SIN USO,,,MED
2026-02-01 00:00:00,791830500313,35,DW,04,D,53,351,CACH ESCAMILLA SANTIAGO       ,1F,ACTIVO,098N3U ,1,F122,14LN,2026-01-01,2026-01-26,12272,0,,W0403200389,SMG,2026-01-26,04D,32,2026-01-26 17:31:19,3552,R,9MC6K,098N3U ,0,Nor,31,SERVICIO SIN USO,,,MED
2026-02-01 00:00:00,792250300305,22,DW,04,E,38,001,ESCOBAR ORDONES BLANCA FLOR   ,1F,ACTIVO,PBA313 ,1,F123,24NX,2026-02-01,2025-12-16,2222,687,,W0403191485,SMG,2026-01-09,04E,49,2026-02-12 15:29:23,2227,L,GA8MN,PBA313 ,99720,Opt,  ,,,,MED
2026-02-01 00:00:00,792250800227,29,DW,04,E,63,294,POOL MEDINA NORMA ARACELY     ,1F,ACTIVO,PBA384 ,1,F123,24NX,2026-01-01,2026-01-21,587,60,,W0403198626,SMG,2026-01-22,04A,36,,,,,,,,,,,,MED
2026-02-01 00:00:00,791870700251,33,DW,04,D,52,020,SIMA SIMA ROGER A             ,1F,ACTIVO,53G1D8 ,1,F12H,09KU,2026-01-01,2025-11-24,14248,248,,W0403200404,SMG,2026-01-26,04D,32,2026-01-22 09:14:21,3328,L,9MCHH,53G1D8 ,0,Nor,59,DISPLAY APAGADO,59,S,MED
2026-02-01 00:00:00,791981101895,25,DW,04,D,87,251,MARCOS A HERNANDEZ POOT       ,1F,ACTIVO,7HF324 ,1,F121,98GG,2026-01-01,2025-11-18,32084,195,,W0403197255,SMG,2026-01-20,04D,38,2026-01-16 10:25:09,2528,L,9MC6K,7HF324 ,99900,Nor,  ,,FR,S,MED
2026-02-01 00:00:00,792850900209,29,DW,04,E,67,295,TUN POOT CANDELARIO           ,1F,ACTIVO,T6H634 ,1,F121,90F5,2026-01-01,2026-01-20,39587,45,,W0403198679,SM2,2026-01-22,04A,36,,,,,,,,,,,,GSC
2026-02-01 00:00:00,792870200025,07,DW,04,E,95,071,COH UC ORLANDO                ,1F,ACTIVO,15A5C7 ,1,F121,08JL,2026-01-01,2026-01-05,29112,193,,W0403183290,SM2,2025-12-18,W4E,71,2026-01-05 13:22:36,0727,L,9NCVL,15A5C7 ,193,Nor,  ,,,,GSC
2026-02-01 00:00:00,792870400075,29,DW,04,E,63,294,MEDINA CAL EMILIO             ,1F,ACTIVO,39UX97 ,1,F121,08JL,2026-01-01,2026-01-20,8621,3,,W0403198633,SMG,2026-01-22,04A,36,,,,,,,,,,,,MED
2026-02-01 00:00:00,792870700362,06,DW,04,E,61,001,ISIDRO CORONILLAS RUELAS      ,1F,ACTIVO,LNC383 ,1,F123,23NX,2023-12-01,2023-12-04,1171,0,,W0403176291,SMC,2025-12-05,LIR,84,,,,,,,,,,,,MED
2026-02-01 00:00:00,792870700648,29,DW,04,E,63,294,COB BALAM EUSEBIO             ,1F,ACTIVO,R26B07 ,1,F121,93F5,2026-01-01,2026-01-20,3438,59,,W0403197506,SMG,2026-01-20,LIR,38,,,,,,,,,,,,MED
2026-02-01 00:00:00,792900300232,29,DW,04,E,96,297,LUCIANO CAHUCH CHAN           ,1F,ACTIVO,N3B253 ,1,F121,89F5,2026-01-01,2026-01-20,88541,0,,W0403198699,SMG,2026-01-22,04A,36,2026-01-20 12:02:18,2927,L,R9476,N3B253 ,0,Nor,31,SERVICIO SIN USO,,,MED
2026-02-01 00:00:00,792900900060,33,DW,04,E,78,002,MUNICIPIO DE HOPELCHEN CAM    ,02,ACTIVO,J223M9 ,3,FD21,95F4,2026-01-01,2026-01-22,79534,780,,W0403198894,SMG,2026-01-22,LIR,36,,,,,,,,,,,,MED
2026-02-01 00:00:00,792961000193,04,DW,04,E,87,001,RAUL VILLALOBOS CUEVAS        ,1F,ACTIVO,T502NB ,1,F122,18LN,2026-02-01,2026-01-29,2620,0,,W0403174957,SMG,2025-12-03,LIR,86,2026-01-29 11:02:56,0426,L,GAGCM,T502NB ,0,Opt,31,SERVICIO SIN USO,,,MED
2026-02-01 00:00:00,792011200293,13,DW,04,E,47,131,PETER HAM MARTENS             ,1F,ACTIVO,6F0R93 ,1,F121,01GG,2026-01-01,2025-11-07,37737,41,,W0403199029,SMC,2026-01-22,04E,36,2026-01-08 14:15:28,1327,L,R9658,6F0R93 ,99608,Nor,  ,,FR,S,MED
2026-02-01 00:00:00,792980900294,04,DW,04,E,87,001,LUCIANO VILLALOBOS CUEVAS     ,1F,ACTIVO,AUA569 ,1,F123,22NX,2026-02-01,2026-01-29,6907,106,,W0403203653,SMG,2026-01-30,04A,28,2026-01-29 11:00:27,0426,L,GAGCM,AUA569 ,106,Opt,  ,,,,MED
2026-02-01 00:00:00,792980900316,29,DW,04,E,55,292,MOLINO EJIDAL                 ,02,ACTIVO,1EU565 ,3,FD21,98F4,2026-01-01,2026-01-20,16334,0,,W0403198648,SMG,2026-01-22,04A,36,2026-01-20 08:34:40,2927,L,R9476,1EU565 ,0,Nor,31,SERVICIO SIN USO,,,MED
2026-02-01 00:00:00,792990200908,29,DW,04,E,55,292,JUAN EDUARDO CAHUICH MAY      ,1F,ACTIVO,2FK751 ,1,F121,98GG,2026-01-01,2026-01-20,14606,0,,W0403198656,SMG,2026-01-22,04A,36,2026-01-20 09:11:12,2927,L,R9476,2FK751 ,0,Nor,31,SERVICIO SIN USO,,,MED
2026-02-01 00:00:00,792070300790,13,DW,04,E,53,131,ARMANDO PAPALOTZI M           ,1F,ACTIVO,503TT2 ,1,F122,12LH,2026-01-01,2026-01-08,5764,759,,W0403191613,SMC,2026-01-09,LIR,49,,,,,,,,,,,,MED
2026-02-01 00:00:00,791160200925,64,DW,04,D,55,631,HUCHIN MOO CANDELARIA DEL ROSA,1F,BAJA SIN MED RET,444HRL ,1,F122,15LN,2026-02-01,2026-02-04,13187,0,,W0403190900,SMC,2026-01-08,LIR,50,2026-02-04 07:40:22,6401,L,9MC6K,444HRL ,0,Nor,53,UI SERV DIRECTO,53,S,MED
2026-02-01 00:00:00,791221100023,27,DW,04,D,90,001,MOO POOT MARGARITA            ,1F,ACTIVO,DJN230 ,2,F623,22NU,2026-01-01,2025-11-19,8960,569,,W0403197958,SMG,2026-01-21,04D,37,2026-01-19 14:21:49,2728,L,9MCHH,DJN230 ,0,Nor,59,DISPLAY APAGADO,59,S,MED
2026-02-01 00:00:00,793020101130,34,DW,04,F,39,342,HERNANDEZ HERNANDEZ ANGEL     ,1F,ACTIVO,7G4T52 ,1,F121,01GG,2026-02-01,2026-02-20,16001,152,,W0403185764,SMC,2025-12-26,LIR,63,2026-02-20 10:29:53,3427,M,9JR35,7G4T52 ,152,Nor,  ,,,,MED
2026-02-01 00:00:00,793020501341,08,DW,04,H,50,001,PATRICIA SANDOVAL FONSECA     ,1F,ACTIVO,477JEC ,2,F622,14LM,2026-02-01,2026-02-03,11776,5,,W0403203975,SM2,2026-01-31,04E,27,2026-02-03 08:21:12,0826,L,GAGBM,477JEC ,5,Nor,31,SERVICIO SIN USO,LM,S,GSC
2026-02-01 00:00:00,793021200425,34,DW,04,F,39,342,CHAVEZ MONDRAGON ANGELICA     ,1F,ACTIVO,6N08Y9 ,1,F121,04GG,2002-11-01,2002-12-04,0,0,,W0403185760,SMC,2025-12-26,LIR,63,,,,,,,,,,,,MED
2026-02-01 00:00:00,793030700422,18,DW,04,H,50,181,PODER EJECUTIVO DEL EDO DE CAM,02,ACTIVO,UC391A ,2,F623,21NY,2023-08-01,2023-08-10,92912,2989,,W0403180377,SMC,2025-12-12,LIR,77,,,,,,,,,,,,MED
2026-02-01 00:00:00,793050400808,27,DW,04,F,26,272,GARCIA MARTINEZ MANUEL A      ,1F,ACTIVO,08NK68 ,2,F621,07F3,2026-01-01,2025-11-19,4758,44,,W0403196704,SMG,2026-01-19,LIR,39,2026-01-21 12:47:15,2751,R,9ND76,08NK68 ,0,Nor,60,MEDID NO TRABAJA,60,S,MED
2026-02-01 00:00:00,793050901165,13,DW,04,H,G5,003,SANTISTEBAN MUNOZ JUAN CARLOS ,1F,ACTIVO,553VD2 ,2,F622,12LJ,2026-01-01,2025-11-07,1827,81,,W0403191574,SMC,2026-01-09,LIR,49,2026-01-08 15:25:12,1326,L,R9655,553VD2 ,0,Nor,53,UI SERV DIRECTO,53,S,MED
2026-02-01 00:00:00,791221100392,28,DW,04,D,49,281,CANCHE CANUL MARIA ELISINDA   ,1F,ACTIVO,8DVW71 ,2,F623,25NY,2026-02-01,2026-02-17,63878,0,,W0403198723,SMW,2026-01-22,W4A,36,2026-02-17 13:34:51,2827,L,9MC6K,8DVW71 ,778,Opt,  ,,,,GSC
2026-02-01 00:00:00,793080202482,27,DW,04,F,26,272,CORDOVA DE DIOS ANTONIO       ,1F,ACTIVO,68KK44 ,1,F121,07JL,2026-01-01,2026-01-21,12620,153,,W0403197319,SMG,2026-01-20,04A,38,,,,,,,,,,,,MED
2026-02-01 00:00:00,793080206747,35,DW,04,H,A2,353,PRIM VENUSTIANO CARRANZA      ,02,ACTIVO,81EU21 ,1,F121,07JL,2026-01-01,2026-01-23,10625,0,,W0403183748,SM2,2025-12-19,W4A,70,2026-01-23 13:10:00,3526,L,R9655,81EU21 ,0,Nor,31,SERVICIO SIN USO,,,GSC
2026-02-01 00:00:00,793080215606,31,DW,04,F,29,311,TREJO JIMENEZ JUANA           ,1F,BAJA SIN MED RET,57HL88 ,1,F121,07JL,2026-01-01,2026-01-21,25028,0,,W0403198405,SMC,2026-01-21,LIR,37,,,,,,,,,,,,MED
2026-02-01 00:00:00,791750303975,09,DW,04,D,63,001,CARRILLO P FELIPE             ,1F,ACTIVO,3U7F20 ,1,F121,02GG,2026-01-01,2025-11-05,23837,315,,W0403190283,SM2,2026-01-07,SAV,51,2026-01-06 11:27:15,0926,L,GAGBM,3U7F20 ,99222,Nor,  ,,FR,S,GSC
2026-02-01 00:00:00,793080227311,23,DW,04,F,27,231,HERNANDEZ GARCIA              ,1F,ACTIVO,25HP72 ,1,F121,07JL,2026-01-01,2026-01-15,24115,568,,W0403195499,SM2,2026-01-16,04A,42,,,,,,,,,,,,GSC
2026-02-01 00:00:00,793080500564,27,DW,04,F,27,273,MENA BARAHONA HONORIA         ,1F,BAJA,,1,,,2026-01-01,2026-01-21,30948,0,,W0403198270,SMC,2026-01-21,LIR,37,,,,,,,,,,,,MED
2026-02-01 00:00:00,793080701888,19,DW,04,F,12,191,FLORES ESPINOZA JUANA         ,1F,CORTADO,PBX606 ,1,F123,24NX,2025-09-01,2025-09-10,820,0,,W0403193698,SMC,2026-01-13,LIR,45,2025-09-10 11:22:41,1928,L,9ND76,PBX606 ,1,Nor,31,SERVICIO SIN USO,,,MED
2026-02-01 00:00:00,793080801254,73,DW,04,F,18,734,BOMBA DE AGUA MIGEL HIDALGO   ,06,ACTIVO,GEC518 ,3,KL28,22NJ,2008-10-01,2008-10-21,0,0,,W0403178438,SM2,2025-12-09,MED,80,,,,,,,,,,,,GSC
2026-02-01 00:00:00,793090701134,35,DW,04,H,A3,352,VAZQUEZ SANCHEZ REYEZ         ,1F,ACTIVO,BM970M ,1,F123,19NM,2020-03-01,2020-03-27,6245,0,,W0403200335,SMG,2026-01-26,04B,32,,,,,,,,,,,,MED
2026-02-01 00:00:00,793090800141,03,DW,04,F,36,031,ALONZO NARVAEZ FLOR           ,1F,ACTIVO,36AR65 ,1,F121,06JL,2026-01-01,2025-08-28,13212,0,,W0403187583,SM2,2026-01-02,04A,56,2025-12-30 12:04:13,0326,L,R9655,36AR65 ,99833,Nor,  ,,FR,S,GSC
2026-02-01 00:00:00,791750304246,11,DW,04,D,64,001,CHE PECH ARTURO               ,1F,ACTIVO,29WF80 ,1,F121,08JL,2026-01-01,2025-11-06,9795,0,,W0403190913,SMC,2026-01-08,LIR,50,2026-01-07 17:23:12,1127,L,GAGCM,29WF80 ,0,Nor,53,UI SERV DIRECTO,53,S,MED
2026-02-01 00:00:00,793110300344,29,DW,04,F,24,291,GARCIA GALINDO SIRIA          ,1F,ACTIVO,3RU564 ,1,F121,99GG,2026-01-01,2025-11-20,29022,0,,W0403197555,SMC,2026-01-20,LIR,38,2026-01-20 12:02:28,2927,L,9JRAL,3RU564 ,0,Nor,53,UI SERV DIRECTO,53,S,MED
2026-02-01 00:00:00,793110300701,29,DW,04,F,29,291,RUIZ MENDEZ MARTHA ALICIA     ,1F,ACTIVO,68VP95 ,1,F121,08JL,2026-01-01,2026-01-20,18611,57,,W0403198025,SM2,2026-01-21,04A,37,,,,,,,,,,,,GSC
2026-02-01 00:00:00,793110600470,34,DW,04,F,34,341,GARCIA CHUC DANIEL            ,1F,ACTIVO,81N23P ,2,F62H,10KN,2026-02-01,2026-02-20,24435,0,,W0403185791,SM2,2025-12-26,04A,63,2026-02-20 07:10:33,3402,L,R9658,81N23P ,99975,Nor,  ,,FR,S,GSC
2026-02-01 00:00:00,793110701012,27,DW,04,F,27,273,DE LA CRUZ OVANDO BENITO      ,1F,BAJA SIN MED RET,348FG2 ,1,F122,12LH,2026-01-01,2026-01-19,5462,0,,W0403196744,SMC,2026-01-19,LIR,39,,,,,,,,,,,,MED
2026-02-01 00:00:00,793111001227,27,DW,04,F,27,273,MARTINEZ VAZQUEZ ESMERALDA DEL,1F,ACTIVO,Y874R3 ,1,F121,97F5,2026-01-01,2025-11-19,13942,395,,W0403197393,SM2,2026-01-20,04A,38,2026-01-19 09:47:47,2728,L,9JRAL,Y874R3 ,99026,Nor,  ,,FR,S,GSC
2026-02-01 00:00:00,793111102856,19,DW,04,F,12,191,OLMEDO TEJERO JUAN JOSE       ,1F,ACTIVO,DU308J ,2,F623,19NU,2026-01-01,2026-01-13,1780,493,,W0403193693,SMC,2026-01-13,LIR,45,,,,,,,,,,,,MED
2026-02-01 00:00:00,793120600591,27,DW,04,F,26,272,AVALOS CRUZ MARGARITA         ,1F,CORTADO,22AV84 ,1,F121,06JL,2026-01-01,2025-11-19,64739,1645,,W0403197322,SMG,2026-01-20,04A,38,2026-01-21 13:09:42,2751,R,9ND76,22AV84 ,0,Nor,56,NO HAY MEDIDOR,56,S,MED
2026-02-01 00:00:00,793120700847,29,DW,04,F,26,291,HIDALGO NIETO PETRONA         ,1F,ACTIVO,88E98N ,2,F62H,10KN,2026-01-01,2025-11-20,12443,162,,W0403197612,SMG,2026-01-20,LIR,38,2026-01-20 13:18:21,2928,L,9ND76,88E98N ,0,Nor,60,MEDID NO TRABAJA,60,S,MED
2026-02-01 00:00:00,793120702700,06,DW,04,F,12,061,TIENDA DE DISCOS              ,02,ACTIVO,148TGW ,2,F622,16LM,2012-06-01,2012-07-24,8111,0,,W0403203830,SMG,2026-01-30,LIR,28,,,,,,,,,,,,MED
2026-02-01 00:00:00,793120801163,23,DW,04,F,27,231,FUSTER GALLO GREGORIA ESTER   ,1F,ACTIVO,8R2H22 ,1,F121,01GG,2026-01-01,2026-01-15,801,0,,W0403196682,SM2,2026-01-19,CCC,39,2026-01-15 07:45:40,2327,L,9JRAL,8R2H22 ,0,Nor,31,SERVICIO SIN USO,,,GSC
2026-02-01 00:00:00,793121201852,31,DW,04,F,29,311,LOZANO TREJO JAVIER           ,1F,ACTIVO,31E51E ,2,F62H,10KN,2026-01-01,2025-11-21,45165,815,,W0403198404,SMC,2026-01-21,LIR,37,2026-01-21 14:22:51,3127,L,9JR35,31E51E ,0,Nor,53,UI SERV DIRECTO,53,S,MED
2026-02-01 00:00:00,793130600476,23,DW,04,H,59,231,TOLENTINO SANCHEZ ALEJANDRA   ,1F,ACTIVO,805TW2 ,1,F122,12LH,2026-01-01,2026-01-15,22494,370,,W0403191560,SMC,2026-01-09,LIR,49,,,,,,,,,,,,MED
2026-02-01 00:00:00,793130900208,27,DW,04,F,27,271,GARCIA RODRIGUEZ INDALECIO    ,1F,ACTIVO,PKG462 ,1,F123,24NX,2025-05-01,2025-05-20,248,193,,W0403196742,SMC,2026-01-19,LIR,39,,,,,,,,,,,,MED
2026-02-01 00:00:00,793131202415,26,DW,04,F,13,261,MENDEZ HERNANDEZ LETICIA      ,1F,ACTIVO,LNB630 ,1,F123,23NX,2026-02-01,2025-08-18,1903,401,,W0403183295,SMC,2025-12-18,LIR,71,2026-02-16 14:18:53,2627,L,9ND76,LNB630 ,0,Nor,53,UI SERV DIRECTO,53,S,MED
2026-02-01 00:00:00,792211200883,35,DW,04,E,50,001,AKE CANUL JOSE VIVIANO        ,1F,ACTIVO,721TX7 ,1,F122,12LH,2026-01-01,2025-11-25,3777,171,,W0403199288,SMC,2026-01-23,LIR,35,2026-01-23 12:16:03,3526,L,R9476,721TX7 ,0,Nor,53,UI SERV DIRECTO,53,S,MED
2026-02-01 00:00:00,792770500196,33,DW,04,E,78,002,FRANCISCO JAVIER MISS PACHECO ,1F,ACTIVO,6F909X ,1,F121,05JL,2026-01-01,2025-11-24,62986,306,,W0403199399,SMG,2026-01-23,04A,35,2026-01-22 11:48:40,3326,L,9P149,6F909X ,99357,Nor,  ,,FR,S,MED
2026-02-01 00:00:00,792790700078,33,DW,04,E,78,002,LUIS HERRERA TREJO            ,1F,ACTIVO,79GL73 ,1,F121,07JL,2026-01-01,2025-07-23,13074,0,,W0403199393,SMG,2026-01-23,04A,35,2026-01-22 08:23:42,3326,L,9P149,79GL73 ,99907,Nor,  ,,FR,S,MED
2026-02-01 00:00:00,792980300327,19,DW,04,E,77,191,JOSE RAMIREZ HERNANDEZ        ,1F,ACTIVO,8CDT67 ,2,F623,25P3,2022-03-01,2022-03-09,42649,0,,W0403191610,SMC,2026-01-09,LIR,49,,,,,,,,,,,,MED
2026-02-01 00:00:00,793140900541,74,DW,04,H,50,740,LOPEZ CHAVEZ URBANO           ,9C,ACTIVO,8ECG57 ,3,KL28,25NJ,2024-02-01,2024-02-19,56554,262,,W0403173757,SM2,2025-12-01,W4F,88,2024-02-19 11:09:38,7401,L,R8476,R439CN ,61890,Opt,  ,,,,GSC
2026-02-01 00:00:00,793140901199,27,DW,04,F,27,271,SANCHEZ YONZON GILDARDO ALEJAN,1F,ACTIVO,ATY474 ,1,F123,22NX,2023-07-01,2023-07-18,7252,0,,W0403196740,SMC,2026-01-19,LIR,39,,,,,,,,,,,,MED
2026-02-01 00:00:00,793141002767,27,DW,04,F,27,271,PEREZ MAYO JESUS              ,1F,ACTIVO,77P33H ,1,F12H,10KU,2026-01-01,2025-09-18,21809,359,,W0403196739,SMC,2026-01-19,LIR,39,2026-01-19 13:47:00,2727,L,9JR35,77P33H ,0,Nor,53,UI SERV DIRECTO,53,S,MED
2026-02-01 00:00:00,793141102516,84,DW,04,F,12,051,NVA WALMART DE MEX S DE RL CV ,77,ACTIVO,745EEK ,3,VL2R,15KE,,,,,,W0403198538,SM2,2026-01-22,MED,36,,,,,,,,,,,,GSC
2026-02-01 00:00:00,792990800361,33,DW,04,E,78,002,ZAZUETA QUINTERO CRISTINA     ,02,ACTIVO,3TE350 ,2,F621,99F3,2026-01-01,2026-01-22,25344,10,,W0403199274,SMG,2026-01-23,04A,35,,,,,,,,,,,,MED
2026-02-01 00:00:00,793150402786,33,DW,04,F,21,331,CENTRO DE SALUD               ,02,BAJA SIN MED RET,339ADC ,1,F122,14LN,2026-01-01,2026-01-22,252,0,,W0403198835,SMC,2026-01-22,LIR,36,,,,,,,,,,,,MED
2026-02-01 00:00:00,793150702071,27,DW,04,F,27,273,JIMENEZ TORRES JESUS ALBERTO  ,1F,ACTIVO,806ATC ,1,F122,14LN,2026-01-01,2025-09-18,11549,193,,W0403196745,SMC,2026-01-19,LIR,39,2026-01-19 10:45:13,2728,L,9JRAL,806ATC ,0,Nor,53,UI SERV DIRECTO,53,S,MED
2026-02-01 00:00:00,793150900271,33,DW,04,F,21,331,LAINES AGUILAR BETY           ,1F,ACTIVO,H931KY ,1,F122,17LN,2026-01-01,2024-09-23,15139,739,,W0403198837,SMC,2026-01-22,LIR,36,2026-01-22 09:45:48,3327,L,9JRAL,H931KY ,0,Nor,53,UI SERV DIRECTO,53,S,MED
2026-02-01 00:00:00,793010101395,23,DW,04,F,27,231,TEODORO NOVELO LARA           ,1F,ACTIVO,LMU313 ,1,F123,23NX,2023-11-01,2023-11-15,30266,252,,W0403196620,SM2,2026-01-19,CCC,39,,,,,,,,,,,,GSC
2026-02-01 00:00:00,793151001670,26,DW,04,F,40,262,ESCUELA PRIMARIA IGNACIO LOPEZ,02,ACTIVO,882JHP ,2,F622,15LM,2026-02-01,2025-10-16,24695,586,,W0403183376,SM2,2025-12-18,04A,71,2026-02-16 17:01:56,2626,L,9BBRA,882JHP ,0,Nor,51,NO ENCONTRE DOMI,,,GSC
2026-02-01 00:00:00,793151200087,23,DW,04,F,12,231,REYES EDITH DEL CARMEN        ,1F,BAJA SIN MED RET,GNG838 ,1,F123,23NX,2024-09-01,2024-09-17,8761,954,,W0403195099,SMC,2026-01-15,LIR,43,,,,,,,,,,,,MED
2026-02-01 00:00:00,793160201169,29,DW,04,F,26,291,LUNA AGUILAR RUBEN            ,1F,CORTADO,495YY5 ,1,F122,13LN,2026-01-01,2025-11-20,16690,158,,W0403197611,SMG,2026-01-20,LIR,38,2026-01-20 08:24:03,2928,L,9ND76,495YY5 ,0,Nor,60,MEDID NO TRABAJA,60,S,MED
2026-02-01 00:00:00,793160701978,73,DW,04,F,18,734,AMPLIACION SISTEMA DE AGUA POT,06,ACTIVO,MX104A ,3,KL28,20KE,2023-03-01,2023-03-08,54337,37,,W0403178440,SM2,2025-12-09,MED,80,,,,,,,,,,,,GSC
2026-02-01 00:00:00,793160802022,22,DW,04,F,15,221,REYES CHACON GUILLERMO        ,1F,ACTIVO,979KTV ,1,F122,15LN,2026-02-01,2025-10-15,14735,319,,W0403182494,SMC,2025-12-17,LIR,72,2026-02-15 10:01:40,2251,R,9JR35,979KTV ,0,Nor,53,UI SERV DIRECTO,53,S,MED
2026-02-01 00:00:00,793170200306,17,DW,04,F,73,175,DAMIAN ESQUIVEL NESTOR        ,1F,CORTADO,360LVV ,1,F122,16LN,2026-01-01,2026-01-12,12008,0,,W0403193525,SM2,2026-01-13,04A,45,2026-01-12 09:45:24,1727,M,9JRAL,360LVV ,99788,Opt,  ,,,,GSC
2026-02-01 00:00:00,793170201451,27,DW,04,F,27,272,TREJO MAY ASALIA MARIA        ,1F,ACTIVO,677VXL ,1,F122,16LN,2026-01-01,2025-11-19,30908,266,,W0403196753,SMC,2026-01-19,LIR,39,2026-01-19 14:19:48,2726,L,9BBRA,677VXL ,0,Nor,53,UI SERV DIRECTO,53,S,MED
2026-02-01 00:00:00,793180200568,76,DW,04,F,39,762,RIVERA HERNANDEZ ENRIQUE      ,9M,ACTIVO,GEL544 ,3,KL28,22NJ,2018-02-01,2018-02-15,0,0,,W0403190693,SM2,2026-01-08,MED,50,,,,,,,,,,,,GSC
2026-02-01 00:00:00,793180600736,18,DW,04,F,09,181,QUINTAL NOVELO JOSE CONCEPCION,1F,ACTIVO,AUC007 ,1,F123,22NX,2023-02-01,2023-02-13,18533,0,,W0403181131,SMC,2025-12-15,LIR,74,,,,,,,,,,,,MED
2026-02-01 00:00:00,793181000261,35,DW,04,F,37,351,CORNELIO GARCIA JOSE MANUEL   ,1F,BAJA SIN MED RET,L763FH ,1,F122,18LN,2026-01-01,2026-01-27,15134,42,,W0403199430,SMC,2026-01-23,LIR,35,,,,,,,,,,,,MED
2026-02-01 00:00:00,793181000287,37,DW,04,F,69,001,LOPEZ GOMEZ ALBERTO           ,1F,BAJA SIN MED RET,L729FH ,1,F122,18LN,2026-01-01,2026-01-26,613,0,,W0403200672,SMC,2026-01-26,LIR,32,,,,,,,,,,,,MED
2026-02-01 00:00:00,793181200171,23,DW,04,F,27,234,RICO GASPAR NANCY M           ,1F,ACTIVO,72M9U8 ,2,F62H,09KN,2026-01-01,2026-01-15,24581,2,,W0403195113,SMC,2026-01-15,LIR,43,,,,,,,,,,,,MED
2026-02-01 00:00:00,793190601340,35,DW,04,F,37,351,PARQUE Y CANCHA FELIPE ANGE   ,02,ACTIVO,3T406U ,2,F621,06F3,2026-01-01,2025-11-25,9285,636,,W0403199428,SMC,2026-01-23,LIR,35,2026-01-23 12:54:26,3526,L,9BBRA,3T406U ,0,Nor,53,UI SERV DIRECTO,53,S,MED
2026-02-01 00:00:00,793191000633,23,DW,04,F,27,231,GONZALEZ RODRIGUEZ MARIA M    ,1F,ACTIVO,RR607L ,1,F123,21NX,2022-09-01,2022-09-15,1576,1068,,W0403196587,SM2,2026-01-19,CCC,39,,,,,,,,,,,,GSC
2026-02-01 00:00:00,793191200799,31,DW,04,F,29,311,LEON MARTINEZ YESENIA         ,1F,ACTIVO,CM488B ,1,F123,19NM,2026-01-01,2026-01-21,9597,0,,W0403198403,SMC,2026-01-21,LIR,37,2026-01-21 10:23:40,3127,L,9JR35,CM488B ,0,Opt,32,UI DERIVACION,32,S,MED
2026-02-01 00:00:00,793200400267,10,DW,04,F,19,101,FARIAS MENA MARGARITO         ,1F,CORTADO,L087TX ,1,F122,18LN,2026-02-01,2026-02-04,13624,0,,W0403177170,SMC,2025-12-08,LIR,81,2026-02-04 20:21:09,1026,L,9BBRA,L087TX ,0,Nor,31,SERVICIO SIN USO,LM,S,MED
2026-02-01 00:00:00,793200600037,10,DW,04,F,18,102,TZEC BALAM MARIA ISABEL       ,1F,BAJA,,1,,,2026-02-01,2026-02-06,2363,0,,W0403177168,SMC,2025-12-08,LIR,81,2026-02-04 12:02:50,1027,L,9JR35,46H0D4 ,0,Nor,56,NO HAY MEDIDOR,56,S,MED
2026-02-01 00:00:00,793200601343,23,DW,04,F,12,231,MORALES MUNOZ JORGE MIGUEL    ,1F,BAJA SIN MED RET,HH474D ,1,F123,20NT,2026-01-01,2026-01-15,6570,0,,W0403195100,SMC,2026-01-15,LIR,43,,,,,,,,,,,,MED
2026-02-01 00:00:00,793200601424,23,DW,04,F,12,231,CAMAS MENDEZ ABRAHAM          ,1F,ACTIVO,X829CC ,1,F123,19NM,2026-01-01,2026-01-15,5922,0,,W0403196610,SM2,2026-01-19,CCC,39,2026-01-15 08:28:54,2301,L,R9655,X829CC ,0,Opt,31,SERVICIO SIN USO,,,GSC
2026-02-01 00:00:00,793201000432,29,DW,04,F,98,291,CASTILLO CAN LUCIA ROSELY     ,1F,ACTIVO,HA875U ,1,F123,20NT,2026-01-01,2025-11-20,7280,276,,W0403197556,SMC,2026-01-20,LIR,38,2026-01-20 09:01:05,2927,L,9JRAL,HA875U ,0,Nor,53,UI SERV DIRECTO,53,S,MED
2026-02-01 00:00:00,793210306188,37,DW,04,F,69,001,GARCIA SANCHEZ DIMAS          ,1F,BAJA SIN MED RET,KK684E ,1,F123,20NT,2026-01-01,2026-01-26,926,0,,W0403200671,SMC,2026-01-26,LIR,32,,,,,,,,,,,,MED
2026-02-01 00:00:00,793210601139,32,DW,04,F,12,322,SANCHEZ ROSADO PEDRO JOAQUIN  ,1F,ACTIVO,MF282E ,2,F623,20NU,2026-02-01,2026-02-19,6678,245,,W0403185153,SMC,2025-12-23,LIR,66,2026-02-19 09:59:18,3227,L,9JR35,MF282E ,245,Opt,32,UI DERIVACION,32,S,MED
2026-02-01 00:00:00,793210901132,76,DW,04,F,39,762,VALENCIA VALLADARES NOEL      ,67,ACTIVO,GGD342 ,3,VL28,22NJ,2024-08-01,2024-08-19,145,0,,W0403196199,SM2,2026-01-19,MED,39,2024-08-19 10:50:07,7401,L,9JR35,GGD342 ,16,Opt,31,SERVICIO SIN USO,,,GSC
2026-02-01 00:00:00,793220202143,08,DW,04,F,97,061,GUTIERREZ LOPEZ JEREMIAS      ,1F,ACTIVO,HH789A ,1,F123,20NT,2026-02-01,2025-08-06,3585,0,,W0403176240,SMG,2025-12-05,LIR,84,2026-02-03 10:05:48,0828,L,R9658,HH789A ,0,Nor,59,DISPLAY APAGADO,59,S,MED
2026-02-01 00:00:00,793220400948,07,DW,04,F,12,072,CONSORCIO LAMAT TRAMO 1       ,1F,BAJA SIN MED RET,YR965E ,2,F623,21NU,2026-01-01,2026-01-05,31417,0,,W0403189320,SMC,2026-01-06,LIR,52,,,,,,,,,,,,MED
2026-02-01 00:00:00,793221001524,29,DW,04,F,24,291,RAMOS ORTIZ ROBERTO           ,1F,CORTADO,RFV753 ,2,F623,24NY,2026-01-01,2025-07-21,1688,608,,W0403197557,SMC,2026-01-20,LIR,38,2026-01-20 11:24:46,2927,L,9JRAL,RFV753 ,0,Nor,53,UI SERV DIRECTO,53,S,MED
2026-02-01 00:00:00,792141000300,34,DW,04,E,71,001,VIDAL RIOS MARGARITA          ,1F,CORTADO,GBU592 ,1,F123,23NX,2024-10-01,2024-10-22,15235,368,,W0403185783,SMC,2025-12-26,LIR,63,,,,,,,,,,,,MED
2026-02-01 00:00:00,793230400881,27,DW,04,F,27,272,PEREZ ABREU ERIKA GUADALUPE   ,1F,ACTIVO,UW268U ,2,F623,21NY,2026-01-01,2026-01-21,12846,0,,W0403198271,SMC,2026-01-21,LIR,37,2026-01-21 11:27:15,2751,R,9ND76,UW268U ,0,Opt,32,UI DERIVACION,32,S,MED
2026-02-01 00:00:00,793230400881,27,DW,04,F,27,272,PEREZ ABREU ERIKA GUADALUPE   ,1F,ACTIVO,UW268U ,2,F623,21NY,2026-01-01,2026-01-21,12846,0,,W0403196756,SMG,2026-01-19,LIR,39,2026-01-21 11:27:15,2751,R,9ND76,UW268U ,0,Opt,32,UI DERIVACION,32,S,MED
2026-02-01 00:00:00,793231000798,23,DW,04,F,12,231,BALAN AGUILAR LIDIA GUADALUPE ,1F,BAJA SIN MED RET,RDK626 ,2,F623,24NY,2024-11-01,2024-11-13,3586,319,,W0403193701,SMC,2026-01-13,LIR,45,,,,,,,,,,,,MED
2026-02-01 00:00:00,793231100610,27,DW,04,F,27,271,CRUZ DE LLA O WILIAN          ,1F,ACTIVO,JBE378 ,2,F623,23NU,2026-01-01,2025-09-18,3123,205,,W0403196741,SMC,2026-01-19,LIR,39,2026-01-19 09:27:44,2727,L,9JR35,JBE378 ,0,Nor,53,UI SERV DIRECTO,53,S,MED
2026-02-01 00:00:00,793240100371,06,DW,04,F,12,062,MERCADO DE LA CRUZ GONZALO DEL,1F,ACTIVO,KKD580 ,2,F623,23NU,2026-02-01,2026-01-30,1028,483,,W0403175337,SMC,2025-12-04,LIR,85,2026-01-30 11:18:37,0601,L,9JR35,KKD580 ,483,Opt,  ,,,,MED
2026-02-01 00:00:00,793240400201,23,DW,04,F,27,231,ZETINA ZAPATA ALMA RUTH       ,1F,ACTIVO,JFR941 ,2,F623,23NU,2026-01-01,2026-01-15,8808,0,,W0403196618,SM2,2026-01-19,CCC,39,2026-01-15 11:04:53,2327,L,9JRAL,JFR941 ,0,Opt,31,SERVICIO SIN USO,,,GSC
2026-02-01 00:00:00,793240501104,05,DW,04,F,73,053,AREVALO ORTIZ KARINA          ,1F,BAJA SIN MED RET,WNP257 ,2,F623,24P2,2026-01-01,2026-01-02,285,0,,W0403188455,SMC,2026-01-05,LIR,53,,,,,,,,,,,,MED
2026-02-01 00:00:00,793241000249,06,DW,04,F,12,061,HERNANDEZ ATLAMAYC LEIDY      ,02,BAJA,,2,,,2026-02-01,2026-02-04,1106,99472,,W0403203828,SMC,2026-01-30,LIR,28,2026-02-03 16:02:35,0651,R,9JR35,REB062 ,0,Nor,56,NO HAY MEDIDOR,56,S,MED
2026-02-01 00:00:00,793241000940,09,DW,04,F,35,094,BERUMEN KANTUN LUZ MARIA      ,1F,BAJA SIN MED RET,WNK914 ,2,F623,24P2,2026-01-01,2026-01-06,4232,0,,W0403190030,SMC,2026-01-07,LIR,51,,,,,,,,,,,,MED
2026-02-01 00:00:00,793241100529,76,DW,04,F,39,762,SANCHEZ GUZMAN JUAN CARLOS    ,67,BAJA,,3,,,2026-02-01,2026-02-18,65637,0,,W0403181842,SMC,2025-12-16,LIR,73,2026-02-11 21:16:49,6901,L,9BBRA,GGF651 ,61702,Opt,  ,,,,MED
2026-02-01 00:00:00,793250100329,19,DW,04,F,12,191,PINTO BALAN JOSE ANGEL        ,1F,BAJA SIN MED RET,RBL348 ,2,F623,24NY,2026-01-01,2026-01-19,5021,98801,,W0403193700,SMC,2026-01-13,LIR,45,2026-01-13 14:05:09,1928,L,9ND76,RBL348 ,0,Nor,53,UI SERV DIRECTO,53,S,MED
2026-02-01 00:00:00,793250200641,27,DW,04,F,27,273,PEREZ DE LA CRUZ LILIANA      ,1F,ACTIVO,RFV767 ,2,F623,24NY,2026-01-01,2025-11-19,2677,579,,W0403196746,SMC,2026-01-19,LIR,39,2026-01-19 11:28:15,2728,L,9JRAL,RFV767 ,0,Nor,53,UI SERV DIRECTO,53,S,MED
2026-02-01 00:00:00,793250300174,27,DW,04,F,27,273,QUE GONZALEZ REYNA GUADALUPE  ,1F,ACTIVO,2BDA17 ,2,F623,25P2,2026-01-01,2026-01-27,0,0,,W0403198272,SMC,2026-01-21,LIR,37,2026-01-21 10:59:26,2751,R,9ND76,RCD231 ,0,Nor,53,UI SERV DIRECTO,53,S,MED
2026-02-01 00:00:00,793250500564,17,DW,04,F,12,174,ROSADO PAVON SONIA EVANGELINA ,1F,ACTIVO,7AAN10 ,2,F623,25NY,2026-01-01,2026-01-12,1677,0,,W0403193029,SMC,2026-01-12,LIR,46,2026-01-12 08:40:48,1701,L,9JR35,7AAN10 ,0,Nor,53,UI SERV DIRECTO,53,S,MED
2026-02-01 00:00:00,793250501307,31,DW,04,F,29,311,LOZANO TREJO LUIS DANIEL      ,1F,ACTIVO,8AAP95 ,2,F623,25NY,2026-01-01,2025-11-21,14,4,,W0403198406,SMC,2026-01-21,LIR,37,2026-01-21 14:22:22,3127,L,9JR35,8AAP95 ,0,Nor,53,UI SERV DIRECTO,53,S,MED
2026-02-01 00:00:00,793250600089,19,DW,04,F,12,191,FLORES CACHO ANTONIO          ,1F,SUJETO A CORTE,RME032 ,2,F623,24NY,2026-01-01,2025-11-12,669,334,,W0403193704,SMG,2026-01-13,LIR,45,2026-01-13 08:39:19,1928,L,9ND76,RME032 ,0,Opt,60,MEDID NO TRABAJA,32,S,MED
2026-02-01 00:00:00,793251200891,82,DW,04,F,12,821,COM AGUA POT Y ALC DEL E D CAM,77,ACTIVO,6EFB03 ,3,VL28,25NJ,,,,,,W0403198532,SM2,2026-01-22,MED,36,,,,,,,,,,,,GSC
2026-02-01 00:00:00,793251200963,82,DW,04,F,12,821,COM AGUA POT Y ALC DEL E D CAM,77,ACTIVO,6EFB04 ,3,VL28,25NJ,,,,,,W0403198533,SM2,2026-01-22,MED,36,,,,,,,,,,,,GSC
2026-02-01 00:00:00,793260100408,27,DW,04,F,26,272,AMAYA FERNANDEZ AYLEEM JANHET ,1F,ACTIVO,9CEU30 ,2,F623,25P3,2026-01-01,2026-01-21,0,0,,W0403196706,SMG,2026-01-19,LIR,39,2026-01-19 08:02:27,2729,M,9ND76,9CEU30 ,0,Opt,60,MEDID NO TRABAJA,60,S,MED
2026-02-01 00:00:00,793750302751,27,DW,04,F,27,272,ANDRADE RAFAEL                ,1F,ACTIVO,LGC459 ,1,F123,23NX,2024-03-01,2024-03-19,7405,0,,W0403196754,SMC,2026-01-19,LIR,39,,,,,,,,,,,,MED
2026-02-01 00:00:00,793820900090,27,DW,04,F,27,272,SEP ESC NARZISO MENDOZA       ,02,ACTIVO,P455FJ ,2,F623,18NN,2026-01-01,2025-09-18,98983,3541,,W0403196755,SMC,2026-01-19,LIR,39,2026-01-19 14:23:16,2726,L,9BBRA,P455FJ ,0,Nor,53,UI SERV DIRECTO,53,S,MED
2026-02-01 00:00:00,793830100130,73,DW,04,F,18,734,BOMBA DE AGUA DE LIBERTAD     ,06,ACTIVO,R402CN ,3,KL28,18KE,2026-02-01,2026-02-17,29902,323,,W0403178433,SM2,2025-12-09,MED,80,2026-02-17 12:29:50,7303,L,9ND76,R402CN ,323,Opt,  ,,,,GSC
2026-02-01 00:00:00,793010500974,23,DW,04,F,27,231,PEREZ MORALES MISAEL          ,1F,ACTIVO,0A433J ,1,F121,04GG,2026-01-01,2026-01-15,15202,0,,W0403196623,SM2,2026-01-19,CCC,39,2026-01-15 11:13:45,2327,L,9JRAL,0A433J ,0,Nor,31,SERVICIO SIN USO,,,GSC
2026-02-01 00:00:00,793070100606,10,DW,04,H,50,001,DE LA CRUZ OSUNA EDGAR SAMUEL ,1F,ACTIVO,XNF511 ,1,F123,24NX,2024-12-01,2024-12-05,8328,0,,W0403186438,S05,2025-12-29,W4A,60,,,,,,,,,,,,CCC
2026-02-01 00:00:00,793860100088,27,DW,04,H,55,273,AGUILAR GUTIERREZ ROQUE       ,1F,BAJA SIN MED RET,H849LG ,1,F122,17LN,2026-01-01,2026-01-20,19070,0,,W0403196806,SMC,2026-01-19,LIR,39,,,,,,,,,,,,MED
2026-02-01 00:00:00,793910200534,27,DW,04,F,27,271,FLORIPA GOMEZ DE CONTRERA     ,1F,ACTIVO,X4U154 ,1,F121,90F5,2026-01-01,2026-01-21,50991,2,,W0403196743,SMG,2026-01-19,LIR,39,,,,,,,,,,,,MED
2026-02-01 00:00:00,793941100813,79,DW,04,F,09,794,ASOC Y SUCES MOYCRUZ SA DE CV ,67,ACTIVO,GFP543 ,3,VL28,22NJ,2026-02-01,2026-02-25,219,1920,,W0403194725,SM2,2026-01-15,MED,43,,,,,,,,,,,,GSC
2026-02-01 00:00:00,793950300221,27,DW,04,H,57,274,IMSS 689 RICARDO PAYRO J PNORT,02,ACTIVO,601XHA ,1,F122,16LN,2026-01-01,2026-01-20,24524,132,,W0403196798,SMC,2026-01-19,LIR,39,,,,,,,,,,,,MED
2026-02-01 00:00:00,793950301155,09,DW,04,F,35,094,RODRIGUEZ BLANCO ELIAS        ,1F,ACTIVO,Y05P06 ,1,F121,94F5,2026-01-01,2025-07-04,32651,192,,W0403190029,SMC,2026-01-07,LIR,51,2026-01-06 18:11:36,0926,L,9ND76,Y05P06 ,0,Nor,53,UI SERV DIRECTO,53,S,MED
2026-02-01 00:00:00,793960100379,23,DW,04,F,27,231,JIMENEZ OVANDO EVELIA         ,1F,ACTIVO,M4H351 ,1,F121,89F5,2026-01-01,2025-11-14,40390,433,,W0403195120,SMG,2026-01-15,LIR,43,2026-01-15 10:46:49,2327,L,9JRAL,M4H351 ,0,Nor,61,MANECILLAS DESCA,61,S,MED
2026-02-01 00:00:00,793960200900,31,DW,04,F,08,311,CAHUICH VALERIO               ,1F,ACTIVO,HA077W ,1,F123,20NT,2021-05-01,2021-05-21,20086,326,,W0403198408,SMC,2026-01-21,LIR,37,,,,,,,,,,,,MED
2026-02-01 00:00:00,793960400909,33,DW,04,F,21,331,PECH ANGULO GRACIELA          ,1F,BAJA SIN MED RET,E935Y3 ,1,F121,95F5,2026-01-01,2026-01-22,16817,0,,W0403198836,SMC,2026-01-22,LIR,36,,,,,,,,,,,,MED
2026-02-01 00:00:00,793960900839,27,DW,04,H,57,274,TELESECUNDARIA 21             ,02,ACTIVO,P794FH ,2,F623,18NN,2024-11-01,2024-11-19,80238,1122,,W0403197983,SM2,2026-01-21,04B,37,,,,,,,,,,,,GSC
2026-02-01 00:00:00,793961100739,23,DW,04,F,27,234,LAYDA TORRES ROSADO           ,1F,ACTIVO,E4F260 ,1,FD21,87F4,2026-01-01,2026-01-15,45252,0,,W0403196680,SM2,2026-01-19,CCC,39,2026-01-15 13:16:08,2326,L,9JR35,E4F260 ,0,Nor,31,SERVICIO SIN USO,,,GSC
2026-02-01 00:00:00,793961200733,29,DW,04,F,26,291,NEMESIO MAAS MAAS             ,1F,ACTIVO,PBN863 ,1,F123,24NX,2026-01-01,2026-01-08,0,516,,W0403197610,SMC,2026-01-20,LIR,38,2026-01-20 07:29:33,2928,L,9ND76,PBN863 ,0,Nor,53,UI SERV DIRECTO,53,S,MED
2026-02-01 00:00:00,793971001020,20,DW,04,F,03,201,CARDOZA HERNANDEZ ULISES      ,1F,ACTIVO,022TX1 ,1,F122,12LH,2026-02-01,2026-02-11,4323,0,,W0403181125,SMC,2025-12-15,LIR,74,2026-02-11 15:08:57,2026,L,R9658,022TX1 ,0,Opt,31,SERVICIO SIN USO,,,MED
2026-02-01 00:00:00,793980100367,27,DW,04,F,26,272,ADRIANO EK GONZALEZ           ,1F,ACTIVO,440VWX ,1,F122,16LN,2026-01-01,2026-01-21,28992,295,,W0403196705,SMG,2026-01-19,LIR,39,,,,,,,,,,,,MED
2026-02-01 00:00:00,793980500110,76,DW,04,F,39,762,BOMBA DE AGUA NVO PROGRESO 2  ,06,ACTIVO,GEL710 ,3,KL28,22NJ,2026-02-01,2026-02-20,26449,0,,W0403198686,SMH,2026-01-22,04A,36,2026-02-20 10:34:41,7601,L,9JRAL,GEL710 ,0,Opt,31,SERVICIO SIN USO,,,MED
2026-02-01 00:00:00,793980900622,30,DW,04,F,12,302,PEDRO DIEGO CHI CANCHE        ,1F,ACTIVO,GBL716 ,1,F123,23NX,2024-08-01,2024-08-20,14201,269,,W0403184606,SMG,2025-12-22,LIR,67,2024-08-20 09:28:04,3004,L,9ND76,GBL716 ,4,Opt,31,SERVICIO SIN USO,,,MED
2026-02-01 00:00:00,793990201234,34,DW,04,F,39,342,FRANCISCO CORTINA MORALES     ,1F,ACTIVO,LMU858 ,1,F123,23NX,2024-10-01,2024-10-24,16548,27,,W0403185761,SMC,2025-12-26,LIR,63,,,,,,,,,,,,MED
2026-02-01 00:00:00,793991001204,31,DW,04,F,29,311,LEON MARTINEZ YESENIA         ,1F,ACTIVO,35L16K ,1,F12H,10KU,2026-01-01,2025-11-21,25690,300,,W0403198728,SM2,2026-01-22,04A,36,2026-01-21 10:59:09,3127,L,9JR35,35L16K ,0,Nor,59,DISPLAY APAGADO,59,S,GSC
2026-02-01 00:00:00,794010300424,33,DW,04,G,10,331,ALONSO GONZALEZ SONIA VICTORIA,02,ACTIVO,J658PR ,2,F622,17LM,2026-01-01,2026-01-22,18056,375,,W0403183261,SMS,2025-12-18,W4G,71,2026-01-22 09:34:56,3301,L,R9642,J658PR ,375,Opt,  ,,,,GSC
2026-02-01 00:00:00,794020800239,13,DW,04,G,33,001,RAMIREZ LEON ODILON           ,1F,ACTIVO,6DVB66 ,2,F623,25NY,2025-09-01,2025-09-05,28453,0,,W0403191809,SMG,2026-01-09,LIR,49,,,,,,,,,,,,MED
2026-02-01 00:00:00,794030700542,12,DW,04,G,57,001,JAIMES LUVIANO ASUNCION       ,1F,ACTIVO,36DH18 ,1,F121,06JL,2026-02-01,2025-10-07,41176,587,,W0403178075,SM2,2025-12-09,04G,80,2026-02-05 10:02:11,1227,L,R9642,36DH18 ,98841,Nor,  ,,FR,S,GSC
2026-02-01 00:00:00,794050500167,18,DW,04,G,10,004,OSORIO RAMIREZ SANTIAGO       ,1F,ACTIVO,HLU432 ,2,F623,23NY,2012-12-01,2012-12-11,12812,0,,W0403188478,SM2,2026-01-05,W4G,53,,,,,,,,,,,,GSC
2026-02-01 00:00:00,794060401981,28,DW,04,G,20,282,VILLALPANDO SUSTAITA MARGARITA,1F,ACTIVO,468VC7 ,2,F622,12LJ,2006-02-01,2006-04-18,1368,0,,W0403186476,SM2,2025-12-29,W4G,60,,,,,,,,,,,,GSC
2026-02-01 00:00:00,794060600747,36,DW,04,G,71,364,JOSE ZACARIAS NOTARIO         ,1F,ACTIVO,7V306N ,1,F121,06JL,2026-02-01,2025-12-26,23561,0,,W0403186520,SMG,2025-12-29,LIR,60,2026-02-23 11:36:52,3626,L,R9484,7V306N ,99470,Nor,  ,,FR,S,MED
2026-02-01 00:00:00,794060701071,03,DW,04,G,17,001,CLARA DEL CARMEN PEREZ        ,1F,ACTIVO,PBP415 ,1,F123,24NX,2025-07-01,2025-06-30,18495,192,,W0403187653,SMC,2026-01-02,LIR,56,,,,,,,,,,,,MED
2026-02-01 00:00:00,793080216548,29,DW,04,F,29,291,PARTIDA SANTILLANA ALFREDO    ,1F,ACTIVO,64LU15 ,1,F121,07JL,2026-01-01,2025-11-20,11828,59,,W0403197617,SMG,2026-01-20,LIR,38,2026-01-20 11:11:20,2926,L,9BBRA,64LU15 ,0,Nor,60,MEDID NO TRABAJA,60,S,MED
2026-02-01 00:00:00,793110100884,29,DW,04,F,26,291,HIDALGO ZAVALA GAUDENCIO      ,1F,ACTIVO,MJD814 ,1,F123,23NX,2024-05-01,2024-05-20,12838,23,,W0403197613,SMG,2026-01-20,LIR,38,,,,,,,,,,,,MED
2026-02-01 00:00:00,794070302621,06,DW,04,G,62,002,CAROLINA MENDEZ CARPIO        ,1F,ACTIVO,471LVV ,1,F122,16LN,2026-02-01,2026-02-04,18027,270,,W0403203723,SMG,2026-01-30,LIR,28,2026-02-06 10:38:17,1251,R,R9484,471LVV ,0,Nor,51,NO ENCONTRE DOMI,,,MED
2026-02-01 00:00:00,794070303678,06,DW,04,G,83,001,MARIA FRANCISCA SANTIAGO      ,1F,ACTIVO,49DR97 ,1,F121,06JL,2026-02-01,2026-02-04,21670,425,,W0403175355,SMC,2025-12-04,LIR,85,2026-02-06 10:41:25,1251,R,R9484,49DR97 ,0,Nor,51,NO ENCONTRE DOMI,,,MED
2026-02-01 00:00:00,794070400878,12,DW,04,G,56,001,SERGIO VILLALOBOS RUIZ        ,1F,ACTIVO,RFV778 ,2,F623,24NY,2025-04-01,2025-04-04,46585,350,,W0403178017,SMC,2025-12-09,LIR,80,,,,,,,,,,,,MED
2026-02-01 00:00:00,794070401092,10,DW,04,G,82,001,VICENTE DE LA CRUZ GONZALEZ   ,1F,ACTIVO,PBT936 ,1,F123,24NX,2026-02-01,2026-02-04,141,141,,W0403177162,SMC,2025-12-08,LIR,81,2026-02-04 09:30:16,1026,L,R9484,PBT936 ,141,Opt,  ,,,,MED
2026-02-01 00:00:00,794070500601,11,DW,04,G,34,003,DAMIAN MATEO RUFINO           ,1F,ACTIVO,X799TF ,2,F623,19NU,2026-01-01,2026-01-08,21302,298,,W0403187619,SMG,2026-01-02,04G,56,,,,,,,,,,,,MED
2026-02-01 00:00:00,794090200433,31,DW,04,G,93,315,PERAZA PEREZ LAZARO           ,1F,ACTIVO,HG660W ,1,F123,20NT,2021-05-01,2021-05-20,8357,1556,,W0403200342,SMG,2026-01-26,04G,32,,,,,,,,,,,,MED
2026-02-01 00:00:00,794090600440,11,DW,04,G,34,003,MARTINEZ CHAN MARIA DEL CARMEN,1F,ACTIVO,PCD950 ,1,F123,24NX,2026-01-01,2026-01-08,2398,783,,W0403191043,SMC,2026-01-08,LIR,50,,,,,,,,,,,,MED
2026-02-01 00:00:00,794090600971,17,DW,04,G,90,001,ARCOS MENESES ISRAEL          ,1F,ACTIVO,0P395D ,1,F121,06JL,2026-01-01,2025-09-09,9343,139,,W0403193718,SM2,2026-01-13,04G,45,2026-01-12 09:25:29,1727,L,R9642,0P395D ,99415,Nor,  ,,FR,S,GSC
2026-02-01 00:00:00,794090601012,17,DW,04,G,90,001,GUZMAN GUZMAN MARIA JOBITA    ,1F,ACTIVO,0V312G ,1,F121,06JL,2026-01-01,2026-01-12,31320,0,,W0403193715,SMG,2026-01-13,04G,45,2026-01-12 09:33:29,1727,L,R9642,0V312G ,0,Nor,31,SERVICIO SIN USO,,,MED
2026-02-01 00:00:00,794090601331,17,DW,04,G,90,001,HERNANDEZ ESTEBAN MARCELO     ,1F,ACTIVO,3D010R ,1,F121,05JL,2026-01-01,2026-01-13,24000,0,,W0403193047,SMC,2026-01-12,LIR,46,2026-01-13 11:50:54,1751,R,R9642,3D010R ,0,Nor,31,SERVICIO SIN USO,,,MED
2026-02-01 00:00:00,794091100092,31,DW,04,G,45,312,JIMENEZ LOPEZ ARMANDO         ,1F,ACTIVO,552WG8 ,1,F122,13LN,2026-01-01,2025-03-24,1722,0,,W0403177413,SMC,2025-12-08,MED,81,2026-01-22 12:35:24,3151,R,R9484,552WG8 ,0,Nor,53,UI SERV DIRECTO,53,S,MED
2026-02-01 00:00:00,794091100211,29,DW,04,G,30,001,VIVEROS BARRADAS VICTOR       ,1F,ACTIVO,X167TE ,2,F623,19NU,2009-09-01,2009-11-12,1,0,,W0403199402,SMG,2026-01-23,04G,35,,,,,,,,,,,,MED
2026-02-01 00:00:00,794100100564,20,DW,04,G,10,006,MORALES HERNANDEZ FERMIN      ,1F,ACTIVO,7R141M ,2,F621,06F3,2009-12-01,2009-12-19,3197,0,,W0403181164,SMC,2025-12-15,LIR,74,,,,,,,,,,,,MED
2026-02-01 00:00:00,792180200367,13,DW,04,E,41,131,HARMS DYCK ABRAM              ,1F,ACTIVO,WNW812 ,2,F623,24P2,2026-01-01,2026-01-08,13490,1603,,W0403191615,SMW,2026-01-09,W4E,49,,,,,,,,,,,,GSC
2026-02-01 00:00:00,794130100321,82,DW,04,G,10,821,UNIVERSIDAD TECNOLOGICA DE CAN,77,ACTIVO,PJ346K ,3,VL28,20KE,,,,,,W0403195508,SMS,2026-01-16,W4G,42,,,,,,,,,,,,GSC
2026-02-01 00:00:00,794140300248,23,DW,04,G,10,005,SOSA SUAREZ ADRIANA           ,1F,CORTADO,CM200F ,1,F123,19NM,2026-01-01,2026-01-16,16369,297,,W0403195068,SMC,2026-01-15,LIR,43,,,,,,,,,,,,MED
2026-02-01 00:00:00,794140900792,01,DW,04,G,15,001,MARTINEZ HERNANDEZ AMANDA LUZ ,1F,ACTIVO,61FA42 ,1,F121,07JL,2026-01-01,2025-12-29,4482,0,,W0403187817,SMG,2026-01-02,MED,56,2025-12-29 11:03:56,0127,L,R9642,61FA42 ,0,Nor,31,SERVICIO SIN USO,,,MED
2026-02-01 00:00:00,794141101508,20,DW,04,G,97,001,ARREOLA SANCHEZ ARTURO        ,1F,ACTIVO,49DH53 ,1,F121,06JL,2026-02-01,2025-12-14,3855,0,,W0403181173,SMG,2025-12-15,LIR,74,2026-02-11 11:19:25,2026,L,R9642,49DH53 ,99979,Nor,  ,,FR,S,MED
2026-02-01 00:00:00,794141200891,20,DW,04,G,96,001,PEREZ SANCHEZ JORGE LUIS      ,1F,ACTIVO,2FY123 ,1,F121,98GG,2026-02-01,2026-02-11,1534,4,,W0403181253,SMC,2025-12-15,04G,74,2026-02-11 13:28:32,2026,L,R9642,2FY123 ,99970,Nor,  ,,FR,S,MED
2026-02-01 00:00:00,794141201014,20,DW,04,G,96,001,ENRIQUEZ ALONSO POLICARPIO    ,1F,ACTIVO,XE660R ,1,F123,21NT,2026-02-01,2026-02-12,5563,198,,W0403181171,SMC,2025-12-15,LIR,74,2026-02-12 11:03:31,2051,R,R9484,XE660R ,198,Nor,  ,,,,MED
2026-02-01 00:00:00,794141201197,20,DW,04,G,96,001,MORALES LOPEZ JESUS MANUEL    ,1F,ACTIVO,LMU349 ,1,F123,23NX,2024-06-01,2024-06-13,14874,0,,W0403181172,SMC,2025-12-15,LIR,74,,,,,,,,,,,,MED
2026-02-01 00:00:00,794141201685,29,DW,04,G,30,001,PINTO LUIS EDITH              ,1F,ACTIVO,757THA ,1,F122,16LM,2026-01-01,2026-01-20,15928,0,,W0403198096,SMG,2026-01-21,04G,37,2026-01-20 10:03:35,2927,L,R9642,757THA ,0,Nor,31,SERVICIO SIN USO,LM,S,MED
2026-02-01 00:00:00,792180400480,18,DW,04,E,86,002,DELGADO VILLA FRANCISCO       ,1F,ACTIVO,K108JA ,1,F122,17LN,2026-02-01,2026-02-10,5391,15,,W0403181299,SMG,2025-12-15,04A,74,2026-02-10 10:22:25,1826,L,9P149,K108JA ,15,Opt,  ,,,,MED
2026-02-01 00:00:00,792181000621,07,DW,04,E,95,072,UC MAY CLEMENCIO              ,1F,ACTIVO,PCX881 ,1,F123,24NX,2026-01-01,2026-01-06,40,20,,W0403189297,SMC,2026-01-06,LIR,52,,,,,,,,,,,,MED
2026-02-01 00:00:00,794150500181,35,DW,04,G,25,351,TUYUB ARCEO ROSA INES         ,1F,ACTIVO,33HL10 ,1,F121,07JL,2026-01-01,2026-01-24,16130,0,,W0403199415,SMG,2026-01-23,LIR,35,2026-01-24 18:49:23,3551,R,R9484,33HL10 ,0,Nor,31,SERVICIO SIN USO,,,MED
2026-02-01 00:00:00,794150501594,36,DW,04,G,43,361,RIVERA FLORES JOSE MATILDE    ,1F,ACTIVO,852MBW ,1,F12J,15MR,2026-02-01,2026-02-24,3452,46,,W0403203494,SMG,2026-01-30,04G,28,2026-02-24 10:52:04,3651,R,R9484,852MBW ,46,Nor,  ,,,,MED
2026-02-01 00:00:00,794150700511,21,DW,04,G,32,001,NARVAEZ NARVAEZ MARIA ESPERANZ,1F,ACTIVO,355W6C ,1,F122,14LN,2026-01-01,2025-01-14,18494,388,,W0403194801,SMC,2026-01-15,04G,43,2026-01-14 09:42:28,2127,L,R9642,355W6C ,81506,Opt,  ,,,,MED
2026-02-01 00:00:00,794150700937,37,DW,04,G,88,001,GONZALEZ OROSIO ELENA         ,1F,ACTIVO,8LB584 ,1,F121,99GG,2026-01-01,2026-01-27,5097,69,,W0403200631,SMC,2026-01-26,LIR,32,,,,,,,,,,,,MED
2026-02-01 00:00:00,794150802136,31,DW,04,G,12,311,VAZQUEZ TRUJILLO CARMEN       ,1F,ACTIVO,CM518B ,1,F123,19NM,2015-07-01,2015-08-10,0,0,,W0403200346,SMG,2026-01-26,04G,32,,,,,,,,,,,,MED
2026-02-01 00:00:00,793140703222,23,DW,04,H,59,231,MENDEZ MARTINEZ JOSE LUIS     ,1F,ACTIVO,DXD687 ,1,F123,22NX,2023-09-01,2023-09-07,4676,136,,W0403191561,SMC,2026-01-09,LIR,49,,,,,,,,,,,,MED
2026-02-01 00:00:00,793140703231,23,DW,04,H,59,231,DIAZ LOPEZ SAMUEL             ,1F,ACTIVO,231VLV ,1,F122,16LN,2026-01-01,2026-01-15,13954,131,,W0403191562,SMC,2026-01-09,LIR,49,,,,,,,,,,,,MED
2026-02-01 00:00:00,794150803540,06,DW,04,G,65,001,RODRIGUEZ FLORES ABRAHAM      ,1F,ACTIVO,70DH31 ,1,F121,06JL,2026-02-01,2025-10-02,5577,20,,W0403195379,SM2,2026-01-16,W4G,42,2026-01-30 10:47:51,0627,L,R9642,70DH31 ,99254,Nor,  ,,FR,S,GSC
2026-02-01 00:00:00,794150804899,31,DW,04,G,45,312,LOPEZ TORRES BELIZARIO        ,1F,ACTIVO,L172TX ,1,F122,18LN,2015-07-01,2015-08-24,1,0,,W0403200480,SMG,2026-01-26,04G,32,,,,,,,,,,,,MED
2026-02-01 00:00:00,793140703338,09,DW,04,H,93,001,GUTIERREZ RAMIREZ JEREMIAS    ,1F,ACTIVO,FKG094 ,1,F123,22NX,2024-03-01,2024-03-05,6922,0,,W0403190188,SMC,2026-01-07,LIR,51,,,,,,,,,,,,MED
2026-02-01 00:00:00,793150202426,79,DW,04,F,09,794,PEREZ CAMARILLO LUIS GERARDO  ,1F,ACTIVO,UD429E ,2,F623,21NY,2024-06-01,2024-06-26,41192,0,,W0403201532,SMC,2026-01-27,LIR,31,,,,,,,,,,,,MED
2026-02-01 00:00:00,794150900049,31,DW,04,G,93,315,GOMEZ TEJERO JUDITH DEL CARMEN,1F,ACTIVO,615MDF ,1,F12J,15MR,2026-01-01,2026-01-22,6201,378,,W0403198278,SMG,2026-01-21,LIR,37,,,,,,,,,,,,MED
2026-02-01 00:00:00,793150900859,27,DW,04,F,27,272,GONZALEZ PEREZ SILVIA         ,1F,ACTIVO,109KTU ,1,F122,15LN,2026-01-01,2025-09-18,22938,477,,W0403196752,SMC,2026-01-19,LIR,39,2026-01-19 12:20:15,2726,L,9BBRA,109KTU ,0,Nor,53,UI SERV DIRECTO,53,S,MED
2026-02-01 00:00:00,794150902076,09,DW,04,G,03,001,PEREZ SANCHEZ JOSE DAVID      ,1F,ACTIVO,24G1C0 ,1,F12H,09KU,2026-01-01,2026-01-07,9290,134,,W0403190186,SMC,2026-01-07,LIR,51,,,,,,,,,,,,MED
2026-02-01 00:00:00,794150902530,17,DW,04,G,38,001,CENTENO VARGAS JOSEFINA       ,1F,ACTIVO,AVY521 ,1,F123,22NX,2022-11-01,2022-11-10,3590,1531,,W0403193090,SMC,2026-01-12,LIR,46,,,,,,,,,,,,MED
2026-02-01 00:00:00,793221201027,29,DW,04,F,24,291,SANTIAGO HERNANDEZ NICASIO    ,1F,ACTIVO,DJU021 ,2,F623,22NU,2026-01-01,2025-11-20,7799,711,,W0403197974,SMG,2026-01-21,04A,37,2026-01-20 11:07:08,2927,L,9JRAL,DJU021 ,0,Nor,56,NO HAY MEDIDOR,56,S,MED
2026-02-01 00:00:00,793830500120,29,DW,04,F,26,291,DE LA ROSA ROMERO BARTOLA     ,1F,ACTIVO,0A298J ,1,F121,04GG,2026-01-01,2025-11-20,26985,0,,W0403197988,SM2,2026-01-21,04A,37,2026-01-20 13:34:52,2928,L,9ND76,0A298J ,99165,Nor,  ,,FR,S,GSC
2026-02-01 00:00:00,794151200148,27,DW,04,G,16,272,GARCIA GUZMAN JOSE DEL CARMEN ,1F,BAJA SIN MED RET,927FMP ,2,F622,15LM,2026-01-01,2026-01-20,5856,0,,W0403196640,SMC,2026-01-19,LIR,39,,,,,,,,,,,,MED
2026-02-01 00:00:00,794160100181,23,DW,04,G,10,001,KANTUN RAMIREZ ELSY JUDITH    ,1F,ACTIVO,A656KT ,2,F622,16LM,2026-01-01,2025-05-16,5124,202,,W0403186534,SMG,2025-12-29,04G,60,2026-01-16 09:39:24,2351,R,R9484,A656KT ,0,Nor,56,NO HAY MEDIDOR,56,S,MED
2026-02-01 00:00:00,794160101225,23,DW,04,G,10,001,ROSALIO VILLALOBOS RUIZ       ,1F,BAJA SIN MED RET,X728TC ,2,F623,19NU,2020-01-01,2019-11-28,421,134,,W0403195084,SMG,2026-01-15,LIR,43,,,,,,,,,,,,MED
2026-02-01 00:00:00,794160300155,20,DW,04,G,61,001,GONZALEZ LOPEZ JAVIER         ,1F,ACTIVO,7F3N64 ,1,F121,01GG,2026-02-01,2026-02-12,3842,0,,W0403181168,SMC,2025-12-15,LIR,74,2026-02-12 11:00:31,2051,R,R9484,7F3N64 ,0,Nor,31,SERVICIO SIN USO,,,MED
2026-02-01 00:00:00,794160600612,12,DW,04,G,95,001,TORRES SANTIAGO               ,1F,ACTIVO,717FDB ,1,F122,15LN,2026-02-01,2026-02-05,8903,12,,W0403202184,SMG,2026-01-28,04G,30,2026-02-05 17:39:20,1226,L,R9484,717FDB ,12,Nor,  ,,,,MED
2026-02-01 00:00:00,794160600701,03,DW,04,G,17,001,PEREZ GUZMAN KARINA DEL CARMEN,1F,ACTIVO,YP843L ,2,F623,21NU,2022-09-01,2022-08-01,11396,2090,,W0403187655,SMC,2026-01-02,LIR,56,,,,,,,,,,,,MED
2026-02-01 00:00:00,794160700269,01,DW,04,G,18,001,CRUZ ORTEGON TOMASA           ,1F,ACTIVO,86L12R ,1,F12H,10KU,2020-11-01,2020-10-29,5970,0,,W0403185443,S05,2025-12-23,04G,66,,,,,,,,,,,,CCC
2026-02-01 00:00:00,793840500128,27,DW,04,F,27,271,CANUL LOPEZ VICTOR            ,1F,ACTIVO,495YY8 ,1,F122,13LN,2006-07-01,2006-07-18,3062,0,,W0403197356,SMG,2026-01-20,04A,38,,,,,,,,,,,,MED
2026-02-01 00:00:00,794161001950,17,DW,04,G,90,001,PERERA MORALES CLAUDIA        ,1F,BAJA SIN MED RET,558VLN ,1,F122,16LN,2026-01-01,2026-01-13,11651,0,,W0403193050,SMC,2026-01-12,LIR,46,,,,,,,,,,,,MED
2026-02-01 00:00:00,794161100389,34,DW,04,G,60,343,CRUZ FLORES J IVAN            ,1F,ACTIVO,22G4E3 ,1,F12H,09KU,2026-02-01,2026-02-20,940,13,,W0403202950,SMG,2026-01-29,04G,29,2026-02-20 14:52:04,3427,L,R9642,22G4E3 ,13,Nor,  ,,FR,S,MED
2026-02-01 00:00:00,794061200823,12,DW,04,G,95,001,ROSADO JIMENEZ MIRNA RUBI     ,1F,ACTIVO,30HL43 ,1,F121,07JL,2026-02-01,2026-02-06,6291,10,,W0403202738,SMG,2026-01-29,04G,29,2026-02-06 10:48:34,1251,R,R9484,30HL43 ,10,Nor,31,SERVICIO SIN USO,,,MED
2026-02-01 00:00:00,794170300226,33,DW,04,G,59,001,MORFIN ALVAREZ DANIEL         ,1F,ACTIVO,540X6H ,2,F622,14LM,2026-01-01,2026-01-23,16476,241,,W0403199386,SMG,2026-01-23,04G,35,,,,,,,,,,,,MED
2026-02-01 00:00:00,794170701760,20,DW,04,G,10,006,MONTEJO MENDEZ MATILDE        ,1F,BAJA SIN MED RET,077VBH ,1,F122,16LN,2026-02-01,2026-02-11,16004,0,,W0403181167,SMC,2025-12-15,LIR,74,2026-02-11 13:58:54,2001,L,R9484,077VBH ,0,Nor,31,SERVICIO SIN USO,,,MED
2026-02-01 00:00:00,794170702308,20,DW,04,G,10,006,CRISTINA JIMENEZ ISABEL       ,1F,CORTADO,CM384A ,2,F623,19NM,2017-06-01,2017-07-26,0,0,,W0403181163,SMC,2025-12-15,LIR,74,,,,,,,,,,,,MED
2026-02-01 00:00:00,794171000749,12,DW,04,G,56,001,VILLALOBOS RUIZ SERGIO        ,1F,ACTIVO,1AAH60 ,2,F623,25NY,2025-08-01,2025-08-07,2169,185,,W0403203736,SMG,2026-01-30,04G,28,,,,,,,,,,,,MED
2026-02-01 00:00:00,794180100322,12,DW,04,G,95,001,GARCIA ADIANA                 ,1F,ACTIVO,71N15L ,1,F12H,10KN,2026-02-01,2026-02-06,2498,10,,W0403202744,SMG,2026-01-29,04G,29,2026-02-06 10:51:45,1251,R,R9484,71N15L ,10,Nor,31,SERVICIO SIN USO,,,MED
2026-02-01 00:00:00,794180102937,35,DW,04,G,25,351,LOPEZ CARRASCO ENRIQUETA      ,1F,BAJA SIN MED RET,H008LT ,2,F122,17LN,2026-01-01,2026-01-24,9901,0,,W0403199414,SMC,2026-01-23,LIR,35,,,,,,,,,,,,MED
2026-02-01 00:00:00,794061200882,29,DW,04,G,30,001,RAMON CARMONA MIRNA           ,1F,ACTIVO,LF750Y ,2,F123,20NT,2026-01-01,2026-01-21,12552,467,,W0403197473,SMC,2026-01-20,LIR,38,,,,,,,,,,,,MED
2026-02-01 00:00:00,794101100401,33,DW,04,G,31,001,CARBALLO MORENO MARIA CANDELAR,1F,ACTIVO,HG282V ,1,F123,20NT,2026-01-01,2026-01-23,6576,257,,W0403198801,SMC,2026-01-22,LIR,36,,,,,,,,,,,,MED
2026-02-01 00:00:00,794180301735,34,DW,04,G,70,344,BARAJAS GARIBO SERGIO         ,1F,BAJA SIN MED RET,K170JC ,1,F122,17LN,2026-02-01,2026-02-23,1254,0,,W0403202951,SMG,2026-01-29,04G,29,2026-02-23 09:38:31,3451,R,R9642,K170JC ,0,Nor,31,SERVICIO SIN USO,,,MED
2026-02-01 00:00:00,794180301824,15,DW,04,G,34,151,GOMEZ KILCAN WENDY DARIANA    ,1F,ACTIVO,KL863L ,1,F123,20NT,2026-01-01,2026-01-09,6531,198,,W0403187756,SMG,2026-01-02,04G,56,,,,,,,,,,,,MED
2026-02-01 00:00:00,793140700720,38,DW,04,F,28,381,ESTRELLA GONZALEZ MANUEL      ,1F,BAJA SIN MED RET,7F9K22 ,1,F121,01GG,2026-02-01,2026-02-26,6101,0,,W0403186488,SMC,2025-12-29,LIR,60,2026-02-24 18:55:29,3826,L,9JRAL,7F9K22 ,0,Nor,53,UI SERV DIRECTO,53,S,MED
2026-02-01 00:00:00,794180500533,17,DW,04,G,37,001,LEYVA RAMIREZ MARIANA         ,1F,ACTIVO,335C2J ,1,F122,13LN,2026-01-01,2026-01-13,11525,291,,W0403193046,SMC,2026-01-12,LIR,46,,,,,,,,,,,,MED
2026-02-01 00:00:00,794150102223,20,DW,04,G,61,001,RODRIGUEZ LOPEZ NEREYDA       ,1F,ACTIVO,985G7Y ,1,F122,13LN,2026-02-01,2026-02-11,4507,12,,W0403181806,SMC,2025-12-16,LIR,73,2026-02-11 16:21:55,2026,L,R9642,985G7Y ,12,Nor,  ,,,,MED
2026-02-01 00:00:00,794181000534,01,DW,04,G,15,001,GOMEZ HERNANDEZ SOLEDAD       ,1F,ACTIVO,XE676R ,1,F123,21NT,2022-05-01,2022-04-29,9052,2333,,W0403185802,SMG,2025-12-26,04G,63,,,,,,,,,,,,MED
2026-02-01 00:00:00,794181001824,14,DW,04,G,26,001,PEREZ ARIAS DOMITILA          ,1F,ACTIVO,L295FH ,1,F122,18LN,2026-02-01,2026-02-06,23994,541,,W0403202245,SMG,2026-01-28,04G,30,2026-02-06 14:50:32,1427,L,R9642,L295FH ,541,Nor,  ,,FR,S,MED
2026-02-01 00:00:00,794150200594,12,DW,04,G,95,001,ULLOA LOPEZ ADALINA           ,1F,ACTIVO,952G3Y ,1,F122,13LN,2026-02-01,2026-02-05,14490,21,,W0403202741,SMG,2026-01-29,04G,29,2026-02-05 13:49:17,1226,L,R9484,952G3Y ,21,Nor,  ,,FR,S,MED
2026-02-01 00:00:00,794190400146,32,DW,04,G,1A,321,DAMIAN FELIX MIGUEL           ,1F,ACTIVO,69PR48 ,2,F621,07F3,2026-02-01,2026-02-20,770,20,,W0403184846,SMC,2025-12-22,LIR,67,2026-02-20 11:08:57,3251,R,R9484,69PR48 ,20,Nor,  ,,,,MED
2026-02-01 00:00:00,794190601478,20,DW,04,G,10,006,GOMEZ CHAN DIANA LAURA        ,02,ACTIVO,67H25V ,3,KL2M,10KC,2026-02-01,2025-12-14,62567,3006,,W0403181160,SMG,2025-12-15,LIR,74,2026-02-12 10:50:48,2051,R,R9484,67H25V ,0,Nor,64,P. INFRARROJO/MED. D,64,S,MED
2026-02-01 00:00:00,794190800268,16,DW,04,G,23,001,ESCUELA REFORMA AGRARIA PRIMAR,1F,ACTIVO,V503LD ,1,F122,19LN,2026-02-01,2026-02-10,3974,99,,W0403182700,SMG,2025-12-17,04G,72,2026-02-10 09:58:48,1651,R,R9642,V503LD ,99,Nor,  ,,,,MED
2026-02-01 00:00:00,794190800586,16,DW,04,G,23,001,GUTIERREZ VAZQUEZ FRANCISCO SA,1F,ACTIVO,T923GX ,1,F122,18LN,2026-02-01,2025-06-10,36054,1083,,W0403179563,SMC,2025-12-11,04G,78,2026-02-10 10:01:43,1651,R,R9642,T923GX ,0,Nor,59,DISPLAY APAGADO,59,S,MED
2026-02-01 00:00:00,794190901307,21,DW,04,G,94,002,SANCHEZ VERGARA FELIPE        ,1F,ACTIVO,X387TE ,2,F623,19NU,2026-01-01,2025-03-13,25891,0,,W0403194785,SMG,2026-01-15,04G,43,2026-01-14 11:40:38,2126,L,R9484,X387TE ,86389,Opt,  ,,,,MED
2026-02-01 00:00:00,794190901587,18,DW,04,G,10,004,ZAMUDIO SANCHEZ MARITZA       ,1F,CORTADO,T962HA ,1,F122,18LN,2026-02-01,2026-02-11,31339,875,,W0403182727,SMG,2025-12-17,04G,72,2026-02-11 09:49:57,1851,R,R9642,T962HA ,875,Nor,  ,,,,MED
2026-02-01 00:00:00,794190901838,20,DW,04,G,10,006,MARTINEZ AMAYA EDGAR ALONSO   ,1F,CORTADO,EP973E ,1,F123,19NM,2019-08-01,2019-09-13,3,0,,W0403181156,SMC,2025-12-15,LIR,74,,,,,,,,,,,,MED
2026-02-01 00:00:00,794190902541,20,DW,04,G,10,006,CASTILLEJOS CAMPOS LUIS ALBERT,1F,ACTIVO,099TW9 ,1,F122,12LH,2026-02-01,2026-02-11,3048,12,,W0403183366,SMG,2025-12-18,04G,71,2026-02-11 13:52:18,2001,L,R9484,099TW9 ,12,Nor,  ,,,,MED
2026-02-01 00:00:00,794190902729,20,DW,04,G,10,006,CUEVAS SANCHEZ CESAR AUGUSTO  ,1F,CORTADO,HG848W ,2,F623,20NT,2021-02-01,2021-02-11,3766,540,,W0403181161,SMC,2025-12-15,LIR,74,,,,,,,,,,,,MED
2026-02-01 00:00:00,794190905108,18,DW,04,G,52,001,DIAZ GOMEZ SAMUEL             ,1F,ACTIVO,T933HA ,1,F122,18LN,2026-02-01,2025-10-10,12101,255,,W0403180283,SMG,2025-12-12,04G,77,2026-02-10 13:50:54,1826,L,R9484,T933HA ,88394,Opt,  ,,,,MED
2026-02-01 00:00:00,794200701956,20,DW,04,G,10,006,SERRANO FARIAS PEDRO          ,1F,BAJA SIN MED RET,EP582E ,1,F123,19NM,2026-02-01,2026-02-12,2875,0,,W0403181154,SMC,2025-12-15,LIR,74,2026-02-12 10:41:28,2051,R,R9484,EP582E ,0,Nor,53,UI SERV DIRECTO,53,S,MED
2026-02-01 00:00:00,794200702316,20,DW,04,G,10,006,CAZARES SANCHEZ TERESA        ,1F,CORTADO,EP619E ,1,F123,19NM,2026-02-01,2026-02-12,22557,115,,W0403183378,SMG,2025-12-18,04G,71,2026-02-12 10:43:39,2051,R,R9484,EP619E ,115,Nor,  ,,,,MED
2026-02-01 00:00:00,794200702421,20,DW,04,G,10,006,SANCHEZ ALCUDIA LIZETH OSMARA ,1F,CORTADO,EP701E ,1,F123,19NM,2026-02-01,2026-02-12,827,25,,W0403183387,SMG,2025-12-18,04G,71,2026-02-12 10:53:15,2051,R,R9484,EP701E ,25,Nor,  ,,,,MED
2026-02-01 00:00:00,794200703240,18,DW,04,G,10,004,LUNA GUEVARA JOSE ANTONIO     ,1F,BAJA SIN MED RET,EP283F ,1,F123,19NM,2026-02-01,2026-02-11,3090,0,,W0403180123,SMC,2025-12-12,LIR,77,2026-02-11 10:01:10,1851,R,R9642,EP283F ,0,Nor,53,UI SERV DIRECTO,53,S,MED
2026-02-01 00:00:00,794150802969,37,DW,04,G,4A,001,JIMENEZ ARCOS GASPAR          ,1F,ACTIVO,6N94Y4 ,1,F121,04GG,2026-01-01,2026-01-26,5001,0,,W0403201144,S05,2026-01-27,W4B,31,2026-01-26 10:06:07,3726,L,R9484,6N94Y4 ,0,Nor,31,SERVICIO SIN USO,,,CCC
2026-02-01 00:00:00,794150805658,21,DW,04,G,14,001,FARIAS CORNEJO LAURA FELIX    ,1F,BAJA SIN MED RET,U820UY ,1,F122,18LN,2026-01-01,2026-01-15,7226,0,,W0403194470,SMC,2026-01-14,LIR,44,,,,,,,,,,,,MED
2026-02-01 00:00:00,794150805674,21,DW,04,G,14,001,HERNANDEZ GUZMAN NEEMIAS      ,1F,ACTIVO,5L921D ,1,F121,05JL,2026-01-01,2026-01-14,8275,0,,W0403194468,SMC,2026-01-14,LIR,44,2026-01-14 11:02:25,2127,L,R9642,5L921D ,0,Nor,32,UI DERIVACION,32,S,MED
2026-02-01 00:00:00,794210402124,33,DW,04,G,31,001,ALFONSO TORRES EUNICER        ,1F,ACTIVO,HG694W ,1,F123,20NT,2026-01-01,2026-01-23,4158,207,,W0403198802,SMC,2026-01-22,LIR,36,,,,,,,,,,,,MED
2026-02-01 00:00:00,794210800481,11,DW,04,G,34,003,CHAN DAMIAN LETICIA           ,1F,ACTIVO,MF133T ,2,F623,20NU,2026-01-01,2026-01-08,10869,588,,W0403191044,SMC,2026-01-08,LIR,50,,,,,,,,,,,,MED
2026-02-01 00:00:00,794211000071,12,DW,04,G,95,001,VELAZQUEZ LIMBERG JUANA       ,1F,ACTIVO,034MCF ,1,F12J,15MR,2026-02-01,2025-10-07,5325,591,,W0403178883,SM2,2025-12-10,04G,79,2026-02-05 13:01:44,1226,L,R9484,034MCF ,99821,Nor,  ,,FR,S,GSC
2026-02-01 00:00:00,794211100491,17,DW,04,G,39,001,GALVAN SANCHEZ NANCY          ,1F,ACTIVO,YJ512G ,2,F623,21NU,2026-01-01,2026-01-13,0,0,,W0403193048,SMC,2026-01-12,LIR,46,2026-01-13 11:36:00,1751,R,R9642,YJ512G ,0,Nor,31,SERVICIO SIN USO,,,MED
2026-02-01 00:00:00,794211100547,23,DW,04,G,10,005,CONTRERAS ALCAZAR SAIRA BERENI,1F,ACTIVO,PJ568H ,2,KL28,20KE,2026-01-01,2025-09-12,92335,9294,,W0403195518,SMG,2026-01-16,04G,42,2026-01-16 10:02:06,2351,R,R9484,PJ568H ,0,Nor,59,DISPLAY APAGADO,59,S,MED
2026-02-01 00:00:00,794211200347,33,DW,04,G,59,001,REBOLLAR GALVAN JOSE          ,1F,ACTIVO,MF908X ,2,F623,20NU,2026-01-01,2026-01-22,15647,22,,W0403199263,SMG,2026-01-23,04G,35,,,,,,,,,,,,MED
2026-02-01 00:00:00,794220100631,22,DW,04,G,10,221,JIMENEZ PEREZ DANIEL          ,1F,CORTADO,JCW423 ,2,F623,23NU,2023-10-01,2023-10-12,6966,1106,,W0403181815,SMC,2025-12-16,LIR,73,,,,,,,,,,,,MED
2026-02-01 00:00:00,794220500566,10,DW,04,G,80,001,RADIOMOVIL DIPSA SA DE CV     ,02,ACTIVO,YR329F ,2,F623,21NU,2026-02-01,2026-02-05,29128,1494,,W0403202164,SMG,2026-01-28,04G,30,2026-02-05 09:34:47,1051,R,R9484,YR329F ,1494,Nor,  ,,,,MED
2026-02-01 00:00:00,794230100230,33,DW,04,G,10,331,CONTRERAS VILLARREAL JOSE LUIS,02,ACTIVO,3DVV79 ,2,F623,25NY,2026-01-01,2026-01-23,7174,1154,,W0403198735,SMC,2026-01-22,LIR,36,,,,,,,,,,,,MED
2026-02-01 00:00:00,794230200170,22,DW,04,G,10,221,NUNEZ UC ROBERTO              ,1F,BAJA SIN MED RET,2AAP30 ,2,F623,25NY,2026-02-01,2026-02-13,2408,0,,W0403181813,SMC,2025-12-16,LIR,73,2026-02-13 10:52:14,2251,R,R9484,2AAP30 ,0,Nor,53,UI SERV DIRECTO,53,S,MED
2026-02-01 00:00:00,794230200391,20,DW,04,G,10,006,PAREDES HIDALGO DALILA        ,1F,ACTIVO,DJN620 ,2,F623,22NU,2026-02-01,2026-02-11,11940,740,,W0403183398,SMG,2025-12-18,04G,71,2026-02-11 13:50:55,2001,L,R9484,DJN620 ,740,Nor,  ,,,,MED
2026-02-01 00:00:00,794230300042,20,DW,04,G,10,006,MENDOZA CONTRERAS JOSE ANTONIO,1F,BAJA SIN MED RET,DJN621 ,2,F623,22NU,2026-02-01,2026-02-12,12162,0,,W0403181155,SMC,2025-12-15,LIR,74,2026-02-12 10:42:13,2051,R,R9484,DJN621 ,0,Nor,53,UI SERV DIRECTO,53,S,MED
2026-02-01 00:00:00,794230400462,16,DW,04,G,23,001,JIMENEZ HERNANDEZ ARELI       ,1F,ACTIVO,JCU743 ,2,F623,23NU,2023-12-01,2023-12-11,241,135,,W0403182689,SMG,2025-12-17,04G,72,,,,,,,,,,,,MED
2026-02-01 00:00:00,794230600127,01,DW,04,G,15,001,GARCIA LOPEZ JORGE LUIS       ,1F,ACTIVO,UL076D ,2,F623,21NY,2026-01-01,2025-12-29,354,23,,W0403197478,SMG,2026-01-20,04G,38,,,,,,,,,,,,MED
2026-02-01 00:00:00,794230800495,33,DW,04,G,10,331,LOPEZ CORTAZAR ANGEL          ,1F,BAJA SIN MED RET,UC104D ,2,F623,21NY,2026-01-01,2026-01-23,0,0,,W0403198738,SMC,2026-01-22,LIR,36,,,,,,,,,,,,MED
2026-02-01 00:00:00,794240100386,21,DW,04,G,32,001,MERAZ VALDOVINOS SALVADOR     ,1F,ACTIVO,JAU013 ,2,F623,23NU,2026-01-01,2026-01-15,3598,63,,W0403194876,SMG,2026-01-15,04G,43,,,,,,,,,,,,MED
2026-02-01 00:00:00,794241000083,15,DW,04,G,34,151,DIAZ GUZMAN ELIZABETH         ,1F,ACTIVO,REA983 ,2,F623,24NY,2026-01-01,2026-01-09,4895,811,,W0403203468,SM2,2026-01-30,W4G,28,,,,,,,,,,,,GSC
2026-02-01 00:00:00,794250200338,15,DW,04,G,34,151,UC MORENO WENDY DEL ROCIO     ,1F,ACTIVO,RFX312 ,2,F623,24NY,2026-01-01,2026-01-09,1725,305,,W0403191860,SMC,2026-01-09,LIR,49,,,,,,,,,,,,MED
2026-02-01 00:00:00,794250200524,03,DW,04,G,17,001,TOLOSA ARMENDARIS OSWALDO MART,1F,ACTIVO,RFV729 ,2,F623,24NY,2026-01-01,2025-12-30,55,38,,W0403202787,SMG,2026-01-29,04G,29,,,,,,,,,,,,MED
2026-02-01 00:00:00,794250500919,03,DW,04,G,17,001,ANA BARBARA SANTA             ,1F,ACTIVO,1AAU80 ,2,F623,25NY,2026-01-01,2025-12-30,2607,728,,W0403187654,SMC,2026-01-02,LIR,56,,,,,,,,,,,,MED
2026-02-01 00:00:00,794250600751,12,DW,04,G,55,001,ROBLERO DOMINGUEZ IRMA        ,1F,ACTIVO,PBX307 ,1,F123,24NX,2026-02-01,2026-02-06,669,167,,W0403178016,SMC,2025-12-09,LIR,80,2026-02-06 10:44:01,1251,R,R9484,PBX307 ,167,Nor,  ,,,,MED
2026-02-01 00:00:00,794250700497,13,DW,04,G,33,001,OLAN MENDEZ FRANCISCO MATEO   ,1F,ACTIVO,2AAE70 ,2,F623,25NY,2026-01-01,2026-01-08,218,25,,W0403189601,SM2,2026-01-06,CDB,52,,,,,,,,,,,,GSC
2026-02-01 00:00:00,794250900101,28,DW,04,G,10,281,GONZALEZ SANCHEZ ALBARO       ,1F,ACTIVO,2DVC39 ,2,F623,25NY,2026-02-01,2026-02-17,500,200,,W0403181890,SMS,2025-12-16,W4G,73,2026-02-17 19:24:03,2827,L,R9642,2DVC39 ,200,Nor,  ,,,,GSC
2026-02-01 00:00:00,794251100124,31,DW,04,G,12,311,DOMINGUEZ RODRIGUEZ REYNA     ,1F,ACTIVO,4BCU87 ,2,F623,25P2,2026-01-01,2026-01-22,5,5,,W0403200384,SMG,2026-01-26,04G,32,,,,,,,,,,,,MED
2026-02-01 00:00:00,794150900251,14,DW,04,G,35,001,DE LA CRUZ LARA SANTIAGO      ,1F,ACTIVO,PBL964 ,1,F123,24NX,2026-02-01,2026-02-06,1797,465,,W0403178730,SMC,2025-12-10,LIR,79,2026-02-06 17:26:14,1451,R,R9484,PBL964 ,465,Nor,  ,,,,MED
2026-02-01 00:00:00,794920200148,03,DW,04,G,13,001,TELEFONOS DE MEXICO SA B DE CV,02,BAJA,,1,,,2026-02-01,2026-02-26,9054,0,,W0403185133,SMG,2025-12-23,MED,66,,,,,,,,,,,,MED
2026-02-01 00:00:00,794950200070,17,DW,04,G,38,001,ANTONIO GUZMAN ISABEL         ,1F,ACTIVO,6AAN92 ,1,F623,25NY,2025-07-01,2025-07-11,8308,84,,W0403193089,SMC,2026-01-12,LIR,46,,,,,,,,,,,,MED
2026-02-01 00:00:00,794980300150,31,DW,04,G,12,311,GOMEZ GOMEZ ROSA              ,1F,ACTIVO,380RBH ,1,F122,16LN,2026-01-01,2026-01-21,5735,74,,W0403192843,S05,2026-01-12,W4G,46,,,,,,,,,,,,CCC
2026-02-01 00:00:00,794980700557,31,DW,04,G,47,313,CABALLERO CHAVEZ RODOLFO      ,1F,BAJA SIN MED RET,393RRY ,3,FD22,16LR,2026-01-01,2026-01-22,21397,0,,W0403198264,SMC,2026-01-21,LIR,37,,,,,,,,,,,,MED
2026-02-01 00:00:00,795010900932,28,DW,05,A,01,284,ROJAS CASTILLO JULIAN         ,1F,CORTADO,1BCT12 ,2,F623,25P2,2026-02-01,2026-02-17,2443,676,,W0502130821,SMW,2026-01-08,CDC,50,2026-02-17 08:29:52,2804,M,9NCUA,1BCT12 ,676,Opt,  ,,,,GSC
2026-02-01 00:00:00,795030602491,19,DW,05,A,01,186,MACOSAY ZAVALA MAURICIO       ,1F,ACTIVO,2P8C50 ,3,FD21,01F4,2026-01-01,2026-01-13,49186,1124,,W0502132576,SMG,2026-01-13,LIR,45,,,,,,,,,,,,MED
2026-02-01 00:00:00,795081200141,84,DW,05,A,01,036,NVA WAL MART DE MEXICO S RL CV,77,ACTIVO,997T9V ,3,VM2V,14LF,,,,,,W0502125324,SM2,2025-12-19,MED,70,,,,,,,,,,,,GSC
2026-02-01 00:00:00,794151001111,15,DW,04,G,34,151,CATALAN GONZALEZ MAGALLY      ,1F,ACTIVO,KL940L ,1,F123,20NT,2021-03-01,2021-03-09,4433,302,,W0403187694,SMG,2026-01-02,04G,56,,,,,,,,,,,,MED
2026-02-01 00:00:00,795120707631,37,DW,05,A,01,370,MORALES CANELA JESUS          ,1F,ACTIVO,2F13M7 ,2,F621,03F3,2026-01-01,2026-01-26,51683,127,,W0502137876,SMG,2026-01-26,LIR,32,,,,,,,,,,,,MED
2026-02-01 00:00:00,795220201751,62,DW,05,A,02,620,MORENO MARTINEZ EDGAR ALEJANDR,1F,ACTIVO,MB417E ,2,F623,20NU,2026-02-01,2026-01-01,41336,2177,,W0502140666,SMC,2026-01-30,LIR,28,2026-01-31 14:10:19,6251,R,GAMCM,MB417E ,2177,Nor,  ,,LM,S,MED
2026-02-01 00:00:00,796020102054,21,DW,06,A,01,213,DORANTES ESQUIVEL JESUS F     ,1D,ACTIVO,PHM741 ,1,F123,24NX,2025-07-01,2025-07-15,50479,0,,W0602341427,SM3,2026-01-28,W61,30,,,,,,,,,,,,CCC
2026-02-01 00:00:00,796020901453,69,DW,06,A,01,691,MUNICIPIO DE OTHON P BLANCO   ,5A,ACTIVO,UW471M ,2,F623,21NY,2023-04-01,2023-04-04,9868,0,,W0602327958,SMC,2025-12-16,LIR,73,,,,,,,,,,,,MED
2026-02-01 00:00:00,796030202561,69,DW,06,A,01,691,MUNICIPIO DE OTHON P BLANCO   ,5A,ACTIVO,DRX815 ,2,F623,22NU,2023-01-01,2023-01-05,57629,1,,W0602327959,SMC,2025-12-16,LIR,73,,,,,,,,,,,,MED
2026-02-01 00:00:00,796040900500,65,DW,06,A,15,151,MUNICIPIO DE OTHON P BLANCO   ,02,ACTIVO,1BY732 ,2,F121,98F5,2026-02-01,2026-02-05,17010,340,,W0602325039,SMC,2025-12-10,LIR,79,2026-02-05 14:01:04,6502,L,GAX9M,1BY733 ,341,Nor,31,SERVICIO SIN USO,FR,S,MED
2026-02-01 00:00:00,796050101338,20,DW,06,A,01,203,BALAM PEREZ GISELA GUADALUPE  ,1D,ACTIVO,2D1M66 ,1,F121,00GG,2026-02-01,2026-02-11,36369,14,,W0602342173,SM3,2026-01-30,W61,28,2026-02-11 10:20:31,2005,M,R9718,2D1M66 ,14,Nor,  ,,FR,S,CCC
2026-02-01 00:00:00,794151101905,09,DW,04,G,03,001,AGUILAR DIAZ ERNESTO ABELARDO ,1F,ACTIVO,80G0F6 ,1,F12H,09KU,2026-01-01,2026-01-07,3283,12,,W0403187116,SMG,2025-12-30,04G,59,2026-01-07 22:49:10,0951,R,R9484,80G0F6 ,12,Nor,  ,,,,MED
2026-02-01 00:00:00,796051105329,71,DW,06,A,22,221,MUNICIPIO DE OTHON P BLANCO   ,5A,ACTIVO,YJ287G ,2,F623,21NU,2005-11-01,2005-11-22,0,0,,W0602341936,SMC,2026-01-29,MED,29,,,,,,,,,,,,MED
2026-02-01 00:00:00,796051200551,27,DW,06,A,10,101,ESTRELLA MENDOZA FELIPE       ,02,ACTIVO,1C057L ,2,F421,05GH,2026-01-01,2026-01-19,89042,562,,W0602324396,SMC,2025-12-09,MED,80,2026-01-19 08:02:05,2727,L,9ND4X,1C057L ,562,Nor,  ,,FR,S,MED
2026-02-01 00:00:00,796060100372,64,DW,06,A,01,643, GRUPO AT T CEL S DE RL DE CV ,67,ACTIVO,GEF473 ,3,KL28,22NJ,2006-01-01,2006-01-09,0,0,,W0602337679,SMC,2026-01-19,MED,39,,,,,,,,,,,,MED
2026-02-01 00:00:00,794160700641,01,DW,04,G,15,001,HERNANDEZ BRITO CARLOS ALONSO ,02,CORTADO,MK960Y ,2,F623,20NU,2021-07-01,2021-06-29,7390,184,,W0403183281,SMG,2025-12-18,MED,71,,,,,,,,,,,,MED
2026-02-01 00:00:00,796070902281,80,DW,06,A,01,001,MUNICIPIO DE OTHON P  BLANCO  ,5A,ACTIVO,WUB706 ,2,F623,24P2,2023-02-01,2023-02-14,37872,0,,W0602329681,SMC,2025-12-22,LIR,67,,,,,,,,,,,,MED
2026-02-01 00:00:00,796080208188,19,DW,06,A,45,451,ALBARO PENATE FELIPE          ,1B,ACTIVO,3R64V7 ,1,F121,04GG,2008-01-01,2008-02-27,1,0,,W0602336039,SMG,2026-01-13,LIR,45,,,,,,,,,,,,MED
2026-02-01 00:00:00,796080603141,65,DW,06,A,12,121,MUNICIPIO DE OTHON P BLANCO   ,02,ACTIVO,M467VG ,2,F622,17LM,2025-06-01,2025-06-06,18476,0,,W0602334486,SMC,2026-01-08,LIR,50,2025-06-06 08:52:49,6502,L,9MCJY,M467VG ,0,Opt,31,SERVICIO SIN USO,,,MED
2026-02-01 00:00:00,794161200146,17,DW,04,E,48,001,PANTI MOO ANGELA VERONICA     ,1F,ACTIVO,957VLU ,1,F122,16LN,2026-01-01,2026-01-13,61,0,,W0403194166,SMG,2026-01-14,04A,44,2026-01-13 18:49:25,1751,R,9P149,957VLU ,0,Nor,31,SERVICIO SIN USO,,,MED
2026-02-01 00:00:00,796081002168,64,DW,06,A,01,644,MUNICIPIO DE OTHON P BLANCO   ,5A,ACTIVO,RBM901 ,2,F623,24NY,2025-05-01,2025-05-05,3504,437,,W0602324027,SMC,2025-12-08,LIR,81,,,,,,,,,,,,MED
2026-02-01 00:00:00,796090200096,29,DW,06,A,01,291,CIME ZAPATA ALMA ROSALBA      ,1D,ACTIVO,UC814V ,2,F623,21NY,2023-07-01,2023-07-20,18284,2,,W0602338344,SMC,2026-01-20,06A,38,,,,,,,,,,,,MED
2026-02-01 00:00:00,794180104328,39,DW,04,G,08,001,GERONIMO REYES CECILIA        ,1F,BAJA SIN MED RET,H553LE ,1,F122,17LN,2026-01-01,2026-01-28,9371,0,,W0403201482,SMC,2026-01-27,LIR,31,,,,,,,,,,,,MED
2026-02-01 00:00:00,796090404538,07,DW,06,A,14,141,GOMEZ AVENDANO JUAN ALBERTO   ,1B,ACTIVO,60GV60 ,1,F121,07JL,2026-01-01,2026-01-05,22048,250,,W0602332719,SMC,2026-01-05,06A,53,,,,,,,,,,,,MED
2026-02-01 00:00:00,794180104336,39,DW,04,G,08,001,PALACIO MORENO CARMEN         ,1F,ACTIVO,H554LE ,1,F122,17LN,2026-01-01,2026-01-28,2269,153,,W0403186859,SMG,2025-12-30,04G,59,2026-01-28 09:33:16,3951,R,R9484,H554LE ,153,Nor,  ,,,,MED
2026-02-01 00:00:00,796091004231,29,DW,06,A,01,291,REYES MOO JOAQUIN FERNANDO    ,1D,ACTIVO,8HW221 ,2,F421,98GH,2026-01-01,2026-01-20,14529,110,,W0602323941,S05,2025-12-08,W61,81,2026-01-20 13:39:07,2903,M,R9718,8HW221 ,110,Nor,  ,,,,CCC
2026-02-01 00:00:00,796110205758,10,DW,06,A,29,291,LOPEZ RODRIGUEZ ROMELIA       ,1B,ACTIVO,KUM550 ,1,F123,23NX,2026-02-01,2025-10-06,383,0,,W0602323957,SMC,2025-12-08,LIR,81,2026-02-04 11:37:30,1028,L,R9723,KUM550 ,0,Nor,53,UI SERV DIRECTO,53,S,MED
2026-02-01 00:00:00,796110305710,37,DW,06,A,35,351,DOMINGUEZ DIAZ ROMERO         ,1C,ACTIVO,KUP731 ,1,F123,23NX,2026-01-01,2026-01-26,2570,390,,W0602324008,SM2,2025-12-08,W6A,81,2026-01-26 10:08:31,3727,L,9ND4X,KUP731 ,390,Opt,  ,,,,GSC
2026-02-01 00:00:00,796110601751,25,DW,06,A,01,251,VAZQUEZ CARRILLO LILIA        ,1D,ACTIVO,23L17J ,1,F12H,10KU,2026-01-01,2026-01-16,10264,3,,W0602337479,SMC,2026-01-16,LIR,42,,,,,,,,,,,,MED
2026-02-01 00:00:00,796110705289,25,DW,06,A,01,255,BATUN MARTINEZ MARTHA ESTHER  ,1D,ACTIVO,09L3X4 ,1,F12H,09KU,2026-01-01,2026-01-16,9035,25,,W0602341320,SM3,2026-01-28,W6A,30,,,,,,,,,,,,CCC
2026-02-01 00:00:00,796111101484,35,DW,06,A,01,351,OSORIO N LUCIO T              ,02,ACTIVO,65X17L ,1,F12H,11KU,2026-01-01,2026-01-23,5768,0,,W0602326732,SMC,2025-12-13,MED,76,2026-01-23 09:09:13,3502,M,GAX9M,65X17L ,32709,Nor,44,NUM MEDID DESIGU,44,S,MED
2026-02-01 00:00:00,796111101701,27,DW,06,A,10,101,CAAMAL CAAMAL JOSELINO        ,02,ACTIVO,AWG006 ,1,F123,22NX,2022-11-01,2022-11-17,217,0,,W0602324398,SMC,2025-12-09,MED,80,,,,,,,,,,,,MED
2026-02-01 00:00:00,796120305661,35,DW,06,A,01,352,BUENFIL MAGANA JUAN ALBERTO   ,02,ACTIVO,68W35B ,2,F62H,11KN,2026-01-01,2026-01-23,7102,22,,W0602341123,SMC,2026-01-27,MED,31,,,,,,,,,,,,MED
2026-02-01 00:00:00,796120600990,30,DW,06,A,01,305,ORTEGA GOMEZ ISABEL           ,1D,ACTIVO,71M68R ,1,F12H,10KU,2026-02-01,2026-02-18,28270,198,,W0602341402,SM3,2026-01-28,W6A,30,,,,,,,,,,,,CCC
2026-02-01 00:00:00,796130502911,12,DW,06,A,01,123,PALMA LOPEZ JOSUE             ,1D,ACTIVO,893FY3 ,1,F122,12LH,2026-02-01,2026-02-05,22939,0,,W0602342186,SMC,2026-01-30,06A,28,2026-02-05 14:31:15,1204,M,R9907,893FY3 ,0,Opt,31,SERVICIO SIN USO,,,MED
2026-02-01 00:00:00,796130602826,07,DW,06,A,14,141,MARTINEZ TOTO DELFINO         ,1B,ACTIVO,111TY1 ,1,F122,12LH,2026-01-01,2026-01-05,8463,113,,W0602333225,SMC,2026-01-06,LIR,52,2026-01-05 09:08:42,0727,L,G92BA,111TY1 ,0,Nor,53,UI SERV DIRECTO,53,S,MED
2026-02-01 00:00:00,794180302278,15,DW,04,G,34,151,CHAN DAMIAN MARIA ELIA        ,1F,ACTIVO,H762KY ,1,F122,17LN,2026-01-01,2026-01-09,6248,82,,W0403187760,SMG,2026-01-02,04G,56,,,,,,,,,,,,MED
2026-02-01 00:00:00,794180700346,31,DW,04,G,47,313,FLORES MARTINEZ JOSE ANDRES   ,1F,ACTIVO,PBX388 ,1,F123,24NX,2025-07-01,2025-07-22,26364,598,,W0403200524,SMG,2026-01-26,04G,32,,,,,,,,,,,,MED
2026-02-01 00:00:00,796141002014,65,DW,06,A,44,441,MUNICIPIO OTHON P BLANCO      ,5A,ACTIVO,6DVD57 ,2,F623,25NY,2014-09-01,2020-01-20,0,0,,W0602334487,SMH,2026-01-08,LIR,50,,,,,,,,,,,,MED
2026-02-01 00:00:00,796150103591,22,DW,06,A,21,212,COB CASTANEDA ADRIANA ELVIRA  ,1C,BAJA,,1,,,2025-12-01,2025-12-19,10615,0,,W0602328316,SMC,2025-12-16,LIR,73,2025-12-15 13:12:10,2228,L,9P134,151ADE ,0,Nor,53,UI SERV DIRECTO,53,S,MED
2026-02-01 00:00:00,796150303221,27,DW,06,A,09,091,HERNANDEZ SANCHEZ MARIANA     ,1B,ACTIVO,078ADD ,1,F122,14LN,2026-01-01,2026-01-19,9947,0,,W0602337912,SMC,2026-01-19,LIR,39,2026-01-19 06:34:41,2731,L,R9964,078ADD ,0,Opt,32,UI DERIVACION,32,S,MED
2026-02-01 00:00:00,794181100652,15,DW,04,G,34,151,PERAZA LUIS ANGEL             ,1F,ACTIVO,HG949W ,1,F123,20NT,2021-01-01,2021-01-08,2924,0,,W0403194330,SMG,2026-01-14,04G,44,,,,,,,,,,,,MED
2026-02-01 00:00:00,796151204197,74,DW,06,D,03,710,OPERADORA PARASOL S DE RL CV  ,67,ACTIVO,MY540N ,3,VL28,20KE,2021-07-01,2021-07-06,12254,1120,,W0602327965,SM2,2025-12-16,06A,73,,,,,,,,,,,,GSC
2026-02-01 00:00:00,794150802942,37,DW,04,G,4A,001,ALONZO NARVAEZ RAUL           ,1F,ACTIVO,6C27N9 ,1,F121,03GG,2026-01-01,2026-01-26,10205,5,,W0403201211,SMG,2026-01-27,04G,31,,,,,,,,,,,,MED
2026-02-01 00:00:00,796160504047,74,DW,06,D,03,710,CAPA                          ,67,ACTIVO,MV024N ,3,KL28,20KE,2026-02-01,2026-02-12,57214,602,,W0602327969,SM2,2025-12-16,06A,73,2026-02-12 08:12:04,7001,M,9JR7J,MV024N ,602,Nor,  ,,FR,S,GSC
2026-02-01 00:00:00,796161201277,06,DW,06,A,23,231,GUTIERREZ RODRIGUEZ PRAJEDIS  ,1C,SUJETO A CORTE,614VXM ,1,F122,16LN,2026-02-01,2026-01-30,14224,0,,W0602342084,SMC,2026-01-30,MED,28,2026-01-30 11:04:19,0626,L,GAX9M,614VXM ,0,Opt,31,SERVICIO SIN USO,,,MED
2026-02-01 00:00:00,796170401629,18,DW,06,A,13,131,OLAN GUARDA MARIA             ,1B,ACTIVO,05L2G3 ,1,F12H,09KU,2026-02-01,2026-02-10,20106,427,,W0602340445,SMC,2026-01-26,06A,32,2026-02-10 10:43:50,1827,L,9MCK8,05L2G3 ,427,Nor,  ,,LM,S,MED
2026-02-01 00:00:00,796170502981,69,DW,06,A,01,694,MPIO DE OTHON P BLANCO        ,5A,ACTIVO,053MW5 ,2,F622,12LJ,2026-02-01,2026-02-11,77558,1065,,W0602325037,SMC,2025-12-10,LIR,79,2026-02-11 07:57:05,6901,L,9MCK8,053MW5 ,0,Nor,53,UI SERV DIRECTO,53,S,MED
2026-02-01 00:00:00,796180102697,13,DW,06,A,01,131,TREJO CARRANZA JESSICA LORENA ,1D,ACTIVO,J055PF ,2,F622,17LM,2026-01-01,2026-01-08,20366,287,,W0602337658,SM3,2026-01-18,CDJ,40,,,,,,,,,,,,CCC
2026-02-01 00:00:00,794210300313,36,DW,04,G,44,362,ZACARIAS ARCOS YESEIDI        ,1F,ACTIVO,HJ800C ,1,F123,20NT,2026-02-01,2026-02-24,7862,273,,W0403203465,SMG,2026-01-30,04G,28,2026-02-24 11:18:06,3651,R,R9484,HJ800C ,273,Nor,  ,,,,MED
2026-02-01 00:00:00,796180800858,33,DW,06,A,01,333,YAM BLANCO ESTHER ANA MARIA   ,1D,ACTIVO,K112HV ,1,F122,17LN,2026-01-01,2026-01-23,8307,82,,W0602339580,SMC,2026-01-22,LIR,36,,,,,,,,,,,,MED
2026-02-01 00:00:00,796180901603,10,DW,06,A,28,281,MARTIN MALDONADO BEATRIZ      ,1B,ACTIVO,067EGD ,1,F122,15LN,2026-02-01,2026-02-04,3530,0,,W0602323955,SMC,2025-12-08,LIR,81,2026-02-04 12:00:00,1026,L,9MCK0,067EGD ,0,Opt,31,SERVICIO SIN USO,,,MED
2026-02-01 00:00:00,796181000812,27,DW,06,A,09,091,GUZMAN VAZQUEZ ALFONSO        ,1B,ACTIVO,690KTU ,1,F122,15LN,2026-01-01,2025-11-19,6184,48,,W0602337913,SMC,2026-01-19,LIR,39,2026-01-19 08:33:04,2731,L,R9964,690KTU ,0,Nor,53,UI SERV DIRECTO,53,S,MED
2026-02-01 00:00:00,794210401501,31,DW,04,G,47,313,MENDOZA LOPEZ CINDY GUADALUPE ,1F,ACTIVO,1N30Y3 ,1,F121,04GG,2026-01-01,2025-07-22,556,112,,W0403198810,SM2,2026-01-22,04G,36,2026-01-21 12:41:33,3127,L,R9642,1N30Y3 ,99912,Nor,  ,,FR,S,GSC
2026-02-01 00:00:00,794820900096,14,DW,04,G,35,001,MENDEZ DAMIAN JOSE SANTOS     ,1F,ACTIVO,PHW391 ,1,F123,24NX,2023-02-01,2023-02-07,15760,403,,W0403179026,SM2,2025-12-10,04G,79,,,,,,,,,,,,GSC
2026-02-01 00:00:00,796200900811,73,DW,06,A,01,734,COMISION DE LOS DERECHOS HUMAN,67,ACTIVO,CKW771 ,3,VL28,22NJ,2026-02-01,2026-02-17,680,2560,,W0602337683,SMC,2026-01-19,MED,39,2026-02-17 08:16:20,7302,L,9MCK0,CKW771 ,32,Opt,  ,,,,MED
2026-02-01 00:00:00,796201001764,33,DW,06,A,01,333,IGLESIA ADVENTISTA 7 DIA A R  ,02,ACTIVO,HA694N ,1,F123,20NT,2026-01-01,2026-01-23,213,0,,W0602322007,SMC,2025-12-02,MED,87,2026-01-23 06:37:19,3351,N,R9718,HA694N ,0,Opt,31,SERVICIO SIN USO,,,MED
2026-02-01 00:00:00,796201100487,33,DW,06,A,01,333,SUAREZ RAMIREZ ERIKA GUADALUPE,02,ACTIVO,MF938F ,2,F623,20NU,2026-01-01,2026-01-22,3836,240,,W0602322008,SMC,2025-12-02,MED,87,2026-01-22 15:32:37,3301,M,GAX9M,MF938F ,240,Opt,  ,,,,MED
2026-02-01 00:00:00,796210604331,33,DW,06,A,01,333,PRELATURA DE CHETUMAL AR      ,02,ACTIVO,KK217L ,1,F123,20NT,2026-01-01,2026-01-22,262,12,,W0602322010,SMC,2025-12-02,MED,87,2026-01-22 17:42:51,3301,M,GAX9M,KK217L ,12,Opt,  ,,,,MED
2026-02-01 00:00:00,796221000641,64,DW,06,A,01,642,MUNICIPIO DE OTHON P BLANCO   ,5A,ACTIVO,RFW829 ,2,F623,24NY,2025-05-01,2025-05-05,45861,0,,W0602324021,SMC,2025-12-08,LIR,81,,,,,,,,,,,,MED
2026-02-01 00:00:00,796221002074,25,DW,06,A,01,251,PROMO CASA CONSTRUCCIONES     ,02,ACTIVO,9AAB75 ,2,F623,25NY,2025-09-01,2025-09-17,95173,582,,W0602321768,SMC,2025-12-02,W61,87,2025-09-18 09:48:43,2551,R,R9718,DJX432 ,582,Nor,  ,,FR,S,MED
2026-02-01 00:00:00,796230302986,27,DW,06,A,10,101,MUNICIPIO DE OTHON P  BLANCO  ,02,ACTIVO,YU185B ,2,F623,21NU,2026-01-01,2026-01-19,1021,0,,W0602324405,SMC,2025-12-09,MED,80,2026-01-19 08:39:18,2727,L,9ND4X,YU185B ,0,Opt,31,SERVICIO SIN USO,,,MED
2026-02-01 00:00:00,795111104291,62,DW,05,A,02,620,SECTOR NAVAL CHAMPOTON        ,1F,ACTIVO,JBW742 ,2,F623,23NU,2023-06-01,2023-06-08,41991,3449,,W0502140665,SMC,2026-01-30,LIR,28,,,,,,,,,,,,MED
2026-02-01 00:00:00,796240902396,24,DW,06,A,01,241,TORRES TUN ROSALIA            ,1D,ACTIVO,DXR103 ,1,F123,22NX,2026-02-01,2026-02-13,3258,283,,W0602340279,S05,2026-01-26,CDB,32,2026-02-13 12:18:39,2403,M,R9907,DXR103 ,283,Opt,  ,,,,CCC
2026-02-01 00:00:00,796250202422,11,DW,06,A,22,224,DOMINGUEZ CERVANTES RONY      ,1B,ACTIVO,PJX783 ,1,F123,24NX,2026-01-01,2026-01-07,25,8,,W0602334376,SMG,2026-01-08,06A,50,2026-01-07 19:06:07,1126,L,9MCK0,PJX783 ,0,Nor,5X,RUTA INCOMPLETA,,,MED
2026-02-01 00:00:00,796251202051,25,DW,06,A,01,251,FERNANDEZ CANUL ANGELINA      ,1D,ACTIVO,4CET21 ,2,F623,25P3,2026-01-01,2026-01-19,18,18,,W0602330673,SMS,2025-12-26,CDC,63,2026-01-19 19:47:42,2551,R,R9964,4CET21 ,18,Nor,  ,,,,GSC
2026-02-01 00:00:00,796760600538,28,DW,06,A,06,061,EZEQUIEL AGUILAR VALENCIA     ,02,ACTIVO,86W31B ,2,F62H,11KN,2025-12-01,2025-10-14,8187,76,,W0602328321,SMC,2025-12-16,LIR,73,2025-12-15 11:13:06,2227,L,9MCK8,86W31B ,0,Nor,53,UI SERV DIRECTO,53,S,MED
2026-02-01 00:00:00,796760800286,27,DW,06,A,09,091,FERMIN LIZAMA                 ,1B,ACTIVO,X0441K ,1,W111,79C0,2026-01-01,2025-11-19,5383,262,,W0602341567,S05,2026-01-28,06A,30,2026-01-19 13:06:30,2731,L,R9964,X0441K ,0,Nor,60,MEDID NO TRABAJA,60,S,CCC
2026-02-01 00:00:00,796770700573,35,DW,06,A,01,352,ADOY EMPRESAS COORDINADAS SACV,02,ACTIVO,903RTT ,1,FD22,16LR,2026-01-01,2026-01-23,32390,2748,,W0602341197,SMC,2026-01-27,MED,31,,,,,,,,,,,,MED
2026-02-01 00:00:00,796770700581,35,DW,06,A,01,352,JOAQUIN GOMEZ TORRES          ,02,ACTIVO,83M50R ,1,F12H,10KU,2026-01-01,2026-01-23,5189,69,,W0602341198,SMC,2026-01-27,MED,31,,,,,,,,,,,,MED
2026-02-01 00:00:00,796790700383,38,DW,06,A,30,301,CAMACHO ARTURO                ,1C,ACTIVO,T2840T ,1,W111,78C0,2026-02-01,2026-02-24,9110,0,,W0602331267,SMC,2025-12-29,LIR,60,2026-02-24 07:06:07,3826,L,9ND4X,T2840T ,0,Nor,31,SERVICIO SIN USO,,,MED
2026-02-01 00:00:00,796051003551,31,DW,06,A,01,313,SANTIBANEZ ORTEGA JOAQUIN     ,1D,ACTIVO,YJ773G ,2,F623,21NU,2005-09-01,2005-09-29,0,0,,W0602338471,SM3,2026-01-20,W61,38,,,,,,,,,,,,CCC
2026-02-01 00:00:00,796800700409,35,DW,06,A,01,352,MATILDE ALAMILLA DE O         ,02,ACTIVO,F0C244 ,1,F121,88F5,2026-01-01,2026-01-23,32709,23,,W0602341549,SMC,2026-01-28,MED,30,,,,,,,,,,,,MED
2026-02-01 00:00:00,796800900211,10,DW,06,A,29,291,RIVERA RIVERA SANTOS          ,1B,ACTIVO,PBT999 ,1,F123,24NX,2026-02-01,2026-02-04,638,188,,W0602323956,SMC,2025-12-08,LIR,81,2026-02-04 11:25:50,1028,L,R9723,PBT999 ,188,Opt,  ,,,,MED
2026-02-01 00:00:00,796810300646,28,DW,06,A,06,062,MONTERO GONZALEZ SILVESTRE    ,1B,ACTIVO,AY1129 ,1,W111,80C0,2026-02-01,2026-02-17,1269,223,,W0602340572,S05,2026-01-26,CDV,32,2026-02-17 09:27:29,2829,L,G92BA,AY1129 ,223,Nor,  ,,,,CCC
2026-02-01 00:00:00,796061002463,69,DW,06,A,03,693,MUNICIPIO DE OTHON P BLANCO   ,5A,ACTIVO,KKN782 ,2,F623,23NU,2023-11-01,2050-01-01,0,0,,W0602341581,SMC,2026-01-28,MED,30,,,,,,,,,,,,MED
2026-02-01 00:00:00,796890900746,35,DW,06,A,01,351,CONTRERAS Q MA LUISA          ,02,ACTIVO,38L94K ,1,F12H,10KU,2026-01-01,2026-01-23,6107,38,,W0602328759,SMC,2025-12-17,MED,72,2026-01-23 08:01:14,3502,M,GAX9M,38L94K ,38,Opt,  ,,,,MED
2026-02-01 00:00:00,796900100557,35,DW,06,A,01,351,RICARDO GAITAN MEDINA         ,02,ACTIVO,17P17J ,1,F12H,10KU,2026-01-01,2026-01-23,12128,206,,W0602329829,SMC,2025-12-22,MED,67,2026-01-23 07:15:57,3502,M,GAX9M,17P17J ,206,Opt,  ,,,,MED
2026-02-01 00:00:00,796080700775,19,DW,06,A,47,471,RODRIGUEZ LOPEZ MANUEL        ,1B,ACTIVO,1AXM22 ,2,F623,25P2,2026-01-01,2026-01-15,0,0,,W0602336019,SMC,2026-01-13,LIR,45,2026-01-13 09:07:28,1927,L,9P134,29TJ54 ,0,Nor,53,UI SERV DIRECTO,53,S,MED
2026-02-01 00:00:00,796930701610,64,DW,06,A,01,645,23ADG0092G COORD REC HUMANOS  ,03,ACTIVO,GEF476 ,3,KL28,22NJ,2025-02-01,2025-02-05,3402,213,,W0602337682,SMC,2026-01-19,MED,39,,,,,,,,,,,,MED
2026-02-01 00:00:00,796931200681,26,DW,06,A,37,263,VALENTINA CRUZ DE T           ,1C,ACTIVO,711B4N ,2,F622,13LM,2026-02-01,2026-02-16,51095,562,,W0602340894,SM3,2026-01-27,W61,31,2026-02-16 14:04:36,2628,L,R9907,711B4N ,562,Opt,  ,,,,CCC
2026-02-01 00:00:00,796090401725,37,DW,06,A,48,481,MONTIEL LONGINEZ AURELIO      ,1B,ACTIVO,PHK125 ,1,F123,24NX,2026-01-01,2026-01-26,788,147,,W0602340476,SMC,2026-01-26,06A,32,,,,,,,,,,,,MED
2026-02-01 00:00:00,796941000311,33,DW,06,A,01,332,TEMPLO ADVENTISTA 7 DIA       ,02,ACTIVO,JBJ091 ,2,F623,23NU,2026-01-01,2026-01-22,5337,518,,W0602322002,SMC,2025-12-02,MED,87,2026-01-22 11:05:05,3303,M,R9723,JBJ091 ,518,Opt,  ,,,,MED
2026-02-01 00:00:00,796090706666,35,DW,06,A,01,352,AZUETA NOVELO FLORA MARIA     ,02,ACTIVO,J565DU ,2,F622,17LM,2009-07-01,2009-07-28,30368,0,,W0602331077,SMC,2025-12-29,MED,60,,,,,,,,,,,,MED
2026-02-01 00:00:00,796130800059,22,DW,06,A,21,213,COBA ZACARIAS LOURDES         ,1C,ACTIVO,555TY9 ,1,F122,12LH,2026-02-01,2026-02-12,16536,211,,W0602328317,SMC,2025-12-16,LIR,73,2026-02-12 09:45:37,2226,L,9MCK8,555TY9 ,211,Opt,  ,,,,MED
2026-02-01 00:00:00,796970102085,80,DW,06,A,01,001,MUNICIPIO DE OTHON P BLANCO   ,5A,ACTIVO,67W25B ,2,F62H,11KN,2025-12-01,2050-01-01,0,0,,W0602324028,SMC,2025-12-08,LIR,81,,,,,,,,,,,,MED
2026-02-01 00:00:00,796970601413,35,DW,06,A,01,351,LECHUGA TELLEZ HERMILA        ,02,ACTIVO,RFV004 ,2,F623,24NY,2026-01-01,2026-01-23,2330,524,,W0602329912,SMC,2025-12-22,MED,67,2026-01-23 07:14:07,3502,M,GAX9M,RFV004 ,524,Opt,  ,,,,MED
2026-02-01 00:00:00,796970801731,35,DW,06,A,01,351,DIAZ LOPE ROSARIO DE F        ,02,ACTIVO,41P12H ,1,F12H,10KU,2026-01-01,2026-01-23,24671,31,,W0602329915,SMC,2025-12-22,MED,67,2026-01-23 08:54:53,3502,M,GAX9M,41P12H ,31,Opt,  ,,,,MED
2026-02-01 00:00:00,796971001819,35,DW,06,A,01,351,AGUILAR VARGAS MARIO          ,02,ACTIVO,64X62L ,1,F12H,11KU,2026-01-01,2026-01-23,19919,298,,W0602329918,SMC,2025-12-22,MED,67,2026-01-23 08:28:37,3502,M,GAX9M,64X62L ,298,Opt,  ,,,,MED
2026-02-01 00:00:00,797010157701,25,DW,06,B,43,001,TUYUB ANGULO HERCULANO        ,1D,ACTIVO,2D0M04 ,1,F121,00GG,2026-01-01,2026-01-16,46092,578,,W0602342136,SM3,2026-01-30,W6B,28,,,,,,,,,,,,CCC
2026-02-01 00:00:00,797010356283,33,DW,06,B,17,172,CAAMAL COLLI JONAS            ,1B,ACTIVO,0YU200 ,1,F121,00GG,2026-01-01,2025-11-24,5994,54,,W0602339464,SMC,2026-01-22,LIR,36,2026-01-22 07:21:38,3326,L,G92BC,0YU200 ,0,Nor,53,UI SERV DIRECTO,53,S,MED
2026-02-01 00:00:00,797030501549,09,DW,06,B,15,151,PECH AGUILAR JESUS            ,1B,ACTIVO,KUP084 ,1,F123,23NX,2024-05-01,2024-05-06,51842,90,,W0602333746,SMC,2026-01-07,LIR,51,,,,,,,,,,,,MED
2026-02-01 00:00:00,796131200420,07,DW,06,A,14,141,SANCHEZ MORALES ENELDA        ,1B,ACTIVO,9N29J8 ,1,F121,04GG,2026-01-01,2026-01-05,3820,172,,W0602333222,SMC,2026-01-06,LIR,52,2026-01-05 12:32:04,0727,L,G92BA,9N29J8 ,0,Nor,53,UI SERV DIRECTO,53,S,MED
2026-02-01 00:00:00,797090601143,34,DW,06,B,35,351,HERNANDEZ HERNANDEZ RICARDO   ,1B,ACTIVO,43C0K1 ,2,F621,08KG,2026-02-01,2026-02-20,32594,0,,W0602330979,SMC,2025-12-29,LIR,60,2026-02-20 10:48:51,3426,L,9EMEK,43C0K1 ,0,Nor,31,SERVICIO SIN USO,,,MED
2026-02-01 00:00:00,796150802805,22,DW,06,A,21,212,MARQUEZ HERNANDEZ NESTOR      ,1C,ACTIVO,08L7X3 ,1,F12H,09KU,2026-02-01,2026-02-12,23375,665,,W0602328312,SMC,2025-12-16,LIR,73,2026-02-12 08:53:38,2228,L,G92BA,08L7X3 ,665,Opt,  ,,,,MED
2026-02-01 00:00:00,797110101797,09,DW,06,B,10,102,TUZ BAAS MARIA RITA           ,1B,ACTIVO,LGB675 ,1,F123,23NX,2026-01-01,2026-01-06,1893,0,,W0602333743,SMC,2026-01-07,LIR,51,2026-01-06 09:15:50,0928,L,R9223,LGB675 ,0,Opt,32,UI DERIVACION,32,S,MED
2026-02-01 00:00:00,797110200183,02,DW,06,B,20,201,RUBEN HIPOLITO ZOTO           ,1B,ACTIVO,KUK420 ,1,F123,23NX,2026-02-01,2026-01-28,93,0,,W0602341473,SMC,2026-01-28,LIR,30,2026-01-28 09:35:40,0227,L,R9223,KUK420 ,0,Opt,32,UI DERIVACION,32,S,MED
2026-02-01 00:00:00,797111200535,39,DW,06,D,43,431,BELLO PABLO DANIEL            ,1B,ACTIVO,9N781G ,1,F121,06JL,2026-01-01,2026-01-27,5129,36,,W0602341048,SMG,2026-01-27,LIR,31,,,,,,,,,,,,MED
2026-02-01 00:00:00,797111200560,39,DW,06,D,43,431,ARCIA GONZALEZ ARMINDA        ,1B,ACTIVO,PHU874 ,1,F123,24NX,2026-01-01,2025-11-27,1209,0,,W0602341051,SMC,2026-01-27,LIR,31,2026-01-27 12:50:16,3927,L,GAT5M,PHU874 ,0,Nor,53,UI SERV DIRECTO,53,S,MED
2026-02-01 00:00:00,797120900892,06,DW,06,B,01,102,MATOS DIAZ JOSE GABRIEL       ,1B,ACTIVO,94X58K ,1,F12H,11KU,2026-02-01,2025-12-03,27981,212,,W0602342250,SMG,2026-01-30,LIR,28,2026-01-30 08:31:13,0601,M,R9174,94X58K ,0,Nor,64,P. INFRARROJO/MED. D,64,S,MED
2026-02-01 00:00:00,797190900512,10,DW,06,B,22,221,COH PAT CRESCENCIO            ,1B,ACTIVO,V998LD ,1,F122,19LN,2026-02-01,2026-02-04,1098,36,,W0602323984,SMG,2025-12-08,LIR,81,2026-02-04 07:01:39,1027,L,R9174,V998LD ,36,Opt,  ,,,,MED
2026-02-01 00:00:00,797200300799,26,DW,06,B,31,311,ESTEBAN RUELAS JOSE RAUL      ,1B,BAJA,,1,,,2021-06-01,2021-06-17,4405,660,,W0602328865,SMG,2025-12-18,LIR,71,,,,,,,,,,,,MED
2026-02-01 00:00:00,797210501440,09,DW,06,B,09,091,POOT POOL BENITA              ,02,ACTIVO,NR098U ,2,F623,20NU,2026-01-01,2025-11-05,336,33,,W0602333742,SMG,2026-01-07,LIR,51,2026-01-06 08:33:47,0926,L,G92BC,NR098U ,0,Nor,60,MEDID NO TRABAJA,60,S,MED
2026-02-01 00:00:00,797220100516,18,DW,06,B,01,181,DZIB CHAN LETICIA BEATRIZ     ,1B,ACTIVO,183KUD ,1,F122,15LN,2026-02-01,2026-02-10,7241,193,,W0602339301,SMC,2026-01-22,MED,36,2026-02-10 10:12:52,1802,M,R9174,183KUD ,193,Opt,  ,,,,MED
2026-02-01 00:00:00,797220301023,18,DW,06,B,01,181,POOT PUC ROSA MARIA           ,1B,ACTIVO,YU578C ,2,F623,21NU,2026-02-01,2026-02-10,7254,56,,W0602339305,SMC,2026-01-22,MED,36,2026-02-10 13:28:42,1802,M,R9174,YU578C ,56,Opt,  ,,,,MED
2026-02-01 00:00:00,797221000175,09,DW,06,B,48,481,ESTRADA AKE ROGELIO           ,1B,ACTIVO,JDL783 ,2,F623,23NU,2024-07-01,2024-07-05,3094,0,,W0602333748,SMC,2026-01-07,LIR,51,,,,,,,,,,,,MED
2026-02-01 00:00:00,797230100204,22,DW,06,B,33,333,GONGORA QUIME ALONDRA MARCELIN,1B,BAJA,,1,,,2025-12-01,2025-12-15,1,0,,W0602328389,SMC,2025-12-16,LIR,73,,,,,,,,,,,,MED
2026-02-01 00:00:00,797240300147,02,DW,06,B,20,201,BALAM UCAN ABRAHAM            ,1B,ACTIVO,KUU327 ,1,F123,23NX,2026-02-01,2026-01-28,1516,0,,W0602341474,SMC,2026-01-28,LIR,30,2026-01-28 08:56:37,0227,L,R9223,KUU327 ,0,Opt,32,UI DERIVACION,32,S,MED
2026-02-01 00:00:00,794200900428,10,DW,04,G,54,001,ALTAN REDES S A P I  DE C V   ,02,ACTIVO,DV028T ,2,F623,19NU,2026-02-01,2026-02-05,22910,856,,W0403203722,SM2,2026-01-30,04G,28,2026-02-05 09:27:52,1051,R,R9484,DV028T ,856,Nor,  ,,,,GSC
2026-02-01 00:00:00,797240500839,75,DW,06,A,13,131,TELEVISION Y RADIO CARIBE     ,67,ACTIVO,MU970C ,3,KL28,20KE,2026-02-01,2026-02-19,37229,2553,,W0602337209,SMC,2026-01-16,MED,42,2026-02-19 11:40:49,7501,L,G92BA,MU970C ,2553,Opt,  ,,,,MED
2026-02-01 00:00:00,797250400719,13,DW,06,B,01,135,DZIDZ DZUL JUAN ISMAEL        ,1B,ACTIVO,RFW333 ,2,F623,24NY,2026-01-01,2025-11-07,1,0,,W0602338364,SMW,2026-01-20,W6B,38,2026-01-08 16:39:53,1301,M,G92BC,RFW333 ,0,Nor,56,NO HAY MEDIDOR,56,S,GSC
2026-02-01 00:00:00,797750500167,30,DW,06,B,37,371,CHI KINIL LANDY BEATRIS       ,1B,ACTIVO,D8049P ,1,W111,73C0,2026-02-01,2025-10-20,3781,16,,W0602341442,S05,2026-01-28,W6B,30,,,,,,,,,,,,CCC
2026-02-01 00:00:00,797761000514,02,DW,06,B,20,201,CHAN KUMUL ALVARO             ,1B,ACTIVO,3T38D0 ,1,F121,04GG,2026-02-01,2025-12-01,51100,263,,W0602341475,SMG,2026-01-28,LIR,30,2026-01-28 09:21:25,0227,L,R9223,3T38D0 ,0,Nor,60,MEDID NO TRABAJA,60,S,MED
2026-02-01 00:00:00,797810100171,18,DW,06,B,01,181,ISIDRO UC BALAM               ,1B,ACTIVO,929W4B ,1,F122,14LN,2026-02-01,2026-02-10,6558,101,,W0602339314,SMC,2026-01-22,MED,36,2026-02-10 14:01:25,1802,M,R9174,929W4B ,101,Opt,  ,,,,MED
2026-02-01 00:00:00,797850400313,18,DW,06,B,01,181,TUN YAM ZACARIAS              ,1B,ACTIVO,901DHG ,1,F122,15LN,2026-02-01,2026-02-10,24942,134,,W0602339321,SMC,2026-01-22,MED,36,2026-02-10 10:00:22,1802,M,R9174,901DHG ,134,Opt,  ,,,,MED
2026-02-01 00:00:00,797860400044,17,DW,06,B,03,032,NOH DZUL AURELIO              ,1D,ACTIVO,XD7168 ,1,F121,86EG,2026-01-01,2025-11-11,3478,0,,W0602335532,SMG,2026-01-12,LIR,46,2026-01-12 07:01:32,1727,L,R9223,XD7168 ,0,Nor,60,MEDID NO TRABAJA,60,S,MED
2026-02-01 00:00:00,797890900157,18,DW,06,B,01,181,MARTINEZ GERALDO JESUS I      ,1B,ACTIVO,88DM24 ,1,F121,06JL,2026-02-01,2026-02-10,43520,335,,W0602339329,SMC,2026-01-22,MED,36,2026-02-10 07:42:50,1802,M,R9174,88DM24 ,335,Nor,  ,,,,MED
2026-02-01 00:00:00,796181201460,20,DW,06,A,01,205,RAMIREZ CAB CARLOS ANTONIO    ,1D,BAJA,,2,,,2026-02-01,2026-02-10,4322,0,,W0602327881,SMC,2025-12-16,LIR,73,,,,,,,,,,,,MED
2026-02-01 00:00:00,796190502197,07,DW,06,A,38,381,GOMEZ GOMEZ JOSE              ,1B,CORTADO,L899TY ,1,F122,18LN,2026-01-01,2026-01-05,24280,710,,W0602333227,SMC,2026-01-06,LIR,52,2026-01-05 10:59:59,0729,L,R9723,L899TY ,0,Nor,53,UI SERV DIRECTO,53,S,MED
2026-02-01 00:00:00,796240301538,04,DW,06,A,25,251,MARTINEZ MORALES SERGIO ANTONI,1C,ACTIVO,PBW429 ,1,F123,24NX,2026-02-01,2026-01-29,2281,328,,W0602325150,SMC,2025-12-10,W6A,79,2026-01-29 12:54:19,0427,L,GAX9M,PBW429 ,328,Opt,  ,,,,MED
2026-02-01 00:00:00,799010355964,27,DW,06,D,27,270,CANCHE CANCHE MARCIANA        ,1B,BAJA,,1,,,2012-09-01,2012-08-01,16192,0,,W0602328530,SMC,2025-12-17,W6D,72,,,,,,,,,,,,MED
2026-02-01 00:00:00,799010455608,06,DW,06,D,01,060,GAMBOA GONGORA SEBASTIAN      ,02,ACTIVO,097VWU ,1,F122,16LN,2026-02-01,2026-01-30,12874,45,,W0602327653,SMC,2025-12-15,MED,74,2026-01-30 07:57:20,0601,M,GAT5M,097VWU ,45,Opt,  ,,,,MED
2026-02-01 00:00:00,799010955767,36,DW,06,D,32,321,AGUILAR JACOBO ANTONIO        ,1B,ACTIVO,2D5M29 ,1,F121,00GG,2026-02-01,2026-02-23,16241,163,,W0602331183,SMG,2025-12-29,LIR,60,2026-02-23 12:19:16,3626,L,9JR7J,2D5M29 ,163,Nor,  ,,,,MED
2026-02-01 00:00:00,799020400534,08,DW,06,D,01,081,GOMEZ TREJO EDMUNDO           ,1B,ACTIVO,915JJJ ,2,F622,15LM,2026-02-01,2026-02-03,46539,0,,W0602329052,SMC,2025-12-18,W6D,71,2026-02-03 07:53:29,0801,L,9JR7J,915JJJ ,0,Opt,31,SERVICIO SIN USO,,,MED
2026-02-01 00:00:00,799030200061,36,DW,06,D,32,321,FLORES VAZQUEZ MA LUISA       ,1B,ACTIVO,1R17V5 ,1,F121,02GG,2002-12-01,2003-02-04,1,0,,W0602331181,SMG,2025-12-29,LIR,60,,,,,,,,,,,,MED
2026-02-01 00:00:00,799040600688,28,DW,06,D,47,470,LUIS ALAMILLA NUNEZ           ,1C,ACTIVO,48DX56 ,2,F621,06F3,2026-02-01,2026-02-17,41215,0,,W0602322360,SMC,2025-12-03,CDV,86,2026-02-17 09:25:51,2826,L,GAT5M,48DX56 ,0,Nor,31,SERVICIO SIN USO,,,MED
2026-02-01 00:00:00,799050100748,27,DW,06,D,27,270,BACAB POOT EMILIO             ,1B,ACTIVO,FKE414 ,1,F123,22NX,2023-11-01,2023-11-17,28595,371,,W0602338520,SMG,2026-01-20,LIR,38,,,,,,,,,,,,MED
2026-02-01 00:00:00,799051100393,13,DW,06,D,01,130,SANCHEZ PEREZ MARBELLA        ,1B,ACTIVO,918RBP ,1,F122,16LN,2026-01-01,2026-01-08,18615,322,,W0602335002,S05,2026-01-10,CDK,48,,,,,,,,,,,,CCC
2026-02-01 00:00:00,799061000150,17,DW,06,D,48,481,RICHROSE PROPERTIES S DE RL   ,02,ACTIVO,64D0D9 ,2,F421,08KF,2026-01-01,2026-01-12,42489,126,,W0602336051,SMC,2026-01-13,W6D,45,2026-01-12 10:20:53,1727,L,GAT5M,64D0D9 ,99964,Nor,  ,,FR,S,MED
2026-02-01 00:00:00,799061200396,06,DW,06,D,01,060,ALBERTO CASTANEDA ADOLFO      ,02,BAJA SIN MED RET,657JCL ,1,F122,15LN,2014-12-01,2014-12-03,21656,0,,W0602322574,SMC,2025-12-03,LIR,86,,,,,,,,,,,,MED
2026-02-01 00:00:00,799070800410,14,DW,06,D,01,001,GALEANA TOLAMA OLGA GENOVEVA  ,02,ACTIVO,G723HN ,3,FD22,17LR,2007-08-01,2007-09-11,8,0,,W0602340755,SMC,2026-01-26,MED,32,,,,,,,,,,,,MED
2026-02-01 00:00:00,799071001596,39,DW,06,D,16,161,PINA BUENFIL LORENZO          ,1B,ACTIVO,608X5T ,2,F622,14LM,2026-01-01,2025-11-27,14739,418,,W0602341523,SMC,2026-01-28,LIR,30,2026-01-28 10:04:26,3926,L,9JR7J,608X5T ,0,Nor,66,DERIV ANTES MED,66,S,MED
2026-02-01 00:00:00,799080500198,36,DW,06,D,32,321,HUU COCON EPIFANIA            ,1B,ACTIVO,7HF124 ,1,F121,98GG,2026-02-01,2026-02-23,23347,185,,W0602331184,SMG,2025-12-29,LIR,60,2026-02-23 12:28:32,3626,L,9JR7J,7HF124 ,185,Nor,  ,,,,MED
2026-02-01 00:00:00,799080900714,08,DW,06,D,01,081,RODRIGUEZ MALDONADO MARIA LETI,02,ACTIVO,425JJF ,2,F622,15LM,2026-02-01,2026-02-03,4035,107,,W0602340739,SMC,2026-01-26,MED,32,2026-02-03 07:26:43,0801,L,9JR7J,425JJF ,107,Opt,  ,,,,MED
2026-02-01 00:00:00,799090300286,39,DW,06,D,50,501,AGUILAR DE LA CRUZ PACIANO    ,1B,ACTIVO,NT079M ,2,F623,20NU,2026-01-01,2025-11-28,2100,8,,W0602341052,SMC,2026-01-27,LIR,31,2026-01-27 14:35:22,3927,L,GAT5M,NT079M ,0,Nor,65,UI MED INVERTIDO,65,S,MED
2026-02-01 00:00:00,796791100894,38,DW,06,A,30,301,GUASUZON COBOS ARCADIO        ,1C,ACTIVO,T6040T ,1,W111,78C0,2026-02-01,2026-02-26,7944,99,,W0602337784,S05,2026-01-19,W6D,39,2026-02-24 08:38:10,3826,L,9ND4X,T6040T ,0,Nor,50,CASA CERRADA,50,S,CCC
2026-02-01 00:00:00,796880601333,34,DW,06,A,01,343,VIDAL XIX EUAN                ,1D,ACTIVO,D9X315 ,2,F121,87F5,2026-02-01,2026-02-20,43854,0,,W0602330630,SMG,2025-12-26,LIR,63,2026-02-20 13:44:26,3402,M,R9723,D9X315 ,607,Nor,31,SERVICIO SIN USO,FR,S,MED
2026-02-01 00:00:00,799110700138,39,DW,06,D,11,111,RODRIGUEZ DARZA OSCAR EDUARDO ,1B,ACTIVO,KH6473 ,1,F121,83EG,2026-01-01,2026-01-27,9810,126,,W0602341513,SMG,2026-01-28,LIR,30,,,,,,,,,,,,MED
2026-02-01 00:00:00,799111000580,36,DW,06,D,32,321,CORTEZ CRUZ SANTIAGO          ,1B,ACTIVO,9F6K92 ,1,F121,01GG,2026-02-01,2026-02-23,3110,138,,W0602331179,SMG,2025-12-29,LIR,60,2026-02-23 12:15:10,3626,L,9JR7J,9F6K92 ,138,Nor,  ,,FR,S,MED
2026-02-01 00:00:00,796900601009,31,DW,06,A,01,313,SOSA SOSA JESUS R             ,1D,ACTIVO,PCW979 ,1,F123,24NX,2024-11-01,2024-11-21,66221,100,,W0602341839,SM3,2026-01-29,CDK,29,,,,,,,,,,,,CCC
2026-02-01 00:00:00,799120400299,70,DW,06,D,47,655,CAPA DEL EDO DE Q ROO         ,06,ACTIVO,PJ912F ,3,KL28,20KE,2026-02-01,2026-02-05,13375,2007,,W0602333710,SMC,2026-01-07,W6D,51,2026-02-05 11:43:15,6501,L,GAT5M,PJ912F ,0,Nor,53,UI SERV DIRECTO,53,S,MED
2026-02-01 00:00:00,796940500019,27,DW,06,A,07,073,GARCIA LOPEZ LEONOR           ,1B,ACTIVO,30L67N ,1,F12H,10KU,2026-01-01,2025-09-19,5062,157,,W0602340399,S05,2026-01-26,W6A,32,2026-01-19 11:04:54,2730,L,R9723,30L67N ,0,Nor,53,UI SERV DIRECTO,53,S,CCC
2026-02-01 00:00:00,796941101151,26,DW,06,A,37,263,DIAZ CASTRO MARTHA            ,1C,ACTIVO,044JJD ,2,F622,15LM,2026-02-01,2026-02-16,23989,179,,W0602328595,SMC,2025-12-17,06A,72,2026-02-16 10:23:56,2628,L,R9907,044JJD ,179,Opt,  ,,,,MED
2026-02-01 00:00:00,799120700837,32,DW,06,D,54,540,JIMENEZ JIMENEZ SANTOS        ,1B,ACTIVO,PAW995 ,1,F123,24NX,2025-06-01,2025-06-23,17705,0,,W0602330284,SMG,2025-12-23,LIR,66,2025-06-24 11:53:10,3251,R,9JR7J,PAW995 ,0,Nor,31,SERVICIO SIN USO,,,MED
2026-02-01 00:00:00,799121100949,32,DW,06,D,46,460,HERNANDEZ OROZCO SANTIAGO     ,1B,ACTIVO,886FY1 ,1,F122,12LH,2026-02-01,2026-02-19,19993,0,,W0602330277,SMG,2025-12-23,LIR,66,2026-02-19 09:29:00,3227,L,GAX9M,886FY1 ,0,Opt,31,SERVICIO SIN USO,,,MED
2026-02-01 00:00:00,799121200064,34,DW,06,D,45,450,TRUJILLO FIGUEROA PEDRO       ,1B,CORTADO,919HL5 ,1,F122,12LH,2026-02-01,2026-02-20,6916,0,,W0602330402,SMC,2025-12-23,LIR,66,2026-02-20 11:04:01,3427,L,GAX9M,919HL5 ,0,Nor,53,UI SERV DIRECTO,53,S,MED
2026-02-01 00:00:00,799130700509,34,DW,06,D,45,450,RAMIREZ OCAMPO VICTOR MANUEL  ,1B,ACTIVO,4D9M79 ,1,F121,00GG,2026-02-01,2026-02-20,26331,336,,W0602330397,SMG,2025-12-23,LIR,66,2026-02-20 11:08:31,3427,L,GAX9M,4D9M79 ,336,Nor,  ,,,,MED
2026-02-01 00:00:00,799131000284,68,DW,06,D,30,634,MUNICIPIO DE BACALAR          ,5A,ACTIVO,YJ584G ,2,F623,21NU,2026-02-01,2026-02-03,29567,99,,W0602323391,SMC,2025-12-05,LIR,84,2026-02-03 08:56:42,6301,L,GAT5M,YJ584G ,99,Opt,  ,,,,MED
2026-02-01 00:00:00,799140500036,27,DW,06,D,34,340,MUNICIPIO DE BACALAR          ,5A,ACTIVO,3AUX52 ,2,F623,25P2,2026-01-01,2026-01-27,0,0,,W0602338522,SMC,2026-01-20,LIR,38,2026-01-20 09:33:36,2727,L,GAT5M,J100GB ,0,Nor,53,UI SERV DIRECTO,53,S,MED
2026-02-01 00:00:00,799150500034,18,DW,06,D,01,180,MUNICIPIO DE BACALAR          ,5A,ACTIVO,A797KB ,2,F622,16LM,2026-02-01,2026-02-10,65416,812,,W0602326598,SMC,2025-12-12,LIR,77,2026-02-10 08:48:17,1801,M,GAT5M,A797KB ,0,Nor,53,UI SERV DIRECTO,53,S,MED
2026-02-01 00:00:00,799150500646,74,DW,06,D,03,710,CAPA DEL EDO DE Q ROO         ,06,ACTIVO,0A9N58 ,3,KL28,00HG,2026-02-01,2026-02-12,58381,657,,W0602327968,SM2,2025-12-16,06A,73,2026-02-12 09:48:16,7001,M,9JR7J,0A9N58 ,657,Nor,  ,,,,GSC
2026-02-01 00:00:00,799150600624,07,DW,06,D,01,070,HERNANDEZ QUIROZ BELEN        ,02,ACTIVO,327X9H ,2,F622,14LM,2026-01-01,2026-01-05,23840,742,,W0602327614,SMC,2025-12-15,MED,74,2026-01-05 13:01:42,0701,M,9JR7J,327X9H ,742,Opt,  ,,,,MED
2026-02-01 00:00:00,796951200408,35,DW,06,A,01,351,ACOSTA SANCHEZ SAIRA AISA     ,02,ACTIVO,25L12L ,1,F12H,10KU,2026-01-01,2026-01-23,2753,9,,W0602329897,SMC,2025-12-22,MED,67,2026-01-23 14:25:42,3502,M,GAX9M,25L12L ,9,Nor,31,SERVICIO SIN USO,LM,S,MED
2026-02-01 00:00:00,799160100395,17,DW,06,D,48,481,HERRERA CANTO MARIA DEL CARME ,02,ACTIVO,92X28L ,1,F12H,11KU,2026-01-01,2025-11-11,1983,21,,W0602335635,SMC,2026-01-12,LIR,46,2026-01-12 09:44:25,1727,L,GAT5M,92X28L ,0,Nor,53,UI SERV DIRECTO,53,S,MED
2026-02-01 00:00:00,797051200794,15,DW,06,B,01,152,YEH CAAMAL HONORIO            ,1B,ACTIVO,PKG839 ,1,F123,24NX,2026-01-01,2026-01-09,681,127,,W0602337347,S05,2026-01-16,W6B,42,,,,,,,,,,,,CCC
2026-02-01 00:00:00,799160700295,26,DW,06,D,18,180,MORALES MEJIA ISABEL          ,1C,BAJA SIN MED RET,403FDD ,1,F122,15LN,2026-02-01,2026-02-17,17521,99627,,W0602328843,SMC,2025-12-18,LIR,71,2026-02-16 10:28:08,2627,M,GAX9M,403FDD ,99565,Opt,  ,,,,MED
2026-02-01 00:00:00,799160700635,06,DW,06,D,01,060,CASTANEDA ADOLFO ALBERTO      ,02,ACTIVO,J193DU ,2,F622,17LM,2016-06-01,2020-01-20,11779,0,,W0602327668,SMC,2025-12-15,MED,74,,,,,,,,,,,,MED
2026-02-01 00:00:00,799161200393,69,DW,06,D,43,632,MUNICIPIO DE BACALAR          ,5A,ACTIVO,KKK046 ,2,F623,23NU,2026-02-01,2026-02-04,502,27,,W0602323158,SMC,2025-12-05,W6D,84,2026-02-04 09:42:54,6401,L,9JR7J,KKK046 ,27,Opt,  ,,,,MED
2026-02-01 00:00:00,799170800620,10,DW,06,D,01,101,JIMENEZ ADRIAN JUAN ANTONIO   ,02,ACTIVO,F759CH ,1,F122,17LN,2026-02-01,2026-02-04,14725,250,,W0602340732,SMC,2026-01-26,MED,32,2026-02-04 12:03:34,1001,M,GAT5M,F759CH ,250,Opt,  ,,,,MED
2026-02-01 00:00:00,799170900390,36,DW,06,D,24,241,MUNICIPIO DE BACALAR          ,02,ACTIVO,PBB371 ,1,F123,24NX,2026-02-01,2025-12-26,114,41,,W0602331178,SMC,2025-12-29,LIR,60,2026-02-23 09:44:34,3626,L,9JR7J,PBB371 ,0,Nor,53,UI SERV DIRECTO,53,S,MED
2026-02-01 00:00:00,799180601951,74,DW,06,D,03,710,INMOB DELSTE XAMAN            ,67,CORTADO,CKX204 ,3,VL28,22NJ,2022-11-01,2022-11-04,5,0,,W0602336522,SMC,2026-01-14,LIR,44,,,,,,,,,,,,MED
2026-02-01 00:00:00,799180701468,28,DW,06,D,48,480,PORTOVINOS S DE RL DE CV      ,1D,ACTIVO,N467GD ,2,F622,18LM,2026-02-01,2026-02-17,59741,2406,,W0602329327,SMG,2025-12-19,LIR,70,2026-02-17 13:50:14,2827,L,GAX9M,N467GD ,2406,Nor,  ,,LM,S,MED
2026-02-01 00:00:00,799180801551,18,DW,06,D,01,180,CONDELL ROJAS KAREN CATALINA  ,1B,ACTIVO,NL033J ,2,F623,20NU,2026-02-01,2026-02-10,35682,904,,W0602326650,SMC,2025-12-12,CDC,77,2026-02-10 10:45:49,1801,M,GAT5M,NL033J ,904,Opt,  ,,,,MED
2026-02-01 00:00:00,799180901084,32,DW,06,D,54,540,MUNICIPIO DE BACALAR          ,1B,ACTIVO,04L0G6 ,1,F12H,09KU,2026-02-01,2026-02-22,963,117,,W0602330286,SMG,2025-12-23,LIR,66,2026-02-22 13:38:26,3251,R,GAX9M,04L0G6 ,117,Nor,31,SERVICIO SIN USO,LM,S,MED
2026-02-01 00:00:00,799181200161,17,DW,06,D,48,480,HERNANDEZ ARANDA LOURDES      ,1D,CORTADO,L092FL ,1,F122,18LN,2026-01-01,2026-01-12,17479,0,,W0602335646,SMC,2026-01-12,LIR,46,2026-01-12 11:54:18,1726,M,9JR7J,L092FL ,0,Opt,32,UI DERIVACION,32,S,MED
2026-02-01 00:00:00,799190400636,66,DW,06,D,01,710,DOGRE MUNOZ VICTOR ELIAS      ,67,ACTIVO,R277CC ,3,KL28,18KE,2026-02-01,2026-01-30,92711,7692,,W0602332023,SM2,2026-01-02,06A,56,2026-01-30 17:25:20,6201,L,9JR7J,R277CC ,7692,Nor,  ,,FR,S,GSC
2026-02-01 00:00:00,799190601020,13,DW,06,D,01,130,KU TILAN JULIO ADRIAN         ,02,ACTIVO,DW517M ,2,F623,19NU,2019-07-01,2019-06-26,0,0,,W0602340663,SMC,2026-01-26,MED,32,,,,,,,,,,,,MED
2026-02-01 00:00:00,799190700630,66,DW,06,D,01,710,MUNICIPIO DE BACALAR          ,5A,BAJA,,3,,,2026-02-01,2026-02-04,54799,0,,W0602322863,SMC,2025-12-04,06A,85,2026-01-30 10:00:28,6201,L,9JR7J,717HAE ,0,Nor,56,NO HAY MEDIDOR,56,S,MED
2026-02-01 00:00:00,799200101691,32,DW,06,D,44,441,COMEDOR COM LA CEIBA          ,1B,ACTIVO,V044VX ,1,F122,19LN,2026-02-01,2026-02-22,1035,41,,W0602330274,SMC,2025-12-23,LIR,66,2026-02-22 13:55:20,3251,R,GAX9M,V044VX ,41,Nor,  ,,LM,S,MED
2026-02-01 00:00:00,799200200886,27,DW,06,D,27,270,MOO CIAU VERONICA DEL ROSARIO ,1B,ACTIVO,T042NG ,1,F122,18LN,2026-01-01,2025-11-20,4592,94,,W0602338519,SMC,2026-01-20,LIR,38,2026-01-19 08:39:00,2726,L,9JR7J,T042NG ,0,Nor,53,UI SERV DIRECTO,53,S,MED
2026-02-01 00:00:00,799200201203,07,DW,06,D,01,070,SOSA CASTRO GUILLERMO         ,02,ACTIVO,Y601LU ,2,F623,19NU,2026-01-01,2026-01-05,12963,421,,W0602327637,SMC,2025-12-15,MED,74,2026-01-05 08:38:59,0701,M,9JR7J,Y601LU ,421,Opt,  ,,,,MED
2026-02-01 00:00:00,797090701725,25,DW,06,B,53,531,JUAN BAAK POOT                ,1B,ACTIVO,35UX85 ,1,F121,08JL,2026-01-01,2026-01-16,14201,34,,W0602338825,SM2,2026-01-21,06A,37,2026-01-16 10:21:31,2526,M,G92BC,35UX85 ,8225,Nor,  ,,FR,S,GSC
2026-02-01 00:00:00,797240400702,33,DW,06,B,14,142,COCOM MAY RUBI ALEJANDRA      ,1B,ACTIVO,LMV161 ,1,F123,23NX,2026-01-01,2026-01-22,1644,0,,W0602339345,SMC,2026-01-22,LIR,36,2026-01-22 11:26:24,3327,L,R9223,LMV161 ,0,Opt,32,UI DERIVACION,32,S,MED
2026-02-01 00:00:00,799210500080,28,DW,06,D,47,470,SECRETARIA DE MARINA          ,02,ACTIVO,J083PF ,2,F622,17LM,2026-02-01,2026-02-17,43486,0,,W0602329325,SMG,2025-12-19,LIR,70,2026-02-17 13:52:40,2826,L,GAT5M,J083PF ,0,Nor,31,SERVICIO SIN USO,LM,S,MED
2026-02-01 00:00:00,799210600629,74,DW,06,D,03,710,FRANCESCA CONSUELO BOSCO      ,67,ACTIVO,MX223B ,3,KL28,20KE,2026-02-01,2026-02-12,54776,5183,,W0602327964,SM2,2025-12-16,06A,73,2026-02-12 13:35:19,7001,M,9JR7J,MX223B ,5183,Nor,  ,,LM,S,GSC
2026-02-01 00:00:00,799211100875,26,DW,06,D,15,150,VALENCIA CAB CRISTIAN ENRIQUE ,1C,BAJA SIN MED RET,6AAC82 ,2,F623,25NY,2025-08-01,2025-08-19,14394,452,,W0602329042,SMC,2025-12-18,06A,71,,,,,,,,,,,,MED
2026-02-01 00:00:00,799220100438,27,DW,06,D,26,260,MUNICIPIO DE BACALAR          ,02,ACTIVO,5CET33 ,2,F623,25P3,2026-01-01,2025-11-20,17201,1075,,W0602338523,SMC,2026-01-20,LIR,38,2026-01-19 09:16:33,2727,L,GAT5M,YJ937G ,0,Nor,53,UI SERV DIRECTO,53,S,MED
2026-02-01 00:00:00,799220201293,34,DW,06,D,41,411,SALAZAR ROSENDO               ,1B,ACTIVO,45G1F5 ,1,F12H,09KU,2026-02-01,2026-02-20,3535,221,,W0602330392,SMC,2025-12-23,LIR,66,2026-02-20 14:44:21,3427,L,GAX9M,45G1F5 ,221,Nor,  ,,LM,S,MED
2026-02-01 00:00:00,799220500509,17,DW,06,D,48,480,NARVAEZ BARDALES JULIO ORLANDO,1D,ACTIVO,YJ548B ,2,F623,21NU,2026-01-01,2025-09-09,6594,148,,W0602335647,SMC,2026-01-12,LIR,46,2026-01-12 11:09:46,1726,M,9JR7J,YJ548B ,0,Nor,53,UI SERV DIRECTO,53,S,MED
2026-02-01 00:00:00,799230201101,13,DW,06,D,01,130,SANTIAGO HERNANDEZ CRISTINA   ,1B,ACTIVO,DRT154 ,2,F623,22NU,2026-01-01,2026-01-08,7763,328,,W0602331926,S05,2026-01-02,W6D,56,,,,,,,,,,,,CCC
2026-02-01 00:00:00,799230201500,24,DW,06,D,14,140,ROBERTS KENDALL TAKIA         ,1C,SUJETO A CORTE,DRT190 ,2,F623,22NU,2026-02-01,2026-02-13,17664,207,,W0602328989,SMC,2025-12-18,W6D,71,2026-02-13 12:43:58,2427,L,GAT5M,DRT190 ,207,Opt,  ,,,,MED
2026-02-01 00:00:00,799230301121,28,DW,06,D,48,480,CELIS FURRER FRANCISCO        ,1D,ACTIVO,556FVD ,2,F622,15LM,2026-02-01,2026-02-17,6709,588,,W0602329328,SMG,2025-12-19,LIR,70,2026-02-17 13:46:37,2827,L,GAX9M,556FVD ,588,Nor,  ,,LM,S,MED
2026-02-01 00:00:00,799230501481,33,DW,06,D,31,310,PEDRO RAMIREZ REBECA          ,1C,ACTIVO,UU274E ,2,F623,21NY,2026-01-01,2025-11-24,20167,1183,,W0602339429,SMC,2026-01-22,LIR,36,2026-01-22 08:26:44,3326,L,9JR7J,UU274E ,0,Nor,66,DERIV ANTES MED,66,S,MED
2026-02-01 00:00:00,799240301189,17,DW,06,D,48,480,CORONA PUGA JAIME             ,1D,ACTIVO,GHJ664 ,1,F123,23NX,2026-01-01,2025-11-11,275,71,,W0602335648,SMG,2026-01-12,LIR,46,2026-01-12 08:59:37,1726,M,9JR7J,GHJ664 ,0,Nor,60,MEDID NO TRABAJA,60,S,MED
2026-02-01 00:00:00,799240900881,32,DW,06,D,33,330,PEREZ MONDRAGON ESVIN         ,1B,ACTIVO,WRB477 ,2,F623,24P2,2026-02-01,2026-02-22,1899,328,,W0602330273,SMG,2025-12-23,LIR,66,2026-02-22 13:58:02,3251,R,GAX9M,WRB477 ,328,Nor,  ,,LM,S,MED
2026-02-01 00:00:00,799250200691,39,DW,06,D,40,401,AUAN CIAU MARIA ANDREA        ,1C,ACTIVO,KUT392 ,1,F123,23NX,2026-01-01,2025-11-27,815,162,,W0602341050,SMC,2026-01-27,LIR,31,2026-01-27 09:15:45,3927,L,GAT5M,KUT392 ,0,Nor,53,UI SERV DIRECTO,53,S,MED
2026-02-01 00:00:00,799250601121,39,DW,06,D,16,161,TUN CAB JULIAN                ,1B,ACTIVO,KUU160 ,1,F123,23NX,2026-01-01,2025-11-27,51,17,,W0602341522,SMG,2026-01-28,LIR,30,2026-01-28 09:53:15,3926,L,9JR7J,KUU160 ,0,Nor,60,MEDID NO TRABAJA,60,S,MED
2026-02-01 00:00:00,799250700065,05,DW,06,D,01,050,LEONIDES CANUL MIRIAN ABIGAIL ,1B,ACTIVO,4DVB83 ,2,F623,25NY,2026-02-01,2026-02-03,0,0,,W0602323367,SMC,2025-12-05,LIR,84,2026-02-03 13:15:26,0801,L,9JR7J,4DVB83 ,0,Nor,31,SERVICIO SIN USO,LM,S,MED
2026-02-01 00:00:00,799251000121,15,DW,06,D,48,481,AGUERO LISA ANN               ,1D,ACTIVO,1BCU65 ,2,F623,25P2,2026-01-01,2026-01-09,574,574,,W0602337960,SM2,2026-01-19,MED,39,,,,,,,,,,,,GSC
2026-02-01 00:00:00,799251200694,17,DW,06,D,48,481,POOT BARDALES LADY GLADYS     ,02,ACTIVO,2CFJ99 ,2,F623,25P3,2026-01-01,2026-01-12,0,0,,W0602334959,SM2,2026-01-09,CCC,49,2026-01-12 13:02:34,1727,L,GAT5M,2CFJ99 ,0,Nor,60,MEDID NO TRABAJA,60,S,GSC
2026-02-01 00:00:00,799251200694,17,DW,06,D,48,481,POOT BARDALES LADY GLADYS     ,02,ACTIVO,2CFJ99 ,2,F623,25P3,2026-01-01,2026-01-12,0,0,,W0602335637,SMG,2026-01-12,LIR,46,2026-01-12 13:02:34,1727,L,GAT5M,2CFJ99 ,0,Nor,60,MEDID NO TRABAJA,60,S,MED
2026-02-01 00:00:00,799780100158,19,DW,06,D,02,192,CABALLERO HDEZ JULIO CESAR    ,1B,ACTIVO,863TU3 ,1,F122,12LH,2026-01-01,2026-01-13,5100,0,,W0602339709,SMC,2026-01-23,W6D,35,2026-01-13 10:36:03,1927,L,GAT5M,863TU3 ,0,Opt,31,SERVICIO SIN USO,,,MED
2026-02-01 00:00:00,799781000033,68,DW,06,D,25,636,CAPA DEL EDO DE Q ROO         ,06,ACTIVO,MU552E ,3,KL28,20KE,2026-02-01,2026-02-03,29753,1123,,W0602332886,SM2,2026-01-05,06A,53,2026-02-03 10:44:54,6301,L,GAT5M,MU552E ,1123,Nor,  ,,LM,S,GSC
2026-02-01 00:00:00,799820900012,26,DW,06,D,18,180,SEQ 23DPR0296 BENITO JUAREZ   ,02,ACTIVO,DJV970 ,2,F623,22NU,2022-12-01,2022-12-16,2909,0,,W0602328842,SMC,2025-12-18,LIR,71,,,,,,,,,,,,MED
2026-02-01 00:00:00,799821200103,39,DW,06,D,11,111,KUMUL CAYETANO                ,1B,ACTIVO,R77Y91 ,1,F121,93F5,2026-01-01,2026-01-27,30597,76,,W0602341516,SMG,2026-01-28,LIR,30,,,,,,,,,,,,MED
2026-02-01 00:00:00,799821200260,39,DW,06,D,11,111,NOH PEDRO                     ,1B,ACTIVO,KH6570 ,1,F121,83EG,2026-01-01,2026-01-27,6365,205,,W0602341514,SMG,2026-01-28,LIR,30,,,,,,,,,,,,MED
2026-02-01 00:00:00,799821200316,39,DW,06,D,11,111,KIAU BONIFACIO                ,1B,ACTIVO,KH6450 ,1,F121,83EG,2026-01-01,2026-01-27,3666,161,,W0602341512,SMG,2026-01-28,LIR,30,,,,,,,,,,,,MED
2026-02-01 00:00:00,796160403917,22,DW,06,A,21,212,MAZUN PATT YASULMI SARAI      ,1C,ACTIVO,506KTX ,1,F122,15LN,2026-02-01,2026-02-12,28933,2,,W0602328313,SMC,2025-12-16,LIR,73,2026-02-12 10:43:54,2228,L,G92BA,506KTX ,2,Nor,31,SERVICIO SIN USO,LM,S,MED
2026-02-01 00:00:00,796180404162,35,DW,06,A,01,351,PECH POOT TOMAS ALBERTO       ,02,ACTIVO,626RBP ,1,F122,16LN,2026-01-01,2026-01-23,31609,328,,W0602326798,SMC,2025-12-13,MED,76,2026-01-23 08:05:36,3502,M,GAX9M,626RBP ,328,Opt,  ,,,,MED
2026-02-01 00:00:00,797960700398,76,DW,06,B,02,761,CAPA DEL EDO  DE Q  ROO       ,06,ACTIVO,MW646X ,3,KL28,20KE,2021-06-01,2021-06-07,9764,7,,W0602328431,SMC,2025-12-16,MED,73,,,,,,,,,,,,MED
2026-02-01 00:00:00,799851100081,36,DW,06,D,24,241,IGLESIA DE LA BIBLIA          ,02,ACTIVO,1UH684 ,1,F121,99GG,2026-02-01,2026-02-23,10574,117,,W0602331176,SMG,2025-12-29,LIR,60,2026-02-23 10:06:36,3626,L,9JR7J,1UH684 ,117,Nor,  ,,,,MED
2026-02-01 00:00:00,799000556007,36,DW,06,D,32,321,ZULU FALCON MARIA ANGELA      ,1B,ACTIVO,7PR791 ,1,F121,99GG,2026-02-01,2026-02-23,44917,340,,W0602331180,SMG,2025-12-29,LIR,60,2026-02-23 12:18:08,3626,L,9JR7J,7PR791 ,340,Nor,  ,,,,MED
2026-02-01 00:00:00,799890900010,08,DW,06,D,01,081,JUAN MANUEL HERRERA           ,02,ACTIVO,721FDC ,1,F122,15LN,2026-02-01,2026-02-03,11516,122,,W0602340752,SMC,2026-01-26,MED,32,2026-02-03 07:31:08,0801,L,9JR7J,721FDC ,122,Opt,  ,,,,MED
2026-02-01 00:00:00,799891000080,39,DW,06,D,16,161,PINA BUENFIL LILIA            ,1B,ACTIVO,V7M204 ,1,F121,91F5,2026-01-01,2026-01-28,59316,178,,W0602341520,SMG,2026-01-28,LIR,30,,,,,,,,,,,,MED
2026-02-01 00:00:00,799100300603,17,DW,06,D,48,481,GONZALEZ VALLADARES ENRIQUE JO,02,ACTIVO,13P2A3 ,2,F62H,09KN,2026-01-01,2025-11-11,1359,1583,,W0602335636,SMG,2026-01-12,LIR,46,2026-01-12 10:33:50,1727,L,GAT5M,13P2A3 ,0,Nor,60,MEDID NO TRABAJA,60,S,MED
2026-02-01 00:00:00,799920500216,36,DW,06,D,32,321,MAY CUPUL PEDRO PABLO         ,1B,ACTIVO,E99W93 ,1,F121,92F5,2026-02-01,2026-02-23,32433,59,,W0602331185,SMG,2025-12-29,LIR,60,2026-02-23 13:20:17,3626,L,9JR7J,E99W93 ,59,Nor,  ,,,,MED
2026-02-01 00:00:00,799921000101,36,DW,06,D,32,321,MAXIMO SOSA LUGO              ,1B,ACTIVO,H1M118 ,1,F121,88F5,2026-02-01,2026-02-23,20149,97,,W0602331186,SMG,2025-12-29,LIR,60,2026-02-23 13:30:47,3626,L,9JR7J,H1M118 ,97,Nor,  ,,,,MED
2026-02-01 00:00:00,799950200080,34,DW,06,D,41,411,CHIMAL Y UCH JOSE ISABEL      ,1B,ACTIVO,X79N97 ,1,F121,94F5,2026-02-01,2026-02-20,11645,136,,W0602330395,SMG,2025-12-23,LIR,66,2026-02-20 12:56:06,3427,L,GAX9M,X79N97 ,136,Nor,  ,,,,MED
2026-02-01 00:00:00,799950200110,34,DW,06,D,41,411,LAZARO MAY CHOC               ,1B,ACTIVO,X68N52 ,1,F121,94F5,2026-02-01,2026-02-20,23453,0,,W0602330390,SMG,2025-12-23,LIR,66,2026-02-20 13:10:40,3427,L,GAX9M,X68N52 ,99744,Nor,  ,,FR,S,MED
2026-02-01 00:00:00,799950200161,34,DW,06,D,41,411,LUCAS BALAM HOY               ,1B,ACTIVO,X75N85 ,1,F121,94F5,2026-02-01,2026-02-20,28888,326,,W0602330393,SMG,2025-12-23,LIR,66,2026-02-20 12:38:22,3427,L,GAX9M,X75N85 ,326,Nor,  ,,,,MED
2026-02-01 00:00:00,799950200187,34,DW,06,D,41,411,JUAN ALBERTO PAT B            ,1B,ACTIVO,X75N86 ,1,F121,94F5,2026-02-01,2026-02-20,32079,241,,W0602330396,SMG,2025-12-23,LIR,66,2026-02-20 13:06:43,3427,L,GAX9M,X75N86 ,241,Nor,  ,,,,MED
2026-02-01 00:00:00,799950200195,34,DW,06,D,41,411,ANASTACIO BALAM W             ,1B,ACTIVO,8CJ477 ,1,F121,98F5,2026-02-01,2026-02-20,24555,198,,W0602330394,SMG,2025-12-23,LIR,66,2026-02-20 12:41:52,3427,L,GAX9M,8CJ477 ,198,Nor,  ,,,,MED
2026-02-01 00:00:00,799950300041,34,DW,06,D,41,411,LUIS ALFONSO MAY              ,1B,ACTIVO,C068J4 ,1,F121,95F5,2026-02-01,2026-02-20,42440,211,,W0602330391,SMG,2025-12-23,LIR,66,2026-02-20 13:09:28,3427,L,GAX9M,C068J4 ,211,Nor,  ,,,,MED
2026-02-01 00:00:00,799950600380,06,DW,06,D,01,060,PEREZ DE POOT MARIANELA       ,02,ACTIVO,715JCL ,1,F122,15LN,2026-02-01,2026-01-30,9596,99,,W0602340737,SMC,2026-01-26,MED,32,2026-01-30 07:49:49,0601,M,GAT5M,715JCL ,99,Opt,  ,,,,MED
2026-02-01 00:00:00,799951000165,68,DW,06,D,12,637,CAPA DEL EDO DE Q ROO         ,06,ACTIVO,GEL430 ,3,KL28,22NJ,2023-05-01,2023-05-03,76558,958,,W0602328821,SMC,2025-12-18,MED,71,,,,,,,,,,,,MED
2026-02-01 00:00:00,799960100121,39,DW,06,D,11,111,TEH MIGUEL                    ,1B,ACTIVO,PF3512 ,1,F121,84EG,2026-01-01,2026-01-27,5815,172,,W0602341515,SMG,2026-01-28,LIR,30,,,,,,,,,,,,MED
2026-02-01 00:00:00,799961100141,27,DW,06,D,27,270,CAAMAL HAU LEANDRO            ,1B,ACTIVO,FKE379 ,1,F123,22NX,2023-11-01,2023-11-17,23076,9,,W0602338517,SMC,2026-01-20,LIR,38,,,,,,,,,,,,MED
2026-02-01 00:00:00,799970100073,39,DW,06,D,11,111,ANTONIO NAVARRETE             ,1B,ACTIVO,X57Y36 ,1,F121,94F5,2026-01-01,2026-01-27,12106,82,,W0602341521,SMG,2026-01-28,LIR,30,,,,,,,,,,,,MED
2026-02-01 00:00:00,799970100081,39,DW,06,D,11,111,MANUEL JESUS POOL POOL        ,1B,ACTIVO,V3C098 ,1,F121,91F5,2026-01-01,2026-01-27,41625,267,,W0602341519,SMG,2026-01-28,LIR,30,,,,,,,,,,,,MED
2026-02-01 00:00:00,799970300731,73,DW,06,D,42,728,CAPA DEL EDO DE Q ROO         ,06,ACTIVO,6XJ263 ,3,FD21,00F4,2026-02-01,2026-02-12,35567,438,,W0602328446,SMC,2025-12-16,MED,73,2026-02-12 11:53:50,7002,L,GAT5M,6XJ263 ,438,Nor,  ,,,,MED
2026-02-01 00:00:00,799970400263,39,DW,06,D,29,291,CAPA DEL EDO DE Q ROO         ,06,ACTIVO,97PW44 ,3,FD21,07F4,2026-01-01,2026-01-28,40059,246,,W0602328442,SMC,2025-12-16,MED,73,2026-01-28 12:15:06,3926,L,9JR7J,97PW44 ,246,Nor,  ,,,,MED
2026-02-01 00:00:00,799970500926,39,DW,06,D,43,431,SALINAS GUERRERO GUADALUP     ,1B,ACTIVO,687FDF ,1,F122,15LN,2005-11-01,2005-11-23,1338,0,,W0602341049,SMC,2026-01-27,LIR,31,,,,,,,,,,,,MED
2026-02-01 00:00:00,799110301977,27,DW,06,D,27,270,PAT CHIMAL LAUREANO           ,1B,ACTIVO,FKE380 ,1,F123,22NX,2026-01-01,2025-11-20,1687,177,,W0602338518,SMC,2026-01-20,LIR,38,2026-01-20 08:12:55,2726,L,9JR7J,FKE380 ,0,Nor,53,UI SERV DIRECTO,53,S,MED
2026-02-01 00:00:00,799990500132,39,DW,06,D,11,111,CAHUN CEN ANTONIA             ,1B,ACTIVO,5MM024 ,1,F121,98GG,2026-01-01,2026-01-27,17142,177,,W0602341511,SMG,2026-01-28,LIR,30,,,,,,,,,,,,MED
2026-02-01 00:00:00,799990900297,34,DW,06,D,45,450,GEREMIAS REYES CASTILLO       ,1B,ACTIVO,6HF523 ,1,F121,98GG,2026-02-01,2026-02-20,21089,247,,W0602330403,SMG,2025-12-23,LIR,66,2026-02-20 11:00:34,3427,L,GAX9M,6HF523 ,247,Nor,  ,,,,MED
2026-02-01 00:00:00,799990900971,32,DW,06,D,46,460,MORALES AMADOR                ,1B,ACTIVO,5MM056 ,1,F121,98GG,2026-02-01,2026-02-19,38145,332,,W0602330282,SMG,2025-12-23,LIR,66,2026-02-19 11:02:15,3227,L,GAX9M,5MM056 ,332,Nor,  ,,,,MED
2026-02-01 00:00:00,799990903253,34,DW,06,D,45,450,SEQ 23DPR0001G A LOPEZ MATEOS ,02,ACTIVO,9E54T1 ,2,F621,03F3,1999-07-01,1999-08-23,1,0,,W0602330399,SMG,2025-12-23,LIR,66,,,,,,,,,,,,MED
2026-02-01 00:00:00,800000256265,40,DW,07,A,60,601,AUGUSTO CHAN AZCORRA          ,1B,ACTIVO,1RU608 ,1,F121,99GG,2025-12-01,2025-10-27,21055,0,,W0701761425,SMG,2025-12-30,LIR,59,2025-12-29 20:25:31,4027,L,9MCGY,1RU608 ,5,Nor,60,MEDID NO TRABAJA,60,S,MED
2026-02-01 00:00:00,800010500547,75,DW,07,A,06,008,GIJON CAAMAL HERIBERTO        ,09,ACTIVO,MW016X ,3,KL28,20KE,2021-10-01,2021-10-19,14725,0,,W0701765820,SMG,2026-01-21,LIR,37,,,,,,,,,,,,MED
2026-02-01 00:00:00,800020200444,15,DW,07,A,05,151,BALAM POOT ANA MARIA          ,1B,ACTIVO,9F1R62 ,1,F121,01GG,2026-01-01,2026-01-09,30447,472,,W0701763170,S05,2026-01-08,W7A,50,,,,,,,,,,,,CCC
2026-02-01 00:00:00,800030901211,75,DW,07,A,06,008,MATIN CAB RAUL HUMBERTO       ,1B,ACTIVO,15L7G1 ,1,F12H,09KU,2003-08-01,2003-09-26,1,0,,W0701760710,SMG,2025-12-24,LIR,65,,,,,,,,,,,,MED
2026-02-01 00:00:00,800050400162,37,DW,07,A,86,351,BALAM HAU TIMOTEO             ,1B,ACTIVO,454EGF ,1,F122,15LN,2026-01-01,2025-11-26,3631,31,,W0701766879,SMG,2026-01-26,LIR,32,2026-01-26 10:46:45,3726,L,9ND6Y,454EGF ,0,Nor,64,P. INFRARROJO/MED. D,64,S,MED
2026-02-01 00:00:00,800090400815,74,DW,07,A,13,132,SANCHEZ TORRES ANTONIO        ,09,ACTIVO,214AE5 ,3,KL28,11KM,2009-03-01,2009-04-13,0,0,,W0701759476,SMG,2025-12-17,LIR,72,,,,,,,,,,,,MED
2026-02-01 00:00:00,800110201636,40,DW,07,A,60,601,DZUL CANCHE JOSE DEMETRIO     ,1B,ACTIVO,04L88M ,1,F12H,10KU,2025-12-01,2025-10-27,15424,163,,W0701761426,SMG,2025-12-30,LIR,59,2025-12-29 20:42:47,4027,L,9MCGY,04L88M ,0,Nor,64,P. INFRARROJO/MED. D,64,S,MED
2026-02-01 00:00:00,800130300053,75,DW,07,A,06,008,GIJON CAAMAL HERIBERTO        ,02,ACTIVO,269DW4 ,3,FD2H,11KV,2026-02-01,2026-02-19,11728,31,,W0701764698,SM2,2026-01-16,07A,42,2026-02-19 11:12:42,7503,L,9MCAW,269DW4 ,31,Opt,  ,,,,GSC
2026-02-01 00:00:00,800160202137,75,DW,07,A,15,151,DOMINGUEZ IDELFONSO           ,9C,ACTIVO,PJ238F ,3,KL28,20KE,2026-02-01,2026-02-22,11605,0,,W0701768116,SM2,2026-01-30,W7A,28,2026-02-22 10:17:29,7551,R,9MC6T,PJ238F ,0,Nor,31,SERVICIO SIN USO,,,GSC
2026-02-01 00:00:00,800190900645,76,DW,07,A,61,611,PENICHE MONFORTE DELFIO AMIR  ,02,ACTIVO,MU987C ,3,KL28,20KE,2026-02-01,2026-02-20,11834,0,,W0701760825,SMG,2025-12-26,LIR,63,2026-02-23 16:58:04,7651,R,9JR0E,MU987C ,0,Nor,31,SERVICIO SIN USO,,,MED
2026-02-01 00:00:00,800251200404,70,DW,07,A,02,010,GARCIA URIARTE ANA MARGARITA  ,1B,ACTIVO,7CET07 ,2,F623,25P3,2026-02-01,2026-01-15,5,2,,W0701767845,SM2,2026-01-29,W7A,29,2026-02-12 12:36:27,7002,L,9MCGY,7CET07 ,0,Nor,59,DISPLAY APAGADO,59,S,GSC
2026-02-01 00:00:00,800820600327,20,DW,07,A,47,471,NATIVIDAD BATUN CAN           ,1B,ACTIVO,4V513W ,1,F121,06JL,2026-02-01,2026-02-11,13030,10,,W0701759240,SMG,2025-12-16,LIR,73,2026-02-11 09:04:32,2028,L,9MCGY,4V513W ,10,Nor,31,SERVICIO SIN USO,,,MED
2026-02-01 00:00:00,799111100517,06,DW,06,D,01,060,POOT BALAM ROSA MARIA         ,02,ACTIVO,94H14J ,2,F62H,10KN,2011-10-01,2020-01-20,0,0,,W0602327658,SMC,2025-12-15,MED,74,,,,,,,,,,,,MED
2026-02-01 00:00:00,800920900778,30,DW,07,A,50,501,ROSADO NAHUAT ENRIQUE         ,1B,ACTIVO,743HGG ,1,F122,15LN,2026-02-01,2026-02-18,19739,0,,W0701766504,SM2,2026-01-26,W7A,32,,,,,,,,,,,,GSC
2026-02-01 00:00:00,800960500471,22,DW,07,A,01,003,PADILLA MEDINA MERCEDES       ,1B,ACTIVO,516TV3 ,1,F122,12LH,2026-02-01,2026-02-12,19901,311,,W0701764774,S05,2026-01-16,W7A,42,2026-02-12 11:20:09,2227,L,9MCAW,516TV3 ,311,Opt,  ,,,,CCC
2026-02-01 00:00:00,800971101632,25,DW,07,A,02,025,MAY MEDINA BERNARDO           ,1B,ACTIVO,Y087R8 ,1,F121,97F5,2026-01-01,2026-01-16,23795,177,,W0701767181,S05,2026-01-27,W7A,31,,,,,,,,,,,,CCC
2026-02-01 00:00:00,800990400250,72,DW,07,A,11,111,CANTO DE RODRIGUEZ JUDITH     ,9M,ACTIVO,RKC480 ,3,KL28,24NJ,1999-04-01,1999-04-21,0,0,,W0701764886,SMG,2026-01-16,LIR,42,,,,,,,,,,,,MED
2026-02-01 00:00:00,799120400761,06,DW,06,D,01,060,DE LA O MADRIGAL SOCORRO      ,02,ACTIVO,X172TM ,2,F623,19NU,2026-02-01,2026-01-30,11616,272,,W0602327659,SMC,2025-12-15,MED,74,2026-01-30 07:49:18,0601,M,GAT5M,X172TM ,272,Opt,  ,,,,MED
2026-02-01 00:00:00,801000758160,04,DW,07,B,06,403,VAZQUEZ LARA JUAN BERNARDO    ,1B,ACTIVO,R609M7 ,2,F121,97F5,2026-02-01,2025-09-30,9696,0,,W0701767943,SMG,2026-01-29,LIR,29,2026-01-29 08:50:13,0403,L,9ND1B,R609M7 ,19,Nor,60,MEDID NO TRABAJA,FR,S,MED
2026-02-01 00:00:00,801000857095,10,DW,07,B,06,104,MENA RIVERO NIDELVA           ,1B,ACTIVO,80MP70 ,2,F421,07GH,2026-02-01,2026-02-04,52010,205,,W0701767507,SMG,2026-01-28,CNA,30,2026-02-04 13:16:50,1002,M,9ND1B,80MP70 ,205,Nor,  ,,FR,S,MED
2026-02-01 00:00:00,801000961411,04,DW,07,B,06,403,COSGAYA MEDINA JUAN CARLOS    ,1B,ACTIVO,5UK052 ,2,F121,00GG,2026-02-01,2025-12-02,9937,24,,W0701767941,SMG,2026-01-29,LIR,29,2026-01-29 10:19:55,0403,L,9ND1B,5UK053 ,0,Nor,60,MEDID NO TRABAJA,60,S,MED
2026-02-01 00:00:00,801021001204,10,DW,07,B,06,104,ESTRELLA NAHUAT RICARDO       ,1B,ACTIVO,3W3Y08 ,2,F621,02F3,2026-02-01,2026-02-04,18457,206,,W0701767500,SMG,2026-01-28,CNA,30,2026-02-04 09:17:38,1002,M,9ND1B,3W3Y08 ,206,Nor,  ,,,,MED
2026-02-01 00:00:00,801040401531,04,DW,07,B,06,404,ROSADO GONGORA LUIS ALFONSO   ,1B,ACTIVO,27N0L8 ,1,F62H,09KN,2004-04-01,2004-04-23,1,0,,W0701767959,SMG,2026-01-29,LIR,29,,,,,,,,,,,,MED
2026-02-01 00:00:00,801041100039,38,DW,07,B,93,933,MOLINO DE MUJERES ASOCIADAS   ,02,ACTIVO,3X25L8 ,1,F121,03GG,2026-02-01,2026-02-24,21881,62,,W0701762504,SMG,2026-01-06,CNA,52,2026-02-24 11:26:51,3828,L,9NCU1,3X25L8 ,62,Nor,  ,,,,MED
2026-02-01 00:00:00,799120500170,14,DW,06,D,01,001,GONZALEZ SANCHEZ MA DE LOS A  ,02,ACTIVO,XE276U ,1,F123,21NT,2022-04-01,2022-04-08,48452,1077,,W0602340765,SMC,2026-01-26,MED,32,,,,,,,,,,,,MED
2026-02-01 00:00:00,801060602215,38,DW,07,B,93,933,CANUL CANUL ANTONIO           ,02,ACTIVO,3L945D ,1,F121,05JL,2026-02-01,2026-02-24,38651,172,,W0701762505,SMG,2026-01-06,CNA,52,2026-02-24 11:21:23,3828,L,9NCU1,3L945D ,172,Nor,  ,,FR,S,MED
2026-02-01 00:00:00,801060900950,04,DW,07,B,06,404,ABAN CAAMAL NARCISA           ,1B,ACTIVO,10K3T4 ,1,F12H,09KU,2026-02-01,2025-12-02,33753,311,,W0701767956,SMG,2026-01-29,LIR,29,2026-01-29 11:32:20,0401,M,9MCFY,10K3T4 ,0,Nor,60,MEDID NO TRABAJA,60,S,MED
2026-02-01 00:00:00,801090102462,23,DW,07,B,23,023,UU NAH HERMENEGILDO           ,1B,ACTIVO,55A5C8 ,1,F121,08JL,2026-01-01,2026-01-15,20614,15,,W0701765225,SM2,2026-01-19,W7A,39,2026-01-15 09:15:56,2326,L,9JR0P,55A5C8 ,903,Nor,  ,,FR,S,GSC
2026-02-01 00:00:00,799160100077,24,DW,06,D,14,140,BALAM Y TEC PRIMITIVO         ,1C,ACTIVO,KKV393 ,2,F623,23NU,2023-10-01,2023-10-16,12631,0,,W0602328988,SMC,2025-12-18,W6D,71,,,,,,,,,,,,MED
2026-02-01 00:00:00,799160501365,32,DW,06,D,33,330,CUEVAS MARQUEZ GENARO         ,1B,ACTIVO,222CYH ,1,F122,15LN,2026-02-01,2026-02-19,14532,408,,W0602330272,SMC,2025-12-23,LIR,66,2026-02-19 09:18:31,3226,L,GAT5M,222CYH ,408,Opt,  ,,,,MED
2026-02-01 00:00:00,799201200758,74,DW,06,D,03,710,JAIMES JAIMES MIGUEL          ,67,ACTIVO,FY111U ,3,KL28,19KE,2026-02-01,2026-02-12,60904,2396,,W0602327963,SM2,2025-12-16,06A,73,2026-02-12 13:47:00,7001,M,9JR7J,FY111U ,2396,Nor,  ,,LM,S,GSC
2026-02-01 00:00:00,801180600071,38,DW,07,B,94,942,CANUL MAY TERESA              ,1B,ACTIVO,427HGF ,1,F122,15LN,2026-02-01,2026-02-24,15950,0,,W0701761166,SMG,2025-12-29,LIR,60,2026-02-24 08:51:24,3826,L,9JR0P,427HGF ,0,Opt,31,SERVICIO SIN USO,,,MED
2026-02-01 00:00:00,801200200538,80,DW,07,B,06,001,RED NACIONAL ULTIMA MILLA     ,02,ACTIVO,,1,,,2025-12-01,2050-01-01,0,0,,W0701767926,SMG,2026-01-29,CNA,29,,,,,,,,,,,,MED
2026-02-01 00:00:00,801241001418,38,DW,07,B,94,942,CANUL PECH ANGEL DE JESUS     ,1B,ACTIVO,PCE871 ,1,F123,24NX,2026-02-01,2026-02-24,2008,203,,W0701765682,SM2,2026-01-21,W7B,37,2026-02-24 10:30:59,3826,L,9JR0P,PCE871 ,203,Nor,  ,,,,GSC
2026-02-01 00:00:00,801820400022,20,DW,07,B,06,205,AMADA ARCEO RGUEZ             ,02,ACTIVO,44KF54 ,1,F121,07JL,2026-02-01,2026-02-11,37351,242,,W0701767278,SMG,2026-01-27,CNA,31,2026-02-11 12:22:41,2003,L,9ND1B,44KF54 ,242,Nor,  ,,,,MED
2026-02-01 00:00:00,801870200041,04,DW,07,B,06,401,RAFAEL MOLINA GARCIA          ,1B,ACTIVO,15L6G3 ,1,F12H,09KU,2026-02-01,2026-01-29,50392,377,,W0701763708,S05,2026-01-12,W7B,46,2026-01-29 13:53:31,0404,M,GAT3M,15L6G3 ,377,Opt,  ,,,,CCC
2026-02-01 00:00:00,801910100532,33,DW,07,B,77,177,CHULIN MAY AMADO              ,1B,ACTIVO,R4X383 ,1,F121,90F5,2026-01-01,2025-11-24,33245,198,,W0701766060,SMG,2026-01-22,LIR,36,2026-01-22 09:50:23,3327,M,9NCU1,R4X383 ,0,Nor,60,MEDID NO TRABAJA,60,S,MED
2026-02-01 00:00:00,801920900634,10,DW,07,B,06,104,GONGORA MARTIN HERLINDA       ,1B,ACTIVO,5F30J7 ,2,F421,03GH,2026-02-01,2026-02-04,40277,226,,W0701767504,SMG,2026-01-28,CNA,30,2026-02-04 13:55:29,1002,M,9ND1B,5F30J7 ,226,Nor,  ,,,,MED
2026-02-01 00:00:00,802041000413,04,DW,07,C,73,732,CORONAO COHUO NIDIA ARACELY   ,1B,ACTIVO,2X83V5 ,1,F121,04GG,2026-02-01,2026-01-29,34454,0,,W0701767930,SMC,2026-01-29,LIR,29,2026-01-29 08:04:51,0427,M,R9871,2X83V5 ,0,Nor,32,UI DERIVACION,32,S,MED
2026-02-01 00:00:00,802091100303,03,DW,07,C,56,031,FORCELLEDO AGUILERA JOSE ALFRE,1B,ACTIVO,2DVJ89 ,2,F623,25NY,2022-11-01,2022-10-01,60752,214,,W0701762135,SMC,2026-01-05,LIR,53,,,,,,,,,,,,MED
2026-02-01 00:00:00,802091100303,03,DW,07,C,56,031,FORCELLEDO AGUILERA JOSE ALFRE,1B,ACTIVO,2DVJ89 ,2,F623,25NY,2022-11-01,2022-10-01,60752,214,,W0701760914,SM2,2025-12-28,CDX,61,,,,,,,,,,,,GSC
2026-02-01 00:00:00,802110400631,30,DW,07,C,84,301,CANUL Y TEP MAURO             ,1B,ACTIVO,96E27N ,2,F62H,10KN,2026-02-01,2025-12-19,40530,540,,W0701760624,SM2,2025-12-23,07B,66,,,,,,,,,,,,GSC
2026-02-01 00:00:00,802121000155,24,DW,07,C,41,241,IGLESIA MISERICORDIA DE DIOS  ,02,CORTADO,41KF29 ,1,F121,07JL,2026-02-01,2026-02-13,4726,0,,W0701759880,SMG,2025-12-18,LIR,71,2026-02-13 09:40:44,2426,M,G93BC,41KF29 ,0,Nor,31,SERVICIO SIN USO,,,MED
2026-02-01 00:00:00,802130300561,24,DW,07,C,41,241,TEMIX ZAPOT FLORINDA          ,1A,CORTADO,AWL018 ,1,F123,22NX,2026-02-01,2026-02-13,2890,238,,W0701759888,SMC,2025-12-18,LIR,71,2026-02-13 20:48:33,2426,M,G93BC,AWL018 ,238,Nor,  ,,LM,S,MED
2026-02-01 00:00:00,802140100713,24,DW,07,C,41,241,ESTRADA TEMIX RAUL            ,1A,ACTIVO,774VBU ,1,F122,16LN,2026-02-01,2026-02-13,2807,817,,W0701759887,SMG,2025-12-18,LIR,71,2026-02-13 11:59:16,2426,M,G93BC,774VBU ,817,Opt,  ,,,,MED
2026-02-01 00:00:00,802160700491,39,DW,07,C,39,392,PUC UITZIL MARIA ADELAIDA     ,1B,ACTIVO,DB816C ,1,F123,19NM,2016-07-01,2016-07-25,0,0,,W0701767637,SM2,2026-01-28,07B,30,,,,,,,,,,,,GSC
2026-02-01 00:00:00,802170300229,24,DW,07,C,41,241,PESCADORES DE CHIQUILA SCP RL ,02,ACTIVO,821TGT ,2,F622,16LM,2026-02-01,2025-12-18,49350,1153,,W0701759879,SMC,2025-12-18,LIR,71,2026-02-13 09:29:58,2426,M,G93BC,821TGT ,0,Nor,59,DISPLAY APAGADO,59,S,MED
2026-02-01 00:00:00,802190800805,24,DW,07,C,41,241,OCHOA ESPINOSA SARAI          ,02,ACTIVO,T799NC ,1,F122,18LN,2026-02-01,2026-02-17,5580,74,,W0701759792,SMC,2025-12-18,07B,71,2026-02-17 12:27:01,2451,R,G93BC,T799NC ,74,Nor,  ,,,,MED
2026-02-01 00:00:00,802191101234,24,DW,07,C,41,241,UTRERA ISVA CALLETANO         ,1A,ACTIVO,T804NC ,1,F122,18LN,2026-02-01,2026-02-13,1998,0,,W0701759878,SMC,2025-12-18,LIR,71,2026-02-13 08:07:15,2426,M,G93BC,T804NC ,0,Opt,31,SERVICIO SIN USO,,,MED
2026-02-01 00:00:00,799210100022,24,DW,06,D,19,190,MORENO GARCIA ELIZEO          ,1B,ACTIVO,HC529Y ,1,F123,20NT,2026-02-01,2026-02-13,8435,475,,W0602328702,SMC,2025-12-17,LIR,72,2026-02-14 12:38:19,2426,L,GAT5M,HC529Y ,475,Opt,  ,,,,MED
2026-02-01 00:00:00,802211100043,24,DW,07,C,41,241,LEAL ALVAREZ HUGO             ,02,ACTIVO,NK031V ,2,F623,20NU,2026-02-01,2025-12-16,43282,1143,,W0701759886,SMC,2025-12-18,LIR,71,2026-02-13 11:51:15,2426,M,G93BC,NK031V ,0,Nor,60,MEDID NO TRABAJA,60,S,MED
2026-02-01 00:00:00,802220900630,21,DW,07,C,15,211,VELAZQUEZ ESPINOSA MACIBEL    ,1B,ACTIVO,XA753U ,1,F123,21NT,2026-01-01,2026-01-16,281,0,,W0701764729,SMC,2026-01-16,07B,42,2026-01-16 11:16:47,2151,R,9ND12,XA753U ,0,Nor,31,SERVICIO SIN USO,LM,S,MED
2026-02-01 00:00:00,802800500752,03,DW,07,C,56,032,ARMANDO COREA HDEZ            ,1B,ACTIVO,PCU214 ,1,F123,24NX,2026-01-01,2025-12-30,321,321,,W0701757479,SMG,2025-12-08,MED,81,2025-12-30 12:16:18,0326,M,G92BN,PCU214 ,321,Opt,  ,,,,MED
2026-02-01 00:00:00,797960700380,76,DW,06,B,02,761,CAPA DEL EDO  DE Q  ROO       ,06,ACTIVO,29EB44 ,3,FD21,06F4,2026-02-01,2026-02-20,99498,3769,,W0602328425,SMC,2025-12-16,MED,73,2026-02-20 09:51:37,7601,L,G92BC,29EB44 ,3769,Nor,  ,,LN,S,MED
2026-02-01 00:00:00,802931100083,25,DW,07,C,27,252,23DPR0419B FCO GONZALEZ BOCANE,02,ACTIVO,PBD824 ,1,F123,24NX,2026-01-01,2026-01-16,3906,0,,W0701757481,SMG,2025-12-08,MED,81,2026-01-16 11:06:05,2527,M,9ND12,PBD824 ,107,Opt,  ,,,,MED
2026-02-01 00:00:00,802980400599,35,DW,07,C,49,351,MANUEL EK CUPUL               ,1B,ACTIVO,1EB600 ,1,F121,98GG,2026-01-01,2026-01-23,39310,0,,W0701758404,SM2,2025-12-11,W7A,78,2026-01-23 08:35:20,3527,M,G92BN,1EB600 ,0,Nor,31,SERVICIO SIN USO,,,GSC
2026-02-01 00:00:00,802980800856,24,DW,07,C,41,242,QUIRINO CRUZ RAFAEL           ,1A,ACTIVO,U698CM ,1,F123,18NM,2026-02-01,2026-02-13,34520,570,,W0701759889,SMG,2025-12-18,LIR,71,2026-02-13 20:42:19,2427,M,GAVNM,U698CM ,570,Nor,  ,,LM,S,MED
2026-02-01 00:00:00,802990100861,78,DW,07,C,66,781,CAMINO RENDON OLAF            ,09,ACTIVO,G978XU ,3,KL28,17KE,2026-02-01,2026-02-24,30315,0,,W0701766048,SMG,2026-01-22,LIR,36,2026-02-24 11:12:53,7801,L,G92BN,G978XU ,0,Nor,60,MEDID NO TRABAJA,60,S,MED
2026-02-01 00:00:00,802990101697,78,DW,07,C,74,781,CAMINO RENDON OLAF            ,09,ACTIVO,FY156H ,3,KL28,19KE,2026-02-01,2026-02-24,70460,0,,W0701766047,SMG,2026-01-22,LIR,36,2026-02-24 20:07:51,7801,L,G92BN,FY156H ,0,Nor,60,MEDID NO TRABAJA,,,MED
2026-02-01 00:00:00,802991102034,78,DW,07,C,74,781,COMITE DE AGUA POTABLE        ,06,ACTIVO,DV139P ,2,F623,19NU,2026-02-01,2026-02-24,24830,240,,W0701766914,SM2,2026-01-26,07B,32,2026-02-24 11:46:05,7801,L,G92BN,DV139P ,0,Nor,59,DISPLAY APAGADO,59,S,GSC
2026-02-01 00:00:00,803090800600,06,DW,07,D,51,513,VICTORIA LEON ARTURO          ,1B,ACTIVO,18W5C0 ,1,F12H,09KU,2026-02-01,2025-12-04,12842,25,,W0701768203,SMG,2026-01-30,LIR,28,2026-01-30 09:56:13,0627,L,R9920,18W5C0 ,0,Nor,60,MEDID NO TRABAJA,60,S,MED
2026-02-01 00:00:00,803130600153,10,DW,07,D,14,001,CAAMAL NOH NERI MARIA         ,1B,ACTIVO,76N51P ,2,F62H,10KN,2026-02-01,2026-02-04,2766,81,,W0701757453,SMG,2025-12-08,LIR,81,2026-02-04 16:27:39,1027,L,R9920,76N51P ,81,Nor,  ,,FR,S,MED
2026-02-01 00:00:00,803151000717,24,DW,07,D,05,053,CANUL POLANCO JOSE CRESCENCIO ,1C,ACTIVO,1AUB29 ,2,F623,25P2,2026-02-01,2026-02-13,9058,0,,W0701767849,SM2,2026-01-29,W7D,29,2026-02-13 08:18:10,2427,L,R9920,1AUB29 ,46,Opt,  ,,,,GSC
2026-02-01 00:00:00,803190300159,35,DW,07,D,22,221,MUNICIPIO DE TINUM YUCATAN    ,02,ACTIVO,P580NL ,1,F123,18NM,2026-01-01,2024-05-24,7676,242,,W0701766254,SMG,2026-01-23,LIR,35,2026-01-23 11:45:41,3527,L,R9920,P580NL ,0,Nor,60,MEDID NO TRABAJA,60,S,MED
2026-02-01 00:00:00,803190500310,35,DW,07,D,22,221,UC EK ANGELINO                ,02,ACTIVO,PCF634 ,1,F123,24NX,2026-01-01,2026-01-24,0,104,,W0701766253,SMG,2026-01-23,LIR,35,2026-01-23 11:34:34,3527,L,R9920,LGC802 ,0,Nor,60,MEDID NO TRABAJA,60,S,MED
2026-02-01 00:00:00,803220900601,06,DW,07,D,51,513,EUAN CANCHE JOSE ABELARDO     ,1B,ACTIVO,AWK208 ,1,F123,22NX,2026-02-01,2025-12-04,3990,322,,W0701768204,SMG,2026-01-30,LIR,28,2026-01-30 09:52:09,0627,L,R9920,AWK208 ,0,Nor,60,MEDID NO TRABAJA,60,S,MED
2026-02-01 00:00:00,803230700074,04,DW,07,D,50,503,UC BRICENO JESUS MANUEL       ,1C,CORTADO,UN311L ,2,F623,21NY,2026-02-01,2025-12-02,5666,377,,W0701767980,SMG,2026-01-29,LIR,29,2026-01-29 10:51:32,0426,M,GA2CN,UN311L ,0,Opt,60,MEDID NO TRABAJA,60,S,MED
2026-02-01 00:00:00,803240400206,10,DW,07,D,14,001,PECH NOH FELIPE               ,1B,ACTIVO,JFV307 ,2,F623,23NU,2026-02-01,2025-08-06,403,0,,W0701757034,SM2,2025-12-05,W7D,84,2026-02-04 12:42:46,1027,L,R9920,JFV307 ,0,Nor,60,MEDID NO TRABAJA,60,S,GSC
2026-02-01 00:00:00,803811100426,12,DW,07,D,18,001,ISAIS DZUL CAAMAL             ,1C,ACTIVO,EG4548 ,1,W111,81C0,2026-02-01,2026-02-05,9535,88,,W0701767138,S05,2026-01-27,W7D,31,2026-02-05 11:40:14,1226,M,GA2CN,EG4548 ,88,Nor,  ,,,,CCC
2026-02-01 00:00:00,803811200544,04,DW,07,D,50,503,ANACLETO PECH TEC             ,1C,CORTADO,0R568E ,1,F121,06GH,2026-02-01,2025-07-01,13129,0,,W0701767978,SMG,2026-01-29,LIR,29,2026-01-29 10:52:43,0426,M,GA2CN,0R568E ,0,Nor,60,MEDID NO TRABAJA,60,S,MED
2026-02-01 00:00:00,803911100555,04,DW,07,D,50,503,ALEJANDRO CAAMAL HUH          ,1C,ACTIVO,9U0V11 ,1,F121,02GG,2026-02-01,2025-12-02,25399,84,,W0701767979,SMG,2026-01-29,LIR,29,2026-01-29 07:51:04,0426,M,GA2CN,9U0V11 ,0,Nor,60,MEDID NO TRABAJA,60,S,MED
2026-02-01 00:00:00,803920501121,02,DW,07,D,60,601,CONRADO CANUL FACUNDO         ,1B,ACTIVO,PKE714 ,1,F123,24NX,2025-02-01,2025-01-27,15455,17,,W0701765086,S05,2026-01-19,W7D,39,,,,,,,,,,,,CCC
2026-02-01 00:00:00,803951000073,24,DW,07,D,05,052,CHABLE VIVAS EUNICE MIRNA     ,1C,ACTIVO,007303 ,1,W101,6000,2026-02-01,2025-10-15,1889,0,,W0701759489,SMG,2025-12-17,LIR,72,2026-02-13 11:13:40,2426,M,GA2CN,007303 ,0,Nor,60,MEDID NO TRABAJA,60,S,MED
2026-02-01 00:00:00,799880600379,36,DW,06,D,32,321,TZAB U MANUEL                 ,1B,ACTIVO,H0R014 ,1,F121,88F5,2026-02-01,2026-02-23,46896,271,,W0602331182,SMG,2025-12-29,LIR,60,2026-02-23 11:54:26,3626,L,9JR7J,H0R014 ,271,Nor,  ,,,,MED
2026-02-01 00:00:00,799911100256,34,DW,06,D,38,380,MARTINEZ SANCHEZ ANGELA       ,1C,ACTIVO,FJR966 ,1,F123,22NX,2026-02-01,2026-02-20,7172,599,,W0602330389,SMC,2025-12-23,LIR,66,2026-02-20 13:25:43,3426,L,GAT5M,FJR966 ,599,Nor,  ,,FR,S,MED
2026-02-01 00:00:00,804080100304,75,DW,08,A,18,753,PUC Y CAN RODOLFO             ,9C,ACTIVO,PJ901F ,3,KL28,20KE,2008-07-01,2008-06-09,0,0,,W0801718885,SMH,2025-12-22,LIR,67,,,,,,,,,,,,MED
2026-02-01 00:00:00,799980400423,73,DW,06,D,42,728,CAPA DEL EDO DE Q  ROO        ,06,ACTIVO,MV606K ,3,KL28,20KE,2022-04-01,2022-04-04,97837,0,,W0602328443,SMC,2025-12-16,MED,73,,,,,,,,,,,,MED
2026-02-01 00:00:00,804160200300,77,DW,08,C,32,779,MAZUN CHIM JOSE LUIS          ,9C,ACTIVO,MV807M ,3,KL28,20KE,2026-02-01,2026-02-23,2590,290,,W0801724906,SMG,2026-01-23,LIR,35,2026-02-23 12:23:24,7701,L,9MCDR,MV807M ,0,Nor,60,MEDID NO TRABAJA,60,S,MED
2026-02-01 00:00:00,804240401365,82,DW,08,A,01,961,VPLASTICKFLEXX  SA DE CV      ,77,ACTIVO,V017DX ,3,VL28,18KE,,,,,,W0801715785,SMH,2025-12-08,MED,81,,,,,,,,,,,,MED
2026-02-01 00:00:00,804250101203,67,DW,08,A,01,671,CADENA COMERCIAL OXXO S A  DE ,67,ACTIVO,GEF816 ,3,KL28,22NJ,2026-02-01,2026-02-09,75137,5407,,W0801716120,SMG,2025-12-09,MED,80,2026-02-09 08:14:02,6702,L,9JRAU,GEF816 ,5407,Opt,  ,,,,MED
2026-02-01 00:00:00,804750323601,06,DW,08,A,01,061,DZIB Y CUEVAS GERARDO         ,1B,ACTIVO,613TU3 ,1,F122,12LH,2026-02-01,2026-01-30,14839,247,,W0801725722,S05,2026-01-28,W8A,30,2026-01-30 10:28:25,0601,L,9JRAU,613TU3 ,247,Opt,  ,,,,CCC
2026-02-01 00:00:00,804950500010,82,DW,08,A,01,900,MONTY INDUSTRIES S A  C V     ,77,ACTIVO,J146TG ,3,VL28,17KE,,,,,,W0801715782,SMH,2025-12-08,MED,81,,,,,,,,,,,,MED
2026-02-01 00:00:00,805011101168,64,DW,08,B,64,642,AUTOSERVICIO YUCATAN SA DE CV ,67,ACTIVO,MV176M ,3,KL28,20KE,2023-08-01,2023-08-04,7601,549,,W0801716119,SMG,2025-12-09,MED,80,,,,,,,,,,,,MED
2026-02-01 00:00:00,805061001334,77,DW,08,B,65,659,DZUL ZAVALA BARTOLO           ,9M,ACTIVO,MU334D ,3,KL28,20KE,2021-08-01,2021-08-20,58226,59,,W0801719205,SMH,2025-12-26,LIR,63,,,,,,,,,,,,MED
2026-02-01 00:00:00,805120400761,76,DW,08,B,71,719,GONZALEZ PENA JESUS HERIBERTO ,02,ACTIVO,9ECG26 ,3,KL28,25NJ,2026-01-01,2026-01-22,21701,44,,W0801718999,SMG,2025-12-23,LIR,66,2026-01-22 11:35:59,7601,L,9EMGF,9ECG26 ,95,Opt,  ,,,,MED
2026-02-01 00:00:00,805250400983,01,DW,08,B,65,652,ALDANA JIMENEZ VICTORIA       ,02,ACTIVO,9DWA29 ,2,F623,25NY,2026-03-01,2026-02-26,5284,2218,,W0801721371,SMG,2026-01-08,MED,50,,,,,,,,,,,,MED
2026-02-01 00:00:00,806000455690,10,DW,08,C,39,103,CHULIM CAUICH RUFINA          ,1C,ACTIVO,691UA5 ,1,F122,12LH,2020-12-01,2020-12-07,14452,0,,W0801726370,SMG,2026-01-31,MED,27,,,,,,,,,,,,MED
2026-02-01 00:00:00,806000855892,10,DW,08,C,39,103,TUCUCH XOOL LUCIANO           ,1C,ACTIVO,716EGC ,1,F122,15LN,2021-10-01,2021-10-06,7741,8,,W0801726371,SMG,2026-01-31,MED,27,,,,,,,,,,,,MED
2026-02-01 00:00:00,806001056390,10,DW,08,C,39,103,CHAN AVILA JULIAN             ,1C,ACTIVO,9PH480 ,1,F121,99GG,2026-02-01,2026-02-04,35293,566,,W0801726372,SMG,2026-01-31,MED,27,2026-02-04 08:20:28,1026,M,R9917,9PH480 ,566,Nor,  ,,,,MED
2026-02-01 00:00:00,806010201360,10,DW,08,C,39,103,LUGO ROSADO ADELA             ,1C,ACTIVO,XA487X ,1,F123,21NT,2026-02-01,2026-02-04,11809,590,,W0801726375,SMG,2026-01-31,MED,27,2026-02-04 10:12:16,1026,M,R9917,XA487X ,590,Opt,  ,,,,MED
2026-02-01 00:00:00,806010400541,10,DW,08,C,39,103,CHAN PECH JAVIER I            ,1C,ACTIVO,TB032F ,1,F123,21NX,2026-02-01,2026-02-04,4224,189,,W0801726376,SMG,2026-01-31,MED,27,2026-02-04 09:14:14,1026,M,R9917,TB032F ,189,Opt,  ,,,,MED
2026-02-01 00:00:00,806010401024,10,DW,08,C,39,103,CHEL CHIM GERONIMO            ,1C,ACTIVO,T547NC ,1,F122,18LN,2026-02-01,2026-02-04,7594,257,,W0801726377,SMG,2026-01-31,MED,27,2026-02-04 11:06:00,1026,M,R9917,T547NC ,257,Opt,  ,,,,MED
2026-02-01 00:00:00,806010801235,10,DW,08,C,39,103,SILVARAN INDA FANY            ,1C,ACTIVO,0WY130 ,1,F421,00GH,2026-02-01,2026-02-04,48288,637,,W0801726378,SMG,2026-01-31,MED,27,2026-02-04 10:58:29,1026,M,R9917,0WY130 ,637,Nor,  ,,,,MED
2026-02-01 00:00:00,806011100389,10,DW,08,C,39,103,REJON ACOSTA ROBERTO          ,02,ACTIVO,8P0B72 ,3,FD21,01F4,2026-02-01,2026-02-04,43843,373,,W0801726382,SMG,2026-01-31,MED,27,2026-02-04 10:06:22,1026,M,R9917,8P0B72 ,373,Nor,  ,,,,MED
2026-02-01 00:00:00,806011200677,10,DW,08,C,39,103,COCOM LOPEZ LEONARDO          ,1C,ACTIVO,PHK660 ,1,F123,24NX,2025-02-01,2025-01-01,46451,60,,W0801726383,SMG,2026-01-31,MED,27,,,,,,,,,,,,MED
2026-02-01 00:00:00,806020100201,10,DW,08,C,39,103,CHAN ORTEGA JOSE DE LA C      ,1C,ACTIVO,9G1R76 ,1,F121,01GG,2026-02-01,2026-02-04,28177,359,,W0801726386,SMG,2026-01-31,MED,27,2026-02-04 11:15:26,1026,M,R9917,9G1R76 ,359,Nor,  ,,,,MED
2026-02-01 00:00:00,806020500373,10,DW,08,C,39,103,CARVAJAL ORTEGA BERNABE       ,1C,ACTIVO,5J8E12 ,1,F121,01GG,2026-02-01,2026-02-04,7774,0,,W0801726387,SMG,2026-01-31,MED,27,2026-02-04 10:56:29,1026,M,R9917,5J8E12 ,0,Nor,31,SERVICIO SIN USO,,,MED
2026-02-01 00:00:00,806030100136,10,DW,08,C,39,103,CHI NOH WILMA MARIA           ,1C,ACTIVO,5D99T4 ,1,F121,03GG,2026-02-01,2026-02-04,32305,303,,W0801726389,SMG,2026-01-31,MED,27,2026-02-04 09:57:36,1026,M,R9917,5D99T4 ,303,Nor,  ,,,,MED
2026-02-01 00:00:00,806030201684,10,DW,08,C,39,103,REJON ACOSTA ALBERTH ALVARO   ,1C,ACTIVO,2B44X7 ,1,F121,03GG,2026-02-01,2026-02-04,37886,293,,W0801726392,SMG,2026-01-31,MED,27,2026-02-04 10:13:30,1026,M,R9917,2B44X7 ,293,Nor,  ,,,,MED
2026-02-01 00:00:00,806030201889,10,DW,08,C,39,103,CAAMAL COCOM GREGORIO A       ,1C,ACTIVO,XA485X ,1,F123,21NT,2022-04-01,2022-04-05,11699,0,,W0801726393,SMG,2026-01-31,MED,27,,,,,,,,,,,,MED
2026-02-01 00:00:00,806030301522,10,DW,08,C,39,103,JARDIN DE NINOS JACINTO PAT   ,02,ACTIVO,MA333U ,2,F623,20NU,2021-08-01,2021-08-05,8221,15,,W0801726394,SMG,2026-01-31,MED,27,,,,,,,,,,,,MED
2026-02-01 00:00:00,806030600465,10,DW,08,C,39,103,CHAN CAN ELEUTERIA            ,1C,ACTIVO,7C43N1 ,1,F121,03GG,2026-02-01,2026-02-04,43158,455,,W0801726396,SMG,2026-01-31,MED,27,2026-02-04 11:23:25,1026,M,R9917,7C43N1 ,455,Nor,  ,,,,MED
2026-02-01 00:00:00,806030800871,10,DW,08,C,39,103,YAM TEC MARCOS SAMUEL         ,1C,ACTIVO,FKF282 ,1,F123,22NX,2023-12-01,2023-12-06,39503,296,,W0801726397,SMG,2026-01-31,MED,27,,,,,,,,,,,,MED
2026-02-01 00:00:00,800850700563,37,DW,07,A,58,351,31DPR0646F ESC J ORTIZ DE DGUE,02,ACTIVO,70H81J ,1,F62H,10KN,2026-01-01,2025-11-26,21907,457,,W0701766880,SMG,2026-01-26,LIR,32,2026-01-26 10:14:20,3726,L,9ND6Y,70H81J ,0,Nor,64,P. INFRARROJO/MED. D,64,S,MED
2026-02-01 00:00:00,806031000224,10,DW,08,C,39,103,ACOSTA VALENCIA DANIEL        ,1C,ACTIVO,6J79V6 ,1,F121,03GG,2026-02-01,2026-02-04,2231,0,,W0801726400,SMG,2026-01-31,MED,27,2026-02-04 10:41:16,1026,M,R9917,6J79V6 ,0,Nor,31,SERVICIO SIN USO,,,MED
2026-02-01 00:00:00,806031000488,10,DW,08,C,39,103,CAAMAL BRICENO FLORENCIO      ,1C,ACTIVO,MKV687 ,1,F123,23NX,2024-08-01,2024-08-06,50203,21,,W0801726399,SMG,2026-01-31,MED,27,2024-08-06 13:29:30,1027,L,GAHXM,MKV687 ,857,Opt,  ,,,,MED
2026-02-01 00:00:00,800991001235,32,DW,07,A,05,301,GUERRERO DIAZLUIS MANUEL      ,1B,ACTIVO,LGC914 ,1,F123,23NX,2026-02-01,2026-02-19,4321,266,,W0701767796,S05,2026-01-29,W7A,29,2026-02-19 10:57:00,3201,M,9MCGY,LGC914 ,266,Opt,  ,,,,CCC
2026-02-01 00:00:00,806040200058,10,DW,08,C,39,103,TRUJEQUE NOH PORFILIO         ,1C,ACTIVO,1M27W6 ,1,F121,04GG,2026-02-01,2026-02-04,20632,168,,W0801726402,SMG,2026-01-31,MED,27,2026-02-04 08:30:38,1026,M,R9917,1M27W6 ,168,Nor,  ,,FR,S,MED
2026-02-01 00:00:00,806040401371,10,DW,08,C,39,103,TUN CHAN BACILIA              ,1C,ACTIVO,3N74K2 ,1,F121,04GG,2026-02-01,2026-02-04,18640,0,,W0801726403,SMG,2026-01-31,MED,27,2026-02-04 11:18:58,1026,M,R9917,3N74K2 ,0,Nor,31,SERVICIO SIN USO,,,MED
2026-02-01 00:00:00,806040500256,10,DW,08,C,39,103,BRICENO G  PEDRO              ,1C,ACTIVO,8P0B97 ,3,FD21,01F4,2026-02-01,2026-02-04,32722,227,,W0801726404,SMG,2026-01-31,MED,27,2026-02-04 09:51:10,1026,M,R9917,8P0B97 ,227,Nor,  ,,,,MED
2026-02-01 00:00:00,806040700271,10,DW,08,C,39,103,LOPEZ POLANCO SERGIO PABLO    ,1C,ACTIVO,0R63V1 ,1,F121,04GG,2026-02-01,2026-02-04,25775,167,,W0801726405,SMG,2026-01-31,MED,27,2026-02-04 08:27:15,1026,M,R9917,0R63V1 ,167,Nor,  ,,,,MED
2026-02-01 00:00:00,806041200116,10,DW,08,C,39,103,VEGA WILBERTH                 ,1C,ACTIVO,GGU565 ,1,F123,23NX,2024-02-01,2024-02-02,66466,85,,W0801726410,SMG,2026-01-31,MED,27,,,,,,,,,,,,MED
2026-02-01 00:00:00,806041200230,10,DW,08,C,39,103,RAZ EUAN JUAN GABRIEL         ,1C,ACTIVO,7R80G8 ,1,F121,04GG,2026-02-01,2026-02-04,26232,385,,W0801726411,SMG,2026-01-31,MED,27,2026-02-04 10:02:37,1026,M,R9917,7R80G8 ,385,Nor,  ,,,,MED
2026-02-01 00:00:00,806041200906,10,DW,08,C,39,103,CHAN EK MAGDALENO             ,1C,ACTIVO,TU696W ,1,F123,21NX,2026-02-01,2026-02-04,1166,64,,W0801726412,SMG,2026-01-31,MED,27,2026-02-04 11:06:23,1026,M,R9917,TU696W ,64,Opt,  ,,,,MED
2026-02-01 00:00:00,806050100574,10,DW,08,C,39,103,LEAL BRICENO CONCEPCION       ,1C,ACTIVO,FKF438 ,1,F123,22NX,2024-04-01,2024-04-04,16124,0,,W0801726413,SMG,2026-01-31,MED,27,,,,,,,,,,,,MED
2026-02-01 00:00:00,806050301162,10,DW,08,C,39,103,COCOM DZIB ZOILA GLORIA       ,1C,ACTIVO,426W4C ,1,F122,14LN,2026-02-01,2026-02-04,468,0,,W0801726415,SMG,2026-01-31,MED,27,2026-02-04 10:28:17,1026,M,R9917,426W4C ,0,Opt,31,SERVICIO SIN USO,,,MED
2026-02-01 00:00:00,806050801670,10,DW,08,C,39,103,H  AYUNTAMIENTO SUDZAL        ,02,ACTIVO,695G9M ,2,F622,13LM,2005-08-01,2005-08-01,1,0,,W0801726416,SMG,2026-01-31,MED,27,,,,,,,,,,,,MED
2026-02-01 00:00:00,806050801688,10,DW,08,C,39,103,CHUNAB CHAN JUAN MIGUEL       ,1C,ACTIVO,CL657X ,1,F123,19NM,2005-08-01,2005-08-01,1,0,,W0801726417,SMG,2026-01-31,MED,27,,,,,,,,,,,,MED
2026-02-01 00:00:00,806050801700,10,DW,08,C,39,103,H  AYUNTAMIENTO SUDZAL        ,02,ACTIVO,PBB241 ,1,F123,24NX,2025-02-01,2025-01-01,21205,327,,W0801726418,SMG,2026-01-31,MED,27,,,,,,,,,,,,MED
2026-02-01 00:00:00,806051001545,10,DW,08,C,39,103,BALAM NAPTE PAULINO           ,1C,ACTIVO,0J601R ,1,F121,05JL,2026-02-01,2026-02-04,20060,182,,W0801726420,SMG,2026-01-31,MED,27,2026-02-04 10:24:03,1026,M,R9917,0J601R ,182,Nor,  ,,,,MED
2026-02-01 00:00:00,806051100101,10,DW,08,C,39,103,MORENO ANTONIO                ,1C,ACTIVO,0N823H ,1,F121,06JL,2026-02-01,2026-02-04,25619,0,,W0801726423,SMG,2026-01-31,MED,27,2026-02-04 10:37:07,1026,M,R9917,0N823H ,0,Nor,31,SERVICIO SIN USO,,,MED
2026-02-01 00:00:00,801041101094,38,DW,07,B,93,933,DELEGACION MUNICIPAL          ,02,CORTADO,9B990D ,1,F121,04GG,2026-02-01,2026-02-24,21461,5,,W0701762502,SMG,2026-01-06,MED,52,2026-02-24 11:12:13,3828,L,9NCU1,9B990D ,5,Nor,31,SERVICIO SIN USO,,,MED
2026-02-01 00:00:00,806060801228,10,DW,08,C,39,103,TUYUB CHIN VICTOR MANUEL      ,1C,ACTIVO,2W39F5 ,2,F621,04F3,2026-02-01,2026-02-04,23383,368,,W0801726426,SMG,2026-01-31,MED,27,2026-02-04 11:02:32,1026,M,R9917,2W39F5 ,368,Nor,  ,,,,MED
2026-02-01 00:00:00,806060900421,10,DW,08,C,39,103,TORRES LOPEZ HECTOR ANTONIO   ,1C,ACTIVO,90AD79 ,1,F121,06JL,2026-02-01,2026-02-04,24951,258,,W0801726427,SMG,2026-01-31,MED,27,2026-02-04 10:59:27,1026,M,R9917,90AD79 ,258,Nor,  ,,,,MED
2026-02-01 00:00:00,806061200261,10,DW,08,C,39,103,PECH BOLIO   OCTAVIANO        ,1C,ACTIVO,PAY567 ,1,F123,24NX,2025-02-01,2025-01-01,5161,299,,W0801726428,SMG,2026-01-31,MED,27,,,,,,,,,,,,MED
2026-02-01 00:00:00,806070100279,10,DW,08,C,39,103,BRICENO LOPEZ   DELIA MARISSA ,1C,ACTIVO,71BP71 ,1,F121,06JL,2026-02-01,2026-02-04,47225,364,,W0801726429,SMG,2026-01-31,MED,27,2026-02-04 09:20:11,1026,M,R9917,71BP71 ,364,Nor,  ,,FR,S,MED
2026-02-01 00:00:00,806130300370,26,DW,08,C,28,261,CERVANTES MIS REYES ORLANDO   ,02,CORTADO,RBE797 ,2,F623,24NY,2026-02-01,2025-12-17,271,648,,W0801719334,SM2,2025-12-29,MED,60,2026-02-16 12:34:02,2601,M,GAA2N,RBE797 ,0,Nor,56,NO HAY MEDIDOR,56,S,GSC
2026-02-01 00:00:00,806190300182,25,DW,08,C,28,353,TORRES GUTIERREZ JOSE E       ,1C,ACTIVO,RDE693 ,2,F623,24NY,2024-09-01,2024-09-12,41955,0,,W0801725724,S05,2026-01-28,W8C,30,2024-09-12 13:53:53,2301,L,GAHXM,RDE693 ,0,Nor,59,DISPLAY APAGADO,59,S,CCC
2026-02-01 00:00:00,806210700212,25,DW,08,C,28,353,MARRUFO RUIZ JOSE LUIS        ,1C,ACTIVO,MA248U ,2,F623,20NU,2026-01-01,2026-01-16,1525,90,,W0801725524,S05,2026-01-27,W8C,31,,,,,,,,,,,,CCC
2026-02-01 00:00:00,806911100147,17,DW,08,C,28,171,RUIZ COCOM ESTEBAN            ,1C,ACTIVO,H919LB ,1,F122,17LN,2018-04-01,2018-03-22,33730,0,,W0801726179,S05,2026-01-30,W8C,28,,,,,,,,,,,,CCC
2026-02-01 00:00:00,801100800228,38,DW,07,B,93,933,23DCC0139M SALVADOR ALVARADO  ,02,ACTIVO,1W794W ,1,F121,06JL,2026-02-01,2026-02-24,10224,83,,W0701762506,SMG,2026-01-06,CNA,52,2026-02-24 11:16:26,3828,L,9NCU1,1W794W ,83,Nor,  ,,,,MED
2026-02-01 00:00:00,807830600214,14,DW,08,D,58,141,ANDRES AVELINO GOMEZ DZIB     ,1D,ACTIVO,HF2569 ,1,F121,82EG,2026-02-01,2025-08-08,6368,0,,W0801716295,SMG,2025-12-09,LIR,80,2026-02-06 09:58:12,1426,L,9MCC7,HF2569 ,0,Nor,56,NO HAY MEDIDOR,56,S,MED
2026-02-01 00:00:00,807971100258,20,DW,08,D,55,554,HERNANDEZ GAMBOA FIDENCIO     ,02,ACTIVO,794DW8 ,1,FD2H,11KV,2026-02-01,2025-10-13,22252,0,,W0801717036,SMC,2025-12-12,LIR,77,2026-02-11 12:00:48,2027,M,9MCC7,794DW8 ,0,Nor,53,UI SERV DIRECTO,53,S,MED
2026-02-01 00:00:00,809111100423,67,DW,12,B,03,670,H AYUNTAMIENTO DE ISLA MUJERES,5A,ACTIVO,EM950C ,3,F623,19NU,2013-03-01,2013-03-08,7983,6370,,W1204251414,SM2,2026-01-13,12D,45,,,,,,,,,,,,GSC
2026-02-01 00:00:00,810001056389,14,DW,22,C,01,141,CHI POOL MARIA AMALIA         ,1B,ACTIVO,5RK431 ,1,F121,99GG,2026-02-01,2026-02-06,78454,222,,W2203151113,SMG,2025-12-10,LIR,79,2026-02-06 09:35:43,1401,L,9NCT2,5RK431 ,222,Nor,41,CRISTAL ROTO,41,S,MED
2026-02-01 00:00:00,810010700347,19,DW,22,A,01,197,WILIAM ARIEL RUZ LOEZA        ,1B,CORTADO,661T1R ,1,F622,14LM,2001-06-01,2001-06-29,1,0,,W2203165492,SMC,2026-01-13,LIR,45,,,,,,,,,,,,MED
2026-02-01 00:00:00,810010901776,18,DW,22,A,02,183,GLORIA BELLO GODINEZ          ,1B,ACTIVO,8VF596 ,1,F121,00GG,2026-02-01,2025-12-11,74338,589,,W2203153385,SMC,2025-12-12,LIR,77,2026-02-10 12:24:40,1803,L,9MCKW,8VF596 ,0,Nor,60,MEDID NO TRABAJA,60,S,MED
2026-02-01 00:00:00,810020304253,22,DW,22,A,02,221,JORGE GARCIA MONJARAZ         ,1B,ACTIVO,5J3E30 ,1,F121,01GG,2026-02-01,2026-02-12,18655,0,,W2203154721,SMC,2025-12-16,LIR,73,2026-02-12 13:14:21,2251,N,GAPNM,5J3E30 ,0,Nor,31,SERVICIO SIN USO,,,MED
2026-02-01 00:00:00,810020412561,24,DW,22,A,02,245,FCO JAVIER JACTTHAR REYES     ,1B,ACTIVO,192MDG ,1,F12J,15MR,2026-02-01,2025-10-15,18578,248,,W2203155256,SMC,2025-12-17,LIR,72,2026-02-13 12:28:53,2452,N,GAPNM,192MDG ,0,Nor,56,NO HAY MEDIDOR,56,S,MED
2026-02-01 00:00:00,810020701198,22,DW,22,A,02,221,JORGE GARCIA MONJARAZ         ,1B,ACTIVO,2UH440 ,1,F121,99GG,2026-02-01,2026-02-12,12498,0,,W2203154722,SMC,2025-12-16,LIR,73,2026-02-12 13:14:36,2251,N,GAPNM,2UH440 ,0,Nor,31,SERVICIO SIN USO,,,MED
2026-02-01 00:00:00,810020800161,22,DW,22,A,02,221,JORGE GARCIA MONJARAZ         ,1B,ACTIVO,LMX846 ,1,F123,23NX,2026-02-01,2026-02-12,2728,0,,W2203154723,SMC,2025-12-16,LIR,73,2026-02-12 13:16:23,2251,N,GAPNM,LMX846 ,0,Opt,31,SERVICIO SIN USO,,,MED
2026-02-01 00:00:00,810030404663,07,DW,22,A,02,075,JOHN ALDRIGE DEPTO 1          ,1B,ACTIVO,60PF04 ,2,F621,07F3,2003-02-01,2002-11-30,1,0,,W2203161789,SM9,2026-01-06,LIR,52,,,,,,,,,,,,SSB
2026-02-01 00:00:00,810040704657,18,DW,22,A,02,183,BERNA AZCORRA ALCOCER         ,1B,ACTIVO,MKV777 ,1,F123,23NX,2023-10-01,2023-10-11,12297,449,,W2203153382,SMC,2025-12-12,LIR,77,,,,,,,,,,,,MED
2026-02-01 00:00:00,810041104319,18,DW,22,A,02,183,FACUNDO DEL ANGEL VENTURA     ,1B,CORTADO,140TU5 ,1,F122,12LH,2026-02-01,2025-10-10,31705,207,,W2203153384,SMC,2025-12-12,LIR,77,2026-02-10 09:58:38,1803,L,9MCKW,140TU5 ,0,Nor,53,UI SERV DIRECTO,53,S,MED
2026-02-01 00:00:00,810050700471,24,DW,22,A,02,245,BALAM POOL BETY ROSAURA DE J  ,1B,ACTIVO,297TY8 ,1,F122,12LH,2026-02-01,2026-02-13,8639,0,,W2203155253,SMC,2025-12-17,LIR,72,2026-02-13 11:03:17,2452,N,GAPNM,297TY8 ,0,Opt,32,UI DERIVACION,32,S,MED
2026-02-01 00:00:00,810050907262,33,DW,22,A,02,333,ARAMONI GARFIAS MARIELA       ,1B,ACTIVO,1G056Y ,1,F121,05JL,2026-01-01,2025-11-24,34750,52,,W2203168959,SMC,2026-01-22,LIR,36,2026-01-22 11:02:34,3302,M,9NCT1,1G056Y ,0,Nor,53,UI SERV DIRECTO,53,S,MED
2026-02-01 00:00:00,810060104397,31,DW,22,A,01,311,PRESENTARSE OFICINA           ,1B,ACTIVO,958MCN ,1,F12J,15MR,2026-01-01,2025-11-21,19859,447,,W2203168402,SMC,2026-01-21,LIR,37,2026-01-21 09:57:07,3151,R,GA21N,958MCN ,0,Nor,53,UI SERV DIRECTO,53,S,MED
2026-02-01 00:00:00,801101102095,29,DW,07,B,57,157,CHUC CANCHE AUGUSTO           ,1B,ACTIVO,72AD05 ,1,F121,06JL,2026-01-01,2026-01-20,3913,0,,W0701765598,SMC,2026-01-20,LIR,38,2026-01-20 14:20:01,2930,M,GAT3M,72AD05 ,0,Nor,32,UI DERIVACION,32,S,MED
2026-02-01 00:00:00,810060906329,25,DW,22,A,01,254,QUIAN D JUANITA               ,1B,ACTIVO,742MCR ,1,F12J,15MR,2006-07-01,2006-09-17,0,0,,W2203166662,SMC,2026-01-16,LIR,42,,,,,,,,,,,,MED
2026-02-01 00:00:00,810070107254,24,DW,22,A,02,241,CAMPOS SALDIVAR LILIA CLARIBEL,1B,ACTIVO,710MET ,2,F62J,15MT,2006-12-01,2007-01-21,1,0,,W2203155250,SMC,2025-12-17,LIR,72,,,,,,,,,,,,MED
2026-02-01 00:00:00,810070701091,33,DW,22,A,01,331,LOPEZ ALONZO AMADA            ,1B,ACTIVO,LMX908 ,1,F123,23NX,2024-11-01,2024-11-22,10997,0,,W2203163622,SM2,2026-01-08,MED,50,,,,,,,,,,,,GSC
2026-02-01 00:00:00,810080207559,33,DW,22,A,02,337,CHAY CAAMAL PEDRO CELESTINO   ,1B,ACTIVO,K699JA ,1,F122,17LN,2026-01-01,2025-11-24,5041,24,,W2203168949,SMC,2026-01-22,LIR,36,2026-01-22 09:52:13,3306,L,9MC60,K699JA ,0,Nor,53,UI SERV DIRECTO,53,S,MED
2026-02-01 00:00:00,810080801230,33,DW,22,A,01,331,CHAN ALVAREZ GRACIANA         ,1B,ACTIVO,PKG068 ,1,F123,24NX,2025-05-01,2025-05-23,9146,0,,W2203168945,SMC,2026-01-22,LIR,36,2025-05-23 10:30:32,3351,R,9JPYF,PKG068 ,0,Opt,31,SERVICIO SIN USO,,,MED
2026-02-01 00:00:00,810090100116,20,DW,22,A,02,201,GUTIERREZ AGUILERA MIGUEL ANGE,1B,ACTIVO,889MCH ,1,F12J,15MR,2026-02-01,2025-06-12,18320,132,,W2203154294,SMC,2025-12-15,LIR,74,2026-02-11 10:26:38,2052,N,9JR5N,889MCH ,0,Nor,53,UI SERV DIRECTO,53,S,MED
2026-02-01 00:00:00,801120201444,37,DW,07,B,28,374,NAHUAT CANCHE SUSANO          ,1B,ACTIVO,491WW3 ,1,F622,13LM,2012-01-01,2020-01-20,0,0,,W0701767189,SMC,2026-01-27,LIR,31,,,,,,,,,,,,MED
2026-02-01 00:00:00,810100301883,33,DW,22,A,01,332,CARRANZA POOT AURORA          ,1B,ACTIVO,P674HR ,1,F623,18NN,2018-09-01,2018-09-25,15831,0,,W2203170949,SMC,2026-01-27,MED,31,,,,,,,,,,,,MED
2026-02-01 00:00:00,810110605171,23,DW,22,A,02,230,UITZIL DZIB JULIANA           ,1B,ACTIVO,N215JN ,2,F622,18LM,2026-01-01,2025-11-14,4460,286,,W2203166307,SMC,2026-01-15,LIR,43,2026-01-15 12:41:31,2301,M,9JR5N,N215JN ,0,Nor,53,UI SERV DIRECTO,53,S,MED
2026-02-01 00:00:00,810110805324,25,DW,22,A,01,252,HERNANDEZ OJEDA OMAR ALEJANDRO,1B,BAJA SIN MED RET,N036DM ,1,F622,18LM,2011-07-01,2002-03-27,59185,0,,W2203166603,SMC,2026-01-16,LIR,42,,,,,,,,,,,,MED
2026-02-01 00:00:00,802210301266,03,DW,07,C,56,031,FUENTES SOSA JESUS FAUSTINO   ,1B,BAJA,,1,,,2026-02-01,2026-02-08,216,0,,W0701762133,SMC,2026-01-05,LIR,53,,,,,,,,,,,,MED
2026-02-01 00:00:00,810120108508,31,DW,22,A,01,316,CONCEPCION CORDOVA FELIPA     ,1B,ACTIVO,06W77H ,2,F62H,11KN,2026-01-01,2026-01-21,25317,205,,W2203165864,SMC,2026-01-14,CDG,44,,,,,,,,,,,,MED
2026-02-01 00:00:00,802831200072,13,DW,07,C,03,131,CANUL MAAS ALEJANDRO          ,1B,ACTIVO,JV1918 ,1,F121,83EG,2026-01-01,2026-01-08,613,697,,W0701768115,SM2,2026-01-30,07B,28,,,,,,,,,,,,GSC
2026-02-01 00:00:00,810121106967,03,DW,22,A,02,031,UICAB MEDINA PEDRO PABLO      ,1B,ACTIVO,543MW7 ,2,F622,12LJ,2026-01-01,2025-12-30,4326,1,,W2203160145,SMC,2026-01-02,LIR,56,,,,,,,,,,,,MED
2026-02-01 00:00:00,810130703773,23,DW,22,A,01,233,ALVAREZ LOPEZ EULALIA         ,1B,BAJA SIN MED RET,250MDD ,1,F12J,15MR,2026-01-01,2026-01-15,17292,0,,W2203166236,SMC,2026-01-15,LIR,43,,,,,,,,,,,,MED
2026-02-01 00:00:00,810140606849,22,DW,22,A,02,221,MEDINA PERERA JOSE ALFREDO    ,1B,ACTIVO,9N440G ,1,F121,06JL,2026-02-01,2026-02-12,17008,183,,W2203154724,SMC,2025-12-16,LIR,73,2026-02-12 13:42:19,2251,N,GAPNM,9N440G ,183,Nor,  ,,,,MED
2026-02-01 00:00:00,799830300251,24,DW,06,D,19,190,CAPA DEL EDO DE Q ROO         ,06,ACTIVO,9NF550 ,3,FD21,99F4,2026-02-01,2026-02-14,77685,3887,,W0602328820,SMC,2025-12-18,MED,71,2026-02-14 09:16:06,2426,L,GAT5M,9NF550 ,3887,Nor,  ,,,,MED
2026-02-01 00:00:00,810150601454,01,DW,22,A,01,003,CAUICH BAAS MIGUEL MAGDALENO  ,1B,BAJA SIN MED RET,087L0X ,2,F622,14LM,2025-12-01,2025-12-30,293,0,,W2203159834,SMC,2025-12-30,LIR,59,,,,,,,,,,,,MED
2026-02-01 00:00:00,810151109456,18,DW,22,A,01,182,ALVAREZ RAMOS MARIA JOSE      ,1B,CORTADO,544FMP ,2,F622,15LM,2026-02-01,2025-12-11,27321,531,,W2203153853,SMC,2025-12-13,CDW,76,2026-02-10 11:30:55,1801,M,GA21N,544FMP ,0,Nor,51,NO ENCONTRE DOMI,,,MED
2026-02-01 00:00:00,810151109693,28,DW,22,A,02,281,SANTIAGO MORENO JAVIER        ,1B,ACTIVO,6DVG03 ,2,F623,25NY,2025-10-01,2025-10-17,25212,0,,W2203156527,SMC,2025-12-19,LIR,70,2025-10-17 08:59:54,2851,R,9NCT1,6DVG03 ,0,Opt,31,SERVICIO SIN USO,,,MED
2026-02-01 00:00:00,810151111302,19,DW,22,A,01,196,ZACARIAS RIVERA ANICACIO      ,1B,ACTIVO,404DMG ,2,F622,15LM,2026-01-01,2026-01-13,43691,41,,W2203168514,SMC,2026-01-21,CDB,37,,,,,,,,,,,,MED
2026-02-01 00:00:00,810151201409,26,DW,22,A,02,261,SILVA CORTES MARIA            ,1B,ACTIVO,875FAH ,1,F122,15LN,2026-02-01,2026-02-16,30513,0,,W2203155812,SMC,2025-12-18,LIR,71,2026-02-16 08:31:20,2651,N,9MC60,875FAH ,0,Opt,31,SERVICIO SIN USO,,,MED
2026-02-01 00:00:00,799850400154,39,DW,06,D,16,161,TZAB CHAN CESAR               ,1B,ACTIVO,TB0424 ,1,F121,84EG,2026-01-01,2026-01-27,7207,191,,W0602341518,SMG,2026-01-28,LIR,30,,,,,,,,,,,,MED
2026-02-01 00:00:00,799850400251,39,DW,06,D,16,161,TUN NOH JOSE ANDRES           ,1B,ACTIVO,TB0332 ,1,F121,84EG,2026-01-01,2026-01-28,6154,152,,W0602341517,SMG,2026-01-28,LIR,30,,,,,,,,,,,,MED
2026-02-01 00:00:00,810170304375,05,DW,22,A,02,052,FLORES FRANYUTI MARIA DEL ROSA,1B,ACTIVO,A091LA ,2,F622,16LM,2026-01-01,2025-10-01,45363,454,,W2203161063,SMC,2026-01-05,LIR,53,2026-01-02 11:15:15,0551,R,9MC4Y,A091LA ,0,Nor,53,UI SERV DIRECTO,53,S,MED
2026-02-01 00:00:00,804050200088,67,DW,08,A,01,671,GAS L P DE MERIDA S A DE C V  ,67,ACTIVO,PJ105F ,3,KL28,20KE,2026-02-01,2026-02-09,31850,844,,W0801717838,SMG,2025-12-16,MED,73,2026-02-09 10:58:41,6702,L,9JRAU,PJ105F ,844,Opt,  ,,,,MED
2026-02-01 00:00:00,810180506855,23,DW,22,A,01,233,MISS ALAN LARES               ,02,BAJA,,2,,,2026-01-01,2026-01-15,7566,0,,W2203166237,SMC,2026-01-15,LIR,43,,,,,,,,,,,,MED
2026-02-01 00:00:00,804120501111,08,DW,08,A,07,003,MESETA MONTANEZ ELDA          ,1B,CORTADO,YP490D ,2,F623,21NU,2026-02-01,2026-02-03,6052,181,,W0801724231,SMC,2026-01-19,MED,39,2026-02-03 12:32:32,0827,L,9JRAU,YP490D ,181,Opt,  ,,,,MED
2026-02-01 00:00:00,810181008409,31,DW,22,A,02,319,MAZAS MENDOZA JOSE EDUARDO    ,1B,ACTIVO,T781UH ,2,F622,18LM,2026-01-01,2025-11-21,13972,321,,W2203168395,SMC,2026-01-21,LIR,37,2026-01-21 10:51:59,3102,M,9NCT0,T781UH ,0,Nor,53,UI SERV DIRECTO,53,S,MED
2026-02-01 00:00:00,810190105824,31,DW,22,A,01,311,VALLS JESUS JOHE              ,1B,BAJA,,2,,,2026-01-01,2026-01-21,14186,0,,W2203168403,SMC,2026-01-21,LIR,37,,,,,,,,,,,,MED
2026-02-01 00:00:00,810200803312,35,DW,22,A,01,356,OLIVERO OLAN RAMON EDUARDO    ,1B,ACTIVO,JFF045 ,2,F623,23NU,2024-05-01,2024-05-24,3140,717,,W2203162642,SMS,2026-01-07,CDL,51,,,,,,,,,,,,GSC
2026-02-01 00:00:00,810210201281,17,DW,22,A,02,172,GARCIA DE ALBA GUTIERREZ GABRI,1B,ACTIVO,UD260T ,2,F623,21NY,2023-07-01,2023-07-12,1424,75,,W2203167023,SMC,2026-01-19,CDX,39,,,,,,,,,,,,MED
2026-02-01 00:00:00,810220310568,30,DW,22,A,02,301,CAUICH CASTILLO ROSA AURORA   ,1B,CORTADO,VJ199C ,1,F122,21LN,2026-02-01,2025-08-20,5222,244,,W2203157252,SMC,2025-12-22,LIR,67,,,,,,,,,,,,MED
2026-02-01 00:00:00,810230508137,01,DW,22,A,02,003,PEREZ HERRERA ALTAGRACIA ELOIS,1B,ACTIVO,UD518T ,2,F623,21NY,2025-12-01,2025-12-27,12458,1217,,W2203160370,SMC,2026-01-02,CDV,56,,,,,,,,,,,,MED
2026-02-01 00:00:00,806030900914,10,DW,08,C,39,103,AVILA NOH JOSE GAMALIEL       ,1C,ACTIVO,388JCG ,1,F122,15LN,2026-02-01,2026-02-04,27227,461,,W0801726398,SMG,2026-01-31,MED,27,2026-02-04 08:19:21,1026,M,R9917,388JCG ,461,Opt,  ,,,,MED
2026-02-01 00:00:00,810240600104,20,DW,22,A,01,201,GODINEZ RODRIGUEZ ADRIANA IMEL,02,ACTIVO,MKV781 ,1,F123,23NX,2026-02-01,2026-02-11,799,0,,W2203154281,SMC,2025-12-15,LIR,74,2026-02-11 10:44:40,2001,L,9MC4Y,MKV781 ,0,Opt,31,SERVICIO SIN USO,,,MED
2026-02-01 00:00:00,810240907919,05,DW,22,A,02,052,ALVARADO DZIB ANTWAN EDUARDO  ,1B,ACTIVO,RDW867 ,2,F623,24NY,2026-01-01,2025-10-01,4223,367,,W2203161062,SMC,2026-01-05,LIR,53,2026-01-02 10:06:03,0551,R,9MC4Y,RDW867 ,0,Nor,53,UI SERV DIRECTO,53,S,MED
2026-02-01 00:00:00,810250209110,10,DW,22,A,02,103,KU MATOS LIDIA                ,1B,ACTIVO,RBC932 ,2,F623,24NY,2026-02-01,2026-02-04,730,126,,W2203172655,SMC,2026-01-31,CDB,27,2026-02-04 07:56:48,1001,L,9JPYF,RBC932 ,126,Opt,  ,,,,MED
2026-02-01 00:00:00,810250600170,13,DW,22,A,02,135,BROCA HERNANDEZ CRESENCIO     ,1B,ACTIVO,9AAY33 ,2,F623,25NY,2026-01-01,2026-01-08,34,0,,W2203163714,SMC,2026-01-09,LIR,49,2026-01-08 08:37:40,1304,M,9JR5N,9AAY33 ,0,Nor,32,UI DERIVACION,32,S,MED
2026-02-01 00:00:00,810250910128,10,DW,22,A,02,106,ZARZA ALVAREZ MIREYA          ,1B,ACTIVO,2AVC06 ,2,F623,25P2,2026-02-01,2026-02-04,151,151,,W2203149623,SMC,2025-12-08,CDD,81,2026-02-04 11:51:43,1055,N,GAPNM,2AVC06 ,151,Opt,  ,,,,MED
2026-02-01 00:00:00,810251005992,37,DW,22,A,02,375,DELGADO JIMENEZ DAYANA GUADALU,1B,ACTIVO,7AUP95 ,2,F623,25P2,2026-01-01,2025-11-26,2,2,,W2203170283,SMC,2026-01-26,LIR,32,2026-01-26 10:22:22,3701,L,9MC60,7AUP95 ,0,Nor,53,UI SERV DIRECTO,53,S,MED
2026-02-01 00:00:00,810251209857,37,DW,22,A,02,375,SALAYA GARDUZA JOSE ARMANDO   ,1B,ACTIVO,KKX812 ,2,F623,23NU,2026-01-01,2026-01-26,112,112,,W2203161362,SMW,2026-01-05,CDW,53,,,,,,,,,,,,GSC
2026-02-01 00:00:00,810260105789,34,DW,22,A,02,342,GONZALEZ ALMEIDA FRANCISCO JAV,1B,ACTIVO,7AXY77 ,2,F623,25P2,2026-02-01,2026-02-20,141,141,,W2203170931,SMS,2026-01-27,CDV,31,2026-02-20 09:13:24,3406,L,9NCT1,7AXY77 ,141,Opt,  ,,,,GSC
2026-02-01 00:00:00,810971100151,11,DW,22,A,01,114,JORGE QUINTAL                 ,1B,ACTIVO,EP137K ,1,F123,19NM,2023-07-01,2023-07-11,2085,0,,W2203163025,SMC,2026-01-08,LIR,50,,,,,,,,,,,,MED
2026-02-01 00:00:00,806040100240,10,DW,08,C,39,103,BRICENO LOPEZ JORGE G         ,1C,ACTIVO,CL747X ,1,F123,19NM,2003-12-01,2004-01-07,1,0,,W0801726401,SMG,2026-01-31,MED,27,,,,,,,,,,,,MED
2026-02-01 00:00:00,806060600664,10,DW,08,C,39,103,KOYOC YAM PRUDENCIA           ,1C,ACTIVO,7V940N ,1,F121,06JL,2026-02-01,2026-02-04,10497,59,,W0801726425,SMG,2026-01-31,MED,27,2026-02-04 09:23:14,1026,M,R9917,7V940N ,59,Nor,  ,,FR,S,MED
2026-02-01 00:00:00,812010400354,31,DW,22,C,08,312,AMC PROPIEDADES               ,1B,ACTIVO,755MFH ,2,F62J,15MT,2017-11-01,2017-11-17,405,263,,W2203168465,SMG,2026-01-21,LIR,37,,,,,,,,,,,,MED
2026-02-01 00:00:00,812020301281,36,DW,22,C,01,362,MARIA LUZ MORENO PEREZ        ,1B,ACTIVO,X557CC ,1,F123,19NM,2026-02-01,2026-02-23,14880,0,,W2203158981,SMC,2025-12-29,LIR,60,2026-02-23 09:36:19,3601,L,GA23N,X557CC ,0,Nor,56,NO HAY MEDIDOR,56,S,MED
2026-02-01 00:00:00,812020401022,31,DW,22,C,08,312,PRESIDENCIAL TOUR SA DE CV    ,1B,CORTADO,5J0E86 ,1,F121,01GG,2026-01-01,2025-05-26,91337,0,,W2203168466,SMG,2026-01-21,LIR,37,2026-01-21 13:40:32,3151,R,GAPKM,5J0E86 ,0,Nor,61,MANECILLAS DESCA,61,S,MED
2026-02-01 00:00:00,812021000102,18,DW,22,A,02,183,CORTES CEDILLO CECILIO        ,1B,ACTIVO,K662JA ,1,F122,17LN,2002-08-01,2002-10-02,0,0,,W2203153383,SMC,2025-12-12,LIR,77,,,,,,,,,,,,MED
2026-02-01 00:00:00,812030400971,19,DW,22,C,06,194,JOSE LUIS CASTANEDA MONTERO   ,1B,ACTIVO,1B65X3 ,1,F121,03GG,2026-01-01,2026-01-13,17335,25,,W2203165412,SMG,2026-01-13,LIR,45,,,,,,,,,,,,MED
2026-02-01 00:00:00,807171100349,79,DW,08,D,52,791,COUOH CHIM IGNACIO HIGINIO    ,1B,ACTIVO,AWE454 ,1,F123,22NX,2024-01-01,2024-01-19,12448,214,,W0801725823,SMG,2026-01-28,LIR,30,,,,,,,,,,,,MED
2026-02-01 00:00:00,810060610314,09,DW,22,A,02,096,LOPEZ DE LA CRUZ DAVID        ,1B,ACTIVO,4P450K ,1,F121,06JL,2026-01-01,2025-11-05,23889,291,,W2203162421,SMC,2026-01-07,LIR,51,2026-01-06 10:41:30,0906,M,GA21N,4P450K ,0,Nor,53,UI SERV DIRECTO,53,S,MED
2026-02-01 00:00:00,812070900674,38,DW,22,C,01,382,OLIVARES CRUZ NORMA ANTONIA   ,1B,ACTIVO,WNB125 ,2,F623,24P2,2022-09-01,2022-09-02,2,0,,W2203158990,SMC,2025-12-29,LIR,60,,,,,,,,,,,,MED
2026-02-01 00:00:00,812100300871,30,DW,22,A,02,307,MANUEL HERNANDEZ PEREZ        ,1B,BAJA SIN MED RET,W649KY ,2,F622,19LM,2010-02-01,2010-03-03,2725,0,,W2203157250,SM9,2025-12-22,LIR,67,,,,,,,,,,,,SSB
2026-02-01 00:00:00,812100303617,24,DW,22,A,02,246,GARCIA RODRIGUEZ ARBEY        ,1B,ACTIVO,4G7J02 ,1,F121,01GG,2026-02-01,2026-02-13,29688,0,,W2203155248,SMC,2025-12-17,LIR,72,2026-02-13 08:37:34,2401,L,9PJYL,4G7J02 ,0,Nor,31,SERVICIO SIN USO,,,MED
2026-02-01 00:00:00,812100501249,10,DW,22,C,01,101,CANCHE CATZIM EMILIANO        ,02,BAJA,,2,,,2026-02-01,2026-02-12,1922,97644,,W2203149568,SMC,2025-12-08,LIR,81,2026-02-04 12:27:25,1001,L,GA23N,RME985 ,0,Nor,53,UI SERV DIRECTO,53,S,MED
2026-02-01 00:00:00,812110201065,39,DW,22,C,01,391,CRUZ DZUL MISAEL ARIEL        ,1B,SUJETO A CORTE,107MFG ,2,F62J,15MT,2010-12-01,2011-02-17,0,0,,W2203171012,SMG,2026-01-27,LIR,31,,,,,,,,,,,,MED
2026-02-01 00:00:00,812110502278,20,DW,22,C,01,201,CATZIN PECH EUGENIO           ,1B,ACTIVO,019MDG ,1,F12J,15MR,2026-02-01,2026-02-11,9719,481,,W2203154358,SMG,2025-12-15,LIR,74,2026-02-11 11:43:10,2001,L,9NCT2,019MDG ,99481,Nor,  ,,FR,S,MED
2026-02-01 00:00:00,812110900397,62,DW,22,C,01,622,AYUNTAMIENTO DE TULUM         ,5A,ACTIVO,JFP235 ,2,F623,23NU,2011-09-01,2020-01-20,0,0,,W2203161118,SMC,2026-01-05,LIR,53,,,,,,,,,,,,MED
2026-02-01 00:00:00,812111201727,25,DW,22,C,08,253,CONTRERAS ZAPATA CESAR        ,1B,ACTIVO,15X81L ,1,F12H,11KU,2026-01-01,2026-01-16,30242,384,,W2203145952,SMC,2025-12-01,CDU,88,2026-01-16 13:03:48,2527,L,9NCT2,15X81L ,384,Opt,  ,,,,MED
2026-02-01 00:00:00,812120200636,17,DW,22,C,04,174,INST  NAL ANTROPOLOGIA E HIST ,02,ACTIVO,987AA6 ,3,FD2H,11KV,2026-01-01,2026-01-12,21427,453,,W2203169650,SM2,2026-01-24,MED,34,,,,,,,,,,,,GSC
2026-02-01 00:00:00,812120201594,33,DW,22,C,07,331,DZUL BOLIO JOSE MARCIAL       ,1B,ACTIVO,22X85L ,1,F12H,11KU,2026-01-01,2025-11-24,42098,442,,W2203168977,SMG,2026-01-22,LIR,36,2026-01-22 12:29:31,3326,L,GA23N,22X85L ,0,Nor,60,MEDID NO TRABAJA,60,S,MED
2026-02-01 00:00:00,812130101377,31,DW,22,C,08,312,AGUILAR RAMOS CELIA           ,1B,ACTIVO,JAC238 ,2,F623,23NU,2026-01-01,2025-10-14,132,0,,W2203168464,SMC,2026-01-21,LIR,37,2026-01-21 14:32:37,3151,R,GAPKM,JAC238 ,0,Nor,53,UI SERV DIRECTO,53,S,MED
2026-02-01 00:00:00,812130501294,24,DW,22,C,01,241,MAHONEY MCGRATH MORGAN DAVID  ,1B,ACTIVO,RME930 ,2,F623,24NY,2025-06-01,2025-06-17,51185,1887,,W2203165356,SM2,2026-01-13,MED,45,2025-06-17 09:59:45,2601,L,GAFRM,RME930 ,1678,Opt,  ,,,,GSC
2026-02-01 00:00:00,812141002222,38,DW,22,C,01,382,OLIVARES CRUZ NORMA ANTONIA   ,1B,ACTIVO,WNB126 ,2,F623,24P2,2024-10-01,2024-10-24,5688,576,,W2203158991,SMC,2025-12-29,LIR,60,2024-10-24 10:16:38,3852,N,GAPKM,WNB126 ,8,Nor,31,SERVICIO SIN USO,LM,S,MED
2026-02-01 00:00:00,812150600060,25,DW,22,C,08,253,BEH YAM ANTONIO WILBERTO      ,1B,CORTADO,DRV624 ,2,F623,22NU,2026-01-01,2025-11-18,9455,14,,W2203166677,SMG,2026-01-16,LIR,42,2026-01-16 13:18:30,2527,L,9NCT2,DRV624 ,0,Nor,60,MEDID NO TRABAJA,60,S,MED
2026-02-01 00:00:00,812161100271,38,DW,22,C,01,381,DEL CASTILLO URBALEJO KARINA  ,1B,ACTIVO,430PHU ,2,F622,16LM,2026-02-01,2026-02-24,38746,5,,W2203158983,SMC,2025-12-29,LIR,60,2026-02-24 07:56:50,3851,R,9NCT2,430PHU ,5,Opt,31,SERVICIO SIN USO,,,MED
2026-02-01 00:00:00,812170101485,21,DW,22,C,11,214,CEN MANZON FRANCISCO          ,1B,ACTIVO,897FDU ,1,F122,15LN,2026-01-01,2025-11-13,1469,10,,W2203165891,SMC,2026-01-14,LIR,44,2026-01-14 10:10:53,2127,L,GA23N,897FDU ,0,Nor,53,UI SERV DIRECTO,53,S,MED
2026-02-01 00:00:00,812170501831,10,DW,22,C,01,101,FIGUEROA HUCHIN ROLANDO       ,1B,ACTIVO,641VXP ,1,F122,16LN,2026-02-01,2026-02-04,14514,550,,W2203149569,SMC,2025-12-08,LIR,81,2026-02-04 10:41:10,1001,L,GA23N,641VXP ,550,Opt,  ,,,,MED
2026-02-01 00:00:00,812171100369,18,DW,22,C,01,182,CANCHE CAMARA GENOVEVA        ,1B,BAJA,,1,,,2026-02-01,2026-02-21,17778,95650,,W2203153553,SMG,2025-12-12,LIR,77,2026-02-10 08:36:48,1851,N,9NCT2,049HRH ,0,Nor,59,DISPLAY APAGADO,59,S,MED
2026-02-01 00:00:00,812171201530,28,DW,22,C,01,282,MAREA MAYA SA DE CV           ,02,ACTIVO,4DVM95 ,2,F623,25NY,2021-06-01,2021-06-28,35417,9209,,W2203156646,SMC,2025-12-19,LIR,70,,,,,,,,,,,,MED
2026-02-01 00:00:00,812180101688,30,DW,22,C,01,301,CRUZ GOMEZ ROLAN              ,1B,ACTIVO,18W96B ,2,F62H,11KN,2026-02-01,2025-08-20,29284,112,,W2203157368,SMC,2025-12-22,LIR,67,,,,,,,,,,,,MED
2026-02-01 00:00:00,810090700661,23,DW,22,A,02,230,MENA TZUC MARIA DE JESUS      ,1B,BAJA SIN MED RET,04B8D7 ,1,F121,08JL,2026-01-01,2026-01-15,6808,0,,W2203166304,SMC,2026-01-15,LIR,43,,,,,,,,,,,,MED
2026-02-01 00:00:00,812181102408,10,DW,22,C,01,102,CRUZ SEBASTIAN J CARMELO      ,1B,BAJA SIN MED RET,T013UL ,2,F622,18LM,2026-02-01,2026-02-04,8409,0,,W2203149575,SMC,2025-12-08,LIR,81,2026-02-04 13:16:14,1002,M,9NCT2,T013UL ,0,Nor,56,NO HAY MEDIDOR,56,S,MED
2026-02-01 00:00:00,812190205406,12,DW,22,C,01,121,REIJMER   DANIEL              ,1B,ACTIVO,X252UM ,2,F622,19LM,2026-02-01,2026-02-05,41568,680,,W2203158035,SM3,2025-12-23,W2C,66,2026-02-05 07:48:32,1251,R,GAPKM,X252UM ,0,Nor,60,MEDID NO TRABAJA,60,S,CCC
2026-02-01 00:00:00,812190300786,28,DW,22,C,01,281,MARTINEZ SALDANA FERNANDO     ,1B,ACTIVO,V788BY ,2,F622,18LM,2026-02-01,2025-10-17,31342,767,,W2203156640,SMC,2025-12-19,LIR,70,2026-02-17 10:33:37,2801,L,GA23N,V788BY ,0,Nor,53,UI SERV DIRECTO,53,S,MED
2026-02-01 00:00:00,812190602464,28,DW,22,C,01,282,PATRONE SERGIO OMAR           ,1B,ACTIVO,P522HH ,2,F623,18NN,2026-02-01,2025-04-16,51502,190,,W2203161909,SM2,2026-01-06,22A,52,2026-02-17 07:06:51,2802,M,9NCT2,P522HH ,0,Nor,59,DISPLAY APAGADO,59,S,GSC
2026-02-01 00:00:00,812190802757,21,DW,22,C,06,213,HAU CHIMAL JOSE FREDY         ,1B,CORTADO,W234KY ,2,F622,19LM,2026-01-01,2026-01-14,14746,0,,W2203165804,SMC,2026-01-14,LIR,44,2026-01-14 07:54:03,2126,L,GAPKM,W234KY ,0,Nor,32,UI DERIVACION,32,S,MED
2026-02-01 00:00:00,812190802765,21,DW,22,C,06,213,HAU CHIMAL JOSE FREDY         ,1B,CORTADO,W235KY ,2,F622,19LM,2026-01-01,2026-01-14,14294,0,,W2203165805,SMC,2026-01-14,LIR,44,2026-01-14 07:54:15,2126,L,GAPKM,W235KY ,0,Nor,32,UI DERIVACION,32,S,MED
2026-02-01 00:00:00,812191003513,08,DW,22,C,01,082,MONTIJO LATAM S DE RL DE CV   ,1B,ACTIVO,568DW4 ,3,FD2H,11KV,2026-02-01,2025-08-05,92849,2525,,W2203148656,SMG,2025-12-05,LIR,84,2026-02-03 09:36:13,0802,L,GAPKM,568DW4 ,0,Nor,60,MEDID NO TRABAJA,60,S,MED
2026-02-01 00:00:00,812200300852,12,DW,22,C,01,121,ABROAD SA DE CV ISLA HOME     ,1B,SUJETO A CORTE,UW652R ,2,F623,21NY,2026-02-01,2025-10-07,9604,1573,,W2203150065,SMC,2025-12-09,LIR,80,2026-02-05 11:09:08,1251,R,GAPKM,UW652R ,0,Nor,53,UI SERV DIRECTO,53,S,MED
2026-02-01 00:00:00,812200305536,20,DW,22,C,01,202,HABITANIA GMB SAPI SA DE CV   ,1B,ACTIVO,DW685L ,2,F623,19NU,2026-02-01,2025-10-13,28971,2,,W2203154361,SMC,2025-12-15,LIR,74,2026-02-11 08:44:02,2002,M,GAPKM,DW685L ,0,Nor,53,UI SERV DIRECTO,53,S,MED
2026-02-01 00:00:00,812201100601,11,DW,22,C,01,113,AVILA BARRERA ORLANDO JESUS   ,1B,BAJA,,2,,,2026-02-01,2026-02-20,31990,98611,,W2203163252,SMC,2026-01-08,LIR,50,,,,,,,,,,,,MED
2026-02-01 00:00:00,812201204458,10,DW,22,C,01,101,PROVEDORA DEL PANADERO SA DE C,02,ACTIVO,W977KN ,2,F622,19LM,2026-02-01,2026-02-04,53683,5456,,W2203166206,SM3,2026-01-15,CDL,43,2026-02-04 08:41:39,1001,L,GA23N,W977KN ,0,Nor,53,UI SERV DIRECTO,53,S,CCC
2026-02-01 00:00:00,812210401355,14,DW,22,C,01,144,AVIV SISO                     ,1B,ACTIVO,HYR062 ,2,F623,23NU,2024-06-01,2024-06-10,13508,1054,,W2203151115,SMC,2025-12-10,LIR,79,2024-06-10 12:57:13,1402,L,GAFRM,HYR062 ,19941,Opt,  ,,,,MED
2026-02-01 00:00:00,812210702045,06,DW,22,C,01,063,CASA VALENTINE S DE RL DE CV  ,1B,BAJA,,2,,,2025-06-01,2025-06-03,89,0,,W2203172544,SMC,2026-01-30,LIR,28,,,,,,,,,,,,MED
2026-02-01 00:00:00,812210901382,20,DW,22,C,01,202,LOAIZA CARRERA JOSE FERNANDO  ,1B,BAJA,,2,,,2026-02-01,2026-02-21,121,0,,W2203154362,SMC,2025-12-15,LIR,74,2026-02-11 10:02:23,2002,M,GAPKM,LV015J ,0,Nor,65,UI MED INVERTIDO,65,S,MED
2026-02-01 00:00:00,812210904772,32,DW,22,C,01,322,SANCHEZ ORTIZ RAMON M         ,1B,ACTIVO,J558EA ,2,F622,17LM,2022-10-01,2022-10-25,5738,782,,W2203168859,SM2,2026-01-22,MED,36,,,,,,,,,,,,GSC
2026-02-01 00:00:00,812210904811,32,DW,22,C,01,322,GALVAN CHAVEZ ALEJANDRA       ,1B,ACTIVO,MF094Y ,2,F623,20NU,2026-02-01,2026-02-19,4183,111,,W2203168447,SM2,2026-01-21,MED,37,2026-02-19 10:47:27,3201,M,GA23N,MF094Y ,111,Opt,  ,,,,GSC
2026-02-01 00:00:00,810120103018,01,DW,22,A,01,004,CEN CEN VICTORIANO            ,1B,CORTADO,DJR154 ,2,F623,22NU,2025-12-01,2025-10-23,7464,184,,W2203158789,SMC,2025-12-29,LIR,60,2025-12-26 13:57:42,3605,L,GA21N,DJR154 ,0,Nor,53,UI SERV DIRECTO,53,S,MED
2026-02-01 00:00:00,810121100110,33,DW,22,A,02,334,GUILLERMO JIMENEZ ELIA LIZET  ,1B,CORTADO,AWR208 ,1,F123,22NX,2023-09-01,2023-09-22,16181,1102,,W2203169039,SMC,2026-01-22,LIR,36,,,,,,,,,,,,MED
2026-02-01 00:00:00,812220600402,08,DW,22,C,01,082,REIM TULUM FIDEICOMISO 3045   ,1B,ACTIVO,197HBJ ,3,KL28,15MK,2026-02-01,2026-02-03,8074,278,,W2203172703,SM2,2026-01-31,MED,27,2026-02-03 08:39:49,0802,L,GAPKM,197HBJ ,278,Nor,  ,,,,GSC
2026-02-01 00:00:00,812220704101,30,DW,22,C,01,302,KARPEL SAGIV                  ,1B,ACTIVO,HYW902 ,2,F623,23NU,2026-02-01,2025-10-20,46014,3834,,W2203157370,SMC,2025-12-22,LIR,67,,,,,,,,,,,,MED
2026-02-01 00:00:00,812220808178,30,DW,22,C,01,302,CEBALLOS CONTRERAS RUBEN      ,1B,ACTIVO,BE841R ,2,F623,19NV,2026-02-01,2026-02-18,3768,266,,W2203157372,SMG,2025-12-22,LIR,67,,,,,,,,,,,,MED
2026-02-01 00:00:00,812230500333,30,DW,22,C,01,302,TULAKAL TULUM S DE RL DE CV   ,1B,ACTIVO,RBD006 ,2,F623,24NY,2026-02-01,2025-10-20,8590,1927,,W2203154573,SM2,2025-12-15,CDD,74,,,,,,,,,,,,GSC
2026-02-01 00:00:00,812230505581,17,DW,22,C,01,175,FTSPV I S DE RL DE CV         ,1B,ACTIVO,788JKK ,2,F622,15LM,2026-01-01,2026-01-12,43339,2947,,W2203164897,SMC,2026-01-12,LIR,46,2026-01-12 11:30:46,1702,L,9NCT2,788JKK ,0,Nor,53,UI SERV DIRECTO,53,S,MED
2026-02-01 00:00:00,812230505581,17,DW,22,C,01,175,FTSPV I S DE RL DE CV         ,1B,ACTIVO,788JKK ,2,F622,15LM,2026-01-01,2026-01-12,43339,2947,,W2203146919,SM2,2025-12-03,CDB,86,2026-01-12 11:30:46,1702,L,9NCT2,788JKK ,0,Nor,53,UI SERV DIRECTO,53,S,GSC
2026-02-01 00:00:00,812230506269,20,DW,22,C,01,202,ZARATE COLIN ALEJANDRO        ,02,CORTADO,UB962P ,2,F623,21NY,2026-02-01,2025-10-13,36571,2742,,W2203154360,SMC,2025-12-15,LIR,74,2026-02-11 08:30:58,2002,M,GAPKM,UB962P ,0,Nor,53,UI SERV DIRECTO,53,S,MED
2026-02-01 00:00:00,812230800671,30,DW,22,C,01,302,MISTIQ TULUM SA DE CV         ,1B,ACTIVO,RAX352 ,2,F623,24NY,2025-04-01,2025-04-21,50091,8055,,W2203157369,SMC,2025-12-22,LIR,67,,,,,,,,,,,,MED
2026-02-01 00:00:00,812231009013,29,DW,22,C,11,292,GONZALEZ LEON AMERICA         ,1B,CORTADO,JBE101 ,2,F623,23NU,2026-01-01,2024-09-18,2255,131,,W2203167886,SMC,2026-01-20,LIR,38,2026-01-20 12:19:50,2927,L,9NCT2,JBE101 ,0,Nor,53,UI SERV DIRECTO,53,S,MED
2026-02-01 00:00:00,812231101009,28,DW,22,C,01,281,CLG BARRON SA DE CV           ,1B,ACTIVO,JBP677 ,2,F623,23NU,2026-02-01,2025-10-17,6511,502,,W2203156641,SMC,2025-12-19,LIR,70,2026-02-17 10:50:25,2801,L,GA23N,JBP677 ,0,Nor,53,UI SERV DIRECTO,53,S,MED
2026-02-01 00:00:00,812240102514,28,DW,22,C,01,281,MIA DESARROLLOS INTELIGENTES  ,1B,ACTIVO,HYV548 ,2,F623,23NU,2026-02-01,2025-02-19,15301,2164,,W2203156644,SMC,2025-12-19,LIR,70,2026-02-17 12:58:04,2801,L,GA23N,HYV548 ,0,Nor,53,UI SERV DIRECTO,53,S,MED
2026-02-01 00:00:00,812240501982,32,DW,22,C,01,322,LUNA FARELL OSCAR RODRIGO     ,1B,ACTIVO,JGY158 ,2,F623,23NU,2026-02-01,2026-02-19,878,0,,W2203157889,SMC,2025-12-23,LIR,66,2026-02-19 13:05:19,3201,M,GA23N,JGY158 ,0,Nor,56,NO HAY MEDIDOR,56,S,MED
2026-02-01 00:00:00,812240701680,06,DW,22,C,01,063,YIP NATHAN BRIAN              ,1B,ACTIVO,RDH359 ,2,F623,24NY,2026-02-01,2025-12-03,3573,6,,W2203172543,SMC,2026-01-30,LIR,28,2026-01-30 14:14:53,0652,R,GA23N,RDH359 ,0,Nor,53,UI SERV DIRECTO,53,S,MED
2026-02-01 00:00:00,812240803946,32,DW,22,C,01,323,YEXALEM SA DE CV              ,1B,ACTIVO,REL620 ,2,F623,24NY,2026-02-01,2026-02-19,1237,411,,W2203157890,SMC,2025-12-23,LIR,66,2026-02-19 09:42:46,3202,M,9NCT2,REL620 ,411,Opt,  ,,,,MED
2026-02-01 00:00:00,812240804349,28,DW,22,C,01,281,RODRIGUEZ PATINO MARICELA     ,1B,ACTIVO,RDV444 ,2,F623,24NY,2026-02-01,2025-08-19,2664,620,,W2203156645,SMC,2025-12-19,LIR,70,2026-02-17 10:21:40,2801,L,GA23N,RDV444 ,0,Nor,53,UI SERV DIRECTO,53,S,MED
2026-02-01 00:00:00,812241106165,19,DW,22,C,06,194,CHIMAL CAAMAL ANA BEATRIZ     ,1B,ACTIVO,WTX505 ,2,F623,24P2,2026-01-01,2025-07-15,995,21,,W2203165413,SMC,2026-01-13,LIR,45,2026-01-13 12:27:15,1927,L,GA23N,WTX505 ,0,Nor,53,UI SERV DIRECTO,53,S,MED
2026-02-01 00:00:00,812250504017,28,DW,22,C,01,281,ARANDA GERARDO MATIAS         ,1B,ACTIVO,7AAV93 ,2,F623,25NY,2026-02-01,2025-10-17,5865,2461,,W2203156643,SMC,2025-12-19,LIR,70,2026-02-17 10:44:31,2801,L,GA23N,7AAV93 ,0,Nor,53,UI SERV DIRECTO,53,S,MED
2026-02-01 00:00:00,812250504271,08,DW,22,C,01,081,OTERO SALAZAR LUIS ISMAEL     ,1B,ACTIVO,U256AU ,3,KL28,18KE,2026-02-01,2025-10-03,511,289,,W2203148287,SMG,2025-12-05,LIR,84,2026-02-03 08:47:27,0801,L,9NCT2,U256AU ,0,Nor,60,MEDID NO TRABAJA,60,S,MED
2026-02-01 00:00:00,812250509957,32,DW,22,C,01,322,UNDERAINDER                   ,1B,ACTIVO,WTH814 ,2,F623,24P2,2026-02-01,2026-02-19,1460,0,,W2203156724,SM2,2025-12-19,MED,70,2026-02-19 13:12:04,3201,M,GA23N,WTH814 ,0,Nor,53,UI SERV DIRECTO,53,S,GSC
2026-02-01 00:00:00,812250802000,69,DW,22,C,01,691,TRANSICION ENERGETICA SA DE CV,67,ACTIVO,GEF958 ,3,KL28,22NJ,2026-02-01,2026-02-11,1988,146,,W2203164935,SM2,2026-01-13,22A,45,2026-02-11 08:35:57,6901,L,GA23N,GEF958 ,146,Opt,  ,,,,GSC
2026-02-01 00:00:00,812251101510,25,DW,22,C,08,253,CASTANEDA ALDANA LUIS ROBERTO ,1B,ACTIVO,5AUU77 ,2,F623,25P2,2026-01-01,2025-11-18,49,49,,W2203166676,SMC,2026-01-16,LIR,42,2026-01-16 12:23:06,2527,L,9NCT2,5AUU77 ,0,Nor,53,UI SERV DIRECTO,53,S,MED
2026-02-01 00:00:00,812920300507,20,DW,22,C,01,201,RAUL TAH CHAN                 ,1B,ACTIVO,V6M482 ,1,F121,91F5,2026-02-01,2025-10-13,83990,386,,W2203154357,SMC,2025-12-15,LIR,74,2026-02-11 11:15:22,2001,L,9NCT2,V6M482 ,0,Nor,56,NO HAY MEDIDOR,56,S,MED
2026-02-01 00:00:00,812930700376,25,DW,22,C,08,253,ANTONIO WILBERTO BEH YAM      ,1B,CORTADO,NK282U ,1,F623,20NU,2021-03-01,2021-03-18,44200,105,,W2203166678,SMG,2026-01-16,LIR,42,,,,,,,,,,,,MED
2026-02-01 00:00:00,812930800028,38,DW,22,C,01,382,ANDRES NAVARRETE FUENTES      ,1B,ACTIVO,N38X04 ,1,F121,93F5,2026-02-01,2026-02-24,65603,0,,W2203171518,SM3,2026-01-28,CDD,30,2026-02-24 07:46:52,3852,R,GAPHM,N38X04 ,0,Nor,53,UI SERV DIRECTO,53,S,CCC
2026-02-01 00:00:00,812930800028,38,DW,22,C,01,382,ANDRES NAVARRETE FUENTES      ,1B,ACTIVO,N38X04 ,1,F121,93F5,2026-02-01,2026-02-24,65603,0,,W2203158989,SMC,2025-12-29,LIR,60,2026-02-24 07:46:52,3852,R,GAPHM,N38X04 ,0,Nor,53,UI SERV DIRECTO,53,S,MED
2026-02-01 00:00:00,810140700934,01,DW,22,A,01,002,SOLIS SILVA MARITZA           ,1B,CORTADO,647RM4 ,1,F122,12LH,2025-12-01,2025-10-23,16416,516,,W2203158781,SMC,2025-12-29,LIR,60,2025-12-26 16:23:07,3602,L,9MC4Y,647RM4 ,0,Nor,53,UI SERV DIRECTO,53,S,MED
2026-02-01 00:00:00,812970100061,26,DW,22,C,01,261,CRECENCIO GOMEZ ARGUELLES     ,1B,ACTIVO,198H0A ,1,F122,13LN,2026-02-01,2025-10-16,43365,0,,W2203156022,SMG,2025-12-18,LIR,71,2026-02-16 07:09:34,2601,L,GAPKM,198H0A ,0,Nor,56,NO HAY MEDIDOR,56,S,MED
2026-02-01 00:00:00,812970100088,20,DW,22,C,01,201,MARGARITO CATZIN PECH         ,1B,ACTIVO,L821K6 ,1,F121,96F5,2026-02-01,2026-02-11,30094,2,,W2203154359,SMG,2025-12-15,LIR,74,2026-02-11 11:44:16,2001,L,9NCT2,L821K6 ,2,Nor,31,SERVICIO SIN USO,,,MED
2026-02-01 00:00:00,812980900058,62,DW,22,C,01,621,MUNICIPIO DE TULUM            ,02,ACTIVO,330RBN ,1,F122,16LN,2026-02-01,2026-01-02,5048,0,,W2203161116,SMC,2026-01-05,LIR,53,2026-01-30 10:18:53,6201,L,GA23N,330RBN ,0,Nor,53,UI SERV DIRECTO,53,S,MED
2026-02-01 00:00:00,812990200046,37,DW,22,C,01,371,CARMEN LOMELI DE P            ,1B,ACTIVO,75UG62 ,1,F121,08JL,2026-01-01,2025-01-23,57790,528,,W2203170325,SMC,2026-01-26,LIR,32,2026-01-26 10:56:25,3701,M,9NCT2,75UG62 ,0,Nor,53,UI SERV DIRECTO,53,S,MED
2026-02-01 00:00:00,803971200508,12,DW,07,D,18,001,JOSE GABINO PERAZA CAAMAL     ,1C,ACTIVO,Y072R1 ,1,F121,97F5,2026-02-01,2026-02-05,9536,5,,W0701765118,SM2,2026-01-19,W7D,39,2026-02-05 11:53:38,1226,M,GA2CN,Y072R1 ,5,Nor,31,SERVICIO SIN USO,,,GSC
2026-02-01 00:00:00,810180909950,33,DW,22,A,02,336,SEIDY SANSORES LUNA           ,1B,ACTIVO,R932HW ,2,F622,18LM,2026-01-01,2025-01-22,10207,451,,W2203168926,SMC,2026-01-22,LIR,36,2026-01-22 08:27:54,3305,M,9NCT0,R932HW ,0,Nor,53,UI SERV DIRECTO,53,S,MED
2026-02-01 00:00:00,810240400512,01,DW,22,A,02,002,DOMINGUEZ ASCENCIO IVON       ,1B,BAJA SIN MED RET,JBC085 ,2,F623,23NU,2025-12-01,2025-12-30,1,0,,W2203159836,SMC,2025-12-30,LIR,59,,,,,,,,,,,,MED
2026-02-01 00:00:00,812010300473,15,DW,22,C,09,152,ALEJANDRO UH POOL             ,1B,ACTIVO,1VF526 ,1,F121,00GG,2026-01-01,2026-01-09,50511,238,,W2203158152,SMS,2025-12-23,CDA,66,2026-01-09 11:28:51,1526,L,9NCT2,1VF526 ,238,Nor,  ,,FR,S,GSC
2026-02-01 00:00:00,812010300805,15,DW,22,C,09,152,GENARO COCOM UH               ,1B,ACTIVO,1VF303 ,1,F121,00GG,2026-01-01,2025-11-10,19783,322,,W2203164733,SM2,2026-01-12,MED,46,2026-01-09 10:54:52,1526,L,9NCT2,1VF303 ,90359,Nor,  ,,FR,S,GSC
2026-02-01 00:00:00,812061001454,33,DW,22,C,07,331,CAB MAY MIGUEL ANGEL          ,1B,ACTIVO,8V018N ,1,F121,06JL,2026-01-01,2026-01-22,49955,264,,W2203146909,SM2,2025-12-03,22C,86,2026-01-22 10:26:34,3326,L,GA23N,8V018N ,264,Nor,  ,,,,GSC
2026-02-01 00:00:00,812070400485,37,DW,22,C,01,371,CARAVEO MORALES JESUS         ,1B,ACTIVO,HYV895 ,2,F623,23NU,2023-09-01,2023-09-26,56134,0,,W2203170326,SMC,2026-01-26,LIR,32,,,,,,,,,,,,MED
2026-02-01 00:00:00,812180700883,23,DW,22,C,05,231,VILLATORO GONZALEZ ERNESTO A  ,1B,BAJA SIN MED RET,N345DL ,2,F622,18LM,2026-01-01,2026-01-15,2801,0,,W2203166272,SMC,2026-01-15,LIR,43,,,,,,,,,,,,MED
2026-02-01 00:00:00,812220209746,23,DW,22,C,05,231,ANDRICE BOGER JANAIRE         ,1B,ACTIVO,RME937 ,2,F623,24NY,2025-05-01,2025-05-16,128,114,,W2203148566,SMW,2025-12-05,W2C,84,,,,,,,,,,,,GSC
2026-02-01 00:00:00,812220402180,27,DW,22,C,11,272,GRANADOS GOMEZ DIANA ESTEFANY ,1B,ACTIVO,YR192C ,2,F623,21NU,2026-01-01,2025-05-20,6677,182,,W2203167167,SMC,2026-01-19,LIR,39,2026-01-19 08:03:43,2726,L,GA23N,YR192C ,0,Nor,53,UI SERV DIRECTO,53,S,MED
2026-02-01 00:00:00,812940300651,25,DW,22,C,08,253,LAURA GABRIELA LARA RGEZ      ,1B,ACTIVO,5AUP79 ,2,F623,25P2,2025-11-01,2025-11-18,68412,0,,W2203166675,SMC,2026-01-16,LIR,42,2025-11-18 16:33:12,2527,L,GAXPM,5AUP79 ,0,Nor,51,NO ENCONTRE DOMI,,,MED
2026-02-01 00:00:00,810160610281,07,DW,22,A,02,072,VALECILLO MANZANILLA JOHANNA  ,1B,ACTIVO,246MEK ,2,F62J,15MT,2026-01-01,2026-01-05,25635,300,,W2203165100,SMC,2026-01-13,W2A,45,,,,,,,,,,,,MED
2026-02-01 00:00:00,810170110601,07,DW,22,A,02,072,ALTTA HOME CENTRO SUR  S DE RL,1B,BAJA SIN MED RET,928MBH ,2,F622,16LM,2026-01-01,2026-01-05,27,0,,W2203161791,SMC,2026-01-06,LIR,52,,,,,,,,,,,,MED
2026-02-01 00:00:00,810171208426,01,DW,22,A,02,001,CAAMAL POOT OCTAVIANO         ,1B,BAJA SIN MED RET,J744MD ,2,F622,17LM,2026-02-01,2026-02-10,14344,0,,W2203158782,SM9,2025-12-29,LIR,60,,,,,,,,,,,,SSB
