Fecha_Ade,Rpu,Ciclo,Division,Zona,Agencia,Poblacion,Ruta,Nombre,Tarifa,Estado,Num_Med,Hilos,Cod_Med,Cod_Lot,Fecha_Ade_Fac,Tipo_Ade,Fecha_Operacion_Fac,Kwh_Repuestos,Importe,Lectura,Consumo,Anom_Accion,Anom_Inform,Anom_Sistema,Motivo_Cancelacion,RPE_Cancela,kWh,kWh_Reales,Desc_Anom_Accion,Desc_Anom_Inform,Desc_Anom_Sistema,Desc_Motivo_Cancelacion,Empresa,Fecha_Lectura_Kavi,Num_Tarea_Kavi,Tipo_Tarea_Kavi,RPE_Lectura_Kavi,Medidor_Kavi,Kwh_Kavi,Modo_Captura_Kavi,Cve_Anom_Kavi,Desc_Anom_Kavi,Validacion_Kavi,Tiene_Foto_Kavi,Proceso
2025-02-01 00:00:00,789920901134,21,DW,04,B,23,212,ORTIZ DUARTE DAVID GUSTAVO    ,1F,ACTIVO,470MCB ,1,F12J,15MR,2025-01-01 00:00:00,1,2025-02-07 00:00:00,590,5895,35876,1397,0,0,0,001,9JRB3,1397,-807,,,,ERROR EN LECTURA,S,,,,,,,,,,,,GSC
2025-02-01 00:00:00,800010800842,77,DW,07,A,48,482,MEDINA CASTRO MARCOS MIGUEL   ,9C,ACTIVO,MX398B ,3,KL28,20KE,2025-01-01 00:00:00,1,2025-02-28 00:00:00,1867,4222,32493,1867,0,0,0,006,CRAGR,1867,0,,,,ERROR EN PROCEDIMIENTOS,,,,,,,,,,,,,SSB
2025-02-01 00:00:00,805240100566,04,DW,08,B,66,042,MONTANEZ BAEZA VERONICA       ,1B,ACTIVO,KKV074 ,2,F623,23NU,2025-02-01 00:00:00,1,2025-02-18 00:00:00,9,5221,1519,1386,0,0,0,001,9JR7L,1386,-1377,,,,ERROR EN LECTURA,S,2025-01-27 13:57:38,0228,L,9ND0M,KKV074 ,1386,Nor,  ,,FR,S,GSC
2025-02-01 00:00:00,770930400793,07,DW,01,A,02,073,LORENZO POOT CANUL            ,1D,ACTIVO,WP2034 ,1,F121,86EG,2025-01-01 00:00:00,1,2025-02-12 00:00:00,74,206,7174,159,50,0,0,004,9JR51,159,-85,CASA CERRADA,,,ERROR DE ESTIMACION,S,2025-01-03 12:11:04,0702,L,R9700,WP2034 ,0,Nor,50,CASA CERRADA,50,S,SSB
2025-02-01 00:00:00,774060600479,35,DW,01,E,02,355,BACAB IUIT JOSEFINA DEL R     ,1D,ACTIVO,5V244W ,1,F121,06JL,2025-01-01 00:00:00,1,2025-02-14 00:00:00,224,509,38020,354,51,0,0,004,9JR51,354,-130,NO ENCONTRE DOMI,,,ERROR DE ESTIMACION,S,2025-01-24 09:41:40,3551,R,9NCYE,5V244W ,227,Nor,  ,,,,SSB
2025-02-01 00:00:00,770890400116,07,DW,01,A,02,073,LORENZO POOT CANUL            ,1D,ACTIVO,F594CM ,1,F122,17LN,2025-01-01 00:00:00,1,2025-02-12 00:00:00,36,649,13303,415,53,0,0,004,9JR51,415,-379,UI SERV DIRECTO,,,ERROR DE ESTIMACION,S,2025-01-03 08:24:12,0702,L,R9700,F594CM ,0,Nor,53,UI SERV DIRECTO,53,S,SSB
2025-02-01 00:00:00,773781000069,03,DW,01,D,01,039,ELDA ZURITA DE RICALDE        ,1D,ACTIVO,6B247V ,2,F621,04F3,2025-01-01 00:00:00,1,2025-02-12 00:00:00,437,5203,54291,1437,0,0,0,001,9JR51,1437,-1000,,,,ERROR EN LECTURA,S,,,,,,,,,,,,GSC
2025-02-01 00:00:00,787190200256,35,DW,03,C,72,351,MARTIN MORALES WILIAM         ,9C,ACTIVO,U915XU ,2,F623,18NN,2025-01-01 00:00:00,1,2025-02-28 00:00:00,140,463,6713,140,0,0,0,006,CRAGR,140,0,,,,ERROR EN PROCEDIMIENTOS,,,,,,,,,,,,,SSB
2025-02-01 00:00:00,770880600052,07,DW,01,A,02,073,LORENZO POOT CANUL            ,1D,ACTIVO,695RBL ,1,F122,16LN,2025-01-01 00:00:00,1,2025-02-12 00:00:00,278,270,5942,200,53,0,0,004,9JR51,200,78,UI SERV DIRECTO,,,ERROR DE ESTIMACION,S,2025-01-03 08:24:19,0702,L,R9700,695RBL ,0,Nor,53,UI SERV DIRECTO,53,S,SSB
2025-02-01 00:00:00,770910600150,07,DW,01,A,02,073,LORENZO POOT CANUL            ,1D,ACTIVO,MV5079 ,1,F121,84EG,2025-01-01 00:00:00,1,2025-02-12 00:00:00,159,1286,3297,555,50,0,0,004,9JR51,555,-396,CASA CERRADA,,,ERROR DE ESTIMACION,S,2025-01-03 12:10:56,0702,L,R9700,MV5079 ,0,Nor,50,CASA CERRADA,50,S,SSB
2025-02-01 00:00:00,789100105244,20,DW,04,A,01,204,DZUL PAT CARLOS ALBERTO       ,1F,ACTIVO,89W50G ,2,F62H,11KN,2024-12-01 00:00:00,1,2025-02-06 00:00:00,437,3804,33651,1104,0,0,0,001,9JPYA,1104,-667,,,,ERROR EN LECTURA,S,,,,,,,,,,,,GSC
2025-02-01 00:00:00,779150104693,72,DW,01,B,01,721,LINK   MORE SA DE CV          ,67,BAJA,,3,,,2025-02-01 00:00:00,1,2025-02-27 00:00:00,0,22817,,,,,,004,9MC86,5934,-5934,,,,ERROR DE ESTIMACION,D,2025-02-17 11:58:34,7202,L,9EMDK,FY059U ,0,Nor,59,DISPLAY APAGADO,59,S,SSB
2025-02-01 00:00:00,771210802530,34,DW,01,B,01,342,PEREZ VAZQUEZ NAOMY KARELI    ,02,CORTADO,MF406P ,2,F623,20NU,2024-12-01 00:00:00,1,2025-02-04 00:00:00,264,3920,12131,750,51,0,0,004,9MC86,750,-486,NO ENCONTRE DOMI,,,ERROR DE ESTIMACION,D,2024-12-23 11:34:36,3401,L,9ND4Y,MF406P ,0,Nor,51,NO ENCONTRE DOMI,,,SSB
2025-02-01 00:00:00,770910600524,21,DW,01,A,02,211,DALINA U PARDENILLA PAZ       ,1D,ACTIVO,X9X168 ,2,F62A,91G6,2025-01-01 00:00:00,1,2025-02-07 00:00:00,252,4394,37498,1246,0,0,0,001,9MC86,1246,-994,,,,ERROR EN LECTURA,D,,,,,,,,,,,,GSC
2025-02-01 00:00:00,789001155752,19,DW,04,B,23,192,CANTO LUNA CARLOS JULIAN      ,1F,ACTIVO,RFX626 ,2,F623,24NY,2025-01-01 00:00:00,1,2025-02-13 00:00:00,487,5338,,,,,,006,9JRB3,1435,-948,,,,ERROR EN PROCEDIMIENTOS,S,,,,,,,,,,,,SSB
2025-02-01 00:00:00,806130700033,78,DW,08,C,44,449,CAN UITZIL FREDY ARIEL        ,9C,ACTIVO,147RL2 ,3,KL28,12KM,2025-01-01 00:00:00,1,2025-02-28 00:00:00,172,852,8353,172,0,0,0,006,CRAGR,172,0,,,,ERROR EN PROCEDIMIENTOS,,,,,,,,,,,,,SSB
2025-02-01 00:00:00,792160200034,71,DW,04,E,76,711,FRIESSEN KLASSEN ABRAHAM      ,9A,ACTIVO,MX102A ,3,KL28,20KE,2025-01-01 00:00:00,1,2025-02-28 00:00:00,0,451,5294,0,0,31,0,006,CRAGR,0,0,,SERVICIO SIN USO,,ERROR EN PROCEDIMIENTOS,,2025-01-15 11:40:01,7102,L,R8999,MX102A ,0,Opt,31,SERVICIO SIN USO,,,SSB
2025-02-01 00:00:00,792170300878,71,DW,04,E,76,711,DIEDRICH BRAUN HEIDE          ,9A,ACTIVO,PJ097H ,3,KL28,20KE,2025-01-01 00:00:00,1,2025-02-28 00:00:00,48,767,3018,8,0,31,0,006,CRAGR,48,0,,SERVICIO SIN USO,,ERROR EN PROCEDIMIENTOS,,,,,,,,,,,,,SSB
2025-02-01 00:00:00,777211002551,30,DW,01,J,38,307,RODRIGUEZ EK KELLY MAGDALLY   ,1D,ACTIVO,MF034X ,2,20NU,20NU,2024-12-01 00:00:00,1,2025-02-12 00:00:00,227,2457,6973,814,0,0,0,001,9JR51,814,-587,,,,ERROR EN LECTURA,S,,,,,,,,,,,,GSC
2025-02-01 00:00:00,789131205166,79,DW,04,B,23,792,SIMA DZUL JOSE MARTIN         ,9C,ACTIVO,GEL585 ,3,KL28,22NJ,2025-01-01 00:00:00,1,2025-02-28 00:00:00,1050,3231,36709,1050,0,0,0,006,CRAGR,1050,0,,,,ERROR EN PROCEDIMIENTOS,,,,,,,,,,,,,SSB
2025-02-01 00:00:00,805150101113,74,DW,08,B,70,701,CETZ CUTZ DAMIAN              ,9C,ACTIVO,353T9T ,2,F622,14LM,2025-02-01 00:00:00,1,2025-02-28 00:00:00,67,48,5349,67,0,0,0,006,CRAGR,67,0,,,,ERROR EN PROCEDIMIENTOS,,2025-02-19 13:07:35,7403,L,9ND0M,353T9T ,67,Opt,  ,,,,SSB
2025-02-01 00:00:00,792180400200,69,DW,04,E,94,691,EJIDO EMILIANO ZAPATA POZO 7  ,9C,ACTIVO,GGE986 ,3,VL28,22NJ,2025-01-01 00:00:00,1,2025-02-28 00:00:00,3680,6833,858,3680,0,0,0,006,CRAGR,3680,0,,,,ERROR EN PROCEDIMIENTOS,,,,,,,,,,,,,SSB
2025-02-01 00:00:00,792190400771,79,DW,04,E,99,791,AGROPECUARIA MAYA DE MELCHOR S,9C,ACTIVO,PY859F ,3,KL28,21KE,2025-01-01 00:00:00,1,2025-02-28 00:00:00,828,2058,24978,828,0,0,0,006,CRAGR,828,0,,,,ERROR EN PROCEDIMIENTOS,,,,,,,,,,,,,SSB
2025-02-01 00:00:00,796180404219,74,DW,06,A,22,740,FARIAS AGUILAR VICTORIANO SALV,9C,ACTIVO,645TTC ,3,VL28,16KE,2025-01-01 00:00:00,1,2025-02-28 00:00:00,0,430,12176,0,0,31,0,006,CRAGR,0,0,,SERVICIO SIN USO,,ERROR EN PROCEDIMIENTOS,,2025-01-16 08:28:31,7201,L,R9718,645TTC ,0,Opt,31,SERVICIO SIN USO,,,SSB
2025-02-01 00:00:00,803231100666,69,DW,07,D,07,001,MAZON CAN ESTEBAN             ,9C,ACTIVO,GEL104 ,3,KL28,22NJ,2025-02-01 00:00:00,1,2025-02-28 00:00:00,161,840,1470,161,0,0,0,006,CRAGR,161,0,,,,ERROR EN PROCEDIMIENTOS,,2025-02-12 07:55:09,6902,L,R9920,GEL104 ,161,Opt,  ,,,,SSB
2025-02-01 00:00:00,778901200115,79,DW,01,K,42,792,BENITO CANUL CHAN             ,9C,CORTADO,9V53F8 ,1,F421,04GH,2025-01-01 00:00:00,1,2025-02-28 00:00:00,1,45,38164,1,0,31,0,006,CRAGR,1,0,,SERVICIO SIN USO,,ERROR EN PROCEDIMIENTOS,,,,,,,,,,,,,SSB
2025-02-01 00:00:00,779160302124,74,DW,01,M,01,746,GARCIA PENICHE ENNA LORENA    ,9C,ACTIVO,HYX447 ,2,F623,23NU,2025-01-01 00:00:00,1,2025-02-28 00:00:00,115,352,5181,115,0,0,0,006,CRAGR,115,0,,,,ERROR EN PROCEDIMIENTOS,,,,,,,,,,,,,SSB
2025-02-01 00:00:00,790070901120,67,DW,04,C,58,067,MANOS UNIDAS P PROG SPR DE RI ,9C,ACTIVO,U037AU ,3,KL28,18KE,2025-02-01 00:00:00,1,2025-02-28 00:00:00,14564,41095,94789,14564,0,0,0,006,CRAGR,14564,0,,,,ERROR EN PROCEDIMIENTOS,,2025-02-10 10:58:56,6701,L,9EMLY,U037AU ,14564,Opt,  ,,,,SSB
2025-02-01 00:00:00,792140300652,69,DW,04,E,94,691,UNID D RIEGO POZO 9 EMI ZAPATA,9C,ACTIVO,GGD367 ,3,VL28,22NJ,2025-02-01 00:00:00,1,2025-02-28 00:00:00,4560,8673,991,4560,0,0,0,006,CRAGR,4560,0,,,,ERROR EN PROCEDIMIENTOS,,2025-02-12 12:05:32,6901,L,9NCVL,GGD367 ,57,Opt,  ,,,,SSB
2025-02-01 00:00:00,793180600507,71,DW,04,F,29,711,VIVEROS VILLA ROMUALDO KM 5 5 ,9C,ACTIVO,PJ987H ,3,KL28,20KE,2025-01-01 00:00:00,1,2025-02-28 00:00:00,28,742,2977,28,0,0,0,006,CRAGR,28,0,,,,ERROR EN PROCEDIMIENTOS,,,,,,,,,,,,,SSB
2025-02-01 00:00:00,805100101953,73,DW,08,B,67,679,LORIA CRUZ MANUEL JESUS       ,9C,ACTIVO,30P9H1 ,3,FD2H,09KV,2025-02-01 00:00:00,1,2025-02-28 00:00:00,35,4391,72654,35,0,0,0,006,CRAGR,35,0,,,,ERROR EN PROCEDIMIENTOS,,2025-02-18 11:19:36,7302,L,9ND0M,30P9H1 ,35,Opt,  ,,,,SSB
2025-02-01 00:00:00,805100101988,73,DW,08,B,67,679,LORIA CRUZ MANUEL JESUS       ,9C,ACTIVO,MX708A ,2,KL28,20KE,2025-02-01 00:00:00,1,2025-02-28 00:00:00,72,3374,15987,72,0,0,0,006,CRAGR,72,0,,,,ERROR EN PROCEDIMIENTOS,,2025-02-18 11:15:42,7302,L,9ND0M,MX708A ,72,Opt,  ,,,,SSB
2025-02-01 00:00:00,789220401246,72,DW,04,A,01,721,PERFO POZO PROF NICTE II      ,9A,ACTIVO,MY451A ,3,VL28,20KE,2025-01-01 00:00:00,1,2025-02-28 00:00:00,24850,48027,218,4900,0,0,0,006,CRAGR,24850,0,,,,ERROR EN PROCEDIMIENTOS,,,,,,,,,,,,,SSB
2025-02-01 00:00:00,787890900224,67,DW,03,C,71,672,HUCHIM TZUC JOSE DEL CARMEN   ,9C,ACTIVO,NT744C ,2,F623,20NU,2025-02-01 00:00:00,1,2025-02-28 00:00:00,21,99,1667,21,0,0,0,006,CRAGR,21,0,,,,ERROR EN PROCEDIMIENTOS,,2025-02-10 11:19:18,6702,L,GA6WN,NT744C ,21,Opt,  ,,,,SSB
2025-02-01 00:00:00,790000855953,78,DW,04,C,53,761,MEDINA OVIEDO RODOLFO         ,9C,ACTIVO,899WYE ,2,F622,16LM,2025-01-01 00:00:00,1,2025-02-28 00:00:00,246,704,24367,246,0,0,0,006,CRAGR,246,0,,,,ERROR EN PROCEDIMIENTOS,,,,,,,,,,,,,SSB
2025-02-01 00:00:00,787980800016,66,DW,03,C,74,661,CANCHE CANUL JOSE ANTONIO     ,9C,ACTIVO,888WPE ,3,FD22,17LR,2025-01-01 00:00:00,1,2025-02-28 00:00:00,199,563,11913,199,0,0,0,006,CRAGR,199,0,,,,ERROR EN PROCEDIMIENTOS,,,,,,,,,,,,,SSB
2025-02-01 00:00:00,798090400373,62,DW,06,C,02,900,CARRILLO GONGORA LUIS HERNAN  ,9C,ACTIVO,MY608F ,3,VL28,20KE,2025-02-01 00:00:00,1,2025-02-28 00:00:00,0,430,121,0,0,0,0,006,CRAGR,0,0,,,,ERROR EN PROCEDIMIENTOS,,2025-01-31 08:29:26,6201,L,9EMKF,MY608F ,0,Nor,59,DISPLAY APAGADO,59,S,SSB
2025-02-01 00:00:00,779160302124,74,DW,01,M,01,746,GARCIA PENICHE ENNA LORENA    ,9C,ACTIVO,HYX447 ,2,F623,23NU,2025-02-01 00:00:00,1,2025-02-28 00:00:00,535,1482,5716,535,0,0,0,006,CRAGR,535,0,,,,ERROR EN PROCEDIMIENTOS,,2025-02-19 11:08:57,7401,L,9NCYK,HYX447 ,535,Opt,  ,,,,SSB
2025-02-01 00:00:00,805030500961,77,DW,08,B,66,668,BAAS IUIT BASILIO             ,9C,ACTIVO,5V38P9 ,2,F421,04GH,2025-01-01 00:00:00,1,2025-02-28 00:00:00,14,80,5282,14,0,0,0,006,CRAGR,14,0,,,,ERROR EN PROCEDIMIENTOS,,,,,,,,,,,,,SSB
2025-02-01 00:00:00,805100101996,73,DW,08,B,67,679,LORIA CRUZ MANUEL DE JESUS    ,9C,ACTIVO,MX672A ,3,KL28,20KE,2025-01-01 00:00:00,1,2025-02-28 00:00:00,8,64,7417,8,0,31,0,006,CRAGR,8,0,,SERVICIO SIN USO,,ERROR EN PROCEDIMIENTOS,,,,,,,,,,,,,SSB
2025-02-01 00:00:00,805100102003,73,DW,08,B,67,679,LORIA CRUZ MANUEL JESUS       ,9C,ACTIVO,31P6H0 ,3,FD2H,09KV,2025-02-01 00:00:00,1,2025-02-28 00:00:00,13,78,31223,13,0,0,0,006,CRAGR,13,0,,,,ERROR EN PROCEDIMIENTOS,,2025-02-18 11:27:57,7302,L,9ND0M,31P6H0 ,13,Opt,  ,,,,SSB
2025-02-01 00:00:00,789190101838,64,DW,04,A,01,640,EJIDO HOBOMO                  ,9C,ACTIVO,CKW717 ,3,VL28,22NJ,2025-02-01 00:00:00,1,2025-02-28 00:00:00,6080,11654,922,6080,0,0,0,006,CRAGR,6080,0,,,,ERROR EN PROCEDIMIENTOS,,2025-02-05 09:41:05,6401,L,9EME2,CKW717 ,76,Opt,  ,,,,SSB
2025-02-01 00:00:00,805100101953,73,DW,08,B,67,679,LORIA CRUZ MANUEL JESUS       ,9C,ACTIVO,30P9H1 ,3,FD2H,09KV,2025-01-01 00:00:00,1,2025-02-28 00:00:00,0,43,72619,0,0,31,0,006,CRAGR,0,0,,SERVICIO SIN USO,,ERROR EN PROCEDIMIENTOS,,2025-01-17 14:27:38,7302,L,9ND0M,30P9H1 ,0,Nor,31,SERVICIO SIN USO,,,SSB
2025-02-01 00:00:00,789220401246,72,DW,04,A,01,721,PERFO POZO PROF NICTE II      ,9A,ACTIVO,MY451A ,3,VL28,20KE,2025-02-01 00:00:00,1,2025-02-28 00:00:00,15400,29529,225,2450,0,31,0,006,CRAGR,15400,0,,SERVICIO SIN USO,,ERROR EN PROCEDIMIENTOS,,2025-02-17 10:23:04,7201,L,9BBJK,MY451A ,44,Opt,31,SERVICIO SIN USO,,,SSB
2025-02-01 00:00:00,787950900172,67,DW,03,C,71,671,CANUL ROMULO                  ,9C,ACTIVO,DW485W ,2,F623,19NU,2025-01-01 00:00:00,1,2025-02-28 00:00:00,20,98,1147,20,0,0,0,006,CRAGR,20,0,,,,ERROR EN PROCEDIMIENTOS,,,,,,,,,,,,,SSB
2025-02-01 00:00:00,791940200137,64,DW,04,D,53,640,TZUC PACHECO GUILLERMO TIMOTEO,9C,ACTIVO,620THA ,3,F622,16LM,2025-01-01 00:00:00,1,2025-02-28 00:00:00,683,1873,49065,683,0,0,0,006,CRAGR,683,0,,,,ERROR EN PROCEDIMIENTOS,,,,,,,,,,,,,SSB
2025-02-01 00:00:00,793140402621,79,DW,04,F,09,791,ORTEGA MAGANA HECTOR MANUEL   ,9C,ACTIVO,PJ134H ,3,KL28,20KE,2025-01-01 00:00:00,1,2025-02-28 00:00:00,997,2819,50564,997,0,0,0,006,CRAGR,997,0,,,,ERROR EN PROCEDIMIENTOS,,,,,,,,,,,,,SSB
2025-02-01 00:00:00,793160602015,71,DW,04,F,18,711,SALGADO PEREZ DOROTEO         ,9C,ACTIVO,MU222E ,3,KL28,20KE,2025-01-01 00:00:00,1,2025-02-28 00:00:00,706,1921,2509,706,0,0,0,006,CRAGR,706,0,,,,ERROR EN PROCEDIMIENTOS,,,,,,,,,,,,,SSB
2025-02-01 00:00:00,789071100670,64,DW,04,A,01,640,MARTINEZ ROMERO SUSANO        ,9C,ACTIVO,J843PW ,2,F622,17LM,2025-02-01 00:00:00,1,2025-02-28 00:00:00,5,55,4225,5,0,31,0,006,CRAGR,5,0,,SERVICIO SIN USO,,ERROR EN PROCEDIMIENTOS,,2025-02-05 08:06:34,6401,L,9EME2,J843PW ,5,Opt,31,SERVICIO SIN USO,,,SSB
2025-02-01 00:00:00,789070103381,72,DW,04,A,01,721,ORTEGA TRUJILLO MARCIAL       ,9C,ACTIVO,MW556Y ,3,KL28,20KE,2025-01-01 00:00:00,1,2025-02-28 00:00:00,1037,2786,26719,1037,0,0,0,006,CRAGR,1037,0,,,,ERROR EN PROCEDIMIENTOS,,,,,,,,,,,,,SSB
2025-02-01 00:00:00,791060500344,64,DW,04,D,53,640,EFRAIN UC UCAN                ,9C,ACTIVO,AVU021 ,1,F123,22NX,2025-01-01 00:00:00,1,2025-02-28 00:00:00,0,44,347,0,0,31,0,006,CRAGR,0,0,,SERVICIO SIN USO,,ERROR EN PROCEDIMIENTOS,,2025-01-06 12:15:22,6402,L,9MCJH,AVU021 ,0,Opt,31,SERVICIO SIN USO,,,SSB
2025-02-01 00:00:00,771781200880,09,DW,01,B,01,095,RUIZ CASTILLO ILEANA GUADALUPE,1D,ACTIVO,U6098D ,2,F121,78EG,2025-01-01 00:00:00,1,2025-02-10 00:00:00,353,4875,946,1081,0,0,0,001,9MC86,1362,-1009,,,,ERROR EN LECTURA,D,,,,,,,,,,,,GSC
2025-02-01 00:00:00,771980202492,24,DW,01,B,02,241,MARIA LUISA SULUB NAHUAC      ,1D,BAJA SIN MED RET,042DF3 ,1,F12H,11KU,2025-02-01 00:00:00,4,2025-02-28 00:00:00,0,64.700000000000003,28016,0,0,0,0,080,9MC86,0,0,,,,INACTIVO CANCELACION POR FINIQUITO,D,2025-02-12 08:58:59,2405,L,G92B1,042DF3 ,0,Nor,60,MEDID NO TRABAJA,60,S,CCC
2025-02-01 00:00:00,789880304332,72,DW,04,A,01,722,POZO 8 EJIDO NOHAKAL          ,9C,ACTIVO,MV552M ,3,KL28,20KE,2025-01-01 00:00:00,1,2025-02-28 00:00:00,4500,13056,10136,4500,0,0,0,006,CRAGR,4500,0,,,,ERROR EN PROCEDIMIENTOS,,,,,,,,,,,,,SSB
2025-02-01 00:00:00,787100500451,73,DW,03,C,70,731,TZUC YAH JOSE FILIBERTO       ,9C,ACTIVO,DW243V ,2,F623,19NU,2025-02-01 00:00:00,1,2025-02-28 00:00:00,219,632,14892,219,0,0,0,006,CRAGR,219,0,,,,ERROR EN PROCEDIMIENTOS,,2025-02-18 12:05:31,7301,L,9MCCY,DW243V ,219,Opt,  ,,,,SSB
2025-02-01 00:00:00,796920700232,02,DW,06,A,01,023,ARENAS FERNANDEZ BRICIO       ,1D,ACTIVO,05D5H6 ,2,F421,08KF,2025-02-01 00:00:00,1,2025-02-06 00:00:00,91,3634,58461,1127,0,0,0,001,9NNK8,1127,-1036,,,,ERROR EN LECTURA,S,2025-01-27 07:14:23,0204,M,GAX9M,05D5H6 ,1127,Nor,  ,,,,GSC
2025-02-01 00:00:00,805100101988,73,DW,08,B,67,679,LORIA CRUZ MANUEL JESUS       ,9C,ACTIVO,MX708A ,2,KL28,20KE,2025-01-01 00:00:00,1,2025-02-28 00:00:00,34,134,15915,34,0,0,0,006,CRAGR,34,0,,,,ERROR EN PROCEDIMIENTOS,,,,,,,,,,,,,SSB
2025-02-01 00:00:00,798130400746,67,DW,06,C,14,781,CAMAS CAHUN MARGARITA         ,9C,ACTIVO,PT245X ,3,KL28,21KE,2025-02-01 00:00:00,1,2025-02-28 00:00:00,3245,6392,38836,3245,0,0,0,006,CRAGR,3245,0,,,,ERROR EN PROCEDIMIENTOS,,2025-02-10 06:57:47,6701,L,G92BY,PT245X ,3245,Opt,  ,,,,SSB
2025-02-01 00:00:00,798160800323,67,DW,06,C,14,781,SALAZAR GOMEZ REYNALDO        ,9C,ACTIVO,PJ074F ,3,KL28,20KE,2025-01-01 00:00:00,1,2025-02-28 00:00:00,0,451,41014,0,0,31,0,006,CRAGR,0,0,,SERVICIO SIN USO,,ERROR EN PROCEDIMIENTOS,,2025-01-08 12:31:32,6701,L,9EMKF,PJ074F ,0,Opt,31,SERVICIO SIN USO,,,SSB
2025-02-01 00:00:00,808041000209,75,DW,08,E,67,751,CANTE POOT BRUNO              ,9C,ACTIVO,MV114M ,3,KL28,20KE,2025-01-01 00:00:00,1,2025-02-28 00:00:00,0,717,1648,0,0,0,0,006,CRAGR,0,0,,,,ERROR EN PROCEDIMIENTOS,,2025-01-20 10:42:42,7401,L,GAHXM,MV114M ,0,Nor,59,DISPLAY APAGADO,59,S,SSB
2025-02-01 00:00:00,800981203255,71,DW,07,A,67,010,BRICENO PENICHE FLOR MA       ,9C,ACTIVO,CHF308 ,3,KL28,22NJ,2025-01-01 00:00:00,1,2025-02-28 00:00:00,0,44,13241,0,0,31,0,006,CRAGR,0,0,,SERVICIO SIN USO,,ERROR EN PROCEDIMIENTOS,,2025-01-15 11:50:21,7102,L,GAVNM,CHF308 ,0,Opt,31,SERVICIO SIN USO,,,SSB
2025-02-01 00:00:00,804011101650,77,DW,08,A,02,773,TUN CHAN SANTOS FELIPE        ,9C,ACTIVO,MV794M ,3,KL28,20KE,2025-01-01 00:00:00,1,2025-02-28 00:00:00,52,182,1670,52,0,0,0,006,CRAGR,52,0,,,,ERROR EN PROCEDIMIENTOS,,,,,,,,,,,,,SSB
2025-02-01 00:00:00,789090205181,65,DW,04,B,23,651,COBOS VALLE EDUARDO           ,9C,ACTIVO,L771TX ,1,F122,18LN,2025-02-01 00:00:00,1,2025-02-28 00:00:00,0,5,442,0,0,0,0,006,CRAGR,0,0,,,,ERROR EN PROCEDIMIENTOS,,2025-02-06 08:55:46,6501,L,9MCJG,L771TX ,99572,Nor,44,NUM MEDID DESIGU,,,SSB
2025-02-01 00:00:00,789230800998,64,DW,04,A,01,640,DURAN PAREDES JORGE           ,9C,ACTIVO,GEL890 ,3,KL28,22NJ,2025-02-01 00:00:00,1,2025-02-28 00:00:00,3324,6945,22726,3324,0,0,0,006,CRAGR,3324,0,,,,ERROR EN PROCEDIMIENTOS,,2025-02-05 10:44:05,6401,L,9EME2,GEL890 ,3324,Opt,  ,,,,SSB
2025-02-01 00:00:00,801100501778,68,DW,07,B,30,301,AGUILAR YUPIT JUSTO           ,9C,ACTIVO,699TGY ,2,F622,16LM,2025-02-01 00:00:00,1,2025-02-28 00:00:00,81,748,2045,81,0,0,0,006,CRAGR,81,0,,,,ERROR EN PROCEDIMIENTOS,,2025-02-11 08:24:28,6802,L,9NCU1,699TGY ,81,Opt,  ,,,,SSB
2025-02-01 00:00:00,798940800350,67,DW,06,C,05,781,S L C E IGNACIO ZARAGOZA      ,9C,ACTIVO,MX267B ,3,KL28,20KE,2025-02-01 00:00:00,1,2025-02-28 00:00:00,6073,10726,21131,6073,0,0,0,006,CRAGR,6073,0,,,,ERROR EN PROCEDIMIENTOS,,2025-02-10 07:39:37,6702,L,9MCK2,MX267B ,6073,Opt,  ,,,,SSB
2025-02-01 00:00:00,805880400078,74,DW,08,B,70,701,TUN NAHUAT FRANCISCO          ,9C,ACTIVO,5V01P8 ,2,F421,04GH,2025-02-01 00:00:00,1,2025-02-28 00:00:00,12,74,8569,12,0,0,0,006,CRAGR,12,0,,,,ERROR EN PROCEDIMIENTOS,,2025-02-19 11:10:56,7403,L,9ND0M,5V01P8 ,12,Nor,  ,,,,SSB
2025-02-01 00:00:00,798971000068,67,DW,06,C,04,681,EJIDO KANKABCHEN              ,9C,ACTIVO,MY799F ,3,VL28,20KE,2025-02-01 00:00:00,1,2025-02-28 00:00:00,0,430,1529,0,0,31,0,006,CRAGR,0,0,,SERVICIO SIN USO,,ERROR EN PROCEDIMIENTOS,,2025-02-10 12:30:43,6701,L,G92BY,MY799F ,0,Opt,31,SERVICIO SIN USO,,,SSB
2025-02-01 00:00:00,799150400978,63,DW,06,D,02,631,VALDEZ MILLAN CIPRIANO        ,9C,ACTIVO,MV943J ,3,KL28,20KE,2025-01-01 00:00:00,1,2025-02-28 00:00:00,123,894,11200,123,0,0,0,006,CRAGR,123,0,,,,ERROR EN PROCEDIMIENTOS,,,,,,,,,,,,,SSB
2025-02-01 00:00:00,792160200034,71,DW,04,E,76,711,FRIESSEN KLASSEN ABRAHAM      ,9A,ACTIVO,MX102A ,3,KL28,20KE,2025-02-01 00:00:00,1,2025-02-28 00:00:00,0,430,5294,0,0,31,0,006,CRAGR,0,0,,SERVICIO SIN USO,,ERROR EN PROCEDIMIENTOS,,2025-02-14 10:55:17,7101,L,9MC9P,MX102A ,0,Opt,31,SERVICIO SIN USO,,,SSB
2025-02-01 00:00:00,792170300878,71,DW,04,E,76,711,DIEDRICH BRAUN HEIDE          ,9A,ACTIVO,PJ097H ,3,KL28,20KE,2025-02-01 00:00:00,1,2025-02-28 00:00:00,42,742,3020,2,0,31,0,006,CRAGR,42,0,,SERVICIO SIN USO,,ERROR EN PROCEDIMIENTOS,,2025-02-14 12:32:20,7101,L,9MC9P,PJ097H ,42,Opt,31,SERVICIO SIN USO,,,SSB
2025-02-01 00:00:00,792180400111,71,DW,04,E,76,711,BANMAN FRIESSEN ABRAHAM       ,9C,ACTIVO,MW906Y ,3,KL28,20KE,2025-02-01 00:00:00,1,2025-02-28 00:00:00,15244,27796,86190,15244,0,0,0,006,CRAGR,15244,0,,,,ERROR EN PROCEDIMIENTOS,,2025-02-14 10:30:52,7101,L,9MC9P,MW906Y ,15244,Opt,  ,,,,SSB
2025-02-01 00:00:00,796210801072,31,DW,06,A,01,312,MEDINA QUITERIO FRACISCO      ,02,ACTIVO,NR389P ,2,F623,20NU,2025-01-01 00:00:00,1,2025-02-05 00:00:00,43,746,1000,136,0,0,0,001,9NNK8,136,-93,,,,ERROR EN LECTURA,S,,,,,,,,,,,,GSC
2025-02-01 00:00:00,799150400978,63,DW,06,D,02,631,VALDEZ MILLAN CIPRIANO        ,9C,ACTIVO,MV943J ,3,KL28,20KE,2025-02-01 00:00:00,1,2025-02-28 00:00:00,0,430,11200,0,0,31,0,006,CRAGR,0,0,,SERVICIO SIN USO,,ERROR EN PROCEDIMIENTOS,,2025-02-05 07:00:47,6351,R,GAX9M,MV943J ,0,Nor,31,SERVICIO SIN USO,,,SSB
2025-02-01 00:00:00,805100400080,76,DW,08,B,66,667,ESPARZA MARRUFO PABLO         ,9C,ACTIVO,HYY504 ,2,F623,23NU,2025-01-01 00:00:00,1,2025-02-28 00:00:00,0,608,141,0,0,31,0,006,CRAGR,0,0,,SERVICIO SIN USO,,ERROR EN PROCEDIMIENTOS,,2025-01-22 10:52:53,7602,L,9JRE1,HYY504 ,0,Opt,31,SERVICIO SIN USO,,,SSB
2025-02-01 00:00:00,805880400078,74,DW,08,B,70,701,TUN NAHUAT FRANCISCO          ,9C,ACTIVO,5V01P8 ,2,F421,04GH,2025-01-01 00:00:00,1,2025-02-28 00:00:00,0,42,8557,0,0,31,0,006,CRAGR,0,0,,SERVICIO SIN USO,,ERROR EN PROCEDIMIENTOS,,2025-01-20 10:59:02,7403,L,9ND0M,5V01P8 ,0,Nor,31,SERVICIO SIN USO,,,SSB
2025-02-01 00:00:00,798160800323,67,DW,06,C,14,781,SALAZAR GOMEZ REYNALDO        ,9C,ACTIVO,PJ074F ,3,KL28,20KE,2025-02-01 00:00:00,1,2025-02-28 00:00:00,83,821,41097,83,0,0,0,006,CRAGR,83,0,,,,ERROR EN PROCEDIMIENTOS,,2025-02-10 07:46:57,6701,L,G92BY,PJ074F ,83,Opt,  ,,,,SSB
2025-02-01 00:00:00,777240900518,68,DW,01,J,46,683,GONZALEZ GONZALEZ ISABELLA    ,9C,ACTIVO,GED173 ,3,KL28,22NJ,2025-02-01 00:00:00,1,2025-02-28 00:00:00,1028,2363,2891,1028,0,0,0,006,CRAGR,1028,0,,,,ERROR EN PROCEDIMIENTOS,,2025-02-11 10:00:26,6802,L,9NCXE,GED173 ,1028,Opt,  ,,,,SSB
2025-02-01 00:00:00,315190200273,65,DW,04,B,23,652,MADARIAGA CHI JUAN JOSE       ,9A,ACTIVO,MX190A ,3,KL28,20KE,2025-01-01 00:00:00,1,2025-02-28 00:00:00,161,1934,1073,24,0,0,0,006,CRAGR,161,0,,,,ERROR EN PROCEDIMIENTOS,,,,,,,,,,,,,SSB
2025-02-01 00:00:00,792211100706,70,DW,04,E,79,711,BRAUN HILDEBRANDT GERHARD     ,9C,ACTIVO,R433CC ,3,VL28,18KE,2025-01-01 00:00:00,1,2025-02-28 00:00:00,30560,52542,3789,30560,0,0,0,006,CRAGR,30560,0,,,,ERROR EN PROCEDIMIENTOS,,,,,,,,,,,,,SSB
2025-02-01 00:00:00,798920600265,67,DW,06,C,04,681,ASOC U UNIDAD RIEGOL VERD     ,9C,ACTIVO,MY428A ,3,VL28,20KE,2025-02-01 00:00:00,1,2025-02-28 00:00:00,12000,21308,2395,12000,0,0,0,006,CRAGR,12000,0,,,,ERROR EN PROCEDIMIENTOS,,2025-02-10 09:08:37,6701,L,G92BY,MY428A ,150,Opt,  ,,,,SSB
2025-02-01 00:00:00,800011102391,68,DW,07,A,38,001,COUOH UICAB DANIEL            ,9C,ACTIVO,MW031Y ,3,KL28,20KE,2025-01-01 00:00:00,1,2025-02-28 00:00:00,9,756,1750,9,0,31,0,006,CRAGR,9,0,,SERVICIO SIN USO,,ERROR EN PROCEDIMIENTOS,,,,,,,,,,,,,SSB
2025-02-01 00:00:00,800011102391,68,DW,07,A,38,001,COUOH UICAB DANIEL            ,9C,ACTIVO,MW031Y ,3,KL28,20KE,2025-02-01 00:00:00,1,2025-02-28 00:00:00,14,755,1764,14,0,0,0,006,CRAGR,14,0,,,,ERROR EN PROCEDIMIENTOS,,2025-02-11 10:20:59,6802,L,9MC6T,MW031Y ,14,Opt,  ,,,,SSB
2025-02-01 00:00:00,805150600586,75,DW,08,B,68,689,LIZAMA NOVELO CLARA MARIA     ,9C,ACTIVO,MX483A ,3,KL28,20KE,2025-01-01 00:00:00,1,2025-02-28 00:00:00,0,430,0,0,0,31,0,006,CRAGR,0,0,,SERVICIO SIN USO,,ERROR EN PROCEDIMIENTOS,,2025-01-21 09:04:03,7501,L,9EMGF,MX483A ,0,Opt,31,SERVICIO SIN USO,,,SSB
2025-02-01 00:00:00,801130500695,66,DW,07,B,04,622,SOLIS CAMARA JAIME ALBERTO    ,9C,ACTIVO,01D77R ,3,F62H,10KN,2025-01-01 00:00:00,1,2025-02-28 00:00:00,84,270,15403,84,0,0,0,006,CRAGR,84,0,,,,ERROR EN PROCEDIMIENTOS,,,,,,,,,,,,,SSB
2025-02-01 00:00:00,792131200742,71,DW,04,E,76,711,HARDER KROECKER ABRAHAM       ,9A,ACTIVO,MU883F ,3,KL28,20KE,2025-02-01 00:00:00,1,2025-02-28 00:00:00,2145,4401,3303,1685,0,0,0,006,CRAGR,2145,0,,,,ERROR EN PROCEDIMIENTOS,,2025-02-14 11:00:47,7101,L,9MC9P,MU883F ,2145,Opt,  ,,,,SSB
2025-02-01 00:00:00,800080201288,65,DW,07,C,38,900,ESCOBEDO COUOH WILBERTH S     ,9C,ACTIVO,PT755X ,3,KL28,21KE,2025-02-01 00:00:00,1,2025-02-28 00:00:00,0,43,28,0,0,31,0,006,CRAGR,0,0,,SERVICIO SIN USO,,ERROR EN PROCEDIMIENTOS,,2025-02-06 10:33:15,6502,L,G92BN,PT755X ,0,Opt,31,SERVICIO SIN USO,,,SSB
2025-02-01 00:00:00,315190200273,65,DW,04,B,23,652,MADARIAGA CHI JUAN JOSE       ,9A,ACTIVO,MX190A ,3,KL28,20KE,2025-02-01 00:00:00,1,2025-02-28 00:00:00,45,1632,1089,16,0,0,0,006,CRAGR,45,0,,,,ERROR EN PROCEDIMIENTOS,,2025-02-06 09:14:08,6502,L,9NCVJ,MX190A ,45,Opt,  ,,,,SSB
2025-02-01 00:00:00,798160500249,67,DW,06,C,17,781,AGRONEGOCIOS FERLAN SC DE RL C,9C,ACTIVO,R525BR ,3,KL28,18KE,2025-02-01 00:00:00,1,2025-02-28 00:00:00,2642,4915,67386,2642,0,0,0,006,CRAGR,2642,0,,,,ERROR EN PROCEDIMIENTOS,,2025-02-10 08:54:41,6702,L,9MCK2,R525BR ,2642,Opt,  ,,,,SSB
2025-02-01 00:00:00,779011000140,73,DW,01,M,01,731,ROSADO ITURRALDE HERNANDO JOSE,9C,ACTIVO,CVN455 ,2,F623,22NU,2025-01-01 00:00:00,1,2025-02-28 00:00:00,841,2304,19572,841,0,0,0,006,CRAGR,841,0,,,,ERROR EN PROCEDIMIENTOS,,,,,,,,,,,,,SSB
2025-02-01 00:00:00,791030400477,67,DW,04,D,46,670,GERARDO TUN AKE               ,9C,ACTIVO,YB354W ,2,F623,21NU,2025-01-01 00:00:00,1,2025-02-28 00:00:00,207,598,4971,207,0,0,0,006,CRAGR,207,0,,,,ERROR EN PROCEDIMIENTOS,,,,,,,,,,,,,SSB
2025-02-01 00:00:00,792131201030,78,DW,04,E,47,783,LOEWEN NEUFELD ABRAM          ,9A,ACTIVO,MU303F ,3,KL28,20KE,2025-01-01 00:00:00,1,2025-02-28 00:00:00,0,430,0,0,0,31,0,006,CRAGR,0,0,,SERVICIO SIN USO,,ERROR EN PROCEDIMIENTOS,,2025-01-24 10:20:47,7801,L,R8999,MU303F ,0,Opt,31,SERVICIO SIN USO,,,SSB
2025-02-01 00:00:00,792171200249,70,DW,04,E,79,711,VILLANUEVA TENORIO CARLOS MARI,9C,ACTIVO,GGE947 ,3,VL28,22NJ,2025-01-01 00:00:00,1,2025-02-28 00:00:00,12560,21935,861,12560,0,0,0,006,CRAGR,12560,0,,,,ERROR EN PROCEDIMIENTOS,,,,,,,,,,,,,SSB
2025-02-01 00:00:00,800091001558,68,DW,07,A,09,001,VALLE GUERRERO SILVIA         ,9C,ACTIVO,MX473A ,3,KL28,20KE,2025-01-01 00:00:00,1,2025-02-28 00:00:00,353,1131,5934,353,0,0,0,006,CRAGR,353,0,,,,ERROR EN PROCEDIMIENTOS,,,,,,,,,,,,,SSB
2025-02-01 00:00:00,800101100622,75,DW,07,A,15,154,CEPEDA XOOL PABLO ENRIQUE     ,9C,ACTIVO,MW028X ,3,KL28,20KE,2025-01-01 00:00:00,1,2025-02-28 00:00:00,8,68,8681,8,0,31,0,006,CRAGR,8,0,,SERVICIO SIN USO,,ERROR EN PROCEDIMIENTOS,,,,,,,,,,,,,SSB
2025-02-01 00:00:00,800180300437,79,DW,07,A,89,891,MOLINA ZALDIVAR IGNACIO RAFAEL,9C,ACTIVO,MU921D ,3,KL28,20KE,2025-01-01 00:00:00,1,2025-02-28 00:00:00,65,1458,36819,65,0,0,0,006,CRAGR,65,0,,,,ERROR EN PROCEDIMIENTOS,,,,,,,,,,,,,SSB
2025-02-01 00:00:00,798150201618,63,DW,06,C,03,651,CANCHE SABIDO ANGEL ENRIQUE   ,9C,ACTIVO,GEB050 ,3,KL28,22NJ,2025-02-01 00:00:00,1,2025-02-28 00:00:00,0,42,0,0,0,31,0,006,CRAGR,0,0,,SERVICIO SIN USO,,ERROR EN PROCEDIMIENTOS,,2025-02-04 13:45:36,6301,L,9EMKF,GEB050 ,0,Nor,31,SERVICIO SIN USO,,,SSB
2025-02-01 00:00:00,792140300652,69,DW,04,E,94,691,UNID D RIEGO POZO 9 EMI ZAPATA,9C,ACTIVO,GGD367 ,3,VL28,22NJ,2025-01-01 00:00:00,1,2025-02-28 00:00:00,6160,11348,934,6160,0,0,0,006,CRAGR,6160,0,,,,ERROR EN PROCEDIMIENTOS,,,,,,,,,,,,,SSB
2025-02-01 00:00:00,798180400101,62,DW,06,C,02,900,CARRILLO GONGORA LUIS HERNAN  ,9C,ACTIVO,MU966D ,3,KL28,20KE,2025-02-01 00:00:00,1,2025-02-28 00:00:00,2430,4921,33175,2430,0,0,0,006,CRAGR,2430,0,,,,ERROR EN PROCEDIMIENTOS,,2025-01-31 08:22:35,6201,L,9EMKF,MU966D ,2430,Opt,  ,,,,SSB
2025-02-01 00:00:00,796170602870,69,DW,06,A,23,231,DOMINGUEZ LUNA CLARA          ,9C,ACTIVO,97H16W ,2,VL28,10KC,2025-02-01 00:00:00,1,2025-02-28 00:00:00,320,1194,484,320,0,31,0,006,CRAGR,320,0,,SERVICIO SIN USO,,ERROR EN PROCEDIMIENTOS,,2025-02-12 08:04:38,6901,L,GAX9M,97H16W ,2,Opt,31,SERVICIO SIN USO,,,SSB
2025-02-01 00:00:00,792180400196,67,DW,04,E,82,671,EJIDO TIKINMUL POZO 7         ,9C,ACTIVO,MU249E ,3,KL28,20KE,2025-02-01 00:00:00,1,2025-02-28 00:00:00,7641,14237,8673,7641,0,0,0,006,CRAGR,7641,0,,,,ERROR EN PROCEDIMIENTOS,,2025-02-10 09:42:31,6702,L,R8476,MU249E ,7641,Opt,  ,,,,SSB
2025-02-01 00:00:00,798150100927,67,DW,06,C,12,681,UNIDAD DE RIEGO EL COMPILLA   ,9C,ACTIVO,CKX325 ,3,VL28,22NJ,2025-02-01 00:00:00,1,2025-02-28 00:00:00,1520,3180,728,1520,0,0,0,006,CRAGR,1520,0,,,,ERROR EN PROCEDIMIENTOS,,2025-02-10 12:25:53,6701,L,G92BY,CKX325 ,19,Opt,  ,,,,SSB
2025-02-01 00:00:00,798160500231,64,DW,06,C,67,661,ARREDONDO AZOTLA LILIA MARIA  ,9C,ACTIVO,752HAE ,3,KL28,15KM,2025-02-01 00:00:00,1,2025-02-28 00:00:00,0,430,23192,0,0,31,0,006,CRAGR,0,0,,SERVICIO SIN USO,,ERROR EN PROCEDIMIENTOS,,2025-02-05 16:11:32,6402,L,9MCK2,752HAE ,0,Nor,31,SERVICIO SIN USO,,,SSB
2025-02-01 00:00:00,798180300025,67,DW,06,C,68,681,AGROPRODUCTORES DE LA CAROLINA,9C,ACTIVO,CKX084 ,3,VL28,22NJ,2025-02-01 00:00:00,1,2025-02-28 00:00:00,14560,27202,320,14560,0,0,0,006,CRAGR,14560,0,,,,ERROR EN PROCEDIMIENTOS,,2025-02-10 11:21:57,6701,L,G92BY,CKX084 ,182,Opt,  ,,,,SSB
2025-02-01 00:00:00,798920100220,67,DW,06,C,05,781,IGNACIO ZARAGOZA              ,9C,ACTIVO,GEB123 ,3,KL28,22NJ,2025-02-01 00:00:00,1,2025-02-28 00:00:00,1573,3617,2262,1573,0,0,0,006,CRAGR,1573,0,,,,ERROR EN PROCEDIMIENTOS,,2025-02-10 07:44:25,6702,L,9MCK2,GEB123 ,1573,Opt,  ,,,,SSB
2025-02-01 00:00:00,800091001558,68,DW,07,A,09,001,VALLE GUERRERO SILVIA         ,9C,ACTIVO,MX473A ,3,KL28,20KE,2025-02-01 00:00:00,1,2025-02-28 00:00:00,710,1772,6644,710,0,0,0,006,CRAGR,710,0,,,,ERROR EN PROCEDIMIENTOS,,2025-02-11 09:07:31,6801,L,9JRAJ,MX473A ,710,Opt,  ,,,,SSB
2025-02-01 00:00:00,805100101996,73,DW,08,B,67,679,LORIA CRUZ MANUEL DE JESUS    ,9C,ACTIVO,MX672A ,3,KL28,20KE,2025-02-01 00:00:00,1,2025-02-28 00:00:00,9,1595,7426,9,0,31,0,006,CRAGR,9,0,,SERVICIO SIN USO,,ERROR EN PROCEDIMIENTOS,,2025-02-18 11:12:02,7302,L,9ND0M,MX672A ,9,Opt,31,SERVICIO SIN USO,,,SSB
2025-02-01 00:00:00,806241100701,76,DW,08,C,32,329,MOGUEL GAMBOA JORGE GABRIEL   ,9C,ACTIVO,WTX043 ,2,F623,24P2,2025-01-01 00:00:00,1,2025-02-28 00:00:00,11,71,12,11,0,0,0,006,CRAGR,11,0,,,,ERROR EN PROCEDIMIENTOS,,,,,,,,,,,,,SSB
2025-02-01 00:00:00,794151200474,71,DW,04,G,34,001,ALVARADO GUTIERREZ JOSE LUIS  ,9C,ACTIVO,GEC654 ,3,KL28,22NJ,2025-01-01 00:00:00,1,2025-02-28 00:00:00,1,850,1,1,0,31,0,006,CRAGR,301,-300,,SERVICIO SIN USO,,ERROR EN PROCEDIMIENTOS,,,,,,,,,,,,,SSB
2025-02-01 00:00:00,794151200229,71,DW,04,G,34,001,AGRO IND PALM D L CAND SA D CV,9A,ACTIVO,064HBR ,3,VL28,15KM,2025-01-01 00:00:00,1,2025-02-28 00:00:00,339500,601355,3470,82250,0,0,0,006,CRAGR,339500,0,,,,ERROR EN PROCEDIMIENTOS,,,,,,,,,,,,,SSB
2025-02-01 00:00:00,800990100647,71,DW,07,A,17,030,CONDE MENA JUAN MANUEL        ,9C,ACTIVO,95E2M7 ,3,KL28,08KM,2025-01-01 00:00:00,1,2025-02-28 00:00:00,74,257,82555,74,0,0,0,006,CRAGR,74,0,,,,ERROR EN PROCEDIMIENTOS,,,,,,,,,,,,,SSB
2025-02-01 00:00:00,800990100647,71,DW,07,A,17,030,CONDE MENA JUAN MANUEL        ,9C,ACTIVO,95E2M7 ,3,KL28,08KM,2025-02-01 00:00:00,1,2025-02-28 00:00:00,1638,4742,84193,1638,0,0,0,006,CRAGR,1638,0,,,,ERROR EN PROCEDIMIENTOS,,2025-02-14 11:55:44,7101,L,9MC6T,95E2M7 ,1638,Opt,  ,,,,SSB
2025-02-01 00:00:00,787891200218,67,DW,03,C,71,672,DOMINGO CAUICH UCAN           ,9C,ACTIVO,HB748A ,1,F123,20NT,2025-02-01 00:00:00,1,2025-02-28 00:00:00,58,198,6016,58,0,0,0,006,CRAGR,58,0,,,,ERROR EN PROCEDIMIENTOS,,2025-02-10 11:43:42,6702,L,GA6WN,HB748A ,58,Opt,  ,,,,SSB
2025-02-01 00:00:00,789971200947,65,DW,04,B,23,652,CASTILLO PECH ANTONIO         ,9C,ACTIVO,MV776L ,3,KL28,20KE,2025-02-01 00:00:00,1,2025-02-28 00:00:00,630,1737,1309,630,0,0,0,006,CRAGR,630,0,,,,ERROR EN PROCEDIMIENTOS,,2025-02-06 07:58:37,6502,L,9NCVJ,MV776L ,630,Opt,  ,,,,SSB
2025-02-01 00:00:00,773210800777,27,DW,01,D,03,279,PUC HEREDIA MARIA CASILDA     ,1C,ACTIVO,MF572P ,2,F623,20NU,2024-11-01 00:00:00,1,2025-02-05 00:00:00,0,3390,0,998,0,44,0,001,9JR2L,998,-998,,NUM MEDID DESIGU,,ERROR EN LECTURA,S,,,,,,,,,,,,GSC
2025-02-01 00:00:00,791240100336,66,DW,04,D,90,660,CAHUICH PANTI JOSE DEL CARMEN ,9C,ACTIVO,MU239F ,3,KL28,20KE,2025-02-01 00:00:00,1,2025-02-28 00:00:00,184,893,430,184,0,0,0,006,CRAGR,184,0,,,,ERROR EN PROCEDIMIENTOS,,2025-02-07 16:32:22,6601,L,9MCJH,MU239F ,184,Opt,  ,,,,SSB
2025-02-01 00:00:00,792060300309,78,DW,04,E,47,783,FEHR REMPEL ISSAK             ,9C,ACTIVO,GEL603 ,3,KL28,22NJ,2025-01-01 00:00:00,1,2025-02-28 00:00:00,854,2057,23093,854,0,0,0,006,CRAGR,854,0,,,,ERROR EN PROCEDIMIENTOS,,,,,,,,,,,,,SSB
2025-02-01 00:00:00,792161000276,67,DW,04,E,82,671,TAMAY CHAN WILIAN DAVID       ,9C,ACTIVO,311RRY ,3,FD22,16LR,2025-01-01 00:00:00,1,2025-02-28 00:00:00,4322,11348,66399,4322,0,0,0,006,CRAGR,4322,0,,,,ERROR EN PROCEDIMIENTOS,,,,,,,,,,,,,SSB
2025-02-01 00:00:00,792170400171,71,DW,04,E,76,711,JANZEN BANMAN CORNELIO        ,9A,ACTIVO,MX790A ,3,KL28,20KE,2025-01-01 00:00:00,1,2025-02-28 00:00:00,1396,3023,16693,294,0,0,0,006,CRAGR,1396,0,,,,ERROR EN PROCEDIMIENTOS,,,,,,,,,,,,,SSB
2025-02-01 00:00:00,792030400066,71,DW,04,E,76,711,ABRAHAM BANMAN FRIESSEN       ,9C,ACTIVO,14E0M0 ,3,KL28,08KM,2025-02-01 00:00:00,1,2025-02-28 00:00:00,2971,8346,73186,2971,0,0,0,006,CRAGR,2971,0,,,,ERROR EN PROCEDIMIENTOS,,2025-02-14 10:28:17,7101,L,9MC9P,14E0M0 ,2971,Opt,  ,,,,SSB
2025-02-01 00:00:00,800020400311,74,DW,07,A,13,132,MENA NARVAEZ OMAR             ,9C,ACTIVO,CHF826 ,3,KL28,22NJ,2025-02-01 00:00:00,1,2025-02-28 00:00:00,668,1696,8135,668,0,0,0,006,CRAGR,668,0,,,,ERROR EN PROCEDIMIENTOS,,2025-02-19 10:46:42,7401,L,9JR0E,CHF826 ,668,Opt,  ,,,,SSB
2025-02-01 00:00:00,805150501251,76,DW,08,B,66,667,VICTOR ENRIQUE ZALDIVAR CRUZ  ,9C,ACTIVO,DTA416 ,2,F623,22NU,2025-01-01 00:00:00,1,2025-02-28 00:00:00,22,102,2318,22,0,0,0,006,CRAGR,22,0,,,,ERROR EN PROCEDIMIENTOS,,,,,,,,,,,,,SSB
2025-02-01 00:00:00,807070500583,77,DW,08,D,67,771,TUN IUIT RUFINO               ,9C,ACTIVO,J317GA ,2,F622,17LM,2025-01-01 00:00:00,1,2025-02-28 00:00:00,4,53,3685,4,0,31,0,006,CRAGR,4,0,,SERVICIO SIN USO,,ERROR EN PROCEDIMIENTOS,,,,,,,,,,,,,SSB
2025-02-01 00:00:00,777990500287,40,DW,01,J,03,403,RAUL A HINOJOSA MAY           ,1C,ACTIVO,3LR427 ,1,F121,99GG,2024-12-01 00:00:00,1,2025-02-06 00:00:00,261,669,32198,387,0,0,0,001,9JPYN,387,-126,,,,ERROR EN LECTURA,S,,,,,,,,,,,,GSC
2025-02-01 00:00:00,777151000783,24,DW,01,J,03,243,MENDOZA CAUICH FATIMA CONCEPCI,1C,ACTIVO,PHJ760 ,1,F123,24NX,2024-12-01 00:00:00,1,2025-02-06 00:00:00,162,7444,,,,,,003,9JPYN,1880,-1718,,,,CAMBIO DE MEDIDOR,S,,,,,,,,,,,,GSC
2025-02-01 00:00:00,798210400879,63,DW,06,C,20,651,DZUL IC WILBERT ORLANDO       ,9C,ACTIVO,GEF459 ,3,KL28,22NJ,2025-02-01 00:00:00,1,2025-02-28 00:00:00,90,782,90,90,0,0,0,006,CRAGR,90,0,,,,ERROR EN PROCEDIMIENTOS,,2025-02-04 08:12:57,6301,L,9EMKF,GEF459 ,90,Opt,  ,,,,SSB
2025-02-01 00:00:00,799150400196,63,DW,06,D,13,633,PALACIOS OSORIO CORNELIO      ,9C,ACTIVO,V015DX ,3,VL28,18KE,2025-02-01 00:00:00,1,2025-02-28 00:00:00,2000,4054,1139,2000,0,0,0,006,CRAGR,2000,0,,,,ERROR EN PROCEDIMIENTOS,,2025-02-04 13:15:09,6301,L,GAX9M,V015DX ,25,Opt,  ,,,,SSB
2025-02-01 00:00:00,800020400311,74,DW,07,A,13,132,MENA NARVAEZ OMAR             ,9C,ACTIVO,CHF826 ,3,KL28,22NJ,2025-01-01 00:00:00,1,2025-02-28 00:00:00,543,1562,7467,543,0,0,0,006,CRAGR,543,0,,,,ERROR EN PROCEDIMIENTOS,,,,,,,,,,,,,SSB
2025-02-01 00:00:00,787241200841,66,DW,03,C,74,661,GRUPO AGROPECUARIO GUARANI    ,9C,ACTIVO,GEA974 ,3,KL28,22NJ,2025-01-01 00:00:00,1,2025-02-28 00:00:00,1001,10012,26892,1001,0,0,0,006,CRAGR,1001,0,,,,ERROR EN PROCEDIMIENTOS,,,,,,,,,,,,,SSB
2025-02-01 00:00:00,811970901165,18,DW,22,B,01,118,TERESA PAT ALBORNOS           ,1D,ACTIVO,6E784G ,1,F121,05JL,2025-02-01 00:00:00,1,2025-02-19 00:00:00,533,5880,39998,1559,0,0,0,001,9JR5B,1559,-1026,,,,ERROR EN LECTURA,S,2025-02-07 08:22:22,1802,M,R9912,6E784G ,1559,Nor,  ,,,,GSC
2025-02-01 00:00:00,796970800572,24,DW,06,A,01,241,ESCALANTE LOPEZ JOEL          ,1D,ACTIVO,68MF90 ,2,F421,07GH,2025-02-01 00:00:00,1,2025-02-21 00:00:00,377,4642,82700,1360,0,0,0,001,9JR92,1360,-983,,,,ERROR EN LECTURA,S,2025-02-12 14:40:44,2401,M,GAX9M,68MF90 ,1360,Nor,  ,,,,GSC
2025-02-01 00:00:00,796950101562,20,DW,06,A,01,202,SANTIAGO MORENO VARGUEZ       ,1D,ACTIVO,29NT51 ,2,F621,07F3,2025-02-01 00:00:00,1,2025-02-19 00:00:00,419,4902,38832,1421,0,0,0,001,9JR92,1421,-1002,,,,ERROR EN LECTURA,S,2025-02-10 09:34:56,2001,M,9MCJT,29NT51 ,1421,Nor,  ,,FR,S,GSC
2025-02-01 00:00:00,796050902951,16,DW,06,A,01,165,GOMEZ RUIZ NINIVE             ,1D,ACTIVO,WTM670 ,2,F623,24P2,2025-02-01 00:00:00,1,2025-02-18 00:00:00,40,1743,,,,,,003,9JR92,681,-641,,,,CAMBIO DE MEDIDOR,S,2025-02-06 08:42:22,1603,M,9P14T,7B953L ,0,Nor,60,MEDID NO TRABAJA,60,S,GSC
2025-02-01 00:00:00,796970301479,02,DW,06,A,01,021,SANTES HERNANDEZ DELIA ADRIANA,1D,ACTIVO,F341T2 ,1,F121,95F5,2025-02-01 00:00:00,1,2025-02-12 00:00:00,324,4182,78866,1256,0,0,0,001,9JR92,1256,-932,,,,ERROR EN LECTURA,S,2025-01-27 10:07:19,0201,M,G92BA,F341T2 ,1256,Nor,  ,,,,GSC
2025-02-01 00:00:00,790240501741,79,DW,04,C,39,771,EK CHI JOSE AZAEL             ,9C,ACTIVO,GEA186 ,3,KL28,22NJ,2025-01-01 00:00:00,1,2025-02-28 00:00:00,136,1617,136,136,0,0,0,006,CRAGR,602,-466,,,,ERROR EN PROCEDIMIENTOS,,,,,,,,,,,,,SSB
2025-02-01 00:00:00,773000957380,08,DW,01,D,01,080,CHALE ESTRELLA ARMANDO ARTEMIO,1D,ACTIVO,PJN407 ,1,F123,24NX,2025-02-01 00:00:00,1,2025-02-28 00:00:00,108,4001,,,,,,001,9JR2L,1156,-1048,,,,ERROR EN LECTURA,S,2025-01-30 09:14:49,0801,L,G92B1,GGP466 ,1156,Opt,  ,,,,GSC
2025-02-01 00:00:00,789930301127,29,DW,04,A,01,294,EB MAY FRANCISCO              ,1F,ACTIVO,G81P34 ,1,F121,92F5,2025-01-01 00:00:00,1,2025-02-04 00:00:00,148,4038,35993,1152,0,0,0,001,9JR36,1152,-1004,,,,ERROR EN LECTURA,S,,,,,,,,,,,,GSC
2025-02-01 00:00:00,789041201315,18,DW,04,A,01,182,ZAPATA MARTIN NIDIA           ,1F,ACTIVO,RFX555 ,2,F623,24NY,2025-02-01 00:00:00,1,2025-02-25 00:00:00,46,1717,8,8,0,31,0,003,9JR36,645,-599,,SERVICIO SIN USO,,CAMBIO DE MEDIDOR,S,2025-02-07 09:57:26,1851,N,9JRF0,RFX555 ,8,Opt,31,SERVICIO SIN USO,,,GSC
2025-02-01 00:00:00,796990104602,21,DW,06,A,01,214,LOPEZ HERNANDEZ JUAN JOSE     ,1D,ACTIVO,823TT3 ,1,F122,12LH,2025-01-01 00:00:00,1,2025-02-11 00:00:00,816,3344,28807,1059,0,0,0,001,9JR92,1059,-243,,,,ERROR EN LECTURA,S,2025-01-14 07:10:44,2102,M,9MCJY,823TT3 ,98059,Nor,  ,,FR,S,GSC
2025-02-01 00:00:00,811800400099,12,DW,22,B,01,122,JORGE LIZAMA                  ,1D,ACTIVO,328MCV ,1,F12J,15MR,2025-02-01 00:00:00,1,2025-02-17 00:00:00,315,5026,19999,1372,0,0,0,002,9JR5B,1372,-1057,,,,SIN CONSUMO,S,2025-02-06 11:52:52,1252,R,GAXQM,328MCV ,1372,Nor,  ,,,,SSB
2025-02-01 00:00:00,789990100899,72,DW,04,A,01,722,NOHAKAL POZO 10               ,9C,ACTIVO,A493HX ,3,KL28,16KE,2025-01-01 00:00:00,1,2025-02-28 00:00:00,4274,8524,18632,4274,0,0,0,006,CRAGR,4274,0,,,,ERROR EN PROCEDIMIENTOS,,,,,,,,,,,,,SSB
2025-02-01 00:00:00,790090800028,65,DW,04,C,32,651,CRUZ RIVERO JUAN ANTONIO      ,9C,ACTIVO,MU273F ,3,KL28,20KE,2025-01-01 00:00:00,1,2025-02-28 00:00:00,15,753,8990,15,0,0,0,006,CRAGR,15,0,,,,ERROR EN PROCEDIMIENTOS,,,,,,,,,,,,,SSB
2025-02-01 00:00:00,790150501971,67,DW,04,C,58,067,AGROCANA DEL TROPICO POZO 1   ,9C,ACTIVO,PJ174H ,3,KL28,20KE,2025-01-01 00:00:00,1,2025-02-28 00:00:00,0,450,26005,0,0,31,0,006,CRAGR,0,0,,SERVICIO SIN USO,,ERROR EN PROCEDIMIENTOS,,2025-01-09 09:01:13,6701,L,9EMLW,PJ174H ,0,Opt,31,SERVICIO SIN USO,,,SSB
2025-02-01 00:00:00,790200400047,67,DW,04,C,58,067,AGROCANA DEL TROPICO SPR DE RL,9A,ACTIVO,MV701L ,3,KL28,20KE,2025-01-01 00:00:00,1,2025-02-28 00:00:00,0,447,0,0,0,31,0,006,CRAGR,0,0,,SERVICIO SIN USO,,ERROR EN PROCEDIMIENTOS,,2025-01-09 08:52:25,6701,L,9EMLW,MV701L ,0,Opt,31,SERVICIO SIN USO,,,SSB
2025-02-01 00:00:00,792030700191,67,DW,04,E,78,671,ZACHARIAS PETERS ABRAM        ,9C,ACTIVO,PJ149H ,3,KL28,20KE,2025-01-01 00:00:00,1,2025-02-28 00:00:00,2862,5676,43513,2862,0,0,0,006,CRAGR,2862,0,,,,ERROR EN PROCEDIMIENTOS,,,,,,,,,,,,,SSB
2025-02-01 00:00:00,789011000595,72,DW,04,A,01,722,EJIDO POCYAXUM                ,9C,CORTADO,GEL888 ,3,KL28,22NJ,2025-02-01 00:00:00,1,2025-02-28 00:00:00,0,430,9318,0,0,31,0,006,CRAGR,0,0,,SERVICIO SIN USO,,ERROR EN PROCEDIMIENTOS,,2025-02-17 09:21:59,7202,L,9JRCP,GEL888 ,0,Opt,31,SERVICIO SIN USO,,,SSB
2025-02-01 00:00:00,772201102386,32,DW,01,C,01,324,SERRANO BURGOS LUISA FERNANDA ,1D,ACTIVO,PKC077 ,1,F123,24NX,2025-02-01 00:00:00,1,2025-02-28 00:00:00,252,5594,201,201,0,0,0,005,9JR2L,1362,-1110,,,,FALLA DE MEDICION,S,2025-02-19 08:50:46,3204,L,9JRG4,PKC077 ,201,Opt,  ,,,,MED
2025-02-01 00:00:00,789110200776,72,DW,04,A,01,722,VELAZQUEZ ARJONA TERESITA D JE,9C,ACTIVO,PJ191H ,3,KL28,20KE,2025-01-01 00:00:00,1,2025-02-28 00:00:00,84,1385,5598,84,0,0,0,006,CRAGR,84,0,,,,ERROR EN PROCEDIMIENTOS,,,,,,,,,,,,,SSB
2025-02-01 00:00:00,789110200776,72,DW,04,A,01,722,VELAZQUEZ ARJONA TERESITA D JE,9C,ACTIVO,PJ191H ,3,KL28,20KE,2025-02-01 00:00:00,1,2025-02-28 00:00:00,275,960,5873,275,0,0,0,006,CRAGR,275,0,,,,ERROR EN PROCEDIMIENTOS,,2025-02-17 13:11:04,7202,L,9JRCP,PJ191H ,275,Nor,  ,,,,SSB
2025-02-01 00:00:00,787241200795,66,DW,03,C,74,661,GRUPO AGROPECUARIO GUARANI    ,9C,ACTIVO,A358HX ,3,KL28,16KE,2025-01-01 00:00:00,1,2025-02-28 00:00:00,1098,11463,29477,1098,0,0,0,006,CRAGR,1098,0,,,,ERROR EN PROCEDIMIENTOS,,,,,,,,,,,,,SSB
2025-02-01 00:00:00,789180700776,72,DW,04,A,01,722,UNID D RIEGO POZO 2           ,9C,ACTIVO,MW882Y ,3,KL28,20KE,2025-02-01 00:00:00,1,2025-02-28 00:00:00,5,765,30669,5,0,31,0,006,CRAGR,5,0,,SERVICIO SIN USO,,ERROR EN PROCEDIMIENTOS,,2025-02-17 09:29:55,7202,L,9JRCP,MW882Y ,5,Opt,31,SERVICIO SIN USO,,,SSB
2025-02-01 00:00:00,789961001687,17,DW,04,A,01,172,RUZ GAMBOA PILAR AUGENIA      ,1F,ACTIVO,RDM903 ,2,F623,24NY,2025-01-01 00:00:00,1,2025-02-05 00:00:00,1195,5002,,,,,,003,9JR36,1362,-167,,,,CAMBIO DE MEDIDOR,S,,,,,,,,,,,,GSC
2025-02-01 00:00:00,792181100625,69,DW,04,E,94,691,KADAR SPR DE RL DE CV         ,9C,ACTIVO,CKU394 ,3,VL28,22NJ,2025-02-01 00:00:00,1,2025-02-28 00:00:00,11900,25529,817,11900,0,0,0,006,CRAGR,11900,0,,,,ERROR EN PROCEDIMIENTOS,,2025-02-12 10:47:22,6901,L,9NCVL,CKU394 ,34,Opt,  ,,,,SSB
2025-02-01 00:00:00,789171001202,64,DW,04,A,01,640,BAQUEIRO CACERES CARLOS EMILIO,9C,ACTIVO,GEL934 ,3,KL28,22NJ,2025-01-01 00:00:00,1,2025-02-28 00:00:00,1735,3694,17624,1735,0,0,0,006,CRAGR,1735,0,,,,ERROR EN PROCEDIMIENTOS,,,,,,,,,,,,,SSB
2025-02-01 00:00:00,794151200270,65,DW,04,G,10,651,GUTIERREZ SUAREZ MARIO JOAQUIN,9C,ACTIVO,MW119X ,3,KL28,20KE,2025-01-01 00:00:00,1,2025-02-28 00:00:00,756,2141,38717,756,0,0,0,006,CRAGR,756,0,,,,ERROR EN PROCEDIMIENTOS,,,,,,,,,,,,,SSB
2025-02-01 00:00:00,792060300350,78,DW,04,E,47,783,GERARDO FEHR WIEBE            ,9C,ACTIVO,PJ995H ,3,KL28,20KE,2025-01-01 00:00:00,1,2025-02-28 00:00:00,483,998,37485,483,0,0,0,006,CRAGR,483,0,,,,ERROR EN PROCEDIMIENTOS,,,,,,,,,,,,,SSB
2025-02-01 00:00:00,791240300921,66,DW,04,D,67,660,RIVERO SUAREZ GUSTAVO RAUL    ,9C,ACTIVO,CKW473 ,3,VL28,22NJ,2025-02-01 00:00:00,1,2025-02-28 00:00:00,17780,32145,1078,17780,0,0,0,006,CRAGR,17780,0,,,,ERROR EN PROCEDIMIENTOS,,2025-02-07 13:18:25,6601,L,9MCJH,CKW473 ,127,Opt,  ,,,,SSB
2025-02-01 00:00:00,792090301091,77,DW,04,E,49,771,SCHMITH SCHMITH BERNARDO      ,9A,ACTIVO,G911XU ,3,KL28,17KE,2025-01-01 00:00:00,1,2025-02-28 00:00:00,99976,59129,23217,386,0,0,0,006,CRAGR,38587,61389,,,,ERROR EN PROCEDIMIENTOS,,2025-01-23 09:04:33,7701,L,R9420,G911XU ,99976,Opt,  ,,,,SSB
2025-02-01 00:00:00,791981100767,64,DW,04,D,53,640,MORALES GUTIERREZ EMILIO      ,9C,ACTIVO,UB470J ,2,F623,21NY,2025-02-01 00:00:00,1,2025-02-28 00:00:00,0,42,0,0,0,31,0,006,CRAGR,0,0,,SERVICIO SIN USO,,ERROR EN PROCEDIMIENTOS,,2025-02-05 12:55:31,6402,L,9MCJH,UB470J ,0,Opt,31,SERVICIO SIN USO,,,SSB
2025-02-01 00:00:00,810240601330,30,DW,22,A,02,306,CAMPOS PAULINA PAULINA        ,1B,ACTIVO,189JJM ,2,F622,15LM,2025-02-01 00:00:00,1,2025-02-25 00:00:00,375,5964,1572,1572,0,0,0,001,9NNKV,1572,-1197,,,,ERROR EN LECTURA,S,2025-02-19 15:46:37,3052,R,9NCT0,189JJM ,1572,Opt,  ,,,,GSC
2025-02-01 00:00:00,792110201005,67,DW,04,E,82,671,EJIDO TIKIMUL POZO 3          ,9C,ACTIVO,CKU440 ,3,VL28,22NJ,2025-02-01 00:00:00,1,2025-02-28 00:00:00,4880,9202,588,4880,0,0,0,006,CRAGR,4880,0,,,,ERROR EN PROCEDIMIENTOS,,2025-02-10 10:20:03,6702,L,R8476,CKU440 ,61,Opt,  ,,,,SSB
2025-02-01 00:00:00,792151100957,73,DW,04,E,61,732,FRIESSEN BRAUN DIEDRICH       ,9C,ACTIVO,PJ492H ,3,KL28,20KE,2025-02-01 00:00:00,1,2025-02-28 00:00:00,16949,30463,29648,16949,0,0,0,006,CRAGR,16949,0,,,,ERROR EN PROCEDIMIENTOS,,2025-02-18 11:56:44,7301,L,R8476,PJ492H ,16949,Opt,  ,,,,SSB
2025-02-01 00:00:00,792171200257,70,DW,04,E,79,711,VILLANUEVA TENORIO CARLOS MARI,9C,ACTIVO,CKW469 ,3,VL28,22NJ,2025-02-01 00:00:00,1,2025-02-28 00:00:00,46080,78765,3428,46080,0,0,0,006,CRAGR,46080,0,,,,ERROR EN PROCEDIMIENTOS,,2025-02-13 09:38:23,7001,L,R8999,CKW469 ,576,Opt,  ,,,,SSB
2025-02-01 00:00:00,792130100779,75,DW,04,E,45,751,BERG DYCK JACOBO              ,9C,ACTIVO,MU198F ,3,KL28,20KE,2025-01-01 00:00:00,1,2025-02-28 00:00:00,4259,8531,6142,4259,0,0,0,006,CRAGR,4259,0,,,,ERROR EN PROCEDIMIENTOS,,,,,,,,,,,,,SSB
2025-02-01 00:00:00,801170801698,31,DW,07,B,37,037,PAT CAAMAL ARTURO BENJAMIN    ,1B,ACTIVO,F379CL ,1,F122,17LN,2025-01-01 00:00:00,1,2025-02-17 00:00:00,265,1346,13901,535,52,0,0,001,9NNL5,535,-270,COMUNICACION INTERRU,,,ERROR EN LECTURA,S,2025-01-21 10:19:07,3126,L,9NCU1,F379CL ,0,Nor,52,COMUNICACION INTERRU,52,S,GSC
2025-02-01 00:00:00,787970900128,65,DW,03,C,72,651,JOSE SILVERIO YAH OJEDA       ,9C,ACTIVO,NT761C ,2,F623,20NU,2025-01-01 00:00:00,1,2025-02-28 00:00:00,423,1177,13124,423,0,0,0,006,CRAGR,423,0,,,,ERROR EN PROCEDIMIENTOS,,,,,,,,,,,,,SSB
2025-02-01 00:00:00,787150400813,67,DW,03,C,71,671,HUCHIM KU ENRIQUE ADRIAN      ,9C,ACTIVO,382X0H ,2,F622,14LM,2025-02-01 00:00:00,1,2025-02-28 00:00:00,192,558,21832,192,0,0,0,006,CRAGR,192,0,,,,ERROR EN PROCEDIMIENTOS,,2025-02-10 10:12:28,6701,L,9MCCY,382X0H ,192,Opt,  ,,,,SSB
2025-02-01 00:00:00,790090300432,74,DW,04,C,36,741,AGRICOLA TECNICA CAMP SA DE CV,9C,ACTIVO,CKU465 ,3,VL28,22NJ,2025-02-01 00:00:00,1,2025-02-28 00:00:00,7000,13243,909,7000,0,0,0,006,CRAGR,7000,0,,,,ERROR EN PROCEDIMIENTOS,,2025-02-19 09:46:46,7401,L,9EMLW,CKU465 ,50,Opt,  ,,,,SSB
2025-02-01 00:00:00,790111000957,74,DW,04,C,36,741,SERV  AL CAMPO ALTA CAL SA CV ,9C,ACTIVO,CKW748 ,3,VL28,22NJ,2025-02-01 00:00:00,1,2025-02-28 00:00:00,1360,2895,71,1360,0,0,0,006,CRAGR,1360,0,,,,ERROR EN PROCEDIMIENTOS,,2025-02-19 09:34:37,7401,L,9EMLW,CKW748 ,17,Opt,  ,,,,SSB
2025-02-01 00:00:00,790811000184,21,DW,04,C,54,213,ALEJANDRO PUC CRUZ            ,02,ACTIVO,9P7A61 ,3,FD21,01F4,2025-01-01 00:00:00,1,2025-02-10 00:00:00,22,5288,26740,1011,0,0,0,001,9ND3F,1011,-989,,,,ERROR EN LECTURA,D,,,,,,,,,,,,GSC
2025-02-01 00:00:00,810240602956,28,DW,22,A,01,284,GARCIA VILCHIS SAMANTA VICTORI,1B,ACTIVO,UC557A ,2,F623,21NY,2025-02-01 00:00:00,1,2025-02-28 00:00:00,1224,21204,4977,4977,0,0,0,001,9NNKV,4977,-3753,,,,ERROR EN LECTURA,S,2025-02-20 16:00:53,3402,M,9NCT0,UC557A ,4977,Opt,  ,,,,GSC
2025-02-01 00:00:00,801750205375,10,DW,07,B,06,102,AGUILAR BALAM TERESITA        ,1B,ACTIVO,PKP329 ,1,F123,24NX,2025-02-01 00:00:00,1,2025-02-12 00:00:00,200,1675,155,155,0,0,0,003,9NNL5,606,-406,,,,CAMBIO DE MEDIDOR,S,2025-01-31 11:01:44,1001,M,9NCU1,PKP329 ,155,Opt,  ,,,,GSC
2025-02-01 00:00:00,801921100135,14,DW,07,B,06,145,DIAZ SANTOYO GILBERTO         ,1B,ACTIVO,B45C49 ,1,F121,91F5,2025-02-01 00:00:00,1,2025-02-21 00:00:00,118,484,54346,337,0,0,0,001,9NNL5,337,-219,,,,ERROR EN LECTURA,S,2025-02-05 12:46:50,1403,L,9ND1A,B45C49 ,2037,Nor,  ,,FR,S,GSC
2025-02-01 00:00:00,801090502444,23,DW,07,B,30,121,NOH MANRIQUE HERMINIA         ,1B,ACTIVO,PKA187 ,1,F123,24NX,2025-01-01 00:00:00,1,2025-02-10 00:00:00,0,1295,,,,,,003,9NNL5,524,-524,,,,CAMBIO DE MEDIDOR,S,2025-01-15 11:28:45,2327,L,9NCU1,12A4C9 ,5,Nor,60,MEDID NO TRABAJA,60,S,GSC
2025-02-01 00:00:00,801100700797,33,DW,07,B,77,277,DZIB NOH MARTINIANO           ,02,ACTIVO,PKF030 ,1,F123,24NX,2025-01-01 00:00:00,1,2025-02-10 00:00:00,942,8325,128,128,0,0,0,003,9NNL5,1617,-675,,,,CAMBIO DE MEDIDOR,S,,,,,,,,,,,,GSC
2025-02-01 00:00:00,801071001108,33,DW,07,B,77,177,MAY COHUO VICTORIANO          ,1B,ACTIVO,58JD86 ,1,F121,07JL,2025-01-01 00:00:00,1,2025-02-14 00:00:00,204,1186,4219,500,0,0,0,003,9NNL5,500,-296,,,,CAMBIO DE MEDIDOR,S,2025-01-22 13:00:47,3326,L,9NCU1,58JD86 ,9500,Nor,  ,,FR,S,GSC
2025-02-01 00:00:00,801750217926,17,DW,07,B,06,217,ALCOCER SANTOYO JESUS         ,1B,ACTIVO,PKF319 ,1,F123,24NX,2024-09-01 00:00:00,1,2025-02-19 00:00:00,497,3879,,,,,,004,9NNL5,1193,-696,,,,ERROR DE ESTIMACION,S,2024-09-09 09:25:35,1703,M,9ND1A,4J5E15 ,0,Nor,56,NO HAY MEDIDOR,56,S,SSB
2025-02-01 00:00:00,792160700975,71,DW,04,E,76,711,KLASSEN SUDERMAN ISAAK        ,9A,ACTIVO,MV702L ,3,KL28,20KE,2025-02-01 00:00:00,1,2025-02-28 00:00:00,13645,25681,10875,4568,0,0,0,006,CRAGR,13645,0,,,,ERROR EN PROCEDIMIENTOS,,2025-02-14 10:33:49,7101,L,9MC9P,MV702L ,13645,Opt,  ,,,,SSB
2025-02-01 00:00:00,792171000398,67,DW,04,E,82,671,UNID DE RIEGO POZO 6 TIKINMUL ,9C,ACTIVO,GGF624 ,3,VL28,22NJ,2025-02-01 00:00:00,1,2025-02-28 00:00:00,8960,16256,198,8960,0,0,0,006,CRAGR,8960,0,,,,ERROR EN PROCEDIMIENTOS,,2025-02-10 09:58:26,6702,L,R8476,GGF624 ,112,Opt,  ,,,,SSB
2025-02-01 00:00:00,792970700149,67,DW,04,E,82,671,UNIDAD DE RIEGO               ,9C,ACTIVO,GGD386 ,3,VL28,22NJ,2025-02-01 00:00:00,1,2025-02-28 00:00:00,9040,16775,2168,9040,0,0,0,006,CRAGR,9040,0,,,,ERROR EN PROCEDIMIENTOS,,2025-02-10 09:24:29,6702,L,R8476,GGD386 ,113,Opt,  ,,,,SSB
2025-02-01 00:00:00,797200400661,37,DW,06,B,01,371,TUN CHANG SOILA LEYDI         ,1B,ACTIVO,WTN185 ,2,F623,24P2,2025-01-01 00:00:00,1,2025-02-04 00:00:00,261,13329,50,50,0,0,0,004,G86A9,3293,-3032,,,,ERROR DE ESTIMACION,S,2025-01-24 11:29:57,3701,M,R9174,WTN185 ,50,Opt,  ,,,,SSB
2025-02-01 00:00:00,792060300473,78,DW,04,E,47,783,DAVID REMPEL DOERKSEN         ,9C,ACTIVO,CKU410 ,3,VL28,22NJ,2025-01-01 00:00:00,1,2025-02-28 00:00:00,39040,68842,3611,39040,0,0,0,006,CRAGR,39040,0,,,,ERROR EN PROCEDIMIENTOS,,,,,,,,,,,,,SSB
2025-02-01 00:00:00,787100500451,73,DW,03,C,70,731,TZUC YAH JOSE FILIBERTO       ,9C,ACTIVO,DW243V ,2,F623,19NU,2025-01-01 00:00:00,1,2025-02-28 00:00:00,139,416,14673,139,0,0,0,006,CRAGR,139,0,,,,ERROR EN PROCEDIMIENTOS,,,,,,,,,,,,,SSB
2025-02-01 00:00:00,801040700440,29,DW,07,B,03,103,RODRIGUEZ CHI GERVACIO        ,1B,ACTIVO,0T13D8 ,1,F121,04GG,2025-01-01 00:00:00,1,2025-02-24 00:00:00,0,1282,18342,521,0,0,0,002,9NNL5,521,-521,,,,SIN CONSUMO,S,2025-01-20 15:07:15,2926,L,9JR0P,0T13D8 ,99464,Nor,  ,,FR,S,SSB
2025-02-01 00:00:00,794180800197,20,DW,04,G,10,006,CRISOSTO CHABLE JOSE DE LA CRU,1F,CORTADO,XP992G ,1,F123,21NT,2024-10-01 00:00:00,1,2025-02-27 00:00:00,533,48696,14254,14234,0,0,0,006,G08D7,14234,-13701,,,,ERROR EN PROCEDIMIENTOS,D,,,,,,,,,,,,SSB
2025-02-01 00:00:00,789240400700,32,DW,04,A,05,324,ORTEGA VAZQUEZ LIKNI ARIDAIL  ,1F,ACTIVO,JFV558 ,2,F623,23NU,2025-02-01 00:00:00,1,2025-02-21 00:00:00,0,454,1119,315,51,0,0,004,G08D7,315,-315,NO ENCONTRE DOMI,,,ERROR DE ESTIMACION,D,2025-02-19 11:17:32,3227,L,9BBV0,JFV558 ,0,Nor,51,NO ENCONTRE DOMI,,,SSB
2025-02-01 00:00:00,778750612785,31,DW,01,K,58,311,EDILBERTO KU TUN              ,1B,ACTIVO,9D57T1 ,1,F121,03GG,2024-09-01 00:00:00,1,2025-02-17 00:00:00,293,5252,50582,1499,0,0,0,001,G08DE,1499,-1206,,,,ERROR EN LECTURA,D,,,,,,,,,,,,GSC
2025-02-01 00:00:00,792171200249,70,DW,04,E,79,711,VILLANUEVA TENORIO CARLOS MARI,9C,ACTIVO,GGE947 ,3,VL28,22NJ,2025-02-01 00:00:00,1,2025-02-28 00:00:00,38720,67638,1345,38720,0,0,0,006,CRAGR,38720,0,,,,ERROR EN PROCEDIMIENTOS,,2025-02-13 09:31:57,7001,L,R8999,GGE947 ,484,Opt,  ,,,,SSB
2025-02-01 00:00:00,792171200231,70,DW,04,E,79,711,VILLANUEVA TENORIO CARLOS MARI,9C,ACTIVO,GGF019 ,3,VL28,22NJ,2025-02-01 00:00:00,1,2025-02-28 00:00:00,22720,40988,2394,22720,0,0,0,006,CRAGR,22720,0,,,,ERROR EN PROCEDIMIENTOS,,2025-02-13 09:54:26,7001,L,R8999,GGF019 ,284,Opt,  ,,,,SSB
2025-02-01 00:00:00,792171200231,70,DW,04,E,79,711,VILLANUEVA TENORIO CARLOS MARI,9C,ACTIVO,GGF019 ,3,VL28,22NJ,2025-01-01 00:00:00,1,2025-02-28 00:00:00,7040,12726,2110,7040,0,0,0,006,CRAGR,7040,0,,,,ERROR EN PROCEDIMIENTOS,,,,,,,,,,,,,SSB
2025-02-01 00:00:00,778910300173,28,DW,01,K,51,285,ACHACH CIMA ROGER ABDEL       ,02,CORTADO,RCG810 ,2,F623,24NY,2024-10-01 00:00:00,1,2025-02-18 00:00:00,0,5804,,,,,,006,G08DE,0,0,,,,ERROR EN PROCEDIMIENTOS,D,2024-10-17 09:23:46,2828,L,R9962,YV949K ,3337,Opt,  ,,,,SSB
2025-02-01 00:00:00,778910300173,28,DW,01,K,51,285,ACHACH CIMA ROGER ABDEL       ,02,CORTADO,RCG810 ,2,F623,24NY,2024-12-01 00:00:00,1,2025-02-18 00:00:00,0,5804,,,,,,006,G08DE,0,0,,,,ERROR EN PROCEDIMIENTOS,D,2024-12-18 09:07:28,2828,M,R9962,YV949K ,-463,Opt,  ,,,,SSB
2025-02-01 00:00:00,778750612785,31,DW,01,K,58,311,EDILBERTO KU TUN              ,1B,ACTIVO,9D57T1 ,1,F121,03GG,2024-11-01 00:00:00,1,2025-02-17 00:00:00,298,64,50583,1,0,0,0,001,G08DE,1,297,,,,ERROR EN LECTURA,D,2024-11-21 16:59:19,3127,M,GAXWM,9D57T1 ,99095,Nor,  ,,FR,S,GSC
2025-02-01 00:00:00,778910300173,28,DW,01,K,51,285,ACHACH CIMA ROGER ABDEL       ,02,CORTADO,RCG810 ,2,F623,24NY,2024-08-01 00:00:00,1,2025-02-18 00:00:00,0,5804,,,,,,006,G08DE,0,0,,,,ERROR EN PROCEDIMIENTOS,D,2024-08-19 09:05:36,2827,L,R9962,YV949K ,3258,Opt,  ,,,,SSB
2025-02-01 00:00:00,801051201453,29,DW,07,B,86,186,CANCHE BALAM FRANCISCO        ,1C,ACTIVO,4L288D ,1,F121,05JL,2025-01-01 00:00:00,1,2025-02-06 00:00:00,289,681,9199,389,0,0,0,001,9NNL5,389,-100,,,,ERROR EN LECTURA,S,,,,,,,,,,,,GSC
2025-02-01 00:00:00,801150701492,26,DW,07,B,44,441,OSORIO RUIZ HERNANDO JOSE     ,1B,ACTIVO,RCA533 ,2,F623,24NY,2025-02-01 00:00:00,1,2025-02-25 00:00:00,410,82,,,,,,001,9NNL5,64,346,,,,ERROR EN LECTURA,S,2025-02-13 18:26:03,2626,L,9JR0P,51N80N ,64,Nor,  ,,LM,S,GSC
2025-02-01 00:00:00,791030400477,67,DW,04,D,46,670,GERARDO TUN AKE               ,9C,ACTIVO,YB354W ,2,F623,21NU,2025-02-01 00:00:00,1,2025-02-28 00:00:00,325,916,5296,325,0,0,0,006,CRAGR,325,0,,,,ERROR EN PROCEDIMIENTOS,,2025-02-10 09:38:41,6702,L,9MCHH,YB354W ,325,Opt,  ,,,,SSB
2025-02-01 00:00:00,792181100625,69,DW,04,E,94,691,KADAR SPR DE RL DE CV         ,9C,ACTIVO,CKU394 ,3,VL28,22NJ,2025-01-01 00:00:00,1,2025-02-28 00:00:00,4200,11135,783,4200,0,0,0,006,CRAGR,4200,0,,,,ERROR EN PROCEDIMIENTOS,,,,,,,,,,,,,SSB
2025-02-01 00:00:00,315200100825,65,DW,04,B,23,651,MAAS PALACIOS LEVY            ,9C,ACTIVO,MW864Y ,3,KL28,20KE,2025-02-01 00:00:00,1,2025-02-28 00:00:00,14,78,22077,14,0,0,0,006,CRAGR,14,0,,,,ERROR EN PROCEDIMIENTOS,,2025-02-06 09:40:28,6501,L,9MCJG,MW864Y ,14,Opt,  ,,,,SSB
2025-02-01 00:00:00,792171200257,70,DW,04,E,79,711,VILLANUEVA TENORIO CARLOS MARI,9C,ACTIVO,CKW469 ,3,VL28,22NJ,2025-01-01 00:00:00,1,2025-02-28 00:00:00,26560,45710,2852,26560,0,0,0,006,CRAGR,26560,0,,,,ERROR EN PROCEDIMIENTOS,,,,,,,,,,,,,SSB
2025-02-01 00:00:00,791981100767,64,DW,04,D,53,640,MORALES GUTIERREZ EMILIO      ,9C,ACTIVO,UB470J ,2,F623,21NY,2025-01-01 00:00:00,1,2025-02-28 00:00:00,0,45,0,0,0,31,0,006,CRAGR,0,0,,SERVICIO SIN USO,,ERROR EN PROCEDIMIENTOS,,2025-01-06 13:57:26,6402,L,9MCJH,UB470J ,0,Opt,31,SERVICIO SIN USO,,,SSB
2025-02-01 00:00:00,793161101346,71,DW,04,F,29,711,MORA ZETINA LORENA            ,9C,ACTIVO,MU889F ,3,KL28,20KE,2025-01-01 00:00:00,1,2025-02-28 00:00:00,2320,4705,3670,2320,0,0,0,006,CRAGR,2320,0,,,,ERROR EN PROCEDIMIENTOS,,,,,,,,,,,,,SSB
2025-02-01 00:00:00,789180700776,72,DW,04,A,01,722,UNID D RIEGO POZO 2           ,9C,ACTIVO,MW882Y ,3,KL28,20KE,2025-01-01 00:00:00,1,2025-02-28 00:00:00,119,844,30664,119,0,0,0,006,CRAGR,119,0,,,,ERROR EN PROCEDIMIENTOS,,,,,,,,,,,,,SSB
2025-02-01 00:00:00,787130100406,65,DW,03,C,71,651,ZUMARRAGA REJON HEBERT        ,9C,ACTIVO,CKX285 ,3,VL28,22NJ,2025-01-01 00:00:00,1,2025-02-28 00:00:00,0,451,45,0,0,31,0,006,CRAGR,0,0,,SERVICIO SIN USO,,ERROR EN PROCEDIMIENTOS,,2025-01-07 12:52:11,6501,L,9MCCY,CKX285 ,0,Nor,31,SERVICIO SIN USO,,,SSB
2025-02-01 00:00:00,792170800501,69,DW,04,E,94,691,CHAKAN TZIMIN SPR DE RL DE CV ,9C,ACTIVO,GGF018 ,3,VL28,22NJ,2025-02-01 00:00:00,1,2025-02-28 00:00:00,22050,41547,277,22050,0,0,0,006,CRAGR,22050,0,,,,ERROR EN PROCEDIMIENTOS,,2025-02-12 08:54:07,6901,L,9NCVL,GGF018 ,63,Opt,  ,,,,SSB
2025-02-01 00:00:00,792160700975,71,DW,04,E,76,711,KLASSEN SUDERMAN ISAAK        ,9A,ACTIVO,MV702L ,3,KL28,20KE,2025-01-01 00:00:00,1,2025-02-28 00:00:00,9813,18393,6307,2579,0,0,0,006,CRAGR,9813,0,,,,ERROR EN PROCEDIMIENTOS,,,,,,,,,,,,,SSB
2025-02-01 00:00:00,792050700261,78,DW,04,E,47,783,ENRIQUE SIEMENS WALL          ,9C,ACTIVO,MX125A ,3,KL28,20KE,2025-01-01 00:00:00,1,2025-02-28 00:00:00,9034,25143,60677,9034,0,0,0,006,CRAGR,9034,0,,,,ERROR EN PROCEDIMIENTOS,,,,,,,,,,,,,SSB
2025-02-01 00:00:00,786201200575,25,DW,03,B,23,252,HERNANDEZ HERNANDEZ OSCAR     ,02,ACTIVO,RDC350 ,2,F623,24NY,2024-11-01 00:00:00,1,2025-02-24 00:00:00,288,5240,,,,,,006,G08DF,998,-710,,,,ERROR EN PROCEDIMIENTOS,D,,,,,,,,,,,,SSB
2025-02-01 00:00:00,799141100121,23,DW,06,D,02,021,GOMEZ MARTINEZ ROSA           ,1B,ACTIVO,LNC150 ,1,F123,23NX,2025-01-01 00:00:00,1,2025-02-10 00:00:00,863,6853,82,82,0,0,0,001,G86A6,1851,-988,,,,ERROR EN LECTURA,S,,,,,,,,,,,,GSC
2025-02-01 00:00:00,792170400180,78,DW,04,E,47,783,NEUFELD WALL JOHAN            ,9A,ACTIVO,MY996F ,3,VL28,20KE,2025-01-01 00:00:00,1,2025-02-28 00:00:00,66500,128494,708,66500,0,0,0,006,CRAGR,66500,0,,,,ERROR EN PROCEDIMIENTOS,,,,,,,,,,,,,SSB
2025-02-01 00:00:00,783910200229,02,DW,12,D,01,021,JOSE LUIS AMADOR CORTAZAR     ,1D,ACTIVO,H5C691 ,1,F121,88F5,2025-02-01 00:00:00,1,2025-02-13 00:00:00,227,3886,79103,1126,0,0,0,001,G86AC,1126,-899,,,,ERROR EN LECTURA,S,2025-01-27 12:48:12,0201,L,GAD1M,H5C691 ,0,Nor,56,NO HAY MEDIDOR,56,S,GSC
2025-02-01 00:00:00,787070300702,67,DW,03,C,71,671,CANUL ROMULO                  ,9C,ACTIVO,DW486W ,2,F623,19NU,2025-01-01 00:00:00,1,2025-02-28 00:00:00,14,82,1268,14,0,0,0,006,CRAGR,14,0,,,,ERROR EN PROCEDIMIENTOS,,,,,,,,,,,,,SSB
2025-02-01 00:00:00,792181100145,71,DW,04,E,76,711,HARDER WIEBE HEINRICH         ,9A,ACTIVO,G965XU ,3,KL28,17KE,2025-02-01 00:00:00,1,2025-02-28 00:00:00,0,430,3529,0,0,31,0,006,CRAGR,0,0,,SERVICIO SIN USO,,ERROR EN PROCEDIMIENTOS,,2025-02-14 21:26:46,7101,L,9MC9P,G965XU ,0,Nor,31,SERVICIO SIN USO,,,SSB
2025-02-01 00:00:00,800090400505,75,DW,07,A,17,002,PEDRAZA CANUTO LOURDES        ,9M,BAJA,,3,,,2024-12-01 00:00:00,1,2025-02-12 00:00:00,0,2448,,,,,,004,9N4CF,929,-929,,,,ERROR DE ESTIMACION,S,2024-12-20 09:11:38,7503,L,9MCGY,PT710X ,0,Nor,59,DISPLAY APAGADO,59,S,SSB
2025-02-01 00:00:00,792091000575,71,DW,04,E,76,711,KLASSEN SUDERMAN ISAAK        ,9C,ACTIVO,MU463E ,3,KL28,20KE,2025-01-01 00:00:00,1,2025-02-28 00:00:00,1022,2824,14784,1022,0,0,0,006,CRAGR,1022,0,,,,ERROR EN PROCEDIMIENTOS,,,,,,,,,,,,,SSB
2025-02-01 00:00:00,800090400505,75,DW,07,A,17,002,PEDRAZA CANUTO LOURDES        ,9M,BAJA,,3,,,2025-01-01 00:00:00,1,2025-02-12 00:00:00,0,430,,,,,,004,9N4CF,0,0,,,,ERROR DE ESTIMACION,S,2025-01-21 08:54:06,7504,L,9MCGY,PT710X ,0,Nor,59,DISPLAY APAGADO,59,S,SSB
2025-02-01 00:00:00,792091000575,71,DW,04,E,76,711,KLASSEN SUDERMAN ISAAK        ,9C,ACTIVO,MU463E ,3,KL28,20KE,2025-02-01 00:00:00,1,2025-02-28 00:00:00,1338,3685,16122,1338,0,0,0,006,CRAGR,1338,0,,,,ERROR EN PROCEDIMIENTOS,,2025-02-14 10:32:44,7101,L,9MC9P,MU463E ,1338,Opt,  ,,,,SSB
2025-02-01 00:00:00,783120206065,07,DW,12,D,01,070,RODRIGUEZ GARCIA JORGE L      ,1D,ACTIVO,WPA256 ,2,F623,24P2,2025-01-01 00:00:00,1,2025-02-12 00:00:00,445,5321,416,416,0,0,0,003,G86AC,1441,-996,,,,CAMBIO DE MEDIDOR,S,,,,,,,,,,,,GSC
2025-02-01 00:00:00,792140100866,71,DW,04,E,61,711,OCTAVIO LOPEZ GONZALEZ        ,9C,ACTIVO,MU268F ,3,KL28,20KE,2025-01-01 00:00:00,1,2025-02-28 00:00:00,3680,7218,28999,3680,0,0,0,006,CRAGR,3680,0,,,,ERROR EN PROCEDIMIENTOS,,,,,,,,,,,,,SSB
2025-02-01 00:00:00,792160100749,71,DW,04,E,76,711,HARMS FRIESEN HERMAN          ,9C,ACTIVO,MU199E ,3,KL28,20KE,2025-01-01 00:00:00,1,2025-02-28 00:00:00,483,1501,16539,483,0,0,0,006,CRAGR,483,0,,,,ERROR EN PROCEDIMIENTOS,,,,,,,,,,,,,SSB
2025-02-01 00:00:00,800940401174,74,DW,07,A,13,132,MARRUFO MARRUFO FELIPE        ,1B,ACTIVO,N402JJ ,2,F622,18LM,2025-01-01 00:00:00,1,2025-02-12 00:00:00,201,32,10959,0,0,0,0,001,9N4CF,0,201,,,,ERROR EN LECTURA,S,2025-01-20 11:52:52,7401,L,G93BA,N402JJ ,0,Nor,50,CASA CERRADA,50,S,GSC
2025-02-01 00:00:00,791170301410,64,DW,04,D,53,640,PECH SIERRA FRANCISCO         ,9C,ACTIVO,DW591P ,2,F623,19NU,2025-02-01 00:00:00,1,2025-02-28 00:00:00,0,42,1047,0,0,31,0,006,CRAGR,0,0,,SERVICIO SIN USO,,ERROR EN PROCEDIMIENTOS,,2025-02-05 10:32:44,6402,L,9MCJH,DW591P ,0,Opt,31,SERVICIO SIN USO,,,SSB
2025-02-01 00:00:00,791070800834,64,DW,04,D,53,640,MORALES GUTIERREZ EMILIO      ,9C,ACTIVO,KKR053 ,2,F623,23NU,2025-02-01 00:00:00,1,2025-02-28 00:00:00,269,765,4107,269,0,0,0,006,CRAGR,269,0,,,,ERROR EN PROCEDIMIENTOS,,2025-02-05 12:56:44,6402,L,9MCJH,KKR053 ,269,Opt,  ,,,,SSB
2025-02-01 00:00:00,792160100749,71,DW,04,E,76,711,HARMS FRIESEN HERMAN          ,9C,ACTIVO,MU199E ,3,KL28,20KE,2025-02-01 00:00:00,1,2025-02-28 00:00:00,12233,22521,28772,12233,0,0,0,006,CRAGR,12233,0,,,,ERROR EN PROCEDIMIENTOS,,2025-02-14 11:03:40,7101,L,9MC9P,MU199E ,12233,Opt,  ,,,,SSB
2025-02-01 00:00:00,796141000992,74,DW,06,A,23,740,MOSQUEDA JUNES ARMANDO        ,9C,ACTIVO,GEB117 ,3,KL28,22NJ,2025-01-01 00:00:00,1,2025-02-28 00:00:00,378,1513,1853,378,0,0,0,006,CRAGR,378,0,,,,ERROR EN PROCEDIMIENTOS,,,,,,,,,,,,,SSB
2025-02-01 00:00:00,791050301874,64,DW,04,D,53,640,FELIPE YAH COOX               ,9C,ACTIVO,930PHP ,2,F622,16LM,2025-02-01 00:00:00,1,2025-02-28 00:00:00,31,125,196,31,0,0,0,006,CRAGR,31,0,,,,ERROR EN PROCEDIMIENTOS,,2025-02-05 11:39:17,6402,L,9MCJH,930PHP ,31,Opt,  ,,,,SSB
2025-02-01 00:00:00,796181002033,74,DW,06,A,22,740,FARIAS AGUILAR VICTORIANO SALV,9C,ACTIVO,MY798F ,3,VL28,20KE,2025-01-01 00:00:00,1,2025-02-28 00:00:00,2240,4894,4004,2240,0,0,0,006,CRAGR,2240,0,,,,ERROR EN PROCEDIMIENTOS,,,,,,,,,,,,,SSB
2025-02-01 00:00:00,792181100145,71,DW,04,E,76,711,HARDER WIEBE HEINRICH         ,9A,ACTIVO,G965XU ,3,KL28,17KE,2025-01-01 00:00:00,1,2025-02-28 00:00:00,0,450,3529,0,0,31,0,006,CRAGR,0,0,,SERVICIO SIN USO,,ERROR EN PROCEDIMIENTOS,,2025-01-15 12:14:45,7102,L,R8999,G965XU ,0,Opt,31,SERVICIO SIN USO,,,SSB
2025-02-01 00:00:00,800850300328,40,DW,07,A,05,321,PECH CHI JOSE DEL C           ,1B,ACTIVO,PJY998 ,1,F123,24NX,2024-12-01 00:00:00,1,2025-02-07 00:00:00,10,3496,,,,,,001,9N4CF,1010,-1000,,,,ERROR EN LECTURA,S,,,,,,,,,,,,GSC
2025-02-01 00:00:00,800851000379,79,DW,07,A,06,010,ALEJANDRO GONZALEZ AGUILA     ,9M,ACTIVO,PT748X ,3,KL28,21KE,2024-11-01 00:00:00,1,2025-02-07 00:00:00,187,19408,187,187,0,0,0,001,9N4CF,12344,-12157,,,,ERROR EN LECTURA,S,,,,,,,,,,,,GSC
2025-02-01 00:00:00,811240600411,21,DW,22,B,01,211,RODRIGUEZ URIBE MARIA DEL     ,1D,ACTIVO,DJP412 ,2,F623,22NU,2025-01-01 00:00:00,1,2025-02-17 00:00:00,311,2848,898,898,0,0,0,006,9N4CT,898,-587,,,,ERROR EN PROCEDIMIENTOS,S,,,,,,,,,,,,SSB
2025-02-01 00:00:00,800010900090,12,DW,07,A,13,131,DZUL SANCHEZ ABRHAM JESUS     ,1B,ACTIVO,NK140V ,2,F623,20NU,2025-02-01 00:00:00,1,2025-02-12 00:00:00,369,1845,13997,643,0,0,0,001,9N4CF,643,-274,,,,ERROR EN LECTURA,S,2025-02-04 22:34:57,1228,L,9JRAJ,NK140V ,643,Nor,  ,,LM,S,GSC
2025-02-01 00:00:00,800811202106,37,DW,07,A,41,001,POOT COUOH ALMA BLANCA        ,1B,ACTIVO,PKE656 ,1,F123,24NX,2025-01-01 00:00:00,1,2025-02-12 00:00:00,368,2843,144,144,0,0,0,001,9N4CF,864,-496,,,,ERROR EN LECTURA,S,,,,,,,,,,,,GSC
2025-02-01 00:00:00,800880400599,18,DW,07,A,05,182,CASA DEL ANCIANO LOS STOS REYE,1B,ACTIVO,JCK921 ,2,F623,23NU,2025-02-01 00:00:00,1,2025-02-19 00:00:00,441,306,,,,,,003,9N4CF,222,219,,,,CAMBIO DE MEDIDOR,S,2025-02-07 16:12:08,1802,L,9JR0E,79E18N ,0,Nor,56,NO HAY MEDIDOR,56,S,GSC
2025-02-01 00:00:00,791240100336,66,DW,04,D,90,660,CAHUICH PANTI JOSE DEL CARMEN ,9C,ACTIVO,MU239F ,3,KL28,20KE,2025-01-01 00:00:00,1,2025-02-28 00:00:00,122,848,246,122,0,0,0,006,CRAGR,122,0,,,,ERROR EN PROCEDIMIENTOS,,,,,,,,,,,,,SSB
2025-02-01 00:00:00,800921100350,12,DW,07,A,10,101,ALCOCER PARRA JOSE OMAR       ,1B,ACTIVO,PKE288 ,1,F123,24NX,2025-02-01 00:00:00,1,2025-02-13 00:00:00,351,835,,,,,,001,9N4CF,439,-88,,,,ERROR EN LECTURA,S,2025-02-04 17:55:59,1226,L,9MCAW,168JCM ,439,Nor,  ,,FR,S,GSC
2025-02-01 00:00:00,800120100790,78,DW,07,A,06,009,PEREZ CORONADO ANA MARIA      ,1B,ACTIVO,BE467J ,2,F623,19NV,2025-01-01 00:00:00,1,2025-02-07 00:00:00,82,52,2672,40,0,0,0,001,9N4CF,40,42,,,,ERROR EN LECTURA,S,2025-01-24 13:11:22,7801,L,9MC6T,BE467J ,40,Opt,  ,,,,GSC
2025-02-01 00:00:00,800150100492,31,DW,07,A,05,272,LOPE GIL ALEJANDRO ELIGIO     ,1B,ACTIVO,MA299W ,2,F623,20NU,2025-01-01 00:00:00,1,2025-02-17 00:00:00,296,754,6884,405,0,0,0,001,9N4CF,405,-109,,,,ERROR EN LECTURA,S,,,,,,,,,,,,GSC
2025-02-01 00:00:00,800800500032,04,DW,07,A,05,022,AGUIAR PAZ RAUL ANTONIO       ,1B,ACTIVO,U365XT ,2,F623,18NN,2025-02-01 00:00:00,1,2025-02-10 00:00:00,249,708,16453,395,0,0,0,001,9N4CF,395,-146,,,,ERROR EN LECTURA,S,2025-01-28 18:21:58,0402,L,9MCGY,U365XT ,395,Nor,  ,,LM,S,GSC
2025-02-01 00:00:00,800061200882,64,DW,07,A,05,900,OROZCO TAPIA MARIA TERESA     ,67,ACTIVO,PT751X ,3,KL28,21KE,2025-01-01 00:00:00,1,2025-02-17 00:00:00,0,6532,3083,1674,59,0,0,002,9N4CF,1674,-1674,DISPLAY APAGADO,,,SIN CONSUMO,S,2025-01-03 09:24:46,6303,L,9MCGY,PT751X ,0,Nor,59,DISPLAY APAGADO,59,S,SSB
2025-02-01 00:00:00,792170400171,71,DW,04,E,76,711,JANZEN BANMAN CORNELIO        ,9A,ACTIVO,MX790A ,3,KL28,20KE,2025-02-01 00:00:00,1,2025-02-28 00:00:00,10,709,16693,0,0,31,0,006,CRAGR,10,0,,SERVICIO SIN USO,,ERROR EN PROCEDIMIENTOS,,2025-02-14 12:12:02,7101,L,9MC9P,MX790A ,10,Opt,31,SERVICIO SIN USO,,,SSB
2025-02-01 00:00:00,792180400200,69,DW,04,E,94,691,EJIDO EMILIANO ZAPATA POZO 7  ,9C,ACTIVO,GGE986 ,3,VL28,22NJ,2025-02-01 00:00:00,1,2025-02-28 00:00:00,5760,10621,930,5760,0,0,0,006,CRAGR,5760,0,,,,ERROR EN PROCEDIMIENTOS,,2025-02-12 11:45:02,6901,L,9NCVL,GGE986 ,72,Opt,  ,,,,SSB
2025-02-01 00:00:00,811880700292,24,DW,22,B,01,242,EDGARDO VILLANUEVA POLANC     ,02,ACTIVO,292MEF ,2,F62J,15MT,2024-10-01 00:00:00,2,2025-02-06 00:00:00,0,1701,0,0,0,0,0,006,9N4CT,310,-310,,,,ERROR EN PROCEDIMIENTOS,S,2024-10-15 10:35:38,2452,N,9MC8G,292MEF ,0,Nor,53,UI SERV DIRECTO,53,S,SSB
2025-02-01 00:00:00,811890400271,24,DW,22,B,01,241,VERONICA VERDAYES DE S        ,1D,ACTIVO,793MFF ,2,F62J,15MT,2024-12-01 00:00:00,1,2025-02-24 00:00:00,785,19747,4625,4625,0,0,0,006,9N4CT,4625,-3840,,,,ERROR EN PROCEDIMIENTOS,S,,,,,,,,,,,,SSB
2025-02-01 00:00:00,791070501641,64,DW,04,D,53,640,EUAN ALDANA LUIS MANUEL       ,9C,ACTIVO,Y930LY ,2,F623,19NU,2025-01-01 00:00:00,1,2025-02-28 00:00:00,294,831,338,294,0,0,0,006,CRAGR,294,0,,,,ERROR EN PROCEDIMIENTOS,,,,,,,,,,,,,SSB
2025-02-01 00:00:00,791070501641,64,DW,04,D,53,640,EUAN ALDANA LUIS MANUEL       ,9C,ACTIVO,Y930LY ,2,F623,19NU,2025-02-01 00:00:00,1,2025-02-28 00:00:00,306,866,644,306,0,0,0,006,CRAGR,306,0,,,,ERROR EN PROCEDIMIENTOS,,2025-02-05 11:01:22,6402,L,9MCJH,Y930LY ,306,Opt,  ,,,,SSB
2025-02-01 00:00:00,792070301109,78,DW,04,E,47,783,JACOB THIESSEN FEHR           ,9C,ACTIVO,R698BR ,3,KL28,18KE,2025-01-01 00:00:00,1,2025-02-28 00:00:00,29,119,13192,29,0,0,0,006,CRAGR,29,0,,,,ERROR EN PROCEDIMIENTOS,,,,,,,,,,,,,SSB
2025-02-01 00:00:00,792071100352,69,DW,04,E,94,691,TEC GANADERA TROP DE CAM SA CV,9C,ACTIVO,GGE954 ,3,VL28,22NJ,2025-02-01 00:00:00,1,2025-02-28 00:00:00,10720,33478,3638,10720,0,0,0,006,CRAGR,10720,0,,,,ERROR EN PROCEDIMIENTOS,,2025-02-12 09:27:56,6901,L,9NCVL,GGE954 ,134,Opt,  ,,,,SSB
2025-02-01 00:00:00,789220401190,72,DW,04,A,01,721,PERFO POZO KOL TERCERO        ,9A,ACTIVO,G095YA ,3,VL28,17KE,2025-01-01 00:00:00,1,2025-02-28 00:00:00,37450,67736,268,6650,0,0,0,006,CRAGR,37450,0,,,,ERROR EN PROCEDIMIENTOS,,,,,,,,,,,,,SSB
2025-02-01 00:00:00,792080700231,71,DW,04,E,76,711,PENNER NEUSTAETER AARON       ,9C,ACTIVO,MU203E ,3,KL28,20KE,2025-01-01 00:00:00,1,2025-02-28 00:00:00,25,109,490,25,0,0,0,006,CRAGR,25,0,,,,ERROR EN PROCEDIMIENTOS,,,,,,,,,,,,,SSB
2025-02-01 00:00:00,792080700231,71,DW,04,E,76,711,PENNER NEUSTAETER AARON       ,9C,ACTIVO,MU203E ,3,KL28,20KE,2025-02-01 00:00:00,1,2025-02-28 00:00:00,38,144,528,38,0,0,0,006,CRAGR,38,0,,,,ERROR EN PROCEDIMIENTOS,,2025-02-14 12:38:42,7101,L,9MC9P,MU203E ,38,Opt,  ,,,,SSB
2025-02-01 00:00:00,792101000501,67,DW,04,E,82,671,UNIDAD DE RIEGO POZO 5 TIKIMUL,9C,ACTIVO,CKW466 ,3,VL28,22NJ,2025-02-01 00:00:00,1,2025-02-28 00:00:00,7840,14363,1234,7840,0,0,0,006,CRAGR,7840,0,,,,ERROR EN PROCEDIMIENTOS,,2025-02-10 10:16:39,6702,L,R8476,CKW466 ,98,Opt,  ,,,,SSB
2025-02-01 00:00:00,811220900329,24,DW,22,B,01,242,LUGO VALDEZ ELMER DARIO       ,1D,ACTIVO,YC559C ,2,F623,21NU,2024-12-01 00:00:00,1,2025-02-19 00:00:00,800,13697,6917,3298,0,0,0,006,9N4CT,3298,-2498,,,,ERROR EN PROCEDIMIENTOS,S,,,,,,,,,,,,SSB
2025-02-01 00:00:00,790090300432,74,DW,04,C,36,741,AGRICOLA TECNICA CAMP SA DE CV,9C,ACTIVO,CKU465 ,3,VL28,22NJ,2025-01-01 00:00:00,1,2025-02-28 00:00:00,1120,2345,859,1120,0,31,0,006,CRAGR,1120,0,,SERVICIO SIN USO,,ERROR EN PROCEDIMIENTOS,,,,,,,,,,,,,SSB
2025-02-01 00:00:00,790111000957,74,DW,04,C,36,741,SERV  AL CAMPO ALTA CAL SA CV ,9C,ACTIVO,CKW748 ,3,VL28,22NJ,2025-01-01 00:00:00,1,2025-02-28 00:00:00,0,430,54,0,0,31,0,006,CRAGR,0,0,,SERVICIO SIN USO,,ERROR EN PROCEDIMIENTOS,,2025-01-20 09:01:34,7401,L,9BBKD,CKW748 ,0,Opt,31,SERVICIO SIN USO,,,SSB
2025-02-01 00:00:00,811240600381,21,DW,22,B,01,211,RODRIGUEZ URIBE MARIA DEL ROSA,1D,ACTIVO,793TGW ,2,F622,16LM,2025-01-01 00:00:00,1,2025-02-24 00:00:00,706,8006,2037,2037,0,0,0,006,9N4CT,2037,-1331,,,,ERROR EN PROCEDIMIENTOS,S,,,,,,,,,,,,SSB
2025-02-01 00:00:00,811101001669,16,DW,22,B,01,162,DZIB LOPEZ ARTEMIO            ,02,ACTIVO,RBU600 ,2,F623,24NY,2025-02-01 00:00:00,1,2025-02-24 00:00:00,702,8180,0,893,0,0,70,004,9N4CT,1578,-876,,,LECTURA NEGATIVA,ERROR DE ESTIMACION,S,2025-02-06 07:43:17,1652,N,GAXQM,4W71D2 ,681,Nor,  ,,,,SSB
2025-02-01 00:00:00,772800203191,09,DW,01,C,02,093,GUADALUPE MARIN T             ,1D,ACTIVO,059033 ,1,W101,6000,2025-01-01 00:00:00,1,2025-02-20 00:00:00,1167,8123,6324,2106,0,0,0,001,GEYB8,2106,-939,,,,ERROR EN LECTURA,D,,,,,,,,,,,,GSC
2025-02-01 00:00:00,811880700292,24,DW,22,B,01,242,EDGARDO VILLANUEVA POLANC     ,02,ACTIVO,292MEF ,2,F62J,15MT,2024-10-01 00:00:00,1,2025-02-05 00:00:00,310,18517,0,3579,53,0,0,004,9N4CT,3579,-3269,UI SERV DIRECTO,,,ERROR DE ESTIMACION,S,2024-10-15 10:35:38,2452,N,9MC8G,292MEF ,0,Nor,53,UI SERV DIRECTO,53,S,SSB
2025-02-01 00:00:00,793090401068,79,DW,04,F,09,791,RANCHO MONTE BRAVO S D PR D RL,9C,ACTIVO,MU223E ,3,KL28,20KE,2025-01-01 00:00:00,1,2025-02-28 00:00:00,4147,11510,13178,4147,0,0,0,006,CRAGR,4147,0,,,,ERROR EN PROCEDIMIENTOS,,,,,,,,,,,,,SSB
2025-02-01 00:00:00,776040301249,72,DW,01,H,52,721,AGUSTIN MEXICO TORRES         ,9C,ACTIVO,4W37U4 ,3,FD21,04F4,2025-01-01 00:00:00,1,2025-02-28 00:00:00,86,1657,29910,86,0,0,0,006,CRAGR,86,0,,,,ERROR EN PROCEDIMIENTOS,,,,,,,,,,,,,SSB
2025-02-01 00:00:00,789101105213,72,DW,04,A,01,722,UNIDAD DE RIEGO POZO 5 NOHAKAL,9C,ACTIVO,R657CN ,3,KL28,18KE,2025-01-01 00:00:00,1,2025-02-28 00:00:00,34,135,750,34,0,0,0,006,CRAGR,34,0,,,,ERROR EN PROCEDIMIENTOS,,,,,,,,,,,,,SSB
2025-02-01 00:00:00,785010802005,63,DW,03,A,09,630,PRIMITIVO PECH GONZALEZ       ,9C,ACTIVO,REB523 ,2,F623,24NY,2025-02-01 00:00:00,1,2025-02-28 00:00:00,218,629,766,218,0,0,0,006,CRAGR,218,0,,,,ERROR EN PROCEDIMIENTOS,,2025-02-04 12:22:56,6301,L,9EMF8,REB523 ,218,Opt,  ,,,,SSB
2025-02-01 00:00:00,789140301887,78,DW,04,B,23,781,UNID DE RIEGO SN CAMILO POZO 2,9C,ACTIVO,GGD368 ,3,VL28,22NJ,2025-01-01 00:00:00,1,2025-02-28 00:00:00,320,1103,244,320,0,31,0,006,CRAGR,320,0,,SERVICIO SIN USO,,ERROR EN PROCEDIMIENTOS,,,,,,,,,,,,,SSB
2025-02-01 00:00:00,789170501945,72,DW,04,A,01,722,LOPEZ COSGALLA RICARDO ALBERTO,9C,ACTIVO,944PHU ,2,F622,16LM,2025-02-01 00:00:00,1,2025-02-28 00:00:00,340,915,44264,340,0,0,0,006,CRAGR,340,0,,,,ERROR EN PROCEDIMIENTOS,,2025-02-17 08:44:11,7202,L,9JRCP,944PHU ,340,Opt,  ,,,,SSB
2025-02-01 00:00:00,812220806973,27,DW,22,C,11,274,MORENO PEREZ MARIA DEL CARMEN ,1B,ACTIVO,BE672N ,2,F623,19NV,2025-01-01 00:00:00,1,2025-02-21 00:00:00,0,360,5603,258,0,0,70,001,G86AR,258,-258,,,LECTURA NEGATIVA,ERROR EN LECTURA,S,2025-01-17 11:11:09,2729,L,GAPKM,BE672N ,99900,Opt,  ,,,,GSC
2025-02-01 00:00:00,792240100421,73,DW,04,E,61,732,SOC AGRIC Y GAN DE SAN TEOP SP,9C,ACTIVO,GGF703 ,3,VL28,22NJ,2025-01-01 00:00:00,1,2025-02-28 00:00:00,0,430,644,0,0,31,0,006,CRAGR,0,0,,SERVICIO SIN USO,,ERROR EN PROCEDIMIENTOS,,2025-01-17 12:15:55,7301,L,9MC9P,GGF703 ,0,Opt,31,SERVICIO SIN USO,,,SSB
2025-02-01 00:00:00,772230600140,35,DW,01,C,02,355,RAMIREZ VILLAMIL JOSE SEBASTIA,1D,ACTIVO,RDN534 ,2,F623,24NY,2024-11-01 00:00:00,1,2025-02-12 00:00:00,292,5617,341,341,0,0,0,003,GEYB8,1541,-1249,,,,CAMBIO DE MEDIDOR,D,,,,,,,,,,,,GSC
2025-02-01 00:00:00,772820800845,32,DW,01,C,01,321,MONTERO MAGANA ISMAEL RAYMUNDO,1D,ACTIVO,FN6321 ,1,F121,82EG,2024-12-01 00:00:00,1,2025-02-12 00:00:00,320,4858,2902,1362,0,0,0,001,GEYB8,1362,-1042,,,,ERROR EN LECTURA,D,,,,,,,,,,,,GSC
2025-02-01 00:00:00,779120600564,74,DW,01,M,01,746,COCOM POOT ARCENIO            ,9C,ACTIVO,PT331X ,3,KL28,21KE,2025-01-01 00:00:00,1,2025-02-28 00:00:00,239,685,13082,239,0,0,0,006,CRAGR,239,0,,,,ERROR EN PROCEDIMIENTOS,,,,,,,,,,,,,SSB
2025-02-01 00:00:00,779120600564,74,DW,01,M,01,746,COCOM POOT ARCENIO            ,9C,ACTIVO,PT331X ,3,KL28,21KE,2025-02-01 00:00:00,1,2025-02-28 00:00:00,135,2324,13217,135,0,0,0,006,CRAGR,135,0,,,,ERROR EN PROCEDIMIENTOS,,2025-02-20 18:24:44,7451,R,9NCYK,PT331X ,135,Nor,  ,,,,SSB
2025-02-01 00:00:00,777941100371,05,DW,01,J,09,052,MARIA F MARTIN HUCHIM         ,1D,ACTIVO,REF228 ,2,F623,24NY,2025-01-01 00:00:00,1,2025-02-12 00:00:00,581,7551,2761,1975,0,0,0,005,GEYB8,1975,-1394,,,,FALLA DE MEDICION,D,,,,,,,,,,,,MED
2025-02-01 00:00:00,797850701224,08,DW,06,B,01,082,SIERRA EK ADDA MA             ,1B,ACTIVO,282HRT ,1,F122,15LN,2025-02-01 00:00:00,1,2025-02-14 00:00:00,374,61,20002,0,0,0,0,001,G87AQ,0,374,,,,ERROR EN LECTURA,S,2025-01-30 12:42:11,0802,M,R9968,PBA581 ,19628,Nor,44,NUM MEDID DESIGU,44,S,GSC
2025-02-01 00:00:00,789970800991,72,DW,04,A,01,722,EJIDO NOHACAL POZO 2          ,9C,ACTIVO,GGD388 ,3,VL28,22NJ,2025-01-01 00:00:00,1,2025-02-28 00:00:00,11600,21754,2433,11600,0,0,0,006,CRAGR,11600,0,,,,ERROR EN PROCEDIMIENTOS,,,,,,,,,,,,,SSB
2025-02-01 00:00:00,772930200584,32,DW,01,C,01,321,JUAN G PERERA LOPEZ           ,1D,ACTIVO,CX5240 ,1,F121,81EG,2024-12-01 00:00:00,1,2025-02-01 00:00:00,346,4814,5514,1352,0,0,0,001,GEYB8,1352,-1006,,,,ERROR EN LECTURA,D,,,,,,,,,,,,GSC
2025-02-01 00:00:00,812180701693,25,DW,22,C,11,253,NARDI LORENZO                 ,1B,ACTIVO,N258JN ,2,F622,18LM,2025-01-01 00:00:00,1,2025-02-06 00:00:00,635,2647,23299,821,0,0,0,001,G86AR,821,-186,,,,ERROR EN LECTURA,S,,,,,,,,,,,,GSC
2025-02-01 00:00:00,802150200309,20,DW,07,C,42,201,POVEDANO MOGUEL MIGUEL        ,02,ACTIVO,MF032J ,2,F623,20NU,2025-02-01 00:00:00,1,2025-02-28 00:00:00,0,1894,36950,366,0,0,0,004,GABGM,366,-366,,,,ERROR DE ESTIMACION,D,2025-02-10 18:01:12,2028,L,G92BN,MF032J ,366,Nor,  ,,FR,S,SSB
2025-02-01 00:00:00,772080100810,29,DW,01,C,02,294,JIMENEZ MARTIN SANTIAGO       ,1D,ACTIVO,82LU33 ,1,F121,07JL,2025-01-01 00:00:00,1,2025-02-20 00:00:00,87,561,6731,387,0,0,0,001,GEYB8,387,-300,,,,ERROR EN LECTURA,D,,,,,,,,,,,,GSC
2025-02-01 00:00:00,777150800280,21,DW,01,J,03,214,SANTIAGO MORALES JOSE         ,1C,ACTIVO,PAU103 ,1,F123,24NX,2025-01-01 00:00:00,1,2025-02-20 00:00:00,180,1609,58,58,0,0,0,003,GEYB8,593,-413,,,,CAMBIO DE MEDIDOR,D,,,,,,,,,,,,GSC
2025-02-01 00:00:00,772070503258,25,DW,01,C,02,252,MONTERO SOLIS GLANDIEL ISABEL ,1D,ACTIVO,02GM24 ,1,F121,07JL,2025-01-01 00:00:00,1,2025-02-20 00:00:00,2,3322,42956,1002,0,0,0,001,GEYB8,1002,-1000,,,,ERROR EN LECTURA,D,,,,,,,,,,,,GSC
2025-02-01 00:00:00,783030903824,27,DW,12,D,01,272,HACEFF DONAT ALEJANDRA IRASEL ,1D,ACTIVO,4F39V8 ,2,F621,03F3,2025-01-01 00:00:00,1,2025-02-18 00:00:00,281,449,46123,315,0,0,70,004,G87AK,315,-34,,,LECTURA NEGATIVA,ERROR DE ESTIMACION,S,2025-01-17 10:27:40,2702,L,9NCX4,4F39V8 ,98281,Nor,  ,,FR,S,SSB
2025-02-01 00:00:00,805091200200,75,DW,08,B,68,689,BAEZA CASTILLO EDGAR RAUL     ,9C,ACTIVO,R387CN ,3,KL28,18KE,2024-12-01 00:00:00,1,2025-02-24 00:00:00,0,359,67023,499,60,0,0,002,9NNK2,499,-499,MEDID NO TRABAJA,,,SIN CONSUMO,D,2024-12-20 12:03:03,7501,L,9EMGF,R387CN ,0,Nor,60,MEDID NO TRABAJA,60,S,SSB
2025-02-01 00:00:00,805091200200,75,DW,08,B,68,689,BAEZA CASTILLO EDGAR RAUL     ,9C,ACTIVO,R387CN ,3,KL28,18KE,2025-01-01 00:00:00,1,2025-02-24 00:00:00,0,958,68317,1294,60,0,0,002,9NNK2,1294,-1294,MEDID NO TRABAJA,,,SIN CONSUMO,D,2025-01-21 11:58:57,7501,L,9EMGF,R387CN ,0,Nor,60,MEDID NO TRABAJA,60,S,SSB
2025-02-01 00:00:00,783221205809,21,DW,12,D,01,210,SALINAS SEGURA TANIA          ,1D,ACTIVO,DBU407 ,2,F623,22NU,2025-01-01 00:00:00,1,2025-02-10 00:00:00,291,2174,7242,750,0,0,70,004,G87AK,750,-459,,,LECTURA NEGATIVA,ERROR DE ESTIMACION,S,2025-01-14 08:39:10,2102,L,R9954,DBU407 ,92758,Opt,  ,,,,SSB
2025-02-01 00:00:00,796220102407,24,DW,06,A,01,242,CAMPOS FLORES ULICES          ,02,ACTIVO,YJ818G ,2,F623,21NU,2025-02-01 00:00:00,1,2025-02-28 00:00:00,0,2471,13605,497,59,0,0,001,G87AQ,497,-497,DISPLAY APAGADO,,,ERROR EN LECTURA,S,2025-02-12 06:27:50,2403,M,9ND4X,YJ818G ,0,Nor,59,DISPLAY APAGADO,59,S,GSC
2025-02-01 00:00:00,797850701224,08,DW,06,B,01,082,SIERRA EK ADDA MA             ,1B,ACTIVO,282HRT ,1,F122,15LN,2025-02-01 00:00:00,1,2025-02-14 00:00:00,374,61,20002,0,0,0,0,001,G87AQ,0,374,,,,ERROR EN LECTURA,S,2025-01-30 12:42:11,0802,M,R9968,PBA581 ,19628,Nor,44,NUM MEDID DESIGU,44,S,GSC
2025-02-01 00:00:00,812190402074,34,DW,22,C,01,341,ROLLA   MARIO                 ,1B,ACTIVO,JFF189 ,2,F623,23NU,2025-02-01 00:00:00,1,2025-02-25 00:00:00,95,2982,2366,892,51,0,0,004,G87AT,892,-797,NO ENCONTRE DOMI,,,ERROR DE ESTIMACION,S,2025-02-21 15:46:07,3453,R,R9896,JFF189 ,238,Opt,  ,,,,SSB
2025-02-01 00:00:00,796181002599,14,DW,06,A,01,144,GOMEZ HERNANDEZ FABIAN JESUS  ,1D,ACTIVO,LNH741 ,1,F123,23NX,2025-02-01 00:00:00,1,2025-02-17 00:00:00,400,1838,86,86,0,0,0,001,R9260,703,-303,,,,ERROR EN LECTURA,S,2025-02-05 08:07:40,1404,M,R9964,LNH741 ,86,Opt,  ,,,,GSC
2025-02-01 00:00:00,782000761921,24,DW,12,C,01,242,FRANCO JUAREZ TERESA          ,1D,ACTIVO,95PL58 ,2,F621,07F3,2024-12-01 00:00:00,1,2025-02-04 00:00:00,2335,9359,49368,2335,0,0,0,006,R9404,2335,0,,,,ERROR EN PROCEDIMIENTOS,S,,,,,,,,,,,,SSB
2025-02-01 00:00:00,810090200439,29,DW,22,A,01,296,DE LA CRUZ HERNANDEZ MICAELA  ,1B,ACTIVO,679G7Y ,1,F122,13LN,2025-01-01 00:00:00,1,2025-02-10 00:00:00,37,1741,14780,630,0,0,0,001,9NNKA,630,-593,,,,ERROR EN LECTURA,S,,,,,,,,,,,,GSC
2025-02-01 00:00:00,783190205856,68,DW,12,D,01,680,PROMOTORA SADASI SA DE CV     ,5A,ACTIVO,PY682F ,3,KL28,21KE,2025-01-01 00:00:00,1,2025-02-05 00:00:00,0,20689,42193,0,0,0,0,006,R9404,0,0,,,,ERROR EN PROCEDIMIENTOS,S,2025-01-10 10:48:17,6802,L,9NCX4,PY682F ,86892,Opt,  ,,,,SSB
2025-02-01 00:00:00,783080901407,16,DW,12,D,01,162,CRUZ OROZCO TEODULO           ,1D,ACTIVO,21C6J6 ,2,F621,08KG,2024-12-01 00:00:00,1,2025-02-10 00:00:00,415,5184,42979,1415,0,0,0,001,G87AK,1415,-1000,,,,ERROR EN LECTURA,S,,,,,,,,,,,,GSC
2025-02-01 00:00:00,783141106117,21,DW,12,D,01,021,HERNANDEZ HERNANDEZ NELLY DEL ,1D,ACTIVO,43D7C5 ,2,F421,08KF,2024-11-01 00:00:00,1,2025-02-06 00:00:00,93,2985,12727,1084,0,0,0,001,G87AK,1084,-991,,,,ERROR EN LECTURA,S,,,,,,,,,,,,GSC
2025-02-01 00:00:00,812220300697,27,DW,22,C,11,274,GONZALEZ ROMERO MARGARITA     ,1B,ACTIVO,RBG335 ,2,F623,24NY,2024-09-01 00:00:00,1,2025-02-24 00:00:00,0,1261,,,,,,004,9NNKA,610,-610,,,,ERROR DE ESTIMACION,S,,,,,,,,,,,,SSB
2025-02-01 00:00:00,805020200462,10,DW,08,B,66,005,MIGUEL ANGEL VIVAS            ,1B,ACTIVO,8T943H ,2,F621,06F3,2025-02-01 00:00:00,1,2025-02-17 00:00:00,108,2146,37745,709,0,0,0,001,9NNK2,709,-601,,,,ERROR EN LECTURA,D,2025-01-31 11:02:35,1027,M,9JRE1,8T943H ,709,Nor,  ,,,,GSC
2025-02-01 00:00:00,782020200250,12,DW,12,C,01,121,PUGA BARRERA CARLOS           ,1D,ACTIVO,3P9L94 ,2,F421,01GH,2025-02-01 00:00:00,1,2025-02-17 00:00:00,352,4934,77835,1352,0,0,0,001,9NNK6,1352,-1000,,,,ERROR EN LECTURA,S,2025-02-04 10:11:55,1202,L,GAD0M,3P9L94 ,1352,Nor,  ,,,,GSC
2025-02-01 00:00:00,787790800125,35,DW,03,C,72,351,DANIEL PAT TZUC               ,1B,ACTIVO,C1438E ,1,C111,738V,2025-01-01 00:00:00,1,2025-02-18 00:00:00,407,64,6557,2,0,31,0,001,G08D0,2,405,,SERVICIO SIN USO,,ERROR EN LECTURA,S,,,,,,,,,,,,GSC
2025-02-01 00:00:00,782930501253,37,DW,12,C,01,370,MARIA DEL CARMEN PORRAS C     ,1D,ACTIVO,L39N96 ,1,F121,93F5,2025-01-01 00:00:00,1,2025-02-13 00:00:00,173,323,44097,234,0,0,0,001,9NNK6,234,-61,,,,ERROR EN LECTURA,S,,,,,,,,,,,,GSC
2025-02-01 00:00:00,810010802956,26,DW,22,A,02,261,PARRA MOGUEL FELICIA          ,1B,ACTIVO,0N7K81 ,1,F621,01F3,2025-02-01 00:00:00,1,2025-02-28 00:00:00,422,4993,2209,1355,50,0,0,001,9NNKA,1355,-933,CASA CERRADA,,,ERROR EN LECTURA,S,2025-02-15 10:19:42,2652,R,9NCT1,0N7K81 ,0,Nor,50,CASA CERRADA,50,S,GSC
2025-02-01 00:00:00,799120900364,27,DW,06,D,35,350,BALAM PUC ALFREDO             ,1B,ACTIVO,9N27J5 ,1,F121,04GG,2024-11-01 00:00:00,1,2025-02-07 00:00:00,0,192,4863,151,0,0,0,001,9JRFD,151,-151,,,,ERROR EN LECTURA,D,,,,,,,,,,,,GSC
2025-02-01 00:00:00,812220300697,27,DW,22,C,11,274,GONZALEZ ROMERO MARGARITA     ,1B,ACTIVO,RBG335 ,2,F623,24NY,2025-01-01 00:00:00,1,2025-02-24 00:00:00,0,4036,,,,,,004,9NNKA,1126,-1126,,,,ERROR DE ESTIMACION,S,,,,,,,,,,,,SSB
2025-02-01 00:00:00,812220300697,27,DW,22,C,11,274,GONZALEZ ROMERO MARGARITA     ,1B,ACTIVO,RBG335 ,2,F623,24NY,2024-11-01 00:00:00,1,2025-02-24 00:00:00,0,4791,,,,,,004,9NNKA,1299,-1299,,,,ERROR DE ESTIMACION,S,,,,,,,,,,,,SSB
2025-02-01 00:00:00,810190104747,26,DW,22,A,02,261,ASES JUR DE LA RIV MAY DEL CB ,02,ACTIVO,V843BY ,2,F622,18LM,2025-02-01 00:00:00,1,2025-02-28 00:00:00,531,4712,46010,920,50,0,0,001,9NNKA,920,-389,CASA CERRADA,,,ERROR EN LECTURA,S,2025-02-15 10:19:31,2652,R,9NCT1,V843BY ,0,Nor,50,CASA CERRADA,50,S,GSC
2025-02-01 00:00:00,788971100105,29,DW,03,D,27,293,LAVADORES CHAN JOSE JESUS     ,02,ACTIVO,WTR635 ,2,F623,24P2,2025-01-01 00:00:00,1,2025-02-05 00:00:00,0,1805,,,,,,004,RC456,126,-126,,,,ERROR DE ESTIMACION,,2025-01-20 10:15:53,2926,L,9EMGH,57XR13 ,99726,Nor,  ,,FR,S,SSB
2025-02-01 00:00:00,788121101307,84,DW,03,D,27,045,BANCO AZTECA S A DE L B M     ,02,ACTIVO,984PDL ,2,KT2R,16KE,2025-01-01 00:00:00,1,2025-02-04 00:00:00,102,62,,,,,,004,RC456,2,100,,,,ERROR DE ESTIMACION,,,,,,,,,,,,,SSB
2025-02-01 00:00:00,795150600092,26,DW,05,A,01,261,PEREZ ELIGIO MARIA ELENA      ,1F,ACTIVO,3D6M70 ,1,F121,00GG,2025-02-01 00:00:00,1,2025-02-27 00:00:00,127,3938,893,1127,0,0,0,001,9NNK1,1127,-1000,,,,ERROR EN LECTURA,S,2025-02-13 07:49:32,2604,M,9NCUF,3D6M70 ,1127,Nor,  ,,,,GSC
2025-02-01 00:00:00,795220302043,36,DW,05,A,01,164,CORDOBA CORDOBA CARLOS A      ,02,CORTADO,JBW898 ,2,F623,23NU,2024-12-01 00:00:00,1,2025-02-28 00:00:00,2560,125001,24081,24081,0,0,0,005,9NNK1,24081,-21521,,,,FALLA DE MEDICION,S,,,,,,,,,,,,MED
2025-02-01 00:00:00,787820600070,18,DW,03,C,65,183,JOSE F LOPEZ CATZIN           ,1B,ACTIVO,DL9657 ,1,F121,81EG,2025-02-01 00:00:00,1,2025-02-18 00:00:00,54,1191,3407,500,0,0,0,001,G08D0,500,-446,,,,ERROR EN LECTURA,S,2025-02-07 12:24:55,1802,L,GA6WN,DL9657 ,1966,Nor,  ,,FR,S,GSC
2025-02-01 00:00:00,787750412866,35,DW,03,C,72,351,CANUL TUZ EULALIO             ,1B,ACTIVO,C1795E ,1,C111,738V,2025-01-01 00:00:00,1,2025-02-06 00:00:00,305,5817,6498,1517,0,0,0,001,G08D0,1517,-1212,,,,ERROR EN LECTURA,S,2025-01-23 14:00:02,3527,L,GA8JN,C1795E ,2517,Nor,  ,,FR,S,GSC
2025-02-01 00:00:00,799221200673,28,DW,06,D,48,480,GLEN NESBETT DAVID            ,1D,ACTIVO,REC415 ,2,F623,24NY,2025-02-01 00:00:00,1,2025-02-24 00:00:00,653,4274,1274,1274,0,0,0,003,9JRFD,1274,-621,,,,CAMBIO DE MEDIDOR,D,2025-02-17 09:01:19,2851,R,GAX9M,REC415 ,1274,Nor,  ,,,,GSC
2025-02-01 00:00:00,799221201491,28,DW,06,D,48,480,GLEN NESBETT DAVID            ,1D,ACTIVO,REC414 ,2,F623,24NY,2025-02-01 00:00:00,1,2025-02-24 00:00:00,502,4292,1278,1278,0,0,0,003,9JRFD,1278,-776,,,,CAMBIO DE MEDIDOR,D,2025-02-17 09:03:15,2851,R,GAX9M,REC414 ,1278,Nor,  ,,,,GSC
2025-02-01 00:00:00,799230800888,36,DW,06,D,25,251,CANCHE VAZQUEZ JAVIER IVAN    ,1B,ACTIVO,JBJ079 ,2,F623,23NU,2024-12-01 00:00:00,1,2025-02-26 00:00:00,262,5874,1729,1534,0,0,0,008,9JRFD,1534,-1272,,,,AJUSTE AGENTE,D,,,,,,,,,,,,SSB
2025-02-01 00:00:00,771140205261,31,DW,01,B,01,314,AVILA SOSA FERNANDO           ,1D,CORTADO,30E1V5 ,2,F62F,08K6,2025-01-01 00:00:00,1,2025-02-24 00:00:00,187,1655,14617,636,0,0,0,001,9MC4B,636,-449,,,,ERROR EN LECTURA,S,,,,,,,,,,,,GSC
2025-02-01 00:00:00,800140500701,68,DW,07,A,88,001,MENA GODOY MARIO MANUEL       ,1B,ACTIVO,023B0Y ,2,F622,13LM,2025-02-01 00:00:00,1,2025-02-17 00:00:00,153,32,5873,0,0,0,0,001,9BBHT,0,153,,,,ERROR EN LECTURA,S,2025-02-11 16:52:23,6802,L,9MC6T,023B0Y ,0,Nor,52,COMUNICACION INTERRU,52,S,GSC
2025-02-01 00:00:00,774081201230,33,DW,01,E,02,334,OJEDA CHI JOSE WILLIAM        ,1D,ACTIVO,43A1C7 ,1,F121,08JL,2025-01-01 00:00:00,1,2025-02-26 00:00:00,7,394,636,280,0,0,0,001,9MC4B,280,-273,,,,ERROR EN LECTURA,S,,,,,,,,,,,,GSC
2025-02-01 00:00:00,812040300818,22,DW,22,C,01,221,GARCIA MERCEDES               ,1B,ACTIVO,5M16W0 ,1,F121,04GG,2024-12-01 00:00:00,1,2025-02-05 00:00:00,440,1677,41962,609,0,0,70,001,9NNKA,609,-169,,,LECTURA NEGATIVA,ERROR EN LECTURA,S,2024-12-13 09:53:56,2201,L,GAFRM,5M16W0 ,99116,Nor,  ,,FR,S,GSC
2025-02-01 00:00:00,781951002218,17,DW,12,B,01,017,MIGUEL ANGEL RICALDE MEX      ,1D,ACTIVO,59FA76 ,1,F121,07JL,2025-01-01 00:00:00,1,2025-02-17 00:00:00,0,2794,75474,886,0,0,70,004,9BBTM,886,-886,,,LECTURA NEGATIVA,ERROR DE ESTIMACION,D,2025-01-10 11:22:01,1701,L,9NCWM,59FA76 ,99102,Nor,  ,,FR,S,SSB
2025-02-01 00:00:00,783030903824,27,DW,12,D,01,272,HACEFF DONAT ALEJANDRA IRASEL ,1D,ACTIVO,4F39V8 ,2,F621,03F3,2024-11-01 00:00:00,1,2025-02-18 00:00:00,369,9480,46123,2369,0,0,0,001,9BBTM,2369,-2000,,,,ERROR EN LECTURA,D,,,,,,,,,,,,GSC
2025-02-01 00:00:00,812040300818,22,DW,22,C,01,221,GARCIA MERCEDES               ,1B,ACTIVO,5M16W0 ,1,F121,04GG,2024-10-01 00:00:00,1,2025-02-05 00:00:00,440,4595,41962,1349,0,0,0,001,9NNKA,1349,-909,,,,ERROR EN LECTURA,S,,,,,,,,,,,,GSC
2025-02-01 00:00:00,777140702832,33,DW,01,J,03,332,DESARROLLOS DE VIVIENDA SUSTEN,02,BAJA SIN MED RET,UW165J ,2,F623,21NY,2025-01-01 00:00:00,1,2025-02-28 00:00:00,0,2882,235,0,0,0,0,006,9NNKX,0,0,,,,ERROR EN PROCEDIMIENTOS,D,2025-01-22 12:49:06,3302,M,R9950,UW165J ,235,Opt,  ,,,,SSB
2025-02-01 00:00:00,796110604601,84,DW,06,A,01,081,CADENA COMERCIAL OXXO SA DE CV,67,ACTIVO,J702EL ,3,KL2R,17KE,2025-01-01 00:00:00,1,2025-02-04 00:00:00,0,36557,,,,,,001,9BBEG,10776,-10776,,,,ERROR EN LECTURA,D,,,,,,,,,,,,GSC
2025-02-01 00:00:00,796131201205,84,DW,06,A,01,081,CADENA COMERCIAL OXXO SA DE CV,67,ACTIVO,J459EX ,3,KL2R,17KE,2025-01-01 00:00:00,1,2025-02-04 00:00:00,0,28386,,,,,,001,9BBEG,8307,-8307,,,,ERROR EN LECTURA,D,,,,,,,,,,,,GSC
2025-02-01 00:00:00,796131102801,84,DW,06,A,01,081,CADENA COMERCIAL OXXO SA DE CV,67,ACTIVO,J460EX ,3,KL2R,17KE,2025-01-01 00:00:00,1,2025-02-04 00:00:00,0,29134,,,,,,001,9BBEG,8986,-8986,,,,ERROR EN LECTURA,D,,,,,,,,,,,,GSC
2025-02-01 00:00:00,800991001057,20,DW,07,A,63,631,BARTOLOME REQUNA CHUC         ,1B,ACTIVO,PKE964 ,1,F123,24NX,2025-02-01 00:00:00,1,2025-02-20 00:00:00,66,3047,66,66,0,0,0,001,9BBHT,927,-861,,,,ERROR EN LECTURA,S,2025-02-11 10:02:24,2051,R,9MCGY,PKE964 ,66,Opt,  ,,,,GSC
2025-02-01 00:00:00,800870500854,12,DW,07,A,62,621,CAMARA QUINTAL JOSE           ,1B,ACTIVO,PKE664 ,1,F123,24NX,2025-02-01 00:00:00,1,2025-02-26 00:00:00,265,4686,193,193,0,0,0,003,9BBHT,1265,-1000,,,,CAMBIO DE MEDIDOR,S,2025-02-04 09:07:59,1229,L,9MCGY,PKE664 ,193,Opt,  ,,,,GSC
2025-02-01 00:00:00,774230502019,25,DW,01,E,02,252,RUIZ ALVAREZ VIRIDIANA        ,02,ACTIVO,UC418P ,2,F623,21NY,2024-11-01 00:00:00,2,2025-02-18 00:00:00,0,158,45,35,0,0,0,001,9MC4B,10,-10,,,,ERROR EN LECTURA,S,,,,,,,,,,,,GSC
2025-02-01 00:00:00,774230502019,25,DW,01,E,02,252,RUIZ ALVAREZ VIRIDIANA        ,02,ACTIVO,UC418P ,2,F623,21NY,2025-01-01 00:00:00,1,2025-02-18 00:00:00,36,112,46,1,0,0,0,006,9MC4B,1,35,,,,ERROR EN PROCEDIMIENTOS,S,2025-01-16 11:28:36,2501,L,G92B3,UC418P ,99413,Opt,  ,,,,SSB
2025-02-01 00:00:00,796121104660,84,DW,06,A,01,081,CADENA COMERCIAL OXXO SA DE CV,67,ACTIVO,J698EL ,3,KL2R,17KE,2025-01-01 00:00:00,1,2025-02-04 00:00:00,0,28297,,,,,,001,9BBEG,8264,-8264,,,,ERROR EN LECTURA,D,,,,,,,,,,,,GSC
2025-02-01 00:00:00,796101102148,84,DW,06,A,01,081,CADENA COMERCIAL OXXO SA DE CC,67,ACTIVO,J701EL ,3,KL2R,17KE,2025-01-01 00:00:00,1,2025-02-04 00:00:00,0,32379,,,,,,001,9BBEG,9497,-9497,,,,ERROR EN LECTURA,D,,,,,,,,,,,,GSC
2025-02-01 00:00:00,802240400781,26,DW,07,C,04,221,CFE TEIT                      ,02,ACTIVO,JFV237 ,2,F623,23NU,2024-08-01 00:00:00,1,2025-02-11 00:00:00,0,103,0,0,0,31,0,006,9BBUE,0,0,,SERVICIO SIN USO,,ERROR EN PROCEDIMIENTOS,S,2024-08-14 16:27:22,2227,L,GAT3M,JFV237 ,0,Opt,31,SERVICIO SIN USO,,,SSB
2025-02-01 00:00:00,774180902932,34,DW,01,E,37,342,REYES REYES LARISSA           ,1D,ACTIVO,LV448U ,2,F623,20NU,2024-08-01 00:00:00,1,2025-02-20 00:00:00,0,1693,30377,1210,0,0,0,007,9MC5P,1210,-1210,,,,LECTURA NEGATIVA,S,2024-08-22 10:17:51,3403,M,9MCG8,LV448U ,0,Opt,31,SERVICIO SIN USO,,,GSC
2025-02-01 00:00:00,774180902932,34,DW,01,E,37,342,REYES REYES LARISSA           ,1D,ACTIVO,LV448U ,2,F623,20NU,2024-10-01 00:00:00,1,2025-02-20 00:00:00,0,8150,30377,2495,0,0,70,007,9MC5P,2495,-2495,,,LECTURA NEGATIVA,LECTURA NEGATIVA,S,2024-10-22 11:09:08,3405,L,G92B5,LV448U ,98790,Opt,  ,,,,GSC
2025-02-01 00:00:00,774180902932,34,DW,01,E,37,342,REYES REYES LARISSA           ,1D,ACTIVO,LV448U ,2,F623,20NU,2024-12-01 00:00:00,1,2025-02-20 00:00:00,0,9704,30377,2476,0,0,70,007,9MC5P,2476,-2476,,,LECTURA NEGATIVA,LECTURA NEGATIVA,S,2024-12-23 09:29:27,3403,L,9MCG8,LV448U ,98790,Nor,  ,,FR,S,GSC
2025-02-01 00:00:00,772241001183,21,DW,01,C,02,218,ESTRADA LARA PEDRO            ,1D,ACTIVO,070RN4 ,1,F122,12LH,2025-01-01 00:00:00,1,2025-02-10 00:00:00,55,32639,7592,7592,0,0,0,006,9MC5P,7592,-7537,,,,ERROR EN PROCEDIMIENTOS,S,,,,,,,,,,,,SSB
2025-02-01 00:00:00,810000655980,23,DW,22,A,01,232,NICOLE HELGA LEHMANN          ,1B,ACTIVO,710MEV ,2,F62J,15MT,2025-01-01 00:00:00,1,2025-02-05 00:00:00,328,5687,24994,1515,0,0,0,001,9BBPF,1515,-1187,,,,ERROR EN LECTURA,S,,,,,,,,,,,,GSC
2025-02-01 00:00:00,783140502388,16,DW,12,D,01,162,NUNEZ TELLO FRANCISCO EMILIO  ,1D,ACTIVO,83D3K6 ,2,F421,08KF,2024-12-01 00:00:00,1,2025-02-10 00:00:00,59,3116,62900,959,0,0,0,001,9BBTM,959,-900,,,,ERROR EN LECTURA,D,,,,,,,,,,,,GSC
2025-02-01 00:00:00,802240400781,26,DW,07,C,04,221,CFE TEIT                      ,02,ACTIVO,JFV237 ,2,F623,23NU,2024-06-01 00:00:00,1,2025-02-11 00:00:00,0,93,0,0,0,31,0,006,9BBUE,0,0,,SERVICIO SIN USO,,ERROR EN PROCEDIMIENTOS,S,2024-06-14 10:40:42,2227,L,R9871,JFV237 ,0,Opt,31,SERVICIO SIN USO,,,SSB
2025-02-01 00:00:00,802240400781,26,DW,07,C,04,221,CFE TEIT                      ,02,ACTIVO,JFV237 ,2,F623,23NU,2024-12-01 00:00:00,1,2025-02-11 00:00:00,0,102,0,0,0,31,0,006,9BBUE,0,0,,SERVICIO SIN USO,,ERROR EN PROCEDIMIENTOS,S,2024-12-13 12:29:50,2226,L,GAVNM,JFV237 ,0,Opt,31,SERVICIO SIN USO,,,SSB
2025-02-01 00:00:00,802240400781,26,DW,07,C,04,221,CFE TEIT                      ,02,ACTIVO,JFV237 ,2,F623,23NU,2024-10-01 00:00:00,1,2025-02-11 00:00:00,0,103,0,0,0,31,0,006,9BBUE,0,0,,SERVICIO SIN USO,,ERROR EN PROCEDIMIENTOS,S,2024-10-15 19:41:48,2229,L,9ND12,JFV237 ,0,Opt,31,SERVICIO SIN USO,,,SSB
2025-02-01 00:00:00,795120206039,12,DW,05,A,01,121,VERGARA GOMEZ MILDA KARINA DEL,1F,ACTIVO,YD5670 ,2,F121,86EG,2025-02-01 00:00:00,1,2025-02-12 00:00:00,893,7794,1992,1694,0,0,0,001,9MCCJ,1964,-1071,,,,ERROR EN LECTURA,S,2025-02-04 10:00:45,1203,M,G81DP,YD5670 ,1964,Nor,  ,,FR,S,GSC
2025-02-01 00:00:00,796861201332,35,DW,06,A,01,353,MATA TUZ MANUEL               ,1D,ACTIVO,YC3568 ,1,F121,86EG,2025-01-01 00:00:00,1,2025-02-05 00:00:00,0,2720,8969,912,0,0,0,002,9BBBB,912,-912,,,,SIN CONSUMO,D,,,,,,,,,,,,SSB
2025-02-01 00:00:00,794100800329,22,DW,04,G,10,221,CERQUEDA RIOS ZEUS            ,1F,BAJA,,2,,,2025-02-01 00:00:00,1,2025-02-18 00:00:00,0,3198,,,,,,002,9BBJL,656,-656,,,,SIN CONSUMO,S,2025-02-11 14:46:36,2227,L,R9655,42C1D9 ,656,Nor,  ,,,,SSB
2025-02-01 00:00:00,795040101015,31,DW,05,A,01,293,GRANADILLO PEREZ  NINIVE DEL J,1F,ACTIVO,8C452G ,2,F421,05GH,2025-01-01 00:00:00,1,2025-02-05 00:00:00,234,4442,87735,1240,0,0,0,001,9BBM3,1240,-1006,,,,ERROR EN LECTURA,S,,,,,,,,,,,,GSC
2025-02-01 00:00:00,795810100101,33,DW,05,A,01,042,GONGORA JIMENEZ ANGEL MANUEL  ,1F,ACTIVO,8U0F73 ,1,F121,02GG,2025-01-01 00:00:00,1,2025-02-06 00:00:00,0,429,25931,300,0,0,0,001,9BBM3,300,-300,,,,ERROR EN LECTURA,S,,,,,,,,,,,,GSC
2025-02-01 00:00:00,783200302481,37,DW,12,D,04,371,MARTINEZ ISLAS OLIVIA         ,1D,BAJA,,2,,,2024-03-01 00:00:00,1,2025-02-17 00:00:00,0,3321,,,,,,006,9BBM6,1028,-1028,,,,ERROR EN PROCEDIMIENTOS,D,,,,,,,,,,,,SSB
2025-02-01 00:00:00,783200302481,37,DW,12,D,04,371,MARTINEZ ISLAS OLIVIA         ,1D,BAJA,,2,,,2024-01-01 00:00:00,1,2025-02-17 00:00:00,0,3272,,,,,,006,9BBM6,1022,-1022,,,,ERROR EN PROCEDIMIENTOS,D,,,,,,,,,,,,SSB
2025-02-01 00:00:00,779150104693,72,DW,01,B,01,721,LINK   MORE SA DE CV          ,67,BAJA,,3,,,2025-01-01 00:00:00,1,2025-02-27 00:00:00,537,19637,,,,,,004,9MC86,5198,-4661,,,,ERROR DE ESTIMACION,D,2025-01-16 11:50:26,7202,L,9MC6H,FY059U ,0,Nor,59,DISPLAY APAGADO,59,S,SSB
2025-02-01 00:00:00,776900700227,66,DW,01,E,37,662,FELIPE TEC MOO                ,09,BAJA SIN MED RET,G264MR ,3,F622,17LM,2025-02-01 00:00:00,4,2025-02-28 00:00:00,0,269099.98999999999,807,99972,0,0,0,080,9MC5P,99972,-99972,,,,INACTIVO CANCELACION POR FINIQUITO,S,2025-02-07 18:04:59,6601,L,9MCGA,G264MR ,0,Nor,59,DISPLAY APAGADO,59,S,CCC
2025-02-01 00:00:00,773180903771,36,DW,01,D,01,363,GONZALEZ FAJARDO JORGE RODRIGO,1D,ACTIVO,VA737G ,2,F623,21NV,2024-12-01 00:00:00,1,2025-02-13 00:00:00,180,2843,2556,899,0,0,0,001,9MC5P,899,-719,,,,ERROR EN LECTURA,S,,,,,,,,,,,,GSC
2025-02-01 00:00:00,776111103729,24,DW,01,E,37,241,GARCIA BARRERA MANUEL ENRIQUE ,1D,BAJA SIN MED RET,KKD574 ,2,F623,23NU,2024-12-01 00:00:00,1,2025-02-28 00:00:00,0,275,0,204,56,0,0,009,9MC5P,204,-204,NO HAY MEDIDOR,,,CANCELACION POR FINIQUITO,S,2024-12-16 16:15:58,2405,M,GA0MN,KKD574 ,0,Nor,56,NO HAY MEDIDOR,56,S,CCC
2025-02-01 00:00:00,810210200918,31,DW,22,A,02,316,RODRIGUEZ GALLEGOS VICTOR     ,1B,ACTIVO,WTP885 ,2,F623,24P2,2025-01-01 00:00:00,1,2025-02-13 00:00:00,2207,72036,,,,,,001,9MCCM,16394,-14187,,,,ERROR EN LECTURA,D,,,,,,,,,,,,GSC
2025-02-01 00:00:00,776160201850,12,DW,01,E,37,123,COVARRUBIAS OXTE ALONSO NICOLA,1D,BAJA,,2,,,2025-02-01 00:00:00,4,2025-02-28 00:00:00,0,432741.37,,,,,,080,9MC5P,99009,-99009,,,,INACTIVO CANCELACION POR FINIQUITO,S,2025-02-04 13:10:55,1204,M,9MCG8,YP123J ,0,Nor,59,DISPLAY APAGADO,59,S,CCC
2025-02-01 00:00:00,771110602371,25,DW,01,B,01,256,BARRUETA ECHAZARRETA TANYA N  ,02,BAJA SIN MED RET,CHB360 ,3,KL28,22NJ,2025-02-01 00:00:00,4,2025-02-28 00:00:00,0,13857.08,15,97663,0,0,0,080,9MC86,2852,-2852,,,,INACTIVO CANCELACION POR FINIQUITO,D,,,,,,,,,,,,CCC
2025-02-01 00:00:00,776080705245,17,DW,01,E,37,173,POOT CATZIN JORGE             ,1D,ACTIVO,00VR15 ,1,F121,08JL,2025-01-01 00:00:00,1,2025-02-18 00:00:00,366,7284,30255,1908,0,0,0,001,9MC5P,1908,-1542,,,,ERROR EN LECTURA,S,,,,,,,,,,,,GSC
2025-02-01 00:00:00,771980800501,04,DW,01,B,02,042,RICARDO AGUILAR POMAR         ,02,ACTIVO,U6385D ,2,F121,78EG,2025-02-01 00:00:00,1,2025-02-28 00:00:00,0,5070,1144,0,0,31,0,001,9MC86,990,-990,,SERVICIO SIN USO,,ERROR EN LECTURA,D,2025-01-28 10:29:20,0402,L,GAKJM,U6385D ,990,Nor,31,SERVICIO SIN USO,FR,S,GSC
2025-02-01 00:00:00,771990203616,15,DW,01,B,01,158,CETINA CASTILLO RAUL AMILCAR  ,1D,BAJA,,2,,,2025-02-01 00:00:00,4,2025-02-28 00:00:00,180,28829.119999999999,,,,,,080,9MC86,6788,-6608,,,,INACTIVO CANCELACION POR FINIQUITO,D,,,,,,,,,,,,CCC
2025-02-01 00:00:00,796151004881,28,DW,06,A,17,171,23KNP0011A PRIMARIA SACXAN    ,02,ACTIVO,23L09L ,1,F12H,10KU,2024-12-01 00:00:00,1,2025-02-13 00:00:00,0,1541,2762,300,0,0,0,001,9MCFE,300,-300,,,,ERROR EN LECTURA,D,,,,,,,,,,,,GSC
2025-02-01 00:00:00,776071203253,02,DW,01,E,37,029,HERRERA MALDONADO ALEJANDRO   ,1D,ACTIVO,A713KC ,2,F622,16LM,2024-08-01 00:00:00,1,2025-02-28 00:00:00,16,681,16,16,0,44,0,006,9MC86,16,0,,NUM MEDID DESIGU,,ERROR EN PROCEDIMIENTOS,D,2024-08-01 11:11:56,0251,N,9P11H,A713KC ,16,Nor,44,NUM MEDID DESIGU,44,S,SSB
2025-02-01 00:00:00,781091001316,30,DW,12,B,01,341,JURADO PARRA GREGORIO         ,1D,ACTIVO,6TB481 ,2,F421,99GH,2025-02-01 00:00:00,1,2025-02-24 00:00:00,360,4971,27906,1360,0,0,0,001,9BBMB,1360,-1000,,,,ERROR EN LECTURA,S,2025-02-17 07:44:58,3001,M,9NCWM,6TB481 ,1360,Nor,  ,,FR,S,GSC
2025-02-01 00:00:00,810090804351,32,DW,22,A,02,323,EXPOSITO RAMOS MONICA         ,1B,ACTIVO,097MER ,2,F62J,15MT,2024-12-01 00:00:00,1,2025-02-20 00:00:00,1,418,28550,302,0,0,0,001,9MCCM,302,-301,,,,ERROR EN LECTURA,D,,,,,,,,,,,,GSC
2025-02-01 00:00:00,780130600471,39,DW,12,A,01,390,KUALI PIALI S DE RL DE CV     ,02,ACTIVO,14H17M ,2,F62H,10KN,2025-01-01 00:00:00,1,2025-02-20 00:00:00,24,6201,14668,1199,56,0,0,001,9BBMB,1199,-1175,NO HAY MEDIDOR,,,ERROR EN LECTURA,S,2025-01-27 13:29:27,3951,N,GABCM,14H17M ,0,Nor,56,NO HAY MEDIDOR,56,S,GSC
2025-02-01 00:00:00,782201104643,05,DW,12,C,01,050,MARTINEZ DOMINGUEZ JEREMIAS   ,1D,BAJA SIN MED RET,DBN402 ,2,F623,22NU,2025-01-01 00:00:00,1,2025-02-18 00:00:00,0,372,4179,266,56,0,0,004,9N2AU,266,-266,NO HAY MEDIDOR,,,ERROR DE ESTIMACION,S,2025-01-03 11:35:21,0501,L,9NCWW,DBN402 ,0,Nor,56,NO HAY MEDIDOR,56,S,SSB
2025-02-01 00:00:00,789120805790,16,DW,04,A,14,165,PINZON PECH FRANCISCO JAVIER  ,1F,ACTIVO,X089TE ,2,F623,19NU,2025-02-01 00:00:00,1,2025-02-20 00:00:00,0,1960,10597,678,0,0,0,002,9JPYA,678,-678,,,,SIN CONSUMO,S,2025-02-07 18:26:48,1655,R,9BBV0,X089TE ,678,Nor,  ,,FR,S,SSB
2025-02-01 00:00:00,783080103462,39,DW,12,D,04,391,RODRIGUEZ POOT ANASTACIO      ,1D,ACTIVO,WNU919 ,2,F623,24P2,2025-01-01 00:00:00,1,2025-02-19 00:00:00,82,1610,308,626,56,0,0,004,9N2AU,626,-544,NO HAY MEDIDOR,,,ERROR DE ESTIMACION,S,2025-01-27 10:26:58,3926,M,9NCX3,WNU919 ,0,Nor,56,NO HAY MEDIDOR,56,S,SSB
2025-02-01 00:00:00,789120805790,16,DW,04,A,14,165,PINZON PECH FRANCISCO JAVIER  ,1F,ACTIVO,X089TE ,2,F623,19NU,2024-12-01 00:00:00,1,2025-02-20 00:00:00,0,1929,9919,677,0,0,0,006,9JPYA,677,-677,,,,ERROR EN PROCEDIMIENTOS,S,,,,,,,,,,,,SSB
2025-02-01 00:00:00,782201104643,05,DW,12,C,01,050,MARTINEZ DOMINGUEZ JEREMIAS   ,1D,BAJA SIN MED RET,DBN402 ,2,F623,22NU,2024-11-01 00:00:00,1,2025-02-18 00:00:00,0,663,4179,514,56,0,0,004,9N2AU,514,-514,NO HAY MEDIDOR,,,ERROR DE ESTIMACION,S,2024-10-31 10:12:24,0501,L,9NCWW,DBN402 ,0,Nor,56,NO HAY MEDIDOR,56,S,SSB
2025-02-01 00:00:00,771030403459,17,DW,01,B,01,176,COLMENERO QUINONES JESUS M    ,1D,ACTIVO,WTR021 ,2,F623,24P2,2024-12-01 00:00:00,4,2025-02-19 00:00:00,0,39580.419999999998,,,,,,080,9MC86,0,0,,,,INACTIVO CANCELACION POR FINIQUITO,D,,,,,,,,,,,,CCC
2025-02-01 00:00:00,796151004881,28,DW,06,A,17,171,23KNP0011A PRIMARIA SACXAN    ,02,ACTIVO,23L09L ,1,F12H,10KU,2025-02-01 00:00:00,1,2025-02-25 00:00:00,0,287,2462,40,59,0,0,002,9MCFE,40,-40,DISPLAY APAGADO,,,SIN CONSUMO,D,2025-02-14 10:11:20,2826,L,9P14T,23L09L ,0,Nor,59,DISPLAY APAGADO,59,S,SSB
2025-02-01 00:00:00,774230502019,25,DW,01,E,02,252,RUIZ ALVAREZ VIRIDIANA        ,02,ACTIVO,UC418P ,2,F623,21NY,2024-11-01 00:00:00,1,2025-02-18 00:00:00,10,3294,45,623,0,0,0,001,9MC4B,623,-613,,,,ERROR EN LECTURA,S,,,,,,,,,,,,GSC
2025-02-01 00:00:00,796091103159,25,DW,06,A,01,251,MATOS POMOL MARIA GUADALUPE   ,1D,ACTIVO,U497VC ,1,F122,18LN,2024-11-01 00:00:00,1,2025-02-25 00:00:00,200,1669,9595,200,0,0,0,008,9MCFE,200,0,,,,AJUSTE AGENTE,D,,,,,,,,,,,,SSB
2025-02-01 00:00:00,796091103159,25,DW,06,A,01,251,MATOS POMOL MARIA GUADALUPE   ,1D,ACTIVO,U497VC ,1,F122,18LN,2025-01-01 00:00:00,1,2025-02-25 00:00:00,0,1479,9595,0,0,31,0,008,9MCFE,0,0,,SERVICIO SIN USO,,AJUSTE AGENTE,D,2025-01-16 15:55:31,2504,M,9P14T,U497VC ,0,Opt,31,SERVICIO SIN USO,,,SSB
2025-02-01 00:00:00,793000257443,29,DW,04,F,26,291,NORMA CAHUICH POOT            ,1F,ACTIVO,NR511G ,2,F623,20NU,2024-11-01 00:00:00,1,2025-02-05 00:00:00,1208,8058,13985,2040,0,0,0,008,9MCF5,2040,-832,,,,AJUSTE AGENTE,D,,,,,,,,,,,,SSB
2025-02-01 00:00:00,810170807423,35,DW,22,A,01,353,HERNANDEZ RAMOS JUAN BOSCO    ,1B,ACTIVO,76W17C ,2,F62H,11KN,2025-01-01 00:00:00,1,2025-02-10 00:00:00,0,644,26305,384,0,0,0,006,9MCCM,384,-384,,,,ERROR EN PROCEDIMIENTOS,D,,,,,,,,,,,,SSB
2025-02-01 00:00:00,810240407363,26,DW,22,A,01,265,CANUL GIL YESSICA JHOANA      ,1B,ACTIVO,JFU862 ,2,F623,23NU,2024-12-01 00:00:00,1,2025-02-06 00:00:00,1117,18955,4505,4505,0,0,0,006,9MCCM,4505,-3388,,,,ERROR EN PROCEDIMIENTOS,D,,,,,,,,,,,,SSB
2025-02-01 00:00:00,804100400679,12,DW,08,A,01,003,CONCHA Y CAN ISELA            ,1B,ACTIVO,92N3N7 ,2,F62H,09KN,2025-02-01 00:00:00,1,2025-02-10 00:00:00,614,2640,39121,817,0,0,0,001,9MCFC,817,-203,,,,ERROR EN LECTURA,S,2025-02-04 11:43:13,1203,L,GAPUM,92N3N7 ,817,Nor,  ,,,,GSC
2025-02-01 00:00:00,783100108075,16,DW,12,D,01,160,DE LA ROSA GOMEZ IVAN DE JESUS,1D,BAJA SIN MED RET,5MU470 ,2,F421,99GH,2025-02-01 00:00:00,4,2025-02-20 00:00:00,0,11.279999999999999,335,0,0,0,0,080,9N2AU,0,0,,,,INACTIVO CANCELACION POR FINIQUITO,S,2025-02-06 09:18:47,1601,L,GA4HN,5MU470 ,335,Nor,44,NUM MEDID DESIGU,44,S,CCC
2025-02-01 00:00:00,774010903187,18,DW,01,E,02,181,BASTO DIAZ MARTHA             ,1D,ACTIVO,33X66L ,1,F12H,11KU,2025-02-01 00:00:00,1,2025-02-14 00:00:00,365,64,28484,1,0,0,0,006,9MC4B,1,364,,,,ERROR EN PROCEDIMIENTOS,S,2025-02-07 09:31:40,1801,M,GA00N,33X66L ,99781,Nor,  ,,FR,S,SSB
2025-02-01 00:00:00,774010903187,18,DW,01,E,02,181,BASTO DIAZ MARTHA             ,1D,ACTIVO,33X66L ,1,F12H,11KU,2024-12-01 00:00:00,1,2025-02-14 00:00:00,399,2918,28483,916,0,0,0,001,9MC4B,916,-517,,,,ERROR EN LECTURA,S,,,,,,,,,,,,GSC
2025-02-01 00:00:00,802840200026,21,DW,07,C,08,211,DZUL PAT ANABEL               ,1B,ACTIVO,5P462D ,1,F121,06JL,2025-01-01 00:00:00,1,2025-02-11 00:00:00,662,6210,46648,1662,0,0,0,001,9MCAU,1662,-1000,,,,ERROR EN LECTURA,S,,,,,,,,,,,,GSC
2025-02-01 00:00:00,793000257443,29,DW,04,F,26,291,NORMA CAHUICH POOT            ,1F,ACTIVO,NR511G ,2,F623,20NU,2024-09-01 00:00:00,1,2025-02-05 00:00:00,1228,221,11945,396,0,0,0,001,9MCF5,396,832,,,,ERROR EN LECTURA,D,,,,,,,,,,,,GSC
2025-02-01 00:00:00,801750203801,04,DW,07,B,06,402,ANTONIO KANTUN O              ,1B,ACTIVO,UN740W ,1,F622,21NY,2024-12-01 00:00:00,1,2025-02-13 00:00:00,406,27431,9197,6285,0,0,0,001,9N4C4,6285,-5879,,,,ERROR EN LECTURA,S,,,,,,,,,,,,GSC
2025-02-01 00:00:00,793830600051,15,DW,04,F,12,153,FERRER MORENO ROSA DE         ,1F,ACTIVO,WNU556 ,2,F623,24P2,2025-01-01 00:00:00,1,2025-02-05 00:00:00,458,6411,464,458,0,0,0,008,9MCF5,1669,-1211,,,,AJUSTE AGENTE,D,,,,,,,,,,,,SSB
2025-02-01 00:00:00,796950600402,72,DW,06,A,01,722,UCAN MARIN MANUEL             ,67,CORTADO,MU972C ,3,KL28,20KE,2025-01-01 00:00:00,1,2025-02-13 00:00:00,0,11107,38328,3100,0,0,0,002,9MCFE,3100,-3100,,,,SIN CONSUMO,D,2025-01-15 09:31:08,7051,R,R9907,MU972C ,3100,Nor,  ,,,,SSB
2025-02-01 00:00:00,796050200140,35,DW,06,A,01,352,SOUSA NUNEZ MANUEL MACARIO    ,1D,ACTIVO,404RBN ,1,F122,16LN,2025-01-01 00:00:00,1,2025-02-04 00:00:00,189,1678,23812,667,0,0,0,001,9N2AJ,667,-478,,,,ERROR EN LECTURA,S,,,,,,,,,,,,GSC
2025-02-01 00:00:00,783080103276,39,DW,12,D,04,391,SANCHEZ REYES VERENICE        ,1D,ACTIVO,WNC314 ,2,F623,24P2,2025-01-01 00:00:00,1,2025-02-19 00:00:00,539,4366,326,1232,56,0,0,003,9N2AU,1232,-693,NO HAY MEDIDOR,,,CAMBIO DE MEDIDOR,S,2025-01-27 10:25:37,3926,M,9NCX3,WNC314 ,0,Nor,56,NO HAY MEDIDOR,56,S,GSC
2025-02-01 00:00:00,783240204627,22,DW,12,D,01,224,BARAJAS ACEVEDO MARIA GUADALUP,1D,ACTIVO,RCE719 ,2,F623,24NY,2025-02-01 00:00:00,1,2025-02-24 00:00:00,0,2215,,,,,,004,9N2AU,757,-757,,,,ERROR DE ESTIMACION,S,2025-02-11 09:39:41,2201,M,GAF1M,JCJ120 ,0,Nor,53,UI SERV DIRECTO,53,S,SSB
2025-02-01 00:00:00,789921202175,21,DW,04,B,23,212,PEDRO JOAQUIN ROSADO NAH      ,1C,ACTIVO,CVR639 ,2,F623,22NU,2025-01-01 00:00:00,1,2025-02-07 00:00:00,0,91,28620,1951,0,0,0,006,9N2AP,0,0,,,,ERROR EN PROCEDIMIENTOS,D,,,,,,,,,,,,SSB
2025-02-01 00:00:00,782960500723,12,DW,12,C,01,121,CARLOS MORENO HDEZ            ,1D,ACTIVO,W27J89 ,1,F121,94F5,2025-02-01 00:00:00,1,2025-02-17 00:00:00,494,5601,70230,1498,0,0,0,001,9N2AY,1498,-1004,,,,ERROR EN LECTURA,S,2025-02-04 10:21:30,1202,L,GAD0M,W27J89 ,1498,Nor,  ,,FR,S,GSC
2025-02-01 00:00:00,801090102331,04,DW,07,B,06,403,MIS CUPUL MARTHA DEL ROSARIO  ,1B,ACTIVO,34A6C2 ,1,F121,08JL,2025-02-01 00:00:00,1,2025-02-21 00:00:00,30,2648,24181,821,0,0,0,001,9N4C4,821,-791,,,,ERROR EN LECTURA,S,2025-01-28 14:18:10,0403,L,GAPFM,34A6C2 ,99012,Nor,  ,,FR,S,GSC
2025-02-01 00:00:00,783240204627,22,DW,12,D,01,224,BARAJAS ACEVEDO MARIA GUADALUP,1D,ACTIVO,RCE719 ,2,F623,24NY,2024-12-01 00:00:00,1,2025-02-24 00:00:00,0,2643,,,,,,004,9N2AU,855,-855,,,,ERROR DE ESTIMACION,S,2024-12-13 10:14:59,2201,M,GAF1M,JCJ120 ,0,Nor,56,NO HAY MEDIDOR,56,S,SSB
2025-02-01 00:00:00,782050202893,24,DW,12,D,04,240,PAZ SANTOS                    ,1D,ACTIVO,8R27G0 ,1,F121,04GG,2025-02-01 00:00:00,1,2025-02-28 00:00:00,185,990,45445,489,0,0,0,001,9N2AU,489,-304,,,,ERROR EN LECTURA,S,2025-02-12 13:02:51,2426,L,9P14M,8R27G0 ,489,Nor,  ,,,,GSC
2025-02-01 00:00:00,801000358986,10,DW,07,B,06,104,ALDANA MARGALLI MIGUEL A      ,02,ACTIVO,RBW415 ,2,F623,24NY,2025-02-01 00:00:00,1,2025-02-06 00:00:00,186,43005,8195,8195,0,0,0,001,9N4C4,8381,-8195,,,,ERROR EN LECTURA,S,2025-01-31 13:54:21,1003,L,GAPFM,N076DJ ,1251,Nor,  ,,LM,S,GSC
2025-02-01 00:00:00,801130500237,04,DW,07,B,06,403,CHABLE CAAMAL CESAR           ,1B,ACTIVO,J655PN ,2,F622,17LM,2025-02-01 00:00:00,1,2025-02-06 00:00:00,378,827,21088,421,0,0,0,001,9N4C4,421,-43,,,,ERROR EN LECTURA,S,2025-01-28 14:59:01,0403,L,GAPFM,J655PN ,421,Nor,  ,,LM,S,GSC
2025-02-01 00:00:00,801060100171,14,DW,07,B,06,142,CAMPOS ANCONA FRANKLIN        ,1B,ACTIVO,861W5M ,2,F622,14LM,2025-02-01 00:00:00,1,2025-02-14 00:00:00,131,15481,4639,3627,0,0,0,001,9N4C4,3627,-3496,,,,ERROR EN LECTURA,S,2025-02-05 11:21:27,1404,L,GAPFM,861W5M ,3627,Opt,  ,,,,GSC
2025-02-01 00:00:00,801140602739,23,DW,07,B,58,587,MENDEZ ALVARO CORNELIO        ,1C,ACTIVO,AWM263 ,1,F123,22NX,2025-01-01 00:00:00,1,2025-02-06 00:00:00,344,7474,1881,1881,0,0,0,001,9N4C4,1881,-1537,,,,ERROR EN LECTURA,S,,,,,,,,,,,,GSC
2025-02-01 00:00:00,801100902101,27,DW,07,B,75,175,CHAN PECH JOEL FLORENCIO      ,1B,ACTIVO,AWM260 ,1,F123,22NX,2025-01-01 00:00:00,1,2025-02-13 00:00:00,773,7534,1894,1894,0,0,0,001,9N4C4,1894,-1121,,,,ERROR EN LECTURA,S,,,,,,,,,,,,GSC
2025-02-01 00:00:00,801090102331,04,DW,07,B,06,403,MIS CUPUL MARTHA DEL ROSARIO  ,1B,ACTIVO,34A6C2 ,1,F121,08JL,2024-12-01 00:00:00,1,2025-02-21 00:00:00,34,3687,23360,1052,0,0,0,001,9N4C4,1052,-1018,,,,ERROR EN LECTURA,S,,,,,,,,,,,,GSC
2025-02-01 00:00:00,801230301894,10,DW,07,B,06,102,CASTILLO CUPUL JOSE GILBERTO  ,02,ACTIVO,TU788D ,1,F123,21NX,2024-06-01 00:00:00,1,2025-02-27 00:00:00,59,3440,59,665,0,0,0,001,9N4C4,665,-606,,,,ERROR EN LECTURA,S,2024-06-06 12:21:35,1003,L,GA2CN,TU788D ,7770,Nor,  ,,FR,S,GSC
2025-02-01 00:00:00,801180601000,04,DW,07,B,06,403,CHABLE CAAMAL CESAR           ,02,ACTIVO,Y458LN ,2,F623,19NU,2025-02-01 00:00:00,1,2025-02-06 00:00:00,211,7730,12680,1500,0,0,0,001,9N4C4,1500,-1289,,,,ERROR EN LECTURA,S,2025-01-28 15:01:00,0403,L,GAPFM,Y458LN ,1500,Nor,  ,,LM,S,GSC
2025-02-01 00:00:00,801171201309,37,DW,07,B,22,371,SERRANO SUZAN DANIELA         ,1B,ACTIVO,RBW458 ,2,F623,24NY,2025-01-01 00:00:00,1,2025-02-05 00:00:00,515,8107,,,,,,001,9N4C4,2020,-1505,,,,ERROR EN LECTURA,S,,,,,,,,,,,,GSC
2025-02-01 00:00:00,801200101971,31,DW,07,B,47,147,KUYOC AY PAMELA               ,1B,ACTIVO,AWD621 ,1,F123,22NX,2025-01-01 00:00:00,1,2025-02-14 00:00:00,536,10962,2647,2647,0,0,0,001,9N4C4,2647,-2111,,,,ERROR EN LECTURA,S,,,,,,,,,,,,GSC
2025-02-01 00:00:00,801030101033,22,DW,07,B,06,221,COCOM PAAT JACINTO            ,1B,ACTIVO,0H3T64 ,1,F121,01GG,2024-08-01 00:00:00,1,2025-02-28 00:00:00,0,12537,39415,3131,0,0,70,001,9N4C4,3131,-3131,,,LECTURA NEGATIVA,ERROR EN LECTURA,S,2024-08-14 09:52:16,2201,M,9ND1A,0H3T64 ,99934,Nor,  ,,FR,S,GSC
2025-02-01 00:00:00,801750203801,04,DW,07,B,06,402,ANTONIO KANTUN O              ,1B,ACTIVO,UN740W ,1,F622,21NY,2025-02-01 00:00:00,1,2025-02-13 00:00:00,373,18083,13408,4211,0,0,0,001,9N4C4,4211,-3838,,,,ERROR EN LECTURA,S,2025-01-30 13:59:06,0801,L,9JR0P,UN740W ,4211,Nor,  ,,LM,S,GSC
2025-02-01 00:00:00,787000756067,38,DW,03,C,85,381,MENA RIVERA FLORENCIO         ,1C,ACTIVO,P062LR ,1,F123,18NM,2024-12-01 00:00:00,1,2025-02-19 00:00:00,0,437,9938,308,64,0,0,004,G87AG,308,-308,P. INFRARROJO/MED. D,,,ERROR DE ESTIMACION,S,2024-12-26 10:20:54,3826,L,9MCCY,P062LR ,0,Nor,64,P. INFRARROJO/MED. D,64,S,SSB
2025-02-01 00:00:00,786201200575,25,DW,03,B,23,252,HERNANDEZ HERNANDEZ OSCAR     ,02,ACTIVO,RDC350 ,2,F623,24NY,2025-01-01 00:00:00,1,2025-02-21 00:00:00,0,15730,,,,,,001,G87AG,3074,-3074,,,,ERROR EN LECTURA,S,,,,,,,,,,,,GSC
2025-02-01 00:00:00,811880800190,23,DW,22,B,01,231,ERNESTO ACEVES NADAL          ,1D,ACTIVO,85PR74 ,2,F621,07F3,2025-01-01 00:00:00,1,2025-02-04 00:00:00,671,3195,55533,974,0,0,0,001,9N4C2,974,-303,,,,ERROR EN LECTURA,S,,,,,,,,,,,,GSC
2025-02-01 00:00:00,787190200302,23,DW,03,C,65,231,CIH ARGAEZ MARIA LEONARDA     ,02,ACTIVO,P659HC ,2,F623,18NN,2025-01-01 00:00:00,1,2025-02-21 00:00:00,0,351,3618,48,60,0,0,001,G87AG,48,-48,MEDID NO TRABAJA,,,ERROR EN LECTURA,S,2025-01-15 12:31:25,2302,L,G92BB,P659HC ,0,Nor,60,MEDID NO TRABAJA,60,S,GSC
2025-02-01 00:00:00,810150401358,23,DW,22,A,02,230,VALDES GARCIA CONDE MARIA DE L,1B,ACTIVO,47DX50 ,2,F621,06F3,2025-01-01 00:00:00,1,2025-02-11 00:00:00,422,5215,46905,1409,0,0,0,001,9N4C2,1409,-987,,,,ERROR EN LECTURA,S,,,,,,,,,,,,GSC
2025-02-01 00:00:00,783051202842,25,DW,12,D,01,255,CASTILLO CERVERA RAUL         ,1D,ACTIVO,RED410 ,2,F623,24NY,2025-01-01 00:00:00,1,2025-02-19 00:00:00,355,9737,516,2391,59,0,0,004,9ND2C,2391,-2036,DISPLAY APAGADO,,,ERROR DE ESTIMACION,D,2025-01-16 15:32:34,2503,L,GAF1M,RED410 ,0,Nor,59,DISPLAY APAGADO,59,S,SSB
2025-02-01 00:00:00,781070500703,17,DW,12,B,01,018,KU MAY ESPERANZA              ,02,ACTIVO,RED550 ,2,F623,24NY,2024-11-01 00:00:00,1,2025-02-05 00:00:00,402,23265,,,,,,004,9ND2C,4502,-4100,,,,ERROR DE ESTIMACION,D,,,,,,,,,,,,SSB
2025-02-01 00:00:00,315231101528,08,DW,04,B,23,082,ESTRADA MONTEJO TERESITA DE   ,1F,ACTIVO,JAW927 ,2,F623,23NU,2025-02-01 00:00:00,1,2025-02-06 00:00:00,506,1164,5378,506,0,0,0,003,9NNL9,506,0,,,,CAMBIO DE MEDIDOR,S,2025-01-30 07:56:30,0801,M,9BBCL,JAW927 ,506,Opt,  ,,,,GSC
2025-02-01 00:00:00,789960500612,11,DW,04,B,23,112,UC CAN JOEL                   ,1F,ACTIVO,KLH107 ,1,F123,23NX,2025-01-01 00:00:00,1,2025-02-13 00:00:00,222,5052,,,,,,003,9NNL9,1373,-1151,,,,CAMBIO DE MEDIDOR,S,,,,,,,,,,,,GSC
2025-02-01 00:00:00,780991202311,27,DW,12,D,01,274,CORCINO GIL REYNA OLIVIA      ,1D,ACTIVO,0MM434 ,1,F121,98GG,2025-01-01 00:00:00,1,2025-02-12 00:00:00,305,1594,78701,576,0,0,0,006,9N2AU,576,-271,,,,ERROR EN PROCEDIMIENTOS,S,,,,,,,,,,,,SSB
2025-02-01 00:00:00,775241001450,13,DW,01,G,08,132,CANCHE PEREZ GLORIA EUGENIA   ,1B,ACTIVO,PBN383 ,1,F123,24NX,2025-01-01 00:00:00,1,2025-02-12 00:00:00,62,197,153,153,57,0,0,004,GEYC8,153,-91,RUTA INCOMPLETA,,,ERROR DE ESTIMACION,D,2025-01-09 17:40:47,1353,R,9BBMC,PBN383 ,0,Nor,5X,RUTA INCOMPLETA,,,SSB
2025-02-01 00:00:00,775241001450,13,DW,01,G,08,132,CANCHE PEREZ GLORIA EUGENIA   ,1B,ACTIVO,PBN383 ,1,F123,24NX,2024-11-01 00:00:00,1,2025-02-12 00:00:00,10,724,153,153,0,0,0,001,GEYC8,153,-143,,,,ERROR EN LECTURA,D,,,,,,,,,,,,GSC
2025-02-01 00:00:00,783960100187,06,DW,12,D,01,161,ALFONSO MUGARTE POLANCO       ,1D,ACTIVO,PBV848 ,1,F123,24NX,2025-02-01 00:00:00,1,2025-02-19 00:00:00,815,6129,,,,,,003,9N2AU,1601,-786,,,,CAMBIO DE MEDIDOR,S,2025-01-29 11:28:57,0604,M,GAF1M,V65B01 ,1601,Nor,  ,,,,GSC
2025-02-01 00:00:00,785071000921,20,DW,03,A,11,203,CABRERA KEB ZOILA LETICIA     ,1D,ACTIVO,33HL45 ,1,F121,07JL,2025-02-01 00:00:00,1,2025-02-26 00:00:00,81,1283,5504,553,0,0,0,001,G87AG,553,-472,,,,ERROR EN LECTURA,S,2025-02-10 10:46:29,2026,L,G92BB,33HL45 ,553,Nor,  ,,,,GSC
2025-02-01 00:00:00,786051100739,31,DW,03,B,16,311,CHAN MUKUL ANASTACIO          ,02,ACTIVO,8J273P ,1,F121,05JL,2025-01-01 00:00:00,1,2025-02-24 00:00:00,0,3181,12465,410,0,0,0,001,G87AG,410,-410,,,,ERROR EN LECTURA,S,2025-01-21 12:05:35,3126,L,GAPRM,8J273P ,9410,Nor,  ,,,,GSC
2025-02-01 00:00:00,786830100311,29,DW,03,B,23,290,DZIB LOPEZ MERCEDES           ,1B,ACTIVO,DXK424 ,1,F123,22NX,2024-11-01 00:00:00,1,2025-02-12 00:00:00,583,4899,3940,1323,0,0,0,006,G87AG,1323,-740,,,,ERROR EN PROCEDIMIENTOS,S,2024-11-20 16:36:54,2928,L,R9855,DXK424 ,2323,Nor,  ,,FR,S,SSB
2025-02-01 00:00:00,783090102782,84,DW,12,D,01,055,CADENA COMERCIAL OXXO         ,67,ACTIVO,884BLK ,3,KL2R,14KE,2025-01-01 00:00:00,1,2025-02-04 00:00:00,0,41608,,,,,,006,GA4LN,11444,-11444,,,,ERROR EN PROCEDIMIENTOS,D,,,,,,,,,,,,SSB
2025-02-01 00:00:00,783940403876,18,DW,12,D,01,185,MARIO W BARRERA               ,1D,ACTIVO,28D0A3 ,2,F421,08KF,2025-02-01 00:00:00,1,2025-02-26 00:00:00,203,64,32335,0,0,31,0,001,9NNKU,0,203,,SERVICIO SIN USO,,ERROR EN LECTURA,S,2025-02-07 10:33:40,1804,M,GAF1M,28D0A3 ,0,Nor,31,SERVICIO SIN USO,,,GSC
2025-02-01 00:00:00,801241001698,04,DW,07,B,06,403,CHABLE CAAMAL CESAR           ,1B,ACTIVO,WNW498 ,2,F623,24P2,2025-02-01 00:00:00,1,2025-02-06 00:00:00,65,11440,2800,2752,0,0,0,001,9N4C4,2752,-2687,,,,ERROR EN LECTURA,S,2025-01-28 15:00:16,0403,L,GAPFM,WNW498 ,2752,Nor,  ,,LM,S,GSC
2025-02-01 00:00:00,783020602940,84,DW,12,D,01,055,CADENA COMERCIAL OXXO         ,67,ACTIVO,900BLK ,3,KL2R,14KE,2025-01-01 00:00:00,1,2025-02-04 00:00:00,0,25795,,,,,,006,GA4LN,6925,-6925,,,,ERROR EN PROCEDIMIENTOS,D,,,,,,,,,,,,SSB
2025-02-01 00:00:00,789020704716,16,DW,04,B,23,162,USCANGA MATA ERICA            ,1F,ACTIVO,PBM651 ,1,F123,24NX,2025-02-01 00:00:00,1,2025-02-13 00:00:00,118,809,62,62,0,0,0,002,9NNL9,448,-330,,,,SIN CONSUMO,S,2025-02-06 08:26:11,1601,M,R9484,PBM651 ,62,Opt,  ,,,,SSB
2025-02-01 00:00:00,800061200882,64,DW,07,A,05,900,OROZCO TAPIA MARIA TERESA     ,67,ACTIVO,PT751X ,3,KL28,21KE,2025-02-01 00:00:00,1,2025-02-17 00:00:00,0,7815,5179,2096,0,0,0,002,9N4CF,2096,-2096,,,,SIN CONSUMO,S,2025-02-06 15:10:03,6452,R,9JRAJ,PT751X ,5179,Nor,  ,,,,SSB
2025-02-01 00:00:00,783061102391,84,DW,12,D,01,055,CADENA COMERCIAL OXXO         ,67,ACTIVO,895BLK ,3,KL2R,14KE,2025-01-01 00:00:00,1,2025-02-04 00:00:00,0,29308,,,,,,006,GA4LN,8062,-8062,,,,ERROR EN PROCEDIMIENTOS,D,,,,,,,,,,,,SSB
2025-02-01 00:00:00,789060601871,19,DW,04,B,23,191,PINZON CANUL EDGAR CANDELARIO ,1F,ACTIVO,83G6F2 ,1,F12H,09KU,2025-01-01 00:00:00,1,2025-02-06 00:00:00,226,393,3791,226,0,0,0,006,9NNL9,226,0,,,,ERROR EN PROCEDIMIENTOS,S,,,,,,,,,,,,SSB
2025-02-01 00:00:00,787100801116,23,DW,03,C,65,001,UCAN CHAN JESUS GUADALUPE     ,1B,ACTIVO,PJX670 ,1,F123,24NX,2025-01-01 00:00:00,1,2025-02-21 00:00:00,427,128,,,,,,006,G87AG,100,327,,,,ERROR EN PROCEDIMIENTOS,S,2025-01-15 11:19:49,2301,L,9MCCY,3X60V1 ,99350,Nor,  ,,FR,S,SSB
2025-02-01 00:00:00,787061100369,29,DW,03,C,65,290,CUA POOT MIRTHA MARIA GPE     ,1B,ACTIVO,7X724L ,1,F121,06JL,2025-01-01 00:00:00,1,2025-02-21 00:00:00,341,3808,19811,1127,0,0,0,006,G87AG,1127,-786,,,,ERROR EN PROCEDIMIENTOS,S,,,,,,,,,,,,SSB
2025-02-01 00:00:00,787100801116,23,DW,03,C,65,001,UCAN CHAN JESUS GUADALUPE     ,1B,ACTIVO,PJX670 ,1,F123,24NX,2024-11-01 00:00:00,1,2025-02-21 00:00:00,441,5143,,,,,,006,G87AG,1411,-970,,,,ERROR EN PROCEDIMIENTOS,S,,,,,,,,,,,,SSB
2025-02-01 00:00:00,775990303276,19,DW,01,G,01,193,REPRES Y SERVS ESC SA CV      ,02,ACTIVO,MX499B ,3,KL28,20KE,2024-11-01 00:00:00,1,2025-02-17 00:00:00,110,1480,1662,110,0,0,0,006,GEYC8,110,0,,,,ERROR EN PROCEDIMIENTOS,D,,,,,,,,,,,,SSB
2025-02-01 00:00:00,809111200142,84,DW,12,F,01,081,CADENA COMERCIAL OXXO         ,67,ACTIVO,J444EX ,3,KL2R,17KE,2025-01-01 00:00:00,1,2025-02-04 00:00:00,0,28563,,,,,,006,GEYD8,7700,-7700,,,,ERROR EN PROCEDIMIENTOS,D,,,,,,,,,,,,SSB
2025-02-01 00:00:00,801220402323,27,DW,07,B,73,251,CANCHE CEN ARISTEO            ,1B,ACTIVO,TB405E ,1,F123,21NX,2025-01-01 00:00:00,1,2025-02-07 00:00:00,1,4468,1721,1221,0,0,0,001,9N4C4,1221,-1220,,,,ERROR EN LECTURA,S,,,,,,,,,,,,GSC
2025-02-01 00:00:00,801981002591,27,DW,07,B,84,184,BATUN MONFORTE FELIPE         ,1B,ACTIVO,3DC868 ,1,F121,98GG,2025-01-01 00:00:00,1,2025-02-11 00:00:00,372,4888,50711,1313,0,0,0,001,9N4C4,1313,-941,,,,ERROR EN LECTURA,S,,,,,,,,,,,,GSC
2025-02-01 00:00:00,801020301271,17,DW,07,B,06,317,LORIA AGUILAR JORGE           ,1B,ACTIVO,PKF076 ,1,F123,24NX,2025-01-01 00:00:00,1,2025-02-11 00:00:00,218,4258,,,,,,001,9N4C4,1177,-959,,,,ERROR EN LECTURA,S,,,,,,,,,,,,GSC
2025-02-01 00:00:00,801990300600,27,DW,07,B,84,184,VARGUEZ DZIB MACEDONIO        ,1B,ACTIVO,AWD620 ,1,F123,22NX,2025-01-01 00:00:00,1,2025-02-10 00:00:00,248,9532,2333,2333,0,0,0,001,9N4C4,2333,-2085,,,,ERROR EN LECTURA,S,,,,,,,,,,,,GSC
2025-02-01 00:00:00,770900500386,11,DW,01,A,02,113,GASPAR AGUILAR A              ,1D,ACTIVO,T4M806 ,2,KA26,904G,2025-01-01 00:00:00,1,2025-02-25 00:00:00,757,913,85593,473,0,0,0,001,9MC86,473,284,,,,ERROR EN LECTURA,D,,,,,,,,,,,,GSC
2025-02-01 00:00:00,771220200538,33,DW,01,B,01,337,GUZMAN CEDENO JAIME ISRAEL    ,02,BAJA SIN MED RET,XW692A ,2,F622,21LM,2025-02-01 00:00:00,4,2025-02-28 00:00:00,0,133184.51999999999,53076,29300,0,0,0,080,9MC86,27101,-27101,,,,INACTIVO CANCELACION POR FINIQUITO,D,,,,,,,,,,,,CCC
2025-02-01 00:00:00,795131106419,18,DW,05,A,01,101,ROSALDO BAUTISTA OLGA VICTORIA,1F,ACTIVO,959TT6 ,1,F122,12LH,2024-12-01 00:00:00,1,2025-02-28 00:00:00,252,996,20635,252,0,0,0,006,9MCCJ,252,0,,,,ERROR EN PROCEDIMIENTOS,S,,,,,,,,,,,,SSB
2025-02-01 00:00:00,795100500259,35,DW,05,A,01,350,MARTINEZ HERNANDEZ MARIA      ,1F,ACTIVO,WNX822 ,2,F623,24P2,2025-01-01 00:00:00,1,2025-02-07 00:00:00,770,8316,584,584,0,0,0,003,9MCCJ,2084,-1314,,,,CAMBIO DE MEDIDOR,S,2025-01-23 08:10:25,3501,M,G81DP,WNX822 ,584,Opt,  ,,,,GSC
2025-02-01 00:00:00,775240700028,11,DW,01,G,01,111,FLORES ARCIQUE ALMA ROSALIA   ,1B,CORTADO,FK525H ,1,F122,19LN,2024-09-01 00:00:00,1,2025-02-07 00:00:00,66,35028,8021,8021,0,0,0,001,GEYC8,8021,-7955,,,,ERROR EN LECTURA,D,,,,,,,,,,,,GSC
2025-02-01 00:00:00,794921000185,22,DW,04,G,10,002,AGUSTINA VAZQUEZ CRUZ         ,1F,ACTIVO,ATY146 ,1,F123,22NX,2024-12-01 00:00:00,1,2025-02-05 00:00:00,77,3012,,,,,,001,9MCF6,977,-900,,,,ERROR EN LECTURA,S,,,,,,,,,,,,GSC
2025-02-01 00:00:00,789971200475,30,DW,04,B,16,001,FRANCISCO EK MOO              ,1F,ACTIVO,329VXM ,1,F122,16LN,2024-12-01 00:00:00,1,2025-02-19 00:00:00,0,4477,27175,1251,0,0,0,007,9MCF6,1251,-1251,,,,LECTURA NEGATIVA,S,,,,,,,,,,,,GSC
2025-02-01 00:00:00,792000455923,14,DW,04,E,49,142,ELIAS FRANCISCO DIAZ          ,1F,ACTIVO,5E220G ,1,F121,05JL,2024-12-01 00:00:00,1,2025-02-07 00:00:00,380,5319,7856,1435,0,0,0,001,9MCF6,1435,-1055,,,,ERROR EN LECTURA,S,,,,,,,,,,,,GSC
2025-02-01 00:00:00,780810300243,33,DW,12,B,01,331,JUVENCIO REYES MONDRAGON      ,1D,ACTIVO,PCU991 ,1,F123,24NX,2025-01-01 00:00:00,1,2025-02-05 00:00:00,327,2470,0,504,60,0,0,003,9MCFP,815,-488,MEDID NO TRABAJA,,,CAMBIO DE MEDIDOR,S,2025-01-22 10:16:52,3304,L,GA4GN,PCU991 ,10,Opt,60,MEDID NO TRABAJA,60,S,GSC
2025-02-01 00:00:00,781860400091,06,DW,12,B,01,065,SEGOVIANO LOPEZ JORGE         ,1D,ACTIVO,KUV353 ,1,F123,23NX,2025-02-01 00:00:00,1,2025-02-05 00:00:00,533,3295,3439,996,50,0,0,004,9MCFP,996,-463,CASA CERRADA,,,ERROR DE ESTIMACION,S,2025-01-29 09:36:02,0601,L,GATKM,KUV353 ,0,Nor,50,CASA CERRADA,50,S,SSB
2025-02-01 00:00:00,781980401831,18,DW,12,B,01,220,YURIDIA BARRERA               ,1D,ACTIVO,92PL67 ,2,F621,07F3,2025-02-01 00:00:00,1,2025-02-14 00:00:00,0,609,57906,332,0,0,70,004,9MCFP,332,-332,,,LECTURA NEGATIVA,ERROR DE ESTIMACION,S,2025-02-07 08:18:47,1801,L,9NCX2,92PL67 ,99565,Nor,  ,,FR,S,SSB
2025-02-01 00:00:00,782020303369,39,DW,12,C,01,396,LOPEZ GOMEZ MARIA ANGELICA    ,1D,ACTIVO,333VXE ,1,F122,16LN,2025-01-01 00:00:00,1,2025-02-13 00:00:00,241,2111,13803,736,0,0,0,001,9MCFP,736,-495,,,,ERROR EN LECTURA,S,,,,,,,,,,,,GSC
2025-02-01 00:00:00,780990106121,26,DW,12,B,01,033,DZUL CHAN GELMY GUADALUPE     ,1D,ACTIVO,FKA687 ,1,F123,22NX,2024-10-01 00:00:00,1,2025-02-13 00:00:00,407,2280,2226,407,0,0,0,006,9MCFP,407,0,,,,ERROR EN PROCEDIMIENTOS,S,,,,,,,,,,,,SSB
2025-02-01 00:00:00,804240900914,04,DW,08,A,01,041,BASTO CANUL JOSE ANTONIO      ,02,BAJA,,2,,,2025-02-01 00:00:00,1,2025-02-07 00:00:00,0,3442,,,,,,001,9N4CD,657,-657,,,,ERROR EN LECTURA,D,2025-01-28 12:04:56,0401,L,9JRAU,WNB870 ,657,Nor,  ,,LM,S,GSC
2025-02-01 00:00:00,781030800518,02,DW,12,B,01,022,LUCILA LEAL DE HINOJOSA       ,1D,ACTIVO,PBY392 ,1,F123,24NX,2024-10-01 00:00:00,1,2025-02-20 00:00:00,0,1316,,,,,,001,9MCFP,999,-999,,,,ERROR EN LECTURA,S,,,,,,,,,,,,GSC
2025-02-01 00:00:00,781940400084,08,DW,12,B,01,012,ZACARIAS CHAN ORTEGA          ,1D,ACTIVO,T08F16 ,1,F121,93F5,2025-02-01 00:00:00,1,2025-02-14 00:00:00,85,525,22646,364,0,0,0,001,9MCFP,364,-279,,,,ERROR EN LECTURA,S,2025-01-30 09:23:09,0802,M,9NCX2,T08F16 ,364,Nor,  ,,FR,S,GSC
2025-02-01 00:00:00,803231100666,69,DW,07,D,07,001,MAZON CAN ESTEBAN             ,9C,ACTIVO,GEL104 ,3,KL28,22NJ,2025-01-01 00:00:00,1,2025-02-28 00:00:00,120,817,1309,120,0,0,0,006,CRAGR,120,0,,,,ERROR EN PROCEDIMIENTOS,,,,,,,,,,,,,SSB
2025-02-01 00:00:00,805150101113,74,DW,08,B,70,701,CETZ CUTZ DAMIAN              ,9C,ACTIVO,353T9T ,2,F622,14LM,2025-01-01 00:00:00,1,2025-02-28 00:00:00,49,174,5282,49,0,0,0,006,CRAGR,49,0,,,,ERROR EN PROCEDIMIENTOS,,,,,,,,,,,,,SSB
2025-02-01 00:00:00,790791100217,38,DW,04,C,88,361,ONORIA BADILLO DE G           ,1F,ACTIVO,35XR94 ,1,F121,08JL,2024-12-01 00:00:00,1,2025-02-26 00:00:00,705,7153,42447,1836,0,0,0,007,9MCF6,1836,-1131,,,,LECTURA NEGATIVA,S,,,,,,,,,,,,GSC
2025-02-01 00:00:00,775000958435,18,DW,01,G,01,182,SHIRLEY PAMELA VERDE CUTZ     ,1B,ACTIVO,PKB331 ,1,F123,24NX,2024-10-01 00:00:00,1,2025-02-26 00:00:00,22,1315,,,,,,001,GEYC8,621,-599,,,,ERROR EN LECTURA,D,,,,,,,,,,,,GSC
2025-02-01 00:00:00,792750303203,26,DW,04,E,82,001,CRISTOBAL MOO H               ,1F,ACTIVO,U38J88 ,1,F121,94F5,2024-12-01 00:00:00,1,2025-02-17 00:00:00,14,3393,5772,1014,0,0,0,001,9MCF6,1014,-1000,,,,ERROR EN LECTURA,S,,,,,,,,,,,,GSC
2025-02-01 00:00:00,805100102003,73,DW,08,B,67,679,LORIA CRUZ MANUEL JESUS       ,9C,ACTIVO,31P6H0 ,3,FD2H,09KV,2025-01-01 00:00:00,1,2025-02-28 00:00:00,13,77,31210,13,0,0,0,006,CRAGR,13,0,,,,ERROR EN PROCEDIMIENTOS,,,,,,,,,,,,,SSB
2025-02-01 00:00:00,780060403177,06,DW,12,B,01,065,AGUILAR ARREOLA MARIA CONCEPCI,1D,ACTIVO,0R501N ,2,F621,06F3,2025-02-01 00:00:00,1,2025-02-05 00:00:00,439,330,36858,239,50,0,0,004,9MCFP,239,200,CASA CERRADA,,,ERROR DE ESTIMACION,S,2025-01-29 09:35:52,0601,L,GATKM,0R501N ,0,Nor,50,CASA CERRADA,50,S,SSB
2025-02-01 00:00:00,780070401008,65,DW,12,B,03,611,PLAYA MUJERES CONTINENTAL AC  ,67,CORTADO,U729AT ,3,KL28,18KE,2024-10-01 00:00:00,1,2025-02-24 00:00:00,864,22126,22876,6324,0,0,0,001,9MCFP,6324,-5460,,,,ERROR EN LECTURA,S,,,,,,,,,,,,GSC
2025-02-01 00:00:00,782111004453,26,DW,12,C,01,261,SOLIS REYES JUAN RODOLFO      ,1D,ACTIVO,WNM317 ,2,F623,24P2,2024-12-01 00:00:00,1,2025-02-14 00:00:00,79,2538,,,,,,004,9MCFP,832,-753,,,,ERROR DE ESTIMACION,S,2024-12-17 13:15:49,2602,L,GAD0M,WNX216 ,0,Nor,56,NO HAY MEDIDOR,56,S,SSB
2025-02-01 00:00:00,779170703241,19,DW,01,M,02,195,IMELDA DEL PILAR ORTEGA HERNAN,1C,ACTIVO,M095XW ,2,F62J,17L2,2025-01-01 00:00:00,1,2025-02-10 00:00:00,0,11031,85436,3893,0,0,0,020,9N4C9,1637,-1637,,,,FACTURACION IMPROCEDENTE,D,,,,,,,,,,,,SSB
2025-02-01 00:00:00,797180900450,06,DW,06,B,01,102,MEJIA BALAM GENY S            ,1B,ACTIVO,L045FL ,1,F122,18LN,2025-02-01 00:00:00,1,2025-02-17 00:00:00,38,1146,7347,502,64,0,0,004,9N4CC,502,-464,P. INFRARROJO/MED. D,,,ERROR DE ESTIMACION,D,2025-01-29 13:24:28,0601,M,R9174,L045FL ,0,Nor,64,P. INFRARROJO/MED. D,64,S,SSB
2025-02-01 00:00:00,787790800125,35,DW,03,C,72,351,DANIEL PAT TZUC               ,1B,ACTIVO,C1438E ,1,C111,738V,2024-11-01 00:00:00,1,2025-02-18 00:00:00,428,3484,6555,1011,0,0,0,001,G08D0,1011,-583,,,,ERROR EN LECTURA,S,,,,,,,,,,,,GSC
2025-02-01 00:00:00,804921000059,11,DW,08,A,01,111,PINZON CANUL FRANCISCO        ,1B,ACTIVO,DXG039 ,1,F123,22NX,2025-01-01 00:00:00,1,2025-02-18 00:00:00,277,1428,3111,553,0,0,0,001,9N4CD,553,-276,,,,ERROR EN LECTURA,D,,,,,,,,,,,,GSC
2025-02-01 00:00:00,810240604193,28,DW,22,A,01,284,HUIDOBRO ORTEGA VERONICA      ,1B,ACTIVO,LKC188 ,2,F623,23NX,2025-02-01 00:00:00,1,2025-02-27 00:00:00,791,11876,2893,2893,0,0,0,020,9N4CK,2893,-2102,,,,FACTURACION IMPROCEDENTE,S,2025-02-20 16:07:36,3402,M,9NCT0,LKC188 ,2893,Opt,  ,,,,SSB
2025-02-01 00:00:00,786240500420,16,DW,03,B,20,162,UC ROSEL ELIO JESUS           ,1B,ACTIVO,WND534 ,2,F623,24P2,2024-12-01 00:00:00,1,2025-02-27 00:00:00,0,14760,3290,3290,0,0,0,001,9ND2R,3290,-3290,,,,ERROR EN LECTURA,D,,,,,,,,,,,,GSC
2025-02-01 00:00:00,781970801822,06,DW,12,B,01,065,EFRAIN NOH ARELLANO           ,1D,ACTIVO,V297F1 ,1,F121,97F5,2025-02-01 00:00:00,1,2025-02-17 00:00:00,195,382,44873,272,0,0,70,004,9MCFP,272,-77,,,LECTURA NEGATIVA,ERROR DE ESTIMACION,S,2025-01-29 15:09:32,0601,L,GATKM,V297F1 ,99195,Nor,  ,,FR,S,SSB
2025-02-01 00:00:00,812231204631,30,DW,22,C,01,301,KTRA TULUM                    ,1B,ACTIVO,KKJ766 ,2,F623,23NU,2024-04-01 00:00:00,1,2025-02-19 00:00:00,2324,120,187,101,0,0,0,020,G08D1,101,2223,,,,FACTURACION IMPROCEDENTE,S,,,,,,,,,,,,SSB
2025-02-01 00:00:00,812231204631,30,DW,22,C,01,301,KTRA TULUM                    ,1B,ACTIVO,KKJ766 ,2,F623,23NU,2024-12-01 00:00:00,1,2025-02-19 00:00:00,2362,197,496,154,0,0,0,020,G08D1,154,2208,,,,FACTURACION IMPROCEDENTE,S,,,,,,,,,,,,SSB
2025-02-01 00:00:00,781970801822,06,DW,12,B,01,065,EFRAIN NOH ARELLANO           ,1D,ACTIVO,V297F1 ,1,F121,97F5,2024-12-01 00:00:00,1,2025-02-17 00:00:00,260,4481,44873,1260,0,0,0,001,9MCFP,1260,-1000,,,,ERROR EN LECTURA,S,,,,,,,,,,,,GSC
2025-02-01 00:00:00,800150800702,79,DW,07,A,89,891,LI ARANDA PAULA               ,9C,ACTIVO,MW067X ,3,KL28,20KE,2025-01-01 00:00:00,1,2025-02-28 00:00:00,81,257,1679,81,0,0,0,006,CRAGR,81,0,,,,ERROR EN PROCEDIMIENTOS,,,,,,,,,,,,,SSB
2025-02-01 00:00:00,777990600222,73,DW,01,J,03,731,AMBROCIO PEET MENA            ,9C,ACTIVO,MU848D ,3,KL28,20KE,2025-01-01 00:00:00,1,2025-02-28 00:00:00,56,192,1063,56,0,0,0,006,CRAGR,56,0,,,,ERROR EN PROCEDIMIENTOS,,,,,,,,,,,,,SSB
2025-02-01 00:00:00,800970800791,74,DW,07,A,13,132,MENA CONTRERAS GABRIEL ARCADIO,9C,ACTIVO,CHF363 ,3,KL28,22NJ,2025-01-01 00:00:00,1,2025-02-28 00:00:00,113,374,4620,113,0,0,0,006,CRAGR,113,0,,,,ERROR EN PROCEDIMIENTOS,,,,,,,,,,,,,SSB
2025-02-01 00:00:00,796230703654,75,DW,06,A,11,111,CITRICOS FRUTRAS Y GRANOS CFG ,9C,CORTADO,GEL419 ,3,KL28,22NJ,2025-01-01 00:00:00,1,2025-02-28 00:00:00,6515,12124,61348,6515,0,0,0,006,CRAGR,6515,0,,,,ERROR EN PROCEDIMIENTOS,,,,,,,,,,,,,SSB
2025-02-01 00:00:00,786240500420,16,DW,03,B,20,162,UC ROSEL ELIO JESUS           ,1B,ACTIVO,WND534 ,2,F623,24P2,2025-02-01 00:00:00,1,2025-02-27 00:00:00,99,7977,5275,1985,0,0,0,001,G08D2,1985,-1886,,,,ERROR EN LECTURA,S,2025-02-06 18:37:35,1626,L,GA8EN,WND534 ,1985,Nor,  ,,FR,S,GSC
2025-02-01 00:00:00,801750217926,17,DW,07,B,06,217,ALCOCER SANTOYO JESUS         ,1B,ACTIVO,PKF319 ,1,F123,24NX,2025-01-01 00:00:00,2,2025-02-07 00:00:00,1,64,,,,,,002,G08D8,0,1,,,,SIN CONSUMO,D,2025-01-10 09:28:38,1703,L,9ND1A,4J5E15 ,0,Nor,56,NO HAY MEDIDOR,56,S,SSB
2025-02-01 00:00:00,812231204631,30,DW,22,C,01,301,KTRA TULUM                    ,1B,ACTIVO,KKJ766 ,2,F623,23NU,2024-02-01 00:00:00,1,2025-02-19 00:00:00,2247,104,86,84,0,0,0,020,G08D1,84,2163,,,,FACTURACION IMPROCEDENTE,S,,,,,,,,,,,,SSB
2025-02-01 00:00:00,801750217926,17,DW,07,B,06,217,ALCOCER SANTOYO JESUS         ,1B,ACTIVO,PKF319 ,1,F123,24NX,2025-01-01 00:00:00,1,2025-02-07 00:00:00,0,630,,,,,,002,G08D8,378,-378,,,,SIN CONSUMO,D,2025-01-10 09:28:38,1703,L,9ND1A,4J5E15 ,0,Nor,56,NO HAY MEDIDOR,56,S,SSB
2025-02-01 00:00:00,810960500026,66,DW,22,A,01,662,DIVERSIONES ALIMENT SA CV     ,03,BAJA,,3,,,2024-12-01 00:00:00,1,2025-02-11 00:00:00,0,59812,,,,,,004,G08D1,13380,-13380,,,,ERROR DE ESTIMACION,S,2024-12-09 08:00:29,6603,L,9JPYF,PJ375F ,0,Nor,59,DISPLAY APAGADO,59,S,SSB
2025-02-01 00:00:00,810960500026,66,DW,22,A,01,662,DIVERSIONES ALIMENT SA CV     ,03,BAJA,,3,,,2025-01-01 00:00:00,1,2025-02-11 00:00:00,0,58212,,,,,,004,G08D1,12888,-12888,,,,ERROR DE ESTIMACION,S,2025-01-08 07:52:41,6603,L,GA21N,PJ375F ,0,Nor,59,DISPLAY APAGADO,59,S,SSB
2025-02-01 00:00:00,810960500026,66,DW,22,A,01,662,DIVERSIONES ALIMENT SA CV     ,03,BAJA,,3,,,2025-02-01 00:00:00,1,2025-02-11 00:00:00,0,499,,,,,,004,G08D1,0,0,,,,ERROR DE ESTIMACION,S,2025-02-07 07:20:34,6603,L,9JPYF,RXU521 ,0,Opt,31,SERVICIO SIN USO,,,SSB
2025-02-01 00:00:00,776791000180,23,DW,01,H,40,233,ALVARO PECH CAN               ,1C,ACTIVO,W5185D ,1,W111,78C0,2024-11-01 00:00:00,1,2025-02-12 00:00:00,0,2868,9504,996,0,0,0,001,G09DW,996,-996,,,,ERROR EN LECTURA,S,,,,,,,,,,,,GSC
2025-02-01 00:00:00,776750601748,25,DW,01,H,45,251,FLORENTINO CHUC CHI           ,1C,ACTIVO,D8808P ,1,W111,73C0,2025-01-01 00:00:00,1,2025-02-26 00:00:00,12,1213,751,506,0,0,0,001,G09DW,506,-494,,,,ERROR EN LECTURA,S,,,,,,,,,,,,GSC
2025-02-01 00:00:00,805950700121,74,DW,08,B,67,742,MARIO DIAZ LIZAMA             ,9C,ACTIVO,PT042Y ,3,KL28,21KE,2025-01-01 00:00:00,1,2025-02-28 00:00:00,124,376,1508,124,0,0,0,006,CRAGR,124,0,,,,ERROR EN PROCEDIMIENTOS,,,,,,,,,,,,,SSB
2025-02-01 00:00:00,810960500026,66,DW,22,A,01,662,DIVERSIONES ALIMENT SA CV     ,03,BAJA,,3,,,2024-11-01 00:00:00,1,2025-02-11 00:00:00,15,55552,,,,,,004,G08D1,12087,-12072,,,,ERROR DE ESTIMACION,S,2024-11-07 07:57:43,6603,L,9JPYF,PJ375F ,0,Nor,59,DISPLAY APAGADO,59,S,SSB
2025-02-01 00:00:00,806150401113,78,DW,08,C,29,299,HU MORENO JOSE LUIS ARIEL     ,9C,ACTIVO,MV979K ,3,KL28,20KE,2025-01-01 00:00:00,1,2025-02-28 00:00:00,0,430,71110,0,0,31,0,006,CRAGR,0,0,,SERVICIO SIN USO,,ERROR EN PROCEDIMIENTOS,,2025-01-24 11:08:40,7801,L,9MCDR,MV979K ,0,Opt,31,SERVICIO SIN USO,,,SSB
2025-02-01 00:00:00,801131200750,66,DW,07,B,04,622,SOLIS CAMARA JAIME ALBERTO    ,9C,ACTIVO,567F6U ,3,KL28,13KE,2025-01-01 00:00:00,1,2025-02-28 00:00:00,0,44,34700,0,0,31,0,006,CRAGR,0,0,,SERVICIO SIN USO,,ERROR EN PROCEDIMIENTOS,,2025-01-06 09:02:00,6402,L,9ND1A,567F6U ,0,Opt,31,SERVICIO SIN USO,,,SSB
2025-02-01 00:00:00,808120400468,78,DW,08,E,84,841,AKE CANUL JOSE ARMANDO        ,9C,ACTIVO,X983TL ,2,F623,19NU,2025-01-01 00:00:00,1,2025-02-28 00:00:00,49,174,4757,49,0,0,0,006,CRAGR,49,0,,,,ERROR EN PROCEDIMIENTOS,,,,,,,,,,,,,SSB
2025-02-01 00:00:00,786231001127,64,DW,03,B,21,641,ESPEJEL GONZALEZ OSCAR        ,9C,ACTIVO,CKU650 ,3,VL28,22NJ,2025-02-01 00:00:00,1,2025-02-17 00:00:00,9840,919,666,1120,0,0,0,001,G08D2,1120,8720,,,,ERROR EN LECTURA,S,2025-02-05 11:30:40,6402,L,GA8EN,CKU650 ,14,Nor,  ,,LM,S,GSC
2025-02-01 00:00:00,786750801289,29,DW,03,B,14,291,RICALDE WITZ ROSARIO          ,1D,ACTIVO,PBL581 ,1,F123,24NX,2025-01-01 00:00:00,1,2025-02-04 00:00:00,882,64,,,,,,001,G08D2,0,882,,,,ERROR EN LECTURA,S,2025-01-20 09:57:26,2901,L,GAPQM,0FY438 ,0,Nor,31,SERVICIO SIN USO,,,GSC
2025-02-01 00:00:00,786990100041,27,DW,03,B,22,270,CHAN CARRILLO MANUEL          ,1B,ACTIVO,323KUD ,1,F122,15LN,2025-01-01 00:00:00,1,2025-02-28 00:00:00,439,2903,16250,877,0,0,0,001,G08D2,877,-438,,,,ERROR EN LECTURA,S,,,,,,,,,,,,GSC
2025-02-01 00:00:00,794200300382,22,DW,04,G,10,221,PEREZ CABRERA JANNETH         ,1F,ACTIVO,DW304Y ,2,F623,19NU,2025-02-01 00:00:00,1,2025-02-17 00:00:00,0,1651,6780,321,0,0,0,002,G08D8,321,-321,,,,SIN CONSUMO,D,2025-02-12 18:38:36,2252,R,R9642,DW304Y ,30,Nor,  ,,,,SSB
2025-02-01 00:00:00,777151100745,10,DW,01,J,52,102,OXTE PEREZ JORGE GABRIEL      ,1D,ACTIVO,43D1N0 ,2,F421,08KF,2024-12-01 00:00:00,1,2025-02-05 00:00:00,834,5759,22943,1569,0,0,0,001,G08D9,1569,-735,,,,ERROR EN LECTURA,D,,,,,,,,,,,,GSC
2025-02-01 00:00:00,777151100745,10,DW,01,J,52,102,OXTE PEREZ JORGE GABRIEL      ,1D,ACTIVO,43D1N0 ,2,F421,08KF,2024-12-01 00:00:00,2,2025-02-05 00:00:00,435,2548,22208,834,0,0,0,006,G08D9,834,-399,,,,ERROR EN PROCEDIMIENTOS,D,,,,,,,,,,,,SSB
2025-02-01 00:00:00,776790800166,09,DW,01,H,36,091,GUDELIO CANUL PEREZ           ,1C,ACTIVO,RCH339 ,2,F623,24NY,2025-01-01 00:00:00,1,2025-02-18 00:00:00,210,1168,,,,,,001,G09DW,496,-286,,,,ERROR EN LECTURA,S,2025-01-06 12:15:16,0902,M,R9793,9810TY ,9219,Nor,  ,,LN,S,GSC
2025-02-01 00:00:00,803990600037,31,DW,07,D,42,421,UN NOH EDUARDO                ,02,ACTIVO,1RU418 ,2,F121,99GG,2025-01-01 00:00:00,1,2025-02-11 00:00:00,0,2882,221,0,0,0,0,001,G87AV,0,0,,,,ERROR EN LECTURA,S,2025-01-21 13:11:25,3126,M,GA2CN,1RU419 ,166,Nor,31,SERVICIO SIN USO,FR,S,GSC
2025-02-01 00:00:00,786140500261,34,DW,03,B,23,341,TUZ BRICENO JOSE WALDEMAR     ,02,ACTIVO,756B2X ,2,F622,13LM,2024-12-01 00:00:00,1,2025-02-27 00:00:00,2522,19766,29838,3822,0,0,0,001,G08D2,3822,-1300,,,,ERROR EN LECTURA,S,,,,,,,,,,,,GSC
2025-02-01 00:00:00,800090400343,22,DW,07,A,01,003,CHIMAL GOMEZ JORGE MANUEL     ,1B,ACTIVO,56B0D7 ,1,F121,08JL,2025-02-01 00:00:00,1,2025-02-27 00:00:00,415,3407,18256,985,0,0,0,001,GEY68,985,-570,,,,ERROR EN LECTURA,S,2025-02-11 11:35:17,2226,L,9MCAW,56B0D7 ,99985,Nor,  ,,FR,S,GSC
2025-02-01 00:00:00,800950200991,12,DW,07,A,13,131,AVILES OCH CANDELARIO         ,1B,ACTIVO,Y85L86 ,1,F121,94F5,2025-02-01 00:00:00,1,2025-02-17 00:00:00,239,2475,73732,781,0,0,0,001,GEY68,781,-542,,,,ERROR EN LECTURA,S,2025-02-04 10:38:28,1228,L,9JRAJ,Y85L86 ,781,Nor,  ,,FR,S,GSC
2025-02-01 00:00:00,780990204999,28,DW,12,B,01,033,ELIX COLORADO VELAZQUEZ       ,1D,ACTIVO,3D579K ,1,F121,05JL,2025-02-01 00:00:00,1,2025-02-27 00:00:00,285,4573,59957,1273,0,0,0,001,G87AA,1273,-988,,,,ERROR EN LECTURA,S,2025-02-14 10:40:35,2802,L,9NCX2,3D579K ,1273,Nor,  ,,FR,S,GSC
2025-02-01 00:00:00,810970400879,11,DW,22,A,01,114,MEX PLUS SA DE CV             ,1B,ACTIVO,318MFB ,2,F62J,15MT,2025-01-01 00:00:00,1,2025-02-05 00:00:00,120,2241,16699,742,0,0,0,001,GEYH8,742,-622,,,,ERROR EN LECTURA,S,,,,,,,,,,,,GSC
2025-02-01 00:00:00,780941201763,33,DW,12,B,01,330,MARIA FELIX RUEDA             ,02,BAJA,,1,,,2024-07-01 00:00:00,1,2025-02-04 00:00:00,0,1978,,,,,,001,G87AA,200,-200,,,,ERROR EN LECTURA,S,,,,,,,,,,,,GSC
2025-02-01 00:00:00,781090300972,11,DW,12,B,01,012,CATZIN POOT MARGARITA         ,1D,ACTIVO,07B8D5 ,1,F121,08JL,2024-11-01 00:00:00,1,2025-02-12 00:00:00,530,45094,28431,10530,0,0,0,001,G87AA,10530,-10000,,,,ERROR EN LECTURA,S,,,,,,,,,,,,GSC
2025-02-01 00:00:00,810050411861,26,DW,22,A,02,261,CRUZ PALACIOS MARIBEL         ,1B,ACTIVO,1E395X ,1,F121,05JL,2025-02-01 00:00:00,1,2025-02-27 00:00:00,88,8188,11128,2069,0,0,0,001,G87AU,2069,-1981,,,,ERROR EN LECTURA,S,2025-02-13 12:02:33,2651,N,GA21N,1E395X ,2069,Nor,  ,,FR,S,GSC
2025-02-01 00:00:00,803980600063,28,DW,07,D,07,071,OSALDE YAMA TEODOMIRO RUBEN   ,1C,ACTIVO,A73B35 ,1,F121,91F5,2025-02-01 00:00:00,1,2025-02-28 00:00:00,416,1593,40490,588,0,0,0,001,G87AV,588,-172,,,,ERROR EN LECTURA,S,2025-02-14 10:56:28,2827,M,R9920,A73B35 ,1986,Nor,  ,,FR,S,GSC
2025-02-01 00:00:00,801110700604,27,DW,07,B,34,034,TEC ARELLANO GERMAN           ,1B,ACTIVO,AWD622 ,1,F123,22NX,2025-01-01 00:00:00,1,2025-02-10 00:00:00,298,7727,1938,1938,0,0,0,001,G87AV,1938,-1640,,,,ERROR EN LECTURA,S,,,,,,,,,,,,GSC
2025-02-01 00:00:00,776121102925,09,DW,01,H,36,091,BORGES CHACON GENI MARIA DEL R,1C,BAJA,,1,,,2025-02-01 00:00:00,4,2025-02-26 00:00:00,0,10078.5,,,,,,080,G09DW,2325,-2325,,,,INACTIVO CANCELACION POR FINIQUITO,S,,,,,,,,,,,,CCC
2025-02-01 00:00:00,776901200163,23,DW,01,H,40,233,BLANCA ESTELA UC UICAB        ,1C,ACTIVO,CX4796 ,1,F121,81EG,2025-01-01 00:00:00,1,2025-02-12 00:00:00,155,4110,2900,1142,0,0,0,001,G09DW,1142,-987,,,,ERROR EN LECTURA,S,,,,,,,,,,,,GSC
2025-02-01 00:00:00,776750605247,15,DW,01,H,41,151,ADELAIDA  CHAN  TZUC          ,1C,ACTIVO,YH695X ,2,F623,21NU,2025-01-01 00:00:00,1,2025-02-21 00:00:00,373,8785,,,,,,001,G09DW,2169,-1796,,,,ERROR EN LECTURA,S,,,,,,,,,,,,GSC
2025-02-01 00:00:00,776750605565,17,DW,01,H,41,171,TRANQUILINO BORGES            ,1C,ACTIVO,PKB949 ,1,F123,24NX,2025-01-01 00:00:00,1,2025-02-11 00:00:00,714,4069,,,,,,001,G09DW,1133,-419,,,,ERROR EN LECTURA,S,,,,,,,,,,,,GSC
2025-02-01 00:00:00,776221100539,10,DW,01,H,36,101,RUZ GUZMAN FREDDY DE JESUS    ,02,ACTIVO,ATY853 ,1,F123,22NX,2024-08-01 00:00:00,1,2025-02-12 00:00:00,0,5183,5,1010,0,0,0,001,G09DW,1010,-1010,,,,ERROR EN LECTURA,S,2024-08-06 10:46:18,1001,M,9EMC8,ATY853 ,1010,Nor,  ,,FR,S,GSC
2025-02-01 00:00:00,808750311552,32,DW,08,E,74,321,EUSTAQUIO CHI                 ,1B,ACTIVO,2354TK ,1,C111,698V,2024-12-01 00:00:00,1,2025-02-27 00:00:00,182,4512,6630,1234,0,0,0,001,G86AD,1234,-1052,,,,ERROR EN LECTURA,S,,,,,,,,,,,,GSC
2025-02-01 00:00:00,810240407274,30,DW,22,A,02,306,MARTINEZ SOL SOLEDAD GUADALUPE,1B,ACTIVO,JFU860 ,2,F623,23NU,2025-02-01 00:00:00,1,2025-02-28 00:00:00,534,11049,2708,2708,0,0,0,001,GEYH8,2708,-2174,,,,ERROR EN LECTURA,S,2025-02-19 15:42:24,3052,R,9NCT0,JFU860 ,2708,Opt,  ,,,,GSC
2025-02-01 00:00:00,810240501149,30,DW,22,A,02,306,SAURI JIMENEZ EDUARDO RBERTO  ,1B,ACTIVO,JGY006 ,2,F623,23NU,2025-02-01 00:00:00,1,2025-02-28 00:00:00,310,5566,1483,1483,0,0,0,001,GEYH8,1483,-1173,,,,ERROR EN LECTURA,S,2025-02-19 15:47:08,3052,R,9NCT0,JGY006 ,1483,Opt,  ,,,,GSC
2025-02-01 00:00:00,776040800580,13,DW,01,H,55,131,QUIRICO KOH KOH               ,1C,ACTIVO,8X99V8 ,1,F121,04GG,2025-01-01 00:00:00,1,2025-02-06 00:00:00,0,1172,30744,497,0,0,70,004,9JPYN,497,-497,,,LECTURA NEGATIVA,ERROR DE ESTIMACION,S,2025-01-08 11:04:07,1326,L,9JRBT,8X99V8 ,99387,Nor,  ,,FR,S,SSB
2025-02-01 00:00:00,773071000027,28,DW,01,J,10,281,MUTUL CETZ MARIA ADRIANA      ,1C,ACTIVO,3J367A ,1,F121,05JL,2024-12-01 00:00:00,1,2025-02-06 00:00:00,494,5483,65512,1448,0,0,0,001,9JPYN,1448,-954,,,,ERROR EN LECTURA,S,,,,,,,,,,,,GSC
2025-02-01 00:00:00,777240503357,40,DW,01,J,03,403,NORIEGA UC MERCEDES JESUS     ,1C,ACTIVO,MKV385 ,1,F123,23NX,2024-12-01 00:00:00,1,2025-02-06 00:00:00,476,64,1,0,0,31,0,001,9JPYN,0,476,,SERVICIO SIN USO,,ERROR EN LECTURA,S,2024-12-30 16:35:25,4052,R,9NCYF,MKV385 ,0,Nor,31,SERVICIO SIN USO,,,GSC
2025-02-01 00:00:00,777040901048,21,DW,01,J,03,210,VICTOR FERNANDEZ RUZ          ,1C,ACTIVO,G052J1 ,1,F121,95F5,2025-01-01 00:00:00,1,2025-02-06 00:00:00,253,3959,52890,1245,0,0,0,001,9JPYN,1245,-992,,,,ERROR EN LECTURA,S,,,,,,,,,,,,GSC
2025-02-01 00:00:00,792051100143,70,DW,04,E,79,711,BRAUN HILDEBRANDT JACOB       ,9M,BAJA SIN MED RET,PJ600F ,3,KL28,20KE,2025-02-01 00:00:00,4,2025-02-07 00:00:00,0,146587.10999999999,34205,99999,0,0,0,080,GA40N,99999,-99999,,,,INACTIVO CANCELACION POR FINIQUITO,,2025-02-13 13:40:01,7001,L,R8999,PJ600F ,0,Nor,56,NO HAY MEDIDOR,56,S,CCC
2025-02-01 00:00:00,777111202511,20,DW,01,J,03,202,POOT CAB MIGUEL EDUARDO       ,1C,ACTIVO,KK723F ,1,F123,20NT,2024-12-01 00:00:00,1,2025-02-10 00:00:00,660,3419,14959,996,0,0,0,001,9JPYN,996,-336,,,,ERROR EN LECTURA,S,,,,,,,,,,,,GSC
2025-02-01 00:00:00,778060800147,84,DW,01,K,42,044,CONTROLADORA DE NEG COMER     ,02,ACTIVO,J979EF ,2,KT2R,17KE,2025-01-01 00:00:00,1,2025-02-04 00:00:00,0,5677,,,,,,020,9AKLE,1099,-1099,,,,FACTURACION IMPROCEDENTE,D,,,,,,,,,,,,SSB
2025-02-01 00:00:00,810080900271,26,DW,22,A,02,261,PECH SILVA OSCAR              ,1B,ACTIVO,55WT02 ,1,F121,08JL,2025-02-01 00:00:00,1,2025-02-28 00:00:00,0,3847,20795,1099,0,0,0,001,GEYH8,1099,-1099,,,,ERROR EN LECTURA,S,2025-02-13 11:27:21,2651,N,GA21N,55WT02 ,1099,Nor,  ,,FR,S,GSC
2025-02-01 00:00:00,778021000273,84,DW,01,K,42,044,CONTROLADORA DE NEG COMER     ,02,ACTIVO,092VL5 ,1,KP2R,12KE,2025-01-01 00:00:00,1,2025-02-04 00:00:00,0,3921,,,,,,020,9AKLE,756,-756,,,,FACTURACION IMPROCEDENTE,D,,,,,,,,,,,,SSB
2025-02-01 00:00:00,778101200061,84,DW,01,K,42,044,CONTROLADORA DE NEG COMER     ,02,ACTIVO,348KTD ,2,KT2R,15KE,2025-01-01 00:00:00,1,2025-02-04 00:00:00,0,3829,,,,,,020,9AKLE,738,-738,,,,FACTURACION IMPROCEDENTE,D,,,,,,,,,,,,SSB
2025-02-01 00:00:00,778880800028,84,DW,01,K,42,044,FARMACON SA DE CV             ,02,ACTIVO,531KTD ,2,KT2R,15KE,2025-01-01 00:00:00,1,2025-02-04 00:00:00,0,9260,,,,,,020,9AKLE,1799,-1799,,,,FACTURACION IMPROCEDENTE,D,,,,,,,,,,,,SSB
2025-02-01 00:00:00,777110501042,28,DW,01,J,10,281,MUTUL CETZ ROSA MARIA         ,1C,ACTIVO,H0M967 ,1,F121,88F5,2024-12-01 00:00:00,1,2025-02-06 00:00:00,482,64,78549,0,0,0,70,004,9JPYN,0,482,,,LECTURA NEGATIVA,ERROR DE ESTIMACION,S,2024-12-18 11:27:44,2827,L,R9524,H0M967 ,9554,Nor,  ,,FR,S,SSB
2025-02-01 00:00:00,790130800182,29,DW,04,C,32,292,MONTES RAFAELA                ,1F,ACTIVO,505VC6 ,1,F622,12LJ,2025-01-01 00:00:00,1,2025-02-27 00:00:00,305,2284,23990,770,0,0,0,006,9EMJP,770,-465,,,,ERROR EN PROCEDIMIENTOS,D,,,,,,,,,,,,SSB
2025-02-01 00:00:00,778091100321,84,DW,01,K,42,044,CONTROLADORA DE NEG COMER     ,02,ACTIVO,J998EF ,2,KT2R,17KE,2025-01-01 00:00:00,1,2025-02-04 00:00:00,0,7402,,,,,,020,9AKLE,1436,-1436,,,,FACTURACION IMPROCEDENTE,D,,,,,,,,,,,,SSB
2025-02-01 00:00:00,778080600128,84,DW,01,K,42,044,CONTROLADORA DE NEG COMER     ,02,ACTIVO,J124EG ,2,KT2R,17KE,2025-01-01 00:00:00,1,2025-02-04 00:00:00,0,5058,,,,,,020,9AKLE,978,-978,,,,FACTURACION IMPROCEDENTE,D,,,,,,,,,,,,SSB
2025-02-01 00:00:00,778120600142,84,DW,01,K,42,044,CONTROLADORA DE NEG COMER     ,02,ACTIVO,J136EG ,2,KT2R,17KE,2025-01-01 00:00:00,1,2025-02-04 00:00:00,0,3818,,,,,,020,9AKLE,736,-736,,,,FACTURACION IMPROCEDENTE,D,,,,,,,,,,,,SSB
2025-02-01 00:00:00,800140501375,31,DW,07,A,05,272,POOT CASTILLO HERMELINDA      ,1B,ACTIVO,238C9J ,1,F122,13LN,2025-01-01 00:00:00,1,2025-02-12 00:00:00,226,3850,16528,1085,0,0,0,001,9MCJD,1085,-859,,,,ERROR EN LECTURA,D,,,,,,,,,,,,GSC
2025-02-01 00:00:00,801150302725,33,DW,07,B,77,177,TZAB ORTIZ JOSE EDILBERTO     ,02,ACTIVO,JCE219 ,3,F623,23NU,2025-01-01 00:00:00,1,2025-02-13 00:00:00,262,7298,13592,1415,0,0,0,001,9MCJD,1415,-1153,,,,ERROR EN LECTURA,D,2025-01-22 13:36:52,3326,L,9NCU1,JCE219 ,97291,Opt,  ,,,,GSC
2025-02-01 00:00:00,800870400710,12,DW,07,A,62,621,POLANCO MARIN CAMILA DEL C    ,1B,ACTIVO,46VP06 ,1,F121,08JL,2025-02-01 00:00:00,1,2025-02-12 00:00:00,733,6826,29563,1733,0,0,0,001,9MCJD,1733,-1000,,,,ERROR EN LECTURA,D,2025-02-04 10:24:13,1229,L,9MCGY,46VP06 ,1733,Nor,  ,,FR,S,GSC
2025-02-01 00:00:00,800870501087,12,DW,07,A,62,621,CHAN GOMEZ GUSTAVO            ,1B,ACTIVO,CT6639 ,1,F121,81EG,2025-02-01 00:00:00,1,2025-02-17 00:00:00,47,3069,966,911,0,0,0,001,9MCJD,911,-864,,,,ERROR EN LECTURA,D,2025-02-04 11:06:06,1229,L,9MCGY,CT6639 ,911,Nor,  ,,FR,S,GSC
2025-02-01 00:00:00,790230101176,12,DW,04,C,32,125,QUETZ GONZALEZ ADRIANA DEL JES,1F,ACTIVO,DJY406 ,2,F623,22NU,2025-02-01 00:00:00,1,2025-02-13 00:00:00,0,5901,10310,1553,0,0,0,001,9EMJP,1553,-1553,,,,ERROR EN LECTURA,D,2025-02-04 14:55:12,1226,L,9EMLW,DJY406 ,1553,Nor,  ,,,,GSC
2025-02-01 00:00:00,790201000930,12,DW,04,C,32,125,SANDOVAL COSGAYA FERNANDO     ,1F,ACTIVO,MF049G ,2,F623,20NU,2025-02-01 00:00:00,1,2025-02-27 00:00:00,124,4550,14937,1260,0,0,0,001,9EMJP,1260,-1136,,,,ERROR EN LECTURA,D,2025-02-04 14:53:40,1226,L,9EMLW,MF049G ,1260,Nor,  ,,,,GSC
2025-02-01 00:00:00,770750101364,14,DW,01,A,01,144,ALCOCER SUAREZ CONCEPCION ABEL,1D,ACTIVO,C3671G ,1,W111,73C0,2024-12-01 00:00:00,1,2025-02-27 00:00:00,0,6598,2558,1762,0,0,0,001,9N4CG,1762,-1762,,,,ERROR EN LECTURA,S,,,,,,,,,,,,GSC
2025-02-01 00:00:00,789130102207,16,DW,04,A,01,162,GARCIA QUEVEDO OMAR ENRIQUE   ,02,BAJA,,2,,,2025-02-01 00:00:00,1,2025-02-20 00:00:00,96,7060,,,,,,001,9JPY3,1348,-1252,,,,ERROR EN LECTURA,S,2025-02-07 18:34:58,1655,R,9BBV0,P600HT ,1348,Nor,  ,,,,GSC
2025-02-01 00:00:00,789160200645,03,DW,04,A,01,031,ABRAHAM DOMINGUEZ ESTEFANIA   ,1F,ACTIVO,RFW172 ,2,F623,24NY,2025-01-01 00:00:00,1,2025-02-05 00:00:00,153,1398,,,,,,004,9JPY3,577,-424,,,,ERROR DE ESTIMACION,S,,,,,,,,,,,,SSB
2025-02-01 00:00:00,782140302030,40,DW,12,A,01,038,PADILLA HERNANDEZ LUCIO ERNEST,1D,ACTIVO,2W6Y61 ,2,F621,02F3,2024-12-01 00:00:00,1,2025-02-06 00:00:00,734,4422,17898,1247,0,0,0,001,9JPY9,1247,-513,,,,ERROR EN LECTURA,S,,,,,,,,,,,,GSC
2025-02-01 00:00:00,780060402120,36,DW,12,A,01,360,MARTHA INES CARRILLO FLORES   ,1D,ACTIVO,01NK50 ,2,F621,07F3,2024-12-01 00:00:00,1,2025-02-04 00:00:00,335,4826,12948,1336,0,0,0,001,9N2AV,1336,-1001,,,,ERROR EN LECTURA,S,,,,,,,,,,,,GSC
2025-02-01 00:00:00,782890700801,39,DW,12,C,01,396,DEA ECHEVERRIA CEN            ,1D,ACTIVO,01PL40 ,2,F621,07F3,2025-01-01 00:00:00,1,2025-02-26 00:00:00,300,4679,48011,1300,0,0,0,001,9JPY9,1300,-1000,,,,ERROR EN LECTURA,S,,,,,,,,,,,,GSC
2025-02-01 00:00:00,770050501396,27,DW,01,A,01,090,UCAN PECH MARICELA            ,02,ACTIVO,L148FK ,1,F122,18LN,2024-09-01 00:00:00,1,2025-02-05 00:00:00,0,559,2411,88,0,0,0,001,9N4CG,88,-88,,,,ERROR EN LECTURA,S,,,,,,,,,,,,GSC
2025-02-01 00:00:00,770050501396,27,DW,01,A,01,090,UCAN PECH MARICELA            ,02,ACTIVO,L148FK ,1,F122,18LN,2024-07-01 00:00:00,1,2025-02-05 00:00:00,0,684,2323,115,0,0,0,001,9N4CG,115,-115,,,,ERROR EN LECTURA,S,,,,,,,,,,,,GSC
2025-02-01 00:00:00,770050501396,27,DW,01,A,01,090,UCAN PECH MARICELA            ,02,ACTIVO,L148FK ,1,F122,18LN,2024-11-01 00:00:00,1,2025-02-05 00:00:00,53,632,2513,102,0,0,0,001,9N4CG,102,-49,,,,ERROR EN LECTURA,S,,,,,,,,,,,,GSC
2025-02-01 00:00:00,770750307647,21,DW,01,A,02,211,AIDA M HEMAN LARA             ,1D,ACTIVO,DM5387 ,1,F121,81EG,2025-01-01 00:00:00,1,2025-02-27 00:00:00,125,308,3786,224,0,0,0,001,9N4CG,224,-99,,,,ERROR EN LECTURA,S,,,,,,,,,,,,GSC
2025-02-01 00:00:00,812220806973,27,DW,22,C,11,274,MORENO PEREZ MARIA DEL CARMEN ,1B,ACTIVO,BE672N ,2,F623,19NV,2024-09-01 00:00:00,1,2025-02-21 00:00:00,0,2487,5603,883,0,0,70,001,G08DA,883,-883,,,LECTURA NEGATIVA,ERROR EN LECTURA,S,2024-09-18 12:32:57,2729,M,GAPKM,BE672N ,99900,Nor,  ,,FR,S,GSC
2025-02-01 00:00:00,812220806973,27,DW,22,C,11,274,MORENO PEREZ MARIA DEL CARMEN ,1B,ACTIVO,BE672N ,2,F623,19NV,2024-11-01 00:00:00,1,2025-02-21 00:00:00,0,2855,5603,871,0,0,70,001,G08DA,871,-871,,,LECTURA NEGATIVA,ERROR EN LECTURA,S,2024-11-19 09:54:16,2726,L,GAPKM,BE672N ,99900,Opt,  ,,,,GSC
2025-02-01 00:00:00,773090602216,24,DW,01,D,04,243,CEN CAUICH ROSENDO            ,1C,ACTIVO,PKB801 ,1,F123,24NX,2024-12-01 00:00:00,1,2025-02-19 00:00:00,211,1839,41,41,0,0,0,001,9N4CG,645,-434,,,,ERROR EN LECTURA,S,,,,,,,,,,,,GSC
2025-02-01 00:00:00,776101103801,24,DW,01,E,37,241,MARTIN GONZALEZ ENRIQUE       ,1D,CORTADO,RDD204 ,2,F623,24NY,2024-06-01 00:00:00,1,2025-02-13 00:00:00,1155,5082,,,,,,004,9N4CG,1997,-842,,,,ERROR DE ESTIMACION,S,,,,,,,,,,,,SSB
2025-02-01 00:00:00,780160701663,08,DW,12,A,01,080,RODRIGUEZ OCHOA HERMELINDA    ,1D,ACTIVO,PBL104 ,1,F123,24NX,2025-02-01 00:00:00,1,2025-02-17 00:00:00,283,2097,283,283,0,0,0,006,9N2AV,733,-450,,,,ERROR EN PROCEDIMIENTOS,S,2025-01-30 08:14:54,0801,L,GABCM,PBL104 ,283,Opt,  ,,,,SSB
2025-02-01 00:00:00,776750601446,07,DW,01,H,42,071,NIDIA PEREZ                   ,1B,ACTIVO,63EU28 ,1,F121,07JL,2025-01-01 00:00:00,1,2025-02-13 00:00:00,0,3413,21920,989,0,0,0,001,9N4CG,989,-989,,,,ERROR EN LECTURA,S,,,,,,,,,,,,GSC
2025-02-01 00:00:00,770790600061,14,DW,01,A,01,144,JUAN M RUIZ PRIEGO            ,1D,ACTIVO,M3402W ,2,F121,76EG,2024-12-01 00:00:00,1,2025-02-10 00:00:00,497,11144,1454,507,0,0,0,001,9N4CG,2807,-2310,,,,ERROR EN LECTURA,S,,,,,,,,,,,,GSC
2025-02-01 00:00:00,801150302725,33,DW,07,B,77,177,TZAB ORTIZ JOSE EDILBERTO     ,02,ACTIVO,JCE219 ,3,F623,23NU,2024-09-01 00:00:00,1,2025-02-13 00:00:00,266,10261,10656,1974,0,0,0,001,G09D3,1974,-1708,,,,ERROR EN LECTURA,D,,,,,,,,,,,,GSC
2025-02-01 00:00:00,801150302725,33,DW,07,B,77,177,TZAB ORTIZ JOSE EDILBERTO     ,02,ACTIVO,JCE219 ,3,F623,23NU,2024-11-01 00:00:00,1,2025-02-13 00:00:00,258,7931,12177,1521,0,0,0,001,G09D3,1521,-1263,,,,ERROR EN LECTURA,D,,,,,,,,,,,,GSC
2025-02-01 00:00:00,772811200533,13,DW,01,C,02,137,ROBERTO CASTILLO UCAN         ,1D,ACTIVO,CN1912 ,2,F121,81EG,2025-01-01 00:00:00,1,2025-02-17 00:00:00,579,5385,911,1363,0,0,0,001,9N4CG,1473,-894,,,,ERROR EN LECTURA,S,,,,,,,,,,,,GSC
2025-02-01 00:00:00,770041200324,10,DW,01,A,01,102,INMOBILIARIA COMER YUCATAN    ,02,ACTIVO,5E74V3 ,2,F621,03F3,2024-12-01 00:00:00,1,2025-02-07 00:00:00,0,1104,9355,194,0,0,0,001,9N4CG,194,-194,,,,ERROR EN LECTURA,S,,,,,,,,,,,,GSC
2025-02-01 00:00:00,779160300121,13,DW,01,M,21,135,HERNANDEZ MORENO ROBERTO B    ,1D,ACTIVO,WNJ098 ,2,F623,24P2,2025-01-01 00:00:00,1,2025-02-10 00:00:00,0,1683,18,321,51,0,0,004,9N4CG,642,-642,NO ENCONTRE DOMI,,,ERROR DE ESTIMACION,S,2025-01-08 12:36:31,1329,L,R9689,WNJ098 ,0,Nor,51,NO ENCONTRE DOMI,,,SSB
2025-02-01 00:00:00,779120502597,07,DW,01,M,13,078,PAN TUCUCH FERNANDO HERMENEGIL,1D,ACTIVO,93C3N2 ,2,F621,08KG,2025-01-01 00:00:00,2,2025-02-05 00:00:00,292,230,29975,99114,0,0,0,006,G09DG,174,118,,,,ERROR EN PROCEDIMIENTOS,S,2025-01-03 08:38:56,0726,L,9JRBR,93C3N2 ,99114,Nor,  ,,FR,S,SSB
2025-02-01 00:00:00,779020400444,14,DW,01,M,17,145,COCOM CIME EULOGIO            ,1D,ACTIVO,2J2E94 ,1,F121,01GG,2024-12-01 00:00:00,1,2025-02-05 00:00:00,302,4619,35950,1307,0,0,0,001,9N4CG,1307,-1005,,,,ERROR EN LECTURA,S,,,,,,,,,,,,GSC
2025-02-01 00:00:00,779120502597,07,DW,01,M,13,078,PAN TUCUCH FERNANDO HERMENEGIL,1D,ACTIVO,93C3N2 ,2,F621,08KG,2025-01-01 00:00:00,1,2025-02-05 00:00:00,174,120,30861,93,0,0,70,001,G09DG,93,81,,,LECTURA NEGATIVA,ERROR EN LECTURA,S,2025-01-03 08:38:56,0726,L,9JRBR,93C3N2 ,99114,Nor,  ,,FR,S,GSC
2025-02-01 00:00:00,782010218312,24,DW,12,C,01,243,TEC MEDINA URIEL ROLANDO      ,1D,ACTIVO,RCH270 ,2,F623,24NY,2025-02-01 00:00:00,1,2025-02-28 00:00:00,0,2151,,,,,,003,9N4C6,743,-743,,,,CAMBIO DE MEDIDOR,S,2025-02-12 10:09:45,2402,M,GATJM,302MP0 ,61256,Nor,44,NUM MEDID DESIGU,44,S,GSC
2025-02-01 00:00:00,783020800393,17,DW,12,D,01,174,CLAVEL MORENO JULIO CESAR     ,1D,ACTIVO,7P4W36 ,1,F121,01GG,2025-01-01 00:00:00,1,2025-02-04 00:00:00,197,4228,1907,1201,0,0,0,001,9N4C6,1201,-1004,,,,ERROR EN LECTURA,S,,,,,,,,,,,,GSC
2025-02-01 00:00:00,809941200315,22,DW,12,F,01,221,DIAZ MENA DULCE MARIA         ,1D,CORTADO,795TY4 ,1,F122,12LH,2024-12-01 00:00:00,1,2025-02-11 00:00:00,0,3277,36414,1065,59,0,0,004,G09D0,1065,-1065,DISPLAY APAGADO,,,ERROR DE ESTIMACION,S,2024-12-13 09:42:09,2226,L,9ND5V,795TY4 ,0,Nor,59,DISPLAY APAGADO,59,S,SSB
2025-02-01 00:00:00,801980701690,27,DW,07,B,73,251,CHAN NOH ISABEL               ,1B,ACTIVO,PKP318 ,1,F123,24NX,2025-01-01 00:00:00,1,2025-02-18 00:00:00,252,3162,23,23,0,0,0,003,G09D3,934,-682,,,,CAMBIO DE MEDIDOR,D,,,,,,,,,,,,GSC
2025-02-01 00:00:00,801060901760,37,DW,07,B,22,372,TUZ TUN VICTOR                ,1B,ACTIVO,4W081V ,1,F121,06JL,2025-01-01 00:00:00,1,2025-02-18 00:00:00,824,5462,8489,1439,0,0,0,006,G09D3,1439,-615,,,,ERROR EN PROCEDIMIENTOS,D,,,,,,,,,,,,SSB
2025-02-01 00:00:00,801000961178,27,DW,07,B,72,072,ABAN CEN JOSE                 ,1B,ACTIVO,PKP302 ,1,F123,24NX,2025-01-01 00:00:00,1,2025-02-11 00:00:00,255,4460,32,32,0,0,0,003,G09D3,1219,-964,,,,CAMBIO DE MEDIDOR,D,,,,,,,,,,,,GSC
2025-02-01 00:00:00,801170200473,14,DW,07,B,06,143,CHE CHI LIZETTE ROXANA        ,1B,ACTIVO,830JLB ,2,F622,15LM,2025-02-01 00:00:00,1,2025-02-18 00:00:00,299,2954,6795,886,52,0,0,004,G09D3,886,-587,COMUNICACION INTERRU,,,ERROR DE ESTIMACION,D,2025-02-05 08:32:35,1401,L,9JR0P,830JLB ,0,Nor,52,COMUNICACION INTERRU,52,S,SSB
2025-02-01 00:00:00,782881100507,15,DW,12,A,01,153,SARABIA LAGO RAMON JAIME      ,1D,ACTIVO,RBR230 ,2,F623,24NY,2025-01-01 00:00:00,1,2025-02-05 00:00:00,627,4738,,,,,,004,G87A6,1313,-686,,,,ERROR DE ESTIMACION,S,2025-01-09 09:54:36,1502,L,9NCWU,F8C376 ,0,Nor,53,UI SERV DIRECTO,53,S,SSB
2025-02-01 00:00:00,779010201222,25,DW,01,M,24,251,ISMAEL PADRON PADRON          ,1D,ACTIVO,1D7E71 ,1,F121,00GG,2024-11-01 00:00:00,1,2025-02-21 00:00:00,335,9601,48205,2460,0,0,0,001,G09DG,2460,-2125,,,,ERROR EN LECTURA,S,,,,,,,,,,,,GSC
2025-02-01 00:00:00,779120502597,07,DW,01,M,13,078,PAN TUCUCH FERNANDO HERMENEGIL,1D,ACTIVO,93C3N2 ,2,F621,08KG,2024-11-01 00:00:00,1,2025-02-05 00:00:00,0,2971,30861,1178,0,0,0,001,G09DG,1178,-1178,,,,ERROR EN LECTURA,S,,,,,,,,,,,,GSC
2025-02-01 00:00:00,779841100139,74,DW,01,M,01,746,RAUL CANUL MATU               ,09,BAJA SIN MED RET,WNU729 ,1,F623,24P2,2024-10-01 00:00:00,1,2025-02-28 00:00:00,0,342,2,2,56,0,0,004,G09DG,110,-110,NO HAY MEDIDOR,,,ERROR DE ESTIMACION,S,2024-10-17 11:21:10,7301,L,9NCYK,1MY013 ,0,Nor,56,NO HAY MEDIDOR,56,S,SSB
2025-02-01 00:00:00,779220300151,33,DW,01,M,25,332,PALLARES GIL MIGUEL           ,1D,ACTIVO,YT035Y ,2,F623,21NU,2025-01-01 00:00:00,1,2025-02-21 00:00:00,342,15429,16030,3774,0,0,0,001,G09DG,3774,-3432,,,,ERROR EN LECTURA,S,,,,,,,,,,,,GSC
2025-02-01 00:00:00,777930100735,05,DW,01,J,09,055,VICTOR UITZIL MOO             ,1D,ACTIVO,PKB411 ,1,F123,24NX,2024-11-01 00:00:00,1,2025-02-05 00:00:00,254,26583,,,,,,001,9N4CG,6692,-6438,,,,ERROR EN LECTURA,S,,,,,,,,,,,,GSC
2025-02-01 00:00:00,774750210002,25,DW,01,E,02,253,LORENZO DOMINGUEZ             ,1D,ACTIVO,PKB886 ,1,F123,24NX,2025-01-01 00:00:00,1,2025-02-13 00:00:00,0,534,0,248,56,0,0,004,9N4CG,370,-370,NO HAY MEDIDOR,,,ERROR DE ESTIMACION,S,2025-01-16 18:38:43,2502,M,GA6QN,059893 ,0,Nor,56,NO HAY MEDIDOR,56,S,SSB
2025-02-01 00:00:00,794111200447,23,DW,04,G,10,001,MORALES GONZALEZ ELVIRA       ,1F,ACTIVO,RCC410 ,2,F623,24NY,2025-01-01 00:00:00,1,2025-02-12 00:00:00,645,4996,,,,,,001,G09DU,1437,-792,,,,ERROR EN LECTURA,S,,,,,,,,,,,,GSC
2025-02-01 00:00:00,783230501801,35,DW,12,D,04,350,MIRANDA VARGAS CRISTINA       ,1D,ACTIVO,UL015T ,2,F623,21NY,2025-01-01 00:00:00,1,2025-02-12 00:00:00,0,795,8,447,0,0,0,006,G87A6,447,-447,,,,ERROR EN PROCEDIMIENTOS,S,2025-01-23 09:31:23,3527,L,GATJM,UL015T ,99785,Opt,  ,,,,SSB
2025-02-01 00:00:00,794920200121,22,DW,04,G,10,221,CARBALLO LOPEZ JOAQUIN        ,1F,ACTIVO,DB113D ,1,F123,19NM,2024-12-01 00:00:00,1,2025-02-06 00:00:00,538,2065,13207,724,59,0,0,004,G09DU,724,-186,DISPLAY APAGADO,,,ERROR DE ESTIMACION,S,2024-12-13 14:20:31,2226,L,9JR37,DB113D ,0,Nor,59,DISPLAY APAGADO,59,S,SSB
2025-02-01 00:00:00,781060704238,20,DW,12,C,01,202,VILLAREAL CASTELLANOS LORENZO ,1D,ACTIVO,08M0R7 ,2,F62H,09KN,2024-12-01 00:00:00,1,2025-02-12 00:00:00,297,1347,52118,297,0,0,0,006,G87A6,297,0,,,,ERROR EN PROCEDIMIENTOS,S,,,,,,,,,,,,SSB
2025-02-01 00:00:00,795130200497,08,DW,05,A,01,082,CASTILLO ENRIQUE              ,1F,ACTIVO,79D3H3 ,2,F421,08KF,2025-02-01 00:00:00,1,2025-02-18 00:00:00,55,3923,39895,1127,0,0,0,001,G86AE,1127,-1072,,,,ERROR EN LECTURA,S,2025-01-30 08:47:12,0802,M,9NCUF,79D3H3 ,1127,Nor,  ,,,,GSC
2025-02-01 00:00:00,805060701367,20,DW,08,B,69,202,ANGULO CANTO VIRGINIA         ,1B,CORTADO,FKA152 ,1,F123,22NX,2024-08-01 00:00:00,4,2025-02-14 00:00:00,0,5823.3000000000002,2630,0,0,0,0,080,G87A3,0,0,,,,INACTIVO CANCELACION POR FINIQUITO,S,2024-08-13 10:53:47,2027,M,9JRE1,FKA152 ,43,Opt,  ,,,,CCC
2025-02-01 00:00:00,781060704238,20,DW,12,C,01,202,VILLAREAL CASTELLANOS LORENZO ,1D,ACTIVO,08M0R7 ,2,F62H,09KN,2024-08-01 00:00:00,1,2025-02-12 00:00:00,360,1334,51466,360,0,0,0,006,G87A6,360,0,,,,ERROR EN PROCEDIMIENTOS,S,2024-08-13 08:15:02,2003,M,9P120,08M0R7 ,360,Opt,  ,,,,SSB
2025-02-01 00:00:00,782910700021,12,DW,12,C,01,120,ALFREDO BOAN                  ,1D,ACTIVO,RCD666 ,2,F623,24NY,2025-02-01 00:00:00,1,2025-02-17 00:00:00,1410,8129,,,,,,006,G87A6,2054,-644,,,,ERROR EN PROCEDIMIENTOS,S,2025-02-04 13:34:34,1201,M,9P120,275JV6 ,2054,Nor,  ,,LM,S,SSB
2025-02-01 00:00:00,796170203754,31,DW,06,A,01,311,ANGULO GARMA NELIA DEL SOCORRO,02,CORTADO,N250JK ,2,F622,18LM,2025-01-01 00:00:00,1,2025-02-13 00:00:00,0,4970,27815,1026,56,0,0,001,G87AR,1026,-1026,NO HAY MEDIDOR,,,ERROR EN LECTURA,S,2025-01-21 08:46:23,3103,M,9P14T,N250JK ,0,Nor,56,NO HAY MEDIDOR,56,S,GSC
2025-02-01 00:00:00,781060704238,20,DW,12,C,01,202,VILLAREAL CASTELLANOS LORENZO ,1D,ACTIVO,08M0R7 ,2,F62H,09KN,2024-10-01 00:00:00,1,2025-02-12 00:00:00,355,1329,51821,355,0,0,0,006,G87A6,355,0,,,,ERROR EN PROCEDIMIENTOS,S,,,,,,,,,,,,SSB
2025-02-01 00:00:00,781060809099,22,DW,12,C,01,222,CASTILLO ESTRADA IRMA         ,1D,ACTIVO,2U184J ,2,F421,06GH,2025-02-01 00:00:00,1,2025-02-18 00:00:00,444,5355,5976,1444,0,0,0,001,G87A6,1444,-1000,,,,ERROR EN LECTURA,S,2025-02-11 10:48:57,2203,M,GAKFM,2U184J ,1444,Nor,  ,,,,GSC
2025-02-01 00:00:00,783191206422,21,DW,12,D,01,211,RUBI JUAREZ ALEJANDRA ISABEL  ,1D,ACTIVO,73W65B ,2,F62H,11KN,2025-01-01 00:00:00,1,2025-02-05 00:00:00,1153,24818,434,434,0,0,0,006,G87A6,5723,-4570,,,,ERROR EN PROCEDIMIENTOS,S,2025-01-14 12:05:44,2103,M,GAF1M,73W65B ,434,Opt,  ,,,,SSB
2025-02-01 00:00:00,794121200186,23,DW,04,G,10,001,DE LEON RAYO ANA LUISA        ,1F,ACTIVO,56C4R0 ,2,F621,08KG,2025-01-01 00:00:00,1,2025-02-06 00:00:00,445,5051,61779,1450,0,0,0,001,G09DU,1450,-1005,,,,ERROR EN LECTURA,S,,,,,,,,,,,,GSC
2025-02-01 00:00:00,802200500287,18,DW,07,C,42,181,CANTO LARRIVA TERESA DE JESUS ,1A,ACTIVO,DV047X ,2,F623,19NU,2024-12-01 00:00:00,1,2025-02-28 00:00:00,0,1320,13860,510,0,0,0,004,GABGM,510,-510,,,,ERROR DE ESTIMACION,D,,,,,,,,,,,,SSB
2025-02-01 00:00:00,794940200381,29,DW,04,G,30,001,PI A DE HARA MIDIAN DEL CARMEN,1F,ACTIVO,65AD11 ,1,F121,06JL,2025-01-01 00:00:00,1,2025-02-10 00:00:00,267,1062,22662,520,0,0,0,001,G09DU,520,-253,,,,ERROR EN LECTURA,S,,,,,,,,,,,,GSC
2025-02-01 00:00:00,794870300227,33,DW,04,G,31,001,ALFARO BICHES FCO             ,1F,ACTIVO,63AD69 ,1,F121,06JL,2025-01-01 00:00:00,1,2025-02-06 00:00:00,0,5613,12532,1581,0,0,0,001,G09DU,1581,-1581,,,,ERROR EN LECTURA,S,,,,,,,,,,,,GSC
2025-02-01 00:00:00,780240903232,21,DW,12,A,01,211,CORREA GARCIA JESUS FERNANDO  ,1D,ACTIVO,RDU273 ,2,F623,24NY,2025-01-01 00:00:00,1,2025-02-05 00:00:00,314,64,22,22,51,0,0,004,G87A6,22,292,NO ENCONTRE DOMI,,,ERROR DE ESTIMACION,S,2025-01-16 10:24:12,2501,M,GATKM,RDU273 ,0,Nor,51,NO ENCONTRE DOMI,,,SSB
2025-02-01 00:00:00,796170602870,69,DW,06,A,23,231,DOMINGUEZ LUNA CLARA          ,9C,ACTIVO,97H16W ,2,VL28,10KC,2025-01-01 00:00:00,1,2025-02-28 00:00:00,0,451,482,0,0,31,0,006,CRAGR,0,0,,SERVICIO SIN USO,,ERROR EN PROCEDIMIENTOS,,2025-01-13 12:01:40,6901,L,G92BA,97H16W ,0,Opt,31,SERVICIO SIN USO,,,SSB
2025-02-01 00:00:00,780090702039,19,DW,12,E,01,193,RIVERA MARTINEZ SOTO SANDRA   ,1D,ACTIVO,GEB950 ,3,KL28,22NJ,2024-09-01 00:00:00,1,2025-02-07 00:00:00,1720,70020,,,,,,005,G87A6,16425,-14705,,,,FALLA DE MEDICION,S,,,,,,,,,,,,MED
2025-02-01 00:00:00,780020603475,30,DW,12,D,01,308,CAAMAL CATZIN BONIFACIO       ,1D,ACTIVO,8P0W01 ,1,F121,01GG,2025-02-01 00:00:00,1,2025-02-28 00:00:00,373,4948,58950,1355,0,0,0,001,G87AC,1355,-982,,,,ERROR EN LECTURA,S,2025-02-17 11:00:38,3004,M,9ND6M,8P0W01 ,1355,Nor,  ,,FR,S,GSC
2025-02-01 00:00:00,792070301010,67,DW,04,E,82,671,UNIDAD DE RIEGO POZO 2 TIKIMUL,9C,ACTIVO,PJ845G ,3,KL28,20KE,2025-02-01 00:00:00,1,2025-02-28 00:00:00,8387,14850,9081,8387,0,0,0,006,CRAGR,8387,0,,,,ERROR EN PROCEDIMIENTOS,,2025-02-10 11:12:20,6702,L,R8476,PJ845G ,8387,Opt,  ,,,,SSB
2025-02-01 00:00:00,789011000595,72,DW,04,A,01,722,EJIDO POCYAXUM                ,9C,CORTADO,GEL888 ,3,KL28,22NJ,2025-01-01 00:00:00,1,2025-02-28 00:00:00,0,430,9318,0,0,31,0,006,CRAGR,0,0,,SERVICIO SIN USO,,ERROR EN PROCEDIMIENTOS,,2025-01-16 09:20:26,7202,L,9EMLD,GEL888 ,0,Opt,31,SERVICIO SIN USO,,,SSB
2025-02-01 00:00:00,789170501945,72,DW,04,A,01,722,LOPEZ COSGALLA RICARDO ALBERTO,9C,ACTIVO,944PHU ,2,F622,16LM,2025-01-01 00:00:00,1,2025-02-28 00:00:00,238,640,43924,238,0,0,0,006,CRAGR,238,0,,,,ERROR EN PROCEDIMIENTOS,,,,,,,,,,,,,SSB
2025-02-01 00:00:00,792151100957,73,DW,04,E,61,732,FRIESSEN BRAUN DIEDRICH       ,9C,ACTIVO,PJ492H ,3,KL28,20KE,2025-01-01 00:00:00,1,2025-02-28 00:00:00,9479,17727,12699,9479,0,0,0,006,CRAGR,9479,0,,,,ERROR EN PROCEDIMIENTOS,,,,,,,,,,,,,SSB
2025-02-01 00:00:00,803960200174,10,DW,07,D,14,001,UC Y NOH LUCIANA              ,1B,ACTIVO,1L73W9 ,1,F121,04GG,2025-02-01 00:00:00,1,2025-02-19 00:00:00,3,2745,29577,840,0,0,0,001,G87AP,840,-837,,,,ERROR EN LECTURA,S,2025-01-31 11:26:54,1027,M,R9920,1L73W9 ,99840,Nor,  ,,FR,S,GSC
2025-02-01 00:00:00,789171001202,64,DW,04,A,01,640,BAQUEIRO CACERES CARLOS EMILIO,9C,ACTIVO,GEL934 ,3,KL28,22NJ,2025-02-01 00:00:00,1,2025-02-28 00:00:00,2140,4396,19764,2140,0,0,0,006,CRAGR,2140,0,,,,ERROR EN PROCEDIMIENTOS,,2025-02-05 10:53:07,6401,L,9EME2,GEL934 ,2140,Opt,  ,,,,SSB
2025-02-01 00:00:00,789220401190,72,DW,04,A,01,721,PERFO POZO KOL TERCERO        ,9A,ACTIVO,G095YA ,3,VL28,17KE,2025-02-01 00:00:00,1,2025-02-28 00:00:00,34300,58546,288,7000,0,0,0,006,CRAGR,34300,0,,,,ERROR EN PROCEDIMIENTOS,,2025-02-17 10:20:43,7201,L,9BBJK,G095YA ,98,Opt,  ,,,,SSB
2025-02-01 00:00:00,789970800991,72,DW,04,A,01,722,EJIDO NOHACAL POZO 2          ,9C,ACTIVO,GGD388 ,3,VL28,22NJ,2025-02-01 00:00:00,1,2025-02-28 00:00:00,13680,24826,2604,13680,0,0,0,006,CRAGR,13680,0,,,,ERROR EN PROCEDIMIENTOS,,2025-02-17 11:05:09,7202,L,9JRCP,GGD388 ,171,Opt,  ,,,,SSB
2025-02-01 00:00:00,790090800028,65,DW,04,C,32,651,CRUZ RIVERO JUAN ANTONIO      ,9C,ACTIVO,MU273F ,3,KL28,20KE,2025-02-01 00:00:00,1,2025-02-28 00:00:00,17,732,9007,17,0,0,0,006,CRAGR,17,0,,,,ERROR EN PROCEDIMIENTOS,,2025-02-05 13:51:35,6401,L,9EMLW,MU273F ,17,Opt,  ,,,,SSB
2025-02-01 00:00:00,790150501971,67,DW,04,C,58,067,AGROCANA DEL TROPICO POZO 1   ,9C,ACTIVO,PJ174H ,3,KL28,20KE,2025-02-01 00:00:00,1,2025-02-28 00:00:00,0,430,26005,0,0,31,0,006,CRAGR,0,0,,SERVICIO SIN USO,,ERROR EN PROCEDIMIENTOS,,2025-02-10 08:57:44,6701,L,9EMLY,PJ174H ,0,Opt,31,SERVICIO SIN USO,,,SSB
2025-02-01 00:00:00,790200400047,67,DW,04,C,58,067,AGROCANA DEL TROPICO SPR DE RL,9A,ACTIVO,MV701L ,3,KL28,20KE,2025-02-01 00:00:00,1,2025-02-28 00:00:00,0,430,0,0,0,31,0,006,CRAGR,0,0,,SERVICIO SIN USO,,ERROR EN PROCEDIMIENTOS,,2025-02-10 12:49:39,6701,L,9EMLY,MV701L ,0,Nor,31,SERVICIO SIN USO,,,SSB
2025-02-01 00:00:00,792030700191,67,DW,04,E,78,671,ZACHARIAS PETERS ABRAM        ,9C,ACTIVO,PJ149H ,3,KL28,20KE,2025-02-01 00:00:00,1,2025-02-28 00:00:00,2480,4973,45993,2480,0,0,0,006,CRAGR,2480,0,,,,ERROR EN PROCEDIMIENTOS,,2025-02-10 08:35:27,6701,L,R8476,PJ149H ,2480,Opt,  ,,,,SSB
2025-02-01 00:00:00,789101105213,72,DW,04,A,01,722,UNIDAD DE RIEGO POZO 5 NOHAKAL,9C,ACTIVO,R657CN ,3,KL28,18KE,2025-02-01 00:00:00,1,2025-02-28 00:00:00,929,3314,1679,929,0,0,0,006,CRAGR,929,0,,,,ERROR EN PROCEDIMIENTOS,,2025-02-17 09:55:23,7202,L,9JRCP,R657CN ,929,Opt,  ,,,,SSB
2025-02-01 00:00:00,796170203754,31,DW,06,A,01,311,ANGULO GARMA NELIA DEL SOCORRO,02,CORTADO,N250JK ,2,F622,18LM,2024-09-01 00:00:00,1,2025-02-13 00:00:00,0,6325,27815,1296,56,0,0,004,G08D5,1296,-1296,NO HAY MEDIDOR,,,ERROR DE ESTIMACION,D,2024-09-20 08:59:31,3103,M,R9718,N250JK ,0,Nor,56,NO HAY MEDIDOR,56,S,SSB
2025-02-01 00:00:00,796170203754,31,DW,06,A,01,311,ANGULO GARMA NELIA DEL SOCORRO,02,CORTADO,N250JK ,2,F622,18LM,2024-11-01 00:00:00,1,2025-02-13 00:00:00,0,5874,27815,1202,56,0,0,004,G08D5,1202,-1202,NO HAY MEDIDOR,,,ERROR DE ESTIMACION,D,2024-11-21 10:11:23,3103,M,R9907,N250JK ,0,Nor,56,NO HAY MEDIDOR,56,S,SSB
2025-02-01 00:00:00,803060900367,31,DW,07,D,10,101,CAUICH CIME NEMECIO           ,1C,ACTIVO,4V099W ,1,F121,06JL,2025-01-01 00:00:00,1,2025-02-17 00:00:00,0,3503,4635,1009,0,0,0,001,G87AP,1009,-1009,,,,ERROR EN LECTURA,S,,,,,,,,,,,,GSC
2025-02-01 00:00:00,796170203754,31,DW,06,A,01,311,ANGULO GARMA NELIA DEL SOCORRO,02,CORTADO,N250JK ,2,F622,18LM,2025-01-01 00:00:00,2,2025-02-13 00:00:00,0,100,27815,0,0,0,0,001,G87AR,0,0,,,,ERROR EN LECTURA,S,2025-01-21 08:46:23,3103,M,9P14T,N250JK ,0,Nor,56,NO HAY MEDIDOR,56,S,GSC
2025-02-01 00:00:00,812220806973,27,DW,22,C,11,274,MORENO PEREZ MARIA DEL CARMEN ,1B,ACTIVO,BE672N ,2,F623,19NV,2024-07-01 00:00:00,1,2025-02-21 00:00:00,0,2893,5603,978,0,0,70,001,G08DA,978,-978,,,LECTURA NEGATIVA,ERROR EN LECTURA,S,2024-07-18 12:25:22,2727,L,GAPKM,BE672N ,99900,Nor,  ,,FR,S,GSC
2025-02-01 00:00:00,812220806973,27,DW,22,C,11,274,MORENO PEREZ MARIA DEL CARMEN ,1B,ACTIVO,BE672N ,2,F623,19NV,2025-01-01 00:00:00,2,2025-02-21 00:00:00,0,64,5603,0,0,0,0,001,G08DA,0,0,,,,ERROR EN LECTURA,S,2025-01-17 11:11:09,2729,L,GAPKM,BE672N ,99900,Opt,  ,,,,GSC
2025-02-01 00:00:00,802200500287,18,DW,07,C,42,181,CANTO LARRIVA TERESA DE JESUS ,1A,ACTIVO,DV047X ,2,F623,19NU,2024-08-01 00:00:00,1,2025-02-28 00:00:00,353,811,12860,410,0,0,0,004,GABGM,410,-57,,,,ERROR DE ESTIMACION,D,2024-08-12 12:23:48,1827,L,9MCCP,DV047X ,410,Nor,  ,,FR,S,SSB
2025-02-01 00:00:00,802200500287,18,DW,07,C,42,181,CANTO LARRIVA TERESA DE JESUS ,1A,ACTIVO,DV047X ,2,F623,19NU,2025-02-01 00:00:00,1,2025-02-28 00:00:00,0,1005,14296,436,0,0,0,004,GABGM,436,-436,,,,ERROR DE ESTIMACION,D,2025-02-07 17:10:51,1826,L,9MCCP,DV047X ,4636,Nor,  ,,FR,S,SSB
2025-02-01 00:00:00,802200500287,18,DW,07,C,42,181,CANTO LARRIVA TERESA DE JESUS ,1A,ACTIVO,DV047X ,2,F623,19NU,2024-10-01 00:00:00,1,2025-02-28 00:00:00,0,1163,13350,490,0,0,0,004,GABGM,490,-490,,,,ERROR DE ESTIMACION,D,,,,,,,,,,,,SSB
2025-02-01 00:00:00,802120100032,31,DW,07,C,18,311,CHIMAL CEME GUADALUPE         ,02,CORTADO,J303PU ,2,F622,17LM,2025-01-01 00:00:00,1,2025-02-10 00:00:00,0,8970,75286,1820,59,0,0,004,GABGM,1820,-1820,DISPLAY APAGADO,,,ERROR DE ESTIMACION,D,2025-01-21 06:55:28,3101,L,G92BN,J303PU ,0,Nor,59,DISPLAY APAGADO,59,S,SSB
2025-02-01 00:00:00,783180604361,17,DW,12,C,01,173,FARARIEL J ROMERO SUAREZ      ,1D,ACTIVO,JGW695 ,2,F623,23NU,2025-01-01 00:00:00,1,2025-02-05 00:00:00,245,2661,3058,837,56,0,0,004,G87A6,837,-592,NO HAY MEDIDOR,,,ERROR DE ESTIMACION,S,2025-01-10 08:42:10,1701,M,9ND3W,JGW695 ,0,Nor,56,NO HAY MEDIDOR,56,S,SSB
2025-02-01 00:00:00,796230303290,75,DW,06,A,11,111,CITRICOS FRUTAS Y GRANOS CFG F,9C,CORTADO,GEL418 ,3,KL28,22NJ,2025-01-01 00:00:00,1,2025-02-28 00:00:00,74771,2004,52666,772,0,0,0,006,CRAGR,772,73999,,,,ERROR EN PROCEDIMIENTOS,,2025-01-20 11:37:33,7401,L,GAX9M,GEL418 ,74771,Nor,  ,,LN,S,SSB
2025-02-01 00:00:00,796230303346,75,DW,06,A,11,111,CITRICOS FRUTAS Y GRANOS CFG F,9C,CORTADO,GEL417 ,3,KL28,22NJ,2025-01-01 00:00:00,1,2025-02-28 00:00:00,5338,10168,66403,5338,0,0,0,006,CRAGR,5338,0,,,,ERROR EN PROCEDIMIENTOS,,,,,,,,,,,,,SSB
2025-02-01 00:00:00,793160700378,71,DW,04,F,18,711,MENDEZ ALVAREZ SERGIO         ,9C,ACTIVO,423TRX ,3,KL28,16KE,2025-01-01 00:00:00,1,2025-02-28 00:00:00,1779,4807,53252,1779,0,0,0,006,CRAGR,1779,0,,,,ERROR EN PROCEDIMIENTOS,,,,,,,,,,,,,SSB
2025-02-01 00:00:00,796110606400,34,DW,06,A,01,341,ESPAT AVILES ELENA            ,1D,ACTIVO,7B751L ,2,F621,04F3,2025-02-01 00:00:00,1,2025-02-27 00:00:00,6,3131,39979,1006,0,0,0,001,G08D5,1006,-1000,,,,ERROR EN LECTURA,D,2025-02-20 12:43:08,3401,M,9P14T,7B751L ,1006,Nor,  ,,,,GSC
2025-02-01 00:00:00,812211000869,17,DW,22,C,01,171,TORRES ARTIGAS MARIA AURORA   ,1B,ACTIVO,RBU620 ,2,F623,24NY,2024-11-01 00:00:00,1,2025-02-18 00:00:00,605,6927,,,,,,020,G08DA,1800,-1195,,,,FACTURACION IMPROCEDENTE,S,,,,,,,,,,,,SSB
2025-02-01 00:00:00,812211000869,17,DW,22,C,01,171,TORRES ARTIGAS MARIA AURORA   ,1B,ACTIVO,RBU620 ,2,F623,24NY,2025-01-01 00:00:00,1,2025-02-18 00:00:00,595,4128,,,,,,020,G08DA,1146,-551,,,,FACTURACION IMPROCEDENTE,S,,,,,,,,,,,,SSB
2025-02-01 00:00:00,779061203793,40,DW,01,M,13,402,MOO IZA JOSE MARCELINO        ,1D,BAJA,,1,,,2024-06-01 00:00:00,1,2025-02-28 00:00:00,0,2651,,,,,,006,,1382,-1382,,,,ERROR EN PROCEDIMIENTOS,,,,,,,,,,,,,SSB
2025-02-01 00:00:00,771200902099,28,DW,01,B,02,288,GARCIA GUILLEN GIOVANNY DASSAE,02,BAJA SIN MED RET,LV402M ,2,F623,20NU,2025-02-01 00:00:00,1,2025-02-28 00:00:00,0,2948,8956,0,0,0,0,006,,0,0,,,,ERROR EN PROCEDIMIENTOS,,2025-02-14 08:21:36,2803,M,9MC6H,LV402M ,228,Opt,  ,,,,SSB
2025-02-01 00:00:00,812210500361,22,DW,22,C,01,222,RAMIREZ LICEA ZINTHIA P       ,1B,BAJA,,2,,,2025-02-01 00:00:00,1,2025-02-28 00:00:00,0,452,,,,,,004,,316,-316,,,,ERROR DE ESTIMACION,,2025-02-11 09:03:52,2251,N,9NCT2,NK707U ,0,Nor,59,DISPLAY APAGADO,59,S,SSB
2025-02-01 00:00:00,772140801073,36,DW,01,C,01,367,VEGA VARGAS KAREN BEATRIZ     ,1D,BAJA,,1,,,2024-10-01 00:00:00,1,2025-02-28 00:00:00,0,1974,,,,,,006,,1062,-1062,,,,ERROR EN PROCEDIMIENTOS,,2024-10-23 16:08:32,3605,M,9NCYL,890VXA ,91355,Nor,44,NUM MEDID DESIGU,44,S,SSB
2025-02-01 00:00:00,800010302044,75,DW,07,A,06,008,SUASTE MARFIL NORMA GUADALUPE ,9C,ACTIVO,945JCV ,3,FD22,15LR,2025-01-01 00:00:00,1,2025-02-28 00:00:00,109,336,13859,109,0,0,0,006,CRAGR,109,0,,,,ERROR EN PROCEDIMIENTOS,,,,,,,,,,,,,SSB
2025-02-01 00:00:00,796131000251,75,DW,06,A,11,111,GRUPO VERMEN SPR DE RI        ,9C,ACTIVO,400KC6 ,3,KL28,12KM,2025-01-01 00:00:00,1,2025-02-28 00:00:00,232,1474,73952,232,0,0,0,006,CRAGR,232,0,,,,ERROR EN PROCEDIMIENTOS,,,,,,,,,,,,,SSB
2025-02-01 00:00:00,796141102388,75,DW,06,A,09,091,CRISANTO MORTEO SERGIO        ,9C,ACTIVO,CKX192 ,3,VL28,22NJ,2025-01-01 00:00:00,1,2025-02-28 00:00:00,960,2452,268,960,0,0,0,006,CRAGR,960,0,,,,ERROR EN PROCEDIMIENTOS,,,,,,,,,,,,,SSB
2025-02-01 00:00:00,772150600726,28,DW,01,C,01,284,CARRILLO ERGUERA EDUARDO      ,02,BAJA,,2,,,2024-10-01 00:00:00,1,2025-02-28 00:00:00,0,1470,,,,,,006,,265,-265,,,,ERROR EN PROCEDIMIENTOS,,2024-10-18 08:47:58,2851,R,9NCYL,M976RJ ,0,Nor,51,NO ENCONTRE DOMI,,,SSB
2025-02-01 00:00:00,783200302481,37,DW,12,D,04,371,MARTINEZ ISLAS OLIVIA         ,1D,BAJA,,2,,,2023-11-01 00:00:00,52,2025-02-26 00:00:00,-1015,0,,,,,,010,,1015,-1015,,,,PROGRAMA ESPECIFICO,,,,,,,,,,,,,SSB
2025-02-01 00:00:00,772930600663,03,DW,01,C,02,034,JOSE L POOT CORREA            ,1D,BAJA,,1,,,2024-09-01 00:00:00,1,2025-02-28 00:00:00,0,374,,,,,,006,,334,-334,,,,ERROR EN PROCEDIMIENTOS,,,,,,,,,,,,,SSB
2025-02-01 00:00:00,779190900697,22,DW,01,M,15,224,RODRIGUEZ CURAL HUMBERTO      ,1D,BAJA SIN MED RET,W544LC ,2,F622,19LM,2025-02-01 00:00:00,2,2025-02-28 00:00:00,0,704,,,,,,001,,0,0,,,,ERROR EN LECTURA,,2025-02-11 14:06:16,2228,L,9P14E,W544LC ,82,Nor,44,NUM MEDID DESIGU,44,S,GSC
2025-02-01 00:00:00,779061203793,40,DW,01,M,13,402,MOO IZA JOSE MARCELINO        ,1D,BAJA,,1,,,2024-08-01 00:00:00,1,2025-02-28 00:00:00,0,2083,,,,,,006,,1297,-1297,,,,ERROR EN PROCEDIMIENTOS,,2024-08-27 13:49:47,4026,L,9MCBU,3Y016B ,1297,Nor,44,NUM MEDID DESIGU,44,S,SSB
2025-02-01 00:00:00,779061203793,40,DW,01,M,13,402,MOO IZA JOSE MARCELINO        ,1D,BAJA,,1,,,2024-10-01 00:00:00,1,2025-02-28 00:00:00,0,2437,,,,,,006,,1087,-1087,,,,ERROR EN PROCEDIMIENTOS,,,,,,,,,,,,,SSB
2025-02-01 00:00:00,790230800856,08,DW,04,C,32,081,TUN CAHUICH LEYDI ARACELY     ,1F,BAJA,,2,,,2025-02-01 00:00:00,4,2025-02-04 00:00:00,0,9869.2399999999998,,,,,,080,,2414,-2414,,,,INACTIVO CANCELACION POR FINIQUITO,,2025-01-30 12:20:56,0802,L,R9658,UC719G ,2414,Nor,  ,,,,CCC
2025-02-01 00:00:00,773220201553,09,DW,01,J,09,093,MEJIA SEGURA SERGIO ESTUARDO  ,1D,BAJA,,2,,,2025-01-01 00:00:00,1,2025-02-28 00:00:00,0,5150,,,,,,020,,1425,-1425,,,,FACTURACION IMPROCEDENTE,,2025-01-06 12:42:41,0927,L,R9933,RDN512 ,0,Nor,51,NO ENCONTRE DOMI,,,SSB
2025-02-01 00:00:00,812210500361,22,DW,22,C,01,222,RAMIREZ LICEA ZINTHIA P       ,1B,BAJA,,2,,,2024-10-01 00:00:00,1,2025-02-28 00:00:00,0,1004,,,,,,004,,552,-552,,,,ERROR DE ESTIMACION,,2024-10-14 09:13:34,2252,N,GAPKM,NK707U ,0,Nor,59,DISPLAY APAGADO,59,S,SSB
2025-02-01 00:00:00,776110804111,24,DW,01,E,37,241,MOLINA CAB MOISES ANTONIO     ,1D,BAJA,,2,,,2025-02-01 00:00:00,1,2025-02-28 00:00:00,0,2448,,,,,,009,,668,-668,,,,CANCELACION POR FINIQUITO,,2025-02-13 10:17:48,2451,N,9MCG8,YP213D ,668,Nor,44,NUM MEDID DESIGU,44,S,CCC
2025-02-01 00:00:00,772150600726,28,DW,01,C,01,284,CARRILLO ERGUERA EDUARDO      ,02,BAJA,,2,,,2024-06-01 00:00:00,1,2025-02-28 00:00:00,0,4908,,,,,,006,,494,-494,,,,ERROR EN PROCEDIMIENTOS,,,,,,,,,,,,,SSB
2025-02-01 00:00:00,772150600726,28,DW,01,C,01,284,CARRILLO ERGUERA EDUARDO      ,02,BAJA,,2,,,2024-08-01 00:00:00,1,2025-02-28 00:00:00,0,1651,,,,,,006,,302,-302,,,,ERROR EN PROCEDIMIENTOS,,2024-08-20 08:46:25,2851,R,R9631,M976RJ ,0,Nor,56,NO HAY MEDIDOR,56,S,SSB
2025-02-01 00:00:00,784191200161,22,DW,12,E,01,222,DIMAB SAPI DE CV              ,1D,BAJA SIN MED RET,DW903T ,2,F623,19NU,2024-10-01 00:00:00,1,2025-02-27 00:00:00,0,18405,76444,4916,60,0,0,004,,4916,-4916,MEDID NO TRABAJA,,,ERROR DE ESTIMACION,,2024-10-15 12:08:58,2251,R,9NCWL,DW903T ,0,Nor,60,MEDID NO TRABAJA,60,S,SSB
2025-02-01 00:00:00,779220904854,24,DW,01,M,15,247,CAMARA ESQUIVEL JORGE EDUARDO ,1D,BAJA SIN MED RET,CVN291 ,2,F623,22NU,2025-02-01 00:00:00,1,2025-02-28 00:00:00,0,1227,609,401,0,0,0,001,,401,-401,,,,ERROR EN LECTURA,,2025-02-13 15:43:11,2451,R,R9522,CVN291 ,401,Nor,  ,,LM,S,GSC
2025-02-01 00:00:00,772780802050,20,DW,01,C,01,207,BEATRIZ CHAN PAREDES          ,1D,BAJA,,1,,,2024-08-01 00:00:00,1,2025-02-28 00:00:00,0,319,,,,,,006,,285,-285,,,,ERROR EN PROCEDIMIENTOS,,2024-08-14 08:53:10,2051,R,R9631,Y646BW ,88415,Nor,44,NUM MEDID DESIGU,44,S,SSB
2025-02-01 00:00:00,776120200826,08,DW,01,E,37,082,BANUELOS LOPEZ GUDELIA        ,1D,BAJA SIN MED RET,DW738G ,2,F623,19NU,2024-10-01 00:00:00,1,2025-02-28 00:00:00,0,2025,21224,1281,56,0,0,009,,1281,-1281,NO HAY MEDIDOR,,,CANCELACION POR FINIQUITO,,2024-10-03 08:15:50,0801,M,9MCG8,DW738G ,0,Nor,56,NO HAY MEDIDOR,56,S,CCC
2025-02-01 00:00:00,783100807216,14,DW,12,D,01,143,ALTAMIRANO GUZMAN BEATIZ      ,1D,BAJA SIN MED RET,48E85E ,2,F62H,10KN,2024-10-01 00:00:00,1,2025-02-13 00:00:00,0,502,25557,432,56,0,0,002,,432,-432,NO HAY MEDIDOR,,,SIN CONSUMO,,2024-10-08 09:25:13,1403,L,GA4HN,48E85E ,0,Nor,56,NO HAY MEDIDOR,56,S,SSB
2025-02-01 00:00:00,775030500328,65,DW,01,G,01,651,FED REG SOC COOP DE LA IND PES,67,BAJA,,3,,,2024-11-01 00:00:00,1,2025-02-28 00:00:00,2502,13497,,,,,,020,,3263,-761,,,,FACTURACION IMPROCEDENTE,,2024-11-07 18:57:24,6551,R,9BBEL,A543HX ,0,Nor,51,NO ENCONTRE DOMI,,,SSB
2025-02-01 00:00:00,795140600094,24,DW,05,A,01,244,CHABLE GALMICHE MARGARITA     ,1F,BAJA,,1,,,2024-10-01 00:00:00,1,2025-02-18 00:00:00,0,656,,,,,,002,,673,-673,,,,SIN CONSUMO,,2024-10-14 07:34:43,2203,M,9JRBH,182C1J ,0,Nor,59,DISPLAY APAGADO,59,S,SSB
2025-02-01 00:00:00,795140600094,24,DW,05,A,01,244,CHABLE GALMICHE MARGARITA     ,1F,BAJA,,1,,,2024-12-01 00:00:00,1,2025-02-18 00:00:00,0,1499,,,,,,002,,600,-600,,,,SIN CONSUMO,,2024-12-13 08:34:36,2203,M,9JRBH,182C1J ,0,Nor,59,DISPLAY APAGADO,59,S,SSB
2025-02-01 00:00:00,770011001181,84,DW,01,A,01,038,INVERSIONES INMUEBLES CONTROL ,77,ACTIVO,874PDM ,3,VL2R,16KE,2025-01-01 00:00:00,1,2025-02-04 00:00:00,21615,335130,,,,,,020,,87467,-65852,,,,FACTURACION IMPROCEDENTE,,,,,,,,,,,,,SSB
2025-02-01 00:00:00,779061203793,40,DW,01,M,13,402,MOO IZA JOSE MARCELINO        ,1D,BAJA,,1,,,2024-06-01 00:00:00,2,2025-02-28 00:00:00,0,207,,,,,,020,,0,0,,,,FACTURACION IMPROCEDENTE,,,,,,,,,,,,,SSB
2025-02-01 00:00:00,783100807216,14,DW,12,D,01,143,ALTAMIRANO GUZMAN BEATIZ      ,1D,BAJA SIN MED RET,48E85E ,2,F62H,10KN,2024-12-01 00:00:00,1,2025-02-13 00:00:00,0,3211,25557,980,56,0,0,002,,980,-980,NO HAY MEDIDOR,,,SIN CONSUMO,,2024-12-09 09:23:20,1403,L,GA4HN,48E85E ,0,Nor,56,NO HAY MEDIDOR,56,S,SSB
2025-02-01 00:00:00,789830600666,84,DW,04,B,23,078,BACHOCO  S A  DE C V          ,77,ACTIVO,J878EB ,3,VL2R,17KE,2025-01-01 00:00:00,1,2025-02-04 00:00:00,0,165243,,,,,,006,,42984,-42984,,,,ERROR EN PROCEDIMIENTOS,,,,,,,,,,,,,SSB
2025-02-01 00:00:00,771240601440,17,DW,01,B,01,171,DAVILA MARTINEZ MARIA LUISA   ,1D,BAJA,,2,,,2025-01-01 00:00:00,1,2025-02-28 00:00:00,0,356,,,,,,020,,255,-255,,,,FACTURACION IMPROCEDENTE,,2025-01-13 12:18:41,1751,R,9EMKC,HLW259 ,0,Nor,56,NO HAY MEDIDOR,56,S,SSB
2025-02-01 00:00:00,779220904854,24,DW,01,M,15,247,CAMARA ESQUIVEL JORGE EDUARDO ,1D,BAJA SIN MED RET,CVN291 ,2,F623,22NU,2025-02-01 00:00:00,2,2025-02-28 00:00:00,0,704,,,,,,001,,0,0,,,,ERROR EN LECTURA,,2025-02-13 15:43:11,2451,R,R9522,CVN291 ,401,Nor,  ,,LM,S,GSC
2025-02-01 00:00:00,801141100885,34,DW,07,B,26,261,CIAU BACAB MARIA AMGELICA     ,1B,CORTADO,405R4U ,1,F122,14LN,2021-10-01 00:00:00,52,2025-02-24 00:00:00,-3545,0,,,,,,010,,3545,-3545,,,,PROGRAMA ESPECIFICO,,,,,,,,,,,,,SSB
2025-02-01 00:00:00,801141100885,34,DW,07,B,26,261,CIAU BACAB MARIA AMGELICA     ,1B,CORTADO,405R4U ,1,F122,14LN,2022-02-01 00:00:00,52,2025-02-24 00:00:00,-400,0,,,,,,010,,400,-400,,,,PROGRAMA ESPECIFICO,,,,,,,,,,,,,SSB
2025-02-01 00:00:00,812210500361,22,DW,22,C,01,222,RAMIREZ LICEA ZINTHIA P       ,1B,BAJA,,2,,,2024-04-01 00:00:00,1,2025-02-28 00:00:00,0,109,,,,,,004,,88,-88,,,,ERROR DE ESTIMACION,,2024-04-12 12:11:52,2251,R,9NCT2,NK707U ,0,Nor,59,DISPLAY APAGADO,59,S,SSB
2025-02-01 00:00:00,784191200161,22,DW,12,E,01,222,DIMAB SAPI DE CV              ,1D,BAJA SIN MED RET,DW903T ,2,F623,19NU,2024-12-01 00:00:00,1,2025-02-27 00:00:00,0,18919,76444,4442,59,0,0,004,,4442,-4442,DISPLAY APAGADO,,,ERROR DE ESTIMACION,,2024-12-14 16:52:14,2251,R,GATKM,DW903T ,0,Nor,59,DISPLAY APAGADO,59,S,SSB
2025-02-01 00:00:00,801141100885,34,DW,07,B,26,261,CIAU BACAB MARIA AMGELICA     ,1B,CORTADO,405R4U ,1,F122,14LN,2021-12-01 00:00:00,52,2025-02-24 00:00:00,-3497,0,,,,,,010,,3497,-3497,,,,PROGRAMA ESPECIFICO,,,,,,,,,,,,,SSB
2025-02-01 00:00:00,800090400505,75,DW,07,A,17,002,PEDRAZA CANUTO LOURDES        ,9M,BAJA,,3,,,2025-02-01 00:00:00,4,2025-02-25 00:00:00,0,178574.89000000001,,,,,,080,,99787,-99787,,,,INACTIVO CANCELACION POR FINIQUITO,,2025-02-20 08:59:16,7504,L,9MCGY,PT710X ,0,Nor,59,DISPLAY APAGADO,59,S,CCC
2025-02-01 00:00:00,800210801177,27,DW,07,A,02,022,GUTIERREZ PATRON HIGINIO DE JE,02,BAJA,,2,,,2024-11-01 00:00:00,1,2025-02-22 00:00:00,1,9733,,,,,,001,,1946,-1945,,,,ERROR EN LECTURA,,,,,,,,,,,,,GSC
2025-02-01 00:00:00,800210801177,27,DW,07,A,02,022,GUTIERREZ PATRON HIGINIO DE JE,02,BAJA,,2,,,2025-01-01 00:00:00,1,2025-02-22 00:00:00,1,9223,,,,,,001,,1865,-1864,,,,ERROR EN LECTURA,,,,,,,,,,,,,GSC
2025-02-01 00:00:00,812210500361,22,DW,22,C,01,222,RAMIREZ LICEA ZINTHIA P       ,1B,BAJA,,2,,,2024-02-01 00:00:00,1,2025-02-28 00:00:00,0,441,,,,,,004,,321,-321,,,,ERROR DE ESTIMACION,,2024-02-13 09:11:15,8122,R,9NCT2,NK707U ,0,Nor,59,DISPLAY APAGADO,59,S,SSB
2025-02-01 00:00:00,812210500361,22,DW,22,C,01,222,RAMIREZ LICEA ZINTHIA P       ,1B,BAJA,,2,,,2024-12-01 00:00:00,1,2025-02-28 00:00:00,0,390,,,,,,004,,278,-278,,,,ERROR DE ESTIMACION,,2024-12-13 10:27:33,2251,N,GAPKM,NK707U ,0,Nor,60,MEDID NO TRABAJA,60,S,SSB
2025-02-01 00:00:00,801141100885,34,DW,07,B,26,261,CIAU BACAB MARIA AMGELICA     ,1B,CORTADO,405R4U ,1,F122,14LN,2021-08-01 00:00:00,52,2025-02-24 00:00:00,-3630,0,,,,,,010,,3630,-3630,,,,PROGRAMA ESPECIFICO,,,,,,,,,,,,,SSB
2025-02-01 00:00:00,776880100279,68,DW,01,H,49,680,IGNACIO MENESES               ,09,BAJA SIN MED RET,6GY418 ,2,F121,98GG,2024-07-01 00:00:00,1,2025-02-28 00:00:00,0,1368,11774,500,0,0,0,001,,500,-500,,,,ERROR EN LECTURA,,,,,,,,,,,,,GSC
2025-02-01 00:00:00,810040906012,08,DW,22,A,02,082,MUNDO HABITATT  SA DE CV      ,1B,BAJA,,2,,,2025-02-01 00:00:00,1,2025-02-25 00:00:00,0,2254,,,,,,004,,745,-745,,,,ERROR DE ESTIMACION,,2025-01-30 14:40:06,0802,M,9MCKU,14E49N ,99914,Nor,  ,,FR,S,SSB
2025-02-01 00:00:00,775030500328,65,DW,01,G,01,651,FED REG SOC COOP DE LA IND PES,67,BAJA,,3,,,2025-01-01 00:00:00,1,2025-02-28 00:00:00,0,13714,,,,,,020,,3352,-3352,,,,FACTURACION IMPROCEDENTE,,2025-01-07 12:49:27,6501,L,9BBEL,A543HX ,0,Nor,56,NO HAY MEDIDOR,56,S,SSB
2025-02-01 00:00:00,811080701193,21,DW,22,B,01,211,ARCE CANTO ALAN ATOCHA        ,1D,BAJA,,2,,,2025-01-01 00:00:00,1,2025-02-27 00:00:00,0,1218,,,,,,004,,540,-540,,,,ERROR DE ESTIMACION,,2025-01-13 12:06:35,1751,N,GAXQM,389MFK ,0,Nor,51,NO ENCONTRE DOMI,,,SSB
2025-02-01 00:00:00,811161102081,67,DW,22,B,01,671,MAYAN WINGS SA DE CV          ,67,BAJA,,3,,,2025-02-01 00:00:00,4,2025-02-21 00:00:00,24,404911.56,,,,,,080,,99977,-99953,,,,INACTIVO CANCELACION POR FINIQUITO,,2025-02-05 14:05:51,6401,L,GA22N,PJ806F ,23,Opt,  ,,,,CCC
2025-02-01 00:00:00,775030500328,65,DW,01,G,01,651,FED REG SOC COOP DE LA IND PES,67,BAJA,,3,,,2024-12-01 00:00:00,1,2025-02-28 00:00:00,0,12345,,,,,,020,,2923,-2923,,,,FACTURACION IMPROCEDENTE,,2024-12-06 09:12:55,6501,L,9BBEL,A543HX ,0,Nor,59,DISPLAY APAGADO,59,S,SSB
2025-02-01 00:00:00,776171200031,10,DW,01,H,36,103,MARTIN BORGES GUMERSINDO      ,1C,BAJA SIN MED RET,J624GD ,2,F622,17LM,2025-02-01 00:00:00,1,2025-02-28 00:00:00,0,615,15,11,0,44,0,009,,11,-11,,NUM MEDID DESIGU,,CANCELACION POR FINIQUITO,,2025-01-31 09:32:34,1001,L,9JR2C,J624GD ,11,Nor,44,NUM MEDID DESIGU,44,S,CCC
2025-02-01 00:00:00,773100807431,26,DW,01,D,04,260,MOO SOLIS GERMAN SOLIS        ,1C,BAJA SIN MED RET,75C93J ,1,F12H,10KU,2024-12-01 00:00:00,1,2025-02-28 00:00:00,0,715,39134,397,59,0,0,004,,397,-397,DISPLAY APAGADO,,,ERROR DE ESTIMACION,,2024-12-18 09:20:12,2651,R,9EMCB,75C93J ,0,Nor,59,DISPLAY APAGADO,59,S,SSB
2025-02-01 00:00:00,812240507239,34,DW,22,C,01,342,MIA DESARROLLOS INTELIGENTES  ,02,CORTADO,X137UM ,2,F622,19LM,2024-12-01 00:00:00,1,2025-02-21 00:00:00,0,3008,2230,564,0,0,0,001,88606,564,-564,,,,ERROR EN LECTURA,D,,,,,,,,,,,,GSC
2025-02-01 00:00:00,770160801018,12,DW,01,A,01,121,VARGAS HERRERA AMADO          ,02,BAJA SIN MED RET,701HRF ,1,F122,15LN,2024-12-01 00:00:00,1,2025-02-28 00:00:00,0,472,7513,71,59,0,0,004,,71,-71,DISPLAY APAGADO,,,ERROR DE ESTIMACION,,2024-12-06 10:54:50,1201,L,9EMEC,701HRF ,0,Nor,59,DISPLAY APAGADO,59,S,SSB
2025-02-01 00:00:00,810230702804,24,DW,22,A,02,246,RAMIREZ ESQUIVEL LUIS         ,1B,ACTIVO,AWR265 ,1,F123,22NX,2024-12-01 00:00:00,1,2025-02-13 00:00:00,0,2922,1122,897,0,0,0,001,88606,897,-897,,,,ERROR EN LECTURA,D,,,,,,,,,,,,GSC
2025-02-01 00:00:00,776160703685,22,DW,01,E,37,222,CABALLERO FERRER CARMEN       ,1D,BAJA,,2,,,2025-02-01 00:00:00,1,2025-02-28 00:00:00,0,837,,,,,,009,,153,-153,,,,CANCELACION POR FINIQUITO,,2025-02-12 10:43:48,2251,N,9JR27,999JGY ,153,Nor,44,NUM MEDID DESIGU,44,S,CCC
2025-02-01 00:00:00,811031101041,18,DW,22,B,01,018,OSWALDO EUAN                  ,1D,CORTADO,8M74C8 ,1,F121,04GG,2024-12-01 00:00:00,1,2025-02-10 00:00:00,585,6500,38800,1705,0,0,0,001,88606,1705,-1120,,,,ERROR EN LECTURA,D,,,,,,,,,,,,GSC
2025-02-01 00:00:00,812021200594,22,DW,22,C,01,221,VILLAS DE TULUM               ,1B,ACTIVO,88C0G0 ,2,F621,08KG,2024-12-01 00:00:00,1,2025-02-12 00:00:00,366,5111,61754,1366,0,0,0,001,88606,1366,-1000,,,,ERROR EN LECTURA,D,2024-12-13 13:50:26,2201,L,GAFRM,88C0G0 ,90366,Nor,  ,,FR,S,GSC
2025-02-01 00:00:00,812080900834,24,DW,22,A,02,246,CEN MAY PEDRO                 ,1B,ACTIVO,10C4J9 ,2,F621,08KG,2024-12-01 00:00:00,1,2025-02-13 00:00:00,269,4574,13914,1269,0,0,0,001,88606,1269,-1000,,,,ERROR EN LECTURA,D,,,,,,,,,,,,GSC
2025-02-01 00:00:00,810080800403,24,DW,22,A,02,245,RODOLFO LAVENANT GONZALEZ     ,02,ACTIVO,87C5N7 ,2,F621,08KG,2024-12-01 00:00:00,1,2025-02-13 00:00:00,0,5143,7673,1000,0,0,0,001,88606,1000,-1000,,,,ERROR EN LECTURA,D,,,,,,,,,,,,GSC
2025-02-01 00:00:00,810080404745,12,DW,22,A,02,121,MARTINEZ SALAS ROGER          ,1B,ACTIVO,79UG47 ,1,F121,08JL,2024-12-01 00:00:00,1,2025-02-05 00:00:00,353,4948,13810,1353,0,0,0,001,88606,1353,-1000,,,,ERROR EN LECTURA,D,,,,,,,,,,,,GSC
2025-02-01 00:00:00,776150207001,08,DW,01,E,37,083,VAZQUEZ BAUTISTA JOSE IGNACIO ,1D,BAJA SIN MED RET,007X0J ,2,F622,14LM,2024-12-01 00:00:00,1,2025-02-28 00:00:00,0,6460,42901,1730,60,0,0,009,,1730,-1730,MEDID NO TRABAJA,,,CANCELACION POR FINIQUITO,,2024-12-04 10:08:13,0802,M,G92B1,007X0J ,0,Nor,60,MEDID NO TRABAJA,60,S,CCC
2025-02-01 00:00:00,777140702859,07,DW,01,J,09,076,SANZHEZ DZUL MARIA DOLORES GPE,1D,ACTIVO,PBR974 ,1,F123,24NX,2025-01-01 00:00:00,1,2025-02-06 00:00:00,102,1974,,,,,,001,9BBRW,706,-604,,,,ERROR EN LECTURA,S,,,,,,,,,,,,GSC
2025-02-01 00:00:00,808150900864,65,DW,08,E,66,651,ILDEFONSO AMADO FONSECA HERRER,67,BAJA,,3,,,2024-12-01 00:00:00,4,2025-02-12 00:00:00,0,69.75,,,,,,080,,0,0,,,,INACTIVO CANCELACION POR FINIQUITO,,2024-12-05 19:29:56,6402,L,GAHXM,MX722A ,978,Nor,  ,,,,CCC
2025-02-01 00:00:00,810080701570,24,DW,22,A,02,245,DZIB FLORES JOSE RAFAEL       ,02,CORTADO,948MCX ,1,F12J,15MR,2024-12-01 00:00:00,1,2025-02-13 00:00:00,17,2215,1752,419,0,0,0,001,88606,419,-402,,,,ERROR EN LECTURA,D,,,,,,,,,,,,GSC
2025-02-01 00:00:00,810080106612,24,DW,22,A,02,242,ARANDA MEDRANO MARIA A        ,1B,ACTIVO,87PL58 ,2,F621,07F3,2024-12-01 00:00:00,1,2025-02-13 00:00:00,189,4126,5419,1168,0,0,0,001,88606,1168,-979,,,,ERROR EN LECTURA,D,,,,,,,,,,,,GSC
2025-02-01 00:00:00,811981205764,10,DW,22,B,01,101,JESUS MEX ALDANA              ,1D,ACTIVO,552MEH ,2,F62J,15MT,2025-02-01 00:00:00,1,2025-02-13 00:00:00,240,1355,1119,569,0,0,0,001,9BBPP,569,-329,,,,ERROR EN LECTURA,S,2025-01-31 10:31:09,1001,M,9MC92,552MEH ,569,Nor,  ,,,,GSC
2025-02-01 00:00:00,811080601768,12,DW,22,B,01,121,LOPEZ MAGANA PETRONA          ,1D,ACTIVO,321TY5 ,1,F122,12LH,2025-02-01 00:00:00,1,2025-02-26 00:00:00,17,332,19212,243,0,0,0,001,9BBPP,243,-226,,,,ERROR EN LECTURA,S,2025-02-06 11:42:00,1252,R,GAXQM,321TY5 ,243,Nor,  ,,,,GSC
2025-02-01 00:00:00,811910101496,23,DW,22,B,01,231,ALEJANDRO LOPEZ MENA          ,1D,ACTIVO,4B492P ,2,F621,04F3,2025-01-01 00:00:00,1,2025-02-07 00:00:00,446,2453,27745,811,0,0,0,001,9BBPP,811,-365,,,,ERROR EN LECTURA,S,,,,,,,,,,,,GSC
2025-02-01 00:00:00,776060700093,69,DW,01,H,48,691,UNID FRUT BENITO JUAREZ 2     ,9M,ACTIVO,PJ495G ,3,KL28,20KE,2024-11-01 00:00:00,1,2025-02-06 00:00:00,41,1007,16864,222,59,0,0,001,9BBRW,222,-181,DISPLAY APAGADO,,,ERROR EN LECTURA,S,2024-11-14 14:32:43,6951,R,9JR2C,PJ495G ,0,Nor,59,DISPLAY APAGADO,59,S,GSC
2025-02-01 00:00:00,806240200338,12,DW,08,C,40,121,MIRANDA OSORIO JULIA MARISOL  ,1C,ACTIVO,GGU588 ,1,F123,23NX,2025-02-01 00:00:00,1,2025-02-18 00:00:00,15,190,152,148,0,44,0,001,9EMG7,148,-133,,NUM MEDID DESIGU,,ERROR EN LECTURA,S,2025-02-04 10:05:50,1226,L,9ND5B,GGU588 ,148,Opt,44,NUM MEDID DESIGU,44,S,GSC
2025-02-01 00:00:00,777190500483,31,DW,01,J,09,311,LOPEZ PRIMERO JOSE LUIS       ,1D,ACTIVO,NR415C ,2,F623,20NU,2024-11-01 00:00:00,1,2025-02-06 00:00:00,155,7581,0,1250,51,0,0,001,9BBRW,1994,-1839,NO ENCONTRE DOMI,,,ERROR EN LECTURA,S,2024-11-21 12:04:51,3126,L,GA00N,NR415C ,0,Nor,51,NO ENCONTRE DOMI,,,GSC
2025-02-01 00:00:00,777930800222,34,DW,01,J,46,341,MUTUL RODRIGUEZ ROSA ISELA    ,1C,ACTIVO,JBC652 ,2,F623,23NU,2024-12-01 00:00:00,1,2025-02-06 00:00:00,143,1486,4074,567,52,0,0,004,9BBRW,567,-424,COMUNICACION INTERRU,,,ERROR DE ESTIMACION,S,2024-12-23 10:23:20,3426,L,R9524,JBC652 ,0,Nor,52,COMUNICACION INTERRU,52,S,SSB
2025-02-01 00:00:00,811230600790,14,DW,22,B,01,141,FERREIRO ALBERTOS WILBERT ALEJ,02,ACTIVO,PY090H ,3,KL28,21KE,2024-10-01 00:00:00,1,2025-02-06 00:00:00,98,6269,7704,1198,0,0,0,001,88606,1198,-1100,,,,ERROR EN LECTURA,D,,,,,,,,,,,,GSC
2025-02-01 00:00:00,810080909391,23,DW,22,A,01,232,AGUILAR GOMEZ RUBEN           ,1B,ACTIVO,86C4G3 ,2,F621,08KG,2025-01-01 00:00:00,1,2025-02-06 00:00:00,368,5100,37921,1383,0,0,0,001,9JPYD,1383,-1015,,,,ERROR EN LECTURA,S,,,,,,,,,,,,GSC
2025-02-01 00:00:00,810020307384,22,DW,22,A,02,221,DAVID CASTILLO PEREZ          ,1B,CORTADO,MJD545 ,1,F123,23NX,2024-12-01 00:00:00,1,2025-02-12 00:00:00,335,3428,3999,1011,0,0,0,001,88606,1011,-676,,,,ERROR EN LECTURA,D,,,,,,,,,,,,GSC
2025-02-01 00:00:00,772140801073,36,DW,01,C,01,367,VEGA VARGAS KAREN BEATRIZ     ,1D,BAJA,,1,,,2024-12-01 00:00:00,1,2025-02-28 00:00:00,1,4823,,,,,,006,,1354,-1353,,,,ERROR EN PROCEDIMIENTOS,,2024-12-27 11:29:15,3651,R,9NCYL,890VXA ,0,Nor,51,NO ENCONTRE DOMI,,,SSB
2025-02-01 00:00:00,772150600726,28,DW,01,C,01,284,CARRILLO ERGUERA EDUARDO      ,02,BAJA,,2,,,2024-12-01 00:00:00,1,2025-02-28 00:00:00,0,1923,,,,,,006,,353,-353,,,,ERROR EN PROCEDIMIENTOS,,2024-12-19 11:36:59,2851,R,9MCGC,M976RJ ,0,Nor,51,NO ENCONTRE DOMI,,,SSB
2025-02-01 00:00:00,772780802050,20,DW,01,C,01,207,BEATRIZ CHAN PAREDES          ,1D,BAJA,,1,,,2024-06-01 00:00:00,1,2025-02-28 00:00:00,0,293,,,,,,006,,263,-263,,,,ERROR EN PROCEDIMIENTOS,,2024-06-14 09:13:33,2051,N,9JR53,Y646BW ,0,Nor,56,NO HAY MEDIDOR,56,S,SSB
2025-02-01 00:00:00,772780802050,20,DW,01,C,01,207,BEATRIZ CHAN PAREDES          ,1D,BAJA,,1,,,2024-10-01 00:00:00,1,2025-02-28 00:00:00,0,309,,,,,,006,,273,-273,,,,ERROR EN PROCEDIMIENTOS,,2024-10-14 10:08:25,2051,R,9NCYL,Y646BW ,88415,Nor,44,NUM MEDID DESIGU,44,S,SSB
2025-02-01 00:00:00,810011114387,18,DW,22,A,02,183,MARTHA OCAMPO LOPEZ           ,1B,ACTIVO,7F0K84 ,1,F121,01GG,2024-12-01 00:00:00,1,2025-02-10 00:00:00,219,2659,63879,838,0,0,0,001,88606,838,-619,,,,ERROR EN LECTURA,D,,,,,,,,,,,,GSC
2025-02-01 00:00:00,777780300021,06,DW,01,J,03,063,WILLIAM CISNEROS R            ,1C,ACTIVO,5V401W ,1,F121,06JL,2024-12-01 00:00:00,1,2025-02-06 00:00:00,461,5624,72980,1479,0,0,0,001,9BBRW,1479,-1018,,,,ERROR EN LECTURA,S,,,,,,,,,,,,GSC
2025-02-01 00:00:00,779190900697,22,DW,01,M,15,224,RODRIGUEZ CURAL HUMBERTO      ,1D,BAJA SIN MED RET,W544LC ,2,F622,19LM,2025-02-01 00:00:00,1,2025-02-28 00:00:00,0,745,82,82,0,44,0,001,,82,-82,,NUM MEDID DESIGU,,ERROR EN LECTURA,,2025-02-11 14:06:16,2228,L,9P14E,W544LC ,82,Nor,44,NUM MEDID DESIGU,44,S,GSC
2025-02-01 00:00:00,777210700417,21,DW,01,J,16,211,ALAMILLA RIVERA NINFA PATRICIA,1D,ACTIVO,98YD53 ,1,F121,08JL,2024-09-01 00:00:00,1,2025-02-06 00:00:00,44,695,1238,581,0,0,0,001,9BBRW,581,-537,,,,ERROR EN LECTURA,S,,,,,,,,,,,,GSC
2025-02-01 00:00:00,791070300564,32,DW,04,D,47,321,ABNAL POOL SALVADOR RENE      ,1F,ACTIVO,PCY915 ,1,F123,24NX,2024-12-01 00:00:00,1,2025-02-08 00:00:00,120,4358,,,,,,003,9BBV5,1225,-1105,,,,CAMBIO DE MEDIDOR,D,,,,,,,,,,,,GSC
2025-02-01 00:00:00,806910700019,03,DW,08,C,33,031,VAZQUEZ NUNEZ MARIA LORENA    ,1C,ACTIVO,RDA238 ,2,F623,24NY,2025-01-01 00:00:00,1,2025-02-06 00:00:00,31,327,238,237,0,0,0,001,9EMG7,237,-206,,,,ERROR EN LECTURA,S,,,,,,,,,,,,GSC
2025-02-01 00:00:00,806190200129,27,DW,08,C,36,361,CHE AKE NERI ELISET           ,1C,ACTIVO,JFP469 ,2,F623,23NU,2025-01-01 00:00:00,1,2025-02-07 00:00:00,340,1013,1589,462,0,0,0,001,9EMG7,462,-122,,,,ERROR EN LECTURA,S,,,,,,,,,,,,GSC
2025-02-01 00:00:00,781861100270,10,DW,12,B,01,013,AGUILAR ESCALANTE ISIDRO DE J ,1D,ACTIVO,688PJB ,2,F622,16LM,2025-02-01 00:00:00,1,2025-02-19 00:00:00,385,2731,31873,870,0,0,0,001,9EMJA,870,-485,,,,ERROR EN LECTURA,S,2025-01-31 09:29:29,1001,L,GA4GN,688PJB ,870,Nor,  ,,LM,S,GSC
2025-02-01 00:00:00,781231201639,36,DW,12,B,03,038,SALDIVAR MIRANDA JAVIER       ,1D,BAJA SIN MED RET,JAW994 ,2,F623,23NU,2024-12-01 00:00:00,1,2025-02-11 00:00:00,0,6945,6221,1803,59,0,0,004,9EMJA,1803,-1803,DISPLAY APAGADO,,,ERROR DE ESTIMACION,S,2024-12-27 10:06:11,3653,R,GA4GN,JAW994 ,0,Nor,59,DISPLAY APAGADO,59,S,SSB
2025-02-01 00:00:00,781070100098,18,DW,12,B,01,224,ZAPATA ESQUIVEL JOSE MARIA    ,02,ACTIVO,38AR38 ,1,F121,06JL,2024-12-01 00:00:00,1,2025-02-05 00:00:00,42,2895,3755,542,0,0,0,001,9EMJA,542,-500,,,,ERROR EN LECTURA,S,,,,,,,,,,,,GSC
2025-02-01 00:00:00,777071000481,28,DW,01,J,47,288,QUINTAL HINOJOSA MARIA MARCELI,1C,ACTIVO,61GL64 ,1,F121,07JL,2024-12-01 00:00:00,1,2025-02-06 00:00:00,80,4113,23828,949,0,0,0,001,9BBRW,949,-869,,,,ERROR EN LECTURA,S,,,,,,,,,,,,GSC
2025-02-01 00:00:00,777120803101,20,DW,01,J,03,202,JIMENEZ DOMINGUEZ JUAN PABLO  ,1C,ACTIVO,FY6412 ,1,F121,82EG,2024-12-01 00:00:00,1,2025-02-06 00:00:00,5,3478,5630,1006,0,0,0,001,9BBRW,1006,-1001,,,,ERROR EN LECTURA,S,,,,,,,,,,,,GSC
2025-02-01 00:00:00,770900400284,30,DW,01,A,01,304,EMILIO FIDEL GOMEZ ORTEGA     ,1D,BAJA,,2,,,2024-12-01 00:00:00,1,2025-02-28 00:00:00,0,1626,,,,,,004,,631,-631,,,,ERROR DE ESTIMACION,,2024-12-19 11:47:04,3002,L,R9700,525G5M ,0,Nor,56,NO HAY MEDIDOR,56,S,SSB
2025-02-01 00:00:00,777750614340,32,DW,01,J,46,325,PEDRO PECH COCOM              ,1C,ACTIVO,C1076E ,1,C111,738V,2024-12-01 00:00:00,1,2025-02-06 00:00:00,144,3922,933,1141,0,0,0,001,9BBRW,1141,-997,,,,ERROR EN LECTURA,S,,,,,,,,,,,,GSC
2025-02-01 00:00:00,771060305541,32,DW,01,B,02,329,AGUILAR AVILA DAVID ANTONIO   ,02,BAJA,,2,,,2025-02-01 00:00:00,4,2025-02-28 00:00:00,0,4994.7399999999998,,,,,,080,,1000,-1000,,,,INACTIVO CANCELACION POR FINIQUITO,,2025-02-19 09:03:06,3208,M,9JRDF,6E04V8 ,0,Nor,31,SERVICIO SIN USO,,,CCC
2025-02-01 00:00:00,773181101660,28,DW,01,D,03,282,YAH LUGO MARCOS ALBERTO       ,1C,BAJA SIN MED RET,LG724A ,1,F123,20NT,2024-12-01 00:00:00,2,2025-02-28 00:00:00,0,64,,,,,,004,,0,0,,,,ERROR DE ESTIMACION,,2024-12-18 11:18:14,2828,L,GAXWM,LG724A ,0,Nor,59,DISPLAY APAGADO,59,S,SSB
2025-02-01 00:00:00,772930600663,03,DW,01,C,02,034,JOSE L POOT CORREA            ,1D,BAJA,,1,,,2024-07-01 00:00:00,1,2025-02-28 00:00:00,0,714,,,,,,006,,440,-440,,,,ERROR EN PROCEDIMIENTOS,,,,,,,,,,,,,SSB
2025-02-01 00:00:00,772930600663,03,DW,01,C,02,034,JOSE L POOT CORREA            ,1D,BAJA,,1,,,2024-11-01 00:00:00,1,2025-02-28 00:00:00,0,268,,,,,,006,,216,-216,,,,ERROR EN PROCEDIMIENTOS,,,,,,,,,,,,,SSB
2025-02-01 00:00:00,773220203203,28,DW,01,D,04,283,CHEL SOLACHE MANUEL ANTONIO   ,02,BAJA SIN MED RET,XA309V ,1,F123,21NT,2024-12-01 00:00:00,1,2025-02-28 00:00:00,0,745,1478,124,59,0,0,004,,124,-124,DISPLAY APAGADO,,,ERROR DE ESTIMACION,,2024-12-18 09:11:43,2829,L,R9950,XA309V ,0,Nor,59,DISPLAY APAGADO,59,S,SSB
2025-02-01 00:00:00,773211000073,30,DW,01,D,04,304,MONTANEZ VAZQUEZ NICOLAS      ,1C,BAJA,,2,,,2024-12-01 00:00:00,1,2025-02-28 00:00:00,6,787,,,,,,004,,413,-407,,,,ERROR DE ESTIMACION,,2024-12-20 08:48:27,3051,R,9JRE0,LV567K ,98872,Nor,44,NUM MEDID DESIGU,44,S,SSB
2025-02-01 00:00:00,772990400531,25,DW,01,C,02,254,BUENFIL TORRES ENRIQUE        ,1D,BAJA SIN MED RET,435VXN ,1,F122,16LN,2024-11-01 00:00:00,1,2025-02-28 00:00:00,0,336,197,99,0,44,0,006,,99,-99,,NUM MEDID DESIGU,,ERROR EN PROCEDIMIENTOS,,,,,,,,,,,,,SSB
2025-02-01 00:00:00,770210700323,12,DW,01,A,01,121,MEDINA ACHACH MIGUEL FERNANDO ,02,BAJA SIN MED RET,MB030L ,2,F623,20NU,2024-12-01 00:00:00,1,2025-02-28 00:00:00,0,5744,1166,595,0,44,0,006,,595,-595,,NUM MEDID DESIGU,,ERROR EN PROCEDIMIENTOS,,,,,,,,,,,,,SSB
2025-02-01 00:00:00,773211000073,30,DW,01,D,04,304,MONTANEZ VAZQUEZ NICOLAS      ,1C,BAJA,,2,,,2024-08-01 00:00:00,1,2025-02-28 00:00:00,52,1038,,,,,,004,,786,-734,,,,ERROR DE ESTIMACION,,2024-08-21 10:42:43,3051,R,9EMCB,LV567K ,94964,Nor,44,NUM MEDID DESIGU,44,S,SSB
2025-02-01 00:00:00,776140204330,08,DW,01,E,37,083,CAAMAL HERRERA ANAKAREN VICTOR,1D,BAJA,,2,,,2024-12-01 00:00:00,1,2025-02-28 00:00:00,0,1184,,,,,,009,,381,-381,,,,CANCELACION POR FINIQUITO,,,,,,,,,,,,,CCC
2025-02-01 00:00:00,771240601440,17,DW,01,B,01,171,DAVILA MARTINEZ MARIA LUISA   ,1D,BAJA,,2,,,2024-11-01 00:00:00,1,2025-02-28 00:00:00,0,330,,,,,,020,,255,-255,,,,FACTURACION IMPROCEDENTE,,2024-11-11 12:55:55,1708,L,9ND41,HLW259 ,0,Nor,56,NO HAY MEDIDOR,56,S,SSB
2025-02-01 00:00:00,773181101660,28,DW,01,D,03,282,YAH LUGO MARCOS ALBERTO       ,1C,BAJA SIN MED RET,LG724A ,1,F123,20NT,2024-12-01 00:00:00,1,2025-02-28 00:00:00,0,132,2160,103,59,0,0,004,,103,-103,DISPLAY APAGADO,,,ERROR DE ESTIMACION,,2024-12-18 11:18:14,2828,L,GAXWM,LG724A ,0,Nor,59,DISPLAY APAGADO,59,S,SSB
2025-02-01 00:00:00,773210204333,28,DW,01,D,04,283,POOL LARA JULIO FRANCISCO     ,1C,BAJA,,1,,,2025-02-01 00:00:00,4,2025-02-28 00:00:00,0,204.75,,,,,,080,,0,0,,,,INACTIVO CANCELACION POR FINIQUITO,,2025-02-17 11:11:42,2851,N,9EMCB,LF580X ,138,Nor,44,NUM MEDID DESIGU,44,S,CCC
2025-02-01 00:00:00,773211000073,30,DW,01,D,04,304,MONTANEZ VAZQUEZ NICOLAS      ,1C,BAJA,,2,,,2024-10-01 00:00:00,1,2025-02-28 00:00:00,6,1105,,,,,,004,,727,-721,,,,ERROR DE ESTIMACION,,2024-10-21 12:05:33,3051,R,9EMCB,LV567K ,97358,Nor,44,NUM MEDID DESIGU,44,S,SSB
2025-02-01 00:00:00,772780802050,20,DW,01,C,01,207,BEATRIZ CHAN PAREDES          ,1D,BAJA,,1,,,2024-04-01 00:00:00,1,2025-02-28 00:00:00,0,520,,,,,,006,,371,-371,,,,ERROR EN PROCEDIMIENTOS,,2024-04-11 11:54:39,2001,L,9NCYL,Y646BW ,87537,Nor,44,NUM MEDID DESIGU,44,S,SSB
2025-02-01 00:00:00,772780802050,20,DW,01,C,01,207,BEATRIZ CHAN PAREDES          ,1D,BAJA,,1,,,2024-12-01 00:00:00,1,2025-02-28 00:00:00,0,265,,,,,,006,,198,-198,,,,ERROR EN PROCEDIMIENTOS,,2024-12-13 11:08:27,2051,N,9NCYL,Y646BW ,0,Nor,56,NO HAY MEDIDOR,56,S,SSB
2025-02-01 00:00:00,772930600663,03,DW,01,C,02,034,JOSE L POOT CORREA            ,1D,BAJA,,1,,,2025-01-01 00:00:00,1,2025-02-28 00:00:00,0,281,,,,,,006,,207,-207,,,,ERROR EN PROCEDIMIENTOS,,,,,,,,,,,,,SSB
2025-02-01 00:00:00,773220203203,28,DW,01,D,04,283,CHEL SOLACHE MANUEL ANTONIO   ,02,BAJA SIN MED RET,XA309V ,1,F123,21NT,2024-06-01 00:00:00,1,2025-02-28 00:00:00,0,1340,1478,246,59,0,0,004,,246,-246,DISPLAY APAGADO,,,ERROR DE ESTIMACION,,2024-06-19 09:32:46,2828,L,9BBR3,XA309V ,0,Nor,59,DISPLAY APAGADO,59,S,SSB
2025-02-01 00:00:00,773220203203,28,DW,01,D,04,283,CHEL SOLACHE MANUEL ANTONIO   ,02,BAJA SIN MED RET,XA309V ,1,F123,21NT,2024-12-01 00:00:00,2,2025-02-28 00:00:00,0,107,,,,,,004,,0,0,,,,ERROR DE ESTIMACION,,2024-12-18 09:11:43,2829,L,R9950,XA309V ,0,Nor,59,DISPLAY APAGADO,59,S,SSB
2025-02-01 00:00:00,777190600844,13,DW,01,J,04,133,CASTILLO AKE ANGEL            ,1C,BAJA,,1,,,2025-02-01 00:00:00,4,2025-02-28 00:00:00,0,14821.690000000001,,,,,,080,,3416,-3416,,,,INACTIVO CANCELACION POR FINIQUITO,,,,,,,,,,,,,CCC
2025-02-01 00:00:00,779080201572,08,DW,01,M,01,083,CANUL GARRIDO JUAN GABRIEL    ,1B,BAJA SIN MED RET,55LU45 ,1,F121,07JL,2025-02-01 00:00:00,2,2025-02-28 00:00:00,0,275,,,,,,020,,0,0,,,,FACTURACION IMPROCEDENTE,,2025-01-30 11:44:23,0802,M,R9522,55LU45 ,202,Nor,  ,,FR,S,SSB
2025-02-01 00:00:00,772781000399,28,DW,01,C,01,284,ELISEO GONZALEZ G             ,1D,BAJA,,1,,,2024-12-01 00:00:00,1,2025-02-28 00:00:00,0,788,,,,,,006,,399,-399,,,,ERROR EN PROCEDIMIENTOS,,,,,,,,,,,,,SSB
2025-02-01 00:00:00,783100108075,16,DW,12,D,01,160,DE LA ROSA GOMEZ IVAN DE JESUS,1D,BAJA SIN MED RET,5MU470 ,2,F421,99GH,2025-02-01 00:00:00,1,2025-02-20 00:00:00,0,1121,335,335,0,44,0,006,,335,-335,,NUM MEDID DESIGU,,ERROR EN PROCEDIMIENTOS,,2025-02-06 09:18:47,1601,L,GA4HN,5MU470 ,335,Nor,44,NUM MEDID DESIGU,44,S,SSB
2025-02-01 00:00:00,784210700049,26,DW,12,E,01,266,CORONA RUIZ JESUS MANUEL      ,1D,BAJA SIN MED RET,MB692K ,2,F623,20NU,2024-12-01 00:00:00,1,2025-02-27 00:00:00,0,186,3899,146,57,0,0,004,,146,-146,RUTA INCOMPLETA,,,ERROR DE ESTIMACION,,2024-12-17 14:51:28,2651,R,9NCWL,MB692K ,0,Nor,5X,RUTA INCOMPLETA,,,SSB
2025-02-01 00:00:00,772780802882,24,DW,01,C,01,246,MARIA DEL C GONGORA           ,1D,BAJA,,2,,,2024-12-01 00:00:00,1,2025-02-28 00:00:00,0,578,,,,,,006,,400,-400,,,,ERROR EN PROCEDIMIENTOS,,2024-12-17 10:16:14,2451,N,9MCGC,174WYK ,0,Nor,56,NO HAY MEDIDOR,56,S,SSB
2025-02-01 00:00:00,776120200826,08,DW,01,E,37,082,BANUELOS LOPEZ GUDELIA        ,1D,BAJA SIN MED RET,DW738G ,2,F623,19NU,2024-12-01 00:00:00,1,2025-02-28 00:00:00,0,2053,21224,725,56,0,0,009,,725,-725,NO HAY MEDIDOR,,,CANCELACION POR FINIQUITO,,2024-12-04 08:19:17,0801,M,GAKJM,DW738G ,0,Nor,56,NO HAY MEDIDOR,56,S,CCC
2025-02-01 00:00:00,773220203203,28,DW,01,D,04,283,CHEL SOLACHE MANUEL ANTONIO   ,02,BAJA SIN MED RET,XA309V ,1,F123,21NT,2024-08-01 00:00:00,1,2025-02-28 00:00:00,0,1344,1478,242,59,0,0,004,,242,-242,DISPLAY APAGADO,,,ERROR DE ESTIMACION,,2024-08-19 10:53:21,2828,L,9BBR3,XA309V ,0,Nor,59,DISPLAY APAGADO,59,S,SSB
2025-02-01 00:00:00,772800500110,08,DW,01,C,01,084,GASPAR TORRES                 ,1D,BAJA,,2,,,2025-02-01 00:00:00,4,2025-02-28 00:00:00,0,416.68000000000001,,,,,,080,,0,0,,,,INACTIVO CANCELACION POR FINIQUITO,,2025-01-30 12:52:12,0801,M,9JRG4,449G3C ,396,Nor,44,NUM MEDID DESIGU,44,S,CCC
2025-02-01 00:00:00,774080602052,06,DW,01,E,02,061,GONZALEZ ROMERO WENDY BEATRIZ ,1D,BAJA,,1,,,2024-12-01 00:00:00,1,2025-02-28 00:00:00,0,5652,,,,,,006,,1496,-1496,,,,ERROR EN PROCEDIMIENTOS,,,,,,,,,,,,,SSB
2025-02-01 00:00:00,784210700049,26,DW,12,E,01,266,CORONA RUIZ JESUS MANUEL      ,1D,BAJA SIN MED RET,MB692K ,2,F623,20NU,2024-10-01 00:00:00,1,2025-02-27 00:00:00,0,676,3899,584,0,44,0,006,,584,-584,,NUM MEDID DESIGU,,ERROR EN PROCEDIMIENTOS,,,,,,,,,,,,,SSB
2025-02-01 00:00:00,796100600331,07,DW,06,A,14,142,CORNELIO ESTRADA SAUL         ,1B,BAJA,,1,,,2025-02-01 00:00:00,4,2025-02-24 00:00:00,0,420831.92999999999,,,,,,080,,98643,-98643,,,,INACTIVO CANCELACION POR FINIQUITO,,,,,,,,,,,,,CCC
2025-02-01 00:00:00,770010302081,22,DW,01,A,01,222,REYES ROSINOL JULIO           ,1D,BAJA SIN MED RET,DXM431 ,1,F123,22NX,2024-12-01 00:00:00,1,2025-02-28 00:00:00,0,396,22,145,59,0,0,004,,145,-145,DISPLAY APAGADO,,,ERROR DE ESTIMACION,,2024-12-13 11:26:04,2202,L,9ND0G,DXM431 ,0,Nor,59,DISPLAY APAGADO,59,S,SSB
2025-02-01 00:00:00,770970800565,31,DW,01,A,02,313,FRANCISCO J ENCALADA F        ,02,BAJA,,2,,,2025-01-01 00:00:00,1,2025-02-28 00:00:00,0,3050,,,,,,006,,38,-38,,,,ERROR EN PROCEDIMIENTOS,,,,,,,,,,,,,SSB
2025-02-01 00:00:00,773250104293,82,DW,01,D,01,121,TIENDAS CHEDRAUI SA DE CV     ,77,ACTIVO,CKW174 ,3,VL28,22NJ,2025-01-01 00:00:00,1,2025-02-20 00:00:00,13018,520103,,,,,,020,,221871,-208853,,,,FACTURACION IMPROCEDENTE,,,,,,,,,,,,,SSB
2025-02-01 00:00:00,779190403677,26,DW,01,M,15,262,PENICHE SOLIS SILVANA MARIA   ,1D,BAJA SIN MED RET,UW773L ,2,F623,21NY,2025-02-01 00:00:00,1,2025-02-28 00:00:00,0,7997,19427,2065,56,0,0,020,,2065,-2065,NO HAY MEDIDOR,,,FACTURACION IMPROCEDENTE,,2025-02-13 13:06:26,2628,L,9P14E,UW773L ,0,Nor,56,NO HAY MEDIDOR,56,S,SSB
2025-02-01 00:00:00,779080201572,08,DW,01,M,01,083,CANUL GARRIDO JUAN GABRIEL    ,1B,BAJA SIN MED RET,55LU45 ,1,F121,07JL,2025-02-01 00:00:00,1,2025-02-28 00:00:00,0,484,24807,202,0,0,0,020,,202,-202,,,,FACTURACION IMPROCEDENTE,,2025-01-30 11:44:23,0802,M,R9522,55LU45 ,202,Nor,  ,,FR,S,SSB
2025-02-01 00:00:00,771231102619,25,DW,01,B,01,257,MARTRINEZ POVEDANO ADDI NOHEMI,1D,BAJA,,2,,,2024-11-01 00:00:00,1,2025-02-28 00:00:00,0,558,,,,,,020,,388,-388,,,,FACTURACION IMPROCEDENTE,,2024-11-16 09:37:56,2551,R,9EMKC,JBL703 ,0,Nor,50,CASA CERRADA,50,S,SSB
2025-02-01 00:00:00,772780802882,24,DW,01,C,01,246,MARIA DEL C GONGORA           ,1D,BAJA,,2,,,2024-10-01 00:00:00,1,2025-02-28 00:00:00,0,1091,,,,,,006,,400,-400,,,,ERROR EN PROCEDIMIENTOS,,,,,,,,,,,,,SSB
2025-02-01 00:00:00,770990400849,21,DW,01,A,02,212,ELSY JOSEFINA ROSADO BOIX     ,1D,BAJA,,1,,,2024-09-01 00:00:00,1,2025-02-28 00:00:00,0,492,,,,,,006,,252,-252,,,,ERROR EN PROCEDIMIENTOS,,,,,,,,,,,,,SSB
2025-02-01 00:00:00,776200100989,24,DW,01,H,39,246,MENDOZA AGUILAR CARLOS MARCOS ,1C,BAJA,,2,,,2024-12-01 00:00:00,1,2025-02-28 00:00:00,0,551,,,,,,004,,361,-361,,,,ERROR DE ESTIMACION,,2024-12-17 14:39:04,2451,R,9JRBT,EM031H ,0,Nor,56,NO HAY MEDIDOR,56,S,SSB
