Fecha_Ade,Rpu,Ciclo,Division,Zona,Agencia,Poblacion,Ruta,Nombre,Tarifa,Estado_Servicio,Num_Med,Hilos,Cod_Med,Cod_Lot,Lectura,Consumo,Anom_Accion,Anom_Inform,Anom_Sistema,Util,Util_Descrip,Tipo_Movimiento,Desc_Anom_Accion,Desc_Anom_Inform,Desc_Anom_Sistema,Util_Cantidad,RPE_Lectura,Fecha_Lectura_SICOM,Fecha_Lectura_Kavi,Num_Tarea_Kavi,Tipo_Tarea_Kavi,RPE_Lectura_Kavi,Medidor_Kavi,Kwh_Kavi,Modo_Captura_Kavi,Cve_Anom_Kavi,Desc_Anom_Kavi,Validacion_Kavi,Tiene_Foto_Kavi,Proceso
2025-12-01 00:00:00,800091100149,20,DW,07,A,29,001,AGUAYO KU AMALIA              ,02,ACTIVO,8LB326 ,1,F121,99GG,21491,0,0,0,0,23,E23,18,,,,1,9MCJD,2025-12-12 14:41:00,2025-12-12 10:21:38,2026,L,9JRAJ,8LB326 ,99,Nor,  ,,FR,S,GSC
2025-12-01 00:00:00,800100501232,20,DW,07,A,29,001,UN PUC LUISA                  ,1B,ACTIVO,G50P37 ,1,F121,92F5,31721,108,0,0,0,23,E23,18,,,,1,9MCJD,2025-12-12 14:31:00,2025-12-12 11:21:33,2026,L,9JRAJ,G50P37 ,90108,Nor,  ,,FR,S,GSC
2025-12-01 00:00:00,800110501893,76,DW,07,A,10,101,AGROPECUARIA NL SPR DE RL D CV,1B,ACTIVO,02L30M ,1,F12H,10KU,8112,0,0,0,0,23,E23,18,,,,1,9MCJD,2025-12-23 13:36:00,2025-12-23 12:03:26,7601,L,9ND6Y,02L30M ,99931,Nor,  ,,FR,S,GSC
2025-12-01 00:00:00,800120301141,68,DW,07,A,09,001,RODRIGUEZ OSORIO GABRIEL HUMBE,1B,ACTIVO,77U5J2 ,2,F62H,09KN,18229,290,0,0,0,23,E23,18,,,,1,9MCJD,2025-12-11 15:44:00,2025-12-11 10:46:24,6801,L,9JR0E,77U5J2 ,0,Nor,52,COMUNICACION INTERRU,52,S,GSC
2025-12-01 00:00:00,800240901052,06,DW,07,A,05,065,COUOH ALCOCER ZAYURI ANEL     ,1B,ACTIVO,PCD552 ,1,F123,24NX,964,0,0,0,0,23,E23,18,,,,1,9MCJD,2025-12-03 12:33:00,2025-12-03 10:13:25,0601,M,GAVNM,PCD552 ,99932,Opt,  ,,,,GSC
2025-12-01 00:00:00,800250100996,06,DW,07,A,05,065,AYALA VALENCIA ALEJANDRA CONCE,1B,ACTIVO,PKE635 ,1,F123,24NX,119,0,0,0,0,23,E23,18,,,,1,9MCJD,2025-12-03 12:36:00,2025-12-03 10:10:35,0601,M,GAVNM,PKE635 ,99897,Opt,  ,,,,GSC
2025-12-01 00:00:00,800251200081,24,DW,07,A,28,002,WITZIL CANCHE VERONICA        ,1B,ACTIVO,PBD560 ,1,F123,24NX,0,0,0,0,0,23,E23,2,,,,1,9MCJD,2025-12-16 07:33:00,,,,,,,,,,,,GSC
2025-12-01 00:00:00,800251200404,70,DW,07,A,02,010,GARCIA URIARTE ANA MARGARITA  ,1B,ACTIVO,7CET07 ,2,F623,25P3,0,0,0,0,0,23,E23,2,,,,1,9MCJD,2025-12-15 14:20:00,,,,,,,,,,,,GSC
2025-12-01 00:00:00,800780400362,20,DW,07,A,29,001,VICENTE ROSADO DZUL           ,1B,ACTIVO,70AD35 ,1,F121,06JL,7989,249,0,0,0,23,E23,18,,,,1,9MCJD,2025-12-12 14:44:00,2025-12-12 09:08:09,2026,L,9JRAJ,70AD35 ,11249,Nor,  ,,FR,S,GSC
2025-12-01 00:00:00,800831000232,10,DW,07,A,55,552,CANO POOT PRIMITIVO           ,1B,ACTIVO,B36C68 ,1,F121,91F5,17611,79,0,0,0,23,E23,18,,,,1,9MCJD,2025-12-05 12:01:00,2025-12-05 10:04:09,1026,L,9JRAJ,B36C68 ,99980,Nor,  ,,FR,S,GSC
2025-12-01 00:00:00,800870401007,18,DW,07,A,05,181,CANUL MANTILLA PEDRO          ,1B,ACTIVO,GCC630 ,1,F123,23NX,0,0,0,0,0,23,E23,18,,,,1,9MCJD,2025-12-11 14:12:00,2025-12-11 11:28:22,1803,L,9MCAW,YL4210 ,397,Nor,  ,,,,GSC
2025-12-01 00:00:00,800871200510,30,DW,07,A,48,481,PACHECO Y BE MANUEL           ,1B,ACTIVO,C0H998 ,1,F121,87EG,7622,15,0,0,0,23,E23,18,,,,1,9MCJD,2025-12-19 07:45:00,2025-12-19 17:08:46,3026,M,GAVNM,C0H998 ,6015,Nor,  ,,LN,S,GSC
2025-12-01 00:00:00,800900300863,20,DW,07,A,29,001,LOPEZ BALAM JOSE ELEAZAR      ,1B,ACTIVO,HH479C ,1,F123,20NT,7796,352,0,0,0,23,E23,18,,,,1,9MCJD,2025-12-12 13:24:00,2025-12-12 10:41:18,2026,L,9JRAJ,HH479C ,96107,Nor,  ,,FR,S,GSC
2025-12-01 00:00:00,800931001333,22,DW,07,A,01,004,MENESES LORIA ADY MERCEDES    ,1B,ACTIVO,P34H78 ,1,F121,93F5,37916,278,0,0,0,23,E23,18,,,,1,9MCJD,2025-12-17 16:36:00,2025-12-15 09:31:54,2226,L,GAVNM,P34H78 ,0,Nor,31,SERVICIO SIN USO,,,GSC
2025-12-01 00:00:00,800941000491,12,DW,07,A,13,102,BIBLOTECA PUBLICA             ,02,ACTIVO,5179VF ,1,F121,7091,65696,343,0,0,0,0,,18,,,,1,9MCJD,2025-12-08 14:39:00,2025-12-08 11:04:03,1228,M,9MCGY,5179VF ,54979,Nor,  ,,FR,S,GSC
2025-12-01 00:00:00,800961101162,28,DW,07,A,06,062,JESUS AMILCAR MOO POMOL       ,1B,ACTIVO,008093 ,1,W101,6000,5857,37,0,0,0,23,E23,18,,,,1,9MCJD,2025-12-18 14:27:00,2025-12-18 09:12:57,2827,M,9MC6T,008093 ,1037,Nor,  ,,FR,S,GSC
2025-12-01 00:00:00,800980201593,76,DW,07,A,61,611,BRICENO GONZALEZ EMILIO       ,9C,ACTIVO,CHG160 ,3,KL28,22NJ,6446,0,0,0,0,23,E23,18,,,,1,9MCJD,2025-12-23 14:05:00,2025-12-23 10:46:52,7602,L,9JRAJ,CHG160 ,0,Nor,56,NO HAY MEDIDOR,56,S,GSC
2025-12-01 00:00:00,800980402726,20,DW,07,A,29,001,CHAN PUC FERNANDO             ,1B,ACTIVO,1DV775 ,1,F121,98GG,17103,22,0,0,0,23,E23,18,,,,1,9MCJD,2025-12-12 13:12:00,2025-12-12 09:56:24,2026,L,9JRAJ,1DV775 ,99921,Nor,  ,,FR,S,GSC
2025-12-01 00:00:00,800980700034,06,DW,07,A,05,062,JOSE MA RODRIGUEZ H           ,1B,ACTIVO,6CET60 ,1,F623,25P3,0,0,0,0,0,23,E23,18,,,,1,9MCJD,2025-12-03 12:50:00,2025-12-03 12:33:47,0604,M,9MCGY,188X1H ,1500,Opt,  ,,,,GSC
2025-12-01 00:00:00,800981200680,22,DW,07,A,01,003,MIGUEL ANGEL POLANCO PADILLA  ,1B,ACTIVO,822JHC ,2,F622,15LM,66798,1972,0,0,0,23,E23,18,,,,1,9MCJD,2025-12-15 10:00:00,2025-12-15 10:15:43,2227,L,9MCAW,822JHC ,36403,Nor,44,NUM MEDID DESIGU,44,S,GSC
2025-12-01 00:00:00,800990201842,76,DW,07,A,61,611,MONFORTE OSORIO HUGO O        ,09,ACTIVO,MW992W ,3,KL28,20KE,50992,0,0,0,0,23,E23,18,,,,1,9MCJD,2025-12-23 13:57:00,2025-12-23 12:31:56,7602,L,9JRAJ,MW992W ,0,Nor,50,CASA CERRADA,50,S,GSC
2025-12-01 00:00:00,801000257365,20,DW,07,B,06,206,SALVADOR ANTONIO ANTONIO      ,1B,ACTIVO,PCW237 ,1,F123,24NX,1265,225,0,0,0,23,E23,18,,,,1,9MCJD,2025-12-12 17:22:00,2025-12-12 18:40:34,2003,M,GAT3M,PCW237 ,1766,Nor,  ,,FR,S,GSC
2025-12-01 00:00:00,801000958878,38,DW,07,B,94,942,MOLINO SOLIDARIDAD            ,02,ACTIVO,2RU668 ,2,F121,99GG,5220,0,0,0,0,23,E23,18,,,,1,9MCJD,2025-12-26 17:35:00,2025-12-26 09:08:50,3826,L,9JR0P,2RU669 ,5228,Nor,31,SERVICIO SIN USO,FR,S,GSC
2025-12-01 00:00:00,801010300862,34,DW,07,B,27,275,POOT TUZ BERNABE              ,1B,ACTIVO,GT1356 ,1,F121,82EG,7842,221,0,0,0,23,E23,18,,,,1,9MCJD,2025-12-23 14:53:00,2025-12-23 18:46:37,3427,L,9MCFY,GT1356 ,98653,Nor,  ,,FR,S,GSC
2025-12-01 00:00:00,801020102503,01,DW,07,B,06,111,ESCALANTE ALCOCER GONZALO     ,1B,ACTIVO,23X6F1 ,2,F62F,09K6,17885,221,0,0,0,23,E23,18,,,,1,9MCJD,2025-12-29 16:42:00,,,,,,,,,,,,GSC
2025-12-01 00:00:00,801030403269,32,DW,07,B,40,406,CASTILLO CHIMAL ALFREDO       ,1C,ACTIVO,7Y5J90 ,1,F121,02GG,18370,195,0,0,0,23,E23,18,,,,1,9MCJD,2025-12-22 07:09:00,2025-12-22 08:30:36,3229,L,GAT3M,7Y5J90 ,695,Nor,  ,,FR,S,GSC
2025-12-01 00:00:00,801050101331,34,DW,07,B,26,262,UC TUN MIGUEL                 ,1B,CORTADO,52B3D6 ,1,F121,08JL,27155,165,0,0,0,23,E23,18,,,,1,9MCJD,2025-12-23 14:58:00,2025-12-23 09:09:55,3426,L,9JR0P,52B3D6 ,0,Nor,52,COMUNICACION INTERRU,52,S,GSC
2025-12-01 00:00:00,801080500583,34,DW,07,B,27,277,CAHUN PAT GREGORIO            ,1B,ACTIVO,85LJ42 ,1,F121,07JL,17102,202,0,0,0,0,,18,,,,1,9MCJD,2025-12-23 15:12:00,2025-12-23 08:05:32,3428,L,9NCU1,85LJ42 ,10202,Nor,  ,,FR,S,GSC
2025-12-01 00:00:00,801080800358,01,DW,07,B,06,013,LORIA CANO JUAN               ,1B,ACTIVO,32UX34 ,1,F121,08JL,19603,599,0,0,0,23,E23,18,,,,1,9MCJD,2025-12-29 17:02:00,,,,,,,,,,,,GSC
2025-12-01 00:00:00,801081101682,26,DW,07,B,56,561,CUPUL KU JOSAE RAMON          ,1B,ACTIVO,46XR77 ,1,F121,08JL,21141,325,0,0,0,23,E23,18,,,,1,9MCJD,2025-12-17 15:12:00,2025-12-17 09:12:41,2628,M,9ND1B,46XR77 ,725,Nor,  ,,FR,S,GSC
2025-12-01 00:00:00,801090400421,22,DW,07,B,06,224,GARCIA JUAREZ GUILLERMO       ,1B,CORTADO,1J52W2 ,1,F121,03GG,16079,299,0,0,0,23,E23,18,,,,1,9MCJD,2025-12-15 16:29:00,2025-12-15 12:26:58,2201,L,9JR0P,1J52W2 ,9699,Nor,  ,,FR,S,GSC
2025-12-01 00:00:00,801100300748,10,DW,07,B,06,104,FALCON LOPEZ JUAN CARLOS      ,02,ACTIVO,7AAU36 ,2,F623,25NY,6627,2421,0,0,0,0,,18,,,,1,9MCJD,2025-12-05 16:51:00,2025-12-05 09:33:52,1002,L,9ND1B,7AAU36 ,-1302,Opt,  ,,,,GSC
2025-12-01 00:00:00,801100600547,04,DW,07,B,06,404,ABAN MAY VICTOR MANUEL        ,1B,ACTIVO,10K9T6 ,1,F12H,09KU,20986,348,0,0,0,23,E23,18,,,,1,9MCJD,2025-12-02 16:25:00,2025-12-02 12:13:31,0402,M,9MCFY,10K9T6 ,2894,Nor,  ,,FR,S,GSC
2025-12-01 00:00:00,801100801852,01,DW,07,B,06,111,AGUILAR MENA JOSE MANUEL      ,02,ACTIVO,U626XU ,2,F623,18NN,51882,721,0,0,0,23,E23,18,,,,1,9MCJD,2025-12-29 16:43:00,,,,,,,,,,,,GSC
2025-12-01 00:00:00,801111101461,34,DW,07,B,26,262,SILVIA YAM CUMUL              ,1B,ACTIVO,4T03D2 ,1,F121,04GG,4599,33,0,0,0,23,E23,18,,,,1,9MCJD,2025-12-23 14:57:00,2025-12-23 08:12:45,3426,L,9JR0P,4T03D2 ,0,Nor,52,COMUNICACION INTERRU,52,S,GSC
2025-12-01 00:00:00,801120102519,01,DW,07,B,06,014,ALCOCER SERAANO NIGER DARIO   ,02,ACTIVO,753VC2 ,2,F622,12LJ,40382,0,0,0,0,0,,18,,,,1,9MCJD,2025-12-29 13:33:00,,,,,,,,,,,,GSC
2025-12-01 00:00:00,801150700887,01,DW,07,B,06,015,UC BACAB JOSE ALFREDO         ,1B,ACTIVO,RBY832 ,2,F623,24NY,574,574,0,0,0,0,,18,,,,1,9MCJD,2025-12-29 13:45:00,,,,,,,,,,,,GSC
2025-12-01 00:00:00,801170100843,10,DW,07,B,06,104,ALVAREZ GONZALEZ LORENA MAGDAL,1B,ACTIVO,3CFA05 ,2,F623,25P3,0,0,0,0,0,0,,18,,,,1,9MCJD,2025-12-05 16:57:00,2025-12-05 07:58:50,1002,L,9ND1B,213PJB ,697,Opt,  ,,,,GSC
2025-12-01 00:00:00,801191001365,62,DW,07,B,06,052,ADMON Y FINANZA   SECRETARIA D,02,ACTIVO,PCE743 ,1,F123,24NX,0,0,0,0,0,23,E23,18,,,,1,9MCJD,2025-12-03 17:58:00,2025-12-03 11:01:49,6201,L,9ND1A,PCE743 ,0,Nor,59,DISPLAY APAGADO,59,S,GSC
2025-12-01 00:00:00,801191101149,26,DW,07,B,55,551,CANUL GONZALEZ AMADO          ,02,SUJETO A CORTE,7BDK49 ,2,F623,25P2,948,0,0,0,0,23,E23,18,,,,1,9MCJD,2025-12-17 17:24:00,2025-12-17 12:55:07,2630,M,GAVNM,7BDK49 ,948,Opt,  ,,,,GSC
2025-12-01 00:00:00,801200900602,34,DW,07,B,26,262,YAM XICUM ADA LETICIA         ,1B,ACTIVO,Y373LT ,2,F623,19NU,3500,43,0,0,0,951,LECT NEGATIVA,18,,,,1,9MCJD,2025-12-26 14:30:00,2025-12-23 09:24:11,3426,L,9JR0P,Y373LT ,99902,Nor,  ,,LM,S,GSC
2025-12-01 00:00:00,801231200943,04,DW,07,B,06,404,VARGUEZ CEN JUAN CARLOS       ,1B,ACTIVO,JCW223 ,2,F623,23NU,5425,618,0,0,0,23,E23,18,,,,1,9MCJD,2025-12-02 16:26:00,2025-12-02 12:15:16,0402,M,9MCFY,JCW223 ,16181,Nor,  ,,FR,S,GSC
2025-12-01 00:00:00,801240301639,34,DW,07,B,26,261,TUZ POOL SAMUEL               ,1B,ACTIVO,PKP320 ,1,F123,24NX,1168,468,0,0,0,23,E23,18,,,,1,9MCJD,2025-12-23 14:57:00,2025-12-23 09:00:10,3430,L,GAT3M,PKP320 ,1374,Opt,  ,,,,GSC
2025-12-01 00:00:00,801241200356,10,DW,07,B,06,103,RIVERO LOPEZ RAUL ALONSO      ,1B,CORTADO,WMJ504 ,2,F623,24P2,1655,721,0,0,0,23,E23,18,,,,1,9MCJD,2025-12-05 16:48:00,2025-12-05 08:11:41,1001,M,9ND1A,WMJ504 ,99164,Opt,  ,,,,GSC
2025-12-01 00:00:00,804090401116,34,DW,08,A,10,341,TAMAY PINTO JOSE GERMAN       ,1B,ACTIVO,K5163T ,1,F121,75AM,22660,216,0,0,0,23,E23,18,,,,1,9ND09,2025-12-23 13:04:00,2025-12-23 09:42:27,3427,L,9JRAU,K5163T ,1216,Nor,  ,,FR,S,GSC
2025-12-01 00:00:00,804111100171,22,DW,08,A,25,251,CANUL CANUL TEODORO           ,1B,ACTIVO,50M14R ,1,F12H,10KU,21734,274,0,0,0,23,E23,18,,,,1,9ND09,2025-12-15 11:49:00,2025-12-15 11:12:43,2228,M,9ND8B,50M14R ,6274,Nor,  ,,FR,S,GSC
2025-12-01 00:00:00,804150100188,22,DW,08,A,18,181,YAM DZIB MARIA JOSEFINA       ,1B,ACTIVO,61AV43 ,1,F121,06JL,19050,84,0,0,0,23,E23,18,,,,1,9ND09,2025-12-15 11:44:00,2025-12-15 16:06:23,2228,M,9ND8B,61AV43 ,10084,Nor,  ,,FR,S,GSC
2025-12-01 00:00:00,804180500474,40,DW,08,A,01,001,MONTERO GUERRA JORGE ANTONIO  ,1B,ACTIVO,RBV345 ,2,F623,24NY,2989,530,0,0,0,23,E23,18,,,,1,9ND09,2025-12-29 11:47:00,2025-12-29 14:53:41,4001,L,GAPUM,RBV345 ,0,Nor,31,SERVICIO SIN USO,,,GSC
2025-12-01 00:00:00,804240200645,79,DW,08,A,09,793,COMERCIALIZADORA DE TIERRA YUC,67,ACTIVO,MV774M ,3,KL28,20KE,61531,2362,0,0,0,23,E23,18,,,,1,9ND09,2025-12-29 18:39:00,2025-12-29 14:53:23,7902,L,GAPUM,MV774M ,0,Nor,59,DISPLAY APAGADO,59,S,GSC
2025-12-01 00:00:00,776110503693,28,DW,01,H,36,280,NOVELO EK MARIA MARGARITA     ,1C,ACTIVO,WNC082 ,2,F623,24P2,1676,824,0,0,0,0,,16,,,,1,GEYB8,2025-12-18 15:51:00,2025-12-19 09:54:52,2851,R,9JR2C,WNC082 ,11114,Nor,44,NUM MEDID DESIGU,44,S,GSC
2025-12-01 00:00:00,773250803981,24,DW,01,D,04,243,FRAIDE MUNOZ MARIA DE LAS MERC,1C,ACTIVO,5DAP85 ,1,F123,25NX,1701,1701,0,0,0,0,,16,,,,1,9NNMA,2025-12-16 16:37:00,2025-12-17 08:58:47,2451,R,9EMCB,PCV716 ,1701,Nor,44,NUM MEDID DESIGU,44,S,GSC
2025-12-01 00:00:00,771091106295,08,DW,01,B,02,083,VERA ABAD LUIS ALFONSO        ,1D,CORTADO,6R783V ,2,F621,06F3,192,0,0,0,0,0,,16,,,,1,GAATN,2025-12-04 15:00:00,2025-12-04 09:29:17,0803,L,GA83N,6R783V ,90000,Nor,  ,,FR,S,GSC
2025-12-01 00:00:00,775050901183,18,DW,01,G,01,181,VILLAMIL AGUIRRE GREGORIA     ,1B,ACTIVO,9LF910 ,1,F121,99GG,5234,0,0,0,0,0,,16,,,,1,9NNMA,2025-12-11 16:26:00,2025-12-11 15:46:55,1851,R,GA81N,9LF910 ,40580,Nor,44,NUM MEDID DESIGU,44,S,GSC
2025-12-01 00:00:00,810191100150,26,DW,22,A,01,263,HERNANDEZ MALDONADO MA DE LOS ,1B,ACTIVO,RDF092 ,2,F623,24NY,30,30,0,0,0,0,,16,,,,1,9N4CT,2025-12-17 16:27:00,2025-12-17 10:11:17,2603,L,9MC4Y,RDF092 ,30,Opt,  ,,,,GSC
2025-12-01 00:00:00,780000656823,12,DW,12,A,01,121,GONZALEZ EUAN ISAURA          ,1D,ACTIVO,XMN779 ,1,F123,24NX,175,175,0,0,0,0,,16,,,,1,9MCD7,2025-12-08 13:06:00,2025-12-08 07:41:01,1202,M,GAF1M,XMN779 ,175,Opt,  ,,,,GSC
2025-12-01 00:00:00,799140300487,36,DW,06,D,24,241,23DJN0114T JUAN  ESCUTIA      ,02,ACTIVO,XNC939 ,1,F123,24NX,409,409,0,0,0,0,,16,,,,1,9JRFD,2025-12-26 10:29:00,2025-12-26 08:43:59,3626,L,9JR7J,XNC939 ,409,Opt,  ,,,,GSC
2025-12-01 00:00:00,780950402593,38,DW,12,A,01,380,MENDEZ AREVALO JOSE SALVADOR  ,1D,ACTIVO,XNF288 ,1,F123,24NX,663,663,0,0,0,0,,16,,,,1,9MCD7,2025-12-26 10:47:00,2025-12-26 09:46:12,3801,M,GABCM,XNF288 ,663,Opt,  ,,,,GSC
2025-12-01 00:00:00,800130301840,10,DW,07,A,80,801,CANCHE KUYOC ROSA ESTHER      ,1B,CORTADO,XP475G ,1,F123,21NT,4218,0,0,0,0,0,,16,,,,1,9N4CF,2025-12-05 16:06:00,2025-12-08 10:46:25,1051,R,9MC6T,XP475G ,7341,Nor,  ,,,,GSC
2025-12-01 00:00:00,810191100150,26,DW,22,A,01,263,HERNANDEZ MALDONADO MA DE LOS ,1B,ACTIVO,787GJ8 ,2,F622,12LJ,17536,651,0,0,0,0,,16,,,,1,9N4CT,2025-12-17 16:27:00,2025-12-17 10:11:17,2603,L,9MC4Y,RDF092 ,30,Opt,  ,,,,GSC
2025-12-01 00:00:00,783180302055,06,DW,12,B,01,060,SALINAS ARIAS RAFAEL          ,1D,BAJA,M308RG ,2,F622,17LM,9355,0,0,0,0,0,,16,,,,1,9MCEP,2025-12-03 11:20:00,2025-12-03 15:32:50,0602,L,GA4GN,M308RG ,0,Nor,56,NO HAY MEDIDOR,56,S,GSC
2025-12-01 00:00:00,812210504022,26,DW,22,C,01,263,INGEMOA MANTENIMIENTO Y CONSTR,02,ACTIVO,NR735D ,2,F623,20NU,19494,3595,0,0,0,0,,16,,,,1,9N4CT,2025-12-17 15:34:00,2025-12-17 12:06:03,2603,L,9NCT2,6BCV45 ,166,Opt,  ,,,,GSC
2025-12-01 00:00:00,780000656823,12,DW,12,A,01,121,GONZALEZ EUAN ISAURA          ,1D,ACTIVO,V374F7 ,1,F121,97F5,34530,634,0,0,0,0,,16,,,,1,9MCD7,2025-12-08 13:06:00,2025-12-08 07:41:01,1202,M,GAF1M,XMN779 ,175,Opt,  ,,,,GSC
2025-12-01 00:00:00,797191100099,34,DW,06,B,34,341,CANUL TRUJEQUE ADOLFO ANGEL   ,1B,ACTIVO,V763LF ,1,F122,19LN,4983,548,0,0,0,0,,16,,,,1,9N4CC,2025-12-23 13:42:00,2025-12-23 07:33:53,3426,L,9EMEK,V763LF ,95974,Nor,44,NUM MEDID DESIGU,44,S,GSC
2025-12-01 00:00:00,772241101099,36,DW,01,C,01,368,CHAN CARRILLO HECTOR ENRIQUE  ,1D,ACTIVO,WPY128 ,2,F623,24P2,7925,2543,0,0,0,0,,16,,,,1,GAATN,2025-12-26 14:42:00,2025-12-26 11:36:33,3606,L,R9631,WPY128 ,0,Nor,56,NO HAY MEDIDOR,56,S,GSC
2025-12-01 00:00:00,782130605077,38,DW,12,C,01,382,AGUILAR RAMOS BEATRIZ         ,1D,ACTIVO,042RJ8 ,2,F622,12LJ,32712,4325,0,0,0,0,,16,,,,1,9MCD7,2025-12-26 16:21:00,2025-12-26 09:10:34,3801,L,9NCWY,6BCJ30 ,1168,Opt,  ,,,,GSC
2025-12-01 00:00:00,781121102571,22,DW,12,C,01,221,RODRIGUEZ CRUZ JOSE A         ,1D,ACTIVO,106MW7 ,2,F622,12LJ,11725,1497,0,0,0,0,,16,,,,1,9MCD7,2025-12-15 15:46:00,2025-12-15 10:33:27,2202,L,GAALN,4AUY71 ,411,Opt,  ,,,,GSC
2025-12-01 00:00:00,780860101241,08,DW,12,A,01,081,CARLOS ALVAREZ LOPEZ          ,1D,ACTIVO,JE2523 ,1,F121,82EG,11015,4027,0,0,0,0,,16,,,,1,9MCD7,2025-12-04 15:07:00,2025-12-04 07:33:00,0802,M,GAD0M,JE2523 ,0,Nor,56,NO HAY MEDIDOR,56,S,GSC
2025-12-01 00:00:00,773071002551,18,DW,01,A,01,184,FERRAEZ CARO WILMA CECILIA    ,1D,ACTIVO,059201 ,1,W111,6000,5865,123,0,0,0,0,,16,,,,1,GAATN,2025-12-11 16:14:00,2025-12-12 10:34:54,1851,R,9P14V,059201 ,60,Nor,32,UI DERIVACION,32,S,GSC
2025-12-01 00:00:00,798060700101,26,DW,06,C,43,432,RANCHO X MULUC                ,1C,ACTIVO,8U787F ,2,F421,06GH,22920,119,0,0,0,0,,16,,,,1,9P171,2025-12-17 06:34:00,2025-12-17 11:26:36,2626,M,9EMKF,8U787F ,90119,Nor,  ,,FR,S,GSC
2025-12-01 00:00:00,801050200941,26,DW,07,B,13,131,CANCHE CHAN GONZALO           ,1B,ACTIVO,9X06G8 ,1,F121,04JF,19972,920,0,0,0,0,,16,,,,1,G87AN,2025-12-17 18:02:00,2025-12-17 10:47:02,2627,M,9NCU1,9X06G8 ,81868,Nor,44,NUM MEDID DESIGU,44,S,GSC
2025-12-01 00:00:00,779141006034,18,DW,01,M,04,182,PUC CEN MANUEL                ,1D,ACTIVO,PAW221 ,1,F123,24NX,60,60,0,0,0,0,,16,,,,1,GEYB8,2025-12-11 16:37:00,2025-12-11 13:41:15,1829,L,R9982,PAW221 ,902,Nor,44,NUM MEDID DESIGU,44,S,GSC
2025-12-01 00:00:00,788110500218,14,DW,03,D,75,141,TAMAY DZIB VICTOR             ,1B,ACTIVO,PAW691 ,1,F123,24NX,766,766,0,0,0,0,,16,,,,1,G08DF,2025-12-09 14:09:00,2025-12-09 12:58:58,1426,L,9EMGH,376UB2 ,766,Opt,  ,,,,GSC
2025-12-01 00:00:00,773910300406,26,DW,01,D,01,263,JULIANA PECH PECH             ,1D,ACTIVO,PJL129 ,1,F123,24NX,266,266,0,0,0,0,,16,,,,1,9NNMA,2025-12-17 15:24:00,2025-12-17 10:50:58,2601,L,9MCDC,HH287E ,95826,Nor,44,NUM MEDID DESIGU,44,S,GSC
2025-12-01 00:00:00,804250100231,04,DW,08,A,07,002,HERRERA CARRILLO JESUS ALBERTO,1B,ACTIVO,RBW034 ,2,F623,24NY,20,10,0,0,0,0,,16,,,,1,R9424,2025-12-02 13:24:00,2025-12-02 10:57:18,0427,M,9ND8B,RBW034 ,24682,Nor,  ,,FR,S,GSC
2025-12-01 00:00:00,791250600728,30,DW,04,D,51,002,CHI UC JUAN DIEGO             ,02,ACTIVO,RFX549 ,2,F623,24NY,3081,0,0,0,0,0,,16,,,,1,G09DN,2025-12-19 11:35:00,2025-12-19 12:33:35,3026,L,R9420,RFX549 ,0,Nor,56,NO HAY MEDIDOR,56,S,GSC
2025-12-01 00:00:00,783081003054,16,DW,12,D,01,160,YAM CIAU SAMUEL               ,1D,CORTADO,YH452H ,2,F623,21NU,4073,1492,0,0,0,0,,16,,,,1,9AKNE,2025-12-10 15:51:00,2025-12-10 12:02:08,1601,M,GA4HN,YH452H ,0,Nor,56,NO HAY MEDIDOR,56,S,GSC
2025-12-01 00:00:00,796140300488,08,DW,06,A,01,081,BIBANCO RUIZ MIGUEL AGUSTIN   ,1D,ACTIVO,38X6A4 ,2,F62H,09KN,40743,772,0,0,0,0,,16,,,,1,9A6XJ,2025-12-04 13:04:00,2025-12-04 08:18:34,0801,M,9MCJT,9BCG10 ,307,Opt,  ,,,,GSC
2025-12-01 00:00:00,810140909493,18,DW,22,A,02,181,AZUETA Y PERAZA MARIA CATALINA,1B,ACTIVO,594G1Y ,1,F122,13LN,2311,0,0,0,0,0,,16,,,,1,9N4CT,2025-12-11 15:33:00,2025-12-11 10:27:56,1802,M,9MC60,594G1Y ,0,Opt,31,SERVICIO SIN USO,,,GSC
2025-12-01 00:00:00,782130801623,06,DW,12,C,01,062,DOMINGUEZ CHAMA FRANCISCO JAVI,1D,ACTIVO,01C3P8 ,2,F621,08KG,10392,0,0,0,0,0,,16,,,,1,9MCD7,2025-12-03 13:26:00,2025-12-03 14:38:36,0603,M,GAKFM,01C3P8 ,0,Nor,56,NO HAY MEDIDOR,56,S,GSC
2025-12-01 00:00:00,779241204356,36,DW,01,M,13,365,BRAVO HERNANDEZ MARIO ENRIQUE ,1D,ACTIVO,RCG923 ,2,F623,24NY,6638,6636,0,0,0,0,,16,,,,1,GEYB8,2025-12-26 16:33:00,2025-12-29 10:39:15,3651,R,R9982,RCG923 ,10984,Opt,  ,,,,GSC
2025-12-01 00:00:00,781071210610,30,DW,12,B,01,304,RAMIREZ NIEVES ISIDRO         ,1D,ACTIVO,XMN748 ,1,F123,24NX,9,9,0,0,0,0,,16,,,,1,9AKNE,2025-12-19 16:25:00,2025-12-19 09:40:06,3001,L,GATKM,XMN748 ,9,Opt,31,SERVICIO SIN USO,,,GSC
2025-12-01 00:00:00,788890200059,18,DW,03,D,27,181,ALAMILLA UC MARIO ANTONIO     ,1B,ACTIVO,E5J885 ,1,F121,88F5,40433,361,0,0,0,0,,16,,,,1,G08DF,2025-12-11 13:35:00,2025-12-11 09:18:34,1826,L,9JR7D,PCW818 ,243,Opt,  ,,,,GSC
2025-12-01 00:00:00,781180300637,06,DW,12,B,01,060,SALINAS ARIAS RAFAEL          ,1D,BAJA,J671PF ,2,F622,17LM,8508,0,0,0,0,0,,16,,,,1,9MCEP,2025-12-03 11:20:00,2025-12-03 15:32:26,0602,L,GA4GN,J671PF ,0,Nor,56,NO HAY MEDIDOR,56,S,GSC
2025-12-01 00:00:00,781180300629,06,DW,12,B,01,060,SALINAS ARIAS RAFAEL          ,1D,BAJA,M297RG ,2,F622,17LM,6776,0,0,0,0,0,,16,,,,1,9MCEP,2025-12-03 11:20:00,2025-12-03 15:32:16,0602,L,GA4GN,M297RG ,0,Nor,56,NO HAY MEDIDOR,56,S,GSC
2025-12-01 00:00:00,780220701170,32,DW,12,A,01,320,CRUZ PRIEGO CARLOS            ,1D,BAJA,TU692X ,1,F123,21NX,6949,0,0,0,0,0,,16,,,,1,9MCD7,2025-12-22 09:10:00,2025-12-22 12:29:05,3201,M,9P180,TU692X ,0,Nor,59,DISPLAY APAGADO,59,S,GSC
2025-12-01 00:00:00,802190500551,18,DW,07,C,42,185,CRUZ ORDAZ FRANCISCO IVAN     ,1A,BAJA,U479XT ,2,F623,18NN,13971,0,0,0,0,0,,16,,,,1,9MCJD,2025-12-11 17:19:00,2025-12-14 22:47:02,1851,R,9MCCP,U479XT ,989,Nor,  ,,LM,S,GSC
2025-12-01 00:00:00,786230401679,20,DW,03,B,23,203,ROMERO CHEL MILKA ABIGAIL     ,02,ACTIVO,UW375M ,2,F623,21NY,8197,757,0,0,0,0,,16,,,,1,G08DF,2025-12-12 13:26:00,2025-12-12 10:46:03,2027,L,GAPRM,1DWC00 ,1372,Opt,  ,,,,GSC
2025-12-01 00:00:00,773910300406,26,DW,01,D,01,263,JULIANA PECH PECH             ,1D,ACTIVO,X3V455 ,1,F121,90F5,937,172,0,0,0,0,,16,,,,1,9NNMA,2025-12-17 15:24:00,2025-12-17 10:50:58,2601,L,9MCDC,HH287E ,95826,Nor,44,NUM MEDID DESIGU,44,S,GSC
2025-12-01 00:00:00,783150500774,16,DW,12,D,01,160,CABRERA RAMIREZ FEDERICO      ,1D,BAJA,XV954X ,2,F622,21LM,3714,0,0,0,0,0,,16,,,,1,9AKNE,2025-12-10 15:51:00,2025-12-10 09:00:30,1601,M,GA4HN,XV954X ,0,Nor,59,DISPLAY APAGADO,59,S,GSC
2025-12-01 00:00:00,783160904393,16,DW,12,D,01,160,PEREGRINO HERNANDEZ LUCERO    ,1D,BAJA,Y094MJ ,2,F623,19NU,15427,0,0,0,0,0,,16,,,,1,9AKNE,2025-12-10 15:51:00,2025-12-10 11:58:30,1601,M,GA4HN,Y094MJ ,0,Nor,53,UI SERV DIRECTO,53,S,GSC
2025-12-01 00:00:00,776030700901,06,DW,01,H,36,067,TZUC CASANOVA PEDRO MOISES    ,1C,BAJA,Y542BX ,2,F623,19NU,15563,431,0,0,0,0,,16,,,,1,GEYB8,2025-12-03 17:44:00,2025-12-03 10:55:28,0628,L,9JR2C,Y542BX ,0,Opt,32,UI DERIVACION,32,S,GSC
2025-12-01 00:00:00,796220801224,08,DW,06,A,01,082,P BLANCO MUNICIPIO DE OTHON   ,02,ACTIVO,YJ237G ,2,F623,21NU,31147,2460,0,0,0,0,,16,,,,1,9A6XJ,2025-12-04 13:04:00,2025-12-04 10:57:55,0802,M,9ND4X,8BCG39 ,1291,Opt,  ,,,,GSC
2025-12-01 00:00:00,783091103324,16,DW,12,D,01,160,ROSEL RAMIREZ JULIO CESAR     ,1D,CORTADO,N634DL ,2,F622,18LM,8305,0,0,0,0,0,,16,,,,1,9AKNE,2025-12-10 15:51:00,2025-12-10 14:57:43,1601,M,GA4HN,N634DL ,0,Nor,59,DISPLAY APAGADO,59,S,GSC
2025-12-01 00:00:00,802210900429,18,DW,07,C,42,427,MOGUEL SANTANA YONI GENARO    ,1A,ACTIVO,PBC810 ,1,F123,24NX,52,52,0,0,0,0,,16,,,,1,9MCJD,2025-12-11 17:22:00,2025-12-11 09:51:33,1827,M,GAM7M,PBC810 ,52,Opt,  ,,,,GSC
2025-12-01 00:00:00,796750303373,08,DW,06,A,01,081,VEGA DURAN LUIS FERNANDO      ,1D,ACTIVO,V12G49 ,2,F121,94F5,82756,1258,0,0,0,0,,16,,,,1,9A6XJ,2025-12-04 13:04:00,2025-12-04 07:18:05,0801,M,9MCJT,V12G49 ,0,Nor,52,COMUNICACION INTERRU,52,S,GSC
2025-12-01 00:00:00,785040100994,38,DW,03,A,01,381,GONZALEZ REINOSO REFUGIO      ,1B,ACTIVO,08G0F3 ,2,F12H,09KU,36925,860,0,0,0,0,,16,,,,1,G08DF,2025-12-26 09:44:00,2025-12-29 11:39:29,3801,L,9MCH1,1DVT40 ,36925,Nor,  ,,FR,S,GSC
2025-12-01 00:00:00,780110100316,32,DW,12,A,01,322,GENER ISRAEL PUGA PUCH        ,1D,BAJA,08H7N3 ,1,F12H,09KU,20049,0,0,0,0,0,,16,,,,1,9MCD7,2025-12-22 09:10:00,2025-12-22 09:34:25,3202,M,GA4GN,08H7N3 ,0,Nor,56,NO HAY MEDIDOR,56,S,GSC
2025-12-01 00:00:00,779030501451,14,DW,01,M,17,144,CACH VEGA LIZETTE GUADALUPE   ,1D,ACTIVO,7X24M6 ,2,F621,04F3,81719,3313,0,0,0,0,,16,,,,1,GEYB8,2025-12-09 17:41:00,2025-12-09 11:48:06,1426,L,9NCYK,7X24M6 ,0,Nor,31,SERVICIO SIN USO,,,GSC
2025-12-01 00:00:00,780020903801,10,DW,12,A,01,101,EDUARDO A IBARRA RUBIO        ,1D,BAJA,DV532U ,2,F623,19NU,21888,6306,0,0,0,0,,16,,,,1,9MCD7,2025-12-05 13:35:00,2025-12-05 09:30:35,1002,M,GAFHM,DV532U ,0,Nor,56,NO HAY MEDIDOR,56,S,GSC
2025-12-01 00:00:00,781101003592,14,DW,12,C,01,145,ARCHUNDIA AVILA MARIA EUGENIA ,1D,ACTIVO,066X2J ,2,F622,14LM,14763,0,0,0,0,0,,16,,,,1,9MCD7,2025-12-09 16:17:00,2025-12-09 12:20:21,1403,M,9NCWW,066X2J ,0,Nor,56,NO HAY MEDIDOR,56,S,GSC
2025-12-01 00:00:00,804240801088,67,DW,08,A,09,673,MUNICIPIO DE SINANCHE         ,67,ACTIVO,GEF102 ,3,KL28,22NJ,19,0,0,0,0,23,E23,18,,,,1,9ND09,2025-12-10 17:32:00,2025-12-10 14:52:31,6703,L,GAHTM,GEF102 ,0,Nor,56,NO HAY MEDIDOR,56,S,GSC
2025-12-01 00:00:00,804750316630,22,DW,08,A,25,251,PAULINO PECH PINZON           ,1B,ACTIVO,8F269X ,1,F121,05JL,22911,18,0,0,0,23,E23,18,,,,1,9ND09,2025-12-15 11:49:00,2025-12-15 13:38:53,2228,M,9ND8B,8F269X ,1018,Nor,  ,,FR,S,GSC
2025-12-01 00:00:00,804770600041,03,DW,08,A,13,131,PASCUAL CHAN                  ,1B,ACTIVO,5J1E65 ,1,F121,01GG,42216,211,0,0,0,23,E23,18,,,,1,9ND09,2025-12-30 09:48:00,,,,,,,,,,,,GSC
2025-12-01 00:00:00,804910500149,75,DW,08,A,04,753,EK BALAM FELIPE               ,09,ACTIVO,9DYG45 ,3,KL28,25NJ,5,0,0,0,0,23,E23,18,,,,1,9ND09,2025-12-22 17:36:00,2025-12-22 14:36:50,7502,L,9ND8B,9DYG45 ,0,Nor,59,DISPLAY APAGADO,59,S,GSC
2025-12-01 00:00:00,804970600533,22,DW,08,A,18,181,JOSE J POOL PECH              ,1B,ACTIVO,U176E0 ,1,F121,97F5,24922,147,0,0,0,23,E23,18,,,,1,9ND09,2025-12-15 11:44:00,2025-12-15 14:46:23,2228,M,9ND8B,U176E0 ,1147,Nor,  ,,FR,S,GSC
2025-12-01 00:00:00,804980200452,30,DW,08,A,01,301,MARCELO BALAM                 ,1B,SUJETO A CORTE,Y341R5 ,1,F121,97F5,30874,636,0,0,0,23,E23,18,,,,1,9ND09,2025-12-19 13:39:00,2025-12-19 08:48:01,3001,L,9JRAU,Y341R5 ,62,Nor,  ,,FR,S,GSC
2025-12-01 00:00:00,805050301204,76,DW,08,B,66,667,MANRIQUE GONZALEZ NICOLAS     ,09,ACTIVO,WNV644 ,2,F623,24P2,17,0,0,0,0,23,E23,18,,,,1,9ND09,2025-12-23 10:58:00,2025-12-23 11:49:24,7602,L,9JRE1,WNV644 ,0,Nor,59,DISPLAY APAGADO,59,S,GSC
2025-12-01 00:00:00,805120400761,76,DW,08,B,71,719,GONZALEZ PENA JESUS HERIBERTO ,02,ACTIVO,3XJ332 ,3,FD21,99F4,21657,171,0,0,0,23,E23,18,,,,1,9ND09,2025-12-23 10:59:00,2025-12-23 09:58:30,7601,L,GAG7M,3XJ332 ,0,Nor,60,MEDID NO TRABAJA,FR,S,GSC
2025-12-01 00:00:00,805150200154,76,DW,08,B,71,719,PACHECO TREJO JONATHAN ELIAZAF,9C,ACTIVO,MX622B ,3,KL28,20KE,24373,0,0,0,0,23,E23,18,,,,1,9ND09,2025-12-23 11:00:00,2025-12-23 11:18:41,7601,L,GAG7M,MX622B ,0,Nor,51,NO ENCONTRE DOMI,,,GSC
2025-12-01 00:00:00,805150900555,66,DW,08,B,82,662,GPO AGUA MARINA GOLFO DE MEX  ,67,ACTIVO,MY792F ,3,VL28,20KE,284,0,0,0,0,23,E23,18,,,,1,9ND09,2025-12-09 14:55:00,2025-12-09 11:50:16,6601,L,9JRE1,MY792F ,0,Nor,59,DISPLAY APAGADO,59,S,GSC
2025-12-01 00:00:00,805151000655,76,DW,08,B,71,719,CERVERA RIVERA VICTOR MANUEL  ,9M,CORTADO,PJ493F ,3,KL28,20KE,60177,0,0,0,0,23,E23,18,,,,1,9ND09,2025-12-23 11:00:00,2025-12-23 14:00:49,7601,L,GAG7M,PJ493F ,0,Nor,59,DISPLAY APAGADO,,,GSC
2025-12-01 00:00:00,805980500169,01,DW,08,B,65,652,FELIPE OXTE ZAPATA            ,1C,ACTIVO,0DV223 ,1,F121,98GG,43993,317,0,0,0,23,E23,18,,,,1,9ND09,2025-12-29 14:11:00,,,,,,,,,,,,GSC
2025-12-01 00:00:00,805990500141,76,DW,08,B,71,719,EGIDIO PAT CHALE              ,09,ACTIVO,X301TK ,2,F623,19NU,250,0,0,0,0,23,E23,18,,,,1,9ND09,2025-12-23 11:01:00,2025-12-23 12:26:56,7601,L,GAG7M,X301TK ,0,Nor,59,DISPLAY APAGADO,59,S,GSC
2025-12-01 00:00:00,806001257166,03,DW,08,C,33,031,SANCHEZ HAU SANTIAGO          ,1C,ACTIVO,88EU73 ,1,F121,07JL,25471,280,0,0,0,23,E23,18,,,,1,9ND09,2025-12-30 12:44:00,,,,,,,,,,,,GSC
2025-12-01 00:00:00,806020400638,03,DW,08,C,33,031,CARRILLO AVILES ANTONIO       ,1C,ACTIVO,3J4E21 ,1,F121,01GG,12802,172,0,0,0,23,E23,18,,,,1,9ND09,2025-12-30 12:45:00,,,,,,,,,,,,GSC
2025-12-01 00:00:00,806020900584,01,DW,08,C,28,011,ALCOCER CHULIM MARIA C        ,1C,ACTIVO,PCC921 ,1,F123,24NX,366,366,0,0,0,23,E23,18,,,,1,9ND09,2025-12-29 12:08:00,,,,,,,,,,,,GSC
2025-12-01 00:00:00,806041100405,06,DW,08,C,37,062,CORTEZ DANIEL                 ,1C,ACTIVO,7B294D ,1,F121,04GG,13979,2,0,0,0,23,E23,18,,,,1,9ND09,2025-12-03 15:07:00,2025-12-03 10:56:13,0627,L,9ND5B,7B294D ,13176,Nor,  ,,FR,S,GSC
2025-12-01 00:00:00,806060500821,01,DW,08,C,28,011,MAY MIRANDA ISRAEL            ,1C,ACTIVO,0N812H ,1,F121,06JL,47969,261,0,0,0,23,E23,18,,,,1,9ND09,2025-12-29 12:09:00,,,,,,,,,,,,GSC
2025-12-01 00:00:00,806071101198,01,DW,08,C,28,011,PERERA FRANCISCO              ,1C,ACTIVO,59AV19 ,1,F121,06JL,9839,9,0,0,0,23,E23,18,,,,1,9ND09,2025-12-29 12:07:00,,,,,,,,,,,,GSC
2025-12-01 00:00:00,806120800404,75,DW,08,C,39,753,FUNDACION RAFAEL DONDE I A P  ,67,ACTIVO,G064XK ,3,KL28,17KE,42818,5523,0,0,0,0,,18,,,,1,9ND09,2025-12-22 14:55:00,2025-12-22 12:45:58,7501,L,9ND5B,G064XK ,3687,Nor,  ,,LN,S,GSC
2025-12-01 00:00:00,806171200126,75,DW,08,C,43,751,COLLI COLLI PEDRO ADVINCULA   ,9C,ACTIVO,MV830M ,3,KL28,20KE,139,0,0,0,0,23,E23,18,,,,1,9ND09,2025-12-22 17:23:00,2025-12-22 13:22:24,7502,L,GAHTM,MV830M ,0,Nor,52,COMUNICACION INTERRU,52,S,GSC
2025-12-01 00:00:00,806190700377,22,DW,08,C,41,221,SULUB TORRES MERCEDES         ,02,ACTIVO,PKM940 ,1,F123,24NX,485,484,0,0,0,23,E23,18,,,,1,9ND09,2025-12-15 15:50:00,2025-12-15 12:49:14,2226,L,GAHTM,PKM940 ,2741,Opt,44,NUM MEDID DESIGU,44,S,GSC
2025-12-01 00:00:00,806210700565,03,DW,08,C,28,031,AZCORRA RODRIGUEZ TERESITA DE ,1C,ACTIVO,M6C762 ,2,F621,89F3,44907,346,0,0,0,23,E23,18,,,,1,9ND09,2025-12-30 12:40:00,,,,,,,,,,,,GSC
2025-12-01 00:00:00,806210900408,03,DW,08,C,28,031,CAN EB BONIFACIO ARISTEO      ,1C,ACTIVO,LV022R ,2,F623,20NU,7168,293,0,0,0,0,,18,,,,1,9ND09,2025-12-30 12:41:00,,,,,,,,,,,,GSC
2025-12-01 00:00:00,806750300850,01,DW,08,C,28,011,DELGADO SOLIS LUIS            ,1C,ACTIVO,3WN079 ,1,F121,99GG,9774,222,0,0,0,23,E23,18,,,,1,9ND09,2025-12-29 12:06:00,,,,,,,,,,,,GSC
2025-12-01 00:00:00,806750300868,01,DW,08,C,28,011,CHIN CARMELA                  ,1C,ACTIVO,3WN809 ,1,F121,99GG,30916,110,0,0,0,23,E23,18,,,,1,9ND09,2025-12-29 12:09:00,,,,,,,,,,,,GSC
2025-12-01 00:00:00,806750300931,01,DW,08,C,28,011,BARCELO MARIANO               ,1C,ACTIVO,50XR47 ,1,F121,08JL,23952,86,0,0,0,23,E23,18,,,,1,9ND09,2025-12-29 12:09:00,,,,,,,,,,,,GSC
2025-12-01 00:00:00,806750301171,03,DW,08,C,28,031,MONTERO MIS AMELIO            ,1C,ACTIVO,1D905R ,1,F121,05JL,19127,170,0,0,0,23,E23,18,,,,1,9ND09,2025-12-30 12:43:00,,,,,,,,,,,,GSC
2025-12-01 00:00:00,806750301350,03,DW,08,C,28,031,LUGO C  FEDERICO              ,02,ACTIVO,2G417Y ,1,F121,05JL,8579,69,0,0,0,0,,18,,,,1,9ND09,2025-12-30 12:41:00,,,,,,,,,,,,GSC
2025-12-01 00:00:00,803060700066,22,DW,07,D,09,091,UICAB CHAN YOLANDA ROCIO      ,1C,ACTIVO,3V984G ,1,F121,06JL,20835,13,0,0,0,23,E23,18,,,,1,9MCJD,2025-12-15 16:59:00,2025-12-15 10:58:43,2226,M,GA2CN,3V984G ,99913,Nor,  ,,FR,S,GSC
2025-12-01 00:00:00,803071200316,06,DW,07,D,51,512,XOOC CIAU IDELFONSO           ,1B,ACTIVO,20JM52 ,1,F121,07JL,16526,162,0,0,0,23,E23,18,,,,1,9MCJD,2025-12-03 16:29:00,2025-12-03 12:13:37,0626,L,GA2CN,20JM52 ,2161,Nor,  ,,FR,S,GSC
2025-12-01 00:00:00,803801100916,10,DW,07,D,15,001,CHI PAT NEMESIO               ,1B,ACTIVO,0B7R42 ,1,F121,00GG,28624,10,0,0,0,23,E23,18,,,,1,9MCJD,2025-12-05 17:33:00,2025-12-05 12:43:40,1027,M,R9920,0B7R42 ,90010,Nor,  ,,FR,S,GSC
2025-12-01 00:00:00,803840500115,22,DW,07,D,09,091,CHAN CEL EDMUNDO              ,1C,ACTIVO,XR3962 ,1,F121,86EG,6705,239,0,0,0,23,E23,18,,,,1,9MCJD,2025-12-15 17:03:00,2025-12-15 10:09:55,2226,M,GA2CN,XR3962 ,2239,Nor,  ,,FR,S,GSC
2025-12-01 00:00:00,803950200061,12,DW,07,D,18,001,FELIPE MENA CHAY              ,1C,ACTIVO,37A0C7 ,1,F121,08JL,4754,0,0,0,0,23,E23,18,,,,1,9MCJD,2025-12-08 08:28:00,2025-12-08 10:36:15,1226,M,GA2CN,37A0C7 ,99901,Nor,  ,,FR,S,GSC
2025-12-01 00:00:00,803961000284,22,DW,07,D,09,091,LEOPOLDO CANCHE CIME          ,1C,ACTIVO,7Y6J98 ,1,F121,02GG,10802,111,0,0,0,23,E23,18,,,,1,9MCJD,2025-12-15 17:04:00,2025-12-15 18:45:06,2226,M,GA2CN,7Y6J98 ,1111,Nor,  ,,FR,S,GSC
2025-12-01 00:00:00,803970200130,10,DW,07,D,16,001,MUJERES EN SOLIDARIDAD        ,02,ACTIVO,9NF812 ,3,FD21,99F4,14843,61,0,0,0,23,E23,18,,,,1,9MCJD,2025-12-05 17:37:00,2025-12-05 11:49:26,1026,M,GA2CN,9NF812 ,3061,Nor,  ,,FR,S,GSC
2025-12-01 00:00:00,804040600282,22,DW,08,A,25,251,CIAU PECH MARIA DEL CARMEN    ,1B,ACTIVO,0Y3M45 ,1,F121,02GG,9533,210,0,0,0,23,E23,18,,,,1,9ND09,2025-12-15 11:49:00,2025-12-15 12:38:44,2228,M,9ND8B,0Y3M45 ,10210,Nor,  ,,FR,S,GSC
2025-12-01 00:00:00,804090100302,22,DW,08,A,18,181,DZIB PECH JOSE GILBERTO       ,1B,ACTIVO,22A8C8 ,1,F121,08JL,19385,217,0,0,0,23,E23,18,,,,1,9ND09,2025-12-15 11:43:00,2025-12-15 17:21:00,2228,M,9ND8B,22A8C8 ,10217,Nor,  ,,FR,S,GSC
2025-12-01 00:00:00,804750306057,03,DW,08,A,12,121,AGUSTIN RIOS                  ,1B,ACTIVO,5J6E54 ,1,F121,01GG,13870,47,0,0,0,23,E23,18,,,,1,9ND09,2025-12-30 09:47:00,,,,,,,,,,,,GSC
2025-12-01 00:00:00,804750309293,08,DW,08,A,07,001,CRISTINA CHALE                ,1B,ACTIVO,RBA796 ,2,F623,24NY,2968,718,0,0,0,23,E23,18,,,,1,9ND09,2025-12-04 14:06:00,2025-12-04 10:46:48,0828,M,GAM9M,RBA796 ,4767,Nor,  ,,FR,S,GSC
2025-12-01 00:00:00,804750315811,22,DW,08,A,21,211,PECH Y CANUL ANTOLIN          ,1B,ACTIVO,PJY140 ,1,F123,24NX,940,620,0,0,0,23,E23,18,,,,1,9ND09,2025-12-15 11:47:00,2025-12-15 14:03:50,2227,L,GAPUM,PJY140 ,0,Nor,31,SERVICIO SIN USO,,,GSC
2025-12-01 00:00:00,804750322630,26,DW,08,A,01,005,MARIO DORANTES B              ,1B,ACTIVO,0H5T49 ,1,F121,01GG,27598,123,0,0,0,23,E23,18,,,,1,9ND09,2025-12-17 15:17:00,2025-12-17 14:02:50,2602,M,GAVPM,0H5T49 ,13089,Nor,  ,,FR,S,GSC
2025-12-01 00:00:00,804750327763,34,DW,08,A,10,341,TAMAY NOH LEOVIGILDO          ,1B,ACTIVO,085TLE ,2,F622,16LM,29819,561,0,0,0,23,E23,18,,,,1,9ND09,2025-12-23 13:03:00,2025-12-23 11:48:40,3427,L,9JRAU,085TLE ,70749,Nor,44,NUM MEDID DESIGU,44,S,GSC
2025-12-01 00:00:00,804780100143,26,DW,08,A,01,261,BERNARDINO CHAN               ,1B,ACTIVO,7R86G7 ,1,F121,04GG,6629,11,0,0,0,23,E23,18,,,,1,9ND09,2025-12-17 15:18:00,2025-12-17 07:47:02,2601,L,9JRAU,7R86G7 ,4943,Nor,  ,,FR,S,GSC
2025-12-01 00:00:00,804821100111,22,DW,08,A,22,221,SANTIAGO CAN BALAM            ,1B,ACTIVO,GG5938 ,1,F121,82EG,4944,229,0,0,0,23,E23,18,,,,1,9ND09,2025-12-15 11:48:00,2025-12-15 12:15:32,2226,L,9JRAU,GG5938 ,1229,Nor,  ,,FR,S,GSC
2025-12-01 00:00:00,804910700351,75,DW,08,A,29,751,MIGUEL CASTILLO               ,9C,ACTIVO,YP784T ,2,F623,21NU,4098,0,0,0,0,23,E23,18,,,,1,9ND09,2025-12-22 17:41:00,2025-12-22 13:37:30,7501,L,9JRAU,YP784T ,0,Nor,52,COMUNICACION INTERRU,52,S,GSC
2025-12-01 00:00:00,804960300159,22,DW,08,A,30,300,XOOL Y CANCHE JOSE JULIO      ,1B,ACTIVO,6J59V8 ,1,F121,03GG,59056,968,0,0,0,23,E23,18,,,,1,9ND09,2025-12-15 11:50:00,2025-12-15 12:38:45,2227,L,GAPUM,6J59V8 ,1968,Nor,  ,,FR,S,GSC
2025-12-01 00:00:00,804990600955,75,DW,08,A,30,753,FELIPE MOO Y TEC              ,09,ACTIVO,PT137Y ,3,KL28,21KE,4151,0,0,0,0,23,E23,18,,,,1,9ND09,2025-12-22 17:42:00,2025-12-22 14:15:04,7502,L,9ND8B,PT137Y ,0,Nor,59,DISPLAY APAGADO,59,S,GSC
2025-12-01 00:00:00,805050301573,12,DW,08,B,77,122,CAUICH CHAN ANA MARIA         ,1B,ACTIVO,1D887R ,1,F121,05JL,38835,464,0,0,0,23,E23,18,,,,1,9ND09,2025-12-08 11:13:00,2025-12-08 19:14:33,1226,L,9JRE1,1D887R ,10464,Nor,  ,,FR,S,GSC
2025-12-01 00:00:00,779130301395,36,DW,01,M,13,361,MARTINEZ GONZALEZ MARCELO     ,1D,ACTIVO,39B8U2 ,2,F621,08KG,37296,987,0,0,0,0,,16,,,,1,GEYB8,2025-12-26 16:33:00,2025-12-26 12:19:00,3602,L,GAAEN,39B8U2 ,2,Nor,31,SERVICIO SIN USO,,,GSC
2025-12-01 00:00:00,810190703616,10,DW,22,A,02,103,MORALES LUNA RICARDO          ,1B,ACTIVO,3AUP62 ,2,F623,25P2,265,265,0,0,0,0,,16,,,,1,9N4CK,2025-12-05 15:19:00,2025-12-05 11:31:30,1001,L,9JPYF,3AUP62 ,865,Nor,  ,,LM,S,GSC
2025-12-01 00:00:00,803900300013,10,DW,07,D,15,001,AVELINO BALAM C               ,1B,CORTADO,4W129V ,1,F121,06JL,17822,0,0,0,0,0,,16,,,,1,GEYN8,2025-12-05 11:47:00,2025-12-05 12:33:12,1027,M,R9920,4W129V ,9299,Nor,  ,,FR,S,GSC
2025-12-01 00:00:00,802041201192,18,DW,07,C,42,185,MUTUL DZIB DANIEL MARTIL      ,1A,ACTIVO,90E9U6 ,1,F12F,08K6,24500,1490,0,0,0,0,,16,,,,1,9MCJD,2025-12-11 17:19:00,2025-12-14 22:55:35,1851,R,9MCCP,90E9U6 ,0,Nor,31,SERVICIO SIN USO,,,GSC
2025-12-01 00:00:00,802231000291,14,DW,07,C,42,141,ANCONA CETINA MIRTA MARIA     ,02,CORTADO,JCE254 ,2,F623,23NU,3430,29,0,0,0,0,,16,,,,1,9MCJD,2025-12-09 16:11:00,2025-12-11 01:26:46,1427,M,R9871,JCE254 ,3519,Nor,  ,,FR,S,GSC
2025-12-01 00:00:00,772840500104,32,DW,01,C,01,326,FRANCISCO M NIQUETE G         ,1D,ACTIVO,LG6718 ,1,F121,83EG,9016,3590,0,0,0,0,,16,,,,1,GAATN,2025-12-22 11:27:00,2025-12-22 17:50:04,3207,M,GAKKM,LG6718 ,0,Nor,31,SERVICIO SIN USO,,,GSC
2025-12-01 00:00:00,796090703560,18,DW,06,A,13,132,CETINA  CAMAL GASPAR          ,1B,ACTIVO,P66R02 ,1,F121,93F5,27255,531,0,0,0,0,,16,,,,1,9A6XJ,2025-12-11 13:42:00,2025-12-11 08:43:44,1826,L,9MCJY,P66R02 ,28831,Nor,  ,,FR,S,GSC
2025-12-01 00:00:00,782101202362,18,DW,12,C,01,182,MARTIN MENA NELYNA VIANEEL    ,1D,CORTADO,21E33N ,2,F62H,10KN,51969,2263,0,0,0,0,,16,,,,1,9MCD7,2025-12-11 15:22:00,2025-12-11 09:48:12,1802,M,GAKFM,6BCH70 ,563,Opt,  ,,,,GSC
2025-12-01 00:00:00,796090203001,32,DW,06,A,04,041,GARCIA CHABLE JUANA           ,1B,ACTIVO,73XR14 ,1,F121,08JL,14158,89,0,0,0,0,,16,,,,1,9MCFE,2025-12-22 13:42:00,2025-12-22 13:03:14,3228,L,R9718,7ANG43 ,871,Nor,  ,,FR,S,GSC
2025-12-01 00:00:00,783101016310,16,DW,12,D,01,160,BELTRAN ALEJOS RAUL ALEJANDRO ,1D,BAJA,74E27N ,2,F62H,10KN,19057,0,0,0,0,0,,16,,,,1,9AKNE,2025-12-10 15:51:00,2025-12-10 09:02:12,1601,M,GA4HN,74E27N ,0,Nor,59,DISPLAY APAGADO,59,S,GSC
2025-12-01 00:00:00,812210502321,32,DW,22,C,01,323,GPO INMOBILIARIO CONSUR SADECV,02,ACTIVO,8AAK06 ,2,F623,25NY,40662,40662,0,0,0,0,,16,,,,1,9N4CT,2025-12-22 07:19:00,2025-12-22 11:05:49,3202,L,9NCT2,4CDP34 ,379,Opt,  ,,,,GSC
2025-12-01 00:00:00,771240800701,36,DW,01,M,13,366,TAMAYO BARROSO MARCO JESUS    ,1D,ACTIVO,CVL258 ,2,F623,22NU,14144,6820,0,0,0,0,,16,,,,1,GEYB8,2025-12-26 16:33:00,2025-12-29 09:33:20,3651,R,R9982,CVL258 ,12170,Nor,44,NUM MEDID DESIGU,44,S,GSC
2025-12-01 00:00:00,781190800344,22,DW,12,B,01,026,AYALA PENA ELVIRA             ,1D,ACTIVO,KUV987 ,1,F123,23NX,496,496,0,0,0,0,,16,,,,1,9AKNE,2025-12-15 15:10:00,2025-12-15 12:59:39,2201,M,GATKM,KUV987 ,496,Opt,  ,,,,GSC
2025-12-01 00:00:00,783940406514,06,DW,12,D,01,063,DELFINO RANGEL HDEZ           ,1D,ACTIVO,YC424H ,2,F623,21NU,12768,0,0,0,0,0,,16,,,,1,9JRC3,2025-12-03 10:35:00,2025-12-03 11:51:06,0604,M,GAF1M,YC424H ,0,Nor,56,NO HAY MEDIDOR,56,S,GSC
2025-12-01 00:00:00,796140802530,20,DW,06,A,01,205,MANUELS HAU IRVIN MANUEL      ,1D,ACTIVO,580G0C ,2,F622,13LM,14397,724,0,0,0,0,,16,,,,1,9MCFE,2025-12-12 15:26:00,2025-12-12 12:00:43,2004,M,9P14T,580G0C ,0,Opt,31,SERVICIO SIN USO,,,GSC
2025-12-01 00:00:00,812210502321,32,DW,22,C,01,323,GPO INMOBILIARIO CONSUR SADECV,02,ACTIVO,NR873W ,2,20NU,F623,10837,7971,0,0,0,0,,16,,,,1,9N4CT,2025-12-22 07:19:00,2025-12-22 11:05:49,3202,L,9NCT2,4CDP34 ,379,Opt,  ,,,,GSC
2025-12-01 00:00:00,782160708130,10,DW,12,C,01,011,VELEZ CAMPOS PEDRO            ,1D,BAJA,YP672L ,2,F623,21NU,9031,0,0,0,0,0,,16,,,,1,9MCD7,2025-12-05 14:48:00,2025-12-05 16:50:14,1002,M,GAALN,YP672L ,0,Nor,56,NO HAY MEDIDOR,56,S,GSC
2025-12-01 00:00:00,806091101054,75,DW,08,C,29,751,ESC TELESEC PABLO BOLIO PONCE ,67,ACTIVO,MV978K ,3,KL28,20KE,65398,1268,0,0,0,23,E23,18,,,,1,9ND09,2025-12-22 17:19:00,2025-12-22 09:46:05,7502,L,GAHTM,MV978K ,0,Nor,59,DISPLAY APAGADO,59,S,GSC
2025-12-01 00:00:00,806130600055,01,DW,08,C,28,011,POOT MAY OSCAR ILAINEL        ,1C,ACTIVO,0R65V8 ,1,F121,04GG,29599,471,0,0,0,23,E23,18,,,,1,9ND09,2025-12-29 12:04:00,,,,,,,,,,,,GSC
2025-12-01 00:00:00,806141200920,03,DW,08,C,28,031,RODRIGUEZ BURGOS LENI ALICIA  ,1C,ACTIVO,660G7Y ,1,F122,13LN,7693,51,0,0,0,0,,18,,,,1,9ND09,2025-12-30 12:42:00,,,,,,,,,,,,GSC
2025-12-01 00:00:00,806151200090,03,DW,08,C,28,031,CORTES BARROSO ELIAS SAMUEL   ,1C,ACTIVO,5DWA17 ,2,F623,25NY,6165,2216,0,0,0,0,,18,,,,1,9ND09,2025-12-30 12:40:00,,,,,,,,,,,,GSC
2025-12-01 00:00:00,806170301361,74,DW,08,C,28,743,MEJIA ANGELES PATRICIA AIDA   ,67,ACTIVO,R481CN ,3,KL28,18KE,87972,1116,0,0,0,951,LECT NEGATIVA,18,,,,1,9ND09,2025-12-23 14:10:00,2025-12-19 11:42:37,7401,L,R9917,R481CN ,96712,Opt,  ,,,,GSC
2025-12-01 00:00:00,806750300256,01,DW,08,C,28,011,PEREZ P  GASPAR               ,1C,ACTIVO,1N427H ,1,F121,06JL,59810,348,0,0,0,23,E23,18,,,,1,9ND09,2025-12-29 12:05:00,,,,,,,,,,,,GSC
2025-12-01 00:00:00,806760200080,16,DW,08,C,28,161,CARDENA LIMA MIRNA LETICIA    ,1C,ACTIVO,L7563H ,1,W111,76C0,6924,164,0,0,0,23,E23,18,,,,1,9ND09,2025-12-10 10:17:00,2025-12-10 08:46:20,1601,M,9ND5B,L7563H ,1164,Nor,  ,,FR,S,GSC
2025-12-01 00:00:00,806830200058,06,DW,08,C,37,062,DZIB GONZALEZ CESAR           ,1C,ACTIVO,GT0083 ,1,F121,82EG,6506,357,0,0,0,23,E23,18,,,,1,9ND09,2025-12-03 15:07:00,2025-12-03 10:12:49,0627,L,9ND5B,GT0083 ,2219,Nor,  ,,FR,S,GSC
2025-12-01 00:00:00,806860800017,01,DW,08,C,28,011,ORDONEZ MORENO ANTONIO        ,1C,ACTIVO,33D8F1 ,2,F421,08KF,39850,468,0,0,0,23,E23,18,,,,1,9ND09,2025-12-29 12:04:00,,,,,,,,,,,,GSC
2025-12-01 00:00:00,806891200018,01,DW,08,C,28,011,PECH VICTOR M                 ,1C,ACTIVO,1G934Y ,1,F121,05JL,19786,18,0,0,0,23,E23,18,,,,1,9ND09,2025-12-29 12:07:00,,,,,,,,,,,,GSC
2025-12-01 00:00:00,806920200049,03,DW,08,C,28,031,CHALE CHAN EXIQUIO            ,1C,ACTIVO,R9V615 ,1,F121,90F5,19715,62,0,0,0,23,E23,18,,,,1,9ND09,2025-12-30 12:43:00,,,,,,,,,,,,GSC
2025-12-01 00:00:00,806920700521,12,DW,08,C,40,121,TRUJEQUE ANTONIO              ,1C,ACTIVO,P3V631 ,1,F121,90F5,22994,356,0,0,0,23,E23,18,,,,1,9ND09,2025-12-08 09:51:00,2025-12-08 09:10:16,1226,L,9ND5B,P3V631 ,1356,Nor,  ,,FR,S,GSC
2025-12-01 00:00:00,807030600046,14,DW,08,D,49,142,MAAS CHIM MARIA CRISTINA      ,1B,ACTIVO,8C27N8 ,1,F121,03GG,9139,37,0,0,0,23,E23,18,,,,1,9ND09,2025-12-09 12:36:00,2025-12-09 09:43:31,1427,L,R9857,8C27N8 ,10037,Nor,  ,,FR,S,GSC
2025-12-01 00:00:00,807130400320,73,DW,08,D,54,732,MUNICIPIO DE KANTUNIL         ,67,ACTIVO,MV173M ,3,KL28,20KE,6826,483,0,0,0,23,E23,18,,,,1,9ND09,2025-12-18 11:15:00,2025-12-18 08:30:42,7301,L,9MCC7,MV173M ,0,Nor,59,DISPLAY APAGADO,59,S,GSC
2025-12-01 00:00:00,807171100349,79,DW,08,D,52,791,COUOH CHIM IGNACIO HIGINIO    ,1B,ACTIVO,AWE454 ,1,F123,22NX,3951,250,0,0,0,23,E23,18,,,,1,9ND09,2025-12-29 15:43:00,2025-12-29 10:44:56,7902,L,GAA4N,AWE454 ,0,Nor,60,MEDID NO TRABAJA,60,S,GSC
2025-12-01 00:00:00,807191000359,73,DW,08,D,58,732,PRIM MARIANO MATAMOROS        ,67,ACTIVO,G156XK ,3,KL28,17KE,3530,0,0,0,0,23,E23,18,,,,1,9ND09,2025-12-18 11:29:00,2025-12-18 14:29:59,7301,L,9MCC7,G156XK ,0,Nor,59,DISPLAY APAGADO,59,S,GSC
2025-12-01 00:00:00,808000456133,32,DW,08,E,74,321,PECH Y BURGOS SANTOS LUIS REY ,1B,ACTIVO,0UH442 ,1,F121,99GG,95255,779,0,0,0,23,E23,18,,,,1,9ND09,2025-12-22 09:38:00,2025-12-22 08:05:25,3227,L,GAHXM,0UH442 ,10222,Nor,  ,,FR,S,GSC
2025-12-01 00:00:00,808010800134,16,DW,08,E,65,162,9AKJD ANCONA ANCONA JOSE RAUL ,1B,ACTIVO,710G3M ,2,F622,13LM,68229,1342,0,0,0,23,E23,18,,,,1,9ND09,2025-12-10 15:46:00,2025-12-10 09:16:26,1602,M,GAFUM,710G3M ,0,Nor,59,DISPLAY APAGADO,59,S,GSC
2025-12-01 00:00:00,808750316031,22,DW,08,E,69,222,COUOH COUOH BENITO            ,1B,ACTIVO,7312XV ,1,C111,718V,1106,113,0,0,0,23,E23,18,,,,1,9ND09,2025-12-15 14:15:00,2025-12-15 12:18:03,2227,M,GAFUM,7312XV ,7625,Nor,  ,,FR,S,GSC
2025-12-01 00:00:00,809930700065,12,DW,12,F,01,120,MARIA V KU  XOOL              ,1D,CORTADO,5G2J03 ,1,F121,01GG,36246,1215,0,0,0,23,E23,18,,,,1,9BBTM,2025-12-10 11:18:00,2025-12-08 09:19:51,1201,M,GAFBM,5G2J03 ,0,Nor,50,CASA CERRADA,50,S,GSC
2025-12-01 00:00:00,809990200533,28,DW,12,F,01,280,MEX PECH ANTONIO              ,1D,ACTIVO,U71J26 ,1,F121,94F5,26933,503,0,0,0,23,E23,18,,,,1,9BBTM,2025-12-18 11:34:00,2025-12-18 07:43:15,2801,M,GAFBM,U71J26 ,1503,Nor,  ,,FR,S,GSC
2025-12-01 00:00:00,810010801259,32,DW,22,A,01,321,PALMAS DEL CARMEN  SA DE CV   ,02,ACTIVO,512MFK ,2,F62J,15MT,64756,0,0,0,0,23,E23,18,,,,1,9MCCM,2025-12-23 08:33:00,2025-12-22 09:11:09,3251,R,GA21N,512MFK ,99025,Nor,  ,,FR,S,GSC
2025-12-01 00:00:00,810010801267,32,DW,22,A,01,321,PALMAS DEL CARMEN  SA DE CV   ,02,ACTIVO,459MFJ ,2,F62J,15MT,20026,0,0,0,0,23,E23,18,,,,1,9MCCM,2025-12-23 08:33:00,2025-12-22 09:11:19,3251,R,GA21N,459MFJ ,99611,Nor,  ,,FR,S,GSC
2025-12-01 00:00:00,810011111159,06,DW,22,A,02,062,FELIPE DE JESUS PUC PAT       ,1B,ACTIVO,2P3L53 ,1,F421,01GH,27939,102,0,0,0,23,E23,18,,,,1,9MCCM,2025-12-03 08:39:00,2025-12-03 10:40:47,0603,L,9JR5N,2P3L53 ,96852,Nor,  ,,FR,S,GSC
2025-12-01 00:00:00,810011115901,18,DW,22,A,02,183,JUAN GUALBERTO AKE PECH       ,1B,ACTIVO,7F2K20 ,1,F121,01GG,27595,517,0,0,0,23,E23,18,,,,1,9MCCM,2025-12-11 10:28:00,2025-12-11 09:57:49,1803,M,9MCKW,7F2K20 ,1517,Nor,  ,,FR,S,GSC
2025-12-01 00:00:00,810011117262,18,DW,22,A,02,184,FLORINDA E  BRICENO MAY       ,1B,ACTIVO,2E0M64 ,1,F121,01GG,39900,0,0,0,0,23,E23,18,,,,1,9MCCM,2025-12-11 10:38:00,2025-12-11 09:01:41,1804,M,9JR5N,2E0M64 ,900,Nor,  ,,FR,S,GSC
2025-12-01 00:00:00,810020110050,06,DW,22,A,02,060,JOSE SANTOS MAY TUN           ,1B,ACTIVO,4G1J33 ,1,F121,01GG,40536,108,0,0,0,23,E23,18,,,,1,9MCCM,2025-12-04 11:09:00,2025-12-03 11:22:11,0601,L,9MCKU,4G1J33 ,90108,Nor,  ,,FR,S,GSC
2025-12-01 00:00:00,810020301327,18,DW,22,A,02,181,HERNANDEZ ARGUELLO LUIS       ,1B,ACTIVO,3J7E48 ,1,F121,01GG,73322,721,0,0,0,23,E23,18,,,,1,9MCCM,2025-12-12 10:11:00,2025-12-11 09:38:56,1802,M,9MC60,3J7E48 ,38128,Nor,  ,,FR,S,GSC
2025-12-01 00:00:00,810030301503,18,DW,22,A,02,181,JOSE ANTONIO PECH CEN         ,1B,ACTIVO,4W9E73 ,1,F121,02GG,27813,84,0,0,0,23,E23,18,,,,1,9MCCM,2025-12-12 10:12:00,2025-12-11 10:14:57,1802,M,9MC60,4W9E73 ,1084,Nor,  ,,FR,S,GSC
2025-12-01 00:00:00,810030904208,06,DW,22,A,02,063,CARO VARGAS MARTHA LUCRECIA   ,1B,ACTIVO,6H32D4 ,1,F121,03GG,14953,22,0,0,0,23,E23,18,,,,1,9MCCM,2025-12-03 09:07:00,2025-12-03 12:11:35,0604,L,9MC4Y,6H32D4 ,6946,Nor,  ,,FR,S,GSC
2025-12-01 00:00:00,810040402316,38,DW,22,A,01,380,TERESA DE J SALDIVAR BARROSO  ,1B,ACTIVO,DRY078 ,2,F623,22NU,282,0,0,0,0,23,E23,18,,,,1,9MCCM,2025-12-29 11:20:00,2025-12-26 09:48:28,3801,L,GAXPM,DRY078 ,94453,Opt,  ,,,,GSC
2025-12-01 00:00:00,810041200628,40,DW,22,A,01,401,AGUILAR QUIAM FERNANDO        ,1B,ACTIVO,634MFU ,2,F62J,15MT,9557,241,0,0,0,23,E23,18,,,,1,9MCCM,2025-12-30 10:56:00,2025-12-29 08:22:56,4051,R,9NCT0,634MFU ,80241,Nor,  ,,FR,S,GSC
2025-12-01 00:00:00,802791100517,30,DW,07,C,22,302,ANSELMO CAUICH CANUL          ,1B,ACTIVO,9RG736 ,1,F121,99GG,70110,712,0,0,0,23,E23,18,,,,1,9MCJD,2025-12-22 14:04:00,2025-12-19 09:50:05,3026,L,9ND12,9RG736 ,10712,Nor,  ,,FR,S,GSC
2025-12-01 00:00:00,802971000774,18,DW,07,C,42,186,ELIAS MEX SANTIAGO            ,1A,ACTIVO,87E3U7 ,1,F12F,08K6,37423,707,0,0,0,23,E23,18,,,,1,9MCJD,2025-12-15 17:06:00,2025-12-11 13:33:17,1828,M,9MCCP,87E3U7 ,94707,Nor,  ,,FR,S,GSC
2025-12-01 00:00:00,802990101697,76,DW,07,C,74,761,CAMINO RENDON OLAF            ,09,ACTIVO,FY156H ,3,KL28,19KE,70460,0,0,0,0,23,E23,18,,,,1,9MCJD,2025-12-29 15:02:00,2025-12-23 10:47:08,7601,L,9ND12,FY156H ,0,Nor,52,COMUNICACION INTERRU,52,S,GSC
2025-12-01 00:00:00,802991102034,76,DW,07,C,74,761,COMITE DE AGUA POTABLE        ,06,ACTIVO,DV139P ,2,F623,19NU,24360,210,0,0,0,23,E23,18,,,,1,9MCJD,2025-12-29 15:02:00,2025-12-23 09:47:04,7601,L,9ND12,DV139P ,0,Nor,59,DISPLAY APAGADO,59,S,GSC
2025-12-01 00:00:00,803010204203,03,DW,07,D,58,581,POOT POOT RAYMUNDO            ,1B,ACTIVO,0D7M11 ,1,F121,00GG,21795,213,0,0,0,23,E23,18,,,,1,9MCJD,2025-12-30 18:11:00,,,,,,,,,,,,GSC
2025-12-01 00:00:00,803031000519,22,DW,07,D,09,091,CANDELARIA BORGES DE UICAB    ,1C,ACTIVO,1J43W0 ,1,F121,03GG,12799,0,0,0,0,23,E23,18,,,,1,9MCJD,2025-12-15 17:00:00,2025-12-15 11:44:53,2226,M,GA2CN,1J43W0 ,99890,Nor,  ,,FR,S,GSC
2025-12-01 00:00:00,803111000447,10,DW,07,D,33,331,DZUL PAT HERNILDO             ,1C,ACTIVO,4L247D ,1,F121,05JL,14152,0,0,0,0,23,E23,18,,,,1,9MCJD,2025-12-05 17:33:00,2025-12-05 13:29:08,1026,M,GA2CN,4L247D ,90898,Nor,  ,,FR,S,GSC
2025-12-01 00:00:00,803141200769,06,DW,07,D,51,513,CEN PAT JOSUE OMAR            ,1B,ACTIVO,249W3C ,1,F122,14LN,8817,197,0,0,0,23,E23,18,,,,1,9MCJD,2025-12-03 16:29:00,2025-12-03 12:02:51,0627,M,R9920,249W3C ,9707,Nor,  ,,FR,S,GSC
2025-12-01 00:00:00,803220200375,03,DW,07,D,58,581,MAY POOT MAURICIO             ,1B,ACTIVO,XP482G ,1,F123,21NT,1799,165,0,0,0,23,E23,18,,,,1,9MCJD,2025-12-30 18:11:00,,,,,,,,,,,,GSC
2025-12-01 00:00:00,803810400604,04,DW,07,D,50,503,ANTONIO E MUKUL PECH          ,1C,ACTIVO,BK0139 ,1,W111,80C0,4617,166,0,0,0,23,E23,18,,,,1,9MCJD,2025-12-02 14:35:00,2025-12-02 09:48:44,0426,L,GA2CN,BK0139 ,1166,Nor,  ,,FR,S,GSC
2025-12-01 00:00:00,803811200048,10,DW,07,D,14,001,NOH UC MARI MARISOL           ,1B,ACTIVO,83BP18 ,1,F121,06JL,11498,147,0,0,0,23,E23,18,,,,1,9MCJD,2025-12-05 17:34:00,2025-12-05 11:01:03,1027,M,R9920,83BP18 ,14671,Nor,  ,,FR,S,GSC
2025-12-01 00:00:00,803900900657,06,DW,07,D,51,512,XOOC TAX ANATOLIO             ,1B,ACTIVO,A3B033 ,1,F121,87EG,8764,356,0,0,0,23,E23,18,,,,1,9MCJD,2025-12-03 16:29:00,2025-12-03 11:28:19,0626,L,GA2CN,A3B033 ,1356,Nor,  ,,FR,S,GSC
2025-12-01 00:00:00,803980800143,10,DW,07,D,17,001,HILARIO CANUL KITUK           ,1C,ACTIVO,90YD91 ,1,F121,08JL,23,1,0,0,0,951,LECT NEGATIVA,18,,,,1,9MCJD,2025-12-08 17:24:00,2025-12-05 10:22:29,1026,M,GA2CN,90YD91 ,99989,Nor,  ,,FR,S,GSC
2025-12-01 00:00:00,803981101222,03,DW,07,D,58,581,CASA CURAL                    ,1B,ACTIVO,227YY1 ,1,F122,13LN,1553,12,0,0,0,23,E23,18,,,,1,9MCJD,2025-12-30 18:12:00,,,,,,,,,,,,GSC
2025-12-01 00:00:00,804000356699,77,DW,08,A,02,773,PECH MARTIN ROGER C           ,09,ACTIVO,PJ507F ,1,KL28,20KE,62667,0,0,0,0,23,E23,18,,,,1,9ND09,2025-12-26 11:23:00,2025-12-26 10:40:11,7703,L,GAPUM,PJ507F ,0,Nor,59,DISPLAY APAGADO,59,S,GSC
2025-12-01 00:00:00,804000657699,77,DW,08,A,02,773,POOT NOH SEBASTIAN            ,9C,ACTIVO,MX677A ,3,KL28,20KE,5356,0,0,0,0,23,E23,18,,,,1,9ND09,2025-12-26 11:23:00,2025-12-26 11:26:55,7703,L,GAPUM,MX677A ,0,Nor,59,DISPLAY APAGADO,59,S,GSC
2025-12-01 00:00:00,805090500951,75,DW,08,B,68,689,VALENCIA PENICHE MARIO ALBERTO,1B,ACTIVO,HD368V ,1,F123,20NT,955,0,0,0,0,23,E23,18,,,,1,9ND09,2025-12-22 17:52:00,2025-12-22 14:36:39,7501,L,GAA3N,HD368V ,0,Nor,56,NO HAY MEDIDOR,56,S,GSC
2025-12-01 00:00:00,805130500704,12,DW,08,B,77,122,UH CAUICH TEODORO MANUEL      ,1B,ACTIVO,0R70V2 ,1,F121,04GG,15801,240,0,0,0,23,E23,18,,,,1,9ND09,2025-12-08 11:14:00,2025-12-08 17:50:01,1226,L,9JRE1,0R70V2 ,1240,Nor,  ,,FR,S,GSC
2025-12-01 00:00:00,805211000706,74,DW,08,B,67,742,JIMENEZ MIRANDA JOSE ENRIQUE  ,1B,ACTIVO,33W77F ,2,F62H,11KN,7221,0,0,0,0,23,E23,18,,,,1,9ND09,2025-12-19 17:18:00,2025-12-19 10:33:15,7401,L,GAVPM,33W77F ,0,Nor,59,DISPLAY APAGADO,59,S,GSC
2025-12-01 00:00:00,805940800411,64,DW,08,B,68,641,PALOMINO TOPETE VICTORIA EUGEN,9C,ACTIVO,MX746A ,3,KL28,20KE,1803,0,0,0,0,23,E23,18,,,,1,9ND09,2025-12-08 13:14:00,2025-12-08 11:58:30,6502,L,GAHTM,MX746A ,0,Nor,59,DISPLAY APAGADO,59,S,GSC
2025-12-01 00:00:00,805960900519,12,DW,08,B,77,122,ANDRES NAH PECH               ,1B,ACTIVO,28XR97 ,1,F121,08JL,23927,259,0,0,0,23,E23,18,,,,1,9ND09,2025-12-08 11:13:00,2025-12-08 18:45:46,1226,L,9JRE1,28XR97 ,1259,Nor,  ,,FR,S,GSC
2025-12-01 00:00:00,805971100387,76,DW,08,B,71,719,PEDRO SANTOS PAT              ,09,ACTIVO,PT038Y ,3,KL28,21KE,630,0,0,0,0,23,E23,18,,,,1,9ND09,2025-12-23 11:00:00,2025-12-23 13:51:20,7601,L,GAG7M,PT038Y ,0,Nor,56,NO HAY MEDIDOR,56,S,GSC
2025-12-01 00:00:00,806001055661,03,DW,08,C,28,031,KU CHAN JOSE DEMETRIO         ,1C,ACTIVO,7E76M8 ,2,F621,03F3,55046,424,0,0,0,0,,18,,,,1,9ND09,2025-12-30 12:40:00,,,,,,,,,,,,GSC
2025-12-01 00:00:00,806020300773,01,DW,08,C,28,011,QUIJANO MARTINEZ WILFRIDO     ,1C,ACTIVO,1J8U64 ,1,F121,01GG,31945,322,0,0,0,23,E23,18,,,,1,9ND09,2025-12-29 12:08:00,,,,,,,,,,,,GSC
2025-12-01 00:00:00,806041200167,01,DW,08,C,28,011,CARRILLO AKE HUMBERTO         ,1C,ACTIVO,7R40G8 ,1,F121,04GG,39027,341,0,0,0,23,E23,18,,,,1,9ND09,2025-12-29 12:03:00,,,,,,,,,,,,GSC
2025-12-01 00:00:00,806100900208,03,DW,08,C,28,031,POOL RODRIGUEZ FATIMA DE LA L ,1C,ACTIVO,62BP06 ,1,F121,06JL,17766,13,0,0,0,23,E23,18,,,,1,9ND09,2025-12-30 12:43:00,,,,,,,,,,,,GSC
2025-12-01 00:00:00,806130300370,26,DW,08,C,28,261,CERVANTES MIS REYES ORLANDO   ,02,CORTADO,RBE797 ,2,F623,24NY,271,0,0,0,0,23,E23,18,,,,1,9ND09,2025-12-17 16:51:00,2025-12-17 08:56:19,2601,L,R9917,RBE797 ,1347,Opt,44,NUM MEDID DESIGU,44,S,GSC
2025-12-01 00:00:00,806130500565,78,DW,08,C,33,339,CANUL NOVELO CEFERINO         ,1C,ACTIVO,401UA5 ,1,F122,12LH,2105,0,0,0,0,23,E23,18,,,,1,9ND09,2025-12-26 08:35:00,2025-12-26 11:21:57,7802,L,GAHTM,401UA5 ,0,Nor,59,DISPLAY APAGADO,59,S,GSC
2025-12-01 00:00:00,806171100156,03,DW,08,C,28,031,OSORIO CANTO LEIDY ROCIO DE MA,1C,ACTIVO,774VXG ,1,F122,16LN,12968,93,0,0,0,0,,18,,,,1,9ND09,2025-12-30 12:42:00,,,,,,,,,,,,GSC
2025-12-01 00:00:00,806211100065,77,DW,08,C,32,779,PHILIPPE Y VES MARC BERTHOME  ,02,ACTIVO,LV492H ,2,20NU,20NU,89177,2778,0,0,0,23,E23,18,,,,1,9ND09,2025-12-26 17:59:00,2025-12-26 14:36:35,7701,L,GAHTM,LV492H ,32518,Nor,40,SIN SELLO,FR,S,GSC
2025-12-01 00:00:00,801250501474,24,DW,07,B,04,244,POOT CHE JOSE JUAN BAUTISTA   ,1B,ACTIVO,3AAP15 ,2,F623,25NY,0,0,0,0,0,23,E23,18,,,,1,9MCJD,2025-12-16 15:47:00,2025-12-17 13:32:16,2452,N,GACPM,3AAP15 ,3500,Nor,  ,,FR,S,GSC
2025-12-01 00:00:00,801250801575,01,DW,07,B,06,012,YANES NAJERA PEDRO RICARDO    ,1B,ACTIVO,2AUM75 ,2,F623,25P2,586,221,0,0,0,23,E23,18,,,,1,9MCJD,2025-12-29 16:46:00,,,,,,,,,,,,GSC
2025-12-01 00:00:00,801870300258,01,DW,07,B,06,012,GUMERCINDO TUZ BACAB          ,1B,ACTIVO,YL3856 ,1,F121,86EG,8168,521,0,0,0,23,E23,18,,,,1,9MCJD,2025-12-29 16:47:00,,,,,,,,,,,,GSC
2025-12-01 00:00:00,801890100557,34,DW,07,B,26,261,UITZIL AY ELADIO              ,1B,ACTIVO,RDF623 ,2,F623,24NY,1434,584,0,0,0,23,E23,18,,,,1,9MCJD,2025-12-23 14:51:00,2025-12-23 11:26:40,3430,L,GAT3M,RDF623 ,4134,Opt,  ,,,,GSC
2025-12-01 00:00:00,801900900191,38,DW,07,B,96,962,MAY ABAN CRECIANO             ,1B,CORTADO,4V491W ,1,F121,06JL,39053,120,0,0,0,23,E23,18,,,,1,9MCJD,2025-12-26 17:37:00,2025-12-26 17:26:14,3826,L,9JR0P,4V491W ,990,Nor,  ,,FR,S,GSC
2025-12-01 00:00:00,801910201886,20,DW,07,B,06,206,TEMPLO PRINCIPE DE PAZ        ,02,ACTIVO,LAH110 ,1,F123,23NX,0,0,0,0,0,23,E23,18,,,,1,9MCJD,2025-12-12 17:20:00,2025-12-12 11:08:03,2003,M,GAT3M,LAH110 ,0,Opt,31,SERVICIO SIN USO,,,GSC
2025-12-01 00:00:00,801921100640,04,DW,07,B,06,406,SIERRA RUIZ EDILBERTO         ,1B,ACTIVO,3G360Y ,1,F121,05JL,37997,250,0,0,0,23,E23,18,,,,1,9MCJD,2025-12-02 16:34:00,2025-12-02 14:37:33,0402,M,9MCFY,3G360Y ,10250,Nor,  ,,FR,S,GSC
2025-12-01 00:00:00,801940100057,26,DW,07,B,13,131,ANATOLIA CUPUL LOPEZ          ,1B,ACTIVO,L19N20 ,1,F121,93F5,23974,10,0,0,0,23,E23,18,,,,1,9MCJD,2025-12-17 15:07:00,2025-12-17 11:32:14,2627,M,9NCU1,L19N20 ,1000,Nor,  ,,FR,S,GSC
2025-12-01 00:00:00,801950200530,20,DW,07,B,06,205,BALAM HAU ALBERTO             ,1B,ACTIVO,PBC412 ,1,F123,24NX,201,201,0,0,0,23,E23,18,,,,1,9MCJD,2025-12-12 17:14:00,2025-12-12 12:41:32,2002,L,9ND1B,PBC412 ,201,Opt,  ,,,,GSC
2025-12-01 00:00:00,801960401185,30,DW,07,B,40,404,KINIL Y CANCHE MARIA          ,1C,ACTIVO,W43X07 ,1,F121,94F5,56851,351,0,0,0,23,E23,18,,,,1,9MCJD,2025-12-19 18:15:00,2025-12-19 06:51:10,3026,L,9JR0P,W43X07 ,9364,Nor,  ,,FR,S,GSC
2025-12-01 00:00:00,801961200965,22,DW,07,B,06,221,CANCHE UICAB GABRIEL          ,1B,ACTIVO,E588Y9 ,1,F121,95F5,78126,444,0,0,0,23,E23,18,,,,1,9MCJD,2025-12-15 16:13:00,2025-12-15 09:09:30,2202,M,9NCU1,E588Y9 ,94444,Nor,  ,,FR,S,GSC
2025-12-01 00:00:00,801970400063,34,DW,07,B,26,262,SERVILIANO YAM                ,1B,ACTIVO,0H7T06 ,1,F121,01GG,36411,421,0,0,0,23,E23,18,,,,1,9MCJD,2025-12-23 14:58:00,2025-12-23 09:10:59,3426,L,9JR0P,0H7T06 ,0,Nor,52,COMUNICACION INTERRU,FR,S,GSC
2025-12-01 00:00:00,801970800398,24,DW,07,B,04,244,DIAZ HERRERA BENITO           ,1B,ACTIVO,YX8001 ,1,F121,86EG,3323,252,0,0,0,23,E23,18,,,,1,9MCJD,2025-12-16 15:48:00,2025-12-16 10:27:48,2426,L,9JR0P,YX8001 ,1252,Nor,  ,,FR,S,GSC
2025-12-01 00:00:00,801980700286,32,DW,07,B,40,407,PUC Y BE MAXIMILIANA          ,1C,ACTIVO,7Y9J99 ,1,F121,02GG,53033,527,0,0,0,23,E23,18,,,,1,9MCJD,2025-12-22 07:12:00,2025-12-22 12:09:04,3228,M,9ND1B,7Y9J99 ,10527,Nor,  ,,FR,S,GSC
2025-12-01 00:00:00,801990201423,04,DW,07,B,06,406,ALVAREZ SANCHEZ MIGUEL        ,1B,ACTIVO,PCU095 ,1,F123,24NX,13,13,0,0,0,23,E23,18,,,,1,9MCJD,2025-12-02 16:38:00,2025-12-02 13:20:42,0402,M,9MCFY,PCU095 ,13,Opt,  ,,,,GSC
2025-12-01 00:00:00,802010101602,40,DW,07,C,09,402,HAU CHI SERAPIO               ,1B,ACTIVO,3D0M88 ,1,F121,00GG,17003,271,0,0,0,23,E23,18,,,,1,9MCJD,2025-12-01 14:37:00,2025-12-29 14:29:40,4026,L,9MCCP,3D0M88 ,99272,Nor,  ,,FR,S,GSC
2025-12-01 00:00:00,802030300652,76,DW,07,C,65,761,ANDRES GONZALEZ AFIF          ,09,ACTIVO,CHF653 ,3,KL28,22NJ,32647,0,0,0,0,23,E23,18,,,,1,9MCJD,2025-12-29 14:59:00,2025-12-23 11:38:20,7601,L,9ND12,CHF653 ,0,Nor,52,COMUNICACION INTERRU,52,S,GSC
2025-12-01 00:00:00,802050200476,14,DW,07,C,42,141,ESCALANTE JIMENEZ MARISOL     ,02,ACTIVO,GEF682 ,3,KL28,J22N,8076,1043,0,0,0,23,E23,18,,,,1,9MCJD,2025-12-11 15:05:00,2025-12-09 08:31:10,1427,M,R9871,GEF682 ,94894,Nor,34,FUERA DE RUTA,FR,S,GSC
2025-12-01 00:00:00,802070800682,18,DW,07,C,42,186,REYES FELIX TERESA            ,1A,ACTIVO,099EK9 ,2,F62J,11L2,8145,48,0,0,0,951,LECT NEGATIVA,18,,,,1,9MCJD,2025-12-15 14:29:00,2025-12-11 11:33:42,1828,M,9MCCP,099EK9 ,99976,Nor,  ,,FR,S,GSC
2025-12-01 00:00:00,802080900197,79,DW,07,C,10,791,QUETZAL COHUO TEOFILO         ,02,CORTADO,33RC17 ,3,FD21,07F4,17002,0,0,0,0,23,E23,18,,,,1,9MCJD,2025-12-01 14:24:00,2025-12-29 09:52:14,7902,L,G92BN,33RC17 ,0,Nor,52,COMUNICACION INTERRU,52,S,GSC
2025-12-01 00:00:00,802080900430,34,DW,07,C,18,343,CHUC DZIB SOFIA               ,1B,ACTIVO,75VP58 ,1,F121,08JL,17915,146,0,0,0,23,E23,18,,,,1,9MCJD,2025-12-29 14:40:00,2025-12-23 08:18:29,3403,L,R9871,75VP58 ,1146,Nor,  ,,FR,S,GSC
2025-12-01 00:00:00,802081000998,06,DW,07,C,53,061,COLLI CHUC ANA MARIA          ,1B,ACTIVO,78VP55 ,1,F121,08JL,22584,220,0,0,0,23,E23,18,,,,1,9MCJD,2025-12-05 17:06:00,2025-12-03 10:16:37,0626,M,9MCCP,78VP55 ,3220,Nor,  ,,FR,S,GSC
2025-12-01 00:00:00,802100900041,14,DW,07,C,42,141,CORAL VEGA GILMER JOSE        ,1A,ACTIVO,131EK4 ,2,F62J,11L2,50944,249,0,0,0,23,E23,18,,,,1,9MCJD,2025-12-11 15:18:00,2025-12-09 08:29:33,1427,M,R9871,131EK4 ,99749,Nor,  ,,FR,S,GSC
2025-12-01 00:00:00,802110300262,14,DW,07,C,42,142,ANCONA CORREA GEISER JESUS    ,1A,ACTIVO,072EK6 ,2,F62J,11L2,57520,850,0,0,0,23,E23,18,,,,1,9MCJD,2025-12-11 15:06:00,2025-12-09 09:39:45,1426,M,9ND12,072EK6 ,51074,Nor,  ,,FR,S,GSC
2025-12-01 00:00:00,802120100288,79,DW,07,C,26,791,QUINTANA PALI MIGUEL          ,09,ACTIVO,378HAY ,3,KL28,15MK,19035,0,0,0,0,23,E23,18,,,,1,9MCJD,2025-12-01 14:19:00,2025-12-29 10:15:40,7902,L,G92BN,378HAY ,0,Nor,52,COMUNICACION INTERRU,52,S,GSC
2025-12-01 00:00:00,802130200841,14,DW,07,C,42,142,ANCONA CANO FILEMON           ,02,ACTIVO,133EK3 ,2,F62J,11L2,29751,2545,0,0,0,23,E23,18,,,,1,9MCJD,2025-12-11 15:08:00,2025-12-09 10:36:31,1426,M,9ND12,133EK3 ,92535,Nor,  ,,FR,S,GSC
2025-12-01 00:00:00,802141000241,40,DW,07,C,09,401,CHAN UCH ROSA MARIA           ,1B,ACTIVO,594WG7 ,1,F122,13LN,825,0,0,0,0,23,E23,18,,,,1,9MCJD,2025-12-01 14:40:00,2025-12-29 17:29:37,4027,L,GAM7M,594WG7 ,22255,Nor,  ,,FR,S,GSC
2025-12-01 00:00:00,802180100961,79,DW,07,C,20,791,BAAS CHUC FIDEL               ,9C,CORTADO,GEK853 ,3,KL28,22NJ,14470,0,0,0,0,23,E23,18,,,,1,9MCJD,2025-12-01 14:22:00,2025-12-29 08:19:42,7902,L,G92BN,GEK853 ,0,Nor,56,NO HAY MEDIDOR,56,S,GSC
2025-12-01 00:00:00,802200300881,72,DW,07,C,17,721,RADIOMOVIL DIPSA SA DE CV     ,67,ACTIVO,CHF860 ,3,KL28,22NJ,35630,1230,0,0,0,23,E23,18,,,,1,9MCJD,2025-12-19 16:18:00,2025-12-17 06:54:43,7201,L,9MCCP,CHF860 ,0,Nor,59,DISPLAY APAGADO,59,S,GSC
2025-12-01 00:00:00,802211000120,32,DW,07,C,11,322,CANUL COHUO ISMAEL            ,1B,ACTIVO,VJ353C ,1,21LN,21LN,89,5,0,0,0,23,E23,18,,,,1,9MCJD,2025-12-23 10:58:00,2025-12-22 16:39:19,3227,L,GAPFM,VJ353C ,31864,Nor,  ,,FR,S,GSC
2025-12-01 00:00:00,802240700190,18,DW,07,C,42,186,JIMENEZ CORAL BRENDA DEL CARME,1A,ACTIVO,RDY458 ,2,F623,24NY,13500,1740,0,0,0,23,E23,18,,,,1,9MCJD,2025-12-15 17:06:00,2025-12-11 12:46:46,1828,M,9MCCP,RDY458 ,96442,Nor,  ,,FR,S,GSC
2025-12-01 00:00:00,802240801191,32,DW,07,C,11,321,MAY CHI JESUS RICARDO         ,1B,ACTIVO,RDX689 ,2,F623,24NY,167,29,0,0,0,23,E23,18,,,,1,9MCJD,2025-12-23 09:53:00,2025-12-22 20:11:03,3226,L,9ND12,RDX689 ,2952,Nor,  ,,FR,S,GSC
2025-12-01 00:00:00,802250600908,72,DW,07,C,58,722,SANCHEZ RUIZ MANUEL REYES     ,67,ACTIVO,RKC414 ,3,KL28,24NJ,0,0,0,0,0,23,E23,18,,,,1,9MCJD,2025-12-19 16:29:00,2025-12-17 20:19:16,7202,L,G92BN,RKC414 ,0,Nor,5X,RUTA INCOMPLETA,,,GSC
2025-12-01 00:00:00,802751100166,06,DW,07,C,53,061,ANTONIO RODRIGUEZ             ,1B,ACTIVO,F6177L ,1,F121,74AM,51117,2,0,0,0,23,E23,18,,,,1,9MCJD,2025-12-05 17:16:00,2025-12-03 07:53:10,0626,M,9MCCP,F6177L ,99989,Nor,  ,,FR,S,GSC
2025-12-01 00:00:00,806071200480,10,DW,08,C,28,101,JAIME RODOLFO YAMA GARRIDO    ,1C,ACTIVO,99BP40 ,1,F121,06JL,97945,989,0,0,0,23,E23,18,,,,1,9ND09,2025-12-05 10:00:00,2025-12-05 10:40:29,1001,M,GAA2N,99BP40 ,10989,Nor,  ,,FR,S,GSC
2025-12-01 00:00:00,804010600270,26,DW,08,A,01,005,TEC Y CAN JOSE HUMBERTO       ,02,ACTIVO,7RK771 ,1,F121,99GG,3596,9,0,0,0,23,E23,18,,,,1,9ND09,2025-12-17 15:17:00,2025-12-17 09:39:22,2602,M,GAVPM,7RK771 ,33009,Nor,  ,,FR,S,GSC
2025-12-01 00:00:00,804011001426,03,DW,08,A,13,131,CHAN QUIJANO ROBERTO ARTURO   ,1B,ACTIVO,1F1T67 ,1,F121,01GG,11834,91,0,0,0,23,E23,18,,,,1,9ND09,2025-12-30 09:48:00,,,,,,,,,,,,GSC
2025-12-01 00:00:00,804030800887,22,DW,08,A,18,181,POOL KU JOSE CARMELO          ,1B,ACTIVO,0J2U96 ,1,F121,01GG,21910,179,0,0,0,23,E23,18,,,,1,9ND09,2025-12-15 11:43:00,2025-12-15 17:30:39,2228,M,9ND8B,0J2U96 ,99379,Nor,  ,,FR,S,GSC
2025-12-01 00:00:00,804081200523,22,DW,08,A,21,211,POOL CHALE AGUSTINA           ,1B,ACTIVO,27XR30 ,1,F121,08JL,19838,200,0,0,0,23,E23,18,,,,1,9ND09,2025-12-15 11:47:00,2025-12-15 10:09:58,2227,L,GAPUM,27XR30 ,1308,Nor,  ,,FR,S,GSC
2025-12-01 00:00:00,804140200109,04,DW,08,A,07,001,ESCAMILLA BRICENO FRANCISCO   ,1B,ACTIVO,349RM4 ,1,F122,12LH,515,47,0,0,0,951,LECT NEGATIVA,18,,,,1,9ND09,2025-12-04 12:54:00,2025-12-02 08:16:01,0426,L,9JR2G,349RM4 ,99976,Opt,  ,,,,GSC
2025-12-01 00:00:00,804150900176,79,DW,08,A,06,792,COUOH CHI JOSE COSME          ,1B,CORTADO,177EFW ,1,F122,15LN,4493,0,0,0,0,23,E23,18,,,,1,9ND09,2025-12-29 11:59:00,2025-12-29 10:09:34,7901,L,GAEQM,177EFW ,0,Nor,56,NO HAY MEDIDOR,56,S,GSC
2025-12-01 00:00:00,804201200204,22,DW,08,A,25,251,PECH CAN ANA BARBARA          ,1B,ACTIVO,KK735J ,1,F123,20NT,3494,52,0,0,0,23,E23,18,,,,1,9ND09,2025-12-15 11:48:00,2025-12-15 13:14:40,2228,M,9ND8B,KK735J ,96907,Nor,  ,,FR,S,GSC
2025-12-01 00:00:00,804240500169,40,DW,08,A,33,331,TAMAYO KUK FERNANDO DE LA CRUZ,1B,ACTIVO,JCD386 ,2,F623,23NU,10,0,0,0,0,23,E23,18,,,,1,9ND09,2025-12-29 11:47:00,2025-12-29 19:16:33,4026,M,GAPUM,JCD386 ,6370,Nor,  ,,FR,S,GSC
2025-12-01 00:00:00,804880400080,18,DW,08,A,06,001,JOSE ABELARDO HOIL CANTO      ,1B,ACTIVO,D8X028 ,1,F121,87F5,8998,90,0,0,0,23,E23,18,,,,1,9ND09,2025-12-11 14:31:00,2025-12-11 13:48:24,1827,L,GAEQM,D8X028 ,990,Nor,  ,,FR,S,GSC
2025-12-01 00:00:00,804910500122,22,DW,08,A,04,041,EK BALAM FELIPE               ,1B,ACTIVO,V5M565 ,2,F121,91F5,4505,0,0,0,0,23,E23,18,,,,1,9ND09,2025-12-15 11:42:00,2025-12-15 09:44:03,2226,L,9JRAU,V5M565 ,1000,Nor,  ,,FR,S,GSC
2025-12-01 00:00:00,804990600289,40,DW,08,A,33,331,NICOLAS CORTEZ K              ,1B,ACTIVO,6D69T1 ,1,F121,03GG,29191,176,0,0,0,23,E23,18,,,,1,9ND09,2025-12-29 11:47:00,2025-12-29 18:27:03,4026,M,GAPUM,6D69T1 ,1176,Nor,  ,,FR,S,GSC
2025-12-01 00:00:00,805000556431,74,DW,08,B,67,742,LORENZO ESCALANTE SANCHEZ     ,09,ACTIVO,PT431X ,3,KL28,21KE,820,0,0,0,0,23,E23,18,,,,1,9ND09,2025-12-19 17:16:00,2025-12-19 13:43:39,7401,L,GAVPM,PT431X ,0,Nor,59,DISPLAY APAGADO,59,S,GSC
2025-12-01 00:00:00,805040801471,22,DW,08,B,69,222,CALDERON ANGULO GUIMEL F      ,1B,ACTIVO,3R42V9 ,1,F121,04GG,45903,223,0,0,0,23,E23,18,,,,1,9ND09,2025-12-15 15:05:00,2025-12-15 12:18:44,2228,M,GAVPM,3R42V9 ,70223,Nor,  ,,FR,S,GSC
2025-12-01 00:00:00,805050101639,12,DW,08,B,66,122,SOSA ESTRADA JOSE FRANCISCO   ,1B,ACTIVO,PBD894 ,1,F123,24NX,0,0,0,0,0,23,E23,18,,,,1,9ND09,2025-12-08 11:13:00,2025-12-08 10:21:19,1226,L,9JRE1,1L28W2 ,584,Nor,  ,,,,GSC
2025-12-01 00:00:00,805050501025,28,DW,08,B,74,282,AGUILAR MORENO MARGELY SARAI  ,1B,ACTIVO,CM063F ,1,F123,19NM,3326,228,0,0,0,951,LECT NEGATIVA,18,,,,1,9ND09,2025-12-22 12:18:00,2025-12-18 09:44:32,2826,L,9JRE1,CM063F ,99989,Opt,  ,,,,GSC
2025-12-01 00:00:00,805060301121,76,DW,08,B,71,719,JOSE NATIVIDAD CHI HUAM       ,09,ACTIVO,U106AT ,2,KL28,18KE,1175,0,0,0,0,23,E23,18,,,,1,9ND09,2025-12-23 10:58:00,2025-12-23 13:23:53,7601,L,GAG7M,U106AT ,0,Nor,59,DISPLAY APAGADO,59,S,GSC
2025-12-01 00:00:00,805100700539,77,DW,08,B,74,773,TAMAYO SIERRA GABRIEL         ,02,ACTIVO,PT030Y ,3,KL28,21KE,6846,238,0,0,0,23,E23,18,,,,1,9ND09,2025-12-26 12:15:00,2025-12-26 11:06:57,7703,L,9ND0M,PT030Y ,0,Nor,52,COMUNICACION INTERRU,52,S,GSC
2025-12-01 00:00:00,805101100489,76,DW,08,B,66,667,TORREZ GARCIA JORGE           ,09,ACTIVO,NL437J ,2,F623,20NU,5201,0,0,0,0,23,E23,18,,,,1,9ND09,2025-12-23 10:58:00,2025-12-23 11:50:26,7602,L,9JRE1,NL437J ,0,Nor,59,DISPLAY APAGADO,59,S,GSC
2025-12-01 00:00:00,806220400811,78,DW,08,C,33,339,CAN PISTE JOSE ERNESTO        ,02,ACTIVO,MKU563 ,1,F123,23NX,285,0,0,0,0,951,LECT NEGATIVA,18,,,,1,9ND09,2025-12-30 08:33:00,2025-12-26 11:44:14,7802,L,GAHTM,MKU563 ,99801,Opt,40,SIN SELLO,,,GSC
2025-12-01 00:00:00,806221200386,01,DW,08,C,28,011,PEREZ RAJON SANTOS NATANAEL   ,1C,ACTIVO,Y531LT ,2,F623,19NU,6068,321,0,0,0,23,E23,18,,,,1,9ND09,2025-12-29 12:03:00,,,,,,,,,,,,GSC
2025-12-01 00:00:00,806241200501,10,DW,08,C,28,101,SARAS COHUO MARIO ALFREDO     ,1C,ACTIVO,PAU829 ,1,F123,24NX,546,546,0,0,0,23,E23,18,,,,1,9ND09,2025-12-05 10:00:00,2025-12-05 11:28:15,1001,M,GAA2N,PAU829 ,3210,Opt,  ,,,,GSC
2025-12-01 00:00:00,806750301066,01,DW,08,C,28,011,ESCALANTE ASUNCION            ,1C,ACTIVO,0R67V3 ,1,F121,04GG,29642,178,0,0,0,23,E23,18,,,,1,9ND09,2025-12-29 12:06:00,,,,,,,,,,,,GSC
2025-12-01 00:00:00,806750301767,03,DW,08,C,33,031,GONZALEZ C GALDINO            ,1C,ACTIVO,54XR20 ,1,F121,08JL,19918,182,0,0,0,23,E23,18,,,,1,9ND09,2025-12-30 12:44:00,,,,,,,,,,,,GSC
2025-12-01 00:00:00,806780400174,28,DW,08,C,41,282,TEODORO CHAN MAY              ,1C,ACTIVO,71XR45 ,1,F121,08JL,21933,170,0,0,0,23,E23,18,,,,1,9ND09,2025-12-19 10:56:00,2025-12-19 09:35:44,3026,L,9ND5B,71XR45 ,10170,Nor,  ,,FR,S,GSC
2025-12-01 00:00:00,806811000013,01,DW,08,C,28,011,CAUICH CANUL LIBORIO          ,1C,ACTIVO,5J6E98 ,1,F121,01GG,10217,26,0,0,0,23,E23,18,,,,1,9ND09,2025-12-29 12:02:00,,,,,,,,,,,,GSC
2025-12-01 00:00:00,806920100010,01,DW,08,C,28,011,LUGO MANUEL                   ,1C,ACTIVO,D870B3 ,1,F121,95F5,9455,0,0,0,0,23,E23,18,,,,1,9ND09,2025-12-29 12:07:00,,,,,,,,,,,,GSC
2025-12-01 00:00:00,806930300271,78,DW,08,C,29,299,CARRILLO BUENFIL JULIO        ,9M,ACTIVO,235L6F ,3,KL28,13KE,17172,191,0,0,0,23,E23,18,,,,1,9ND09,2025-12-26 18:30:00,2025-12-26 11:10:25,7802,L,GAHTM,235L6F ,0,Nor,59,DISPLAY APAGADO,59,S,GSC
2025-12-01 00:00:00,806970200074,01,DW,08,C,28,011,LUGO PADRON FRANCISCO J       ,1C,ACTIVO,F465T7 ,1,F121,95F5,8976,159,0,0,0,23,E23,18,,,,1,9ND09,2025-12-29 12:06:00,,,,,,,,,,,,GSC
2025-12-01 00:00:00,806980300166,01,DW,08,C,28,011,ALVAREZ CARRILLO ANA MA       ,1C,ACTIVO,5DW075 ,1,F121,98GG,60961,221,0,0,0,23,E23,18,,,,1,9ND09,2025-12-29 12:09:00,,,,,,,,,,,,GSC
2025-12-01 00:00:00,807010300038,78,DW,08,D,55,783,HERNANDEZ GAMBOA FIDENCIO     ,09,ACTIVO,MX723A ,3,KL28,20KE,249,0,0,0,0,23,E23,18,,,,1,9ND09,2025-12-26 13:45:00,2025-12-26 12:08:54,7801,L,9MCC7,MX723A ,0,Nor,59,DISPLAY APAGADO,59,S,GSC
2025-12-01 00:00:00,807131000554,79,DW,08,D,49,792,PEREZ RUIZ MARIO MIGUEL       ,9M,ACTIVO,143RL1 ,3,KL28,12KM,55963,0,0,0,0,23,E23,18,,,,1,9ND09,2025-12-29 15:42:00,2025-12-29 12:07:51,7901,L,9MCC7,143RL1 ,0,Nor,53,UI SERV DIRECTO,53,S,GSC
2025-12-01 00:00:00,807820500637,75,DW,08,D,49,751,SEP E T A                     ,67,ACTIVO,855AE5 ,3,KL28,11KM,21355,2242,0,0,0,23,E23,18,,,,1,9ND09,2025-12-22 12:27:00,2025-12-22 15:44:21,7502,L,R9857,855AE5 ,0,Nor,52,COMUNICACION INTERRU,52,S,GSC
2025-12-01 00:00:00,807920500103,24,DW,08,D,55,241,MANUEL TUTZIN POOT            ,1C,ACTIVO,D174G8 ,1,F121,95F5,77810,710,0,0,0,23,E23,18,,,,1,9ND09,2025-12-16 10:27:00,2025-12-16 11:57:03,2427,L,R9857,D174G8 ,1710,Nor,  ,,FR,S,GSC
2025-12-01 00:00:00,807960800061,06,DW,08,D,58,062,VICTOR MANUEL PACHECO PUC     ,1D,ACTIVO,F306T1 ,1,F121,95F5,14141,0,0,0,0,23,E23,18,,,,1,9ND09,2025-12-03 13:18:00,2025-12-03 09:52:38,0626,L,9MCC7,F306T1 ,99989,Nor,  ,,FR,S,GSC
2025-12-01 00:00:00,808020501259,76,DW,08,E,71,761,BASTO BASTO FREDY             ,09,ACTIVO,MX695A ,3,KL28,20KE,10361,0,0,0,0,23,E23,18,,,,1,9ND09,2025-12-23 13:12:00,2025-12-23 14:43:06,7602,L,GAHXM,MX695A ,0,Nor,50,CASA CERRADA,50,S,GSC
2025-12-01 00:00:00,808071100305,24,DW,08,E,69,242,CANCHE LOPEZ ANGEL GABRIEL    ,1B,ACTIVO,51KR37 ,1,F121,07JL,28700,376,0,0,0,23,E23,18,,,,1,9ND09,2025-12-16 12:21:00,2025-12-16 07:36:49,2426,M,GAFUM,51KR37 ,1376,Nor,  ,,FR,S,GSC
2025-12-01 00:00:00,808130100616,76,DW,08,E,84,761,CIME CIME PEDRO PASCUAL       ,1B,ACTIVO,428UA0 ,1,F122,12LH,7866,0,0,0,0,23,E23,18,,,,1,9ND09,2025-12-23 13:19:00,2025-12-23 15:24:34,7602,L,GAHXM,428UA0 ,0,Nor,56,NO HAY MEDIDOR,56,S,GSC
2025-12-01 00:00:00,808130800294,66,DW,08,E,67,661,CARTOMERSA  S A  DE C V       ,67,ACTIVO,MV845M ,3,KL28,20KE,23457,803,0,0,0,951,LECT NEGATIVA,18,,,,1,9ND09,2025-12-11 15:24:00,2025-12-09 11:50:09,6601,L,9BBVL,MV845M ,99385,Opt,  ,,,,GSC
2025-12-01 00:00:00,808750308713,18,DW,08,E,65,182,SANTIAGO ESCOBEDO M           ,1B,ACTIVO,44KR72 ,1,F121,07JL,36467,460,0,0,0,23,E23,18,,,,1,9ND09,2025-12-11 11:45:00,2025-12-11 08:52:10,1802,M,GAFUM,44KR72 ,1460,Nor,  ,,FR,S,GSC
2025-12-01 00:00:00,808920900141,36,DW,08,E,65,361,CHAN ABAN LUCIANO             ,1B,ACTIVO,M98F45 ,1,F121,93F5,63323,235,0,0,0,23,E23,18,,,,1,9ND09,2025-12-26 10:07:00,2025-12-26 10:48:52,3601,L,GAHXM,M98F45 ,1235,Nor,  ,,FR,S,GSC
2025-12-01 00:00:00,809000156225,34,DW,12,F,01,340,RAMON JESUS TREJO CORAL       ,1D,ACTIVO,93PL82 ,2,F621,07F3,62486,1306,0,0,0,23,E23,18,,,,1,9BBTM,2025-12-23 13:38:00,2025-12-23 10:07:08,3401,M,GAFBM,93PL82 ,21306,Nor,  ,,FR,S,GSC
2025-12-01 00:00:00,810020209463,26,DW,22,A,02,261,FRANCISCA MENDOZA RODRIGUEZ   ,1B,ACTIVO,6T854E ,2,F621,06F3,67968,606,0,0,0,23,E23,18,,,,1,9MCCM,2025-12-19 15:12:00,2025-12-17 10:44:51,2651,R,9MCKW,6T854E ,10606,Nor,  ,,FR,S,GSC
2025-12-01 00:00:00,810020308534,22,DW,22,A,02,221,LANDY                         ,1B,ACTIVO,8G5T20 ,1,F121,01GG,37197,291,0,0,0,23,E23,18,,,,1,9MCCM,2025-12-16 10:34:00,2025-12-15 10:09:47,2251,N,9NCT0,8G5T20 ,99292,Nor,  ,,FR,S,GSC
2025-12-01 00:00:00,810021004105,16,DW,22,A,02,162,EDUARDO GARCIA SAUCEDO        ,1B,ACTIVO,6G7J26 ,1,F121,01GG,23964,92,0,0,0,23,E23,18,,,,1,9MCCM,2025-12-11 09:26:00,2025-12-10 09:27:24,1602,M,9NCT0,6G7J26 ,99592,Nor,  ,,FR,S,GSC
2025-12-01 00:00:00,810021203108,26,DW,22,A,02,261,ROBERTO GARCIA LOPEZ          ,1B,CORTADO,8W7W55 ,2,F621,02F3,18794,1,0,0,0,0,,18,,,,1,9MCCM,2025-12-18 11:47:00,2025-12-17 09:51:55,2651,R,9MCKW,8W7W55 ,10001,Nor,  ,,FR,S,GSC
2025-12-01 00:00:00,810040402294,38,DW,22,A,01,380,TERESA DE J SALDIVAR BARROSO  ,1B,ACTIVO,343MFJ ,2,F62J,15MT,28906,35,0,0,0,23,E23,18,,,,1,9MCCM,2025-12-26 07:34:00,2025-12-26 09:48:09,3801,L,GAXPM,343MFJ ,99535,Nor,  ,,FR,S,GSC
2025-12-01 00:00:00,810071100296,18,DW,22,A,02,183,SOMOZA MEJIA MILAGRO          ,1B,ACTIVO,54PF14 ,2,F621,07F3,30494,203,0,0,0,23,E23,18,,,,1,9MCCM,2025-12-11 09:32:00,2025-12-11 10:06:56,1803,M,9MCKW,54PF14 ,94429,Nor,  ,,FR,S,GSC
2025-12-01 00:00:00,810081000192,20,DW,22,A,01,202,GARCIA GARDUZA CARMEN         ,1B,ACTIVO,49WT14 ,1,F121,08JL,31936,90,0,0,0,23,E23,18,,,,1,9MCCM,2025-12-15 11:07:00,2025-12-12 09:10:44,2051,N,9NCT0,49WT14 ,99090,Nor,  ,,FR,S,GSC
2025-12-01 00:00:00,810081202542,18,DW,22,A,02,184,CRUZ MARTINEZ TEODORO         ,1B,ACTIVO,12YE35 ,1,F121,08JL,12200,309,0,0,0,23,E23,18,,,,1,9MCCM,2025-12-12 10:14:00,2025-12-11 10:18:34,1804,M,9JR5N,12YE35 ,24309,Nor,  ,,FR,S,GSC
2025-12-01 00:00:00,810090604955,22,DW,22,A,02,221,CABRERA PEREZ YARELI          ,1B,ACTIVO,4W43D2 ,2,F621,04F3,87165,609,0,0,0,23,E23,18,,,,1,9MCCM,2025-12-16 10:35:00,2025-12-15 12:42:12,2251,N,9NCT0,4W43D2 ,10609,Nor,  ,,FR,S,GSC
2025-12-01 00:00:00,810091202524,24,DW,22,A,02,241,REYES PRADO CHRISTIAN ARMANDO ,1B,ACTIVO,90D6K7 ,2,F421,08KF,73080,765,0,0,0,23,E23,18,,,,1,9MCCM,2025-12-17 14:25:00,2025-12-16 08:50:44,2452,R,9ND54,90D6K7 ,90765,Nor,  ,,FR,S,GSC
2025-12-01 00:00:00,810110402220,20,DW,22,A,02,202,AGUILAR CRUZ JULIO CESAR      ,1B,ACTIVO,2AVC03 ,2,F623,25P2,1,1,0,0,0,23,E23,18,,,,1,9MCCM,2025-12-16 11:53:00,2025-12-12 12:35:28,2002,L,9JR5R,DW317L ,0,Opt,31,SERVICIO SIN USO,,,GSC
2025-12-01 00:00:00,810051102322,18,DW,22,A,02,184,MARTINEZ SAN JUAN ZAUL        ,1B,ACTIVO,9C987R ,2,F621,05F3,30716,182,0,0,0,23,E23,18,,,,1,9MCCM,2025-12-12 10:07:00,2025-12-11 10:06:29,1804,M,9JR5N,9C987R ,90182,Nor,  ,,FR,S,GSC
2025-12-01 00:00:00,810060600874,34,DW,22,A,01,341,GONGORA PAT NICOLAS           ,1B,CORTADO,3J987R ,1,F121,05JL,25273,1,0,0,0,23,E23,18,,,,1,9MCCM,2025-12-23 07:53:00,2025-12-23 15:30:08,3401,L,9MCKY,3J987R ,98999,Nor,  ,,FR,S,GSC
2025-12-01 00:00:00,810060602486,16,DW,22,A,02,162,ABENAMAR LOPEZ GARCIA         ,1B,ACTIVO,8N364G ,1,F121,06JL,27440,243,0,0,0,23,E23,18,,,,1,9MCCM,2025-12-11 09:27:00,2025-12-10 11:05:12,1602,M,9NCT0,8N364G ,97243,Nor,  ,,FR,S,GSC
2025-12-01 00:00:00,810060608867,10,DW,22,A,02,101,JOHN BOOKER                   ,1B,ACTIVO,582MEF ,2,F62J,15MT,17404,378,0,0,0,23,E23,18,,,,1,9MCCM,2025-12-08 11:52:00,2025-12-05 14:30:53,1053,N,9MCKW,582MEF ,94378,Nor,  ,,FR,S,GSC
2025-12-01 00:00:00,810060905292,06,DW,22,A,02,063,REYNALDA MEDINA               ,1B,ACTIVO,4J128R ,1,F121,05JL,13347,410,0,0,0,23,E23,18,,,,1,9MCCM,2025-12-03 08:40:00,2025-12-03 08:18:15,0604,L,9MC4Y,4J128R ,99410,Nor,  ,,FR,S,GSC
2025-12-01 00:00:00,810060905349,06,DW,22,A,02,063,REYNALDA MEDINA               ,1B,ACTIVO,4J131R ,1,F121,05JL,15952,176,0,0,0,23,E23,18,,,,1,9MCCM,2025-12-05 13:19:00,2025-12-03 08:19:12,0604,L,9MC4Y,4J131R ,1176,Nor,  ,,FR,S,GSC
2025-12-01 00:00:00,810070111987,32,DW,22,A,01,321,GAMBOA ARANGO ELEONOR         ,1B,ACTIVO,820MFJ ,2,F62J,15MT,20224,0,0,0,0,23,E23,18,,,,1,9MCCM,2025-12-23 08:34:00,2025-12-22 10:07:00,3251,R,GA21N,820MFJ ,99743,Nor,  ,,FR,S,GSC
2025-12-01 00:00:00,810071102442,16,DW,22,A,02,162,MUTUL PUC LEONARDO            ,1B,ACTIVO,8G5V44 ,1,F121,01GG,63170,143,0,0,0,23,E23,18,,,,1,9MCCM,2025-12-11 09:27:00,2025-12-10 12:43:07,1602,M,9NCT0,8G5V44 ,99143,Nor,  ,,FR,S,GSC
2025-12-01 00:00:00,810080103818,18,DW,22,A,02,184,DZUL TUN SANTIAGO             ,1B,ACTIVO,84ML04 ,2,F421,07GH,99033,312,0,0,0,23,E23,18,,,,1,9MCCM,2025-12-12 10:14:00,2025-12-11 08:44:02,1804,M,9JR5N,84ML04 ,10312,Nor,  ,,FR,S,GSC
2025-12-01 00:00:00,810081201104,06,DW,22,A,02,062,PEREZ REYES AMADOR            ,1B,ACTIVO,20D0K7 ,2,F421,08KF,43393,355,0,0,0,23,E23,18,,,,1,9MCCM,2025-12-03 08:40:00,2025-12-03 11:37:40,0603,L,9JR5N,20D0K7 ,90355,Nor,  ,,FR,S,GSC
2025-12-01 00:00:00,810081207790,18,DW,22,A,02,184,KAUIL MOO DEMETRIO            ,1B,ACTIVO,37WT53 ,1,F121,08JL,10934,30,0,0,0,23,E23,18,,,,1,9MCCM,2025-12-11 10:05:00,2025-12-11 10:51:08,1804,M,9JR5N,37WT53 ,1030,Nor,  ,,FR,S,GSC
2025-12-01 00:00:00,810090702531,10,DW,22,A,02,101,SERRANO BORDENAVE LIDIA       ,1B,ACTIVO,523MEF ,2,F62J,15MT,12827,238,0,0,0,23,E23,18,,,,1,9MCCM,2025-12-08 11:53:00,2025-12-05 09:35:20,1053,N,9MCKW,523MEF ,13972,Nor,  ,,FR,S,GSC
2025-12-01 00:00:00,810091106703,70,DW,22,A,01,706,MUNICIPIO DE PLAYA DEL CARMEN ,5A,ACTIVO,JAF306 ,2,F623,23NU,8786,0,0,0,0,23,E23,18,,,,1,9MCCM,2025-12-16 11:30:00,2025-12-15 16:16:45,7006,L,9MCKY,JAF306 ,0,Nor,59,DISPLAY APAGADO,59,S,GSC
2025-12-01 00:00:00,810101202463,18,DW,22,A,02,184,ORTEGA BUENROSTRO IRMA        ,1B,ACTIVO,9C970R ,2,F621,05F3,73740,717,0,0,0,23,E23,18,,,,1,9MCCM,2025-12-12 10:07:00,2025-12-11 08:21:01,1804,M,9JR5N,9C970R ,90717,Nor,  ,,FR,S,GSC
2025-12-01 00:00:00,810110113732,32,DW,22,A,01,322,CABALLERO VILLALOBOS GUILLERMO,02,SUJETO A CORTE,526MFU ,2,F62J,15MT,38856,0,0,0,0,23,E23,18,,,,1,9MCCM,2025-12-23 08:34:00,2025-12-22 10:27:53,3252,R,9MC60,526MFU ,93000,Nor,  ,,FR,S,GSC
2025-12-01 00:00:00,810120102941,32,DW,22,A,01,321,1273116 ALBERTA LTD BEN SCAVO ,1B,ACTIVO,350MFJ ,2,F62J,15MT,52797,854,0,0,0,23,E23,18,,,,1,9MCCM,2025-12-23 08:36:00,2025-12-22 09:48:34,3251,R,GA21N,350MFJ ,53354,Nor,  ,,FR,S,GSC
2025-12-01 00:00:00,810120706782,14,DW,22,A,01,143,GALAZ MORENO ELVIS ISRAEL     ,1B,ACTIVO,40MJ20 ,2,F421,07GH,28516,533,0,0,0,23,E23,18,,,,1,9MCCM,2025-12-10 11:24:00,2025-12-09 09:35:42,1402,L,9MC4Y,40MJ20 ,93533,Nor,  ,,FR,S,GSC
2025-12-01 00:00:00,810120800410,06,DW,22,A,02,062,HERVE CANUL HU                ,1B,ACTIVO,0H6T73 ,1,F121,01GG,39727,139,0,0,0,23,E23,18,,,,1,9MCCM,2025-12-05 13:19:00,2025-12-03 08:18:23,0603,L,9JR5N,0H6T73 ,1139,Nor,  ,,FR,S,GSC
2025-12-01 00:00:00,810121002801,26,DW,22,A,01,267,XOCHIHUA MEDINA JOSE FRANCISCO,1B,ACTIVO,5U337N ,2,F421,06GH,23981,490,0,0,0,0,,18,,,,1,9MCCM,2025-12-18 11:46:00,2025-12-17 14:14:27,2607,L,9MCKY,5U337N ,10490,Nor,  ,,FR,S,GSC
2025-12-01 00:00:00,810121002983,06,DW,22,A,02,061,MIRANADA SANCHEZ DEMETRIO     ,1B,ACTIVO,21X33L ,1,F12H,11KU,4269,0,0,0,0,23,E23,18,,,,1,9MCCM,2025-12-03 09:23:00,2025-12-03 10:30:09,0602,L,9MCKW,21X33L ,5000,Nor,  ,,FR,S,GSC
2025-12-01 00:00:00,810140304249,71,DW,22,A,01,713,LAS MEJORES PASTAS DEL C SA CV,67,ACTIVO,GEB763 ,3,KL28,22NJ,5888,5888,0,0,0,23,E23,18,,,,1,9MCCM,2025-12-16 14:39:00,2025-12-16 12:04:05,7103,L,9JR5R,GEB763 ,5888,Opt,  ,,,,GSC
2025-12-01 00:00:00,810140906435,28,DW,22,A,01,290,PERERA AGUAYO REYES JESUS     ,1B,ACTIVO,0W0X97 ,2,F621,02F3,22,219,0,0,0,23,E23,18,,,,1,9MCCM,2025-12-19 11:58:00,2025-12-18 08:18:42,2853,R,9JR5N,0W0X97 ,9219,Nor,  ,,LN,S,GSC
2025-12-01 00:00:00,810170405261,28,DW,22,A,02,281,URIBE HERNANDEZ ARACELI       ,1B,ACTIVO,A435KY ,2,F622,16LM,24149,118,0,0,0,23,E23,18,,,,1,9MCCM,2025-12-18 11:58:00,2025-12-18 10:04:43,2855,R,9ND54,A435KY ,76060,Nor,  ,,FR,S,GSC
2025-12-01 00:00:00,810240507449,26,DW,22,A,01,262,TAMEZ GARZA OSCAR ROLANDO     ,1B,ACTIVO,RBH033 ,2,F623,24NY,3005,1289,0,0,0,0,,18,,,,1,9MCCM,2025-12-17 11:46:00,2025-12-17 11:37:56,2602,M,9NCT1,RBH033 ,168,Nor,  ,,FR,S,GSC
2025-12-01 00:00:00,812980600054,36,DW,22,C,01,362,CRESENCIO GONZALES M          ,1B,ACTIVO,K45T69 ,2,F621,92F3,27310,3,0,0,0,23,E23,18,,,,1,9MCCM,2025-12-29 12:20:00,2025-12-26 10:02:07,3601,L,GAPHM,K45T69 ,10003,Nor,  ,,FR,S,GSC
2025-12-01 00:00:00,812990800230,20,DW,22,C,01,202,DELFINA M MEDINA CARBAJAL     ,1B,ACTIVO,5MV362 ,2,F421,99GH,24181,0,0,0,0,23,E23,18,,,,1,9MCCM,2025-12-16 13:30:00,2025-12-12 11:13:56,2002,M,GAPKM,5MV362 ,549,Nor,  ,,FR,S,GSC
2025-12-01 00:00:00,811150701030,28,DW,22,B,01,283,ADMON DEL SIST PORT NAC PROGRE,02,ACTIVO,787DW4 ,3,FD2H,11KV,69280,1360,0,0,0,23,E23,18,,,,1,9MCCM,2025-12-22 14:06:00,2025-12-18 08:49:03,2803,L,GA22N,787DW4 ,49000,Nor,  ,,FR,S,GSC
2025-12-01 00:00:00,811870300211,18,DW,22,B,01,018,TERRAZAS CORREA DAVID         ,1D,ACTIVO,PF3472 ,1,F121,84EG,1420,524,0,0,0,23,E23,18,,,,1,9MCCM,2025-12-12 13:47:00,2025-12-11 13:01:45,1801,M,GA22N,PF3472 ,9524,Nor,  ,,LN,S,GSC
2025-12-01 00:00:00,811950600592,18,DW,22,B,01,018,MARCIAL NOH                   ,1D,ACTIVO,T387Y0 ,1,F121,97F5,76074,552,0,0,0,23,E23,18,,,,1,9MCCM,2025-12-12 13:47:00,2025-12-11 11:09:21,1801,M,GA22N,T387Y0 ,99552,Nor,  ,,FR,S,GSC
2025-12-01 00:00:00,811951200016,12,DW,22,B,01,121,FELIPE CHAN D                 ,1D,ACTIVO,U62J53 ,1,F121,94F5,1219,504,0,0,0,23,E23,18,,,,1,9MCCM,2025-12-09 09:53:00,2025-12-08 08:55:54,1201,M,9MC92,U62J53 ,90504,Nor,  ,,FR,S,GSC
2025-12-01 00:00:00,811980200181,26,DW,22,B,01,262,DAVID SIKIKAL                 ,02,CORTADO,M3A825 ,2,F621,89F3,10911,150,0,0,0,23,E23,18,,,,1,9MCCM,2025-12-19 13:07:00,2025-12-17 09:16:06,2601,M,9NCT6,M3A825 ,1150,Nor,  ,,FR,S,GSC
2025-12-01 00:00:00,812020301401,36,DW,22,C,01,361,MANUEL CAUICH UITZIL          ,1B,ACTIVO,955MCL ,1,F12J,15MR,2299,16,0,0,0,23,E23,18,,,,1,9MCCM,2025-12-29 12:20:00,2025-12-26 12:29:39,3651,N,9NCT2,955MCL ,99966,Nor,  ,,FR,S,GSC
2025-12-01 00:00:00,812030100861,18,DW,22,C,01,181,JOSE A  GOMEZ LOZANO          ,1B,ACTIVO,5J1E72 ,1,F121,01GG,33346,1197,0,0,0,23,E23,18,,,,1,9MCCM,2025-12-11 12:35:00,2025-12-11 09:47:41,1801,L,GAPHM,5J1E72 ,32641,Nor,  ,,FR,S,GSC
2025-12-01 00:00:00,812031000348,20,DW,22,C,01,201,CONSUELO BARAHONA OSORIO      ,1B,ACTIVO,5H51T0 ,1,F121,03GG,74643,729,0,0,0,23,E23,18,,,,1,9MCCM,2025-12-15 12:27:00,2025-12-12 11:12:01,2001,M,9NCT2,5H51T0 ,90729,Nor,  ,,FR,S,GSC
2025-12-01 00:00:00,812050300581,24,DW,22,A,02,246,CHAN QUIJANO VIRGINIA         ,1B,CORTADO,4V85R4 ,2,F421,04GH,9921,92,0,0,0,23,E23,18,,,,1,9MCCM,2025-12-17 14:26:00,2025-12-16 14:18:16,2401,L,GAXPM,4V85R4 ,1092,Nor,  ,,FR,S,GSC
2025-12-01 00:00:00,812080802182,24,DW,22,A,02,246,CEN MAY PEDRO                 ,1B,ACTIVO,10C4J8 ,2,F621,08KG,17007,182,0,0,0,23,E23,18,,,,1,9MCCM,2025-12-17 14:26:00,2025-12-16 12:36:44,2401,L,GAXPM,10C4J8 ,99182,Nor,  ,,FR,S,GSC
2025-12-01 00:00:00,812090601347,26,DW,22,C,01,261,CANUL KINIL CRECENCIA         ,1B,ACTIVO,89PR30 ,2,F621,07F3,8982,148,0,0,0,23,E23,18,,,,1,9MCCM,2025-12-18 13:06:00,2025-12-17 10:19:47,2601,L,GAPKM,89PR30 ,1148,Nor,  ,,FR,S,GSC
2025-12-01 00:00:00,812100701591,26,DW,22,C,01,261,BALAM ANDRADE HERACILIO       ,1B,ACTIVO,0F52M8 ,2,F621,03F3,90868,124,0,0,0,23,E23,18,,,,1,9MCCM,2025-12-18 13:06:00,2025-12-17 09:42:59,2601,L,GAPKM,0F52M8 ,90124,Nor,  ,,FR,S,GSC
2025-12-01 00:00:00,812220102895,24,DW,22,A,02,246,GASPAR GARCIA KARLA FABIOLA   ,1B,ACTIVO,YP565U ,2,F623,21NU,11224,806,0,0,0,23,E23,18,,,,1,9MCCM,2025-12-18 11:49:00,2025-12-16 07:46:43,2401,L,GAXPM,YP565U ,4138,Nor,  ,,FR,S,GSC
2025-12-01 00:00:00,812240202853,79,DW,22,C,01,791,CFE TEIT                      ,67,ACTIVO,03E2L7 ,3,KL2E,08JR,25245,4679,0,0,0,23,E23,18,,,,1,9MCCM,2025-12-01 07:44:00,2025-12-29 13:04:36,7901,L,GAPHM,03E2L7 ,0,Nor,52,COMUNICACION INTERRU,52,S,GSC
2025-12-01 00:00:00,812981100306,63,DW,22,C,02,633,23ETV0113I TELESEC ELEUTERIO L,02,ACTIVO,U006AC ,2,F622,18LM,89975,1743,0,0,0,23,E23,18,,,,1,9MCCM,2025-12-05 13:10:00,2025-12-04 09:00:05,6301,L,GAPHM,U006AC ,0,Nor,53,UI SERV DIRECTO,53,S,GSC
2025-12-01 00:00:00,805240500467,77,DW,08,B,74,773,MENDEZ CHABLE GEORGINA BEATRIZ,1B,CORTADO,JFT546 ,2,F623,23NU,4589,153,0,0,0,23,E23,18,,,,1,9ND09,2025-12-26 12:15:00,2025-12-26 12:09:28,7703,L,9ND0M,JFT546 ,0,Nor,59,DISPLAY APAGADO,59,S,GSC
2025-12-01 00:00:00,805941200069,76,DW,08,B,64,649,CAPILLA GUADALUPANA           ,02,ACTIVO,7DWD47 ,2,F623,25NY,1099,430,0,0,0,23,E23,18,,,,1,9ND09,2025-12-23 11:14:00,2025-12-23 09:37:56,7603,L,9ND0M,7DWD47 ,1099,Opt,  ,,,,GSC
2025-12-01 00:00:00,806030401349,01,DW,08,C,28,011,BAAS CIAU AMELIA              ,1C,ACTIVO,8D25C4 ,1,F121,03GG,39749,563,0,0,0,23,E23,18,,,,1,9ND09,2025-12-29 12:04:00,,,,,,,,,,,,GSC
2025-12-01 00:00:00,806041001482,10,DW,08,C,28,101,ALAYON BALAM GERTRUDIS M      ,1C,ACTIVO,7B890D ,1,F121,04GG,6999,195,0,0,0,23,E23,18,,,,1,9ND09,2025-12-05 10:00:00,2025-12-05 11:33:49,1001,M,GAA2N,7B890D ,1195,Nor,  ,,FR,S,GSC
2025-12-01 00:00:00,806050900961,78,DW,08,C,29,299,EK UITZ GENARO                ,1C,ACTIVO,DTA449 ,2,F623,22NU,714,0,0,0,0,23,E23,18,,,,1,9ND09,2025-12-26 18:29:00,2025-12-26 11:15:19,7802,L,GAHTM,DTA449 ,0,Nor,59,DISPLAY APAGADO,59,S,GSC
2025-12-01 00:00:00,806080100820,03,DW,08,C,28,031,RODRIGUEZ GONZALEZ LIGIA B    ,1C,ACTIVO,63BP27 ,1,F121,06JL,15976,57,0,0,0,23,E23,18,,,,1,9ND09,2025-12-30 12:44:00,,,,,,,,,,,,GSC
2025-12-01 00:00:00,806101201192,03,DW,08,C,28,031,SANTOS VAZQUEZ FLORA BEATRIZ  ,1C,ACTIVO,39E51N ,2,F62H,10KN,27016,105,0,0,0,0,,18,,,,1,9ND09,2025-12-30 12:41:00,,,,,,,,,,,,GSC
2025-12-01 00:00:00,806140200039,01,DW,08,C,28,011,PEREZ CANTE LILIANA EYLEM     ,1C,ACTIVO,P61R67 ,1,F121,93F5,19119,10,0,0,0,23,E23,18,,,,1,9ND09,2025-12-29 12:07:00,,,,,,,,,,,,GSC
2025-12-01 00:00:00,806160800971,03,DW,08,C,28,031,GARRIDO AVILA BENITO          ,1C,ACTIVO,209JEG ,1,F622,15LM,6079,22,0,0,0,0,,18,,,,1,9ND09,2025-12-30 12:42:00,,,,,,,,,,,,GSC
2025-12-01 00:00:00,806190400691,78,DW,08,C,28,289,ARCEO SANTOS RUBI DE JESUS    ,9M,ACTIVO,GGE334 ,3,VL28,22NJ,272,0,0,0,0,23,E23,18,,,,1,9ND09,2025-12-26 18:26:00,2025-12-26 10:13:05,7801,L,9ND5B,GGE334 ,0,Nor,31,SERVICIO SIN USO,,,GSC
2025-12-01 00:00:00,806210400618,03,DW,08,C,28,031,COUOH CIME MARIA DEISY        ,1C,ACTIVO,HH458A ,1,F123,20NT,15532,863,0,0,0,23,E23,18,,,,1,9ND09,2025-12-30 12:47:00,,,,,,,,,,,,GSC
2025-12-01 00:00:00,806750300353,01,DW,08,C,28,011,MARTINEZ OLGUIN ELOY          ,1C,ACTIVO,U34J85 ,1,F121,94F5,87634,1082,0,0,0,23,E23,18,,,,1,9ND09,2025-12-29 12:07:00,,,,,,,,,,,,GSC
2025-12-01 00:00:00,806750300655,01,DW,08,C,28,011,PAREDES REYES PEDRO           ,1C,ACTIVO,9PH608 ,1,F121,99GG,74013,1285,0,0,0,23,E23,18,,,,1,9ND09,2025-12-29 12:03:00,,,,,,,,,,,,GSC
2025-12-01 00:00:00,806750308630,10,DW,08,C,28,101,MAY POLANCO SANTOS E          ,1C,ACTIVO,0YC349 ,1,F121,00GG,69208,90,0,0,0,23,E23,18,,,,1,9ND09,2025-12-05 10:00:00,2025-12-05 09:00:45,1001,M,GAA2N,0YC349 ,40077,Nor,  ,,FR,S,GSC
2025-12-01 00:00:00,806780300013,01,DW,08,C,28,011,CHAN E  IGNACIA               ,1C,ACTIVO,9PH189 ,1,F121,99GG,18154,40,0,0,0,23,E23,18,,,,1,9ND09,2025-12-29 12:06:00,,,,,,,,,,,,GSC
2025-12-01 00:00:00,806820100012,01,DW,08,C,28,011,BURGOS GUADALUPE              ,1C,ACTIVO,DW7297 ,1,W111,81C0,4839,101,0,0,0,23,E23,18,,,,1,9ND09,2025-12-29 12:09:00,,,,,,,,,,,,GSC
2025-12-01 00:00:00,806831200019,03,DW,08,C,28,031,SHP ESC PRIM EST A SERDAN     ,02,ACTIVO,T240R6 ,3,F121,97F5,81646,1256,0,0,0,23,E23,18,,,,1,9ND09,2025-12-30 12:47:00,,,,,,,,,,,,GSC
2025-12-01 00:00:00,806870800023,03,DW,08,C,28,031,LUGO SEGUNDO REMIGIO          ,1C,ACTIVO,2G306Y ,1,F121,05JL,35925,179,0,0,0,23,E23,18,,,,1,9ND09,2025-12-30 12:44:00,,,,,,,,,,,,GSC
2025-12-01 00:00:00,806881000169,28,DW,08,C,41,282,ESQUIVEL CANCHE GEYELI DEL CAR,1C,ACTIVO,6G2J21 ,1,F121,01GG,27639,213,0,0,0,23,E23,18,,,,1,9ND09,2025-12-19 10:56:00,2025-12-19 11:33:04,3026,L,9ND5B,6G2J21 ,29208,Nor,  ,,FR,S,GSC
2025-12-01 00:00:00,806920500026,01,DW,08,C,28,011,CARRILLO MOO JUAN             ,1C,ACTIVO,R4X847 ,1,F121,90F5,79279,426,0,0,0,23,E23,18,,,,1,9ND09,2025-12-29 12:04:00,,,,,,,,,,,,GSC
2025-12-01 00:00:00,806930900014,01,DW,08,C,28,011,POOL JOSE                     ,1C,ACTIVO,K55F30 ,1,F121,92F5,57737,268,0,0,0,23,E23,18,,,,1,9ND09,2025-12-29 12:05:00,,,,,,,,,,,,GSC
2025-12-01 00:00:00,806941200251,01,DW,08,C,28,011,CHABLE ALFONSO                ,1C,ACTIVO,W15X72 ,1,F121,94F5,27837,309,0,0,0,23,E23,18,,,,1,9ND09,2025-12-29 12:08:00,,,,,,,,,,,,GSC
2025-12-01 00:00:00,807170100311,75,DW,08,D,48,751,G ORTIZ ALONZO ENRIQUE YANUARI,9C,ACTIVO,G871XJ ,3,KL28,17KE,8735,317,0,0,0,23,E23,18,,,,1,9ND09,2025-12-22 12:25:00,2025-12-22 15:08:00,7502,L,R9857,G871XJ ,99950,Opt,  ,,,,GSC
2025-12-01 00:00:00,807240400481,08,DW,08,D,58,081,GOMEZ ALCOCER MANUEL DE JESUS ,1D,ACTIVO,JFV137 ,2,F623,23NU,525,387,0,0,0,23,E23,18,,,,1,9ND09,2025-12-04 11:16:00,2025-12-04 12:40:29,0826,L,R9857,JFV137 ,3677,Opt,  ,,,,GSC
2025-12-01 00:00:00,807780700018,03,DW,08,D,62,031,EK Y MIS HUMBERTO LIBERATO    ,1C,ACTIVO,L7505M ,1,W111,76C0,8319,139,0,0,0,23,E23,18,,,,1,9ND09,2025-12-30 13:41:00,,,,,,,,,,,,GSC
2025-12-01 00:00:00,807820500602,75,DW,08,D,48,751,SHP ESC SEC EST JACINTO C     ,67,ACTIVO,GEF763 ,3,KL28,22NJ,26840,3689,0,0,0,23,E23,18,,,,1,9ND09,2025-12-22 12:24:00,2025-12-22 15:44:04,7502,L,R9857,GEF763 ,0,Nor,52,COMUNICACION INTERRU,52,S,GSC
2025-12-01 00:00:00,807880400267,79,DW,08,D,57,791,MARTIN CERVERA PACHECO        ,09,CORTADO,0MM821 ,2,F121,98GG,7546,0,0,0,0,23,E23,18,,,,1,9ND09,2025-12-29 15:43:00,2025-12-29 10:16:19,7902,L,GAA4N,J81X66 ,99899,Nor,31,SERVICIO SIN USO,LN,S,GSC
2025-12-01 00:00:00,808000256215,24,DW,08,E,69,241,BARRERA SOSA LESLI GRICEL     ,02,ACTIVO,1G65A7 ,2,F621,03F3,21655,198,0,0,0,23,E23,18,,,,1,9ND09,2025-12-16 12:20:00,2025-12-16 13:22:20,2427,M,GAHXM,1G65A7 ,98,Nor,  ,,FR,S,GSC
2025-12-01 00:00:00,808011000701,18,DW,08,E,65,181,CANCHE TZAB REINA GABRIELA    ,1B,ACTIVO,3W7E77 ,1,F121,02GG,29596,341,0,0,0,23,E23,18,,,,1,9ND09,2025-12-11 12:01:00,2025-12-11 06:31:47,1801,M,9BBVL,3W7E77 ,99941,Nor,  ,,FR,S,GSC
2025-12-01 00:00:00,808030301011,20,DW,08,E,69,202,KU PECH MARCOS                ,1B,ACTIVO,8C45N0 ,1,F121,03GG,49122,657,0,0,0,23,E23,18,,,,1,9ND09,2025-12-12 11:15:00,2025-12-12 08:29:25,2027,M,GAFUM,8C45N0 ,99658,Nor,  ,,FR,S,GSC
2025-12-01 00:00:00,808040300543,20,DW,08,E,69,202,MEZETA LOPEZ JOSE ROGELIO     ,1B,ACTIVO,3N27K0 ,1,F121,04GG,7769,44,0,0,0,23,E23,18,,,,1,9ND09,2025-12-12 11:15:00,2025-12-12 12:04:32,2027,M,GAFUM,3N27K0 ,99034,Nor,  ,,FR,S,GSC
2025-12-01 00:00:00,808060900113,28,DW,08,E,72,282,CHAN AYIL JOSE CRUZ           ,1B,ACTIVO,F904R1 ,1,F121,95F5,31720,262,0,0,0,23,E23,18,,,,1,9ND09,2025-12-18 13:45:00,2025-12-18 09:27:16,2826,M,GAFUM,F904R1 ,90262,Nor,  ,,FR,S,GSC
2025-12-01 00:00:00,808750311757,32,DW,08,E,74,321,SANTIAGO CAUICH               ,1B,ACTIVO,D592G0 ,1,F121,95F5,57945,130,0,0,0,23,E23,18,,,,1,9ND09,2025-12-22 09:38:00,2025-12-22 10:02:52,3227,L,GAHXM,D592G0 ,1130,Nor,  ,,FR,S,GSC
2025-12-01 00:00:00,808860700066,16,DW,08,E,65,162,EUAN RAFAEL OSWALDO           ,02,ACTIVO,N72E59 ,2,F121,93F5,24503,4,0,0,0,23,E23,18,,,,1,9ND09,2025-12-10 15:46:00,2025-12-10 10:40:02,1602,M,GAFUM,WL2699 ,1201,Nor,31,SERVICIO SIN USO,FR,S,GSC
2025-12-01 00:00:00,810020803535,20,DW,22,A,01,202,CRIOLLO PAREDES MARTHA P      ,1B,CORTADO,7AUP63 ,2,F623,25P2,116,116,0,0,0,0,,18,,,,1,9MCCM,2025-12-12 11:38:00,2025-12-12 11:23:16,2051,N,9NCT0,7AUP63 ,58,Opt,  ,,,,GSC
2025-12-01 00:00:00,810030205164,24,DW,22,A,02,245,ANDRES CHOC CANUL             ,1B,ACTIVO,2UH480 ,1,F121,99GG,42587,385,0,0,0,23,E23,18,,,,1,9MCCM,2025-12-17 14:25:00,2025-12-16 08:35:23,2451,R,9NCT0,2UH480 ,90385,Nor,  ,,FR,S,GSC
2025-12-01 00:00:00,810040901436,10,DW,22,A,02,101,ABARCA LAGUNAS JOSE ARTURO    ,1B,ACTIVO,230MEE ,2,F62J,15MT,17262,129,0,0,0,23,E23,18,,,,1,9MCCM,2025-12-08 11:52:00,2025-12-05 10:15:13,1053,N,9MCKW,230MEE ,94129,Nor,  ,,FR,S,GSC
2025-12-01 00:00:00,810050414134,36,DW,22,A,01,364,MARTINEZ NOVELO NOE           ,1B,ACTIVO,34NV53 ,2,F621,07F3,30299,2844,0,0,0,23,E23,18,,,,1,9MCCM,2025-12-26 07:06:00,2025-12-26 09:32:53,3604,L,9MC60,34NV53 ,12844,Nor,  ,,FR,S,GSC
2025-12-01 00:00:00,810050603573,18,DW,22,A,02,183,LINARES PALACIOS FLAVIO       ,1B,ACTIVO,591MFM ,2,F62J,15MT,76617,2124,0,0,0,23,E23,18,,,,1,9MCCM,2025-12-15 12:35:00,2025-12-11 11:49:37,1803,M,9MCKW,591MFM ,42124,Nor,  ,,FR,S,GSC
2025-12-01 00:00:00,810050700498,28,DW,22,A,01,287,ZACIL ADRIANA PALOMO LOZANO   ,02,ACTIVO,58PF62 ,2,F621,07F3,70920,463,0,0,0,23,E23,18,,,,1,9MCCM,2025-12-18 07:36:00,2025-12-18 10:52:14,2851,R,9MC60,58PF62 ,90463,Nor,  ,,FR,S,GSC
2025-12-01 00:00:00,810051207418,18,DW,22,A,02,181,CHAN MARIA HERMELINDA         ,1B,ACTIVO,6H731L ,1,F121,05JL,15043,10,0,0,0,23,E23,18,,,,1,9MCCM,2025-12-15 12:35:00,2025-12-11 09:59:45,1802,M,9MC60,6H731L ,4993,Nor,  ,,FR,S,GSC
2025-12-01 00:00:00,810060906426,06,DW,22,A,02,063,RAMOS AYALA ROXANA BINUI      ,02,ACTIVO,2J779R ,1,F121,05JL,54931,518,0,0,0,23,E23,18,,,,1,9MCCM,2025-12-03 09:43:00,2025-12-03 08:25:43,0604,L,9MC4Y,2J779R ,1518,Nor,  ,,FR,S,GSC
2025-12-01 00:00:00,810070401977,06,DW,22,A,02,062,PINTO UCAN DELFINA            ,1B,ACTIVO,94BP66 ,1,F121,06JL,21566,516,0,0,0,23,E23,18,,,,1,9MCCM,2025-12-03 08:39:00,2025-12-03 10:26:45,0603,L,9JR5N,94BP66 ,90516,Nor,  ,,FR,S,GSC
2025-12-01 00:00:00,810070405425,70,DW,22,A,01,704,MUNICIPIO DE PLAYA DEL CARMEN ,5A,ACTIVO,R249XK ,3,KL2E,18MV,96277,0,0,0,0,23,E23,18,,,,1,9MCCM,2025-12-16 11:28:00,2025-12-15 12:41:01,7004,L,9JR5N,R249XK ,0,Nor,59,DISPLAY APAGADO,59,S,GSC
2025-12-01 00:00:00,810071003266,18,DW,22,A,02,183,AVILES CEBALLOS JOSE HERBE    ,1B,ACTIVO,74JY37 ,1,F121,07JL,16352,127,0,0,0,23,E23,18,,,,1,9MCCM,2025-12-12 10:13:00,2025-12-11 08:16:38,1803,M,9MCKW,74JY37 ,6452,Nor,  ,,FR,S,GSC
2025-12-01 00:00:00,810080701294,06,DW,22,A,02,062,BALLESTEROS RICALDE ANABEL    ,1B,ACTIVO,69D5A7 ,2,F421,08KF,34003,443,0,0,0,23,E23,18,,,,1,9MCCM,2025-12-03 08:39:00,2025-12-03 11:11:18,0603,L,9JR5N,69D5A7 ,90443,Nor,  ,,FR,S,GSC
2025-12-01 00:00:00,810080900637,20,DW,22,A,01,202, DELGADO BUSTILLOS MIGUEL A   ,1B,ACTIVO,4F88D6 ,2,F421,03GH,63443,401,0,0,0,23,E23,18,,,,1,9MCCM,2025-12-15 11:07:00,2025-12-12 08:44:49,2051,N,9NCT0,4F88D6 ,90401,Nor,  ,,FR,S,GSC
2025-12-01 00:00:00,810081008266,36,DW,22,A,01,364,CAMBRANO CORREA OMAR          ,1B,ACTIVO,73BH98 ,1,F121,06JL,12206,140,0,0,0,23,E23,18,,,,1,9MCCM,2025-12-26 06:53:00,2025-12-26 09:39:02,3604,L,9MC60,73BH98 ,99140,Nor,  ,,FR,S,GSC
2025-12-01 00:00:00,810081101070,16,DW,22,A,02,162,SANCHEZ ESTRADA ADRIAN        ,1B,ACTIVO,71C1F7 ,2,F621,08KG,26820,49,0,0,0,23,E23,18,,,,1,9MCCM,2025-12-11 09:27:00,2025-12-10 11:27:43,1602,M,9NCT0,71C1F7 ,99949,Nor,  ,,FR,S,GSC
2025-12-01 00:00:00,810081110508,18,DW,22,A,02,184,RIOS SANCHEZ ARTURO APOLINAR  ,1B,ACTIVO,74YD17 ,1,F121,08JL,31098,381,0,0,0,23,E23,18,,,,1,9MCCM,2025-12-12 10:07:00,2025-12-11 10:56:41,1804,M,9JR5N,74YD17 ,99381,Nor,  ,,FR,S,GSC
2025-12-01 00:00:00,810090604360,32,DW,22,A,01,321,ALVAREZ YAM GUADALUPE ARACELI ,02,ACTIVO,419MFJ ,2,F62J,15MT,99716,0,0,0,0,23,E23,18,,,,1,9MCCM,2025-12-23 08:33:00,2025-12-22 09:11:48,3251,R,GA21N,419MFJ ,99571,Nor,  ,,FR,S,GSC
2025-12-01 00:00:00,810090908580,18,DW,22,A,02,183,CORAL RODRIGUEZ HERMENEGILDO  ,1B,ACTIVO,5J1E74 ,1,F121,01GG,34020,230,0,0,0,23,E23,18,,,,1,9MCCM,2025-12-11 09:33:00,2025-12-11 11:42:21,1803,M,9MCKW,5J1E74 ,99230,Nor,  ,,FR,S,GSC
2025-12-01 00:00:00,810100403759,18,DW,22,A,02,181,CAB DORANTES ANDRES           ,1B,ACTIVO,07C4H8 ,2,F621,08KG,24854,346,0,0,0,23,E23,18,,,,1,9MCCM,2025-12-11 10:21:00,2025-12-11 12:53:52,1802,M,9MC60,07C4H8 ,1346,Nor,  ,,FR,S,GSC
2025-12-01 00:00:00,810120102453,06,DW,22,A,02,060,ESPINOZA HERNANDEZ MA MAGDALEN,1B,ACTIVO,8AYG90 ,2,F623,25P2,1,1,0,0,0,23,E23,18,,,,1,9MCCM,2025-12-03 11:16:00,2025-12-03 08:29:20,0601,L,9MCKU,57X32K ,373,Opt,  ,,,,GSC
2025-12-01 00:00:00,810120200382,06,DW,22,A,02,062,MARTINEZ MENDEZ LAURA ELENA   ,1B,ACTIVO,7E016G ,1,F121,05JL,24642,137,0,0,0,23,E23,18,,,,1,9MCCM,2025-12-05 13:18:00,2025-12-03 10:42:45,0603,L,9JR5N,7E016G ,3218,Nor,  ,,FR,S,GSC
2025-12-01 00:00:00,810120302142,32,DW,22,A,01,322,MENDOZA RAMIREZ JOSE LUIS     ,02,ACTIVO,375MFP ,2,F62J,15MT,97612,2306,0,0,0,23,E23,18,,,,1,9MCCM,2025-12-23 08:46:00,2025-12-22 08:56:50,3252,R,9MC60,375MFP ,52306,Nor,  ,,FR,S,GSC
2025-12-01 00:00:00,810120700971,08,DW,22,A,02,082,BALTAZAR QUINTANILLA BERTA G  ,1B,ACTIVO,11NF47 ,2,F421,07GH,38229,628,0,0,0,23,E23,18,,,,1,9MCCM,2025-12-04 10:53:00,2025-12-04 11:45:25,0802,L,9MCKU,11NF47 ,99628,Nor,  ,,FR,S,GSC
2025-12-01 00:00:00,810121004366,06,DW,22,A,02,063,PUC CEN FEDERICO              ,1B,ACTIVO,3M1U44 ,2,F421,01GH,15879,162,0,0,0,23,E23,18,,,,1,9MCCM,2025-12-03 09:52:00,2025-12-03 11:05:29,0604,L,9MC4Y,3M1U44 ,1162,Nor,  ,,FR,S,GSC
2025-12-01 00:00:00,810121104816,40,DW,22,A,01,404,SANTANA CERPA ENRIQUE JAVIER  ,1B,ACTIVO,M248RE ,2,F622,17LM,18608,2130,0,0,0,0,,18,,,,1,9MCCM,2025-12-29 11:16:00,2025-12-29 14:13:10,4054,R,9JR5N,M248RE ,-97499,Opt,  ,,,,GSC
2025-12-01 00:00:00,810130407155,18,DW,22,A,02,184,GALAN WILIX ESTUARD           ,1B,ACTIVO,803VG7 ,2,F622,12LJ,25840,343,0,0,0,23,E23,18,,,,1,9MCCM,2025-12-15 12:39:00,2025-12-11 08:13:43,1804,M,9JR5N,803VG7 ,1334,Nor,  ,,FR,S,GSC
2025-12-01 00:00:00,810140705111,34,DW,22,A,01,342,CASTREJON VELA MARINA         ,1B,ACTIVO,517M1X ,2,F62J,14L2,30386,25,0,0,0,23,E23,18,,,,1,9MCCM,2025-12-23 08:12:00,2025-12-23 10:06:49,3402,L,9ND54,517M1X ,73225,Nor,  ,,FR,S,GSC
2025-12-01 00:00:00,810150301710,40,DW,22,A,01,401,LOPEZ BASTO LEYDI GUADALUPE   ,02,ACTIVO,494MFU ,2,F62J,15MT,72782,2010,0,0,0,23,E23,18,,,,1,9MCCM,2025-12-30 10:56:00,2025-12-29 08:02:27,4051,R,9NCT0,494MFU ,42010,Nor,  ,,FR,S,GSC
2025-12-01 00:00:00,810150505021,32,DW,22,A,01,321,INOVACREATIVA S A  DE C V     ,02,ACTIVO,500MFJ ,2,F62J,15MT,70062,1097,0,0,0,23,E23,18,,,,1,9MCCM,2025-12-23 08:40:00,2025-12-22 12:05:27,3251,R,GA21N,500MFJ ,41097,Nor,  ,,FR,S,GSC
2025-12-01 00:00:00,810160101727,34,DW,22,A,01,342,ALEJANDRA COVAR RUBIAS PROA   ,1B,ACTIVO,157EK1 ,2,F62J,11L2,23737,452,0,0,0,0,,18,,,,1,9MCCM,2025-12-23 08:40:00,2025-12-23 10:19:02,3402,L,9ND54,157EK1 ,18091,Nor,  ,,FR,S,GSC
2025-12-01 00:00:00,810160204071,40,DW,22,A,01,402,OLESON   DONALD MICHAEL       ,1B,ACTIVO,864MFG ,2,F62J,15MT,51348,1320,0,0,0,23,E23,18,,,,1,9MCCM,2025-12-29 10:12:00,2025-12-29 16:47:00,4052,R,9MCKY,864MFG ,9270,Nor,  ,,FR,S,GSC
2025-12-01 00:00:00,810170505311,79,DW,22,C,01,791,DISTRIBUIDORA CHALDY S A  DE C,67,ACTIVO,A961HX ,3,KL28,16KE,40011,0,0,0,0,23,E23,18,,,,1,9MCCM,2025-12-01 07:46:00,2025-12-29 10:13:15,7901,L,GAPHM,A961HX ,0,Nor,59,DISPLAY APAGADO,59,S,GSC
2025-12-01 00:00:00,810180906306,70,DW,22,A,01,707,MUNICIPIO DE PLAYA DEL CARMEN ,5A,ACTIVO,PY443G ,3,KL28,21KE,53017,0,0,0,0,23,E23,18,,,,1,9MCCM,2025-12-16 11:31:00,2025-12-15 10:23:59,7007,L,9MCKW,PY443G ,0,Nor,59,DISPLAY APAGADO,59,S,GSC
2025-12-01 00:00:00,810191105968,18,DW,22,A,02,183,MISS TEH FELIPE               ,1B,ACTIVO,Y249LU ,2,F623,19NU,16194,0,0,0,0,23,E23,18,,,,1,9MCCM,2025-12-11 10:25:00,2025-12-11 10:22:21,1803,M,9MCKW,Y249LU ,90072,Nor,  ,,FR,S,GSC
2025-12-01 00:00:00,810001059531,32,DW,22,A,01,322,QUINTASEA SA DE C V           ,1B,ACTIVO,733MFM ,2,F62J,15MT,18189,92,0,0,0,23,E23,18,,,,1,9MCCM,2025-12-23 08:34:00,2025-12-22 09:07:41,3252,R,9MC60,733MFM ,92092,Nor,  ,,FR,S,GSC
2025-12-01 00:00:00,810010600792,06,DW,22,A,02,062,SOCORRO GONGORA BATES         ,1B,ACTIVO,1BCV20 ,2,F623,25P2,1,1,0,0,0,23,E23,18,,,,1,9MCCM,2025-12-03 11:44:00,2025-12-03 07:30:04,0603,L,9JR5N,07PL76 ,300,Nor,  ,,,,GSC
2025-12-01 00:00:00,810010702960,16,DW,22,A,02,162,ARANO REYES ADELA             ,1B,SUJETO A CORTE,8C944Y ,2,F621,05F3,54599,790,0,0,0,23,E23,18,,,,1,9MCCM,2025-12-11 09:27:00,2025-12-10 11:16:50,1602,M,9NCT0,8C944Y ,88385,Nor,  ,,FR,S,GSC
2025-12-01 00:00:00,810011111124,06,DW,22,A,02,062,FELIPE DE JESUS PUC PAT       ,1B,ACTIVO,3P6L04 ,1,F421,01GH,37011,200,0,0,0,23,E23,18,,,,1,9MCCM,2025-12-03 08:53:00,2025-12-03 10:38:46,0603,L,9JR5N,3P6L04 ,26772,Nor,  ,,FR,S,GSC
2025-12-01 00:00:00,810020103908,26,DW,22,A,02,261,MARIA GUADALUPE CANUL CAB     ,1B,ACTIVO,2H4T52 ,1,F121,01GG,17978,58,0,0,0,0,,18,,,,1,9MCCM,2025-12-18 11:46:00,2025-12-17 11:29:19,2651,R,9MCKW,2H4T52 ,1058,Nor,  ,,FR,S,GSC
2025-12-01 00:00:00,810020303486,06,DW,22,A,02,063,ALVARO DZIB CHAN              ,1B,ACTIVO,2J200R ,1,F121,05JL,15370,79,0,0,0,23,E23,18,,,,1,9MCCM,2025-12-03 09:02:00,2025-12-03 09:09:33,0604,L,9MC4Y,2J200R ,17967,Nor,  ,,FR,S,GSC
2025-12-01 00:00:00,810020400384,28,DW,22,A,01,290,MORENO MANDUJANO CARMEN       ,1B,ACTIVO,5J2E67 ,1,F121,01GG,40029,316,0,0,0,23,E23,18,,,,1,9MCCM,2025-12-18 07:36:00,2025-12-18 08:25:12,2853,R,9JR5N,5J2E67 ,90316,Nor,  ,,FR,S,GSC
2025-12-01 00:00:00,810020802016,18,DW,22,A,02,181,LEOBARDO POOT POOT            ,1B,ACTIVO,5RK153 ,1,F121,99GG,22012,66,0,0,0,23,E23,18,,,,1,9MCCM,2025-12-12 10:07:00,2025-12-11 09:43:30,1802,M,9MC60,5RK153 ,99066,Nor,  ,,FR,S,GSC
2025-12-01 00:00:00,810051205288,10,DW,22,A,01,102,CRUZ LOPEZ JOSE               ,1B,ACTIVO,76X2E0 ,1,F12F,09K6,596,3,0,0,0,23,E23,18,,,,1,9MCCM,2025-12-08 11:52:00,2025-12-05 14:26:35,1051,N,9JR5R,76X2E0 ,99943,Nor,  ,,FR,S,GSC
2025-12-01 00:00:00,810060906728,32,DW,22,A,01,321,CONSTRUCTORA LINEA DEL CIELO  ,1B,ACTIVO,424MFJ ,2,F62J,15MT,97727,1858,0,0,0,23,E23,18,,,,1,9MCCM,2025-12-23 08:38:00,2025-12-22 09:05:36,3251,R,GA21N,424MFJ ,51858,Nor,  ,,FR,S,GSC
2025-12-01 00:00:00,810061007212,22,DW,22,A,02,221,PEREZ O PASTORA               ,1B,ACTIVO,8X672L ,1,F121,06JL,27105,442,0,0,0,23,E23,18,,,,1,9MCCM,2025-12-16 10:35:00,2025-12-15 12:36:39,2251,N,9NCT0,8X672L ,99442,Nor,  ,,FR,S,GSC
2025-12-01 00:00:00,810070111791,18,DW,22,A,02,184,SANCHEZ PABLO LUCILA          ,1B,ACTIVO,73BP30 ,1,F121,06JL,21929,222,0,0,0,23,E23,18,,,,1,9MCCM,2025-12-11 10:34:00,2025-12-11 10:31:25,1804,M,9JR5N,73BP30 ,1222,Nor,  ,,FR,S,GSC
2025-12-01 00:00:00,810080208938,06,DW,22,A,02,063,MATIAS MARTINEZ AMPARO        ,1B,ACTIVO,34GD54 ,1,F121,07JL,29740,233,0,0,0,23,E23,18,,,,1,9MCCM,2025-12-03 09:06:00,2025-12-03 10:36:00,0604,L,9MC4Y,34GD54 ,1233,Nor,  ,,FR,S,GSC
2025-12-01 00:00:00,810080811863,16,DW,22,A,02,162,POOT MAY OSWALDO              ,1B,ACTIVO,46WT65 ,1,F121,08JL,41607,515,0,0,0,23,E23,18,,,,1,9MCCM,2025-12-11 09:27:00,2025-12-10 07:45:38,1602,M,9NCT0,46WT65 ,20516,Nor,  ,,FR,S,GSC
2025-12-01 00:00:00,810080900271,26,DW,22,A,02,261,PECH SILVA OSCAR              ,1B,ACTIVO,55WT02 ,1,F121,08JL,19697,1,0,0,0,0,,18,,,,1,9MCCM,2025-12-18 11:46:00,2025-12-17 11:05:28,2651,R,9MCKW,55WT02 ,1000,Nor,  ,,FR,S,GSC
2025-12-01 00:00:00,810081207811,18,DW,22,A,02,184,KAUIL MOO DEMETRIO            ,1B,ACTIVO,37WT55 ,1,F121,08JL,9144,56,0,0,0,23,E23,18,,,,1,9MCCM,2025-12-11 10:07:00,2025-12-11 10:51:37,1804,M,9JR5N,37WT55 ,10056,Nor,  ,,FR,S,GSC
2025-12-01 00:00:00,810090201834,24,DW,22,A,02,241,PEREZ MORGA KARINA            ,1B,ACTIVO,94D7K3 ,2,F421,08KF,38046,170,0,0,0,23,E23,18,,,,1,9MCCM,2025-12-17 14:25:00,2025-12-16 08:50:03,2452,R,9ND54,94D7K3 ,99170,Nor,  ,,FR,S,GSC
2025-12-01 00:00:00,810090204663,06,DW,22,A,02,063,BARRERA QUINTERO ESMERALDA RUB,1B,ACTIVO,34A5C0 ,1,F121,08JL,6846,1,0,0,0,23,E23,18,,,,1,9MCCM,2025-12-03 09:00:00,2025-12-03 07:53:26,0604,L,9MC4Y,34A5C0 ,10000,Nor,  ,,FR,S,GSC
2025-12-01 00:00:00,810100201625,28,DW,22,A,02,281,TRENADO RINCON MARIA MAGDALENA,1B,ACTIVO,58B3V9 ,2,F621,08KG,19006,1,0,0,0,23,E23,18,,,,1,9MCCM,2025-12-19 11:58:00,2025-12-18 08:58:16,2855,R,9ND54,58B3V9 ,99000,Nor,  ,,FR,S,GSC
2025-12-01 00:00:00,810100300739,32,DW,22,A,01,322,GARCIA QUIAN GLENDY           ,1B,ACTIVO,242MFJ ,2,F62J,15MT,28020,221,0,0,0,23,E23,18,,,,1,9MCCM,2025-12-23 09:17:00,2025-12-22 14:05:31,3252,R,9MC60,242MFJ ,6222,Nor,  ,,FR,S,GSC
2025-12-01 00:00:00,811100400934,18,DW,22,B,01,018,UC MAAS PORFIRIO              ,1D,ACTIVO,29NV00 ,2,F621,07F3,12514,182,0,0,0,23,E23,18,,,,1,9MCCM,2025-12-12 13:47:00,2025-12-11 13:05:50,1801,M,GA22N,29NV00 ,99182,Nor,  ,,FR,S,GSC
2025-12-01 00:00:00,806750301503,03,DW,08,C,28,031,MUNOZ LOPEZ LEONOR            ,1C,ACTIVO,F96R13 ,1,F121,92F5,29285,322,0,0,0,23,E23,18,,,,1,9ND09,2025-12-30 12:43:00,,,,,,,,,,,,GSC
2025-12-01 00:00:00,806750314117,16,DW,08,C,28,161,GALA M RENE                   ,1C,ACTIVO,P47H58 ,1,F121,93F5,69079,152,0,0,0,23,E23,18,,,,1,9ND09,2025-12-10 10:17:00,2025-12-10 06:58:55,1601,M,9ND5B,P47H58 ,50152,Nor,  ,,FR,S,GSC
2025-12-01 00:00:00,806750315652,28,DW,08,C,41,282,JOSE I MADERA                 ,1C,ACTIVO,2J42W0 ,1,F121,03GG,12925,7,0,0,0,23,E23,18,,,,1,9ND09,2025-12-19 10:56:00,2025-12-19 11:19:21,3026,L,9ND5B,2J42W0 ,1007,Nor,  ,,FR,S,GSC
2025-12-01 00:00:00,806750600951,06,DW,08,C,37,061,ISIDRO YAH                    ,1C,ACTIVO,GV9722 ,1,F121,82EG,3943,220,0,0,0,23,E23,18,,,,1,9ND09,2025-12-03 15:06:00,2025-12-03 11:20:41,0626,L,9MCDR,GV9722 ,1143,Nor,  ,,FR,S,GSC
2025-12-01 00:00:00,806760600011,01,DW,08,C,28,011,PISTE CHAN TOMAS              ,1C,ACTIVO,9YB530 ,1,F121,00GG,14947,340,0,0,0,23,E23,18,,,,1,9ND09,2025-12-29 12:08:00,,,,,,,,,,,,GSC
2025-12-01 00:00:00,806780900011,01,DW,08,C,28,011,UC MEZETA EDILBERTO           ,1C,ACTIVO,1G898Y ,1,F121,05JL,3035,58,0,0,0,23,E23,18,,,,1,9ND09,2025-12-29 12:02:00,,,,,,,,,,,,GSC
2025-12-01 00:00:00,806810500110,10,DW,08,C,28,101,BURGOS MOGUEL JOSE            ,1C,ACTIVO,0YC346 ,1,F121,00GG,95755,665,0,0,0,23,E23,18,,,,1,9ND09,2025-12-05 10:00:00,2025-12-05 08:47:01,1001,M,GAA2N,0YC346 ,10665,Nor,  ,,FR,S,GSC
2025-12-01 00:00:00,806880700213,22,DW,08,C,41,222,FRANCISCA CANCHE CANCHE       ,1C,ACTIVO,D7X921 ,1,F121,87F5,33821,133,0,0,0,23,E23,18,,,,1,9ND09,2025-12-15 15:50:00,2025-12-15 10:51:17,2227,L,9ND5B,D7X921 ,1133,Nor,  ,,FR,S,GSC
2025-12-01 00:00:00,806900400033,03,DW,08,C,28,031,AVILA KU VICTOR               ,1C,ACTIVO,33G0E4 ,1,F12H,09KU,21086,310,0,0,0,0,,18,,,,1,9ND09,2025-12-30 12:40:00,,,,,,,,,,,,GSC
2025-12-01 00:00:00,806910100011,01,DW,08,C,28,011,ESCALANTE MATILDE             ,1C,ACTIVO,1M56W8 ,1,F121,04GG,58898,641,0,0,0,23,E23,18,,,,1,9ND09,2025-12-29 12:03:00,,,,,,,,,,,,GSC
2025-12-01 00:00:00,806920500051,03,DW,08,C,28,031,BOBADILLA CANTO BERNABE       ,1C,ACTIVO,9T187H ,2,F621,06F3,33906,189,0,0,0,23,E23,18,,,,1,9ND09,2025-12-30 12:40:00,,,,,,,,,,,,GSC
2025-12-01 00:00:00,806960500070,16,DW,08,C,28,161,JUAN A PERERA CABRERA         ,1C,ACTIVO,W40X43 ,1,F121,94F5,64275,240,0,0,0,23,E23,18,,,,1,9ND09,2025-12-10 10:17:00,2025-12-10 08:42:05,1601,M,9ND5B,W40X43 ,97240,Nor,  ,,FR,S,GSC
2025-12-01 00:00:00,807021200311,12,DW,08,D,59,122,MAY CAAMAL PEDRO PABLO        ,1C,ACTIVO,0Y4M31 ,1,F121,02GG,20720,80,0,0,0,23,E23,18,,,,1,9ND09,2025-12-08 11:40:00,2025-12-08 08:52:48,1226,L,9MCC7,0Y4M31 ,1080,Nor,  ,,FR,S,GSC
2025-12-01 00:00:00,807050100040,06,DW,08,D,69,061,PERAZA CAAMAL SALVADOR DE LA C,1D,ACTIVO,6A173H ,1,F121,04GG,30775,765,0,0,0,23,E23,18,,,,1,9ND09,2025-12-03 13:15:00,2025-12-03 11:17:16,0627,L,R9857,6A173H ,2162,Nor,  ,,FR,S,GSC
2025-12-01 00:00:00,807070100224,02,DW,08,D,48,022,US MUNOZ TRANSITO             ,1B,ACTIVO,3R49V1 ,1,F121,04GG,2776,368,0,0,0,23,E23,18,,,,1,9ND09,2025-12-01 12:01:00,2025-12-01 09:46:33,0201,L,R9857,3R49V1 ,97960,Nor,44,NUM MEDID DESIGU,44,S,GSC
2025-12-01 00:00:00,807100300983,73,DW,08,D,66,732,RAMOS NUNEZ CECILIO           ,9M,CORTADO,MV186M ,3,KL28,20KE,4056,0,0,0,0,23,E23,18,,,,1,9ND09,2025-12-18 16:32:00,2025-12-18 15:30:12,7301,L,9MCC7,MV186M ,0,Nor,59,DISPLAY APAGADO,59,S,GSC
2025-12-01 00:00:00,807180400291,75,DW,08,D,49,751,ESCUELA PRIMARIA ALBERTO ECHEV,67,ACTIVO,G066XK ,3,KL28,17KE,80213,2457,0,0,0,951,LECT NEGATIVA,18,,,,1,9ND09,2025-12-24 12:22:00,2025-12-22 14:04:39,7502,L,R9857,G066XK ,98578,Opt,  ,,,,GSC
2025-12-01 00:00:00,807210900528,78,DW,08,D,55,782,LOPEZ MACIAS ANTONIO          ,67,ACTIVO,PJ120F ,3,KL28,20KE,28104,0,0,0,0,23,E23,18,,,,1,9ND09,2025-12-26 13:46:00,2025-12-26 08:33:26,7801,L,9MCC7,PJ120F ,0,Nor,59,DISPLAY APAGADO,59,S,GSC
2025-12-01 00:00:00,807760500365,03,DW,08,D,62,031,ARTURO PALOMO DOMINGUEZ       ,1C,ACTIVO,7X927L ,1,F121,06JL,34671,280,0,0,0,23,E23,18,,,,1,9ND09,2025-12-30 13:40:00,,,,,,,,,,,,GSC
2025-12-01 00:00:00,807850900061,12,DW,08,D,59,122,HONORATO CAUICH CETINA        ,1C,ACTIVO,0DV532 ,1,F121,98GG,39000,270,0,0,0,23,E23,18,,,,1,9ND09,2025-12-08 11:41:00,2025-12-08 12:25:06,1226,L,9MCC7,0DV532 ,8580,Nor,  ,,FR,S,GSC
2025-12-01 00:00:00,807961100349,14,DW,08,D,58,141,ESCOBEDO GARMA JUAN PABLO     ,1D,ACTIVO,M272W3 ,2,F121,96F5,61474,390,0,0,0,23,E23,18,,,,1,9ND09,2025-12-09 12:36:00,2025-12-09 10:25:13,1426,L,9MCC7,M272W3 ,38919,Nor,44,NUM MEDID DESIGU,44,S,GSC
2025-12-01 00:00:00,808050700647,28,DW,08,E,76,281,AMARO NAAL JOSE DEMETRIO      ,1B,ACTIVO,5V52P0 ,2,F421,04GH,11031,0,0,0,0,951,LECT NEGATIVA,18,,,,1,9ND09,2025-12-22 13:37:00,2025-12-18 12:43:12,2827,M,GAHXM,5V52P0 ,99989,Nor,  ,,FR,S,GSC
2025-12-01 00:00:00,808061000663,28,DW,08,E,72,282,GONGORA CHAN HECTOR MANUEL    ,1B,ACTIVO,51AV20 ,1,F121,06JL,40694,432,0,0,0,23,E23,18,,,,1,9ND09,2025-12-18 13:45:00,2025-12-18 12:06:54,2826,M,GAFUM,51AV20 ,90332,Nor,  ,,FR,S,GSC
2025-12-01 00:00:00,808100200667,20,DW,08,E,69,202,EK HUCHIM MARIA SILVERIA      ,1B,ACTIVO,0UH544 ,1,F121,99GG,43541,245,0,0,0,23,E23,18,,,,1,9ND09,2025-12-12 11:16:00,2025-12-12 11:06:00,2027,M,GAFUM,0UH544 ,1245,Nor,  ,,FR,S,GSC
2025-12-01 00:00:00,808750320110,22,DW,08,E,70,221,CANDELARIO EUAN M             ,1B,ACTIVO,2U7F22 ,1,F121,02GG,39787,198,0,0,0,23,E23,18,,,,1,9ND09,2025-12-15 14:16:00,2025-12-15 10:21:31,2226,M,GAEQM,2U7F22 ,10198,Nor,  ,,FR,S,GSC
2025-12-01 00:00:00,808810100378,22,DW,08,E,69,222,COUOH EK GILBERTA             ,1B,ACTIVO,5W445N ,1,F121,06JL,12804,86,0,0,0,23,E23,18,,,,1,9ND09,2025-12-15 14:15:00,2025-12-15 09:05:17,2227,M,GAFUM,5W445N ,26123,Nor,  ,,FR,S,GSC
2025-12-01 00:00:00,808861200172,22,DW,08,E,70,221,OXTE AY GUADALUPE             ,1B,ACTIVO,N25E55 ,1,F121,93F5,46154,348,0,0,0,23,E23,18,,,,1,9ND09,2025-12-15 14:15:00,2025-12-15 12:31:24,2226,M,GAEQM,N25E55 ,10348,Nor,  ,,FR,S,GSC
2025-12-01 00:00:00,808890900167,24,DW,08,E,70,242,EK BAKAB JUAN                 ,1B,ACTIVO,6D19T9 ,1,F121,03GG,44052,336,0,0,0,23,E23,18,,,,1,9ND09,2025-12-16 12:18:00,2025-12-16 09:51:15,2426,M,GAFUM,6D19T9 ,75933,Nor,  ,,FR,S,GSC
2025-12-01 00:00:00,808921200169,22,DW,08,E,69,222,CANTE UITZ HERCULANO          ,1B,ACTIVO,J99Y67 ,1,F121,92F5,45664,349,0,0,0,23,E23,18,,,,1,9ND09,2025-12-15 14:16:00,2025-12-15 08:00:46,2227,M,GAFUM,J99Y67 ,1477,Nor,  ,,FR,S,GSC
2025-12-01 00:00:00,809110200122,68,DW,12,F,01,680,H AYUNTAMIENTO DE ISLA MUJERES,06,ACTIVO,PY229H ,3,KL28,21KE,20,20,0,0,0,23,E23,2,,,,1,9BBTM,2025-12-11 14:11:00,2025-12-11 07:42:16,6801,L,9ND5V,PY229H ,769,Opt,  ,,,,GSC
2025-12-01 00:00:00,810010600954,06,DW,22,A,02,063,JULIAN CARRERA CHAVEZ         ,1B,ACTIVO,8VF696 ,1,F121,00GG,4077,489,0,0,0,23,E23,18,,,,1,9MCCM,2025-12-03 09:48:00,2025-12-03 12:08:55,0604,L,9MC4Y,8VF696 ,1489,Nor,  ,,FR,S,GSC
2025-12-01 00:00:00,810011112759,18,DW,22,A,02,181,ANTONIO ROMAN PALMA           ,1B,ACTIVO,7N725G ,1,F121,06JL,32302,74,0,0,0,23,E23,18,,,,1,9MCCM,2025-12-12 10:06:00,2025-12-11 08:06:43,1802,M,9MC60,7N725G ,99974,Nor,  ,,FR,S,GSC
2025-12-01 00:00:00,810011116550,22,DW,22,A,02,221,PASCUALA  CHI CUPUL           ,1B,ACTIVO,6J318A ,1,F121,05JL,46258,327,0,0,0,23,E23,18,,,,1,9MCCM,2025-12-16 10:34:00,2025-12-15 08:54:35,2251,N,9NCT0,6J318A ,99317,Nor,  ,,FR,S,GSC
2025-12-01 00:00:00,810020302196,20,DW,22,A,01,202,OLGA MENDOZA CACHO            ,1B,ACTIVO,2N6X88 ,2,F621,01F3,79266,823,0,0,0,23,E23,18,,,,1,9MCCM,2025-12-15 11:07:00,2025-12-12 09:16:56,2051,N,9NCT0,2N6X88 ,90823,Nor,  ,,FR,S,GSC
2025-12-01 00:00:00,810110406802,12,DW,22,A,02,121,ARAMBULA ARAMBULA MARICELA    ,1B,ACTIVO,4W75D2 ,2,F621,04F3,47064,482,0,0,0,23,E23,18,,,,1,9MCCM,2025-12-08 10:05:00,2025-12-08 11:44:18,1201,M,9MCKW,4W75D2 ,92178,Nor,  ,,FR,S,GSC
2025-12-01 00:00:00,810130801651,16,DW,22,A,02,162,CASTRO VILLEGAS CELESTINO     ,1B,ACTIVO,1V90X4 ,2,F621,04F3,46270,380,0,0,0,23,E23,18,,,,1,9MCCM,2025-12-12 09:14:00,2025-12-10 10:41:30,1602,M,9NCT0,1V90X4 ,2314,Nor,  ,,FR,S,GSC
2025-12-01 00:00:00,810140102492,38,DW,22,A,02,381,SANCHEZ MORALES LIZETTE       ,1B,ACTIVO,827MEN ,2,F62J,15MT,38487,542,0,0,0,23,E23,18,,,,1,9MCCM,2025-12-26 07:35:00,2025-12-26 10:54:22,3852,R,9JR5N,827MEN ,92552,Nor,  ,,FR,S,GSC
2025-12-01 00:00:00,810150200484,32,DW,22,A,01,321,SASKATCHEWAN  LTD             ,1B,ACTIVO,968MFJ ,2,F62J,15MT,74075,1400,0,0,0,23,E23,18,,,,1,9MCCM,2025-12-23 08:39:00,2025-12-22 09:39:25,3251,R,GA21N,968MFJ ,41400,Nor,  ,,FR,S,GSC
2025-12-01 00:00:00,810150513253,32,DW,22,A,02,323,HERRERA MUNOZ  AQUILES E      ,1B,ACTIVO,721MEK ,2,F62J,15MT,16075,180,0,0,0,23,E23,18,,,,1,9MCCM,2025-12-23 09:01:00,2025-12-22 11:41:12,3255,R,GAXPM,721MEK ,25077,Nor,  ,,FR,S,GSC
2025-12-01 00:00:00,810150514578,32,DW,22,A,01,321,FRED SACCO                    ,1B,ACTIVO,379MFJ ,2,F62J,15MT,82442,1281,0,0,0,23,E23,18,,,,1,9MCCM,2025-12-23 08:42:00,2025-12-22 08:00:27,3251,R,GA21N,379MFJ ,21281,Nor,  ,,FR,S,GSC
2025-12-01 00:00:00,810150905941,40,DW,22,A,01,402,DIAZ CHAUVIN ALANA MARITA     ,1B,ACTIVO,GED534 ,3,KL28,23NX,2038,107,0,0,0,23,E23,18,,,,1,9MCCM,2025-12-29 09:37:00,2025-12-29 10:17:16,4052,R,9MCKY,GED534 ,98294,Nor,  ,,FR,S,GSC
2025-12-01 00:00:00,810170112034,36,DW,22,A,01,362,DE LA ROSA DE JESUS MANUEL    ,1B,ACTIVO,693MBH ,2,F622,16LM,32754,947,0,0,0,23,E23,18,,,,1,9MCCM,2025-12-26 06:53:00,2025-12-26 17:18:01,3602,L,9MC4Y,693MBH ,71478,Nor,  ,,FR,S,GSC
2025-12-01 00:00:00,810960500051,70,DW,22,A,01,707,MUNICIPIO DE PLAYA DEL CARMEN ,5A,ACTIVO,690TLG ,2,F622,16LM,77538,0,0,0,0,23,E23,18,,,,1,9MCCM,2025-12-16 11:39:00,2025-12-15 11:12:27,7007,L,9MCKW,690TLG ,0,Nor,60,MEDID NO TRABAJA,60,S,GSC
2025-12-01 00:00:00,811010404035,10,DW,22,B,01,101,TORRES JIMENEZ ALEJANDRO      ,1D,ACTIVO,8R1H49 ,1,F121,01GG,30919,527,0,0,0,23,E23,18,,,,1,9MCCM,2025-12-08 12:41:00,2025-12-05 09:20:03,1001,M,9NCT6,8R1H49 ,1527,Nor,  ,,FR,S,GSC
2025-12-01 00:00:00,811060700417,26,DW,22,B,01,262,ISLACOMER S A DE C V          ,1D,ACTIVO,4W24W8 ,3,FD21,04F4,55089,0,0,0,0,23,E23,18,,,,1,9MCCM,2025-12-18 12:28:00,2025-12-17 10:26:35,2601,M,9NCT6,4W24W8 ,98991,Nor,  ,,FR,S,GSC
2025-12-01 00:00:00,811070502371,28,DW,22,B,01,283,ESCALERA MEDINA LUIS          ,1D,ACTIVO,21NM02 ,2,F621,07F3,41791,327,0,0,0,23,E23,18,,,,1,9MCCM,2025-12-19 12:57:00,2025-12-18 13:13:35,2803,L,GA22N,21NM02 ,99715,Nor,  ,,FR,S,GSC
2025-12-01 00:00:00,811080103903,30,DW,22,B,01,301,CHACON ALCOCER JULISA DEL CARM,1D,ACTIVO,81MN95 ,2,F421,07GH,85712,460,0,0,0,23,E23,18,,,,1,9MCCM,2025-12-22 09:20:00,2025-12-19 08:39:41,3001,M,GA2TN,81MN95 ,48036,Nor,  ,,FR,S,GSC
2025-12-01 00:00:00,811780700082,12,DW,22,B,01,122,OJEDA MANZANERO BLANCA ESTELA ,1D,ACTIVO,289MCV ,1,F12J,15MR,32281,641,0,0,0,23,E23,18,,,,1,9MCCM,2025-12-09 09:53:00,2025-12-08 10:15:51,1251,N,9MC8G,289MCV ,24227,Nor,  ,,FR,S,GSC
2025-12-01 00:00:00,811811200237,24,DW,22,B,01,241,JUAN AGUILAR REJON            ,1D,ACTIVO,1MM131 ,2,F121,98GG,56499,136,0,0,0,23,E23,18,,,,1,9MCCM,2025-12-17 14:12:00,2025-12-16 11:23:09,2451,N,GA22N,5VF153 ,70192,Nor,  ,,FR,S,GSC
2025-12-01 00:00:00,811840600244,20,DW,22,B,01,120,CHAN MAY EMILIANO             ,1D,CORTADO,1R567N ,2,F621,06F3,97923,1241,0,0,0,23,E23,18,,,,1,9MCCM,2025-12-15 11:15:00,2025-12-12 06:46:22,2002,M,9NCT6,1R567N ,2241,Nor,  ,,FR,S,GSC
2025-12-01 00:00:00,811960800280,12,DW,22,B,01,121,ERMILO CASTILLO               ,1D,ACTIVO,9A60V4 ,1,F121,02GG,82874,741,0,0,0,23,E23,18,,,,1,9MCCM,2025-12-10 12:40:00,2025-12-08 09:16:17,1201,M,9MC92,9A60V4 ,1741,Nor,  ,,FR,S,GSC
2025-12-01 00:00:00,812030700958,36,DW,22,C,01,363,NORMA DEL CARMEN VICENTE      ,1B,ACTIVO,5H96D4 ,2,F121,03GG,60077,1007,0,0,0,23,E23,18,,,,1,9MCCM,2025-12-29 12:30:00,2025-12-26 10:48:38,3652,N,GAPKM,5H96D4 ,9180,Nor,  ,,FR,S,GSC
2025-12-01 00:00:00,812041200400,24,DW,22,A,02,246,GILBERTO GOMEZ MARTINEZ       ,1B,ACTIVO,0R87V9 ,1,F121,04GG,21069,273,0,0,0,23,E23,18,,,,1,9MCCM,2025-12-17 14:26:00,2025-12-16 12:07:35,2401,L,GAXPM,0R87V9 ,99273,Nor,  ,,FR,S,GSC
2025-12-01 00:00:00,812050300425,26,DW,22,C,01,261,CATZIN BARGES ARISTEA         ,1B,ACTIVO,1R83H2 ,1,F121,04GG,59987,222,0,0,0,23,E23,18,,,,1,9MCCM,2025-12-18 13:06:00,2025-12-17 09:02:25,2601,L,GAPKM,1R83H2 ,10222,Nor,  ,,FR,S,GSC
2025-12-01 00:00:00,812070700748,12,DW,22,C,01,122,RAMIREZ PEREZ JULIO           ,1B,ACTIVO,34NV39 ,2,F621,07F3,20598,155,0,0,0,23,E23,18,,,,1,9MCCM,2025-12-10 10:30:00,2025-12-08 08:37:46,1201,L,GAPHM,34NV39 ,42420,Nor,  ,,FR,S,GSC
2025-12-01 00:00:00,812080901393,10,DW,22,C,01,101,NOH CANCHE LINA ESTHER        ,1B,ACTIVO,53WT94 ,1,F121,08JL,7903,342,0,0,0,23,E23,18,,,,1,9MCCM,2025-12-08 13:05:00,2025-12-05 11:04:53,1001,L,GAPHM,53WT94 ,10342,Nor,  ,,FR,S,GSC
2025-12-01 00:00:00,812090101476,24,DW,22,A,02,246,UCAN BATUN AGUSTIN            ,1B,ACTIVO,52WT11 ,1,F121,08JL,27120,184,0,0,0,23,E23,18,,,,1,9MCCM,2025-12-17 14:25:00,2025-12-16 10:41:47,2401,L,GAXPM,52WT11 ,99184,Nor,  ,,FR,S,GSC
2025-12-01 00:00:00,812090102162,06,DW,22,C,01,062,PETUL PUC ROSALINA            ,1B,ACTIVO,40A5C4 ,1,F121,08JL,36071,520,0,0,0,23,E23,18,,,,1,9MCCM,2025-12-04 12:23:00,2025-12-03 09:17:47,0601,L,GAPKM,40A5C4 ,99510,Nor,  ,,FR,S,GSC
2025-12-01 00:00:00,812170800855,14,DW,22,C,01,141,ROBERTO CRUZ HERNANDEZ        ,1B,ACTIVO,G730MN ,2,F622,17LM,1333,0,0,0,0,23,E23,18,,,,1,9MCCM,2025-12-10 13:51:00,2025-12-09 09:47:12,1401,L,9NCT2,G730MN ,12000,Nor,  ,,FR,S,GSC
2025-12-01 00:00:00,810250101769,34,DW,22,A,02,343,WUOTTO GONZALEZ MARCO ANTONIO ,1B,ACTIVO,RBW218 ,2,F623,24NY,2530,1300,0,0,0,0,,18,,,,1,9MCCM,2025-12-23 08:50:00,2025-12-23 14:50:59,3405,L,9NCT0,RBW218 ,6866,Opt,  ,,,,GSC
2025-12-01 00:00:00,810250307618,34,DW,22,A,01,346,GUSTAFSON ROBERT ALAN         ,1B,ACTIVO,RBA516 ,2,F623,24NY,2270,294,0,0,0,0,,18,,,,1,9MCCM,2025-12-23 08:42:00,2025-12-23 08:58:54,3403,L,GA21N,RBA516 ,20094,Nor,  ,,FR,S,GSC
2025-12-01 00:00:00,810940700096,32,DW,22,A,01,321,PALMAS DEL CARMEN SA CV       ,02,ACTIVO,417MFJ ,2,F62J,15MT,59853,0,0,0,0,23,E23,18,,,,1,9MCCM,2025-12-23 08:34:00,2025-12-22 09:12:04,3251,R,GA21N,417MFJ ,99349,Nor,  ,,FR,S,GSC
2025-12-01 00:00:00,810940700100,32,DW,22,A,01,321,PALMAS DEL CARMEN SA CV       ,02,ACTIVO,458MFJ ,2,F62J,15MT,25876,0,0,0,0,23,E23,18,,,,1,9MCCM,2025-12-23 08:33:00,2025-12-22 09:11:38,3251,R,GA21N,458MFJ ,99838,Nor,  ,,FR,S,GSC
2025-12-01 00:00:00,811001255701,10,DW,22,B,01,101,JOSE INES DZUL PECH           ,1D,ACTIVO,1VF605 ,1,F121,00GG,45421,298,0,0,0,23,E23,18,,,,1,9MCCM,2025-12-08 12:41:00,2025-12-05 09:21:20,1001,M,9NCT6,1VF605 ,130,Nor,  ,,FR,S,GSC
2025-12-01 00:00:00,811050401683,18,DW,22,B,01,018,HERRERA CRUZ ROGER            ,1D,ACTIVO,9V88F2 ,2,F421,04GH,49996,293,0,0,0,23,E23,18,,,,1,9MCCM,2025-12-12 13:47:00,2025-12-11 10:57:22,1801,M,GA22N,9V88F2 ,91293,Nor,  ,,FR,S,GSC
2025-12-01 00:00:00,810110303736,18,DW,22,A,02,181,GARCIA CUSTODIO MANASES       ,1B,ACTIVO,5K1J41 ,1,F121,01GG,57007,189,0,0,0,23,E23,18,,,,1,9MCCM,2025-12-12 10:12:00,2025-12-11 09:17:47,1802,M,9MC60,5K1J41 ,1189,Nor,  ,,FR,S,GSC
2025-12-01 00:00:00,810110801507,36,DW,22,A,01,364,AVILEZ REYES HEYDI            ,1B,ACTIVO,76P40H ,1,F12H,10KU,9964,164,0,0,0,23,E23,18,,,,1,9MCCM,2025-12-26 07:07:00,2025-12-26 12:35:50,3604,L,9MC60,76P40H ,20164,Nor,  ,,FR,S,GSC
2025-12-01 00:00:00,810120200196,06,DW,22,A,02,063,CHI PUC ANTONIA               ,02,ACTIVO,57R23N ,2,F62H,10KN,5516,374,0,0,0,23,E23,18,,,,1,9MCCM,2025-12-03 09:04:00,2025-12-03 09:12:38,0604,L,9MC4Y,57R23N ,5409,Nor,  ,,FR,S,GSC
2025-12-01 00:00:00,810120706871,14,DW,22,A,01,143,SANCHEZ ARGUELLO MARIO        ,1B,ACTIVO,1R913E ,2,F421,06GH,22596,324,0,0,0,23,E23,18,,,,1,9MCCM,2025-12-10 11:24:00,2025-12-09 10:04:37,1402,L,9MC4Y,1R913E ,90324,Nor,  ,,FR,S,GSC
2025-12-01 00:00:00,810121105065,22,DW,22,A,02,221,MATTHYS TINE GODELIEVE STEFAAN,1B,ACTIVO,TV843B ,1,F123,21NX,7432,301,0,0,0,23,E23,18,,,,1,9MCCM,2025-12-16 10:35:00,2025-12-15 12:04:35,2251,N,9NCT0,TV843B ,94301,Nor,  ,,FR,S,GSC
2025-12-01 00:00:00,810140803709,10,DW,22,A,02,101,GARCIA NEYRA LUCIA DE LA C    ,1B,ACTIVO,670MEF ,2,F62J,15MT,30575,167,0,0,0,23,E23,18,,,,1,9MCCM,2025-12-08 11:52:00,2025-12-05 14:54:55,1053,N,9MCKW,670MEF ,98380,Nor,  ,,FR,S,GSC
2025-12-01 00:00:00,810151005278,70,DW,22,A,01,702,MUNICIPIO DE PLAYA DEL CARMEN ,5A,ACTIVO,YC121N ,2,F623,21NU,84090,0,0,0,0,23,E23,18,,,,1,9MCCM,2025-12-16 11:22:00,2025-12-15 11:49:04,7002,L,9NCT1,YC121N ,0,Nor,59,DISPLAY APAGADO,59,S,GSC
2025-12-01 00:00:00,810160106958,40,DW,22,A,01,402,SOETAERT   SUELLEN GAY        ,1B,ACTIVO,634BJR ,3,FD22,14LR,25716,605,0,0,0,0,,18,,,,1,9MCCM,2025-12-01 11:03:00,2025-12-29 11:23:22,4052,R,9MCKY,634BJR ,52079,Opt,  ,,,,GSC
2025-12-01 00:00:00,810170303417,32,DW,22,A,01,322,MACHAEN ANTUNANO JOSE BENJAMIN,02,ACTIVO,129MFW ,2,F62J,15MT,13960,0,0,0,0,23,E23,18,,,,1,9MCCM,2025-12-23 08:34:00,2025-12-22 13:47:43,3252,R,9MC60,129MFW ,99727,Nor,  ,,FR,S,GSC
2025-12-01 00:00:00,810170308648,22,DW,22,A,02,221,CAMPOS JIMENEZ ALBERTINA      ,1B,ACTIVO,A519KY ,2,F622,16LM,16318,433,0,0,0,23,E23,18,,,,1,9MCCM,2025-12-16 10:35:00,2025-12-15 10:33:18,2251,N,9NCT0,A519KY ,99433,Nor,  ,,FR,S,GSC
2025-12-01 00:00:00,810170405333,32,DW,22,A,02,323,PASCUAL ROQUE DARIO           ,1B,ACTIVO,983MEG ,2,F62J,15MT,54170,250,0,0,0,23,E23,18,,,,1,9MCCM,2025-12-23 08:34:00,2025-12-22 13:04:07,3255,R,GAXPM,983MEG ,61833,Nor,  ,,FR,S,GSC
2025-12-01 00:00:00,810180605691,71,DW,22,A,01,713,PEREZ GONZALEZ ANDRES         ,67,CORTADO,8ECE17 ,3,KL28,25NJ,0,0,0,0,0,23,E23,18,,,,1,9MCCM,2025-12-16 12:13:00,2025-12-16 11:53:36,7103,L,9JR5R,GEF059 ,1205,Opt,  ,,,,GSC
2025-12-01 00:00:00,810201107999,32,DW,22,A,02,323,ANGEL MANUEL LASO DE LA VEGA V,1B,ACTIVO,613GJ5 ,2,F622,12LJ,50754,1191,0,0,0,0,,18,,,,1,9MCCM,2025-12-23 09:09:00,2025-12-22 09:04:50,3255,R,GAXPM,613GJ5 ,0,Nor,59,DISPLAY APAGADO,59,S,GSC
2025-12-01 00:00:00,810220406395,34,DW,22,A,01,342,SALAYA SUMOHANO SELESTE YENIS ,1B,ACTIVO,099MFV ,2,F62J,15MT,20725,1323,0,0,0,0,,18,,,,1,9MCCM,2025-12-23 08:30:00,2025-12-23 09:54:28,3402,L,9ND54,099MFV ,-98648,Nor,  ,,FR,S,GSC
2025-12-01 00:00:00,810250103966,34,DW,22,A,02,343,JIMENEZ PEREZ ANLLER ANTONIO  ,1B,ACTIVO,RBU907 ,2,F623,24NY,2550,1506,0,0,0,0,,18,,,,1,9MCCM,2025-12-23 08:55:00,2025-12-23 14:51:30,3405,L,9NCT0,RBU907 ,5563,Opt,  ,,,,GSC
2025-12-01 00:00:00,810251107116,70,DW,22,A,01,707,COND PLAYACAR FASE II AC      ,1B,ACTIVO,8CFL66 ,2,F623,25P3,211,211,0,0,0,23,E23,2,,,,1,9MCCM,2025-12-15 06:59:00,,,,,,,,,,,,GSC
2025-12-01 00:00:00,811021100224,28,DW,22,B,01,283,PALANCASA SA DE CV            ,1D,ACTIVO,1W5W79 ,2,F621,02F3,23903,1,0,0,0,23,E23,18,,,,1,9MCCM,2025-12-19 12:57:00,2025-12-18 11:21:50,2803,L,GA22N,1W5W79 ,99900,Nor,  ,,FR,S,GSC
2025-12-01 00:00:00,811060800233,30,DW,22,B,01,302,CARDENAS SUAREZ GLORIA AURORA ,1D,ACTIVO,0R221E ,2,F421,06GH,85887,591,0,0,0,23,E23,18,,,,1,9MCCM,2025-12-22 09:22:00,2025-12-19 15:36:30,3002,M,GA22N,0R221E ,1016,Nor,  ,,,,GSC
2025-12-01 00:00:00,811080301098,72,DW,22,B,01,723,MUNICIPIO DE COZUMEL          ,5A,ACTIVO,3CFD19 ,3,F623,25P3,0,0,0,0,0,23,E23,18,,,,1,9MCCM,2025-12-17 12:44:00,2025-12-17 15:17:11,7203,L,9MC92,768FML ,1531,Opt,  ,,,,GSC
2025-12-01 00:00:00,811100100159,12,DW,22,B,01,122,VIRGINIA GALVAN VARGAS        ,1D,ACTIVO,4C95N4 ,1,F121,03GG,52160,341,0,0,0,23,E23,18,,,,1,9MCCM,2025-12-09 09:53:00,2025-12-08 11:09:09,1251,N,9MC8G,4C95N4 ,90341,Nor,  ,,FR,S,GSC
2025-12-01 00:00:00,811100300433,10,DW,22,B,01,101,PEREA ZHUCAR RAUL             ,1D,ACTIVO,9B000Y ,2,F621,04F3,67430,915,0,0,0,951,LECT NEGATIVA,18,,,,1,9MCCM,2025-12-08 09:52:00,2025-12-05 07:11:12,1001,M,9NCT6,9B000Y ,99744,Nor,  ,,FR,S,GSC
2025-12-01 00:00:00,811750301922,12,DW,22,B,01,121,LUIS A PEREZ H                ,1D,ACTIVO,05B2D2 ,1,F121,08JL,45740,305,0,0,0,23,E23,18,,,,1,9MCCM,2025-12-09 09:53:00,2025-12-08 06:56:35,1201,M,9MC92,05B2D2 ,99705,Nor,  ,,FR,S,GSC
2025-12-01 00:00:00,811820500073,10,DW,22,B,01,102,ARMANDO ORTEGA VARGAS         ,1D,ACTIVO,38C5C7 ,2,F621,08KG,29412,275,0,0,0,23,E23,18,,,,1,9MCCM,2025-12-08 12:41:00,2025-12-05 07:41:21,1002,M,9ND4H,38C5C7 ,90275,Nor,  ,,FR,S,GSC
2025-12-01 00:00:00,811841000054,70,DW,22,B,01,706,23DJN0064B J  N  EVA SAMANO LO,02,ACTIVO,2CFD85 ,2,F623,25P3,0,0,0,0,0,23,E23,18,,,,1,9MCCM,2025-12-15 13:00:00,2025-12-15 16:35:56,7001,L,9NCT6,L937F7 ,505,Nor,  ,,,,GSC
2025-12-01 00:00:00,811850500167,18,DW,22,B,01,118,JORGE A CANCHE CANTO          ,1D,ACTIVO,69DM38 ,1,F121,06JL,51750,0,0,0,0,23,E23,18,,,,1,9MCCM,2025-12-15 14:30:00,2025-12-11 12:02:32,1802,M,9ND4F,69DM38 ,51853,Nor,44,NUM MEDID DESIGU,44,S,GSC
2025-12-01 00:00:00,811910900011,10,DW,22,B,01,102,LUCIA MAZUM                   ,1D,ACTIVO,D7G045 ,1,F121,87F5,58985,326,0,0,0,23,E23,18,,,,1,9MCCM,2025-12-09 09:58:00,2025-12-05 07:19:09,1002,M,9ND4H,D7G045 ,1326,Nor,  ,,FR,S,GSC
2025-12-01 00:00:00,811910900020,12,DW,22,B,01,121,LUCIANO KOO                   ,1D,ACTIVO,8M37C7 ,1,F121,04GG,51833,555,0,0,0,23,E23,18,,,,1,9MCCM,2025-12-09 09:53:00,2025-12-08 08:37:50,1201,M,9MC92,8M37C7 ,77689,Nor,  ,,FR,S,GSC
2025-12-01 00:00:00,811971100697,10,DW,22,B,01,102,RUGGLES   PATSY GAY           ,1D,ACTIVO,X759X0 ,2,F621,97F3,99595,690,0,0,0,23,E23,18,,,,1,9MCCM,2025-12-09 09:58:00,2025-12-05 11:54:16,1002,M,9ND4H,X759X0 ,10690,Nor,  ,,FR,S,GSC
2025-12-01 00:00:00,811990200333,26,DW,22,B,01,262,MC MAHAN   BRANDON RAY        ,1D,ACTIVO,M3A650 ,2,F621,89F3,24049,260,0,0,0,23,E23,18,,,,1,9MCCM,2025-12-18 12:28:00,2025-12-17 09:16:21,2601,M,9NCT6,M3A650 ,99260,Nor,  ,,FR,S,GSC
2025-12-01 00:00:00,811990501660,10,DW,22,B,01,102,ROBERT RODRIGUEZ S            ,1D,ACTIVO,6HX289 ,1,F621,98F3,6001,327,0,0,0,23,E23,18,,,,1,9MCCM,2025-12-08 12:41:00,2025-12-05 09:22:37,1002,M,9ND4H,6HX289 ,99327,Nor,  ,,FR,S,GSC
2025-12-01 00:00:00,812030600465,20,DW,22,C,01,202,BRITO ECHEVERRIA DANIEL ADAN  ,02,ACTIVO,0F67M3 ,2,F621,03F3,39238,107,0,0,0,23,E23,18,,,,1,9MCCM,2025-12-15 12:27:00,2025-12-12 10:20:38,2002,M,GAPKM,0F67M3 ,77424,Nor,  ,,FR,S,GSC
2025-12-01 00:00:00,812040100169,18,DW,22,C,01,181,VILLAS DE TULUM PASAR A OFICIN,1B,ACTIVO,8M52C3 ,1,F121,04GG,62967,159,0,0,0,23,E23,18,,,,1,9MCCM,2025-12-11 12:27:00,2025-12-11 10:29:11,1801,L,GAPHM,8M52C3 ,99159,Nor,  ,,FR,S,GSC
2025-12-01 00:00:00,812090901634,12,DW,22,C,01,122,PECH COH PETRONILO            ,1B,ACTIVO,23L5G4 ,1,F12H,09KU,8089,1,0,0,0,23,E23,18,,,,1,9MCCM,2025-12-09 15:24:00,2025-12-08 09:05:36,1201,L,GAPHM,23L5G4 ,99971,Nor,  ,,FR,S,GSC
2025-12-01 00:00:00,812091002919,26,DW,22,A,02,262,MORALES RUIZ MANUEL           ,1B,ACTIVO,85PK47 ,2,F621,07F3,49984,72,0,0,0,0,,18,,,,1,9MCCM,2025-12-18 11:46:00,2025-12-17 08:57:45,2610,L,GAXPM,85PK47 ,1072,Nor,  ,,,,GSC
2025-12-01 00:00:00,812170201099,12,DW,22,C,01,122,CASTELLANO JIMENEZ CARMEN     ,1B,ACTIVO,815MBJ ,2,F622,16LM,27366,144,0,0,0,23,E23,18,,,,1,9MCCM,2025-12-09 15:24:00,2025-12-08 08:42:38,1201,L,GAPHM,815MBJ ,99944,Nor,  ,,FR,S,GSC
2025-12-01 00:00:00,812190102747,64,DW,22,C,01,641,MAKA HOSPITALITY SA DE CV     ,67,CORTADO,GGE397 ,3,VL28,22NJ,539,880,0,0,0,23,E23,18,,,,1,9MCCM,2025-12-09 13:30:00,2025-12-05 08:25:15,6401,L,GAPKM,GGE397 ,0,Nor,59,DISPLAY APAGADO,59,S,GSC
2025-12-01 00:00:00,812210401851,26,DW,22,C,01,263,DE CV NON SA                  ,1B,ACTIVO,2AUP59 ,2,F623,25P2,201,201,0,0,0,0,,18,,,,1,9MCCM,2025-12-17 15:26:00,2025-12-17 08:26:42,2603,L,9NCT2,N017DE ,-94674,Opt,  ,,,,GSC
2025-12-01 00:00:00,812250803677,14,DW,22,C,01,144,CEDENO VALDIVIEZO ANA ISABEL  ,1B,ACTIVO,0DVH27 ,2,F623,25NY,3918,2307,0,0,0,23,E23,18,,,,1,9MCCM,2025-12-10 13:52:00,2025-12-09 08:35:49,1402,L,GAPHM,0DVH27 ,44447,Nor,  ,,FR,S,GSC
2025-12-01 00:00:00,812930601262,36,DW,22,C,01,362,PEDRO E ARZAPALO N            ,1B,ACTIVO,3H5T50 ,1,F121,01GG,70096,902,0,0,0,23,E23,18,,,,1,9MCCM,2025-12-29 12:20:00,2025-12-26 09:03:06,3601,L,GAPHM,3H5T50 ,99902,Nor,  ,,FR,S,GSC
2025-12-01 00:00:00,812940700200,20,DW,22,C,01,202,LAZARO BASTIAN GARCIA         ,02,ACTIVO,W99H94 ,1,F121,94F5,59969,288,0,0,0,23,E23,18,,,,1,9MCCM,2025-12-16 13:25:00,2025-12-12 10:45:27,2002,M,GAPKM,W99H94 ,1288,Nor,  ,,FR,S,GSC
2025-12-01 00:00:00,812981000468,06,DW,22,C,01,062,WILBERT JAVIER PECH COOL      ,1B,ACTIVO,1BY068 ,1,F121,98F5,77014,89,0,0,0,23,E23,18,,,,1,9MCCM,2025-12-04 12:22:00,2025-12-03 09:00:35,0601,L,GAPKM,1BY068 ,99089,Nor,  ,,FR,S,GSC
2025-12-01 00:00:00,810190605720,18,DW,22,A,02,181,LOPEZ VILLANUEVA SERGIO       ,1B,ACTIVO,177MEP ,2,F62J,15MT,22707,721,0,0,0,23,E23,18,,,,1,9MCCM,2025-12-12 10:13:00,2025-12-11 07:43:06,1802,M,9MC60,177MEP ,5719,Nor,  ,,FR,S,GSC
2025-12-01 00:00:00,810200112751,24,DW,22,A,02,241,HARO HERNANDEZ VICTOR         ,1B,ACTIVO,922MEK ,2,F62J,15MT,29441,469,0,0,0,23,E23,18,,,,1,9MCCM,2025-12-18 11:47:00,2025-12-16 11:05:56,2452,R,9ND54,922MEK ,3419,Nor,  ,,FR,S,GSC
2025-12-01 00:00:00,810220906487,40,DW,22,A,01,405,AGF MEXICO PROPERTIES S DE RL ,1B,ACTIVO,52X5F1 ,2,F62F,09L2,74699,844,0,0,0,23,E23,18,,,,1,9MCCM,2025-12-30 11:36:00,2025-12-29 11:50:02,4055,R,9MCKU,52X5F1 ,40844,Nor,  ,,FR,S,GSC
2025-12-01 00:00:00,810240605084,79,DW,22,A,01,791,ALSTOM FERROVIARIA MEXICO     ,67,ACTIVO,GDR705 ,3,KL28,22NJ,9011,4720,0,0,0,23,E23,18,,,,1,9MCCM,2025-12-30 12:12:00,2025-12-29 09:21:40,7901,L,9MC4Y,GDR705 ,0,Nor,53,UI SERV DIRECTO,53,S,GSC
2025-12-01 00:00:00,810920600371,12,DW,22,A,02,122,MIRTILA LOPEZ BELTRAN         ,1B,ACTIVO,015MGE ,3,FD2J,15MU,54661,1163,0,0,0,23,E23,18,,,,1,9MCCM,2025-12-09 15:12:00,2025-12-08 12:22:37,1253,N,9NCT0,015MGE ,7164,Nor,  ,,FR,S,GSC
2025-12-01 00:00:00,811000860288,16,DW,22,B,01,161,EMILIO VILLANUEVA DIAZ        ,1D,ACTIVO,835MEJ ,2,F62J,15MT,13541,944,0,0,0,23,E23,18,,,,1,9MCCM,2025-12-12 08:52:00,2025-12-10 14:36:06,1651,N,9ND4H,835MEJ ,6227,Nor,  ,,FR,S,GSC
2025-12-01 00:00:00,811010101865,10,DW,22,B,01,101,PACHECO ALBORNOZ LUIS HUMBERTO,1D,ACTIVO,2UH171 ,1,F121,99GG,48198,373,0,0,0,23,E23,18,,,,1,9MCCM,2025-12-08 12:40:00,2025-12-05 09:20:53,1001,M,9NCT6,2UH171 ,97596,Nor,  ,,FR,S,GSC
2025-12-01 00:00:00,811021200547,28,DW,22,B,01,283,OPERADORA PALANCAR SA CV      ,02,ACTIVO,03E1M3 ,3,KL28,08KM,96349,4611,0,0,0,23,E23,18,,,,1,9MCCM,2025-12-22 14:12:00,2025-12-18 08:11:51,2803,L,GA22N,03E1M3 ,52552,Nor,  ,,FR,S,GSC
2025-12-01 00:00:00,811030901434,18,DW,22,B,01,118,ISIDRO RUIZ SOLIS             ,1D,ACTIVO,8H23T2 ,1,F121,03GG,45224,2099,0,0,0,23,E23,18,,,,1,9MCCM,2025-12-12 13:50:00,2025-12-11 10:51:04,1802,M,9ND4F,8H23T2 ,2749,Nor,  ,,FR,S,GSC
2025-12-01 00:00:00,811030902058,30,DW,22,B,01,302,EMMA ESCAMILLA AKE            ,1D,ACTIVO,9C22N5 ,1,F121,03GG,53864,249,0,0,0,23,E23,18,,,,1,9MCCM,2025-12-23 14:36:00,2025-12-19 08:20:22,3002,M,GA22N,9C22N5 ,1249,Nor,  ,,FR,S,GSC
2025-12-01 00:00:00,811061201929,18,DW,22,B,01,018,ARCE CANTE   WILSON LEONARDO  ,1D,ACTIVO,5T356T ,2,F621,06F3,24329,228,0,0,0,23,E23,18,,,,1,9MCCM,2025-12-15 14:30:00,2025-12-11 09:34:31,1801,M,GA22N,5T356T ,1340,Nor,  ,,FR,S,GSC
2025-12-01 00:00:00,811101101582,28,DW,22,B,01,283,GOODMARK GALLERY S A DE C V   ,02,ACTIVO,0F45A0 ,3,FD21,03F4,10592,6207,0,0,0,23,E23,18,,,,1,9MCCM,2025-12-22 14:08:00,2025-12-18 08:08:35,2803,L,GA22N,0F45A0 ,27520,Nor,  ,,FR,S,GSC
2025-12-01 00:00:00,811771100030,12,DW,22,B,01,121,FERNANDO TECUAPETLA GOMEZ     ,1D,ACTIVO,8M35C4 ,1,F121,04GG,59768,469,0,0,0,23,E23,18,,,,1,9MCCM,2025-12-09 09:53:00,2025-12-08 10:10:58,1201,M,9MC92,8M35C4 ,67579,Nor,  ,,FR,S,GSC
2025-12-01 00:00:00,811810200047,12,DW,22,B,01,122,POOT POOT JOSE DANIEL         ,1D,ACTIVO,A5A392 ,1,F121,87EG,711,581,0,0,0,23,E23,18,,,,1,9MCCM,2025-12-10 12:41:00,2025-12-08 11:16:09,1251,N,9MC8G,A5A392 ,1581,Nor,  ,,FR,S,GSC
2025-12-01 00:00:00,811880500064,26,DW,22,B,01,262,JORGE OCAMPO CASTRO           ,1D,ACTIVO,E1J229 ,1,F121,88F5,35077,501,0,0,0,23,E23,18,,,,1,9MCCM,2025-12-18 00:00:00,2025-12-17 11:47:29,2601,M,9NCT6,E1J229 ,99501,Nor,  ,,FR,S,GSC
2025-12-01 00:00:00,811891101048,18,DW,22,B,01,018,LORENZO CAMPOS FUENTES        ,1D,ACTIVO,PF3992 ,1,F121,84EG,997,3,0,0,0,23,E23,18,,,,1,9MCCM,2025-12-15 14:30:00,2025-12-11 14:48:40,1801,M,GA22N,PF3992 ,997,Nor,  ,,FR,S,GSC
2025-12-01 00:00:00,811891202341,24,DW,22,B,01,241,ALFREDO NUNEZ GARCIA          ,1D,ACTIVO,9T071L ,2,F621,06F3,52304,206,0,0,0,23,E23,18,,,,1,9MCCM,2025-12-18 12:27:00,2025-12-16 12:16:06,2451,N,GA22N,9T071L ,14837,Nor,  ,,FR,S,GSC
2025-12-01 00:00:00,811930800056,18,DW,22,B,01,018,PECH KUMUL ISIDORO            ,1D,ACTIVO,G28A80 ,1,F121,92F5,47340,516,0,0,0,23,E23,18,,,,1,9MCCM,2025-12-12 13:48:00,2025-12-11 11:14:27,1801,M,GA22N,G28A80 ,10516,Nor,  ,,FR,S,GSC
2025-12-01 00:00:00,811940800046,16,DW,22,B,01,162,JOSE LUIS AGUILAR             ,1D,ACTIVO,W83H15 ,1,F121,94F5,40732,206,0,0,0,23,E23,18,,,,1,9MCCM,2025-12-10 10:52:00,2025-12-10 08:00:59,1601,M,9MC92,W83H15 ,99606,Nor,  ,,FR,S,GSC
2025-12-01 00:00:00,811990600153,18,DW,22,B,01,018,JESUS MANZANILLA CANTO        ,1D,CORTADO,C38X68 ,1,F121,91F5,29639,0,0,0,0,23,E23,18,,,,1,9MCCM,2025-12-12 13:47:00,2025-12-11 08:19:22,1801,M,GA22N,C38X68 ,99984,Nor,  ,,FR,S,GSC
2025-12-01 00:00:00,811991004155,10,DW,22,B,01,101,ROSALBA HERNANDEZ RODRIGUEZ   ,1D,ACTIVO,2FY723 ,1,F121,98GG,38975,1673,0,0,0,23,E23,18,,,,1,9MCCM,2025-12-08 12:41:00,2025-12-05 07:40:43,1001,M,9NCT6,2FY723 ,2670,Nor,  ,,FR,S,GSC
2025-12-01 00:00:00,812020200655,14,DW,22,C,01,141,SARA Y  ARCIQUE PECH          ,1B,ACTIVO,5VF218 ,1,F121,00GG,45876,308,0,0,0,23,E23,18,,,,1,9MCCM,2025-12-11 12:11:00,2025-12-09 11:48:53,1401,L,9NCT2,5VF218 ,1308,Nor,  ,,FR,S,GSC
2025-12-01 00:00:00,812041200647,06,DW,22,C,01,062,MEJIA HERNANDEZ ENRIQUETA     ,1B,ACTIVO,8Y57M4 ,1,F121,04GG,29020,289,0,0,0,23,E23,18,,,,1,9MCCM,2025-12-04 12:22:00,2025-12-03 08:37:55,0601,L,GAPKM,8Y57M4 ,99289,Nor,  ,,FR,S,GSC
2025-12-01 00:00:00,812070501231,12,DW,22,C,01,122,GARCIA GOMEZ LIDIA            ,1B,ACTIVO,91BP37 ,1,F121,06JL,5626,57,0,0,0,23,E23,18,,,,1,9MCCM,2025-12-09 15:24:00,2025-12-08 08:25:35,1201,L,GAPHM,91BP37 ,99957,Nor,  ,,FR,S,GSC
2025-12-01 00:00:00,812080301027,26,DW,22,C,01,261,POOT COH ARISTEO              ,1B,ACTIVO,02GM06 ,1,F121,07JL,9015,59,0,0,0,23,E23,18,,,,1,9MCCM,2025-12-18 13:06:00,2025-12-17 10:01:15,2601,L,GAPKM,02GM06 ,99059,Nor,  ,,FR,S,GSC
2025-12-01 00:00:00,812080700371,20,DW,22,C,01,201,CAAMAL KU COSME               ,1B,ACTIVO,65D0P6 ,2,F421,08KF,71106,1,0,0,0,23,E23,18,,,,1,9MCCM,2025-12-15 12:26:00,2025-12-12 09:16:13,2001,M,9NCT2,65D0P6 ,99000,Nor,  ,,FR,S,GSC
2025-12-01 00:00:00,812091003699,26,DW,22,A,02,262,MONTEJO CAMPOS VLADIMIR       ,1B,ACTIVO,9U530K ,2,F421,06GH,40868,550,0,0,0,0,,18,,,,1,9MCCM,2025-12-18 11:46:00,2025-12-17 09:30:33,2610,L,GAXPM,9U530K ,10550,Nor,  ,,FR,S,GSC
2025-12-01 00:00:00,812160501141,26,DW,22,C,01,261,CASTRO GARCIA JOSE JUAN       ,1B,ACTIVO,3CFD31 ,2,F623,25P3,1,1,0,0,0,23,E23,18,,,,1,9MCCM,2025-12-18 13:13:00,2025-12-17 08:22:53,2601,L,GAPKM,240JLD ,890,Opt,  ,,,,GSC
2025-12-01 00:00:00,812250308536,70,DW,22,C,01,702,GRUPO NANSUKA SA DE CV        ,67,ACTIVO,GEB728 ,3,KL28,22NJ,5228,5228,0,0,0,23,E23,18,,,,1,9MCCM,2025-12-15 13:02:00,2025-12-15 11:02:02,7001,L,GAPHM,GEB728 ,5228,Opt,  ,,,,GSC
2025-12-01 00:00:00,812990700154,26,DW,22,C,01,261,ARTURO FCO VENTRE MANJARREZ   ,1B,ACTIVO,4MT930 ,2,F421,99GH,39970,2,0,0,0,23,E23,18,,,,1,9MCCM,2025-12-18 13:06:00,2025-12-17 10:15:21,2601,L,GAPKM,4MT930 ,91002,Nor,  ,,FR,S,GSC
2025-12-01 00:00:00,775250100606,12,DW,01,G,06,123,ZAPATA SILVA OHAD LIDJIV      ,02,ACTIVO,RFT189 ,2,F623,24NY,99999,100,51,0,0,951,LECT NEGATIVA,4,NO ENCONTRE DOMI,,,1,9P12J,2025-12-10 09:39:00,2025-12-09 11:24:26,1251,R,9BBMC,RFT189 ,99900,Opt,  ,,,,GSC
2025-12-01 00:00:00,777250105198,40,DW,01,J,03,404,TAH PECH DIANA EUGENIA        ,02,ACTIVO,U56J54 ,1,F121,94F5,71101,18,0,0,0,951,LECT NEGATIVA,16,,,,1,9P12J,2025-12-30 13:02:00,2025-12-29 09:11:41,4003,L,R9950,U56J54 ,99912,Nor,  ,,FR,S,GSC
2025-12-01 00:00:00,796190302228,20,DW,06,A,01,206,SANCHEZ NAVA NORMA SOFIA      ,1D,CORTADO,9ANG42 ,1,F123,25NX,1317,2535,0,0,0,951,LECT NEGATIVA,16,,,,1,9BBEG,2025-12-16 07:44:00,2025-12-12 10:22:40,2006,M,R9907,9ANG42 ,99414,Opt,  ,,,,GSC
2025-12-01 00:00:00,799250901001,18,DW,06,D,01,181,BACALANDS S DE RL DE CV       ,1B,ACTIVO,0BCU86 ,2,F623,25P2,0,150,0,0,0,951,LECT NEGATIVA,2,,,,1,9BBEG,2025-12-15 12:46:00,2025-12-11 09:27:20,1801,M,GAT5M,0BCU86 ,99909,Opt,  ,,,,GSC
2025-12-01 00:00:00,796920401111,30,DW,06,A,01,304,IC GUARDIA EDUARDO            ,1D,ACTIVO,V6M443 ,1,F121,91F5,59890,89,0,0,0,951,LECT NEGATIVA,18,,,,1,9BBEG,2025-12-23 09:21:00,2025-12-19 12:12:11,3004,M,R9723,V6M443 ,99075,Nor,  ,,FR,S,GSC
2025-12-01 00:00:00,808250800387,20,DW,08,E,69,201,LOPEZ VERGARA CLAUDIA MARIA   ,02,CORTADO,4AND58 ,1,F123,25NX,0,60,0,0,0,951,LECT NEGATIVA,2,,,,1,9ND09,2025-12-16 10:53:00,2025-12-12 06:15:30,2026,M,9BBVL,4AND58 ,99940,Opt,  ,,,,GSC
2025-12-01 00:00:00,795081102000,16,DW,05,A,01,162,CHICO HERNANDEZ RICARDO       ,1F,ACTIVO,3WH715 ,2,F121,00GG,103,1436,0,0,0,951,LECT NEGATIVA,2,,,,1,9ND2K,2025-12-11 11:08:00,2025-12-10 11:48:37,1602,M,9NCUF,B20C84 ,99548,Nor,  ,,FR,S,GSC
2025-12-01 00:00:00,780920501554,30,DW,12,A,01,301,ROSA FERNANDEZ MASS           ,1D,CORTADO,E74W33 ,1,F121,92F5,62135,1230,0,0,0,951,LECT NEGATIVA,2,,,,1,9BBTM,2025-12-23 14:23:00,2025-12-19 08:33:41,3002,M,9MC6M,E74W33 ,99253,Nor,  ,,FR,S,GSC
2025-12-01 00:00:00,785890700222,24,DW,03,A,01,241,CHI YAM REYNA ESTHER          ,1B,ACTIVO,HN6522 ,1,F121,82EG,2940,15,0,0,0,951,LECT NEGATIVA,2,,,,1,9ND2R,2025-12-17 12:26:00,2025-12-16 08:43:17,2401,M,GAGJM,HN6522 ,9968,Nor,  ,,LN,S,GSC
2025-12-01 00:00:00,788150800290,36,DW,03,D,26,265,ACOSTA BACAB JOSE CLEMENTE    ,1C,ACTIVO,941EFY ,1,F122,15LN,3926,150,0,0,0,951,LECT NEGATIVA,2,,,,1,9ND2R,2025-12-29 08:40:00,2025-12-26 09:38:19,3601,M,GAEMM,941EFY ,99987,Opt,  ,,,,GSC
2025-12-01 00:00:00,803801100126,10,DW,07,D,14,001,MIGUEL PECH CHI               ,1B,ACTIVO,X2335N ,1,W111,79C0,7100,241,0,0,0,951,LECT NEGATIVA,2,,,,1,9MCJD,2025-12-08 17:20:00,2025-12-05 09:22:36,1027,M,R9920,X2335N ,9132,Nor,  ,,LN,S,GSC
2025-12-01 00:00:00,782150501804,32,DW,12,C,01,325,NAAL HUCHIM AFREDO RENAN      ,1D,ACTIVO,272X4J ,2,F622,14LM,23389,1654,53,0,0,951,LECT NEGATIVA,8,UI SERV DIRECTO,,,1,9BBTM,2025-12-24 11:06:00,2025-12-22 07:27:31,3204,M,9NCWY,272X4J ,961,Opt,  ,,,,GSC
2025-12-01 00:00:00,770110100051,22,DW,01,D,01,225,BRICE O COLLI REYES GASPAR    ,1D,ACTIVO,XMN967 ,1,F123,24NX,99299,1078,53,0,0,951,LECT NEGATIVA,8,UI SERV DIRECTO,,,1,9P12J,2025-12-16 15:12:00,2025-12-15 13:38:36,2201,L,GAKVM,XMN967 ,1069,Opt,  ,,,,GSC
2025-12-01 00:00:00,794011200091,22,DW,04,G,10,221,CAMPOS MENDOZA ANGEL          ,1F,ACTIVO,LF723X ,1,F123,20NT,5425,206,0,0,0,951,LECT NEGATIVA,2,,,,1,9MCF6,2025-12-17 10:32:00,2025-12-15 12:48:24,2226,L,R9484,LF723X ,99773,Opt,  ,,,,GSC
2025-12-01 00:00:00,802160800720,34,DW,07,C,18,343,EUAN KUMUL LORENZO            ,1B,ACTIVO,132FDG ,1,F122,15LN,3166,42,0,0,0,951,LECT NEGATIVA,2,,,,1,9MCJD,2025-12-29 14:08:00,2025-12-23 08:55:31,3403,L,R9871,132FDG ,99977,Opt,  ,,,,GSC
2025-12-01 00:00:00,780990406028,20,DW,12,B,01,025,JUVENTINO CHAN CHI            ,1D,ACTIVO,8D40C6 ,1,F121,03GG,37704,12,0,0,0,951,LECT NEGATIVA,2,,,,1,9BBTM,2025-12-16 12:05:00,2025-12-12 09:21:45,2001,L,GATKM,8D40C6 ,99928,Nor,  ,,FR,S,GSC
2025-12-01 00:00:00,771110803059,62,DW,01,B,01,621,MUNICIPIO DE MERIDA YUCATAN   ,5A,ACTIVO,91V36V ,2,F62H,11KN,18544,1444,53,0,0,951,LECT NEGATIVA,8,UI SERV DIRECTO,,,1,9P12J,2025-12-04 12:33:00,2025-12-03 09:23:29,6201,L,9EMKC,91V36V ,98933,Opt,  ,,,,GSC
2025-12-01 00:00:00,781110506882,26,DW,12,B,01,263,AVALOS GONZALEZ MIGUEL ANGEL  ,1D,ACTIVO,525EBT ,2,F622,15LM,7472,34,60,0,0,951,LECT NEGATIVA,8,MEDID NO TRABAJA,,,1,9BBTM,2025-12-19 13:44:00,2025-12-17 12:08:27,2602,M,9ND1X,525EBT ,87,Opt,  ,,,,GSC
2025-12-01 00:00:00,771750400325,06,DW,01,B,02,061,RAUL CARCANO GONZALEZ         ,1D,ACTIVO,436JCV ,3,FD22,15LR,36527,100,0,0,0,951,LECT NEGATIVA,2,,,,1,9P12J,2025-12-05 11:54:00,2025-12-04 10:01:07,0651,R,9ND41,436JCV ,-99877,Opt,  ,,,,GSC
2025-12-01 00:00:00,804250400065,04,DW,08,A,07,001,POVEDANO DIAZ GUADALUPE DEL SO,02,ACTIVO,RBA812 ,2,F623,24NY,922,545,0,0,0,951,LECT NEGATIVA,2,,,,1,9ND09,2025-12-04 12:54:00,2025-12-02 08:05:51,0426,L,9JR2G,RBA812 ,99933,Opt,  ,,,,GSC
2025-12-01 00:00:00,781080400111,36,DW,12,B,03,360,SILVA RIZO GUADALUPE          ,1D,ACTIVO,N889DK ,2,F622,18LM,32024,1101,53,0,0,951,LECT NEGATIVA,8,UI SERV DIRECTO,,,1,9BBTM,2025-12-30 10:50:00,2025-12-26 08:47:41,3626,L,9NCWL,N889DK ,1562,Opt,  ,,,,GSC
2025-12-01 00:00:00,785761000869,14,DW,03,A,02,141,EPIFANEO FARFAN               ,1C,ACTIVO,G4025C ,1,W111,74C0,1372,90,0,0,0,951,LECT NEGATIVA,2,,,,1,9ND2R,2025-12-10 14:48:00,2025-12-09 11:50:22,1427,M,9MCH1,G4025C ,9902,Nor,  ,,LN,S,GSC
2025-12-01 00:00:00,801060901824,24,DW,07,B,04,244,CANUL PAAT ELEUTERIO          ,1B,ACTIVO,1W808W ,1,F121,06JL,18383,115,0,0,0,951,LECT NEGATIVA,2,,,,1,9MCJD,2025-12-17 13:58:00,2025-12-16 09:22:25,2426,L,9JR0P,1W808W ,99924,Nor,  ,,FR,S,GSC
2025-12-01 00:00:00,775220100342,34,DW,01,G,03,341,CASTELLANOS EROSA MARGARITA IV,1B,CORTADO,XA054W ,1,F123,21NT,2721,412,53,0,0,951,LECT NEGATIVA,8,UI SERV DIRECTO,,,1,9P12J,2025-12-26 11:50:00,2025-12-23 09:30:32,3429,L,R9962,XA054W ,0,Opt,31,SERVICIO SIN USO,,,GSC
2025-12-01 00:00:00,800941000793,71,DW,07,A,57,571,MENA CONTRERAS MARIA SERAFINA ,9C,ACTIVO,CHF312 ,3,KL28,22NJ,7394,0,0,0,0,23,E23,18,,,,1,9MCJD,2025-12-16 14:33:00,2025-12-16 10:02:11,7103,L,9MCGY,CHF312 ,99988,Opt,  ,,,,GSC
2025-12-01 00:00:00,800950700013,06,DW,07,A,05,062,VICTORIA RAMAYO DE P          ,1B,ACTIVO,AWT445 ,1,F123,22NX,1153,216,0,0,0,23,E23,18,,,,1,9MCJD,2025-12-03 13:01:00,2025-12-03 12:07:14,0604,M,9MCGY,AWT445 ,22454,Nor,44,NUM MEDID DESIGU,44,S,GSC
2025-12-01 00:00:00,800960400557,32,DW,07,A,05,301,PISTE GUEMEZ JOSE CONCEPCION  ,1B,ACTIVO,2N86Y9 ,1,F121,04GG,13280,474,0,0,0,23,E23,18,,,,1,9MCJD,2025-12-22 13:41:00,2025-12-22 10:52:13,3201,L,9MCGY,2N86Y9 ,15474,Nor,  ,,FR,S,GSC
2025-12-01 00:00:00,800960800491,72,DW,07,A,11,111,MENA ROSADO TERESITA DE J     ,02,ACTIVO,L01D28 ,3,FD21,92F4,45286,294,0,0,0,951,LECT NEGATIVA,18,,,,1,9MCJD,2025-12-19 11:17:00,2025-12-17 11:52:08,7202,L,9MCGY,L01D28 ,99938,Nor,  ,,FR,S,GSC
2025-12-01 00:00:00,800980502186,79,DW,07,A,06,010,MONFORTE PENICHE LILA M       ,1B,ACTIVO,8DL258 ,1,F121,98GG,31111,88,0,0,0,23,E23,18,,,,1,9MCJD,2025-12-29 16:18:00,2025-12-29 11:05:26,7901,L,9JR0E,8DL258 ,90088,Nor,  ,,FR,S,GSC
2025-12-01 00:00:00,800980900840,10,DW,07,A,25,251,CHAVEZ REYES IRMA MARIA       ,1B,ACTIVO,33B5D5 ,1,F121,08JL,17504,138,0,0,0,23,E23,18,,,,1,9MCJD,2025-12-05 11:49:00,2025-12-05 09:22:41,1027,L,9MC6T,33B5D5 ,10138,Nor,  ,,FR,S,GSC
2025-12-01 00:00:00,800981201554,76,DW,07,A,84,001,SANCHEZ MASSA LUIS F          ,9C,ACTIVO,589DW6 ,1,FD2H,11KV,96932,0,0,0,0,23,E23,18,,,,1,9MCJD,2025-12-23 14:10:00,2025-12-23 10:32:17,7601,L,9ND6Y,589DW6 ,0,Nor,56,NO HAY MEDIDOR,56,S,GSC
2025-12-01 00:00:00,800990800746,28,DW,07,A,06,062,PARTIDO ACCION NACIONAL       ,02,ACTIVO,1AXR08 ,2,F623,25P2,0,0,0,0,0,23,E23,18,,,,1,9MCJD,2025-12-18 14:25:00,2025-12-18 10:33:54,2827,M,9MC6T,4NC719 ,0,Nor,31,SERVICIO SIN USO,,,GSC
2025-12-01 00:00:00,801000458069,26,DW,07,B,56,561,KAUIL CANCHE GASPAR           ,1B,ACTIVO,3RU313 ,1,F121,99GG,30715,310,0,0,0,23,E23,18,,,,1,9MCJD,2025-12-17 15:11:00,2025-12-17 11:18:11,2628,M,9ND1B,3RU313 ,10310,Nor,  ,,FR,S,GSC
2025-12-01 00:00:00,801010600599,20,DW,07,B,06,204,SABIDO GONZALEZ RAMON I       ,02,ACTIVO,3CFA11 ,1,F623,25P3,0,0,0,0,0,23,E23,18,,,,1,9MCJD,2025-12-12 17:11:00,2025-12-12 10:51:28,2001,M,9ND1A,1XG667 ,74351,Nor,  ,,FR,S,GSC
2025-12-01 00:00:00,801020201471,26,DW,07,B,56,561,DZUL CAHUN ALFONSINA          ,1B,ACTIVO,5K4J20 ,1,F121,01GG,49201,596,0,0,0,23,E23,18,,,,1,9MCJD,2025-12-17 17:36:00,2025-12-17 12:06:46,2628,M,9ND1B,5K4J20 ,1596,Nor,  ,,FR,S,GSC
2025-12-01 00:00:00,801030100843,26,DW,07,B,56,561,MAY KUYUC CASTULO             ,1B,ACTIVO,U594X1 ,1,F121,01GG,18372,196,0,0,0,23,E23,18,,,,1,9MCJD,2025-12-17 15:11:00,2025-12-17 09:47:24,2628,M,9ND1B,U594X1 ,10196,Nor,  ,,FR,S,GSC
2025-12-01 00:00:00,801030500205,34,DW,07,B,26,262,23DTV0063S CECILIO CHI        ,02,ACTIVO,1DVJ77 ,2,F623,25NY,2341,1021,0,0,0,23,E23,18,,,,1,9MCJD,2025-12-23 15:00:00,2025-12-23 12:37:46,3426,L,9JR0P,1DVJ77 ,0,Nor,52,COMUNICACION INTERRU,LM,S,GSC
2025-12-01 00:00:00,801040100728,22,DW,07,B,06,221,LORIA SANTOYO MANUEL          ,1B,ACTIVO,T710UW ,2,F622,18LM,24295,3985,0,0,0,23,E23,18,,,,1,9MCJD,2025-12-15 16:15:00,2025-12-15 10:27:22,2202,M,9NCU1,T710UW ,83985,Nor,  ,,FR,S,GSC
2025-12-01 00:00:00,801040701462,34,DW,07,B,27,275,MUNICIPIO FELIPE CARRILLO PTO ,02,ACTIVO,3AAV57 ,2,F623,25NY,0,0,0,0,0,23,E23,18,,,,1,9MCJD,2025-12-23 14:57:00,2025-12-23 11:32:09,3427,L,9MCFY,3AAV57 ,0,Nor,52,COMUNICACION INTERRU,52,S,GSC
2025-12-01 00:00:00,801050900412,34,DW,07,B,26,262,KU CAB ZACARIAS               ,1B,ACTIVO,6H397L ,1,F121,05JL,17821,253,0,0,0,23,E23,18,,,,1,9MCJD,2025-12-23 14:59:00,2025-12-23 10:20:30,3426,L,9JR0P,6H397L ,0,Nor,52,COMUNICACION INTERRU,52,S,GSC
2025-12-01 00:00:00,801060500498,26,DW,07,B,01,011,BONIFACIO MAY POOT            ,1B,ACTIVO,4P501M ,1,F121,06JL,7598,135,0,0,0,23,E23,18,,,,1,9MCJD,2025-12-17 15:00:00,2025-12-17 08:14:19,2627,M,9NCU1,4P501M ,93296,Nor,  ,,FR,S,GSC
2025-12-01 00:00:00,801061201711,34,DW,07,B,26,262,CEN MAY   HILARIA             ,1B,ACTIVO,L617TM ,1,F122,18LN,7921,197,0,0,0,23,E23,18,,,,1,9MCJD,2025-12-23 14:57:00,2025-12-23 07:47:22,3426,L,9JR0P,L617TM ,0,Nor,52,COMUNICACION INTERRU,52,S,GSC
2025-12-01 00:00:00,801070301124,32,DW,07,B,40,407,CAAMAL HUCHIM PONCIANA        ,1C,CORTADO,TU883C ,1,F123,21NX,35204,0,0,0,0,23,E23,18,,,,1,9MCJD,2025-12-22 06:59:00,2025-12-23 06:11:11,3251,R,9MCFY,TU883C ,64797,Nor,  ,,FR,S,GSC
2025-12-01 00:00:00,801070600261,01,DW,07,B,06,014,VALDEZ AGUILAR MARCELINO      ,02,ACTIVO,576DW4 ,3,FD2H,11KV,16927,0,0,0,0,23,E23,18,,,,1,9MCJD,2025-12-29 13:29:00,,,,,,,,,,,,GSC
2025-12-01 00:00:00,801080601380,34,DW,07,B,26,262,DORANTES NUNEZ LIDELCI EMANUEL,1B,ACTIVO,30UX75 ,1,F121,08JL,4680,91,0,0,0,23,E23,18,,,,1,9MCJD,2025-12-23 14:59:00,2025-12-23 12:16:02,3426,L,9JR0P,30UX75 ,0,Nor,52,COMUNICACION INTERRU,52,S,GSC
2025-12-01 00:00:00,801081201130,01,DW,07,B,06,013,ALONZO KAUICH NIKTEH SOLEDAD  ,1B,ACTIVO,DJV437 ,2,F623,22NU,19368,825,0,0,0,23,E23,18,,,,1,9MCJD,2025-12-29 17:03:00,,,,,,,,,,,,GSC
2025-12-01 00:00:00,801090901942,32,DW,07,B,40,405,MUKUL ABAN FEDERICO           ,1C,ACTIVO,4W4E22 ,1,F121,02GG,15478,119,0,0,0,23,E23,18,,,,1,9MCJD,2025-12-22 07:03:00,2025-12-22 13:09:54,3226,L,9JR0P,4W4E22 ,26119,Nor,  ,,FR,S,GSC
2025-12-01 00:00:00,801100402109,34,DW,07,B,26,262,PENA CHE EDILBERTO            ,1B,CORTADO,2RU219 ,1,F121,99GG,16217,0,0,0,0,23,E23,18,,,,1,9MCJD,2025-12-23 14:59:00,2025-12-23 11:26:43,3426,L,9JR0P,2RU219 ,0,Nor,52,COMUNICACION INTERRU,52,S,GSC
2025-12-01 00:00:00,801100501921,22,DW,07,B,06,223,SANDOVAL CASTELAN ALEJANDRO   ,1B,ACTIVO,55A1C5 ,1,F121,08JL,21431,521,0,0,0,23,E23,18,,,,1,9MCJD,2025-12-15 16:16:00,2025-12-15 11:11:09,2202,M,9NCU1,55A1C5 ,90490,Nor,  ,,FR,S,GSC
2025-12-01 00:00:00,801110501881,34,DW,07,B,27,271,TAMAY POOT ISIDRA             ,1B,ACTIVO,4B75J7 ,1,F121,03GG,6498,204,0,0,0,0,,18,,,,1,9MCJD,2025-12-23 15:08:00,2025-12-23 13:17:38,3429,L,9ND1B,4B75J7 ,8043,Nor,  ,,FR,S,GSC
2025-12-01 00:00:00,801160701733,14,DW,07,B,06,144,BE Y HERRERA JUAN GUALBERTO   ,1B,ACTIVO,G788MK ,2,F622,17LM,26224,998,0,0,0,951,LECT NEGATIVA,18,,,,1,9MCJD,2025-12-10 17:38:00,2025-12-09 15:56:26,1402,L,GAT3M,G788MK ,98536,Opt,  ,,,,GSC
2025-12-01 00:00:00,801201201015,22,DW,07,B,06,221,ALCOCER GONGORA MANUEL JESUS  ,1B,ACTIVO,MF207L ,2,F623,20NU,2817,121,0,0,0,23,E23,18,,,,1,9MCJD,2025-12-15 16:18:00,2025-12-16 11:35:36,2251,N,GACPM,MF207L ,99780,Opt,  ,,,,GSC
2025-12-01 00:00:00,801230700853,01,DW,07,B,06,014,CHE CELIS ERICA ALEJANDRA     ,1B,ACTIVO,WNJ371 ,2,F623,24P2,4803,621,0,0,0,23,E23,18,,,,1,9MCJD,2025-12-29 16:45:00,,,,,,,,,,,,GSC
2025-12-01 00:00:00,795090101113,20,DW,05,A,01,202,ACUA ZAPO PEDRO               ,02,CORTADO,264VBM ,1,F122,16LN,18015,0,0,0,0,23,E23,18,,,,1,9ND2K,2025-12-15 11:10:00,2025-12-13 10:44:02,2051,R,G81DP,264VBM ,82305,Nor,  ,,FR,S,GSC
2025-12-01 00:00:00,795090300396,28,DW,05,A,01,284,PADILLA BETANCOURT FELIX      ,1F,ACTIVO,0BCT25 ,2,F623,25P2,29,29,0,0,0,23,E23,18,,,,1,9ND2K,2025-12-22 14:54:00,2025-12-18 06:30:03,2804,M,9NCUA,0BCT25 ,49637,Nor,44,NUM MEDID DESIGU,44,S,GSC
2025-12-01 00:00:00,795090301147,28,DW,05,A,01,284,PADILLA VETANCOURT FELIX      ,1F,ACTIVO,74D6P4 ,2,F421,08KF,44157,512,0,0,0,23,E23,18,,,,1,9ND2K,2025-12-22 14:54:00,2025-12-18 06:28:44,2804,M,9NCUA,74D6P4 ,56867,Nor,44,NUM MEDID DESIGU,44,S,GSC
2025-12-01 00:00:00,795090402695,14,DW,05,B,04,043,CRUZ OVANDO GABRIEL           ,1F,ACTIVO,44UX73 ,1,F121,08JL,8025,188,0,0,0,23,E23,18,,,,1,9ND2K,2025-12-10 13:49:00,2025-12-09 11:03:54,1426,M,9ND9J,44UX73 ,99188,Nor,  ,,FR,S,GSC
2025-12-01 00:00:00,795090901306,10,DW,05,B,04,042,FLORES   RAMIREZ   EDGAR      ,1F,ACTIVO,98C4G5 ,2,F621,08KG,62085,817,0,0,0,23,E23,18,,,,1,9ND2K,2025-12-09 12:36:00,2025-12-05 07:53:27,1026,L,9ND9J,98C4G5 ,58978,Nor,  ,,FR,S,GSC
2025-12-01 00:00:00,795100100196,62,DW,05,A,02,620,MUNICIPIO DEL CARMEN CAM      ,5A,ACTIVO,YP309F ,3,F623,21NU,47552,0,0,0,0,23,E23,18,,,,1,9ND2K,2025-12-04 08:33:00,2025-12-03 07:52:48,6202,L,9JRDH,YP309F ,0,Nor,59,DISPLAY APAGADO,59,S,GSC
2025-12-01 00:00:00,795100502936,18,DW,05,A,01,102,ALAYOLA GARRIDO CARMEN LORENA ,1F,ACTIVO,PHL204 ,1,F123,24NX,12525,3884,0,0,0,23,E23,18,,,,1,9ND2K,2025-12-12 11:31:00,2025-12-11 11:42:02,1802,M,9JRBH,PHL204 ,99135,Nor,  ,,FR,S,GSC
2025-12-01 00:00:00,795110106117,34,DW,05,A,01,254,LANDERO VARGUEZ ARLENI DEL CAR,1F,ACTIVO,14E27P ,2,F62H,10KN,29808,261,0,0,0,23,E23,18,,,,1,9ND2K,2025-12-29 11:17:00,2025-12-23 21:15:13,3451,R,G81DP,14E27P ,70453,Nor,44,NUM MEDID DESIGU,44,S,GSC
2025-12-01 00:00:00,795110907551,20,DW,05,A,01,202,MULT SERV NAC MODELO SRL CV   ,02,ACTIVO,ML963E ,2,F623,20NU,71729,3402,0,0,0,23,E23,18,,,,1,9ND2K,2025-12-15 11:11:00,2025-12-13 11:05:11,2051,R,G81DP,ML963E ,67221,Nor,  ,,FR,S,GSC
2025-12-01 00:00:00,795140511474,22,DW,05,A,01,226,REYES MIJANGOS ROSALINDA      ,1F,ACTIVO,W068TB ,1,F122,19LN,15798,585,0,0,0,23,E23,18,,,,1,9ND2K,2025-12-17 14:21:00,2025-12-15 08:32:34,2203,M,9JRBH,W068TB ,84787,Opt,  ,,,,GSC
2025-12-01 00:00:00,795150402851,10,DW,05,A,01,285,DIAZ AGUILAR ADUIT LAYNET     ,1F,ACTIVO,MB486A ,2,F623,20NU,31766,0,0,0,0,23,E23,18,,,,1,9ND2K,2025-12-08 13:31:00,2025-12-05 21:57:48,1052,R,G81DP,MB486A ,6000,Nor,  ,,FR,S,GSC
2025-12-01 00:00:00,795180601221,34,DW,05,A,01,254,LUNA LEON LOL HA              ,1F,ACTIVO,YP623N ,2,F623,21NU,21205,1000,0,0,0,23,E23,18,,,,1,9ND2K,2025-12-29 11:20:00,2025-12-23 21:18:17,3451,R,G81DP,YP623N ,79795,Nor,44,NUM MEDID DESIGU,44,S,GSC
2025-12-01 00:00:00,795191102129,06,DW,05,A,01,062,MATESANZ SANTAMARIA ROCIO     ,1F,ACTIVO,Y342LV ,2,F623,19NU,84979,3357,0,0,0,23,E23,18,,,,1,9ND2K,2025-12-03 19:25:00,2025-12-03 06:26:01,0602,M,9JRBH,Y342LV ,7523,Nor,  ,,FR,S,GSC
2025-12-01 00:00:00,795220600974,06,DW,05,A,01,061,JUAREZ TRUEBA HUMBERTO CARLO  ,1F,ACTIVO,REJ334 ,2,F623,24NY,9916,1427,0,0,0,0,,18,,,,1,9ND2K,2025-12-05 08:10:00,2025-12-03 09:34:25,0601,M,9ND4D,REJ334 ,0,Nor,52,COMUNICACION INTERRU,52,S,GSC
2025-12-01 00:00:00,795250800391,10,DW,05,A,01,284,ARIAS GOMEZ YESSICA NOEMI     ,1F,CORTADO,PHL330 ,1,F123,24NX,1594,1594,0,0,0,23,E23,2,,,,1,9ND2K,2025-12-09 14:23:00,,,,,,,,,,,,GSC
2025-12-01 00:00:00,795850100937,10,DW,05,A,01,285,MANDUJANO JIMENEZ NICOLAS     ,1F,ACTIVO,7L305D ,1,F121,05JL,55602,570,0,0,0,23,E23,18,,,,1,9ND2K,2025-12-08 12:54:00,2025-12-05 09:01:15,1004,M,9JRBH,7L305D ,10570,Nor,  ,,FR,S,GSC
2025-12-01 00:00:00,795860600679,10,DW,05,A,01,285,PARRA PALOMO JOSE LUIS        ,1F,ACTIVO,7T9M29 ,1,F121,02GG,39870,93,0,0,0,23,E23,18,,,,1,9ND2K,2025-12-08 12:54:00,2025-12-05 06:46:30,1004,M,9JRBH,7T9M29 ,1093,Nor,  ,,FR,S,GSC
2025-12-01 00:00:00,795921000637,34,DW,05,A,01,254,JOSE LUIS ZAVALA GOMEZ        ,1F,ACTIVO,50A5C3 ,1,F121,08JL,64158,851,0,0,0,23,E23,18,,,,1,9ND2K,2025-12-23 18:58:00,2025-12-23 10:26:42,3402,M,9NCUE,50A5C3 ,20851,Nor,  ,,FR,S,GSC
2025-12-01 00:00:00,796001057676,06,DW,06,A,23,232,GONZALEZ ORTIZ HONORIO        ,1C,ACTIVO,NT218T ,2,F623,20NU,3295,835,0,0,0,23,E23,18,,,,1,9BBEG,2025-12-03 09:35:00,2025-12-03 07:38:28,0626,L,G92BA,NT218T ,97869,Nor,44,NUM MEDID DESIGU,44,S,GSC
2025-12-01 00:00:00,796010857685,30,DW,06,A,01,305,PEREZ BALAM SOCORRO           ,1D,ACTIVO,9D8C00 ,1,F121,00GG,41072,747,0,0,0,23,E23,18,,,,1,9BBEG,2025-12-19 10:31:00,2025-12-19 08:55:31,3003,M,R9718,9D8C00 ,99747,Nor,  ,,FR,S,GSC
2025-12-01 00:00:00,796030601211,28,DW,06,A,17,171,TILLETT HERRERA ROSALBA       ,1B,ACTIVO,157TY4 ,1,F122,12LH,23842,215,0,0,0,23,E23,18,,,,1,9BBEG,2025-12-18 07:30:00,2025-12-18 10:12:05,2828,L,R9907,157TY4 ,76373,Opt,  ,,,,GSC
2025-12-01 00:00:00,796050300560,01,DW,06,A,01,011,OLIVARES CACERES ESTEBAN      ,1D,ACTIVO,6AND68 ,1,F123,25NX,0,0,0,0,0,23,E23,18,,,,1,9BBEG,2025-12-29 12:35:00,,,,,,,,,,,,GSC
2025-12-01 00:00:00,796061200087,30,DW,06,A,01,304,SANTILLAN GOMEZTREJO LUIS ADRI,1D,ACTIVO,PCN808 ,1,F123,24NX,0,0,0,0,0,23,E23,18,,,,1,9BBEG,2025-12-19 10:47:00,2025-12-19 09:01:04,3004,M,R9723,82BP75 ,327,Nor,  ,,FR,S,GSC
2025-12-01 00:00:00,796070501529,36,DW,06,A,01,361,SANTAMARIA MEX ELMER GASPAR   ,1D,ACTIVO,2BCK70 ,2,F623,25P2,0,0,0,0,0,23,E23,18,,,,1,9BBEG,2025-12-26 08:51:00,2025-12-26 17:05:07,3601,L,R9907,68FA17 ,22,Nor,  ,,,,GSC
2025-12-01 00:00:00,796070701986,10,DW,06,A,29,292,MORELES AREVALO MARIA         ,1B,ACTIVO,59GV05 ,1,F121,07JL,38471,512,0,0,0,23,E23,18,,,,1,9BBEG,2025-12-05 11:27:00,2025-12-05 10:41:38,1028,L,GAX9M,59GV05 ,99974,Nor,  ,,FR,S,GSC
2025-12-01 00:00:00,796080202244,12,DW,06,A,01,123,DE LA CRUZ VALDEZ BERTHA ALICI,1D,ACTIVO,25HP88 ,1,F121,07JL,39466,944,0,0,0,23,E23,18,,,,1,9BBEG,2025-12-08 14:43:00,2025-12-08 13:57:27,1204,M,R9907,25HP88 ,10944,Nor,  ,,FR,S,GSC
2025-12-01 00:00:00,796080302923,72,DW,06,A,01,721,OPER  NACHANCAN S DE RL DE CV ,67,ACTIVO,G280YA ,3,VL28,17KE,2238,2880,0,0,0,23,E23,18,,,,1,9BBEG,2025-12-17 08:38:00,2025-12-17 11:49:00,7201,L,R9723,G280YA ,99972,Opt,  ,,,,GSC
2025-12-01 00:00:00,796081104963,28,DW,06,A,17,171,MENDOZA CARVAJAL FRANCISCA    ,1B,ACTIVO,979TU0 ,1,F122,12LH,11469,239,0,0,0,23,E23,18,,,,1,9BBEG,2025-12-18 07:30:00,2025-12-18 09:27:45,2828,L,R9907,979TU0 ,88770,Opt,  ,,,,GSC
2025-12-01 00:00:00,796110302010,30,DW,06,A,01,306,MAYO MORALES LUIS REY         ,1D,ACTIVO,6G66F7 ,1,F121,03GG,53405,282,0,0,0,23,E23,18,,,,1,9BBEG,2025-12-19 10:39:00,2025-12-19 07:29:24,3001,M,9MCK8,6G66F7 ,10282,Nor,  ,,FR,S,GSC
2025-12-01 00:00:00,796120404465,04,DW,06,A,24,241,GARCIA RAMIREZ MAGALI         ,1C,ACTIVO,36KR53 ,1,F121,07JL,13294,106,0,0,0,23,E23,18,,,,1,9BBEG,2025-12-02 12:05:00,2025-12-02 12:56:26,0428,L,R9964,36KR53 ,99906,Nor,  ,,FR,S,GSC
2025-12-01 00:00:00,796130801764,01,DW,06,A,01,011,AGUILAR DAVILA WILLIAM        ,1D,ACTIVO,3AUX13 ,2,F623,25P2,0,0,0,0,0,23,E23,18,,,,1,9BBEG,2025-12-29 12:34:00,,,,,,,,,,,,GSC
2025-12-01 00:00:00,796150202301,38,DW,06,A,30,302,RODRIGUEZ   FREDY DE LA CRU Z ,1C,CORTADO,805X1H ,2,F622,14LM,23950,612,0,0,0,23,E23,18,,,,1,9BBEG,2025-12-26 10:56:00,2025-12-26 07:56:32,3827,L,R9723,805X1H ,0,Nor,53,UI SERV DIRECTO,53,S,GSC
2025-12-01 00:00:00,796151100740,20,DW,06,A,01,205,ESPINO ESCOBAR MARIA D LA LUZ ,1D,ACTIVO,PCL788 ,1,F123,24NX,0,0,0,0,0,23,E23,18,,,,1,9BBEG,2025-12-12 11:57:00,2025-12-12 15:22:36,2004,M,9P14T,PCL788 ,17996,Nor,44,NUM MEDID DESIGU,44,S,GSC
2025-12-01 00:00:00,796160600101,71,DW,06,A,23,231,MUNICIPIO DE OTHON P BLANCO   ,5A,ACTIVO,178FML ,2,F622,15LM,11863,105,0,0,0,951,LECT NEGATIVA,18,,,,1,9BBEG,2025-12-18 12:04:00,2025-12-16 13:10:15,7101,L,9MCK8,178FML ,99895,Opt,  ,,,,GSC
2025-12-01 00:00:00,796251200407,14,DW,06,A,01,143,BAUTISTA SANCHEZ VICTOR       ,1D,ACTIVO,PCF351 ,1,F123,24NX,10,10,0,0,0,23,E23,2,,,,1,9BBEG,2025-12-09 11:00:00,,,,,,,,,,,,GSC
2025-12-01 00:00:00,796750315053,34,DW,06,A,01,342,MANUEL ORDAZ ROSADO           ,1D,ACTIVO,X919W6 ,2,F621,97F3,29308,420,0,0,0,23,E23,18,,,,1,9BBEG,2025-12-23 07:33:00,2025-12-23 15:22:23,3401,M,R9718,X919W6 ,99520,Nor,  ,,FR,S,GSC
2025-12-01 00:00:00,796751200705,34,DW,06,A,01,343,DE ALVARADO VILLAREAL ANTONIA ,1D,ACTIVO,35TJ79 ,1,F121,08JL,57290,660,0,0,0,23,E23,18,,,,1,9BBEG,2025-12-23 07:34:00,2025-12-23 12:28:34,3402,M,R9723,35TJ79 ,99660,Nor,  ,,FR,S,GSC
2025-12-01 00:00:00,796760300283,34,DW,06,A,01,341,MARIA TERESA SANCHEZ GARCIA   ,1D,ACTIVO,6D75C6 ,1,F121,03GG,45086,689,0,0,0,23,E23,18,,,,1,9BBEG,2025-12-23 11:07:00,2025-12-23 11:59:41,3403,M,R9907,6D75C6 ,1689,Nor,  ,,FR,S,GSC
2025-12-01 00:00:00,796800900254,10,DW,06,A,29,291,EVARISTO RIVERA CRUZ          ,1B,ACTIVO,PBD132 ,1,F123,24NX,0,0,0,0,0,23,E23,18,,,,1,9BBEG,2025-12-05 11:37:00,2025-12-05 09:53:40,1030,L,R9964,LNH727 ,166,Opt,  ,,,,GSC
2025-12-01 00:00:00,796821100134,08,DW,06,A,01,082,BRICENO M RICARDO             ,1D,ACTIVO,8F05G5 ,2,F421,03GH,43117,12,0,0,0,23,E23,18,,,,1,9BBEG,2025-12-04 07:06:00,2025-12-04 09:19:05,0802,M,9ND4X,8F05G5 ,99902,Nor,  ,,FR,S,GSC
2025-12-01 00:00:00,796840700371,30,DW,06,A,01,305,REYES RAMIREZ JOSE LUIS       ,1D,ACTIVO,3A6W76 ,2,F621,00F3,61229,138,0,0,0,23,E23,18,,,,1,9BBEG,2025-12-19 10:36:00,2025-12-19 10:52:24,3003,M,R9718,3A6W76 ,1138,Nor,  ,,FR,S,GSC
2025-12-01 00:00:00,796850401488,30,DW,06,A,01,303,MONDRAGON CATZIN EMILIA       ,1D,ACTIVO,9X45G1 ,1,F121,04JF,38278,368,0,0,0,23,E23,18,,,,1,9BBEG,2025-12-19 10:28:00,2025-12-19 13:10:47,3002,M,GAX9M,9X45G1 ,10368,Nor,  ,,FR,S,GSC
2025-12-01 00:00:00,796880600728,30,DW,06,A,01,306,CARMEN LETICIA AGUILAR        ,1D,ACTIVO,4KN225 ,1,F121,99GG,40903,218,0,0,0,23,E23,18,,,,1,9BBEG,2025-12-19 10:38:00,2025-12-19 06:18:30,3001,M,9MCK8,4KN225 ,11553,Nor,  ,,FR,S,GSC
2025-12-01 00:00:00,796880601333,34,DW,06,A,01,343,VIDAL XIX EUAN                ,1D,ACTIVO,D9X315 ,2,F121,87F5,43854,0,0,0,0,23,E23,18,,,,1,9BBEG,2025-12-23 11:08:00,2025-12-23 09:11:08,3402,M,R9723,D9X315 ,0,Nor,64,P. INFRARROJO/MED. D,64,S,GSC
2025-12-01 00:00:00,796881000929,36,DW,06,A,03,031,ZACAPALA CARRANZA JOEL        ,1B,ACTIVO,6HF243 ,1,F121,98GG,67983,363,0,0,0,23,E23,18,,,,1,9BBEG,2025-12-26 09:00:00,2025-12-27 09:21:25,3651,R,9MCJT,6HF243 ,99363,Nor,  ,,FR,S,GSC
2025-12-01 00:00:00,796890900207,02,DW,06,A,01,024,BELLO MONTEJO MIDELI ROSALIA  ,02,ACTIVO,6G31F3 ,1,F121,03GG,22337,1016,0,0,0,23,E23,18,,,,1,9BBEG,2025-12-01 20:02:00,2025-12-01 12:11:20,0204,M,R9907,6G31F3 ,12016,Nor,  ,,FR,S,GSC
2025-12-01 00:00:00,796940100673,73,DW,06,A,01,734,MUNICIPIO DE OTHON P BLANCO   ,5A,ACTIVO,D46D66 ,3,K421,91F9,3887,655,0,0,0,23,E23,18,,,,1,9BBEG,2025-12-18 09:23:00,2025-12-18 12:00:18,7302,L,R9718,D46D66 ,96890,Nor,44,NUM MEDID DESIGU,44,S,GSC
2025-12-01 00:00:00,796950200781,24,DW,06,A,01,242,CHULIM DZUL MARIA HONORIA     ,1D,ACTIVO,PKM798 ,1,F123,24NX,0,0,0,0,0,23,E23,18,,,,1,9BBEG,2025-12-16 11:53:00,2025-12-16 09:10:56,2402,M,9ND4X,X50Y88 ,175,Nor,  ,,,,GSC
2025-12-01 00:00:00,796961200384,24,DW,06,A,01,242,GONZALEZ URIETA EMITERIA      ,1D,ACTIVO,PJX791 ,1,F123,24NX,7544,9,0,0,0,23,E23,18,,,,1,9BBEG,2025-12-16 13:39:00,2025-12-16 06:54:31,2402,M,9ND4X,PJX791 ,0,Opt,60,MEDID NO TRABAJA,60,S,GSC
2025-12-01 00:00:00,796970601391,16,DW,06,A,01,163,CEL HIDALGO MARIA I           ,1D,ACTIVO,915DHF ,1,F122,15LN,28465,473,0,0,0,23,E23,18,,,,1,9BBEG,2025-12-10 07:32:00,2025-12-10 14:50:18,1603,M,R9718,915DHF ,92473,Nor,  ,,FR,S,GSC
2025-12-01 00:00:00,797030500810,02,DW,06,B,19,191,TAMAY XIU ELADIO              ,1B,ACTIVO,9B96W1 ,1,F121,03GG,8964,20,0,0,0,23,E23,18,,,,1,9BBEG,2025-12-01 14:40:00,2025-12-01 09:04:22,0226,M,9EMEK,9B96W1 ,14945,Nor,  ,,FR,S,GSC
2025-12-01 00:00:00,797041000096,08,DW,06,B,01,082,COHUO COHUO ISABEL            ,1B,ACTIVO,1R12V3 ,1,F121,04GG,19072,591,0,0,0,23,E23,18,,,,1,9BBEG,2025-12-04 12:50:00,2025-12-04 05:46:41,0801,M,9EMEK,1R12V3 ,10591,Nor,  ,,FR,S,GSC
2025-12-01 00:00:00,797130200911,26,DW,06,B,31,312,GONZALEZ ALVARADO CESAR       ,1B,ACTIVO,699TT8 ,1,F122,12LH,19749,210,0,0,0,23,E23,18,,,,1,9BBEG,2025-12-17 18:38:00,2025-12-17 07:27:44,2626,L,9EMEK,699TT8 ,80697,Nor,44,NUM MEDID DESIGU,44,S,GSC
2025-12-01 00:00:00,797170900893,03,DW,06,B,01,032,RAMIREZ MEX MARIO             ,02,ACTIVO,3CFJ38 ,2,F623,25P3,0,0,0,0,0,23,E23,18,,,,1,9BBEG,2025-12-30 10:42:00,,,,,,,,,,,,GSC
2025-12-01 00:00:00,797251000838,06,DW,06,B,01,102,LUNA GUILLERMO MIGUEL DEL CARM,1B,ACTIVO,8BCG45 ,2,F623,25P2,10,10,0,0,0,23,E23,18,,,,1,9BBEG,2025-12-03 12:05:00,2025-12-03 15:03:40,0601,M,R9174,8BCG45 ,0,Nor,51,NO ENCONTRE DOMI,,,GSC
2025-12-01 00:00:00,797950800327,22,DW,06,B,33,334,ALVARADO ALVARADO JESUS       ,1B,ACTIVO,C066J1 ,1,F121,95F5,48114,0,0,0,0,23,E23,18,,,,1,9BBEG,2025-12-15 13:31:00,2025-12-15 07:17:19,2227,L,R9174,C066J1 ,9999,Nor,  ,,FR,S,GSC
2025-12-01 00:00:00,798001155956,38,DW,06,C,05,051,CIME CHI EMILIANO             ,1B,ACTIVO,6PR719 ,1,F121,99GG,9387,45,0,0,0,23,E23,18,,,,1,9BBEG,2025-12-26 11:48:00,2025-12-26 12:36:00,3827,L,GA27N,6PR719 ,10045,Nor,  ,,FR,S,GSC
2025-12-01 00:00:00,799130100765,36,DW,06,D,25,251,JARILLO CHAY SERGIO ALONZO    ,1B,ACTIVO,4KN633 ,1,F121,99GG,8201,202,0,0,0,23,E23,18,,,,1,9BBEG,2025-12-26 18:14:00,2025-12-26 12:42:21,3627,L,GAT5M,4KN633 ,99899,Nor,  ,,FR,S,GSC
2025-12-01 00:00:00,799211100875,28,DW,06,D,47,470,VALENCIA CAB CRISTIAN ENRIQUE ,1C,ACTIVO,6AAC82 ,2,F623,25NY,2896,735,0,0,0,23,E23,18,,,,1,9BBEG,2025-12-18 12:08:00,2025-12-18 11:16:32,2827,L,GAT5M,6AAC82 ,15110,Nor,44,NUM MEDID DESIGU,44,S,GSC
2025-12-01 00:00:00,799240300182,32,DW,06,D,33,330,CADEN PRO FORES KANAINA SA SV ,02,ACTIVO,KKX970 ,2,F623,23NU,2212,51,0,0,0,951,LECT NEGATIVA,18,,,,1,9BBEG,2025-12-23 15:09:00,2025-12-22 11:13:17,3227,L,G92BA,KKX970 ,99949,Opt,  ,,,,GSC
2025-12-01 00:00:00,800020702075,14,DW,07,A,15,004,BALAN ARGAEZ RUDY CANDI       ,1B,ACTIVO,7U1E35 ,1,F121,02GG,27760,272,0,0,0,951,LECT NEGATIVA,18,,,,1,9MCJD,2025-12-11 13:59:00,2025-12-09 14:10:26,1428,L,9MCAW,7U1E35 ,99965,Nor,  ,,FR,S,GSC
2025-12-01 00:00:00,800040900035,76,DW,07,A,12,001,DZUL TUN IRMA NOEMI           ,02,ACTIVO,PJ211G ,3,KL28,20KE,1589,0,0,0,0,23,E23,18,,,,1,9MCJD,2025-12-23 13:48:00,2025-12-23 09:50:02,7601,L,9ND6Y,PJ211G ,0,Nor,50,CASA CERRADA,50,S,GSC
2025-12-01 00:00:00,800050400677,06,DW,07,A,05,065,LORIA EUAN FREDDY ANTONIO     ,1B,SUJETO A CORTE,091AB8 ,3,FD2H,11KV,23580,678,0,0,0,23,E23,18,,,,1,9MCJD,2025-12-03 12:21:00,2025-12-03 12:28:30,0601,M,GAVNM,091AB8 ,88571,Nor,  ,,FR,S,GSC
2025-12-01 00:00:00,800050401011,20,DW,07,A,29,001,ROSADO  AGUALLO JOSE EDUARDO  ,1B,ACTIVO,8E783G ,1,F121,05JL,20070,155,0,0,0,23,E23,18,,,,1,9MCJD,2025-12-12 12:19:00,2025-12-12 09:14:43,2026,L,9JRAJ,8E783G ,90145,Nor,  ,,FR,S,GSC
2025-12-01 00:00:00,800060300760,68,DW,07,A,30,001,GALATAS DUARTE MIGUEL FCO     ,09,ACTIVO,5DYG34 ,3,KL28,25NJ,0,0,0,0,0,23,E23,18,,,,1,9MCJD,2025-12-11 15:46:00,2025-12-14 10:45:50,6851,R,9MC6T,PJ082H ,0,Opt,31,SERVICIO SIN USO,,,GSC
2025-12-01 00:00:00,800060301537,75,DW,07,A,17,002,RODRIGUEZ CONRADO EDGARDO     ,09,ACTIVO,102HAF ,3,KL28,15KM,80083,0,0,0,0,23,E23,18,,,,1,9MCJD,2025-12-22 09:53:00,2025-12-23 10:42:45,7552,R,9MCGY,102HAF ,20000,Nor,  ,,,,GSC
2025-12-01 00:00:00,800060400772,76,DW,07,A,61,611,MONFORTE OSORIO HUGO          ,1B,ACTIVO,F380CR ,1,F122,17LN,11121,0,0,0,0,23,E23,18,,,,1,9MCJD,2025-12-23 14:01:00,2025-12-23 12:32:08,7602,L,9JRAJ,F380CR ,0,Nor,50,CASA CERRADA,50,S,GSC
2025-12-01 00:00:00,800060600798,18,DW,07,A,05,181,UC DZUL MARLENE               ,1B,ACTIVO,PCU253 ,1,F123,24NX,0,0,0,0,0,23,E23,18,,,,1,9MCJD,2025-12-11 14:08:00,2025-12-11 12:56:53,1803,L,9MCAW,63HL70 ,480,Nor,  ,,,,GSC
2025-12-01 00:00:00,800060800789,20,DW,07,A,29,001,AVILA ROSADO JAIME            ,1B,ACTIVO,3V718W ,1,F121,06JL,1016,30,0,0,0,23,E23,18,,,,1,9MCJD,2025-12-12 12:10:00,2025-12-12 10:08:07,2026,L,9JRAJ,3V718W ,99030,Nor,  ,,FR,S,GSC
2025-12-01 00:00:00,800061201323,72,DW,07,C,59,722,SOBERANIS LUGO MARIA MARTINA  ,09,CORTADO,PJ596G ,3,KL28,20KE,34916,0,0,0,0,23,E23,18,,,,1,9MCJD,2025-12-19 16:32:00,2025-12-17 08:57:02,7202,L,G92BN,PJ596G ,0,Nor,52,COMUNICACION INTERRU,52,S,GSC
2025-12-01 00:00:00,800080200893,72,DW,07,A,11,111,CERVERA LOPEZ JOAQUIN GILBERTO,09,ACTIVO,CHF594 ,3,KL28,22NJ,0,0,0,0,0,23,E23,18,,,,1,9MCJD,2025-12-19 16:41:00,2025-12-18 13:01:37,7251,R,9MCGY,CHF594 ,14985,Nor,  ,,,,GSC
2025-12-01 00:00:00,800080400710,18,DW,07,A,05,181,ROSADO GONGORA RAMON AARON    ,1B,ACTIVO,GCC623 ,1,F123,23NX,0,0,0,0,0,23,E23,18,,,,1,9MCJD,2025-12-11 14:02:00,2025-12-11 13:19:19,1803,L,9MCAW,56JD95 ,17,Nor,  ,,FR,S,GSC
2025-12-01 00:00:00,800081101180,18,DW,07,A,05,181,CHAN BALAM ERMILA             ,1B,ACTIVO,GCC625 ,1,F123,23NX,0,0,0,0,0,23,E23,18,,,,1,9MCJD,2025-12-11 14:07:00,2025-12-11 11:30:25,1803,L,9MCAW,52XR34 ,81,Nor,  ,,,,GSC
2025-12-01 00:00:00,800100701321,75,DW,07,A,15,151,URIAS GOMEZ GEYDI LORENA      ,09,ACTIVO,CHG183 ,3,KL28,22NJ,667,0,0,0,0,23,E23,18,,,,1,9MCJD,2025-12-22 09:47:00,2025-12-23 10:45:15,7551,R,9JRAJ,CHG183 ,99333,Opt,  ,,,,GSC
2025-12-01 00:00:00,800111100345,40,DW,07,A,05,322,COCOM KU JOSE SANTOS          ,1B,ACTIVO,11H9C6 ,1,F12H,09KU,2058,20,0,0,0,23,E23,18,,,,1,9MCJD,2025-12-29 13:09:00,2025-12-29 12:01:33,4001,L,GAVNM,11H9C6 ,99980,Nor,  ,,FR,S,GSC
2025-12-01 00:00:00,800121000144,76,DW,07,A,65,651,LOPEZ ALONZO VICTOR           ,02,ACTIVO,Y561BP ,2,F623,19NU,52,0,0,0,0,23,E23,18,,,,1,9MCJD,2025-12-23 14:08:00,2025-12-23 09:22:30,7603,L,9MC6T,Y561BP ,0,Nor,56,NO HAY MEDIDOR,56,S,GSC
2025-12-01 00:00:00,800150701259,14,DW,07,A,15,004,CAHUM BE MARIA ELENA          ,1B,ACTIVO,321U8N ,1,F122,14LN,4751,152,0,0,0,23,E23,18,,,,1,9MCJD,2025-12-09 15:10:00,2025-12-09 12:16:02,1428,L,9MCAW,321U8N ,40152,Nor,  ,,FR,S,GSC
2025-12-01 00:00:00,800160601813,79,DW,07,A,06,010,CAMPOS CASTILLO LUIS FELIPE   ,1B,ACTIVO,7JW528 ,2,F121,98GG,58562,196,0,0,0,23,E23,18,,,,1,9MCJD,2025-12-29 16:19:00,2025-12-29 11:28:48,7901,L,9JR0E,93GL14 ,10271,Nor,  ,,FR,S,GSC
2025-12-01 00:00:00,800190100363,76,DW,07,A,65,651,MEDINA TORRES JESUS           ,1B,ACTIVO,U268XW ,2,F623,18NN,10,0,0,0,0,23,E23,18,,,,1,9MCJD,2025-12-23 14:09:00,2025-12-23 08:31:00,7603,L,9MC6T,U268XW ,0,Nor,59,DISPLAY APAGADO,59,S,GSC
2025-12-01 00:00:00,800190400197,75,DW,07,A,17,001,UCH KUMUL CARLOS ANTONIO      ,1B,ACTIVO,G097XK ,3,KL28,17KE,4596,0,0,0,0,23,E23,18,,,,1,9MCJD,2025-12-22 09:51:00,2025-12-22 10:43:51,7504,L,GAVNM,G097XK ,99974,Opt,  ,,,,GSC
2025-12-01 00:00:00,800210300992,10,DW,07,A,55,552,CEN CHAN LUIS ALBERTO         ,1B,ACTIVO,KK174F ,1,F123,20NT,264,0,0,0,0,23,E23,18,,,,1,9MCJD,2025-12-05 11:57:00,2025-12-05 09:18:11,1026,L,9JRAJ,KK174F ,99982,Opt,  ,,,,GSC
2025-12-01 00:00:00,800240100092,06,DW,07,A,05,065,BALAM LOPEZ MARIA DEL CARMEN  ,1B,ACTIVO,JCR827 ,2,F623,23NU,1785,0,0,0,0,23,E23,18,,,,1,9MCJD,2025-12-03 12:31:00,2025-12-03 08:07:36,0601,M,GAVNM,JCR827 ,99723,Opt,  ,,,,GSC
2025-12-01 00:00:00,800750213100,12,DW,07,A,13,102,ROBERTO CORAL MARRUFO         ,1B,ACTIVO,D8G626 ,1,F121,87F5,30973,3,0,0,0,0,,18,,,,1,9MCJD,2025-12-08 14:45:00,2025-12-08 09:32:19,1228,M,9MCGY,D8G626 ,1003,Nor,  ,,FR,S,GSC
2025-12-01 00:00:00,800780400303,20,DW,07,A,29,001,DEMETRIO BALAM                ,1B,ACTIVO,3W1E37 ,1,F121,02GG,20073,213,0,0,0,23,E23,18,,,,1,9MCJD,2025-12-12 14:30:00,2025-12-12 09:03:23,2026,L,9JRAJ,3W1E37 ,99213,Nor,  ,,FR,S,GSC
2025-12-01 00:00:00,800801100305,20,DW,07,A,29,001,PRIMITIVO DZUL AC             ,1B,ACTIVO,2W0E39 ,1,F121,02GG,28030,236,0,0,0,23,E23,18,,,,1,9MCJD,2025-12-12 13:28:00,2025-12-12 11:26:27,2026,L,9JRAJ,2W0E39 ,99236,Nor,  ,,FR,S,GSC
2025-12-01 00:00:00,800810600540,28,DW,07,A,06,062,JORGE DZUL TUZ                ,1B,ACTIVO,1AXR07 ,2,F623,25P2,0,0,0,0,0,23,E23,18,,,,1,9MCJD,2025-12-18 14:26:00,2025-12-20 11:23:51,2851,R,9JRAJ,16L0P6 ,0,Nor,31,SERVICIO SIN USO,,,GSC
2025-12-01 00:00:00,800850400357,18,DW,07,A,05,182,PECH CHABLE LORENZO           ,1B,ACTIVO,GCC613 ,1,F123,23NX,0,0,0,0,0,23,E23,18,,,,1,9MCJD,2025-12-11 14:51:00,2025-12-11 23:10:57,1801,L,9JR0E,1J6E05 ,209,Nor,  ,,,,GSC
2025-12-01 00:00:00,800860100700,18,DW,07,A,05,182,TINAH FRANCO RUTH MARIA       ,1B,ACTIVO,GCC626 ,1,F123,23NX,0,0,0,0,0,23,E23,18,,,,1,9MCJD,2025-12-11 14:54:00,2025-12-11 22:54:50,1801,L,9JR0E,UX8618 ,249,Nor,  ,,,,GSC
2025-12-01 00:00:00,800860600150,76,DW,07,A,25,251,RUIZ ANDRADE GLADYS MARIA     ,09,ACTIVO,WN9759 ,3,F121,86EG,4915,0,0,0,0,23,E23,18,,,,1,9MCJD,2025-12-23 13:52:00,2025-12-23 10:45:12,7603,L,9MC6T,WN9759 ,0,Nor,56,NO HAY MEDIDOR,56,S,GSC
2025-12-01 00:00:00,800870701060,63,DW,07,A,10,900,JUNTA DE AGUA POTABLE         ,06,ACTIVO,PJ058H ,3,KL28,20KE,19962,0,0,0,0,23,E23,18,,,,1,9MCJD,2025-12-04 12:29:00,2025-12-05 12:07:59,6351,R,9MCGY,PJ058H ,0,Nor,59,DISPLAY APAGADO,,,GSC
2025-12-01 00:00:00,800880300535,76,DW,07,A,61,611,ESPERON VILLANUEVA FRANCISCO J,1B,ACTIVO,978X2H ,2,F622,14LM,3268,0,0,0,0,23,E23,18,,,,1,9MCJD,2025-12-23 13:59:00,2025-12-23 10:19:20,7602,L,9JRAJ,978X2H ,0,Nor,50,CASA CERRADA,50,S,GSC
2025-12-01 00:00:00,800880400394,20,DW,07,A,29,001,ARCEO DZUL FELIPE             ,1B,ACTIVO,D6G936 ,1,F121,87F5,32734,184,0,0,0,23,E23,18,,,,1,9MCJD,2025-12-12 13:26:00,2025-12-12 10:30:33,2026,L,9JRAJ,D6G936 ,90184,Nor,  ,,FR,S,GSC
2025-12-01 00:00:00,800891200435,40,DW,07,A,05,322,PISTE PERERA LIGIA E          ,1B,ACTIVO,J2W738 ,2,F121,88F5,78001,137,0,0,0,23,E23,18,,,,1,9MCJD,2025-12-29 13:04:00,2025-12-29 17:36:14,4001,L,GAVNM,J2W739 ,198197,Nor,  ,,FR,S,GSC
2025-12-01 00:00:00,800910700444,20,DW,07,A,29,001,CANCHA MUNICIPAL              ,02,ACTIVO,2G753Y ,2,F121,05JL,16956,0,0,0,0,23,E23,18,,,,1,9MCJD,2025-12-12 13:21:00,2025-12-12 10:25:51,2026,L,9JRAJ,2G754Y ,99998,Nor,  ,,FR,S,GSC
2025-12-01 00:00:00,800920400759,04,DW,07,A,05,042,31EPR0168V SHP E MANUEL ALCALA,02,ACTIVO,80P5F4 ,3,FD2H,09KV,69485,4712,0,0,0,23,E23,18,,,,1,9MCJD,2025-12-02 12:11:00,2025-12-02 13:06:45,0403,L,9MCGY,80P5F4 ,82474,Nor,  ,,LM,S,GSC
2025-12-01 00:00:00,800941000271,01,DW,07,A,05,011,CONTROLADORA DE NEGOCIOS COMER,02,ACTIVO,68U9J7 ,2,F62H,09KN,63509,3586,0,0,0,23,E23,18,,,,1,9MCJD,2025-12-29 17:13:00,,,,,,,,,,,,GSC
2025-12-01 00:00:00,800970201056,70,DW,07,A,02,010,KILIM SSS  SOC  SOLID SOCIAL  ,09,ACTIVO,4DYG56 ,3,KL28,25NJ,138,138,0,0,0,23,E23,18,,,,1,9MCJD,2025-12-15 14:31:00,2025-12-15 11:55:44,7002,L,9JR0E,4DYG56 ,138,Opt,  ,,,,GSC
2025-12-01 00:00:00,800970400075,20,DW,07,A,29,001,UN PUC JOSE MARIA             ,1B,ACTIVO,R569M2 ,1,F121,97F5,17406,0,0,0,0,23,E23,18,,,,1,9MCJD,2025-12-12 13:14:00,2025-12-12 10:20:18,2026,L,9JRAJ,R569M2 ,99899,Nor,  ,,FR,S,GSC
2025-12-01 00:00:00,800980200023,32,DW,07,A,05,301,LUIS ARCEO BORGES             ,1B,ACTIVO,8B5R62 ,1,F121,00GG,26095,367,0,0,0,23,E23,18,,,,1,9MCJD,2025-12-22 13:36:00,2025-12-22 08:32:35,3201,L,9MCGY,8B5R62 ,99367,Nor,  ,,FR,S,GSC
2025-12-01 00:00:00,800980500515,20,DW,07,A,29,001,SULUB J  GERVIN FERNELY       ,1B,ACTIVO,0DV802 ,1,F121,98GG,24014,0,0,0,0,23,E23,18,,,,1,9MCJD,2025-12-12 12:22:00,2025-12-12 08:53:39,2026,L,9JRAJ,0DV802 ,98999,Nor,  ,,FR,S,GSC
2025-12-01 00:00:00,800980701774,40,DW,07,A,05,321,PEREZ TUN JOSE GUADALUPE      ,1B,ACTIVO,P509LR ,1,F123,18NM,10178,557,0,0,0,23,E23,18,,,,1,9MCJD,2025-12-29 12:58:00,2025-12-29 22:32:58,4002,M,GAVNM,P509LR ,10557,Nor,  ,,FR,S,GSC
2025-12-01 00:00:00,800981001938,28,DW,07,A,06,062,MONFORTE OSORIO WILDER        ,02,ACTIVO,PBD788 ,1,F123,24NX,0,0,0,0,0,23,E23,18,,,,1,9MCJD,2025-12-18 14:21:00,2025-12-18 12:08:27,2827,M,9MC6T,3DC802 ,1,Nor,31,SERVICIO SIN USO,,,GSC
2025-12-01 00:00:00,801060102051,22,DW,07,B,06,224,NOH UN JOSE ANTONIO           ,1B,ACTIVO,PKF221 ,1,F123,24NX,290,0,0,0,0,23,E23,18,,,,1,9MCJD,2025-12-15 16:31:00,2025-12-16 08:08:10,2251,N,GACPM,PKF221 ,3306,Opt,  ,,,,GSC
2025-12-01 00:00:00,801061100051,10,DW,07,B,06,103,GOMEZ CHAVEZ JUVENTINO        ,1B,ACTIVO,4W376V ,1,F121,06JL,38232,721,0,0,0,23,E23,18,,,,1,9MCJD,2025-12-05 16:49:00,2025-12-05 09:54:44,1001,M,9ND1A,4W376V ,99561,Nor,  ,,FR,S,GSC
2025-12-01 00:00:00,801061101511,34,DW,07,B,27,271,KAUIL POOT   FRANCISCO        ,1B,ACTIVO,3W713N ,1,F121,06JL,17296,157,0,0,0,0,,18,,,,1,9MCJD,2025-12-23 15:07:00,2025-12-23 09:52:26,3429,L,9ND1B,3W713N ,9157,Nor,  ,,FR,S,GSC
2025-12-01 00:00:00,801070400131,08,DW,07,B,06,803,CANO CANCHE URZULAY           ,1B,ACTIVO,74AD81 ,1,F121,06JL,31587,360,0,0,0,23,E23,18,,,,1,9MCJD,2025-12-04 17:09:00,2025-12-04 08:18:31,0801,L,9JR0P,74AD81 ,1360,Nor,  ,,FR,S,GSC
2025-12-01 00:00:00,801080200687,32,DW,07,B,54,548,TUN PAAT MINERVA              ,1B,ACTIVO,57HL15 ,1,F121,07JL,19091,421,0,0,0,23,E23,18,,,,1,9MCJD,2025-12-22 06:54:00,2025-12-22 11:42:20,3230,M,GAVNM,57HL15 ,99137,Nor,  ,,FR,S,GSC
2025-12-01 00:00:00,801081001173,26,DW,07,B,13,131,CANCHE CHAN JOSE ARMANDO      ,1B,ACTIVO,46VP11 ,1,F121,08JL,24333,792,0,0,0,23,E23,18,,,,1,9MCJD,2025-12-17 15:06:00,2025-12-17 10:50:37,2627,M,9NCU1,46VP11 ,7392,Nor,  ,,FR,S,GSC
2025-12-01 00:00:00,801081100660,10,DW,07,B,06,103,HAU MAZUN JOSE GEREMIAS       ,1B,ACTIVO,49XR50 ,1,F121,08JL,20853,260,0,0,0,23,E23,18,,,,1,9MCJD,2025-12-05 16:49:00,2025-12-05 10:58:43,1001,M,9ND1A,49XR50 ,90260,Nor,  ,,FR,S,GSC
2025-12-01 00:00:00,801081200079,22,DW,07,B,06,222,HOIL RODRIGUEZ EMMANUEL       ,1B,ACTIVO,22UX28 ,1,F121,08JL,23179,321,0,0,0,23,E23,18,,,,1,9MCJD,2025-12-15 16:18:00,2025-12-15 13:46:43,2202,M,9NCU1,22UX28 ,99298,Nor,  ,,FR,S,GSC
2025-12-01 00:00:00,801090402563,01,DW,07,B,06,012,CHUC CAUICH RAQUEL            ,1B,ACTIVO,4J4E45 ,1,F121,01GG,20396,601,0,0,0,23,E23,18,,,,1,9MCJD,2025-12-29 16:46:00,,,,,,,,,,,,GSC
2025-12-01 00:00:00,801100401421,26,DW,07,B,44,441,MARCIAL PECH COHUO            ,1B,ACTIVO,4V271W ,1,F121,06JL,3875,50,0,0,0,23,E23,18,,,,1,9MCJD,2025-12-17 15:38:00,2025-12-17 10:33:05,2626,L,9JR0P,4V271W ,33450,Nor,  ,,FR,S,GSC
2025-12-01 00:00:00,801101002929,34,DW,07,B,27,271,CAHUM NAHUAT VICTORIA         ,1B,CORTADO,84EJ27 ,1,F121,07JL,1983,0,0,0,0,23,E23,18,,,,1,9MCJD,2025-12-23 14:55:00,2025-12-23 13:54:26,3429,L,9ND1B,84EJ27 ,0,Nor,52,COMUNICACION INTERRU,52,S,GSC
2025-12-01 00:00:00,801101100521,38,DW,07,B,94,942,PUC TAMAY EULOGIO             ,1B,ACTIVO,4W605V ,1,F121,06JL,23917,62,0,0,0,23,E23,18,,,,1,9MCJD,2025-12-26 17:21:00,2025-12-26 10:48:49,3826,L,9JR0P,4W605V ,99162,Nor,  ,,FR,S,GSC
2025-12-01 00:00:00,801110800536,04,DW,07,B,06,401,KU CABALLERO HECTOR GABRIEL   ,1B,ACTIVO,29L50K ,1,F12H,10KU,8509,550,0,0,0,23,E23,18,,,,1,9MCJD,2025-12-02 16:16:00,2025-12-02 10:20:44,0401,L,9JR0P,29L50K ,10050,Nor,  ,,FR,S,GSC
2025-12-01 00:00:00,801190601342,32,DW,07,B,40,405,BALAM TAH LIZBETH ABIGAIL     ,1C,ACTIVO,277JJC ,2,F622,15LM,8643,295,0,0,0,23,E23,18,,,,1,9MCJD,2025-12-22 06:58:00,2025-12-22 09:58:55,3226,L,9JR0P,277JJC ,92295,Nor,  ,,FR,S,GSC
2025-12-01 00:00:00,801220800744,04,DW,07,B,06,405,MUNICIPIO DE VALLADOLID       ,02,ACTIVO,MU895D ,3,KL28,20KE,48618,8080,0,0,0,23,E23,18,,,,1,9MCJD,2025-12-02 16:31:00,2025-12-02 16:43:23,0402,M,9MCFY,MU895D ,53523,Nor,  ,,FR,S,GSC
2025-12-01 00:00:00,801240800651,30,DW,07,B,40,403,MAS CHAN LUCIO ADRIAN         ,1C,CORTADO,GAX431 ,1,F123,22NX,627,281,0,0,0,23,E23,18,,,,1,9MCJD,2025-12-19 14:42:00,2025-12-19 08:57:19,3028,L,GAT3M,GAX431 ,1968,Opt,  ,,,,GSC
2025-12-01 00:00:00,803220400391,10,DW,07,D,14,001,CHI CEN JANNETTE DE LOS ANGELE,1B,ACTIVO,678ACY ,1,F122,14LN,212,0,0,0,0,23,E23,18,,,,1,9MCJD,2025-12-05 17:35:00,2025-12-05 09:37:36,1027,M,R9920,678ACY ,400,Nor,  ,,LM,S,GSC
2025-12-01 00:00:00,803951200731,04,DW,07,D,59,591,TZUC BATUN MIGUEL ANGEL       ,1C,ACTIVO,X78A91 ,1,F121,94F5,29475,0,0,0,0,23,E23,18,,,,1,9MCJD,2025-12-02 19:25:00,2025-12-02 17:16:03,0427,M,R9920,X78A91 ,999,Nor,  ,,FR,S,GSC
2025-12-01 00:00:00,803960400475,10,DW,07,D,32,321,COMITE DE MOLINEROS           ,02,ACTIVO,WMJ890 ,2,F623,24P2,66,50,0,0,0,23,E23,18,,,,1,9MCJD,2025-12-05 17:52:00,2025-12-05 14:19:43,1026,M,GA2CN,WMJ890 ,99980,Opt,  ,,,,GSC
2025-12-01 00:00:00,803961000063,24,DW,07,D,05,052,ANA MARIA HERRERA             ,1C,ACTIVO,9B921D ,1,F121,04GG,30660,321,0,0,0,23,E23,18,,,,1,9MCJD,2025-12-16 15:07:00,2025-12-16 13:07:00,2426,L,GA2CN,9B921D ,1321,Nor,  ,,FR,S,GSC
2025-12-01 00:00:00,803961200224,22,DW,07,D,09,091,UICAB DE BORGES FILIBERTA     ,1C,ACTIVO,70JD06 ,1,F121,07JL,17485,128,0,0,0,23,E23,18,,,,1,9MCJD,2025-12-15 17:02:00,2025-12-15 10:08:31,2226,M,GA2CN,70JD06 ,10128,Nor,  ,,FR,S,GSC
2025-12-01 00:00:00,803970800251,22,DW,07,D,09,091,CANCHE MEX CANGEL ALFONSO     ,1C,ACTIVO,G2298C ,1,W111,74C0,8767,0,0,0,0,23,E23,18,,,,1,9MCJD,2025-12-15 17:00:00,2025-12-15 11:35:48,2226,M,GA2CN,G2298C ,9976,Nor,  ,,LN,S,GSC
2025-12-01 00:00:00,802040200893,24,DW,07,C,41,242,TELEFONOS DE MEXICO SA B DE CV,02,ACTIVO,J815PF ,2,F622,17LM,17930,25,0,0,0,23,E23,18,,,,1,9MCJD,2025-12-18 17:06:00,2025-12-16 21:02:43,2427,M,GAPFM,J815PF ,47515,Nor,  ,,FR,S,GSC
2025-12-01 00:00:00,802051000403,40,DW,07,C,09,402,UCAN DZUL MARIA CONCEPCION    ,02,ACTIVO,2X44L2 ,2,F421,04GH,27042,69,0,0,0,23,E23,18,,,,1,9MCJD,2025-12-01 14:37:00,2025-12-29 14:05:17,4026,L,9MCCP,2X44L2 ,99069,Nor,  ,,FR,S,GSC
2025-12-01 00:00:00,802080100662,14,DW,07,C,42,141,SANTANA MOGUEL MERCEDES       ,02,ACTIVO,5CET77 ,2,F623,25P3,0,0,0,0,0,23,E23,18,,,,1,9MCJD,2025-12-11 15:05:00,2025-12-10 13:44:38,1427,M,R9871,YC588E ,910,Nor,  ,,LM,S,GSC
2025-12-01 00:00:00,802081200644,40,DW,07,C,09,402,POOT BALAM CARLOS ABIMAEL     ,1B,CORTADO,32A7C8 ,1,F121,08JL,15165,2,0,0,0,23,E23,18,,,,1,9MCJD,2025-12-01 14:36:00,2025-12-29 15:44:41,4026,L,9MCCP,32A7C8 ,98902,Nor,  ,,FR,S,GSC
2025-12-01 00:00:00,802100500379,14,DW,07,C,42,141,CRUZ QUINTAL JOSE             ,1A,ACTIVO,089EK9 ,2,F62J,11L2,24393,546,0,0,0,23,E23,18,,,,1,9MCJD,2025-12-11 15:05:00,2025-12-09 21:40:07,1427,M,R9871,089EK9 ,10546,Nor,  ,,FR,S,GSC
2025-12-01 00:00:00,802110500148,30,DW,07,C,84,301,CAN CAN LUCIANO               ,1B,ACTIVO,1E074X ,1,F121,05JL,7501,0,0,0,0,23,E23,18,,,,1,9MCJD,2025-12-23 12:06:00,2025-12-19 12:32:05,3027,L,GAPFM,1E074X ,99987,Nor,  ,,FR,S,GSC
2025-12-01 00:00:00,802130300889,14,DW,07,C,42,141,ARGAEZ MOGUEL LORENA          ,1A,ACTIVO,217G6H ,2,F62E,13L2,11766,440,0,0,0,951,LECT NEGATIVA,18,,,,1,9MCJD,2025-12-11 12:26:00,2025-12-09 09:44:28,1427,M,R9871,217G6H ,99877,Nor,  ,,FR,S,GSC
2025-12-01 00:00:00,802190100552,79,DW,07,C,34,792,DUARTE RUBEN                  ,02,ACTIVO,N051JK ,2,F622,18LM,5716,0,0,0,0,23,E23,18,,,,1,9MCJD,2025-12-01 14:08:00,2025-12-29 21:12:06,7901,L,9MCCP,N051JK ,99872,Opt,  ,,,,GSC
2025-12-01 00:00:00,802190700207,24,DW,07,C,41,241,OLIVAR DZIB JUANITA SERENA    ,1A,ACTIVO,1AUU01 ,2,F623,25P2,0,0,0,0,0,23,E23,18,,,,1,9MCJD,2025-12-18 17:09:00,2025-12-16 09:58:13,2426,M,9ND12,MB538B ,758,Opt,  ,,,,GSC
2025-12-01 00:00:00,802190800520,06,DW,07,C,53,061,PECH POOT MARIA DEL CARMEN    ,1B,ACTIVO,L297TM ,1,F122,18LN,873,2,0,0,0,23,E23,18,,,,1,9MCJD,2025-12-05 17:05:00,2025-12-03 09:50:01,0626,M,9MCCP,L297TM ,18489,Nor,  ,,FR,S,GSC
2025-12-01 00:00:00,802190900133,18,DW,07,C,42,428,MOSQUITO VERDE SA DE RL DE CV ,1A,ACTIVO,Y552BP ,2,F623,19NU,50990,2458,0,0,0,23,E23,18,,,,1,9MCJD,2025-12-15 17:07:00,2025-12-11 20:38:21,1826,M,G93BA,Y552BP ,90488,Nor,  ,,FR,S,GSC
2025-12-01 00:00:00,802191100734,76,DW,07,C,66,761,ESCALANTE AGUILAR JOSE LUIS   ,9C,ACTIVO,GEE262 ,3,KL28,22NJ,14688,0,0,0,0,23,E23,18,,,,1,9MCJD,2025-12-29 15:00:00,2025-12-23 10:03:17,7601,L,9ND12,GEE262 ,98272,Opt,  ,,,,GSC
2025-12-01 00:00:00,802780900538,40,DW,07,C,09,402,PABLO DE LA C ROSADO C        ,1B,ACTIVO,8YT266 ,1,F121,00GG,43090,294,0,0,0,23,E23,18,,,,1,9MCJD,2025-12-01 14:38:00,2025-12-29 15:18:01,4026,L,9MCCP,8YT266 ,65974,Nor,  ,,FR,S,GSC
2025-12-01 00:00:00,802781000034,40,DW,07,C,09,401,APOLINAR CAAMAL NOVELO        ,1B,ACTIVO,8G105X ,1,F121,05JL,40007,368,0,0,0,23,E23,18,,,,1,9MCJD,2025-12-01 14:46:00,2025-12-29 09:00:18,4027,L,GAM7M,8G105X ,90368,Nor,  ,,FR,S,GSC
2025-12-01 00:00:00,802810400764,06,DW,07,C,58,041,ANDRES CANUL                  ,1B,ACTIVO,85EU04 ,1,F121,07JL,7139,214,0,0,0,23,E23,18,,,,1,9MCJD,2025-12-05 17:09:00,2025-12-03 12:30:25,0628,M,R9871,85EU04 ,10214,Nor,  ,,FR,S,GSC
2025-12-01 00:00:00,802970100201,79,DW,07,C,20,791,DW076 SE POPOLNA 5020         ,02,ACTIVO,1E82R6 ,3,FD21,02F4,19721,0,0,0,0,23,E23,18,,,,1,9MCJD,2025-12-01 14:22:00,2025-12-29 08:29:14,7902,L,G92BN,1E82R6 ,96273,Nor,  ,,FR,S,GSC
2025-12-01 00:00:00,802970300073,40,DW,07,C,09,401,BALAM Y CHI LEON              ,02,ACTIVO,G290J5 ,3,F121,95F5,10748,33,0,0,0,23,E23,18,,,,1,9MCJD,2025-12-01 14:44:00,2025-12-29 12:01:33,4027,L,GAM7M,G290J7 ,90128,Nor,  ,,FR,S,GSC
2025-12-01 00:00:00,802971001177,14,DW,07,C,42,141,RAFFAELLA POLAK LEGGERI       ,1A,ACTIVO,95X2E4 ,1,F12F,09K6,10381,6,0,0,0,23,E23,18,,,,1,9MCJD,2025-12-11 15:05:00,2025-12-09 21:27:41,1427,M,R9871,95X2E4 ,27567,Nor,  ,,FR,S,GSC
2025-12-01 00:00:00,802981200534,18,DW,07,C,42,427,SAAB SAAB ALBERTO             ,02,ACTIVO,YC408B ,2,F623,21NU,86632,4332,0,0,0,23,E23,18,,,,1,9MCJD,2025-12-15 17:07:00,2025-12-11 09:05:43,1827,M,GAM7M,YC408B ,24332,Nor,  ,,FR,S,GSC
2025-12-01 00:00:00,803000955995,24,DW,07,D,05,053,CEN TUZ WILBERTH              ,1C,ACTIVO,5UK408 ,1,F121,00GG,26510,244,0,0,0,23,E23,18,,,,1,9MCJD,2025-12-16 15:09:00,2025-12-16 10:22:32,2427,M,R9920,5UK408 ,5025,Nor,  ,,FR,S,GSC
2025-12-01 00:00:00,803031000217,06,DW,07,D,51,512,EUAN CANCHE BACILIO           ,1B,ACTIVO,1J37F1 ,1,F121,03GG,17009,404,0,0,0,23,E23,18,,,,1,9MCJD,2025-12-03 16:29:00,2025-12-03 11:01:17,0626,L,GA2CN,1J37F1 ,9404,Nor,  ,,FR,S,GSC
2025-12-01 00:00:00,803100300562,22,DW,07,D,09,091,PECH CHULIM MARIA DEL ROSARIO ,1C,ACTIVO,7Y7J34 ,1,F121,02GG,14571,62,0,0,0,23,E23,18,,,,1,9MCJD,2025-12-15 17:04:00,2025-12-15 12:00:28,2226,M,GA2CN,7Y7J34 ,1062,Nor,  ,,FR,S,GSC
2025-12-01 00:00:00,803120800472,12,DW,07,D,18,001,PAT CANUL ARSENIO             ,1C,ACTIVO,3J564A ,1,F121,05JL,9155,0,0,0,0,23,E23,18,,,,1,9MCJD,2025-12-08 08:29:00,2025-12-08 12:12:25,1226,M,GA2CN,3J564A ,99030,Nor,  ,,FR,S,GSC
2025-12-01 00:00:00,803750200996,24,DW,07,D,05,052,MEDARDO YAM                   ,1C,ACTIVO,P92R39 ,1,F121,93F5,36531,531,0,0,0,23,E23,18,,,,1,9MCJD,2025-12-16 15:06:00,2025-12-16 09:11:40,2426,L,GA2CN,P92R39 ,98666,Nor,  ,,FR,S,GSC
2025-12-01 00:00:00,803900100057,22,DW,07,D,09,091,LEOBARDO BASTO BORGES         ,1C,ACTIVO,K2F964 ,1,F121,88F5,30115,37,0,0,0,23,E23,18,,,,1,9MCJD,2025-12-15 17:05:00,2025-12-15 10:18:21,2226,M,GA2CN,K2F964 ,1037,Nor,  ,,FR,S,GSC
2025-12-01 00:00:00,803910700401,04,DW,07,D,50,503,MUKUL POOT BENEDICTO          ,1C,ACTIVO,95EJ92 ,1,F121,07JL,18849,143,0,0,0,23,E23,18,,,,1,9MCJD,2025-12-02 14:35:00,2025-12-02 12:54:34,0426,L,GA2CN,95EJ92 ,1143,Nor,  ,,FR,S,GSC
2025-12-01 00:00:00,804000255795,77,DW,08,A,02,771,PENICHE PATRON JOSE LUIS      ,09,CORTADO,PJ506F ,3,KL28,20KE,45331,208,0,0,0,23,E23,18,,,,1,9ND09,2025-12-26 11:22:00,2025-12-26 11:51:34,7701,L,9JRAU,PJ506F ,0,Nor,52,COMUNICACION INTERRU,52,S,GSC
2025-12-01 00:00:00,804001057164,77,DW,08,A,02,771,PERAZA MARTIN ORLANDO         ,9C,ACTIVO,249RTU ,3,FD22,16LR,53211,222,0,0,0,23,E23,18,,,,1,9ND09,2025-12-26 11:22:00,2025-12-26 13:10:43,7701,L,9JRAU,249RTU ,0,Nor,52,COMUNICACION INTERRU,52,S,GSC
2025-12-01 00:00:00,804020601096,22,DW,08,A,18,181,CORTEZ TEC MARIA VERONICA     ,1B,ACTIVO,2U1F86 ,1,F121,02GG,30389,256,0,0,0,23,E23,18,,,,1,9ND09,2025-12-15 11:43:00,2025-12-15 17:24:49,2228,M,9ND8B,2U1F86 ,90256,Nor,  ,,FR,S,GSC
2025-12-01 00:00:00,804031100455,22,DW,08,A,18,181,PECH CASTILLO MARTIN          ,1B,ACTIVO,0L90W7 ,1,F121,04GG,25949,141,0,0,0,23,E23,18,,,,1,9ND09,2025-12-15 11:44:00,2025-12-15 18:20:31,2228,M,9ND8B,0L90W7 ,1141,Nor,  ,,FR,S,GSC
2025-12-01 00:00:00,804041000572,26,DW,08,A,08,001,NOH DZUL ZENON                ,1B,ACTIVO,4H2T62 ,1,F121,01GG,24945,228,0,0,0,23,E23,18,,,,1,9ND09,2025-12-17 15:20:00,2025-12-17 10:16:41,2626,L,GAPUM,4H2T62 ,3259,Nor,  ,,FR,S,GSC
2025-12-01 00:00:00,804080100304,75,DW,08,A,18,753,PUC Y CAN RODOLFO             ,9C,ACTIVO,PJ901F ,3,KL28,20KE,8281,0,0,0,0,23,E23,18,,,,1,9ND09,2025-12-22 17:40:00,2025-12-22 11:05:13,7502,L,9ND8B,PJ901F ,0,Nor,60,MEDID NO TRABAJA,60,S,GSC
2025-12-01 00:00:00,804080601028,34,DW,08,A,09,342,LORIA PALMA JOSE INES         ,1B,ACTIVO,04TJ75 ,1,F121,08JL,4012,0,0,0,0,23,E23,18,,,,1,9ND09,2025-12-23 13:03:00,2025-12-23 11:00:41,3426,L,GAEQM,04TJ75 ,99000,Nor,  ,,FR,S,GSC
2025-12-01 00:00:00,804090200846,75,DW,08,A,17,751,HAU ARCEO PEDRO               ,09,ACTIVO,J274GA ,2,F622,17LM,7243,0,0,0,0,23,E23,18,,,,1,9ND09,2025-12-22 17:39:00,2025-12-22 11:07:30,7501,L,9JRAU,J274GA ,0,Nor,59,DISPLAY APAGADO,59,S,GSC
2025-12-01 00:00:00,803971200257,34,DW,07,D,08,082,PAULINA DORANTES NAVARRO      ,1D,ACTIVO,6MD606 ,1,F121,99GG,30999,110,0,0,0,23,E23,18,,,,1,9MCJD,2025-12-23 17:35:00,2025-12-23 11:45:49,3426,L,GA2CN,6MD606 ,9110,Nor,  ,,FR,S,GSC
2025-12-01 00:00:00,803980101091,04,DW,07,D,50,502,POOL UCAN PAULINO             ,1C,ACTIVO,Y484R0 ,1,F121,97F5,28579,293,0,0,0,23,E23,18,,,,1,9MCJD,2025-12-02 19:22:00,2025-12-02 12:26:48,0427,M,R9920,Y484R0 ,10293,Nor,  ,,FR,S,GSC
2025-12-01 00:00:00,804000857051,77,DW,08,A,02,771,PERAZA MARTIN ORLANDO         ,1B,ACTIVO,5E560G ,1,F121,05JL,42741,187,0,0,0,23,E23,18,,,,1,9ND09,2025-12-26 11:22:00,2025-12-26 13:11:00,7701,L,9JRAU,5E560G ,0,Nor,52,COMUNICACION INTERRU,52,S,GSC
2025-12-01 00:00:00,804070100411,14,DW,08,A,01,141,MARTIN CAN VICTOR ALFONSO     ,1B,CORTADO,63BP82 ,1,F121,06JL,19983,0,0,0,0,23,E23,18,,,,1,9ND09,2025-12-09 14:19:00,2025-12-09 10:28:03,1402,L,9JRAU,63BP82 ,10000,Nor,  ,,FR,S,GSC
2025-12-01 00:00:00,804070600732,22,DW,08,A,21,211,HERRERA UICAB ROGER REINALDO  ,1B,ACTIVO,36BP17 ,1,F121,06JL,44408,465,0,0,0,23,E23,18,,,,1,9ND09,2025-12-15 11:47:00,2025-12-15 09:50:11,2227,L,GAPUM,36BP17 ,9374,Nor,  ,,FR,S,GSC
2025-12-01 00:00:00,804071100954,77,DW,08,A,19,772,CANCHE Y CAUICH CARLOS        ,09,ACTIVO,12N09R ,2,F62H,10KN,2415,0,0,0,0,23,E23,18,,,,1,9ND09,2025-12-26 11:29:00,2025-12-26 10:26:41,7702,L,GAEQM,12N09R ,0,Nor,59,DISPLAY APAGADO,59,S,GSC
2025-12-01 00:00:00,804100800618,73,DW,08,A,16,733,POOL Y PUCH JOSE MOISES       ,09,ACTIVO,MV122M ,3,KL28,20KE,70,0,0,0,0,23,E23,18,,,,1,9ND09,2025-12-18 16:20:00,2025-12-18 11:55:51,7302,L,GAVPM,MV122M ,0,Nor,52,COMUNICACION INTERRU,52,S,GSC
2025-12-01 00:00:00,804111000087,22,DW,08,A,27,271,CHAN PINTO GEIDY PATRICIA     ,1B,ACTIVO,3J7E64 ,1,F121,01GG,27915,377,0,0,0,23,E23,18,,,,1,9ND09,2025-12-15 11:49:00,2025-12-15 13:39:30,2227,L,GAPUM,3J7E64 ,1377,Nor,  ,,FR,S,GSC
2025-12-01 00:00:00,804120800771,22,DW,08,A,30,300,DZIB CHALE ROBERTO            ,1B,ACTIVO,5PB878 ,1,F121,99GG,9737,152,0,0,0,23,E23,18,,,,1,9ND09,2025-12-15 11:50:00,2025-12-15 11:39:59,2227,L,GAPUM,5PB878 ,10152,Nor,  ,,FR,S,GSC
2025-12-01 00:00:00,804120900708,22,DW,08,A,30,300,XOOL CHUC RODOLFO JAVIER      ,1B,CORTADO,55KR57 ,1,F121,07JL,16890,678,0,0,0,23,E23,18,,,,1,9ND09,2025-12-15 11:50:00,2025-12-15 12:17:27,2227,L,GAPUM,55KR57 ,10678,Nor,  ,,FR,S,GSC
2025-12-01 00:00:00,804151200950,67,DW,08,A,33,673,RIVAS LIZARRAGA LUIS ROBERTO  ,9C,ACTIVO,PT461X ,3,KL28,21KE,6192,0,0,0,0,23,E23,18,,,,1,9ND09,2025-12-10 17:36:00,2025-12-10 14:18:10,6703,L,GAHTM,PT461X ,0,Nor,59,DISPLAY APAGADO,59,S,GSC
2025-12-01 00:00:00,804171100285,22,DW,08,A,25,251,    EUGENIO P                 ,1B,ACTIVO,H766LP ,1,F122,17LN,76,0,0,0,0,23,E23,18,,,,1,9ND09,2025-12-15 11:48:00,2025-12-15 13:11:49,2228,M,9ND8B,H766LP ,15290,Nor,  ,,FR,S,GSC
2025-12-01 00:00:00,804211001064,08,DW,08,A,07,001,POOL UCAN JOSE LEON           ,1B,ACTIVO,573UA1 ,1,12LH,12LH,3067,91,0,0,0,23,E23,18,,,,1,9ND09,2025-12-04 14:05:00,2025-12-04 08:59:22,0828,M,GAM9M,573UA1 ,34365,Nor,  ,,FR,S,GSC
2025-12-01 00:00:00,804240700290,22,DW,08,A,21,211,MAY CHI JOSE HIDALGO          ,1B,ACTIVO,REL085 ,2,F623,24NY,1057,205,0,0,0,23,E23,18,,,,1,9ND09,2025-12-15 11:47:00,2025-12-15 08:45:47,2227,L,GAPUM,REL085 ,1010,Opt,  ,,,,GSC
2025-12-01 00:00:00,804750303503,03,DW,08,A,03,033,RICARDO CATZIN TEC            ,1B,CORTADO,77BP07 ,1,F121,06JL,11203,0,0,0,0,23,E23,18,,,,1,9ND09,2025-12-30 09:47:00,,,,,,,,,,,,GSC
2025-12-01 00:00:00,804850400239,77,DW,08,A,23,772,CRESPO CATZIN FILIBERTO       ,09,ACTIVO,YB1176 ,2,F121,86EG,8910,10,0,0,0,23,E23,18,,,,1,9ND09,2025-12-26 11:24:00,2025-12-26 13:22:12,7702,L,GAEQM,YB1176 ,99019,Nor,31,SERVICIO SIN USO,LN,S,GSC
2025-12-01 00:00:00,804890300091,08,DW,08,A,07,003,CORTAZAR SALGADO JOSE MA      ,1B,ACTIVO,7D58C0 ,1,F121,03GG,11083,124,0,0,0,23,E23,18,,,,1,9ND09,2025-12-04 14:06:00,2025-12-04 11:56:21,0827,L,9JRAU,7D58C0 ,1015,Nor,  ,,FR,S,GSC
2025-12-01 00:00:00,804910800207,75,DW,08,A,04,753,CHIYEAN CHAN CARLOS           ,09,ACTIVO,093JEH ,2,F622,15LM,8825,0,0,0,0,23,E23,18,,,,1,9ND09,2025-12-22 17:43:00,2025-12-22 14:35:37,7502,L,9ND8B,093JEH ,0,Nor,60,MEDID NO TRABAJA,60,S,GSC
2025-12-01 00:00:00,804930500102,78,DW,08,A,06,781,MALDONADO MIGUEL ANGEL        ,1B,ACTIVO,F93R76 ,1,F121,92F5,70674,4,0,0,0,23,E23,18,,,,1,9ND09,2025-12-26 11:48:00,2025-12-27 08:16:07,7801,L,9JRAU,F93R76 ,10004,Nor,  ,,FR,S,GSC
2025-12-01 00:00:00,804930900283,79,DW,08,A,06,792,U C  SAN JUAN DOS POZO 02     ,09,ACTIVO,MX532A ,3,KL28,20KE,2845,0,0,0,0,23,E23,18,,,,1,9ND09,2025-12-29 12:00:00,2025-12-29 10:55:47,7901,L,GAEQM,MX532A ,0,Nor,59,DISPLAY APAGADO,59,S,GSC
2025-12-01 00:00:00,804990200396,22,DW,08,A,18,181,PLACIDO PECH POOL             ,1B,ACTIVO,3J0E62 ,1,F121,01GG,28055,118,0,0,0,23,E23,18,,,,1,9ND09,2025-12-15 11:43:00,2025-12-15 09:21:14,2228,M,9ND8B,3J0E62 ,10736,Nor,  ,,FR,S,GSC
2025-12-01 00:00:00,804990901092,75,DW,08,A,04,753,SABINO UITZ CAN               ,09,ACTIVO,GEF774 ,3,KL28,22NJ,388,0,0,0,0,23,E23,18,,,,1,9ND09,2025-12-22 17:37:00,2025-12-22 14:42:38,7502,L,9ND8B,GEF774 ,0,Nor,52,COMUNICACION INTERRU,52,S,GSC
2025-12-01 00:00:00,805030600043,74,DW,08,B,70,701,PACHECO MEZQUITA RENE         ,09,ACTIVO,43W15B ,2,F62H,11KN,33398,0,0,0,0,23,E23,18,,,,1,9ND09,2025-12-19 18:14:00,2025-12-19 10:14:05,7402,L,9ND0M,43W15B ,0,Nor,64,P. INFRARROJO/MED. D,64,S,GSC
2025-12-01 00:00:00,805040600424,75,DW,08,B,68,689,MEJIA CAMPOS JOSE DEL CARMEN  ,09,BAJA,PT471X ,3,KL28,21KE,97,0,0,0,0,23,E23,18,,,,1,9ND09,2025-12-22 17:51:00,2025-12-22 13:49:30,7501,L,GAA3N,PT471X ,0,Nor,56,NO HAY MEDIDOR,56,S,GSC
2025-12-01 00:00:00,805050701458,76,DW,08,B,64,649,PECH VELAZQUEZ ROGELIO        ,9M,ACTIVO,UW795H ,2,F623,21NY,2122,25,0,0,0,23,E23,18,,,,1,9ND09,2025-12-23 11:05:00,2025-12-23 12:01:08,7603,L,9ND0M,UW795H ,0,Nor,50,CASA CERRADA,50,S,GSC
2025-12-01 00:00:00,805060301008,76,DW,08,B,64,649,FLORES COLLI ANTONIO EULALIO  ,09,ACTIVO,4M948E ,3,KL28,05JN,31430,1,0,0,0,23,E23,18,,,,1,9ND09,2025-12-23 10:58:00,2025-12-23 12:52:22,7603,L,9ND0M,4M948E ,68571,Nor,44,NUM MEDID DESIGU,44,S,GSC
2025-12-01 00:00:00,805061101274,74,DW,08,B,67,742,LIZAMA ARGAEZ EDIE RAMON      ,9M,ACTIVO,MV978M ,3,KL28,20KE,9645,0,0,0,0,23,E23,18,,,,1,9ND09,2025-12-19 17:17:00,2025-12-19 12:47:30,7401,L,GAVPM,MV978M ,0,Nor,59,DISPLAY APAGADO,59,S,GSC
2025-12-01 00:00:00,805161000688,74,DW,08,B,67,742,TORRES LIZAMA GERARDO         ,9C,ACTIVO,MX687A ,3,KL28,20KE,0,0,0,0,0,23,E23,18,,,,1,9ND09,2025-12-19 17:17:00,2025-12-19 13:16:30,7401,L,GAVPM,MX687A ,0,Nor,59,DISPLAY APAGADO,59,S,GSC
2025-12-01 00:00:00,805210700089,74,DW,08,B,67,742,CAMPOS ARCE TOMASA RAMONA     ,02,ACTIVO,NT565P ,2,F623,20NU,698,0,0,0,0,23,E23,18,,,,1,9ND09,2025-12-19 17:18:00,2025-12-19 08:49:56,7401,L,GAVPM,NT565P ,0,Nor,59,DISPLAY APAGADO,59,S,GSC
2025-12-01 00:00:00,805920800431,78,DW,08,B,66,782,CANTO ROSADO MANUEL RAFAEL ANG,9M,ACTIVO,GGE350 ,3,VL28,22NJ,46,2400,0,0,0,23,E23,18,,,,1,9ND09,2025-12-26 12:48:00,2025-12-27 13:35:26,7802,L,9JRE1,GGE350 ,99984,Nor,  ,,LN,S,GSC
2025-12-01 00:00:00,805960800140,64,DW,08,B,68,641,PALOMINO TOPETE VICTORIA EUGEN,9C,ACTIVO,MX747A ,3,KL28,20KE,10,0,0,0,0,23,E23,18,,,,1,9ND09,2025-12-08 13:14:00,2025-12-08 12:06:11,6502,L,GAHTM,MX747A ,0,Nor,59,DISPLAY APAGADO,59,S,GSC
2025-12-01 00:00:00,806020201732,03,DW,08,C,28,031,RODRIGUEZ CASTRO LUIS MARIO   ,1C,ACTIVO,3P8L90 ,1,F421,01GH,62926,538,0,0,0,23,E23,18,,,,1,9ND09,2025-12-30 12:44:00,,,,,,,,,,,,GSC
2025-12-01 00:00:00,806040200503,01,DW,08,C,28,011,RUIZ RODRIGUEZ GENNY YAMILY   ,1C,ACTIVO,1M70W7 ,1,F121,04GG,49683,364,0,0,0,23,E23,18,,,,1,9ND09,2025-12-29 12:04:00,,,,,,,,,,,,GSC
2025-12-01 00:00:00,806070200397,01,DW,08,C,28,011,ESPADAS MUKUL VICTOR RAYMUNDO ,1C,ACTIVO,71BP75 ,1,F121,06JL,38338,266,0,0,0,23,E23,18,,,,1,9ND09,2025-12-29 12:05:00,,,,,,,,,,,,GSC
2025-12-01 00:00:00,798071200452,18,DW,06,C,57,571,HOMA TUZ LAURA                ,1B,ACTIVO,81JY20 ,1,F121,07JL,19880,289,0,0,0,951,LECT NEGATIVA,18,,,,1,9BBEG,2025-12-15 14:24:00,2025-12-11 07:18:03,1827,L,G92BY,81JY20 ,99295,Nor,  ,,FR,S,GSC
2025-12-01 00:00:00,798071200983,38,DW,06,C,55,551,DARZA CHE ANGELINA            ,1C,ACTIVO,32KR70 ,1,F121,07JL,13396,141,0,0,0,23,E23,18,,,,1,9BBEG,2025-12-26 11:50:00,2025-12-26 10:21:07,3826,L,9EMKF,32KR70 ,60141,Nor,  ,,FR,S,GSC
2025-12-01 00:00:00,798110300877,18,DW,06,C,57,571,SANTANA MAY SANTOS DELIO      ,02,ACTIVO,UK468X ,2,F623,21NY,2,0,0,0,0,23,E23,18,,,,1,9BBEG,2025-12-11 16:32:00,2025-12-11 08:53:01,1827,L,G92BY,UK468X ,0,Nor,56,NO HAY MEDIDOR,56,S,GSC
2025-12-01 00:00:00,798750300652,32,DW,06,C,44,441,CAMILO KU TZUK                ,1C,ACTIVO,8LB380 ,1,F121,99GG,20119,0,0,0,0,23,E23,18,,,,1,9BBEG,2025-12-22 09:39:00,2025-12-22 11:19:48,3226,M,9EMKF,8LB380 ,13888,Nor,  ,,FR,S,GSC
2025-12-01 00:00:00,798821100188,38,DW,06,C,07,071,POOL MAY EVELIO               ,1C,ACTIVO,3FY259 ,1,F121,98GG,16242,42,0,0,0,23,E23,18,,,,1,9BBEG,2025-12-26 11:49:00,2025-12-26 05:11:41,3827,L,GA27N,3FY259 ,99042,Nor,  ,,FR,S,GSC
2025-12-01 00:00:00,798821100200,34,DW,06,C,08,342,PINA TZUM DEMETRIO            ,1C,ACTIVO,PBA255 ,1,F123,24NX,0,0,0,0,0,23,E23,18,,,,1,9BBEG,2025-12-23 10:28:00,2025-12-24 09:46:11,3426,L,GA27N,PBA255 ,99932,Opt,  ,,,,GSC
2025-12-01 00:00:00,798860600228,38,DW,06,C,10,101,SEQ 23DPB0111L JAVIER ROJO GMZ,02,ACTIVO,5MM126 ,1,F121,98GG,32063,685,0,0,0,23,E23,18,,,,1,9BBEG,2025-12-26 11:50:00,2025-12-26 09:42:00,3826,L,9EMKF,5MM126 ,99685,Nor,  ,,FR,S,GSC
2025-12-01 00:00:00,798951200109,16,DW,06,C,02,162,CAUICH CEL ANGEL GASPAR       ,1C,ACTIVO,9L091D ,1,F121,05JL,13900,198,0,0,0,23,E23,18,,,,1,9BBEG,2025-12-10 13:54:00,2025-12-10 07:17:29,1626,M,9MCK2,9L091D ,99798,Nor,  ,,FR,S,GSC
2025-12-01 00:00:00,799170200312,62,DW,06,D,01,900,BAROUDI ESTEFANO JOHN NICOLAS ,67,ACTIVO,GCT954 ,3,KL28,22NJ,122,122,0,0,0,23,E23,18,,,,1,9BBEG,2025-12-02 12:39:00,2025-12-03 22:38:43,6201,L,9JR7J,RKB748 ,2634,Nor,  ,,LM,S,GSC
2025-12-01 00:00:00,800010104285,20,DW,07,A,29,001,EDWIN MANUEL AGUAYO A         ,1B,ACTIVO,0VF255 ,1,F121,00GG,42336,322,0,0,0,23,E23,18,,,,1,9MCJD,2025-12-12 12:21:00,2025-12-12 10:33:49,2026,L,9JRAJ,0VF255 ,90322,Nor,  ,,FR,S,GSC
2025-12-01 00:00:00,800010801717,10,DW,07,A,25,251,TUZ TORREZ VERONICA           ,1B,ACTIVO,KK115F ,1,F123,20NT,6258,231,0,0,0,951,LECT NEGATIVA,18,,,,1,9MCJD,2025-12-10 13:23:00,2025-12-05 10:27:45,1027,L,9MC6T,KK115F ,462,Opt,  ,,,,GSC
2025-12-01 00:00:00,800030700631,22,DW,07,A,01,004,MAY ROSADO ALVARO             ,1B,ACTIVO,4H88T1 ,1,F121,03GG,21310,491,0,0,0,23,E23,18,,,,1,9MCJD,2025-12-17 16:36:00,2025-12-15 12:03:11,2226,L,GAVNM,4H88T1 ,0,Nor,31,SERVICIO SIN USO,,,GSC
2025-12-01 00:00:00,800031202236,76,DW,07,A,61,611,EMILIO BRICENO GONZALEZ       ,02,ACTIVO,MW556X ,3,KL28,20KE,17,0,0,0,0,23,E23,18,,,,1,9MCJD,2025-12-23 14:06:00,2025-12-23 10:41:58,7602,L,9JRAJ,MW556X ,0,Nor,59,DISPLAY APAGADO,59,S,GSC
2025-12-01 00:00:00,800040501432,12,DW,07,A,62,621,CANCHE MOO MANRIQUE           ,1B,ACTIVO,2L44W3 ,1,F121,04GG,33181,44,0,0,0,0,,18,,,,1,9MCJD,2025-12-08 14:49:00,2025-12-08 13:01:33,1230,L,9MCGY,2L44W3 ,99044,Nor,  ,,FR,S,GSC
2025-12-01 00:00:00,800060301341,22,DW,07,A,01,004,CHIMAL MAY JOSE ALBERTO       ,1B,ACTIVO,3P591M ,1,F121,06JL,17099,154,0,0,0,23,E23,18,,,,1,9MCJD,2025-12-15 10:05:00,2025-12-15 10:35:06,2226,L,GAVNM,3P591M ,99154,Nor,  ,,FR,S,GSC
2025-12-01 00:00:00,800060400586,76,DW,07,A,12,001,DZUL TUN IRMA NOEMI           ,1B,ACTIVO,MJD445 ,1,F123,23NX,128,0,0,0,0,23,E23,18,,,,1,9MCJD,2025-12-23 13:49:00,2025-12-23 09:49:50,7601,L,9ND6Y,MJD445 ,0,Nor,50,CASA CERRADA,50,S,GSC
2025-12-01 00:00:00,800060501161,18,DW,07,A,05,181,CAHUIL CAAMAL AIDA IRENE      ,1B,ACTIVO,PCU252 ,1,F123,24NX,0,0,0,0,0,23,E23,18,,,,1,9MCJD,2025-12-11 13:55:00,2025-12-11 10:27:49,1803,L,9MCAW,5P169D ,156,Nor,  ,,FR,S,GSC
2025-12-01 00:00:00,800070101218,18,DW,07,A,05,181,CANCHE KANTUN LANDY BEATRIZ   ,1B,ACTIVO,PCU254 ,1,F123,24NX,0,0,0,0,0,23,E23,18,,,,1,9MCJD,2025-12-11 13:59:00,2025-12-11 10:39:11,1803,L,9MCAW,76AD37 ,49,Nor,  ,,,,GSC
2025-12-01 00:00:00,800070700146,68,DW,07,A,09,001,CRUZ GONZALEZ ELOY            ,1B,ACTIVO,7T140L ,2,F621,06F3,23594,0,0,0,0,23,E23,18,,,,1,9MCJD,2025-12-11 15:37:00,2025-12-11 09:10:09,6801,L,9JR0E,7T140L ,0,Nor,50,CASA CERRADA,50,S,GSC
2025-12-01 00:00:00,800070700154,68,DW,07,A,09,001,CRUZ GONZALEZ ELOY            ,1B,ACTIVO,91DM43 ,1,F121,06JL,22237,830,0,0,0,23,E23,18,,,,1,9MCJD,2025-12-11 15:38:00,2025-12-11 09:09:58,6801,L,9JR0E,91DM43 ,0,Nor,50,CASA CERRADA,50,S,GSC
2025-12-01 00:00:00,800070800850,32,DW,07,A,05,301,EUAN KUYOC RUFINO             ,1B,ACTIVO,0W921W ,1,F121,06JL,40196,270,0,0,0,23,E23,18,,,,1,9MCJD,2025-12-22 13:27:00,2025-12-22 09:34:18,3201,L,9MCGY,0W921W ,90270,Nor,  ,,FR,S,GSC
2025-12-01 00:00:00,800080101186,32,DW,07,A,05,301,OSORIO NOVELO DANIEL AMILCAR  ,1B,ACTIVO,66HL35 ,1,F121,07JL,27896,0,0,0,0,23,E23,18,,,,1,9MCJD,2025-12-22 13:31:00,2025-12-22 09:04:29,3201,L,9MCGY,66HL35 ,99976,Nor,  ,,FR,S,GSC
2025-12-01 00:00:00,800090400327,20,DW,07,A,29,001,CAN TEC MARIA MILDRE          ,1B,ACTIVO,56B0D6 ,1,F121,08JL,25048,276,0,0,0,23,E23,18,,,,1,9MCJD,2025-12-12 14:37:00,2025-12-12 11:15:35,2026,L,9JRAJ,56B0D6 ,99276,Nor,  ,,FR,S,GSC
2025-12-01 00:00:00,800090401234,20,DW,07,A,29,001,CENTRO COMUNITARIO DE APREN   ,02,ACTIVO,6V45V3 ,2,F421,04GH,11573,0,0,0,0,23,E23,18,,,,1,9MCJD,2025-12-12 14:36:00,2025-12-12 09:16:22,2026,L,9JRAJ,6V45V3 ,99932,Nor,  ,,FR,S,GSC
2025-12-01 00:00:00,801250200270,34,DW,07,B,27,277,CHABLE POOT AURELIO           ,02,ACTIVO,RBV739 ,2,F623,24NY,606,216,0,0,0,23,E23,18,,,,1,9MCJD,2025-12-23 16:02:00,2025-12-23 14:01:08,3428,L,9NCU1,RBV739 ,1087,Opt,  ,,,,GSC
2025-12-01 00:00:00,801250501130,24,DW,07,B,04,245,CHAN CIAU MANUEL JESUS        ,1B,ACTIVO,P392JP ,2,F623,18NN,2480,77,0,0,0,951,LECT NEGATIVA,18,,,,1,9MCJD,2025-12-18 18:13:00,2025-12-16 10:35:37,2429,L,9ND1B,P392JP ,1998,Opt,  ,,,,GSC
2025-12-01 00:00:00,801750201213,01,DW,07,B,06,013,RICARDO CRUZ CANO             ,1B,ACTIVO,JCV445 ,2,F623,23NU,8153,891,0,0,0,951,LECT NEGATIVA,18,,,,1,9MCJD,2025-12-30 16:36:00,,,,,,,,,,,,GSC
2025-12-01 00:00:00,801750206843,30,DW,07,B,40,403,BRAULIO DZIB CAAMAL           ,1C,ACTIVO,005711 ,1,W101,6000,7116,185,0,0,0,23,E23,18,,,,1,9MCJD,2025-12-19 18:12:00,2025-12-19 08:54:03,3028,L,GAT3M,005711 ,1148,Nor,  ,,FR,S,GSC
2025-12-01 00:00:00,801790500086,22,DW,07,B,06,221,AMELIA MAY BORREGUI           ,1B,ACTIVO,7J40E1 ,1,F121,03GG,38551,421,0,0,0,23,E23,18,,,,1,9MCJD,2025-12-15 16:21:00,2025-12-15 09:40:11,2202,M,9NCU1,7J40E1 ,10321,Nor,  ,,FR,S,GSC
2025-12-01 00:00:00,801810300461,34,DW,07,B,27,277,BALAM TAMAY EMILIANO          ,1B,ACTIVO,39GV17 ,1,F121,07JL,18376,114,0,0,0,23,E23,18,,,,1,9MCJD,2025-12-23 15:16:00,2025-12-23 11:08:11,3428,L,9NCU1,39GV17 ,90114,Nor,  ,,FR,S,GSC
2025-12-01 00:00:00,801830900121,12,DW,07,B,06,012,VILLANUEVA ROSA MA            ,1B,ACTIVO,HT6904 ,1,F121,82EG,5800,439,0,0,0,23,E23,18,,,,1,9MCJD,2025-12-08 08:50:00,2025-12-08 11:38:54,1201,L,GAPFM,HT6904 ,1439,Nor,  ,,FR,S,GSC
2025-12-01 00:00:00,801830900376,34,DW,07,B,26,262,DZIB ABAN ESTEBAN             ,1B,ACTIVO,61UG00 ,1,F121,08JL,14922,233,0,0,0,23,E23,18,,,,1,9MCJD,2025-12-23 15:06:00,2025-12-23 09:43:44,3426,L,9JR0P,61UG00 ,3998,Nor,  ,,FR,S,GSC
2025-12-01 00:00:00,801841200066,04,DW,07,B,06,406,AGUILAR RIVERO LUIS           ,1B,ACTIVO,8GY802 ,1,F121,00GG,69963,605,0,0,0,23,E23,18,,,,1,9MCJD,2025-12-02 16:32:00,2025-12-02 13:39:09,0402,M,9MCFY,8GY802 ,10605,Nor,  ,,FR,S,GSC
2025-12-01 00:00:00,801851100353,34,DW,07,B,27,275,BALAM KAUIL LUIS              ,1B,ACTIVO,8LB994 ,1,F121,99GG,60686,321,0,0,0,23,E23,18,,,,1,9MCJD,2025-12-23 14:52:00,2025-12-23 15:51:46,3427,L,9MCFY,8LB994 ,90505,Nor,  ,,FR,S,GSC
2025-12-01 00:00:00,801890700091,04,DW,07,B,06,406,CERVERA Y BONILLA GONZALO     ,1B,ACTIVO,R628N1 ,2,F121,97F5,75602,368,0,0,0,23,E23,18,,,,1,9MCJD,2025-12-02 16:36:00,2025-12-02 16:16:39,0402,M,9MCFY,R628N1 ,1411,Nor,  ,,FR,S,GSC
2025-12-01 00:00:00,801900300568,01,DW,07,B,06,111,VIDAL GODOY ORLANDO G         ,1B,ACTIVO,43E0V2 ,1,F12F,08K6,40794,404,0,0,0,23,E23,18,,,,1,9MCJD,2025-12-29 16:42:00,,,,,,,,,,,,GSC
2025-12-01 00:00:00,801960101131,22,DW,07,B,06,221,BARTOLOME CEN CANCHE          ,1B,ACTIVO,R76Y63 ,1,F121,93F5,26055,121,0,0,0,23,E23,18,,,,1,9MCJD,2025-12-15 16:13:00,2025-12-15 10:10:25,2202,M,9NCU1,R76Y63 ,99080,Nor,  ,,FR,S,GSC
2025-12-01 00:00:00,801970900287,01,DW,07,B,06,012,PERERA ARROYO ABELARDO        ,1B,ACTIVO,1DVJ62 ,2,F623,25NY,407,407,0,0,0,23,E23,18,,,,1,9MCJD,2025-12-29 13:28:00,,,,,,,,,,,,GSC
2025-12-01 00:00:00,801981002655,22,DW,07,B,06,221,31DCC0290R ESC BENITO JUAREZ  ,02,ACTIVO,CHF395 ,3,KL28,22NJ,28099,736,0,0,0,23,E23,18,,,,1,9MCJD,2025-12-15 16:19:00,2025-12-16 13:52:20,2251,N,GACPM,CHF395 ,21736,Opt,  ,,,,GSC
2025-12-01 00:00:00,801981201631,26,DW,07,B,56,561,CHAN CAN LORENZO              ,1B,ACTIVO,P7272D ,1,W111,77C0,731,22,0,0,0,23,E23,18,,,,1,9MCJD,2025-12-17 15:16:00,2025-12-17 14:41:44,2628,M,9ND1B,P7272D ,222,Nor,  ,,FR,S,GSC
2025-12-01 00:00:00,801981202433,34,DW,07,B,27,271,PAT POOT HERMENELGILDO        ,1B,ACTIVO,9CJ609 ,1,F121,98F5,21950,164,0,0,0,0,,18,,,,1,9MCJD,2025-12-23 15:08:00,2025-12-23 11:44:51,3429,L,9ND1B,9CJ609 ,1164,Nor,  ,,FR,S,GSC
2025-12-01 00:00:00,801990201113,26,DW,07,B,98,261,LOZANO DZUL SANTIAGO          ,1B,ACTIVO,W1H396 ,1,F121,91F5,17207,98,0,0,0,23,E23,18,,,,1,9MCJD,2025-12-17 15:01:00,2025-12-17 13:04:14,2627,M,9NCU1,W1H396 ,99098,Nor,  ,,FR,S,GSC
2025-12-01 00:00:00,801000557237,01,DW,07,B,06,015,JOSE LUIS CHACON YUPIT        ,1B,ACTIVO,9RG874 ,1,F121,99GG,24827,8,0,0,0,951,LECT NEGATIVA,18,,,,1,9MCJD,2025-12-30 16:35:00,,,,,,,,,,,,GSC
2025-12-01 00:00:00,801000557822,08,DW,07,B,06,803,GOMEZ VALDEZ MARIA MINELIA    ,1B,ACTIVO,9GY050 ,1,F121,98GG,20699,212,0,0,0,23,E23,18,,,,1,9MCJD,2025-12-04 17:05:00,2025-12-04 09:34:39,0801,L,9JR0P,9GY050 ,23212,Nor,  ,,FR,S,GSC
2025-12-01 00:00:00,801000956239,01,DW,07,B,06,013,JOSE ANTONIO CANUL OY         ,1B,ACTIVO,5UK465 ,1,F121,00GG,38273,221,0,0,0,23,E23,18,,,,1,9MCJD,2025-12-29 16:48:00,,,,,,,,,,,,GSC
2025-12-01 00:00:00,801020201102,32,DW,07,B,40,407,POOL POOT ELSI AURORA         ,1C,ACTIVO,0F3L20 ,1,F121,00GG,47927,365,0,0,0,23,E23,18,,,,1,9MCJD,2025-12-22 07:14:00,2025-12-22 14:03:48,3228,M,9ND1B,0F3L20 ,1365,Nor,  ,,FR,S,GSC
2025-12-01 00:00:00,801021203087,30,DW,07,B,40,404,CANUL CHAN ALEJO              ,1C,ACTIVO,8Y9J97 ,1,F121,02GG,38420,1018,0,0,0,23,E23,18,,,,1,9MCJD,2025-12-19 14:45:00,2025-12-19 09:07:13,3026,L,9JR0P,8Y9J97 ,1218,Nor,  ,,FR,S,GSC
2025-12-01 00:00:00,801021203451,26,DW,07,B,44,441,COUOH PECH LIBORIA            ,1B,ACTIVO,8Y8J51 ,1,F121,02GG,24618,362,0,0,0,23,E23,18,,,,1,9MCJD,2025-12-17 15:39:00,2025-12-17 13:15:00,2626,L,9JR0P,8Y8J51 ,10362,Nor,  ,,FR,S,GSC
2025-12-01 00:00:00,801040100434,24,DW,07,B,83,241,TZIU LORIA JOSE LINO          ,1C,ACTIVO,65FL86 ,1,F121,07JL,34981,49,0,0,0,23,E23,18,,,,1,9MCJD,2025-12-16 15:51:00,2025-12-16 12:58:06,2429,L,9ND1B,65FL86 ,1049,Nor,  ,,FR,S,GSC
2025-12-01 00:00:00,801060600476,08,DW,07,B,06,803,GOMEZ VALDEZ MARIA M          ,1B,ACTIVO,3AU575 ,1,F121,97F5,43662,321,0,0,0,23,E23,18,,,,1,9MCJD,2025-12-04 16:49:00,2025-12-04 09:33:25,0801,L,9JR0P,3AU575 ,56996,Nor,  ,,FR,S,GSC
2025-12-01 00:00:00,801061200919,26,DW,07,B,56,561,CAHUM BAAS   MANUEL JESUS     ,1B,ACTIVO,1W356W ,1,F121,06JL,35117,356,0,0,0,23,E23,18,,,,1,9MCJD,2025-12-17 14:59:00,2025-12-17 14:43:39,2628,M,9ND1B,1W356W ,99330,Nor,  ,,FR,S,GSC
2025-12-01 00:00:00,801070102202,30,DW,07,B,40,404,XIU CHAN MARIA ESTELA         ,1C,ACTIVO,85BP04 ,1,F121,06JL,25644,321,0,0,0,23,E23,18,,,,1,9MCJD,2025-12-19 18:02:00,2025-12-19 13:39:24,3026,L,9JR0P,85BP04 ,77142,Nor,  ,,FR,S,GSC
2025-12-01 00:00:00,801070301990,20,DW,07,B,06,205,CARLOS ALBERTO OSORIO         ,1B,ACTIVO,4D677E ,2,F621,05F3,69833,0,0,0,0,23,E23,18,,,,1,9MCJD,2025-12-12 17:05:00,2025-12-12 09:58:23,2002,L,9ND1B,4D677E ,2,Nor,60,MEDID NO TRABAJA,60,S,GSC
2025-12-01 00:00:00,801070501425,32,DW,07,B,88,889,POOT UC HIPOLITO              ,1B,ACTIVO,1W925W ,1,F121,06JL,32334,309,0,0,0,23,E23,18,,,,1,9MCJD,2025-12-22 06:57:00,2025-12-22 10:32:13,3227,M,9NCU1,1W925W ,90309,Nor,  ,,FR,S,GSC
2025-12-01 00:00:00,801070600318,04,DW,07,B,06,402,MAT  Y TRIT VALL S A  DE C V  ,02,ACTIVO,0X00A0 ,3,FD21,04F4,49739,2015,0,0,0,23,E23,18,,,,1,9MCJD,2025-12-02 16:14:00,2025-12-03 15:19:55,0451,R,9ND1B,0X00A0 ,82015,Nor,  ,,FR,S,GSC
2025-12-01 00:00:00,801080100623,32,DW,07,B,40,405,PECH BALAM MODESTA            ,02,ACTIVO,37TJ73 ,1,F121,08JL,29470,404,0,0,0,23,E23,18,,,,1,9MCJD,2025-12-22 06:58:00,2025-12-22 11:01:49,3226,L,9JR0P,37TJ73 ,99404,Nor,  ,,FR,S,GSC
2025-12-01 00:00:00,801080501784,34,DW,07,B,27,277,CAAMAL PUC MARIA DELFINA      ,1B,CORTADO,67UG88 ,1,F121,08JL,9303,0,0,0,0,23,E23,18,,,,1,9MCJD,2025-12-23 14:56:00,2025-12-23 12:48:51,3428,L,9NCU1,67UG88 ,0,Nor,52,COMUNICACION INTERRU,52,S,GSC
2025-12-01 00:00:00,801110602271,34,DW,07,B,27,271,POOT TUZ ZIZI YANINI          ,1B,ACTIVO,AWT809 ,1,F123,22NX,1868,30,0,0,0,23,E23,18,,,,1,9MCJD,2025-12-23 14:54:00,2025-12-23 11:15:07,3429,L,9ND1B,AWT809 ,0,Nor,52,COMUNICACION INTERRU,52,S,GSC
2025-12-01 00:00:00,801110802571,24,DW,07,B,04,241,AYALA DIAZ ANA PATRICIA       ,1B,ACTIVO,AWU402 ,1,F123,22NX,4802,377,0,0,0,23,E23,18,,,,1,9MCJD,2025-12-16 15:39:00,2025-12-17 12:17:33,2452,N,GACPM,AWU402 ,3773,Opt,  ,,,,GSC
2025-12-01 00:00:00,801141101300,34,DW,07,B,27,277,DZIB NAHUAT VICENTE           ,1B,ACTIVO,RBY842 ,2,F623,24NY,751,143,0,0,0,23,E23,18,,,,1,9MCJD,2025-12-23 15:15:00,2025-12-23 09:29:54,3428,L,9NCU1,RBY842 ,99535,Opt,  ,,,,GSC
2025-12-01 00:00:00,801151100255,32,DW,07,B,54,548,MEX MOO EZEQUIEL              ,1B,ACTIVO,211DHE ,1,F122,15LN,7424,151,0,0,0,23,E23,18,,,,1,9MCJD,2025-12-22 06:56:00,2025-12-22 13:40:59,3230,M,GAVNM,211DHE ,99818,Opt,  ,,,,GSC
2025-12-01 00:00:00,801160401233,32,DW,07,B,88,889,MATOS POOT SEIDY MARICRUZ     ,1B,CORTADO,295HRU ,1,F122,15LN,14310,0,0,0,0,23,E23,18,,,,1,9MCJD,2025-12-22 12:06:00,2025-12-22 11:18:00,3227,M,9NCU1,295HRU ,0,Nor,59,DISPLAY APAGADO,59,S,GSC
2025-12-01 00:00:00,801170401002,62,DW,07,B,06,052,H AYUNTAMIENTO DE VALLADOLID  ,02,ACTIVO,253MBJ ,2,F622,16LM,72313,2521,0,0,0,23,E23,18,,,,1,9MCJD,2025-12-03 17:57:00,2025-12-03 16:32:36,6201,L,9ND1A,253MBJ ,0,Nor,53,UI SERV DIRECTO,,,GSC
2025-12-01 00:00:00,801190901664,30,DW,07,B,40,401,KUMUL TUZ ROSA MARIA          ,1C,ACTIVO,866RL1 ,1,F122,12LH,4113,205,0,0,0,23,E23,18,,,,1,9MCJD,2025-12-19 14:56:00,2025-12-19 09:38:40,3027,M,9NCU1,866RL1 ,2205,Opt,  ,,,,GSC
2025-12-01 00:00:00,801200400821,04,DW,07,B,06,402,DE JESUS GONZALEZ FRANCISCO JA,1B,CORTADO,DW078K ,2,F623,19NU,30256,0,0,0,0,23,E23,18,,,,1,9MCJD,2025-12-02 12:45:00,2025-12-03 15:18:03,0451,R,9ND1B,DW078K ,96789,Nor,  ,,FR,S,GSC
2025-12-01 00:00:00,801240803111,22,DW,07,B,06,224,SANTOYO ARCEO AGUSTINA        ,02,ACTIVO,RDX748 ,2,F623,24NY,1719,129,0,0,0,23,E23,18,,,,1,9MCJD,2025-12-15 16:30:00,2025-12-15 13:37:14,2201,L,9JR0P,RDX748 ,9129,Nor,  ,,LM,S,GSC
2025-12-01 00:00:00,801241101668,34,DW,07,B,26,262,CHI NAHUAT MARIA LUCIA        ,1B,ACTIVO,PKF238 ,1,F123,24NX,481,172,0,0,0,951,LECT NEGATIVA,18,,,,1,9MCJD,2025-12-26 14:31:00,2025-12-23 11:15:13,3426,L,9JR0P,PKF238 ,99927,Opt,  ,,,,GSC
2025-12-01 00:00:00,801250100739,08,DW,07,B,06,803,PEREZ GUILLEN LEONARDA        ,1B,ACTIVO,RBV115 ,2,F623,24NY,262,252,0,0,0,23,E23,18,,,,1,9MCJD,2025-12-05 17:45:00,2025-12-04 13:37:06,0801,L,9JR0P,RBV115 ,1038,Opt,  ,,,,GSC
2025-12-01 00:00:00,801250700493,34,DW,07,B,27,271,BRERA VILLAMIL JORGE CESAR    ,1B,ACTIVO,XNH711 ,1,F123,24NX,9,9,0,0,0,951,LECT NEGATIVA,18,,,,1,9MCJD,2025-12-26 14:25:00,2025-12-23 11:17:35,3429,L,9ND1B,XNH711 ,99773,Opt,  ,,,,GSC
2025-12-01 00:00:00,801250800307,22,DW,07,D,09,091,EK MAY VALENTINA              ,1B,ACTIVO,XNJ158 ,1,F123,24NX,50,0,0,0,0,23,E23,18,,,,1,9MCJD,2025-12-15 17:02:00,2025-12-15 20:13:35,2226,M,GA2CN,XNJ158 ,2464,Nor,  ,,FR,S,GSC
2025-12-01 00:00:00,801750204204,01,DW,07,B,06,111,GUZMAN ALCOCER EDGAR JESUS    ,1B,ACTIVO,40E1V7 ,2,F62F,08K6,57095,421,0,0,0,23,E23,18,,,,1,9MCJD,2025-12-29 16:44:00,,,,,,,,,,,,GSC
2025-12-01 00:00:00,801750206100,32,DW,07,B,40,407,JUAN DE DIOS KINIL            ,1C,ACTIVO,3G365Y ,1,F121,05JL,67332,628,0,0,0,23,E23,18,,,,1,9MCJD,2025-12-22 12:05:00,2025-12-22 11:03:31,3228,M,9ND1B,3G365Y ,0,Nor,60,MEDID NO TRABAJA,60,S,GSC
2025-12-01 00:00:00,801761100087,32,DW,07,B,40,407,CANDIDO KUMUL                 ,1C,CORTADO,PCX911 ,1,F123,24NX,885,885,0,0,0,23,E23,18,,,,1,9MCJD,2025-12-22 07:13:00,2025-12-22 08:32:53,3228,M,9ND1B,PCX911 ,885,Opt,  ,,,,GSC
2025-12-01 00:00:00,801880200464,26,DW,07,B,44,441,CHAN POMOL MARTIN             ,1B,ACTIVO,B25C11 ,1,F121,95GG,48367,150,0,0,0,23,E23,18,,,,1,9MCJD,2025-12-17 15:39:00,2025-12-17 10:55:19,2626,L,9JR0P,B25C11 ,3150,Nor,  ,,FR,S,GSC
2025-12-01 00:00:00,801910700203,12,DW,07,B,06,012,AGUILAR BALAM MARIA           ,1B,ACTIVO,W2H018 ,1,F121,91F5,91389,421,0,0,0,23,E23,18,,,,1,9MCJD,2025-12-08 08:53:00,2025-12-08 10:48:57,1201,L,GAPFM,W2H018 ,90437,Nor,  ,,FR,S,GSC
2025-12-01 00:00:00,801911100277,32,DW,07,B,40,407,UITZIL MAAS JOSE SIMON        ,1C,ACTIVO,E4F531 ,3,FD21,87F4,49245,146,0,0,0,23,E23,18,,,,1,9MCJD,2025-12-22 07:12:00,2025-12-22 12:53:38,3228,M,9ND1B,E4F531 ,10146,Nor,  ,,FR,S,GSC
2025-12-01 00:00:00,801240802514,30,DW,07,B,40,403,BALAM BALAM SILVINO           ,1C,ACTIVO,MKX033 ,1,F123,23NX,2164,289,0,0,0,23,E23,18,,,,1,9MCJD,2025-12-19 18:00:00,2025-12-19 12:32:05,3028,L,GAT3M,MKX033 ,99556,Opt,  ,,,,GSC
2025-12-01 00:00:00,801251101763,24,DW,07,B,83,241,CENTRO DE SALUD CHAN YOKDZONOT,02,ACTIVO,2CFA84 ,2,F623,25P3,1,1,0,0,0,23,E23,2,,,,1,9MCJD,2025-12-16 15:45:00,,,,,,,,,,,,GSC
2025-12-01 00:00:00,801750213629,34,DW,07,B,26,262,JOSE M BARRERA PAT            ,1B,ACTIVO,G2453V ,1,W111,75C0,7721,200,0,0,0,23,E23,18,,,,1,9MCJD,2025-12-23 15:00:00,2025-12-23 12:34:19,3426,L,9JR0P,G2453V ,0,Nor,52,COMUNICACION INTERRU,52,S,GSC
2025-12-01 00:00:00,801750300033,10,DW,07,B,06,104,JOSE GOMEZ CAMARILLO          ,1B,ACTIVO,9Y5J58 ,1,F121,02GG,41645,270,0,0,0,23,E23,18,,,,1,9MCJD,2025-12-05 16:58:00,2025-12-05 10:19:51,1002,L,9ND1B,9Y5J58 ,6310,Nor,  ,,FR,S,GSC
2025-12-01 00:00:00,801790900068,10,DW,07,B,06,104,CUPUL MAJAY CESAR ANASTACIO   ,1B,ACTIVO,PF4501 ,1,F121,84EG,6643,740,0,0,0,23,E23,18,,,,1,9MCJD,2025-12-05 16:59:00,2025-12-05 09:33:37,1002,L,9ND1B,PF4501 ,1740,Nor,  ,,FR,S,GSC
2025-12-01 00:00:00,801820600170,34,DW,07,B,27,275,NEMESIO BALAM KAHUIL          ,1B,ACTIVO,87TH28 ,1,F121,08JL,12768,201,0,0,0,0,,18,,,,1,9MCJD,2025-12-23 15:10:00,2025-12-23 15:49:45,3427,L,9MCFY,87TH28 ,1201,Nor,  ,,FR,S,GSC
2025-12-01 00:00:00,801911100099,01,DW,07,B,06,013,DZIB AGUSTIN                  ,1B,ACTIVO,A87A66 ,1,F121,91F5,35102,115,0,0,0,23,E23,18,,,,1,9MCJD,2025-12-29 16:48:00,,,,,,,,,,,,GSC
2025-12-01 00:00:00,801911200476,08,DW,07,B,06,803,CEN KUYOC JAVIER              ,1B,ACTIVO,E3F203 ,3,FD21,87F4,69270,433,0,0,0,23,E23,18,,,,1,9MCJD,2025-12-04 17:06:00,2025-12-04 08:49:01,0801,L,9JR0P,E3F203 ,10433,Nor,  ,,FR,S,GSC
2025-12-01 00:00:00,801940800083,22,DW,07,B,06,221,BATUN TEC MANUEL JESUS        ,1B,ACTIVO,X82A21 ,1,F121,94F5,99533,650,0,0,0,23,E23,18,,,,1,9MCJD,2025-12-15 16:20:00,2025-12-15 09:12:30,2202,M,9NCU1,X82A21 ,10650,Nor,  ,,FR,S,GSC
2025-12-01 00:00:00,801941200225,20,DW,07,B,06,205,KUYOC UUH ANTONIO             ,1B,ACTIVO,LAH173 ,1,F123,23NX,0,0,0,0,0,23,E23,18,,,,1,9MCJD,2025-12-12 17:13:00,2025-12-12 14:20:15,2002,L,9ND1B,X66A65 ,688,Nor,  ,,FR,S,GSC
2025-12-01 00:00:00,801970100779,32,DW,07,B,40,406,SANCHEZ ALCOCER JOSE N        ,1C,ACTIVO,F239X3 ,1,F121,95F5,11601,101,0,0,0,23,E23,18,,,,1,9MCJD,2025-12-22 07:08:00,2025-12-22 11:20:30,3229,L,GAT3M,F239X3 ,1101,Nor,  ,,FR,S,GSC
2025-12-01 00:00:00,801971202664,34,DW,07,B,26,261,NAHUAT FELIPE                 ,1B,ACTIVO,2E2M92 ,1,F121,01GG,12890,119,0,0,0,23,E23,18,,,,1,9MCJD,2025-12-23 14:58:00,2025-12-23 14:19:02,3430,L,GAT3M,2E2M92 ,1119,Nor,  ,,FR,S,GSC
2025-12-01 00:00:00,801980400541,38,DW,07,B,92,922,CEN CANUL JACINTO             ,1C,ACTIVO,T043Y0 ,1,F121,97F5,25587,202,0,0,0,23,E23,18,,,,1,9MCJD,2025-12-26 14:51:00,2025-12-26 13:59:53,3830,L,GAT3M,T043Y0 ,1172,Nor,  ,,FR,S,GSC
2025-12-01 00:00:00,801990303111,30,DW,07,B,40,404,ANTONIO KINIL CRUZ            ,1C,CORTADO,6MD578 ,1,F121,98GG,9453,0,0,0,0,23,E23,18,,,,1,9MCJD,2025-12-19 18:17:00,2025-12-19 06:17:29,3026,L,9JR0P,6MD578 ,1000,Nor,  ,,FR,S,GSC
2025-12-01 00:00:00,801990901263,32,DW,07,B,40,405,CHAN PECH LIBORIO             ,1C,ACTIVO,0FD447 ,1,F121,98F5,74063,523,0,0,0,23,E23,18,,,,1,9MCJD,2025-12-22 11:59:00,2025-12-22 08:15:32,3226,L,9JR0P,0FD447 ,1523,Nor,  ,,FR,S,GSC
2025-12-01 00:00:00,802020501307,06,DW,07,C,53,061,UC CEME NERIO                 ,1B,ACTIVO,4T3M01 ,1,F121,02GG,32043,206,0,0,0,23,E23,18,,,,1,9MCJD,2025-12-05 17:08:00,2025-12-03 03:23:05,0626,M,9MCCP,4T3M01 ,99206,Nor,  ,,FR,S,GSC
2025-12-01 00:00:00,802021000476,66,DW,07,C,18,662,CAPA DEL EDO  DE Q  ROO       ,02,ACTIVO,5P1A14 ,3,FD21,01F4,43022,1885,0,0,0,0,,18,,,,1,9MCJD,2025-12-11 16:05:00,2025-12-09 07:48:31,6602,L,R9871,5P1A14 ,11885,Nor,  ,,FR,S,GSC
2025-12-01 00:00:00,802110600878,30,DW,07,C,85,301,MANRIQUE MAZA ANTONIO         ,1B,ACTIVO,66L17L ,1,F12H,10KU,1297,0,0,0,0,23,E23,18,,,,1,9MCJD,2025-12-23 08:37:00,2025-12-19 10:11:07,3027,L,GAPFM,66L17L ,0,Nor,52,COMUNICACION INTERRU,52,S,GSC
2025-12-01 00:00:00,802171100291,79,DW,07,C,23,792,CIMA CAB FREDDIE ARMANDO      ,02,ACTIVO,MA227W ,2,F623,20NU,4377,0,0,0,0,23,E23,18,,,,1,9MCJD,2025-12-01 14:20:00,2025-12-29 18:02:23,7901,L,9MCCP,MA227W ,0,Nor,60,MEDID NO TRABAJA,60,S,GSC
2025-12-01 00:00:00,802230300266,14,DW,07,C,42,142,AVILA RUIZ DANIEL GABRIEL     ,1A,ACTIVO,251JJA ,2,F622,15LM,6390,327,0,0,0,23,E23,18,,,,1,9MCJD,2025-12-11 15:15:00,2025-12-10 19:30:19,1426,M,9ND12,251JJA ,31467,Nor,  ,,FR,S,GSC
2025-12-01 00:00:00,802240300515,76,DW,07,C,65,761,BE NAH EUSEBIO                ,9C,ACTIVO,CHF622 ,3,KL28,22NJ,17250,420,0,0,0,23,E23,18,,,,1,9MCJD,2025-12-29 14:58:00,2025-12-23 12:26:37,7601,L,9ND12,CHF622 ,0,Nor,5X,RUTA INCOMPLETA,,,GSC
2025-12-01 00:00:00,802750204936,38,DW,07,C,18,384,DZIB CHAN TOMAS               ,1B,ACTIVO,0VF178 ,1,F121,00GG,40121,381,0,0,0,23,E23,18,,,,1,9MCJD,2025-12-30 13:43:00,2025-12-26 13:05:23,3801,M,GAM7M,0VF178 ,90381,Nor,  ,,FR,S,GSC
2025-12-01 00:00:00,802900900154,72,DW,07,C,49,721,CAPA DEL EDO  DE Q  ROO       ,06,ACTIVO,CHG197 ,3,KL28,22NJ,15375,325,0,0,0,23,E23,18,,,,1,9MCJD,2025-12-19 16:20:00,2025-12-17 21:22:57,7201,L,9MCCP,CHG197 ,42416,Opt,  ,,,,GSC
2025-12-01 00:00:00,802910400133,40,DW,07,C,09,401,MARCELO TEC CHAN              ,1B,ACTIVO,55BP63 ,1,F121,06JL,21126,105,0,0,0,23,E23,18,,,,1,9MCJD,2025-12-01 14:45:00,2025-12-29 11:42:02,4027,L,GAM7M,55BP63 ,99105,Nor,  ,,FR,S,GSC
2025-12-01 00:00:00,802920300226,34,DW,07,C,18,341,JOSUE QUETZ LOZANO            ,02,ACTIVO,PBB555 ,1,F123,24NX,0,0,0,0,0,23,E23,18,,,,1,9MCJD,2025-12-29 14:35:00,2025-12-23 08:21:27,3401,L,R9871,60UG95 ,1314,Nor,  ,,,,GSC
2025-12-01 00:00:00,802930600236,38,DW,07,C,18,384,ELISEO COCON EK               ,1B,ACTIVO,M22Y28 ,1,F121,93F5,49122,76,0,0,0,23,E23,18,,,,1,9MCJD,2025-12-30 13:38:00,2025-12-26 13:48:47,3801,M,GAM7M,M22Y28 ,9176,Nor,  ,,FR,S,GSC
2025-12-01 00:00:00,802961200015,38,DW,07,C,18,384,CIUDAD SANTA CONIC AREA SUR AR,02,ACTIVO,PBB558 ,1,F123,24NX,25,25,0,0,0,23,E23,18,,,,1,9MCJD,2025-12-30 13:37:00,2025-12-26 23:16:43,3851,N,GAM7M,PBB558 ,25,Opt,  ,,,,GSC
2025-12-01 00:00:00,802970200362,40,DW,07,C,09,402,JESUS GASPAR MORALES DZUL     ,1B,ACTIVO,1AXR85 ,2,F623,25P2,0,0,0,0,0,23,E23,18,,,,1,9MCJD,2025-12-01 14:32:00,2025-12-29 17:00:02,4026,L,9MCCP,86YD19 ,108,Nor,  ,,FR,S,GSC
2025-12-01 00:00:00,802980600041,30,DW,07,C,22,302,BACILIO CHUC DZUL             ,1B,ACTIVO,V0C104 ,1,F121,91F5,25993,99,0,0,0,23,E23,18,,,,1,9MCJD,2025-12-22 14:06:00,2025-12-19 09:38:26,3026,L,9ND12,V0C104 ,9299,Nor,  ,,FR,S,GSC
2025-12-01 00:00:00,802980600521,32,DW,07,C,11,321,DOMINGO ORTEGA PUC            ,1B,ACTIVO,986B3N ,2,F622,13LM,23572,399,0,0,0,23,E23,18,,,,1,9MCJD,2025-12-23 09:17:00,2025-12-22 16:42:06,3226,L,9ND12,986B3N ,6399,Nor,  ,,FR,S,GSC
2025-12-01 00:00:00,802980701343,14,DW,07,C,42,142,RUBICEL MENDEZ TINAL          ,02,ACTIVO,66F8C1 ,1,F12F,09K6,21323,201,0,0,0,23,E23,18,,,,1,9MCJD,2025-12-11 15:07:00,2025-12-09 09:58:34,1426,M,9ND12,66F8C1 ,6201,Nor,  ,,FR,S,GSC
2025-12-01 00:00:00,802990100861,76,DW,07,C,66,761,CAMINO RENDON OLAF            ,09,ACTIVO,G978XU ,3,KL28,17KE,30315,0,0,0,0,23,E23,18,,,,1,9MCJD,2025-12-29 15:00:00,2025-12-23 10:30:32,7601,L,9ND12,G978XU ,0,Nor,59,DISPLAY APAGADO,59,S,GSC
2025-12-01 00:00:00,803010700049,22,DW,07,D,09,091,PEREZ KANTUN AQUILEO          ,1C,ACTIVO,7WL562 ,1,F121,99GG,3087,0,0,0,0,23,E23,18,,,,1,9MCJD,2025-12-15 16:59:00,2025-12-15 11:24:34,2226,M,GA2CN,7WL562 ,99897,Nor,  ,,FR,S,GSC
2025-12-01 00:00:00,803031000110,04,DW,07,D,50,503,CAAMAL POOL ADRIAN            ,1C,ACTIVO,1J56F1 ,1,F121,03GG,10905,71,0,0,0,23,E23,18,,,,1,9MCJD,2025-12-02 14:35:00,2025-12-02 10:27:45,0426,L,GA2CN,1J56F1 ,1071,Nor,  ,,FR,S,GSC
2025-12-01 00:00:00,796161103054,32,DW,06,A,04,041,CLUB DE CAZA TIRO Y PESCA QROO,02,ACTIVO,605JKC ,2,F622,15LM,11172,284,0,0,0,23,E23,18,,,,1,9BBEG,2025-12-22 11:07:00,2025-12-22 15:59:42,3228,L,R9718,605JKC ,9284,Nor,  ,,FR,S,GSC
2025-12-01 00:00:00,796170404148,18,DW,06,A,13,132,OCHAETA GUEMES ZOILA          ,1B,ACTIVO,225N5U ,1,F122,14LN,4955,505,0,0,0,23,E23,18,,,,1,9BBEG,2025-12-11 13:33:00,2025-12-11 08:25:02,1826,L,9MCJY,225N5U ,1505,Nor,  ,,FR,S,GSC
2025-12-01 00:00:00,796200802461,38,DW,06,A,32,321,AVELINO RENTERAL ODON         ,1C,ACTIVO,HA657U ,1,F123,20NT,3664,67,0,0,0,23,E23,18,,,,1,9BBEG,2025-12-26 10:44:00,2025-12-26 10:27:43,3826,L,R9718,HA657U ,99467,Nor,  ,,FR,S,GSC
2025-12-01 00:00:00,796210603661,14,DW,06,A,01,144,BEUTELSPACHER GARCIA ROGELIA  ,1D,ACTIVO,232CYE ,1,F122,15LN,5465,81,0,0,0,23,E23,18,,,,1,9BBEG,2025-12-09 10:58:00,2025-12-09 06:58:43,1404,M,R9964,232CYE ,81,Opt,  ,,,,GSC
2025-12-01 00:00:00,796251200474,14,DW,06,A,01,143,TUN CRUZ ROSA MARIA           ,1D,ACTIVO,PCC052 ,1,F123,24NX,10,10,0,0,0,23,E23,2,,,,1,9BBEG,2025-12-09 11:00:00,,,,,,,,,,,,GSC
2025-12-01 00:00:00,796750503216,01,DW,06,A,01,013,ESPERANZA PEREZ V             ,1D,CORTADO,835KTX ,1,F122,15LN,8087,317,0,0,0,23,E23,18,,,,1,9BBEG,2025-12-29 13:00:00,,,,,,,,,,,,GSC
2025-12-01 00:00:00,796820100149,10,DW,06,A,27,271,MELITON AYALA                 ,1B,ACTIVO,8RX177 ,1,F121,99GG,12385,96,0,0,0,23,E23,18,,,,1,9BBEG,2025-12-05 11:22:00,2025-12-05 09:40:53,1029,L,R9907,8RX177 ,596,Nor,  ,,FR,S,GSC
2025-12-01 00:00:00,796820300733,26,DW,06,A,37,263,VALENTINA CRUZ DE T           ,1C,ACTIVO,774TU6 ,1,F122,12LH,28515,644,0,0,0,23,E23,18,,,,1,9BBEG,2025-12-17 13:22:00,2025-12-17 11:24:49,2628,L,G92BA,774TU6 ,99744,Nor,  ,,FR,S,GSC
2025-12-01 00:00:00,796830100112,06,DW,06,A,23,232,CISNEROS RAZO GILBERTO ANTONIO,1C,ACTIVO,350TU2 ,1,F122,12LH,4066,173,0,0,0,23,E23,18,,,,1,9BBEG,2025-12-03 09:36:00,2025-12-03 08:06:24,0626,L,G92BA,350TU2 ,99973,Nor,  ,,FR,S,GSC
2025-12-01 00:00:00,796840200956,64,DW,06,A,01,644,SEDEMAR  TALLER DE CARPINTERIA,67,ACTIVO,GGF240 ,3,VL28,22NJ,944,6880,0,0,0,23,E23,18,,,,1,9BBEG,2025-12-05 18:35:00,2025-12-05 17:19:41,6402,L,R9964,GGF240 ,0,Nor,50,CASA CERRADA,50,S,GSC
2025-12-01 00:00:00,796840900541,26,DW,06,A,37,264,UH VILLANUEVA JOSE MANUEL     ,1C,ACTIVO,02P7A9 ,2,F62H,09KN,87560,896,0,0,0,23,E23,18,,,,1,9BBEG,2025-12-17 16:24:00,2025-12-17 07:32:26,2627,L,9MCK8,02P7A9 ,15531,Nor,  ,,FR,S,GSC
2025-12-01 00:00:00,796850100593,08,DW,06,A,01,082,MATUS GUILLEN MARCOS          ,1D,ACTIVO,3WV224 ,2,F421,99GH,79034,772,0,0,0,23,E23,18,,,,1,9BBEG,2025-12-04 07:07:00,2025-12-04 11:21:58,0802,M,9ND4X,3WV224 ,99772,Nor,  ,,FR,S,GSC
2025-12-01 00:00:00,796860100915,16,DW,06,A,01,161,SAMOS DZIB PEDRO DOLORES      ,1D,ACTIVO,UP0999 ,1,F121,85EG,9112,608,0,0,0,23,E23,18,,,,1,9BBEG,2025-12-10 07:31:00,2025-12-10 11:00:26,1602,M,G92BA,UP0999 ,9608,Nor,  ,,LN,S,GSC
2025-12-01 00:00:00,796860600276,08,DW,06,A,01,082,LARA VALENCIA LAURA           ,1D,ACTIVO,WP0102 ,1,F121,86EG,7953,982,0,0,0,23,E23,18,,,,1,9BBEG,2025-12-04 12:45:00,2025-12-04 11:41:16,0802,M,9ND4X,WP0102 ,1982,Nor,  ,,FR,S,GSC
2025-12-01 00:00:00,796900201604,22,DW,06,A,21,213,ROMERO RAMIREZ SIMON          ,1C,ACTIVO,3RU988 ,1,F121,99GG,22903,131,0,0,0,23,E23,18,,,,1,9BBEG,2025-12-15 12:27:00,2025-12-15 08:09:49,2227,L,9MCK8,3RU988 ,10131,Nor,  ,,FR,S,GSC
2025-12-01 00:00:00,796920300099,02,DW,06,A,01,023,CARDENAS SOSA OFELIA MARIA    ,02,ACTIVO,4V09R6 ,2,F421,04GH,51925,1151,0,0,0,23,E23,18,,,,1,9BBEG,2025-12-01 19:51:00,2025-12-01 11:22:10,0202,M,9MCJT,4V09R6 ,2151,Nor,  ,,FR,S,GSC
2025-12-01 00:00:00,796940801001,08,DW,06,A,01,081,MAY BELTRAN WILMER            ,1D,ACTIVO,V73B13 ,1,F121,94F5,44854,315,0,0,0,23,E23,18,,,,1,9BBEG,2025-12-04 07:03:00,2025-12-04 12:38:24,0801,M,9MCJT,V73B13 ,1315,Nor,  ,,FR,S,GSC
2025-12-01 00:00:00,796950101252,36,DW,06,A,03,031,FRANCISCO ALONZO CIME         ,1B,ACTIVO,4P243D ,1,F121,06JL,39004,549,0,0,0,23,E23,18,,,,1,9BBEG,2025-12-26 10:51:00,2025-12-26 11:00:16,3627,L,9MCK8,4P243D ,1449,Nor,  ,,FR,S,GSC
2025-12-01 00:00:00,796950901259,08,DW,06,A,01,082,ROSA ESTELA TOLOZA ARGAEZ     ,1D,ACTIVO,V08G62 ,1,F121,94F5,91060,385,0,0,0,23,E23,18,,,,1,9BBEG,2025-12-04 07:08:00,2025-12-04 10:26:35,0802,M,9ND4X,V08G62 ,99385,Nor,  ,,FR,S,GSC
2025-12-01 00:00:00,796960601199,24,DW,06,A,01,242,ROSA QUE CRUZ                 ,1D,ACTIVO,E476N9 ,1,F121,95F5,35026,1225,0,0,0,23,E23,18,,,,1,9BBEG,2025-12-16 11:47:00,2025-12-16 12:46:16,2402,M,R9907,E476N9 ,99225,Nor,  ,,FR,S,GSC
2025-12-01 00:00:00,796971000961,24,DW,06,A,01,241,CORNEJO TILLIT SILVIA R       ,1D,ACTIVO,5KN007 ,1,F121,99GG,12473,81,0,0,0,951,LECT NEGATIVA,18,,,,1,9BBEG,2025-12-18 10:53:00,2025-12-16 09:45:35,2403,M,GAX9M,5KN007 ,99959,Nor,  ,,FR,S,GSC
2025-12-01 00:00:00,796980103985,12,DW,06,A,01,121,MEJIA BAUTISTA GREGORIO       ,1D,ACTIVO,59D8D7 ,2,F421,08KF,35390,527,0,0,0,23,E23,18,,,,1,9BBEG,2025-12-08 12:49:00,2025-12-08 08:00:29,1203,M,R9718,59D8D7 ,99527,Nor,  ,,FR,S,GSC
2025-12-01 00:00:00,796980600369,38,DW,06,A,30,302,ACOSTA LORIA FRANCISCO IGNACIO,1C,ACTIVO,B665M2 ,3,FD21,94F4,57963,310,0,0,0,23,E23,18,,,,1,9BBEG,2025-12-26 10:42:00,2025-12-26 15:45:51,3827,L,R9723,B665M2 ,99910,Nor,  ,,FR,S,GSC
2025-12-01 00:00:00,796980702790,38,DW,06,A,32,321,COLLI NOH CONSTANCIO          ,1C,ACTIVO,58C5R9 ,2,F621,08KG,1336,91,0,0,0,951,LECT NEGATIVA,18,,,,1,9BBEG,2025-12-30 10:26:00,2025-12-26 07:30:20,3826,L,R9718,58C5R9 ,99608,Nor,  ,,FR,S,GSC
2025-12-01 00:00:00,796990201781,01,DW,06,A,01,013,ALCOCER BRAVO JOSE TRINIDAD   ,1D,ACTIVO,15PD19 ,1,F621,07F3,98644,1305,0,0,0,23,E23,18,,,,1,9BBEG,2025-12-29 12:35:00,,,,,,,,,,,,GSC
2025-12-01 00:00:00,797180801176,14,DW,06,B,02,021,XOOL CHAN RUSSEL NAYM         ,1D,ACTIVO,PCF797 ,1,F123,24NX,0,0,0,0,0,23,E23,18,,,,1,9BBEG,2025-12-09 15:42:00,2025-12-09 09:08:39,1427,L,R9223,L170FL ,1011,Opt,  ,,,,GSC
2025-12-01 00:00:00,797181000070,08,DW,06,B,01,081,EDWARD FRANCISCO CANCHE KUMUL ,1B,CORTADO,DJP373 ,2,F623,22NU,36843,2255,0,0,0,23,E23,18,,,,1,9BBEG,2025-12-04 12:43:00,2025-12-04 07:25:49,0802,M,R9223,DJP373 ,0,Nor,52,COMUNICACION INTERRU,52,S,GSC
2025-12-01 00:00:00,797250901009,10,DW,06,B,25,251,CORONADO KINIL SARAI DELICIA  ,1B,ACTIVO,2ANH04 ,1,F123,25NX,10,10,0,0,0,23,E23,18,,,,1,9BBEG,2025-12-05 13:39:00,2025-12-05 12:00:55,1027,L,R9174,2ANH04 ,0,Nor,51,NO ENCONTRE DOMI,,,GSC
2025-12-01 00:00:00,797811000154,22,DW,06,B,33,335,OTILIO SALAZAR YAH            ,1B,ACTIVO,3K05L9 ,1,F121,03GG,45846,876,0,0,0,23,E23,18,,,,1,9BBEG,2025-12-15 13:33:00,2025-12-15 08:18:37,2228,L,R9223,3K05L9 ,452,Nor,  ,,,,GSC
2025-12-01 00:00:00,797860900403,18,DW,06,B,01,181,CANUL TUN ANTONIO DE P        ,1B,ACTIVO,M57B10 ,1,F121,93F5,68560,174,0,0,0,23,E23,18,,,,1,9BBEG,2025-12-11 14:03:00,2025-12-11 10:41:13,1801,M,R9174,M57B10 ,10174,Nor,  ,,FR,S,GSC
2025-12-01 00:00:00,797890400065,14,DW,06,B,04,041,UEX KAU VIRGILIO              ,1D,ACTIVO,H1C272 ,1,F121,88F5,27986,372,0,0,0,23,E23,18,,,,1,9BBEG,2025-12-09 13:14:00,2025-12-09 09:09:32,1426,L,R9174,H1C272 ,1372,Nor,  ,,FR,S,GSC
2025-12-01 00:00:00,797900400191,18,DW,06,B,01,182,CHE MONTALVO NEYDI            ,1B,ACTIVO,1AU284 ,1,F121,97F5,34337,305,0,0,0,23,E23,18,,,,1,9BBEG,2025-12-11 14:03:00,2025-12-11 05:32:57,1802,M,9EMEK,1AU284 ,81170,Nor,  ,,FR,S,GSC
2025-12-01 00:00:00,797960800937,18,DW,06,B,01,182,PERERA AYALA PETRONA PAULA    ,1B,ACTIVO,6F10N1 ,2,F621,03F3,28518,325,0,0,0,23,E23,18,,,,1,9BBEG,2025-12-11 14:03:00,2025-12-11 05:33:20,1802,M,9EMEK,6F10N1 ,6145,Nor,  ,,FR,S,GSC
2025-12-01 00:00:00,797970400422,03,DW,06,B,01,032,AVILES GAMBOA LIGIA           ,1B,ACTIVO,PCF469 ,1,F123,24NX,87,87,0,0,0,23,E23,18,,,,1,9BBEG,2025-12-30 14:56:00,,,,,,,,,,,,GSC
2025-12-01 00:00:00,801941200276,22,DW,07,B,06,221,COCOM VEGA LUCY               ,1B,ACTIVO,X46A73 ,1,F121,94F5,24687,89,0,0,0,23,E23,18,,,,1,9MCJD,2025-12-15 16:21:00,2025-12-15 09:16:59,2202,M,9NCU1,X46A73 ,10089,Nor,  ,,FR,S,GSC
2025-12-01 00:00:00,801961101142,30,DW,07,B,40,404,KUMUL FALCON MARIA V          ,1C,ACTIVO,M022W3 ,1,F121,96F5,37608,185,0,0,0,23,E23,18,,,,1,9MCJD,2025-12-19 18:01:00,2025-12-19 11:29:51,3026,L,9JR0P,M022W3 ,65558,Nor,  ,,FR,S,GSC
2025-12-01 00:00:00,801980100874,32,DW,07,B,40,407,AZCORRA ACOSTA FRAUDY GAM     ,1C,ACTIVO,Y123R4 ,1,F121,97F5,33910,323,0,0,0,23,E23,18,,,,1,9MCJD,2025-12-22 07:15:00,2025-12-22 09:17:01,3228,M,9ND1B,Y123R4 ,1323,Nor,  ,,FR,S,GSC
2025-12-01 00:00:00,801981200881,26,DW,07,B,44,442,TUZ CHUC FAUSTINO             ,1B,ACTIVO,RCB372 ,2,F623,24NY,4433,1786,0,0,0,23,E23,18,,,,1,9MCJD,2025-12-17 18:00:00,2025-12-17 10:08:12,2629,L,GAT3M,RCB372 ,4433,Opt,  ,,,,GSC
2025-12-01 00:00:00,801990201229,34,DW,07,B,26,262,CAB DZIB CALIXTO              ,1B,CORTADO,Y37P11 ,1,F121,94F5,9037,0,0,0,0,23,E23,18,,,,1,9MCJD,2025-12-23 15:00:00,2025-12-23 12:47:57,3426,L,9JR0P,Y37P11 ,0,Nor,52,COMUNICACION INTERRU,52,S,GSC
2025-12-01 00:00:00,802011200515,40,DW,07,C,09,401,CHE HAU VICTORIANO            ,1B,ACTIVO,8YT332 ,1,F121,00GG,39895,521,0,0,0,23,E23,18,,,,1,9MCJD,2025-12-01 14:43:00,2025-12-29 09:31:26,4027,L,GAM7M,8YT332 ,91522,Nor,  ,,FR,S,GSC
2025-12-01 00:00:00,802031000709,40,DW,07,C,09,401,HAU PUC FERNELI               ,1B,ACTIVO,487VBP ,1,F122,16LN,1010,1,0,0,0,23,E23,18,,,,1,9MCJD,2025-12-01 14:41:00,2025-12-29 10:31:24,4027,L,GAM7M,487VBP ,5366,Nor,  ,,FR,S,GSC
2025-12-01 00:00:00,802070700661,14,DW,07,C,42,142,LORIA MARTIN JUAN ERNESTO     ,1A,ACTIVO,7CET60 ,2,F623,25P3,0,0,0,0,0,23,E23,18,,,,1,9MCJD,2025-12-11 15:07:00,2025-12-10 19:28:32,1426,M,9ND12,081EK6 ,155,Nor,  ,,,,GSC
2025-12-01 00:00:00,802080300092,79,DW,07,C,34,792,PAREDES MORENO EDUARDO        ,9C,ACTIVO,4DYG55 ,3,KL28,25NJ,0,0,0,0,0,23,E23,18,,,,1,9MCJD,2025-12-01 14:09:00,2025-12-29 20:21:24,7901,L,9MCCP,PJ360G ,0,Nor,53,UI SERV DIRECTO,53,S,GSC
2025-12-01 00:00:00,802110200381,14,DW,07,C,42,141,INSTITUTO CULTURA ARTES Q ROO ,02,ACTIVO,216G8H ,3,KL2E,13JR,55708,958,0,0,0,951,LECT NEGATIVA,18,,,,1,9MCJD,2025-12-11 12:05:00,2025-12-09 20:25:25,1427,M,R9871,216G8H ,99775,Nor,  ,,FR,S,GSC
2025-12-01 00:00:00,802110600711,30,DW,07,C,85,301,HOIL CIAU DECIDERIO           ,1B,ACTIVO,65L96L ,1,F12H,10KU,1131,0,0,0,0,23,E23,18,,,,1,9MCJD,2025-12-23 08:36:00,2025-12-19 10:08:59,3027,L,GAPFM,65L96L ,0,Nor,52,COMUNICACION INTERRU,52,S,GSC
2025-12-01 00:00:00,802120200223,14,DW,07,C,42,142,BALAM PECH JULIO              ,1A,ACTIVO,029EK1 ,1,F12J,11L2,23448,416,0,0,0,23,E23,18,,,,1,9MCJD,2025-12-11 15:07:00,2025-12-09 11:06:11,1426,M,9ND12,029EK1 ,10416,Nor,  ,,FR,S,GSC
2025-12-01 00:00:00,802130700721,72,DW,07,C,59,722,BIENES ECOFORESTALES SPR RL CV,9M,ACTIVO,J187TG ,3,VL28,17KE,4004,9450,0,0,0,23,E23,18,,,,1,9MCJD,2025-12-19 16:34:00,2025-12-18 21:04:49,7251,R,G92BN,J187TG ,0,Nor,60,MEDID NO TRABAJA,60,S,GSC
2025-12-01 00:00:00,802170600141,18,DW,07,C,42,428,VILLA HERNANDEZ JEEVYL        ,1A,ACTIVO,925JHC ,2,F622,15LM,19320,504,0,0,0,23,E23,18,,,,1,9MCJD,2025-12-15 17:07:00,2025-12-11 20:48:54,1826,M,G93BA,925JHC ,60534,Nor,  ,,FR,S,GSC
2025-12-01 00:00:00,802180300316,72,DW,07,C,61,722,BERLIN LOPEZ CARLOS MANUEL    ,9C,ACTIVO,MW914W ,3,KL28,20KE,23690,0,0,0,0,23,E23,18,,,,1,9MCJD,2025-12-19 16:31:00,2025-12-17 08:40:43,7202,L,G92BN,MW914W ,99766,Opt,  ,,,,GSC
2025-12-01 00:00:00,802210201172,04,DW,07,C,62,622,CAHUM GIJON TERESITA DE JESUS ,1B,ACTIVO,KK139K ,1,F123,20NT,3403,413,0,0,0,23,E23,18,,,,1,9MCJD,2025-12-04 12:40:00,2025-12-02 08:07:06,0427,M,G92BN,KK139K ,0,Nor,60,MEDID NO TRABAJA,60,S,GSC
2025-12-01 00:00:00,802211200986,18,DW,07,C,42,428,MOGUEL ORDAZ GENARO           ,1A,ACTIVO,YP428E ,2,F623,21NU,11765,1013,0,0,0,951,LECT NEGATIVA,18,,,,1,9MCJD,2025-12-15 17:00:00,2025-12-11 14:25:49,1826,M,G93BA,YP428E ,7243,Opt,  ,,,,GSC
2025-12-01 00:00:00,802230300037,24,DW,07,C,41,242,GONZALEZ RAMIREZ MARIA DE LA L,1A,ACTIVO,AWH897 ,1,F123,22NX,3390,186,0,0,0,23,E23,18,,,,1,9MCJD,2025-12-18 17:03:00,2025-12-18 22:08:19,2451,R,9ND12,AWH897 ,3111,Nor,  ,,FR,S,GSC
2025-12-01 00:00:00,802250201116,14,DW,07,C,42,141,CHAN BACAB CARLOS ALBERTO     ,02,ACTIVO,RCA497 ,2,F623,24NY,7,6,0,0,0,23,E23,18,,,,1,9MCJD,2025-12-11 15:06:00,2025-12-10 13:38:11,1427,M,R9871,RCA497 ,6289,Nor,  ,,FR,S,GSC
2025-12-01 00:00:00,802251100364,18,DW,07,C,42,427,LARIOS VAZQUEZ CRISVI LORENA  ,1A,ACTIVO,2AUM59 ,2,F623,25P2,5,5,0,0,0,23,E23,18,,,,1,9MCJD,2025-12-15 17:07:00,2025-12-11 18:06:07,1827,M,GAM7M,2AUM59 ,3957,Nor,  ,,FR,S,GSC
2025-12-01 00:00:00,802910400125,32,DW,07,C,11,322,CETINA CETINA JOSE LUIS       ,1B,ACTIVO,Y80L59 ,1,F121,94F5,64158,228,0,0,0,23,E23,18,,,,1,9MCJD,2025-12-23 11:00:00,2025-12-22 10:55:38,3227,L,GAPFM,Y80L59 ,1228,Nor,  ,,FR,S,GSC
2025-12-01 00:00:00,802970600280,64,DW,07,C,42,644,HW074 CENTRAL DIESEL HOLBOX   ,02,ACTIVO,216G3H ,3,FD21,13JR,82150,460,0,0,0,23,E23,18,,,,1,9MCJD,2025-12-09 15:56:00,2025-12-05 08:12:28,6402,L,R9871,216G3H ,98659,Nor,  ,,FR,S,GSC
2025-12-01 00:00:00,802980801780,72,DW,07,C,59,722,COMITE DE AGUA POTABLE        ,06,ACTIVO,MA984Y ,2,F623,20NU,32790,606,0,0,0,23,E23,18,,,,1,9MCJD,2025-12-19 16:35:00,2025-12-17 20:19:16,7202,L,G92BN,MA984Y ,0,Nor,5X,RUTA INCOMPLETA,,,GSC
2025-12-01 00:00:00,803010600575,30,DW,07,D,06,302,DZUL BOLIO MISAEL             ,1C,ACTIVO,PBE766 ,1,F123,24NX,1,1,0,0,0,23,E23,18,,,,1,9MCJD,2025-12-19 17:16:00,2025-12-19 09:14:35,3027,M,R9920,PBE766 ,1,Opt,31,SERVICIO SIN USO,,,GSC
2025-12-01 00:00:00,803030300683,06,DW,07,D,51,513,INIT POOL JOSE CATALINO       ,1B,ACTIVO,8Y1J89 ,1,F121,02GG,24994,789,0,0,0,23,E23,18,,,,1,9MCJD,2025-12-03 16:30:00,2025-12-03 09:30:50,0627,M,R9920,8Y1J89 ,889,Nor,  ,,FR,S,GSC
2025-12-01 00:00:00,803070700421,22,DW,07,D,09,091,ESTRELLA POOL DANIEL          ,1C,ACTIVO,1W254W ,1,F121,06JL,2774,0,0,0,0,23,E23,18,,,,1,9MCJD,2025-12-15 17:01:00,2025-12-15 12:35:18,2226,M,GA2CN,1W254W ,99914,Nor,  ,,FR,S,GSC
2025-12-01 00:00:00,803100800573,10,DW,07,D,17,001,CUXIN PADILLA RAMON           ,1C,ACTIVO,98K0X1 ,1,F12H,09KU,6900,270,0,0,0,951,LECT NEGATIVA,18,,,,1,9MCJD,2025-12-08 17:23:00,2025-12-05 08:58:59,1026,M,GA2CN,98K0X1 ,99960,Opt,  ,,,,GSC
2025-12-01 00:00:00,803190900075,24,DW,07,D,05,052,YAM UH OFELIA                 ,1C,ACTIVO,2AUM91 ,2,F623,25P2,0,0,0,0,0,23,E23,18,,,,1,9MCJD,2025-12-16 15:06:00,2025-12-16 15:04:44,2426,L,GA2CN,2AUM91 ,6990,Nor,  ,,FR,S,GSC
2025-12-01 00:00:00,775211101620,08,DW,08,A,07,003,GIANNI VINCENZO RENE ROSA     ,1B,ACTIVO,YH695P ,2,F623,21NU,5673,0,0,0,0,0,,16,,,,1,R9424,2025-12-04 14:22:00,2025-12-04 16:18:15,0827,L,9JRAU,YH695P ,264,Nor,  ,,,,GSC
2025-12-01 00:00:00,785100401051,38,DW,03,A,01,381,UICAB CHAN MANUEL JESUS       ,1B,ACTIVO,26H4M3 ,1,F12H,09KU,15908,423,0,0,0,0,,16,,,,1,G08DF,2025-12-26 09:44:00,2025-12-29 10:59:08,3801,L,9MCH1,8ANB27 ,166,Opt,  ,,,,GSC
2025-12-01 00:00:00,812071000341,10,DW,22,C,01,102,GUTIERREZ RUIZ JOSE BALTAZAR  ,1B,ACTIVO,61JY19 ,1,F121,07JL,58874,2164,0,0,0,0,,16,,,,1,9N4CK,2025-12-05 09:41:00,2025-12-05 09:48:27,1002,M,9NCT2,PBF070 ,274,Opt,  ,,,,GSC
2025-12-01 00:00:00,786810900168,32,DW,03,B,14,321,MANUEL POOT NOVELO            ,1D,ACTIVO,BA2879 ,1,W111,80C0,15298,1550,0,0,0,0,,16,,,,1,G08DF,2025-12-22 13:27:00,2025-12-22 14:33:52,3201,L,GAGJM,9DVE54 ,1297,Opt,  ,,,,GSC
2025-12-01 00:00:00,796920700755,20,DW,06,A,01,201,CASTRO CASTRO TERESA DE JESUS ,1D,ACTIVO,4AUP54 ,2,F623,25P2,0,0,0,0,0,0,,16,,,,1,9MCFE,2025-12-12 15:24:00,2025-12-12 06:32:13,2002,M,9ND4X,8HW538 ,5,Nor,31,SERVICIO SIN USO,,,GSC
2025-12-01 00:00:00,810110408708,20,DW,22,A,02,202,MERLIN BAXIN JOSE FRANCISCO   ,1B,ACTIVO,4AUT06 ,2,F623,25P2,398,398,0,0,0,0,,16,,,,1,9N4CT,2025-12-12 14:16:00,2025-12-12 13:57:01,2002,L,9JR5R,4AUT06 ,398,Opt,  ,,,,GSC
2025-12-01 00:00:00,804030402016,30,DW,08,A,09,302,VILLEGAS GARCIA JOSE          ,1B,ACTIVO,7D43C7 ,1,F121,03GG,25732,315,0,0,0,0,,16,,,,1,R9424,2025-12-19 15:02:00,2025-12-19 08:43:12,3026,L,GAPUM,7D43C7 ,1315,Nor,  ,,FR,S,GSC
2025-12-01 00:00:00,785100401051,38,DW,03,A,01,381,UICAB CHAN MANUEL JESUS       ,1B,ACTIVO,8ANB27 ,1,F123,25NX,166,166,0,0,0,0,,16,,,,1,G08DF,2025-12-26 09:44:00,2025-12-29 10:59:08,3801,L,9MCH1,8ANB27 ,166,Opt,  ,,,,GSC
2025-12-01 00:00:00,786810900168,32,DW,03,B,14,321,MANUEL POOT NOVELO            ,1D,ACTIVO,9DVE54 ,1,F623,25NY,1297,1297,0,0,0,0,,16,,,,1,G08DF,2025-12-22 13:27:00,2025-12-22 14:33:52,3201,L,GAGJM,9DVE54 ,1297,Opt,  ,,,,GSC
2025-12-01 00:00:00,786750402007,16,DW,03,B,18,162,CATALINO CHULIN               ,1B,ACTIVO,H8913D ,1,W111,75C0,585,580,0,0,0,0,,16,,,,1,G08DF,2025-12-10 11:33:00,2025-12-10 11:18:33,1627,L,GAPQM,H8913D ,8960,Nor,  ,,FR,S,GSC
2025-12-01 00:00:00,779191003877,24,DW,01,M,09,240,SONDA MENA FELIPE DE JESUS    ,1D,ACTIVO,KKW250 ,2,F623,23NU,8203,2818,0,0,0,0,,16,,,,1,GEYB8,2025-12-16 17:15:00,2025-12-16 11:25:24,2430,L,R9982,KKW250 ,16041,Nor,44,NUM MEDID DESIGU,44,S,GSC
2025-12-01 00:00:00,780021002165,06,DW,12,A,01,061,IRENE GALICIA                 ,1D,ACTIVO,PBC956 ,1,F123,24NX,0,0,0,0,0,0,,16,,,,1,9JRC3,2025-12-03 11:49:00,2025-12-03 07:35:41,0601,M,GAFHM,1J0E32 ,0,Nor,60,MEDID NO TRABAJA,60,S,GSC
2025-12-01 00:00:00,796020801475,32,DW,06,A,05,051,SALAS RODRIGUEZ ERMINDA       ,1B,ACTIVO,PBD160 ,1,F123,24NX,250,250,0,0,0,0,,16,,,,1,9MCFE,2025-12-22 13:42:00,2025-12-22 11:29:05,3226,L,9MCJT,PBD160 ,250,Opt,  ,,,,GSC
2025-12-01 00:00:00,812071000341,10,DW,22,C,01,102,GUTIERREZ RUIZ JOSE BALTAZAR  ,1B,ACTIVO,PBF070 ,1,F123,24NX,274,274,0,0,0,0,,16,,,,1,9N4CK,2025-12-05 09:41:00,2025-12-05 09:48:27,1002,M,9NCT2,PBF070 ,274,Opt,  ,,,,GSC
2025-12-01 00:00:00,780021002165,06,DW,12,A,01,061,IRENE GALICIA                 ,1D,ACTIVO,1J0E32 ,1,F121,01GG,35545,0,0,0,0,0,,16,,,,1,9JRC3,2025-12-03 11:49:00,2025-12-03 07:35:41,0601,M,GAFHM,1J0E32 ,0,Nor,60,MEDID NO TRABAJA,60,S,GSC
2025-12-01 00:00:00,779160401777,10,DW,01,M,01,102,PEREZ RODRIGUEZ TRINIDAD      ,1B,ACTIVO,386DHA ,2,F122,15LN,16077,850,0,0,0,0,,16,,,,1,GEYB8,2025-12-05 13:39:00,2025-12-05 10:30:54,1001,M,9NCYK,386DHA ,179,Opt,  ,,,,GSC
2025-12-01 00:00:00,780850300581,02,DW,12,B,01,022,URBANO LORIA MENDOZA          ,1D,ACTIVO,8MW619 ,2,F621,98F3,24175,0,0,0,0,0,,16,,,,1,9MC6W,2025-12-01 12:29:00,2025-12-02 16:52:04,0251,R,GA4GN,8MW619 ,0,Nor,31,SERVICIO SIN USO,,,GSC
2025-12-01 00:00:00,785770300204,14,DW,03,A,02,002,H AYUNT ALUM IGLESIA          ,02,ACTIVO,9DVP93 ,2,F623,25NY,1604,1604,0,0,0,0,,16,,,,1,G08DF,2025-12-09 14:44:00,2025-12-09 14:25:32,1426,M,9EMF8,G325MH ,63710,Nor,44,NUM MEDID DESIGU,44,S,GSC
2025-12-01 00:00:00,772750401981,08,DW,01,C,01,084,OROZCO CEBALLOS LUIS          ,1D,ACTIVO,043990 ,1,W101,6000,5870,225,0,0,0,0,,16,,,,1,GAATN,2025-12-04 17:04:00,2025-12-04 11:07:02,0802,M,G92B5,043990 ,0,Nor,56,NO HAY MEDIDOR,56,S,GSC
2025-12-01 00:00:00,786230401679,20,DW,03,B,23,203,ROMERO CHEL MILKA ABIGAIL     ,02,ACTIVO,1DWC00 ,2,F623,25NY,1372,1372,0,0,0,0,,16,,,,1,G08DF,2025-12-12 13:26:00,2025-12-12 10:46:03,2027,L,GAPRM,1DWC00 ,1372,Opt,  ,,,,GSC
2025-12-01 00:00:00,810020803519,20,DW,22,A,01,202,CRIOLLO PAREDES MARTHA P      ,1B,ACTIVO,22E7V0 ,1,F62F,08K6,21870,1271,0,0,0,0,,16,,,,1,9N4CT,2025-12-12 14:16:00,2025-12-12 11:23:43,2051,N,9NCT0,22E7V0 ,7271,Nor,  ,,FR,S,GSC
2025-12-01 00:00:00,782050902241,32,DW,12,C,01,320,GUZMAN BAEZ EFRAIN            ,1D,ACTIVO,2J263A ,1,F121,05JL,8110,1,0,0,0,0,,16,,,,1,9MCD7,2025-12-22 11:14:00,2025-12-22 10:38:54,3201,M,GAALN,2J263A ,99811,Nor,  ,,FR,S,GSC
2025-12-01 00:00:00,781121102571,22,DW,12,C,01,221,RODRIGUEZ CRUZ JOSE A         ,1D,ACTIVO,4AUY71 ,2,F623,25P2,411,411,0,0,0,0,,16,,,,1,9MCD7,2025-12-15 15:46:00,2025-12-15 10:33:27,2202,L,GAALN,4AUY71 ,411,Opt,  ,,,,GSC
2025-12-01 00:00:00,780250800229,12,DW,12,A,01,120,GARZA ROMERO VICTORIA ANDREA  ,1D,ACTIVO,4CFL60 ,2,F623,25P3,0,0,0,0,0,0,,16,,,,1,9MCD7,2025-12-08 13:06:00,2025-12-08 13:26:29,1201,M,9NCWU,4CFL60 ,0,Nor,51,NO ENCONTRE DOMI,,,GSC
2025-12-01 00:00:00,772860701637,32,DW,01,C,01,326,MANUEL A ZAPATA CEN           ,1D,ACTIVO,69MP89 ,2,F421,07GH,46387,651,0,0,0,0,,16,,,,1,GAATN,2025-12-22 11:27:00,2025-12-22 12:54:22,3207,M,GAKKM,69MP89 ,0,Nor,31,SERVICIO SIN USO,,,GSC
2025-12-01 00:00:00,782130605077,38,DW,12,C,01,382,AGUILAR RAMOS BEATRIZ         ,1D,ACTIVO,6BCJ30 ,2,F623,25P2,1168,1168,0,0,0,0,,16,,,,1,9MCD7,2025-12-26 16:21:00,2025-12-26 09:10:34,3801,L,9NCWY,6BCJ30 ,1168,Opt,  ,,,,GSC
2025-12-01 00:00:00,796220801224,08,DW,06,A,01,082,P BLANCO MUNICIPIO DE OTHON   ,02,ACTIVO,8BCG39 ,2,F623,25P2,1291,1291,0,0,0,0,,16,,,,1,9A6XJ,2025-12-04 13:04:00,2025-12-04 10:57:55,0802,M,9ND4X,8BCG39 ,1291,Opt,  ,,,,GSC
2025-12-01 00:00:00,796140300488,08,DW,06,A,01,081,BIBANCO RUIZ MIGUEL AGUSTIN   ,1D,ACTIVO,9BCG10 ,2,F623,25P2,307,307,0,0,0,0,,16,,,,1,9A6XJ,2025-12-04 13:04:00,2025-12-04 08:18:34,0801,M,9MCJT,9BCG10 ,307,Opt,  ,,,,GSC
2025-12-01 00:00:00,773221101188,20,DW,01,D,01,203,CANCHE CASTELLANOS MONICA AZUC,1D,ACTIVO,AUB786 ,1,F123,22NX,6109,616,0,0,0,0,,16,,,,1,9NNMA,2025-12-12 15:25:00,2025-12-12 09:45:46,2004,L,9JRB6,AUB786 ,0,Opt,60,MEDID NO TRABAJA,60,S,GSC
2025-12-01 00:00:00,781240600422,36,DW,12,B,01,364,ALTAN REDES                   ,02,ACTIVO,JGD639 ,2,F623,23NU,996,995,0,0,0,0,,16,,,,1,R9958,2025-12-26 14:20:00,2025-12-26 12:39:54,3604,L,GATKM,JGD639 ,0,Nor,56,NO HAY MEDIDOR,56,S,GSC
2025-12-01 00:00:00,781250500361,16,DW,12,B,01,160,CASTELLANOS MARTINEZ VALERIA J,02,CORTADO,ME413G ,2,F623,20NU,3906,2831,0,0,0,0,,16,,,,1,9AKNE,2025-12-10 15:35:00,2025-12-10 08:20:41,1601,M,GATKM,ME413G ,0,Nor,51,NO ENCONTRE DOMI,,,GSC
2025-12-01 00:00:00,780860101241,08,DW,12,A,01,081,CARLOS ALVAREZ LOPEZ          ,1D,ACTIVO,PBC941 ,1,F123,24NX,28,28,0,0,0,0,,16,,,,1,9MCD7,2025-12-04 15:07:00,2025-12-04 07:33:00,0802,M,GAD0M,JE2523 ,0,Nor,56,NO HAY MEDIDOR,56,S,GSC
2025-12-01 00:00:00,780231001579,06,DW,12,A,01,060,RANGEL ORTIZ REYES            ,1D,ACTIVO,PBC958 ,1,F123,24NX,2,2,0,0,0,0,,16,,,,1,9JRC3,2025-12-03 11:49:00,2025-12-03 12:07:45,0602,M,GADWM,DXR355 ,0,Nor,56,NO HAY MEDIDOR,56,S,GSC
2025-12-01 00:00:00,812191204179,24,DW,22,C,01,241, F 3811 FIDEICOMISO TULUM AZ  ,02,ACTIVO,X854UL ,2,F622,19LM,57551,29277,0,0,0,0,,16,,,,1,9N4CT,2025-12-16 14:28:00,2025-12-12 11:39:57,2001,M,9NCT2,X854UL ,0,Nor,51,NO ENCONTRE DOMI,,,GSC
2025-12-01 00:00:00,779141006034,18,DW,01,M,04,182,PUC CEN MANUEL                ,1D,ACTIVO,495WG7 ,1,F122,13LN,8953,273,0,0,0,0,,16,,,,1,GEYB8,2025-12-11 16:37:00,2025-12-11 13:41:15,1829,L,R9982,PAW221 ,902,Nor,44,NUM MEDID DESIGU,44,S,GSC
2025-12-01 00:00:00,781071210610,30,DW,12,B,01,304,RAMIREZ NIEVES ISIDRO         ,1D,ACTIVO,82LU19 ,1,F121,07JL,20953,18,0,0,0,0,,16,,,,1,9AKNE,2025-12-19 16:25:00,2025-12-19 09:40:06,3001,L,GATKM,XMN748 ,9,Opt,31,SERVICIO SIN USO,,,GSC
2025-12-01 00:00:00,780231001579,06,DW,12,A,01,060,RANGEL ORTIZ REYES            ,1D,ACTIVO,DXR355 ,1,F123,22NX,366,366,0,0,0,0,,16,,,,1,9JRC3,2025-12-03 11:49:00,2025-12-03 12:07:45,0602,M,GADWM,DXR355 ,0,Nor,56,NO HAY MEDIDOR,56,S,GSC
2025-12-01 00:00:00,802060400091,18,DW,07,C,42,185,VEGA CRUZ DARWIN              ,1A,ACTIVO,085EK1 ,1,F62J,11L2,47800,3433,0,0,0,0,,16,,,,1,9MCJD,2025-12-11 17:19:00,2025-12-14 22:42:08,1851,R,9MCCP,085EK1 ,0,Nor,31,SERVICIO SIN USO,,,GSC
2025-12-01 00:00:00,786080901422,38,DW,03,B,14,381,ROJAS BUENFIL VICTOR ROSENDO  ,1D,CORTADO,2BCF09 ,2,F623,25P2,661,661,0,0,0,0,,16,,,,1,G08DF,2025-12-26 15:46:00,2025-12-26 11:55:57,3802,L,R9855,2BCF09 ,661,Opt,  ,,,,GSC
2025-12-01 00:00:00,780200700754,08,DW,12,A,01,082,ALVARADO MACHADO JOSE SAMUEL  ,1D,ACTIVO,31X29L ,1,F12H,11KU,7946,263,0,0,0,0,,16,,,,1,9MCD7,2025-12-04 15:08:00,2025-12-04 07:11:11,0803,M,GAFHM,31X29L ,0,Nor,50,CASA CERRADA,50,S,GSC
2025-12-01 00:00:00,782140900514,20,DW,12,C,01,202,SALAZAR CATZIN BERTHA         ,1D,ACTIVO,363N7D ,2,F622,14LM,13400,0,0,0,0,0,,16,,,,1,9MCD7,2025-12-12 16:04:00,2025-12-13 09:21:54,2051,R,R9895,363N7D ,0,Nor,56,NO HAY MEDIDOR,56,S,GSC
2025-12-01 00:00:00,802040400566,18,DW,07,C,42,186,H AYUNTAMIENTO LAZARO CARDENA ,02,ACTIVO,68F0C1 ,1,F12F,09K6,648,0,0,0,0,0,,16,,,,1,9MCJD,2025-12-11 17:20:00,2025-12-11 08:13:57,1828,M,9MCCP,68F0C1 ,99900,Nor,  ,,FR,S,GSC
2025-12-01 00:00:00,779061200191,40,DW,01,M,13,404,TOACHE RUIZ JOSE              ,1D,ACTIVO,82AD02 ,1,F121,06JL,49722,1530,0,0,0,0,,16,,,,1,GEYB8,2025-12-29 09:54:00,2025-12-29 13:04:20,4003,M,G92B2,82AD02 ,0,Nor,31,SERVICIO SIN USO,,,GSC
2025-12-01 00:00:00,803961000071,22,DW,07,D,09,091,CASTRO SANSORES WILBERT       ,1C,ACTIVO,B45C21 ,1,F121,91F5,14126,0,0,0,0,0,,16,,,,1,GEYN8,2025-12-15 16:40:00,2025-12-15 12:12:39,2226,M,GA2CN,B45C21 ,99827,Nor,  ,,FR,S,GSC
2025-12-01 00:00:00,779200900046,36,DW,01,M,13,364,TUN VELAZQUEZ JOSE GRACILIANO ,1D,ACTIVO,BE839J ,2,F623,19NV,4856,282,0,0,0,0,,16,,,,1,GEYB8,2025-12-26 16:33:00,2025-12-26 13:16:02,3603,L,G92B2,BE839J ,6,Opt,31,SERVICIO SIN USO,,,GSC
2025-12-01 00:00:00,782250404351,16,DW,12,C,01,163,BJV CONSTRUCCION Y DISENO     ,02,ACTIVO,DGV248 ,2,F623,22NU,974,708,0,0,0,0,,16,,,,1,9MCD7,2025-12-10 14:46:00,2025-12-10 17:55:59,1604,M,GAA7N,DGV248 ,0,Nor,51,NO ENCONTRE DOMI,,,GSC
2025-12-01 00:00:00,796790900625,38,DW,06,A,30,301,JUAN RAMOS N                  ,1C,ACTIVO,H2060V ,1,W111,75C0,6977,16,0,0,0,0,,16,,,,1,9A6XJ,2025-12-26 13:16:00,2025-12-26 12:04:47,3827,L,R9723,H2060V ,9916,Nor,  ,,LN,S,GSC
2025-12-01 00:00:00,775230900541,12,DW,01,G,06,123,MANZANO AMARO EDUARDO         ,02,ACTIVO,JCT016 ,2,F623,23NU,8052,4111,0,0,0,0,,16,,,,1,9NNMA,2025-12-08 16:40:00,2025-12-09 11:41:39,1251,R,9BBMC,JCT016 ,19725,Opt,  ,,,,GSC
2025-12-01 00:00:00,782080701291,06,DW,12,C,01,062,PECH CHAN CLAUDIA CECILIA     ,1D,ACTIVO,LV816W ,2,F623,20NU,11717,0,0,0,0,0,,16,,,,1,9MCD7,2025-12-03 13:26:00,2025-12-03 12:13:51,0603,M,GAKFM,LV816W ,0,Nor,56,NO HAY MEDIDOR,56,S,GSC
2025-12-01 00:00:00,810140909493,18,DW,22,A,02,181,AZUETA Y PERAZA MARIA CATALINA,1B,ACTIVO,PCP401 ,1,F123,24NX,0,0,0,0,0,0,,16,,,,1,9N4CT,2025-12-11 15:33:00,2025-12-11 10:27:56,1802,M,9MC60,594G1Y ,0,Opt,31,SERVICIO SIN USO,,,GSC
2025-12-01 00:00:00,781101101501,30,DW,12,C,01,305,DIAZ GARCIA EVELIO            ,1D,ACTIVO,56H4D8 ,1,F12H,09KU,7319,236,53,0,0,951,LECT NEGATIVA,8,UI SERV DIRECTO,,,1,9BBTM,2025-12-23 12:46:00,2025-12-19 08:01:53,3004,L,9P120,56H4D8 ,265,Opt,  ,,,,GSC
2025-12-01 00:00:00,783940404678,18,DW,12,D,01,185,ROSALBA ALONSO HDEZ           ,1D,ACTIVO,7AUR46 ,2,F623,25P2,99006,587,56,0,0,951,LECT NEGATIVA,8,NO HAY MEDIDOR,,,1,9BBTM,2025-12-15 12:33:00,2025-12-11 12:40:44,1804,M,GAE2M,7AUR46 ,335,Opt,  ,,,,GSC
2025-12-01 00:00:00,783191100187,06,DW,12,C,01,061,GORDILLO HERNANDEZ DOGAVIER   ,1D,ACTIVO,RME347 ,2,F623,24NY,99396,1486,53,0,0,951,LECT NEGATIVA,8,UI SERV DIRECTO,,,1,9BBTM,2025-12-05 10:12:00,2025-12-03 08:39:53,0602,M,GAE2M,RME347 ,125,Opt,  ,,,,GSC
2025-12-01 00:00:00,315180100351,30,DW,04,B,12,302,RIZO CHUC EDGAR IVAN          ,1F,ACTIVO,436RRD ,1,F122,16LN,1233,100,0,0,0,951,LECT NEGATIVA,2,,,,1,9MCF6,2025-12-23 10:11:00,2025-12-22 12:32:04,3051,R,GAGBM,436RRD ,99900,Opt,  ,,,,GSC
2025-12-01 00:00:00,774991100810,40,DW,01,E,02,404,MAY VERA VICTOR MANUEL        ,02,ACTIVO,4TK752 ,2,F621,99F3,17309,71,0,0,0,951,LECT NEGATIVA,2,,,,1,9P12J,2025-12-30 13:02:00,2025-12-29 09:24:08,4006,M,9MCG8,4TK752 ,99920,Nor,  ,,FR,S,GSC
2025-12-01 00:00:00,810171004154,40,DW,22,A,01,404,DELNEGRO   JON JOSEPH         ,1B,ACTIVO,367B9N ,2,F622,13LM,43380,2009,0,0,0,951,LECT NEGATIVA,2,,,,1,9MCCM,2025-12-30 08:58:00,2025-12-29 14:28:45,4054,R,9JR5N,367B9N ,99880,Opt,  ,,,,GSC
2025-12-01 00:00:00,796221200950,30,DW,06,A,01,305,ROMERO EUAN MARIA DE LA LUZ   ,1D,ACTIVO,DRX947 ,2,F623,22NU,3403,147,0,0,0,951,LECT NEGATIVA,2,,,,1,9BBEG,2025-12-23 09:54:00,2025-12-19 10:54:35,3003,M,R9718,DRX947 ,99872,Nor,  ,,FR,S,GSC
2025-12-01 00:00:00,810120709820,26,DW,22,A,01,267,HERNANDEZ GONZALEZ JAIR       ,1B,ACTIVO,5V78H4 ,2,F421,04GH,27930,157,0,0,0,951,LECT NEGATIVA,2,,,,1,9MCCM,2025-12-18 07:04:00,2025-12-17 15:26:08,2607,L,9MCKY,5V78H4 ,99947,Nor,  ,,FR,S,GSC
2025-12-01 00:00:00,786750401566,14,DW,03,B,18,142,PATRICIO ORTEGON C            ,1B,ACTIVO,4DL374 ,1,F121,98GG,12430,125,0,0,0,951,LECT NEGATIVA,2,,,,1,9ND2R,2025-12-10 17:58:00,2025-12-09 11:49:16,1427,L,GAPQM,4DL374 ,99944,Nor,  ,,FR,S,GSC
2025-12-01 00:00:00,780190500557,34,DW,12,B,01,341,JACOME MANGUIA CELIA          ,1D,ACTIVO,V647CD ,2,F622,18LM,7507,363,53,0,0,951,LECT NEGATIVA,8,UI SERV DIRECTO,,,1,9BBTM,2025-12-29 12:30:00,2025-12-23 06:55:56,3402,L,GATKM,V647CD ,103,Nor,  ,,LM,S,GSC
2025-12-01 00:00:00,801080702119,38,DW,07,B,82,823,TUN TUN JAIME                 ,1B,ACTIVO,7R62G1 ,1,F121,04GG,10788,205,0,0,0,951,LECT NEGATIVA,2,,,,1,9MCJD,2025-12-29 17:12:00,2025-12-26 09:43:11,3827,L,9MCFY,7R62G1 ,99968,Nor,  ,,FR,S,GSC
2025-12-01 00:00:00,808940400144,16,DW,08,E,65,162,PECH CHIN ISABEL              ,1B,ACTIVO,T54G99 ,1,F121,93F5,48212,205,58,0,0,951,LECT NEGATIVA,8,RESISTENCIA PARA TOM,,,1,9ND09,2025-12-12 15:40:00,2025-12-10 09:53:09,1602,M,GAFUM,T54G99 ,63,Nor,  ,,FR,S,GSC
2025-12-01 00:00:00,782200100610,40,DW,12,C,01,401,MOLINA ISIDORO JUAN CARLOS    ,02,ACTIVO,6AUR49 ,2,F623,25P2,99010,2701,53,0,0,951,LECT NEGATIVA,8,UI SERV DIRECTO,,,1,9BBTM,2025-12-30 16:49:00,2025-12-29 08:54:48,4002,L,9P157,6AUR49 ,3515,Opt,  ,,,,GSC
2025-12-01 00:00:00,812010900136,24,DW,22,A,02,246,MARIA ZENAIDA KUMUL CHAN      ,1B,CORTADO,6VJ559 ,1,F121,00GG,38118,309,0,0,0,951,LECT NEGATIVA,2,,,,1,9MCCM,2025-12-17 08:19:00,2025-12-16 13:09:02,2401,L,GAXPM,6VJ559 ,99690,Nor,  ,,FR,S,GSC
2025-12-01 00:00:00,783231001179,10,DW,12,D,02,102,GONZALEZ GARCIA ERNESTO       ,1B,ACTIVO,JCT780 ,2,F623,23NU,5685,536,59,0,0,951,LECT NEGATIVA,8,DISPLAY APAGADO,,,1,9BBTM,2025-12-09 14:40:00,2025-12-05 10:54:06,1027,M,9ND6M,JCT780 ,451,Opt,  ,,,,GSC
2025-12-01 00:00:00,796980700878,32,DW,06,A,04,041,OSORIO DE DIOS MERARIS        ,1B,ACTIVO,8CJ506 ,1,F121,98F5,33852,49,0,0,0,951,LECT NEGATIVA,2,,,,1,9BBEG,2025-12-24 10:45:00,2025-12-22 12:20:56,3228,L,R9718,8CJ506 ,99953,Nor,  ,,FR,S,GSC
2025-12-01 00:00:00,805050600821,20,DW,08,B,69,204,COLL ESCAMILLA JUAN ISIDRO    ,1B,ACTIVO,300EGC ,1,F122,15LN,19781,244,65,0,0,951,LECT NEGATIVA,8,UI MED INVERTIDO,,,1,9ND09,2025-12-16 13:01:00,2025-12-12 09:49:10,2028,L,9ND0M,300EGC ,489,Opt,  ,,,,GSC
2025-12-01 00:00:00,781211200474,22,DW,12,D,04,220,MOO KU ADRIANO                ,1D,ACTIVO,YC104A ,2,F623,21NU,2048,252,53,0,0,951,LECT NEGATIVA,8,UI SERV DIRECTO,,,1,9BBTM,2025-12-17 11:29:00,2025-12-15 11:35:45,2226,M,GA4HN,YC104A ,200,Opt,  ,,,,GSC
2025-12-01 00:00:00,801060901034,34,DW,07,B,27,271,NOH CAAMAL LUISA              ,1B,ACTIVO,0W849W ,1,F121,06JL,5874,98,0,0,0,951,LECT NEGATIVA,2,,,,1,9MCJD,2025-12-26 14:26:00,2025-12-23 13:13:43,3429,L,9ND1B,0W849W ,99901,Nor,  ,,FR,S,GSC
2025-12-01 00:00:00,786881200027,14,DW,03,B,18,142,DZUL C RANULFO R              ,1B,ACTIVO,7K2F75 ,1,F121,01GG,19930,120,0,0,0,951,LECT NEGATIVA,2,,,,1,9ND2R,2025-12-10 17:58:00,2025-12-09 12:06:12,1427,L,GAPQM,7K2F75 ,99950,Nor,  ,,FR,S,GSC
2025-12-01 00:00:00,805050800979,16,DW,08,B,68,162,SOSA KUK PAULA REGINA         ,1B,ACTIVO,1G822Y ,1,F121,05JL,26224,484,0,0,0,951,LECT NEGATIVA,2,,,,1,9ND09,2025-12-26 10:36:00,2025-12-10 09:57:51,1628,L,9ND0M,1G822Y ,484,Nor,  ,,FR,S,GSC
2025-12-01 00:00:00,790171100772,18,DW,04,C,32,003,BRAMBILA COMPAN FRANCISCO JAVI,02,CORTADO,H733LF ,1,F122,17LN,17638,233,0,0,0,951,LECT NEGATIVA,2,,,,1,9MCF6,2025-12-15 14:14:00,2025-12-11 15:43:11,1801,M,9EMLY,H733LF ,99957,Opt,  ,,,,GSC
2025-12-01 00:00:00,783240203868,04,DW,12,C,01,042,LUNA IGLESIAS ANTONIO         ,1D,ACTIVO,JBD848 ,2,F623,23NU,1017,146,59,0,0,951,LECT NEGATIVA,8,DISPLAY APAGADO,,,1,9BBTM,2025-12-04 09:29:00,2025-12-02 15:49:37,0402,M,GAA7N,JBD848 ,642,Opt,  ,,,,GSC
2025-12-01 00:00:00,776020200306,34,DW,01,H,36,344,MAXIMILIANA MOO DIAZ          ,1C,ACTIVO,0D45Y0 ,2,F421,02GH,18403,108,0,0,0,951,LECT NEGATIVA,2,,,,1,9P12J,2025-12-29 15:44:00,2025-12-23 15:01:41,3427,L,9MCGE,0D45Y0 ,99914,Nor,  ,,FR,S,GSC
2025-12-01 00:00:00,779750601046,24,DW,01,M,09,240,CEBALLOS GOMEZ RUTH NOEMI     ,1D,ACTIVO,7C039N ,2,F421,05GH,17107,153,0,0,0,951,LECT NEGATIVA,2,,,,1,9P12J,2025-12-18 09:57:00,2025-12-16 12:29:28,2430,L,R9982,7C039N ,99973,Nor,  ,,FR,S,GSC
2025-12-01 00:00:00,776110604040,30,DW,01,H,36,306,MEX KU GENY                   ,1C,ACTIVO,6DAM81 ,1,F123,25NX,99263,737,53,0,0,951,LECT NEGATIVA,8,UI SERV DIRECTO,,,1,9P12J,2025-12-22 17:37:00,2025-12-19 09:10:42,3027,L,9P167,6DAM81 ,856,Opt,  ,,,,GSC
2025-12-01 00:00:00,783130600748,24,DW,12,D,04,242,FLORES CUEVAS JAVIER          ,1D,ACTIVO,873VG6 ,2,F622,12LJ,37172,819,59,0,0,951,LECT NEGATIVA,8,DISPLAY APAGADO,,,1,9BBTM,2025-12-18 09:27:00,2025-12-16 10:33:08,2428,M,GATJM,873VG6 ,135,Opt,  ,,,,GSC
2025-12-01 00:00:00,811750303666,24,DW,22,B,01,242,VICTOR MORALES Y M            ,1D,ACTIVO,2UH880 ,1,F121,99GG,10963,7390,0,0,0,951,LECT NEGATIVA,2,,,,1,9MCCM,2025-12-17 09:29:00,2025-12-16 13:15:00,2452,N,GA2TN,2UH880 ,95468,Nor,  ,,FR,S,GSC
2025-12-01 00:00:00,781150502570,36,DW,12,B,03,360,VALENCIA MOO FABIOLA          ,1D,ACTIVO,710G6N ,2,F622,13LM,48265,926,53,0,0,951,LECT NEGATIVA,8,UI SERV DIRECTO,,,1,9BBTM,2025-12-30 10:51:00,2025-12-26 09:09:13,3626,L,9NCWL,710G6N ,1406,Nor,  ,,,,GSC
2025-12-01 00:00:00,794150703430,10,DW,04,G,D1,001,CRUZ PERES GASPAR             ,1F,ACTIVO,CM961B ,1,F123,19NM,800,12,0,0,0,951,LECT NEGATIVA,2,,,,1,9MCF6,2025-12-08 12:39:00,2025-12-05 09:13:46,1027,L,R9642,CM961B ,99976,Opt,  ,,,,GSC
2025-12-01 00:00:00,785090500241,20,DW,03,A,11,201,UC CHAN NALDY YOLANDA         ,1D,ACTIVO,16B5D6 ,1,F121,08JL,15116,60,0,0,0,951,LECT NEGATIVA,2,,,,1,9ND2R,2025-12-15 10:00:00,2025-12-12 10:16:16,2026,L,9MCET,16B5D6 ,99944,Nor,  ,,FR,S,GSC
2025-12-01 00:00:00,803020200231,10,DW,07,D,30,301,MUNICIPIO DE YAXCABA YUCATAN  ,02,ACTIVO,N29X42 ,1,F121,75F4,44639,595,0,0,0,951,LECT NEGATIVA,2,,,,1,9MCJD,2025-12-08 17:25:00,2025-12-05 12:25:11,1026,M,GA2CN,N29X42 ,90666,Nor,  ,,FR,S,GSC
2025-12-01 00:00:00,801080300258,22,DW,07,B,06,222,COHUO ZIMAH PLUTARCO          ,1B,ACTIVO,19JM76 ,1,F121,07JL,21600,120,0,0,0,951,LECT NEGATIVA,2,,,,1,9MCJD,2025-12-16 16:07:00,2025-12-15 13:16:53,2202,M,9NCU1,19JM76 ,99961,Nor,  ,,FR,S,GSC
2025-12-01 00:00:00,782060806878,24,DW,12,C,01,244,PROMOTORA SADASI SA DE CV     ,1D,ACTIVO,09M2R1 ,2,F62H,09KN,55207,1457,53,0,0,951,LECT NEGATIVA,8,UI SERV DIRECTO,,,1,9BBTM,2025-12-18 14:25:00,2025-12-16 07:39:29,2403,M,GAKFM,09M2R1 ,469,Opt,  ,,,,GSC
2025-12-01 00:00:00,799230600544,24,DW,06,D,14,140,MAY CAN LORENZO               ,1C,ACTIVO,TU133C ,1,F123,21NX,187,59,0,0,0,951,LECT NEGATIVA,2,,,,1,9BBEG,2025-12-18 12:15:00,2025-12-16 07:45:05,2427,L,GAT5M,TU133C ,99942,Opt,  ,,,,GSC
2025-12-01 00:00:00,779970900061,40,DW,01,M,13,408,ISAIAS PECH CHI               ,1D,ACTIVO,6M391A ,1,F121,05JF,30919,170,0,0,0,951,LECT NEGATIVA,18,,,,1,9P12J,2025-12-30 16:19:00,2025-12-29 11:30:59,4002,L,9P14E,6M391A ,99911,Nor,  ,,FR,S,GSC
2025-12-01 00:00:00,810190405241,06,DW,22,A,02,060,CRUZ ARGAEZ LUCIA ESPERANZA   ,1B,ACTIVO,25N80T ,2,F62H,10KN,12800,1137,0,0,0,951,LECT NEGATIVA,2,,,,1,9MCCM,2025-12-04 07:40:00,2025-12-03 11:51:10,0601,L,9MCKU,25N80T ,99963,Opt,  ,,,,GSC
2025-12-01 00:00:00,812040400421,14,DW,22,C,01,141,ULISES DE LA ROSA MORALES     ,1B,ACTIVO,3M98W7 ,1,F121,04GG,53470,174,0,0,0,951,LECT NEGATIVA,2,,,,1,9MCCM,2025-12-10 08:45:00,2025-12-09 09:36:50,1401,L,9NCT2,3M98W7 ,99983,Nor,  ,,FR,S,GSC
2025-12-01 00:00:00,810000955746,38,DW,22,A,01,385,TOQUE CARIBENO SA DE CV       ,02,ACTIVO,JBF936 ,2,F623,23NU,26000,1009,0,0,0,951,LECT NEGATIVA,2,,,,1,9MCCM,2025-12-29 07:27:00,2025-12-26 09:50:58,3802,L,GAXPM,JBF936 ,98380,Opt,  ,,,,GSC
2025-12-01 00:00:00,801110800528,04,DW,07,B,06,401,KU CABALLERO HECTOR GABRIEL   ,1B,ACTIVO,29L48K ,1,F12H,10KU,8000,247,0,0,0,951,LECT NEGATIVA,2,,,,1,9MCJD,2025-12-03 15:59:00,2025-12-02 10:21:06,0401,L,9JR0P,29L48K ,99013,Nor,  ,,FR,S,GSC
2025-12-01 00:00:00,783090706297,02,DW,12,D,01,022,ARANDA VELAZQUEZ JOSE ANTONIO ,1D,ACTIVO,JCF524 ,2,F623,23NU,3491,407,65,0,0,951,LECT NEGATIVA,8,UI MED INVERTIDO,,,1,9BBTM,2025-12-02 17:44:00,2025-12-01 10:11:36,0202,M,GA4HN,JCF524 ,3806,Opt,  ,,,,GSC
2025-12-01 00:00:00,812230303015,70,DW,22,C,01,702,KTRA TULUM S DE RL DE CV      ,67,ACTIVO,CKU926 ,3,VL28,22NJ,9060,20000,0,0,0,951,LECT NEGATIVA,2,,,,1,9MCCM,2025-12-16 08:21:00,2025-12-15 12:34:46,7001,L,GAPHM,CKU926 ,99789,Opt,  ,,,,GSC
2025-12-01 00:00:00,774980503441,12,DW,01,E,02,122,TERESA SALAS CARRILLO         ,1D,ACTIVO,6EN202 ,2,F621,98F3,78087,100,0,0,0,951,LECT NEGATIVA,2,,,,1,9P12J,2025-12-09 12:25:00,2025-12-08 10:54:23,1203,L,9NCYE,6EN202 ,99900,Nor,  ,,FR,S,GSC
2025-12-01 00:00:00,796021103348,65,DW,06,A,38,381,MUNICIPIO DE OTHON P BLANCO   ,02,ACTIVO,08X37M ,1,F12H,11KU,179,59,0,0,0,951,LECT NEGATIVA,2,,,,1,9BBEG,2025-12-10 09:00:00,2025-12-09 10:05:28,6551,R,R9718,08X37M ,99940,Opt,  ,,,,GSC
2025-12-01 00:00:00,779170200729,36,DW,01,M,13,362,MEYER AVILEZ LAURA PATRICIA   ,1D,ACTIVO,J084PW ,2,F622,17LM,61909,38091,0,0,0,951,LECT NEGATIVA,2,,,,1,9P12J,2025-12-29 13:16:00,2025-12-26 15:53:09,3605,L,GAAEN,J084PW ,-60324,Opt,  ,,,,GSC
2025-12-01 00:00:00,773050202517,16,DW,01,D,01,165,PROF EN MAT ELECT Y SERV SA CV,02,ACTIVO,542MBH ,2,F622,16LM,36078,1031,53,0,0,951,LECT NEGATIVA,8,UI SERV DIRECTO,,,1,9P12J,2025-12-11 15:26:00,2025-12-10 09:19:30,1604,L,R9513,542MBH ,1099,Opt,  ,,,,GSC
2025-12-01 00:00:00,796980702790,38,DW,06,A,32,321,COLLI NOH CONSTANCIO          ,1C,ACTIVO,58C5R9 ,2,F621,08KG,1336,91,0,0,0,951,LECT NEGATIVA,18,,,,1,9BBEG,2025-12-30 10:26:00,2025-12-26 07:30:20,3826,L,R9718,58C5R9 ,99608,Nor,  ,,FR,S,GSC
2025-12-01 00:00:00,782040203344,30,DW,12,C,01,300,GARCIA GARCIA ANTONIO         ,1D,ACTIVO,LNP959 ,1,F123,23NX,7221,1147,53,0,0,951,LECT NEGATIVA,8,UI SERV DIRECTO,,,1,9BBTM,2025-12-23 12:45:00,2025-12-19 08:52:24,3001,L,GAALN,LNP959 ,1144,Nor,  ,,FR,S,GSC
2025-12-01 00:00:00,786060800417,14,DW,03,B,18,142,EK POOT FRANCISCO JAVIER      ,1B,ACTIVO,9W346V ,1,F121,06JL,23910,183,0,0,0,951,LECT NEGATIVA,2,,,,1,9ND2R,2025-12-10 17:58:00,2025-12-09 12:13:24,1427,L,GAPQM,9W346V ,99947,Nor,  ,,FR,S,GSC
2025-12-01 00:00:00,796250601211,30,DW,06,A,01,305,GARCIA CITUC MARITZA          ,1D,ACTIVO,0AAP99 ,2,F623,25NY,198,148,0,0,0,951,LECT NEGATIVA,2,,,,1,9BBEG,2025-12-23 09:55:00,2025-12-19 11:43:26,3003,M,R9718,0AAP99 ,99865,Opt,  ,,,,GSC
2025-12-01 00:00:00,780180701643,22,DW,12,A,05,220,BARCIA LLENDO MARIA DESAMPARAD,1D,CORTADO,N348GE ,2,F622,18LM,33449,1690,53,0,0,951,LECT NEGATIVA,8,UI SERV DIRECTO,,,1,9BBTM,2025-12-17 08:51:00,2025-12-15 10:54:45,2226,M,GAF1M,N348GE ,0,Nor,31,SERVICIO SIN USO,LM,S,GSC
2025-12-01 00:00:00,807890200037,08,DW,08,D,58,081,FELIPE DE J CANCHE OJEDA      ,1D,ACTIVO,6J43V0 ,1,F121,03GG,16728,160,0,0,0,951,LECT NEGATIVA,2,,,,1,9ND09,2025-12-08 11:08:00,2025-12-04 11:51:21,0826,L,R9857,6J43V0 ,99934,Nor,  ,,FR,S,GSC
2025-12-01 00:00:00,795160701628,34,DW,05,A,01,341,GOMEZ RICARDEZ LUIS           ,1F,ACTIVO,870JEE ,2,F622,15LM,23700,695,0,0,0,951,LECT NEGATIVA,2,,,,1,9ND2K,2025-12-23 18:51:00,2025-12-23 09:18:07,3403,M,GAT8M,870JEE ,99929,Opt,  ,,,,GSC
2025-12-01 00:00:00,791070500326,04,DW,04,D,55,041,MIRANDA OJEDA MARIA DEL REFUGI,02,ACTIVO,42A1C8 ,1,F121,08JL,2120,157,0,0,0,951,LECT NEGATIVA,2,,,,1,9MCF6,2025-12-03 14:35:00,2025-12-02 19:45:31,0426,L,GA8WN,42A1C8 ,99952,Nor,  ,,FR,S,GSC
2025-12-01 00:00:00,793071001369,30,DW,04,F,12,303,OJENDEZ FELIX JOSE MIGUEL     ,1F,ACTIVO,2P485K ,1,F121,06JL,15368,147,0,0,0,951,LECT NEGATIVA,2,,,,1,9MCF6,2025-12-22 15:19:00,2025-12-19 11:49:17,3026,L,9JR35,2P485K ,99935,Nor,  ,,FR,S,GSC
2025-12-01 00:00:00,790240800552,16,DW,04,C,32,141,HERNANDEZ MIRRAS FRANCISCO JAV,1F,ACTIVO,RCX129 ,2,F623,24NY,177,220,53,0,0,951,LECT NEGATIVA,8,UI SERV DIRECTO,,,1,9MCF6,2025-12-12 14:04:00,2025-12-09 11:43:16,1601,L,9EMLW,RCX129 ,186,Opt,  ,,,,GSC
2025-12-01 00:00:00,806220400811,78,DW,08,C,33,339,CAN PISTE JOSE ERNESTO        ,02,ACTIVO,MKU563 ,1,F123,23NX,285,0,0,0,0,951,LECT NEGATIVA,18,,,,1,9ND09,2025-12-30 08:33:00,2025-12-26 11:44:14,7802,L,GAHTM,MKU563 ,99801,Opt,40,SIN SELLO,,,GSC
2025-12-01 00:00:00,808001256154,24,DW,08,E,69,241,MEDRANO FERRERA MARCOS DANIEL ,02,ACTIVO,L110TW ,1,F122,18LN,235,0,0,0,0,951,LECT NEGATIVA,16,,,,1,9ND09,2025-12-18 12:12:00,2025-12-16 10:33:19,2427,M,GAHXM,L110TW ,99951,Opt,  ,,,,GSC
2025-12-01 00:00:00,796971002246,73,DW,06,A,01,732,MUNICIPIO DE OTHON P BLANCO   ,5A,ACTIVO,850GJ9 ,2,F622,12LJ,12140,212,59,0,0,951,LECT NEGATIVA,8,DISPLAY APAGADO,,,1,9BBEG,2025-12-22 09:23:00,2025-12-18 08:30:56,7301,L,G92BA,850GJ9 ,96652,Opt,  ,,,,GSC
2025-12-01 00:00:00,798071200452,18,DW,06,C,57,571,HOMA TUZ LAURA                ,1B,ACTIVO,81JY20 ,1,F121,07JL,19880,289,0,0,0,951,LECT NEGATIVA,18,,,,1,9BBEG,2025-12-15 14:24:00,2025-12-11 07:18:03,1827,L,G92BY,81JY20 ,99295,Nor,  ,,FR,S,GSC
2025-12-01 00:00:00,779060300621,18,DW,01,M,04,182,EUAN CHAN JESUS               ,1D,ACTIVO,1X988M ,1,F121,06JL,9977,1048,0,0,0,951,LECT NEGATIVA,2,,,,1,9P12J,2025-12-15 09:30:00,2025-12-11 08:59:15,1829,L,R9982,1X988M ,99116,Nor,  ,,FR,S,GSC
2025-12-01 00:00:00,798821100200,34,DW,06,C,08,342,PINA TZUM DEMETRIO            ,1C,ACTIVO,PBA255 ,1,F123,24NX,0,18,0,0,0,951,LECT NEGATIVA,16,,,,1,9BBEG,2025-12-26 10:15:00,2025-12-24 09:46:11,3426,L,GA27N,PBA255 ,99932,Opt,  ,,,,GSC
2025-12-01 00:00:00,793851000194,08,DW,04,F,18,081,GOMEZ CRUZ MIGUEL             ,1F,ACTIVO,393RBK ,1,F122,16LN,1029,480,52,0,0,951,LECT NEGATIVA,8,COMUNICACION INTERRU,,,1,9MCF6,2025-12-08 13:43:00,2025-12-04 07:29:16,0826,L,9JR35,393RBK ,12,Nor,  ,,LM,S,GSC
2025-12-01 00:00:00,812080801666,10,DW,22,C,01,101,TUZ CAAMAL RAMON              ,1B,ACTIVO,33WT71 ,1,F121,08JL,14049,35,0,0,0,951,LECT NEGATIVA,2,,,,1,9MCCM,2025-12-08 11:08:00,2025-12-05 10:11:47,1001,L,GAPHM,33WT71 ,99964,Nor,  ,,FR,S,GSC
2025-12-01 00:00:00,774860600167,06,DW,01,E,02,061,CONCEPCION MOO                ,1D,CORTADO,WN9272 ,1,F121,86EG,8060,100,0,0,0,951,LECT NEGATIVA,2,,,,1,9P12J,2025-12-04 12:10:00,2025-12-03 15:50:01,0601,L,GAKJM,WN9272 ,9890,Nor,  ,,LN,S,GSC
2025-12-01 00:00:00,810141104481,40,DW,22,A,01,402,NORTH AMERICAN STANDARDS PROPE,1B,ACTIVO,N336DD ,2,F622,18LM,82130,3100,0,0,0,951,LECT NEGATIVA,2,,,,1,9MCCM,2025-12-30 08:50:00,2025-12-29 19:10:16,4052,R,9MCKY,N336DD ,99799,Opt,  ,,,,GSC
2025-12-01 00:00:00,780250601889,34,DW,12,A,05,343,MONSIVAIS ESTRADA ANDRE       ,1D,ACTIVO,3AAL34 ,2,F623,25NY,0,228,59,0,0,951,LECT NEGATIVA,4,DISPLAY APAGADO,,,1,9BBTM,2025-12-29 15:09:00,2025-12-23 12:39:38,3427,L,GABCM,3AAL34 ,243,Opt,  ,,,,GSC
2025-12-01 00:00:00,781090500025,24,DW,12,B,01,242,SERRANO BARBOSA GUADALUPE     ,1D,ACTIVO,21B0D7 ,1,F121,08JL,2020,105,0,0,0,951,LECT NEGATIVA,16,,,,1,9BBTM,2025-12-18 07:57:00,2025-12-16 09:11:48,2402,M,GAX2M,21B0D7 ,99926,Nor,  ,,FR,S,GSC
2025-12-01 00:00:00,781880600208,06,DW,12,B,01,060,GUILLERMO CHIMAL KUMUL        ,1D,ACTIVO,E3J719 ,1,F121,88F5,44187,11,0,0,0,951,LECT NEGATIVA,2,,,,1,9BBTM,2025-12-05 08:20:00,2025-12-03 08:32:58,0602,L,9NCWM,E3J719 ,99989,Nor,  ,,FR,S,GSC
2025-12-01 00:00:00,782160708521,10,DW,12,C,01,011,MORALES KOH ANTONIO GUADALUPE ,1D,ACTIVO,974JKJ ,2,F622,15LM,6296,0,53,0,0,951,LECT NEGATIVA,8,UI SERV DIRECTO,,,1,9BBTM,2025-12-09 14:20:00,2025-12-05 12:07:37,1002,M,GAALN,974JKJ ,0,Opt,31,SERVICIO SIN USO,,,GSC
2025-12-01 00:00:00,808860500253,22,DW,08,E,70,221,MOO PECH SANTOS JOAQUIN       ,1B,ACTIVO,182TU6 ,1,F122,12LH,19644,381,0,0,0,951,LECT NEGATIVA,2,,,,1,9ND09,2025-12-17 14:10:00,2025-12-15 13:43:52,2226,M,GAEQM,182TU6 ,99687,Opt,  ,,,,GSC
2025-12-01 00:00:00,782230801396,12,DW,12,C,01,123,VEGA ROBLES LAURA MONSERRAT   ,1D,ACTIVO,6AUR57 ,2,F623,25P2,99608,2,56,0,0,951,LECT NEGATIVA,8,NO HAY MEDIDOR,,,1,9BBTM,2025-12-10 15:25:00,2025-12-08 10:37:55,1204,M,9P120,6AUR57 ,391,Opt,  ,,,,GSC
2025-12-01 00:00:00,786790700132,62,DW,03,B,23,622,JTA FED DE AGUA POTABLE       ,06,ACTIVO,FY600U ,3,KL28,19KE,30134,30534,0,0,0,951,LECT NEGATIVA,18,,,,1,9ND2R,2025-12-04 09:13:00,2025-12-04 11:37:08,6204,L,R9855,FY600U ,60675,Opt,  ,,,,GSC
2025-12-01 00:00:00,799120300308,28,DW,06,D,47,470,HERRERA PAVON ROBERTO         ,1C,ACTIVO,CL439Y ,1,F123,19NM,8567,315,59,0,0,951,LECT NEGATIVA,8,DISPLAY APAGADO,,,1,9BBEG,2025-12-22 11:50:00,2025-12-18 12:06:08,2827,L,GAT5M,CL439Y ,99668,Opt,  ,,,,GSC
2025-12-01 00:00:00,776990801400,04,DW,01,H,36,047,MALDONADO UC ELDA LUCELY      ,1C,ACTIVO,MKE938 ,1,F123,23NX,1281,398,53,0,0,951,LECT NEGATIVA,8,UI SERV DIRECTO,,,1,9P12J,2025-12-04 09:14:00,2025-12-02 08:42:09,0427,M,9MCGE,MKE938 ,227,Opt,  ,,,,GSC
2025-12-01 00:00:00,781220801855,32,DW,12,B,01,320,HERNANDEZ GOMEZ ANNER         ,1D,ACTIVO,TU277G ,1,F123,21NX,15784,801,53,0,0,951,LECT NEGATIVA,8,UI SERV DIRECTO,,,1,9BBTM,2025-12-23 17:32:00,2025-12-22 07:08:42,3201,L,GATKM,TU277G ,1360,Opt,  ,,,,GSC
2025-12-01 00:00:00,783940401083,14,DW,12,D,01,140,MAHAY CAUICH ELSY BEATRIZ     ,1D,ACTIVO,1N71Y4 ,1,F121,04GG,49960,39,0,0,0,951,LECT NEGATIVA,2,,,,1,9BBTM,2025-12-11 12:30:00,2025-12-09 07:43:13,1401,M,GAE2M,1N71Y4 ,99961,Nor,  ,,FR,S,GSC
2025-12-01 00:00:00,802090601058,18,DW,07,C,42,185,AVILA ARGUELLES PERFECTO      ,1A,ACTIVO,PHM946 ,1,F123,24NX,89,44,0,0,0,951,LECT NEGATIVA,2,,,,1,9MCJD,2025-12-15 14:25:00,2025-12-11 08:50:23,1829,M,G93BA,PHM946 ,99960,Opt,  ,,,,GSC
2025-12-01 00:00:00,781200301724,36,DW,12,B,01,361,DIAZ CERINO LUIS MIGUEL       ,1D,ACTIVO,EW023A ,2,F622,19LM,13852,716,53,0,0,951,LECT NEGATIVA,8,UI SERV DIRECTO,,,1,9BBTM,2025-12-30 10:50:00,2025-12-26 19:52:46,3601,L,9P17V,EW023A ,980,Opt,  ,,,,GSC
2025-12-01 00:00:00,787861000141,67,DW,03,C,71,672,CELSO KU POOL                 ,09,ACTIVO,YJ891M ,2,F623,21NU,3880,212,0,0,0,951,LECT NEGATIVA,2,,,,1,9ND2R,2025-12-11 13:36:00,2025-12-10 11:57:15,6702,L,GA6WN,YJ891M ,99895,Opt,  ,,,,GSC
2025-12-01 00:00:00,811001256147,12,DW,22,B,01,122,GUADALUPE UC PANTOJA          ,02,ACTIVO,2WN370 ,1,F121,99GG,2690,106,0,0,0,951,LECT NEGATIVA,2,,,,1,9MCCM,2025-12-09 07:45:00,2025-12-08 09:39:21,1251,N,9MC8G,2WN370 ,99906,Nor,  ,,FR,S,GSC
2025-12-01 00:00:00,796241102393,64,DW,06,A,01,642,GOBIERNO DEL ESTADO QROO      ,03,ACTIVO,989RTT ,3,FD22,16LR,53270,10156,0,0,0,951,LECT NEGATIVA,2,,,,1,9BBEG,2025-12-08 18:11:00,2025-12-05 12:27:37,6403,L,9MCK8,989RTT ,99309,Opt,  ,,,,GSC
2025-12-01 00:00:00,804180400836,34,DW,08,A,10,341,QUINONES AGUILAR EDWIN BALTAZA,1B,ACTIVO,J199GA ,2,F622,17LM,5608,256,0,0,0,951,LECT NEGATIVA,2,,,,1,9ND09,2025-12-26 12:58:00,2025-12-23 10:10:52,3427,L,9JRAU,J199GA ,99989,Opt,  ,,,,GSC
2025-12-01 00:00:00,808880100201,22,DW,08,E,69,222,CAN PUCH EMIGDIO              ,1B,ACTIVO,K49F07 ,1,F121,92F5,55273,431,52,0,0,951,LECT NEGATIVA,8,COMUNICACION INTERRU,,,1,9ND09,2025-12-17 14:11:00,2025-12-15 10:20:12,2227,M,GAFUM,K49F07 ,417,Nor,  ,,,,GSC
2025-12-01 00:00:00,783190307071,16,DW,12,D,01,162,HERNANDEZ CORDOVA ERICK SADAN ,1D,ACTIVO,T473UK ,2,F622,18LM,13949,626,53,0,0,951,LECT NEGATIVA,8,UI SERV DIRECTO,,,1,9BBTM,2025-12-12 08:15:00,2025-12-10 10:22:39,1603,M,9P14M,T473UK ,62,Opt,  ,,,,GSC
2025-12-01 00:00:00,798250900254,63,DW,06,C,46,652,MIRANDA BRIZUELA JUAN         ,1B,ACTIVO,1AAC83 ,2,F623,25NY,0,70,0,0,0,951,LECT NEGATIVA,2,,,,1,9BBEG,2025-12-08 09:19:00,2025-12-04 06:24:04,6302,L,9MCK2,1AAC83 ,99900,Opt,  ,,,,GSC
2025-12-01 00:00:00,773920101878,38,DW,01,D,03,383,WILBERTH AKE KU               ,1C,ACTIVO,A83B99 ,1,F121,91F5,73920,1660,0,0,0,951,LECT NEGATIVA,2,,,,1,9P12J,2025-12-30 11:36:00,2025-12-26 12:50:27,3826,L,9BBR3,A83B99 ,99366,Nor,  ,,FR,S,GSC
2025-12-01 00:00:00,779030100511,08,DW,01,M,01,083,LOPEZ POOL DAVID AZAEL        ,1B,ACTIVO,3J3U88 ,1,F121,01GG,33440,19,0,0,0,951,LECT NEGATIVA,2,,,,1,9P12J,2025-12-08 11:58:00,2025-12-04 10:46:13,0802,M,GAXWM,3J3U88 ,99980,Nor,  ,,FR,S,GSC
2025-12-01 00:00:00,781241101241,18,DW,12,B,01,224,ORTEGA BARRALES NORMA         ,1D,ACTIVO,WNU870 ,2,F623,24P2,8563,3143,56,0,0,951,LECT NEGATIVA,4,NO HAY MEDIDOR,,,1,9BBTM,2025-12-15 12:41:00,2025-12-11 12:20:27,1802,M,GATKM,WNU870 ,1710,Opt,  ,,,,GSC
2025-12-01 00:00:00,795130902238,02,DW,05,A,01,206,MIGUEL ANLEHU ROSA ELENA      ,1F,ACTIVO,75W91E ,2,F62H,11KN,12060,1213,0,0,0,951,LECT NEGATIVA,18,,,,1,9ND2K,2025-12-02 20:18:00,2025-12-01 06:38:48,0203,M,9ND9F,75W91E ,99107,Opt,  ,,,,GSC
2025-12-01 00:00:00,786140400274,64,DW,03,B,21,641,POOL BUENFIL ANTONIO          ,9M,SUJETO A CORTE,GGE863 ,3,VL28,22NJ,82961,40000,0,0,0,951,LECT NEGATIVA,18,,,,1,9ND2R,2025-12-10 17:55:00,2025-12-05 10:48:49,6401,L,9ND4A,GGE863 ,80428,Opt,  ,,,,GSC
2025-12-01 00:00:00,783140100247,16,DW,12,D,01,162,FLORES MONTES ADOLFO NIONOR   ,1D,CORTADO,062B4P ,2,F622,13LM,28986,814,53,0,0,951,LECT NEGATIVA,8,UI SERV DIRECTO,,,1,9BBTM,2025-12-12 08:15:00,2025-12-10 10:23:33,1603,M,9P14M,062B4P ,1,Opt,31,SERVICIO SIN USO,,,GSC
2025-12-01 00:00:00,783120802261,08,DW,12,D,02,080,NOH CAN ISMAEL                ,1B,ACTIVO,82H7D7 ,1,F12H,09KU,30732,407,53,0,0,951,LECT NEGATIVA,8,UI SERV DIRECTO,,,1,9BBTM,2025-12-05 15:08:00,2025-12-04 08:30:55,0826,M,GA4HN,82H7D7 ,1361,Opt,  ,,,,GSC
2025-12-01 00:00:00,802240400307,14,DW,07,C,42,142,ZUNIGA MORALES TOMAS          ,1A,ACTIVO,WPF297 ,2,F623,24P2,3128,996,0,0,0,951,LECT NEGATIVA,2,,,,1,9MCJD,2025-12-11 11:06:00,2025-12-09 19:33:41,1426,M,9ND12,WPF297 ,99609,Opt,  ,,,,GSC
2025-12-01 00:00:00,810020203724,06,DW,22,A,02,060,FAM VAZQUEZ CHAN              ,1B,ACTIVO,4G4J55 ,1,F121,01GG,60500,431,0,0,0,951,LECT NEGATIVA,2,,,,1,9MCCM,2025-12-04 07:29:00,2025-12-03 08:22:59,0601,L,9MCKU,4G4J55 ,99849,Nor,  ,,FR,S,GSC
2025-12-01 00:00:00,780230702310,18,DW,12,A,05,184,ESPINOSA PAYAN JOSE DE JESUS  ,1D,ACTIVO,JAW110 ,2,F623,23NU,3577,281,53,0,0,951,LECT NEGATIVA,8,UI SERV DIRECTO,,,1,9BBTM,2025-12-15 07:22:00,2025-12-11 08:24:32,1852,N,GA4GN,JAW110 ,1363,Opt,  ,,,,GSC
2025-12-01 00:00:00,794150100026,36,DW,04,G,71,364,RAMIREZ ARIAS ADELAYDA        ,1F,ACTIVO,2Y9M04 ,1,F121,02GG,5853,70,0,0,0,951,LECT NEGATIVA,2,,,,1,9MCF6,2025-12-29 17:33:00,2025-12-26 12:23:48,3626,L,R9484,2Y9M04 ,99969,Nor,  ,,FR,S,GSC
2025-12-01 00:00:00,800060800215,72,DW,07,A,29,001,CELESTINOS UNDA JOSE ALBERTO  ,1B,ACTIVO,9R540M ,2,F621,06F3,25569,157,0,0,0,951,LECT NEGATIVA,18,,,,1,9MCJD,2025-12-19 11:19:00,2025-12-17 08:54:43,7201,L,9MC6T,9R540M ,99882,Nor,  ,,FR,S,GSC
2025-12-01 00:00:00,782221100245,36,DW,12,D,01,364,GOMEZ PEREZ CARLOS MIGUEL     ,1D,ACTIVO,DJM529 ,2,F623,22NU,3751,138,53,0,0,951,LECT NEGATIVA,8,UI SERV DIRECTO,,,1,9BBTM,2025-12-30 07:38:00,2025-12-26 08:56:26,3605,L,9ND6M,DJM529 ,210,Opt,  ,,,,GSC
2025-12-01 00:00:00,773250801890,38,DW,01,D,01,385,SOLIS RODRIGUEZ JOSE JUAN     ,1D,ACTIVO,8DVR18 ,2,F623,25NY,99030,970,0,0,0,951,LECT NEGATIVA,2,,,,1,9P12J,2025-12-30 11:41:00,2025-12-27 10:51:21,3851,R,GAKVM,8DVR18 ,99031,Opt,  ,,,,GSC
2025-12-01 00:00:00,806170301361,74,DW,08,C,28,743,MEJIA ANGELES PATRICIA AIDA   ,67,ACTIVO,R481CN ,3,KL28,18KE,87972,1116,0,0,0,951,LECT NEGATIVA,2,,,,2,9ND09,2025-12-23 14:11:00,2025-12-19 11:42:37,7401,L,R9917,R481CN ,96712,Opt,  ,,,,GSC
2025-12-01 00:00:00,777120402379,24,DW,01,J,03,243,DIAZ RUIZ RENAN GONZALO       ,1C,ACTIVO,0N916H ,1,F121,06JL,8117,98,0,0,0,951,LECT NEGATIVA,2,,,,1,9P12J,2025-12-17 17:57:00,2025-12-16 11:24:07,2402,M,R9950,0N916H ,99936,Nor,  ,,FR,S,GSC
2025-12-01 00:00:00,781921200015,06,DW,12,B,01,060,PATRICIA JOVITA TINOCO        ,1D,ACTIVO,2P2L50 ,2,F621,01F3,4188,306,65,0,0,951,LECT NEGATIVA,8,UI MED INVERTIDO,,,1,9BBTM,2025-12-05 08:24:00,2025-12-03 09:47:27,0602,L,9NCWM,2P2L50 ,199,Nor,  ,,,,GSC
2025-12-01 00:00:00,785950400185,36,DW,03,A,01,361,MIGUEL MAGA A ROJAS           ,1B,ACTIVO,X50N49 ,2,F121,94F5,28610,259,0,0,0,951,LECT NEGATIVA,2,,,,1,9ND2R,2025-12-29 07:28:00,2025-12-26 09:21:23,3602,L,9MCH1,X73N64 ,100305,Nor,  ,,FR,S,GSC
2025-12-01 00:00:00,782061001971,28,DW,12,C,01,283,SOL PEREZ MANUEL              ,1D,ACTIVO,5AUX00 ,2,F623,25P2,98529,1471,53,0,0,951,LECT NEGATIVA,8,UI SERV DIRECTO,,,1,9BBTM,2025-12-22 10:47:00,2025-12-18 15:30:53,2802,M,GAKFM,5AUX00 ,1261,Opt,  ,,,,GSC
2025-12-01 00:00:00,803980600594,24,DW,07,D,05,052,ITURRALDE MATOS ALVARO        ,1C,ACTIVO,3RU308 ,1,F121,99GG,49860,965,0,0,0,951,LECT NEGATIVA,2,,,,1,9MCJD,2025-12-17 14:58:00,2025-12-16 10:04:54,2426,L,GA2CN,3RU308 ,99583,Nor,  ,,FR,S,GSC
2025-12-01 00:00:00,810020301564,12,DW,22,A,02,121,JOSE DEL C  TORRES YAM        ,1B,ACTIVO,5K2J95 ,2,F121,01GG,22990,100,0,0,0,951,LECT NEGATIVA,2,,,,1,9MCCM,2025-12-09 09:44:00,2025-12-08 08:51:12,1201,M,9MCKW,5K2J95 ,99900,Nor,  ,,FR,S,GSC
2025-12-01 00:00:00,811040301362,18,DW,22,B,01,018,WIL HUMBERTO DZIB DZUL        ,1D,ACTIVO,4M52W7 ,1,F121,04GG,30060,196,0,0,0,951,LECT NEGATIVA,2,,,,1,9MCCM,2025-12-12 11:34:00,2025-12-11 10:38:50,1801,M,GA22N,4M52W7 ,99979,Nor,  ,,FR,S,GSC
2025-12-01 00:00:00,800170100324,40,DW,07,A,05,321,DZUL MALDONADO FERMIN         ,1B,ACTIVO,503RBJ ,1,F122,16LN,602,66,0,0,0,951,LECT NEGATIVA,2,,,,1,9MCJD,2025-12-30 12:42:00,2025-12-29 19:27:22,4002,M,GAVNM,503RBJ ,99934,Opt,  ,,,,GSC
2025-12-01 00:00:00,801040500645,34,DW,07,B,27,277,TEC PAT ARSENIO               ,1B,CORTADO,0R17H8 ,1,F121,04GG,26200,147,0,0,0,951,LECT NEGATIVA,2,,,,1,9MCJD,2025-12-26 14:28:00,2025-12-23 12:50:12,3428,L,9NCU1,0R17H8 ,99903,Nor,  ,,FR,S,GSC
2025-12-01 00:00:00,789110200776,72,DW,04,A,01,722,VELAZQUEZ ARJONA TERESITA D JE,9C,ACTIVO,PJ191H ,3,KL28,20KE,6457,306,0,0,0,951,LECT NEGATIVA,2,,,,1,9MCF6,2025-12-18 15:43:00,2025-12-17 08:36:41,7201,L,9EME2,PJ191H ,99830,Opt,  ,,,,GSC
2025-12-01 00:00:00,783050601859,32,DW,12,D,01,320,FCO  JAVIER ARAUJO GOMEZ      ,1D,SUJETO A CORTE,6L659V ,1,F121,05JF,2311,69,0,0,0,951,LECT NEGATIVA,2,,,,1,9BBTM,2025-12-23 18:02:00,2025-12-22 09:39:16,3201,L,GATJM,6L659V ,99930,Nor,  ,,FR,S,GSC
2025-12-01 00:00:00,795020702446,28,DW,05,A,01,284,MARTINEZ LOPEZ GRACIELA       ,1F,ACTIVO,DPX606 ,2,F623,22NU,5269,102,0,0,0,951,LECT NEGATIVA,2,,,,1,9ND2K,2025-12-22 13:47:00,2025-12-18 20:35:34,2851,R,9ND4D,DPX606 ,99825,Opt,  ,,,,GSC
2025-12-01 00:00:00,778031200858,69,DW,01,K,43,693,GPO PORCICOLA MEXICANO SA CV  ,67,ACTIVO,GEL225 ,3,KL28,22NJ,53452,1839,0,0,0,951,LECT NEGATIVA,18,,,,1,9P12J,2025-12-16 11:21:00,2025-12-12 09:51:43,6902,L,9BBR5,GEL225 ,99566,Nor,  ,,LM,S,GSC
2025-12-01 00:00:00,812080804151,28,DW,22,A,02,285,MERCANTI TOMMASINI CINZIA     ,1B,ACTIVO,63D7D7 ,2,F421,08KF,2570,99,0,0,0,951,LECT NEGATIVA,2,,,,1,9MCCM,2025-12-19 07:27:00,2025-12-18 11:49:30,2805,L,9NCT0,63D7D7 ,99900,Nor,  ,,FR,S,GSC
2025-12-01 00:00:00,776071000646,77,DW,01,H,36,770,LEON CANUL FELIPE             ,9C,ACTIVO,03PL51 ,2,F621,07F3,46809,282,0,0,0,951,LECT NEGATIVA,2,,,,1,9P12J,2025-12-30 09:00:00,2025-12-26 08:50:27,7701,L,9JR2C,03PL51 ,99926,Nor,  ,,LN,S,GSC
2025-12-01 00:00:00,790241000657,30,DW,04,C,32,302,ZAVALA DOMINGUEZ IGNACIO      ,1F,ACTIVO,RDM201 ,2,F623,24NY,2123,682,53,0,0,951,LECT NEGATIVA,4,UI SERV DIRECTO,,,1,9MCF6,2025-12-22 15:24:00,2025-12-19 12:45:17,3001,L,9BBKD,RDM201 ,462,Opt,  ,,,,GSC
2025-12-01 00:00:00,808080800131,24,DW,08,E,70,242,SOSA RAMIREZ ADOLFO           ,1B,ACTIVO,31D1F0 ,2,F421,08KF,17542,229,0,0,0,951,LECT NEGATIVA,2,,,,1,9ND09,2025-12-18 12:13:00,2025-12-16 11:14:57,2426,M,GAFUM,31D1F0 ,99927,Nor,  ,,FR,S,GSC
2025-12-01 00:00:00,771241000695,38,DW,01,B,01,386,RODRIGUEZ BORGES JOAQUIN      ,1D,CORTADO,RDB136 ,2,F623,24NY,4935,393,0,0,0,951,LECT NEGATIVA,2,,,,1,9P12J,2025-12-30 13:08:00,2025-12-26 10:14:17,3802,M,9ND41,RDB136 ,99960,Nor,  ,,FR,S,GSC
2025-12-01 00:00:00,783090701163,04,DW,12,D,01,041,HERRERA OSORNIO OSCAR         ,1D,ACTIVO,C00X19 ,1,F121,91F5,65968,1034,0,0,0,951,LECT NEGATIVA,2,,,,1,9BBTM,2025-12-04 10:51:00,2025-12-02 08:17:48,0401,M,GA4HN,C00X19 ,99065,Nor,  ,,FR,S,GSC
2025-12-01 00:00:00,779200401155,24,DW,01,M,09,242,CORONA GALLEGOS SILVIA ADRIANA,02,ACTIVO,DW976R ,2,F623,19NU,13967,115,59,0,0,951,LECT NEGATIVA,8,DISPLAY APAGADO,,,1,9P12J,2025-12-18 09:58:00,2025-12-16 11:13:02,2429,L,R9703,DW976R ,509,Opt,  ,,,,GSC
2025-12-01 00:00:00,796060904293,36,DW,06,A,02,022,GUITIAN CRUZ DINORAH YAMIRA   ,1C,CORTADO,9T716H ,2,F621,06F3,11,27,0,0,0,951,LECT NEGATIVA,2,,,,1,9BBEG,2025-12-30 06:46:00,2025-12-26 06:59:53,3628,L,GAX9M,9T716H ,99973,Nor,  ,,FR,S,GSC
2025-12-01 00:00:00,802170200453,18,DW,07,C,42,427,GALINDO RAMOS SALVADOR        ,1A,ACTIVO,YC432B ,2,F623,21NU,11408,391,0,0,0,951,LECT NEGATIVA,2,,,,1,9MCJD,2025-12-15 14:34:00,2025-12-11 10:41:51,1827,M,GAM7M,YC432B ,99819,Opt,  ,,,,GSC
2025-12-01 00:00:00,783111116436,22,DW,12,D,01,226,GALLARETA HERRERA LAURA LADUVI,1D,ACTIVO,55D6D3 ,2,F421,08KF,13913,110,0,0,0,951,LECT NEGATIVA,2,,,,1,9BBTM,2025-12-17 11:29:00,2025-12-15 10:13:26,2202,M,GATJM,55D6D3 ,99915,Nor,  ,,FR,S,GSC
2025-12-01 00:00:00,779981000053,34,DW,01,M,05,342,BERNABE CIME                  ,1B,ACTIVO,9G53F4 ,1,F121,03GG,49115,649,0,0,0,951,LECT NEGATIVA,2,,,,1,9P12J,2025-12-29 09:46:00,2025-12-23 11:57:01,3429,L,R9982,9G53F4 ,99741,Nor,  ,,FR,S,GSC
2025-12-01 00:00:00,772081200991,12,DW,01,C,01,121,PADILLA CANCHE MIGUEL ANGEL   ,1D,ACTIVO,YH098P ,2,F623,21NU,71123,1289,0,0,0,951,LECT NEGATIVA,18,,,,1,9P12J,2025-12-10 10:59:00,2025-12-08 15:32:25,1202,M,GAKKM,YH098P ,61119,Opt,  ,,,,GSC
2025-12-01 00:00:00,774980705795,34,DW,01,E,02,341,SEGIO R VARGUEZ MELKEN        ,1D,ACTIVO,WNW141 ,2,F623,24P2,1958,887,53,0,0,951,LECT NEGATIVA,8,UI SERV DIRECTO,,,1,9P12J,2025-12-26 11:52:00,2025-12-23 10:45:31,3401,L,9ND9A,WNW141 ,241,Opt,  ,,,,GSC
2025-12-01 00:00:00,771180901708,16,DW,01,B,02,162,CASTILLO MONSREAL OLGA MISHELL,1D,ACTIVO,P342HD ,2,F623,18NN,58282,1905,56,0,0,951,LECT NEGATIVA,8,NO HAY MEDIDOR,,,1,9P12J,2025-12-11 12:45:00,2025-12-10 09:56:14,1602,M,9EMDK,P342HD ,1293,Opt,  ,,,,GSC
2025-12-01 00:00:00,782191006435,06,DW,12,C,01,064,MORALES ALCANTARA FRANCISCO RO,1D,ACTIVO,JAX741 ,2,F623,23NU,6996,1594,53,0,0,951,LECT NEGATIVA,8,UI SERV DIRECTO,,,1,9BBTM,2025-12-05 13:11:00,2025-12-03 10:09:54,0605,M,GAALN,JAX741 ,4014,Opt,  ,,,,GSC
2025-12-01 00:00:00,783070609759,38,DW,12,D,01,380,CAMPOS AYALA SERGIO           ,1D,ACTIVO,UL067V ,2,F623,21NY,1402,654,65,0,0,951,LECT NEGATIVA,8,UI MED INVERTIDO,,,1,9BBTM,2025-12-30 10:19:00,2025-12-26 12:43:20,3801,L,GATJM,UL067V ,0,Opt,31,SERVICIO SIN USO,,,GSC
2025-12-01 00:00:00,771130405360,06,DW,01,E,02,062,JUAREZ HERNANDEZ JULIAN       ,1D,ACTIVO,7V9M82 ,1,F121,02GG,10573,98,0,0,0,951,LECT NEGATIVA,2,,,,1,9P12J,2025-12-04 12:13:00,2025-12-03 08:57:12,0602,L,9NCYE,7V9M82 ,99900,Nor,  ,,FR,S,GSC
2025-12-01 00:00:00,772110405068,36,DW,01,C,01,365,ORDONES BORGES GASPAR ROSENDO ,1D,ACTIVO,DXF278 ,1,F123,22NX,98302,619,56,0,0,951,LECT NEGATIVA,8,NO HAY MEDIDOR,,,1,9P12J,2025-12-29 14:34:00,2025-12-26 09:36:44,3604,L,9P14V,DXF278 ,652,Opt,  ,,,,GSC
2025-12-01 00:00:00,810240401888,26,DW,22,A,01,267,REYES GOMEZ VERONICA          ,1B,ACTIVO,JNL857 ,2,F623,23NU,4337,2079,0,0,0,951,LECT NEGATIVA,16,,,,1,9MCCM,2025-12-18 07:02:00,2025-12-17 14:44:49,2607,L,9MCKY,JNL857 ,97923,Opt,  ,,,,GSC
2025-12-01 00:00:00,779961100361,40,DW,01,M,13,409,ALBERTO CATZIN                ,1D,ACTIVO,F058X9 ,1,F121,95F5,54432,427,0,0,0,951,LECT NEGATIVA,16,,,,1,9P12J,2025-12-30 18:01:00,2025-12-29 09:53:02,4004,L,GAAEN,F058X9 ,99073,Nor,  ,,FR,S,GSC
2025-12-01 00:00:00,812250506001,79,DW,22,C,01,792,DISTRIBUIDORA DE CERAMICA CANC,67,ACTIVO,GEE221 ,3,KL28,22NJ,767,160,51,0,0,951,LECT NEGATIVA,4,NO ENCONTRE DOMI,,,1,9MCCM,2025-12-30 13:35:00,2025-12-29 12:46:40,7902,L,GAPKM,GEE221 ,612,Opt,  ,,,,GSC
2025-12-01 00:00:00,780220904496,30,DW,12,B,01,306,DIAZ MARTA BERNARDO ZAND      ,1D,ACTIVO,BA072X ,2,F622,19MP,20459,1620,59,0,0,951,LECT NEGATIVA,8,DISPLAY APAGADO,,,1,9BBTM,2025-12-23 15:07:00,2025-12-19 09:58:00,3003,L,9NCX2,BA072X ,2988,Opt,  ,,,,GSC
2025-12-01 00:00:00,804921200121,08,DW,08,A,07,003,ROSADO MOGUEL FERNANDO        ,1B,ACTIVO,5DWC82 ,2,F623,25NY,98570,995,53,0,0,951,LECT NEGATIVA,8,UI SERV DIRECTO,,,1,9ND09,2025-12-08 13:53:00,2025-12-04 09:15:27,0827,L,9JRAU,5DWC82 ,434,Opt,  ,,,,GSC
2025-12-01 00:00:00,770031100453,14,DW,01,A,01,143,CALERO MEZQUITA FRANCISCO     ,02,ACTIVO,7F49T6 ,2,F621,03F3,10933,267,50,0,0,951,LECT NEGATIVA,8,CASA CERRADA,,,1,9P12J,2025-12-11 13:27:00,2025-12-10 08:23:45,1451,R,GA0MN,7F49T6 ,75,Nor,  ,,,,GSC
2025-12-01 00:00:00,802770300044,40,DW,07,C,09,401,BATUN BATUN MARIBEL           ,1B,ACTIVO,91L48L ,1,F12H,10KU,18191,1431,0,0,0,951,LECT NEGATIVA,2,,,,1,9MCJD,2025-12-01 13:47:00,2025-12-29 13:19:25,4027,L,GAM7M,91L48L ,99373,Opt,  ,,,,GSC
2025-12-01 00:00:00,776080804561,28,DW,01,H,36,288,NARVAEZ BALAM CARLOS ROBERTO  ,1C,ACTIVO,07TJ15 ,1,F121,08JL,15165,281,0,0,0,951,LECT NEGATIVA,2,,,,1,9P12J,2025-12-22 10:29:00,2025-12-18 10:31:13,2828,L,9P167,07TJ15 ,99976,Nor,  ,,FR,S,GSC
2025-12-01 00:00:00,779050400643,14,DW,01,M,17,144,LUIS ALBERTO COCOM PAT        ,1D,ACTIVO,3D888K ,1,F121,05JL,19090,193,0,0,0,951,LECT NEGATIVA,2,,,,1,9P12J,2025-12-11 09:23:00,2025-12-09 12:18:04,1426,L,9NCYK,3D888K ,99924,Nor,  ,,FR,S,GSC
2025-12-01 00:00:00,783100109331,12,DW,12,D,01,120,ALAMILLA HERNANDEZ ROGELIO    ,1D,ACTIVO,06M8R0 ,2,F62H,09KN,6157,161,65,0,0,951,LECT NEGATIVA,8,UI MED INVERTIDO,,,1,9BBTM,2025-12-10 12:31:00,2025-12-08 14:28:04,1201,M,GAE2M,06M8R0 ,285,Opt,  ,,,,GSC
2025-12-01 00:00:00,795250500109,31,DW,05,A,01,295,RODRIGUEZ SANCHEZ CARMEN      ,1F,CORTADO,RAY238 ,2,F623,24NY,1558,1962,0,0,0,951,LECT NEGATIVA,2,,,,1,9ND2K,2025-12-09 14:42:00,,,,,,,,,,,,GSC
2025-12-01 00:00:00,802070600624,14,DW,07,C,42,141,SABATINI   ULISES ALFONZO     ,1A,ACTIVO,674DLW ,2,F622,15LM,23540,282,0,0,0,951,LECT NEGATIVA,2,,,,1,9MCJD,2025-12-11 12:10:00,2025-12-09 21:02:03,1427,M,R9871,674DLW ,99831,Opt,  ,,,,GSC
2025-12-01 00:00:00,779160200534,06,DW,01,M,01,061,GARCIA ALCANTARA EDGAR        ,1B,ACTIVO,MY737T ,2,F62J,20L2,28065,1439,0,0,0,951,LECT NEGATIVA,2,,,,1,9P12J,2025-12-05 12:09:00,2025-12-03 10:19:42,0603,L,GAXWM,MY737T ,-38,Nor,  ,,,,GSC
2025-12-01 00:00:00,794070305271,10,DW,04,G,80,001,FRANCISCO SANCHEZ LOPEZ       ,1F,ACTIVO,47DR40 ,1,F121,06JL,6144,152,0,0,0,951,LECT NEGATIVA,2,,,,1,9MCF6,2025-12-08 12:42:00,2025-12-05 12:39:09,1027,L,R9642,47DR40 ,99963,Nor,  ,,FR,S,GSC
2025-12-01 00:00:00,774070502246,34,DW,01,E,02,342,CANUL KU JOSE INDALECIO       ,1D,ACTIVO,239DE0 ,1,F12H,11KU,6462,20,0,0,0,951,LECT NEGATIVA,2,,,,1,9P12J,2025-12-26 11:52:00,2025-12-23 20:15:02,3402,L,GA00N,239DE0 ,99980,Opt,  ,,,,GSC
2025-12-01 00:00:00,780120702187,12,DW,12,A,01,120,ESCOBAR GALOFRE SARA          ,1D,ACTIVO,3T459U ,2,F621,06F3,28439,962,56,0,0,951,LECT NEGATIVA,8,NO HAY MEDIDOR,,,1,9BBTM,2025-12-10 07:53:00,2025-12-08 13:18:54,1201,M,9NCWU,3T459U ,924,Nor,  ,,,,GSC
2025-12-01 00:00:00,804120201354,26,DW,08,A,08,001,LEON PECH JORGE ANDRES        ,1B,ACTIVO,RCJ442 ,2,F623,24NY,99828,207,53,0,0,951,LECT NEGATIVA,8,UI SERV DIRECTO,,,1,9ND09,2025-12-18 15:08:00,2025-12-17 09:30:01,2626,L,GAPUM,RCJ442 ,25,Opt,  ,,,,GSC
2025-12-01 00:00:00,801860700193,30,DW,07,B,40,402,DZIB NOH PEDRO                ,1C,CORTADO,R50Y28 ,1,F121,93F5,20696,98,0,0,0,951,LECT NEGATIVA,2,,,,1,9MCJD,2025-12-22 17:46:00,2025-12-19 08:56:13,3029,M,GAVNM,R50Y28 ,99901,Nor,  ,,FR,S,GSC
2025-12-01 00:00:00,789030102889,06,DW,04,B,23,062,SIERRA LARA LUISA LEONIDA     ,1F,ACTIVO,47X64J ,1,F12H,11KU,23700,29,0,0,0,951,LECT NEGATIVA,2,,,,1,9MCF6,2025-12-04 11:57:00,2025-12-03 08:52:13,0626,M,9MCHU,47X64J ,99985,Opt,  ,,,,GSC
2025-12-01 00:00:00,802750202950,40,DW,07,C,09,402,EK HAY SEVERIANO              ,1B,ACTIVO,G3N519 ,1,F121,88F5,9807,134,0,0,0,951,LECT NEGATIVA,2,,,,1,9MCJD,2025-12-01 13:51:00,2025-12-29 13:11:59,4026,L,9MCCP,G3N519 ,99913,Nor,  ,,FR,S,GSC
2025-12-01 00:00:00,811981101977,16,DW,22,B,01,162,CARLOS A ARANDA TURRIZA       ,1D,ACTIVO,7CJ918 ,1,F121,98F5,69897,1100,0,0,0,951,LECT NEGATIVA,2,,,,1,9MCCM,2025-12-11 09:14:00,2025-12-10 10:29:05,1601,M,9MC92,7CJ918 ,98900,Nor,  ,,FR,S,GSC
2025-12-01 00:00:00,799960200029,06,DW,06,D,01,060,POLICARPO AGUILAR M           ,1B,ACTIVO,313P9U ,1,F122,14LN,21685,60,0,0,0,951,LECT NEGATIVA,18,,,,1,9BBEG,2025-12-04 12:36:00,2025-12-03 10:29:15,0601,M,R9723,313P9U ,99904,Opt,  ,,,,GSC
2025-12-01 00:00:00,781220400541,68,DW,12,B,01,633,HSBC MEX SA INSDEBA MGF HSBC  ,67,ACTIVO,GA484G ,3,KL28,19KE,1323,1159,0,0,0,951,LECT NEGATIVA,2,,,,1,9BBTM,2025-12-15 12:32:00,2025-12-11 11:14:03,6801,L,9MCB5,GA484G ,6446,Nor,  ,,LM,S,GSC
2025-12-01 00:00:00,787900800088,26,DW,03,C,67,261,GONZALO RUIZ MENA             ,1C,ACTIVO,9J145P ,1,F121,05JL,2911,106,0,0,0,951,LECT NEGATIVA,2,,,,1,9ND2R,2025-12-18 14:27:00,2025-12-17 09:50:55,2627,L,GA6WN,9J145P ,99918,Nor,  ,,FR,S,GSC
2025-12-01 00:00:00,807820500645,73,DW,08,D,58,732,INST  NAC  DE LOS PUEBLOS IND ,67,ACTIVO,MX693A ,3,KL28,20KE,4297,162,0,0,0,951,LECT NEGATIVA,2,,,,1,9ND09,2025-12-22 11:04:00,2025-12-18 11:37:09,7301,L,9MCC7,MX693A ,1424,Opt,  ,,,,GSC
2025-12-01 00:00:00,779190200920,04,DW,01,M,01,044,INMOBILIARIA VERTRO SA DE CV  ,1B,ACTIVO,NE268A ,2,F62J,20L2,70408,3949,0,0,0,951,LECT NEGATIVA,2,,,,1,9P12J,2025-12-03 12:11:00,2025-12-02 10:36:53,0404,M,R9982,NE268A ,3386,Nor,  ,,FR,S,GSC
2025-12-01 00:00:00,794150703464,10,DW,04,G,D1,001,GONZALEZ GUTIERREZ LAZARO     ,1F,ACTIVO,GBW064 ,1,F123,23NX,360,96,0,0,0,951,LECT NEGATIVA,2,,,,1,9MCF6,2025-12-08 12:41:00,2025-12-05 09:26:53,1027,L,R9642,GBW064 ,99907,Opt,  ,,,,GSC
2025-12-01 00:00:00,802090700552,18,DW,07,C,42,186,ARGAEZ CORAL DEYSI LIZET      ,1A,ACTIVO,63N16N ,2,F62H,10KN,29322,1040,0,0,0,951,LECT NEGATIVA,2,,,,1,9MCJD,2025-12-15 16:59:00,2025-12-11 12:58:33,1828,M,9MCCP,63N16N ,99693,Nor,  ,,FR,S,GSC
2025-12-01 00:00:00,803750200996,24,DW,07,D,05,052,MEDARDO YAM                   ,1C,ACTIVO,P92R39 ,1,F121,93F5,36000,343,0,0,0,951,LECT NEGATIVA,2,,,,1,9MCJD,2025-12-17 15:05:00,2025-12-16 09:11:40,2426,L,GA2CN,P92R39 ,98666,Nor,  ,,FR,S,GSC
2025-12-01 00:00:00,776011000451,34,DW,01,H,36,344,LUIS MARTIN COB MAY           ,1C,ACTIVO,7G9T57 ,1,F121,01GG,7967,12,0,0,0,951,LECT NEGATIVA,2,,,,1,9P12J,2025-12-29 15:44:00,2025-12-23 10:08:22,3427,L,9MCGE,7G9T57 ,99988,Nor,  ,,FR,S,GSC
2025-12-01 00:00:00,777250800066,34,DW,01,J,03,341,VITE GUZMAN ALBA REYNA        ,1C,ACTIVO,5AUM52 ,2,F623,25P2,2,162,0,0,0,951,LECT NEGATIVA,16,,,,1,9P12J,2025-12-29 08:32:00,2025-12-23 09:15:01,3401,L,GAAGN,5AUM52 ,99841,Opt,  ,,,,GSC
2025-12-01 00:00:00,800020702075,14,DW,07,A,15,004,BALAN ARGAEZ RUDY CANDI       ,1B,ACTIVO,7U1E35 ,1,F121,02GG,27760,272,0,0,0,951,LECT NEGATIVA,18,,,,1,9MCJD,2025-12-11 13:59:00,2025-12-09 14:10:26,1428,L,9MCAW,7U1E35 ,99965,Nor,  ,,FR,S,GSC
2025-12-01 00:00:00,802210700659,14,DW,07,C,42,141,ZAPATA BACELIS JOSE LIMBERT   ,1A,ACTIVO,RCA377 ,2,F623,24NY,4864,1571,0,0,0,951,LECT NEGATIVA,2,,,,1,9MCJD,2025-12-11 11:55:00,2025-12-09 10:54:52,1427,M,R9871,RCA377 ,98843,Opt,  ,,,,GSC
2025-12-01 00:00:00,811970400093,16,DW,22,B,01,162,PRUDENCIO HAU AYIL            ,1D,ACTIVO,J99L06 ,1,F121,92F5,61783,94,0,0,0,951,LECT NEGATIVA,2,,,,1,9MCCM,2025-12-11 09:18:00,2025-12-10 12:51:22,1601,M,9MC92,J99L06 ,99912,Nor,  ,,FR,S,GSC
2025-12-01 00:00:00,774060101740,24,DW,01,E,02,243,TELLEZ SOLIS JOSE ELOY        ,1D,ACTIVO,906DE3 ,1,F12H,11KU,34728,302,56,0,0,951,LECT NEGATIVA,8,NO HAY MEDIDOR,,,1,9P12J,2025-12-17 11:28:00,2025-12-16 08:20:45,2403,M,9JR11,906DE3 ,19,Opt,  ,,,,GSC
2025-12-01 00:00:00,776100306261,30,DW,01,H,36,308,LOPEZ CEBALLOS KAROL GUADALUPE,1C,ACTIVO,2T6B29 ,2,F421,01GH,21730,38,0,0,0,951,LECT NEGATIVA,2,,,,1,9P12J,2025-12-23 14:28:00,2025-12-19 09:24:17,3028,L,9JRBT,2T6B29 ,99961,Nor,  ,,FR,S,GSC
2025-12-01 00:00:00,807200100167,18,DW,08,D,49,182,CHAVARRIA DIAZ ERICK EFRAIN   ,02,ACTIVO,PHK494 ,1,F123,24NX,4,59,53,0,0,951,LECT NEGATIVA,8,UI SERV DIRECTO,,,1,9ND09,2025-12-12 14:06:00,2025-12-11 12:36:20,1826,L,9MCC7,PHK494 ,73,Opt,  ,,,,GSC
2025-12-01 00:00:00,810120803991,18,DW,22,A,02,183,DIAZ VELAZCO VALENTIN         ,1B,ACTIVO,1A121J ,1,F121,04GG,1510,117,0,0,0,951,LECT NEGATIVA,2,,,,1,9MCCM,2025-12-12 09:11:00,2025-12-11 09:19:43,1803,M,9MCKW,1A121J ,99922,Nor,  ,,FR,S,GSC
2025-12-01 00:00:00,810031204200,40,DW,22,A,01,404,VAN SCHAVEREN   JEROEN ANDREAS,1B,ACTIVO,DJT315 ,2,F623,22NU,11070,122,0,0,0,951,LECT NEGATIVA,2,,,,1,9MCCM,2025-12-30 08:57:00,2025-12-29 13:26:35,4054,R,9JR5N,DJT315 ,99977,Opt,  ,,,,GSC
2025-12-01 00:00:00,771801100275,14,DW,01,B,02,142,ROSA MA GONGORA C             ,1D,ACTIVO,T3667M ,1,W111,78C0,7863,1187,0,0,0,951,LECT NEGATIVA,2,,,,1,9P12J,2025-12-10 12:54:00,2025-12-09 10:47:02,1402,M,9MC6H,T3667M ,9040,Nor,  ,,LN,S,GSC
2025-12-01 00:00:00,791130100942,06,DW,04,D,55,061,RODRIGUEZ LOPEZ ROCIO DEL CARM,1F,ACTIVO,5AAK88 ,2,F623,25NY,1030,592,0,0,0,951,LECT NEGATIVA,2,,,,1,9MCF6,2025-12-04 14:27:00,2025-12-03 12:28:37,0626,L,GA8WN,5AAK88 ,99422,Opt,  ,,,,GSC
2025-12-01 00:00:00,789210601409,04,DW,04,A,01,043,PACHECO PEREZ JORGE MARTIN    ,1F,ACTIVO,MF203E ,2,F623,20NU,5549,625,0,0,0,951,LECT NEGATIVA,2,,,,1,9MCF6,2025-12-04 14:21:00,2025-12-02 13:12:34,0451,R,9JRF0,MF203E ,99841,Opt,  ,,,,GSC
2025-12-01 00:00:00,772121000027,16,DW,01,C,01,164,MEDINA MIGUEL ANGEL           ,1D,ACTIVO,WTM929 ,2,F623,24P2,96158,1009,53,0,0,951,LECT NEGATIVA,8,UI SERV DIRECTO,,,1,9P12J,2025-12-12 14:59:00,2025-12-10 08:26:15,1604,M,GAKKM,WTM929 ,99381,Opt,  ,,,,GSC
2025-12-01 00:00:00,793110902069,04,DW,04,F,11,043,NIETO LOPEZ JESUS MANUEL      ,1F,ACTIVO,NK301N ,2,F623,20NU,16325,2465,0,0,0,951,LECT NEGATIVA,2,,,,1,9MCF6,2025-12-04 14:47:00,2025-12-02 07:17:18,0429,L,R9655,NK301N ,9038,Opt,  ,,,,GSC
2025-12-01 00:00:00,783160702120,20,DW,12,D,01,203,CARBAJAL PECH SANTOS SILVINO  ,1D,ACTIVO,063JLC ,2,F622,15LM,32634,387,53,0,0,951,LECT NEGATIVA,8,UI SERV DIRECTO,,,1,9BBTM,2025-12-16 12:25:00,2025-12-12 09:24:25,2004,M,GAALN,063JLC ,601,Opt,  ,,,,GSC
2025-12-01 00:00:00,796020203624,22,DW,06,A,19,191,PUCHETA DELGADO HUMBERTO      ,1B,ACTIVO,L744UE ,1,F122,18LN,3608,269,0,0,0,951,LECT NEGATIVA,2,,,,1,9BBEG,2025-12-16 18:33:00,2025-12-15 12:45:33,2226,L,9MCJY,L744UE ,99928,Opt,  ,,,,GSC
2025-12-01 00:00:00,791100801024,30,DW,04,D,51,001,ARGAEZ AC HUGO MANUEL         ,1F,ACTIVO,35MU13 ,2,F421,07GH,22113,441,53,0,0,951,LECT NEGATIVA,8,UI SERV DIRECTO,,,1,9MCF6,2025-12-22 12:37:00,2025-12-19 12:00:21,3027,L,GA0WN,35MU13 ,216,Nor,  ,,,,GSC
2025-12-01 00:00:00,803811200030,10,DW,07,D,14,001,GREGORIO UC UN                ,1B,ACTIVO,T75G30 ,1,F121,93F5,9888,0,0,0,0,951,LECT NEGATIVA,16,,,,1,9MCJD,2025-12-08 17:21:00,2025-12-05 11:01:37,1027,M,R9920,T75G30 ,99900,Nor,  ,,FR,S,GSC
2025-12-01 00:00:00,787940700311,06,DW,03,C,71,061,MUT MARTIN ABUNDIO GUALBERTO  ,1B,ACTIVO,P86R22 ,1,F121,93F5,11924,161,0,0,0,951,LECT NEGATIVA,2,,,,1,9ND2R,2025-12-04 12:21:00,2025-12-03 13:08:06,0626,L,9MCCY,P86R22 ,99958,Nor,  ,,FR,S,GSC
2025-12-01 00:00:00,801851200137,04,DW,07,B,06,401,TAMAY BALAM VICTOR            ,1B,ACTIVO,190X4H ,2,F622,14LM,46000,15,0,0,0,951,LECT NEGATIVA,2,,,,1,9MCJD,2025-12-03 15:57:00,2025-12-02 08:19:09,0401,L,9JR0P,190X4H ,99986,Opt,  ,,,,GSC
2025-12-01 00:00:00,787750407331,30,DW,03,C,73,003,AURELIO YAN                   ,1C,ACTIVO,B2832X ,1,C111,738V,3080,90,0,0,0,951,LECT NEGATIVA,2,,,,1,9ND2R,2025-12-22 18:36:00,2025-12-19 09:16:20,3027,M,GAGJM,B2832X ,9900,Nor,  ,,LN,S,GSC
2025-12-01 00:00:00,773190102768,28,DW,01,D,03,281,NAVARRETE NIC JUAN C          ,1C,ACTIVO,P889HR ,2,F623,18NN,4673,795,59,0,0,951,LECT NEGATIVA,8,DISPLAY APAGADO,,,1,9P12J,2025-12-19 13:47:00,2025-12-18 09:57:33,2826,M,GAXWM,P889HR ,735,Opt,  ,,,,GSC
2025-12-01 00:00:00,810070405786,06,DW,22,A,02,062,BALLESTEROS RAMIREZ RICARDO   ,1B,ACTIVO,14NK25 ,2,F621,07F3,33540,1807,0,0,0,951,LECT NEGATIVA,2,,,,1,9MCCM,2025-12-04 07:48:00,2025-12-03 11:09:36,0603,L,9JR5N,14NK25 ,99648,Nor,  ,,FR,S,GSC
2025-12-01 00:00:00,794180103186,16,DW,04,G,23,001,ARENAS RIVAS REYMUNDO         ,1F,ACTIVO,515VG6 ,2,F622,12LJ,200,25,0,0,0,951,LECT NEGATIVA,2,,,,1,9MCF6,2025-12-11 14:41:00,2025-12-10 12:22:10,1626,L,R9642,515VG6 ,99951,Opt,  ,,,,GSC
2025-12-01 00:00:00,777881200435,28,DW,01,J,10,281,SILVESTRE KANTUN TUZ          ,1C,ACTIVO,1D7E56 ,1,F121,00GG,24382,0,56,0,0,951,LECT NEGATIVA,8,NO HAY MEDIDOR,,,1,9P12J,2025-12-22 10:06:00,2025-12-18 10:24:39,2830,L,R9712,1D7E56 ,99900,Nor,  ,,FR,S,GSC
2025-12-01 00:00:00,786240101240,24,DW,03,B,23,241,CACERES BAEZA OLGA MARIA      ,1C,ACTIVO,JAP731 ,2,F623,23NU,2590,76,0,0,0,951,LECT NEGATIVA,18,,,,1,9ND2R,2025-12-17 10:52:00,2025-12-16 12:24:15,2429,L,R9855,JAP731 ,99791,Opt,  ,,,,GSC
2025-12-01 00:00:00,784170600046,30,DW,12,E,01,300,LAZARO CASTILLO RUTER         ,1D,ACTIVO,PJ406F ,3,KL28,20KE,11791,162,0,0,0,951,LECT NEGATIVA,2,,,,1,9BBTM,2025-12-22 18:52:00,2025-12-15 08:54:22,2251,N,9NCWL,PJ406F ,10190,Opt,  ,,,,GSC
2025-12-01 00:00:00,770951200646,14,DW,01,A,01,143,EVANGELINA BODIB FRANGIE      ,02,ACTIVO,0N5K26 ,2,F621,01F3,77557,20,0,0,0,951,LECT NEGATIVA,2,,,,1,9P12J,2025-12-11 13:26:00,2025-12-09 09:33:20,1402,M,GA0MN,0N5K26 ,99970,Nor,  ,,FR,S,GSC
2025-12-01 00:00:00,777250203556,12,DW,01,J,52,123,RICO VELAZQUEZ ELIZABETH      ,1D,ACTIVO,PBT165 ,1,F123,24NX,99793,103,53,0,0,951,LECT NEGATIVA,4,UI SERV DIRECTO,,,1,9P12J,2025-12-09 16:53:00,2025-12-08 10:48:51,1226,L,R9712,PBT165 ,1362,Opt,  ,,,,GSC
2025-12-01 00:00:00,796941202364,24,DW,06,A,01,243,CRUZ GONZALEZ ADALY           ,1D,ACTIVO,LNG501 ,1,F123,23NX,6,347,60,0,0,951,LECT NEGATIVA,8,MEDID NO TRABAJA,,,1,9BBEG,2025-12-18 11:41:00,2025-12-16 08:21:01,2401,M,9MCK0,LNG501 ,99451,Opt,44,NUM MEDID DESIGU,44,S,GSC
2025-12-01 00:00:00,802130300889,14,DW,07,C,42,141,ARGAEZ MOGUEL LORENA          ,1A,ACTIVO,217G6H ,2,F62E,13L2,11766,440,0,0,0,951,LECT NEGATIVA,18,,,,1,9MCJD,2025-12-11 12:26:00,2025-12-09 09:44:28,1427,M,R9871,217G6H ,99877,Nor,  ,,FR,S,GSC
2025-12-01 00:00:00,315250201347,36,DW,04,B,23,322,ALEJO CHAN MARTHA             ,1F,ACTIVO,RCC566 ,2,F623,24NY,3520,862,0,0,0,951,LECT NEGATIVA,18,,,,1,9MCF6,2025-12-11 10:51:00,2025-12-29 16:40:36,3651,R,GAGBM,RCC566 ,315,Opt,  ,,,,GSC
2025-12-01 00:00:00,776230400600,28,DW,01,H,36,280,PECH CHUC MARIA ANDREA        ,1C,ACTIVO,AWJ755 ,1,F123,22NX,5780,386,53,0,0,951,LECT NEGATIVA,8,UI SERV DIRECTO,,,1,9P12J,2025-12-22 10:17:00,2025-12-18 10:43:08,2826,L,9JRBT,AWJ755 ,73,Opt,  ,,,,GSC
2025-12-01 00:00:00,778240700639,26,DW,01,K,54,262,CANUL MAY ANA GABRIELA        ,1C,ACTIVO,PJW761 ,1,F123,24NX,17,207,53,0,0,951,LECT NEGATIVA,8,UI SERV DIRECTO,,,1,9P12J,2025-12-19 11:54:00,2025-12-17 10:19:54,2627,L,GAAGN,PJW761 ,406,Opt,  ,,,,GSC
2025-12-01 00:00:00,785920600376,28,DW,03,A,09,001,EUDALDO RAMIREZ HOMA          ,1B,ACTIVO,C27X22 ,1,F121,91F5,19601,90,0,0,0,951,LECT NEGATIVA,2,,,,1,9ND2R,2025-12-19 14:11:00,2025-12-18 10:54:00,2827,L,9MCH1,C27X22 ,99983,Nor,  ,,FR,S,GSC
2025-12-01 00:00:00,776120104070,08,DW,01,H,38,085,BOJORQUEZ CANUL MARIA EUFEMIA ,1B,ACTIVO,29WF03 ,1,F121,08JL,11786,166,0,0,0,951,LECT NEGATIVA,2,,,,1,9P12J,2025-12-08 09:38:00,2025-12-04 13:32:30,0828,L,9P167,29WF03 ,99962,Nor,  ,,FR,S,GSC
2025-12-01 00:00:00,785231200654,28,DW,03,A,09,001,CASTILLO MOGUEL GEOVANNY DE JE,1B,CORTADO,JAE297 ,2,F623,23NU,5204,511,0,0,0,951,LECT NEGATIVA,2,,,,1,9ND2R,2025-12-19 14:12:00,2025-12-18 13:16:52,2827,L,9MCH1,JAE297 ,99529,Opt,  ,,,,GSC
2025-12-01 00:00:00,804041000572,26,DW,08,A,08,001,NOH DZUL ZENON                ,1B,ACTIVO,4H2T62 ,1,F121,01GG,24717,321,0,0,0,951,LECT NEGATIVA,2,,,,1,9ND09,2025-12-18 15:07:00,2025-12-17 10:16:41,2626,L,GAPUM,4H2T62 ,3259,Nor,  ,,FR,S,GSC
2025-12-01 00:00:00,795061001720,30,DW,05,A,01,305,VALENCIA B JAIME              ,1F,ACTIVO,0G929G ,1,F121,05JL,41780,227,0,0,0,951,LECT NEGATIVA,2,,,,1,9ND2K,2025-12-22 13:08:00,2025-12-19 08:51:54,3005,M,9NCUF,0G929G ,99966,Nor,  ,,FR,S,GSC
2025-12-01 00:00:00,772940301371,24,DW,01,C,01,246,ROSARIO HERNANDEZ             ,1D,ACTIVO,8BCC92 ,2,F623,25P2,99652,348,53,0,0,951,LECT NEGATIVA,8,UI SERV DIRECTO,,,1,9P12J,2025-12-18 13:08:00,2025-12-16 08:15:39,2403,M,9MCGC,8BCC92 ,483,Opt,  ,,,,GSC
2025-12-01 00:00:00,790750301399,04,DW,04,C,36,041,CARLOS M EUAN                 ,1F,ACTIVO,438VWX ,1,F122,16LN,23550,681,0,0,0,951,LECT NEGATIVA,2,,,,1,9MCF6,2025-12-04 08:41:00,2025-12-02 11:32:34,0428,L,9EMLY,438VWX ,99834,Opt,  ,,,,GSC
2025-12-01 00:00:00,782160706340,24,DW,12,C,01,242,TUN MEDINA MARTHA LETICIA     ,1D,ACTIVO,450JCH ,1,F122,15LN,22555,695,53,0,0,951,LECT NEGATIVA,8,UI SERV DIRECTO,,,1,9BBTM,2025-12-18 14:22:00,2025-12-16 09:27:39,2401,L,9P120,450JCH ,425,Opt,  ,,,,GSC
2025-12-01 00:00:00,788160801065,66,DW,03,D,16,963,DUARTE LOPEZ MARIO ALBERTO    ,9C,ACTIVO,G800XJ ,3,KL28,17KE,28028,13,0,0,0,951,LECT NEGATIVA,2,,,,1,9ND2R,2025-12-10 17:53:00,2025-12-09 09:14:32,6601,L,GA8NN,G800XJ ,99980,Opt,  ,,,,GSC
2025-12-01 00:00:00,796230100577,38,DW,06,A,30,302,SANCHEZ DELGADO CHRISTIAN OMAR,1C,ACTIVO,AWN195 ,1,F123,22NX,48,41,0,0,0,951,LECT NEGATIVA,18,,,,1,9BBEG,2025-12-30 09:31:00,2025-12-26 07:53:35,3827,L,R9723,AWN195 ,99959,Opt,  ,,,,GSC
2025-12-01 00:00:00,797141000891,22,DW,06,B,33,335,FUENTES LORENZANA ROBERTO     ,1B,ACTIVO,297P1U ,1,F122,14LN,5314,7,52,0,0,951,LECT NEGATIVA,8,COMUNICACION INTERRU,,,1,9BBEG,2025-12-17 13:00:00,2025-12-15 08:59:02,2228,L,R9223,297P1U ,99883,Opt,  ,,,,GSC
2025-12-01 00:00:00,800100801520,40,DW,07,A,78,001,CHABLE UCAN JOSE ERNESTO      ,1B,ACTIVO,30J1D6 ,1,F12H,09KU,3100,48,0,0,0,951,LECT NEGATIVA,2,,,,1,9MCJD,2025-12-30 14:37:00,2025-12-29 20:15:39,4026,L,9MC6T,30J1D6 ,99952,Opt,  ,,,,GSC
2025-12-01 00:00:00,779071002117,18,DW,01,M,04,182,DZUL CEN HERNAN BALTAZAR      ,1D,ACTIVO,23JM06 ,1,F121,07JL,3915,124,0,0,0,951,LECT NEGATIVA,2,,,,1,9P12J,2025-12-15 09:30:00,2025-12-11 12:01:03,1829,L,R9982,23JM06 ,99920,Nor,  ,,FR,S,GSC
2025-12-01 00:00:00,776991000800,24,DW,01,H,39,249,GUADALUPE PADILLA ORTEGA      ,1C,ACTIVO,874JJG ,2,F622,15LM,5751,132,53,0,0,951,LECT NEGATIVA,8,UI SERV DIRECTO,,,1,9P12J,2025-12-17 14:05:00,2025-12-16 08:47:55,2426,L,9JR2C,874JJG ,54,Opt,  ,,,,GSC
2025-12-01 00:00:00,807141000994,20,DW,08,D,55,554,GAMBOA CHAY TEOFILO           ,1C,ACTIVO,Y318BU ,2,F623,19NU,4896,229,52,0,0,951,LECT NEGATIVA,8,COMUNICACION INTERRU,,,1,9ND09,2025-12-16 14:13:00,2025-12-12 09:56:35,2026,L,9MCC7,Y318BU ,0,Opt,31,SERVICIO SIN USO,,,GSC
2025-12-01 00:00:00,770140601314,14,DW,01,A,01,143,MERIPARK                      ,02,ACTIVO,13W56K ,3,FD2H,11KV,98183,1263,53,0,0,951,LECT NEGATIVA,8,UI SERV DIRECTO,,,1,9P12J,2025-12-11 13:27:00,2025-12-09 09:02:11,1402,M,GA0MN,13W56K ,955,Opt,  ,,,,GSC
2025-12-01 00:00:00,781090103263,28,DW,12,B,01,282,KU KANTUN CANDELARIO          ,1D,ACTIVO,92A1N9 ,1,F121,08JL,11734,157,0,0,0,951,LECT NEGATIVA,2,,,,1,9BBTM,2025-12-22 13:15:00,2025-12-18 10:36:35,2801,M,GAX2M,92A1N9 ,99940,Nor,  ,,FR,S,GSC
2025-12-01 00:00:00,800030701361,69,DW,07,A,09,003,TRUJILLO CONTRERAS PAVEL      ,1B,ACTIVO,6F42N3 ,2,F621,03F3,43689,76,0,0,0,951,LECT NEGATIVA,2,,,,1,9MCJD,2025-12-16 15:02:00,2025-12-12 09:50:55,6901,L,9JR0E,6F42N3 ,99956,Nor,  ,,FR,S,GSC
2025-12-01 00:00:00,770891200382,22,DW,01,A,01,221,ROSA CASANOVA LOPEZ           ,1D,ACTIVO,L0C557 ,1,F121,88F5,14294,200,0,0,0,951,LECT NEGATIVA,2,,,,1,9P12J,2025-12-17 11:36:00,2025-12-15 12:19:33,2202,M,GAADN,L0C557 ,99800,Nor,  ,,FR,S,GSC
2025-12-01 00:00:00,781951200231,06,DW,12,B,01,060,RAUL LIMA TAPIA               ,1D,ACTIVO,A486B2 ,1,F121,94F5,82467,313,60,0,0,951,LECT NEGATIVA,8,MEDID NO TRABAJA,,,1,9BBTM,2025-12-05 08:25:00,2025-12-03 14:37:52,0602,L,GA4GN,A486B2 ,222,Nor,  ,,,,GSC
2025-12-01 00:00:00,787831000139,06,DW,03,C,71,061,FELIPE PECH KU                ,1B,ACTIVO,6DL618 ,1,F121,98GG,46805,319,0,0,0,951,LECT NEGATIVA,18,,,,1,9ND2R,2025-12-04 12:21:00,2025-12-03 09:36:06,0626,L,9MCCY,6DL618 ,99716,Nor,  ,,FR,S,GSC
2025-12-01 00:00:00,789750425499,32,DW,04,A,05,324,MATU COHUO CLAUDIO            ,1F,ACTIVO,K133YX ,1,F122,17LN,391,81,0,0,0,951,LECT NEGATIVA,2,,,,1,9MCF6,2025-12-23 09:06:00,2025-12-22 10:19:10,3226,M,9BBV0,K133YX ,99929,Opt,  ,,,,GSC
2025-12-01 00:00:00,810091001057,40,DW,22,A,01,404,VALLE RIOS SANDRA CRISTINA    ,1B,ACTIVO,RDT419 ,2,F623,24NY,8170,1399,0,0,0,951,LECT NEGATIVA,2,,,,1,9MCCM,2025-12-30 09:07:00,2025-12-29 15:04:46,4054,R,9JR5N,RDT419 ,99072,Opt,  ,,,,GSC
2025-12-01 00:00:00,781081105377,34,DW,12,C,01,344,MOCTEZUMA PECINA ANTONIA E    ,1D,ACTIVO,279JJB ,2,F622,15LM,22992,584,53,0,0,951,LECT NEGATIVA,8,UI SERV DIRECTO,,,1,9BBTM,2025-12-29 09:18:00,2025-12-23 10:06:07,3403,L,GAALN,279JJB ,573,Opt,  ,,,,GSC
2025-12-01 00:00:00,780900802132,24,DW,12,A,01,240,LUCIA REYES CHI               ,1D,ACTIVO,WNX329 ,2,F623,24P2,691,1647,65,0,0,951,LECT NEGATIVA,8,UI MED INVERTIDO,,,1,9BBTM,2025-12-18 09:22:00,2025-12-16 12:32:05,2401,M,GAF1M,WNX329 ,0,Nor,31,SERVICIO SIN USO,LM,S,GSC
2025-12-01 00:00:00,797161000201,30,DW,06,B,32,321,MARTIN CHAC CANDITA NOEMI     ,1B,ACTIVO,LNJ399 ,1,F123,23NX,606,88,53,0,0,951,LECT NEGATIVA,8,UI SERV DIRECTO,,,1,9BBEG,2025-12-23 06:46:00,2025-12-19 07:23:02,3027,L,R9223,LNJ399 ,99930,Opt,  ,,,,GSC
2025-12-01 00:00:00,786041000779,32,DW,03,B,14,320,POOT POOT MARTHA              ,1D,ACTIVO,2X38V5 ,1,F121,04GG,9046,192,0,0,0,951,LECT NEGATIVA,2,,,,1,9ND2R,2025-12-23 17:41:00,2025-12-23 11:54:11,3202,L,GA8NN,2X38V5 ,99964,Nor,  ,,FR,S,GSC
2025-12-01 00:00:00,807870300078,08,DW,08,D,58,082,CLEMENTE CHAN PUC             ,1D,ACTIVO,937EFV ,1,F122,15LN,3718,268,59,0,0,951,LECT NEGATIVA,8,DISPLAY APAGADO,,,1,9ND09,2025-12-08 11:07:00,2025-12-04 10:24:36,0827,L,9MCC7,937EFV ,165,Opt,  ,,,,GSC
2025-12-01 00:00:00,811140901472,14,DW,22,B,01,141,CARVAS COZUMEL SA DE CV       ,02,ACTIVO,8AAY64 ,2,F623,25NY,80,602,0,0,0,951,LECT NEGATIVA,2,,,,1,9MCCM,2025-12-10 09:58:00,2025-12-09 07:57:14,1451,N,9ND4F,8AAY64 ,99467,Opt,  ,,,,GSC
2025-12-01 00:00:00,812250411744,12,DW,22,C,01,121,MARTINEZ RAYON MARIA GUADALUPE,1B,ACTIVO,GUV414 ,2,F62X,23NY,2970,1840,0,0,0,951,LECT NEGATIVA,2,,,,1,9MCCM,2025-12-09 07:22:00,2025-12-08 06:17:42,1276,T,9ND7G,GUV414 ,99142,Tele,  ,,,,GSC
2025-12-01 00:00:00,779030501451,14,DW,01,M,17,144,CACH VEGA LIZETTE GUADALUPE   ,1D,ACTIVO,7X24M6 ,2,F621,04F3,78406,2269,60,0,0,951,LECT NEGATIVA,8,MEDID NO TRABAJA,,,1,9P12J,2025-12-11 09:04:00,2025-12-09 11:48:06,1426,L,9NCYK,7X24M6 ,0,Nor,31,SERVICIO SIN USO,,,GSC
2025-12-01 00:00:00,780971000657,08,DW,12,A,01,080,BENITO ESTRADA DIAZ           ,1D,ACTIVO,V905V5 ,1,F121,97F5,74281,200,0,0,0,951,LECT NEGATIVA,2,,,,1,9BBTM,2025-12-08 12:58:00,2025-12-04 09:17:34,0801,M,GABCM,V905V5 ,99909,Nor,  ,,FR,S,GSC
2025-12-01 00:00:00,803980800143,10,DW,07,D,17,001,HILARIO CANUL KITUK           ,1C,ACTIVO,90YD91 ,1,F121,08JL,23,1,0,0,0,951,LECT NEGATIVA,18,,,,1,9MCJD,2025-12-08 17:24:00,2025-12-05 10:22:29,1026,M,GA2CN,90YD91 ,99989,Nor,  ,,FR,S,GSC
2025-12-01 00:00:00,812031201203,14,DW,22,C,01,141,LENY DEL C  ESTRELLA MAY      ,1B,ACTIVO,8M62C4 ,1,F121,04GG,19592,99,0,0,0,951,LECT NEGATIVA,2,,,,1,9MCCM,2025-12-10 08:41:00,2025-12-09 09:36:36,1401,L,9NCT2,8M62C4 ,99901,Nor,  ,,FR,S,GSC
2025-12-01 00:00:00,773200700201,12,DW,01,D,01,125,CASTELLO CASTRO MANUEL OSWALDO,1D,ACTIVO,9DVJ31 ,2,F623,25NY,96842,1080,53,0,0,951,LECT NEGATIVA,8,UI SERV DIRECTO,,,1,9P12J,2025-12-09 13:51:00,2025-12-08 11:10:55,1203,L,9NCYP,9DVJ31 ,1431,Opt,  ,,,,GSC
2025-12-01 00:00:00,790150302103,26,DW,04,C,23,261,MENDOZA SERRATO  HUGO CESAR   ,1F,ACTIVO,X276TG ,2,F623,19NU,8890,616,0,0,0,951,LECT NEGATIVA,2,,,,1,9MCF6,2025-12-19 12:49:00,2025-12-17 17:27:32,2628,M,GAGCM,X276TG ,99978,Opt,  ,,,,GSC
2025-12-01 00:00:00,787980200281,18,DW,03,C,65,182,MARIA GUTIERREZ POLANCO       ,1B,ACTIVO,9AU002 ,1,F121,97F5,18464,235,0,0,0,951,LECT NEGATIVA,2,,,,1,9ND2R,2025-12-12 12:20:00,2025-12-11 09:00:42,1801,L,9MCCY,9AU002 ,99815,Nor,  ,,FR,S,GSC
2025-12-01 00:00:00,800001261807,12,DW,07,A,62,621,EK POOL MIGUEL ANGEL          ,1B,CORTADO,91A4N2 ,1,F121,08JL,23857,230,0,0,0,951,LECT NEGATIVA,2,,,,1,9MCJD,2025-12-10 13:50:00,2025-12-08 10:50:23,1230,L,9MCGY,91A4N2 ,99779,Nor,  ,,FR,S,GSC
2025-12-01 00:00:00,802171200201,14,DW,07,C,42,142,ANCONA ORDAZ MA SUSANA        ,1A,ACTIVO,G267MN ,2,F622,17LM,4768,150,0,0,0,951,LECT NEGATIVA,2,,,,1,9MCJD,2025-12-11 11:04:00,2025-12-09 10:46:10,1426,M,9ND12,G267MN ,99979,Opt,  ,,,,GSC
2025-12-01 00:00:00,785960900470,30,DW,03,A,09,302,REBECA MONTALVO DE P          ,1B,ACTIVO,2DAV12 ,1,F123,25NX,0,80,0,0,0,951,LECT NEGATIVA,18,,,,1,9ND2R,2025-12-22 08:36:00,2025-12-19 11:26:13,3028,L,G92BB,2DAV12 ,99921,Opt,  ,,,,GSC
2025-12-01 00:00:00,810050508295,08,DW,22,A,02,082,GARCIA DE LARREA EUGENIA DEL P,1B,ACTIVO,8E507W ,1,F121,05JL,31440,473,0,0,0,951,LECT NEGATIVA,2,,,,1,9MCCM,2025-12-05 07:46:00,2025-12-04 09:46:15,0802,L,9MCKU,8E507W ,99922,Nor,  ,,FR,S,GSC
2025-12-01 00:00:00,790750311211,16,DW,04,C,35,161,GUSTAVO COBOS VALLE           ,1F,ACTIVO,38WF24 ,1,F121,08JL,8393,159,0,0,0,951,LECT NEGATIVA,2,,,,1,9MCF6,2025-12-12 14:01:00,2025-12-10 11:57:53,1626,L,9EMLY,38WF24 ,99933,Nor,  ,,FR,S,GSC
2025-12-01 00:00:00,802191100629,24,DW,07,C,41,241,SANGUINO KUYUC MARCELINA ANGEL,1A,ACTIVO,T680NC ,1,F122,18LN,2142,75,0,0,0,951,LECT NEGATIVA,2,,,,1,9MCJD,2025-12-18 12:51:00,2025-12-16 10:24:25,2426,M,9ND12,T680NC ,99951,Opt,  ,,,,GSC
2025-12-01 00:00:00,779981000029,18,DW,01,M,04,182,CLEOFAS RIVERA H              ,1D,ACTIVO,9B450Y ,2,F621,04F3,58667,1607,0,0,0,951,LECT NEGATIVA,2,,,,1,9P12J,2025-12-15 09:29:00,2025-12-11 09:34:50,1829,L,R9982,9B450Y ,99394,Nor,  ,,FR,S,GSC
2025-12-01 00:00:00,781900100321,04,DW,12,B,01,044,BERMON DOMINGUEZ MA EIDY DEL R,1D,ACTIVO,EW087E ,2,F622,19LM,37047,1437,65,0,0,951,LECT NEGATIVA,8,UI MED INVERTIDO,,,1,9BBTM,2025-12-04 12:31:00,2025-12-02 12:05:57,0401,L,9MCB5,EW087E ,1243,Opt,  ,,,,GSC
2025-12-01 00:00:00,785020500091,28,DW,03,A,09,001,CHAN ANTONIO                  ,1B,ACTIVO,5800XV ,1,C111,718V,9871,100,0,0,0,951,LECT NEGATIVA,2,,,,1,9ND2R,2025-12-19 14:11:00,2025-12-18 11:31:05,2827,L,9MCH1,5800XV ,9903,Nor,  ,,LN,S,GSC
2025-12-01 00:00:00,808750318620,20,DW,08,E,69,201,TRANSITO CAN NAH              ,1B,ACTIVO,A5270H ,1,C111,718X,2420,115,0,0,0,951,LECT NEGATIVA,2,,,,1,9ND09,2025-12-16 10:53:00,2025-12-12 08:38:10,2026,M,9BBVL,A5270H ,9952,Nor,  ,,LN,S,GSC
2025-12-01 00:00:00,811100301090,12,DW,22,B,01,121,CHAN PECH MARIA ISELA         ,1D,ACTIVO,51PF11 ,2,F621,07F3,30230,152,0,0,0,951,LECT NEGATIVA,2,,,,1,9MCCM,2025-12-09 07:55:00,2025-12-08 08:35:18,1201,M,9MC92,51PF11 ,99913,Nor,  ,,FR,S,GSC
2025-12-01 00:00:00,783110905518,12,DW,12,D,01,122,MORALES UC ROSA PAULINA       ,1D,BAJA,89ML65 ,2,F421,07GH,8995,29,0,0,0,951,LECT NEGATIVA,2,,,,1,9BBTM,2025-12-10 11:39:00,2025-12-08 09:14:19,1203,M,9ND6M,89ML65 ,99971,Nor,  ,,FR,S,GSC
2025-12-01 00:00:00,785050300797,30,DW,03,A,09,001,CHABLE PACHECO SANTOS ALBERTO ,1B,CORTADO,2X71V3 ,1,F121,04GG,34000,288,0,0,0,951,LECT NEGATIVA,2,,,,1,9ND2R,2025-12-22 08:36:00,2025-12-19 11:43:48,3027,L,9MCH1,2X71V3 ,99933,Nor,  ,,FR,S,GSC
2025-12-01 00:00:00,811060101173,16,DW,22,B,01,161,NOH MOLINA ANGEL SANTIAGO     ,1D,ACTIVO,662MDC ,1,F12J,15MR,34490,567,0,0,0,951,LECT NEGATIVA,2,,,,1,9MCCM,2025-12-11 09:38:00,2025-12-10 07:13:31,1676,T,9P16J,662MDC ,99805,Tele,  ,,,,GSC
2025-12-01 00:00:00,804000357598,26,DW,08,A,01,261,CHAN CAN LIGIA B              ,1B,ACTIVO,YJ550P ,2,F623,21NU,7342,530,0,0,0,951,LECT NEGATIVA,2,,,,1,9ND09,2025-12-18 15:06:00,2025-12-17 07:52:30,2601,L,9JRAU,YJ550P ,99982,Opt,40,SIN SELLO,,,GSC
2025-12-01 00:00:00,785990901161,30,DW,03,A,09,001,BACAB KOYOC MARIA DELFINA     ,02,ACTIVO,J508MF ,2,F622,17LM,530,16,0,0,0,951,LECT NEGATIVA,2,,,,1,9ND2R,2025-12-22 08:35:00,2025-12-19 09:10:58,3027,L,9MCH1,J508MF ,99987,Nor,  ,,FR,S,GSC
2025-12-01 00:00:00,802081000386,28,DW,07,C,81,301,KU CHAN JUAN PEDRO            ,1B,ACTIVO,99TH36 ,1,F121,08JL,14390,301,0,0,0,951,LECT NEGATIVA,2,,,,1,9MCJD,2025-12-21 18:12:00,2025-12-18 15:05:58,2827,M,GAPFM,99TH36 ,99699,Nor,  ,,FR,S,GSC
2025-12-01 00:00:00,779010400993,24,DW,01,M,09,240,MIGUEL A DURAN AMAYA          ,1D,ACTIVO,3P7L06 ,2,F421,01GH,55650,970,0,0,0,951,LECT NEGATIVA,18,,,,1,9P12J,2025-12-18 09:56:00,2025-12-16 11:22:32,2430,L,R9982,3P7L06 ,99720,Nor,  ,,FR,S,GSC
2025-12-01 00:00:00,783250300268,34,DW,12,D,01,348,AGUAYO OLIVAS ARTURO          ,1D,ACTIVO,RCL438 ,2,F623,24NY,481,240,53,0,0,951,LECT NEGATIVA,4,UI SERV DIRECTO,,,1,9BBTM,2025-12-29 13:22:00,2025-12-23 08:27:15,3405,L,9P14M,RCL438 ,607,Opt,  ,,,,GSC
2025-12-01 00:00:00,776100202423,08,DW,01,H,38,085,HERNANDEZ PECH LORENZO        ,1B,ACTIVO,57E18E ,1,F62H,10KN,12810,245,0,0,0,951,LECT NEGATIVA,2,,,,1,9P12J,2025-12-08 09:37:00,2025-12-04 15:34:26,0828,L,9P167,57E18E ,99934,Nor,  ,,FR,S,GSC
2025-12-01 00:00:00,780030603643,77,DW,12,A,05,770,TRASMISORA RADIO FORMULA SA CV,67,ACTIVO,R175XK ,3,VL2E,18MV,5785,16720,60,0,0,951,LECT NEGATIVA,8,MEDID NO TRABAJA,,,1,9BBTM,2025-12-30 09:47:00,2025-12-26 09:45:54,7701,L,9NCX5,R175XK ,99805,Nor,  ,,LN,S,GSC
2025-12-01 00:00:00,796950901585,65,DW,06,A,01,653,MUNICIPIO DE OTHON P BLANCO   ,5A,ACTIVO,MV018M ,3,KL28,20KE,16433,1501,59,0,0,951,LECT NEGATIVA,8,DISPLAY APAGADO,,,1,9BBEG,2025-12-10 08:58:00,2025-12-09 14:24:44,6551,R,R9718,MV018M ,98499,Opt,  ,,,,GSC
2025-12-01 00:00:00,782111203375,28,DW,12,C,01,285,RODRIGUEZ UNDA GRISELDA       ,1D,ACTIVO,3BCR93 ,2,F623,25P2,97155,1515,53,0,0,951,LECT NEGATIVA,8,UI SERV DIRECTO,,,1,9BBTM,2025-12-22 10:50:00,2025-12-18 11:58:04,2803,M,R9895,3BCR93 ,800,Opt,  ,,,,GSC
2025-12-01 00:00:00,801040100655,30,DW,07,B,40,404,MAY CUPUL BASILIA             ,1C,CORTADO,2L54W4 ,1,F121,04GG,11800,154,0,0,0,951,LECT NEGATIVA,2,,,,1,9MCJD,2025-12-22 17:51:00,2025-12-19 07:56:16,3026,L,9JR0P,2L54W4 ,99974,Nor,  ,,FR,S,GSC
2025-12-01 00:00:00,804750316371,22,DW,08,A,22,221,MARCOS BALAN                  ,1B,ACTIVO,F079U2 ,1,F121,95F5,7186,100,0,0,0,951,LECT NEGATIVA,2,,,,1,9ND09,2025-12-17 11:29:00,2025-12-15 12:43:11,2226,L,9JRAU,F079U2 ,99900,Nor,  ,,FR,S,GSC
2025-12-01 00:00:00,773130603491,26,DW,01,D,04,260,MIRANDA POOT MARSHA CRISTINA  ,1C,ACTIVO,JBL847 ,2,F623,23NU,3818,599,53,0,0,951,LECT NEGATIVA,8,UI SERV DIRECTO,,,1,9P12J,2025-12-18 15:20:00,2025-12-17 10:23:39,2626,L,9BBR3,JBL847 ,457,Opt,  ,,,,GSC
2025-12-01 00:00:00,787770600324,40,DW,03,C,84,401,MAY MOO ENRIQUE ALEJANDRO     ,1C,ACTIVO,R5379R ,1,W111,78C0,6486,102,0,0,0,951,LECT NEGATIVA,2,,,,1,9ND2R,2025-12-30 11:11:00,2025-12-29 08:56:15,4026,L,9MCCY,R5379R ,9901,Nor,  ,,LN,S,GSC
2025-12-01 00:00:00,790250501421,22,DW,04,C,30,201,COCON SUAREZ TAMELIO          ,1F,ACTIVO,PJP986 ,1,F123,24NX,712,375,0,0,0,951,LECT NEGATIVA,2,,,,1,9MCF6,2025-12-17 14:45:00,2025-12-15 14:48:33,2227,M,GAGBM,PJP986 ,99699,Opt,  ,,,,GSC
2025-12-01 00:00:00,774910701504,14,DW,01,E,02,142,RIDANA CONSTRUCTORA SA DE CV  ,02,ACTIVO,70PL76 ,2,F621,07F3,23106,118,0,0,0,951,LECT NEGATIVA,2,,,,1,9P12J,2025-12-10 13:52:00,2025-12-09 16:15:25,1402,L,9JRB9,70PL76 ,99916,Nor,  ,,FR,S,GSC
2025-12-01 00:00:00,802110200381,14,DW,07,C,42,141,INSTITUTO CULTURA ARTES Q ROO ,02,ACTIVO,216G8H ,3,KL2E,13JR,55708,958,0,0,0,951,LECT NEGATIVA,18,,,,1,9MCJD,2025-12-11 12:05:00,2025-12-09 20:25:25,1427,M,R9871,216G8H ,99775,Nor,  ,,FR,S,GSC
2025-12-01 00:00:00,810001057733,40,DW,22,A,01,405,OLTRE OCEANO SA DE CV         ,1B,ACTIVO,11E7V0 ,2,F62F,08K6,106,80,0,0,0,951,LECT NEGATIVA,2,,,,1,9MCCM,2025-12-30 09:15:00,2025-12-29 13:55:09,4055,R,9MCKU,11E7V0 ,99920,Nor,  ,,FR,S,GSC
2025-12-01 00:00:00,783191200238,10,DW,12,D,02,102,COHUO DIAZ EUGENIA            ,1B,ACTIVO,V841VX ,1,F122,19LN,7273,562,0,0,0,951,LECT NEGATIVA,18,,,,1,9BBTM,2025-12-09 12:04:00,2025-12-05 08:23:17,1027,M,9ND6M,V841VX ,99935,Opt,  ,,,,GSC
2025-12-01 00:00:00,802940400146,22,DW,07,C,04,221,WITZIL CANCHE JUAN B          ,1A,CORTADO,923CYE ,1,F122,15LN,16505,147,0,0,0,951,LECT NEGATIVA,2,,,,1,9MCJD,2025-12-17 08:13:00,2025-12-15 10:07:31,2226,M,9MCCP,923CYE ,99946,Opt,  ,,,,GSC
2025-12-01 00:00:00,770050502163,12,DW,01,A,01,121,PEREIRA PACHECO FABIOLA E     ,1D,ACTIVO,0C264A ,2,F621,04F3,8178,110,0,0,0,951,LECT NEGATIVA,2,,,,1,9P12J,2025-12-10 10:58:00,2025-12-08 18:20:57,1201,M,R9631,0C264A ,99891,Nor,  ,,FR,S,GSC
2025-12-01 00:00:00,780200901172,04,DW,12,A,01,041,TORRES GONZALEZ SANDRA        ,1D,ACTIVO,LV559W ,2,F623,20NU,15658,288,53,0,0,951,LECT NEGATIVA,8,UI SERV DIRECTO,,,1,9BBTM,2025-12-04 07:09:00,2025-12-02 08:51:02,0401,M,GAFHM,LV559W ,1097,Opt,  ,,,,GSC
2025-12-01 00:00:00,803090700664,10,DW,07,D,14,001,BALAM BALAM ELOY              ,1B,ACTIVO,33GV13 ,1,F121,07JL,7900,156,0,0,0,951,LECT NEGATIVA,2,,,,1,9MCJD,2025-12-08 17:21:00,2025-12-05 10:46:43,1027,M,R9920,33GV13 ,99934,Nor,  ,,FR,S,GSC
2025-12-01 00:00:00,780110601315,14,DW,12,A,01,140,RUEDA REYES SILVIA ALEJANDRA  ,1D,ACTIVO,66H76K ,2,F62H,10KN,33881,629,59,0,0,951,LECT NEGATIVA,8,DISPLAY APAGADO,,,1,9BBTM,2025-12-11 12:27:00,2025-12-09 12:07:18,1401,M,GA4GN,66H76K ,1113,Opt,  ,,,,GSC
2025-12-01 00:00:00,810090404999,10,DW,22,A,02,103,LEON GONZALEZ VIOLETA         ,1B,ACTIVO,2B84X2 ,1,F121,03GG,18470,158,0,0,0,951,LECT NEGATIVA,2,,,,1,9MCCM,2025-12-08 07:56:00,2025-12-05 10:52:44,1001,L,9JPYF,2B84X2 ,99931,Nor,  ,,FR,S,GSC
2025-12-01 00:00:00,772020702284,24,DW,01,C,01,242,UN NOH ROBERTO                ,02,ACTIVO,4R3Y82 ,3,FD21,01F4,4369,59,0,0,0,951,LECT NEGATIVA,2,,,,1,9P12J,2025-12-18 13:06:00,2025-12-16 09:31:14,2402,L,9JR53,4R3Y82 ,99988,Nor,  ,,FR,S,GSC
2025-12-01 00:00:00,785941100497,36,DW,03,A,01,361,MARCELINO TUYUB KEN           ,1B,ACTIVO,X49A17 ,1,F121,94F5,52671,136,0,0,0,951,LECT NEGATIVA,2,,,,1,9ND2R,2025-12-29 07:28:00,2025-12-26 09:48:39,3602,L,9MCH1,X49A17 ,99919,Nor,  ,,FR,S,GSC
2025-12-01 00:00:00,789110100836,20,DW,04,B,23,202,CHIN CANUL MARIA ROSA MARGARIT,1F,ACTIVO,5L05W2 ,1,F121,04GG,8620,61,0,0,0,951,LECT NEGATIVA,2,,,,1,9MCF6,2025-12-16 12:00:00,2025-12-12 07:41:26,2001,L,9NCVJ,5L05W2 ,99941,Nor,  ,,FR,S,GSC
2025-12-01 00:00:00,800790100464,18,DW,07,A,05,183,NAVARRETE NOVELO KARLA BEATRIZ,1B,ACTIVO,Y716BU ,2,F623,19NU,23672,386,0,0,0,951,LECT NEGATIVA,2,,,,1,9MCJD,2025-12-15 13:30:00,2025-12-11 08:56:51,1802,L,9JRAJ,Y716BU ,99941,Opt,  ,,,,GSC
2025-12-01 00:00:00,810031100587,10,DW,22,A,02,101,MORENO MARTINEZ ALEJANDRO     ,1B,ACTIVO,201MEF ,2,F62J,15MT,14680,876,0,0,0,951,LECT NEGATIVA,2,,,,1,9MCCM,2025-12-08 07:50:00,2025-12-05 11:22:13,1053,N,9MCKW,201MEF ,99703,Nor,  ,,FR,S,GSC
2025-12-01 00:00:00,780090601496,40,DW,12,A,01,400,GALAN BARREIRO MIGUEL ANGEL   ,1D,ACTIVO,145MDX ,2,F62J,15MT,55842,1598,0,0,0,951,LECT NEGATIVA,2,,,,1,9BBTM,2025-12-01 07:33:00,2025-12-29 15:46:38,4001,M,9P180,145MDX ,99970,Nor,  ,,FR,S,GSC
2025-12-01 00:00:00,783180103451,24,DW,12,D,04,242,GARCIA SANTOS MARIA ELENA     ,1D,ACTIVO,F042CN ,1,F122,17LN,9099,432,53,0,0,951,LECT NEGATIVA,8,UI SERV DIRECTO,,,1,9BBTM,2025-12-18 09:30:00,2025-12-16 08:45:20,2428,M,GATJM,F042CN ,276,Opt,  ,,,,GSC
2025-12-01 00:00:00,779060300515,62,DW,01,M,13,624,MUNICIPIO DE MERIDA YUCATAN   ,5A,ACTIVO,Y155MB ,2,F623,19NU,7542,1093,0,0,0,951,LECT NEGATIVA,18,,,,1,9P12J,2025-12-04 09:39:00,2025-12-03 13:38:42,6201,L,R9703,Y155MB ,94594,Opt,  ,,,,GSC
2025-12-01 00:00:00,781060300943,18,DW,12,B,01,220,CONTRERAS ARANDA JOSE G       ,1D,ACTIVO,019W0M ,2,F622,14LM,28748,841,53,0,0,951,LECT NEGATIVA,8,UI SERV DIRECTO,,,1,9BBTM,2025-12-15 09:19:00,2025-12-11 12:08:07,1801,M,9NCX2,019W0M ,196,Opt,  ,,,,GSC
2025-12-01 00:00:00,781060802884,24,DW,12,C,01,244,CORDOVA PEREZ JOSE DE LOS A   ,1D,ACTIVO,34M0U3 ,2,F62H,09KN,40635,858,65,0,0,951,LECT NEGATIVA,8,UI MED INVERTIDO,,,1,9BBTM,2025-12-18 12:26:00,2025-12-16 10:02:19,2403,M,GAKFM,34M0U3 ,2117,Opt,  ,,,,GSC
2025-12-01 00:00:00,807041200911,02,DW,08,D,48,022,MATU EK JOSE ISRAEL           ,1B,ACTIVO,5A314H ,1,F121,04GG,20453,165,0,0,0,951,LECT NEGATIVA,2,,,,1,9ND09,2025-12-02 11:53:00,2025-12-01 09:42:38,0201,L,R9857,5A314H ,99960,Nor,  ,,FR,S,GSC
2025-12-01 00:00:00,773120605975,26,DW,01,D,04,260,JIMENEZ PERAZA PERLA BEATRIZ  ,1C,ACTIVO,EW846D ,2,F622,19LM,18023,863,53,0,0,951,LECT NEGATIVA,8,UI SERV DIRECTO,,,1,9P12J,2025-12-18 15:20:00,2025-12-17 10:23:02,2626,L,9BBR3,EW846D ,527,Opt,  ,,,,GSC
2025-12-01 00:00:00,786930200534,14,DW,03,B,18,142,JAIME TEC DOMINGUEZ           ,1B,ACTIVO,C275J3 ,1,F121,95F5,18090,291,0,0,0,951,LECT NEGATIVA,2,,,,1,9ND2R,2025-12-10 17:57:00,2025-12-09 10:35:42,1427,L,GAPQM,C275J3 ,99709,Nor,  ,,FR,S,GSC
2025-12-01 00:00:00,798940800333,32,DW,06,C,44,441,ORG PEQ PROP FOREST Q ROO     ,02,SUJETO A CORTE,L43G29 ,3,FD21,92F4,71378,425,0,0,0,951,LECT NEGATIVA,2,,,,1,9BBEG,2025-12-24 09:17:00,2025-12-22 08:41:14,3226,M,9EMKF,L43G29 ,99893,Nor,  ,,FR,S,GSC
2025-12-01 00:00:00,777930800044,16,DW,01,J,03,165,ALFONSO CIAU EK               ,1C,ACTIVO,9D59C4 ,1,F121,03GG,40667,975,65,0,0,951,LECT NEGATIVA,8,UI MED INVERTIDO,,,1,9P12J,2025-12-12 12:22:00,2025-12-10 13:11:46,1603,L,R9950,9D59C4 ,759,Nor,  ,,,,GSC
2025-12-01 00:00:00,802930700010,22,DW,07,C,04,221,SAMUEL KEN CAAMAL             ,1A,ACTIVO,M94X92 ,1,F121,93F5,15080,19,0,0,0,951,LECT NEGATIVA,2,,,,1,9MCJD,2025-12-17 07:32:00,2025-12-15 09:18:35,2226,M,9MCCP,M94X92 ,99980,Nor,  ,,FR,S,GSC
2025-12-01 00:00:00,811060200783,28,DW,22,B,01,281,CARMEN CARDENAS               ,1D,ACTIVO,9C342Y ,2,F621,05F3,15410,69,0,0,0,951,LECT NEGATIVA,2,,,,1,9MCCM,2025-12-19 09:50:00,2025-12-18 11:14:01,2801,L,9MC92,9C342Y ,99976,Nor,  ,,FR,S,GSC
2025-12-01 00:00:00,776920900281,28,DW,01,H,36,288,MARIA XOOL DE CHUC            ,1C,ACTIVO,16B6D9 ,1,F121,08JL,7296,32,0,0,0,951,LECT NEGATIVA,2,,,,1,9P12J,2025-12-22 10:30:00,2025-12-18 13:57:22,2828,L,9P167,16B6D9 ,99968,Nor,  ,,FR,S,GSC
2025-12-01 00:00:00,774021102518,14,DW,01,E,02,141,JUAN ZUNIGA SALINAS           ,1D,ACTIVO,7X1R21 ,2,F421,02GH,25668,189,50,0,0,951,LECT NEGATIVA,8,CASA CERRADA,,,1,9P12J,2025-12-11 14:44:00,2025-12-10 10:44:33,1451,R,R9933,7X1R21 ,186,Nor,41,CRISTAL ROTO,41,S,GSC
2025-12-01 00:00:00,773141104097,40,DW,01,D,04,409,ARAUJO PERAZA CECILIA ROSALIA ,1C,ACTIVO,121H5A ,1,F122,13LN,11344,280,65,0,0,951,LECT NEGATIVA,8,UI MED INVERTIDO,,,1,9P12J,2025-12-30 17:01:00,2025-12-29 09:33:40,4034,M,9EMED,121H5A ,577,Opt,  ,,,,GSC
2025-12-01 00:00:00,780990201370,26,DW,12,B,01,264,MARIA DZIB DZIB               ,1D,ACTIVO,7JN970 ,1,F121,98GG,77480,1190,0,0,0,951,LECT NEGATIVA,2,,,,1,9BBTM,2025-12-19 13:44:00,2025-12-17 08:20:39,2603,M,9MCB5,7JN970 ,99889,Nor,  ,,FR,S,GSC
2025-12-01 00:00:00,787970100075,30,DW,03,C,73,003,DELFINO MOO CAAMAL            ,1C,ACTIVO,F203U5 ,1,F121,95F5,23344,186,0,0,0,951,LECT NEGATIVA,2,,,,1,9ND2R,2025-12-22 18:38:00,2025-12-19 13:47:41,3027,M,GAGJM,F203U5 ,99982,Nor,  ,,FR,S,GSC
2025-12-01 00:00:00,810210105052,40,DW,22,A,01,405,LEE SUE HONG                  ,1B,ACTIVO,MV270L ,3,KL28,20KE,2240,50,0,0,0,951,LECT NEGATIVA,16,,,,1,9MCCM,2025-12-30 09:12:00,2025-12-29 09:54:24,4055,R,9MCKU,MV270L ,99983,Opt,  ,,,,GSC
2025-12-01 00:00:00,802020100604,38,DW,07,C,18,384,BIBLIOTECA MUNICIPAL L C      ,02,ACTIVO,23N08N ,2,F62H,10KN,38050,2050,0,0,0,951,LECT NEGATIVA,2,,,,1,9MCJD,2025-12-30 13:31:00,2025-12-26 23:01:54,3851,N,GAM7M,23N08N ,99131,Opt,  ,,,,GSC
2025-12-01 00:00:00,771111102194,38,DW,01,B,01,386,SANTANA PEREZ LETICIA LOURDES ,1D,ACTIVO,7B001L ,2,F621,04F3,40891,99,0,0,0,951,LECT NEGATIVA,2,,,,1,9P12J,2025-12-30 13:08:00,2025-12-26 16:38:56,3802,M,GAAJN,7B001L ,99901,Nor,  ,,FR,S,GSC
2025-12-01 00:00:00,787060100233,26,DW,03,C,67,262,CALAN ORDONEZ JUANA MARIA     ,1C,ACTIVO,0B828F ,1,F121,04GG,17592,96,0,0,0,951,LECT NEGATIVA,2,,,,1,9ND2R,2025-12-18 14:27:00,2025-12-17 10:16:44,2626,L,9MCCY,0B828F ,99901,Nor,  ,,FR,S,GSC
2025-12-01 00:00:00,773170200364,06,DW,01,D,01,060,SANTOS VARGUEZ LOURDES DEL ROS,1D,ACTIVO,500VXE ,1,F122,16LN,24165,359,0,0,0,951,LECT NEGATIVA,2,,,,1,9P12J,2025-12-04 15:00:00,2025-12-03 10:26:58,0601,L,9NCYP,500VXE ,99970,Nor,  ,,LM,S,GSC
2025-12-01 00:00:00,774930900872,12,DW,01,E,02,122,LIGIA DE  R SUASTE DE J       ,1D,CORTADO,8W466V ,1,F121,06JL,18987,417,0,0,0,951,LECT NEGATIVA,2,,,,1,9P12J,2025-12-09 12:24:00,2025-12-08 08:17:21,1203,L,9NCYE,8W466V ,99825,Nor,  ,,FR,S,GSC
2025-12-01 00:00:00,802070600632,14,DW,07,C,42,141,SABATINI   ULISES ALFONZO     ,1A,ACTIVO,G181ML ,2,F622,17LM,22498,305,0,0,0,951,LECT NEGATIVA,2,,,,1,9MCJD,2025-12-11 12:11:00,2025-12-09 21:02:11,1427,M,R9871,G181ML ,99939,Opt,  ,,,,GSC
2025-12-01 00:00:00,800930600373,40,DW,07,A,78,001,POOT UAN SABINO               ,1B,ACTIVO,M32Y25 ,1,F121,93F5,13975,114,0,0,0,951,LECT NEGATIVA,2,,,,1,9MCJD,2025-12-30 14:35:00,2025-12-29 20:04:07,4026,L,9MC6T,M32Y25 ,99902,Nor,  ,,FR,S,GSC
2025-12-01 00:00:00,782201203846,40,DW,12,A,01,403,MALDONADO GARCIA RICARDO      ,02,CORTADO,NL928A ,2,F623,20NU,6632,290,60,0,0,951,LECT NEGATIVA,8,MEDID NO TRABAJA,,,1,9BBTM,2025-12-01 08:58:00,2025-12-29 07:17:50,4004,M,GA4GN,NL928A ,284,Opt,  ,,,,GSC
2025-12-01 00:00:00,801060700110,10,DW,07,B,06,103,MAY UUH GLORIA REYES          ,1B,ACTIVO,4V094W ,1,F121,06JL,25478,742,0,0,0,951,LECT NEGATIVA,2,,,,1,9MCJD,2025-12-08 16:38:00,2025-12-05 10:10:22,1001,M,9ND1A,4V094W ,99573,Nor,  ,,FR,S,GSC
2025-12-01 00:00:00,772050601270,32,DW,01,C,01,324,PACHECO OSORIO CARLOS ALFONSO ,1D,ACTIVO,37C3R3 ,1,F621,08KG,28903,343,0,0,0,951,LECT NEGATIVA,2,,,,1,9P12J,2025-12-23 15:46:00,2025-12-22 12:02:22,3205,M,GA82N,37C3R3 ,99934,Nor,  ,,FR,S,GSC
2025-12-01 00:00:00,771981202101,22,DW,01,B,02,222,GUADALUPE MIRANDA CARDENA     ,1D,ACTIVO,0D076R ,1,F121,05JL,52748,1254,0,0,0,951,LECT NEGATIVA,2,,,,1,9P12J,2025-12-16 12:06:00,2025-12-15 10:06:26,2207,M,GA00N,0D076R ,99771,Nor,  ,,FR,S,GSC
2025-12-01 00:00:00,776150207639,30,DW,01,H,36,308,CANUL CRUZ CHRISTIAN DE LA LUZ,1C,ACTIVO,840ARX ,1,F122,14LN,14259,439,0,0,0,951,LECT NEGATIVA,2,,,,1,9P12J,2025-12-22 17:38:00,2025-12-19 08:47:30,3028,L,9JRBT,840ARX ,99871,Opt,  ,,,,GSC
2025-12-01 00:00:00,783110405833,16,DW,12,D,01,161,CRUZ ROMERO PERLA DE JESUS    ,1D,ACTIVO,EM987J ,2,F623,19NU,15941,769,53,0,0,951,LECT NEGATIVA,8,UI SERV DIRECTO,,,1,9BBTM,2025-12-12 08:15:00,2025-12-10 09:05:42,1602,M,GATJM,EM987J ,1172,Opt,  ,,,,GSC
2025-12-01 00:00:00,780961000543,26,DW,12,B,01,260,WILBERTH KUYOC XULUC          ,1D,ACTIVO,F441CP ,1,F122,17LN,10043,217,59,0,0,951,LECT NEGATIVA,8,DISPLAY APAGADO,,,1,9BBTM,2025-12-19 13:44:00,2025-12-17 08:35:19,2601,L,GATKM,F441CP ,123,Opt,  ,,,,GSC
2025-12-01 00:00:00,315250201347,36,DW,04,B,23,322,ALEJO CHAN MARTHA             ,1F,ACTIVO,RCC566 ,2,F623,24NY,3520,862,0,0,0,951,LECT NEGATIVA,18,,,,1,9MCF6,2025-12-11 10:51:00,2025-12-29 16:40:36,3651,R,GAGBM,RCC566 ,315,Opt,  ,,,,GSC
2025-12-01 00:00:00,770011002471,63,DW,01,A,01,633,MUNICIPIO DE MERIDA YUCATAN   ,5A,ACTIVO,Y876MB ,2,F623,19NU,1094,350,0,0,0,0,,18,,,,1,9P12J,2025-12-08 14:48:00,2025-12-04 12:41:46,6301,L,9P124,Y876MB ,30605,Nor,44,NUM MEDID DESIGU,44,S,GSC
2025-12-01 00:00:00,770030200861,34,DW,01,A,01,343,MARTINEZ TUN MARTHA JULIA     ,1D,ACTIVO,0W0E97 ,1,F121,02GG,59742,146,0,0,0,23,E23,18,,,,1,9P12J,2025-12-26 14:46:00,2025-12-23 09:45:31,3402,M,GAKKM,0W0E97 ,10146,Nor,  ,,FR,S,GSC
2025-12-01 00:00:00,770050201961,12,DW,01,A,01,121,PACHECO UICAB EDUARDO         ,1D,ACTIVO,0D493R ,1,F121,05JL,47195,247,0,0,0,0,,18,,,,1,9P12J,2025-12-10 11:57:00,2025-12-08 11:23:04,1201,M,R9631,0D493R ,98335,Nor,  ,,FR,S,GSC
2025-12-01 00:00:00,770050503470,12,DW,01,A,01,121,PEREIRA PACHECO JORGE IVAN D J,02,ACTIVO,0C309A ,2,F621,04F3,13826,12,0,0,0,0,,18,,,,1,9P12J,2025-12-10 11:58:00,2025-12-08 19:38:15,1201,M,R9631,0C309A ,99912,Nor,  ,,FR,S,GSC
2025-12-01 00:00:00,770070401339,14,DW,01,A,01,144,OCHOA VALDEZ MYRNA            ,1D,ACTIVO,6BCR84 ,2,F623,25P2,1569,1569,0,0,0,0,,18,,,,1,9P12J,2025-12-09 14:29:00,2025-12-09 10:23:00,1403,M,GA82N,J139FW ,-59120,Opt,  ,,,,GSC
2025-12-01 00:00:00,770120601211,06,DW,01,E,02,063,GARNICA ECHEVERRIA BRICELDA M ,1D,ACTIVO,8G445X ,1,F121,05JL,39317,243,0,0,0,0,,18,,,,1,9P12J,2025-12-05 14:55:00,2025-12-03 10:49:23,0603,L,9MCBH,8G445X ,10243,Nor,  ,,FR,S,GSC
2025-12-01 00:00:00,770150100933,22,DW,01,A,01,221,CAPETILLO YDE LA CRUZ MERCEDES,1D,ACTIVO,19PA18 ,2,F621,07F3,42987,439,0,0,0,0,,18,,,,1,9P12J,2025-12-17 14:07:00,2025-12-15 13:25:43,2202,M,GAADN,19PA18 ,1439,Nor,  ,,FR,S,GSC
2025-12-01 00:00:00,770240200481,14,DW,01,A,01,143,HABRAHAM ACHACH LEVY          ,02,ACTIVO,RDV651 ,2,F623,24NY,0,0,0,0,0,0,,18,,,,1,9P12J,2025-12-11 14:22:00,2025-12-09 11:58:20,1402,M,GA0MN,RDV651 ,16932,Nor,44,NUM MEDID DESIGU,44,S,GSC
2025-12-01 00:00:00,770761200011,22,DW,01,A,01,221,PEREZ MARIN ADRIANA EUTIMIA   ,1D,ACTIVO,L9186M ,1,W111,76C0,510,60,0,0,0,23,E23,18,,,,1,9P12J,2025-12-17 12:21:00,2025-12-15 11:06:39,2202,M,GAADN,L9186M ,9969,Nor,  ,,LN,S,GSC
2025-12-01 00:00:00,770780900083,22,DW,01,A,01,221,AMARO RODRIGUEZ LEONEL ARMANDO,1C,ACTIVO,JCM591 ,2,F623,23NU,16751,1058,0,0,0,23,E23,18,,,,1,9P12J,2025-12-17 12:24:00,2025-12-16 10:03:15,2251,R,9NCY6,JCM591 ,0,Nor,64,P. INFRARROJO/MED. D,64,S,GSC
2025-12-01 00:00:00,770790200021,12,DW,01,A,01,121,FANNY DEL C ARCEO ALVAREZ     ,1D,ACTIVO,9Y518M ,1,F121,06JL,29640,0,0,0,0,0,,18,,,,1,9P12J,2025-12-10 11:56:00,2025-12-08 12:32:26,1201,M,R9631,9Y518M ,91000,Nor,  ,,FR,S,GSC
2025-12-01 00:00:00,770880400291,22,DW,01,A,01,221,COCOM BERNEY JORGE IVAN       ,1D,ACTIVO,7X6C41 ,2,F621,02F3,9498,0,0,0,0,0,,18,,,,1,9P12J,2025-12-17 14:10:00,2025-12-15 09:53:58,2202,M,GAADN,7X6C41 ,10100,Nor,  ,,FR,S,GSC
2025-12-01 00:00:00,770920700594,30,DW,01,A,01,304,NANCY ORTEGA MOGUEL           ,1D,ACTIVO,D26R14 ,2,F621,91F3,11888,451,0,0,0,0,,18,,,,1,9P12J,2025-12-23 12:54:00,2025-12-19 11:38:42,3001,M,9P14V,D26R14 ,7451,Nor,  ,,FR,S,GSC
2025-12-01 00:00:00,770940900794,22,DW,01,A,01,221,CENT DE EST LOURDES           ,02,ACTIVO,T179C2 ,3,FD21,97F4,70581,284,0,0,0,23,E23,18,,,,1,9P12J,2025-12-17 12:22:00,2025-12-15 12:09:26,2202,M,GAADN,T179C2 ,90284,Nor,  ,,FR,S,GSC
2025-12-01 00:00:00,770960600886,26,DW,01,A,01,264,CANCHE CANUL FREDDY JAVIER    ,02,ACTIVO,23C9K5 ,2,F621,08KG,68623,964,0,0,0,23,E23,18,,,,1,9P12J,2025-12-19 14:50:00,2025-12-17 09:50:31,2602,M,GA0MN,23C9K5 ,1930,Nor,  ,,FR,S,GSC
2025-12-01 00:00:00,770980101291,22,DW,01,A,01,221,LUIS ROBERTO CANO SABIDO      ,1D,ACTIVO,7V97M1 ,2,F421,04GH,15195,777,0,0,0,23,E23,18,,,,1,9P12J,2025-12-17 12:23:00,2025-12-15 10:33:32,2202,M,GAADN,7V97M1 ,99777,Nor,  ,,FR,S,GSC
2025-12-01 00:00:00,771040100021,14,DW,01,B,02,146,GAMBOA AVILA NOEMI            ,1D,ACTIVO,2F03X7 ,2,F621,03F3,12768,26,0,0,0,0,,18,,,,1,9P12J,2025-12-11 14:53:00,2025-12-09 16:49:10,1404,M,9P11W,2F03X7 ,7791,Nor,  ,,FR,S,GSC
2025-12-01 00:00:00,771040100039,14,DW,01,B,02,146,GAMBOA AVILA NOEMI            ,1D,ACTIVO,2F03X9 ,2,F621,03F3,20537,5,0,0,0,0,,18,,,,1,9P12J,2025-12-11 14:54:00,2025-12-09 16:49:30,1404,M,9P11W,2F03X9 ,92235,Nor,  ,,FR,S,GSC
2025-12-01 00:00:00,771050504928,26,DW,01,B,02,262,GUDINO CERVANTES IVAN DARIO   ,1D,ACTIVO,9C799G ,2,F421,05GH,79125,279,0,0,0,23,E23,18,,,,1,9P12J,2025-12-17 10:08:00,2025-12-17 10:56:23,2602,M,GA00N,9C799G ,99279,Nor,  ,,FR,S,GSC
2025-12-01 00:00:00,771060900562,24,DW,01,B,02,246,BARRERA TREJO ANIUSKA ALJENDRI,1D,ACTIVO,26B7R4 ,2,F621,08KG,54052,1755,0,0,0,0,,18,,,,1,9P12J,2025-12-17 13:58:00,2025-12-16 10:04:32,2407,M,9ND41,26B7R4 ,11755,Nor,  ,,FR,S,GSC
2025-12-01 00:00:00,771120808423,16,DW,01,B,02,163,GONGORA AGUILAR JUAN JOSE     ,1D,ACTIVO,317JJY ,2,F622,15LM,21487,255,0,0,0,23,E23,18,,,,1,9P12J,2025-12-12 14:51:00,2025-12-10 13:29:43,1603,M,GA00N,317JJY ,10255,Nor,  ,,FR,S,GSC
2025-12-01 00:00:00,771130404240,06,DW,01,B,02,062,TORRE SARLAT ROSANILDA        ,1D,ACTIVO,FT902R ,2,F622,19LM,59657,1198,0,0,0,0,,18,,,,1,9P12J,2025-12-05 15:26:00,2025-12-03 09:46:24,0602,M,GAKJM,FT902R ,0,Nor,64,P. INFRARROJO/MED. D,64,S,GSC
2025-12-01 00:00:00,771150603303,16,DW,01,B,02,168,LOPEZ ROCHER VICENTE          ,1D,ACTIVO,0M9P91 ,2,F421,01GH,61887,407,0,0,0,23,E23,18,,,,1,9P12J,2025-12-12 14:52:00,2025-12-11 10:18:00,1651,R,9EMKC,0M9P91 ,81659,Nor,47,CUB OPAC CON LECT,FR,S,GSC
2025-12-01 00:00:00,771150603885,06,DW,01,D,01,061,PAZ TORRIJAS VERONICA         ,1D,ACTIVO,376G6V ,2,F622,13LM,6329,0,0,0,0,951,LECT NEGATIVA,18,,,,1,9P12J,2025-12-04 15:01:00,2025-12-03 13:35:09,0602,L,GAKVM,376G6V ,99700,Nor,  ,,LM,S,GSC
2025-12-01 00:00:00,771170701018,30,DW,01,B,02,309,MENA MARTHA EUGENIA           ,1D,ACTIVO,623RRA ,1,F122,16LN,6752,239,0,0,0,0,,18,,,,1,9P12J,2025-12-19 14:37:00,2025-12-19 08:41:23,3006,M,GAAJN,623RRA ,93718,Opt,44,NUM MEDID DESIGU,44,S,GSC
2025-12-01 00:00:00,771190201593,32,DW,01,B,02,321,CASANOVA VAZQUEZ LUIS         ,02,ACTIVO,W450LC ,2,F622,19LM,32337,69,0,0,0,0,,18,,,,1,9P12J,2025-12-23 18:12:00,2025-12-22 12:44:40,3207,M,GA0MN,W450LC ,0,Nor,64,P. INFRARROJO/MED. D,64,S,GSC
2025-12-01 00:00:00,771211103325,04,DW,01,B,02,048,RODRIGUEZ RODRIGO ALEJANDRO   ,02,ACTIVO,HD353W ,1,F123,20NT,2455,501,0,0,0,0,,18,,,,1,9P12J,2025-12-04 14:12:00,2025-12-02 12:09:02,0404,M,9ND41,HD353W ,99450,Opt,  ,,,,GSC
2025-12-01 00:00:00,771240802593,04,DW,01,B,02,045,CORRAL JIMENEZ MAURO SANTIAGO ,1D,ACTIVO,REM009 ,2,F623,24NY,96,27,0,0,0,0,,18,,,,1,9P12J,2025-12-04 14:57:00,2025-12-02 10:43:06,0403,M,9JRDF,REM009 ,0,Nor,56,NO HAY MEDIDOR,56,S,GSC
2025-12-01 00:00:00,771750200202,06,DW,01,B,02,064,LILIA NOVELO DE G             ,1D,ACTIVO,N937DF ,2,F622,18LM,25814,453,0,0,0,0,,18,,,,1,9P12J,2025-12-05 15:12:00,2025-12-03 12:16:15,0601,M,GA83N,N937DF ,77222,Nor,  ,,FR,S,GSC
2025-12-01 00:00:00,771770600193,36,DW,01,B,01,364,JULIA HERRERA DE C            ,1D,ACTIVO,0348EF ,1,W101,6000,2792,171,0,0,0,0,,18,,,,1,9P12J,2025-12-30 14:31:00,2025-12-26 12:13:51,3602,M,GA6XN,0348EF ,1163,Nor,  ,,FR,S,GSC
2025-12-01 00:00:00,771780500227,04,DW,01,B,06,041,VARGAS CUEVAS MANUEL ADONAY   ,1D,ACTIVO,89N81M ,2,F62H,10KN,25709,544,0,0,0,0,,18,,,,1,9P12J,2025-12-04 14:57:00,2025-12-03 09:43:17,0451,R,9JRDF,89N81M ,28624,Opt,44,NUM MEDID DESIGU,44,S,GSC
2025-12-01 00:00:00,314230100068,24,DW,05,B,05,051,MAY MARTINEZ WILBERTH         ,1F,ACTIVO,JBT980 ,2,F623,23NU,240,167,0,0,0,23,E23,18,,,,1,9ND2K,2025-12-17 12:49:00,2025-12-16 09:39:26,2426,M,9ND9J,JBT980 ,99927,Nor,  ,,FR,S,GSC
2025-12-01 00:00:00,314171000704,24,DW,05,B,05,051,MAY GONZALEZ JHONY            ,1F,ACTIVO,69W70F ,2,F62H,11KN,32493,1352,0,0,0,23,E23,18,,,,1,9ND2K,2025-12-17 12:49:00,2025-12-16 09:35:59,2426,M,9ND9J,69W70F ,98036,Nor,  ,,FR,S,GSC
2025-12-01 00:00:00,315160901951,63,DW,04,B,23,631,H AYUNTAMIENTO DE CAMPECHE FRA,5A,ACTIVO,JCU124 ,2,F623,23NU,19380,926,0,0,0,23,E23,18,,,,1,9MCF6,2025-12-04 08:40:00,2025-12-04 11:58:13,6301,L,9BBCM,JCU124 ,87507,Nor,44,NUM MEDID DESIGU,44,S,GSC
2025-12-01 00:00:00,315200600941,10,DW,04,B,23,103,CANUL CHAVEZ KAREN NICOLE     ,1F,ACTIVO,225MDR ,2,F62J,15MT,17810,638,0,0,0,23,E23,18,,,,1,9MCF6,2025-12-05 09:02:00,2025-12-05 10:59:03,1027,M,GAGCM,225MDR ,28081,Nor,  ,,FR,S,GSC
2025-12-01 00:00:00,770010600693,79,DW,01,E,02,791,CFE ZTYUC SE MERIDA POTENCIA  ,67,ACTIVO,850KD3 ,3,VL28,12KM,8340,13440,0,0,0,23,E23,18,,,,1,9P12J,2025-12-30 10:20:00,2025-12-29 17:00:17,7901,L,9JR11,850KD3 ,52,Nor,  ,,,,GSC
2025-12-01 00:00:00,770051001028,34,DW,01,A,01,343,UICAB POOL GLADYS DEL S       ,1D,ACTIVO,0L502Y ,1,F121,05JF,23824,94,0,0,0,0,,18,,,,1,9P12J,2025-12-29 14:46:00,2025-12-23 11:05:00,3402,M,GAKKM,0L502Y ,39808,Nor,  ,,FR,S,GSC
2025-12-01 00:00:00,770080501234,22,DW,01,A,01,221,ALPUCHE MARTIN ALVARO ROLANDO ,1D,ACTIVO,8B932Y ,1,F621,04F3,58524,375,0,0,0,0,,18,,,,1,9P12J,2025-12-17 14:10:00,2025-12-15 13:30:18,2202,M,GAADN,8B932Y ,43692,Nor,  ,,FR,S,GSC
2025-12-01 00:00:00,770081201544,12,DW,01,A,01,121,ACHACH MEDINA CORALIA         ,1D,ACTIVO,41C9L9 ,2,F621,08KG,38968,171,0,0,0,0,,18,,,,1,9P12J,2025-12-10 11:55:00,2025-12-08 12:25:10,1201,M,R9631,41C9L9 ,92171,Nor,  ,,FR,S,GSC
2025-12-01 00:00:00,770230500177,64,DW,01,A,01,642,LOPEZ ALCALA GABRIELA         ,67,ACTIVO,PY590G ,3,KL28,21KE,14618,360,0,0,0,0,,18,,,,1,9P12J,2025-12-09 14:32:00,2025-12-05 16:02:47,6402,L,GA0MN,PY590G ,360,Nor,  ,,,,GSC
2025-12-01 00:00:00,770250200447,66,DW,01,A,01,666,FISC ESPEC COMB CORRUP EDO YUC,67,ACTIVO,GFR705 ,3,VL28,22NJ,13,1040,0,0,0,0,,18,,,,1,9P12J,2025-12-09 14:47:00,2025-12-10 09:12:40,6651,R,G92B5,CKW831 ,0,Nor,44,NUM MEDID DESIGU,44,S,GSC
2025-12-01 00:00:00,770900700580,22,DW,01,A,01,221,ROSALINDA ALCOCER             ,1D,ACTIVO,H6C863 ,1,F121,88F5,59024,146,0,0,0,23,E23,18,,,,1,9P12J,2025-12-17 12:21:00,2025-12-15 10:13:27,2202,M,GAADN,H6C863 ,99146,Nor,  ,,FR,S,GSC
2025-12-01 00:00:00,770920300049,12,DW,01,A,01,121,AMADO TZAB TREJO              ,1D,ACTIVO,N1768R ,1,W111,77C0,4782,116,0,0,0,0,,18,,,,1,9P12J,2025-12-10 11:58:00,2025-12-08 19:47:06,1201,M,R9631,N1768R ,1116,Nor,  ,,FR,S,GSC
2025-12-01 00:00:00,770971000155,22,DW,01,A,01,221,ANGEL F MALDONADO BURGOS      ,1D,ACTIVO,024594 ,1,W101,6000,7100,198,0,0,0,23,E23,18,,,,1,9P12J,2025-12-17 12:22:00,2025-12-15 08:36:41,2202,M,GAADN,024594 ,9197,Nor,  ,,LN,S,GSC
2025-12-01 00:00:00,770971200731,14,DW,01,A,01,144,VICTOR MANUEL CHABLE          ,1D,ACTIVO,4X8E44 ,2,F621,02F3,3208,393,0,0,0,0,,18,,,,1,9P12J,2025-12-11 14:22:00,2025-12-10 10:28:39,1451,R,GA0MN,4X8E44 ,16140,Nor,44,NUM MEDID DESIGU,44,S,GSC
2025-12-01 00:00:00,770990900787,18,DW,01,A,01,183,LEAL DE PEREZ ARACELLY DEL R  ,1D,ACTIVO,45MF23 ,2,F421,07GH,77157,796,0,0,0,0,,18,,,,1,9P12J,2025-12-15 14:00:00,2025-12-11 09:20:29,1802,M,GA0MN,45MF23 ,28522,Nor,44,NUM MEDID DESIGU,44,S,GSC
2025-12-01 00:00:00,771030404391,36,DW,01,B,01,364,CASTILLO SALAZAR ANGELICA     ,1D,ACTIVO,9D77C4 ,1,F121,03GG,45761,399,0,0,0,0,,18,,,,1,9P12J,2025-12-30 14:10:00,2025-12-26 12:18:27,3602,M,GA6XN,9D77C4 ,1399,Nor,  ,,FR,S,GSC
2025-12-01 00:00:00,771091103334,38,DW,01,B,02,387,BIJOU MEXICO SA DE CV         ,02,ACTIVO,39E4V3 ,2,F62F,08K6,85406,2391,0,0,0,0,,18,,,,1,9P12J,2025-12-30 14:33:00,2025-12-26 11:21:42,3804,M,9P11W,39E4V3 ,81619,Nor,  ,,FR,S,GSC
2025-12-01 00:00:00,771100507044,22,DW,01,B,02,221,FRANCO SOLIS REYNA GUADALUPE  ,1D,ACTIVO,UV022K ,2,F623,21NY,15282,719,0,0,0,0,,18,,,,1,9P12J,2025-12-17 14:56:00,2025-12-15 09:01:50,2206,M,9EMKC,UV022K ,0,Nor,59,DISPLAY APAGADO,59,S,GSC
2025-12-01 00:00:00,771101105136,04,DW,01,B,02,047,CANTO BARRERO PEDRO ANTONIO   ,1D,ACTIVO,UC105L ,2,F623,21NY,15734,949,0,0,0,0,,18,,,,1,9P12J,2025-12-02 14:12:00,2025-12-02 11:47:05,0405,M,GA83N,UC105L ,0,Nor,64,P. INFRARROJO/MED. D,64,S,GSC
2025-12-01 00:00:00,771111203586,20,DW,01,B,02,206,LOPEZ GARCIA ELBA REYNA       ,1D,ACTIVO,189JJW ,2,F622,15LM,39257,1371,0,0,0,23,E23,18,,,,1,9P12J,2025-12-16 12:11:00,2025-12-12 15:42:37,2001,M,GA00N,189JJW ,0,Nor,56,NO HAY MEDIDOR,56,S,GSC
2025-12-01 00:00:00,771120308404,24,DW,01,B,02,242,TUN UH MARIANA                ,1D,ACTIVO,44HL76 ,1,F121,07JL,35095,170,0,0,0,0,,18,,,,1,9P12J,2025-12-17 13:58:00,2025-12-16 12:18:44,2405,M,GA00N,44HL76 ,97171,Nor,  ,,FR,S,GSC
2025-12-01 00:00:00,771120506028,14,DW,01,B,02,141,BARRAGAN RIOS MOISES          ,1D,ACTIVO,0CBM65 ,2,F623,25P3,1,1,0,0,0,0,,18,,,,1,9P12J,2025-12-09 14:52:00,2025-12-09 11:44:24,1401,M,9ND4Y,712MBT ,844,Opt,  ,,,,GSC
2025-12-01 00:00:00,771120804754,36,DW,01,B,01,363,DISTRI DE MEDIC CIFLO SA D  CV,02,ACTIVO,456VD0 ,2,F622,12LJ,74868,140,0,0,0,0,,18,,,,1,9P12J,2025-12-30 14:09:00,2025-12-26 17:34:19,3601,M,GA83N,456VD0 ,99740,Nor,  ,,FR,S,GSC
2025-12-01 00:00:00,771130900964,28,DW,01,C,01,285,MENDEZ VALENCIA SILVIA IRENE  ,1D,ACTIVO,3BCD01 ,2,F623,25P2,1750,1132,0,0,0,23,E23,18,,,,1,9P12J,2025-12-18 14:59:00,2025-12-18 17:14:43,2803,M,GA0MN,3BCD01 ,0,Nor,56,NO HAY MEDIDOR,56,S,GSC
2025-12-01 00:00:00,771160503005,26,DW,01,B,02,262,DUPINET GAMBOA ADRIANA        ,1D,ACTIVO,329JJY ,2,F622,15LM,35571,1048,0,0,0,0,,18,,,,1,9P12J,2025-12-17 12:38:00,2025-12-17 11:55:21,2602,M,GA00N,329JJY ,0,Nor,59,DISPLAY APAGADO,59,S,GSC
2025-12-01 00:00:00,771170701042,06,DW,01,B,02,061,MENDEZ CADENA GERARDO         ,1D,ACTIVO,G948MJ ,2,F622,17LM,43912,567,0,0,0,0,,18,,,,1,9P12J,2025-12-05 15:14:00,2025-12-03 12:53:46,0604,M,9ND4Y,G948MJ ,61142,Nor,  ,,FR,S,GSC
2025-12-01 00:00:00,771211003151,16,DW,01,B,02,165,CONDE MEDINA MANUEL JESUS     ,1D,ACTIVO,MA202X ,2,F623,20NU,15842,1206,0,0,0,23,E23,18,,,,1,9P12J,2025-12-12 14:52:00,2025-12-10 11:39:14,1605,M,9ND4Y,MA202X ,0,Nor,60,MEDID NO TRABAJA,60,S,GSC
2025-12-01 00:00:00,771250700861,16,DW,01,B,02,167,BASULTO CORREA LUIS ALBERTO   ,1D,ACTIVO,1AAR73 ,2,F623,25NY,1490,888,0,0,0,23,E23,18,,,,1,9P12J,2025-12-12 14:54:00,2025-12-10 11:23:24,1606,M,9MCDA,1AAR73 ,33061,Nor,  ,,FR,S,GSC
2025-12-01 00:00:00,771750208335,10,DW,01,B,02,105,DAVID HEREDIA M               ,1D,ACTIVO,13C3A1 ,2,F621,08KG,9232,886,0,0,0,0,,18,,,,1,9P12J,2025-12-09 14:29:00,2025-12-05 11:17:45,1003,L,GA83N,13C3A1 ,10886,Nor,  ,,FR,S,GSC
2025-12-01 00:00:00,771790100014,36,DW,01,B,01,365,CASTILLO BARRERA JOAQUIN      ,1D,ACTIVO,GEC115 ,3,KL28,22NJ,94,94,0,0,0,0,,18,,,,1,9P12J,2025-12-26 14:32:00,2025-12-26 10:45:18,3603,M,GAADN,406DW8 ,1644,Opt,  ,,,,GSC
2025-12-01 00:00:00,771860100696,38,DW,01,B,01,382,ADDA MA DEL SOCORRO AKE ZALD  ,1C,ACTIVO,3X03T6 ,3,FD21,04F4,20284,872,0,0,0,0,,18,,,,1,9P12J,2025-12-30 14:33:00,2025-12-27 10:00:25,3852,R,GAADN,3X03T6 ,0,Nor,51,NO ENCONTRE DOMI,,,GSC
2025-12-01 00:00:00,771880900044,06,DW,01,B,02,064,DR CARLOS R OJEDA BLANCO      ,1D,ACTIVO,69PL89 ,2,F621,07F3,36154,256,0,0,0,0,,18,,,,1,9P12J,2025-12-05 15:13:00,2025-12-03 16:30:53,0601,M,9ND41,69PL89 ,10249,Nor,  ,,FR,S,GSC
2025-12-01 00:00:00,771881100777,18,DW,01,B,02,183,DAVID ALPIZAR CARRILLO        ,1D,ACTIVO,6BCB33 ,2,F623,25P2,2420,2419,0,0,0,0,,18,,,,1,9P12J,2025-12-11 00:00:00,2025-12-11 11:37:16,1803,M,9ND41,6BCB33 ,2394,Opt,  ,,,,GSC
2025-12-01 00:00:00,771921200737,14,DW,01,B,02,146,ANGELICA Y SILVA VIDAL        ,1D,ACTIVO,4B7A92 ,2,F621,00F3,20454,698,0,0,0,0,,18,,,,1,9P12J,2025-12-11 14:53:00,2025-12-09 16:32:04,1404,M,9P11W,4B7A92 ,82098,Nor,  ,,FR,S,GSC
2025-12-01 00:00:00,771960101975,36,DW,01,B,01,364,CHAN COLLI JOSE BARTOLOME     ,02,CORTADO,E828M5 ,1,F121,95F5,47099,0,0,0,0,0,,18,,,,1,9P12J,2025-12-30 14:10:00,2025-12-26 12:55:03,3602,M,GA6XN,E828M5 ,99900,Nor,  ,,FR,S,GSC
2025-12-01 00:00:00,771980700484,06,DW,01,B,02,061,MIGUEL CERVANTES CERVANTES    ,1D,ACTIVO,GEC180 ,3,KL28,22NJ,1,1,0,0,0,0,,18,,,,1,9P12J,2025-12-03 15:14:00,2025-12-03 11:04:15,0604,M,9ND4Y,394DW6 ,1113,Opt,  ,,,,GSC
2025-12-01 00:00:00,318241200043,10,DW,04,H,50,001,HERNANDEZ RAMIREZ ISMAEL      ,1F,ACTIVO,WPA549 ,2,F623,24P2,2540,2167,0,0,0,23,E23,18,,,,1,9MCF6,2025-12-04 12:26:00,2025-12-04 18:09:12,0826,L,R9605,WPA549 ,70,Nor,  ,,LM,S,GSC
2025-12-01 00:00:00,770020601345,08,DW,01,B,02,081,BOPA INMOBILIARIA SA CV       ,02,ACTIVO,2X3A92 ,2,F621,02F3,10007,0,0,0,0,0,,18,,,,1,9P12J,2025-12-08 13:03:00,2025-12-04 08:30:48,0801,M,GAKJM,2X3A92 ,9990,Nor,  ,,FR,S,GSC
2025-12-01 00:00:00,770030901398,22,DW,01,A,01,221,LOPEZ CRUZ FRANCISCO GUADALUPE,1D,ACTIVO,9M042P ,2,F621,05F3,59471,1281,0,0,0,23,E23,18,,,,1,9P12J,2025-12-17 12:20:00,2025-12-15 08:26:37,2202,M,GAADN,9M042P ,91281,Nor,  ,,FR,S,GSC
2025-12-01 00:00:00,770031201802,32,DW,01,D,04,324,NOVELO RAMIREZ WENDY BEATRIZ  ,1C,ACTIVO,5L03W4 ,1,F121,04GG,44273,330,0,0,0,0,,18,,,,1,9P12J,2025-12-29 17:20:00,2025-12-22 09:14:29,3228,L,GAC1M,5L03W4 ,8031,Nor,  ,,FR,S,GSC
2025-12-01 00:00:00,770050400531,34,DW,01,B,01,342,MIER Y TERAN CALERO FELIX A   ,1D,ACTIVO,7E911G ,1,F121,05JL,14540,91,0,0,0,951,LECT NEGATIVA,18,,,,1,9P12J,2025-12-29 10:33:00,2025-12-23 09:59:23,3401,M,GA0MN,7E911G ,99954,Nor,  ,,FR,S,GSC
2025-12-01 00:00:00,770060400601,22,DW,01,A,01,221,EDITH SERRANO UICAB           ,1D,ACTIVO,2X0A60 ,2,F621,02F3,1000,0,0,0,0,0,,18,,,,1,9P12J,2025-12-17 14:11:00,2025-12-15 09:36:55,2202,M,GAADN,2X0A60 ,999,Nor,  ,,FR,S,GSC
2025-12-01 00:00:00,770120100769,12,DW,01,A,01,121,CHANG TAI YANG                ,02,ACTIVO,01WF36 ,1,F121,08JL,2015,33,0,0,0,0,,18,,,,1,9P12J,2025-12-10 11:56:00,2025-12-08 18:50:26,1201,M,R9631,01WF36 ,99033,Nor,  ,,FR,S,GSC
2025-12-01 00:00:00,770120600354,62,DW,01,M,18,622,MUNICIPIO DE MOCOCHA          ,02,ACTIVO,634JEF ,2,F622,15LM,29256,252,0,0,0,0,,18,,,,1,9P12J,2025-12-04 12:48:00,2025-12-03 13:17:28,6202,L,9P14E,634JEF ,0,Nor,53,UI SERV DIRECTO,53,S,GSC
2025-12-01 00:00:00,770120700201,40,DW,01,G,03,403,DIAZ GOMEZ JUAN CARLOS        ,1B,ACTIVO,3M0V36 ,1,F421,01GH,89214,146,0,0,0,0,,18,,,,1,9P12J,2025-12-30 16:16:00,2025-12-29 09:58:13,4026,L,9BBMC,3M0V36 ,99146,Nor,  ,,FR,S,GSC
2025-12-01 00:00:00,770131001886,22,DW,01,A,01,221,LEON CHABLE TRINIDAD          ,1D,ACTIVO,3V694G ,1,F121,06JL,34139,221,0,0,0,23,E23,18,,,,1,9P12J,2025-12-17 12:20:00,2025-12-15 09:02:11,2202,M,GAADN,3V694G ,99221,Nor,  ,,FR,S,GSC
2025-12-01 00:00:00,770781201936,06,DW,01,A,01,062,CARVAJAL CABANAS SARAHI DE LA ,1D,ACTIVO,UC481K ,2,F623,21NY,15629,1099,0,0,0,0,,18,,,,1,9P12J,2025-12-05 14:20:00,2025-12-03 12:10:13,0601,M,G92B3,UC481K ,0,Nor,59,DISPLAY APAGADO,59,S,GSC
2025-12-01 00:00:00,770920600671,10,DW,01,A,01,102,MARIA REYES BONILLA TUN       ,02,ACTIVO,F75R21 ,1,F121,92F5,18513,70,0,0,0,0,,18,,,,1,9P12J,2025-12-09 14:31:00,2025-12-05 16:01:16,1001,M,GAKKM,F75R21 ,99970,Nor,  ,,FR,S,GSC
2025-12-01 00:00:00,770940800731,34,DW,01,A,01,343,RAUL  RUZ SANCHEZ             ,1D,ACTIVO,8H890L ,1,F121,05JL,36105,463,0,0,0,23,E23,18,,,,1,9P12J,2025-12-26 14:46:00,2025-12-23 10:47:05,3402,M,GAKKM,8H890L ,99463,Nor,  ,,FR,S,GSC
2025-12-01 00:00:00,770950900202,12,DW,01,A,01,121,LUIS ALCOCER ALONZO           ,02,ACTIVO,062260 ,3,W101,6000,1202,0,0,0,0,0,,18,,,,1,9P12J,2025-12-10 12:00:00,2025-12-08 16:52:26,1201,M,R9631,062262 ,1064,Nor,31,SERVICIO SIN USO,FR,S,GSC
2025-12-01 00:00:00,771010101821,20,DW,01,B,02,206,GUILLERMO PALOMINO CASTILLO   ,1D,ACTIVO,24PA01 ,2,F621,07F3,41846,356,0,0,0,23,E23,18,,,,1,9P12J,2025-12-16 12:11:00,2025-12-12 12:46:19,2001,M,GA00N,24PA01 ,1356,Nor,  ,,FR,S,GSC
2025-12-01 00:00:00,771050603136,08,DW,01,B,02,081,GARY VALLE RICARDO            ,1D,ACTIVO,9F424N ,1,F121,05JL,34906,0,0,0,0,0,,18,,,,1,9P12J,2025-12-08 12:52:00,2025-12-04 09:56:54,0801,M,GAKJM,9F424N ,99900,Nor,  ,,FR,S,GSC
2025-12-01 00:00:00,771060201583,24,DW,01,B,02,241,RUBIO GOMEZ PATRICIA          ,1D,ACTIVO,884VG8 ,2,F622,12LJ,80586,1070,0,0,0,0,,18,,,,1,9P12J,2025-12-18 12:50:00,2025-12-16 10:48:37,2404,M,GA83N,884VG8 ,21063,Nor,  ,,FR,S,GSC
2025-12-01 00:00:00,771070602926,06,DW,01,E,02,066,PECH MAY BENITO               ,1D,ACTIVO,592RM5 ,1,F122,12LH,20898,458,0,0,0,0,,18,,,,1,9P12J,2025-12-05 15:09:00,2025-12-03 12:14:02,0606,L,9JR11,592RM5 ,99644,Nor,  ,,FR,S,GSC
2025-12-01 00:00:00,771080404014,14,DW,01,B,02,146,COUOH MORALES CELSO GABRIEL   ,1D,ACTIVO,43B0U8 ,2,F621,08KG,31032,365,0,0,0,0,,18,,,,1,9P12J,2025-12-11 14:54:00,2025-12-09 09:29:02,1404,M,9EMHE,43B0U8 ,10356,Nor,  ,,FR,S,GSC
2025-12-01 00:00:00,771080706631,36,DW,01,B,01,365,GARCIA VILLAJUANA GABRIELA C  ,1D,ACTIVO,1766EF ,1,W111,6000,61283,417,0,0,0,0,,18,,,,1,9P12J,2025-12-30 14:11:00,2025-12-26 09:59:57,3603,M,GAADN,1766EF ,90397,Nor,  ,,FR,S,GSC
2025-12-01 00:00:00,771110308996,22,DW,01,A,01,221,OZCANA MELIKE                 ,1D,ACTIVO,12C5A6 ,2,F621,08KG,49067,101,0,0,0,23,E23,18,,,,1,9P12J,2025-12-17 12:23:00,2025-12-15 08:04:47,2202,M,GAADN,12C5A6 ,99101,Nor,  ,,FR,S,GSC
2025-12-01 00:00:00,771130506263,14,DW,01,B,02,146,RICARDO ADALBERTO MUNOZ       ,1D,ACTIVO,8F73T2 ,2,F621,03F3,99783,94,0,0,0,0,,18,,,,1,9P12J,2025-12-11 14:53:00,2025-12-09 13:01:47,1404,M,9EMHE,8F73T2 ,10088,Nor,  ,,FR,S,GSC
2025-12-01 00:00:00,771190200686,10,DW,01,B,02,103,REYES E DANTE RAFAEL          ,1D,ACTIVO,5F72D7 ,2,F421,03GH,10248,120,0,0,0,0,,18,,,,1,9P12J,2025-12-09 14:30:00,2025-12-05 11:21:37,1002,L,GAKJM,5F72D7 ,90110,Nor,  ,,FR,S,GSC
2025-12-01 00:00:00,771190903211,28,DW,01,B,02,285,VALDEZ HERNANDEZ KARLA JOANA  ,02,ACTIVO,Y507BX ,2,F623,19NU,1825,227,0,0,0,23,E23,18,,,,1,9P12J,2025-12-22 11:18:00,2025-12-18 10:53:06,2801,M,9EMHE,Y507BX ,99362,Nor,  ,,FR,S,GSC
2025-12-01 00:00:00,771210704228,34,DW,01,B,01,343,COMER PRODUCTIVA SA DE CV     ,02,CORTADO,2DVR19 ,2,F623,25NY,1372,125,0,0,0,23,E23,18,,,,1,9P12J,2025-12-29 11:11:00,2025-12-23 12:02:12,3402,M,GAAJN,2DVR19 ,99894,Opt,  ,,,,GSC
2025-12-01 00:00:00,771220902745,30,DW,01,B,02,305,CAUICH ALCOCER RAUL IVAN      ,02,ACTIVO,CVP260 ,2,F623,22NU,32318,1345,0,0,0,0,,18,,,,1,9P12J,2025-12-23 14:37:00,2025-12-19 10:22:26,3007,M,9EMHE,CVP260 ,80451,Nor,  ,,FR,S,GSC
2025-12-01 00:00:00,771250201342,04,DW,01,B,02,047,FERNANDEZ VAZQUEZ BRACHO DANIE,1D,ACTIVO,8AYG77 ,2,F623,25P2,1,1,0,0,0,0,,18,,,,1,9P12J,2025-12-02 14:11:00,2025-12-02 09:16:22,0405,M,GA83N,RBG686 ,1730,Opt,  ,,,,GSC
2025-12-01 00:00:00,771780700871,38,DW,01,B,01,386,ERNESTO MANZON M              ,1D,ACTIVO,8P1D10 ,3,FD21,01F4,39714,3,0,0,0,0,,18,,,,1,9P12J,2025-12-30 14:49:00,2025-12-26 11:25:24,3802,M,9ND41,8P1D10 ,1003,Nor,  ,,,,GSC
2025-12-01 00:00:00,771801100267,34,DW,01,B,01,342,CARLOS ESCALANTE R            ,1D,ACTIVO,M093M8 ,2,F121,96F5,53478,327,0,0,0,23,E23,18,,,,1,9P12J,2025-12-29 11:12:00,2025-12-23 12:21:19,3401,M,GA0MN,M093M8 ,10214,Nor,  ,,LN,S,GSC
2025-12-01 00:00:00,771811000651,04,DW,01,B,02,045,ALBERTO MADARIAGA GAMBOA      ,1D,ACTIVO,5208EF ,1,W101,6000,43741,1212,0,0,0,0,,18,,,,1,9P12J,2025-12-04 14:57:00,2025-12-02 11:56:16,0403,M,9JRDF,5208EF ,11181,Nor,  ,,FR,S,GSC
2025-12-01 00:00:00,771840400464,16,DW,01,B,02,168,JOSE M LOPEZ PEREZ            ,1D,ACTIVO,LA5805 ,2,F121,83EG,4387,225,0,0,0,23,E23,18,,,,1,9P12J,2025-12-10 14:58:00,2025-12-10 11:56:42,1607,M,9EMHE,LA5805 ,99228,Nor,  ,,FR,S,GSC
2025-12-01 00:00:00,771841200442,14,DW,01,B,02,146,GUALBERTO ZUMBARGO            ,1D,ACTIVO,MV9876 ,1,F121,84EG,7643,212,0,0,0,0,,18,,,,1,9P12J,2025-12-11 14:53:00,2025-12-09 10:33:18,1404,M,9EMHE,MV9876 ,1204,Nor,  ,,FR,S,GSC
2025-12-01 00:00:00,771861000393,16,DW,01,B,02,168,ARIEL BARREDO F               ,1D,ACTIVO,1UH372 ,2,F121,99GG,43627,1084,0,0,0,23,E23,18,,,,1,9P12J,2025-12-12 14:53:00,2025-12-10 12:53:36,1607,M,9EMHE,9K7F26 ,13168,Nor,  ,,FR,S,GSC
2025-12-01 00:00:00,771861100240,14,DW,01,B,02,142,VICTOR HERRERA TRUJEQUE       ,1D,ACTIVO,94C3N4 ,2,F621,08KG,80968,909,0,0,0,0,,18,,,,1,9P12J,2025-12-11 14:52:00,2025-12-09 10:28:40,1402,M,9MC6H,94C3N4 ,90909,Nor,  ,,FR,S,GSC
2025-12-01 00:00:00,771940602781,14,DW,01,B,02,146,FARAH TIRADO MARTHA ROSALI    ,1D,ACTIVO,63GL55 ,1,F121,07JL,20415,0,0,0,0,0,,18,,,,1,9P12J,2025-12-11 14:52:00,2025-12-09 11:26:25,1404,M,9EMHE,63GL55 ,99897,Nor,  ,,FR,S,GSC
2025-12-01 00:00:00,771950801324,32,DW,01,B,02,321,CHI GARCIA RICARDO            ,1D,ACTIVO,96X43J ,1,F12H,11KU,47036,655,0,0,0,23,E23,18,,,,1,9P12J,2025-12-23 18:11:00,2025-12-22 09:29:46,3207,M,GA0MN,96X43J ,53619,Opt,  ,,,,GSC
2025-12-01 00:00:00,770011002447,63,DW,01,A,01,633,MUNICIPIO DE MERIDA YUCATAN   ,5A,ACTIVO,948X8R ,2,F622,14LM,32530,55,0,0,0,0,,18,,,,1,9P12J,2025-12-08 14:41:00,2025-12-04 09:30:56,6301,L,9P124,948X8R ,0,Nor,56,NO HAY MEDIDOR,56,S,GSC
2025-12-01 00:00:00,770050801578,22,DW,01,B,02,222,MANUEL JESUS FLOTA GARCIA     ,1D,ACTIVO,2WH844 ,1,F121,00GG,81068,405,0,0,0,23,E23,18,,,,1,9P12J,2025-12-17 12:46:00,2025-12-15 10:11:24,2207,M,GA00N,2WH844 ,56109,Nor,  ,,FR,S,GSC
2025-12-01 00:00:00,770080500904,34,DW,01,A,01,343,VIDAL MANZANILLA ZAIDA        ,1D,ACTIVO,96B8W1 ,2,F621,08KG,31171,294,0,0,0,23,E23,18,,,,1,9P12J,2025-12-26 14:46:00,2025-12-23 11:34:49,3402,M,GAKKM,96B8W1 ,99294,Nor,  ,,FR,S,GSC
2025-12-01 00:00:00,770110400322,22,DW,01,A,01,221,CALDERON FONZ RENE            ,02,ACTIVO,96HA83 ,1,F121,07JL,9037,45,0,0,0,23,E23,18,,,,1,9P12J,2025-12-17 12:20:00,2025-12-15 09:21:05,2202,M,GAADN,96HA83 ,99045,Nor,  ,,FR,S,GSC
2025-12-01 00:00:00,770150401682,12,DW,01,A,01,121,DORANTES AGUILAR REYNA MARISOL,1D,ACTIVO,WP1932 ,1,F121,86EG,4036,53,0,0,0,0,,18,,,,1,9P12J,2025-12-10 11:56:00,2025-12-08 10:23:39,1201,M,R9631,WP1932 ,9053,Nor,  ,,LN,S,GSC
2025-12-01 00:00:00,770750303374,26,DW,01,A,01,264,ERMILO PALMA E                ,1D,ACTIVO,6X59M6 ,2,F621,04F3,44885,602,0,0,0,23,E23,18,,,,1,9P12J,2025-12-19 14:50:00,2025-12-17 12:48:02,2602,M,GA0MN,6X59M6 ,10588,Nor,  ,,FR,S,GSC
2025-12-01 00:00:00,770750402721,22,DW,01,A,01,221,JORGE CAMARA M                ,1D,ACTIVO,V99H80 ,1,F121,94F5,88245,593,0,0,0,23,E23,18,,,,1,9P12J,2025-12-17 12:20:00,2025-12-15 13:24:48,2202,M,GAADN,V99H80 ,95593,Nor,  ,,FR,S,GSC
2025-12-01 00:00:00,770781201995,10,DW,01,A,01,102,NORMA GONZALEZ CASTILLO       ,02,ACTIVO,05NK00 ,2,F621,07F3,13282,689,0,0,0,0,,18,,,,1,9P12J,2025-12-09 14:31:00,2025-12-05 12:32:58,1001,M,GAKKM,05NK00 ,99689,Nor,  ,,FR,S,GSC
2025-12-01 00:00:00,770800500419,10,DW,01,A,01,102,GILBERTO C GONZALEZ HUERTA    ,02,ACTIVO,007608 ,3,W101,6000,31724,119,0,0,0,0,,18,,,,1,9P12J,2025-12-05 14:31:00,2025-12-05 17:28:47,1001,M,GAKKM,007610 ,1290,Nor,31,SERVICIO SIN USO,FR,S,GSC
2025-12-01 00:00:00,770840800423,79,DW,01,A,01,791,CFE SUBESTACION CENTRO        ,67,ACTIVO,216L8F ,3,VM7Y,17LF,34075,10726,0,0,0,0,,18,,,,1,9P12J,2025-12-30 14:50:00,2025-12-29 19:27:25,7901,L,9MCGD,216L8F ,134,Nor,  ,,FR,S,GSC
2025-12-01 00:00:00,770860200180,22,DW,01,A,01,221,BLANCA SAURI DE FERNANDEZ     ,1D,ACTIVO,9E45T7 ,2,F621,03F3,23036,842,0,0,0,23,E23,18,,,,1,9P12J,2025-12-17 12:21:00,2025-12-15 09:07:26,2202,M,GAADN,9E45T7 ,99842,Nor,  ,,FR,S,GSC
2025-12-01 00:00:00,770900100248,34,DW,01,A,01,343,AUGUSTO ARCEO CORTES          ,1D,ACTIVO,5N7V56 ,2,F621,01F3,56626,25,0,0,0,23,E23,18,,,,1,9P12J,2025-12-26 14:47:00,2025-12-23 12:38:50,3402,M,GAKKM,5N7V56 ,10025,Nor,  ,,FR,S,GSC
2025-12-01 00:00:00,770901200084,14,DW,01,A,01,143,MA DE LA LUZ PLATA F          ,02,ACTIVO,V2C444 ,1,F121,91F5,18584,1041,0,0,0,0,,18,,,,1,9P12J,2025-12-11 14:22:00,2025-12-09 13:29:35,1402,M,GA0MN,V2C444 ,11041,Nor,  ,,FR,S,GSC
2025-12-01 00:00:00,770910800299,34,DW,01,A,01,343,CELINA PERERA FLORES          ,1D,ACTIVO,Y1C923 ,2,F62A,91G6,33317,690,0,0,0,23,E23,18,,,,1,9P12J,2025-12-26 14:46:00,2025-12-23 09:29:25,3402,M,GAKKM,Y1C923 ,99690,Nor,  ,,FR,S,GSC
2025-12-01 00:00:00,770920400043,22,DW,01,A,01,221,ARELLANO FUENTES HABIBA       ,1D,ACTIVO,G8A694 ,1,F121,88F5,54172,0,0,0,0,23,E23,18,,,,1,9P12J,2025-12-17 12:22:00,2025-12-15 09:17:15,2202,M,GAADN,G8A694 ,99000,Nor,  ,,FR,S,GSC
2025-12-01 00:00:00,770921100752,12,DW,01,A,01,121,RICARDO MARTINEZ              ,1D,ACTIVO,H75N00 ,1,F121,92F5,16792,97,0,0,0,0,,18,,,,1,9P12J,2025-12-10 12:00:00,2025-12-08 11:15:31,1201,M,R9631,H75N00 ,1097,Nor,  ,,FR,S,GSC
2025-12-01 00:00:00,770960400313,22,DW,01,A,01,221,EVANGELINA ALONZO             ,1D,ACTIVO,9F671X ,1,F121,05JL,27083,126,0,0,0,23,E23,18,,,,1,9P12J,2025-12-17 12:22:00,2025-12-15 08:32:56,2202,M,GAADN,9F671X ,99126,Nor,  ,,FR,S,GSC
2025-12-01 00:00:00,770970200231,06,DW,01,A,01,062,MIGUEL LEON BARBOSA           ,1D,ACTIVO,C4132P ,1,W111,73C0,3380,801,0,0,0,0,,18,,,,1,9P12J,2025-12-05 12:03:00,2025-12-03 11:00:21,0601,M,G92B3,C4132P ,5129,Nor,  ,,FR,S,GSC
2025-12-01 00:00:00,771070602322,32,DW,01,C,01,326,MARTINEZ GONGORA FLORA TERESA ,1D,ACTIVO,P5221J ,1,W111,77C0,2184,187,0,0,0,23,E23,18,,,,1,9P12J,2025-12-24 09:53:00,2025-12-22 10:53:07,3207,M,GAKKM,P5221J ,3137,Nor,  ,,FR,S,GSC
2025-12-01 00:00:00,771080406807,10,DW,01,B,02,105,CHI MAY VICTOR MANUEL         ,1D,ACTIVO,X4G704 ,1,F121,90F5,63458,413,0,0,0,23,E23,18,,,,1,9P12J,2025-12-09 14:28:00,2025-12-05 13:52:29,1003,L,GA83N,X4G704 ,99837,Nor,  ,,FR,S,GSC
2025-12-01 00:00:00,771090404004,18,DW,01,B,02,181,MARTINEZ MOLINA PABLO         ,1D,ACTIVO,KJD329 ,2,F623,23NU,18000,2278,0,0,0,0,,18,,,,1,9P12J,2025-12-15 12:45:00,2025-12-11 09:15:37,1801,M,9JRDF,KJD329 ,0,Nor,53,UI SERV DIRECTO,53,S,GSC
2025-12-01 00:00:00,771120102202,22,DW,01,B,02,227,HERNANDEZ SANCHEZ RUBI JOSEFIN,02,ACTIVO,KKY394 ,2,F623,23NU,5094,461,0,0,0,23,E23,18,,,,1,9P12J,2025-12-17 12:46:00,2025-12-15 11:37:42,2203,M,9EMHE,KKY394 ,0,Nor,60,MEDID NO TRABAJA,60,S,GSC
2025-12-01 00:00:00,771130103363,10,DW,01,M,01,102,FERROTLAPALERIA DL NTE SA D CV,02,ACTIVO,08C8H3 ,2,F621,08KG,46161,526,0,0,0,23,E23,18,,,,1,9P12J,2025-12-09 12:28:00,2025-12-05 10:30:24,1001,M,9NCYK,08C8H3 ,98033,Nor,  ,,FR,S,GSC
2025-12-01 00:00:00,771130503710,06,DW,01,B,02,062,ROCHA GEDED ABRAHAM ANTONIO   ,02,ACTIVO,7X5C82 ,2,F621,02F3,20085,660,0,0,0,0,,18,,,,1,9P12J,2025-12-05 15:13:00,2025-12-03 09:23:20,0602,M,GAKJM,7X5C82 ,90661,Nor,  ,,FR,S,GSC
2025-12-01 00:00:00,771140605740,14,DW,01,B,02,142,SOLIS GUTIERREZ SERGIO SALVADO,1D,ACTIVO,38C7L3 ,2,F621,08KG,10048,541,0,0,0,0,,18,,,,1,9P12J,2025-12-11 14:52:00,2025-12-09 17:08:29,1402,M,9MC6H,38C7L3 ,99541,Nor,  ,,FR,S,GSC
2025-12-01 00:00:00,771181002723,16,DW,01,B,02,168,CHAVEZ MORENO CARLOS FERNANDO ,1D,ACTIVO,0D266A ,2,F621,05F3,109,109,0,0,0,23,E23,18,,,,1,9P12J,2025-12-10 14:50:00,2025-12-10 17:23:40,1607,M,9EMKC,8AUT18 ,0,Nor,56,NO HAY MEDIDOR,56,S,GSC
2025-12-01 00:00:00,771190500248,10,DW,01,B,02,103,CENTRO ESTETICO ODONT SA DE CV,02,ACTIVO,8AYG74 ,2,F623,25P2,1,1,0,0,0,0,,18,,,,1,9P12J,2025-12-05 14:28:00,2025-12-05 10:27:38,1002,L,GAKJM,W802LB ,1126,Opt,  ,,,,GSC
2025-12-01 00:00:00,771190800772,04,DW,01,B,02,046,VALENZUELA MOLINA HEBERTO     ,1D,ACTIVO,338JCV ,3,FD22,15LR,57288,1074,0,0,0,0,,18,,,,1,9P12J,2025-12-02 14:11:00,2025-12-02 08:41:07,0402,L,G92B0,338JCV ,0,Nor,53,UI SERV DIRECTO,53,S,GSC
2025-12-01 00:00:00,771230602839,67,DW,01,B,02,671,FRIAS DOMINGUEZ MARIA TERESA  ,67,ACTIVO,MV649L ,3,KL28,20KE,42195,1340,0,0,0,23,E23,18,,,,1,9P12J,2025-12-12 14:54:00,2025-12-11 10:41:49,6751,R,9EMKC,MV649L ,1340,Nor,  ,,LM,S,GSC
2025-12-01 00:00:00,771230700636,20,DW,01,B,02,208,GONZALEZ PAVIA HUMBERTO JOSE  ,02,ACTIVO,WNT941 ,2,F623,24P2,3243,206,0,0,0,0,,18,,,,1,9P12J,2025-12-12 13:56:00,2025-12-12 11:01:07,2003,M,9ND4Y,WNT941 ,0,Nor,53,UI SERV DIRECTO,53,S,GSC
2025-12-01 00:00:00,771250701272,70,DW,01,B,02,702,SIERRA TINTORE WILBERT SANTIAG,67,ACTIVO,GGF775 ,3,VL28,22NJ,66,5280,0,0,0,0,,18,,,,1,9P12J,2025-12-15 13:33:00,2025-12-15 10:50:58,7002,L,9MC6H,GFN895 ,0,Nor,56,NO HAY MEDIDOR,56,S,GSC
2025-12-01 00:00:00,771250802290,36,DW,01,M,13,362,HERMAN AGUILAR LIZDA VIRGINIA ,1D,ACTIVO,5BDA44 ,2,F623,25P2,1027,1027,0,0,0,0,,18,,,,1,9P12J,2025-12-26 14:52:00,2025-12-26 13:58:16,3605,L,GAAEN,5BDA44 ,6787,Nor,  ,,FR,S,GSC
2025-12-01 00:00:00,771251201559,73,DW,01,B,01,731,AREA 71 SA DE CV              ,67,ACTIVO,CHG024 ,3,KL28,22NJ,463,463,0,0,0,23,E23,18,,,,1,9P12J,2025-12-18 15:03:00,2025-12-18 15:05:37,7301,L,9EMKC,CHG024 ,0,Nor,56,NO HAY MEDIDOR,56,S,GSC
2025-12-01 00:00:00,771750102685,34,DW,01,B,01,346,CELIA BASURTO PUC             ,1D,ACTIVO,W669LB ,2,F622,19LM,7736,261,0,0,0,23,E23,18,,,,1,9P12J,2025-12-29 11:14:00,2025-12-23 09:16:23,3404,M,GAKJM,W669LB ,0,Nor,59,DISPLAY APAGADO,59,S,GSC
2025-12-01 00:00:00,771830600082,08,DW,01,B,02,081,LILIA MA MEDINA               ,1D,ACTIVO,D30L64 ,2,F621,91F3,37813,85,0,0,0,0,,18,,,,1,9P12J,2025-12-08 13:03:00,2025-12-04 09:05:31,0801,M,GAKJM,D30L64 ,31842,Nor,  ,,FR,S,GSC
2025-12-01 00:00:00,771881100726,06,DW,01,B,02,062,ING JUAN A CASTRO R           ,1D,ACTIVO,YL2599 ,2,F121,86EG,9053,88,0,0,0,0,,18,,,,1,9P12J,2025-12-05 15:13:00,2025-12-03 12:45:36,0602,M,GAKJM,YL7639 ,10280,Nor,  ,,FR,S,GSC
2025-12-01 00:00:00,771890800889,20,DW,01,B,02,207,CASARES PUERTO SAIDY ZULEMY DE,1D,SUJETO A CORTE,4C478W ,2,F621,05F3,86075,368,0,0,0,23,E23,18,,,,1,9P12J,2025-12-16 12:11:00,2025-12-12 11:57:14,2002,M,9EMHE,4C478W ,1354,Nor,  ,,FR,S,GSC
2025-12-01 00:00:00,771921000886,22,DW,01,B,02,222,MARIA DEL C AKE CANUL         ,1D,ACTIVO,G91P61 ,1,F121,92F5,85901,496,0,0,0,0,,18,,,,1,9P12J,2025-12-16 13:57:00,2025-12-15 09:25:17,2207,M,GA00N,G91P61 ,1496,Nor,  ,,FR,S,GSC
2025-12-01 00:00:00,771960701328,20,DW,01,B,02,208,MARCELINO MOO EUAN            ,1D,ACTIVO,E972Y4 ,1,F121,95F5,42276,161,0,0,0,23,E23,18,,,,1,9P12J,2025-12-16 12:11:00,2025-12-12 16:02:42,2003,M,GA00N,E972Y4 ,90161,Nor,  ,,FR,S,GSC
2025-12-01 00:00:00,771991107114,32,DW,01,B,02,322,EUAN FRANCO FRANCISCO         ,1D,ACTIVO,7LB465 ,1,F121,99GG,44786,211,0,0,0,0,,18,,,,1,9P12J,2025-12-23 17:11:00,2025-12-22 10:21:07,3208,M,GAKJM,7LB465 ,16934,Nor,  ,,FR,S,GSC
2025-12-01 00:00:00,772050200879,08,DW,01,C,01,088,BELTRAN MAGANA TEODORO        ,1D,ACTIVO,4D218K ,1,F121,05JL,29786,218,0,0,0,0,,18,,,,1,9P12J,2025-12-08 14:45:00,2025-12-04 12:00:54,0804,M,R9631,4D218K ,1218,Nor,  ,,FR,S,GSC
2025-12-01 00:00:00,772060301894,79,DW,01,A,01,791,CFE SUBESTACION METROPOLITANA ,67,ACTIVO,0P4G77 ,3,VM7Y,01J1,3561,5760,0,0,0,0,,18,,,,1,9P12J,2025-12-30 14:51:00,2025-12-29 19:37:44,7901,L,9MCGD,0P4G77 ,96583,Nor,  ,,LN,S,GSC
2025-12-01 00:00:00,772081200991,12,DW,01,C,01,121,PADILLA CANCHE MIGUEL ANGEL   ,1D,ACTIVO,YH098P ,2,F623,21NU,71123,1289,0,0,0,951,LECT NEGATIVA,18,,,,1,9P12J,2025-12-10 10:59:00,2025-12-08 15:32:25,1202,M,GAKKM,YH098P ,61119,Opt,  ,,,,GSC
2025-12-01 00:00:00,772101100513,08,DW,01,C,01,088,CURIEL HERNANDEZ ALFA         ,1D,ACTIVO,30PA92 ,2,F621,07F3,80633,712,0,0,0,0,,18,,,,1,9P12J,2025-12-08 14:47:00,2025-12-04 11:52:13,0804,M,R9631,30PA92 ,90712,Nor,  ,,FR,S,GSC
2025-12-01 00:00:00,772111202233,02,DW,01,E,02,024,ITZA ROSADO JORGE ARMANDO     ,1D,ACTIVO,3MV667 ,1,F421,99GH,46464,790,0,0,0,23,E23,18,,,,1,9P12J,2025-12-03 12:14:00,2025-12-01 08:34:19,0204,L,GAKJM,3MV667 ,60862,Nor,  ,,FR,S,GSC
2025-12-01 00:00:00,772180800363,69,DW,01,C,01,692,MUNICIPIO DE MERIDA YUCATAN   ,67,ACTIVO,G288YD ,3,VL28,17KE,4064,1200,0,0,0,23,E23,18,,,,1,9P12J,2025-12-16 12:19:00,2025-12-12 10:06:02,6901,L,9JR53,G288YD ,99860,Opt,  ,,,,GSC
2025-12-01 00:00:00,772221101238,36,DW,01,C,01,363,GOMEZ SANCHEZ SHUBERT LEONEL  ,1D,ACTIVO,DBX084 ,2,F623,22NU,1676,856,0,0,0,951,LECT NEGATIVA,18,,,,1,9P12J,2025-12-29 14:26:00,2025-12-26 10:31:23,3602,L,9JRG2,DBX084 ,99014,Opt,  ,,,,GSC
2025-12-01 00:00:00,772750403533,08,DW,01,C,01,084,ANASTACIO CHACON              ,1D,ACTIVO,G2672V ,1,W111,75C0,6700,32,0,0,0,0,,18,,,,1,9P12J,2025-12-08 14:42:00,2025-12-04 12:32:44,0802,M,G92B5,G2672V ,932,Nor,  ,,,,GSC
2025-12-01 00:00:00,772750416414,16,DW,01,C,01,161,MENA FLORES MARIA ADELAIDA    ,1D,ACTIVO,8AUT29 ,2,F623,25P2,662,662,0,0,0,0,,18,,,,1,9P12J,2025-12-10 14:47:00,2025-12-10 10:31:58,1601,M,9EMME,8AUT29 ,0,Nor,53,UI SERV DIRECTO,53,S,GSC
2025-12-01 00:00:00,772760200070,04,DW,01,C,01,042,ANGELA M SOLIS CANTON         ,1D,ACTIVO,C359V1 ,1,F121,95F5,74073,455,0,0,0,23,E23,18,,,,1,9P12J,2025-12-04 13:58:00,2025-12-02 11:00:40,0401,M,9JR53,C359V1 ,99455,Nor,  ,,FR,S,GSC
2025-12-01 00:00:00,772850100104,36,DW,01,C,01,361,HECTOR VERDEJO                ,1D,ACTIVO,0H117M ,1,F121,05JL,15270,198,0,0,0,23,E23,18,,,,1,9P12J,2025-12-30 13:27:00,2025-12-26 08:26:44,3601,L,GAKKM,0H117M ,99198,Nor,  ,,FR,S,GSC
2025-12-01 00:00:00,772951000941,12,DW,01,C,01,120,MELBA ESTHER GONGORA GIL      ,02,ACTIVO,F9U936 ,3,FD21,88F4,21310,273,0,0,0,0,,18,,,,1,9P12J,2025-12-10 14:13:00,2025-12-08 09:56:05,1201,M,9NCYL,F9U936 ,20916,Nor,  ,,FR,S,GSC
2025-12-01 00:00:00,773050803715,28,DW,01,D,03,281,CHIM MATU ROSARIO             ,1C,ACTIVO,85D3L8 ,2,F421,08KF,97702,886,0,0,0,23,E23,18,,,,1,9P12J,2025-12-22 12:17:00,2025-12-18 13:03:44,2826,M,GAXWM,85D3L8 ,10886,Nor,  ,,FR,S,GSC
2025-12-01 00:00:00,773051102613,32,DW,01,D,04,324,BARRANCOS CRUZ MANUEL         ,1C,ACTIVO,7L216D ,1,F121,05JL,14907,85,0,0,0,0,,18,,,,1,9P12J,2025-12-23 18:43:00,2025-12-22 18:27:34,3228,L,GAC1M,7L216D ,1085,Nor,  ,,FR,S,GSC
2025-12-01 00:00:00,773070500441,24,DW,01,D,04,242,POZOS GARRIDO JULIO CESAR     ,1C,ACTIVO,57FK26 ,1,F121,07JL,35790,360,0,0,0,0,,18,,,,1,9P12J,2025-12-18 14:58:00,2025-12-16 10:14:40,2427,L,9NCXD,57FK26 ,99360,Nor,  ,,FR,S,GSC
2025-12-01 00:00:00,773090204261,40,DW,01,D,04,405,DOMIGUEZ ARJONA JORGE ALBERTO ,1C,ACTIVO,90WE73 ,1,F121,08JL,13177,374,0,0,0,23,E23,18,,,,1,9P12J,2025-12-30 18:23:00,2025-12-29 10:39:28,4030,M,GAC1M,90WE73 ,4374,Nor,  ,,FR,S,GSC
2025-12-01 00:00:00,773100106689,79,DW,01,D,01,791,MUNICIPIO DE KANASIN YUCATAN  ,5A,ACTIVO,415FMR ,2,F622,15LM,34769,313,0,0,0,23,E23,18,,,,1,9P12J,2025-12-30 13:05:00,2025-12-29 13:57:07,7901,L,9BBVY,415FMR ,0,Nor,59,DISPLAY APAGADO,59,S,GSC
2025-12-01 00:00:00,773140105740,26,DW,01,D,04,261,CHE ABAN JOSE EZEQUIEL        ,1C,ACTIVO,XMN874 ,1,F123,24NX,765,344,0,0,0,0,,18,,,,1,9P12J,2025-12-19 11:50:00,2025-12-17 09:21:36,2627,L,GAXWM,XMN874 ,27357,Nor,44,NUM MEDID DESIGU,44,S,GSC
2025-12-01 00:00:00,773170202332,30,DW,01,D,04,307,PERAZA ACOSTA MARIA DEL PILAR ,02,ACTIVO,PAX127 ,1,F123,24NX,3,3,0,0,0,0,,18,,,,1,9P12J,2025-12-26 16:50:00,2025-12-22 12:04:35,3051,R,9MCDC,287VXA ,98725,Nor,44,NUM MEDID DESIGU,44,S,GSC
2025-12-01 00:00:00,773811200335,22,DW,01,D,01,227,PEREZ LAZO RIGEL ALBERTO      ,1D,ACTIVO,CX4894 ,1,F121,81EG,6753,328,0,0,0,0,,18,,,,1,9P12J,2025-12-17 13:21:00,2025-12-15 18:13:54,2203,L,9BBR3,CX4894 ,9328,Nor,  ,,LN,S,GSC
2025-12-01 00:00:00,773930401250,28,DW,01,D,03,281,YNOSENCIO GUTIERREZ MTZ       ,1C,ACTIVO,M97B75 ,1,F121,93F5,46800,96,0,0,0,23,E23,18,,,,1,9P12J,2025-12-22 12:18:00,2025-12-18 11:18:34,2826,M,GAXWM,M97B75 ,99893,Nor,  ,,FR,S,GSC
2025-12-01 00:00:00,773990403332,18,DW,01,D,01,180,ALBERTO A COLLI RODRIGUEZ     ,1D,ACTIVO,ML432E ,2,F623,20NU,44802,1583,0,0,0,951,LECT NEGATIVA,18,,,,1,9P12J,2025-12-12 14:42:00,2025-12-11 12:20:58,1801,L,9MCDC,ML432E ,45024,Opt,  ,,,,GSC
2025-12-01 00:00:00,773991105033,26,DW,01,D,01,263,BARRAGAN PINTO TOMAS G        ,1D,ACTIVO,5F98J2 ,2,F421,03GH,94023,933,0,0,0,0,,18,,,,1,9P12J,2025-12-19 11:53:00,2025-12-17 10:03:45,2601,L,9MCDC,5F98J2 ,1933,Nor,  ,,FR,S,GSC
2025-12-01 00:00:00,774030800929,28,DW,01,E,02,281,MANRIQUE SOSA JORGE MANUEL    ,1D,ACTIVO,31G1C1 ,1,F12H,09KU,35835,543,0,0,0,23,E23,18,,,,1,9P12J,2025-12-22 10:59:00,2025-12-18 15:39:39,2801,L,9JRCB,31G1C1 ,72410,Nor,  ,,FR,S,GSC
2025-12-01 00:00:00,774081001770,24,DW,01,E,02,244,ARGAEZ CABRERA PROSPERA EDITH ,1D,ACTIVO,27MY28 ,2,F421,07GH,46030,581,0,0,0,23,E23,18,,,,1,9P12J,2025-12-18 10:03:00,2025-12-16 08:47:22,2404,M,9JRCB,27MY28 ,99581,Nor,  ,,FR,S,GSC
2025-12-01 00:00:00,774100300651,26,DW,01,E,02,262,ANGELA MARTINEZ VERUETE       ,1D,ACTIVO,98K8J0 ,1,F12H,09KU,47888,715,0,0,0,0,,18,,,,1,9P12J,2025-12-19 14:00:00,2025-12-17 08:57:36,2602,M,9JR09,98K8J0 ,73901,Nor,  ,,FR,S,GSC
2025-12-01 00:00:00,774140702531,64,DW,01,E,02,641,WILLIAM CASTALDI ESTRADA      ,67,CORTADO,CHB242 ,3,KL28,22NJ,15239,1923,0,0,0,0,,18,,,,1,9P12J,2025-12-08 11:44:00,2025-12-05 08:29:42,6401,L,9JRCB,CHB242 ,0,Nor,60,MEDID NO TRABAJA,FR,S,GSC
2025-12-01 00:00:00,774161100744,32,DW,01,E,02,323,BURGOS RUIZ SANDRA JULIETA    ,1D,CORTADO,913JGY ,2,F622,15LM,17795,360,0,0,0,0,,18,,,,1,9P12J,2025-12-23 16:11:00,2025-12-22 10:58:41,3203,L,9NCYE,913JGY ,0,Opt,32,UI DERIVACION,32,S,GSC
2025-12-01 00:00:00,771980903415,22,DW,01,B,02,224,MAS NAH MARIA MANUELA         ,1D,ACTIVO,586G0Y ,1,F122,13LN,16343,682,0,0,0,23,E23,18,,,,1,9P12J,2025-12-17 12:52:00,2025-12-15 10:36:25,2201,M,G92B0,586G0Y ,60567,Nor,  ,,FR,S,GSC
2025-12-01 00:00:00,772041001332,04,DW,01,C,01,042,SALAS RODRIGUEZ LUIS M        ,1D,ACTIVO,1A293J ,1,F121,04GG,31295,124,0,0,0,23,E23,18,,,,1,9P12J,2025-12-04 13:57:00,2025-12-02 11:44:23,0401,M,9JR53,1A293J ,723,Nor,  ,,FR,S,GSC
2025-12-01 00:00:00,772140102884,71,DW,01,J,23,719,CENTROS DE INTEGRACION JUVENIL,67,ACTIVO,CKW129 ,3,VL28,22NJ,82,0,0,0,0,0,,18,,,,1,9P12J,2025-12-18 12:57:00,2025-12-16 08:26:50,7102,L,9NCXE,CKW129 ,2,Nor,31,SERVICIO SIN USO,LM,S,GSC
2025-12-01 00:00:00,772750400321,08,DW,01,C,01,084,MUKUL KU SOSA                 ,1D,ACTIVO,4D79T6 ,1,F121,03GG,62584,574,0,0,0,0,,18,,,,1,9P12J,2025-12-08 14:42:00,2025-12-04 12:56:14,0802,M,G92B5,4D79T6 ,44423,Nor,  ,,FR,S,GSC
2025-12-01 00:00:00,772750414071,16,DW,01,C,01,163,MIGUEL SANCHEZ                ,1D,ACTIVO,M3099G ,1,W111,76C0,1387,187,0,0,0,0,,18,,,,1,9P12J,2025-12-12 14:44:00,2025-12-10 11:13:19,1602,M,9JRG2,M3099G ,9187,Nor,  ,,LN,S,GSC
2025-12-01 00:00:00,772750415515,04,DW,01,C,01,042,MEDINA LOPEZ ELENA ISABEL     ,1D,ACTIVO,46D0C0 ,2,F421,08KF,97081,11,0,0,0,23,E23,18,,,,1,9P12J,2025-12-04 13:57:00,2025-12-02 10:15:14,0401,M,9JR53,46D0C0 ,99948,Nor,  ,,FR,S,GSC
2025-12-01 00:00:00,772781002090,28,DW,01,C,01,284,SECUNDINO CANCHE              ,1D,ACTIVO,55FK11 ,1,F121,07JL,53005,1227,0,0,0,0,,18,,,,1,9P12J,2025-12-22 15:22:00,2025-12-18 12:25:13,2804,M,G92B5,55FK11 ,3225,Nor,  ,,FR,S,GSC
2025-12-01 00:00:00,772851100035,36,DW,01,C,01,361,PEDRO PUC BALAM               ,1D,ACTIVO,TT3793 ,1,F121,85EG,1823,477,0,0,0,23,E23,18,,,,1,9P12J,2025-12-30 13:28:00,2025-12-26 09:33:52,3601,L,GAKKM,TT3793 ,1452,Nor,  ,,FR,S,GSC
2025-12-01 00:00:00,772880400544,16,DW,01,C,01,163,JORGE PARRA CANTO             ,1D,ACTIVO,V3932G ,1,F121,78EG,806,108,0,0,0,0,,18,,,,1,9P12J,2025-12-12 14:45:00,2025-12-10 08:59:49,1602,M,9JRG2,V3932G ,9276,Nor,  ,,FR,S,GSC
2025-12-01 00:00:00,772890300181,04,DW,01,C,01,046,NIDIA NELLY AGUAYO COHUO      ,1D,ACTIVO,CJ3944 ,1,F121,81EG,5101,825,0,0,0,23,E23,18,,,,1,9P12J,2025-12-04 13:58:00,2025-12-02 11:47:54,0405,M,GAKKM,CJ3944 ,9825,Nor,  ,,LN,S,GSC
2025-12-01 00:00:00,772910201045,36,DW,01,C,01,361,GPE CHAVEZ DE MANZANERO       ,1D,ACTIVO,V0C550 ,1,F121,91F5,62994,164,0,0,0,23,E23,18,,,,1,9P12J,2025-12-30 13:26:00,2025-12-26 16:18:21,3601,L,GAKKM,V0C550 ,99265,Nor,  ,,FR,S,GSC
2025-12-01 00:00:00,772920802322,79,DW,01,A,01,791,CFE MERIDA II POZO 6          ,03,ACTIVO,MU023E ,3,KL28,20KE,1201,34674,0,0,0,0,,18,,,,1,9P12J,2025-12-30 14:51:00,2025-12-29 11:47:13,7901,L,9MCGD,MU023E ,0,Nor,56,NO HAY MEDIDOR,56,S,GSC
2025-12-01 00:00:00,773000457557,08,DW,01,D,01,088,XIU AMAYA MARCO A             ,1D,ACTIVO,5V41V8 ,2,F421,04GH,70118,566,0,0,0,0,,18,,,,1,9P12J,2025-12-05 13:28:00,2025-12-04 11:44:04,0806,L,GAKVM,5V41V8 ,90566,Nor,  ,,FR,S,GSC
2025-12-01 00:00:00,773030901214,32,DW,01,D,04,324,RUIZ MAY ANA MARIA            ,1C,ACTIVO,2J30F7 ,1,F121,03GG,47718,362,0,0,0,0,,18,,,,1,9P12J,2025-12-23 17:20:00,2025-12-22 09:15:22,3228,L,GAC1M,2J30F7 ,10362,Nor,  ,,FR,S,GSC
2025-12-01 00:00:00,773051201280,10,DW,01,D,01,102,CERVERA ZAENS MARLENE         ,1D,ACTIVO,V235BU ,2,F622,18LM,9847,282,0,0,0,23,E23,18,,,,1,9P12J,2025-12-09 11:08:00,2025-12-05 09:44:50,1002,L,9NCYM,V235BU ,10691,Nor,  ,,FR,S,GSC
2025-12-01 00:00:00,773080608721,71,DW,01,J,04,712,RADIOMOVIL DIPSA SA DE CV     ,67,ACTIVO,PJ345H ,3,KL28,20KE,33321,0,0,0,0,0,,18,,,,1,9P12J,2025-12-17 15:16:00,2025-12-16 11:30:40,7102,L,9NCXE,PJ345H ,0,Nor,56,NO HAY MEDIDOR,56,S,GSC
2025-12-01 00:00:00,773081101808,28,DW,01,D,03,281,GONZALEZ GAMBOA ANDRES EDUARDO,1C,ACTIVO,0R957E ,2,F421,06GH,26461,418,0,0,0,23,E23,18,,,,1,9P12J,2025-12-22 12:18:00,2025-12-18 12:39:55,2826,M,GAXWM,0R957E ,1418,Nor,  ,,FR,S,GSC
2025-12-01 00:00:00,773091001852,79,DW,01,D,01,791,MUNICIPIO DE KANASIN YUCATAN  ,5A,ACTIVO,JAG696 ,2,F623,23NU,22466,851,0,0,0,23,E23,18,,,,1,9P12J,2025-12-30 13:04:00,2025-12-29 13:49:56,7901,L,9BBVY,JAG696 ,0,Nor,59,DISPLAY APAGADO,59,S,GSC
2025-12-01 00:00:00,773110701879,18,DW,01,D,01,186,INGRID ESTHER TEC UH          ,1C,ACTIVO,6R768V ,2,F621,06F3,97099,1765,0,0,0,23,E23,18,,,,1,9P12J,2025-12-12 15:03:00,2025-12-11 15:35:08,1804,L,9ND4J,6R768V ,2665,Nor,  ,,FR,S,GSC
2025-12-01 00:00:00,773160206500,06,DW,01,J,04,062,CUEVAS PAAS JARED ABISAI      ,1C,ACTIVO,JHB443 ,2,F623,23NU,1290,156,0,0,0,0,,18,,,,1,9P12J,2025-12-04 10:40:00,2025-12-03 10:30:26,0626,L,9NCYF,JHB443 ,5771,Nor,44,NUM MEDID DESIGU,44,S,GSC
2025-12-01 00:00:00,773240600543,38,DW,01,D,01,383,VELAZQUEZ LOPEZ SILVIA DEL CAR,1D,ACTIVO,JFE560 ,2,F623,23NU,8739,849,0,0,0,0,,18,,,,1,9P12J,2025-12-30 16:17:00,2025-12-26 18:29:17,3804,L,9MC6A,JFE560 ,92841,Nor,  ,,FR,S,GSC
2025-12-01 00:00:00,773930300330,16,DW,01,D,01,166,MA DEL CARMEN CAB CARDENA     ,1D,ACTIVO,M92B45 ,1,F121,93F5,46863,201,0,0,0,0,,18,,,,1,9P12J,2025-12-12 12:47:00,2025-12-11 10:57:05,1651,R,9EMCB,M92B45 ,0,Nor,56,NO HAY MEDIDOR,56,S,GSC
2025-12-01 00:00:00,773970701884,28,DW,01,D,03,281,JAVIER CORTEZ LAINEZ          ,1C,ACTIVO,U193X6 ,1,F121,97F5,36062,369,0,0,0,23,E23,18,,,,1,9P12J,2025-12-22 12:17:00,2025-12-18 11:35:03,2826,M,GAXWM,U193X6 ,1369,Nor,  ,,FR,S,GSC
2025-12-01 00:00:00,774000155816,28,DW,01,E,02,281,GUTIERREZ CONCHA JUAN GABRIEL ,1D,ACTIVO,02K3K8 ,1,F12H,09KU,53714,804,0,0,0,23,E23,18,,,,1,9P12J,2025-12-22 10:58:00,2025-12-18 16:33:07,2801,L,9JRCB,02K3K8 ,47629,Nor,  ,,FR,S,GSC
2025-12-01 00:00:00,774020104592,64,DW,01,E,02,641,MUNICIPIO DE MERIDA YUCATAN   ,67,ACTIVO,GD319C ,3,KL2R,20KR,23780,3067,0,0,0,0,,18,,,,1,9P12J,2025-12-08 12:31:00,2025-12-05 09:17:28,6401,L,9JRCB,GD319C ,-94559,Nor,  ,,FR,S,GSC
2025-12-01 00:00:00,774050601990,14,DW,01,E,02,141,SOLIS HERNANDEZ GUADALUPE     ,1D,ACTIVO,4F394X ,1,F121,05JL,81992,951,0,0,0,0,,18,,,,1,9P12J,2025-12-11 15:53:00,2025-12-09 16:18:15,1401,M,9JRE3,4F394X ,1950,Nor,  ,,FR,S,GSC
2025-12-01 00:00:00,774051107522,24,DW,01,E,02,241,LARA NIC WILBERTH             ,1D,CORTADO,G598MM ,1,F622,17LM,26403,587,0,0,0,23,E23,18,,,,1,9P12J,2025-12-18 10:05:00,2025-12-16 08:09:04,2401,M,9NCYE,G598MM ,0,Opt,32,UI DERIVACION,32,S,GSC
2025-12-01 00:00:00,774180903459,26,DW,01,E,37,263,PISTE PEREZ DIANELA CAROLINA  ,1D,CORTADO,N739JM ,2,F622,18LM,12979,567,0,0,0,0,,18,,,,1,9P12J,2025-12-19 14:00:00,2025-12-17 11:46:50,2604,L,9MCG8,N739JM ,0,Opt,32,UI DERIVACION,32,S,GSC
2025-12-01 00:00:00,774220801701,28,DW,01,E,02,281,CANUL GONZALEZ GASPAR ISMAEL  ,1D,ACTIVO,7DVY15 ,2,F623,25NY,4241,1149,0,0,0,23,E23,18,,,,1,9P12J,2025-12-22 10:58:00,2025-12-18 15:55:02,2801,L,9JRCB,7DVY15 ,50600,Nor,  ,,FR,S,GSC
2025-12-01 00:00:00,774251002792,28,DW,01,E,02,281,CADENA ANGEL MARIA JOSE       ,1D,ACTIVO,8BDG70 ,2,F623,25P2,3,3,0,0,0,23,E23,18,,,,1,9P12J,2025-12-22 10:57:00,2025-12-18 12:32:00,2801,L,GAKJM,8BDG70 ,20785,Nor,  ,,FR,S,GSC
2025-12-01 00:00:00,774750600587,06,DW,01,E,02,064,RAUL MAY MAY                  ,1D,ACTIVO,DL9108 ,1,F121,81EG,912,126,0,0,0,951,LECT NEGATIVA,18,,,,1,9P12J,2025-12-04 12:14:00,2025-12-03 09:28:18,0604,L,9EMHG,DL9108 ,9957,Nor,  ,,LN,S,GSC
2025-12-01 00:00:00,774790900435,06,DW,01,E,02,064,EPIFANIA SUASTE DE C          ,1D,ACTIVO,2C4E34 ,1,F121,00GG,53386,198,0,0,0,0,,18,,,,1,9P12J,2025-12-05 15:02:00,2025-12-03 10:05:42,0604,L,9EMHG,2C4E34 ,99192,Nor,  ,,FR,S,GSC
2025-12-01 00:00:00,774790903248,12,DW,01,E,02,122,GUADALUPE SOSA DE C           ,1D,ACTIVO,045207 ,1,W101,6000,408,224,0,0,0,0,,18,,,,1,9P12J,2025-12-10 10:55:00,2025-12-08 12:29:00,1203,L,9NCYE,045207 ,3820,Nor,  ,,FR,S,GSC
2025-12-01 00:00:00,774841200999,04,DW,01,E,02,042,BASILIO CUA RIVERA            ,1D,ACTIVO,T02F40 ,1,F121,93F5,7003,1047,0,0,0,23,E23,18,,,,1,9P12J,2025-12-04 14:05:00,2025-12-02 16:37:09,0405,L,GAKJM,T02F40 ,98047,Nor,  ,,FR,S,GSC
2025-12-01 00:00:00,772081001734,38,DW,01,C,01,380,EFREN AKE PUCH                ,1C,ACTIVO,21C0K9 ,2,F621,08KG,97475,948,0,0,0,23,E23,18,,,,1,9P12J,2025-12-30 13:28:00,2025-12-26 08:59:57,3801,L,G92B5,21C0K9 ,10948,Nor,  ,,FR,S,GSC
2025-12-01 00:00:00,772091002143,06,DW,01,E,02,064,CHAN PUGA GREBER MARTIN       ,1D,ACTIVO,56M2P5 ,2,F62H,09KN,59942,812,0,0,0,0,,18,,,,1,9P12J,2025-12-05 15:08:00,2025-12-03 11:57:16,0604,L,9EMHG,56M2P5 ,96794,Nor,  ,,FR,S,GSC
2025-12-01 00:00:00,772100502707,28,DW,01,C,01,284,GONZALEZ NAVARRETE JOSE LUIS  ,1D,ACTIVO,47GV39 ,1,F121,07JL,70080,559,0,0,0,23,E23,18,,,,1,9P12J,2025-12-18 14:58:00,2025-12-18 12:19:07,2804,M,G92B5,47GV39 ,49370,Nor,  ,,FR,S,GSC
2025-12-01 00:00:00,772120700629,32,DW,01,C,01,326,PORRAS IHUIT NERI GUILLERMINA ,1D,ACTIVO,1VN381 ,1,F121,00GG,70252,657,0,0,0,0,,18,,,,1,9P12J,2025-12-23 17:18:00,2025-12-22 09:15:34,3207,M,GAKKM,1VN381 ,41983,Nor,  ,,FR,S,GSC
2025-12-01 00:00:00,772121002682,28,DW,01,C,01,284,ESTRELLA BASULTO JORGE ENRIQUE,1D,ACTIVO,2NA270 ,2,F621,99F3,29118,52,0,0,0,23,E23,18,,,,1,9P12J,2025-12-18 14:59:00,2025-12-18 09:43:17,2804,M,G92B5,2NA270 ,99945,Nor,  ,,FR,S,GSC
2025-12-01 00:00:00,772750427866,20,DW,01,C,01,208,MANUELA QUINTAL Q             ,1D,ACTIVO,11PD18 ,2,F621,07F3,54738,352,0,0,0,23,E23,18,,,,1,9P12J,2025-12-16 11:23:00,2025-12-12 11:31:32,2002,M,9P124,11PD18 ,5176,Nor,  ,,FR,S,GSC
2025-12-01 00:00:00,772780800723,28,DW,01,C,01,284,JOSE CRUZ                     ,1D,ACTIVO,9C769E ,2,F421,05GH,63114,374,0,0,0,23,E23,18,,,,1,9P12J,2025-12-18 14:58:00,2025-12-18 10:50:29,2804,M,G92B5,9C769E ,99374,Nor,  ,,FR,S,GSC
2025-12-01 00:00:00,772820700093,32,DW,01,C,01,323,JOSEFINA GARCIA G             ,1D,ACTIVO,27U3J6 ,2,F62H,09KN,93618,2536,0,0,0,23,E23,18,,,,1,9P12J,2025-12-24 09:52:00,2025-12-22 09:28:16,3202,M,9JRG2,27U3J6 ,42513,Nor,  ,,FR,S,GSC
2025-12-01 00:00:00,772830300948,32,DW,01,C,01,321,DE ANDA RODRIGUEZ ANGEL GONZAL,1D,ACTIVO,7F37T3 ,2,F621,03F3,62565,1357,0,0,0,0,,18,,,,1,9P12J,2025-12-23 17:18:00,2025-12-22 09:10:41,3203,M,9MCGC,7F37T3 ,11357,Nor,  ,,FR,S,GSC
2025-12-01 00:00:00,772890300521,24,DW,01,C,01,246,OSCAR MANUEL RIVERO           ,1D,ACTIVO,91UW87 ,1,F121,08JL,22548,104,0,0,0,0,,18,,,,1,9P12J,2025-12-18 14:55:00,2025-12-16 09:21:05,2403,M,9MCGC,91UW87 ,22116,Nor,  ,,FR,S,GSC
2025-12-01 00:00:00,772900700191,28,DW,01,C,01,284,MANUEL CARDOS KANTUN          ,1D,ACTIVO,9E572P ,1,F121,05JL,38912,85,0,0,0,23,E23,18,,,,1,9P12J,2025-12-18 14:57:00,2025-12-18 15:20:25,2804,M,G92B5,9E572P ,99985,Nor,  ,,FR,S,GSC
2025-12-01 00:00:00,772920600657,16,DW,01,C,01,164,ROSA ISELA ANDRADE            ,1D,ACTIVO,2X3A68 ,2,F621,02F3,622,188,0,0,0,23,E23,18,,,,1,9P12J,2025-12-12 15:05:00,2025-12-10 09:08:05,1604,M,GAKKM,2X3A68 ,1227,Nor,  ,,,,GSC
2025-12-01 00:00:00,772920802331,79,DW,01,A,01,791,CFE MERIDA II POZO 7          ,03,ACTIVO,MW856X ,3,KL28,20KE,79946,19209,0,0,0,0,,18,,,,1,9P12J,2025-12-30 14:51:00,2025-12-29 11:45:07,7901,L,9MCGD,MW856X ,0,Nor,56,NO HAY MEDIDOR,56,S,GSC
2025-12-01 00:00:00,772920802349,79,DW,01,A,01,791,CFE MERIDA II POZO 8          ,03,ACTIVO,MW777X ,3,KL28,20KE,11239,9056,0,0,0,0,,18,,,,1,9P12J,2025-12-30 14:52:00,2025-12-29 11:43:52,7901,L,9MCGD,MW777X ,0,Nor,56,NO HAY MEDIDOR,56,S,GSC
2025-12-01 00:00:00,772951101811,32,DW,01,C,01,326,SILVIO JOSE CHAN ESPANA       ,1D,ACTIVO,A23K41 ,1,F121,91F5,54992,150,0,0,0,0,,18,,,,1,9P12J,2025-12-23 17:19:00,2025-12-22 17:07:34,3207,M,GAKKM,A23K41 ,1150,Nor,  ,,FR,S,GSC
2025-12-01 00:00:00,772960102013,32,DW,01,C,01,323,FEBLES FLORES ALFREDO         ,1D,ACTIVO,36AV46 ,1,F121,06JL,55955,331,0,0,0,0,,18,,,,1,9P12J,2025-12-23 17:17:00,2025-12-22 09:22:20,3202,M,9JRG2,36AV46 ,46176,Nor,44,NUM MEDID DESIGU,44,S,GSC
2025-12-01 00:00:00,772970301120,08,DW,01,C,01,084,CAROLINA ARANDA PAREDES       ,1D,ACTIVO,764HRM ,1,F122,15LN,8539,271,0,0,0,0,,18,,,,1,9P12J,2025-12-08 14:47:00,2025-12-04 09:33:35,0802,M,G92B5,764HRM ,92259,Nor,  ,,FR,S,GSC
2025-12-01 00:00:00,773070202246,30,DW,01,D,04,307,VALADEZ PACHECO CARMEN GPE    ,1C,ACTIVO,46DH77 ,1,F121,06JL,11178,8,0,0,0,0,,18,,,,1,9P12J,2025-12-23 12:00:00,2025-12-19 08:52:04,3029,L,GAC1M,46DH77 ,99008,Nor,  ,,FR,S,GSC
2025-12-01 00:00:00,773090203842,40,DW,01,D,04,405,CHABLE POOL LUIS REYNALDO     ,1C,ACTIVO,60XR39 ,1,F121,08JL,7768,80,0,0,0,23,E23,18,,,,1,9P12J,2025-12-01 08:33:00,2025-12-29 10:58:36,4030,M,GAC1M,60XR39 ,7538,Nor,  ,,FR,S,GSC
2025-12-01 00:00:00,773100103175,40,DW,01,D,04,405,CETINA CANCHE CARLOS MANUEL   ,1C,ACTIVO,4B8J87 ,1,F121,00GG,34971,283,0,0,0,23,E23,18,,,,1,9P12J,2025-12-30 18:22:00,2025-12-29 12:17:45,4030,M,GAC1M,4B8J87 ,10767,Nor,  ,,FR,S,GSC
2025-12-01 00:00:00,773110408373,36,DW,01,D,01,367,JAVIER VALENCIA CANDELAS      ,1C,ACTIVO,UK866Y ,2,F623,21NY,31601,1724,0,0,0,0,,18,,,,1,9P12J,2025-12-29 17:18:00,2025-12-26 08:31:21,3603,L,9JRB6,UK866Y ,0,Nor,53,UI SERV DIRECTO,53,S,GSC
2025-12-01 00:00:00,773120702717,40,DW,01,D,04,409,RODRIGUEZ MONTOYA MARIA DEL CA,1C,ACTIVO,7HU388 ,2,F421,98GH,9780,113,0,0,0,23,E23,18,,,,1,9P12J,2025-12-01 08:33:00,2025-12-29 10:55:40,4034,M,9EMED,7HU388 ,11367,Nor,  ,,FR,S,GSC
2025-12-01 00:00:00,773211002602,06,DW,01,J,04,062,CONDE HERNANDEZ YUSEP         ,1C,ACTIVO,DV822P ,2,F623,19NU,455,455,0,0,0,0,,18,,,,1,9P12J,2025-12-04 10:42:00,2025-12-03 11:41:04,0626,L,9NCYF,DV822P ,4697,Nor,44,NUM MEDID DESIGU,44,S,GSC
2025-12-01 00:00:00,773250100701,04,DW,01,D,01,040,EZPAWN MANAGEMENT MEX SRL CV  ,02,ACTIVO,RFT513 ,2,F623,24NY,34321,5938,0,0,0,0,,18,,,,1,9P12J,2025-12-04 10:05:00,2025-12-03 08:36:05,0452,R,9EMCB,RFT513 ,71993,Nor,44,NUM MEDID DESIGU,44,S,GSC
2025-12-01 00:00:00,771790201198,10,DW,01,B,02,102,ENRIQUE ROIG                  ,1D,ACTIVO,25RB15 ,3,FD21,07F4,52641,1541,0,0,0,0,,18,,,,1,9P12J,2025-12-09 14:29:00,2025-12-05 11:33:39,1001,L,9JRDF,25RB15 ,91541,Nor,  ,,FR,S,GSC
2025-12-01 00:00:00,771790200761,08,DW,01,B,02,081,ELMER ESPINOSA H              ,1D,ACTIVO,3056VC ,3,F121,7091,97086,61,0,0,0,0,,18,,,,1,9P12J,2025-12-08 12:52:00,2025-12-04 11:42:23,0801,M,GAKJM,4915VC ,99363,Nor,  ,,FR,S,GSC
2025-12-01 00:00:00,773251101361,36,DW,01,D,04,365,CONDOMINIO PRIVADA UMAN       ,02,ACTIVO,610JHC ,2,F622,15LM,1,1,0,0,0,0,,18,,,,1,9P12J,2025-12-30 16:16:00,2025-12-26 11:40:42,3451,R,9EMED,610JHC ,5958,Nor,44,NUM MEDID DESIGU,44,S,GSC
2025-12-01 00:00:00,773890801250,04,DW,01,D,01,048,JUAN MANUEL CEBALLOS MARTINEZ ,1C,ACTIVO,NR319P ,2,F623,20NU,53745,1558,0,0,0,0,,18,,,,1,9P12J,2025-12-03 14:17:00,2025-12-02 10:34:17,0403,L,9MCDC,NR319P ,0,Nor,60,MEDID NO TRABAJA,60,S,GSC
2025-12-01 00:00:00,774000260351,18,DW,01,E,02,183,COOT EK ALFREDO               ,02,ACTIVO,XMM676 ,1,F123,24NX,0,0,0,0,0,0,,18,,,,1,9P12J,2025-12-11 14:33:00,2025-12-11 10:38:14,1802,M,9JR09,48H2M6 ,1004,Nor,  ,,LM,S,GSC
2025-12-01 00:00:00,774041201695,24,DW,01,E,02,242,PEREZ GARCIA LETICIA ELENA    ,1D,CORTADO,948FMT ,2,F622,15LM,60386,367,0,0,0,23,E23,18,,,,1,9P12J,2025-12-18 10:06:00,2025-12-16 11:06:26,2402,L,9ND9A,948FMT ,0,Opt,32,UI DERIVACION,32,S,GSC
2025-12-01 00:00:00,774060600410,62,DW,01,E,02,622,JAPAY POZO TIXCACAL OPICHEN   ,06,ACTIVO,G621XU ,3,KL28,17KE,22553,18363,0,0,0,0,,18,,,,1,9P12J,2025-12-04 12:16:00,2025-12-03 10:19:36,6202,L,9JRB9,G621XU ,18363,Nor,  ,,FR,S,GSC
2025-12-01 00:00:00,774061102588,06,DW,01,E,02,063,CAMPOS M EDUARDO              ,1D,ACTIVO,11PD82 ,2,F621,07F3,21063,1764,0,0,0,0,,18,,,,1,9P12J,2025-12-05 15:04:00,2025-12-03 11:32:53,0603,L,9MCBH,11PD82 ,707,Nor,  ,,,,GSC
2025-12-01 00:00:00,774071002221,24,DW,01,E,02,244,MOGUEL NAVARRO JOSE ALFONSO   ,1D,ACTIVO,79JD40 ,1,F121,07JL,49057,1099,0,0,0,23,E23,18,,,,1,9P12J,2025-12-18 10:04:00,2025-12-16 08:56:58,2404,M,9JRCB,79JD40 ,11099,Nor,  ,,FR,S,GSC
2025-12-01 00:00:00,774071204613,02,DW,01,E,02,024,MERCEDES POLANCO ESPERANZA    ,02,ACTIVO,1V88T3 ,2,F421,04GH,15121,0,0,0,0,23,E23,18,,,,1,9P12J,2025-12-03 11:06:00,2025-12-01 07:11:37,0204,L,GAKJM,1V88T3 ,999,Nor,  ,,FR,S,GSC
2025-12-01 00:00:00,774110402169,24,DW,01,E,02,244,BASULTO TREJO ROBERTO CARLOS  ,1D,ACTIVO,39C9C3 ,2,F621,08KG,38236,0,0,0,0,23,E23,18,,,,1,9P12J,2025-12-18 10:04:00,2025-12-16 08:17:38,2404,M,9JRCB,39C9C3 ,98999,Nor,  ,,FR,S,GSC
2025-12-01 00:00:00,771750107644,06,DW,01,B,02,061,HERRERA HERERA MARIA GPE DE J ,1D,ACTIVO,049JJX ,2,F622,15LM,47236,341,0,0,0,0,,18,,,,1,9P12J,2025-12-05 15:25:00,2025-12-03 10:32:32,0604,M,9ND4Y,049JJX ,0,Nor,64,P. INFRARROJO/MED. D,64,S,GSC
2025-12-01 00:00:00,771751200150,38,DW,01,B,01,386,ROGER MEDINA                  ,1D,ACTIVO,F8348J ,2,F121,74AM,81630,86,0,0,0,0,,18,,,,1,9P12J,2025-12-30 14:34:00,2025-12-26 12:40:02,3802,M,9ND41,F8349J ,91050,Nor,  ,,FR,S,GSC
2025-12-01 00:00:00,771781000104,10,DW,01,B,02,103,CARLOS NAVARRETE              ,1D,ACTIVO,P1998B ,1,W111,77C0,4938,381,0,0,0,0,,18,,,,1,9P12J,2025-12-09 14:30:00,2025-12-05 09:40:51,1002,L,GAKJM,P1998B ,1256,Nor,  ,,FR,S,GSC
2025-12-01 00:00:00,771820200132,08,DW,01,B,02,086,CLARA E OSORIO ZAPATA         ,02,ACTIVO,1UH120 ,2,F121,99GG,61023,155,0,0,0,0,,18,,,,1,9P12J,2025-12-08 12:53:00,2025-12-04 09:37:01,0804,M,9MCDA,R5592C ,1154,Nor,  ,,FR,S,GSC
2025-12-01 00:00:00,771850200081,38,DW,01,B,01,386,PAOLI BOLIO FRANCISCO JOSE    ,1D,ACTIVO,4TK561 ,2,F621,99F3,15,225,0,0,0,0,,18,,,,1,9P12J,2025-12-30 14:32:00,2025-12-26 10:29:15,3802,M,9ND41,4TK561 ,90225,Nor,  ,,FR,S,GSC
2025-12-01 00:00:00,771850200579,06,DW,01,B,02,061,CASARES ESPINOSA MARIA DEL CAR,1D,ACTIVO,GEC109 ,3,KL28,22NJ,1,1,0,0,0,0,,18,,,,1,9P12J,2025-12-03 15:16:00,2025-12-04 10:10:35,0651,R,9ND41,GED361 ,0,Nor,56,NO HAY MEDIDOR,56,S,GSC
2025-12-01 00:00:00,771850500742,18,DW,01,B,02,184,PAVIA GONZALEZ MARIA DEL SOCOR,1D,ACTIVO,WTT728 ,2,F623,24P2,7019,769,0,0,0,0,,18,,,,1,9P12J,2025-12-15 13:15:00,2025-12-11 09:06:08,1804,M,9P11W,WTT728 ,0,Nor,53,UI SERV DIRECTO,53,S,GSC
2025-12-01 00:00:00,771880700461,22,DW,01,B,02,222,SILVIA GPE DZUL SANCHEZ       ,1D,ACTIVO,8MM176 ,1,F121,98GG,97932,506,0,0,0,0,,18,,,,1,9P12J,2025-12-16 13:56:00,2025-12-15 10:52:46,2207,M,GA00N,8MM176 ,1506,Nor,  ,,FR,S,GSC
2025-12-01 00:00:00,771890600138,08,DW,01,B,02,081,FERNANDEZ MARTIN JORGE ENRIQUE,02,ACTIVO,0D107R ,1,F121,05JL,18532,248,0,0,0,0,,18,,,,1,9P12J,2025-12-08 13:03:00,2025-12-04 11:18:34,0801,M,GAKJM,0D107R ,50240,Nor,  ,,FR,S,GSC
2025-12-01 00:00:00,771900200303,10,DW,01,B,02,103,EDUARDO TOLEDO GARCIA         ,1D,ACTIVO,X57Y75 ,1,F121,94F5,2849,0,0,0,0,0,,18,,,,1,9P12J,2025-12-09 14:30:00,2025-12-05 11:20:29,1002,L,GAKJM,X57Y75 ,9991,Nor,  ,,FR,S,GSC
2025-12-01 00:00:00,771911000756,22,DW,01,B,02,222,ARQ IGNACIO ACEVEDO B         ,1D,ACTIVO,3LR241 ,1,F121,99GG,56899,474,0,0,0,0,,18,,,,1,9P12J,2025-12-16 13:57:00,2025-12-15 10:46:15,2207,M,GA00N,3LR241 ,1474,Nor,  ,,FR,S,GSC
2025-12-01 00:00:00,771920900239,08,DW,01,B,02,081,LIC ROSA CARMINA HERNANDE     ,1D,CORTADO,K5885T ,1,F121,75AM,41352,15,0,0,0,0,,18,,,,1,9P12J,2025-12-08 12:54:00,2025-12-04 12:01:57,0801,M,GAKJM,K5885T ,99915,Nor,  ,,FR,S,GSC
2025-12-01 00:00:00,771930700858,26,DW,01,B,02,263,LARA CASELLAS FERNANDO JOSE   ,1D,ACTIVO,RAY028 ,2,F623,24NY,397,397,0,0,0,0,,18,,,,1,9P12J,2025-12-17 11:46:00,2025-12-17 09:26:15,2601,M,GA83N,RAY028 ,380,Opt,  ,,,,GSC
2025-12-01 00:00:00,771950100342,16,DW,01,B,02,168,EDMUNDO FPE CANUL MAY         ,1D,ACTIVO,X93Y45 ,1,F121,94F5,61423,380,0,0,0,23,E23,18,,,,1,9P12J,2025-12-12 14:50:00,2025-12-10 10:54:51,1607,M,9EMHE,X93Y45 ,90380,Nor,  ,,FR,S,GSC
2025-12-01 00:00:00,771961001176,26,DW,01,B,02,262,JOAQUIN REYES CASARES         ,1D,ACTIVO,83ML33 ,2,F421,07GH,98844,1291,0,0,0,23,E23,18,,,,1,9P12J,2025-12-17 10:08:00,2025-12-17 12:17:26,2602,M,GA00N,83ML33 ,54220,Nor,  ,,FR,S,GSC
2025-12-01 00:00:00,771970201412,34,DW,01,B,01,342,CIASA COMERCIAL SA DE CV      ,02,ACTIVO,0E42L4 ,2,F621,02F3,94310,1228,0,0,0,23,E23,18,,,,1,9P12J,2025-12-29 11:08:00,2025-12-23 09:33:03,3401,M,GA0MN,0E42L4 ,74099,Nor,  ,,FR,S,GSC
2025-12-01 00:00:00,771970804541,16,DW,01,B,02,163,ROLANDO I SILVEIRA CHI        ,1D,ACTIVO,138ED2 ,2,F62H,11KN,54706,693,0,0,0,23,E23,18,,,,1,9P12J,2025-12-12 14:52:00,2025-12-10 09:30:51,1603,M,GA00N,138ED2 ,98029,Nor,  ,,FR,S,GSC
2025-12-01 00:00:00,771980803135,08,DW,01,B,02,081,MARY VOLONDA CASTILLO         ,1D,ACTIVO,049247 ,1,W101,6000,7920,106,0,0,0,0,,18,,,,1,9P12J,2025-12-08 13:38:00,2025-12-04 11:37:54,0801,M,GAKJM,049247 ,0,Nor,56,NO HAY MEDIDOR,56,S,GSC
2025-12-01 00:00:00,772051100371,24,DW,01,C,01,242,CHAN SULU HECTOR MANUEL       ,1D,ACTIVO,6L955D ,1,F121,05JL,53482,444,0,0,0,0,,18,,,,1,9P12J,2025-12-18 14:56:00,2025-12-16 17:38:56,2402,L,9JR53,6L955D ,83886,Nor,  ,,FR,S,GSC
2025-12-01 00:00:00,772100700622,08,DW,01,C,01,084,DIAZ TUN OSCAR DANIEL         ,1D,ACTIVO,922RH7 ,2,F622,12LJ,51247,1662,0,0,0,0,,18,,,,1,9P12J,2025-12-08 15:15:00,2025-12-04 09:33:03,0802,M,G92B5,922RH7 ,0,Nor,56,NO HAY MEDIDOR,56,S,GSC
2025-12-01 00:00:00,772121102326,04,DW,01,C,01,046,AMILCAR DE LA CRUZ SALDIVAR CO,1C,ACTIVO,775B2X ,2,F622,13LM,42280,136,0,0,0,0,,18,,,,1,9P12J,2025-12-03 15:25:00,2025-12-02 12:17:06,0405,M,GAKKM,775B2X ,62084,Nor,  ,,FR,S,GSC
2025-12-01 00:00:00,772750421272,08,DW,01,C,01,086,MEDINA HERNANDEZ MARY GUADALUP,02,ACTIVO,41X6B7 ,2,F62H,09KN,11370,0,0,0,0,0,,18,,,,1,9P12J,2025-12-08 14:43:00,2025-12-04 10:18:18,0803,M,GAKKM,41X6B7 ,5948,Nor,  ,,FR,S,GSC
2025-12-01 00:00:00,772770100031,04,DW,01,C,01,046,PABLO J ACOSTA MANZANILLA     ,1D,ACTIVO,P2183B ,1,W111,77C0,3139,529,0,0,0,23,E23,18,,,,1,9P12J,2025-12-04 13:58:00,2025-12-02 12:11:15,0405,M,GAKKM,P2183B ,9529,Nor,  ,,LN,S,GSC
2025-12-01 00:00:00,772780100047,12,DW,01,C,01,121,MARCOS VILLAGRAN C            ,1D,ACTIVO,7909XG ,1,C111,718V,8108,476,0,0,0,0,,18,,,,1,9P12J,2025-12-10 14:13:00,2025-12-08 12:09:25,1202,M,GAKKM,7909XG ,9551,Nor,  ,,LN,S,GSC
2025-12-01 00:00:00,772780900850,08,DW,01,C,01,088,MARIO RODRIGUEZ               ,1D,CORTADO,2D797N ,1,F121,05JL,8870,0,0,0,0,0,,18,,,,1,9P12J,2025-12-08 14:45:00,2025-12-04 13:01:18,0804,M,R9631,2D797N ,1000,Nor,  ,,FR,S,GSC
2025-12-01 00:00:00,772841100134,28,DW,01,C,01,284,PACHO DE P  MIRNA DEL S       ,1D,ACTIVO,47GV38 ,1,F121,07JL,18892,318,0,0,0,23,E23,18,,,,1,9P12J,2025-12-18 14:58:00,2025-12-18 12:20:07,2804,M,G92B5,47GV38 ,51495,Nor,  ,,FR,S,GSC
2025-12-01 00:00:00,772880400773,24,DW,01,C,01,246,ROSA MA AZCORRA DE C          ,1D,ACTIVO,1V804G ,1,F121,06JL,44560,434,0,0,0,0,,18,,,,1,9P12J,2025-12-18 14:55:00,2025-12-16 09:18:46,2403,M,9MCGC,1V804G ,9624,Nor,  ,,FR,S,GSC
2025-12-01 00:00:00,772920700511,04,DW,01,C,01,046,PAULA AVILES ESTRADA          ,1D,ACTIVO,9HR296 ,1,F121,98GG,24582,198,0,0,0,23,E23,18,,,,1,9P12J,2025-12-04 13:56:00,2025-12-02 10:50:03,0405,M,GAKKM,9HR296 ,11693,Nor,  ,,FR,S,GSC
2025-12-01 00:00:00,772940100260,08,DW,01,C,01,088,LAURA VILLAFANIA MARTIN       ,1D,ACTIVO,X5G267 ,1,F121,90F5,9164,1193,0,0,0,0,,18,,,,1,9P12J,2025-12-08 14:43:00,2025-12-04 13:15:15,0804,M,R9631,X5G267 ,3193,Nor,  ,,FR,S,GSC
2025-12-01 00:00:00,772960700107,20,DW,01,C,01,207,EDUARDO A DUARTE SALAZAR      ,1D,ACTIVO,062576 ,1,W101,6000,7234,681,0,0,0,23,E23,18,,,,1,9P12J,2025-12-16 10:35:00,2025-12-12 09:57:41,2001,M,9NCYL,062576 ,9646,Nor,  ,,LN,S,GSC
2025-12-01 00:00:00,772980601440,08,DW,01,C,01,088,JIMENEZ LAYNEZ NORMA ILDA     ,02,ACTIVO,L851T2 ,1,F121,96F5,37162,0,0,0,0,0,,18,,,,1,9P12J,2025-12-08 14:47:00,2025-12-04 13:10:06,0804,M,R9631,L851T2 ,98999,Nor,  ,,FR,S,GSC
2025-12-01 00:00:00,774990700759,32,DW,01,B,02,329,PEDRO CALDERON MENDEZ         ,1D,ACTIVO,2R772E ,2,F421,06GH,54149,733,0,0,0,23,E23,18,,,,1,9P12J,2025-12-24 09:40:00,2025-12-22 10:17:48,3206,M,9ND41,2R772E ,10728,Nor,  ,,FR,S,GSC
2025-12-01 00:00:00,775070601241,24,DW,01,G,01,246,MORALES TRIAY MARIA EUGENIA   ,1B,CORTADO,2LR029 ,1,F121,99GG,34284,431,0,0,0,23,E23,18,,,,1,9P12J,2025-12-16 16:20:00,2025-12-16 11:20:11,2404,M,GAXWM,2LR029 ,4391,Nor,  ,,FR,S,GSC
2025-12-01 00:00:00,775081000061,24,DW,01,G,01,246,CARRILLO LEON FELIPE JESUS    ,1B,ACTIVO,29C8K2 ,2,F621,08KG,32775,389,0,0,0,23,E23,18,,,,1,9P12J,2025-12-16 16:19:00,2025-12-16 11:18:31,2404,M,GAXWM,29C8K2 ,90389,Nor,  ,,FR,S,GSC
2025-12-01 00:00:00,775091000476,66,DW,01,G,01,661,IVEY                          ,5A,ACTIVO,WNC035 ,3,F623,24P2,9814,1587,0,0,0,0,,18,,,,1,9P12J,2025-12-10 17:43:00,2025-12-09 12:52:56,6601,L,R9962,WNC035 ,0,Nor,59,DISPLAY APAGADO,59,S,GSC
2025-12-01 00:00:00,775100402680,18,DW,01,G,01,180,SOSA ABAN MARIBEL ANGELICA    ,1B,ACTIVO,4J9E33 ,1,F121,01GG,41570,152,0,0,0,0,,18,,,,1,9P12J,2025-12-15 15:56:00,2025-12-11 09:00:35,1802,M,GAXWM,4J9E33 ,90152,Nor,  ,,FR,S,GSC
2025-12-01 00:00:00,775240900329,08,DW,08,A,07,082,SERRANO CANCINO HECTOR JOSE   ,1B,ACTIVO,RDN093 ,2,F623,24NY,4740,1519,0,0,0,23,E23,18,,,,1,9ND09,2025-12-04 14:06:00,2025-12-04 11:59:03,0826,L,9JR2G,RDN093 ,7305,Opt,  ,,,,GSC
2025-12-01 00:00:00,775750611658,32,DW,01,G,03,323,LAUREANO FIGUEROA L           ,1B,ACTIVO,009614 ,1,W101,6000,8811,259,0,0,0,0,,18,,,,1,9P12J,2025-12-23 18:16:00,2025-12-22 16:27:39,3226,M,GA6TN,009614 ,9465,Nor,  ,,LN,S,GSC
2025-12-01 00:00:00,775970502221,18,DW,01,G,01,181,OLGA ESPINOSA A DE C          ,1B,ACTIVO,267G2C ,2,F622,13LM,55863,1494,0,0,0,0,,18,,,,1,9P12J,2025-12-15 15:55:00,2025-12-11 10:32:16,1801,L,9BBMC,267G2C ,47125,Nor,44,NUM MEDID DESIGU,44,S,GSC
2025-12-01 00:00:00,775980402888,36,DW,01,G,03,361,NADIA B FIGUEROA PECH         ,1B,CORTADO,79FK58 ,1,F121,07JL,43120,335,0,0,0,23,E23,18,,,,1,9P12J,2025-12-30 11:58:00,2025-12-23 12:37:04,3426,L,GA81N,79FK58 ,10335,Nor,  ,,FR,S,GSC
2025-12-01 00:00:00,776010800356,12,DW,01,H,36,121,RAMIRO FEDERICO UICAB CANCHE  ,1C,ACTIVO,3B2R43 ,1,F121,00GG,60231,749,0,0,0,0,,18,,,,1,9P12J,2025-12-10 15:18:00,2025-12-08 14:46:38,1226,M,9MCGE,3B2R43 ,90736,Nor,  ,,FR,S,GSC
2025-12-01 00:00:00,776060700085,69,DW,01,H,48,691,UNID FRUT BENITO JUAREZ 1     ,09,ACTIVO,097G1N ,2,F622,13LM,58496,136,0,0,0,23,E23,18,,,,1,9P12J,2025-12-16 09:22:00,2025-12-12 13:25:44,6901,L,9JRBT,097G1N ,0,Nor,59,DISPLAY APAGADO,59,S,GSC
2025-12-01 00:00:00,776060700441,32,DW,01,H,36,322,CHAN CHIN GUILLERMO           ,1C,ACTIVO,2U302C ,2,F421,06GH,38905,493,0,0,0,0,,18,,,,1,9P12J,2025-12-23 15:27:00,2025-12-22 10:50:42,3227,L,9P167,2U302C ,10493,Nor,  ,,FR,S,GSC
2025-12-01 00:00:00,776080201433,69,DW,01,H,48,691,GRANJA RICALDE FEDERICO       ,1C,ACTIVO,RDR598 ,2,F623,24NY,3370,82,0,0,0,23,E23,18,,,,1,9P12J,2025-12-16 09:22:00,2025-12-12 13:20:50,6901,L,9JRBT,RDR598 ,0,Nor,50,CASA CERRADA,50,S,GSC
2025-12-01 00:00:00,776111004925,30,DW,01,E,37,301,ALCOCER LOPEZ OLAGUIBETH ANTON,1D,CORTADO,54T87C ,2,F62H,10KN,41440,572,0,0,0,0,,18,,,,1,9P12J,2025-12-22 14:31:00,2025-12-19 10:05:58,3001,L,GAKJM,54T87C ,0,Opt,32,UI DERIVACION,32,S,GSC
2025-12-01 00:00:00,776120803831,06,DW,01,E,37,062,MORENO CITUK MERCEDES AZUCENA ,1D,ACTIVO,37D0A3 ,2,F421,08KF,46335,651,0,0,0,0,,18,,,,1,9P12J,2025-12-05 15:09:00,2025-12-03 08:42:40,0607,M,9ND5H,37D0A3 ,88460,Nor,  ,,FR,S,GSC
2025-12-01 00:00:00,776151003735,04,DW,01,E,37,042,GUILLEN SANCHEZ REFUGIO ALEXAN,02,ACTIVO,JFT784 ,2,F623,23NU,65087,6467,0,0,0,0,,18,,,,1,9P12J,2025-12-04 15:19:00,2025-12-02 13:30:44,0406,L,R9933,JFT784 ,48608,Nor,44,NUM MEDID DESIGU,44,S,GSC
2025-12-01 00:00:00,776160603036,10,DW,01,H,60,105,BALAM CAN MARIA PATRICIA      ,1C,ACTIVO,443KTU ,1,F122,15LN,17714,402,0,0,0,23,E23,18,,,,1,9P12J,2025-12-09 15:40:00,2025-12-05 14:13:36,1026,L,9MCGE,443KTU ,0,Nor,53,UI SERV DIRECTO,53,S,GSC
2025-12-01 00:00:00,776940300256,08,DW,01,H,38,085,FELIX LOPEZ NOVELO            ,1B,ACTIVO,3P948K ,2,F121,06JL,2628,0,0,0,0,0,,18,,,,1,9P12J,2025-12-08 14:08:00,2025-12-04 10:10:25,0828,L,9P167,3P948K ,99989,Nor,  ,,FR,S,GSC
2025-12-01 00:00:00,777010902619,36,DW,01,J,46,363,SOLIS FLORES LUIS ENRIQUE     ,1C,ACTIVO,9K4F07 ,1,F121,01GG,18647,270,0,0,0,0,,18,,,,1,9P12J,2025-12-29 15:04:00,2025-12-26 16:44:16,3626,L,GAAFN,9K4F07 ,10381,Nor,  ,,FR,S,GSC
2025-12-01 00:00:00,777011200138,71,DW,01,J,13,714,MUNICIPIO DE MERIDA YUCATAN   ,06,ACTIVO,GEE121 ,3,KL28,22NJ,89319,6228,0,0,0,0,,18,,,,1,9P12J,2025-12-17 15:17:00,2025-12-16 12:58:01,7101,L,9BBN1,GEE121 ,0,Nor,56,NO HAY MEDIDOR,56,S,GSC
2025-12-01 00:00:00,777130500620,40,DW,01,J,03,402,CASTILLO CHAN TERESA DE JESUS ,1C,ACTIVO,0VN326 ,1,F121,00GG,41036,507,0,0,0,0,,18,,,,1,9P12J,2025-12-30 15:18:00,2025-12-29 09:45:23,4001,L,GAAGN,0VN326 ,90507,Nor,  ,,FR,S,GSC
2025-12-01 00:00:00,777790600163,16,DW,01,J,03,165,ALEJANDRO MARTIN MARTIN       ,1C,ACTIVO,W21X25 ,1,F121,94F5,69772,487,0,0,0,0,,18,,,,1,9P12J,2025-12-12 13:21:00,2025-12-11 17:57:36,1651,R,GAAFN,W21X25 ,10481,Nor,  ,,FR,S,GSC
2025-12-01 00:00:00,778031000387,76,DW,01,K,51,753,ABASCAL ALMADA JUSTINA ALMADA ,9C,ACTIVO,GGF827 ,3,VL28,22NJ,4534,12160,0,0,0,0,,18,,,,1,9P12J,2025-12-26 11:17:00,2025-12-23 12:44:31,7601,L,G92B1,GGF827 ,0,Nor,52,COMUNICACION INTERRU,52,S,GSC
2025-12-01 00:00:00,778050400736,76,DW,01,K,42,752,LUBCKE ARGAEZ ADOLFO          ,9M,ACTIVO,MX623A ,3,KL28,20KE,4714,0,0,0,0,0,,18,,,,1,9P12J,2025-12-26 11:18:00,2025-12-23 12:09:24,7601,L,G92B1,MX623A ,0,Nor,50,CASA CERRADA,50,S,GSC
2025-12-01 00:00:00,773240602775,36,DW,01,D,01,364,CASTRO MARTINEZ YULKA YOADIRA ,02,ACTIVO,RDW054 ,2,F623,24NY,0,0,0,0,0,0,,18,,,,1,9P12J,2025-12-30 16:15:00,2025-12-26 17:55:30,3602,L,9BBR3,RDW054 ,27138,Nor,44,NUM MEDID DESIGU,44,S,GSC
2025-12-01 00:00:00,773750308022,04,DW,01,D,01,049,DANIEL SANCHEZ V              ,1D,ACTIVO,0X87H2 ,1,F121,04JF,56323,484,0,0,0,0,,18,,,,1,9P12J,2025-12-04 11:45:00,2025-12-02 11:05:48,0404,L,G92B2,0X87H2 ,99493,Nor,  ,,FR,S,GSC
2025-12-01 00:00:00,780160302939,08,DW,12,A,01,082,GONGORA VARGAS MARCO A        ,1D,ACTIVO,YB787M ,2,F623,21NU,5128,607,60,0,0,951,LECT NEGATIVA,8,MEDID NO TRABAJA,,,1,9BBTM,2025-12-05 15:05:00,2025-12-04 07:25:31,0803,M,GAFHM,YB787M ,16,Nor,  ,,LM,S,GSC
2025-12-01 00:00:00,795980801431,30,DW,05,A,01,301,LIMON SALAZAR ACACIA DEL C    ,1F,ACTIVO,753T9R ,2,F622,14LM,68524,349,0,0,0,951,LECT NEGATIVA,2,,,,1,9ND2K,2025-12-22 11:38:00,2025-12-19 09:27:24,3001,M,GAT8M,753T9R ,99979,Opt,  ,,,,GSC
2025-12-01 00:00:00,808750317534,24,DW,08,E,69,242,PECH CANUL DANIEL             ,1B,ACTIVO,2J2U62 ,1,F121,01GG,13708,186,0,0,0,951,LECT NEGATIVA,2,,,,1,9ND09,2025-12-18 12:12:00,2025-12-16 08:58:43,2426,M,GAFUM,2J2U62 ,99958,Nor,  ,,FR,S,GSC
2025-12-01 00:00:00,774160701442,67,DW,01,E,02,671,PROMOT INDUSTRIAL GIM SA DE CV,67,ACTIVO,MW710W ,3,KL28,20KE,271,1001,0,0,0,951,LECT NEGATIVA,2,,,,1,9P12J,2025-12-11 14:43:00,2025-12-10 12:38:48,6703,L,GAKJM,MW710W ,1680,Opt,  ,,,,GSC
2025-12-01 00:00:00,791210901237,06,DW,04,D,55,061,MIS GIL MARIA ELVIRA          ,1F,ACTIVO,0E3M19 ,1,F121,01GG,4040,206,0,0,0,951,LECT NEGATIVA,2,,,,1,9MCF6,2025-12-04 16:35:00,2025-12-03 19:34:20,0626,L,GA8WN,0E3M19 ,99949,Nor,  ,,FR,S,GSC
2025-12-01 00:00:00,799230200121,18,DW,06,D,01,181,MARTIN BALAM REYES DAVID      ,1B,ACTIVO,DRW366 ,2,F623,22NU,595,66,0,0,0,951,LECT NEGATIVA,16,,,,1,9BBEG,2025-12-15 12:43:00,2025-12-12 13:47:29,1801,M,GAT5M,DRW366 ,99965,Opt,  ,,,,GSC
2025-12-01 00:00:00,798860600147,22,DW,06,C,31,311,HOIL CHAN FELIPE              ,1C,ACTIVO,RW8797 ,1,F121,84EG,562,114,0,0,0,951,LECT NEGATIVA,2,,,,1,9BBEG,2025-12-16 13:19:00,2025-12-15 09:41:22,2227,L,9MCK2,RW8797 ,9915,Nor,  ,,LN,S,GSC
2025-12-01 00:00:00,808070200331,28,DW,08,E,72,282,MILLAN CANTE OSCAR RAYMUNDO   ,1B,ACTIVO,60AD23 ,1,F121,06JL,28044,253,0,0,0,951,LECT NEGATIVA,2,,,,1,9ND09,2025-12-22 13:37:00,2025-12-18 12:03:57,2826,M,GAFUM,60AD23 ,99239,Nor,  ,,FR,S,GSC
2025-12-01 00:00:00,774950901093,32,DW,01,E,02,322,VELA JIMENEZ FCO JAVIER       ,1D,ACTIVO,979DD1 ,1,F12H,11KU,3890,129,59,0,0,951,LECT NEGATIVA,8,DISPLAY APAGADO,,,1,9P12J,2025-12-23 13:28:00,2025-12-22 12:22:32,3202,L,GA00N,979DD1 ,57,Opt,  ,,,,GSC
2025-12-01 00:00:00,781071208305,30,DW,12,C,01,305,RODRIGUEZ GRANADOS EDGAR      ,1D,ACTIVO,79LU17 ,1,F121,07JL,27451,48,0,0,0,951,LECT NEGATIVA,2,,,,1,9BBTM,2025-12-23 07:58:00,2025-12-19 07:59:24,3004,L,9P120,79LU17 ,99955,Nor,  ,,FR,S,GSC
2025-12-01 00:00:00,792750701560,28,DW,04,E,86,283,FRANCISCO VILLA GOMEZ         ,1F,ACTIVO,239RBK ,1,F122,16LN,14522,388,0,0,0,951,LECT NEGATIVA,2,,,,1,9MCF6,2025-12-22 11:54:00,2025-12-18 09:58:49,2827,L,GA8MN,239RBK ,99972,Opt,  ,,,,GSC
2025-12-01 00:00:00,776240100060,18,DW,01,H,44,182,CANCHE BAAS TOMAS             ,1D,ACTIVO,KUN022 ,1,F123,23NX,99317,222,53,0,0,951,LECT NEGATIVA,8,UI SERV DIRECTO,,,1,9P12J,2025-12-15 09:21:00,2025-12-11 12:16:27,1826,L,9MCGE,KUN022 ,98799,Opt,  ,,,,GSC
2025-12-01 00:00:00,800750220939,20,DW,07,A,14,002,MANUEL J GIL DIAZ             ,1B,ACTIVO,D6774P ,1,W111,73C0,5583,16,0,0,0,951,LECT NEGATIVA,2,,,,1,9MCJD,2025-12-16 08:54:00,2025-12-12 09:07:51,2027,L,9MCAW,D6774P ,9915,Nor,  ,,LN,S,GSC
2025-12-01 00:00:00,787220200256,20,DW,03,C,65,205,FLORES ZI VICTOR ANTONIO      ,02,ACTIVO,XA792Y ,1,F123,21NT,6725,425,0,0,0,951,LECT NEGATIVA,2,,,,1,9ND2R,2025-12-15 13:27:00,2025-12-12 13:28:56,2002,L,GA6WN,XA792Y ,99680,Opt,  ,,,,GSC
2025-12-01 00:00:00,810010802701,06,DW,22,A,02,062,DZUL TAMAYO ALBERTO           ,1B,ACTIVO,2E1M41 ,1,F121,01GG,40290,1543,0,0,0,951,LECT NEGATIVA,2,,,,1,9MCCM,2025-12-04 07:43:00,2025-12-03 09:54:03,0603,L,9JR5N,2E1M41 ,99400,Nor,  ,,FR,S,GSC
2025-12-01 00:00:00,776210201317,06,DW,01,H,36,066,MANGAS AGUILAR ALINA LEONORA  ,1C,ACTIVO,NK831X ,2,F623,20NU,63,900,0,0,0,951,LECT NEGATIVA,2,,,,1,9P12J,2025-12-05 10:19:00,2025-12-03 16:48:00,0627,M,9MCGE,NK831X ,99100,Opt,  ,,,,GSC
2025-12-01 00:00:00,799131000586,32,DW,06,D,54,540,CENTRO DE SALUD  FCO VILLA    ,02,ACTIVO,00X03K ,1,F12H,11KU,21298,43,0,0,0,951,LECT NEGATIVA,16,,,,1,9BBEG,2025-12-23 15:10:00,2025-12-22 09:07:23,3227,L,G92BA,00X03K ,98775,Opt,  ,,,,GSC
2025-12-01 00:00:00,781180200110,12,DW,12,B,01,120,SOBERANIS BAQUEIRO LIGIA MARGA,1D,ACTIVO,F003CN ,1,F122,17LN,5832,158,59,0,0,951,LECT NEGATIVA,8,DISPLAY APAGADO,,,1,9BBTM,2025-12-10 10:58:00,2025-12-08 11:13:53,1201,M,9NCWM,F003CN ,105,Opt,  ,,,,GSC
2025-12-01 00:00:00,790240400911,38,DW,04,C,88,361,YESCA HERRERA DAVID           ,1F,ACTIVO,JFV537 ,2,F623,23NU,2820,466,0,0,0,951,LECT NEGATIVA,2,,,,1,9MCF6,2025-12-29 15:09:00,2025-12-26 09:32:00,3826,M,R9658,JFV537 ,99344,Opt,  ,,,,GSC
2025-12-01 00:00:00,802960500694,06,DW,07,C,53,061,RUIZ EUAN MARIA CRUZ          ,1B,CORTADO,E613Y6 ,1,F121,95F5,56334,322,0,0,0,951,LECT NEGATIVA,2,,,,1,9MCJD,2025-12-05 16:40:00,2025-12-03 10:18:49,0626,M,9MCCP,E613Y6 ,99701,Nor,  ,,FR,S,GSC
2025-12-01 00:00:00,803160400108,12,DW,07,D,18,001,CRUZ POOT HERIBERTO           ,1C,ACTIVO,989CYJ ,1,F122,15LN,5130,21,0,0,0,951,LECT NEGATIVA,2,,,,1,9MCJD,2025-12-09 08:23:00,2025-12-08 09:00:34,1226,M,GA2CN,989CYJ ,99979,Nor,  ,,FR,S,GSC
2025-12-01 00:00:00,776010500905,30,DW,01,H,36,308,JOSE PENA PECH                ,1C,ACTIVO,3J4E60 ,1,F121,01GG,4614,102,0,0,0,951,LECT NEGATIVA,2,,,,1,9P12J,2025-12-22 17:38:00,2025-12-19 11:08:36,3028,L,9JRBT,3J4E60 ,99901,Nor,  ,,FR,S,GSC
2025-12-01 00:00:00,783090303010,12,DW,12,D,01,120,MORALES UC MARCO ANTONIO      ,1D,ACTIVO,DW732H ,2,F623,19NU,4842,197,59,0,0,951,LECT NEGATIVA,8,DISPLAY APAGADO,,,1,9BBTM,2025-12-10 12:30:00,2025-12-08 08:57:18,1201,M,GAE2M,DW732H ,75,Opt,  ,,,,GSC
2025-12-01 00:00:00,789230900771,06,DW,04,A,01,063,SANCHEZ CARRILLO LANDY DEL SOC,1F,ACTIVO,DKA488 ,2,F623,22NU,3291,445,53,0,0,951,LECT NEGATIVA,8,UI SERV DIRECTO,,,1,9MCF6,2025-12-05 09:46:00,2025-12-03 08:25:44,0601,L,9EMLD,DKA488 ,8,Opt,31,SERVICIO SIN USO,,,GSC
2025-12-01 00:00:00,800960800491,72,DW,07,A,11,111,MENA ROSADO TERESITA DE J     ,02,ACTIVO,L01D28 ,3,FD21,92F4,45286,294,0,0,0,951,LECT NEGATIVA,18,,,,1,9MCJD,2025-12-19 11:17:00,2025-12-17 11:52:08,7202,L,9MCGY,L01D28 ,99938,Nor,  ,,FR,S,GSC
2025-12-01 00:00:00,775250601401,12,DW,01,G,06,123,NOUDJEM NAIMA                 ,1B,ACTIVO,UW099J ,2,F623,    ,99999,500,51,0,0,951,LECT NEGATIVA,4,NO ENCONTRE DOMI,,,1,9P12J,2025-12-09 16:25:00,2025-12-09 11:23:40,1251,R,9BBMC,UW099J ,99500,Opt,  ,,,,GSC
2025-12-01 00:00:00,795080603684,06,DW,05,A,01,062,CRUZ HERNANDEZ ANA FLOR       ,1F,ACTIVO,50UG07 ,1,F121,08JL,14439,39,0,0,0,951,LECT NEGATIVA,2,,,,1,9ND2K,2025-12-03 18:07:00,2025-12-03 08:33:11,0602,M,9JRBH,50UG07 ,99979,Nor,  ,,FR,S,GSC
2025-12-01 00:00:00,793941100457,36,DW,04,F,67,361,LOPEZ BAZAN PLACIDO           ,1F,ACTIVO,47KR20 ,1,F121,07JL,25670,100,0,0,0,951,LECT NEGATIVA,2,,,,1,9MCF6,2025-12-29 11:06:00,2025-12-26 09:32:59,3627,L,R9655,47KR20 ,99899,Nor,  ,,FR,S,GSC
2025-12-01 00:00:00,772090101351,24,DW,01,C,01,243,CIME FRAUSTO MANUEL  JESUS    ,1D,ACTIVO,X3406K ,1,W111,79C0,8338,781,50,0,0,951,LECT NEGATIVA,8,CASA CERRADA,,,1,9P12J,2025-12-18 13:08:00,2025-12-17 10:43:28,2451,R,9MCGC,X3406K ,104,Nor,  ,,,,GSC
2025-12-01 00:00:00,802240700297,34,DW,07,C,18,343,CEN AGUILAR MARIA BEATRIZ     ,1B,ACTIVO,MKX087 ,1,F123,23NX,1730,215,0,0,0,951,LECT NEGATIVA,2,,,,1,9MCJD,2025-12-29 14:09:00,2025-12-23 10:07:47,3403,L,R9871,MKX087 ,99901,Opt,  ,,,,GSC
2025-12-01 00:00:00,770971000139,26,DW,01,A,01,264,LUGO ANGEL DAMIAN             ,1D,CORTADO,K0D432 ,1,F121,88F5,32947,30,0,0,0,951,LECT NEGATIVA,2,,,,1,9P12J,2025-12-19 11:23:00,2025-12-17 12:24:17,2602,M,GA0MN,K0D432 ,99971,Nor,  ,,FR,S,GSC
2025-12-01 00:00:00,786920200021,14,DW,03,B,18,142,ANCELMO EK POOT               ,1B,ACTIVO,A56B38 ,1,F121,91F5,31160,334,0,0,0,951,LECT NEGATIVA,2,,,,1,9ND2R,2025-12-10 17:57:00,2025-12-09 10:42:04,1427,L,GAPQM,A56B38 ,99676,Nor,  ,,FR,S,GSC
2025-12-01 00:00:00,796060903882,24,DW,06,A,01,242,YAM NAVARRO CLEIVER           ,1D,ACTIVO,XNG010 ,1,F123,24NX,773,1306,0,0,0,951,LECT NEGATIVA,16,,,,1,9BBEG,2025-12-18 11:03:00,2025-12-16 14:28:57,2402,M,R9907,XNG010 ,99660,Opt,  ,,,,GSC
2025-12-01 00:00:00,773070900687,22,DW,01,D,04,224,DE LA CRUZ HERNANDEZ MARIA DEL,1C,ACTIVO,UM927E ,2,F623,21NY,9923,955,53,0,0,951,LECT NEGATIVA,8,UI SERV DIRECTO,,,1,9P12J,2025-12-17 12:25:00,2025-12-15 11:17:54,2226,L,9NCYP,UM927E ,1231,Opt,  ,,,,GSC
2025-12-01 00:00:00,788120800775,14,DW,03,D,73,141,CANCHE CAAMAL EUSEBIO         ,09,CORTADO,078AC0 ,3,KL28,11KM,14795,70,0,0,0,951,LECT NEGATIVA,2,,,,1,9ND2R,2025-12-10 15:20:00,2025-12-09 11:57:14,1426,L,9EMGH,078AC0 ,99842,Nor,  ,,LM,S,GSC
2025-12-01 00:00:00,779190304199,16,DW,01,M,17,161,BELTRAN ALARCON HORTENCIA     ,1D,ACTIVO,Y871MT ,2,F623,19NU,9601,180,53,0,0,951,LECT NEGATIVA,8,UI SERV DIRECTO,,,1,9P12J,2025-12-12 12:20:00,2025-12-10 11:06:51,1627,L,R9689,Y871MT ,805,Opt,  ,,,,GSC
2025-12-01 00:00:00,781131101700,22,DW,12,C,01,224,VELAZQUEZ MENDEZ JEREMIAS     ,1D,ACTIVO,667B3N ,2,F622,13LM,21505,706,65,0,0,951,LECT NEGATIVA,8,UI MED INVERTIDO,,,1,9BBTM,2025-12-17 15:28:00,2025-12-15 08:50:17,2204,L,GAKFM,667B3N ,1318,Opt,  ,,,,GSC
2025-12-01 00:00:00,782040403777,38,DW,12,D,01,381,SANDOVAL AGUILAR RENE         ,1D,ACTIVO,357TW6 ,1,F122,12LH,34672,730,53,0,0,951,LECT NEGATIVA,8,UI SERV DIRECTO,,,1,9BBTM,2025-12-30 10:23:00,2025-12-26 08:19:39,3802,L,GA4HN,357TW6 ,515,Opt,  ,,,,GSC
2025-12-01 00:00:00,794180103364,16,DW,04,G,23,001,LOPEZ HERRERA MARICELA        ,1F,ACTIVO,H578LJ ,1,F122,17LN,4300,35,0,0,0,951,LECT NEGATIVA,2,,,,1,9MCF6,2025-12-11 14:43:00,2025-12-10 12:21:34,1626,L,R9642,H578LJ ,99941,Opt,  ,,,,GSC
2025-12-01 00:00:00,795891201756,10,DW,05,A,01,285,ZAVALA GARCIA GUADALUPE       ,02,ACTIVO,2F66M8 ,2,F621,03F3,73690,1410,0,0,0,951,LECT NEGATIVA,2,,,,1,9ND2K,2025-12-08 12:21:00,2025-12-05 09:48:46,1004,M,9JRBH,2F66M8 ,99727,Nor,  ,,FR,S,GSC
2025-12-01 00:00:00,774090500819,12,DW,01,E,02,122,ROSADO VINEGAS HUBERTH DAVID  ,1D,ACTIVO,46B5U9 ,2,F621,08KG,50699,128,0,0,0,951,LECT NEGATIVA,2,,,,1,9P12J,2025-12-09 12:25:00,2025-12-08 09:27:58,1203,L,9NCYE,46B5U9 ,99904,Nor,  ,,FR,S,GSC
2025-12-01 00:00:00,779190601592,34,DW,01,M,05,342,MARIO FRANCISCO  GOMEZ BASULTO,1B,CORTADO,1DAN94 ,1,F123,25NX,98601,824,51,0,0,951,LECT NEGATIVA,8,NO ENCONTRE DOMI,,,1,9P12J,2025-12-29 09:45:00,2025-12-23 11:06:17,3429,L,R9982,1DAN94 ,441,Opt,  ,,,,GSC
2025-12-01 00:00:00,780930501421,24,DW,12,A,01,240,BRIGIDA HOY DE BALAM          ,1D,ACTIVO,832RRA ,1,F122,16LN,12934,117,59,0,0,951,LECT NEGATIVA,8,DISPLAY APAGADO,,,1,9BBTM,2025-12-18 09:23:00,2025-12-16 11:26:04,2401,M,GAF1M,832RRA ,5,Opt,31,SERVICIO SIN USO,,,GSC
2025-12-01 00:00:00,791930700395,18,DW,04,D,48,002,FLORENTINO EK UCAN            ,1F,ACTIVO,L635T7 ,1,F121,96F5,14378,100,0,0,0,951,LECT NEGATIVA,2,,,,1,9MCF6,2025-12-15 12:39:00,2025-12-11 11:55:48,1827,L,9MC6K,L635T7 ,99900,Nor,  ,,FR,S,GSC
2025-12-01 00:00:00,773980302341,22,DW,01,D,01,226,SSP CASETA NO  34             ,02,ACTIVO,ATX167 ,1,F123,22NX,99441,88,59,0,0,951,LECT NEGATIVA,8,DISPLAY APAGADO,,,1,9P12J,2025-12-16 15:14:00,2025-12-15 10:43:29,2202,L,9EMED,ATX167 ,54,Opt,  ,,,,GSC
2025-12-01 00:00:00,786020600164,28,DW,03,B,14,282,MAGANA MALDONADO RANGEL       ,1D,ACTIVO,0J0U83 ,1,F121,01GG,32957,415,0,0,0,951,LECT NEGATIVA,2,,,,1,9ND2R,2025-12-19 11:56:00,2025-12-18 08:54:06,2801,L,9ND4A,0J0U83 ,99969,Nor,  ,,FR,S,GSC
2025-12-01 00:00:00,770250500343,34,DW,01,A,01,344,VALENCIA BATUN CARLOS EMANUEL ,02,ACTIVO,RAX261 ,2,F623,24NY,99998,194,56,0,0,951,LECT NEGATIVA,4,NO HAY MEDIDOR,,,1,9P12J,2025-12-26 13:02:00,2025-12-23 12:19:07,3401,M,G92B3,RAX261 ,8,Opt,31,SERVICIO SIN USO,,,GSC
2025-12-01 00:00:00,770750411371,18,DW,01,A,01,182,LUISA CONTRERAS R             ,1D,ACTIVO,PKD962 ,1,F123,24NX,257,236,56,0,0,951,LECT NEGATIVA,8,NO HAY MEDIDOR,,,1,9P12J,2025-12-15 12:52:00,2025-12-11 08:31:04,1801,L,9P14V,PKD962 ,161,Opt,  ,,,,GSC
2025-12-01 00:00:00,781190400761,36,DW,12,B,01,363,COTO PEREZ ADELFO             ,1D,ACTIVO,JFU254 ,2,F623,23NU,2456,1001,53,0,0,951,LECT NEGATIVA,8,UI SERV DIRECTO,,,1,9BBTM,2025-12-30 10:50:00,2025-12-26 10:20:40,3603,M,9NCX2,JFU254 ,1921,Opt,  ,,,,GSC
2025-12-01 00:00:00,792170700167,79,DW,04,E,99,791,CHAIREZ JIMENEZ LEOBARDO      ,9M,ACTIVO,GEE066 ,3,KL28,22NJ,594,62,56,0,0,951,LECT NEGATIVA,8,NO HAY MEDIDOR,,,1,9MCF6,2025-12-30 14:42:00,2025-12-29 18:52:48,7901,L,9NCVL,GEE066 ,99938,Nor,  ,,LN,S,GSC
2025-12-01 00:00:00,790230500348,18,DW,04,C,71,002,UCAN EK DELIA MARIA           ,1F,ACTIVO,UC761V ,2,F623,21NY,3296,408,53,0,0,951,LECT NEGATIVA,8,UI SERV DIRECTO,,,1,9MCF6,2025-12-15 13:36:00,2025-12-11 11:56:59,1827,L,R9658,UC761V ,90,Opt,  ,,,,GSC
2025-12-01 00:00:00,781240401080,30,DW,12,B,01,304,VEGA ALVAREZ EDGAR ENRIQUE    ,1D,ACTIVO,JFT373 ,2,F623,23NU,1400,371,57,0,0,951,LECT NEGATIVA,8,RUTA INCOMPLETA,,,1,9BBTM,2025-12-23 12:14:00,2025-12-19 08:48:29,3001,L,GATKM,JFT373 ,93,Opt,  ,,,,GSC
2025-12-01 00:00:00,776211100298,18,DW,01,H,57,181,CUPUL KUYOC JULIO CESAR       ,1D,ACTIVO,MA210X ,2,F623,20NU,302,712,0,0,0,951,LECT NEGATIVA,2,,,,1,9P12J,2025-12-15 09:22:00,2025-12-11 10:33:11,1827,L,9P167,MA210X ,99314,Opt,  ,,,,GSC
2025-12-01 00:00:00,801060502288,38,DW,07,B,80,802,DURAN DIAZ ANTONIO            ,1B,ACTIVO,4P254M ,1,F121,06JL,7773,105,0,0,0,951,LECT NEGATIVA,2,,,,1,9MCJD,2025-12-29 17:12:00,2025-12-26 12:48:09,3827,L,9MCFY,4P254M ,99907,Nor,  ,,FR,S,GSC
2025-12-01 00:00:00,801140500359,32,DW,07,B,54,548,KAUIL PUC SEBASTIAN           ,1B,ACTIVO,62JD82 ,1,F121,07JL,4948,109,0,0,0,951,LECT NEGATIVA,2,,,,1,9MCJD,2025-12-23 06:45:00,2025-12-22 14:29:21,3230,M,GAVNM,62JD82 ,99922,Nor,  ,,FR,S,GSC
2025-12-01 00:00:00,772051100789,24,DW,01,C,01,246,HERRERA COB JOSE JESUS        ,1D,ACTIVO,AT4919 ,1,W111,80C0,498,422,0,0,0,951,LECT NEGATIVA,2,,,,1,9P12J,2025-12-18 13:07:00,2025-12-16 09:48:22,2403,M,9MCGC,AT4919 ,9777,Nor,  ,,LN,S,GSC
2025-12-01 00:00:00,802030300458,24,DW,07,C,41,241,GONZALEZ PROMOTOR AGAPITO     ,1A,ACTIVO,V271VY ,1,F122,19LN,11081,271,0,0,0,951,LECT NEGATIVA,2,,,,1,9MCJD,2025-12-18 12:49:00,2025-12-16 09:56:45,2426,M,9ND12,V271VY ,99782,Opt,  ,,,,GSC
2025-12-01 00:00:00,800930900342,14,DW,07,A,15,004,CANUL CEN PORFIRIO            ,1B,ACTIVO,P80R68 ,1,F121,93F5,10756,218,0,0,0,951,LECT NEGATIVA,2,,,,1,9MCJD,2025-12-11 14:14:00,2025-12-09 14:32:56,1428,L,9MCAW,P80R68 ,99813,Nor,  ,,FR,S,GSC
2025-12-01 00:00:00,796160600101,71,DW,06,A,23,231,MUNICIPIO DE OTHON P BLANCO   ,5A,ACTIVO,178FML ,2,F622,15LM,11863,105,0,0,0,951,LECT NEGATIVA,18,,,,1,9BBEG,2025-12-18 12:04:00,2025-12-16 13:10:15,7101,L,9MCK8,178FML ,99895,Opt,  ,,,,GSC
2025-12-01 00:00:00,789831100357,14,DW,04,B,23,141,MUT DOMINGUEZ MANUEL J        ,1F,SUJETO A CORTE,PBT765 ,1,F123,24NX,160,307,0,0,0,951,LECT NEGATIVA,2,,,,1,9MCF6,2025-12-11 09:40:00,2025-12-10 11:45:45,1452,R,9BBCL,PBT765 ,99693,Opt,  ,,,,GSC
2025-12-01 00:00:00,796130101894,20,DW,06,A,01,201,SOLIS FARFAN MARCOS ENRIQUE   ,1D,ACTIVO,3AAC27 ,2,F623,25NY,179,1237,0,0,0,951,LECT NEGATIVA,16,,,,1,9BBEG,2025-12-16 07:22:00,2025-12-12 10:30:09,2002,M,9ND4X,3AAC27 ,99031,Opt,  ,,,,GSC
2025-12-01 00:00:00,801981200074,12,DW,07,B,06,012,ELOISA PEREZ DE R             ,1B,ACTIVO,00WT91 ,1,F121,08JL,3890,91,0,0,0,951,LECT NEGATIVA,2,,,,1,9MCJD,2025-12-09 08:46:00,2025-12-08 11:15:52,1201,L,GAPFM,00WT91 ,99899,Nor,  ,,FR,S,GSC
2025-12-01 00:00:00,788050301113,30,DW,03,D,28,301,DZUL PECH CANDIDO             ,1B,ACTIVO,2D756K ,1,F121,05JL,10774,100,0,0,0,951,LECT NEGATIVA,2,,,,1,9ND2R,2025-12-22 08:15:00,2025-12-19 09:52:23,3026,L,9JR7D,2D756K ,99900,Nor,  ,,FR,S,GSC
2025-12-01 00:00:00,801971001405,34,DW,07,B,26,261,NAHUAT DZIB ESTEBAN           ,1B,ACTIVO,M020W9 ,1,F121,96F5,28000,98,0,0,0,951,LECT NEGATIVA,2,,,,1,9MCJD,2025-12-26 14:23:00,2025-12-23 12:55:25,3430,L,GAT3M,M020W9 ,99902,Nor,  ,,FR,S,GSC
2025-12-01 00:00:00,804140200109,04,DW,08,A,07,001,ESCAMILLA BRICENO FRANCISCO   ,1B,ACTIVO,349RM4 ,1,F122,12LH,515,47,0,0,0,951,LECT NEGATIVA,18,,,,1,9ND09,2025-12-04 12:54:00,2025-12-02 08:16:01,0426,L,9JR2G,349RM4 ,99976,Opt,  ,,,,GSC
2025-12-01 00:00:00,806201200291,12,DW,08,C,40,121,CEDILLO ALVAREZ LUCIANO       ,1C,ACTIVO,RBE751 ,2,F623,24NY,413,72,59,0,0,951,LECT NEGATIVA,8,DISPLAY APAGADO,,,1,9ND09,2025-12-10 09:37:00,2025-12-08 09:31:40,1226,L,9ND5B,RBE751 ,46,Opt,  ,,,,GSC
2025-12-01 00:00:00,779241204259,36,DW,01,M,13,365,VAZQUEZ CHUC MELISSA GUADALUPE,1D,CORTADO,RCG922 ,2,F623,24NY,10818,862,51,0,0,951,LECT NEGATIVA,4,NO ENCONTRE DOMI,,,1,9P12J,2025-12-30 11:51:00,2025-12-29 10:39:34,3651,R,R9982,RCG922 ,9527,Opt,  ,,,,GSC
2025-12-01 00:00:00,787081100608,38,DW,03,C,78,001,DIAZ TZUC TEOFILA             ,1C,ACTIVO,17WT70 ,1,F121,08JL,60,15,0,0,0,951,LECT NEGATIVA,2,,,,1,9ND2R,2025-12-29 12:05:00,2025-12-26 17:30:44,3827,L,GA6WN,17WT70 ,99874,Nor,  ,,FR,S,GSC
2025-12-01 00:00:00,796090704612,30,DW,06,A,01,306,LOPEZ SOSA NELDA BACILIA      ,1D,ACTIVO,4PR772 ,1,F121,99GG,38479,88,0,0,0,951,LECT NEGATIVA,18,,,,1,9BBEG,2025-12-23 10:04:00,2025-12-19 07:21:34,3001,M,9MCK8,4PR772 ,99958,Nor,  ,,FR,S,GSC
2025-12-01 00:00:00,776150100052,18,DW,01,H,57,181,MORENO CANCHE JOSE CONCEPCION ,1D,ACTIVO,339P6U ,1,F122,14LN,1612,38,53,0,0,951,LECT NEGATIVA,8,UI SERV DIRECTO,,,1,9P12J,2025-12-15 09:22:00,2025-12-11 10:16:59,1827,L,9P167,339P6U ,155,Opt,  ,,,,GSC
2025-12-01 00:00:00,779970400807,34,DW,01,M,05,343,GABINA DUARTE C               ,1B,ACTIVO,112M5E ,1,F122,14LN,7231,300,53,0,0,951,LECT NEGATIVA,8,UI SERV DIRECTO,,,1,9P12J,2025-12-29 09:46:00,2025-12-23 11:22:11,3427,L,G92B2,112M5E ,636,Opt,  ,,,,GSC
2025-12-01 00:00:00,782011201235,24,DW,12,C,01,242,CONTRERAS MARCIAL VICTOR      ,1D,ACTIVO,3D5M84 ,1,F121,00GG,30474,25,0,0,0,951,LECT NEGATIVA,2,,,,1,9BBTM,2025-12-18 14:16:00,2025-12-16 11:18:58,2401,L,9P120,3D5M84 ,99965,Nor,  ,,FR,S,GSC
2025-12-01 00:00:00,783040403072,26,DW,12,D,01,263,AGRDOS Y MAQUI DEL CBE SA CV  ,1D,CORTADO,FKA777 ,1,F123,22NX,830,189,53,0,0,951,LECT NEGATIVA,8,UI SERV DIRECTO,,,1,9BBTM,2025-12-19 14:24:00,2025-12-17 08:30:31,2602,M,GA4HN,FKA777 ,392,Opt,  ,,,,GSC
2025-12-01 00:00:00,793760900010,06,DW,04,F,12,061,BARTOLO GONZALEZ PEREZ        ,1F,ACTIVO,Y771PC ,2,F623,19NU,15797,1698,60,0,0,951,LECT NEGATIVA,8,MEDID NO TRABAJA,,,1,9MCF6,2025-12-05 10:15:00,2025-12-03 09:45:12,0602,L,9ND76,Y771PC ,172,Opt,  ,,,,GSC
2025-12-01 00:00:00,786060201297,38,DW,03,B,14,383,SALAZAR MAY GUADALUPE         ,1D,ACTIVO,0N682H ,1,F121,06JL,24162,80,0,0,0,951,LECT NEGATIVA,2,,,,1,9ND2R,2025-12-29 08:42:00,2025-12-26 12:24:58,3801,L,9ND4A,0N682H ,99951,Nor,  ,,FR,S,GSC
2025-12-01 00:00:00,797060901347,10,DW,06,B,28,281,YEH POOT JUSTINO              ,1B,ACTIVO,5PR010 ,1,F121,99GG,19979,147,0,0,0,951,LECT NEGATIVA,2,,,,1,9BBEG,2025-12-08 13:36:00,2025-12-05 06:16:20,1028,L,R9223,5PR010 ,99916,Nor,  ,,FR,S,GSC
2025-12-01 00:00:00,800141201014,22,DW,07,A,01,003,MENESES MENDEZ MANUEL DE JESUS,1B,ACTIVO,27X86L ,1,F12H,11KU,3443,60,0,0,0,951,LECT NEGATIVA,2,,,,1,9MCJD,2025-12-17 07:23:00,2025-12-15 17:42:02,2227,L,GAVNM,27X86L ,99940,Opt,  ,,,,GSC
2025-12-01 00:00:00,800171100689,18,DW,07,A,05,181,CORONADO CAMARA JOSE ENRIQUE  ,1B,SUJETO A CORTE,H893LF ,1,F122,17LN,1121,49,0,0,0,951,LECT NEGATIVA,2,,,,1,9MCJD,2025-12-15 13:28:00,2025-12-11 11:14:19,1803,L,9MCAW,H893LF ,99981,Opt,  ,,,,GSC
2025-12-01 00:00:00,774060304128,40,DW,01,E,02,404,CERVERA CECILIO ELOYNA DEL C  ,02,ACTIVO,0TK332 ,2,F621,99F3,20181,181,0,0,0,951,LECT NEGATIVA,2,,,,1,9P12J,2025-12-30 11:47:00,2025-12-29 09:38:40,4006,M,9MCG8,0TK332 ,99985,Nor,  ,,FR,S,GSC
2025-12-01 00:00:00,775790500042,16,DW,01,G,01,165,JOSE LUIS LOPEZ ORTEGA        ,1B,CORTADO,5V658W ,1,F121,06JL,2667,1000,0,0,0,951,LECT NEGATIVA,2,,,,1,9P12J,2025-12-11 14:42:00,2025-12-10 14:16:46,1601,M,GA81N,5V658W ,99000,Nor,  ,,FR,S,GSC
2025-12-01 00:00:00,785190800374,34,DW,03,A,09,001,CHIM COLLI FRANCISCO          ,1B,ACTIVO,X143CE ,1,F123,19NM,1501,167,0,0,0,951,LECT NEGATIVA,2,,,,1,9ND2R,2025-12-26 12:42:00,2025-12-23 16:09:38,3426,L,9MCH1,X143CE ,99839,Opt,  ,,,,GSC
2025-12-01 00:00:00,792190500334,70,DW,04,E,79,711,GARY BUENFIL MAURO ARTURO     ,67,ACTIVO,G000XK ,3,KL28,17KE,11479,4737,0,0,0,951,LECT NEGATIVA,18,,,,1,9MCF6,2025-12-17 12:11:00,2025-12-15 13:34:20,7001,L,GA20N,G000XK ,95059,Opt,  ,,,,GSC
2025-12-01 00:00:00,796890701549,32,DW,06,A,05,052,TORRES ONTIVEROS ANTONIO      ,1B,ACTIVO,9P3W50 ,1,F121,01GG,7839,20,0,0,0,951,LECT NEGATIVA,2,,,,1,9BBEG,2025-12-24 10:50:00,2025-12-22 10:13:34,3227,L,R9907,9P3W50 ,99980,Nor,  ,,FR,S,GSC
2025-12-01 00:00:00,802161200637,18,DW,07,C,42,427,GROESCH MENDIZABAL ERIKA G    ,1A,ACTIVO,500MBR ,2,F622,16LM,13017,85,0,0,0,951,LECT NEGATIVA,2,,,,1,9MCJD,2025-12-15 14:32:00,2025-12-11 09:09:40,1827,M,GAM7M,500MBR ,99978,Opt,  ,,,,GSC
2025-12-01 00:00:00,782220604690,06,DW,12,C,01,062,HERNANDEZ MONTIEL MIRIAM SELEN,1D,ACTIVO,YC705H ,2,F623,21NU,16233,974,53,0,0,951,LECT NEGATIVA,8,UI SERV DIRECTO,,,1,9BBTM,2025-12-05 13:13:00,2025-12-03 15:08:42,0603,M,GAKFM,YC705H ,499,Opt,  ,,,,GSC
2025-12-01 00:00:00,773130602435,26,DW,01,D,04,260,UH KAM LAURA JANELLI          ,1C,ACTIVO,NK327A ,2,F623,20NU,14015,444,53,0,0,951,LECT NEGATIVA,8,UI SERV DIRECTO,,,1,9P12J,2025-12-18 15:20:00,2025-12-17 10:22:42,2626,L,9BBR3,NK327A ,370,Opt,  ,,,,GSC
2025-12-01 00:00:00,773990900204,04,DW,01,D,01,042,L RODRIGUEZ VICTOR            ,1D,ACTIVO,0MW124 ,2,F621,98F3,78847,1886,0,0,0,951,LECT NEGATIVA,2,,,,1,9P12J,2025-12-03 13:41:00,2025-12-02 10:28:55,0402,L,9BBR3,0MW124 ,99491,Nor,  ,,FR,S,GSC
2025-12-01 00:00:00,779031101163,65,DW,01,M,15,652,UNIVERSIDAD AUTONOMA CHAPINGO ,09,ACTIVO,0F89K3 ,2,F421,03GH,1355,300,0,0,0,951,LECT NEGATIVA,2,,,,1,9P12J,2025-12-10 09:44:00,2025-12-08 09:07:31,6503,L,R9982,0F89K3 ,99700,Nor,  ,,LN,S,GSC
2025-12-01 00:00:00,808150600909,20,DW,08,E,69,202,YE MEZETA JOSE ALFREDO        ,1B,ACTIVO,574V5G ,1,F122,14LN,976,16,52,0,0,951,LECT NEGATIVA,8,COMUNICACION INTERRU,,,1,9ND09,2025-12-16 10:54:00,2025-12-12 11:49:21,2027,M,GAFUM,574V5G ,99984,Opt,  ,,,,GSC
2025-12-01 00:00:00,796111102057,34,DW,06,A,01,341,GUERRERO TREJO MAGDALENA      ,02,ACTIVO,43W16B ,2,F62H,11KN,5268,89,0,0,0,951,LECT NEGATIVA,18,,,,1,9BBEG,2025-12-26 10:31:00,2025-12-23 12:04:48,3403,M,R9907,43W16B ,99916,Nor,  ,,FR,S,GSC
2025-12-01 00:00:00,780170602264,14,DW,12,A,01,140,RAMOS SANCHEZ ARIANNA RUBY    ,1D,ACTIVO,A262KP ,2,F622,16LM,67553,1570,59,0,0,951,LECT NEGATIVA,8,DISPLAY APAGADO,,,1,9BBTM,2025-12-11 13:01:00,2025-12-09 10:40:10,1401,M,GA4GN,A262KP ,2075,Opt,  ,,,,GSC
2025-12-01 00:00:00,797941200392,30,DW,06,B,32,321,GONZALEZ GUZMAN JOEL G        ,02,ACTIVO,Y00M28 ,3,F121,94F5,6661,130,53,0,0,951,LECT NEGATIVA,8,UI SERV DIRECTO,,,1,9BBEG,2025-12-23 06:47:00,2025-12-19 06:40:36,3027,L,R9223,Y00M30 ,100925,Nor,  ,,FR,S,GSC
2025-12-01 00:00:00,780250108112,20,DW,12,A,05,201,RIVERA RAMIREZ SARA           ,1D,ACTIVO,RBT054 ,2,F623,24NY,99657,33,53,0,0,951,LECT NEGATIVA,4,UI SERV DIRECTO,,,1,9BBTM,2025-12-16 10:02:00,2025-12-12 12:36:47,2051,N,GA4GN,RBT054 ,155,Opt,  ,,,,GSC
2025-12-01 00:00:00,796250901746,26,DW,06,A,37,263,MONTIEL PEREZ ARTURO          ,1B,ACTIVO,2DVU27 ,2,F623,25NY,30,130,0,0,0,951,LECT NEGATIVA,2,,,,1,9BBEG,2025-12-19 12:43:00,2025-12-17 13:04:05,2628,L,G92BA,2DVU27 ,99923,Opt,  ,,,,GSC
2025-12-01 00:00:00,796990304296,38,DW,06,A,30,301,MORALES MARTINEZ DAVID        ,1C,ACTIVO,5MM020 ,1,F121,98GG,30164,19,0,0,0,951,LECT NEGATIVA,18,,,,1,9BBEG,2025-12-30 09:29:00,2025-12-26 12:44:22,3827,L,R9723,5MM020 ,99981,Nor,  ,,FR,S,GSC
2025-12-01 00:00:00,789090300582,26,DW,04,B,23,266,ORTEGON RAMIREZ GLADIS FELIPA ,1F,ACTIVO,4C6E76 ,1,F121,00GG,27301,195,0,0,0,951,LECT NEGATIVA,2,,,,1,9MCF6,2025-12-19 11:55:00,2025-12-17 10:03:50,2603,M,9MC4D,4C6E76 ,99935,Nor,  ,,FR,S,GSC
2025-12-01 00:00:00,780970802113,04,DW,12,A,01,040,SATURNINO GARDUZA ARIAS       ,1D,ACTIVO,615TY8 ,1,F122,12LH,35647,422,53,0,0,951,LECT NEGATIVA,8,UI SERV DIRECTO,,,1,9BBTM,2025-12-04 08:19:00,2025-12-02 08:51:01,0402,M,GABCM,615TY8 ,357,Opt,  ,,,,GSC
2025-12-01 00:00:00,801750201213,01,DW,07,B,06,013,RICARDO CRUZ CANO             ,1B,ACTIVO,JCV445 ,2,F623,23NU,8153,891,0,0,0,951,LECT NEGATIVA,18,,,,1,9MCJD,2025-12-30 16:36:00,,,,,,,,,,,,GSC
2025-12-01 00:00:00,770930600512,22,DW,01,A,01,221,FELIPE CALDERON GOMEZ         ,02,ACTIVO,3008VH ,3,F121,7091,29004,124,0,0,0,951,LECT NEGATIVA,2,,,,1,9P12J,2025-12-17 11:37:00,2025-12-15 15:31:10,2202,M,G92B3,3010VH ,100050,Nor,  ,,FR,S,GSC
2025-12-01 00:00:00,796250401841,30,DW,06,A,01,304,GALVAN ALCOCER ROBERTO ALEXAND,1D,ACTIVO,RBM564 ,2,F623,24NY,37,5,0,0,0,951,LECT NEGATIVA,18,,,,1,9BBEG,2025-12-23 09:15:00,2025-12-19 10:40:00,3004,M,R9723,RBM564 ,99981,Opt,  ,,,,GSC
2025-12-01 00:00:00,797030101010,14,DW,06,B,13,131,IGLESIA CATOLICA              ,02,ACTIVO,6P5W26 ,1,F121,01GG,4802,12,0,0,0,951,LECT NEGATIVA,18,,,,1,9BBEG,2025-12-11 13:05:00,2025-12-09 07:24:17,1426,L,R9174,6P5W26 ,99971,Nor,  ,,FR,S,GSC
2025-12-01 00:00:00,810191107391,18,DW,22,A,02,183,CEN TAMAY ADDY IRENE          ,1B,ACTIVO,L231UC ,1,F122,18LN,510,115,0,0,0,951,LECT NEGATIVA,2,,,,1,9MCCM,2025-12-12 09:10:00,2025-12-11 08:04:16,1803,M,9MCKW,L231UC ,99910,Opt,  ,,,,GSC
2025-12-01 00:00:00,774750600587,06,DW,01,E,02,064,RAUL MAY MAY                  ,1D,ACTIVO,DL9108 ,1,F121,81EG,912,126,0,0,0,951,LECT NEGATIVA,18,,,,1,9P12J,2025-12-04 12:14:00,2025-12-03 09:28:18,0604,L,9EMHG,DL9108 ,9957,Nor,  ,,LN,S,GSC
2025-12-01 00:00:00,776930500249,28,DW,01,H,36,286,JOSE P BORGES NOVELO          ,1C,ACTIVO,9E0L70 ,1,F121,01GG,40923,115,0,0,0,951,LECT NEGATIVA,2,,,,1,9P12J,2025-12-22 10:31:00,2025-12-18 11:38:12,2827,L,9MCGE,9E0L70 ,99901,Nor,  ,,FR,S,GSC
2025-12-01 00:00:00,782060903547,20,DW,12,C,01,202,LAZARO LOPEZ JORGE            ,1D,ACTIVO,25M8P7 ,2,F62H,09KN,53422,548,53,0,0,951,LECT NEGATIVA,8,UI SERV DIRECTO,,,1,9BBTM,2025-12-16 15:50:00,2025-12-13 08:23:06,2051,R,R9895,25M8P7 ,687,Nor,  ,,LM,S,GSC
2025-12-01 00:00:00,786020301761,20,DW,03,B,18,200,SOCIEDAD COPERATIVA           ,1B,ACTIVO,6R4H04 ,1,F121,01GG,12782,100,0,0,0,951,LECT NEGATIVA,2,,,,1,9ND2R,2025-12-15 10:31:00,2025-12-12 10:35:45,2028,L,R9855,6R4H04 ,99900,Nor,  ,,FR,S,GSC
2025-12-01 00:00:00,800150500393,78,DW,07,A,06,009,CHAY BAAS GILBERTO            ,02,ACTIVO,716JHD ,2,F622,15LM,8315,85,0,0,0,951,LECT NEGATIVA,2,,,,1,9MCJD,2025-12-30 13:28:00,2025-12-26 10:27:32,7801,L,9MC6T,716JHD ,99988,Opt,  ,,,,GSC
2025-12-01 00:00:00,314171000658,24,DW,05,B,05,051,TACU HERNANDEZ JOSE J         ,1F,CORTADO,F154CF ,1,F122,17LN,18010,292,0,0,0,951,LECT NEGATIVA,2,,,,1,9ND2K,2025-12-17 12:41:00,2025-12-16 09:21:02,2426,M,9ND9J,F154CF ,99708,Opt,  ,,,,GSC
2025-12-01 00:00:00,794070300270,24,DW,04,G,69,243,CASA DE SALUD EJ AGUA MALA    ,02,ACTIVO,69X70L ,1,F12H,11KU,52,20,0,0,0,951,LECT NEGATIVA,2,,,,1,9MCF6,2025-12-17 12:33:00,2025-12-16 12:00:23,2426,L,R9642,69X70L ,99980,Nor,  ,,FR,S,GSC
2025-12-01 00:00:00,810020403561,18,DW,22,A,02,184,JOSE MANUEL PECH DZIB         ,1B,ACTIVO,3J3E98 ,1,F121,01GG,7630,134,0,0,0,951,LECT NEGATIVA,2,,,,1,9MCCM,2025-12-12 09:28:00,2025-12-11 10:34:14,1804,M,9JR5N,3J3E98 ,99942,Nor,  ,,FR,S,GSC
2025-12-01 00:00:00,810140803181,40,DW,22,A,01,401,QUIAM DZIB GERTRUDIS          ,02,CORTADO,133MFU ,2,F62J,15MT,9140,234,0,0,0,951,LECT NEGATIVA,2,,,,1,9MCCM,2025-12-30 08:04:00,2025-12-29 08:35:24,4051,R,9NCT0,133MFU ,99948,Nor,  ,,FR,S,GSC
2025-12-01 00:00:00,795070602396,26,DW,05,A,01,261,GARCIA LOPEZ EDILBERTO        ,1F,ACTIVO,52FA89 ,1,F121,07JL,20838,147,0,0,0,951,LECT NEGATIVA,2,,,,1,9ND2K,2025-12-18 09:16:00,2025-12-17 07:12:25,2604,M,9NCUF,52FA89 ,99940,Nor,  ,,FR,S,GSC
2025-12-01 00:00:00,810160204151,71,DW,22,A,01,716,LA CHANCLUDA SA DE CV         ,67,ACTIVO,CKU905 ,3,VL28,22NJ,5500,14000,50,0,0,951,LECT NEGATIVA,8,CASA CERRADA,,,1,9MCCM,2025-12-17 08:50:00,2025-12-16 09:03:50,7106,L,GA21N,CKU905 ,99990,Opt,  ,,,,GSC
2025-12-01 00:00:00,797120400971,10,DW,06,B,24,241,CHAN RIVAS AMALIA             ,1B,ACTIVO,08X50M ,1,F12H,11KU,29000,472,0,0,0,951,LECT NEGATIVA,2,,,,1,9BBEG,2025-12-08 13:34:00,2025-12-05 07:37:04,1027,L,R9174,08X50M ,99440,Opt,  ,,,,GSC
2025-12-01 00:00:00,802221000853,40,DW,07,C,09,402,CASTILLO CITUK ROBERTO CARLOS ,1B,ACTIVO,AWH001 ,1,F123,22NX,1556,14,0,0,0,951,LECT NEGATIVA,2,,,,1,9MCJD,2025-12-01 13:51:00,2025-12-29 11:49:34,4026,L,9MCCP,AWH001 ,99987,Opt,  ,,,,GSC
2025-12-01 00:00:00,812070200931,20,DW,22,C,01,201,XIU MANZANERO JORGE LUIS      ,1B,ACTIVO,67BP23 ,1,F121,06JL,12140,250,0,0,0,951,LECT NEGATIVA,2,,,,1,9MCCM,2025-12-15 10:37:00,2025-12-12 10:25:59,2001,M,9NCT2,67BP23 ,99955,Nor,  ,,FR,S,GSC
2025-12-01 00:00:00,788110900020,06,DW,03,D,35,001,RADIOMOVIL DIPSA SA DE CV     ,02,ACTIVO,MV889L ,2,KL28,20KE,43603,21698,0,0,0,951,LECT NEGATIVA,16,,,,1,9ND2R,2025-12-03 18:38:00,2025-12-03 13:41:38,0626,L,9EMGH,MV889L ,84947,Opt,  ,,,,GSC
2025-12-01 00:00:00,787250300794,06,DW,03,C,71,061,UCAN UCAN ENRIQUE FERNANDO    ,1B,CORTADO,PBH110 ,1,F123,24NX,0,50,0,0,0,951,LECT NEGATIVA,2,,,,1,9ND2R,2025-12-04 12:21:00,2025-12-03 13:38:42,0626,L,9MCCY,PBH110 ,99550,Opt,  ,,,,GSC
2025-12-01 00:00:00,786120802121,36,DW,03,B,22,361,YAM COCOM ANCELMO             ,1B,ACTIVO,8D63C1 ,1,F121,03GG,8628,146,0,0,0,951,LECT NEGATIVA,2,,,,1,9ND2R,2025-12-29 08:41:00,2025-12-26 09:21:31,3626,L,GAGJM,8D63C1 ,99955,Nor,  ,,FR,S,GSC
2025-12-01 00:00:00,795071104250,08,DW,05,A,01,085,VERDEJO MORALES MARIA DEL C   ,1F,ACTIVO,6W37A5 ,2,F621,04F3,17510,59,0,0,0,951,LECT NEGATIVA,2,,,,1,9ND2K,2025-12-04 14:08:00,2025-12-04 09:26:06,0803,M,9ND51,6W37A5 ,99940,Nor,  ,,FR,S,GSC
2025-12-01 00:00:00,802080300491,18,DW,07,C,42,186,REYES FELIX TERESA            ,1A,ACTIVO,066EK8 ,2,F62J,11L2,7937,130,0,0,0,951,LECT NEGATIVA,2,,,,1,9MCJD,2025-12-15 14:28:00,2025-12-11 11:28:07,1828,M,9MCCP,066EK8 ,99948,Nor,  ,,FR,S,GSC
2025-12-01 00:00:00,794250500404,36,DW,04,G,76,366,TEIT CFE                      ,1F,ACTIVO,RBL384 ,2,F623,24NY,0,60,0,0,0,951,LECT NEGATIVA,2,,,,1,9MCF6,2025-12-30 10:39:00,2025-12-26 11:31:36,3626,L,R9484,RBL384 ,99832,Opt,  ,,,,GSC
2025-12-01 00:00:00,797081000587,36,DW,06,B,01,361,MORENO EPIFANIA               ,1B,ACTIVO,69VP74 ,1,F121,08JL,3187,179,0,0,0,951,LECT NEGATIVA,2,,,,1,9BBEG,2025-12-29 18:18:00,2025-12-26 08:20:17,3602,L,R9223,69VP74 ,99979,Nor,  ,,FR,S,GSC
2025-12-01 00:00:00,804040400771,30,DW,08,A,09,302,CAMBRANIS JUAREZ ANDRES       ,1B,ACTIVO,3N30K0 ,1,F121,04GG,372,100,0,0,0,951,LECT NEGATIVA,2,,,,1,9ND09,2025-12-23 13:34:00,2025-12-19 08:52:53,3026,L,GAPUM,3N30K0 ,99900,Nor,  ,,FR,S,GSC
2025-12-01 00:00:00,793111102414,04,DW,04,F,11,044,NIETO DUENAS SILVIA           ,1F,ACTIVO,DJY536 ,2,F623,22NU,27567,441,0,0,0,951,LECT NEGATIVA,2,,,,1,9MCF6,2025-12-04 15:14:00,2025-12-02 10:17:50,0428,L,9ND76,DJY536 ,19967,Opt,  ,,,,GSC
2025-12-01 00:00:00,802110700171,08,DW,07,C,26,236,CANUL KUMUL GREGORIO          ,1B,ACTIVO,7C438N ,1,F421,05GH,12764,100,0,0,0,951,LECT NEGATIVA,2,,,,1,9MCJD,2025-12-08 09:07:00,2025-12-04 16:41:06,0826,M,9ND12,7C438N ,99901,Nor,  ,,FR,S,GSC
2025-12-01 00:00:00,802161200629,18,DW,07,C,42,427,GROESCH MENDIZABAL ERIKA G    ,1A,ACTIVO,411MBR ,2,F622,16LM,13092,129,0,0,0,951,LECT NEGATIVA,2,,,,1,9MCJD,2025-12-15 14:32:00,2025-12-11 09:09:35,1827,M,GAM7M,411MBR ,99872,Opt,  ,,,,GSC
2025-12-01 00:00:00,778940400121,06,DW,01,K,52,065,JOSE GASPAR MANZANERO         ,1C,ACTIVO,T44F21 ,1,F121,93F5,28689,24,0,0,0,951,LECT NEGATIVA,2,,,,1,9P12J,2025-12-04 18:51:00,2025-12-03 12:10:35,0626,M,9BBR5,T44F21 ,99980,Nor,  ,,FR,S,GSC
2025-12-01 00:00:00,811080901745,26,DW,22,B,01,262,LOPEZ FERNANDEZ MARIA TEODORA ,1D,ACTIVO,41C4C1 ,2,F621,08KG,62080,1141,0,0,0,951,LECT NEGATIVA,2,,,,1,9MCCM,2025-12-18 11:06:00,2025-12-17 10:08:27,2601,M,9NCT6,41C4C1 ,99242,Nor,  ,,FR,S,GSC
2025-12-01 00:00:00,770980400611,26,DW,01,A,01,264,ZOILA TORRES SUAREZ           ,1D,ACTIVO,L28E59 ,3,FD21,92F4,2486,100,0,0,0,951,LECT NEGATIVA,2,,,,1,9P12J,2025-12-19 11:21:00,2025-12-17 11:44:15,2602,M,GA0MN,L28E59 ,99900,Nor,  ,,FR,S,GSC
2025-12-01 00:00:00,789091202045,30,DW,04,B,02,301,RODRIGUEZ BERZUNZA LUIS ANGEL ,1F,SUJETO A CORTE,PBN752 ,1,F123,24NX,732,185,0,0,0,951,LECT NEGATIVA,2,,,,1,9MCF6,2025-12-22 11:05:00,2025-12-19 13:24:40,3029,M,9NCVL,PBN752 ,99979,Opt,  ,,,,GSC
2025-12-01 00:00:00,792121200451,34,DW,04,E,90,001,HUCHIN HAAS FABIANO           ,1F,ACTIVO,55LU02 ,1,F121,07JL,13470,99,0,0,0,951,LECT NEGATIVA,2,,,,1,9MCF6,2025-12-26 11:47:00,2025-12-23 11:52:07,3426,L,9P149,55LU02 ,99901,Nor,  ,,FR,S,GSC
2025-12-01 00:00:00,801181001448,10,DW,07,B,06,103,VALDEZ MUNOZ FRANCISCO JAVIER ,1B,ACTIVO,L508FE ,1,F122,18LN,13000,1366,0,0,0,951,LECT NEGATIVA,2,,,,1,9MCJD,2025-12-08 16:37:00,2025-12-05 09:18:43,1001,M,9ND1A,L508FE ,99037,Opt,  ,,,,GSC
2025-12-01 00:00:00,779990402423,30,DW,01,M,07,301,FERNANDO PATI O VALERA        ,1B,ACTIVO,Y962R4 ,1,F121,97F5,23013,14,0,0,0,951,LECT NEGATIVA,2,,,,1,9P12J,2025-12-23 10:14:00,2025-12-19 09:54:16,3028,L,R9703,Y962R4 ,99986,Nor,  ,,FR,S,GSC
2025-12-01 00:00:00,790750306463,20,DW,04,C,35,201,MELITON ALMEYDA P             ,1F,ACTIVO,996RRD ,1,F122,16LN,24572,668,0,0,0,951,LECT NEGATIVA,2,,,,1,9MCF6,2025-12-16 14:33:00,2025-12-12 09:21:44,2026,L,9EMLW,996RRD ,99655,Opt,  ,,,,GSC
2025-12-01 00:00:00,796140800537,30,DW,06,A,01,303,JIMENEZ BRICENO ELSY          ,1D,ACTIVO,314B5Y ,2,F622,13LM,31725,1030,0,0,0,951,LECT NEGATIVA,16,,,,1,9BBEG,2025-12-23 09:12:00,2025-12-19 11:53:35,3002,M,GAX9M,314B5Y ,98974,Opt,  ,,,,GSC
2025-12-01 00:00:00,770781200778,26,DW,01,A,01,264,HECTOR VEGA ZAVALA            ,1D,ACTIVO,T5977E ,1,W111,78C0,890,100,0,0,0,951,LECT NEGATIVA,2,,,,1,9P12J,2025-12-19 11:29:00,2025-12-17 12:23:32,2602,M,GA0MN,T5977E ,9900,Nor,  ,,LN,S,GSC
2025-12-01 00:00:00,770250400357,22,DW,01,A,01,221,GONZALEZ NOEL                 ,1D,ACTIVO,RBA242 ,2,F623,24NY,1248,624,53,0,0,951,LECT NEGATIVA,4,UI SERV DIRECTO,,,1,9P12J,2025-12-17 11:36:00,2025-12-15 08:41:13,2202,M,GAADN,RBA242 ,2046,Opt,  ,,,,GSC
2025-12-01 00:00:00,780180102294,32,DW,12,A,01,320,LARA NAH ERICK                ,1D,ACTIVO,M743RK ,2,F622,17LM,14902,593,60,0,0,951,LECT NEGATIVA,8,MEDID NO TRABAJA,,,1,9BBTM,2025-12-23 17:07:00,2025-12-22 11:20:45,3201,M,9P180,M743RK ,291,Opt,  ,,,,GSC
2025-12-01 00:00:00,796930600406,26,DW,06,A,37,263,UCAN IROLA NORMA PATRICIA     ,1C,ACTIVO,217B4X ,2,F622,13LM,24115,999,0,0,0,951,LECT NEGATIVA,16,,,,1,9BBEG,2025-12-19 12:45:00,2025-12-17 10:22:09,2628,L,G92BA,217B4X ,99000,Opt,  ,,,,GSC
2025-12-01 00:00:00,807130500286,16,DW,08,D,49,162,FLORES POOL ANA BEATRIZ       ,1B,ACTIVO,3N41K0 ,1,F121,04GG,16985,350,0,0,0,951,LECT NEGATIVA,2,,,,1,9ND09,2025-12-12 14:05:00,2025-12-10 11:09:25,1627,L,9MCC7,3N41K0 ,99825,Nor,  ,,FR,S,GSC
2025-12-01 00:00:00,803160600182,24,DW,07,D,05,052,MAY MAY JOSE ALBERTO          ,1C,ACTIVO,153FCW ,1,F122,15LN,3800,77,0,0,0,951,LECT NEGATIVA,2,,,,1,9MCJD,2025-12-17 14:58:00,2025-12-16 09:45:46,2426,L,GA2CN,153FCW ,99983,Opt,  ,,,,GSC
2025-12-01 00:00:00,782130603970,28,DW,12,C,01,286,MERIDA CALDERON SOFIA         ,1D,ACTIVO,5AUU19 ,2,F623,25P2,99676,106,53,0,0,951,LECT NEGATIVA,8,UI SERV DIRECTO,,,1,9BBTM,2025-12-22 10:52:00,2025-12-18 11:06:05,2804,M,GAKFM,5AUU19 ,1237,Opt,  ,,,,GSC
2025-12-01 00:00:00,783110906352,12,DW,12,D,01,121,TEJEDO HERNANDEZ SARA         ,1D,ACTIVO,UW106P ,2,F623,21NY,8667,1037,53,0,0,951,LECT NEGATIVA,8,UI SERV DIRECTO,,,1,9BBTM,2025-12-10 12:33:00,2025-12-08 14:36:40,1202,M,GA4HN,UW106P ,1017,Opt,  ,,,,GSC
2025-12-01 00:00:00,774970200148,14,DW,01,E,02,142,MIGUEL A SUASTE               ,1D,ACTIVO,P3395J ,1,W111,77C0,9398,239,60,0,0,951,LECT NEGATIVA,8,MEDID NO TRABAJA,,,1,9P12J,2025-12-10 13:51:00,2025-12-09 13:15:52,1402,L,9JRB9,P3395J ,189,Nor,  ,,FR,S,GSC
2025-12-01 00:00:00,779250601953,38,DW,01,M,13,388,YAM PACHACO OSCAR ALONSO      ,1D,ACTIVO,2AAA00 ,2,F623,25NY,82,409,0,0,0,951,LECT NEGATIVA,2,,,,1,9P12J,2025-12-29 14:10:00,2025-12-26 11:15:24,3801,L,9P14E,2AAA00 ,99663,Opt,  ,,,,GSC
2025-12-01 00:00:00,770050800792,26,DW,01,A,01,264,VARELA SANCHEZ FRANCISCO JAVIE,1D,SUJETO A CORTE,9UT822 ,1,F121,00GG,51613,299,0,0,0,951,LECT NEGATIVA,2,,,,1,9P12J,2025-12-19 11:30:00,2025-12-17 13:06:42,2602,M,GA0MN,9UT822 ,99700,Nor,  ,,FR,S,GSC
2025-12-01 00:00:00,782190704333,36,DW,12,D,01,361,GARDUZA SANCHEZ LUIS A        ,1D,ACTIVO,W552KP ,2,F622,19LM,5953,503,59,0,0,951,LECT NEGATIVA,8,DISPLAY APAGADO,,,1,9BBTM,2025-12-30 07:37:00,2025-12-26 09:21:41,3602,L,GAE2M,W552KP ,551,Opt,  ,,,,GSC
2025-12-01 00:00:00,802070800682,18,DW,07,C,42,186,REYES FELIX TERESA            ,1A,ACTIVO,099EK9 ,2,F62J,11L2,8145,48,0,0,0,951,LECT NEGATIVA,18,,,,1,9MCJD,2025-12-15 14:29:00,2025-12-11 11:33:42,1828,M,9MCCP,099EK9 ,99976,Nor,  ,,FR,S,GSC
2025-12-01 00:00:00,782861208158,04,DW,12,B,01,044,MOISES LUGO CETINA            ,1D,ACTIVO,YD3277 ,1,F121,86EG,5942,663,60,0,0,951,LECT NEGATIVA,8,MEDID NO TRABAJA,,,1,9BBTM,2025-12-04 12:31:00,2025-12-02 10:38:06,0401,L,9MCB5,YD3277 ,0,Nor,31,SERVICIO SIN USO,,,GSC
2025-12-01 00:00:00,771860900706,20,DW,01,B,02,207,LANDY BAAS COLLI              ,1D,ACTIVO,900DE1 ,1,F12H,11KU,22523,382,60,0,0,951,LECT NEGATIVA,8,MEDID NO TRABAJA,,,1,9P12J,2025-12-15 12:19:00,2025-12-12 12:35:10,2002,M,9EMHE,900DE1 ,243,Opt,  ,,,,GSC
2025-12-01 00:00:00,780110301885,73,DW,12,A,01,731,MUNICIPIO DE BENITO JUAREZ    ,67,ACTIVO,PY139G ,3,KL28,21KE,41109,131,0,0,0,951,LECT NEGATIVA,18,,,,1,9BBTM,2025-12-22 10:38:00,2025-12-18 10:16:58,7302,L,9NCX5,PY139G ,1294,Nor,  ,,,,GSC
2025-12-01 00:00:00,803940700014,10,DW,07,D,16,001,DZUL MAZON SANTOS FABIO       ,1C,ACTIVO,T68G41 ,1,F121,93F5,980,0,0,0,0,951,LECT NEGATIVA,16,,,,1,9MCJD,2025-12-08 17:27:00,2025-12-05 12:44:13,1026,M,GA2CN,T68G41 ,90935,Nor,  ,,FR,S,GSC
2025-12-01 00:00:00,773230202604,04,DW,01,D,01,048,DIAZ CASTRO DONALD ISRAEL     ,1D,ACTIVO,GGP434 ,1,F123,23NX,2297,390,53,0,0,951,LECT NEGATIVA,8,UI SERV DIRECTO,,,1,9P12J,2025-12-03 13:37:00,2025-12-02 13:13:17,0403,L,9MCDC,GGP434 ,686,Opt,  ,,,,GSC
2025-12-01 00:00:00,785140900041,30,DW,03,A,09,301,NARVAEZ CHIM NELSY GABRIELA   ,1B,ACTIVO,559RL6 ,1,F122,12LH,42596,609,0,0,0,951,LECT NEGATIVA,2,,,,1,9ND2R,2025-12-22 08:38:00,2025-12-19 09:28:47,3026,L,9MCET,559RL6 ,99795,Opt,  ,,,,GSC
2025-12-01 00:00:00,787970100563,66,DW,03,C,65,661,U HORTICOLA FERROCARRILES     ,09,ACTIVO,PT925X ,3,KL28,21KE,3221,45,0,0,0,951,LECT NEGATIVA,2,,,,1,9ND2R,2025-12-10 14:42:00,2025-12-09 12:17:56,6601,L,9MCCY,PT925X ,99879,Opt,  ,,,,GSC
2025-12-01 00:00:00,801080200687,32,DW,07,B,54,548,TUN PAAT MINERVA              ,1B,ACTIVO,57HL15 ,1,F121,07JL,18670,714,0,0,0,951,LECT NEGATIVA,16,,,,1,9MCJD,2025-12-23 06:54:00,2025-12-22 11:42:20,3230,M,GAVNM,57HL15 ,99137,Nor,  ,,FR,S,GSC
2025-12-01 00:00:00,780050801905,20,DW,12,B,01,030,MUNOZ UN MARIA IRENE          ,1D,ACTIVO,4K22L0 ,1,F121,03GG,1776,206,50,0,0,951,LECT NEGATIVA,8,CASA CERRADA,,,1,9BBTM,2025-12-16 12:05:00,2025-12-15 09:47:17,2051,R,9NCX2,4K22L0 ,99800,Nor,  ,,FR,S,GSC
2025-12-01 00:00:00,799170400524,10,DW,06,D,01,101,CASTRO GOMEZ JOSE MANUEL      ,1B,ACTIVO,183PHY ,2,F622,16LM,17683,510,0,0,0,951,LECT NEGATIVA,2,,,,1,9BBEG,2025-12-09 08:10:00,2025-12-06 06:48:31,1001,M,R9723,183PHY ,99932,Opt,  ,,,,GSC
2025-12-01 00:00:00,790841200081,18,DW,04,C,51,002,MEDINA LOPEZ JORGE M          ,1F,ACTIVO,305JCK ,1,F122,15LN,20812,381,0,0,0,951,LECT NEGATIVA,2,,,,1,9MCF6,2025-12-15 14:29:00,2025-12-11 09:36:59,1827,L,R9658,305JCK ,99681,Opt,  ,,,,GSC
2025-12-01 00:00:00,807250400315,26,DW,08,D,55,261,MAGANA POLANCO PEDRO ALONSO   ,1C,ACTIVO,RBA725 ,2,F623,24NY,22,287,0,0,0,951,LECT NEGATIVA,2,,,,1,9ND09,2025-12-18 10:36:00,2025-12-17 11:10:36,2627,L,R9857,RBA725 ,99713,Opt,  ,,,,GSC
2025-12-01 00:00:00,772890100042,28,DW,01,C,01,284,LOURDES B MARTINEZ DE C       ,1D,ACTIVO,G0N208 ,1,F121,88F5,95206,729,60,0,0,951,LECT NEGATIVA,8,MEDID NO TRABAJA,,,1,9P12J,2025-12-22 14:06:00,2025-12-18 08:47:21,2804,M,G92B5,G0N208 ,0,Nor,31,SERVICIO SIN USO,,,GSC
2025-12-01 00:00:00,797960200344,02,DW,06,B,19,191,PAT TAMAYO EVELIA             ,1B,ACTIVO,C206V8 ,1,F121,95F5,37162,195,0,0,0,951,LECT NEGATIVA,18,,,,1,9BBEG,2025-12-03 14:08:00,2025-12-01 09:48:13,0226,M,9EMEK,C206V8 ,99187,Nor,  ,,FR,S,GSC
2025-12-01 00:00:00,795031101517,02,DW,05,A,01,206,ROSA MARIA ALONZO SANCHEZ     ,1F,ACTIVO,2F57M1 ,2,F621,03F3,9690,1526,0,0,0,951,LECT NEGATIVA,2,,,,1,9ND2K,2025-12-02 20:18:00,2025-12-01 07:33:21,0203,M,9ND9F,2F57M1 ,99206,Nor,  ,,FR,S,GSC
2025-12-01 00:00:00,772850500323,28,DW,01,C,01,288,RIVERO G MARCOS M             ,1D,ACTIVO,L973TP ,1,F122,18LN,19654,650,53,0,0,951,LECT NEGATIVA,8,UI SERV DIRECTO,,,1,9P12J,2025-12-22 14:07:00,2025-12-18 11:38:43,2802,L,9P124,L973TP ,1734,Nor,  ,,LM,S,GSC
2025-12-01 00:00:00,795090703776,26,DW,05,A,01,261,CANA MODESTO REYES            ,1F,ACTIVO,20A8C9 ,1,F121,08JL,53489,352,0,0,0,951,LECT NEGATIVA,2,,,,1,9ND2K,2025-12-18 09:16:00,2025-12-17 08:21:40,2604,M,9NCUF,20A8C9 ,99952,Nor,  ,,FR,S,GSC
2025-12-01 00:00:00,804861100067,75,DW,08,A,03,752,KU CANUL JUAN R               ,09,ACTIVO,M51L13 ,1,F121,93F5,34446,503,0,0,0,951,LECT NEGATIVA,2,,,,1,9ND09,2025-12-24 17:08:00,2025-12-22 09:14:57,7503,L,GAPUM,M51L13 ,99447,Nor,  ,,LN,S,GSC
2025-12-01 00:00:00,777820400172,38,DW,01,J,03,382,CELESTINO RODRIGUEZ Q         ,1C,ACTIVO,3K45L1 ,1,F121,03GG,17864,177,0,0,0,951,LECT NEGATIVA,2,,,,1,9P12J,2025-12-29 13:45:00,2025-12-26 09:01:08,3801,L,R9950,3K45L1 ,99972,Nor,  ,,FR,S,GSC
2025-12-01 00:00:00,805010900148,22,DW,08,B,69,222,MARGARITA LIBRADA PECH MAY    ,1B,ACTIVO,9YB275 ,1,F121,00GG,4850,105,56,0,0,951,LECT NEGATIVA,8,NO HAY MEDIDOR,,,1,9ND09,2025-12-17 15:01:00,2025-12-15 15:11:43,2228,M,GAVPM,9YB275 ,172,Nor,  ,,,,GSC
2025-12-01 00:00:00,785010300948,36,DW,03,A,01,361,KU CAUICH YENI BEATRIZ        ,1B,ACTIVO,786TT5 ,1,F122,12LH,12913,58,0,0,0,951,LECT NEGATIVA,2,,,,1,9ND2R,2025-12-29 07:28:00,2025-12-26 10:40:04,3602,L,9MCH1,786TT5 ,99955,Opt,  ,,,,GSC
2025-12-01 00:00:00,796800800233,10,DW,06,A,27,271,DANIEL TAPIA GOMEZ            ,1B,ACTIVO,3P806D ,1,F121,06JL,1394,100,0,0,0,951,LECT NEGATIVA,2,,,,1,9BBEG,2025-12-08 10:55:00,2025-12-05 12:13:42,1029,L,R9907,3P806D ,99900,Nor,  ,,FR,S,GSC
2025-12-01 00:00:00,811810400267,25,DW,22,B,01,251,JUAN ARANDA ARCEO             ,1D,ACTIVO,P832HG ,2,F623,18NN,16433,649,51,0,0,951,LECT NEGATIVA,8,NO ENCONTRE DOMI,,,1,9MCCM,2025-12-03 08:37:00,,,,,,,,,,,,GSC
2025-12-01 00:00:00,773990403332,18,DW,01,D,01,180,ALBERTO A COLLI RODRIGUEZ     ,1D,ACTIVO,ML432E ,2,F623,20NU,44802,1583,0,0,0,951,LECT NEGATIVA,18,,,,1,9P12J,2025-12-12 14:42:00,2025-12-11 12:20:58,1801,L,9MCDC,ML432E ,45024,Opt,  ,,,,GSC
2025-12-01 00:00:00,782220101019,12,DW,12,C,01,123,ORTIZ CORONA MIRIAM           ,1D,ACTIVO,YC710R ,2,F623,21NU,9947,1143,53,0,0,951,LECT NEGATIVA,8,UI SERV DIRECTO,,,1,9BBTM,2025-12-10 15:31:00,2025-12-08 08:49:44,1204,M,9P120,YC710R ,789,Opt,  ,,,,GSC
2025-12-01 00:00:00,770750411100,18,DW,01,A,01,182,IGNACIO SOSA                  ,1D,ACTIVO,B9257T ,1,C111,738V,3810,125,0,0,0,951,LECT NEGATIVA,2,,,,1,9P12J,2025-12-15 12:52:00,2025-12-11 08:12:30,1801,L,9P14V,B9257T ,9916,Nor,  ,,LN,S,GSC
2025-12-01 00:00:00,780990400411,26,DW,12,B,01,260,EDUARDO RODRIGUEZ             ,1D,ACTIVO,8JN437 ,1,F121,98GG,44622,313,0,0,0,951,LECT NEGATIVA,2,,,,1,9BBTM,2025-12-18 15:06:00,2025-12-17 12:57:55,2601,L,GATKM,8JN437 ,99722,Nor,  ,,FR,S,GSC
2025-12-01 00:00:00,805170700447,26,DW,08,B,74,262,MAY MAY PLACIDO GENARO        ,1B,ACTIVO,920VBD ,1,F122,16LN,12789,471,60,0,0,951,LECT NEGATIVA,8,MEDID NO TRABAJA,,,1,9ND09,2025-12-18 17:31:00,2025-12-17 09:04:41,2627,L,9JRE1,920VBD ,365,Opt,  ,,,,GSC
2025-12-01 00:00:00,774891000192,12,DW,01,E,02,121,MA CANDELARIA AKE HERRERA     ,1D,ACTIVO,4X42T0 ,1,F125,04JG,30119,513,59,0,0,951,LECT NEGATIVA,8,DISPLAY APAGADO,,,1,9P12J,2025-12-09 12:10:00,2025-12-08 13:06:33,1201,L,GAKJM,4X42T0 ,867,Nor,  ,,FR,S,GSC
2025-12-01 00:00:00,802120401334,18,DW,07,C,42,427,GROESCH MENDIZABAL ERIKA G    ,1A,ACTIVO,NK041V ,2,F623,20NU,23590,1071,0,0,0,951,LECT NEGATIVA,2,,,,1,9MCJD,2025-12-15 14:33:00,2025-12-11 09:10:21,1827,M,GAM7M,NK041V ,99251,Opt,  ,,,,GSC
2025-12-01 00:00:00,779081101202,24,DW,01,M,15,242,JIMENEZ MAY RITA MARIA        ,1D,ACTIVO,11D9K1 ,2,F421,08KF,13394,157,0,0,0,951,LECT NEGATIVA,2,,,,1,9P12J,2025-12-18 09:58:00,2025-12-16 08:52:35,2428,L,R9689,11D9K1 ,99953,Nor,  ,,FR,S,GSC
2025-12-01 00:00:00,780021001622,04,DW,12,A,01,040,MARIO CORDOVA                 ,1D,ACTIVO,251VD5 ,2,F622,12LJ,35561,886,53,0,0,951,LECT NEGATIVA,8,UI SERV DIRECTO,,,1,9BBTM,2025-12-04 08:18:00,2025-12-02 08:32:39,0402,M,GABCM,251VD5 ,2016,Opt,  ,,,,GSC
2025-12-01 00:00:00,780030701688,40,DW,12,A,01,400,GAONA CHAVEZ CAROLINA LORETA  ,1D,ACTIVO,267MDV ,2,F62J,15MT,52605,1698,0,0,0,951,LECT NEGATIVA,2,,,,1,9BBTM,2025-12-01 07:33:00,2025-12-29 11:24:45,4001,M,9P180,267MDV ,99735,Nor,  ,,FR,S,GSC
2025-12-01 00:00:00,810131209705,40,DW,22,A,01,404,SCHIRM GEB  KOMROWSKI BARBEL M,1B,ACTIVO,RBU690 ,2,F623,24NY,7200,1688,0,0,0,951,LECT NEGATIVA,2,,,,1,9MCCM,2025-12-30 09:02:00,2025-12-29 14:52:46,4054,R,9JR5N,RBU690 ,99691,Opt,  ,,,,GSC
2025-12-01 00:00:00,807990500925,16,DW,08,D,49,162,CARLOS F MEX BARRERA          ,1B,ACTIVO,4MM338 ,1,F121,98GG,66376,579,60,0,0,951,LECT NEGATIVA,8,MEDID NO TRABAJA,,,1,9ND09,2025-12-12 14:05:00,2025-12-10 08:59:43,1627,L,9MCC7,4MM338 ,105,Nor,  ,,FR,S,GSC
2025-12-01 00:00:00,780040304016,34,DW,12,B,01,340,GRNADOS ALCARAZ LUZ MARIA     ,1D,ACTIVO,68JY23 ,1,F121,07JL,7546,138,53,0,0,951,LECT NEGATIVA,8,UI SERV DIRECTO,,,1,9BBTM,2025-12-29 12:27:00,2025-12-23 07:31:50,3401,L,9NCX2,68JY23 ,200,Nor,  ,,,,GSC
2025-12-01 00:00:00,796900300921,36,DW,06,A,02,021,GARCIA GARCIA CONCEPCION      ,1C,ACTIVO,5V48P7 ,2,F421,04GH,53633,24,0,0,0,951,LECT NEGATIVA,2,,,,1,9BBEG,2025-12-30 06:41:00,2025-12-26 07:09:48,3626,L,R9964,5V48P7 ,99973,Nor,  ,,FR,S,GSC
2025-12-01 00:00:00,780871000927,38,DW,12,A,01,380,RAMOS RAMON NADYA DENIS       ,1D,ACTIVO,9G2T63 ,1,F121,01GG,14127,20,0,0,0,951,LECT NEGATIVA,2,,,,1,9BBTM,2025-12-30 07:12:00,2025-12-26 13:43:01,3801,M,GABCM,9G2T63 ,99970,Nor,  ,,FR,S,GSC
2025-12-01 00:00:00,796180100821,36,DW,06,A,02,022,TILITT SIERRA ULISES OMAR     ,1C,ACTIVO,148RBJ ,1,F122,16LN,9636,59,0,0,0,951,LECT NEGATIVA,2,,,,1,9BBEG,2025-12-30 06:49:00,2025-12-26 12:02:46,3628,L,GAX9M,148RBJ ,99982,Opt,  ,,,,GSC
2025-12-01 00:00:00,812980500483,24,DW,22,A,02,246,MARIA CORDOBA LOPEZ           ,1B,ACTIVO,797G7E ,1,F622,13LM,16640,294,0,0,0,951,LECT NEGATIVA,16,,,,1,9MCCM,2025-12-17 08:18:00,2025-12-16 12:57:21,2401,L,GAXPM,797G7E ,99971,Opt,  ,,,,GSC
2025-12-01 00:00:00,783250302872,36,DW,12,D,01,362,PROMOTORA DE VIVIENDAS INTEGRA,02,ACTIVO,RCJ554 ,2,F623,24NY,98519,61,53,0,0,951,LECT NEGATIVA,4,UI SERV DIRECTO,,,1,9BBTM,2025-12-30 07:40:00,2025-12-26 07:57:17,3603,L,9P14M,RCJ554 ,1358,Opt,  ,,,,GSC
2025-12-01 00:00:00,786930500252,64,DW,03,B,32,004,UNIDAD CHUN CULUL             ,9M,CORTADO,GEC248 ,3,KL28,22NJ,0,0,0,0,0,951,LECT NEGATIVA,18,,,,1,9ND2R,2025-12-10 17:56:00,2025-12-05 10:20:37,6403,L,GAPRM,GEC248 ,99991,Opt,  ,,,,GSC
2025-12-01 00:00:00,773101005401,36,DW,01,D,01,367,HUCHIM CAMPOS NERY ELOISA     ,1D,ACTIVO,99V62X ,2,F62H,11KN,41408,537,65,0,0,951,LECT NEGATIVA,8,UI MED INVERTIDO,,,1,9P12J,2025-12-29 16:32:00,2025-12-26 10:31:11,3603,L,9JRB6,99V62X ,1030,Opt,  ,,,,GSC
2025-12-01 00:00:00,788241100649,67,DW,03,D,16,963,THIESSEN REDECOP DAVID        ,9C,ACTIVO,GGE845 ,3,VL28,22NJ,1752,3200,0,0,0,951,LECT NEGATIVA,2,,,,1,9ND2R,2025-12-11 18:05:00,2025-12-10 12:12:52,6701,L,GA8NN,GGE845 ,99984,Opt,  ,,,,GSC
2025-12-01 00:00:00,791750307164,24,DW,04,D,49,001,CONTRERAS CANUL LORENZO       ,1F,ACTIVO,1AAE07 ,1,F623,25NY,167,406,0,0,0,951,LECT NEGATIVA,2,,,,1,9MCF6,2025-12-17 11:40:00,2025-12-16 09:22:09,2426,M,R9420,1AAE07 ,99977,Opt,  ,,,,GSC
2025-12-01 00:00:00,787920500161,32,DW,03,C,86,321,JORGE CANCHE DZIB             ,1C,CORTADO,99P90H ,1,F12H,10KU,10651,30,0,0,0,951,LECT NEGATIVA,18,,,,1,9ND2R,2025-12-23 12:24:00,2025-12-22 14:02:44,3226,L,9MCCY,99P90H ,99983,Opt,  ,,,,GSC
2025-12-01 00:00:00,802121000554,14,DW,07,C,42,142,LORIA MARTIN JUAN ERNESTO GABR,1A,ACTIVO,G056ML ,2,F622,17LM,15198,150,0,0,0,951,LECT NEGATIVA,2,,,,1,9MCJD,2025-12-11 11:05:00,2025-12-09 18:30:31,1426,M,9ND12,G056ML ,99939,Opt,  ,,,,GSC
2025-12-01 00:00:00,810010600890,18,DW,22,A,02,181,IRMA POOL AKE                 ,1B,ACTIVO,9VF235 ,1,F121,00GG,75256,102,0,0,0,951,LECT NEGATIVA,2,,,,1,9MCCM,2025-12-12 09:03:00,2025-12-11 10:25:51,1802,M,9MC60,9VF235 ,99902,Nor,  ,,FR,S,GSC
2025-12-01 00:00:00,777220301219,30,DW,01,J,03,301,PACHECO GARCIA FELIPE AGUSTIN ,1C,ACTIVO,XP819H ,1,F123,21NT,2993,183,53,0,0,951,LECT NEGATIVA,8,UI SERV DIRECTO,,,1,9P12J,2025-12-22 18:09:00,2025-12-19 08:38:06,3003,L,R9950,XP819H ,371,Opt,  ,,,,GSC
2025-12-01 00:00:00,777170100497,28,DW,01,J,47,288,AGUIRRE ERRASQUIN NYNDHA LUZ  ,1C,ACTIVO,948WYG ,2,F622,16LM,14534,725,0,0,0,951,LECT NEGATIVA,2,,,,1,9P12J,2025-12-22 10:07:00,2025-12-18 11:21:29,2831,L,R9950,948WYG ,99666,Opt,  ,,,,GSC
2025-12-01 00:00:00,773040101381,40,DW,01,D,04,402,SALAS CANUL EDGARDO ALONSO    ,1C,ACTIVO,LV554P ,2,F623,20NU,20183,1013,53,0,0,951,LECT NEGATIVA,8,UI SERV DIRECTO,,,1,9P12J,2025-12-30 18:14:00,2025-12-29 11:27:39,4029,M,9MCDC,LV554P ,829,Opt,  ,,,,GSC
2025-12-01 00:00:00,810090902964,40,DW,22,A,01,404,ANDA COLE MANUEL ALEJANDRO    ,1B,ACTIVO,GCP756 ,3,KL28,22NJ,1640,560,0,0,0,951,LECT NEGATIVA,2,,,,1,9MCCM,2025-12-30 09:08:00,2025-12-29 15:24:25,4054,R,9JR5N,GCP756 ,99738,Opt,  ,,,,GSC
2025-12-01 00:00:00,787950600101,38,DW,03,C,78,001,SALON DE BAILE                ,02,ACTIVO,1H39E3 ,1,F121,03GG,4942,141,0,0,0,951,LECT NEGATIVA,2,,,,1,9ND2R,2025-12-29 12:05:00,2025-12-26 15:37:53,3827,L,GA6WN,1H39E3 ,99954,Nor,  ,,FR,S,GSC
2025-12-01 00:00:00,779140701014,24,DW,01,M,09,240,YAM CHUC JOSE DEL S           ,1D,ACTIVO,FJU253 ,1,F123,22NX,3263,196,53,0,0,951,LECT NEGATIVA,8,UI SERV DIRECTO,,,1,9P12J,2025-12-18 09:56:00,2025-12-16 12:34:07,2430,L,R9982,FJU253 ,244,Opt,  ,,,,GSC
2025-12-01 00:00:00,803961200119,10,DW,07,D,17,001,EUSEBIO POOT KITUC            ,1C,CORTADO,59JD80 ,1,F121,07JL,11385,47,0,0,0,951,LECT NEGATIVA,16,,,,1,9MCJD,2025-12-08 17:24:00,2025-12-05 10:34:51,1026,M,GA2CN,59JD80 ,98952,Nor,  ,,FR,S,GSC
2025-12-01 00:00:00,772140900551,08,DW,01,C,01,084,CAMPOS MUKUL ALEJANDRA        ,1D,CORTADO,0DVK86 ,2,F623,25NY,1543,621,0,0,0,951,LECT NEGATIVA,16,,,,1,9P12J,2025-12-08 14:06:00,2025-12-04 09:40:27,0802,M,G92B5,0DVK86 ,2182,Opt,  ,,,,GSC
2025-12-01 00:00:00,771231201099,18,DW,01,B,02,183,ARELLANO DE LA CRUZ HUGO GIBRA,1D,ACTIVO,GED812 ,3,KL28,22NJ,3830,2354,0,0,0,951,LECT NEGATIVA,2,,,,1,9P12J,2025-12-12 12:23:00,2025-12-11 10:02:27,1803,M,9ND41,GED812 ,99539,Nor,  ,,FR,S,GSC
2025-12-01 00:00:00,801200900602,34,DW,07,B,26,262,YAM XICUM ADA LETICIA         ,1B,ACTIVO,Y373LT ,2,F623,19NU,3500,43,0,0,0,951,LECT NEGATIVA,18,,,,1,9MCJD,2025-12-26 14:30:00,2025-12-23 09:24:11,3426,L,9JR0P,Y373LT ,99902,Nor,  ,,LM,S,GSC
2025-12-01 00:00:00,783941000597,06,DW,12,D,01,063,JESUS R  REYES JASSO          ,1D,ACTIVO,B251A1 ,2,F621,94F3,16268,20,0,0,0,951,LECT NEGATIVA,2,,,,1,9BBTM,2025-12-05 08:36:00,2025-12-03 09:23:54,0604,M,GAF1M,B251A1 ,99973,Nor,  ,,FR,S,GSC
2025-12-01 00:00:00,796020101775,28,DW,06,A,06,061,EJIDO SACXAN                  ,1B,ACTIVO,758ACX ,1,F122,14LN,15112,549,0,0,0,951,LECT NEGATIVA,18,,,,1,9BBEG,2025-12-22 07:05:00,2025-12-18 13:45:59,2826,L,9P14T,758ACX ,99705,Nor,  ,,FR,S,GSC
2025-12-01 00:00:00,796250800541,38,DW,06,A,30,301,CHIPAHUA TETZOYOTL FORTINO    ,1B,ACTIVO,9ANG34 ,1,F123,25NX,0,350,0,0,0,951,LECT NEGATIVA,16,,,,1,9BBEG,2025-12-30 09:27:00,2025-12-26 10:34:03,3827,L,R9723,9ANG34 ,99650,Opt,  ,,,,GSC
2025-12-01 00:00:00,783250205699,04,DW,12,C,01,041,PADRON OLAN FRANKLY           ,1D,ACTIVO,RCL372 ,2,F623,24NY,1299,649,59,0,0,951,LECT NEGATIVA,4,DISPLAY APAGADO,,,1,9BBTM,2025-12-04 09:16:00,2025-12-02 09:27:26,0401,M,GAA7N,RCL372 ,706,Opt,  ,,,,GSC
2025-12-01 00:00:00,777151203676,24,DW,01,J,03,241,ANGULO UCAN LUIS ARMANDO      ,1C,CORTADO,32L8P1 ,1,F12H,09KU,14887,770,56,0,0,951,LECT NEGATIVA,8,NO HAY MEDIDOR,,,1,9P12J,2025-12-17 17:56:00,2025-12-16 11:58:52,2401,M,R9712,32L8P1 ,35,Opt,  ,,,,GSC
2025-12-01 00:00:00,787250801033,65,DW,03,C,71,651,CHIM UCAN MARIA AUGUSTA       ,1B,ACTIVO,5DWB35 ,2,F623,25NY,26,80,0,0,0,951,LECT NEGATIVA,2,,,,1,9ND2R,2025-12-09 13:50:00,2025-12-08 13:15:10,6501,L,9MCCY,5DWB35 ,99797,Opt,  ,,,,GSC
2025-12-01 00:00:00,804920300164,18,DW,08,A,06,001,COUOH CHI JOSE COSME          ,1B,ACTIVO,PKG559 ,1,F123,24NX,654,524,59,0,0,951,LECT NEGATIVA,8,DISPLAY APAGADO,,,1,9ND09,2025-12-15 14:25:00,2025-12-11 09:07:53,1827,L,GAEQM,PKG559 ,156,Opt,  ,,,,GSC
2025-12-01 00:00:00,776141004440,24,DW,01,E,37,242,GUTIERREZ VALENCIA J EDGARDO  ,1D,ACTIVO,340T1T ,2,F622,14LM,23769,607,59,0,0,951,LECT NEGATIVA,8,DISPLAY APAGADO,,,1,9P12J,2025-12-17 11:27:00,2025-12-16 09:06:00,2406,M,R9933,340T1T ,0,Opt,31,SERVICIO SIN USO,,,GSC
2025-12-01 00:00:00,776050601429,63,DW,01,H,41,630,SANTA MARIA DE KINCHIL SC D RL,09,ACTIVO,MW769W ,3,KL28,20KE,3555,2,59,0,0,951,LECT NEGATIVA,8,DISPLAY APAGADO,,,1,9P12J,2025-12-08 09:46:00,2025-12-04 13:12:24,6301,L,9JRBT,MW769W ,99988,Nor,  ,,LM,S,GSC
2025-12-01 00:00:00,782070900937,36,DW,12,C,01,361,ORTEGA FLORENCIA DOLORES      ,02,ACTIVO,77PR65 ,2,F621,07F3,22479,1489,0,0,0,951,LECT NEGATIVA,2,,,,1,9BBTM,2025-12-30 15:57:00,2025-12-26 09:23:24,3602,L,9P130,77PR65 ,99492,Nor,  ,,FR,S,GSC
2025-12-01 00:00:00,799250900960,18,DW,06,D,01,181,BACALANDS S DE RL DE CV       ,1B,ACTIVO,1BCU10 ,2,F623,25P2,0,150,0,0,0,951,LECT NEGATIVA,2,,,,1,9BBEG,2025-12-15 12:39:00,2025-12-11 09:26:29,1801,M,GAT5M,1BCU10 ,99905,Opt,  ,,,,GSC
2025-12-01 00:00:00,771860800469,22,DW,01,B,02,221,MA PIEDAD DZUL DE C           ,1D,ACTIVO,526DF3 ,1,F12H,11KU,17171,534,56,0,0,951,LECT NEGATIVA,8,NO HAY MEDIDOR,,,1,9P12J,2025-12-16 12:06:00,2025-12-15 08:35:07,2206,M,9EMKC,526DF3 ,728,Nor,  ,,FR,S,GSC
2025-12-01 00:00:00,810050201998,06,DW,22,A,02,060,CHACHA TEXNA JUAN JOSE        ,1B,ACTIVO,1R86H0 ,1,F121,04GG,21270,185,0,0,0,951,LECT NEGATIVA,2,,,,1,9MCCM,2025-12-04 07:34:00,2025-12-03 09:22:29,0601,L,9MCKU,1R86H0 ,99945,Nor,  ,,FR,S,GSC
2025-12-01 00:00:00,785940300867,22,DW,03,A,19,001,RODOLFO TZEC HUCHIM           ,1D,ACTIVO,T25F62 ,1,F121,93F5,17830,154,0,0,0,951,LECT NEGATIVA,2,,,,1,9ND2R,2025-12-16 13:39:00,2025-12-15 14:30:35,2226,M,9MCH1,T25F62 ,99951,Nor,  ,,FR,S,GSC
2025-12-01 00:00:00,780060901592,20,DW,12,A,05,201,CANCHE MAY ANGELA DE LA CRUZ  ,1D,ACTIVO,MF578V ,2,F623,20NU,12500,1396,56,0,0,951,LECT NEGATIVA,8,NO HAY MEDIDOR,,,1,9BBTM,2025-12-16 10:01:00,2025-12-12 13:11:18,2051,N,GA4GN,MF578V ,0,Opt,32,UI DERIVACION,32,S,GSC
2025-12-01 00:00:00,315190700110,30,DW,04,B,12,302,CORTES PURECO GILCAR          ,1F,ACTIVO,112X5T ,2,F622,14LM,960,90,0,0,0,951,LECT NEGATIVA,2,,,,1,9MCF6,2025-12-23 10:15:00,2025-12-22 12:47:31,3051,R,GAGBM,112X5T ,99924,Opt,  ,,,,GSC
2025-12-01 00:00:00,779130603766,18,DW,01,M,04,182,LOPEZ GODOY RAUL ALBERTO DE GP,1D,ACTIVO,3MV274 ,2,F421,99GH,24217,300,0,0,0,951,LECT NEGATIVA,2,,,,1,9P12J,2025-12-15 09:28:00,2025-12-11 12:55:47,1829,L,R9982,3MV274 ,99700,Nor,  ,,FR,S,GSC
2025-12-01 00:00:00,795050400703,10,DW,05,A,01,285,MERCEDES CRUZ MERCEDES        ,1F,ACTIVO,6X16V5 ,1,F121,04GG,37900,1299,0,0,0,951,LECT NEGATIVA,2,,,,1,9ND2K,2025-12-08 12:24:00,2025-12-05 08:17:00,1004,M,9JRBH,6X16V5 ,99150,Nor,  ,,FR,S,GSC
2025-12-01 00:00:00,773220603694,36,DW,01,D,04,365,MARTINEZ DELGADO SERGIO       ,1C,ACTIVO,438RM6 ,1,F122,12LH,11700,647,0,0,0,951,LECT NEGATIVA,2,,,,1,9P12J,2025-12-29 16:32:00,2025-12-26 10:02:15,3626,L,GAC1M,438RM6 ,99870,Opt,  ,,,,GSC
2025-12-01 00:00:00,782170905677,40,DW,12,D,01,403,CASTILLO CHI CARLOS GEOVANNY  ,1D,ACTIVO,G691MB ,2,F622,17LM,5360,72,65,0,0,951,LECT NEGATIVA,8,UI MED INVERTIDO,,,1,9BBTM,2025-12-01 08:51:00,2025-12-29 09:19:26,4001,M,GATJM,G691MB ,534,Opt,  ,,,,GSC
2025-12-01 00:00:00,802021000301,38,DW,07,C,18,384,POOT BALAM SEBASTIAN          ,1B,ACTIVO,9U4V38 ,1,F121,02GG,19167,24,0,0,0,951,LECT NEGATIVA,2,,,,1,9MCJD,2025-12-30 13:23:00,2025-12-26 07:39:17,3801,M,GAM7M,9U4V38 ,99983,Nor,  ,,FR,S,GSC
2025-12-01 00:00:00,802220200425,22,DW,07,C,04,221,LUGO EUAN YAMILI CONCEPCION   ,1A,ACTIVO,3AAP06 ,2,F623,25NY,279,0,0,0,0,951,LECT NEGATIVA,16,,,,1,9MCJD,2025-12-17 08:36:00,2025-12-15 10:47:46,2226,M,9MCCP,3AAP06 ,631,Opt,  ,,,,GSC
2025-12-01 00:00:00,810021007112,20,DW,22,A,01,202,DAVID ELEIAS GONZALEZ TRUJILLO,1B,ACTIVO,37X9F8 ,2,F62F,09L2,57670,781,0,0,0,951,LECT NEGATIVA,2,,,,1,9MCCM,2025-12-15 09:27:00,2025-12-12 11:01:03,2051,N,9NCT0,37X9F8 ,99936,Nor,  ,,FR,S,GSC
2025-12-01 00:00:00,771250501711,34,DW,01,B,01,345,GARCIA SERRANO ISMAEL         ,02,ACTIVO,UM949E ,2,F623,21NY,0,100,51,0,0,951,LECT NEGATIVA,4,NO ENCONTRE DOMI,,,1,9P12J,2025-12-26 12:56:00,2025-12-23 09:20:31,3403,M,GA6XN,UM949E ,99900,Opt,  ,,,,GSC
2025-12-01 00:00:00,773750301524,06,DW,01,D,01,061,GUMERSINDO ZU IGA R           ,1D,ACTIVO,6R40G3 ,1,F121,04GG,30972,100,0,0,0,951,LECT NEGATIVA,2,,,,1,9P12J,2025-12-04 15:01:00,2025-12-03 09:31:19,0602,L,GAKVM,6R40G3 ,99901,Nor,  ,,FR,S,GSC
2025-12-01 00:00:00,801160900469,34,DW,07,B,27,277,PAT COBA MARIA BENITA         ,1B,ACTIVO,227HRL ,1,F122,15LN,2506,0,0,0,0,951,LECT NEGATIVA,16,,,,1,9MCJD,2025-12-26 14:27:00,2025-12-23 08:22:32,3428,L,9NCU1,227HRL ,99607,Opt,  ,,,,GSC
2025-12-01 00:00:00,804190100164,26,DW,08,A,01,005,MAY RODRIGUEZ ELDA FELIPA     ,1B,ACTIVO,T169HB ,1,F122,18LN,2297,168,53,0,0,951,LECT NEGATIVA,8,UI SERV DIRECTO,,,1,9ND09,2025-12-18 15:06:00,2025-12-17 13:20:02,2602,M,GAVPM,T169HB ,180,Opt,  ,,,,GSC
2025-12-01 00:00:00,793900500297,04,DW,04,F,11,044,GLAFIRA LOPEZ CERVANTES       ,1F,ACTIVO,K9U731 ,1,F121,88F5,35295,146,0,0,0,951,LECT NEGATIVA,2,,,,1,9MCF6,2025-12-04 14:20:00,2025-12-02 09:28:36,0428,L,9ND76,K9U731 ,99902,Nor,  ,,FR,S,GSC
2025-12-01 00:00:00,807021200973,24,DW,08,D,55,242,POOT PECH RAUL                ,1C,ACTIVO,4W3E18 ,1,F121,02GG,30639,183,0,0,0,951,LECT NEGATIVA,2,,,,1,9ND09,2025-12-18 10:15:00,2025-12-16 09:47:11,2426,L,9MCC7,4W3E18 ,99950,Nor,  ,,FR,S,GSC
2025-12-01 00:00:00,791971000624,67,DW,04,D,59,670,UCAN GOMEZ RAQUEL             ,09,ACTIVO,82H5H8 ,1,F12H,09KU,10442,270,65,0,0,951,LECT NEGATIVA,8,UI MED INVERTIDO,,,1,9MCF6,2025-12-12 14:45:00,2025-12-10 10:24:23,6702,L,R9420,82H5H8 ,99795,Opt,  ,,,,GSC
2025-12-01 00:00:00,802180900267,14,DW,07,C,42,142,DUARTE CAMEJO MARTHA ADOLFINA ,1A,CORTADO,Y493BP ,2,F623,19NU,7817,13,0,0,0,951,LECT NEGATIVA,2,,,,1,9MCJD,2025-12-11 11:45:00,2025-12-10 19:33:26,1426,M,9ND12,Y493BP ,99988,Nor,  ,,FR,S,GSC
2025-12-01 00:00:00,781160902592,12,DW,12,B,01,120,ARIAS KLAYEN RICARDO F        ,1D,ACTIVO,430JCM ,1,F122,15LN,5510,434,50,0,0,951,LECT NEGATIVA,8,CASA CERRADA,,,1,9BBTM,2025-12-10 10:44:00,2025-12-08 08:36:31,1201,M,9NCWM,430JCM ,265,Opt,  ,,,,GSC
2025-12-01 00:00:00,794150801075,14,DW,04,G,26,001,GONZALEZ CASTILLO HENRRY      ,1F,SUJETO A CORTE,JAU021 ,2,F623,23NU,13912,1475,0,0,0,951,LECT NEGATIVA,2,,,,1,9MCF6,2025-12-11 09:26:00,2025-12-09 09:41:00,1427,L,R9642,JAU021 ,98928,Opt,  ,,,,GSC
2025-12-01 00:00:00,802100500263,14,DW,07,C,42,142,CORREA MOGUEL RENE            ,1A,ACTIVO,YC614E ,2,F623,21NU,4543,210,0,0,0,951,LECT NEGATIVA,2,,,,1,9MCJD,2025-12-11 11:42:00,2025-12-09 19:48:18,1426,M,9ND12,YC614E ,99824,Opt,  ,,,,GSC
2025-12-01 00:00:00,779040300837,18,DW,01,M,04,182,LULU DEL CARMEN PECH CASTRO   ,1D,ACTIVO,2M71W6 ,1,F121,04GG,596,1000,0,0,0,951,LECT NEGATIVA,2,,,,1,9P12J,2025-12-15 09:28:00,2025-12-11 12:42:26,1829,L,R9982,2M71W6 ,99000,Nor,  ,,FR,S,GSC
2025-12-01 00:00:00,776020300459,77,DW,01,H,36,772,GARCIA LOPEZ HECTOR           ,09,ACTIVO,3R8Y94 ,2,F621,01F3,29432,39,0,0,0,951,LECT NEGATIVA,2,,,,1,9P12J,2025-12-30 09:01:00,2025-12-26 08:59:05,7702,L,9JRBT,3R8Y94 ,99961,Nor,  ,,LN,S,GSC
2025-12-01 00:00:00,811930400325,28,DW,22,B,01,281,JAVIER SEGURA                 ,1D,CORTADO,1U966V ,3,FD21,06F4,34680,2518,0,0,0,951,LECT NEGATIVA,2,,,,1,9MCCM,2025-12-19 09:49:00,2025-12-18 08:56:39,2801,L,9MC92,1U966V ,99705,Nor,  ,,FR,S,GSC
2025-12-01 00:00:00,771200102220,24,DW,01,B,02,246,CAUICH CHAN JESUS IGNACIO     ,1D,ACTIVO,DB870B ,1,F123,19NM,5538,215,53,0,0,951,LECT NEGATIVA,8,UI SERV DIRECTO,,,1,9P12J,2025-12-17 12:19:00,2025-12-16 13:08:50,2407,M,9ND41,DB870B ,0,Opt,31,SERVICIO SIN USO,,,GSC
2025-12-01 00:00:00,787120800361,30,DW,03,C,73,003,COCOM UC GLORIA MARIA         ,1C,ACTIVO,1V481G ,1,F121,06JL,25819,705,0,0,0,951,LECT NEGATIVA,2,,,,1,9ND2R,2025-12-22 18:38:00,2025-12-19 11:19:28,3027,M,GAGJM,1V481G ,99979,Nor,  ,,FR,S,GSC
2025-12-01 00:00:00,801000557237,01,DW,07,B,06,015,JOSE LUIS CHACON YUPIT        ,1B,ACTIVO,9RG874 ,1,F121,99GG,24827,8,0,0,0,951,LECT NEGATIVA,18,,,,1,9MCJD,2025-12-30 16:35:00,,,,,,,,,,,,GSC
2025-12-01 00:00:00,771980600102,10,DW,01,B,02,102,ANASTASIO EK LOEZA            ,1D,ACTIVO,LA6141 ,1,F121,83EG,7384,300,0,0,0,951,LECT NEGATIVA,2,,,,1,9P12J,2025-12-08 12:03:00,2025-12-05 09:32:56,1001,L,9JRDF,LA6141 ,9700,Nor,  ,,LN,S,GSC
2025-12-01 00:00:00,802911000953,04,DW,07,C,68,682,CIAU PUC MAXIMILIANO          ,1B,ACTIVO,V0C252 ,1,F121,91F5,28659,99,0,0,0,951,LECT NEGATIVA,2,,,,1,9MCJD,2025-12-04 12:56:00,2025-12-02 09:14:56,0427,M,G92BN,V0C252 ,99900,Nor,  ,,FR,S,GSC
2025-12-01 00:00:00,795031000257,08,DW,05,A,01,082,RAMON CALDERON MARTINEZ       ,1F,ACTIVO,3F75V0 ,2,F621,03F3,34071,135,0,0,0,951,LECT NEGATIVA,2,,,,1,9ND2K,2025-12-04 14:08:00,2025-12-04 10:00:48,0802,M,9NCUF,3F75V0 ,99932,Nor,  ,,FR,S,GSC
2025-12-01 00:00:00,783100310257,20,DW,12,D,01,201,SANCHEZ TORRES JOSE ALFREDO   ,1D,ACTIVO,NK660F ,2,F623,20NU,10564,617,53,0,0,951,LECT NEGATIVA,8,UI SERV DIRECTO,,,1,9BBTM,2025-12-16 12:24:00,2025-12-12 11:36:17,2002,M,9ND6M,NK660F ,520,Opt,  ,,,,GSC
2025-12-01 00:00:00,802921200187,14,DW,07,C,42,141,RAMON GASCA CACERES           ,1A,ACTIVO,968X6H ,2,F622,14LM,388,61,0,0,0,951,LECT NEGATIVA,2,,,,1,9MCJD,2025-12-11 12:10:00,2025-12-09 20:31:35,1427,M,R9871,968X6H ,-96311,Opt,  ,,,,GSC
2025-12-01 00:00:00,795240301353,20,DW,05,A,01,202,LOPEZ BAUTISTA FERNANDO       ,1F,ACTIVO,GCB781 ,1,F123,23NX,1045,146,0,0,0,951,LECT NEGATIVA,2,,,,1,9ND2K,2025-12-15 10:37:00,2025-12-12 06:14:28,2002,M,9NCUA,GCB781 ,99889,Opt,  ,,,,GSC
2025-12-01 00:00:00,801241101668,34,DW,07,B,26,262,CHI NAHUAT MARIA LUCIA        ,1B,ACTIVO,PKF238 ,1,F123,24NX,481,172,0,0,0,951,LECT NEGATIVA,18,,,,1,9MCJD,2025-12-26 14:31:00,2025-12-23 11:15:13,3426,L,9JR0P,PKF238 ,99927,Opt,  ,,,,GSC
2025-12-01 00:00:00,779220100577,64,DW,01,M,24,645,TEMPRANA AZCONA FERNANDO      ,1D,ACTIVO,VA420X ,2,F623,21NV,17258,852,0,0,0,951,LECT NEGATIVA,2,,,,1,9P12J,2025-12-09 13:41:00,2025-12-05 11:59:04,6452,R,9P14E,VA420X ,634,Opt,  ,,,,GSC
2025-12-01 00:00:00,790231101099,18,DW,04,C,93,002,CASTRO MORENO ESTEBAN         ,1F,ACTIVO,GGT094 ,1,F123,23NX,448,143,53,0,0,951,LECT NEGATIVA,8,UI SERV DIRECTO,,,1,9MCF6,2025-12-15 13:41:00,2025-12-11 13:36:31,1827,L,R9658,GGT094 ,45,Opt,  ,,,,GSC
2025-12-01 00:00:00,797810600166,10,DW,06,B,27,271,COSME CHAN CANTE              ,1B,ACTIVO,AT3106 ,1,W111,80C0,9154,177,0,0,0,951,LECT NEGATIVA,2,,,,1,9BBEG,2025-12-08 13:35:00,2025-12-05 09:43:18,1026,M,9EMEK,AT3106 ,9955,Nor,  ,,LN,S,GSC
2025-12-01 00:00:00,776170303383,12,DW,01,E,37,123,CHI CANUL ISMAEL              ,1D,ACTIVO,A577KE ,2,F622,16LM,17772,599,53,0,0,951,LECT NEGATIVA,8,UI SERV DIRECTO,,,1,9P12J,2025-12-09 12:19:00,2025-12-08 07:30:40,1202,L,9MCG8,A577KE ,362,Opt,  ,,,,GSC
2025-12-01 00:00:00,791960200443,26,DW,04,D,49,261,JUAN DE D MUKUL AYIL          ,1F,ACTIVO,A688B9 ,1,F121,94F5,29874,1477,0,0,0,951,LECT NEGATIVA,18,,,,1,9MCF6,2025-12-18 15:39:00,2025-12-17 09:58:11,2626,L,9MC6K,A688B9 ,99266,Nor,  ,,FR,S,GSC
2025-12-01 00:00:00,796020800410,34,DW,06,A,01,343,SILVEIRA LARA JULIA E         ,1D,ACTIVO,20N85N ,2,F62H,10KN,6984,1,59,0,0,951,LECT NEGATIVA,8,DISPLAY APAGADO,,,1,9BBEG,2025-12-26 12:59:00,2025-12-23 09:42:44,3402,M,R9723,20N85N ,99443,Opt,  ,,,,GSC
2025-12-01 00:00:00,811090200621,22,DW,22,B,01,221,PADILLA CRUZ  ROSENDO         ,1D,ACTIVO,82D2L2 ,2,F421,08KF,22310,119,0,0,0,951,LECT NEGATIVA,2,,,,1,9MCCM,2025-12-16 08:36:00,2025-12-15 08:12:30,2202,M,GA22N,82D2L2 ,99921,Nor,  ,,FR,S,GSC
2025-12-01 00:00:00,804190800034,18,DW,08,A,06,001,CAN PECH FERNANDO             ,1B,ACTIVO,F031CR ,1,F122,17LN,3610,150,0,0,0,951,LECT NEGATIVA,2,,,,1,9ND09,2025-12-15 14:24:00,2025-12-11 11:53:46,1827,L,GAEQM,F031CR ,99944,Opt,  ,,,,GSC
2025-12-01 00:00:00,781880400195,04,DW,12,B,01,044,VICTOR RODRIGUEZ              ,1D,ACTIVO,8V243N ,1,F121,06JL,69500,1714,0,0,0,951,LECT NEGATIVA,2,,,,1,9BBTM,2025-12-04 12:30:00,2025-12-02 12:54:52,0401,L,9MCB5,8V243N ,99556,Nor,  ,,FR,S,GSC
2025-12-01 00:00:00,774940300440,06,DW,01,E,02,064,PENATE ARCOS ANTONIO          ,1D,ACTIVO,XND779 ,1,F123,24NX,1337,1911,0,0,0,951,LECT NEGATIVA,2,,,,1,9P12J,2025-12-04 12:15:00,2025-12-03 11:45:28,0604,L,9EMHG,XND779 ,99049,Opt,  ,,,,GSC
2025-12-01 00:00:00,782160703740,08,DW,12,C,01,083,RAMON GARCIA KARLA MARIA      ,1D,ACTIVO,107JHC ,2,F622,15LM,8539,122,53,0,0,951,LECT NEGATIVA,8,UI SERV DIRECTO,,,1,9BBTM,2025-12-08 13:11:00,2025-12-04 11:04:56,0803,L,GAE2M,107JHC ,112,Opt,  ,,,,GSC
2025-12-01 00:00:00,801240302538,34,DW,07,B,27,271,LOPEZ MARTINEZ LUIS FELIPE    ,1B,ACTIVO,MJD678 ,1,F123,23NX,1500,228,0,0,0,951,LECT NEGATIVA,2,,,,1,9MCJD,2025-12-26 14:25:00,2025-12-23 10:55:17,3429,L,9ND1B,MJD678 ,99772,Opt,  ,,,,GSC
2025-12-01 00:00:00,805061101347,20,DW,08,B,69,202,CORTES CHAN NEYRA MERCEDES    ,1B,ACTIVO,CM769C ,1,F123,19NM,331,111,59,0,0,951,LECT NEGATIVA,8,DISPLAY APAGADO,,,1,9ND09,2025-12-16 13:01:00,2025-12-12 10:58:45,2027,M,9JRE1,CM769C ,42,Opt,  ,,,,GSC
2025-12-01 00:00:00,801791200141,34,DW,07,B,26,262,EUGENIO PE A                  ,1B,ACTIVO,8Y3J49 ,1,F121,02GG,24300,176,0,0,0,951,LECT NEGATIVA,2,,,,1,9MCJD,2025-12-26 14:32:00,2025-12-23 12:01:18,3426,L,9JR0P,8Y3J49 ,99958,Nor,  ,,FR,S,GSC
2025-12-01 00:00:00,782210803384,36,DW,12,C,01,363,ROJAS LOPEZ HUGO              ,1D,ACTIVO,A454LE ,2,F622,16LM,23334,786,56,0,0,951,LECT NEGATIVA,8,NO HAY MEDIDOR,,,1,9BBTM,2025-12-30 15:52:00,2025-12-26 07:45:49,3604,L,9P120,A454LE ,980,Opt,  ,,,,GSC
2025-12-01 00:00:00,786110901694,14,DW,03,B,20,143,CHAN PERAZA WELMER ANTONIO    ,1C,ACTIVO,P61R04 ,1,F121,93F5,15381,476,0,0,0,951,LECT NEGATIVA,2,,,,1,9ND2R,2025-12-10 17:58:00,2025-12-09 11:35:09,1429,L,R9855,P61R04 ,99887,Nor,  ,,FR,S,GSC
2025-12-01 00:00:00,788790500098,30,DW,03,D,12,301,CEN VAZQUEZ CARLOS ANTONIO    ,1B,ACTIVO,19WT22 ,1,F121,08JL,26805,309,0,0,0,951,LECT NEGATIVA,2,,,,1,9ND2R,2025-12-22 08:15:00,2025-12-19 12:39:54,3027,M,GAEMM,19WT22 ,99907,Nor,  ,,FR,S,GSC
2025-12-01 00:00:00,808130800294,66,DW,08,E,67,661,CARTOMERSA  S A  DE C V       ,67,ACTIVO,MV845M ,3,KL28,20KE,23457,803,0,0,0,951,LECT NEGATIVA,18,,,,1,9ND09,2025-12-11 15:24:00,2025-12-09 11:50:09,6601,L,9BBVL,MV845M ,99385,Opt,  ,,,,GSC
2025-12-01 00:00:00,775010401421,22,DW,01,G,01,220,JOSE F CASANOVA               ,1B,ACTIVO,2KN435 ,1,F121,99GG,30785,107,0,0,0,951,LECT NEGATIVA,2,,,,1,9P12J,2025-12-16 14:36:00,2025-12-15 10:26:58,2201,M,GAXWM,2KN435 ,99899,Nor,  ,,FR,S,GSC
2025-12-01 00:00:00,802970800602,28,DW,07,C,19,282,MARIO MAY MAY                 ,1B,ACTIVO,U511X0 ,1,F121,97F5,49594,1040,0,0,0,951,LECT NEGATIVA,2,,,,1,9MCJD,2025-12-21 18:10:00,2025-12-18 09:45:51,2826,M,9ND12,U511X0 ,99823,Nor,  ,,FR,S,GSC
2025-12-01 00:00:00,773210600701,20,DW,01,D,01,201,REYES ESPANA REYNA GUADALUPE  ,1D,ACTIVO,HH304E ,1,F123,20NT,8792,535,59,0,0,951,LECT NEGATIVA,8,DISPLAY APAGADO,,,1,9P12J,2025-12-16 13:02:00,2025-12-15 09:55:11,2051,R,9EMCB,HH304E ,0,Opt,31,SERVICIO SIN USO,,,GSC
2025-12-01 00:00:00,780250800725,36,DW,12,D,01,368,MATTSON KAREN SUE             ,1D,ACTIVO,8DVP63 ,2,F623,25NY,98791,3,53,0,0,951,LECT NEGATIVA,4,UI SERV DIRECTO,,,1,9BBTM,2025-12-30 07:38:00,2025-12-26 08:09:53,3606,L,9NCX4,8DVP63 ,604,Opt,  ,,,,GSC
2025-12-01 00:00:00,787891200251,66,DW,03,C,74,661,U CITRICOLA NUB KANCAB 3      ,09,ACTIVO,MV923J ,3,KL28,20KE,1534,119,0,0,0,951,LECT NEGATIVA,2,,,,1,9ND2R,2025-12-10 14:09:00,2025-12-09 08:46:00,6602,L,GA6WN,MV923J ,99667,Opt,  ,,,,GSC
2025-12-01 00:00:00,800020801758,32,DW,07,A,05,301,CHI CAUICH GABRIELA           ,1B,ACTIVO,7N8L84 ,2,FC21,01F3,44929,413,0,0,0,951,LECT NEGATIVA,2,,,,1,9MCJD,2025-12-23 13:18:00,2025-12-22 12:13:26,3201,L,9MCGY,7N8L84 ,99743,Nor,  ,,FR,S,GSC
2025-12-01 00:00:00,777750100036,18,DW,01,J,03,182,BALAN Y CATZIM MARIA SELERINA ,1C,ACTIVO,4B8J65 ,1,F121,00GG,51555,204,0,0,0,951,LECT NEGATIVA,2,,,,1,9P12J,2025-12-12 12:57:00,2025-12-11 09:57:12,1802,L,9BBN1,4B8J65 ,99949,Nor,  ,,FR,S,GSC
2025-12-01 00:00:00,782960401202,28,DW,12,C,01,281,FRANCISCO TUZ MOO             ,1D,ACTIVO,REE861 ,2,F623,24NY,8232,2274,53,0,0,951,LECT NEGATIVA,8,UI SERV DIRECTO,,,1,9BBTM,2025-12-22 16:42:00,2025-12-18 10:32:51,2801,M,GAE2M,REE861 ,1199,Opt,  ,,,,GSC
2025-12-01 00:00:00,773090705287,12,DW,01,D,01,128,LEAL PACHECO WILBERTH GUALDEMA,1D,ACTIVO,1DAP14 ,1,F123,25NX,99618,123,59,0,0,951,LECT NEGATIVA,8,DISPLAY APAGADO,,,1,9P12J,2025-12-10 10:59:00,2025-12-08 12:30:04,1204,L,9BBR3,1DAP14 ,22,Opt,  ,,,,GSC
2025-12-01 00:00:00,796050801381,32,DW,06,A,05,052,MONTIEL ROMERO EMILIANO       ,1B,ACTIVO,9G962X ,1,F121,05JL,16021,130,0,0,0,951,LECT NEGATIVA,18,,,,1,9BBEG,2025-12-24 10:50:00,2025-12-22 07:49:27,3227,L,R9907,9G962X ,99810,Nor,  ,,FR,S,GSC
2025-12-01 00:00:00,799240300182,32,DW,06,D,33,330,CADEN PRO FORES KANAINA SA SV ,02,ACTIVO,KKX970 ,2,F623,23NU,2212,51,0,0,0,951,LECT NEGATIVA,18,,,,1,9BBEG,2025-12-23 15:09:00,2025-12-22 11:13:17,3227,L,G92BA,KKX970 ,99949,Opt,  ,,,,GSC
2025-12-01 00:00:00,782180907708,06,DW,12,C,01,061,MORALES GOMEZ ELVA LUZ        ,1D,ACTIVO,N608DJ ,2,F622,18LM,15387,567,53,0,0,951,LECT NEGATIVA,8,UI SERV DIRECTO,,,1,9BBTM,2025-12-05 10:09:00,2025-12-03 11:02:40,0602,M,GAE2M,N608DJ ,1140,Opt,  ,,,,GSC
2025-12-01 00:00:00,797190100869,22,DW,06,B,33,335,MASSE AVALLET CHRISTIAN FRANCI,1B,ACTIVO,U755MC ,1,F122,18LN,11698,350,52,0,0,951,LECT NEGATIVA,8,COMUNICACION INTERRU,,,1,9BBEG,2025-12-17 13:01:00,2025-12-15 08:45:22,2228,L,R9223,U755MC ,98505,Opt,  ,,,,GSC
2025-12-01 00:00:00,796750308871,30,DW,06,A,01,304,EUSTOLIA LOPEZ DE V           ,1D,ACTIVO,4630UM ,1,C111,686F,7912,50,0,0,0,951,LECT NEGATIVA,2,,,,1,9BBEG,2025-12-23 09:17:00,2025-12-19 10:36:42,3004,M,R9723,4630UM ,9950,Nor,  ,,LN,S,GSC
2025-12-01 00:00:00,796910201688,16,DW,06,A,01,164,FRANCISCO GARCIA CASTILLO     ,1D,ACTIVO,R5X282 ,1,F121,90F5,16658,100,0,0,0,951,LECT NEGATIVA,2,,,,1,9BBEG,2025-12-12 07:09:00,2025-12-10 13:05:41,1601,M,GAX9M,R5X282 ,99900,Nor,  ,,FR,S,GSC
2025-12-01 00:00:00,801100201219,30,DW,07,B,40,402,OY BALAM SERGIO               ,1C,ACTIVO,N0J021 ,1,F121,89F5,21903,99,0,0,0,951,LECT NEGATIVA,2,,,,1,9MCJD,2025-12-22 17:50:00,2025-12-19 11:17:54,3029,M,GAVNM,N0J021 ,99900,Nor,  ,,FR,S,GSC
2025-12-01 00:00:00,801900100151,04,DW,07,B,06,401,SOCORRO CASTILLO C            ,1B,ACTIVO,756VC0 ,2,F622,12LJ,6000,486,0,0,0,951,LECT NEGATIVA,2,,,,1,9MCJD,2025-12-03 15:59:00,2025-12-02 12:16:45,0401,L,9JR0P,756VC0 ,99520,Nor,  ,,LM,S,GSC
2025-12-01 00:00:00,770910600206,14,DW,01,A,01,143,ANTONIO SANCHEZ               ,1D,ACTIVO,V2C542 ,1,F121,91F5,4385,99,0,0,0,951,LECT NEGATIVA,2,,,,1,9P12J,2025-12-11 13:26:00,2025-12-09 12:02:00,1402,M,GA0MN,V2C542 ,99900,Nor,  ,,FR,S,GSC
2025-12-01 00:00:00,783140208153,34,DW,12,D,01,341,RUIZ TORREZ JUAN ARMANDO      ,1D,ACTIVO,832G7N ,2,F622,13LM,10722,178,53,0,0,951,LECT NEGATIVA,8,UI SERV DIRECTO,,,1,9BBTM,2025-12-29 13:21:00,2025-12-23 11:24:32,3402,L,9ND6M,832G7N ,106,Opt,  ,,,,GSC
2025-12-01 00:00:00,795020609195,02,DW,05,A,01,205,JUANA ZAVALA MORENO           ,1F,ACTIVO,7T6M46 ,1,F121,02GG,31938,121,0,0,0,951,LECT NEGATIVA,2,,,,1,9ND2K,2025-12-02 20:20:00,2025-12-01 08:08:32,0202,M,G81DP,7T6M46 ,99970,Nor,  ,,FR,S,GSC
2025-12-01 00:00:00,775770400076,26,DW,01,G,01,262,NIDELVIA E MALDONADO          ,1B,ACTIVO,6D40T3 ,1,F121,03GG,10896,1003,0,0,0,951,LECT NEGATIVA,2,,,,1,9P12J,2025-12-19 08:44:00,2025-12-17 10:33:09,2603,M,GA81N,6D40T3 ,99003,Nor,  ,,FR,S,GSC
2025-12-01 00:00:00,800090700266,73,DW,07,A,04,044,LEDESMA LAGUNAS SIDNEY STEPHAN,1B,ACTIVO,U927DV ,1,F123,18NM,7643,83,0,0,0,951,LECT NEGATIVA,2,,,,1,9MCJD,2025-12-22 13:14:00,2025-12-18 10:10:10,7301,L,9JR0E,U927DV ,99982,Opt,  ,,,,GSC
2025-12-01 00:00:00,780980202513,26,DW,12,B,01,260,JUAN DE LA C EUAN KUMUL       ,1D,ACTIVO,5AU762 ,1,F121,97F5,12957,170,0,0,0,951,LECT NEGATIVA,2,,,,1,9BBTM,2025-12-18 15:08:00,2025-12-17 07:57:11,2601,L,GATKM,5AU762 ,99948,Nor,  ,,FR,S,GSC
2025-12-01 00:00:00,782840400415,02,DW,12,B,01,022,ZENAIDA VALLE DE PETUL        ,1D,ACTIVO,KN3382 ,1,F121,83EG,5045,98,0,0,0,951,LECT NEGATIVA,2,,,,1,9BBTM,2025-12-02 12:35:00,2025-12-01 08:18:02,0201,L,9NCWM,KN3382 ,9900,Nor,  ,,LN,S,GSC
2025-12-01 00:00:00,771780701770,36,DW,01,B,01,364,DORANTES DEL ROSAL CARLOS LISA,1D,ACTIVO,812VXB ,2,F122,16LN,214,100,0,0,0,951,LECT NEGATIVA,2,,,,1,9P12J,2025-12-30 13:07:00,2025-12-27 08:49:16,3651,R,GAADN,913VXB ,100011,Opt,  ,,,,GSC
2025-12-01 00:00:00,801160701733,14,DW,07,B,06,144,BE Y HERRERA JUAN GUALBERTO   ,1B,ACTIVO,G788MK ,2,F622,17LM,26224,998,0,0,0,951,LECT NEGATIVA,18,,,,1,9MCJD,2025-12-10 17:38:00,2025-12-09 15:56:26,1402,L,GAT3M,G788MK ,98536,Opt,  ,,,,GSC
2025-12-01 00:00:00,808141100804,28,DW,08,E,78,281,VARGUEZ CHIN NILDA ELENA      ,1B,ACTIVO,809M2D ,1,F122,14LN,11150,302,56,0,0,951,LECT NEGATIVA,8,NO HAY MEDIDOR,,,1,9ND09,2025-12-22 13:37:00,2025-12-18 10:16:21,2827,M,GAHXM,809M2D ,391,Opt,  ,,,,GSC
2025-12-01 00:00:00,773990202060,22,DW,01,D,01,225,JOSE ISABEL CETZ CANUL        ,1D,ACTIVO,2U731C ,2,F421,06GH,9091,99,0,0,0,951,LECT NEGATIVA,2,,,,1,9P12J,2025-12-17 12:25:00,2025-12-16 08:52:50,2251,R,9EMCB,2U731C ,99901,Nor,  ,,FR,S,GSC
2025-12-01 00:00:00,775230500594,34,DW,01,G,03,342,LEON CHAN PERLA ANGELICA      ,1B,ACTIVO,RCH927 ,2,F623,24NY,1612,320,53,0,0,951,LECT NEGATIVA,8,UI SERV DIRECTO,,,1,9P12J,2025-12-26 11:50:00,2025-12-23 09:00:58,3428,L,GA6TN,RCH927 ,99698,Opt,  ,,,,GSC
2025-12-01 00:00:00,804210800818,18,DW,08,A,06,001,CANCHE HERNANDEZ MARIA FELIX  ,1B,ACTIVO,T037HB ,1,F122,18LN,7153,283,59,0,0,951,LECT NEGATIVA,8,DISPLAY APAGADO,,,1,9ND09,2025-12-15 14:25:00,2025-12-11 08:49:33,1827,L,GAEQM,T037HB ,264,Opt,  ,,,,GSC
2025-12-01 00:00:00,787840200035,26,DW,03,C,67,262,PEDRO ESTRELLA PANTOJA        ,1C,ACTIVO,L1744N ,1,W111,76C0,9818,50,0,0,0,951,LECT NEGATIVA,2,,,,1,9ND2R,2025-12-18 14:27:00,2025-12-17 08:48:09,2626,L,9MCCY,L1744N ,9950,Nor,  ,,LN,S,GSC
2025-12-01 00:00:00,802900100093,24,DW,07,C,41,242,FRANCISCO DZIB                ,1A,ACTIVO,64A6N3 ,1,F121,08JL,7130,49,52,0,0,951,LECT NEGATIVA,8,COMUNICACION INTERRU,,,1,9MCJD,2025-12-18 12:43:00,2025-12-16 12:42:43,2427,M,GAPFM,64A6N3 ,99971,Nor,  ,,FR,S,GSC
2025-12-01 00:00:00,787250300808,06,DW,03,C,71,061,HUCHIM HAAS TEOFILO           ,1B,ACTIVO,PBH094 ,1,F123,24NX,0,50,0,0,0,951,LECT NEGATIVA,2,,,,1,9ND2R,2025-12-04 12:21:00,2025-12-03 13:37:41,0626,L,9MCCY,PBH094 ,99627,Opt,  ,,,,GSC
2025-12-01 00:00:00,795011205669,14,DW,05,A,01,141,CASANOVA ALVARES LEONARDO     ,02,CORTADO,506JKW ,2,F622,15LM,72400,1581,0,0,0,951,LECT NEGATIVA,2,,,,1,9ND2K,2025-12-09 18:39:00,2025-12-09 09:48:41,1401,M,9JRDH,506JKW ,98419,Opt,  ,,,,GSC
2025-12-01 00:00:00,778200800258,30,DW,01,K,60,301,YAM EUAN WILVER EDUARDO       ,1C,ACTIVO,46X14M ,1,F12H,11KU,5057,222,53,0,0,951,LECT NEGATIVA,8,UI SERV DIRECTO,,,1,9P12J,2025-12-23 10:30:00,2025-12-19 08:30:13,3026,M,9BBR5,46X14M ,186,Opt,  ,,,,GSC
2025-12-01 00:00:00,780180402646,28,DW,12,A,05,280,BLANCO SALDANA JOSE ISABEL    ,1D,ACTIVO,J312PK ,2,F622,17LM,18441,1107,0,0,0,951,LECT NEGATIVA,2,,,,1,9BBTM,2025-12-22 07:21:00,2025-12-18 08:45:41,2826,M,GAF1M,J312PK ,99789,Opt,  ,,,,GSC
2025-12-01 00:00:00,796190501051,69,DW,06,A,02,692,OTHON P  BLANCO MUNICIPIO D   ,1B,ACTIVO,364T7A ,2,F622,14LM,81,140,0,0,0,951,LECT NEGATIVA,2,,,,1,9BBEG,2025-12-16 12:38:00,2025-12-12 12:33:25,6902,L,R9964,364T7A ,99860,Opt,  ,,,,GSC
2025-12-01 00:00:00,773110801016,16,DW,01,D,01,161,FLOTA AGUILAR CARLOS ENRIQUE  ,1D,ACTIVO,8NN424 ,1,F121,99GG,29548,287,60,0,0,951,LECT NEGATIVA,8,MEDID NO TRABAJA,,,1,9P12J,2025-12-11 15:25:00,2025-12-10 12:45:53,1602,L,9NCYP,8NN424 ,146,Nor,  ,,,,GSC
2025-12-01 00:00:00,782970601161,20,DW,12,C,01,200,ESTELA ESCOBEDO CRUZ          ,1D,ACTIVO,1J884A ,1,F121,05JL,59564,984,0,0,0,951,LECT NEGATIVA,2,,,,1,9BBTM,2025-12-16 15:03:00,2025-12-12 11:14:19,2001,M,9P14L,1J884A ,99800,Nor,  ,,FR,S,GSC
2025-12-01 00:00:00,801040700857,34,DW,07,B,27,271,KAUIL POOT BONIFACIO          ,1B,ACTIVO,88EU31 ,1,F121,07JL,18400,187,0,0,0,951,LECT NEGATIVA,2,,,,1,9MCJD,2025-12-26 14:24:00,2025-12-23 10:08:20,3429,L,9ND1B,88EU31 ,99979,Nor,  ,,FR,S,GSC
2025-12-01 00:00:00,786221200733,38,DW,03,B,22,003,DOMINGUEZ NOVELO NORMA IRENE  ,1B,ACTIVO,AUA007 ,1,F123,22NX,1680,101,0,0,0,951,LECT NEGATIVA,2,,,,1,9ND2R,2025-12-29 08:42:00,2025-12-27 12:09:48,3826,L,GA8EN,AUA007 ,99986,Opt,  ,,,,GSC
2025-12-01 00:00:00,782180903591,06,DW,12,C,01,061,HERNANDEZ VELASQUEZ JUAN MANUE,1D,ACTIVO,R636FR ,2,F622,18LM,14025,2,53,0,0,951,LECT NEGATIVA,8,UI SERV DIRECTO,,,1,9BBTM,2025-12-05 10:07:00,2025-12-03 11:46:21,0602,M,GAE2M,R636FR ,1063,Opt,  ,,,,GSC
2025-12-01 00:00:00,791211201841,06,DW,04,D,55,061,MEX KANTUN MARGARITA DEL      ,1F,ACTIVO,XE161T ,1,F123,21NT,3020,145,0,0,0,951,LECT NEGATIVA,2,,,,1,9MCF6,2025-12-04 14:25:00,2025-12-03 12:26:02,0626,L,GA8WN,XE161T ,99972,Opt,  ,,,,GSC
2025-12-01 00:00:00,771090904970,40,DW,01,M,13,404,LEON NAVARRO VICTOR ALFONSO   ,1D,ACTIVO,45DX53 ,1,F621,06F3,8490,311,0,0,0,951,LECT NEGATIVA,2,,,,1,9P12J,2025-12-30 16:18:00,2025-12-29 12:21:04,4003,M,G92B2,45DX53 ,99841,Nor,  ,,FR,S,GSC
2025-12-01 00:00:00,808960100091,24,DW,08,E,69,242,LOPEZ ESTRELLA MARTIN E       ,02,ACTIVO,H763N3 ,2,F421,95F8,26096,13,56,0,0,951,LECT NEGATIVA,8,NO HAY MEDIDOR,,,1,9ND09,2025-12-18 12:12:00,2025-12-16 11:34:13,2426,M,GAFUM,H763N3 ,99989,Nor,  ,,FR,S,GSC
2025-12-01 00:00:00,780910201161,38,DW,12,A,01,381,MA CANDELARIA CHAN DE KU      ,1D,ACTIVO,BE122J ,2,F623,19NV,12145,1132,59,0,0,951,LECT NEGATIVA,8,DISPLAY APAGADO,,,1,9BBTM,2025-12-30 10:21:00,2025-12-26 13:45:10,3802,M,9P180,BE122J ,148,Opt,  ,,,,GSC
2025-12-01 00:00:00,790220500064,34,DW,04,C,88,001,FUENTES CASTILLO MARISOL DEL C,1F,CORTADO,U858UY ,1,F122,18LN,9240,221,0,0,0,951,LECT NEGATIVA,2,,,,1,9MCF6,2025-12-26 13:33:00,2025-12-23 10:25:47,3426,L,9BBKD,U858UY ,99940,Opt,  ,,,,GSC
2025-12-01 00:00:00,802211201087,18,DW,07,C,42,186,RAMIREZ GONZALEZ HECTOR MANUEL,1A,ACTIVO,YP450E ,2,F623,21NU,9289,650,0,0,0,951,LECT NEGATIVA,2,,,,1,9MCJD,2025-12-15 16:59:00,2025-12-11 11:48:07,1828,M,9MCCP,YP450E ,99800,Opt,  ,,,,GSC
2025-12-01 00:00:00,783070200915,24,DW,12,D,04,240,AVILES PALOMINO ANA KARENINA  ,1D,ACTIVO,8R19G9 ,1,F121,04GG,29117,70,0,0,0,951,LECT NEGATIVA,2,,,,1,9BBTM,2025-12-18 09:01:00,2025-12-16 08:03:55,2426,L,9P14M,8R19G9 ,99930,Nor,  ,,FR,S,GSC
2025-12-01 00:00:00,772781200274,04,DW,01,C,01,042,CONCEPCION CABRERA            ,02,ACTIVO,6F9B34 ,3,FD21,01F4,16176,1254,0,0,0,951,LECT NEGATIVA,16,,,,1,9P12J,2025-12-03 14:27:00,2025-12-02 11:29:29,0401,M,9JR53,6F9B34 ,99209,Nor,  ,,FR,S,GSC
2025-12-01 00:00:00,778810100169,14,DW,01,K,49,141,GRICELDA PACHECO MAY          ,1C,ACTIVO,W8335G ,1,W111,78C0,7827,448,50,0,0,951,LECT NEGATIVA,8,CASA CERRADA,,,1,9P12J,2025-12-11 12:16:00,2025-12-09 08:56:20,1426,L,R9701,W8335G ,435,Nor,  ,,,,GSC
2025-12-01 00:00:00,776941200727,32,DW,01,H,36,324,LUCIANO UICAB UICAB           ,1C,ACTIVO,BE553Y ,2,F623,19NV,2458,188,0,0,0,951,LECT NEGATIVA,2,,,,1,9P12J,2025-12-23 14:29:00,2025-12-22 13:20:49,3228,L,9MCGE,BE553Y ,99989,Nor,  ,,FR,S,GSC
2025-12-01 00:00:00,786170401011,36,DW,03,B,22,361,VAZQUEZ HEREDIA MARINA CARMELI,1B,ACTIVO,781FDD ,1,F122,15LN,27700,682,0,0,0,951,LECT NEGATIVA,2,,,,1,9ND2R,2025-12-29 08:42:00,2025-12-26 15:28:06,3626,L,GAGJM,781FDD ,99617,Opt,  ,,,,GSC
2025-12-01 00:00:00,805070800096,26,DW,08,B,82,263,MANRIQUE MANRIQUE NIDIA ESTHER,1B,ACTIVO,39GV30 ,1,F121,07JL,4623,142,53,0,0,951,LECT NEGATIVA,8,UI SERV DIRECTO,,,1,9ND09,2025-12-18 17:32:00,2025-12-17 11:13:30,2628,L,9ND0M,39GV30 ,44,Nor,  ,,,,GSC
2025-12-01 00:00:00,779111101741,14,DW,01,M,17,145,MARIN MONTALVO FELIPE DE JESUS,1D,ACTIVO,46NT17 ,2,F621,07F3,457,103,0,0,0,951,LECT NEGATIVA,2,,,,1,9P12J,2025-12-11 09:07:00,2025-12-09 08:54:46,1430,L,R9982,46NT17 ,99906,Nor,  ,,FR,S,GSC
2025-12-01 00:00:00,812030700958,36,DW,22,C,01,363,NORMA DEL CARMEN VICENTE      ,1B,ACTIVO,5H96D4 ,2,F121,03GG,59070,324,0,0,0,951,LECT NEGATIVA,2,,,,1,9MCCM,2025-12-29 08:43:00,2025-12-26 10:48:38,3652,N,GAPKM,5H96D4 ,9180,Nor,  ,,FR,S,GSC
2025-12-01 00:00:00,788110300731,20,DW,03,D,27,202,CANUL CAAMAL JOAQUIN          ,1B,ACTIVO,H610LD ,1,F122,17LN,10813,293,0,0,0,951,LECT NEGATIVA,2,,,,1,9ND2R,2025-12-15 18:21:00,2025-12-12 08:47:38,2027,L,9JR7D,H610LD ,99833,Nor,  ,,FR,S,GSC
2025-12-01 00:00:00,807100100062,20,DW,08,D,55,202,PECH PECH RUFINO              ,1C,ACTIVO,T445Y9 ,1,F121,97F5,11465,340,0,0,0,951,LECT NEGATIVA,2,,,,1,9ND09,2025-12-16 14:13:00,2025-12-12 12:27:51,2027,L,R9857,T445Y9 ,99867,Nor,  ,,FR,S,GSC
2025-12-01 00:00:00,801770200035,04,DW,07,B,06,406,ORDONEZ DE BRITO EDMA LETICIA ,1B,ACTIVO,5K8J38 ,1,F121,01GG,50400,67,0,0,0,951,LECT NEGATIVA,2,,,,1,9MCJD,2025-12-03 15:54:00,2025-12-02 14:00:53,0402,M,9MCFY,5K8J38 ,99901,Nor,  ,,FR,S,GSC
2025-12-01 00:00:00,810251107094,70,DW,22,A,01,707,COND PLAYACAR FASE II AC      ,1B,ACTIVO,7AUU44 ,2,F623,25P2,316,316,0,0,0,23,E23,2,,,,1,9MCCM,2025-12-15 06:58:00,,,,,,,,,,,,GSC
2025-12-01 00:00:00,810251203174,32,DW,22,A,02,323,QDC PLAYA                     ,1B,ACTIVO,6CDM41 ,2,F623,25P3,103,103,0,0,0,23,E23,2,,,,1,9MCCM,2025-12-23 07:01:00,,,,,,,,,,,,GSC
2025-12-01 00:00:00,780251100310,10,DW,12,A,01,100,ESCAYOLA GUTIERREZ AUDEMAR    ,1D,ACTIVO,9BDK44 ,2,F623,25P2,382,382,0,0,0,23,E23,2,,,,1,9BBTM,2025-12-09 08:02:00,,,,,,,,,,,,GSC
2025-12-01 00:00:00,780020402682,22,DW,12,C,01,220,GABOUREL GARCIA JOEL OMAR     ,1D,ACTIVO,93PK95 ,1,F621,07F3,58958,1376,0,0,0,23,E23,18,,,,1,9BBTM,2025-12-15 14:34:00,2025-12-15 10:08:57,2201,L,GAA7N,93PK95 ,2376,Nor,  ,,FR,S,GSC
2025-12-01 00:00:00,780021202318,16,DW,12,A,01,160,HERNANDEZ V ALFREDO           ,1D,ACTIVO,9D33T1 ,1,F121,03GG,31191,306,0,0,0,23,E23,18,,,,1,9BBTM,2025-12-12 14:25:00,2025-12-10 08:35:45,1601,M,9MC6M,9D33T1 ,99297,Nor,  ,,FR,S,GSC
2025-12-01 00:00:00,780251201558,70,DW,12,C,01,700, OBRAS Y CONSTRUCCIONES VALIKR,67,ACTIVO,6ECG48 ,3,KL28,25NJ,37,37,0,0,0,23,E23,18,,,,1,9BBTM,2025-12-15 14:10:00,2025-12-15 19:32:17,7001,L,9NCWW,6ECG48 ,0,Nor,5X,RUTA INCOMPLETA,,,GSC
2025-12-01 00:00:00,780251204271,34,DW,12,A,05,344,CRUZ PEREZ MANUEL             ,1D,ACTIVO,4CFJ62 ,2,F623,25P3,20,20,0,0,0,23,E23,2,,,,1,9BBTM,2025-12-23 11:31:00,,,,,,,,,,,,GSC
2025-12-01 00:00:00,780790300462,66,DW,12,A,01,662,BIENES RAICES RIVEMAR SA      ,67,ACTIVO,MY960F ,3,VL28,20KE,2777,0,0,0,0,23,E23,18,,,,1,9BBTM,2025-12-11 12:13:00,2025-12-09 12:43:39,6601,L,9BBM1,MY960F ,99963,Opt,  ,,,,GSC
2025-12-01 00:00:00,780830800871,30,DW,12,A,01,301,NINIVE WINDSOR PACHECO        ,1D,CORTADO,XNK396 ,1,F123,24NX,1720,222,0,0,0,23,E23,18,,,,1,9BBTM,2025-12-19 14:31:00,2025-12-19 07:53:07,3002,M,9MC6M,XNK396 ,0,Nor,59,DISPLAY APAGADO,59,S,GSC
2025-12-01 00:00:00,780890700859,30,DW,12,A,01,301,JORGE PUERTO MOGUEL           ,1D,ACTIVO,E4E628 ,2,F621,87F3,74096,674,0,0,0,23,E23,18,,,,1,9BBTM,2025-12-19 14:31:00,2025-12-19 08:16:21,3002,M,9MC6M,E4E628 ,99674,Nor,  ,,FR,S,GSC
2025-12-01 00:00:00,780901000081,62,DW,12,A,01,620,MUNICIPIO DE BENITO JUAREZ    ,02,ACTIVO,0AAX20 ,2,F623,25NY,3227,317,0,0,0,23,E23,2,,,,1,9BBTM,2025-12-04 11:22:00,,,,,,,,,,,,GSC
2025-12-01 00:00:00,780910501386,38,DW,12,A,01,380,HERBERT RICALDE TREJO         ,1D,ACTIVO,191RN0 ,1,F122,12LH,18540,247,0,0,0,23,E23,18,,,,1,9BBTM,2025-12-26 08:52:00,2025-12-26 15:14:08,3801,M,GABCM,191RN0 ,0,Nor,50,CASA CERRADA,50,S,GSC
2025-12-01 00:00:00,780920800993,74,DW,12,A,01,741,CFE ZTCNC SE NIZUZ 13 8 KV    ,67,ACTIVO,MY716N ,3,VL28,20KE,15730,35040,0,0,0,23,E23,18,,,,1,9BBTM,2025-12-19 15:42:00,2025-12-19 08:41:14,7401,L,GABCM,MY716N ,0,Nor,59,DISPLAY APAGADO,59,S,GSC
2025-12-01 00:00:00,782050104034,26,DW,12,C,01,261,ESCOBAR MAZARIEGOS SANDRA P   ,1D,ACTIVO,0X82H0 ,1,F121,04JF,70214,592,0,0,0,23,E23,18,,,,1,9BBTM,2025-12-17 07:41:00,2025-12-17 12:43:59,2602,L,GAKFM,0X82H0 ,69911,Nor,  ,,FR,S,GSC
2025-12-01 00:00:00,782051201254,16,DW,12,C,01,160,PUERTO VALENCIA LOURDES B     ,1D,ACTIVO,5M598D ,1,F121,05JF,25520,214,0,0,0,23,E23,18,,,,1,9BBTM,2025-12-12 13:50:00,2025-12-10 10:47:34,1601,M,9P14L,5M598D ,20214,Nor,  ,,FR,S,GSC
2025-12-01 00:00:00,782060303141,28,DW,12,C,01,281,CAAMAL CHAY FELICIANO         ,1D,ACTIVO,8L565D ,1,F121,05JL,14762,153,0,0,0,23,E23,18,,,,1,9BBTM,2025-12-18 16:59:00,2025-12-18 10:06:19,2801,M,GAE2M,8L565D ,14010,Nor,  ,,FR,S,GSC
2025-12-01 00:00:00,782080100289,34,DW,12,C,01,340,OJEDA TUN JORGE LUIS          ,1D,ACTIVO,92LU55 ,1,F121,07JL,47034,289,0,0,0,23,E23,18,,,,1,9BBTM,2025-12-23 09:30:00,2025-12-23 09:36:58,3401,L,GAA7N,92LU55 ,99289,Nor,  ,,FR,S,GSC
2025-12-01 00:00:00,782080201042,28,DW,12,C,01,281,MUNOZ HERNANDEZ JOSEFINA      ,1D,ACTIVO,68JD67 ,1,F121,07JL,19847,440,0,0,0,23,E23,18,,,,1,9BBTM,2025-12-18 17:00:00,2025-12-18 09:11:50,2801,M,GAE2M,68JD67 ,10410,Nor,  ,,FR,S,GSC
2025-12-01 00:00:00,782080805746,06,DW,12,C,01,062,JIMENEZ GONZALEZ MARIA DEL CAR,1D,ACTIVO,32D8J6 ,2,F421,08KF,33424,151,0,0,0,23,E23,18,,,,1,9BBTM,2025-12-05 10:19:00,2025-12-03 09:50:45,0603,M,GAKFM,32D8J6 ,99951,Nor,  ,,FR,S,GSC
2025-12-01 00:00:00,782081103893,06,DW,12,C,01,060,DOMINGUEZ GARCIA MARIA ELENA  ,1D,BAJA,732G8N ,2,F622,13LM,5986,728,0,0,0,23,E23,18,,,,1,9BBTM,2025-12-05 13:09:00,2025-12-03 09:25:47,0601,M,9ND3W,732G8N ,0,Opt,32,UI DERIVACION,32,S,GSC
2025-12-01 00:00:00,782090403930,34,DW,12,C,01,340,CENTRO EDUCATIVO AIFEL S C    ,02,ACTIVO,RMF753 ,2,F623,24NY,5281,1962,0,0,0,0,,18,,,,1,9BBTM,2025-12-23 09:30:00,2025-12-23 12:16:16,3401,L,GAA7N,RMF753 ,0,Nor,53,UI SERV DIRECTO,53,S,GSC
2025-12-01 00:00:00,782110401319,24,DW,12,C,01,242,HERNANDEZ RAMOS MARIA         ,1D,ACTIVO,W766TA ,1,F122,19LN,31278,1527,0,0,0,23,E23,18,,,,1,9BBTM,2025-12-16 14:10:00,2025-12-16 11:17:47,2401,L,9P120,W766TA ,0,Opt,31,SERVICIO SIN USO,,,GSC
2025-12-01 00:00:00,782120803679,28,DW,12,C,01,287,HERNANDEZ LOPEZ ELISEO        ,1D,ACTIVO,8BCY59 ,2,F623,25P2,450,450,0,0,0,23,E23,18,,,,1,9BBTM,2025-12-18 17:34:00,2025-12-18 11:43:41,2805,M,GAA7N,8BCY59 ,420,Opt,  ,,,,GSC
2025-12-01 00:00:00,782120903002,26,DW,12,C,01,261,GOMEZ GUTIERREZ CRISTINO      ,1D,ACTIVO,55B7D9 ,1,F121,08JL,17655,477,0,0,0,23,E23,18,,,,1,9BBTM,2025-12-17 07:41:00,2025-12-17 10:02:02,2602,L,GAKFM,55B7D9 ,10477,Nor,  ,,FR,S,GSC
2025-12-01 00:00:00,782150703024,32,DW,12,C,01,324,SANTOYO DZUL MARCOS ALEJANDRO ,1D,ACTIVO,BA996V ,2,F622,19MP,19454,1133,0,0,0,0,,18,,,,1,9BBTM,2025-12-22 11:09:00,2025-12-22 11:39:25,3203,M,9P120,BA996V ,0,Nor,60,MEDID NO TRABAJA,60,S,GSC
2025-12-01 00:00:00,782160410629,08,DW,12,C,01,083,ALONSO BERNAL JOAQUIN ANTONIO ,1D,ACTIVO,162JJV ,2,F622,15LM,23722,462,0,0,0,23,E23,18,,,,1,9BBTM,2025-12-08 08:40:00,2025-12-04 12:03:00,0803,L,GAE2M,162JJV ,0,Nor,56,NO HAY MEDIDOR,56,S,GSC
2025-12-01 00:00:00,782161207061,10,DW,12,C,01,011,DELGADO ENRIQUEZ JAVIER       ,1D,CORTADO,WNL650 ,2,F623,24P2,5104,1376,0,0,0,23,E23,18,,,,1,9BBTM,2025-12-09 09:30:00,2025-12-05 13:11:17,1002,M,GAALN,WNL650 ,24540,Nor,44,NUM MEDID DESIGU,44,S,GSC
2025-12-01 00:00:00,782170300791,26,DW,12,C,01,261,DE LA CRUZ HERNANDEZ ROBERTO  ,1D,ACTIVO,BE227M ,2,F623,19NV,7690,449,0,0,0,23,E23,18,,,,1,9BBTM,2025-12-17 07:42:00,2025-12-17 11:01:32,2602,L,GAKFM,BE227M ,0,Nor,64,P. INFRARROJO/MED. D,64,S,GSC
2025-12-01 00:00:00,782180603946,06,DW,12,C,01,061,ARAUJO TREJO GABRIELA         ,1D,ACTIVO,N594DL ,2,F622,18LM,8436,562,0,0,0,23,E23,18,,,,1,9BBTM,2025-12-05 10:19:00,2025-12-03 12:09:20,0602,M,GAE2M,N594DL ,92562,Nor,  ,,FR,S,GSC
2025-12-01 00:00:00,782190403422,36,DW,12,D,01,361,POOT CAN JORGE LUIS           ,1D,ACTIVO,4W80D2 ,2,F621,04F3,2647,33,0,0,0,23,E23,18,,,,1,9BBTM,2025-12-26 08:31:00,2025-12-26 11:41:47,3602,L,GAE2M,4W80D2 ,0,Nor,60,MEDID NO TRABAJA,60,S,GSC
2025-12-01 00:00:00,782190903336,36,DW,12,D,01,361,SALAZAR TUN LUIS ROBERTO      ,1D,ACTIVO,Y187BN ,2,F623,19NU,1765,98,0,0,0,23,E23,2,,,,1,9BBTM,2025-12-26 08:36:00,,,,,,,,,,,,GSC
2025-12-01 00:00:00,782191205489,36,DW,12,D,01,361,LEDEZMA SANCHEZ DARWIN        ,1D,ACTIVO,DW016V ,2,F623,19NU,19195,436,0,0,0,23,E23,2,,,,1,9BBTM,2025-12-26 14:54:00,,,,,,,,,,,,GSC
2025-12-01 00:00:00,782191206311,36,DW,12,D,01,361,SALGADO ESTALA RAUL           ,1D,ACTIVO,DW765V ,2,F623,19NU,7390,315,0,0,0,23,E23,2,,,,1,9BBTM,2025-12-30 14:59:00,,,,,,,,,,,,GSC
2025-12-01 00:00:00,782191206370,36,DW,12,D,01,361,JIMENEZ MONTEJO VICTOR        ,1D,ACTIVO,DW236R ,2,F623,19NU,14533,625,0,0,0,23,E23,2,,,,1,9BBTM,2025-12-30 14:57:00,,,,,,,,,,,,GSC
2025-12-01 00:00:00,782191207139,36,DW,12,D,01,361,BASTO POLANCO MARCO ARIEL     ,1D,ACTIVO,DW666V ,2,F623,19NU,3982,15,0,0,0,23,E23,2,,,,1,9BBTM,2025-12-30 14:58:00,,,,,,,,,,,,GSC
2025-12-01 00:00:00,782191207147,36,DW,12,D,01,361,CRUZ ROJAS ARACELI            ,1D,ACTIVO,DW764V ,2,F623,19NU,20183,312,0,0,0,23,E23,2,,,,1,9BBTM,2025-12-30 14:55:00,,,,,,,,,,,,GSC
2025-12-01 00:00:00,782200804111,36,DW,12,D,01,361,PEREZ GOMEZ JULIO CESAR       ,1D,ACTIVO,JDB615 ,2,F623,23NU,3304,232,0,0,0,23,E23,2,,,,1,9BBTM,2025-12-30 14:59:00,,,,,,,,,,,,GSC
2025-12-01 00:00:00,782200804170,36,DW,12,D,01,361,SALAYA GONGORA JUAN CARLOS    ,1D,ACTIVO,BE111J ,2,F623,19NV,4522,14,0,0,0,23,E23,2,,,,1,9BBTM,2025-12-30 14:54:00,,,,,,,,,,,,GSC
2025-12-01 00:00:00,782210403297,06,DW,12,C,01,063,HERNANDEZ OSORIO MARIA YAZMIN ,1D,ACTIVO,NK720Y ,2,F623,20NU,11426,405,0,0,0,23,E23,18,,,,1,9BBTM,2025-12-05 10:19:00,2025-12-03 08:14:47,0604,M,GAA7N,NK720Y ,94684,Opt,44,NUM MEDID DESIGU,44,S,GSC
2025-12-01 00:00:00,782210505715,34,DW,12,C,01,340,NOVELO VERA WENDY ANAHI       ,1D,ACTIVO,JAX195 ,2,F623,23NU,1,1,0,0,0,0,,18,,,,1,9BBTM,2025-12-23 09:30:00,2025-12-23 09:42:24,3401,L,GAA7N,2DVG25 ,0,Nor,53,UI SERV DIRECTO,53,S,GSC
2025-12-01 00:00:00,782220401918,40,DW,12,C,01,401,GERONIMO CRUZ DAVID           ,1D,ACTIVO,BE114T ,2,F623,19NV,10421,741,0,0,0,23,E23,18,,,,1,9BBTM,2025-12-29 11:31:00,2025-12-29 11:22:40,4002,L,9P157,BE114T ,0,Nor,64,P. INFRARROJO/MED. D,64,S,GSC
2025-12-01 00:00:00,782150401559,30,DW,12,C,01,300,PASTOR SALGADO NORMA LIDIA    ,1D,ACTIVO,1ATT67 ,2,F623,25P2,1,1,0,0,0,23,E23,18,,,,1,9BBTM,2025-12-19 13:04:00,2025-12-19 09:55:21,3001,L,GAALN,240T7T ,589,Opt,  ,,,,GSC
2025-12-01 00:00:00,782151000205,24,DW,12,C,01,242,HOIL CHE NOEMI DEL ROSARIO    ,1D,ACTIVO,890FUY ,2,F622,15LM,21012,543,0,0,0,23,E23,18,,,,1,9BBTM,2025-12-16 12:39:00,2025-12-16 10:52:22,2401,L,9P120,890FUY ,0,Nor,51,NO ENCONTRE DOMI,,,GSC
2025-12-01 00:00:00,782191002821,02,DW,12,C,01,020,LOPEZ SANTANA ROSA MARTHA     ,1D,ACTIVO,Y499BR ,2,F623,19NU,618,27,0,0,0,23,E23,18,,,,1,9BBTM,2025-12-02 17:39:00,2025-12-01 10:09:59,0201,M,9ND3W,Y499BR ,4048,Nor,  ,,FR,S,GSC
2025-12-01 00:00:00,782191205004,36,DW,12,D,01,361,ALVARADO MOO WILBERT MANUEL   ,1D,ACTIVO,DW749U ,2,F623,19NU,2884,100,0,0,0,23,E23,2,,,,1,9BBTM,2025-12-30 14:59:00,,,,,,,,,,,,GSC
2025-12-01 00:00:00,782191206361,36,DW,12,D,01,361,GIL GAMBOA HECTOR ABRAHAM     ,1D,ACTIVO,DW646V ,2,F623,19NU,9099,112,0,0,0,23,E23,2,,,,1,9BBTM,2025-12-30 14:55:00,,,,,,,,,,,,GSC
2025-12-01 00:00:00,782191207155,36,DW,12,D,01,361,SANCHEZ SANCHEZ ISRAEL        ,1D,ACTIVO,DW647V ,2,F623,19NU,4673,224,0,0,0,23,E23,2,,,,1,9BBTM,2025-12-30 14:56:00,,,,,,,,,,,,GSC
2025-12-01 00:00:00,782191207171,36,DW,12,D,01,361,MOO POOT MARIA GUADALUPE      ,1D,ACTIVO,DW237R ,2,F623,19NU,6057,500,0,0,0,23,E23,2,,,,1,9BBTM,2025-12-30 14:56:00,,,,,,,,,,,,GSC
2025-12-01 00:00:00,782200103686,36,DW,12,D,01,361,PENA MARTINEZ ELSA AYLIN      ,1D,ACTIVO,EM829C ,2,F623,19NU,12746,200,0,0,0,23,E23,2,,,,1,9BBTM,2025-12-30 14:59:00,,,,,,,,,,,,GSC
2025-12-01 00:00:00,782200600221,36,DW,12,D,01,361,CAMPUZANO FRANCO MAGALY E     ,02,ACTIVO,DW522H ,2,F623,19NU,26998,662,0,0,0,23,E23,18,,,,1,9BBTM,2025-12-26 08:30:00,2025-12-26 11:21:04,3602,L,GAE2M,DW522H ,97113,Nor,  ,,FR,S,GSC
2025-12-01 00:00:00,782200603484,40,DW,12,C,01,402,CARMONA ZUNIGA MIGUEL DE JESUS,1D,ACTIVO,EW048C ,2,F622,19LM,12026,484,0,0,0,23,E23,18,,,,1,9BBTM,2025-12-29 18:45:00,2025-12-29 09:42:40,4003,L,9P14L,EW048C ,3228,Opt,  ,,,,GSC
2025-12-01 00:00:00,782210605752,36,DW,12,C,01,363,DOMINGUEZ PAREJA ANGEL        ,1D,ACTIVO,MB644K ,2,F623,20NU,6049,1394,0,0,0,23,E23,18,,,,1,9BBTM,2025-12-26 15:56:00,2025-12-26 14:49:21,3604,L,GAA7N,MB644K ,0,Nor,51,NO ENCONTRE DOMI,,,GSC
2025-12-01 00:00:00,782210804852,36,DW,12,C,01,360,CAMAS TREJO ELIZABETH         ,1D,ACTIVO,MB177J ,2,F623,20NU,6939,356,0,0,0,23,E23,18,,,,1,9BBTM,2025-12-26 09:15:00,2025-12-26 10:20:39,3601,L,9ND3W,MB177J ,99338,Nor,  ,,FR,S,GSC
2025-12-01 00:00:00,782211003632,34,DW,12,C,01,340,CRUZ MONTEJO PAULA            ,1D,CORTADO,FJV940 ,1,F123,22NX,29718,3412,0,0,0,0,,18,,,,1,9BBTM,2025-12-23 09:31:00,2025-12-23 11:08:17,3401,L,GAA7N,FJV940 ,0,Nor,53,UI SERV DIRECTO,53,S,GSC
2025-12-01 00:00:00,782230702118,34,DW,12,A,01,341,RADIOMOVIL DIPSA              ,02,ACTIVO,UL826Y ,2,F623,21NY,52532,6154,0,0,0,23,E23,18,,,,1,9BBTM,2025-12-23 15:25:00,2025-12-23 16:35:08,3402,L,GAF1M,UL826Y ,0,Nor,5X,RUTA INCOMPLETA,,,GSC
2025-12-01 00:00:00,782240701241,38,DW,12,C,01,380,MENDOZA VILLEGAS ELIZABETH    ,1D,ACTIVO,RDF064 ,2,F623,24NY,2260,290,0,0,0,23,E23,18,,,,1,9BBTM,2025-12-26 10:48:00,2025-12-26 12:51:56,3803,L,9P14L,RDF064 ,12048,Nor,44,NUM MEDID DESIGU,44,S,GSC
2025-12-01 00:00:00,782240903723,38,DW,12,C,01,384,ALBORNOZ ANCONA ALBERTO       ,1D,ACTIVO,2DVK05 ,2,F623,25NY,2821,1509,0,0,0,23,E23,18,,,,1,9BBTM,2025-12-26 14:59:00,2025-12-26 13:00:53,3802,L,GAALN,2DVK05 ,0,Nor,51,NO ENCONTRE DOMI,,,GSC
2025-12-01 00:00:00,782251004453,36,DW,12,C,01,363,MERLIN BECERRA MONICA         ,1D,ACTIVO,8BDK91 ,2,F623,25P2,1,1,0,0,0,23,E23,18,,,,1,9BBTM,2025-12-26 10:49:00,2025-12-26 13:24:20,3801,L,9NCWY,8BDK91 ,0,Nor,5X,RUTA INCOMPLETA,,,GSC
2025-12-01 00:00:00,782251104032,12,DW,12,C,01,122,VELAZAQUEZ HUERTA BRENDA      ,1D,ACTIVO,7AUN09 ,2,F623,25P2,34,34,0,0,0,23,E23,2,,,,1,9BBTM,2025-12-10 09:17:00,,,,,,,,,,,,GSC
2025-12-01 00:00:00,782251200660,12,DW,12,C,01,122,GARCIA SANTIAGO FERNANDO      ,1D,ACTIVO,7CFD91 ,2,F623,25P3,3,3,0,0,0,23,E23,2,,,,1,9BBTM,2025-12-10 09:17:00,,,,,,,,,,,,GSC
2025-12-01 00:00:00,782850600897,10,DW,12,B,01,100,JOSE V VIENTO CAMPOS          ,1D,ACTIVO,7A60V3 ,1,F121,02GG,11435,0,0,0,0,23,E23,18,,,,1,9BBTM,2025-12-09 12:49:00,2025-12-05 09:38:36,1001,M,GAX2M,7A60V3 ,66615,Nor,  ,,FR,S,GSC
2025-12-01 00:00:00,782930500664,16,DW,12,C,01,161,GABRIELA PEREZ                ,1D,ACTIVO,4P519M ,1,F121,06JL,46711,420,0,0,0,23,E23,18,,,,1,9BBTM,2025-12-12 14:27:00,2025-12-10 07:32:07,1602,M,9NCWY,4P519M ,53811,Nor,  ,,FR,S,GSC
2025-12-01 00:00:00,782940700238,16,DW,12,C,01,160,SIN NOMBRE                    ,1D,ACTIVO,V73H92 ,1,F121,94F5,57955,428,0,0,0,23,E23,18,,,,1,9BBTM,2025-12-12 13:51:00,2025-12-10 09:17:07,1601,M,9P14L,V73H92 ,1428,Nor,  ,,FR,S,GSC
2025-12-01 00:00:00,782960800506,30,DW,12,C,01,300,JULIO C FUENTES CHE           ,1D,ACTIVO,M395W9 ,1,F121,96F5,44407,179,0,0,0,23,E23,18,,,,1,9BBTM,2025-12-19 13:06:00,2025-12-19 11:00:26,3001,L,GAALN,M395W9 ,1179,Nor,  ,,FR,S,GSC
2025-12-01 00:00:00,782970703550,34,DW,12,C,01,342,ROSALINDA LLERENA ELIZOND     ,1D,ACTIVO,2J502A ,1,F121,05JL,44669,656,0,0,0,23,E23,18,,,,1,9BBTM,2025-12-23 09:40:00,2025-12-23 14:52:01,3402,L,GAKFM,2J502A ,0,Nor,31,SERVICIO SIN USO,,,GSC
2025-12-01 00:00:00,783021202899,30,DW,12,D,01,301,TORRES JUAREZ ALFREDO         ,1D,ACTIVO,7D56T1 ,1,F121,03GG,5021,733,0,0,0,23,E23,18,,,,1,9BBTM,2025-12-19 15:14:00,2025-12-19 09:18:45,3002,M,GAM5M,7D56T1 ,99733,Nor,  ,,FR,S,GSC
2025-12-01 00:00:00,782940402296,63,DW,12,C,01,630,MUNICIPIO DE BENITO JUAREZ    ,5A,ACTIVO,5BDJ44 ,2,F623,25P2,1588,529,0,0,0,23,E23,18,,,,1,9BBTM,2025-12-08 09:24:00,2025-12-04 08:09:55,6301,L,9P130,5BDJ44 ,99723,Opt,  ,,,,GSC
2025-12-01 00:00:00,782951104017,28,DW,12,C,01,281,PEDRO LEAL                    ,1D,ACTIVO,A162K4 ,1,F121,94F5,38927,323,0,0,0,23,E23,18,,,,1,9BBTM,2025-12-18 17:01:00,2025-12-18 12:08:12,2801,M,GAE2M,A162K4 ,1323,Nor,  ,,FR,S,GSC
2025-12-01 00:00:00,782960201084,20,DW,12,C,01,200,PEDRO PABLO VIDAL             ,1D,ACTIVO,E887M7 ,1,F121,95F5,76989,416,0,0,0,0,,18,,,,1,9BBTM,2025-12-16 11:56:00,2025-12-12 13:12:41,2001,M,9P14L,E887M7 ,1416,Nor,  ,,FR,S,GSC
2025-12-01 00:00:00,782960602038,34,DW,12,C,01,342,FLOR RAMOS VERA               ,1D,ACTIVO,TV263A ,1,F123,21NX,6607,298,0,0,0,0,,18,,,,1,9BBTM,2025-12-23 09:34:00,2025-12-23 09:18:28,3402,L,GAKFM,TV263A ,0,Nor,56,NO HAY MEDIDOR,56,S,GSC
2025-12-01 00:00:00,782980102082,34,DW,12,C,01,340,ANDREA CUPUL Y KU             ,1D,ACTIVO,D539B2 ,1,F121,95F5,46140,1465,0,0,0,0,,18,,,,1,9BBTM,2025-12-23 09:32:00,2025-12-23 08:02:43,3401,L,GAA7N,D539B2 ,0,Nor,60,MEDID NO TRABAJA,60,S,GSC
2025-12-01 00:00:00,783070700861,04,DW,12,C,01,041,ZARZA CALLEJA JUAN LUIS       ,1D,ACTIVO,39NT14 ,2,F621,07F3,30643,766,0,0,0,23,E23,18,,,,1,9BBTM,2025-12-04 09:42:00,2025-12-02 08:22:35,0401,M,GAA7N,39NT14 ,90766,Nor,  ,,FR,S,GSC
2025-12-01 00:00:00,783080905097,20,DW,12,D,01,203,LOPEZ DURAN VICTOR MANUEL     ,1D,ACTIVO,38D9J3 ,2,F421,08KF,89072,679,0,0,0,23,E23,18,,,,1,9BBTM,2025-12-16 13:11:00,2025-12-12 10:40:35,2004,M,GAALN,38D9J3 ,99679,Nor,  ,,FR,S,GSC
2025-12-01 00:00:00,783081206818,16,DW,12,D,01,162,MEDEL CATALAN ADRIAN HUMBERTO ,1D,ACTIVO,56D0D9 ,2,F421,08KF,49815,460,0,0,0,23,E23,18,,,,1,9BBTM,2025-12-12 08:52:00,2025-12-10 12:06:34,1603,M,9P14M,56D0D9 ,94460,Nor,  ,,FR,S,GSC
2025-12-01 00:00:00,783090404096,32,DW,12,D,01,324,GRACIAS CASTANEDA MIREYA ELIZA,02,ACTIVO,70LC01 ,1,F121,07JL,11711,234,0,0,0,23,E23,18,,,,1,9BBTM,2025-12-22 18:16:00,2025-12-22 08:13:45,3203,M,9P14M,70LC01 ,21757,Nor,  ,,FR,S,GSC
2025-12-01 00:00:00,783091100431,10,DW,12,D,02,104,CAUICH PECH ELIODORO          ,1B,ACTIVO,2P432D ,1,F121,06JL,779,15,0,0,0,23,E23,18,,,,1,9BBTM,2025-12-09 12:51:00,2025-12-05 12:51:43,1028,M,GA4HN,2P432D ,90015,Nor,  ,,FR,S,GSC
2025-12-01 00:00:00,783100900879,04,DW,12,C,01,041,PALAFOX OJEDA ERIKA           ,1D,ACTIVO,NR811Y ,2,F623,20NU,6426,300,0,0,0,23,E23,18,,,,1,9BBTM,2025-12-04 09:42:00,2025-12-02 07:34:11,0401,M,GAA7N,NR811Y ,4579,Opt,  ,,,,GSC
2025-12-01 00:00:00,783111106872,12,DW,12,D,01,122,SOLANA BALLINA NORMA FRANCISCA,1D,ACTIVO,7BCL98 ,2,F623,25P2,256,256,0,0,0,23,E23,18,,,,1,9BBTM,2025-12-08 16:35:00,2025-12-08 15:17:32,1203,M,9ND6M,7BCL98 ,256,Opt,  ,,,,GSC
2025-12-01 00:00:00,783141107601,26,DW,12,A,05,262,GARCIA PANIAGUA GABRIELA      ,1D,ACTIVO,UK881V ,2,F623,21NY,16289,1088,0,0,0,23,E23,18,,,,1,9BBTM,2025-12-17 07:36:00,2025-12-17 13:26:43,2628,M,9NCWU,UK881V ,0,Nor,51,NO ENCONTRE DOMI,,,GSC
2025-12-01 00:00:00,783150702091,24,DW,12,D,04,240,TEC TUZ MARIA RUBI            ,1D,ACTIVO,KKU634 ,2,F623,23NU,11762,716,0,0,0,23,E23,18,,,,1,9BBTM,2025-12-18 09:38:00,2025-12-16 19:49:55,2426,L,9P14M,KKU634 ,0,Nor,5X,RUTA INCOMPLETA,,,GSC
2025-12-01 00:00:00,783180302411,40,DW,12,D,01,403,LOPEZ GUILLERMO JOSE GUADALUPE,1D,CORTADO,M356RG ,2,F622,17LM,8814,337,0,0,0,23,E23,18,,,,1,9BBTM,2025-12-29 08:54:00,2025-12-29 17:09:20,4001,M,GATJM,M356RG ,0,Opt,32,UI DERIVACION,32,S,GSC
2025-12-01 00:00:00,783180905370,34,DW,12,D,01,342,DE DIOS LAZARO JULIO CESAR    ,1D,ACTIVO,R624FR ,2,F622,18LM,19906,441,0,0,0,23,E23,18,,,,1,9BBTM,2025-12-23 13:37:00,2025-12-23 11:26:31,3403,L,GAE2M,R624FR ,0,Nor,59,DISPLAY APAGADO,59,S,GSC
2025-12-01 00:00:00,783181001652,40,DW,12,D,01,403,FABIAN LEDESMA JOSE GUADALUPE ,1D,CORTADO,R786HU ,2,F622,18LM,16865,708,0,0,0,23,E23,18,,,,1,9BBTM,2025-12-29 08:54:00,2025-12-29 12:39:44,4001,M,GATJM,R786HU ,0,Opt,32,UI DERIVACION,32,S,GSC
2025-12-01 00:00:00,781041201250,18,DW,12,B,01,224,AVENA SANCHEZ GUILLERMO       ,1D,ACTIVO,5A619H ,1,F121,04GG,10109,0,0,0,0,23,E23,18,,,,1,9BBTM,2025-12-10 09:30:00,2025-12-11 11:44:55,1802,M,GATKM,5A619H ,89999,Nor,  ,,FR,S,GSC
2025-12-01 00:00:00,781060300315,14,DW,12,B,01,142,NANUEL CHAN REJON             ,1D,ACTIVO,8L381D ,1,F121,05JL,42675,257,0,0,0,23,E23,18,,,,1,9BBTM,2025-12-11 11:15:00,2025-12-09 11:16:26,1402,M,9NCX2,8L381D ,99957,Nor,  ,,FR,S,GSC
2025-12-01 00:00:00,781060301231,08,DW,12,B,01,080,RODRIGUEZ ACEVEDO JAIME       ,1D,ACTIVO,MB361G ,2,F623,20NU,6369,179,0,0,0,23,E23,18,,,,1,9BBTM,2025-12-08 10:02:00,2025-12-04 08:56:04,0801,L,GATKM,MB361G ,95544,Nor,  ,,LM,S,GSC
2025-12-01 00:00:00,781060807355,22,DW,12,C,01,222,CANUL CAAMAL RAUL OLIVERIO    ,1D,ACTIVO,34M2P6 ,2,F62H,09KN,43547,347,0,0,0,23,E23,18,,,,1,9BBTM,2025-12-15 15:03:00,2025-12-15 08:39:08,2203,L,9P14L,34M2P6 ,0,Nor,64,P. INFRARROJO/MED. D,64,S,GSC
2025-12-01 00:00:00,781070401594,10,DW,12,B,01,101,CAN CANUL MARIA DEL ROSARIO   ,1D,ACTIVO,7MD815 ,1,F121,98GG,71135,344,0,0,0,23,E23,18,,,,1,9BBTM,2025-12-09 12:52:00,2025-12-05 12:24:09,1002,M,9NCWM,7MD815 ,244,Nor,  ,,FR,S,GSC
2025-12-01 00:00:00,781070803048,32,DW,12,C,01,324,GOMEZ LOPEZ MARIA             ,1D,ACTIVO,YP220J ,2,F623,21NU,12515,938,0,0,0,0,,18,,,,1,9BBTM,2025-12-22 11:08:00,2025-12-22 10:32:36,3203,M,9P120,YP220J ,3275,Opt,  ,,,,GSC
2025-12-01 00:00:00,781081104770,34,DW,12,C,01,344,CADU INMOBILIARIA SA DE CV    ,1D,ACTIVO,JAW615 ,2,F623,23NU,5241,401,0,0,0,23,E23,18,,,,1,9BBTM,2025-12-23 10:51:00,2025-12-23 10:33:07,3403,L,GAALN,JAW615 ,0,Nor,52,COMUNICACION INTERRU,52,S,GSC
2025-12-01 00:00:00,781090400144,28,DW,12,B,01,283,PEDRAZA GARCIA RAFAEL         ,1D,ACTIVO,73LC14 ,1,F121,07JL,32137,501,0,0,0,0,,18,,,,1,9BBTM,2025-12-18 13:33:00,2025-12-18 07:52:06,2802,M,9MCB5,73LC14 ,99500,Nor,  ,,FR,S,GSC
2025-12-01 00:00:00,781100100586,04,DW,12,B,01,044,SANTOS CANCHE MARGARITA       ,1D,ACTIVO,R66Y67 ,1,F121,93F5,49920,210,0,0,0,23,E23,18,,,,1,9BBTM,2025-12-02 12:43:00,2025-12-02 12:47:46,0401,L,9MCB5,R66Y67 ,10210,Nor,  ,,FR,S,GSC
2025-12-01 00:00:00,781120100841,22,DW,12,B,01,026,MENESES LORIA GASPAR MANUEL   ,1D,ACTIVO,52X58L ,1,F12H,11KU,13459,214,0,0,0,23,E23,18,,,,1,9BBTM,2025-12-15 11:31:00,2025-12-15 08:46:40,2201,M,GATKM,52X58L ,0,Nor,51,NO ENCONTRE DOMI,,,GSC
2025-12-01 00:00:00,781121101442,20,DW,12,B,01,025,SANTOS AVILA JUAN GABRIEL     ,1D,ACTIVO,TU855X ,1,F123,21NX,14995,1504,0,0,0,23,E23,18,,,,1,9BBTM,2025-12-16 12:14:00,2025-12-12 09:45:33,2001,L,GATKM,TU855X ,98257,Nor,  ,,FR,S,GSC
2025-12-01 00:00:00,781130201921,36,DW,12,B,01,362,POOL EVELIO MOISES            ,1D,ACTIVO,794TY7 ,1,F122,12LH,16284,116,0,0,0,23,E23,18,,,,1,9BBTM,2025-12-30 13:46:00,2025-12-26 09:06:03,3602,L,GAX2M,794TY7 ,0,Nor,59,DISPLAY APAGADO,59,S,GSC
2025-12-01 00:00:00,781140301681,22,DW,12,C,01,224,RAMIREZ MENDOZA LEMUEL        ,1D,ACTIVO,1R041E ,2,F421,06GH,18372,260,0,0,0,23,E23,18,,,,1,9BBTM,2025-12-15 15:34:00,2025-12-15 10:40:36,2204,L,GAKFM,1R041E ,10260,Nor,  ,,FR,S,GSC
2025-12-01 00:00:00,781161200796,22,DW,12,B,01,026,RODRIGUEZ GARDUZA SANDRA      ,1D,ACTIVO,306VLU ,1,F122,16LN,19783,449,0,0,0,23,E23,18,,,,1,9BBTM,2025-12-15 11:36:00,2025-12-15 07:30:41,2201,M,GATKM,306VLU ,0,Nor,50,CASA CERRADA,50,S,GSC
2025-12-01 00:00:00,781180601203,06,DW,12,B,01,065,CRUZ VEGA JOSE EDUARDO        ,02,ACTIVO,N142DH ,2,F622,18LM,14314,8214,0,0,0,23,E23,18,,,,1,9BBTM,2025-12-05 09:05:00,2025-12-03 17:27:37,0601,L,GATKM,N142DH ,0,Nor,5X,RUTA INCOMPLETA,,,GSC
2025-12-01 00:00:00,780030303399,32,DW,12,B,01,320,COLLI BALAM ELSI MARIA        ,1D,ACTIVO,PJW066 ,1,F123,24NX,171,5,0,0,0,0,,18,,,,1,9BBTM,2025-12-22 17:35:00,2025-12-22 11:30:34,3201,L,GATKM,PJW066 ,0,Nor,51,NO ENCONTRE DOMI,,,GSC
2025-12-01 00:00:00,780040405220,04,DW,12,A,01,040,MUNOZ LARA DANIEL             ,1D,ACTIVO,M660RK ,2,F622,17LM,26752,2309,0,0,0,0,,18,,,,1,9BBTM,2025-12-04 08:28:00,2025-12-02 08:05:29,0402,M,GABCM,M660RK ,0,Nor,60,MEDID NO TRABAJA,60,S,GSC
2025-12-01 00:00:00,780040800137,68,DW,12,A,01,683,SERV CARIBE EXPRESO SA DE CV  ,67,ACTIVO,MW807Y ,3,KL28,20KE,69,4013,0,0,0,23,E23,18,,,,1,9BBTM,2025-12-15 15:24:00,2025-12-11 09:24:11,6803,L,GAF1M,MW807Y ,4013,Nor,  ,,LM,S,GSC
2025-12-01 00:00:00,780041003478,18,DW,12,A,05,184,TORRES SANCHEZ CARLOS EUSEBIO ,1D,ACTIVO,YH625M ,2,F623,21NU,22784,1202,0,0,0,23,E23,18,,,,1,9BBTM,2025-12-15 12:01:00,2025-12-11 12:02:01,1852,N,GA4GN,YH625M ,0,Opt,32,UI DERIVACION,32,S,GSC
2025-12-01 00:00:00,780041103758,36,DW,12,B,01,363,CORTEZ SANTOS SIPRIANO        ,1D,ACTIVO,0B385F ,1,F121,04GG,50968,0,0,0,0,23,E23,18,,,,1,9BBTM,2025-12-30 13:50:00,2025-12-26 12:59:14,3603,M,9NCX2,0B385F ,995,Nor,  ,,,,GSC
2025-12-01 00:00:00,780041104801,38,DW,12,B,03,380,GOMEZ ALAMILLA LUIS DANIEL    ,1D,ACTIVO,9W24R5 ,1,F621,04F3,96939,288,0,0,0,23,E23,18,,,,1,9BBTM,2025-12-26 11:46:00,2025-12-26 12:04:17,3826,L,GAD0M,9W24R5 ,10288,Nor,  ,,FR,S,GSC
2025-12-01 00:00:00,780041105831,36,DW,12,B,01,363,POOT HOIL PABLO               ,1D,ACTIVO,0B668F ,1,F121,04GG,54563,161,0,0,0,23,E23,18,,,,1,9BBTM,2025-12-26 11:27:00,2025-12-26 11:57:02,3603,M,9NCX2,0B668F ,1161,Nor,  ,,FR,S,GSC
2025-12-01 00:00:00,780050905832,16,DW,12,B,01,161,GOMEZ JIMENEZ JOSE DOLORES    ,1D,ACTIVO,1J401A ,1,F121,05JL,33567,104,0,0,0,23,E23,18,,,,1,9BBTM,2025-12-12 07:48:00,2025-12-10 09:32:52,1602,M,GAALN,1J401A ,0,Nor,56,NO HAY MEDIDOR,56,S,GSC
2025-12-01 00:00:00,780051205761,16,DW,12,B,01,161,JIMENEZ MAY MARLENE ISABEL    ,1D,ACTIVO,95MT57 ,2,F421,07GH,53073,574,0,0,0,23,E23,18,,,,1,9BBTM,2025-12-12 07:48:00,2025-12-10 08:25:01,1602,M,GAALN,95MT57 ,0,Nor,52,COMUNICACION INTERRU,52,S,GSC
2025-12-01 00:00:00,780060402715,40,DW,12,B,03,401,MARIO RAMIREZ LOPEZ           ,1D,ACTIVO,0R289N ,2,F621,06F3,208,209,0,0,0,23,E23,18,,,,1,9BBTM,2025-12-01 09:49:00,2025-12-29 10:52:22,4027,L,GATKM,0R289N ,0,Nor,56,NO HAY MEDIDOR,56,S,GSC
2025-12-01 00:00:00,780070401946,68,DW,12,A,01,683,CUMBRES MEMBERS RESORTS AC    ,67,ACTIVO,A678HX ,3,KL28,16KE,14616,4426,0,0,0,23,E23,18,,,,1,9BBTM,2025-12-15 15:34:00,2025-12-11 12:18:05,6803,L,GAF1M,A678HX ,3915,Nor,  ,,LM,S,GSC
2025-12-01 00:00:00,780070503234,38,DW,12,B,03,380,LOPEZ BARAHONA GLADIS         ,1D,ACTIVO,31AR07 ,1,F121,06JL,39174,126,0,0,0,23,E23,18,,,,1,9BBTM,2025-12-26 11:43:00,2025-12-26 16:28:51,3826,L,GAX2M,31AR07 ,99126,Nor,  ,,FR,S,GSC
2025-12-01 00:00:00,780071201011,08,DW,12,A,01,081,SANCHEZ BELMONTE EMILIA       ,1D,ACTIVO,29KF09 ,1,F121,07JL,36311,316,0,0,0,23,E23,18,,,,1,9BBTM,2025-12-08 13:55:00,2025-12-04 11:19:23,0802,M,GAD0M,29KF09 ,3316,Nor,  ,,FR,S,GSC
2025-12-01 00:00:00,780080603962,30,DW,12,A,01,301,MEDINA UH UH MARIA DE JESUS   ,1D,ACTIVO,84YD28 ,1,F121,08JL,14268,182,0,0,0,23,E23,18,,,,1,9BBTM,2025-12-19 14:32:00,2025-12-19 15:01:47,3002,M,9MC6M,84YD28 ,1545,Nor,  ,,FR,S,GSC
2025-12-01 00:00:00,780080904628,08,DW,12,A,01,081,HUERTA URBINA MARIA ENGRACIA  ,1D,ACTIVO,32C3K5 ,2,F621,08KG,60249,623,0,0,0,23,E23,18,,,,1,9BBTM,2025-12-08 08:37:00,2025-12-04 11:02:11,0802,M,GAD0M,32C3K5 ,67650,Nor,  ,,FR,S,GSC
2025-12-01 00:00:00,780100100148,10,DW,12,A,01,100,VALDEZ MONRREAL ADOLFO        ,1D,ACTIVO,2U196J ,2,F421,06GH,4563,1685,0,0,0,23,E23,18,,,,1,9BBTM,2025-12-09 08:07:00,2025-12-05 09:52:35,1001,M,9MC6M,2U196J ,3092,Nor,44,NUM MEDID DESIGU,44,S,GSC
2025-12-01 00:00:00,780131002381,73,DW,12,A,01,731,RADIOMOVIL DIPSA SA DE CV     ,67,ACTIVO,GCU015 ,3,KL28,22NJ,17732,2709,0,0,0,23,E23,18,,,,1,9BBTM,2025-12-22 10:17:00,2025-12-18 09:02:35,7302,L,9NCX5,GCU015 ,0,Nor,52,COMUNICACION INTERRU,52,S,GSC
2025-12-01 00:00:00,780140502044,68,DW,12,A,01,683,PROMO Y DES COMERCIAL DE QROO ,67,ACTIVO,FY498T ,3,KL28,19KE,7494,1087,0,0,0,23,E23,18,,,,1,9BBTM,2025-12-15 15:27:00,2025-12-11 09:05:08,6803,L,GAF1M,FY498T ,1087,Nor,  ,,LM,S,GSC
2025-12-01 00:00:00,780140502168,68,DW,12,A,01,683,PERFORMANCE BOATS SA DE CV    ,67,ACTIVO,MU826F ,3,KL28,20KE,8504,783,0,0,0,23,E23,18,,,,1,9BBTM,2025-12-15 15:27:00,2025-12-11 09:08:43,6803,L,GAF1M,MU826F ,783,Nor,  ,,LM,S,GSC
2025-12-01 00:00:00,781050700587,24,DW,12,C,01,244,ORBELIN MORALES LAZARO        ,1D,ACTIVO,11M4M0 ,2,F62H,09KN,45348,405,0,0,0,23,E23,18,,,,1,9BBTM,2025-12-16 12:38:00,2025-12-16 09:32:34,2403,M,GAKFM,11M4M0 ,55057,Opt,  ,,,,GSC
2025-12-01 00:00:00,781050900659,08,DW,12,B,01,081,RAMIREZ CABALLERO MARIA V     ,1D,ACTIVO,1J876A ,1,F121,05JL,20938,186,0,0,0,23,E23,18,,,,1,9BBTM,2025-12-08 10:02:00,2025-12-04 07:53:20,0802,M,GAX2M,1J876A ,6438,Nor,  ,,FR,S,GSC
2025-12-01 00:00:00,781051200561,22,DW,12,C,01,222,CRUZ JAVIER ARJONA ECHEVERRIA ,1D,ACTIVO,06M0M6 ,2,F62H,09KN,47054,798,0,0,0,23,E23,18,,,,1,9BBTM,2025-12-15 15:00:00,2025-12-15 09:45:59,2203,L,9P14L,06M0M6 ,0,Nor,64,P. INFRARROJO/MED. D,64,S,GSC
2025-12-01 00:00:00,781060300846,06,DW,12,B,01,060,BOBADILLA AVILA RAUL          ,1D,ACTIVO,3J457R ,1,F121,05JL,13997,153,0,0,0,23,E23,18,,,,1,9BBTM,2025-12-05 09:10:00,2025-12-03 11:17:34,0602,L,9NCWM,3J457R ,9754,Nor,  ,,FR,S,GSC
2025-12-01 00:00:00,781060801454,20,DW,12,C,01,202,REYES MANUEL NINIVE GABRIELA  ,1D,ACTIVO,22M9R9 ,2,F62H,09KN,27183,255,0,0,0,0,,18,,,,1,9BBTM,2025-12-16 11:57:00,2025-12-12 09:23:50,2003,M,9P120,22M9R9 ,94790,Nor,  ,,FR,S,GSC
2025-12-01 00:00:00,781060804852,22,DW,12,C,01,222,ORTIZ ABELIANO JESUS          ,1D,ACTIVO,22M1P8 ,2,F62H,09KN,26378,347,0,0,0,23,E23,18,,,,1,9BBTM,2025-12-15 15:00:00,2025-12-15 08:07:40,2203,L,9P14L,22M1P8 ,0,Nor,64,P. INFRARROJO/MED. D,64,S,GSC
2025-12-01 00:00:00,781060805476,22,DW,12,C,01,222,JOSE LINO NOH PUC             ,1D,ACTIVO,23M5R6 ,2,F62H,09KN,23877,52,0,0,0,23,E23,18,,,,1,9BBTM,2025-12-15 15:01:00,2025-12-15 08:19:34,2203,L,9P14L,23M5R6 ,0,Nor,64,P. INFRARROJO/MED. D,64,S,GSC
2025-12-01 00:00:00,781070302375,18,DW,12,B,01,220,RODRIGUEZ NERI MARIA ELENA    ,1D,ACTIVO,0BY859 ,1,F121,98F5,77198,936,0,0,0,23,E23,18,,,,1,9BBTM,2025-12-15 09:30:00,2025-12-11 08:56:06,1801,M,9NCX2,0BY859 ,92456,Nor,  ,,FR,S,GSC
2025-12-01 00:00:00,781071205462,24,DW,12,B,01,241,ARROYO CETINA JOSE            ,1D,ACTIVO,96PL39 ,2,F621,07F3,52910,1510,0,0,0,23,E23,18,,,,1,9BBTM,2025-12-18 15:29:00,2025-12-16 11:23:22,2401,M,9ND1X,96PL39 ,2510,Nor,  ,,FR,S,GSC
2025-12-01 00:00:00,781071208780,30,DW,12,C,01,305,ESPINOZA PUMARINO YOKO ALI    ,1D,ACTIVO,81LU39 ,1,F121,07JL,20217,1,0,0,0,23,E23,18,,,,1,9BBTM,2025-12-19 13:05:00,2025-12-19 07:45:54,3004,L,9P120,81LU39 ,99984,Nor,  ,,FR,S,GSC
2025-12-01 00:00:00,781091001316,30,DW,12,B,01,304,JURADO PARRA GREGORIO         ,1D,ACTIVO,6TB481 ,2,F421,99GH,29904,526,0,0,0,23,E23,18,,,,1,9BBTM,2025-12-19 12:28:00,2025-12-19 08:23:37,3001,L,GATKM,6TB481 ,1525,Nor,  ,,FR,S,GSC
2025-12-01 00:00:00,781110802139,22,DW,12,B,01,026,MIS CANCHE AURELIA            ,1D,ACTIVO,22M82T ,1,F12H,10KU,17171,197,0,0,0,23,E23,18,,,,1,9BBTM,2025-12-15 11:31:00,2025-12-15 09:12:32,2201,M,GATKM,22M82T ,0,Nor,50,CASA CERRADA,50,S,GSC
2025-12-01 00:00:00,781111203131,30,DW,12,B,01,305,KU DZIB ARMANDO RICARDO       ,1D,ACTIVO,8BCY74 ,2,F623,25P2,510,510,0,0,0,23,E23,18,,,,1,9BBTM,2025-12-19 15:22:00,2025-12-19 09:05:05,3002,L,9BBLY,8BCY74 ,510,Opt,  ,,,,GSC
2025-12-01 00:00:00,781120300191,14,DW,12,B,01,142,LOEZA MONFORTE JOSE ALBERTO   ,1D,ACTIVO,9G1T97 ,1,F121,01GG,39424,690,0,0,0,23,E23,18,,,,1,9BBTM,2025-12-11 11:17:00,2025-12-09 10:33:24,1402,M,9NCX2,9G1T97 ,93270,Nor,  ,,FR,S,GSC
2025-12-01 00:00:00,781130202979,36,DW,12,B,01,362,XALA MARCIAL DELFINA          ,1D,ACTIVO,064H3A ,1,F122,13LN,22046,405,0,0,0,23,E23,18,,,,1,9BBTM,2025-12-30 13:47:00,2025-12-26 10:50:13,3602,L,GAX2M,064H3A ,0,Nor,59,DISPLAY APAGADO,59,S,GSC
2025-12-01 00:00:00,781130603205,22,DW,12,C,01,224,PECH MEJIA ELIAS              ,1D,ACTIVO,75D7L3 ,2,F421,08KF,20527,0,0,0,0,23,E23,18,,,,1,9BBTM,2025-12-15 15:35:00,2025-12-15 09:21:09,2204,L,GAKFM,75D7L3 ,1000,Nor,  ,,,,GSC
2025-12-01 00:00:00,781141100213,32,DW,12,B,01,320,ALVAREZ CHAN DEYSI DEL SOCORRO,1D,ACTIVO,44X79L ,1,F12H,11KU,35724,937,0,0,0,0,,18,,,,1,9BBTM,2025-12-22 17:35:00,2025-12-22 09:03:03,3201,L,GATKM,44X79L ,90937,Nor,  ,,FR,S,GSC
2025-12-01 00:00:00,781850200094,04,DW,12,B,01,044,ALIPIO PEREZ LAZARO           ,1D,ACTIVO,5LB757 ,1,F121,99GG,62695,479,0,0,0,23,E23,18,,,,1,9BBTM,2025-12-02 12:43:00,2025-12-02 09:10:03,0401,L,9MCB5,5LB757 ,1478,Nor,  ,,FR,S,GSC
2025-12-01 00:00:00,781860300216,12,DW,12,B,01,120,MICHEL ROBERTO KUMUL SOLIS    ,1C,ACTIVO,T781NF ,1,F122,18LN,426,11,0,0,0,23,E23,18,,,,1,9BBTM,2025-12-10 11:06:00,2025-12-08 08:44:01,1201,M,9NCWM,T781NF ,0,Nor,56,NO HAY MEDIDOR,56,S,GSC
2025-12-01 00:00:00,781880400365,04,DW,12,B,01,044,MAXIMINO ARCEO SUASTE         ,1D,ACTIVO,E1J885 ,1,F121,88F5,60980,232,0,0,0,23,E23,18,,,,1,9BBTM,2025-12-02 12:43:00,2025-12-02 11:09:14,0401,L,9MCB5,E1J885 ,1232,Nor,  ,,FR,S,GSC
2025-12-01 00:00:00,781911200211,10,DW,12,B,01,100,ARMANDO MUT MUCUL             ,1D,ACTIVO,U9X877 ,1,F121,91G2,69204,871,0,0,0,23,E23,18,,,,1,9BBTM,2025-12-05 12:48:00,2025-12-05 08:56:14,1001,M,GAX2M,U9X877 ,1871,Nor,  ,,FR,S,GSC
2025-12-01 00:00:00,781940400050,08,DW,12,B,01,081,ZACARIAS CHAN ORTEGA          ,1D,ACTIVO,T26F81 ,1,F121,93F5,15206,71,0,0,0,23,E23,18,,,,1,9BBTM,2025-12-08 10:03:00,2025-12-04 11:05:14,0802,M,GAX2M,T26F81 ,99969,Nor,  ,,FR,S,GSC
2025-12-01 00:00:00,781941100068,10,DW,12,B,01,100,EDUARDO A FUENTES MORENO      ,1D,ACTIVO,PJU823 ,1,F123,24NX,3378,838,0,0,0,23,E23,18,,,,1,9BBTM,2025-12-09 12:51:00,2025-12-05 08:17:14,1001,M,GAX2M,PJU823 ,0,Nor,56,NO HAY MEDIDOR,56,S,GSC
2025-12-01 00:00:00,781950600219,06,DW,12,B,01,060,HERIBERTO H RODRIGUEZ M       ,1D,ACTIVO,HYT087 ,2,F623,23NU,1746,122,0,0,0,23,E23,18,,,,1,9BBTM,2025-12-05 09:10:00,2025-12-03 16:00:19,0602,L,GA4GN,HYT087 ,0,Nor,51,NO ENCONTRE DOMI,,,GSC
2025-12-01 00:00:00,781970303768,12,DW,12,B,01,120,JOSE GRACILIANO GONZALEZ      ,1D,ACTIVO,L910FN ,1,F122,18LN,10028,481,0,0,0,23,E23,18,,,,1,9BBTM,2025-12-10 11:08:00,2025-12-08 14:26:42,1201,M,GATKM,L910FN ,0,Nor,50,CASA CERRADA,50,S,GSC
2025-12-01 00:00:00,781970404912,18,DW,12,B,01,224,JOSE A  SALAZAR PERAZA        ,02,ACTIVO,C5F496 ,3,FD21,87F4,89076,25,0,0,0,23,E23,18,,,,1,9BBTM,2025-12-15 09:31:00,2025-12-11 09:30:31,1802,M,GATKM,C5F496 ,99924,Nor,  ,,FR,S,GSC
2025-12-01 00:00:00,781981100176,06,DW,12,B,01,065,GLADIS ROJAS XIX              ,1D,ACTIVO,L780K0 ,1,F121,96F5,15423,112,0,0,0,23,E23,18,,,,1,9BBTM,2025-12-05 08:50:00,2025-12-03 07:13:33,0601,L,GATKM,L780K0 ,99113,Nor,  ,,FR,S,GSC
2025-12-01 00:00:00,782010606649,24,DW,12,C,01,242,MARTIN EUAN TRINIDAD          ,1D,ACTIVO,87C8F3 ,2,F621,08KG,35755,200,0,0,0,23,E23,18,,,,1,9BBTM,2025-12-18 12:37:00,2025-12-16 09:19:48,2401,L,9P120,87C8F3 ,83130,Nor,  ,,FR,S,GSC
2025-12-01 00:00:00,782030805427,26,DW,12,C,01,260,VIDAL REYES CARMEN            ,1D,ACTIVO,5F35V1 ,1,F621,03F3,51580,586,0,0,0,23,E23,18,,,,1,9BBTM,2025-12-17 07:40:00,2025-12-17 09:22:44,2601,L,9NCWW,5F35V1 ,90586,Nor,  ,,FR,S,GSC
2025-12-01 00:00:00,782030806156,38,DW,12,C,01,382,ROBERTO ESCUTIA VALDEZ        ,1D,ACTIVO,7F34G4 ,2,F421,03GH,95290,990,0,0,0,23,E23,18,,,,1,9BBTM,2025-12-26 15:18:00,2025-12-26 07:57:01,3801,L,9NCWY,7F34G4 ,50990,Nor,  ,,FR,S,GSC
2025-12-01 00:00:00,782031100265,30,DW,12,C,01,300,JOSE ANTONIO ELIAS CORAL      ,02,CORTADO,1F06K3 ,2,F421,03GH,3858,0,0,0,0,23,E23,18,,,,1,9BBTM,2025-12-19 13:04:00,2025-12-19 11:28:37,3001,L,GAALN,1F06K3 ,23124,Nor,  ,,FR,S,GSC
2025-12-01 00:00:00,782050104174,28,DW,12,C,01,281,INTERIAN GARCIA MERCEDES      ,1D,ACTIVO,0X15H3 ,1,F121,04JF,28019,704,0,0,0,23,E23,18,,,,1,9BBTM,2025-12-18 16:58:00,2025-12-18 12:30:20,2801,M,GAE2M,0X15H3 ,99704,Nor,  ,,FR,S,GSC
2025-12-01 00:00:00,782060102544,28,DW,12,C,01,281,PECH Y CHUC NICASIA           ,1D,ACTIVO,8L699N ,1,F121,05JL,31147,154,0,0,0,23,E23,18,,,,1,9BBTM,2025-12-18 16:57:00,2025-12-18 11:03:17,2801,M,GAE2M,8L699N ,99154,Nor,  ,,FR,S,GSC
2025-12-01 00:00:00,782070102593,02,DW,12,C,01,020,SALDANA RAMIREZ NANCY CAROLINA,1D,ACTIVO,7T425Y ,2,F621,06F3,36330,712,0,0,0,23,E23,18,,,,1,9BBTM,2025-12-02 17:39:00,2025-12-01 07:04:15,0201,M,9ND3W,7T425Y ,3206,Nor,  ,,FR,S,GSC
2025-12-01 00:00:00,782070703830,03,DW,12,C,01,032,RAMIREZ GODINEZ NORMA         ,1D,ACTIVO,T622XV ,2,F622,18LM,12936,618,0,0,0,0,,18,,,,1,9BBTM,2025-12-30 10:48:00,,,,,,,,,,,,GSC
2025-12-01 00:00:00,782070901381,28,DW,12,C,01,281,CANUL TUN BENJAMIN COSME      ,1D,ACTIVO,V348VX ,1,F122,19LN,17846,815,0,0,0,23,E23,18,,,,1,9BBTM,2025-12-18 17:00:00,2025-12-18 10:22:01,2801,M,GAE2M,V348VX ,2582,Opt,  ,,,,GSC
2025-12-01 00:00:00,782081202816,04,DW,12,C,01,043,SEGURA GONZALEZ JOSE LUIS     ,1D,ACTIVO,23PF74 ,2,F621,07F3,20233,1415,0,0,0,23,E23,18,,,,1,9BBTM,2025-12-04 09:43:00,2025-12-02 09:44:52,0403,M,9NCWW,23PF74 ,91415,Nor,  ,,FR,S,GSC
2025-12-01 00:00:00,782030805338,26,DW,12,C,01,260,JACINTO GOMEZ ARTURO          ,1D,ACTIVO,6H37T1 ,1,F121,03GG,76078,853,0,0,0,23,E23,18,,,,1,9BBTM,2025-12-17 07:39:00,2025-12-17 09:24:08,2601,L,9NCWW,6H37T1 ,99852,Nor,  ,,FR,S,GSC
2025-12-01 00:00:00,782040100502,66,DW,12,D,01,620,MUNICIPIO DE BENITO JUAREZ    ,5A,ACTIVO,UW081U ,2,F623,21NY,61315,1771,0,0,0,23,E23,18,,,,1,9BBTM,2025-12-10 09:34:00,2025-12-09 10:30:35,6601,L,9NCX1,UW081U ,0,Nor,53,UI SERV DIRECTO,53,S,GSC
2025-12-01 00:00:00,782040503950,26,DW,12,C,01,261,BAUTISTA ALVARADO DELFINO     ,1D,ACTIVO,4T80D7 ,1,F121,04GG,35082,603,0,0,0,23,E23,18,,,,1,9BBTM,2025-12-17 07:42:00,2025-12-17 08:31:49,2602,L,GAKFM,4T80D7 ,99603,Nor,  ,,FR,S,GSC
2025-12-01 00:00:00,782041200381,28,DW,12,C,01,281,CAUICH MEDINA ANCELMO         ,1D,ACTIVO,7X27M6 ,1,F621,04F3,38927,192,0,0,0,23,E23,18,,,,1,9BBTM,2025-12-18 17:01:00,2025-12-18 10:15:53,2801,M,GAE2M,7X27M6 ,1252,Nor,  ,,FR,S,GSC
2025-12-01 00:00:00,782050300241,28,DW,12,C,01,281,PEDRO TAMAYO AGUILAR          ,1D,ACTIVO,0X05H0 ,1,F121,04JF,19322,173,0,0,0,23,E23,18,,,,1,9BBTM,2025-12-18 16:59:00,2025-12-18 15:18:38,2801,M,GAA7N,0X05H0 ,0,Nor,51,NO ENCONTRE DOMI,,,GSC
2025-12-01 00:00:00,782050402451,22,DW,12,C,01,222,VELAZQUEZ CELAYA ROLANDO      ,1D,ACTIVO,07M0M3 ,2,F62H,09KN,56581,905,0,0,0,23,E23,18,,,,1,9BBTM,2025-12-15 15:03:00,2025-12-15 11:01:00,2203,L,9P14L,07M0M3 ,0,Nor,64,P. INFRARROJO/MED. D,64,S,GSC
2025-12-01 00:00:00,782060904551,36,DW,12,C,01,360,ABAN CHIMAL SATURNINO         ,1D,ACTIVO,3Y603B ,1,F121,06JL,79911,0,0,0,0,23,E23,18,,,,1,9BBTM,2025-12-26 09:20:00,2025-12-26 08:00:44,3601,L,9ND3W,3Y603B ,1000,Nor,  ,,,,GSC
2025-12-01 00:00:00,782081103214,06,DW,12,C,01,060,MENDOZA JUAREZ ABELARDO       ,1D,ACTIVO,89D9K7 ,2,F421,08KF,52765,813,0,0,0,23,E23,18,,,,1,9BBTM,2025-12-03 11:15:00,2025-12-03 10:12:08,0601,M,9ND3W,89D9K7 ,90799,Nor,  ,,FR,S,GSC
2025-12-01 00:00:00,782081202743,04,DW,12,C,01,043,CARRILLO REYES LOYDA ADRIANA  ,1D,ACTIVO,80EA79 ,2,F621,06F3,26207,300,0,0,0,23,E23,18,,,,1,9BBTM,2025-12-04 09:43:00,2025-12-02 09:45:44,0403,M,9NCWW,80EA79 ,99294,Nor,  ,,FR,S,GSC
2025-12-01 00:00:00,782091100311,40,DW,12,A,01,402,DUARTE MARTINEZ LINA ROSA     ,1D,ACTIVO,2U353J ,2,F621,06GH,54123,708,0,0,0,23,E23,18,,,,1,9BBTM,2025-12-29 10:18:00,2025-12-29 10:42:37,4003,M,9NCWU,2U353J ,3507,Nor,  ,,FR,S,GSC
2025-12-01 00:00:00,782110201603,12,DW,12,C,01,120,THERMOKOLD DE MEXICO SA DE CV ,02,ACTIVO,T96X94 ,2,F621,93F3,90111,611,0,0,0,23,E23,18,,,,1,9BBTM,2025-12-10 12:53:00,2025-12-09 12:40:45,1251,R,9P130,T96X94 ,99511,Nor,  ,,FR,S,GSC
2025-12-01 00:00:00,782120301312,36,DW,12,C,01,360,POOL TUN JOSE EPIFANIO        ,1D,ACTIVO,DJN558 ,2,F623,22NU,1845,109,0,0,0,23,E23,18,,,,1,9BBTM,2025-12-26 09:15:00,2025-12-26 10:10:16,3601,L,9ND3W,DJN558 ,0,Nor,53,UI SERV DIRECTO,53,S,GSC
2025-12-01 00:00:00,782120503713,34,DW,12,C,01,342,CASTRO SEGURA ALEJANDRO       ,1D,ACTIVO,30D4A3 ,2,F421,08KF,565,138,0,0,0,23,E23,18,,,,1,9BBTM,2025-12-23 09:36:00,2025-12-23 09:43:01,3402,L,GAKFM,30D4A3 ,1138,Nor,  ,,FR,S,GSC
2025-12-01 00:00:00,782150304286,08,DW,12,C,01,082,JAIMES HERNANDEZ BRAYAN RANFER,1D,ACTIVO,484N9D ,2,F622,14LM,33707,779,0,0,0,23,E23,18,,,,1,9BBTM,2025-12-08 08:39:00,2025-12-04 13:13:54,0802,L,GAKFM,484N9D ,0,Nor,5X,RUTA INCOMPLETA,,,GSC
2025-12-01 00:00:00,782160501063,62,DW,12,C,01,620,MUNICIPIO DE BENITO JUAREZ    ,5A,ACTIVO,WNX195 ,3,F623,24P2,22833,1898,0,0,0,23,E23,18,,,,1,9BBTM,2025-12-05 09:25:00,2025-12-04 07:31:51,6251,R,R9895,WNX195 ,79065,Nor,  ,,FR,S,GSC
2025-12-01 00:00:00,782170110658,06,DW,12,C,01,064,CUEVAS FERNANDEZ BERNARDO     ,1D,ACTIVO,568WYL ,2,F622,16LM,32752,1467,0,0,0,23,E23,18,,,,1,9BBTM,2025-12-05 10:19:00,2025-12-03 11:39:45,0605,M,GAALN,568WYL ,93914,Nor,44,NUM MEDID DESIGU,44,S,GSC
2025-12-01 00:00:00,782171003804,10,DW,12,D,02,106,KU ORTIZ JAYRO ROBERTO        ,1B,ACTIVO,8DVF83 ,2,F623,25NY,529,202,0,0,0,23,E23,18,,,,1,9BBTM,2025-12-09 12:51:00,2025-12-05 13:55:14,1029,M,9NCXK,8DVF83 ,0,Nor,53,UI SERV DIRECTO,53,S,GSC
2025-12-01 00:00:00,782180906451,06,DW,12,C,01,061,ALFONSO CARDENAS VANIA DEL CAR,1D,CORTADO,RDG566 ,2,F623,24NY,7495,1366,0,0,0,23,E23,18,,,,1,9BBTM,2025-12-05 13:09:00,2025-12-03 12:11:39,0602,M,GAE2M,RDG566 ,0,Opt,32,UI DERIVACION,32,S,GSC
2025-12-01 00:00:00,782190403406,36,DW,12,D,01,361,BLANCO PRADO JOSE MIGUEL      ,1D,ACTIVO,4W27J3 ,2,F621,04F3,17019,153,0,0,0,23,E23,18,,,,1,9BBTM,2025-12-26 08:31:00,2025-12-26 12:16:43,3602,L,GAE2M,4W27J3 ,0,Nor,60,MEDID NO TRABAJA,60,S,GSC
2025-12-01 00:00:00,782191003312,36,DW,12,D,01,361,ALEJO MORALES ADOLFO          ,02,ACTIVO,Y793BT ,2,F623,19NU,855,24,0,0,0,23,E23,18,,,,1,9BBTM,2025-12-26 08:31:00,2025-12-26 11:39:53,3602,L,GAE2M,Y793BT ,0,Nor,64,P. INFRARROJO/MED. D,64,S,GSC
2025-12-01 00:00:00,782191004432,36,DW,12,D,01,361,MARTINEZ ULLOA JACINTO        ,1D,ACTIVO,Y799LM ,2,F623,19NU,13284,440,0,0,0,23,E23,18,,,,1,9BBTM,2025-12-26 08:31:00,2025-12-26 08:21:25,3602,L,GAE2M,Y799LM ,21545,Nor,  ,,FR,S,GSC
2025-12-01 00:00:00,782191106758,03,DW,12,C,01,031,PAEZ ESMERALDA                ,1D,ACTIVO,EM154E ,2,F623,19NU,10143,362,0,0,0,0,,18,,,,1,9BBTM,2025-12-30 10:45:00,,,,,,,,,,,,GSC
2025-12-01 00:00:00,782191205012,36,DW,12,D,01,361,PLACIDO LOPEZ ISELA DEL CARMEN,1D,ACTIVO,DW120V ,2,F623,19NU,13426,470,0,0,0,23,E23,2,,,,1,9BBTM,2025-12-30 14:56:00,,,,,,,,,,,,GSC
2025-12-01 00:00:00,782191206281,36,DW,12,D,01,361,LOPEZ AGUILAR ABELARDO        ,1D,ACTIVO,DW664V ,2,F623,19NU,15043,364,0,0,0,23,E23,18,,,,1,9BBTM,2025-12-26 08:31:00,2025-12-26 10:57:33,3602,L,GAE2M,DW664V ,0,Nor,64,P. INFRARROJO/MED. D,64,S,GSC
2025-12-01 00:00:00,782191206302,36,DW,12,D,01,361,DE LA CRUZ VALENCIA CLAUDIA   ,1D,ACTIVO,DW667V ,2,F623,19NU,13919,685,0,0,0,23,E23,2,,,,1,9BBTM,2025-12-30 14:58:00,,,,,,,,,,,,GSC
2025-12-01 00:00:00,782191206329,36,DW,12,D,01,361,MARTINEZ CHAN FERNANDO ARUEL  ,1D,ACTIVO,DW766V ,2,F623,19NU,20562,496,0,0,0,23,E23,2,,,,1,9BBTM,2025-12-30 14:55:00,,,,,,,,,,,,GSC
2025-12-01 00:00:00,782191207163,36,DW,12,D,01,361,MORON GONZALEZ GABRIELA       ,1D,ACTIVO,DW645V ,2,F623,19NU,10286,219,0,0,0,23,E23,2,,,,1,9BBTM,2025-12-30 14:55:00,,,,,,,,,,,,GSC
2025-12-01 00:00:00,782200302387,36,DW,12,D,01,361,FUENTES DE DIOS LETICIA GUADAL,1D,ACTIVO,EW071A ,2,F622,19LM,9115,105,0,0,0,23,E23,2,,,,1,9BBTM,2025-12-30 14:58:00,,,,,,,,,,,,GSC
2025-12-01 00:00:00,782221204946,40,DW,12,C,01,403,GARCIA JIMENEZ ANDRES SIMEON  ,02,ACTIVO,DRV857 ,2,F623,22NU,1172,201,0,0,0,23,E23,18,,,,1,9BBTM,2025-12-29 18:45:00,2025-12-29 08:49:18,4004,L,GAALN,DRV857 ,0,Nor,53,UI SERV DIRECTO,53,S,GSC
2025-12-01 00:00:00,782230904110,68,DW,12,A,01,683,GRUPO HERNI INSTALACIONES     ,67,ACTIVO,MU739E ,3,KL28,20KE,7141,503,0,0,0,23,E23,18,,,,1,9BBTM,2025-12-15 15:55:00,2025-12-11 10:01:38,6803,L,GAF1M,MU739E ,503,Nor,  ,,LM,S,GSC
2025-12-01 00:00:00,781161200770,22,DW,12,B,01,026,RODRIGUEZ GARDUZA SANDRA      ,1D,ACTIVO,261VLU ,1,F122,16LN,8887,47,0,0,0,23,E23,18,,,,1,9BBTM,2025-12-15 11:36:00,2025-12-15 07:30:19,2201,M,GATKM,261VLU ,0,Nor,50,CASA CERRADA,50,S,GSC
2025-12-01 00:00:00,781171100196,38,DW,12,A,01,381,GONZAGA DZUL LOURDES          ,1D,ACTIVO,H860LD ,1,F122,17LN,42943,995,0,0,0,23,E23,18,,,,1,9BBTM,2025-12-26 10:30:00,2025-12-26 14:33:31,3802,M,9P180,H860LD ,0,Nor,5X,RUTA INCOMPLETA,,,GSC
2025-12-01 00:00:00,781171100251,38,DW,12,A,01,381,GONZAGA DZUL LOURDES          ,1D,ACTIVO,H861LD ,1,F122,17LN,36513,879,0,0,0,23,E23,18,,,,1,9BBTM,2025-12-26 10:29:00,2025-12-26 14:33:31,3802,M,9P180,H861LD ,0,Nor,5X,RUTA INCOMPLETA,,,GSC
2025-12-01 00:00:00,781181101131,38,DW,12,B,01,381,MIGUEL MORALES KARLA SUSANA   ,1D,ACTIVO,RBE004 ,2,F623,24NY,1278,294,0,0,0,23,E23,18,,,,1,9BBTM,2025-12-26 11:49:00,2025-12-26 15:55:21,3801,L,9P17V,RBE004 ,0,Nor,56,NO HAY MEDIDOR,56,S,GSC
2025-12-01 00:00:00,781190301101,38,DW,12,B,03,380,CHI BALAM MODESTO             ,1D,ACTIVO,T631HA ,1,F122,18LN,25459,333,0,0,0,23,E23,18,,,,1,9BBTM,2025-12-26 11:43:00,2025-12-26 17:29:32,3826,L,GAX2M,T631HA ,0,Nor,56,NO HAY MEDIDOR,56,S,GSC
2025-12-01 00:00:00,781190900551,26,DW,12,B,01,263,TAMAY HOIL FILOMENA VIRGEN    ,1D,ACTIVO,Y142BJ ,2,F623,19NU,19127,403,0,0,0,23,E23,18,,,,1,9BBTM,2025-12-19 00:00:00,2025-12-17 12:56:02,2602,M,9ND1X,Y142BJ ,0,Nor,51,NO ENCONTRE DOMI,,,GSC
2025-12-01 00:00:00,781230301320,36,DW,12,B,01,364,HERNANDEZ PEREZ LUIS          ,1D,ACTIVO,UN515L ,2,F623,21NY,65503,5531,0,0,0,23,E23,18,,,,1,9BBTM,2025-12-26 11:23:00,2025-12-26 09:37:18,3604,L,GATKM,UN515L ,21031,Nor,  ,,FR,S,GSC
2025-12-01 00:00:00,781240400814,32,DW,12,B,01,320,HERNANDEZ GONZALEZ JAZZIEL ENR,1D,CORTADO,JFX480 ,2,F623,23NU,9974,1228,0,0,0,23,E23,18,,,,1,9BBTM,2025-12-24 08:50:00,2025-12-22 08:18:34,3201,L,GATKM,JFX480 ,0,Opt,32,UI DERIVACION,32,S,GSC
2025-12-01 00:00:00,781251001962,30,DW,12,B,01,304,ESPANA SERRANO MIGUEL ANGEL   ,02,ACTIVO,1BCK05 ,2,F623,25P2,193,193,0,0,0,23,E23,18,,,,1,9BBTM,2025-12-19 12:28:00,2025-12-19 14:51:21,3001,L,GATKM,1BCK05 ,0,Nor,51,NO ENCONTRE DOMI,,,GSC
2025-12-01 00:00:00,781850701999,14,DW,12,B,01,142,MANUEL AVILA AGUILAR          ,1D,ACTIVO,L2C067 ,1,F121,88F5,45716,347,0,0,0,23,E23,18,,,,1,9BBTM,2025-12-11 11:15:00,2025-12-09 08:37:29,1402,M,9NCX2,L2C067 ,99347,Nor,  ,,FR,S,GSC
2025-12-01 00:00:00,781860400393,10,DW,12,B,01,100,JESUS A SOLIS LLAMAS          ,1D,ACTIVO,W02J48 ,1,F121,94F5,62449,182,0,0,0,23,E23,18,,,,1,9BBTM,2025-12-09 12:48:00,2025-12-05 14:36:18,1001,M,GAX2M,W02J48 ,90292,Nor,  ,,FR,S,GSC
2025-12-01 00:00:00,781900700042,08,DW,12,B,01,081,BADILLO BARRERA CUAUHTEMOC    ,1D,ACTIVO,43V29N ,2,F62H,11KN,52987,791,0,0,0,23,E23,18,,,,1,9BBTM,2025-12-08 10:02:00,2025-12-04 19:08:04,0802,M,GAX2M,43V29N ,0,Nor,56,NO HAY MEDIDOR,56,S,GSC
2025-12-01 00:00:00,781900700107,08,DW,12,B,01,081,MARIO OSORIO PEREZ            ,1D,ACTIVO,L0H164 ,1,F121,88F5,26637,401,0,0,0,23,E23,18,,,,1,9BBTM,2025-12-08 10:02:00,2025-12-04 18:22:02,0802,M,GAX2M,L0H164 ,10970,Nor,  ,,FR,S,GSC
2025-12-01 00:00:00,781971000581,06,DW,12,B,01,065,GUADALUPE ACOSTA              ,1D,ACTIVO,V747U2 ,1,F121,97F5,26891,407,0,0,0,23,E23,18,,,,1,9BBTM,2025-12-05 08:49:00,2025-12-03 09:16:21,0601,L,GATKM,V747U2 ,88549,Nor,  ,,FR,S,GSC
2025-12-01 00:00:00,781980700579,66,DW,12,B,01,612,MUNICIPIO DE BENITO JUAREZ    ,5A,ACTIVO,UW244T ,2,F623,21NY,35525,888,0,0,0,23,E23,18,,,,1,9BBTM,2025-12-11 10:39:00,2025-12-09 07:52:18,6601,L,9BBLY,UW244T ,0,Nor,53,UI SERV DIRECTO,53,S,GSC
2025-12-01 00:00:00,782001056334,30,DW,12,C,01,300,ESTRELLA ITZA JACINTO         ,02,ACTIVO,1AVB06 ,2,F623,25P2,1,1,0,0,0,23,E23,18,,,,1,9BBTM,2025-12-19 13:03:00,2025-12-19 08:16:50,3001,L,GAALN,0R369E ,2361,Nor,  ,,,,GSC
2025-12-01 00:00:00,782001157378,28,DW,12,C,01,281,CALDERON SAUCEDO BERTHA ALICIA,1D,ACTIVO,4AU688 ,1,F121,97F5,38819,321,0,0,0,23,E23,18,,,,1,9BBTM,2025-12-18 16:58:00,2025-12-18 10:45:07,2801,M,GAE2M,4AU688 ,0,Nor,52,COMUNICACION INTERRU,52,S,GSC
2025-12-01 00:00:00,780981204676,28,DW,12,B,01,283,MARTINA N RAMIREZ             ,1D,ACTIVO,2P573D ,1,F121,06JL,36900,429,0,0,0,0,,18,,,,1,9BBTM,2025-12-18 13:32:00,2025-12-18 09:16:12,2802,M,9MCB5,2P573D ,90429,Nor,  ,,FR,S,GSC
2025-12-01 00:00:00,780981205044,26,DW,12,B,01,264,EPIGMENIO VAZQUEZ             ,1D,ACTIVO,0MM228 ,1,F121,98GG,41650,218,0,0,0,23,E23,18,,,,1,9BBTM,2025-12-19 13:52:00,2025-12-17 12:21:38,2603,M,9MCB5,0MM228 ,90218,Nor,  ,,FR,S,GSC
2025-12-01 00:00:00,780990100131,08,DW,12,A,01,080,CASTILLO PEREZ JORGE A        ,1D,ACTIVO,F52R45 ,1,F121,92F5,62482,0,0,0,0,23,E23,18,,,,1,9BBTM,2025-12-08 08:19:00,2025-12-04 07:16:27,0801,M,GABCM,F52R45 ,99989,Nor,  ,,FR,S,GSC
2025-12-01 00:00:00,780990101421,28,DW,12,B,01,283,MARIA YANELA CANTO CANUL      ,1D,ACTIVO,7JN316 ,1,F121,98GG,71294,862,0,0,0,0,,18,,,,1,9BBTM,2025-12-18 13:32:00,2025-12-18 08:54:27,2802,M,9MCB5,7JN316 ,90862,Nor,  ,,FR,S,GSC
2025-12-01 00:00:00,780990206681,26,DW,12,B,01,264,PEDRO REYES CARMONA           ,1D,CORTADO,941JHE ,2,F622,15LM,45334,530,0,0,0,23,E23,18,,,,1,9BBTM,2025-12-19 13:52:00,2025-12-17 12:23:59,2603,M,9MCB5,941JHE ,0,Nor,50,CASA CERRADA,50,S,GSC
2025-12-01 00:00:00,781020101441,10,DW,12,B,01,100,ACOSTA LUNA ELIZABETH         ,1D,ACTIVO,2MR906 ,2,F421,99GH,78093,1085,0,0,0,23,E23,18,,,,1,9BBTM,2025-12-09 12:48:00,2025-12-05 10:11:08,1001,M,GAX2M,2MR906 ,85995,Nor,  ,,FR,S,GSC
2025-12-01 00:00:00,781031001503,38,DW,12,C,01,380,PECH PECH JESUS               ,1D,ACTIVO,5F56J6 ,1,F421,03GH,50921,460,0,0,0,23,E23,18,,,,1,9BBTM,2025-12-26 10:48:00,2025-12-26 11:27:33,3803,L,9P14L,5F56J6 ,10460,Nor,  ,,FR,S,GSC
2025-12-01 00:00:00,781041000751,12,DW,12,B,01,120,GONZALEZ PARRA SONIA RUBY     ,1D,ACTIVO,KKK933 ,2,F623,23NU,1917,402,0,0,0,23,E23,18,,,,1,9BBTM,2025-12-10 11:07:00,2025-12-08 15:02:48,1201,M,GATKM,KKK933 ,0,Nor,50,CASA CERRADA,50,S,GSC
2025-12-01 00:00:00,781070900434,36,DW,12,B,01,363,ZAMUDIO DOMINGUEZ PETRA       ,1D,ACTIVO,8R13G1 ,1,F121,04GG,49540,681,0,0,0,23,E23,18,,,,1,9BBTM,2025-12-30 13:49:00,2025-12-26 11:53:45,3603,M,9NCX2,8R13G1 ,10652,Nor,  ,,FR,S,GSC
2025-12-01 00:00:00,781080201780,30,DW,12,C,01,305,ASCENCIO SANCHEZ ROMANA       ,1D,ACTIVO,00LV10 ,1,F121,07JL,28364,523,0,0,0,23,E23,18,,,,1,9BBTM,2025-12-19 13:05:00,2025-12-19 07:11:56,3004,L,9P120,00LV10 ,96704,Nor,  ,,FR,S,GSC
2025-12-01 00:00:00,781080903253,30,DW,12,B,01,304,ARAIZA LUEVANO MANUEL         ,1D,ACTIVO,06M1R4 ,2,F62H,09KN,72587,455,0,0,0,23,E23,18,,,,1,9BBTM,2025-12-19 12:29:00,2025-12-19 10:09:15,3001,L,GATKM,06M1R4 ,0,Nor,50,CASA CERRADA,50,S,GSC
2025-12-01 00:00:00,781110505193,16,DW,12,C,01,162,VELAZQUEZ LOPEZ JAVIER        ,1D,ACTIVO,4T566U ,2,F621,06F3,32283,793,0,0,0,23,E23,18,,,,1,9BBTM,2025-12-10 13:51:00,2025-12-10 08:41:25,1603,M,GAKFM,4T566U ,10793,Nor,  ,,FR,S,GSC
2025-12-01 00:00:00,781120501382,26,DW,12,B,01,264,CAAMAL CAAMAL JACOBO ALEJANDRO,1D,ACTIVO,0M595R ,2,F621,05F3,46886,222,0,0,0,23,E23,18,,,,1,9BBTM,2025-12-19 13:53:00,2025-12-17 10:56:17,2603,M,9MCB5,0M595R ,90222,Nor,  ,,FR,S,GSC
2025-12-01 00:00:00,781130500449,04,DW,12,B,01,044,QUINTAL AGUILAR MARIA O       ,1D,ACTIVO,136MW7 ,2,F622,12LJ,20130,284,0,0,0,23,E23,18,,,,1,9BBTM,2025-12-02 12:45:00,2025-12-02 09:36:33,0401,L,9MCB5,136MW7 ,0,Nor,50,CASA CERRADA,50,S,GSC
2025-12-01 00:00:00,781250802368,06,DW,12,B,01,065,CRUZ RODRIGUEZ JOSE EDUARDO   ,1D,ACTIVO,6DVJ16 ,2,F623,25NY,50,50,0,0,0,23,E23,2,,,,1,9BBTM,2025-12-05 08:46:00,,,,,,,,,,,,GSC
2025-12-01 00:00:00,781801100289,04,DW,12,B,01,044,NEMESIO PUC TUYUB             ,1D,ACTIVO,1BY463 ,1,F121,98F5,94555,751,0,0,0,23,E23,18,,,,1,9BBTM,2025-12-02 12:44:00,2025-12-02 11:32:56,0401,L,9MCB5,1BY463 ,0,Nor,60,MEDID NO TRABAJA,60,S,GSC
2025-12-01 00:00:00,781810500052,08,DW,12,B,01,080,BLANCA MARGARITA BUENFIL      ,1D,ACTIVO,AA5087 ,1,F121,80EG,4463,278,0,0,0,23,E23,18,,,,1,9BBTM,2025-12-08 10:03:00,2025-12-04 09:29:57,0801,L,GATKM,AA5087 ,1267,Nor,  ,,,,GSC
2025-12-01 00:00:00,781841100141,10,DW,12,B,01,100,JUSTINA UC CANUL              ,1D,SUJETO A CORTE,BA685V ,2,F622,19MP,37659,2055,0,0,0,23,E23,18,,,,1,9BBTM,2025-12-09 12:51:00,2025-12-05 09:25:25,1001,M,GAX2M,BA685V ,91928,Nor,  ,,FR,S,GSC
2025-12-01 00:00:00,781851200691,12,DW,12,B,01,120,CAB UITZIL STEFANY ELIZABETH  ,1D,ACTIVO,UU3868 ,1,F121,85EG,2363,847,0,0,0,23,E23,18,,,,1,9BBTM,2025-12-10 11:07:00,2025-12-08 14:19:31,1201,M,GATKM,UU3868 ,0,Nor,52,COMUNICACION INTERRU,52,S,GSC
2025-12-01 00:00:00,781860200572,10,DW,12,B,01,100,JUAN BLANCO PEREZ             ,1D,ACTIVO,WH0989 ,1,F121,86EG,2905,173,0,0,0,23,E23,18,,,,1,9BBTM,2025-12-09 12:47:00,2025-12-05 11:49:49,1001,M,GAX2M,WH0989 ,1073,Nor,  ,,FR,S,GSC
2025-12-01 00:00:00,781860900256,14,DW,12,B,01,142,WILBERTH PEREZ ORTEGA         ,1D,ACTIVO,3C8E92 ,1,F121,00GG,79885,903,0,0,0,23,E23,18,,,,1,9BBTM,2025-12-11 11:15:00,2025-12-09 11:20:37,1402,M,9NCX2,3C8E92 ,94903,Nor,  ,,FR,S,GSC
2025-12-01 00:00:00,781890400126,12,DW,12,B,01,120,ALEJANDRO VERDE CORTEZ        ,02,ACTIVO,YL3447 ,1,F121,86EG,9628,0,0,0,0,23,E23,18,,,,1,9BBTM,2025-12-10 11:07:00,2025-12-08 17:27:02,1201,M,GATKM,YL3447 ,4000,Nor,  ,,LN,S,GSC
2025-12-01 00:00:00,781930100104,18,DW,12,B,01,224,MINELVA PEREZ DE PECH         ,1D,ACTIVO,04C6P5 ,2,F621,08KG,10756,403,0,0,0,23,E23,18,,,,1,9BBTM,2025-12-15 09:31:00,2025-12-11 08:41:09,1802,M,GATKM,04C6P5 ,90396,Nor,  ,,FR,S,GSC
2025-12-01 00:00:00,781941000896,08,DW,12,B,01,081,FERNANDO DE LA CRUZ CUPUL     ,1D,ACTIVO,X37A86 ,1,F121,94F5,78594,382,0,0,0,23,E23,18,,,,1,9BBTM,2025-12-08 10:02:00,2025-12-04 13:59:33,0802,M,GAX2M,X37A86 ,10374,Nor,  ,,FR,S,GSC
2025-12-01 00:00:00,781990500047,12,DW,12,B,01,120,ANA L CONCHA G                ,1D,ACTIVO,RA6865 ,1,F121,84EG,9321,369,0,0,0,23,E23,18,,,,1,9BBTM,2025-12-10 11:08:00,2025-12-08 16:50:44,1201,M,GATKM,RA6865 ,0,Nor,51,NO ENCONTRE DOMI,,,GSC
2025-12-01 00:00:00,782000356784,68,DW,12,D,01,640,MUNICIPIO DE BENITO JUAREZ    ,5A,ACTIVO,A909KW ,2,F622,16LM,63346,1133,0,0,0,23,E23,18,,,,1,9BBTM,2025-12-12 07:54:00,2025-12-11 08:11:30,6801,L,9NCWK,A909KW ,0,Nor,53,UI SERV DIRECTO,53,S,GSC
2025-12-01 00:00:00,782000759609,24,DW,12,C,01,242,MENDEZ ALMORA EDDNA           ,1D,ACTIVO,4VY013 ,1,F121,00GG,56170,1214,0,0,0,23,E23,18,,,,1,9BBTM,2025-12-16 14:11:00,2025-12-16 09:02:33,2401,L,9P120,4VY013 ,0,Nor,60,MEDID NO TRABAJA,60,S,GSC
2025-12-01 00:00:00,782010310596,30,DW,12,D,01,305,PEREZ RAMOS MARGARITA         ,1D,ACTIVO,9WC319 ,1,F121,00GG,52494,333,0,0,0,23,E23,18,,,,1,9BBTM,2025-12-19 15:14:00,2025-12-19 12:27:13,3003,M,GATJM,9WC319 ,50866,Nor,44,NUM MEDID DESIGU,44,S,GSC
2025-12-01 00:00:00,782010803045,28,DW,12,C,01,281,ACOSTA ARCOS ENEDINO          ,1D,ACTIVO,8F8N48 ,1,F121,01GG,195,556,0,0,0,23,E23,18,,,,1,9BBTM,2025-12-18 16:57:00,2025-12-18 09:05:36,2801,M,GAE2M,8F8N48 ,90556,Nor,  ,,FR,S,GSC
2025-12-01 00:00:00,782011201235,24,DW,12,C,01,242,CONTRERAS MARCIAL VICTOR      ,1D,ACTIVO,3D5M84 ,1,F121,00GG,30475,1,0,0,0,23,E23,2,,,,1,9BBTM,2025-12-16 14:17:00,2025-12-16 11:18:58,2401,L,9P120,3D5M84 ,99965,Nor,  ,,FR,S,GSC
2025-12-01 00:00:00,782020206860,30,DW,12,C,01,300,SOLIS CASTILLO HAYDEE         ,02,CORTADO,98H97M ,2,F62H,10KN,23723,416,0,0,0,23,E23,18,,,,1,9BBTM,2025-12-19 13:03:00,2025-12-19 11:57:49,3001,L,GAALN,98H97M ,0,Nor,53,UI SERV DIRECTO,53,S,GSC
2025-12-01 00:00:00,782020301366,62,DW,12,C,01,620,MUNICIPIO DE BENITO JUAREZ    ,5A,ACTIVO,KKW948 ,2,F623,23NU,8318,392,0,0,0,23,E23,18,,,,1,9BBTM,2025-12-05 09:24:00,2025-12-03 12:09:37,6201,L,9NCWY,KKW948 ,1392,Nor,  ,,LM,S,GSC
2025-12-01 00:00:00,782030401881,40,DW,12,A,01,402,AGUILAR BRICENO DANIEL J      ,1D,ACTIVO,3B19J3 ,1,F121,03GG,13825,0,0,0,0,23,E23,18,,,,1,9BBTM,2025-12-29 09:12:00,2025-12-29 07:07:31,4003,M,9NCWU,3B19J3 ,0,Nor,56,NO HAY MEDIDOR,56,S,GSC
2025-12-01 00:00:00,782030701915,26,DW,12,C,01,260,PLATA CERON DAVID OCTAVIO     ,1D,ACTIVO,2W56F8 ,2,F621,04F3,27911,1352,0,0,0,23,E23,18,,,,1,9BBTM,2025-12-17 07:40:00,2025-12-17 08:54:25,2601,L,9NCWW,2W56F8 ,2352,Nor,  ,,FR,S,GSC
2025-12-01 00:00:00,781181000742,38,DW,12,B,03,380,MONZON HERNANDEZ SAUL         ,1D,ACTIVO,656T9R ,2,F622,14LM,15374,263,0,0,0,23,E23,18,,,,1,9BBTM,2025-12-26 11:43:00,2025-12-26 17:36:35,3826,L,GAX2M,656T9R ,0,Nor,56,NO HAY MEDIDOR,56,S,GSC
2025-12-01 00:00:00,781190301054,38,DW,12,B,03,380,ZEPAHUA TAMAYO HERIBERTO      ,1D,ACTIVO,T159NF ,1,F122,18LN,6109,124,0,0,0,23,E23,18,,,,1,9BBTM,2025-12-26 11:43:00,2025-12-26 17:34:02,3826,L,GAX2M,T159NF ,0,Nor,56,NO HAY MEDIDOR,56,S,GSC
2025-12-01 00:00:00,781190601848,14,DW,12,B,01,142,SANCHEZ NAH JOSE LIBERATO     ,1D,ACTIVO,13X9F1 ,2,F62F,09K6,27839,859,0,0,0,23,E23,18,,,,1,9BBTM,2025-12-11 11:15:00,2025-12-09 08:05:29,1402,M,9NCX2,13X9F1 ,94844,Nor,  ,,FR,S,GSC
2025-12-01 00:00:00,781190601902,34,DW,12,B,01,341,FRANCISCO GUZMAN ERNESTO      ,1D,ACTIVO,57X0F3 ,2,F62F,09L2,6378,2,0,0,0,23,E23,18,,,,1,9BBTM,2025-12-23 12:45:00,2025-12-23 07:53:15,3402,L,GATKM,57X0F3 ,1,Nor,31,SERVICIO SIN USO,,,GSC
2025-12-01 00:00:00,781251000087,26,DW,12,B,01,264,PEREZ DZIB JENNIFER JACQUELINE,1D,ACTIVO,6AUR23 ,2,F623,25P2,632,627,0,0,0,23,E23,18,,,,1,9BBTM,2025-12-19 13:54:00,2025-12-17 15:33:28,2603,M,9MCB5,6AUR23 ,0,Nor,51,NO ENCONTRE DOMI,,,GSC
2025-12-01 00:00:00,781251000109,26,DW,12,B,01,264,PEREZ JUAREZ RICARDO          ,1D,ACTIVO,6AUR21 ,2,F623,25P2,141,139,0,0,0,23,E23,18,,,,1,9BBTM,2025-12-19 13:55:00,2025-12-17 15:36:22,2603,M,9MCB5,6AUR21 ,0,Nor,51,NO ENCONTRE DOMI,,,GSC
2025-12-01 00:00:00,781251000125,26,DW,12,B,01,264,DZIB GAETA NORMA LETICIA      ,1D,ACTIVO,6AUR20 ,2,F623,25P2,0,0,0,0,0,23,E23,18,,,,1,9BBTM,2025-12-19 13:55:00,2025-12-17 15:39:06,2603,M,9MCB5,6AUR20 ,0,Nor,51,NO ENCONTRE DOMI,,,GSC
2025-12-01 00:00:00,781251000133,26,DW,12,B,01,264,PEREZ DZIB CESAR VALENTIN     ,1D,ACTIVO,6AUR22 ,2,F623,25P2,744,720,0,0,0,23,E23,18,,,,1,9BBTM,2025-12-19 13:55:00,2025-12-17 15:39:21,2603,M,9MCB5,6AUR22 ,0,Nor,51,NO ENCONTRE DOMI,,,GSC
2025-12-01 00:00:00,781850702715,10,DW,12,B,01,100,JOSE E CABALLERO PALMA        ,1D,ACTIVO,RY8807 ,1,F121,84EG,7874,229,0,0,0,23,E23,18,,,,1,9BBTM,2025-12-09 12:47:00,2025-12-05 10:20:45,1001,M,GAX2M,RY8807 ,1229,Nor,  ,,FR,S,GSC
2025-12-01 00:00:00,781860900027,10,DW,12,B,01,100,LUISA GOMEZ TORRES            ,02,ACTIVO,2W5Y67 ,2,F621,02F3,38978,0,0,0,0,23,E23,18,,,,1,9BBTM,2025-12-09 12:48:00,2025-12-05 06:53:48,1001,M,GAX2M,2W5Y67 ,1000,Nor,  ,,FR,S,GSC
2025-12-01 00:00:00,781870100304,18,DW,12,B,01,224,PACIOS GARNELO JUANA          ,1D,ACTIVO,H7C984 ,1,F121,88F5,59773,353,0,0,0,23,E23,18,,,,1,9BBTM,2025-12-10 09:30:00,2025-12-11 07:53:28,1802,M,GATKM,H7C984 ,99692,Nor,  ,,FR,S,GSC
2025-12-01 00:00:00,781890400096,08,DW,12,B,01,081,NORMA MARTIN ARCEO            ,1D,ACTIVO,AA5402 ,1,F121,80EG,3593,864,0,0,0,23,E23,18,,,,1,9BBTM,2025-12-08 10:02:00,2025-12-04 18:43:43,0802,M,GAX2M,AA5402 ,1865,Nor,  ,,FR,S,GSC
2025-12-01 00:00:00,781960300264,08,DW,12,B,01,081,ISMAEL CAUICH HAU             ,1D,ACTIVO,E322N3 ,1,F121,95F5,61093,466,0,0,0,23,E23,18,,,,1,9BBTM,2025-12-08 10:02:00,2025-12-04 12:50:33,0802,M,GAX2M,E322N3 ,99466,Nor,  ,,FR,S,GSC
2025-12-01 00:00:00,781970604482,12,DW,12,B,01,120,SILVIA MORENO GREEN           ,1D,ACTIVO,PBK592 ,1,F123,24NX,5617,789,0,0,0,23,E23,18,,,,1,9BBTM,2025-12-10 11:08:00,2025-12-08 16:16:42,1201,M,GATKM,PBK592 ,0,Nor,51,NO ENCONTRE DOMI,,,GSC
2025-12-01 00:00:00,781980503293,14,DW,12,B,01,142,GUTIERREZ BRAGANA ROSA MARIA  ,1D,ACTIVO,WNY849 ,2,F623,24P2,7990,906,0,0,0,23,E23,18,,,,1,9BBTM,2025-12-11 11:17:00,2025-12-09 16:13:58,1402,M,GAX2M,WNY849 ,0,Nor,56,NO HAY MEDIDOR,56,S,GSC
2025-12-01 00:00:00,781980601554,14,DW,12,B,01,141,BANCOMER                      ,1D,ACTIVO,8X19K1 ,2,F421,04GH,46230,279,0,0,0,23,E23,18,,,,1,9BBTM,2025-12-11 11:15:00,2025-12-09 10:07:30,1401,M,GAX2M,8X19K1 ,99280,Nor,  ,,FR,S,GSC
2025-12-01 00:00:00,782030208038,26,DW,12,C,01,260,TEJEDA OCHOA ELEAZAR          ,1D,ACTIVO,4B14J6 ,1,F121,03GG,87890,811,0,0,0,23,E23,18,,,,1,9BBTM,2025-12-17 07:38:00,2025-12-17 09:36:02,2601,L,9NCWW,4B14J6 ,99809,Nor,  ,,FR,S,GSC
2025-12-01 00:00:00,782030406662,24,DW,12,C,01,243,CONRADO MEDINA LEONEL         ,02,ACTIVO,1W24F1 ,2,F621,04F3,60879,792,0,0,0,23,E23,18,,,,1,9BBTM,2025-12-16 12:38:00,2025-12-16 11:20:46,2402,M,GAA7N,1W24F1 ,10792,Nor,  ,,FR,S,GSC
2025-12-01 00:00:00,782030508287,26,DW,12,C,01,260,CHAN PECH EDUARDO             ,1D,ACTIVO,REB875 ,2,F623,24NY,7544,821,0,0,0,23,E23,18,,,,1,9BBTM,2025-12-19 07:40:00,2025-12-17 08:24:13,2601,L,9NCWW,REB875 ,94821,Nor,  ,,FR,S,GSC
2025-12-01 00:00:00,782050200530,24,DW,12,D,04,241,IXA GONGORA VICTOR MANUEL     ,1D,ACTIVO,RBP526 ,2,F623,24NY,4014,577,0,0,0,23,E23,18,,,,1,9BBTM,2025-12-18 09:39:00,2025-12-16 09:17:19,2427,M,GAALN,RBP526 ,0,Nor,53,UI SERV DIRECTO,53,S,GSC
2025-12-01 00:00:00,782050300259,28,DW,12,C,01,281,PEDRO TAMAYO AGUILAR          ,1D,ACTIVO,0X04H9 ,1,F121,04JF,15236,257,0,0,0,23,E23,18,,,,1,9BBTM,2025-12-18 16:58:00,2025-12-18 15:18:27,2801,M,GAA7N,0X04H9 ,0,Nor,51,NO ENCONTRE DOMI,,,GSC
2025-12-01 00:00:00,782060702827,20,DW,12,C,01,202,BAK CAB CANDELARIA            ,1D,ACTIVO,09M2R8 ,2,F62H,09KN,40635,604,0,0,0,0,,18,,,,1,9BBTM,2025-12-16 11:57:00,2025-12-12 12:24:30,2003,M,9P120,09M2R8 ,67965,Nor,  ,,FR,S,GSC
2025-12-01 00:00:00,782060910063,20,DW,12,C,01,203,RIVERA GUZMAN PEDRO           ,1D,ACTIVO,BE101H ,2,F623,19NV,6707,35,0,0,0,23,E23,18,,,,1,9BBTM,2025-12-16 15:57:00,2025-12-12 09:11:45,2004,M,9P130,BE101H ,0,Nor,60,MEDID NO TRABAJA,60,S,GSC
2025-12-01 00:00:00,782090202403,36,DW,12,C,01,362,MARGARITA LAZARO HERNANDEZ    ,1D,ACTIVO,04D0K8 ,2,F421,08KF,32715,277,0,0,0,23,E23,18,,,,1,9BBTM,2025-12-26 09:20:00,2025-12-26 08:34:55,3603,L,GAKFM,04D0K8 ,90277,Nor,  ,,FR,S,GSC
2025-12-01 00:00:00,782091200030,36,DW,12,C,01,361,FERNANDEZ SOA BEATRIZ         ,1D,ACTIVO,78JD14 ,1,F121,07JL,37841,494,0,0,0,23,E23,18,,,,1,9BBTM,2025-12-26 15:58:00,2025-12-26 08:05:17,3602,L,9P130,78JD14 ,10494,Nor,  ,,FR,S,GSC
2025-12-01 00:00:00,782110302477,34,DW,12,C,01,340,BRAVO SANCHEZ DIGNA IVON      ,02,ACTIVO,64N89P ,2,F62H,10KN,73319,4993,0,0,0,0,,18,,,,1,9BBTM,2025-12-23 09:33:00,2025-12-23 14:31:24,3401,L,GAA7N,64N89P ,13724,Opt,  ,,,,GSC
2025-12-01 00:00:00,782120900992,04,DW,12,C,01,044,MATEO HERNANDEZ FIDEL         ,1D,ACTIVO,YB414X ,2,F623,21NU,5577,587,0,0,0,23,E23,18,,,,1,9BBTM,2025-12-04 09:43:00,2025-12-02 09:09:41,0404,M,GAKFM,YB414X ,0,Nor,56,NO HAY MEDIDOR,56,S,GSC
2025-12-01 00:00:00,782131101064,30,DW,12,C,01,304,DELGADO BETANCOURT TANIA ELIZA,1D,ACTIVO,Y186BN ,2,F623,19NU,52362,735,0,0,0,23,E23,18,,,,1,9BBTM,2025-12-19 13:05:00,2025-12-19 09:34:51,3003,L,9NCWY,Y186BN ,0,Nor,52,COMUNICACION INTERRU,52,S,GSC
2025-12-01 00:00:00,782160203429,68,DW,12,D,01,680,MUNICIPIO DE BENITO JUAREZ    ,5A,ACTIVO,608T0A ,2,F622,14LM,81975,0,0,0,0,23,E23,18,,,,1,9BBTM,2025-12-15 13:25:00,2025-12-11 08:05:56,6802,L,9NCX4,608T0A ,0,Nor,60,MEDID NO TRABAJA,60,S,GSC
2025-12-01 00:00:00,782170106227,40,DW,12,C,01,404,MORTERA MACARIO JORGE ALBERTO ,1D,ACTIVO,7BCH18 ,2,F623,25P2,657,602,0,0,0,23,E23,18,,,,1,9BBTM,2025-12-29 18:46:00,2025-12-29 12:23:40,4005,L,9P120,7BCH18 ,65240,Nor,44,NUM MEDID DESIGU,44,S,GSC
2025-12-01 00:00:00,782180301621,73,DW,12,D,01,730,COMERCIAL IAC SA DE CV        ,67,ACTIVO,G901XJ ,3,KL28,17KE,25555,10924,0,0,0,23,E23,18,,,,1,9BBTM,2025-12-22 10:10:00,2025-12-18 11:42:58,7301,L,9NCX1,G901XJ ,51818,Opt,  ,,,,GSC
2025-12-01 00:00:00,782190103623,30,DW,12,C,01,305,CARBALLO NOH RAUL ALEJANDRO   ,1D,ACTIVO,P526JR ,2,F623,18NN,17111,168,0,0,0,23,E23,18,,,,1,9BBTM,2025-12-19 13:04:00,2025-12-19 14:36:01,3004,L,9P120,P526JR ,0,Nor,5X,RUTA INCOMPLETA,,,GSC
2025-12-01 00:00:00,782190403449,36,DW,12,D,01,361,GARCIA SOLIS FELIX            ,1D,CORTADO,9R482M ,2,F621,06F3,30664,1202,0,0,0,23,E23,18,,,,1,9BBTM,2025-12-26 08:31:00,2025-12-26 11:40:52,3602,L,GAE2M,9R482M ,0,Nor,61,MANECILLAS DESCA,61,S,GSC
2025-12-01 00:00:00,782190403571,36,DW,12,D,01,361,TRUJILLO RIVERA MAXIMO ALEJAND,1D,ACTIVO,6T602L ,2,F621,06F3,8975,448,0,0,0,23,E23,18,,,,1,9BBTM,2025-12-26 08:35:00,2025-12-26 12:22:45,3602,L,GAE2M,6T602L ,1448,Nor,  ,,FR,S,GSC
2025-12-01 00:00:00,781081202194,34,DW,12,B,01,340,CAUICH REYNA JULIO OMAR       ,1D,ACTIVO,5T967X ,2,F621,06F3,97244,1352,0,0,0,23,E23,18,,,,1,9BBTM,2025-12-23 12:45:00,2025-12-23 09:24:19,3401,L,9NCX2,5T967X ,95352,Nor,  ,,FR,S,GSC
2025-12-01 00:00:00,781110500931,14,DW,12,C,01,146,MARTINEZ FIGUEROA ROMAN       ,1D,ACTIVO,2F72X1 ,2,F621,03F3,23317,173,0,0,0,23,E23,18,,,,1,9BBTM,2025-12-11 10:18:00,2025-12-09 10:33:49,1404,M,9P120,2F72X1 ,30221,Nor,  ,,FR,S,GSC
2025-12-01 00:00:00,781110802121,22,DW,12,B,01,026,MIS CANCHE AURELIA            ,1D,ACTIVO,AWU689 ,1,F123,22NX,7462,443,0,0,0,23,E23,18,,,,1,9BBTM,2025-12-15 11:36:00,2025-12-15 09:13:21,2201,M,GATKM,AWU689 ,0,Nor,50,CASA CERRADA,50,S,GSC
2025-12-01 00:00:00,781120601808,30,DW,12,B,01,304,ARAIZA LUEVANO MANUEL         ,02,ACTIVO,48R94N ,2,F62H,10KN,26479,640,0,0,0,23,E23,18,,,,1,9BBTM,2025-12-19 12:28:00,2025-12-19 10:08:33,3001,L,GATKM,48R94N ,0,Nor,50,CASA CERRADA,50,S,GSC
2025-12-01 00:00:00,781120802731,22,DW,12,B,01,026,LAINES CANEPA JOSE RAMON      ,1D,ACTIVO,HYU594 ,2,F623,23NU,6239,166,0,0,0,23,E23,18,,,,1,9BBTM,2025-12-15 11:31:00,2025-12-15 12:56:17,2201,M,GATKM,HYU594 ,0,Nor,51,NO ENCONTRE DOMI,,,GSC
2025-12-01 00:00:00,781140100872,16,DW,12,C,01,162,MORALES GARCIA GINER          ,1D,ACTIVO,396JV2 ,2,F622,12LJ,48570,1111,0,0,0,23,E23,18,,,,1,9BBTM,2025-12-12 14:19:00,2025-12-10 10:48:37,1603,M,GAKFM,396JV2 ,0,Opt,31,SERVICIO SIN USO,,,GSC
2025-12-01 00:00:00,781150201987,14,DW,12,B,01,141,QUINTANA CASTILLO MARIA TERESA,1D,ACTIVO,XND257 ,1,F123,24NX,1,0,0,0,0,23,E23,2,,,,1,9BBTM,2025-12-09 11:12:00,,,,,,,,,,,,GSC
2025-12-01 00:00:00,781150301108,34,DW,12,B,01,340,MORALES GARCIA MARIO          ,1D,ACTIVO,365T1J ,2,F622,14LM,29707,732,0,0,0,23,E23,18,,,,1,9BBTM,2025-12-23 12:45:00,2025-12-23 08:17:23,3401,L,9NCX2,365T1J ,0,Nor,56,NO HAY MEDIDOR,56,S,GSC
2025-12-01 00:00:00,781151000152,12,DW,12,B,01,120,BARAJAS CAVAZOS MAURICIO ALEJA,1D,ACTIVO,286FVA ,2,F622,15LM,22475,52,0,0,0,23,E23,18,,,,1,9BBTM,2025-12-10 11:07:00,2025-12-08 14:52:27,1201,M,GATKM,286FVA ,99751,Nor,  ,,FR,S,GSC
2025-12-01 00:00:00,781170500395,24,DW,12,B,01,242,CARRILLO CASTILLA LEONEL FEDER,1D,ACTIVO,923VBH ,1,F122,16LN,5957,232,0,0,0,23,E23,18,,,,1,9BBTM,2025-12-18 15:39:00,2025-12-16 09:42:21,2402,M,GAX2M,923VBH ,0,Nor,52,COMUNICACION INTERRU,52,S,GSC
2025-12-01 00:00:00,781220400541,68,DW,12,B,01,633,HSBC MEX SA INSDEBA MGF HSBC  ,67,ACTIVO,GA484G ,3,KL28,19KE,1330,7,0,0,0,23,E23,2,,,,1,9BBTM,2025-12-11 12:36:00,2025-12-11 11:14:03,6801,L,9MCB5,GA484G ,6446,Nor,  ,,LM,S,GSC
2025-12-01 00:00:00,781241200240,16,DW,12,B,01,161,LARA MALDONADO TAYI E         ,1D,ACTIVO,WNX247 ,2,F623,24P2,2680,304,0,0,0,23,E23,18,,,,1,9BBTM,2025-12-12 15:07:00,2025-12-10 07:36:06,1602,M,GAALN,WNX247 ,0,Nor,56,NO HAY MEDIDOR,56,S,GSC
2025-12-01 00:00:00,781250301342,36,DW,12,B,03,360,PEREZ MUNOZ EDDY ALBERTO      ,1D,ACTIVO,7BCL92 ,2,F623,25P2,159,159,0,0,0,23,E23,18,,,,1,9BBTM,2025-12-26 14:12:00,2025-12-26 12:13:02,3626,L,9NCWL,7BCL92 ,3459,Nor,  ,,FR,S,GSC
2025-12-01 00:00:00,781810300011,08,DW,12,B,01,081,ELADIO CHE EK                 ,1D,ACTIVO,5VY806 ,1,F121,00GG,89053,715,0,0,0,23,E23,18,,,,1,9BBTM,2025-12-08 10:03:00,2025-12-04 14:00:31,0802,M,GAX2M,5VY806 ,99715,Nor,  ,,FR,S,GSC
2025-12-01 00:00:00,783190104839,30,DW,12,D,01,300,PEREZ VILLAR CRISTOPHER EMMANU,1D,CORTADO,RBT410 ,2,F623,24NY,15744,5317,0,0,0,23,E23,18,,,,1,9BBTM,2025-12-19 15:13:00,2025-12-19 19:00:03,3001,L,GA4HN,RBT410 ,0,Nor,5X,RUTA INCOMPLETA,,,GSC
2025-12-01 00:00:00,783191107599,36,DW,12,D,01,362,GONZALEZ HERNANDEZ MIGUEL     ,1D,SUJETO A CORTE,9DVB93 ,2,F623,25NY,25,8,0,0,0,23,E23,18,,,,1,9BBTM,2025-12-26 08:30:00,2025-12-26 12:07:19,3603,L,9P14M,9DVB93 ,0,Nor,56,NO HAY MEDIDOR,56,S,GSC
2025-12-01 00:00:00,783191205264,36,DW,12,D,01,361,CASTILLO FRAGOSO CARLOS DAVID ,1D,ACTIVO,DW732U ,2,F623,19NU,17118,763,0,0,0,23,E23,2,,,,1,9BBTM,2025-12-30 14:57:00,,,,,,,,,,,,GSC
2025-12-01 00:00:00,783211001911,24,DW,12,D,04,240,DOMINGUEZ MAY MIRIAM DEL SOCOR,1D,ACTIVO,MA713Y ,2,F623,20NU,6378,204,0,0,0,23,E23,18,,,,1,9BBTM,2025-12-18 09:38:00,2025-12-16 19:49:55,2426,L,9P14M,MA713Y ,0,Nor,5X,RUTA INCOMPLETA,,,GSC
2025-12-01 00:00:00,783931201195,18,DW,12,D,01,185,REG 103 MZ 36 LT 9            ,1D,ACTIVO,R04B95 ,1,F121,93F5,70501,402,0,0,0,23,E23,18,,,,1,9BBTM,2025-12-15 12:59:00,2025-12-11 09:13:23,1804,M,GAE2M,R04B95 ,91402,Nor,  ,,FR,S,GSC
2025-12-01 00:00:00,783940404317,18,DW,12,D,01,185,LETICIA CANUL                 ,1D,ACTIVO,V65B04 ,1,F121,94F5,65136,410,0,0,0,23,E23,18,,,,1,9BBTM,2025-12-15 13:00:00,2025-12-11 08:50:38,1804,M,GAE2M,V65B04 ,7768,Nor,  ,,FR,S,GSC
2025-12-01 00:00:00,783940700986,67,DW,12,D,01,670,MUNICIPIO DE BENITO JUAREZ    ,5A,ACTIVO,KKJ452 ,3,F623,23NU,7520,355,0,0,0,23,E23,18,,,,1,9BBTM,2025-12-11 10:55:00,2025-12-10 07:28:36,6701,L,9ND6M,KKJ452 ,0,Nor,53,UI SERV DIRECTO,53,S,GSC
2025-12-01 00:00:00,783941101342,26,DW,12,D,01,263,JOSEFINA MORALES              ,1D,ACTIVO,7MD661 ,1,F121,98GG,11977,977,0,0,0,23,E23,18,,,,1,9BBTM,2025-12-19 14:28:00,2025-12-17 11:21:46,2602,M,GA4HN,7MD661 ,99977,Nor,  ,,FR,S,GSC
2025-12-01 00:00:00,784130600507,68,DW,12,E,01,680,BASECO SAPI DE CV             ,67,ACTIVO,MU655E ,3,KL28,20KE,27447,0,0,0,0,23,E23,18,,,,1,9BBTM,2025-12-15 15:04:00,2025-12-11 18:38:03,6851,R,GATKM,MU655E ,0,Nor,56,NO HAY MEDIDOR,56,S,GSC
2025-12-01 00:00:00,784170600046,30,DW,12,E,01,300,LAZARO CASTILLO RUTER         ,1D,ACTIVO,PJ406F ,3,KL28,20KE,11981,190,0,0,0,23,E23,2,,,,1,9BBTM,2025-12-15 18:53:00,2025-12-15 08:54:22,2251,N,9NCWL,PJ406F ,10190,Opt,  ,,,,GSC
2025-12-01 00:00:00,784191100485,26,DW,12,E,01,262,CORDERO CHEN PILIZEL          ,1D,ACTIVO,421JKD ,2,F622,15LM,29531,1073,0,0,0,0,,18,,,,1,9BBTM,2025-12-17 15:06:00,2025-12-17 14:53:30,2651,N,GATKM,421JKD ,0,Nor,59,DISPLAY APAGADO,59,S,GSC
2025-12-01 00:00:00,784251200468,30,DW,12,E,01,300,ZAVALA NACER EDUARDO          ,1D,ACTIVO,8AUN68 ,2,F623,25P2,8,8,0,0,0,0,,18,,,,1,9BBTM,2025-12-19 15:31:00,2025-12-18 08:08:23,2651,N,GATKM,8AUN68 ,0,Nor,51,NO ENCONTRE DOMI,,,GSC
2025-12-01 00:00:00,785000857103,22,DW,03,A,19,001,COLLI CHAN ISRAEL             ,1D,ACTIVO,6WL390 ,1,F121,99GG,13875,191,0,0,0,23,E23,18,,,,1,9ND2R,2025-12-15 14:26:00,2025-12-15 13:41:38,2226,M,9MCH1,6WL390 ,1191,Nor,  ,,FR,S,GSC
2025-12-01 00:00:00,785091101189,18,DW,03,A,11,183,DZIB HICHIN MARIA CONCEPCION  ,1D,ACTIVO,14AV08 ,1,F121,06JL,36927,277,0,0,0,23,E23,18,,,,1,9ND2R,2025-12-10 18:36:00,2025-12-11 10:55:52,1827,M,9MCH1,14AV08 ,10277,Nor,  ,,FR,S,GSC
2025-12-01 00:00:00,785100100191,64,DW,03,A,02,641,GRUPO GANADERO GARYS SPR DE RL,9C,ACTIVO,MY985M ,3,VL28,20KE,2005,1440,0,0,0,23,E23,18,,,,1,9ND2R,2025-12-05 11:04:00,2025-12-05 11:02:22,6403,L,9MCH1,MY985M ,0,Nor,59,DISPLAY APAGADO,59,S,GSC
2025-12-01 00:00:00,785110601058,30,DW,03,A,09,302,MUKUL CAAMAL FLORA MARIA      ,1B,ACTIVO,DXJ580 ,1,F123,22NX,49,8,0,0,0,23,E23,18,,,,1,9ND2R,2025-12-19 08:56:00,2025-12-19 13:55:57,3028,L,G92BB,DXJ580 ,5508,Nor,47,CUB OPAC CON LECT,FR,S,GSC
2025-12-01 00:00:00,785251201011,32,DW,03,A,09,322,RODRIGUEZ GONGORA AMILCAR JOSE,02,ACTIVO,PAT077 ,1,F123,24NX,11,11,0,0,0,23,E23,2,,,,1,9ND2R,2025-12-22 14:39:00,,,,,,,,,,,,GSC
2025-12-01 00:00:00,785951000440,34,DW,03,A,01,340,CARMEN DZUL MOO               ,02,ACTIVO,X74Y01 ,3,F121,94F5,17762,14,0,0,0,23,E23,18,,,,1,9ND2R,2025-12-23 12:54:00,2025-12-23 08:19:06,3401,L,9MCET,X74Y03 ,10053,Nor,31,SERVICIO SIN USO,FR,S,GSC
2025-12-01 00:00:00,785990100681,28,DW,03,A,09,001,DAMIAN VILLANUEVA             ,1B,ACTIVO,3FY962 ,1,F121,98GG,20887,83,0,0,0,23,E23,18,,,,1,9ND2R,2025-12-18 14:38:00,2025-12-18 11:45:48,2827,L,9MCH1,3FY962 ,1083,Nor,  ,,FR,S,GSC
2025-12-01 00:00:00,786001258277,34,DW,03,B,23,342,CAHUICH PECH NERI IVAN        ,1C,ACTIVO,5LR432 ,1,F121,99GG,13730,200,0,0,0,951,LECT NEGATIVA,18,,,,1,9ND2R,2025-12-26 12:23:00,2025-12-23 11:59:25,3426,L,9ND4A,5LR432 ,99944,Nor,  ,,FR,S,GSC
2025-12-01 00:00:00,786090301385,36,DW,03,B,22,361,CHULIM CAMARA VALENTINA       ,1B,ACTIVO,02D8K6 ,2,F421,08KF,44216,116,0,0,0,23,E23,18,,,,1,9ND2R,2025-12-26 12:08:00,2025-12-26 14:46:04,3626,L,GAGJM,02D8K6 ,1116,Nor,  ,,FR,S,GSC
2025-12-01 00:00:00,786110301557,64,DW,03,B,26,004,AGUA POTABLE POZO II          ,06,CORTADO,MU034D ,3,KL28,20KE,10810,1510,0,0,0,23,E23,18,,,,1,9ND2R,2025-12-05 12:08:00,2025-12-05 12:56:11,6403,L,GAPRM,MU034D ,0,Nor,60,MEDID NO TRABAJA,60,S,GSC
2025-12-01 00:00:00,786131100756,63,DW,03,B,27,630,NIC VELA HEBERT ANTONIO       ,9C,ACTIVO,265HAF ,3,KL28,15KM,98450,350,0,0,0,23,E23,18,,,,1,9ND2R,2025-12-04 07:48:00,2025-12-04 12:11:45,6302,L,GAPQM,265HAF ,0,Nor,53,UI SERV DIRECTO,53,S,GSC
2025-12-01 00:00:00,786750408846,34,DW,03,B,23,341,DZIB CANUL LAUREANO           ,1C,ACTIVO,3VN824 ,1,F121,00GG,55392,538,0,0,0,23,E23,18,,,,1,9ND2R,2025-12-23 14:42:00,2025-12-23 09:24:18,3427,L,R9855,3VN824 ,1538,Nor,  ,,FR,S,GSC
2025-12-01 00:00:00,786900900230,34,DW,03,B,23,341,RUIZ AVILA LUIS FERNANDO      ,1C,ACTIVO,R2C268 ,1,F121,90F5,35935,122,0,0,0,23,E23,18,,,,1,9ND2R,2025-12-23 14:43:00,2025-12-23 09:13:37,3427,L,R9855,R2C268 ,1122,Nor,  ,,FR,S,GSC
2025-12-01 00:00:00,786931200023,14,DW,03,B,18,142,VICTOR MANUEL MARTIN R        ,1B,ACTIVO,R02B72 ,1,F121,93F5,53442,442,0,0,0,23,E23,18,,,,1,9ND2R,2025-12-09 18:48:00,2025-12-09 09:58:44,1427,L,GAPQM,R02B72 ,1349,Nor,  ,,FR,S,GSC
2025-12-01 00:00:00,786960900018,16,DW,03,B,18,162,HERNANDEZ EK ANA MARIA        ,1B,ACTIVO,L7574M ,1,W111,76C0,7840,255,0,0,0,23,E23,18,,,,1,9ND2R,2025-12-10 18:28:00,2025-12-10 10:31:27,1627,L,GAPQM,L7574M ,1255,Nor,  ,,FR,S,GSC
2025-12-01 00:00:00,786990100229,40,DW,03,B,14,401,GABRIEL CAAMAL COLLI          ,02,ACTIVO,L54J80 ,2,F421,93F8,24713,536,0,0,0,23,E23,18,,,,1,9ND2R,2025-12-29 10:43:00,2025-12-29 10:30:18,4001,L,9ND4A,L54J80 ,47536,Nor,  ,,FR,S,GSC
2025-12-01 00:00:00,786990300601,64,DW,03,B,32,004,UNIDAD RGO DZUNCULUL          ,9M,CORTADO,CKX336 ,3,VL28,22NJ,4681,0,0,0,0,23,E23,18,,,,1,9ND2R,2025-12-05 12:09:00,2025-12-05 10:04:26,6403,L,GAPRM,CKX336 ,0,Nor,50,CASA CERRADA,50,S,GSC
2025-12-01 00:00:00,787050700518,38,DW,03,C,78,001,TUKUCH CAN CARLOS MIGUEL      ,1C,ACTIVO,F6412L ,1,F121,74AM,53601,702,0,0,0,23,E23,18,,,,1,9ND2R,2025-12-26 08:29:00,2025-12-26 17:16:14,3827,L,GA6WN,F6412L ,1702,Nor,  ,,FR,S,GSC
2025-12-01 00:00:00,787210700293,32,DW,03,C,74,321,COLONIA CUY MARIA DANIELA     ,1C,ACTIVO,2B03X2 ,1,F121,03GG,7917,317,0,0,0,23,E23,18,,,,1,9ND2R,2025-12-22 14:49:00,2025-12-22 17:00:54,3227,M,GA6WN,2B03X2 ,1317,Nor,  ,,FR,S,GSC
2025-12-01 00:00:00,787250700181,26,DW,03,C,67,261,PECH CHAN EDILBERTO           ,1C,ACTIVO,PJK390 ,1,F123,24NX,160,59,0,0,0,23,E23,18,,,,1,9ND2R,2025-12-17 18:28:00,2025-12-17 12:35:15,2627,L,GA6WN,PJK390 ,428,Nor,  ,,FR,S,GSC
2025-12-01 00:00:00,787850700141,38,DW,03,C,66,001,JIMENEZ QUINTANA JOSE LUIS    ,1B,ACTIVO,P86R77 ,1,F121,93F5,19858,16,0,0,0,23,E23,18,,,,1,9ND2R,2025-12-26 08:29:00,2025-12-26 10:47:54,3827,L,GA6WN,P86R77 ,1016,Nor,  ,,FR,S,GSC
2025-12-01 00:00:00,788220100657,30,DW,03,D,36,301,HERNANDEZ TAX LETICIA ISABEL  ,1B,ACTIVO,XB605A ,1,F123,21NT,176,11,0,0,0,23,E23,18,,,,1,9ND2R,2025-12-19 15:18:00,2025-12-19 12:24:05,3026,L,9JR7D,XB605A ,0,Nor,59,DISPLAY APAGADO,59,S,GSC
2025-12-01 00:00:00,788240300750,67,DW,03,D,16,963,MARQUEZ AVILA ROQUE CRECENCIO ,1C,ACTIVO,LNB778 ,1,F123,23NX,4116,200,0,0,0,23,E23,18,,,,1,9ND2R,2025-12-10 18:46:00,2025-12-10 11:08:30,6701,L,GA8NN,LNB778 ,0,Nor,53,UI SERV DIRECTO,53,S,GSC
2025-12-01 00:00:00,787040200070,24,DW,03,C,67,241,CANUL TEC SANTIAGO            ,1C,ACTIVO,7W093V ,1,F121,06JL,9930,118,0,0,0,23,E23,18,,,,1,9ND2R,2025-12-16 14:19:00,2025-12-16 09:22:50,2427,L,GA6WN,7W093V ,10118,Nor,  ,,FR,S,GSC
2025-12-01 00:00:00,787090500902,32,DW,03,C,74,321,CANUL OSORIO GUALBERTO        ,1C,ACTIVO,64BH71 ,1,F121,06JL,28999,317,0,0,0,23,E23,18,,,,1,9ND2R,2025-12-22 18:08:00,2025-12-22 15:15:03,3227,M,GA6WN,64BH71 ,1317,Nor,  ,,FR,S,GSC
2025-12-01 00:00:00,787761100220,32,DW,03,C,74,321,GONZALO UC CANCHE             ,1C,ACTIVO,CR1202 ,1,F121,81EG,424,92,0,0,0,23,E23,18,,,,1,9ND2R,2025-12-22 14:49:00,2025-12-22 17:11:59,3227,M,GA6WN,CR1202 ,3913,Nor,  ,,FR,S,GSC
2025-12-01 00:00:00,787831000139,06,DW,03,C,71,061,FELIPE PECH KU                ,1B,ACTIVO,6DL618 ,1,F121,98GG,46805,319,0,0,0,951,LECT NEGATIVA,18,,,,1,9ND2R,2025-12-04 12:21:00,2025-12-03 09:36:06,0626,L,9MCCY,6DL618 ,99716,Nor,  ,,FR,S,GSC
2025-12-01 00:00:00,787850200084,32,DW,03,C,69,321,KUK AKE ANGEL RAUL            ,1C,ACTIVO,7H16T4 ,1,F121,03GG,49177,765,0,0,0,951,LECT NEGATIVA,18,,,,1,9ND2R,2025-12-23 12:24:00,2025-12-22 11:47:24,3226,L,9MCCY,7H16T4 ,99940,Nor,  ,,FR,S,GSC
2025-12-01 00:00:00,787990600279,65,DW,03,C,71,651,ABRAHAN HOYOS MELBA           ,09,CORTADO,PT096Y ,3,KL28,21KE,4421,12,0,0,0,23,E23,18,,,,1,9ND2R,2025-12-08 18:03:00,2025-12-09 08:33:34,6551,R,9MCCY,PT096Y ,96257,Nor,  ,,LM,S,GSC
2025-12-01 00:00:00,788050800969,14,DW,03,D,74,141,COHUO JULIA                   ,1B,ACTIVO,PAW692 ,1,F123,24NX,104,104,0,0,0,23,E23,18,,,,1,9ND2R,2025-12-09 18:14:00,2025-12-09 12:25:27,1426,L,9EMGH,5F806N ,114,Nor,  ,,,,GSC
2025-12-01 00:00:00,788110400108,16,DW,03,D,61,001,TEH FLORES ROSA ELENA         ,1C,ACTIVO,AWC911 ,1,F123,22NX,2844,152,0,0,0,23,E23,18,,,,1,9ND2R,2025-12-10 18:05:00,2025-12-10 10:42:34,1626,L,9EMGH,AWC911 ,0,Nor,53,UI SERV DIRECTO,53,S,GSC
2025-12-01 00:00:00,788130300410,30,DW,03,D,07,001,OJEDA BLANCA ESTELA           ,1C,ACTIVO,3DWD57 ,2,F623,25NY,241,241,0,0,0,23,E23,18,,,,1,9ND2R,2025-12-19 15:19:00,2025-12-19 08:30:22,3027,M,GAEMM,3DWD57 ,241,Opt,  ,,,,GSC
2025-12-01 00:00:00,788150800052,66,DW,03,D,16,963,GRUPO GANADERO GARYS SPR RL CV,9C,ACTIVO,CKU582 ,3,VL28,22NJ,2154,0,0,0,0,23,E23,18,,,,1,9ND2R,2025-12-09 18:29:00,2025-12-09 09:53:59,6601,L,GA8NN,CKU582 ,0,Nor,60,MEDID NO TRABAJA,60,S,GSC
2025-12-01 00:00:00,788250200397,67,DW,03,D,16,963,CHAIDEZ PALACIOS MANUEL DE JES,9M,ACTIVO,CKX106 ,3,VL28,22NJ,1299,0,0,0,0,23,E23,18,,,,1,9ND2R,2025-12-10 18:46:00,2025-12-10 09:39:18,6701,L,GA8NN,CKX106 ,0,Nor,52,COMUNICACION INTERRU,52,S,GSC
2025-12-01 00:00:00,789001262222,08,DW,04,B,23,082,ARACELY DOMINGUEZ CANCHE      ,1F,ACTIVO,2VF923 ,1,F121,00GG,48839,208,0,0,0,23,E23,18,,,,1,9MCF6,2025-12-04 10:45:00,2025-12-04 09:45:12,0826,M,R9658,2VF923 ,91899,Nor,  ,,FR,S,GSC
2025-12-01 00:00:00,789010103510,18,DW,04,B,23,185,CORTES MEJIA HILDA M          ,1F,ACTIVO,1VF777 ,1,F121,00GG,16752,80,0,0,0,23,E23,18,,,,1,9MCF6,2025-12-11 13:01:00,2025-12-11 09:13:07,1803,L,R9476,1VF777 ,27161,Nor,  ,,FR,S,GSC
2025-12-01 00:00:00,789831000735,06,DW,04,A,01,064,ROMAN JESUS NARVAEZ VARGAS    ,1C,CORTADO,5BCK38 ,2,F623,25P2,3650,3143,0,0,0,23,E23,18,,,,1,9MCF6,2025-12-03 14:50:00,2025-12-03 09:24:09,0652,N,9EME2,5BCK38 ,0,Nor,53,UI SERV DIRECTO,53,S,GSC
2025-12-01 00:00:00,789930400753,30,DW,04,B,12,301,PUNAB PECH ROSA CECILIA       ,1F,ACTIVO,59F0B6 ,1,KL28,09KC,33100,123,0,0,0,0,,18,,,,1,9MCF6,2025-12-19 14:53:00,2025-12-19 11:23:32,3026,M,9BBLV,59F0B6 ,80115,Nor,  ,,FR,S,GSC
2025-12-01 00:00:00,790051001355,16,DW,04,C,32,141,VELAZQUEZ BUENFIL MARIA REFUGI,1F,ACTIVO,3R07V2 ,1,F121,04GG,23258,68,0,0,0,23,E23,18,,,,1,9MCF6,2025-12-10 14:49:00,2025-12-09 11:14:54,1601,L,9EMLW,3R07V2 ,90068,Nor,  ,,FR,S,GSC
2025-12-01 00:00:00,790111001287,08,DW,04,C,32,081,GONGORA DOMINGUEZ BLANCA LILIA,1F,ACTIVO,2BDA23 ,2,F623,25P2,0,0,0,0,0,23,E23,18,,,,1,9MCF6,2025-12-05 11:34:00,2025-12-08 09:06:48,0851,R,9EMLY,6LB259 ,515,Nor,  ,,,,GSC
2025-12-01 00:00:00,790920700170,20,DW,04,C,35,201,RAMON QUINTAL TALANGO         ,1F,ACTIVO,Y50P25 ,1,F121,94F5,77367,553,0,0,0,23,E23,18,,,,1,9MCF6,2025-12-12 15:03:00,2025-12-12 12:51:53,2026,L,9EMLW,Y50P25 ,96523,Nor,  ,,FR,S,GSC
2025-12-01 00:00:00,791150800258,18,DW,04,D,48,002,CHAN TURRIZA LAURA VERONICA DE,1F,ACTIVO,588KB5 ,2,F622,12LJ,6695,717,0,0,0,0,,18,,,,1,9MCF6,2025-12-11 12:42:00,2025-12-12 20:06:09,1851,R,9MC6K,588KB5 ,0,Nor,59,DISPLAY APAGADO,59,S,GSC
2025-12-01 00:00:00,792110201072,30,DW,04,E,70,304,AKE HUCHIN MARTHA ALICIA      ,1F,ACTIVO,0W75F6 ,2,F621,04F3,46193,1544,0,0,0,23,E23,18,,,,1,9MCF6,2025-12-19 10:48:00,2025-12-19 08:06:17,3026,L,9P149,0W75F6 ,91544,Nor,  ,,FR,S,GSC
2025-12-01 00:00:00,792190500334,70,DW,04,E,79,711,GARY BUENFIL MAURO ARTURO     ,67,ACTIVO,G000XK ,3,KL28,17KE,11479,4737,0,0,0,951,LECT NEGATIVA,18,,,,1,9MCF6,2025-12-17 12:11:00,2025-12-15 13:34:20,7001,L,GA20N,G000XK ,95059,Opt,  ,,,,GSC
2025-12-01 00:00:00,793001056182,06,DW,04,F,12,061,GUTIERREZ CAHUICH JOSE LUIS   ,02,ACTIVO,J202PW ,2,F622,17LM,2796,863,0,0,0,0,,18,,,,1,9MCF6,2025-12-03 15:52:00,2025-12-03 08:28:55,0602,L,9ND76,J202PW ,0,Nor,53,UI SERV DIRECTO,53,S,GSC
2025-12-01 00:00:00,793080702841,32,DW,04,F,12,323,DELGADO INOCENTE LISSET       ,1F,ACTIVO,65UG67 ,1,F121,08JL,8716,226,0,0,0,0,,18,,,,1,9MCF6,2025-12-22 15:53:00,2025-12-22 07:28:28,3227,L,9JR35,65UG67 ,1226,Nor,  ,,,,GSC
2025-12-01 00:00:00,793140701009,08,DW,04,H,50,001,MORALES BADILLO MARIA GRISELDA,1F,ACTIVO,653WG1 ,1,F122,13LN,37933,612,0,0,0,23,E23,18,,,,1,9MCF6,2025-12-04 13:09:00,2025-12-04 16:57:00,0826,L,R9605,653WG1 ,0,Nor,51,NO ENCONTRE DOMI,,,GSC
2025-12-01 00:00:00,793221200195,08,DW,04,F,89,001,HERRERA RIVERA MARIA PAOLA    ,1F,ACTIVO,DJU007 ,2,F623,22NU,7516,397,0,0,0,23,E23,18,,,,1,9MCF6,2025-12-04 14:58:00,2025-12-04 13:49:14,0828,L,R9655,DJU007 ,0,Nor,56,NO HAY MEDIDOR,56,S,GSC
2025-12-01 00:00:00,793971000279,10,DW,04,F,19,101,DAMIAN DAMIAN MARIO           ,1F,ACTIVO,23UX26 ,1,F121,08JL,5972,0,0,0,0,23,E23,18,,,,1,9MCF6,2025-12-05 13:06:00,2025-12-05 17:23:24,1026,L,9BBRA,23UX26 ,10000,Nor,41,CRISTAL ROTO,41,S,GSC
2025-12-01 00:00:00,794141200999,20,DW,04,G,96,001,ALONZO CARDAZA ESPERANZA      ,1F,ACTIVO,9J08V1 ,1,F121,03GG,7184,64,0,0,0,23,E23,18,,,,1,9MCF6,2025-12-12 12:44:00,2025-12-12 11:50:17,2026,L,R9642,9J08V1 ,7717,Nor,  ,,FR,S,GSC
2025-12-01 00:00:00,795030100037,36,DW,05,A,01,361,GOMEZ FERRER RAMIRO           ,1F,ACTIVO,8Y7J27 ,1,F121,02GG,27842,44,0,0,0,23,E23,18,,,,1,9ND2K,2025-12-29 12:44:00,2025-12-26 06:56:00,3604,M,G81DP,8Y7J27 ,13433,Nor,  ,,FR,S,GSC
2025-12-01 00:00:00,795040400667,70,DW,05,A,01,702,SIS MPAL AGUA POT Y ALC CARMEN,67,ACTIVO,PT472Y ,3,KL28,21KE,40166,1125,0,0,0,23,E23,18,,,,1,9ND2K,2025-12-17 14:17:00,2025-12-15 12:02:39,7002,L,9ND9F,PT472Y ,0,Nor,60,MEDID NO TRABAJA,60,S,GSC
2025-12-01 00:00:00,795050500431,30,DW,05,A,01,302,MA  ELENA REAL                ,1F,ACTIVO,0E389X ,1,F121,05JL,10027,58,0,0,0,23,E23,18,,,,1,9ND2K,2025-12-22 12:29:00,2025-12-19 06:37:14,3002,M,9NCUA,0E389X ,99058,Nor,  ,,FR,S,GSC
2025-12-01 00:00:00,795061000910,18,DW,05,A,01,102,CHAN OCANA GRACIELA           ,1F,ACTIVO,1X94R4 ,2,F621,04F3,32634,127,0,0,0,23,E23,18,,,,1,9ND2K,2025-12-11 18:55:00,2025-12-11 12:21:39,1802,M,9JRBH,1X94R4 ,10125,Nor,  ,,FR,S,GSC
2025-12-01 00:00:00,795071000748,18,DW,05,A,01,102,KOH RODRIGUEZ ARACELLY DEL SOC,1F,SUJETO A CORTE,98NF49 ,2,F621,07F3,32150,310,0,0,0,23,E23,18,,,,1,9ND2K,2025-12-12 11:25:00,2025-12-11 05:52:00,1802,M,9JRBH,98NF49 ,99318,Nor,  ,,FR,S,GSC
2025-12-01 00:00:00,795071001540,18,DW,05,A,01,102,NOVELO ROBLES JOSE NICOLAS    ,1F,CORTADO,40PF93 ,2,F621,07F3,15993,0,0,0,0,23,E23,18,,,,1,9ND2K,2025-12-15 14:05:00,2025-12-11 08:55:48,1802,M,9JRBH,40PF93 ,987,Nor,  ,,,,GSC
2025-12-01 00:00:00,795080501407,26,DW,05,A,01,195,MENDOZA GRYMES JUAN CARLOS    ,02,ACTIVO,40B6V3 ,2,F621,08KG,47461,86,0,0,0,0,,18,,,,1,9ND2K,2025-12-18 11:12:00,2025-12-17 09:53:46,2602,M,9ND51,40B6V3 ,86,Nor,  ,,FR,S,GSC
2025-12-01 00:00:00,782251201089,16,DW,12,C,01,163,MARTINEZ AGUILAR ABDIEL JOISSE,1D,ACTIVO,XJF814 ,2,F623,24P3,7,7,0,0,0,23,E23,2,,,,1,9BBTM,2025-12-12 13:48:00,,,,,,,,,,,,GSC
2025-12-01 00:00:00,782840300038,02,DW,12,B,01,022,VALENTINA MAY DE CHAN         ,1D,ACTIVO,3D395K ,1,F121,05JL,38847,420,0,0,0,23,E23,18,,,,1,9BBTM,2025-12-02 17:54:00,2025-12-01 12:47:38,0201,L,9NCWM,3D395K ,85286,Nor,  ,,FR,S,GSC
2025-12-01 00:00:00,782840400415,02,DW,12,B,01,022,ZENAIDA VALLE DE PETUL        ,1D,ACTIVO,KN3382 ,1,F121,83EG,5046,1,0,0,0,23,E23,2,,,,1,9BBTM,2025-12-03 12:23:00,2025-12-01 08:18:02,0201,L,9NCWM,KN3382 ,9900,Nor,  ,,LN,S,GSC
2025-12-01 00:00:00,782850700450,14,DW,12,B,01,142,ROSARIO I HURTADO FRAGA       ,1D,ACTIVO,8P4W28 ,1,F121,01GG,35092,0,0,0,0,23,E23,18,,,,1,9BBTM,2025-12-11 11:15:00,2025-12-09 08:35:11,1402,M,9NCX2,8P4W28 ,46147,Nor,  ,,FR,S,GSC
2025-12-01 00:00:00,782861202125,12,DW,12,C,01,120,DOMINGO NIEVES                ,1D,ACTIVO,48D5C4 ,2,F421,08KF,62115,915,0,0,0,23,E23,18,,,,1,9BBTM,2025-12-10 12:53:00,2025-12-09 10:43:08,1251,R,9P130,48D5C4 ,99916,Nor,  ,,FR,S,GSC
2025-12-01 00:00:00,785751200177,14,DW,03,A,02,002,BARTOLO EUAN REDONDO          ,1C,ACTIVO,PCW785 ,1,F123,24NX,6106,6106,0,0,0,0,,16,,,,1,G08DF,2025-12-09 14:43:00,2025-12-09 13:20:29,1426,M,9EMF8,FK358H ,99776,Nor,44,NUM MEDID DESIGU,44,S,GSC
2025-12-01 00:00:00,788890200059,18,DW,03,D,27,181,ALAMILLA UC MARIO ANTONIO     ,1B,ACTIVO,PCW818 ,1,F123,24NX,243,243,0,0,0,0,,16,,,,1,G08DF,2025-12-11 13:35:00,2025-12-11 09:18:34,1826,L,9JR7D,PCW818 ,243,Opt,  ,,,,GSC
2025-12-01 00:00:00,782160306082,40,DW,12,C,01,403,OY PECH CESAR ALEJANDRO       ,1D,CORTADO,YC852J ,2,F623,21NU,15810,0,0,0,0,0,,16,,,,1,9MCD7,2025-12-29 12:03:00,2025-12-29 09:47:07,4004,L,GAALN,YC852J ,0,Nor,56,NO HAY MEDIDOR,56,S,GSC
2025-12-01 00:00:00,810110408708,20,DW,22,A,02,202,MERLIN BAXIN JOSE FRANCISCO   ,1B,ACTIVO,00H49K ,2,F62H,10KN,12017,774,0,0,0,0,,16,,,,1,9N4CT,2025-12-12 14:16:00,2025-12-12 13:57:01,2002,L,9JR5R,4AUT06 ,398,Opt,  ,,,,GSC
2025-12-01 00:00:00,796020801475,32,DW,06,A,05,051,SALAS RODRIGUEZ ERMINDA       ,1B,ACTIVO,3P6X88 ,1,F121,01GG,31153,1522,0,0,0,0,,16,,,,1,9MCFE,2025-12-22 13:42:00,2025-12-22 11:29:05,3226,L,9MCJT,PBD160 ,250,Opt,  ,,,,GSC
2025-12-01 00:00:00,796920700755,20,DW,06,A,01,201,CASTRO CASTRO TERESA DE JESUS ,1D,ACTIVO,G27A08 ,2,F121,92F5,21457,55,0,0,0,0,,16,,,,1,9MCFE,2025-12-12 15:24:00,2025-12-12 06:32:13,2002,M,9ND4X,8HW538 ,5,Nor,31,SERVICIO SIN USO,,,GSC
2025-12-01 00:00:00,802121000708,24,DW,07,C,41,241,OLIVAR QUINTAL FRANCISCO JAVIE,02,ACTIVO,PHN549 ,2,F123,24NX,0,0,0,0,0,0,,16,,,,1,9MCJD,2025-12-16 17:12:00,2025-12-18 21:52:17,2451,R,9ND12,PHN549 ,14660,Nor,  ,,FR,S,GSC
2025-12-01 00:00:00,797980900491,26,DW,06,B,31,312,REYES MARTINEZ YANITH         ,1B,ACTIVO,1AU667 ,1,F121,97F5,38727,645,0,0,0,0,,16,,,,1,9N4CC,2025-12-17 10:12:00,2025-12-17 06:47:47,2626,L,9EMEK,1AU667 ,62242,Nor,44,NUM MEDID DESIGU,44,S,GSC
2025-12-01 00:00:00,781140501834,30,DW,12,C,01,305,OROZCO DAVALOS EDGAR          ,1D,ACTIVO,255FG0 ,1,F122,12LH,31919,4539,0,0,0,0,,16,,,,1,9MCD7,2025-12-19 14:30:00,2025-12-19 08:00:01,3004,L,9P120,255FG0 ,0,Nor,50,CASA CERRADA,50,S,GSC
2025-12-01 00:00:00,779200703585,04,DW,01,M,01,045,DUARTE CEBALLOS REBECA        ,1B,ACTIVO,29E2V6 ,2,F62F,08K6,14968,981,0,0,0,0,,16,,,,1,GEYB8,2025-12-02 16:21:00,2025-12-02 09:42:30,0401,L,9JRBR,29E2V6 ,566,Nor,  ,,,,GSC
2025-12-01 00:00:00,810110503425,34,DW,22,A,02,344,ECHEVERRIA MARTINEZ MANUELA   ,1B,ACTIVO,2BDG44 ,2,F623,25P2,470,470,0,0,0,0,,16,,,,1,9N4CT,2025-12-23 12:09:00,2025-12-23 10:19:45,3406,L,9JR5N,2BDG44 ,470,Opt,  ,,,,GSC
2025-12-01 00:00:00,781080704781,34,DW,12,C,01,345,CHABLE DE LA CRUZ FLORISMATE  ,1D,ACTIVO,36M5P2 ,2,F62H,09KN,45618,3634,0,0,0,0,,16,,,,1,9MCD7,2025-12-23 11:06:00,2025-12-23 07:23:45,3404,L,9NCWW,36M5P2 ,0,Nor,56,NO HAY MEDIDOR,56,S,GSC
2025-12-01 00:00:00,782190600279,10,DW,12,C,01,011,FLORES NAVA CESAR             ,1D,CORTADO,43X9F5 ,2,F62F,09L2,20954,0,0,0,0,0,,16,,,,1,9MCD7,2025-12-05 14:48:00,2025-12-05 13:20:14,1002,M,GAALN,43X9F5 ,0,Nor,59,DISPLAY APAGADO,59,S,GSC
2025-12-01 00:00:00,799060400081,28,DW,06,D,47,470,MARIN ALAMILLA NESTOR GPE     ,1C,ACTIVO,685VXM ,1,F122,16LN,27932,1210,0,0,0,0,,16,,,,1,9JRFD,2025-12-18 14:08:00,2025-12-18 11:42:07,2827,L,GAT5M,685VXM ,96825,Nor,  ,,FR,S,GSC
2025-12-01 00:00:00,779080802118,40,DW,01,M,13,409,PECH TEC JOSE IDELFONSO       ,1D,ACTIVO,79D4H6 ,2,F421,08KF,26019,1290,0,0,0,0,,16,,,,1,GEYB8,2025-12-29 09:54:00,2025-12-29 15:28:05,4004,L,GAAEN,79D4H6 ,0,Nor,31,SERVICIO SIN USO,,,GSC
2025-12-01 00:00:00,791120402231,14,DW,04,D,61,002,CANUL TAMAY CANDELARIA DEL SOC,1F,ACTIVO,91X30J ,1,F12H,11KU,8237,144,0,0,0,0,,16,,,,1,G09DN,2025-12-09 12:15:00,2025-12-10 15:55:45,1451,R,R9420,91X30J ,0,Opt,32,UI DERIVACION,32,S,GSC
2025-12-01 00:00:00,779250100881,36,DW,01,M,13,365,CAUICH CAUICH MARIA LIZET     ,1D,ACTIVO,KHP946 ,2,F623,23NU,5769,5565,0,0,0,0,,16,,,,1,GEYB8,2025-12-26 16:33:00,2025-12-29 10:28:04,3651,R,R9982,KHP946 ,10898,Opt,  ,,,,GSC
2025-12-01 00:00:00,783971100588,08,DW,12,D,02,080,CAHUICH ENCALADA VICTOR JAVIER,02,ACTIVO,L562TR ,2,F122,18LN,36250,0,0,0,0,0,,16,,,,1,R9958,2025-12-04 13:33:00,2025-12-04 16:44:50,0826,M,GA4HN,L562TR ,0,Nor,5X,RUTA INCOMPLETA,,,GSC
2025-12-01 00:00:00,779950800108,28,DW,01,M,06,281,LUIS ALEJANDRO ORILLA PECH    ,1B,ACTIVO,M255W8 ,1,F121,96F5,57708,1188,0,0,0,0,,16,,,,1,GEYB8,2025-12-18 16:51:00,2025-12-18 13:07:25,2829,M,R9982,M255W8 ,44652,Nor,44,NUM MEDID DESIGU,44,S,GSC
2025-12-01 00:00:00,796790900749,38,DW,06,A,30,301,RAUL FIERRO                   ,1C,ACTIVO,T3517T ,1,W111,78C0,923,708,0,0,0,0,,16,,,,1,9A6XJ,2025-12-26 13:16:00,2025-12-26 10:27:22,3827,L,R9723,T3517T ,9017,Nor,  ,,FR,S,GSC
2025-12-01 00:00:00,797190900385,34,DW,06,B,34,341,DEL VALLE HERNANDEZ LUIS JACOB,1B,ACTIVO,V969LD ,1,F122,19LN,2235,49,0,0,0,0,,16,,,,1,9N4CC,2025-12-23 13:42:00,2025-12-23 07:11:39,3426,L,9EMEK,V969LD ,97836,Nor,44,NUM MEDID DESIGU,44,S,GSC
2025-12-01 00:00:00,779250801774,14,DW,01,M,17,143,POOL CHALE NIDIA MERCEDES     ,1D,ACTIVO,WTP000 ,2,F623,24P2,7,7,0,0,0,0,,16,,,,1,GEYB8,2025-12-09 17:41:00,2025-12-10 08:33:55,1451,R,9P14E,WTP000 ,0,Nor,51,NO ENCONTRE DOMI,,,GSC
2025-12-01 00:00:00,796140802530,20,DW,06,A,01,205,MANUELS HAU IRVIN MANUEL      ,1D,ACTIVO,WTW462 ,2,F623,24P2,0,0,0,0,0,0,,16,,,,1,9MCFE,2025-12-12 15:26:00,2025-12-12 12:00:43,2004,M,9P14T,580G0C ,0,Opt,31,SERVICIO SIN USO,,,GSC
2025-12-01 00:00:00,780250702219,34,DW,12,A,05,344,RESIDENCIAL LAUSANA CANCUN AC ,02,ACTIVO,2DWA55 ,2,F623,25NY,2295,2295,0,0,0,0,,16,,,,1,9MCD7,2025-12-23 16:59:00,2025-12-23 09:59:00,3428,L,GAFHM,5BCR38 ,2003,Opt,  ,,,,GSC
2025-12-01 00:00:00,810110503425,34,DW,22,A,02,344,ECHEVERRIA MARTINEZ MANUELA   ,1B,ACTIVO,90H94K ,2,F62H,10KN,38420,567,0,0,0,0,,16,,,,1,9N4CT,2025-12-23 12:09:00,2025-12-23 10:19:45,3406,L,9JR5N,2BDG44 ,470,Opt,  ,,,,GSC
2025-12-01 00:00:00,781190800344,22,DW,12,B,01,026,AYALA PENA ELVIRA             ,1D,ACTIVO,L378FF ,1,F122,18LN,13917,2658,0,0,0,0,,16,,,,1,9AKNE,2025-12-15 15:10:00,2025-12-15 12:59:39,2201,M,GATKM,KUV987 ,496,Opt,  ,,,,GSC
2025-12-01 00:00:00,771051203573,06,DW,01,E,02,061,NAVARRO DZIB GENNY GUADALUPE  ,1D,ACTIVO,15TJ88 ,1,F121,08JL,57451,681,0,0,0,0,,16,,,,1,GEYB8,2025-12-03 16:59:00,2025-12-03 12:31:27,0601,L,9JR09,15TJ88 ,51406,Nor,44,NUM MEDID DESIGU,44,S,GSC
2025-12-01 00:00:00,793250800894,34,DW,04,F,04,344,SANCHEZ ESPINOSA OFELIA LIBERT,1F,ACTIVO,1DVC86 ,2,F623,25NY,532,532,0,0,0,0,,16,,,,1,9P11T,2025-12-23 15:12:00,2025-12-22 13:40:21,3228,L,9JRAL,1DVC86 ,0,Nor,31,SERVICIO SIN USO,,,GSC
2025-12-01 00:00:00,785040100994,38,DW,03,A,01,381,GONZALEZ REINOSO REFUGIO      ,1B,ACTIVO,1DVT40 ,2,F623,25NY,11,11,0,0,0,0,,16,,,,1,G08DF,2025-12-26 09:44:00,2025-12-29 11:39:29,3801,L,9MCH1,1DVT40 ,36925,Nor,  ,,FR,S,GSC
2025-12-01 00:00:00,773931000313,38,DW,01,D,03,383,DULCE MA VAZQUEZ DE ROSAD     ,1C,ACTIVO,23H93L ,2,F62H,10KN,38675,823,0,0,0,0,,16,,,,1,9NNMA,2025-12-26 17:16:00,2025-12-26 13:29:45,3826,L,9BBR3,23H93L ,0,Opt,32,UI DERIVACION,32,S,GSC
2025-12-01 00:00:00,780980202246,08,DW,12,A,01,082,MACHADO DE LA PAZ MARIA ESTELA,1D,ACTIVO,264VBF ,1,F122,16LN,23884,1047,0,0,0,0,,16,,,,1,9MCD7,2025-12-04 15:08:00,2025-12-04 07:11:18,0803,M,GAFHM,264VBF ,0,Nor,50,CASA CERRADA,50,S,GSC
2025-12-01 00:00:00,803090400199,12,DW,07,D,18,001,NOH DZUL CARLOS GILBERTO      ,1C,ACTIVO,45VP52 ,1,F121,08JL,6883,220,0,0,0,0,,16,,,,1,GEYN8,2025-12-08 11:37:00,2025-12-08 12:24:55,1226,M,GA2CN,45VP52 ,371,Nor,  ,,FR,S,GSC
2025-12-01 00:00:00,771250900674,36,DW,01,B,01,365,SANCHEZ MOLINA EDUARDO JOSE   ,1D,ACTIVO,4AUW50 ,2,F623,25P2,1083,1083,0,0,0,0,,16,,,,1,GAATN,2025-12-26 15:58:00,2025-12-27 08:42:59,3651,R,GAADN,4AUW50 ,0,Nor,56,NO HAY MEDIDOR,56,S,GSC
2025-12-01 00:00:00,812210502321,32,DW,22,C,01,323,GPO INMOBILIARIO CONSUR SADECV,02,ACTIVO,4CDP34 ,2,F623,25P3,379,379,0,0,0,0,,16,,,,1,9N4CT,2025-12-22 07:19:00,2025-12-22 11:05:49,3202,L,9NCT2,4CDP34 ,379,Opt,  ,,,,GSC
2025-12-01 00:00:00,780250702219,34,DW,12,A,05,344,RESIDENCIAL LAUSANA CANCUN AC ,02,ACTIVO,5BCR38 ,2,F623,25P2,2003,2003,0,0,0,0,,16,,,,1,9MCD7,2025-12-23 16:59:00,2025-12-23 09:59:00,3428,L,GAFHM,5BCR38 ,2003,Opt,  ,,,,GSC
2025-12-01 00:00:00,782101202362,18,DW,12,C,01,182,MARTIN MENA NELYNA VIANEEL    ,1D,CORTADO,6BCH70 ,2,F623,25P2,563,563,0,0,0,0,,16,,,,1,9MCD7,2025-12-11 15:22:00,2025-12-11 09:48:12,1802,M,GAKFM,6BCH70 ,563,Opt,  ,,,,GSC
2025-12-01 00:00:00,773230401429,32,DW,01,D,03,322,VALDEZ CAUICH SILVIA PATRICIA ,1C,ACTIVO,6DVR89 ,2,F623,25NY,464,464,0,0,0,0,,16,,,,1,9NNMA,2025-12-22 08:47:00,2025-12-23 11:00:25,3251,R,9MCDC,DXK044 ,96822,Nor,44,NUM MEDID DESIGU,44,S,GSC
2025-12-01 00:00:00,796090203001,32,DW,06,A,04,041,GARCIA CHABLE JUANA           ,1B,ACTIVO,7ANG43 ,1,F123,25NX,871,871,0,0,0,0,,16,,,,1,9MCFE,2025-12-22 13:42:00,2025-12-22 13:03:14,3228,L,R9718,7ANG43 ,871,Nor,  ,,FR,S,GSC
2025-12-01 00:00:00,773090204628,40,DW,01,D,04,405,MARTINEZ MARTINEZ JOSE JESUS  ,1C,ACTIVO,89WE56 ,1,F121,08JL,17470,793,0,0,0,0,,16,,,,1,9NNMA,2025-12-29 08:40:00,2025-12-29 10:17:29,4030,M,GAC1M,89WE56 ,0,Nor,31,SERVICIO SIN USO,,,GSC
2025-12-01 00:00:00,783230100149,22,DW,12,D,04,220,LOPEZ LOPEZ DARBELIO          ,1D,ACTIVO,DTA246 ,2,F623,22NU,6302,616,0,0,0,0,,16,,,,1,9AKNE,2025-12-15 15:39:00,2025-12-15 07:47:32,2226,M,GA4HN,DTA246 ,0,Nor,56,NO HAY MEDIDOR,56,S,GSC
2025-12-01 00:00:00,783111203401,04,DW,12,C,01,041,FUENTES GUZMAN MARIO          ,1D,CORTADO,EW001E ,2,F622,19LM,3754,0,0,0,0,0,,16,,,,1,9MCD7,2025-12-02 12:07:00,2025-12-02 08:27:41,0401,M,GAA7N,EW001E ,0,Nor,56,NO HAY MEDIDOR,56,S,GSC
2025-12-01 00:00:00,812210504022,26,DW,22,C,01,263,INGEMOA MANTENIMIENTO Y CONSTR,02,ACTIVO,6BCV45 ,2,F623,25P2,166,166,0,0,0,0,,16,,,,1,9N4CT,2025-12-17 15:34:00,2025-12-17 12:06:03,2603,L,9NCT2,6BCV45 ,166,Opt,  ,,,,GSC
2025-12-01 00:00:00,782170804820,40,DW,12,C,01,403,AGUILAR HERNANDEZ SUSANA ALEJA,1D,ACTIVO,83H52K ,2,F62H,10KN,18121,0,0,0,0,0,,16,,,,1,9MCD7,2025-12-29 12:03:00,2025-12-29 09:09:11,4004,L,GAALN,83H52K ,0,Nor,59,DISPLAY APAGADO,59,S,GSC
2025-12-01 00:00:00,782160314433,08,DW,12,C,01,083,ROMERO SORIANO ORLANDO        ,1D,CORTADO,DRV830 ,2,F623,22NU,6334,0,0,0,0,0,,16,,,,1,9MCD7,2025-12-04 14:15:00,2025-12-04 09:51:08,0803,L,GAE2M,DRV830 ,0,Nor,56,NO HAY MEDIDOR,56,S,GSC
2025-12-01 00:00:00,773240500727,14,DW,01,D,01,141,ESPADAS PERAZA SAUL ANDRES    ,02,ACTIVO,JGA950 ,2,F623,23NU,11,11,0,0,0,0,,16,,,,1,9NNMA,2025-12-09 16:51:00,2025-12-09 18:25:08,1401,L,9BBR3,JGA950 ,27019,Nor,44,NUM MEDID DESIGU,44,S,GSC
2025-12-01 00:00:00,783080807176,20,DW,12,D,01,203,LUIS MIGUEL CANCHE TZUC       ,1D,ACTIVO,KKW817 ,2,F623,23NU,4872,1611,0,0,0,0,,16,,,,1,9AKNE,2025-12-12 16:14:00,2025-12-12 10:31:31,2004,M,GAALN,KKW817 ,17175,Nor,44,NUM MEDID DESIGU,44,S,GSC
2025-12-01 00:00:00,774200703176,08,DW,01,E,37,082,NARVAEZ CAMPOS ALEJANDRA      ,02,ACTIVO,NR059P ,2,F623,20NU,15197,7596,0,0,0,0,,16,,,,1,GEYB8,2025-12-04 15:29:00,2025-12-04 10:55:12,0801,M,9MCG8,NR059P ,533,Nor,44,NUM MEDID DESIGU,44,S,GSC
2025-12-01 00:00:00,796210801897,20,DW,06,A,01,202,GIRON MOGUEL DANIEL MARVIN    ,1D,ACTIVO,PKH037 ,1,F123,24NX,2434,2434,0,0,0,0,,16,,,,1,9MCFE,2025-12-12 15:24:00,2025-12-12 08:44:15,2005,M,G92BA,PKH037 ,1146,Opt,  ,,,,GSC
2025-12-01 00:00:00,773230800226,62,DW,01,D,01,620,MUNICIPIO DE MERIDA YUCATAN   ,02,ACTIVO,RBH823 ,3,F623,24NY,7484,2169,0,0,0,0,,16,,,,1,9NNMA,2025-12-03 10:10:00,2025-12-03 10:34:14,6201,L,9MCDC,RBH823 ,0,Nor,56,NO HAY MEDIDOR,56,S,GSC
2025-12-01 00:00:00,773230800307,62,DW,01,D,01,620,MUNICIPIO DE MERIDA YUCATAN   ,02,ACTIVO,RBJ949 ,3,F623,24NY,8854,1275,0,0,0,0,,16,,,,1,9NNMA,2025-12-03 10:10:00,2025-12-03 10:37:02,6201,L,9MCDC,RBJ949 ,0,Nor,56,NO HAY MEDIDOR,56,S,GSC
2025-12-01 00:00:00,782880300511,10,DW,12,B,01,100,ALFREDO ALVAREZ               ,1D,ACTIVO,8BCY08 ,2,F623,25P2,246,246,0,0,0,23,E23,18,,,,1,9BBTM,2025-12-05 12:56:00,2025-12-05 13:05:07,1001,M,GAX2M,8BCY08 ,246,Opt,  ,,,,GSC
2025-12-01 00:00:00,782880500421,02,DW,12,B,01,022,OLIVERA ROMO MELVA            ,1D,ACTIVO,H125V6 ,1,F621,95F3,56048,227,0,0,0,23,E23,2,,,,1,9BBTM,2025-12-03 11:12:00,2025-12-01 11:54:32,0201,L,9NCWM,H125V6 ,99227,Nor,  ,,FR,S,GSC
2025-12-01 00:00:00,782920700142,12,DW,12,C,01,121,DOMINGO A CABRERA             ,1D,ACTIVO,45UG40 ,1,F121,08JL,57289,1015,0,0,0,0,,18,,,,1,9BBTM,2025-12-10 09:18:00,2025-12-08 15:44:24,1202,M,GAALN,45UG40 ,95015,Nor,  ,,FR,S,GSC
2025-12-01 00:00:00,782940401991,18,DW,12,C,01,183,ALEJANDRO ESPINOZA HDEZ       ,1D,ACTIVO,97GL21 ,1,F121,07JL,40218,1,0,0,0,23,E23,2,,,,1,9BBTM,2025-12-11 14:08:00,2025-12-11 11:22:56,1803,M,9ND3W,97GL21 ,99448,Nor,  ,,FR,S,GSC
2025-12-01 00:00:00,782951104394,28,DW,12,C,01,281,ROMAN DE J CAMBRANIS          ,1D,ACTIVO,74LU36 ,1,F121,07JL,38048,184,0,0,0,23,E23,18,,,,1,9BBTM,2025-12-18 17:01:00,2025-12-18 08:57:42,2801,M,GAE2M,74LU36 ,99184,Nor,  ,,FR,S,GSC
2025-12-01 00:00:00,782970403751,28,DW,12,C,01,281,JAVIER MIRANDA RODRIGUEZ      ,1D,ACTIVO,L834K7 ,1,F121,96F5,66620,721,0,0,0,23,E23,18,,,,1,9BBTM,2025-12-18 16:58:00,2025-12-18 11:25:13,2801,M,GAE2M,L834K7 ,99721,Nor,  ,,FR,S,GSC
2025-12-01 00:00:00,782970504271,28,DW,12,C,01,281,DULCE MA MONTALVO HOIL        ,1D,ACTIVO,N899GB ,2,F622,18LM,47251,708,0,0,0,23,E23,18,,,,1,9BBTM,2025-12-18 16:58:00,2025-12-18 08:08:47,2801,M,GAE2M,N899GB ,58182,Nor,  ,,FR,S,GSC
2025-12-01 00:00:00,783010400982,66,DW,12,D,01,620,MUNICIPIO DE BENITO JUAREZ    ,5A,ACTIVO,8BDK03 ,2,F623,25P2,851,400,0,0,0,23,E23,18,,,,1,9BBTM,2025-12-08 09:36:00,2025-12-09 07:05:26,6601,L,9NCX1,8BDK03 ,0,Nor,59,DISPLAY APAGADO,59,S,GSC
2025-12-01 00:00:00,783030202214,30,DW,12,D,01,301,GONZALEZ DZUL ALEJANDRO       ,1D,ACTIVO,4B73J1 ,1,F121,03GG,66164,299,0,0,0,0,,18,,,,1,9BBTM,2025-12-19 16:00:00,2025-12-19 13:03:53,3002,M,GAM5M,4B73J1 ,0,Nor,61,MANECILLAS DESCA,61,S,GSC
2025-12-01 00:00:00,783030202991,30,DW,12,D,01,301,JIMENEZ GONZALEZ DANIEL       ,1D,ACTIVO,4B31J8 ,1,F121,03GG,39075,311,0,0,0,23,E23,18,,,,1,9BBTM,2025-12-19 15:14:00,2025-12-19 13:06:57,3002,M,GAM5M,4B31J8 ,23722,Nor,  ,,FR,S,GSC
2025-12-01 00:00:00,783051201366,72,DW,12,D,01,720,LA IGLESIA DE JESUCRISTO DE LO,67,ACTIVO,2EFC74 ,3,VL28,25NJ,1,80,0,0,0,23,E23,18,,,,1,9BBTM,2025-12-17 06:43:00,2025-12-17 11:08:48,7201,L,9NCX1,2EFC74 ,33,Opt,  ,,,,GSC
2025-12-01 00:00:00,783080806943,20,DW,12,D,01,203,VERONICA VALERIO ELVIRA       ,1D,ACTIVO,33D7J7 ,2,F421,08KF,20383,97,0,0,0,23,E23,18,,,,1,9BBTM,2025-12-16 13:12:00,2025-12-12 10:35:02,2004,M,GAALN,33D7J7 ,10097,Nor,  ,,FR,S,GSC
2025-12-01 00:00:00,783100403743,20,DW,12,D,01,201,PROMOTORA SADASI SA DE CV     ,1D,ACTIVO,02M1R6 ,2,F62H,09KN,16515,152,0,0,0,23,E23,2,,,,1,9BBTM,2025-12-16 13:17:00,,,,,,,,,,,,GSC
2025-12-01 00:00:00,783101002483,32,DW,12,D,01,323,VELASCO ESCOBEDO RAFAEL       ,02,ACTIVO,8X70M5 ,2,F621,04F3,20387,514,0,0,0,23,E23,18,,,,1,9BBTM,2025-12-24 11:08:00,2025-12-22 08:33:16,3202,M,9ND6M,8X70M5 ,0,Nor,60,MEDID NO TRABAJA,60,S,GSC
2025-12-01 00:00:00,783141004781,10,DW,12,D,02,102,PINO MENA RAFAEL ANGEL        ,1B,ACTIVO,434H5A ,1,F122,13LN,18491,233,0,0,0,23,E23,18,,,,1,9BBTM,2025-12-09 13:06:00,2025-12-05 10:02:52,1027,M,9ND6M,434H5A ,0,Nor,53,UI SERV DIRECTO,53,S,GSC
2025-12-01 00:00:00,783141210046,34,DW,12,D,01,349,BUSTILLO PRECIADO ESTHER      ,1D,ACTIVO,03MH33 ,2,F421,07GH,28188,713,0,0,0,23,E23,18,,,,1,9BBTM,2025-12-23 13:38:00,2025-12-23 07:25:34,3406,L,9NCX4,03MH33 ,10713,Nor,  ,,FR,S,GSC
2025-12-01 00:00:00,783141210704,24,DW,12,D,04,241,PECH CAAMAL ROQUE             ,1D,ACTIVO,14N65N ,2,F62H,10KN,17431,755,0,0,0,23,E23,18,,,,1,9BBTM,2025-12-18 09:39:00,2025-12-16 08:05:04,2427,M,GAALN,14N65N ,94746,Nor,  ,,FR,S,GSC
2025-12-01 00:00:00,783170102988,26,DW,12,D,01,260,GONZALEZ CHE MIGUEL EZEQUIEL  ,1D,ACTIVO,YH732M ,2,F623,21NU,11732,17,0,0,0,23,E23,18,,,,1,9BBTM,2025-12-19 14:27:00,2025-12-17 11:14:28,2601,M,GAE2M,YH732M ,0,Nor,56,NO HAY MEDIDOR,56,S,GSC
2025-12-01 00:00:00,783180600315,32,DW,12,D,01,329,TEJERO FERNANDEZ MARIA ISABEL ,1D,CORTADO,K906HV ,1,F122,17LN,31052,1516,0,0,0,23,E23,18,,,,1,9BBTM,2025-12-24 11:11:00,2025-12-22 08:22:44,3205,M,9NCX1,K906HV ,0,Opt,32,UI DERIVACION,32,S,GSC
2025-12-01 00:00:00,783181001512,40,DW,12,D,01,403,CRUZ RODRIGUEZ CECILIO ALFONSO,1D,CORTADO,CVH674 ,2,F623,22NU,9255,484,0,0,0,23,E23,18,,,,1,9BBTM,2025-12-29 08:54:00,2025-12-29 12:33:58,4001,M,GATJM,CVH674 ,0,Opt,32,UI DERIVACION,32,S,GSC
2025-12-01 00:00:00,783181208770,34,DW,12,D,01,342,IUIT PERERA CARLOS A          ,1D,ACTIVO,T431UJ ,2,F622,18LM,28981,670,0,0,0,23,E23,18,,,,1,9BBTM,2025-12-23 13:37:00,2025-12-23 11:12:08,3403,L,GAE2M,T431UJ ,0,Nor,60,MEDID NO TRABAJA,60,S,GSC
2025-12-01 00:00:00,783190706944,26,DW,12,D,01,263,RAMOS DAVILA OSCAR            ,1D,ACTIVO,W023KU ,2,F622,19LM,7258,662,0,0,0,23,E23,18,,,,1,9BBTM,2025-12-19 14:30:00,2025-12-17 11:43:42,2602,M,GA4HN,W023KU ,93404,Nor,  ,,FR,S,GSC
2025-12-01 00:00:00,783190904151,06,DW,12,D,01,060,NICOLAS MIRAMON MARIA DE JESUS,1D,ACTIVO,Y275BN ,2,F623,19NU,17650,536,0,0,0,23,E23,18,,,,1,9BBTM,2025-12-05 09:37:00,2025-12-03 14:42:01,0601,M,9NCX3,Y275BN ,0,Nor,5X,RUTA INCOMPLETA,,,GSC
2025-12-01 00:00:00,783191200238,10,DW,12,D,02,102,COHUO DIAZ EUGENIA            ,1B,ACTIVO,V841VX ,1,F122,19LN,7273,562,0,0,0,951,LECT NEGATIVA,18,,,,1,9BBTM,2025-12-09 12:04:00,2025-12-05 08:23:17,1027,M,9ND6M,V841VX ,99935,Opt,  ,,,,GSC
2025-12-01 00:00:00,783200702632,08,DW,12,D,02,081,CHAPELA UICAB LETICIA AREDNIRE,1B,ACTIVO,DV708U ,2,F623,19NU,49658,5962,0,0,0,23,E23,18,,,,1,9BBTM,2025-12-05 15:14:00,2025-12-04 11:05:13,0827,M,9ND6M,DV708U ,10394,Opt,  ,,,,GSC
2025-12-01 00:00:00,783211003477,40,DW,12,D,01,403,TORRES TORRES MIGUEL AGUSTIN  ,1D,CORTADO,410X5H ,2,F622,14LM,17184,1005,0,0,0,23,E23,18,,,,1,9BBTM,2025-12-29 08:53:00,2025-12-29 07:48:26,4001,M,GATJM,410X5H ,0,Opt,32,UI DERIVACION,32,S,GSC
2025-12-01 00:00:00,783220701497,22,DW,12,C,01,220,TEC CEME JORGE LUIS           ,1D,ACTIVO,YC118L ,2,F623,21NU,13962,542,0,0,0,23,E23,18,,,,1,9BBTM,2025-12-15 10:18:00,2025-12-15 21:27:14,2201,L,9ND3W,YC118L ,0,Nor,5X,RUTA INCOMPLETA,,,GSC
2025-12-01 00:00:00,783250702706,12,DW,12,D,01,121,PEREZ TEJEDA JOB              ,1B,ACTIVO,0AAM40 ,2,F623,25NY,678,67,0,0,0,23,E23,2,,,,1,9BBTM,2025-12-10 14:57:00,,,,,,,,,,,,GSC
2025-12-01 00:00:00,783250706574,04,DW,12,C,01,041,CHE CUPUL MARGARITA           ,1D,ACTIVO,9DVR55 ,2,F623,25NY,595,595,0,0,0,23,E23,2,,,,1,9BBTM,2025-12-04 09:42:00,,,,,,,,,,,,GSC
2025-12-01 00:00:00,788960900339,66,DW,03,D,16,963,MARTIN DUARTE ESCALANTE       ,9M,ACTIVO,MV654K ,2,KL28,20KE,160,10,0,0,0,23,E23,18,,,,1,9ND2R,2025-12-09 18:29:00,2025-12-09 09:04:50,6601,L,GA8NN,MV654K ,0,Nor,53,UI SERV DIRECTO,53,S,GSC
2025-12-01 00:00:00,789100605654,18,DW,04,B,23,183,DZIB CAMARA ADRIANA CRISTIN   ,1F,ACTIVO,48M3P9 ,2,F62H,09KN,19262,149,0,0,0,23,E23,18,,,,1,9MCF6,2025-12-11 13:01:00,2025-12-11 12:19:55,1801,M,GAGCM,48M3P9 ,7157,Nor,  ,,FR,S,GSC
2025-12-01 00:00:00,789880303425,06,DW,04,B,23,064,RAUL OSWALDO GUERRERO GARCIA  ,1C,ACTIVO,055MDJ ,2,F62J,15MT,31908,600,0,0,0,0,,18,,,,1,9MCF6,2025-12-03 10:06:00,2025-12-03 09:23:05,0651,R,9BBCM,055MDJ ,0,Nor,64,P. INFRARROJO/MED. D,FR,S,GSC
2025-12-01 00:00:00,790040100653,22,DW,04,C,12,201,EUNA ESTRELLA JOSEFINA        ,1F,ACTIVO,3B30X1 ,1,F121,03GG,16013,3,0,0,0,23,E23,18,,,,1,9MCF6,2025-12-15 15:38:00,2025-12-15 13:40:14,2227,M,GAGBM,3B30X1 ,99003,Nor,  ,,FR,S,GSC
2025-12-01 00:00:00,790051200072,68,DW,04,C,58,067,LA ESPERANZA DE KESTE SPR DERI,9M,ACTIVO,GEL553 ,3,KL28,22NJ,19822,0,0,0,0,23,E23,18,,,,1,9MCF6,2025-12-11 14:48:00,2025-12-11 11:43:14,6801,L,9EMLW,GEL553 ,51112,Nor,  ,,FR,S,GSC
2025-12-01 00:00:00,790070800242,16,DW,04,C,35,161,POOL CAMARA HORTENCIA         ,1F,ACTIVO,78GL56 ,1,F121,07JL,19936,249,0,0,0,23,E23,18,,,,1,9MCF6,2025-12-10 15:18:00,2025-12-10 08:20:32,1626,L,9EMLY,78GL56 ,1249,Nor,  ,,FR,S,GSC
2025-12-01 00:00:00,790101000941,10,DW,04,C,32,124,HERNANDEZ CONTRERAS JOSE CANDE,1F,ACTIVO,0L688Y ,1,F121,05JF,33812,485,0,0,0,23,E23,18,,,,1,9MCF6,2025-12-05 16:24:00,2025-12-02 11:08:15,0426,L,9BBKD,0L688Y ,1435,Nor,  ,,FR,S,GSC
2025-12-01 00:00:00,790810400057,06,DW,04,C,56,001,ABELDANO VALDOVINOS LEODEGARIA,1F,ACTIVO,PHW957 ,1,F123,24NX,0,0,0,0,0,23,E23,18,,,,1,9MCF6,2025-12-03 12:00:00,2025-12-04 22:25:23,0651,R,9EMLW,LF840W ,553,Nor,  ,,,,GSC
2025-12-01 00:00:00,790880400020,06,DW,04,C,50,001,COOL CALAN HUMBERTO           ,1F,ACTIVO,71YD87 ,1,F121,08JL,19902,247,0,0,0,23,E23,18,,,,1,9MCF6,2025-12-03 09:41:00,2025-12-03 08:12:31,0628,L,9EMLY,71YD87 ,1247,Nor,  ,,FR,S,GSC
2025-12-01 00:00:00,791001256391,36,DW,04,D,48,001,CASTALIA MOGUEL LOPEZ         ,1F,ACTIVO,1VF226 ,1,F121,00GG,9056,0,0,0,0,23,E23,18,,,,1,9MCF6,2025-12-26 16:30:00,2025-12-26 08:29:28,3627,L,GA8WN,1VF226 ,1000,Nor,  ,,,,GSC
2025-12-01 00:00:00,791041001205,38,DW,04,D,47,002,MARCELINA CHAN FERNANDEZ      ,1F,ACTIVO,8B891D ,1,F121,04GG,46220,625,0,0,0,0,,18,,,,1,9MCF6,2025-12-26 10:32:00,2025-12-26 18:39:42,3828,L,GA0WN,8B891D ,1285,Nor,  ,,FR,S,GSC
2025-12-01 00:00:00,791200500021,26,DW,04,D,51,002,CHI MOO MANUELITA DE J        ,02,ACTIVO,YB134T ,2,F623,21NU,1215,40,0,0,0,23,E23,18,,,,1,9MCF6,2025-12-17 15:47:00,2025-12-17 13:31:47,2628,L,R9420,YB134T ,98825,Nor,44,NUM MEDID DESIGU,44,S,GSC
2025-12-01 00:00:00,791820200397,36,DW,04,D,48,001,LEONARDO MOO NAAL             ,1F,ACTIVO,M45B13 ,1,F121,93F5,61606,134,0,0,0,23,E23,18,,,,1,9MCF6,2025-12-26 00:00:00,2025-12-26 14:44:51,3627,L,GA8WN,M45B13 ,76744,Nor,  ,,FR,S,GSC
2025-12-01 00:00:00,791841100180,40,DW,04,D,47,004,FERRAEZ OSORIO FERNANDO ANTONI,1F,ACTIVO,H7C030 ,1,F121,88F5,25855,107,0,0,0,23,E23,18,,,,1,9MCF6,2025-12-29 13:14:00,2025-12-29 09:19:12,4027,L,GA0WN,H7C030 ,1107,Nor,  ,,,,GSC
2025-12-01 00:00:00,792070100995,03,DW,04,E,52,032,CONGREGACION EBENEZER         ,02,ACTIVO,81BH82 ,1,F121,06JL,8555,62,0,0,0,23,E23,18,,,,1,9MCF6,2025-12-30 11:05:00,,,,,,,,,,,,GSC
2025-12-01 00:00:00,792070101118,03,DW,04,E,52,032,PACIANO NOH QUEB              ,1F,ACTIVO,81BH83 ,1,F121,06JL,18778,16,0,0,0,23,E23,18,,,,1,9MCF6,2025-12-30 12:04:00,,,,,,,,,,,,GSC
2025-12-01 00:00:00,793090801171,18,DW,04,F,Z2,181,ORDONEL TORRES SANTOS         ,1F,ACTIVO,85JY64 ,1,F121,07JL,12795,505,0,0,0,23,E23,18,,,,1,9MCF6,2025-12-11 15:00:00,2025-12-11 12:55:40,1827,L,9ND76,85JY64 ,1477,Nor,  ,,,,GSC
2025-12-01 00:00:00,793110400195,06,DW,04,F,12,061,REYES CRUZ GUADALUPE DEL CARME,1F,ACTIVO,108UA7 ,1,F122,12LH,293,4,0,0,0,23,E23,18,,,,1,9MCF6,2025-12-03 15:51:00,2025-12-03 09:44:03,0602,L,9ND76,108UA7 ,2099,Nor,  ,,LM,S,GSC
2025-12-01 00:00:00,793141000314,30,DW,04,F,12,304,MEX MUNOZ MARIA LIBRADA       ,1F,ACTIVO,528JHT ,2,F622,15LM,9240,438,0,0,0,0,,18,,,,1,9MCF6,2025-12-19 14:52:00,2025-12-19 09:34:14,3027,L,9JRAL,528JHT ,0,Nor,59,DISPLAY APAGADO,59,S,GSC
2025-12-01 00:00:00,793250801530,73,DW,04,F,12,731,SECRETARIA DE LA DEFENSA NACIO,67,ACTIVO,GFP532 ,3,VL28,22NJ,20,1280,0,0,0,23,E23,18,,,,1,9MCF6,2025-12-18 14:56:00,2025-12-18 09:23:10,7303,L,R9655,GFP532 ,9527,Opt,  ,,,,GSC
2025-12-01 00:00:00,793940101182,36,DW,04,F,67,361,MONTEJO PEREGRINO             ,1F,ACTIVO,79YD18 ,1,F121,08JL,27837,415,0,0,0,23,E23,18,,,,1,9MCF6,2025-12-26 14:42:00,2025-12-26 09:28:54,3627,L,R9655,79YD18 ,1315,Nor,  ,,FR,S,GSC
2025-12-01 00:00:00,793950400641,10,DW,04,F,30,001,RAMIREZ LANDA ALICIA          ,1F,ACTIVO,A592B7 ,1,F121,94F5,23444,0,0,0,0,23,E23,18,,,,1,9MCF6,2025-12-05 15:59:00,2025-12-05 10:17:40,1028,L,R9655,A592B7 ,3999,Nor,  ,,FR,S,GSC
2025-12-01 00:00:00,793960401000,08,DW,04,F,18,081,MAY CHAN CANDELARIA           ,1F,ACTIVO,UW881L ,1,F623,21NY,1035,1035,0,0,0,23,E23,18,,,,1,9MCF6,2025-12-04 15:00:00,2025-12-03 08:50:10,0602,L,9ND76,UW881L ,3876,Opt,  ,,,,GSC
2025-12-01 00:00:00,795050400690,10,DW,05,A,01,285,MERCEDES HERNANDEZ C          ,1F,CORTADO,6X16V0 ,1,F121,04GG,20970,840,0,0,0,23,E23,18,,,,1,9ND2K,2025-12-08 12:54:00,2025-12-05 08:16:49,1004,M,9JRBH,6X16V0 ,98840,Nor,  ,,FR,S,GSC
2025-12-01 00:00:00,795060505007,26,DW,05,A,01,196,CORDERO VADILLO MAGALY DIANEY ,1F,ACTIVO,0X593M ,1,F121,06JL,98508,648,0,0,0,23,E23,18,,,,1,9ND2K,2025-12-19 13:27:00,2025-12-17 08:05:36,2603,M,9JRBH,0X593M ,1648,Nor,  ,,FR,S,GSC
2025-12-01 00:00:00,795070404144,08,DW,05,A,01,082,TECNICO ISTMENO SA DE CV      ,02,ACTIVO,99PV53 ,3,FD21,07F4,34071,171,0,0,0,23,E23,18,,,,1,9ND2K,2025-12-04 14:22:00,2025-12-04 11:00:55,0802,M,9NCUF,99PV53 ,99173,Nor,  ,,FR,S,GSC
2025-12-01 00:00:00,795070602469,26,DW,05,A,01,261,GARCIA LOPEZ EDILBERTO        ,1F,CORTADO,49FA19 ,1,F121,07JL,32179,0,0,0,0,23,E23,18,,,,1,9ND2K,2025-12-19 14:23:00,2025-12-17 07:08:38,2604,M,9NCUF,49FA19 ,1000,Nor,  ,,,,GSC
2025-12-01 00:00:00,795071104217,08,DW,05,A,01,085,VERDEJO MORALES MARIA DEL C   ,1F,ACTIVO,02C2J6 ,2,F621,08KG,11903,0,0,0,0,23,E23,18,,,,1,9ND2K,2025-12-04 14:21:00,2025-12-04 09:26:44,0803,M,9ND51,02C2J6 ,7100,Nor,  ,,FR,S,GSC
2025-12-01 00:00:00,795121102873,02,DW,05,A,01,207,MENDEZ LOPEZ GUILLERMO        ,1F,ACTIVO,913UA6 ,1,F122,12LH,7751,10,0,0,0,23,E23,18,,,,1,9ND2K,2025-12-03 14:38:00,2025-12-01 20:40:27,0251,R,9NCUF,913UA6 ,92259,Opt,  ,,,,GSC
2025-12-01 00:00:00,795161005099,64,DW,05,A,01,960,H ATUNTAMIENTO DEL CARMEN     ,06,ACTIVO,CKV462 ,2,VL28,22NJ,317,1540,0,0,0,23,E23,18,,,,1,9ND2K,2025-12-08 17:39:00,2025-12-05 10:19:11,6401,L,G81DP,CKV462 ,11,Nor,  ,,LM,S,GSC
2025-12-01 00:00:00,795231201958,06,DW,05,A,01,061,TERAN FLORES FERNANDO         ,1F,ACTIVO,DPX702 ,2,F623,22NU,14900,94,0,0,0,23,E23,18,,,,1,9ND2K,2025-12-03 19:37:00,2025-12-03 09:30:46,0601,M,9ND4D,DPX702 ,5115,Nor,44,NUM MEDID DESIGU,44,S,GSC
2025-12-01 00:00:00,795251000932,02,DW,05,A,01,205,HERNANDEZ ZAMUDIO DARIO       ,1F,ACTIVO,0BCT89 ,2,F623,25P2,441,441,0,0,0,23,E23,18,,,,1,9ND2K,2025-12-03 16:15:00,2025-12-01 22:41:42,0251,R,9NCUF,0BCT89 ,0,Nor,51,NO ENCONTRE DOMI,,,GSC
2025-12-01 00:00:00,795861200101,06,DW,05,A,01,062,MORENO LAINES FRANCISCO       ,1F,ACTIVO,00EV77 ,1,F121,07JL,70447,897,0,0,0,23,E23,18,,,,1,9ND2K,2025-12-03 18:20:00,2025-12-03 08:30:25,0602,M,9JRBH,00EV77 ,90900,Nor,  ,,FR,S,GSC
2025-12-01 00:00:00,795890400852,38,DW,05,A,01,381,ING JAVIER ARGUELLES Z        ,1F,ACTIVO,B463F1 ,2,F621,94F3,26299,325,0,0,0,23,E23,18,,,,1,9ND2K,2025-12-29 14:22:00,2025-12-26 08:39:08,3801,M,9NCU9,B463F1 ,99325,Nor,  ,,FR,S,GSC
2025-12-01 00:00:00,783251008561,34,DW,12,A,05,342,TORRES BERUMEN MA  EUGENIA    ,1D,ACTIVO,2BCP52 ,2,F623,25P2,985,985,0,0,0,23,E23,18,,,,1,9BBTM,2025-12-23 15:25:00,2025-12-24 08:08:45,3451,R,GAFHM,2BCP52 ,0,Nor,51,NO ENCONTRE DOMI,,,GSC
2025-12-01 00:00:00,785960900470,30,DW,03,A,09,302,REBECA MONTALVO DE P          ,1B,ACTIVO,2DAV12 ,1,F123,25NX,0,80,0,0,0,951,LECT NEGATIVA,18,,,,1,9ND2R,2025-12-22 08:36:00,2025-12-19 11:26:13,3028,L,G92BB,2DAV12 ,99921,Opt,  ,,,,GSC
2025-12-01 00:00:00,785980400511,64,DW,03,A,02,641,GRUPO GANADERO GARYS SPR DE RL,02,ACTIVO,PT121X ,1,KL28,21KE,41951,1092,0,0,0,23,E23,18,,,,1,9ND2R,2025-12-05 11:02:00,2025-12-05 11:19:14,6403,L,9MCH1,PT121X ,0,Nor,59,DISPLAY APAGADO,59,S,GSC
2025-12-01 00:00:00,785980800218,22,DW,03,A,01,002,LENY TZACUN NOVELO            ,1B,ACTIVO,7DW127 ,1,F121,98GG,68105,439,0,0,0,23,E23,18,,,,1,9ND2R,2025-12-15 14:25:00,2025-12-15 11:31:42,2201,M,GAPQM,7DW127 ,32339,Nor,  ,,FR,S,GSC
2025-12-01 00:00:00,785980900492,36,DW,03,A,01,360,SANTAMARIA CARRILLO JULIO C   ,1B,ACTIVO,PBD646 ,1,F123,24NX,11,11,0,0,0,23,E23,18,,,,1,9ND2R,2025-12-26 09:24:00,2025-12-26 11:00:30,3603,L,GAPQM,DXJ090 ,234,Opt,  ,,,,GSC
2025-12-01 00:00:00,786000955667,64,DW,03,B,32,004,UNIDAD XQUETPABIL             ,9M,CORTADO,RA819X ,3,VL28,21KE,4822,0,0,0,0,23,E23,18,,,,1,9ND2R,2025-12-05 12:08:00,2025-12-05 09:38:35,6403,L,GAPRM,RA819X ,0,Nor,60,MEDID NO TRABAJA,60,S,GSC
2025-12-01 00:00:00,786040200316,26,DW,03,B,31,267,CHAN CHAN ERIC                ,1C,ACTIVO,6H99T1 ,1,F121,03GG,20531,533,0,0,0,23,E23,18,,,,1,9ND2R,2025-12-17 12:39:00,2025-12-17 11:27:31,2626,L,GA8NN,6H99T1 ,11533,Nor,  ,,FR,S,GSC
2025-12-01 00:00:00,786080800359,65,DW,03,B,16,651,UNIDAD AGRICOLA ACTUN CHAC 11 ,09,CORTADO,PY749F ,3,KL28,21KE,83976,2600,0,0,0,23,E23,18,,,,1,9ND2R,2025-12-08 10:20:00,2025-12-08 12:45:23,6501,L,9ND4A,PY749F ,0,Nor,60,MEDID NO TRABAJA,60,S,GSC
2025-12-01 00:00:00,786140301152,65,DW,03,B,20,651,MUNICIPIO DE MAYAPAN          ,02,ACTIVO,764B4X ,2,F622,13LM,60558,305,0,0,0,23,E23,18,,,,1,9ND2R,2025-12-08 10:22:00,2025-12-08 12:06:56,6502,L,GAPQM,764B4X ,0,Nor,53,UI SERV DIRECTO,53,S,GSC
2025-12-01 00:00:00,786220400194,40,DW,03,B,14,401,POOT COBOS YAMILY GUADALUPE   ,1D,ACTIVO,0BCD76 ,2,F623,25P2,100,100,0,0,0,23,E23,18,,,,1,9ND2R,2025-12-29 10:10:00,2025-12-29 14:16:13,4001,L,9ND4A,0BCD76 ,100,Nor,  ,,,,GSC
2025-12-01 00:00:00,786240101240,24,DW,03,B,23,241,CACERES BAEZA OLGA MARIA      ,1C,ACTIVO,JAP731 ,2,F623,23NU,2590,76,0,0,0,951,LECT NEGATIVA,18,,,,1,9ND2R,2025-12-17 10:52:00,2025-12-16 12:24:15,2429,L,R9855,JAP731 ,99791,Opt,  ,,,,GSC
2025-12-01 00:00:00,786750400730,18,DW,03,B,18,180,BARBACIANA CERVANTES          ,1B,ACTIVO,G1482V ,1,W111,75C0,7092,0,0,0,0,23,E23,18,,,,1,9ND2R,2025-12-11 12:18:00,2025-12-11 12:56:49,1828,L,R9855,G1482V ,3319,Nor,  ,,LN,S,GSC
2025-12-01 00:00:00,786750408684,32,DW,03,B,23,321,CHABLE CAAMAL EDELMIRA        ,1C,ACTIVO,DT0622 ,1,F121,81EG,963,142,0,0,0,23,E23,18,,,,1,9ND2R,2025-12-22 18:13:00,2025-12-22 12:31:11,3227,L,R9855,DT0622 ,1142,Nor,  ,,FR,S,GSC
2025-12-01 00:00:00,786831000337,32,DW,03,B,14,320,JOSE A ALONSO RUIZ            ,1D,ACTIVO,HF3948 ,2,F121,82EG,4528,0,0,0,0,23,E23,18,,,,1,9ND2R,2025-12-22 12:31:00,2025-12-23 10:29:54,3202,L,GA8NN,HF3950 ,868,Nor,31,SERVICIO SIN USO,LN,S,GSC
2025-12-01 00:00:00,786891200416,34,DW,03,B,23,341,TUYUB ADELAIDA                ,1C,CORTADO,Y321R1 ,1,F121,97F5,19741,0,0,0,0,23,E23,18,,,,1,9ND2R,2025-12-23 14:42:00,2025-12-23 10:51:57,3427,L,R9855,Y321R1 ,9772,Nor,  ,,FR,S,GSC
2025-12-01 00:00:00,786910100045,14,DW,03,B,18,142,JORGE A CAAMAL COLLI          ,1B,ACTIVO,R3X404 ,1,F121,90F5,39388,280,0,0,0,23,E23,18,,,,1,9ND2R,2025-12-09 18:48:00,2025-12-09 10:20:14,1427,L,GAPQM,R3X404 ,1282,Nor,  ,,FR,S,GSC
2025-12-01 00:00:00,786920800533,34,DW,03,B,23,341,PUC PAT MARIA CRISTINA        ,1C,ACTIVO,G65Y47 ,1,F121,92F5,48090,0,0,0,0,23,E23,18,,,,1,9ND2R,2025-12-23 14:43:00,2025-12-23 09:23:20,3427,L,R9855,G65Y47 ,702,Nor,  ,,FR,S,GSC
2025-12-01 00:00:00,786930900081,28,DW,03,B,24,283,CENTRO DE ABASTO POPULAR      ,1B,ACTIVO,N31E24 ,1,F121,93F5,18632,490,0,0,0,23,E23,18,,,,1,9ND2R,2025-12-18 18:41:00,2025-12-18 10:01:06,2827,L,R9855,N31E24 ,30490,Nor,  ,,FR,S,GSC
2025-12-01 00:00:00,786970601035,24,DW,03,B,23,241,DONATO MAGA A                 ,1C,CORTADO,U202E5 ,1,F121,97F5,69773,300,0,0,0,23,E23,18,,,,1,9ND2R,2025-12-16 12:08:00,2025-12-16 15:01:49,2429,L,R9855,U202E5 ,872,Nor,  ,,FR,S,GSC
2025-12-01 00:00:00,795090102225,10,DW,05,A,01,285,ALVARADO MARTIN GLORIA ROCIO  ,1F,ACTIVO,26A2C9 ,1,F121,08JL,19767,2,0,0,0,23,E23,18,,,,1,9ND2K,2025-12-08 12:54:00,2025-12-05 07:45:38,1004,M,9JRBH,26A2C9 ,10002,Nor,  ,,FR,S,GSC
2025-12-01 00:00:00,790020500132,16,DW,04,C,35,161,CANEPA CETINA MARTIN RAUL     ,1F,ACTIVO,6A97V0 ,1,F121,02GG,75812,409,0,0,0,23,E23,18,,,,1,9MCF6,2025-12-10 14:51:00,2025-12-10 13:01:18,1626,L,9EMLY,6A97V0 ,10299,Nor,  ,,FR,S,GSC
2025-12-01 00:00:00,790060501221,20,DW,04,C,58,202,GARRIDO CARRILLO MANUEL       ,1F,ACTIVO,5P530M ,1,F121,06JL,28904,393,0,0,0,23,E23,18,,,,1,9MCF6,2025-12-12 15:03:00,2025-12-12 10:39:15,2027,M,R9658,5P530M ,11739,Nor,  ,,FR,S,GSC
2025-12-01 00:00:00,790820600763,14,DW,04,C,35,143,LORENZO GARCIA CANTUN         ,1F,ACTIVO,PBN115 ,1,F123,24NX,8230,1464,0,0,0,23,E23,18,,,,1,9MCF6,2025-12-09 14:28:00,2025-12-09 14:41:58,1426,L,9EMLY,PBN115 ,9616,Opt,  ,,,,GSC
2025-12-01 00:00:00,790870900059,08,DW,04,C,32,081,GONGORA SALAZAR MARIO         ,1F,ACTIVO,2BDA12 ,2,F623,25P2,0,0,0,0,0,23,E23,18,,,,1,9MCF6,2025-12-05 11:35:00,2025-12-08 09:07:30,0851,R,9EMLY,19G2F4 ,396,Nor,  ,,,,GSC
2025-12-01 00:00:00,791031200153,38,DW,04,D,47,002,RAMON SAENZ VAZQUEZ           ,1F,ACTIVO,2U185C ,1,F421,06GH,50608,451,0,0,0,0,,18,,,,1,9MCF6,2025-12-26 10:32:00,2025-12-27 08:09:07,3828,L,GA0WN,2U185C ,10451,Nor,  ,,FR,S,GSC
2025-12-01 00:00:00,791060600136,34,DW,04,D,48,010,UC COUOH MARIA CECILIA        ,1F,ACTIVO,4C587W ,2,F621,05F3,99717,526,0,0,0,23,E23,18,,,,1,9MCF6,2025-12-23 09:21:00,2025-12-23 09:18:53,3426,L,GA0WN,4C587W ,10526,Nor,  ,,FR,S,GSC
2025-12-01 00:00:00,791130500835,06,DW,04,D,55,061,GIL VERA JOSE MARIA           ,1F,ACTIVO,AUB401 ,1,F123,22NX,7015,202,0,0,0,0,,18,,,,1,9MCF6,2025-12-03 10:50:00,2025-12-03 18:38:02,0626,L,GA8WN,AUB401 ,94201,Nor,  ,,FR,S,GSC
2025-12-01 00:00:00,791131000623,28,DW,04,D,49,281,KEB JIMENEZ PEDRO MANUEL      ,1F,ACTIVO,37DH17 ,1,F121,06JL,18224,151,0,0,0,23,E23,18,,,,1,9MCF6,2025-12-18 15:13:00,2025-12-18 10:50:12,2826,L,9MC6K,37DH17 ,20151,Nor,  ,,FR,S,GSC
2025-12-01 00:00:00,791750325111,38,DW,04,D,49,383,LIGIA MINELIA HUICAB NAH      ,1F,ACTIVO,M46B66 ,1,F121,93F5,65656,617,0,0,0,0,,18,,,,1,9MCF6,2025-12-26 10:33:00,2025-12-26 10:11:25,3826,L,9MCJH,M46B66 ,10617,Nor,  ,,FR,S,GSC
2025-12-01 00:00:00,791930800331,38,DW,04,D,49,383,CANCHE CHI WILBERTH FELIPE    ,1F,ACTIVO,M53B31 ,1,F121,93F5,37825,1261,0,0,0,0,,18,,,,1,9MCF6,2025-12-26 10:34:00,2025-12-26 11:04:06,3826,L,9MCJH,M53B31 ,11261,Nor,  ,,FR,S,GSC
2025-12-01 00:00:00,791960200443,26,DW,04,D,49,261,JUAN DE D MUKUL AYIL          ,1F,ACTIVO,A688B9 ,1,F121,94F5,29874,1477,0,0,0,951,LECT NEGATIVA,18,,,,1,9MCF6,2025-12-18 15:39:00,2025-12-17 09:58:11,2626,L,9MC6K,A688B9 ,99266,Nor,  ,,FR,S,GSC
2025-12-01 00:00:00,793071201252,34,DW,04,F,39,342,CRUZ CRUZ ELISEO              ,1F,ACTIVO,97JY12 ,1,F121,07JL,47442,465,0,0,0,23,E23,18,,,,1,9MCF6,2025-12-23 13:32:00,2025-12-23 08:19:56,3426,L,R9655,97JY12 ,94465,Nor,  ,,FR,S,GSC
2025-12-01 00:00:00,793110100639,06,DW,04,F,12,063,PACHECO MAGANA NELLY PAOLA    ,02,ACTIVO,90L5W6 ,1,F12H,09KU,47099,823,0,0,0,23,E23,18,,,,1,9MCF6,2025-12-03 15:51:00,2025-12-03 09:36:46,0603,M,R9655,90L5W6 ,70809,Nor,  ,,FR,S,GSC
2025-12-01 00:00:00,793210901132,75,DW,04,F,39,752,VALENCIA VALLADARES NOEL      ,67,ACTIVO,GGD342 ,3,VL28,22NJ,54,1750,0,0,0,0,,18,,,,1,9MCF6,2025-12-22 15:57:00,2025-12-22 10:34:27,7501,L,R9655,GGD342 ,53170,Opt,  ,,,,GSC
2025-12-01 00:00:00,793240401053,30,DW,04,F,12,302,URIOSTEGUI URIOSTEGUI EDITH   ,02,ACTIVO,PCA500 ,1,F123,24NX,1571,621,0,0,0,0,,18,,,,1,9MCF6,2025-12-19 14:52:00,2025-12-19 14:10:01,3029,L,9ND76,PCA500 ,0,Nor,51,NO ENCONTRE DOMI,,,GSC
2025-12-01 00:00:00,793241100529,70,DW,04,F,22,701,SANCHEZ GUZMAN JUAN CARLOS    ,67,CORTADO,GGF651 ,3,VL28,22NJ,3935,1200,0,0,0,23,E23,18,,,,1,9MCF6,2025-12-15 15:07:00,2025-12-15 09:53:48,7001,L,R9655,GGF651 ,0,Nor,53,UI SERV DIRECTO,53,S,GSC
2025-12-01 00:00:00,793250601034,24,DW,04,F,14,242,RODRIGUEZ SOTO ELIANA         ,1F,ACTIVO,4AAD97 ,2,F623,25NY,504,436,0,0,0,23,E23,2,,,,1,9MCF6,2025-12-17 12:47:00,,,,,,,,,,,,GSC
2025-12-01 00:00:00,793980103188,20,DW,04,F,03,201,JARDIN  JUAN DE LA BARRER     ,02,ACTIVO,70VP43 ,1,F121,08JL,1159,101,0,0,0,23,E23,18,,,,1,9MCF6,2025-12-12 15:33:00,2025-12-12 11:15:59,2026,L,9ND76,70VP43 ,2892,Nor,  ,,FR,S,GSC
2025-12-01 00:00:00,795020301042,08,DW,05,A,01,082,ALEJANDRO HERNANDEZ INOCENTE  ,1F,ACTIVO,743VD7 ,2,F622,12LJ,46568,0,0,0,0,23,E23,18,,,,1,9ND2K,2025-12-05 14:36:00,2025-12-04 16:23:13,0851,R,9ND9F,743VD7 ,99000,Nor,  ,,FR,S,GSC
2025-12-01 00:00:00,795020406472,26,DW,05,A,01,196,CALDERON SOBERANIS MIRNA      ,1F,ACTIVO,5R1H60 ,1,F121,01GG,39263,0,0,0,0,23,E23,18,,,,1,9ND2K,2025-12-18 10:33:00,2025-12-17 06:51:36,2603,M,9JRBH,5R1H60 ,99987,Nor,  ,,FR,S,GSC
2025-12-01 00:00:00,795020501645,20,DW,05,A,01,203,SALAZAR MARINO DANIEL         ,1F,ACTIVO,8D24W3 ,2,F421,02GH,51003,975,0,0,0,23,E23,18,,,,1,9ND2K,2025-12-15 10:40:00,2025-12-12 09:29:16,2003,M,9NCU9,8D24W3 ,99975,Nor,  ,,FR,S,GSC
2025-12-01 00:00:00,795031004091,26,DW,05,A,01,261,KENMORE CENTENO LOPEZ         ,1F,ACTIVO,9J47V2 ,1,F121,03GG,34482,154,0,0,0,23,E23,18,,,,1,9ND2K,2025-12-18 10:33:00,2025-12-17 10:16:37,2604,M,9NCUF,9J47V2 ,90154,Nor,  ,,FR,S,GSC
2025-12-01 00:00:00,795050205153,30,DW,05,A,01,301,DIAZ ARCOS MANUEL F           ,1F,ACTIVO,4X25V9 ,1,F121,04GG,31952,79,0,0,0,23,E23,18,,,,1,9ND2K,2025-12-22 13:05:00,2025-12-19 11:26:52,3001,M,GAT8M,4X25V9 ,68300,Nor,44,NUM MEDID DESIGU,44,S,GSC
2025-12-01 00:00:00,795050801015,22,DW,05,A,01,221,MOSQUEDA GARCIA MARIA T       ,1F,ACTIVO,580TLL ,2,F622,16LM,63407,820,0,0,0,23,E23,18,,,,1,9ND2K,2025-12-16 08:16:00,2025-12-15 14:38:08,2201,M,G81DP,580TLL ,90820,Nor,  ,,FR,S,GSC
2025-12-01 00:00:00,795061100078,12,DW,05,A,01,081,CORNELIO CABALLERO LUIS       ,1F,ACTIVO,3V174W ,1,F121,06JL,22220,1,0,0,0,23,E23,18,,,,1,9ND2K,2025-12-09 11:52:00,2025-12-08 06:52:49,1201,M,9ND9F,3V174W ,5835,Nor,  ,,FR,S,GSC
2025-12-01 00:00:00,795080900760,14,DW,05,A,01,142,ALFONSO PEREZ NEREIDA DEL J   ,1F,ACTIVO,1G390G ,1,F121,05JL,42880,191,0,0,0,23,E23,18,,,,1,9ND2K,2025-12-11 13:31:00,2025-12-09 07:41:32,1402,M,9NCU9,1G390G ,1191,Nor,  ,,FR,S,GSC
2025-12-01 00:00:00,799060400430,24,DW,06,D,19,190,ITZINCAB NOH WILLIAM ALONZO   ,1B,ACTIVO,6W135V ,1,F121,06JL,14812,122,0,0,0,23,E23,18,,,,1,9BBEG,2025-12-16 12:37:00,2025-12-16 10:52:52,2426,L,9JR7J,6W135V ,99121,Nor,  ,,FR,S,GSC
2025-12-01 00:00:00,799130100706,18,DW,06,D,01,181,ANGULO ALPUCHE MANUEL JESUS   ,1B,ACTIVO,5CET44 ,2,F623,25P3,0,0,0,0,0,23,E23,18,,,,1,9BBEG,2025-12-11 13:30:00,2025-12-11 11:13:56,1801,M,GAT5M,290MBN ,379,Opt,  ,,,,GSC
2025-12-01 00:00:00,799220900361,18,DW,06,D,01,181,ZAMORA MAGALLON NORA NOEMI    ,1B,ACTIVO,NT206C ,2,F623,20NU,32962,1413,0,0,0,23,E23,18,,,,1,9BBEG,2025-12-11 13:31:00,2025-12-12 10:39:18,1801,M,GAT5M,NT206C ,70752,Nor,44,NUM MEDID DESIGU,44,S,GSC
2025-12-01 00:00:00,799230200155,36,DW,06,D,24,241,KLASSEM UNGER JACOB           ,1B,CORTADO,DRW367 ,2,F623,22NU,814,31,0,0,0,23,E23,18,,,,1,9BBEG,2025-12-26 18:14:00,2025-12-27 11:49:48,3651,R,GAT5M,DRW367 ,99248,Nor,44,NUM MEDID DESIGU,44,S,GSC
2025-12-01 00:00:00,799760100615,36,DW,06,D,25,251,PASCUAL CHAY Y QUIJANO        ,1B,ACTIVO,K6937G ,1,F121,75AM,60730,250,0,0,0,23,E23,18,,,,1,9BBEG,2025-12-26 18:14:00,2025-12-26 09:28:33,3627,L,GAT5M,K6937G ,80223,Nor,  ,,FR,S,GSC
2025-12-01 00:00:00,799790100032,24,DW,06,D,19,190,SERAFIN CASTANEDA RAMOS       ,1B,ACTIVO,1F0U12 ,1,F121,01GG,45709,367,0,0,0,23,E23,18,,,,1,9BBEG,2025-12-16 12:36:00,2025-12-16 10:11:16,2426,L,9JR7J,1F0U12 ,98531,Nor,  ,,FR,S,GSC
2025-12-01 00:00:00,799960200029,06,DW,06,D,01,060,POLICARPO AGUILAR M           ,1B,ACTIVO,313P9U ,1,F122,14LN,21685,60,0,0,0,951,LECT NEGATIVA,18,,,,1,9BBEG,2025-12-04 12:36:00,2025-12-03 10:29:15,0601,M,R9723,313P9U ,99904,Opt,  ,,,,GSC
2025-12-01 00:00:00,800010501292,70,DW,07,A,02,010,PECH CHUC JOSE MIGUEL         ,09,CORTADO,PJ827H ,3,KL28,20KE,8220,0,0,0,0,23,E23,18,,,,1,9MCJD,2025-12-15 14:27:00,2025-12-16 11:41:38,7051,R,9JRAJ,PJ827H ,28533,Nor,  ,,,,GSC
2025-12-01 00:00:00,800020200479,71,DW,07,A,57,571,VEGA JOSE DOLORES             ,9C,ACTIVO,0XL603 ,3,FD21,00F4,41734,0,0,0,0,23,E23,18,,,,1,9MCJD,2025-12-16 14:32:00,2025-12-16 12:36:54,7103,L,9MCGY,0XL603 ,58266,Nor,44,NUM MEDID DESIGU,44,S,GSC
2025-12-01 00:00:00,800020900802,12,DW,07,A,10,105,BAAS CHALE JOSE ANDREZ        ,1B,ACTIVO,9G847X ,1,F121,05JL,28328,416,0,0,0,0,,18,,,,1,9MCJD,2025-12-08 14:25:00,2025-12-08 12:54:37,1229,L,9MCAW,9G847X ,89416,Nor,  ,,FR,S,GSC
2025-12-01 00:00:00,800031203224,18,DW,07,A,05,181,CANCHE KANTUN RIGOBERTO       ,1B,ACTIVO,GCC620 ,1,F123,23NX,0,0,0,0,0,23,E23,18,,,,1,9MCJD,2025-12-11 13:53:00,2025-12-11 10:41:44,1803,L,9MCAW,2L37W9 ,108,Nor,  ,,FR,S,GSC
2025-12-01 00:00:00,800040201463,68,DW,07,A,09,001,VIVAS COSGAYA MANUEL JESUS    ,02,ACTIVO,7U500U ,3,FD21,06F4,419,0,0,0,0,23,E23,18,,,,1,9MCJD,2025-12-11 15:36:00,2025-12-11 09:58:12,6801,L,9JR0E,7U500U ,0,Nor,56,NO HAY MEDIDOR,56,S,GSC
2025-12-01 00:00:00,800041101233,20,DW,07,A,29,001,AGUAYO UUH JOSE GUADALUPE     ,1B,ACTIVO,7A804H ,1,F121,04GG,12058,80,0,0,0,23,E23,18,,,,1,9MCJD,2025-12-12 12:20:00,2025-12-12 11:03:09,2026,L,9JRAJ,7A804H ,99080,Nor,  ,,FR,S,GSC
2025-12-01 00:00:00,800050501317,20,DW,07,A,29,001,AGUAYO DZUL GEOVA MATEO       ,1B,ACTIVO,7F919N ,1,F121,05JL,30927,554,0,0,0,23,E23,18,,,,1,9MCJD,2025-12-12 12:17:00,2025-12-12 10:28:19,2026,L,9JRAJ,7F919N ,90554,Nor,  ,,FR,S,GSC
2025-12-01 00:00:00,800051100863,20,DW,07,A,29,001,CHAN PUC PAULA PATRICIA       ,1B,ACTIVO,8L260D ,1,F121,05JL,20892,0,0,0,0,23,E23,18,,,,1,9MCJD,2025-12-12 12:13:00,2025-12-12 09:07:24,2026,L,9JRAJ,8L260D ,90000,Nor,  ,,FR,S,GSC
2025-12-01 00:00:00,800060101571,18,DW,07,A,05,181,KAUIL MAZON CATALINO          ,1B,ACTIVO,GCC621 ,1,F123,23NX,0,0,0,0,0,23,E23,18,,,,1,9MCJD,2025-12-11 14:10:00,2025-12-11 11:10:46,1803,L,9MCAW,44VP81 ,309,Nor,  ,,,,GSC
2025-12-01 00:00:00,800060700415,20,DW,07,A,29,001,PUC SULU OMAR                 ,1B,ACTIVO,4V632W ,1,F121,06JL,25105,249,0,0,0,23,E23,18,,,,1,9MCJD,2025-12-12 12:11:00,2025-12-12 10:47:19,2026,L,9JRAJ,4V632W ,99249,Nor,  ,,FR,S,GSC
2025-12-01 00:00:00,800060800215,72,DW,07,A,29,001,CELESTINOS UNDA JOSE ALBERTO  ,1B,ACTIVO,9R540M ,2,F621,06F3,25569,157,0,0,0,951,LECT NEGATIVA,18,,,,1,9MCJD,2025-12-19 11:19:00,2025-12-17 08:54:43,7201,L,9MC6T,9R540M ,99882,Nor,  ,,FR,S,GSC
2025-12-01 00:00:00,800070500538,18,DW,07,A,05,181,KU PAT JOSE RICARDO           ,1B,ACTIVO,GCC631 ,1,F123,23NX,0,0,0,0,0,23,E23,18,,,,1,9MCJD,2025-12-11 13:47:00,2025-12-11 11:30:14,1803,L,9MCAW,85BP79 ,54,Nor,  ,,,,GSC
2025-12-01 00:00:00,800070600362,18,DW,07,A,05,181,UITZIL DZUL LUIS ALONSO       ,1B,ACTIVO,GCC624 ,1,F123,23NX,0,0,0,0,0,23,E23,18,,,,1,9MCJD,2025-12-11 13:58:00,2025-12-11 12:16:57,1803,L,9MCAW,1W965W ,156,Nor,  ,,,,GSC
2025-12-01 00:00:00,800071000555,12,DW,07,A,13,102,ESCAMILLA MEDINA GREISI MARTIN,02,ACTIVO,62JD55 ,1,F121,07JL,69623,595,0,0,0,0,,18,,,,1,9MCJD,2025-12-08 14:43:00,2025-12-08 09:22:14,1228,M,9MCGY,62JD55 ,10595,Nor,  ,,FR,S,GSC
2025-12-01 00:00:00,800071202425,18,DW,07,A,05,181,SANSORES RODRIGUEZ GUADALUPE A,1B,ACTIVO,PCU251 ,1,F123,24NX,0,0,0,0,0,23,E23,18,,,,1,9MCJD,2025-12-11 14:03:00,2025-12-11 12:16:38,1803,L,9MCAW,55HL37 ,15,Nor,  ,,,,GSC
2025-12-01 00:00:00,800080601146,64,DW,07,A,05,900,MEDINA ARCEO JUAN LUIS        ,9C,ACTIVO,MW078Y ,3,KL28,20KE,21887,0,0,0,0,23,E23,18,,,,1,9MCJD,2025-12-05 13:28:00,2025-12-06 09:31:55,6451,R,9MCGY,MW078Y ,96106,Opt,  ,,,,GSC
2025-12-01 00:00:00,800081100418,12,DW,07,A,10,104,QUIAM ESTRELLA TEODORO        ,1B,ACTIVO,49XR67 ,1,F121,08JL,51247,749,0,0,0,23,E23,18,,,,1,9MCJD,2025-12-10 16:54:00,2025-12-08 12:35:37,1226,L,9JR0E,49XR67 ,1498,Nor,  ,,FR,S,GSC
2025-12-01 00:00:00,800090901440,12,DW,07,A,13,102,AVILEZ DZUL CRISTO ARMANDO    ,1B,ACTIVO,1EB618 ,1,F121,98GG,25835,199,0,0,0,23,E23,18,,,,1,9MCJD,2025-12-10 16:55:00,2025-12-08 10:40:09,1228,M,9MCGY,1EB618 ,0,Nor,31,SERVICIO SIN USO,,,GSC
2025-12-01 00:00:00,800101200414,68,DW,07,A,09,001,RODRIGUEZ OSORIO GABRIEL HUMBE,1B,ACTIVO,57C77J ,1,F12H,10KU,34630,296,0,0,0,23,E23,18,,,,1,9MCJD,2025-12-11 15:40:00,2025-12-11 10:46:13,6801,L,9JR0E,57C77J ,0,Nor,52,COMUNICACION INTERRU,52,S,GSC
2025-12-01 00:00:00,800150801440,76,DW,07,A,61,611,YAL PLAN FORESTAL SA DE CV    ,9M,ACTIVO,CKW037 ,3,VL28,22NJ,49,0,0,0,0,23,E23,18,,,,1,9MCJD,2025-12-23 14:03:00,2025-12-23 12:23:10,7602,L,9JRAJ,CKW037 ,0,Nor,52,COMUNICACION INTERRU,52,S,GSC
2025-12-01 00:00:00,800160701184,70,DW,07,A,77,001,ENERALL TERRA 1 SAPI DE CV    ,9C,ACTIVO,A131HY ,3,VL28,16KE,16456,0,0,0,0,23,E23,18,,,,1,9MCJD,2025-12-15 14:39:00,2025-12-16 11:27:39,7051,R,9JRAJ,A131HY ,99141,Opt,  ,,,,GSC
2025-12-01 00:00:00,800170900771,06,DW,07,A,05,065,VALENCIA MEDINA EFRAIN        ,1B,ACTIVO,184RBH ,1,F122,16LN,2001,0,0,0,0,23,E23,18,,,,1,9MCJD,2025-12-03 12:25:00,2025-12-03 09:49:10,0601,M,GAVNM,184RBH ,99975,Opt,  ,,,,GSC
2025-12-01 00:00:00,800190100673,01,DW,07,A,05,011,SIMICUN SA DE CV              ,02,ACTIVO,RDE550 ,2,F623,24NY,15356,1881,0,0,0,23,E23,18,,,,1,9MCJD,2025-12-29 17:14:00,,,,,,,,,,,,GSC
2025-12-01 00:00:00,800230300522,70,DW,07,A,02,010,MAGANA REZZA ABEL EDUARDO     ,1B,ACTIVO,TU781D ,1,F123,21NX,399,0,0,0,0,23,E23,18,,,,1,9MCJD,2025-12-15 14:19:00,2025-12-16 15:53:00,7051,R,9JRAJ,TU781D ,99695,Nor,  ,,,,GSC
2025-12-01 00:00:00,800240801139,12,DW,07,A,62,621,MUNICIPIO DE RIO LAGARTOS     ,5A,ACTIVO,RDR114 ,2,F623,24NY,6942,990,0,0,0,23,E23,18,,,,1,9MCJD,2025-12-10 17:04:00,2025-12-08 10:23:43,1230,L,9MCGY,RDR114 ,8669,Nor,  ,,FR,S,GSC
2025-12-01 00:00:00,800750227747,28,DW,07,A,06,061,TORRES HERRERA JOSEFINA P     ,1B,ACTIVO,7WL908 ,1,F121,99GG,33486,42,0,0,0,23,E23,18,,,,1,9MCJD,2025-12-18 14:11:00,2025-12-18 13:18:12,2826,M,9JRAJ,7WL908 ,99978,Nor,  ,,FR,S,GSC
2025-12-01 00:00:00,800780400435,20,DW,07,A,29,001,SANTIAGO ROSADO DZUL          ,1B,ACTIVO,9Y2J28 ,1,F121,02GG,40286,361,0,0,0,23,E23,18,,,,1,9MCJD,2025-12-12 14:29:00,2025-12-12 10:20:48,2026,L,9JRAJ,9Y2J28 ,90361,Nor,  ,,FR,S,GSC
2025-12-01 00:00:00,800110701655,12,DW,07,A,10,104,CANUL POOL RAFAEL ANTONIO     ,1B,ACTIVO,9R32G7 ,1,F121,04GG,20150,478,0,0,0,23,E23,18,,,,1,9MCJD,2025-12-08 14:11:00,2025-12-08 11:24:34,1226,L,9JR0E,9R32G7 ,96478,Nor,  ,,,,GSC
2025-12-01 00:00:00,800120101109,14,DW,07,A,15,004,PECH CANCHE REBECA ESTHER     ,1B,ACTIVO,8P9W72 ,1,F121,01GG,5072,218,0,0,0,23,E23,18,,,,1,9MCJD,2025-12-09 15:08:00,2025-12-09 14:32:14,1428,L,9MCAW,8P9W72 ,99218,Nor,  ,,FR,S,GSC
2025-12-01 00:00:00,800120500500,78,DW,07,A,06,009,CUPUL CHI YOLANDA             ,1B,ACTIVO,32X34L ,1,F12H,11KU,19008,38,0,0,0,23,E23,18,,,,1,9MCJD,2025-12-26 13:50:00,2025-12-30 12:29:49,7851,R,9MC6T,32X34L ,99938,Nor,  ,,,,GSC
2025-12-01 00:00:00,800130400121,66,DW,07,C,40,962,CARRERA CAMPOS MANUEL         ,9M,ACTIVO,97PX25 ,3,FD21,07F4,10780,0,0,0,0,0,,18,,,,1,9MCJD,2025-12-11 16:06:00,2025-12-09 12:59:31,6602,L,R9871,97PX25 ,99620,Nor,  ,,LN,S,GSC
2025-12-01 00:00:00,800160501061,06,DW,07,A,05,062,GARZA MARFIL EUNICE ELIZABETH ,1B,ACTIVO,7U3F78 ,1,F121,02GG,23525,0,0,0,0,23,E23,18,,,,1,9MCJD,2025-12-03 11:56:00,2025-12-03 12:12:38,0604,M,9MCGY,7U3F78 ,77528,Nor,44,NUM MEDID DESIGU,44,S,GSC
2025-12-01 00:00:00,800160901159,14,DW,07,A,15,003,TAMAY CANUL JOSE ANTONIO      ,1B,ACTIVO,121JCM ,1,F122,15LN,11294,175,0,0,0,23,E23,18,,,,1,9MCJD,2025-12-09 15:03:00,2025-12-09 11:42:04,1426,M,GAVNM,121JCM ,88881,Opt,  ,,,,GSC
2025-12-01 00:00:00,800220801574,06,DW,07,A,05,065,PUC NAHUAT NORMA LETICIA      ,1B,ACTIVO,RR996G ,1,F123,21NX,5912,0,0,0,0,23,E23,18,,,,1,9MCJD,2025-12-03 12:27:00,2025-12-03 08:06:12,0601,M,GAVNM,RR996G ,99976,Opt,  ,,,,GSC
2025-12-01 00:00:00,800221101452,06,DW,07,A,05,065,FERNANDEZ DZIB JOSE GABRIEL   ,1B,ACTIVO,AVW983 ,1,F123,22NX,3110,0,0,0,0,23,E23,18,,,,1,9MCJD,2025-12-03 12:28:00,2025-12-03 08:14:38,0601,M,GAVNM,AVW983 ,99917,Opt,  ,,,,GSC
2025-12-01 00:00:00,800250400698,06,DW,07,A,05,065,DZIB CASTILLA MARIA LIDIANA   ,1B,ACTIVO,PHK884 ,1,F123,24NX,515,0,0,0,0,23,E23,18,,,,1,9MCJD,2025-12-03 12:37:00,2025-12-03 10:07:57,0601,M,GAVNM,PHK884 ,99943,Opt,  ,,,,GSC
2025-12-01 00:00:00,800251201125,30,DW,07,C,84,301,POOT CAUICH SERGIO AMIR       ,02,ACTIVO,6CET14 ,2,F623,25P3,0,0,0,0,0,23,E23,2,,,,1,9MCJD,2025-12-23 12:03:00,,,,,,,,,,,,GSC
2025-12-01 00:00:00,800750213819,14,DW,07,A,15,004,RUBEN CHAN MOO                ,1B,ACTIVO,6Y3J34 ,1,F121,02GG,7903,75,0,0,0,23,E23,18,,,,1,9MCJD,2025-12-09 15:10:00,2025-12-09 11:12:09,1428,L,9MCAW,6Y3J34 ,1075,Nor,  ,,FR,S,GSC
2025-12-01 00:00:00,800780400338,20,DW,07,A,29,001,RUFINO TOLEDO ROMERO          ,1B,ACTIVO,2W3E79 ,1,F121,02GG,30646,173,0,0,0,23,E23,18,,,,1,9MCJD,2025-12-12 14:29:00,2025-12-12 10:12:41,2026,L,9JRAJ,2W3E79 ,90173,Nor,  ,,FR,S,GSC
2025-12-01 00:00:00,800840500060,20,DW,07,A,29,001,DZUL BALAM OFELIA REYES       ,1B,ACTIVO,8L273N ,1,F121,05JL,33079,324,0,0,0,23,E23,18,,,,1,9MCJD,2025-12-12 14:45:00,2025-12-12 10:19:01,2026,L,9JRAJ,8L273N ,9324,Nor,  ,,FR,S,GSC
2025-12-01 00:00:00,800860900293,18,DW,07,A,05,181,BAAZ   MIGUEL                 ,1B,ACTIVO,GCC628 ,1,F123,23NX,0,0,0,0,0,23,E23,18,,,,1,9MCJD,2025-12-11 14:11:00,2025-12-11 11:16:04,1803,L,9MCAW,XR3769 ,192,Nor,  ,,,,GSC
2025-12-01 00:00:00,800871000341,01,DW,07,A,05,011,ACEVEDO JOSE ISABEL           ,1B,ACTIVO,15M4H5 ,2,F62H,09KN,61719,845,0,0,0,23,E23,18,,,,1,9MCJD,2025-12-29 17:17:00,,,,,,,,,,,,GSC
2025-12-01 00:00:00,800871100507,18,DW,07,A,05,181,BALAM CAUICH HORTENCIA        ,1B,ACTIVO,GCC629 ,1,F123,23NX,0,0,0,0,0,23,E23,18,,,,1,9MCJD,2025-12-11 14:06:00,2025-12-11 11:29:24,1803,L,9MCAW,6Y9J57 ,266,Nor,  ,,,,GSC
2025-12-01 00:00:00,800871100671,06,DW,07,A,05,091,PASTRANA CAAMAL PABLO         ,1B,ACTIVO,PKA060 ,1,F123,24NX,231,0,0,0,0,23,E23,18,,,,1,9MCJD,2025-12-03 12:42:00,2025-12-03 09:15:12,0602,M,9MC6T,PKA060 ,99770,Opt,  ,,,,GSC
2025-12-01 00:00:00,800880600261,20,DW,07,A,29,001,BALAM POOT MARGARITO          ,1B,ACTIVO,E5J139 ,1,F121,88F5,17910,22,0,0,0,23,E23,18,,,,1,9MCJD,2025-12-12 13:25:00,2025-12-12 09:02:55,2026,L,9JRAJ,E5J139 ,99922,Nor,  ,,FR,S,GSC
2025-12-01 00:00:00,800910201286,12,DW,07,A,13,102,MENA LOPEZ JOSE YSABEL        ,1B,ACTIVO,7U2E29 ,1,F121,02GG,20304,23,0,0,0,0,,18,,,,1,9MCJD,2025-12-08 14:42:00,2025-12-08 11:04:42,1228,M,9MCGY,7U2E29 ,6013,Nor,  ,,FR,S,GSC
2025-12-01 00:00:00,800910300071,04,DW,07,A,05,046,COUOH CAMARA CANDELARIA       ,02,ACTIVO,7N4Y23 ,1,FD21,01F4,65435,371,0,0,0,23,E23,18,,,,1,9MCJD,2025-12-02 12:22:00,2025-12-02 10:32:23,0402,M,9MCAW,7N4Y23 ,10371,Nor,  ,,FR,S,GSC
2025-12-01 00:00:00,800920901081,69,DW,07,A,09,003,LUGO MENDEZ ANGEL ESAU        ,9M,CORTADO,CHF845 ,3,KL28,22NJ,2185,0,0,0,0,23,E23,18,,,,1,9MCJD,2025-12-12 15:14:00,2025-12-15 14:58:23,6951,R,9MC6T,CHF845 ,97815,Nor,  ,,,,GSC
2025-12-01 00:00:00,800940700571,76,DW,07,A,61,611,LORIA HERRERA ANGEL           ,1B,ACTIVO,387VXN ,1,F122,16LN,22,0,0,0,0,23,E23,18,,,,1,9MCJD,2025-12-23 13:55:00,2025-12-23 11:47:23,7602,L,9JRAJ,387VXN ,0,Nor,50,CASA CERRADA,50,S,GSC
2025-12-01 00:00:00,800950800743,76,DW,07,A,61,611,REYES SOLIS ANA LIZBETH       ,1B,ACTIVO,DV039X ,2,F623,19NU,2255,0,0,0,0,23,E23,18,,,,1,9MCJD,2025-12-23 14:02:00,2025-12-23 12:18:58,7602,L,9JRAJ,DV039X ,0,Nor,52,COMUNICACION INTERRU,52,S,GSC
2025-12-01 00:00:00,800971001450,12,DW,07,A,10,105,MALDONADO ROSADO MARCOS M     ,1B,ACTIVO,U532X7 ,1,F121,97F5,55369,369,0,0,0,23,E23,18,,,,1,9MCJD,2025-12-10 16:54:00,2025-12-08 09:47:48,1229,L,9MCAW,U532X7 ,0,Nor,31,SERVICIO SIN USO,,,GSC
2025-12-01 00:00:00,800971101390,30,DW,07,A,50,501,CEME NAHUAT MAURICIO          ,1B,ACTIVO,Y087R6 ,1,F121,97F5,17670,91,0,0,0,23,E23,18,,,,1,9MCJD,2025-12-19 07:51:00,2025-12-19 09:29:44,3026,M,9MC6T,Y087R6 ,13408,Nor,  ,,FR,S,GSC
2025-12-01 00:00:00,800981000991,12,DW,07,A,62,621,REYES ALBERTO SANTANA         ,1B,ACTIVO,PBE731 ,1,F123,24NX,252,252,0,0,0,0,,18,,,,1,9MCJD,2025-12-08 14:55:00,2025-12-08 10:07:32,1230,L,9MCGY,PBE731 ,252,Opt,  ,,,,GSC
2025-12-01 00:00:00,800990301693,76,DW,07,A,10,101,SAIDE MEDINA SAUL AMADO       ,1B,ACTIVO,NT070R ,2,F623,20NU,7343,206,0,0,0,23,E23,18,,,,1,9MCJD,2025-12-23 13:38:00,2025-12-23 10:23:52,7601,L,9ND6Y,NT070R ,0,Nor,50,CASA CERRADA,50,S,GSC
2025-12-01 00:00:00,801000759581,34,DW,07,B,27,277,DZUL CHAN MARIA ANTONIA       ,1B,ACTIVO,9RG651 ,1,F121,99GG,35448,151,0,0,0,23,E23,18,,,,1,9MCJD,2025-12-23 14:50:00,2025-12-23 09:24:14,3428,L,9NCU1,9RG651 ,78833,Nor,  ,,FR,S,GSC
2025-12-01 00:00:00,801001155833,22,DW,07,B,06,222,EK KUYOC DONATO               ,1B,ACTIVO,6YB535 ,1,F121,00GG,42461,221,0,0,0,23,E23,18,,,,1,9MCJD,2025-12-15 16:17:00,2025-12-15 13:37:38,2202,M,9NCU1,6YB535 ,90200,Nor,  ,,FR,S,GSC
2025-12-01 00:00:00,801001257695,34,DW,07,B,27,271,MOO PAT JOSE MARIA            ,1B,ACTIVO,0YC168 ,1,F121,00GG,23670,73,0,0,0,0,,18,,,,1,9MCJD,2025-12-23 15:09:00,2025-12-23 12:20:08,3429,L,9ND1B,0YC168 ,1073,Nor,  ,,FR,S,GSC
2025-12-01 00:00:00,801010802728,24,DW,07,B,83,241,DZUL COCOM DANIEL             ,1C,ACTIVO,938HRN ,1,F122,15LN,29579,921,0,0,0,23,E23,18,,,,1,9MCJD,2025-12-16 15:50:00,2025-12-16 13:15:52,2429,L,9ND1B,938HRN ,11844,Nor,  ,,FR,S,GSC
2025-12-01 00:00:00,801020802530,22,DW,07,B,06,221,CHE DZIB RAUL ALBERTO         ,1B,ACTIVO,4D990E ,2,F621,05F3,30596,1211,0,0,0,23,E23,18,,,,1,9MCJD,2025-12-15 15:15:00,2025-12-15 09:25:30,2202,M,9NCU1,4D990E ,6164,Nor,  ,,FR,S,GSC
2025-12-01 00:00:00,801031002250,34,DW,07,B,26,262,CAB DZIB VICTORIANO           ,1B,ACTIVO,2J21W9 ,1,F121,03GG,19170,221,0,0,0,951,LECT NEGATIVA,18,,,,1,9MCJD,2025-12-26 14:31:00,2025-12-23 11:24:58,3426,L,9JR0P,2J21W9 ,99897,Nor,  ,,FR,S,GSC
2025-12-01 00:00:00,801040800304,30,DW,07,B,40,404,POOL BALAM TOMAS              ,1C,ACTIVO,7V29M2 ,2,F421,04GH,29959,621,0,0,0,23,E23,18,,,,1,9MCJD,2025-12-19 18:17:00,2025-12-19 07:08:34,3026,L,9JR0P,7V29M2 ,2258,Nor,  ,,FR,S,GSC
2025-12-01 00:00:00,800780400559,20,DW,07,A,29,001,JULIAN AGUAYO PERAZA          ,1B,ACTIVO,2W9E42 ,1,F121,02GG,23096,0,0,0,0,23,E23,18,,,,1,9MCJD,2025-12-12 14:28:00,2025-12-12 11:04:18,2026,L,9JRAJ,2W9E42 ,99099,Nor,  ,,FR,S,GSC
2025-12-01 00:00:00,800781000210,32,DW,07,A,05,301,RUBEN ARCEO GONGORA           ,1B,ACTIVO,F8798J ,1,F121,74AM,2956,0,0,0,0,23,E23,18,,,,1,9MCJD,2025-12-22 13:33:00,2025-12-22 08:33:56,3201,L,9MCGY,F8798J ,99901,Nor,  ,,FR,S,GSC
2025-12-01 00:00:00,800870700462,12,DW,07,A,13,102,PERERA DOMINGUEZ EUTIMIO      ,1B,ACTIVO,4J4E48 ,1,F121,01GG,59459,396,0,0,0,0,,18,,,,1,9MCJD,2025-12-08 14:28:00,2025-12-08 11:52:08,1228,M,9MCGY,4J4E48 ,90396,Nor,  ,,FR,S,GSC
2025-12-01 00:00:00,800911100475,40,DW,07,A,05,322,RODRIGUEZ NOVELO MARIA ISABEL ,1B,ACTIVO,8RG384 ,1,F121,99GG,59998,408,0,0,0,23,E23,18,,,,1,9MCJD,2025-12-29 13:13:00,2025-12-29 17:58:19,4001,L,GAVNM,8RG384 ,10398,Nor,  ,,FR,S,GSC
2025-12-01 00:00:00,800921200711,12,DW,07,A,10,104,ALCOCER LORIA ROSA MA         ,02,ACTIVO,5CET98 ,2,F623,25P3,41,41,0,0,0,0,,18,,,,1,9MCJD,2025-12-08 14:17:00,2025-12-08 10:15:01,1226,L,9JR0E,UW568J ,-96508,Opt,  ,,,,GSC
2025-12-01 00:00:00,795120303956,24,DW,05,B,05,051,SERV TEC INDUST INTERNAC SA CV,02,ACTIVO,3W4V10 ,2,F621,02F3,98945,28,0,0,0,23,E23,18,,,,1,9ND2K,2025-12-17 12:55:00,2025-12-16 10:12:01,2426,M,9ND9J,3W4V10 ,1028,Nor,  ,,FR,S,GSC
2025-12-01 00:00:00,795120904950,16,DW,05,A,01,162,SANCHEZ ROSAS LUCIA           ,1F,ACTIVO,7T788D ,2,F621,06F3,71739,96,0,0,0,23,E23,18,,,,1,9ND2K,2025-12-12 14:32:00,2025-12-10 10:50:34,1602,M,9NCUF,7T788D ,1096,Nor,  ,,,,GSC
2025-12-01 00:00:00,787920500161,32,DW,03,C,86,321,JORGE CANCHE DZIB             ,1C,CORTADO,99P90H ,1,F12H,10KU,10651,30,0,0,0,951,LECT NEGATIVA,18,,,,1,9ND2R,2025-12-23 12:24:00,2025-12-22 14:02:44,3226,L,9MCCY,99P90H ,99983,Opt,  ,,,,GSC
2025-12-01 00:00:00,783940402110,18,DW,12,D,01,183,JULIA MA  FELIX ARCIQUE       ,1D,ACTIVO,6BDA67 ,2,F623,25P2,629,629,0,0,0,23,E23,2,,,,1,9BBTM,2025-12-15 13:07:00,2025-12-11 10:09:17,1802,M,GATJM,RDF339 ,95934,Nor,44,NUM MEDID DESIGU,44,S,GSC
2025-12-01 00:00:00,783930601971,06,DW,12,D,01,063,RAUL ROSADO R                 ,1D,ACTIVO,8G9T39 ,1,F121,01GG,60714,1105,0,0,0,23,E23,18,,,,1,9BBTM,2025-12-03 10:31:00,2025-12-03 08:50:56,0604,M,GAF1M,8G9T39 ,11105,Nor,  ,,FR,S,GSC
2025-12-01 00:00:00,783061012596,04,DW,12,C,01,041,CASANOVA SILVA ARLY DEL S     ,1D,ACTIVO,4U416N ,2,F421,06GH,17593,76,0,0,0,23,E23,18,,,,1,9BBTM,2025-12-04 09:42:00,2025-12-02 08:47:53,0401,M,GAA7N,4U416N ,83601,Nor,  ,,FR,S,GSC
2025-12-01 00:00:00,782951201624,28,DW,12,C,01,281,JOSE KUMAN CASTILLO           ,1D,ACTIVO,A430K6 ,1,F121,94F5,40519,165,0,0,0,23,E23,18,,,,1,9BBTM,2025-12-18 17:02:00,2025-12-18 12:43:26,2801,M,GAE2M,A430K6 ,1165,Nor,  ,,FR,S,GSC
2025-12-01 00:00:00,782951002184,28,DW,12,C,01,281,SANTOS OSWALDO BOTE CEN       ,1D,ACTIVO,33C4K0 ,2,F621,08KG,99714,886,0,0,0,23,E23,18,,,,1,9BBTM,2025-12-18 17:00:00,2025-12-18 12:58:41,2801,M,GAE2M,33C4K0 ,10886,Nor,  ,,FR,S,GSC
2025-12-01 00:00:00,782040406164,40,DW,12,C,01,401,GRUPO COORPORATIVO MAYA SA  CV,1D,ACTIVO,0M76W3 ,1,F121,04GG,12599,1057,0,0,0,23,E23,18,,,,1,9BBTM,2025-12-29 11:29:00,2025-12-26 09:21:16,3602,L,9P130,0M76W3 ,12804,Nor,  ,,FR,S,GSC
2025-12-01 00:00:00,781851000579,10,DW,12,B,01,100,BALAM ELDA MARIA              ,1D,ACTIVO,BR8467 ,1,F121,81EG,8629,599,0,0,0,23,E23,18,,,,1,9BBTM,2025-12-09 12:51:00,2025-12-05 08:27:26,1001,M,GAX2M,BR8467 ,0,Nor,56,NO HAY MEDIDOR,56,S,GSC
2025-12-01 00:00:00,781850700151,18,DW,12,B,01,220,EDUARDO RAMIREZ ORTIZ         ,1D,ACTIVO,29UG40 ,1,F121,08JL,44295,1988,0,0,0,23,E23,18,,,,1,9BBTM,2025-12-15 09:29:00,2025-12-11 12:33:04,1801,M,9NCX2,29UG40 ,3988,Nor,  ,,FR,S,GSC
2025-12-01 00:00:00,781800100030,06,DW,12,B,01,060,ROSA MA HAY TUN               ,1D,ACTIVO,C0F100 ,1,F621,87F3,5389,391,0,0,0,23,E23,18,,,,1,9BBTM,2025-12-05 09:10:00,2025-12-03 09:48:37,0602,L,9NCWM,C0F100 ,30631,Nor,  ,,FR,S,GSC
2025-12-01 00:00:00,795140206728,24,DW,05,A,01,241,AGUILAR FERRER JULIO CESAR    ,1F,CORTADO,439X4T ,2,F622,14LM,6900,0,0,0,0,23,E23,18,,,,1,9ND2K,2025-12-17 14:05:00,2025-12-16 08:04:01,2401,M,9JRDH,439X4T ,97979,Nor,44,NUM MEDID DESIGU,44,S,GSC
2025-12-01 00:00:00,795160403996,20,DW,05,A,01,201,JIMENEZ RICARDEZ ROSARIO      ,1F,ACTIVO,38L1P0 ,1,F12H,09KU,46398,44,0,0,0,23,E23,18,,,,1,9ND2K,2025-12-15 10:40:00,2025-12-12 09:44:10,2001,M,9ND9F,38L1P0 ,97078,Nor,  ,,FR,S,GSC
2025-12-01 00:00:00,795170800501,02,DW,05,A,01,024,CAMARGO PEREZ MANUEL          ,1F,ACTIVO,256VBM ,1,F122,16LN,22916,565,0,0,0,23,E23,18,,,,1,9ND2K,2025-12-03 16:44:00,2025-12-01 22:13:19,0251,R,9NCUF,256VBM ,99965,Nor,  ,,FR,S,GSC
2025-12-01 00:00:00,795250902070,02,DW,05,A,01,206,NAVA GRANADILLO EVELIN YANET  ,1F,ACTIVO,4DVX26 ,2,F623,25NY,987,987,0,0,0,23,E23,18,,,,1,9ND2K,2025-12-03 16:15:00,2025-12-01 22:40:41,0251,R,9NCUF,4DVX26 ,0,Nor,51,NO ENCONTRE DOMI,,,GSC
2025-12-01 00:00:00,795830600208,14,DW,05,A,01,142,SAENZ LAVIADA MARLENE         ,1F,ACTIVO,60KK80 ,2,F121,07JL,7787,28,0,0,0,23,E23,18,,,,1,9ND2K,2025-12-10 11:22:00,2025-12-09 10:12:41,1402,M,9NCU9,60KK80 ,10477,Nor,  ,,FR,S,GSC
2025-12-01 00:00:00,795840700120,06,DW,05,A,01,062,HERRERA PERALTA ELSY DE       ,1F,ACTIVO,W35X55 ,2,F121,94F5,36721,1,0,0,0,23,E23,18,,,,1,9ND2K,2025-12-03 18:19:00,2025-12-03 07:26:40,0602,M,9JRBH,W35X55 ,99452,Nor,  ,,FR,S,GSC
2025-12-01 00:00:00,795860800422,36,DW,05,A,01,361,PEREZ GARCIA WILBERTH         ,1F,ACTIVO,6V40V6 ,2,F421,04GH,74045,483,0,0,0,23,E23,18,,,,1,9ND2K,2025-12-30 14:22:00,2025-12-26 09:56:13,3604,M,G81DP,6V40V6 ,2483,Nor,  ,,FR,S,GSC
2025-12-01 00:00:00,795920102215,16,DW,05,A,01,162,ANTONIO AHUMADA SALOMON       ,1F,CORTADO,2U840C ,2,F421,06GH,45275,2,0,0,0,23,E23,18,,,,1,9ND2K,2025-12-11 13:24:00,2025-12-10 12:16:05,1602,M,9NCUF,2U840C ,9527,Nor,  ,,FR,S,GSC
2025-12-01 00:00:00,795961001326,16,DW,05,A,01,162,JOSE GPE CASTRO VELAZQUEZ     ,1F,ACTIVO,J757E3 ,2,F621,95F3,16267,0,0,0,0,23,E23,18,,,,1,9ND2K,2025-12-12 13:56:00,2025-12-10 11:22:02,1602,M,9NCUF,J757E3 ,991,Nor,  ,,,,GSC
2025-12-01 00:00:00,795970401655,12,DW,05,A,01,121,MEDINA PINTO LETICIA          ,1F,CORTADO,9T740H ,2,F621,06F3,75115,7,0,0,0,23,E23,18,,,,1,9ND2K,2025-12-09 12:10:00,2025-12-08 10:31:37,1203,M,G81DP,9T740H ,99000,Nor,  ,,FR,S,GSC
2025-12-01 00:00:00,795970601131,14,DW,05,A,01,144,ILDA GUEMES CARBALLO          ,1F,ACTIVO,8U0F44 ,1,F121,02GG,72780,679,0,0,0,23,E23,18,,,,1,9ND2K,2025-12-10 11:20:00,2025-12-09 07:29:49,1404,M,G81DP,8U0F44 ,99679,Nor,  ,,FR,S,GSC
2025-12-01 00:00:00,795980501542,18,DW,05,A,01,102,MALDONADO PEREZ JUAN A        ,1F,ACTIVO,0D082A ,2,F621,05F3,28887,0,0,0,0,23,E23,18,,,,1,9ND2K,2025-12-11 18:55:00,2025-12-11 11:48:50,1802,M,9JRBH,0D082A ,29843,Nor,  ,,FR,S,GSC
2025-12-01 00:00:00,795981200210,26,DW,05,A,01,194,ANGEL C CARBONELL C           ,1F,ACTIVO,23WT66 ,1,F121,08JL,39254,52,0,0,0,23,E23,18,,,,1,9ND2K,2025-12-19 13:28:00,2025-12-17 07:19:17,2601,M,9ND9F,23WT66 ,60994,Nor,44,NUM MEDID DESIGU,44,S,GSC
2025-12-01 00:00:00,796000155691,38,DW,06,A,30,302,AGUILLON BEDOLLA EFRAIN       ,1C,ACTIVO,8HW745 ,2,F421,98GH,17999,90,0,0,0,23,E23,18,,,,1,9BBEG,2025-12-26 10:56:00,2025-12-26 08:24:01,3827,L,R9723,8HW745 ,0,Nor,60,MEDID NO TRABAJA,60,S,GSC
2025-12-01 00:00:00,796010957426,36,DW,06,A,03,031,PEREZ VAZQUEZ ALEJANDRO       ,1B,ACTIVO,6VF383 ,1,F121,00GG,53531,707,0,0,0,23,E23,18,,,,1,9BBEG,2025-12-26 08:57:00,2025-12-27 09:39:25,3651,R,9MCJT,6VF383 ,90707,Nor,  ,,FR,S,GSC
2025-12-01 00:00:00,796020100680,30,DW,06,A,01,306,MANUEL CETINA CETINA          ,1D,ACTIVO,4D5M42 ,1,F121,00GG,14127,77,0,0,0,23,E23,18,,,,1,9BBEG,2025-12-19 10:48:00,2025-12-19 08:09:15,3001,M,9MCK8,4D5M42 ,0,Nor,58,RESISTENCIA PARA TOM,58,S,GSC
2025-12-01 00:00:00,796040602339,12,DW,06,A,01,122,ESQUIVEL RODRIGUEZ LUIS ARIEL ,1D,ACTIVO,8T33C1 ,1,F121,04GG,31982,315,0,0,0,23,E23,18,,,,1,9BBEG,2025-12-08 14:51:00,2025-12-08 08:07:43,1201,M,9ND4X,8T33C1 ,1315,Nor,  ,,FR,S,GSC
2025-12-01 00:00:00,796050403466,14,DW,06,A,01,142,LEAL CANO JOEL                ,1D,ACTIVO,5E251G ,1,F121,05JL,25078,184,0,0,0,23,E23,18,,,,1,9BBEG,2025-12-09 11:38:00,2025-12-09 09:47:26,1401,M,9MCJY,5E251G ,99184,Nor,  ,,FR,S,GSC
2025-12-01 00:00:00,796051105141,14,DW,06,A,01,142,KUMUL CEN MARIA IMELDA        ,1D,ACTIVO,074RBJ ,1,F122,16LN,18190,379,0,0,0,23,E23,18,,,,1,9BBEG,2025-12-09 14:42:00,2025-12-09 09:18:12,1401,M,9MCJY,074RBJ ,1379,Nor,  ,,FR,S,GSC
2025-12-01 00:00:00,796070302992,38,DW,06,A,34,341,PINTO ROBLES JOAQUIN          ,1C,ACTIVO,482LVP ,1,F122,16LN,2054,102,0,0,0,23,E23,18,,,,1,9BBEG,2025-12-26 10:48:00,2025-12-26 14:00:01,3826,L,R9718,482LVP ,99102,Nor,  ,,FR,S,GSC
2025-12-01 00:00:00,796070502967,30,DW,06,A,01,302,CANUL BE MIRNA LETICIA        ,1D,ACTIVO,54FA49 ,1,F121,07JL,64726,884,0,0,0,23,E23,18,,,,1,9BBEG,2025-12-19 10:27:00,2025-12-19 08:26:11,3002,M,GAX9M,54FA49 ,99388,Nor,  ,,FR,S,GSC
2025-12-01 00:00:00,783251005324,04,DW,12,C,01,041,DIAZ ESCALANTE ELDA LAURA     ,1D,ACTIVO,3AUY39 ,2,F623,25P2,623,623,0,0,0,23,E23,2,,,,1,9BBTM,2025-12-04 09:42:00,,,,,,,,,,,,GSC
2025-12-01 00:00:00,783251005634,04,DW,12,C,01,041,SANCHEZ GUTIERREZ GUADALUPE DE,1D,ACTIVO,2BDL62 ,2,F623,25P2,239,239,0,0,0,23,E23,2,,,,1,9BBTM,2025-12-04 09:42:00,,,,,,,,,,,,GSC
2025-12-01 00:00:00,783251103059,32,DW,12,D,01,323,DZIB ECHEVERRIA KARINA DEL ROC,1D,ACTIVO,XNF374 ,1,F123,24NX,4,4,0,0,0,23,E23,18,,,,1,9BBTM,2025-12-22 08:18:00,2025-12-22 18:15:14,3202,M,9ND6M,XNF374 ,0,Nor,5X,RUTA INCOMPLETA,,,GSC
2025-12-01 00:00:00,783251204173,32,DW,12,D,01,329,MONROY LARA JORGE             ,1D,ACTIVO,PBD068 ,1,F123,24NX,27,27,0,0,0,23,E23,2,,,,1,9BBTM,2025-12-22 18:15:00,,,,,,,,,,,,GSC
2025-12-01 00:00:00,783251206419,38,DW,12,D,01,381,MENDOZA FERNANDEZ JESSICA     ,1D,ACTIVO,0AXT35 ,2,F623,25P2,12,12,0,0,0,23,E23,2,,,,1,9BBTM,2025-12-30 11:11:00,,,,,,,,,,,,GSC
2025-12-01 00:00:00,783940412328,20,DW,12,D,01,200,GONZALEZ ZAPATA SOSTENES      ,1D,ACTIVO,UU203K ,2,F623,21NY,10336,921,0,0,0,23,E23,18,,,,1,9BBTM,2025-12-12 12:42:00,2025-12-11 08:33:37,1801,M,GA4HN,UU203K ,7756,Nor,  ,,FR,S,GSC
2025-12-01 00:00:00,783950400522,14,DW,12,D,01,142,GPE OLIVIA GIL                ,1D,ACTIVO,7J54E3 ,1,F121,03GG,39854,303,0,0,0,23,E23,18,,,,1,9BBTM,2025-12-11 12:46:00,2025-12-09 07:33:46,1402,M,GAALN,7J54E3 ,10303,Nor,  ,,FR,S,GSC
2025-12-01 00:00:00,783950401570,06,DW,12,D,01,061,TOMAS MUNOZ PUC               ,1D,ACTIVO,T74G88 ,1,F121,93F5,86911,454,0,0,0,23,E23,18,,,,1,9BBTM,2025-12-05 09:38:00,2025-12-03 12:11:47,0602,M,9ND6M,T74G88 ,1454,Nor,  ,,FR,S,GSC
2025-12-01 00:00:00,783970400154,18,DW,12,D,01,182,ALVARO HAU NOH                ,1D,ACTIVO,2P528D ,1,F121,06JL,17563,152,0,0,0,23,E23,18,,,,1,9BBTM,2025-12-15 13:00:00,2025-12-11 14:54:47,1801,M,GA4HN,2P528D ,10152,Nor,  ,,FR,S,GSC
2025-12-01 00:00:00,784130200495,66,DW,12,E,01,661,DESARROLLO INMOB GONCA SADECV ,67,ACTIVO,58W79R ,3,KL2E,11JR,56556,1868,0,0,0,23,E23,18,,,,1,9BBTM,2025-12-11 10:08:00,2025-12-09 06:22:59,6676,T,9P15U,58W79R ,1868,Tele,  ,,,,GSC
2025-12-01 00:00:00,784210401092,30,DW,12,E,01,300,OLIVARES LEMARROY ROLANDO FRAN,1D,ACTIVO,G984ME ,2,F622,17LM,65096,1069,0,0,0,0,,18,,,,1,9BBTM,2025-12-19 15:30:00,2025-12-17 16:11:11,2651,N,GATKM,G984ME ,0,Nor,51,NO ENCONTRE DOMI,,,GSC
2025-12-01 00:00:00,784210601083,30,DW,12,E,01,300,JI YEON CHOI                  ,1D,ACTIVO,222PHY ,2,F622,16LM,14327,960,0,0,0,0,,18,,,,1,9BBTM,2025-12-19 15:29:00,2025-12-17 17:46:56,2651,N,GATKM,222PHY ,0,Nor,51,NO ENCONTRE DOMI,,,GSC
2025-12-01 00:00:00,784230501352,66,DW,12,E,01,661,SANCHEZ CASTANEDA Y ASOCIADOS ,67,CORTADO,PY623F ,3,KL28,21KE,43690,0,0,0,0,23,E23,18,,,,1,9BBTM,2025-12-11 10:05:00,2025-12-09 12:25:20,6651,R,9NCWL,PY623F ,0,Nor,56,NO HAY MEDIDOR,56,S,GSC
2025-12-01 00:00:00,784240101018,30,DW,12,E,01,300,RODRIGUEZ LEYVA MARTHA ANDREA ,1D,ACTIVO,KKE508 ,2,F623,23NU,5,4,0,0,0,0,,18,,,,1,9BBTM,2025-12-19 15:30:00,2025-12-17 17:29:22,2651,N,GATKM,KKE508 ,0,Nor,51,NO ENCONTRE DOMI,,,GSC
2025-12-01 00:00:00,784250800445,30,DW,12,E,01,300,GASTRONOMICABUELTER           ,02,ACTIVO,191L8F ,3,KL28,13KE,2251,1421,0,0,0,23,E23,18,,,,1,9BBTM,2025-12-23 15:58:00,2025-12-19 10:28:03,3051,R,9NCWL,191L8F ,21682,Opt,  ,,,,GSC
2025-12-01 00:00:00,784880800044,68,DW,12,E,01,680,HOTEL COSTA BLANCA KALI C     ,67,ACTIVO,GGE500 ,3,VL28,22NJ,179,0,0,0,0,23,E23,18,,,,1,9BBTM,2025-12-11 15:00:00,2025-12-11 07:45:56,6851,R,9NCWL,GGE500 ,0,Nor,52,COMUNICACION INTERRU,52,S,GSC
2025-12-01 00:00:00,779970900699,28,DW,01,M,06,284,JORGE CORDOVA PECH            ,02,ACTIVO,0E41F5 ,2,F621,02F3,24259,215,0,0,0,0,,16,,,,1,GEYB8,2025-12-18 16:51:00,2025-12-18 10:02:27,2826,L,9JRBR,0E41F5 ,99207,Nor,40,SIN SELLO,FR,S,GSC
2025-12-01 00:00:00,793170300807,06,DW,04,F,73,061,GONZALEZ RODRIGUEZ MARIA GUADA,1F,ACTIVO,201VXL ,1,F122,16LN,7317,0,0,0,0,0,,16,,,,1,GAV6M,2025-12-03 16:20:00,2025-12-03 10:15:36,0626,L,9BBRA,201VXL ,749,Nor,  ,,LM,S,GSC
2025-12-01 00:00:00,783150402934,10,DW,12,D,02,102,POOT POOL RUBI CAROLINA       ,1D,ACTIVO,358H6A ,1,F122,13LN,11660,388,0,0,0,0,,16,,,,1,R9958,2025-12-05 15:03:00,2025-12-05 18:22:43,1027,M,9ND6M,358H6A ,0,Nor,56,NO HAY MEDIDOR,56,S,GSC
2025-12-01 00:00:00,771100505505,36,DW,01,B,01,364,CAAMAL MARMOL LORENA ISABEL   ,1D,ACTIVO,38X74L ,1,F12H,11KU,60256,2234,0,0,0,0,,16,,,,1,GAATN,2025-12-26 15:58:00,2025-12-26 09:53:00,3602,M,GA6XN,38X74L ,42950,Nor,44,NUM MEDID DESIGU,44,S,GSC
2025-12-01 00:00:00,779131201106,30,DW,01,M,07,301,RODRIGUEZ ALONZO EDUARDO JOSE ,1B,ACTIVO,560JV2 ,2,F622,12LJ,5541,2468,0,0,0,0,,16,,,,1,GEYB8,2025-12-19 16:01:00,2025-12-19 10:09:59,3028,L,R9703,560JV2 ,20875,Opt,44,NUM MEDID DESIGU,44,S,GSC
2025-12-01 00:00:00,796860500280,08,DW,06,A,01,082,NOVELO MARTINEZ NELSON        ,1D,ACTIVO,7LB994 ,2,F121,99GG,64390,2990,0,0,0,0,,16,,,,1,9A6XJ,2025-12-04 13:04:00,2025-12-04 12:49:10,0802,M,9ND4X,Y8M079 ,2990,Nor,31,SERVICIO SIN USO,FR,S,GSC
2025-12-01 00:00:00,807230200344,12,DW,08,D,59,122,CAN PAT GUSTAVO CANDELARIO    ,1C,CORTADO,AWM406 ,1,F123,22NX,5268,0,0,0,0,0,,16,,,,1,R9424,2025-12-08 12:37:00,2025-12-08 09:38:41,1226,L,9MCC7,AWM406 ,0,Nor,59,DISPLAY APAGADO,59,S,GSC
2025-12-01 00:00:00,770230700729,18,DW,01,A,01,183,BALAM MARRUFO NOEMY DEL SOCORR,02,ACTIVO,RCB587 ,2,F623,24NY,5948,4159,0,0,0,0,,16,,,,1,GAATN,2025-12-11 16:14:00,2025-12-11 16:35:35,1802,M,GA0MN,RCB587 ,1955,Nor,44,NUM MEDID DESIGU,44,S,GSC
2025-12-01 00:00:00,780250401413,34,DW,12,A,05,342,ZAND DIAZ MARTA PABLO AGUSTO  ,02,ACTIVO,RMF259 ,2,F623,24NY,2197,2197,0,0,0,0,,16,,,,1,9MCD7,2025-12-23 16:59:00,2025-12-24 17:10:30,3451,R,GAFHM,RMF259 ,0,Nor,5X,RUTA INCOMPLETA,,,GSC
2025-12-01 00:00:00,779230500701,36,DW,01,M,13,365,PAEZ FLOREZ CONCEPCION        ,1D,ACTIVO,UM635L ,2,F623,21NY,3707,106,0,0,0,0,,16,,,,1,GEYB8,2025-12-26 16:33:00,2025-12-26 10:19:29,3604,L,R9689,UM635L ,7063,Nor,44,NUM MEDID DESIGU,44,S,GSC
2025-12-01 00:00:00,801980101463,08,DW,07,B,06,803,LENDRO HAU CANCHE             ,1B,ACTIVO,Y491R1 ,1,F121,97F5,27932,621,0,0,0,0,,16,,,,1,G87AN,2025-12-04 18:04:00,2025-12-04 11:19:02,0801,L,9JR0P,Y491R1 ,1271,Nor,  ,,FR,S,GSC
2025-12-01 00:00:00,807980700365,14,DW,08,D,58,141,REYNA GOMEZ PADILLA           ,1D,ACTIVO,1EB114 ,1,F121,98GG,54819,460,0,0,0,0,,16,,,,1,R9424,2025-12-09 14:32:00,2025-12-09 13:21:56,1426,L,9MCC7,1EB114 ,1,Nor,31,SERVICIO SIN USO,,,GSC
2025-12-01 00:00:00,779200703976,28,DW,01,M,06,281,PECH PECH JOSEFINA MAYLETT    ,1B,ACTIVO,29E4V2 ,2,F62F,08K6,10090,764,0,0,0,0,,16,,,,1,GEYB8,2025-12-18 16:51:00,2025-12-18 11:48:10,2829,M,R9982,29E4V2 ,764,Nor,  ,,FR,S,GSC
2025-12-01 00:00:00,799140300487,36,DW,06,D,24,241,23DJN0114T JUAN  ESCUTIA      ,02,ACTIVO,432YY6 ,1,F122,13LN,6078,350,0,0,0,0,,16,,,,1,9JRFD,2025-12-26 10:29:00,2025-12-26 08:43:59,3626,L,9JR7J,XNC939 ,409,Opt,  ,,,,GSC
2025-12-01 00:00:00,799100900376,26,DW,06,D,15,150,BAUTISTA BRICENO ESTEBAN      ,1B,ACTIVO,6W217V ,1,F121,06JL,6036,15,0,0,0,0,,16,,,,1,9JRFD,2025-12-17 12:17:00,2025-12-17 08:29:03,2627,L,GAT5M,PCF318 ,0,Opt,31,SERVICIO SIN USO,,,GSC
2025-12-01 00:00:00,773970200702,04,DW,01,D,01,040,MANUELA EROSA RAMIREZ         ,1D,ACTIVO,GGU460 ,1,F123,22NJ,8330,1411,0,0,0,0,,16,,,,1,9NNMA,2025-12-02 12:26:00,2025-12-02 15:40:19,0401,L,GAKVM,GGU460 ,48345,Opt,  ,,,,GSC
2025-12-01 00:00:00,782160410319,08,DW,12,C,01,083,BENITES PEREZ CONCEPCION      ,1D,CORTADO,075JJV ,2,F622,15LM,17424,0,0,0,0,0,,16,,,,1,9MCD7,2025-12-04 14:15:00,2025-12-04 11:55:58,0803,L,GAE2M,075JJV ,0,Nor,56,NO HAY MEDIDOR,56,S,GSC
2025-12-01 00:00:00,780050804459,20,DW,12,B,01,030,CADU INMOBILIARIA  S A DE C V ,1D,ACTIVO,07D0K0 ,2,F421,08KF,34804,1562,0,0,0,0,,16,,,,1,9AKNE,2025-12-12 15:55:00,2025-12-15 09:06:02,2051,R,9NCX2,07D0K0 ,91265,Nor,  ,,FR,S,GSC
2025-12-01 00:00:00,781141001738,16,DW,12,B,01,160,BARRERA VITAL FELIPE          ,1D,ACTIVO,199T4T ,2,F622,14LM,35722,1188,0,0,0,0,,16,,,,1,9AKNE,2025-12-10 15:35:00,2025-12-10 08:03:57,1601,M,GATKM,199T4T ,0,Nor,50,CASA CERRADA,50,S,GSC
2025-12-01 00:00:00,781921200091,16,DW,12,B,01,160,MA DE L  SEGURA PEDRAZA       ,1D,ACTIVO,68H56K ,2,F62H,10KN,64358,3067,0,0,0,0,,16,,,,1,9AKNE,2025-12-10 15:35:00,2025-12-10 14:28:20,1601,M,GATKM,68H56K ,0,Nor,50,CASA CERRADA,50,S,GSC
2025-12-01 00:00:00,775150500135,18,DW,01,G,01,181,SANTANA VAZQUEZ ILEANA MARIA  ,1B,ACTIVO,913W8B ,1,F122,14LN,3792,433,0,0,0,0,,16,,,,1,9NNMA,2025-12-11 16:26:00,2025-12-11 13:02:31,1801,L,9BBMC,913W8B ,0,Nor,53,UI SERV DIRECTO,53,S,GSC
2025-12-01 00:00:00,778910400046,10,DW,01,K,42,104,JOSE SILVERIO JIMENEZ MEX     ,1C,ACTIVO,FK920H ,1,F122,19LN,20608,2609,0,0,0,0,,16,,,,1,GAATN,2025-12-05 15:24:00,2025-12-05 11:59:12,1001,M,R9701,FK920H ,83647,Nor,44,NUM MEDID DESIGU,44,S,GSC
2025-12-01 00:00:00,799100900376,26,DW,06,D,15,150,BAUTISTA BRICENO ESTEBAN      ,1B,ACTIVO,PCF318 ,1,F123,24NX,0,0,0,0,0,0,,16,,,,1,9JRFD,2025-12-17 12:17:00,2025-12-17 08:29:03,2627,L,GAT5M,PCF318 ,0,Opt,31,SERVICIO SIN USO,,,GSC
2025-12-01 00:00:00,773250803981,24,DW,01,D,04,243,FRAIDE MUNOZ MARIA DE LAS MERC,1C,ACTIVO,PCV716 ,1,F123,24NX,0,0,0,0,0,0,,16,,,,1,9NNMA,2025-12-16 16:37:00,2025-12-17 08:58:47,2451,R,9EMCB,PCV716 ,1701,Nor,44,NUM MEDID DESIGU,44,S,GSC
2025-12-01 00:00:00,776940300019,08,DW,01,H,38,085,ASUNCION MEDINA               ,1B,ACTIVO,R9L022 ,1,F121,90F5,8822,559,0,0,0,0,,16,,,,1,GEYB8,2025-12-04 16:27:00,2025-12-04 13:49:14,0828,L,9P167,R9L022 ,92216,Nor,44,NUM MEDID DESIGU,44,S,GSC
2025-12-01 00:00:00,782240727666,16,DW,12,C,01,161,MARTINEZ HERNANDEZ ALEJANDRA  ,1D,ACTIVO,RDV840 ,2,F623,24NY,5,1,0,0,0,0,,16,,,,1,9MCD7,2025-12-10 14:45:00,2025-12-10 15:58:02,1602,M,9NCWY,RDV840 ,0,Nor,5X,RUTA INCOMPLETA,,,GSC
2025-12-01 00:00:00,772051202204,32,DW,01,C,01,324,BASTARRACHEA CABRERA FLOR DE M,1D,ACTIVO,0M915R ,2,F621,05F3,45308,995,0,0,0,0,,16,,,,1,GAATN,2025-12-22 11:27:00,2025-12-22 16:05:06,3205,M,GA82N,0M915R ,56410,Nor,44,NUM MEDID DESIGU,44,S,GSC
2025-12-01 00:00:00,780950402593,38,DW,12,A,01,380,MENDEZ AREVALO JOSE SALVADOR  ,1D,ACTIVO,E3F056 ,1,FD21,87F4,40743,859,0,0,0,0,,16,,,,1,9MCD7,2025-12-26 10:47:00,2025-12-26 09:46:12,3801,M,GABCM,XNF288 ,663,Opt,  ,,,,GSC
2025-12-01 00:00:00,796210801897,20,DW,06,A,01,202,GIRON MOGUEL DANIEL MARVIN    ,1D,ACTIVO,HA209Y ,1,F123,20NT,14086,0,0,0,0,0,,16,,,,1,9MCFE,2025-12-12 15:24:00,2025-12-12 08:44:15,2005,M,G92BA,PKH037 ,1146,Opt,  ,,,,GSC
2025-12-01 00:00:00,782231000435,06,DW,12,C,01,062,MORALES MARTINEZ FLORENTINO   ,1D,BAJA,JBJ447 ,2,F623,23NU,2969,0,0,0,0,0,,16,,,,1,9MCD7,2025-12-03 13:26:00,2025-12-03 09:33:28,0603,M,GAKFM,JBJ447 ,0,Nor,56,NO HAY MEDIDOR,56,S,GSC
2025-12-01 00:00:00,773910801421,12,DW,01,D,01,129,ROGER SABIDO GLEZ             ,1D,ACTIVO,1DVF31 ,2,F623,25NY,725,725,0,0,0,0,,16,,,,1,9NNMA,2025-12-08 12:12:00,2025-12-08 09:45:01,1205,L,9ND4J,872GJ8 ,78192,Nor,44,NUM MEDID DESIGU,44,S,GSC
2025-12-01 00:00:00,795160801592,10,DW,05,A,01,283,ANDRADE TRUJILLO ROSA         ,1F,ACTIVO,4DVX48 ,2,F623,25NY,100,100,0,0,0,0,,16,,,,1,9BBM2,2025-12-05 16:15:00,2025-12-05 20:55:10,1052,R,G81DP,933JEE ,80795,Nor,44,NUM MEDID DESIGU,44,S,GSC
2025-12-01 00:00:00,779200703976,28,DW,01,M,06,281,PECH PECH JOSEFINA MAYLETT    ,1B,ACTIVO,5AXL02 ,2,F623,25P2,0,0,0,0,0,0,,16,,,,1,GEYB8,2025-12-18 16:51:00,2025-12-18 11:48:10,2829,M,R9982,29E4V2 ,764,Nor,  ,,FR,S,GSC
2025-12-01 00:00:00,772051202204,32,DW,01,C,01,324,BASTARRACHEA CABRERA FLOR DE M,1D,ACTIVO,6AYA12 ,2,F623,25P2,723,723,0,0,0,0,,16,,,,1,GAATN,2025-12-22 11:27:00,2025-12-22 16:05:06,3205,M,GA82N,0M915R ,56410,Nor,44,NUM MEDID DESIGU,44,S,GSC
2025-12-01 00:00:00,810030302534,18,DW,22,A,02,181,DOMINGUEZ REYES ROSAURA       ,02,ACTIVO,1B56X3 ,1,F121,03GG,29325,119,0,0,0,0,,16,,,,1,9N4CT,2025-12-11 15:32:00,2025-12-11 07:54:43,1802,M,9MC60,1B56X3 ,1119,Nor,  ,,FR,S,GSC
2025-12-01 00:00:00,772101101706,12,DW,01,C,01,121,BOTE SERRANO ERACLIA          ,1D,ACTIVO,3H2T80 ,1,F121,01GG,34266,522,0,0,0,0,,16,,,,1,GEYB8,2025-12-08 17:19:00,2025-12-08 09:42:27,1202,M,GAKKM,3H2T80 ,1,Nor,31,SERVICIO SIN USO,,,GSC
2025-12-01 00:00:00,780750200309,64,DW,12,A,01,640,23DPR0181H MELCHOS OCAMPO     ,02,ACTIVO,HYP547 ,2,F623,23NU,525,525,0,0,0,0,,16,,,,1,9MCEP,2025-12-05 09:00:00,2025-12-05 12:39:19,6401,L,9BBM1,HYP547 ,525,Opt,  ,,,,GSC
2025-12-01 00:00:00,772940300471,36,DW,01,C,01,368,MARIA E COLLI UC              ,1D,ACTIVO,J97R55 ,1,F121,92F5,60508,690,0,0,0,0,,16,,,,1,GAATN,2025-12-26 14:42:00,2025-12-26 09:16:02,3606,L,R9631,J97R55 ,1,Nor,31,SERVICIO SIN USO,,,GSC
2025-12-01 00:00:00,810151204408,10,DW,22,A,01,104,SOLANO MENA LULU              ,02,ACTIVO,RDJ189 ,2,F623,24NY,7788,7788,0,0,0,0,,16,,,,1,9N4CK,2025-12-05 15:18:00,2025-12-05 08:27:45,1052,R,9MC4Y,RDJ189 ,7788,Opt,  ,,,,GSC
2025-12-01 00:00:00,773080804741,26,DW,01,D,01,263,KUK DE GONZALEZ GRACIELA      ,1D,ACTIVO,RDL633 ,2,F623,24NY,82,82,0,0,0,0,,16,,,,1,9NNMA,2025-12-17 15:24:00,2025-12-17 09:57:19,2601,L,9MCDC,J026PW ,7860,Nor,44,NUM MEDID DESIGU,44,S,GSC
2025-12-01 00:00:00,797241100346,30,DW,06,B,37,371,MENA PENA MIGUEL DE LOS SANTOS,1B,ACTIVO,WPJ270 ,2,F623,24P2,15,14,0,0,0,0,,16,,,,1,9N4CC,2025-12-19 15:00:00,2025-12-19 10:37:38,3026,L,R9717,WPJ270 ,0,Nor,51,NO ENCONTRE DOMI,,,GSC
2025-12-01 00:00:00,780750200309,64,DW,12,A,01,640,23DPR0181H MELCHOS OCAMPO     ,02,ACTIVO,A235R7 ,2,F421,94F8,14384,10291,0,0,0,0,,16,,,,1,9MCEP,2025-12-05 09:00:00,2025-12-05 12:39:19,6401,L,9BBM1,HYP547 ,525,Opt,  ,,,,GSC
2025-12-01 00:00:00,779160401777,10,DW,01,M,01,102,PEREZ RODRIGUEZ TRINIDAD      ,1B,ACTIVO,0AXV09 ,2,F623,25P2,0,0,0,0,0,0,,16,,,,1,GEYB8,2025-12-05 13:39:00,2025-12-05 10:30:54,1001,M,9NCYK,386DHA ,179,Opt,  ,,,,GSC
2025-12-01 00:00:00,802090300368,18,DW,07,C,42,186,CORAL CETINA JOSE AURELIO     ,1A,ACTIVO,128EK8 ,2,F62J,11L2,37700,2440,0,0,0,0,,16,,,,1,9MCJD,2025-12-11 17:20:00,2025-12-14 22:08:02,1851,R,9MCCP,128EK8 ,0,Nor,31,SERVICIO SIN USO,,,GSC
2025-12-01 00:00:00,800040700087,10,DW,07,A,25,251,ANASTACIO AKE                 ,1B,ACTIVO,7R78U1 ,1,F121,04GG,21849,0,0,0,0,0,,16,,,,1,9N4CF,2025-12-05 17:00:00,2025-12-05 09:17:12,1027,L,9MC6T,7R78U1 ,980,Nor,  ,,FR,S,GSC
2025-12-01 00:00:00,782131100181,14,DW,12,C,01,140,PEREZ LOPEZ MARIA EUGENIA     ,1D,CORTADO,900VBH ,1,F122,16LN,15603,0,0,0,0,0,,16,,,,1,9MCD7,2025-12-09 16:16:00,2025-12-09 09:32:38,1401,M,GAA7N,900VBH ,0,Nor,59,DISPLAY APAGADO,59,S,GSC
2025-12-01 00:00:00,802110400631,30,DW,07,C,84,301,CANUL Y TEP MAURO             ,1B,ACTIVO,96E27N ,2,F62H,10KN,40530,1450,0,0,0,0,,16,,,,1,9MCJD,2025-12-19 12:42:00,2025-12-19 11:18:29,3027,L,GAPFM,96E27N ,0,Nor,59,DISPLAY APAGADO,59,S,GSC
2025-12-01 00:00:00,802070200774,34,DW,07,C,18,341,POOL CHIMAL CINDY SOLANGEY    ,1B,ACTIVO,96EJ71 ,1,F121,07JL,31787,958,0,0,0,0,,16,,,,1,9MCJD,2025-12-23 15:10:00,2025-12-23 07:53:20,3401,L,R9871,96EJ71 ,90958,Nor,  ,,FR,S,GSC
2025-12-01 00:00:00,772080501423,26,DW,01,A,01,264,MARTINEZ MADERA BRISALINDA    ,1D,ACTIVO,T8M145 ,2,F621,90F3,14893,2105,0,0,0,0,,16,,,,1,GAATN,2025-12-17 16:50:00,2025-12-17 11:47:31,2602,M,GA0MN,T8M145 ,0,Nor,56,NO HAY MEDIDOR,56,S,GSC
2025-12-01 00:00:00,784230400131,30,DW,12,E,01,300,ESPARZA GONZALEZ DIANA        ,1D,ACTIVO,UU134K ,2,F623,21NY,27221,9815,0,0,0,0,,16,,,,1,9MCEP,2025-12-19 16:15:00,2025-12-17 16:07:06,2651,N,GATKM,UU134K ,0,Nor,51,NO ENCONTRE DOMI,,,GSC
2025-12-01 00:00:00,785060700645,36,DW,03,A,01,360,VARGUEZ O HORAN MARIO EFRAIN  ,1B,ACTIVO,6BCW20 ,2,F623,25P2,366,366,0,0,0,23,E23,18,,,,1,9ND2R,2025-12-26 09:23:00,2025-12-26 10:44:49,3603,L,GAPQM,20W99H ,366,Opt,  ,,,,GSC
2025-12-01 00:00:00,785080301607,34,DW,03,A,09,001,KU CHIN VICTORIA              ,1B,ACTIVO,95LU65 ,1,F121,07JL,3807,0,0,0,0,23,E23,18,,,,1,9ND2R,2025-12-23 12:51:00,2025-12-23 16:46:04,3426,L,9MCH1,95LU65 ,10000,Nor,  ,,FR,S,GSC
2025-12-01 00:00:00,785150500874,28,DW,03,A,09,281,MONTEJO CHIM JUAN GABRIEL     ,1B,ACTIVO,3DWD35 ,2,F623,25NY,20574,103,0,0,0,951,LECT NEGATIVA,18,,,,1,9ND2R,2025-12-19 14:08:00,2025-12-18 10:12:56,2826,L,9MCET,3DWD35 ,20544,Nor,44,NUM MEDID DESIGU,44,S,GSC
2025-12-01 00:00:00,785251201029,32,DW,03,A,09,003,CHAN CIME MARIA ROSALIA       ,1B,ACTIVO,3BCV70 ,2,F623,25P2,11,11,0,0,0,23,E23,2,,,,1,9ND2R,2025-12-22 14:35:00,,,,,,,,,,,,GSC
2025-12-01 00:00:00,785251201070,32,DW,03,A,09,003,CHI DOMINGUEZ JOSE DAVID      ,1B,ACTIVO,6BCW49 ,2,F623,25P2,11,11,0,0,0,23,E23,2,,,,1,9ND2R,2025-12-22 14:35:00,,,,,,,,,,,,GSC
2025-12-01 00:00:00,785750413789,34,DW,03,A,09,001,CORNELIO CANCHE               ,1B,ACTIVO,03KA41 ,1,F121,07JL,24470,306,0,0,0,23,E23,18,,,,1,9ND2R,2025-12-23 12:52:00,2025-12-23 14:46:05,3426,L,9MCH1,03KA41 ,1306,Nor,  ,,FR,S,GSC
2025-12-01 00:00:00,785980100194,14,DW,03,A,02,141,JORGE A HUCHIN CASANOVA       ,1C,ACTIVO,7AU298 ,1,F121,97F5,12777,93,0,0,0,23,E23,18,,,,1,9ND2R,2025-12-09 15:02:00,2025-12-09 12:34:27,1427,M,9MCH1,7AU298 ,35363,Nor,  ,,FR,S,GSC
2025-12-01 00:00:00,786020901644,34,DW,03,B,23,341,MAAY MAY REBECA MARBELLA      ,1C,ACTIVO,1U1W22 ,1,F121,02GG,39653,353,0,0,0,23,E23,18,,,,1,9ND2R,2025-12-23 14:43:00,2025-12-23 11:03:35,3427,L,R9855,1U1W22 ,1353,Nor,  ,,FR,S,GSC
2025-12-01 00:00:00,786050700538,32,DW,03,B,14,320,TUN MARIN CARLOS CALIXTO      ,1D,ACTIVO,5F629N ,1,F121,05JL,29815,414,0,0,0,23,E23,18,,,,1,9ND2R,2025-12-22 18:13:00,2025-12-23 12:28:40,3202,L,GA8NN,5F629N ,10414,Nor,  ,,FR,S,GSC
2025-12-01 00:00:00,786070101096,24,DW,03,B,23,241,MAY BUENFIL MARISOL           ,1C,ACTIVO,KK511H ,1,F123,20NT,11697,518,0,0,0,23,E23,18,,,,1,9ND2R,2025-12-16 12:08:00,2025-12-16 14:51:55,2429,L,R9855,KK511H ,1518,Nor,  ,,FR,S,GSC
2025-12-01 00:00:00,786210700963,26,DW,03,B,31,267,CHAN COLLI JOSE LORENZO       ,1C,ACTIVO,71XR32 ,1,F121,08JL,349,25,0,0,0,23,E23,18,,,,1,9ND2R,2025-12-17 12:40:00,2025-12-17 09:51:24,2626,L,GA8NN,71XR32 ,10025,Nor,  ,,FR,S,GSC
2025-12-01 00:00:00,786231100761,64,DW,03,B,42,004,UNIDAD AGRICOLA LA FLOR DE NAY,9M,ACTIVO,CKU646 ,3,VL28,22NJ,3,0,0,0,0,23,E23,18,,,,1,9ND2R,2025-12-05 12:09:00,2025-12-05 10:29:43,6403,L,GAPRM,CKU646 ,0,Nor,60,MEDID NO TRABAJA,60,S,GSC
2025-12-01 00:00:00,786820401011,65,DW,03,B,16,651,SARH DIST RIEGO 48            ,9M,ACTIVO,MV916L ,3,KL28,20KE,652,30,0,0,0,23,E23,18,,,,1,9ND2R,2025-12-08 10:21:00,2025-12-08 09:16:26,6501,L,9ND4A,MV916L ,0,Nor,50,CASA CERRADA,50,S,GSC
2025-12-01 00:00:00,786821000231,26,DW,03,B,31,267,KU TEH HUMBERTO               ,1C,ACTIVO,GG5658 ,1,F121,82EG,4708,0,0,0,0,23,E23,18,,,,1,9ND2R,2025-12-17 12:42:00,2025-12-17 10:02:54,2626,L,GA8NN,GG5658 ,599,Nor,  ,,FR,S,GSC
2025-12-01 00:00:00,786930500066,20,DW,03,B,23,201,CARLOS ARAUJO COYOC           ,02,ACTIVO,M25Y16 ,2,F121,93F5,11600,107,0,0,0,23,E23,18,,,,1,9ND2R,2025-12-12 13:22:00,2025-12-12 08:26:27,2026,L,9ND4A,M25Y16 ,1246,Nor,  ,,FR,S,GSC
2025-12-01 00:00:00,786930500252,64,DW,03,B,32,004,UNIDAD CHUN CULUL             ,9M,CORTADO,GEC248 ,3,KL28,22NJ,21,13,0,0,0,23,E23,18,,,,1,9ND2R,2025-12-05 12:10:00,2025-12-05 10:20:37,6403,L,GAPRM,GEC248 ,99991,Opt,  ,,,,GSC
2025-12-01 00:00:00,786991001089,40,DW,03,B,14,404,TUN MARIN FILIBERTO           ,1D,ACTIVO,6DL407 ,1,F121,98GG,23282,250,0,0,0,23,E23,18,,,,1,9ND2R,2025-12-29 10:44:00,2025-12-29 09:49:37,4002,L,R9855,6DL407 ,1223,Nor,  ,,FR,S,GSC
2025-12-01 00:00:00,787020300795,18,DW,03,C,65,183,MAY DZIB SANTOS ALEJANDRO     ,1B,ACTIVO,0J3U84 ,1,F121,01GG,25209,137,0,0,0,23,E23,18,,,,1,9ND2R,2025-12-11 18:22:00,2025-12-11 13:05:55,1802,L,GA6WN,0J3U84 ,10096,Nor,  ,,FR,S,GSC
2025-12-01 00:00:00,787010600341,32,DW,03,C,74,321,MAY CHI LUIS ALFONSO          ,1C,ACTIVO,9F4K50 ,1,F121,01GG,28966,301,0,0,0,23,E23,18,,,,1,9ND2R,2025-12-22 14:49:00,2025-12-22 15:50:41,3227,M,GA6WN,9F4K50 ,1301,Nor,  ,,FR,S,GSC
2025-12-01 00:00:00,787051100778,18,DW,03,C,65,183,CARMONA BARREDO CRISTIAN BEREN,1B,ACTIVO,6F84T3 ,2,F621,03F3,67352,331,0,0,0,23,E23,18,,,,1,9ND2R,2025-12-11 18:23:00,2025-12-11 08:44:18,1802,L,GA6WN,6F84T3 ,1331,Nor,  ,,,,GSC
2025-12-01 00:00:00,787130600239,38,DW,03,C,78,001,TZUC CANUL NORMA EMILIA       ,02,ACTIVO,T39U38 ,2,F621,93F3,29995,42,0,0,0,23,E23,18,,,,1,9ND2R,2025-12-26 08:29:00,2025-12-26 17:20:28,3827,L,GA6WN,T39U38 ,1042,Nor,  ,,FR,S,GSC
2025-12-01 00:00:00,787251200301,30,DW,03,C,73,002,KU PUCH EMILIO DE JESUS       ,1C,ACTIVO,PCW837 ,1,F123,24NX,11,11,0,0,0,23,E23,2,,,,1,9ND2R,2025-12-19 18:47:00,,,,,,,,,,,,GSC
2025-12-01 00:00:00,787811200069,18,DW,03,C,65,183,CHAN POOT JOSE SANTOS         ,1B,ACTIVO,3BCV07 ,2,F623,25P2,70,70,0,0,0,23,E23,18,,,,1,9ND2R,2025-12-11 18:24:00,2025-12-11 12:15:27,1802,L,GA6WN,GV6464 ,206,Nor,  ,,,,GSC
2025-12-01 00:00:00,787941000096,66,DW,03,C,74,661,CFE ZTYUC REPETIDOR CALCETOK  ,02,ACTIVO,434TRX ,3,KL28,16KE,83073,961,0,0,0,23,E23,18,,,,1,9ND2R,2025-12-09 18:06:00,2025-12-09 14:36:37,6602,L,GA6WN,434TRX ,5600,Nor,  ,,LM,S,GSC
2025-12-01 00:00:00,787980700101,32,DW,03,C,74,321,JULIO CIRILO PECH EUAN        ,1C,ACTIVO,7DW267 ,1,F121,98GG,27797,166,0,0,0,23,E23,18,,,,1,9ND2R,2025-12-22 14:49:00,2025-12-22 15:40:15,3227,M,GA6WN,7DW267 ,1166,Nor,  ,,FR,S,GSC
2025-12-01 00:00:00,788010700791,28,DW,03,D,08,001,COMITE DE AGUA POTABLE        ,06,ACTIVO,PY755F ,3,KL28,21KE,3133,132,0,0,0,23,E23,18,,,,1,9ND2R,2025-12-18 14:18:00,2025-12-18 13:45:29,2826,L,GAEMM,PY755F ,97004,Opt,  ,,,,GSC
2025-12-01 00:00:00,788011001501,16,DW,03,D,61,001,ESPEJO SERRALTA CARLOS ESRIQUE,1C,ACTIVO,AWC972 ,1,F123,22NX,2911,220,0,0,0,23,E23,18,,,,1,9ND2R,2025-12-10 18:05:00,2025-12-10 10:38:32,1626,L,9EMGH,AWC972 ,0,Nor,53,UI SERV DIRECTO,53,S,GSC
2025-12-01 00:00:00,788060400071,16,DW,03,D,06,001,H  AYUNTAMIENTO DE TEKAX      ,5A,ACTIVO,Y176BG ,1,F623,19NU,16052,400,0,0,0,23,E23,18,,,,1,9ND2R,2025-12-10 18:04:00,2025-12-10 09:05:03,1626,L,9EMGH,Y176BG ,0,Nor,53,UI SERV DIRECTO,53,S,GSC
2025-12-01 00:00:00,788180300089,18,DW,03,D,45,181,COMEDOR COMUNITARIO           ,02,CORTADO,J082MG ,2,F622,17LM,1800,50,0,0,0,23,E23,18,,,,1,9ND2R,2025-12-11 12:19:00,2025-12-11 11:24:10,1827,M,9EMGH,J082MG ,0,Nor,53,UI SERV DIRECTO,53,S,GSC
2025-12-01 00:00:00,788220300362,67,DW,03,D,16,963,AVILEZ BUENFIL RITA OFELIA    ,1C,ACTIVO,XP908G ,1,F123,21NT,12350,197,0,0,0,23,E23,18,,,,1,9ND2R,2025-12-10 18:46:00,2025-12-10 09:16:40,6701,L,GA8NN,XP908G ,0,Nor,59,DISPLAY APAGADO,59,S,GSC
2025-12-01 00:00:00,789131204194,08,DW,04,B,23,085,LEON COJ LUIS ALONZO          ,02,ACTIVO,GEE089 ,3,KL28,22NJ,1186,859,0,0,0,0,,18,,,,1,9MCF6,2025-12-04 10:47:00,2025-12-04 11:26:41,0828,M,9BBLV,GEE089 ,-98718,Nor,  ,,LM,S,GSC
2025-12-01 00:00:00,789900501725,06,DW,04,A,01,064,ALMADA MONDACA ROSARIO        ,1F,ACTIVO,3G4J93 ,1,F121,01GG,20821,141,0,0,0,23,E23,2,,,,1,9MCF6,2025-12-03 14:45:00,2025-12-03 15:18:09,0652,N,9EME2,3G4J93 ,0,Nor,5X,RUTA INCOMPLETA,,,GSC
2025-12-01 00:00:00,790060300985,20,DW,04,C,58,202,LOPEZ BARRIOS ZOILA           ,1F,ACTIVO,1L217Y ,1,F121,05JF,23727,58,0,0,0,23,E23,18,,,,1,9MCF6,2025-12-12 15:05:00,2025-12-12 10:53:44,2027,M,R9658,1L217Y ,1058,Nor,  ,,FR,S,GSC
2025-12-01 00:00:00,790200301006,69,DW,04,C,35,068,ALTAN REDES SAPI DE CV        ,67,ACTIVO,GEL932 ,3,KL28,22NJ,10938,389,0,0,0,23,E23,18,,,,1,9MCF6,2025-12-12 12:41:00,2025-12-12 13:23:50,6901,L,9EMLY,GEL932 ,90554,Opt,  ,,,,GSC
2025-12-01 00:00:00,790210200666,10,DW,04,C,32,124,CHIGUIL CAMACHO MIGUEL ANGEL  ,1F,ACTIVO,LF719W ,1,F123,20NT,16489,1459,0,0,0,23,E23,18,,,,1,9MCF6,2025-12-05 16:24:00,2025-12-09 13:32:28,1052,R,9EMLW,LF719W ,397,Nor,  ,,,,GSC
2025-12-01 00:00:00,790750307842,26,DW,04,C,35,261,GUADALUPE MUT                 ,1F,ACTIVO,4AYF59 ,2,F623,25P2,0,0,0,0,0,23,E23,18,,,,1,9MCF6,2025-12-17 13:08:00,2025-12-17 09:40:21,2627,M,9EMLY,YP946L ,2554,Opt,  ,,,,GSC
2025-12-01 00:00:00,790930100154,06,DW,04,C,56,001,ALEGRIA MORALES MAXIMILIA     ,1F,ACTIVO,PHW958 ,1,F123,24NX,0,0,0,0,0,23,E23,18,,,,1,9MCF6,2025-12-03 12:00:00,2025-12-04 22:24:03,0651,R,9EMLW,609RL8 ,397,Nor,  ,,,,GSC
2025-12-01 00:00:00,791000257084,06,DW,04,D,55,061,JIMENEZ CRUZ CLAUDIA          ,1F,ACTIVO,46TJ97 ,1,F121,08JL,27071,368,0,0,0,0,,18,,,,1,9MCF6,2025-12-03 10:49:00,2025-12-03 07:32:24,0626,L,GA8WN,46TJ97 ,10368,Nor,  ,,FR,S,GSC
2025-12-01 00:00:00,791920300411,32,DW,04,D,56,321,COLUMBIA CAN CEH              ,02,ACTIVO,K40R36 ,2,F621,92F3,97344,915,0,0,0,23,E23,18,,,,1,9MCF6,2025-12-22 18:25:00,2025-12-22 17:19:48,3251,R,GA0WN,K40R36 ,0,Nor,31,SERVICIO SIN USO,,,GSC
2025-12-01 00:00:00,791960400248,34,DW,04,D,48,010,JULIAN CHABLE UC              ,1F,ACTIVO,D701B5 ,1,F121,95F5,32913,153,0,0,0,23,E23,18,,,,1,9MCF6,2025-12-23 09:21:00,2025-12-23 08:25:21,3426,L,GA0WN,D701B5 ,1153,Nor,  ,,FR,S,GSC
2025-12-01 00:00:00,792191000459,34,DW,04,E,90,001,DZIB CAHUICH JOSE MARTIN      ,1F,ACTIVO,13X05K ,1,F12H,11KU,12417,219,0,0,0,23,E23,18,,,,1,9MCF6,2025-12-23 11:08:00,2025-12-23 14:00:11,3426,L,9P149,13X05K ,99949,Nor,  ,,FR,S,GSC
2025-12-01 00:00:00,792870100187,34,DW,04,E,71,001,COB CANCHE JOSE EMILIANO      ,1F,ACTIVO,57BH40 ,1,F121,06JL,32591,190,0,0,0,23,E23,18,,,,1,9MCF6,2025-12-23 09:22:00,2025-12-23 12:05:21,3427,L,GA8MN,57BH40 ,90190,Nor,  ,,FR,S,GSC
2025-12-01 00:00:00,792961000134,06,DW,04,E,61,001,CASTELLON BECERRA ISIDRO      ,1F,ACTIVO,E747M5 ,1,F121,95F5,37245,175,0,0,0,23,E23,18,,,,1,9MCF6,2025-12-03 12:02:00,2025-12-03 10:22:36,0626,L,9NCVL,E747M5 ,69117,Nor,  ,,FR,S,GSC
2025-12-01 00:00:00,793251101019,24,DW,04,F,13,241,MONTEJO VELAZQUEZ CRISTOBAL   ,1F,ACTIVO,6BCN10 ,2,F623,25P2,14,14,0,0,0,23,E23,18,,,,1,9MCF6,2025-12-16 15:01:00,2025-12-16 14:24:25,2428,L,9ND76,6BCN10 ,0,Nor,51,NO ENCONTRE DOMI,,,GSC
2025-12-01 00:00:00,793870400250,20,DW,04,F,09,201,PECH TUZ OSCAR JESUS          ,1F,ACTIVO,55A3N9 ,1,F121,08JL,11758,318,0,0,0,23,E23,18,,,,1,9MCF6,2025-12-12 15:32:00,2025-12-12 11:35:40,2027,L,R9655,55A3N9 ,1318,Nor,  ,,FR,S,GSC
2025-12-01 00:00:00,793970100415,04,DW,04,F,11,043,GARCIA AVALOS SALVADOR        ,1F,ACTIVO,23WF69 ,1,F121,08JL,18537,71,0,0,0,23,E23,18,,,,1,9MCF6,2025-12-02 14:52:00,2025-12-02 09:18:26,0429,L,R9655,23WF69 ,94019,Nor,  ,,FR,S,GSC
2025-12-01 00:00:00,795030801388,36,DW,05,A,01,361,GOMEZZ FERRER RAMIRO          ,1F,ACTIVO,5B13J5 ,1,F121,03GG,41231,0,0,0,0,23,E23,18,,,,1,9ND2K,2025-12-29 12:44:00,2025-12-26 06:55:44,3604,M,G81DP,5B13J5 ,86611,Nor,  ,,FR,S,GSC
2025-12-01 00:00:00,795040303424,02,DW,05,A,01,206,HERNANDEZ MORA REINA GPE      ,1F,ACTIVO,7N87J7 ,1,F121,04GG,29921,0,0,0,0,23,E23,18,,,,1,9ND2K,2025-12-03 16:51:00,2025-12-01 08:39:24,0203,M,9ND9F,7N87J7 ,23603,Nor,  ,,FR,S,GSC
2025-12-01 00:00:00,795050201603,10,DW,05,A,01,285,HERNANDEZ BANOS ELIAS J       ,1F,ACTIVO,8X61V1 ,1,F121,04GG,13220,30,0,0,0,23,E23,18,,,,1,9ND2K,2025-12-08 12:55:00,2025-12-05 07:46:29,1004,M,9JRBH,8X61V1 ,99930,Nor,  ,,FR,S,GSC
2025-12-01 00:00:00,797960200344,02,DW,06,B,19,191,PAT TAMAYO EVELIA             ,1B,ACTIVO,C206V8 ,1,F121,95F5,37162,195,0,0,0,951,LECT NEGATIVA,18,,,,1,9BBEG,2025-12-03 14:08:00,2025-12-01 09:48:13,0226,M,9EMEK,C206V8 ,99187,Nor,  ,,FR,S,GSC
2025-12-01 00:00:00,797991000335,36,DW,06,B,01,341,MIS MAY SEBASTIAN             ,1B,ACTIVO,8HR972 ,1,F121,98GG,69509,29,0,0,0,23,E23,18,,,,1,9BBEG,2025-12-26 18:29:00,2025-12-26 09:45:09,3601,L,9EMEK,8HR972 ,99929,Nor,  ,,FR,S,GSC
2025-12-01 00:00:00,798060200469,38,DW,06,C,54,541,ERNESTO CASTANIEDA CANO       ,1C,ACTIVO,9N358G ,1,F121,06JL,41313,569,0,0,0,23,E23,18,,,,1,9BBEG,2025-12-26 11:49:00,2025-12-26 11:33:17,3826,L,9EMKF,9N358G ,1569,Nor,  ,,FR,S,GSC
2025-12-01 00:00:00,798090100108,26,DW,06,C,43,432,CHI COCOM CECILIO             ,1C,ACTIVO,78A8N2 ,1,F121,08JL,23052,336,0,0,0,23,E23,18,,,,1,9BBEG,2025-12-17 13:25:00,2025-12-17 10:12:16,2626,M,9EMKF,78A8N2 ,90336,Nor,  ,,FR,S,GSC
2025-12-01 00:00:00,798210600606,65,DW,06,A,01,653,GDC DATACOMM S A DE C V       ,02,ACTIVO,MX275B ,3,KL28,20KE,11130,1641,0,0,0,951,LECT NEGATIVA,18,,,,1,9BBEG,2025-12-10 08:40:00,2025-12-08 07:39:21,6503,L,G92BA,MX275B ,64947,Opt,  ,,,,GSC
2025-12-01 00:00:00,798780600553,34,DW,06,C,08,342,FRANCISCO MAY                 ,1C,ACTIVO,W45X36 ,1,F121,94F5,19005,222,0,0,0,23,E23,18,,,,1,9BBEG,2025-12-23 10:33:00,2025-12-24 14:07:06,3426,L,GA27N,W45X36 ,10222,Nor,  ,,FR,S,GSC
2025-12-01 00:00:00,798840600167,26,DW,06,C,43,432,ESTRELLA DORANTES TEODORO     ,1C,ACTIVO,4DC307 ,1,F121,98GG,58328,610,0,0,0,23,E23,18,,,,1,9BBEG,2025-12-17 13:24:00,2025-12-17 09:08:51,2626,M,9EMKF,4DC307 ,10610,Nor,  ,,FR,S,GSC
2025-12-01 00:00:00,796911101695,36,DW,06,A,03,031,DOMINGUEZ MORALES JESUS       ,1B,ACTIVO,4KN863 ,1,F121,99GG,68026,366,0,0,0,23,E23,18,,,,1,9BBEG,2025-12-26 09:03:00,2025-12-27 13:23:35,3651,R,9MCJT,4KN863 ,99366,Nor,  ,,FR,S,GSC
2025-12-01 00:00:00,796911101709,36,DW,06,A,03,031,PEREZ C ADOLFO                ,1B,ACTIVO,5KN307 ,1,F121,99GG,28875,348,0,0,0,23,E23,18,,,,1,9BBEG,2025-12-26 10:53:00,2025-12-27 11:23:12,3651,R,9MCJT,5KN307 ,1348,Nor,  ,,FR,S,GSC
2025-12-01 00:00:00,796920401111,30,DW,06,A,01,304,IC GUARDIA EDUARDO            ,1D,ACTIVO,V6M443 ,1,F121,91F5,59890,89,0,0,0,951,LECT NEGATIVA,18,,,,1,9BBEG,2025-12-23 09:21:00,2025-12-19 12:12:11,3004,M,R9723,V6M443 ,99075,Nor,  ,,FR,S,GSC
2025-12-01 00:00:00,796920801110,34,DW,06,A,01,342,GARRIDO CHI JOSE ISAIAS       ,1D,ACTIVO,D69N54 ,2,F621,91F3,80386,764,0,0,0,23,E23,18,,,,1,9BBEG,2025-12-23 07:34:00,2025-12-23 14:56:33,3401,M,R9718,D69N54 ,90864,Nor,  ,,FR,S,GSC
2025-12-01 00:00:00,796980301132,12,DW,06,A,01,122,LOPEZ HERNANDEZ TOMAS         ,1D,ACTIVO,4AU522 ,1,F121,97F5,69192,827,0,0,0,23,E23,18,,,,1,9BBEG,2025-12-08 14:52:00,2025-12-08 08:05:16,1201,M,9ND4X,4AU522 ,99827,Nor,  ,,FR,S,GSC
2025-12-01 00:00:00,796980501093,24,DW,06,A,01,242,BRAVO MEZA GERONIMA           ,1D,ACTIVO,1BY757 ,1,F121,98F5,50113,337,0,0,0,23,E23,18,,,,1,9BBEG,2025-12-16 11:47:00,2025-12-16 13:02:59,2402,M,R9907,1BY757 ,99337,Nor,  ,,FR,S,GSC
2025-12-01 00:00:00,796990304296,38,DW,06,A,30,301,MORALES MARTINEZ DAVID        ,1C,ACTIVO,5MM020 ,1,F121,98GG,30164,19,0,0,0,951,LECT NEGATIVA,18,,,,1,9BBEG,2025-12-30 09:29:00,2025-12-26 12:44:22,3827,L,R9723,5MM020 ,99981,Nor,  ,,FR,S,GSC
2025-12-01 00:00:00,797000455925,36,DW,06,B,01,341,CHAN PUC VICTORIANO           ,1B,ACTIVO,4CET61 ,2,F623,25P3,0,0,0,0,0,23,E23,18,,,,1,9BBEG,2025-12-26 18:30:00,2025-12-26 10:05:48,3601,L,9EMEK,7PR161 ,271,Nor,  ,,,,GSC
2025-12-01 00:00:00,797100700722,02,DW,06,B,19,191,TAMAYO PAT LIDIA              ,1B,ACTIVO,65FA70 ,1,F121,07JL,8758,130,0,0,0,23,E23,18,,,,1,9BBEG,2025-12-01 14:39:00,2025-12-01 07:04:55,0226,M,9EMEK,65FA70 ,10130,Nor,  ,,FR,S,GSC
2025-12-01 00:00:00,797120100047,26,DW,06,B,31,312,GONZALES HERNANDEZ ROSA LEYDI ,1B,ACTIVO,22P40J ,1,F12H,10KU,21498,121,0,0,0,23,E23,18,,,,1,9BBEG,2025-12-17 18:43:00,2025-12-17 08:14:50,2626,L,9EMEK,22P40J ,78624,Nor,44,NUM MEDID DESIGU,44,S,GSC
2025-12-01 00:00:00,797170201014,03,DW,06,B,01,031,UITZIL COB RAQUEL DEL ROCIO   ,1B,ACTIVO,3BCK73 ,2,F623,25P2,0,0,0,0,0,23,E23,18,,,,1,9BBEG,2025-12-30 12:27:00,,,,,,,,,,,,GSC
2025-12-01 00:00:00,798090301481,38,DW,06,C,55,551,INTERIAN MEJIA FERMIN LORENZO ,1C,ACTIVO,44C4K2 ,2,F621,08KG,9703,84,0,0,0,23,E23,18,,,,1,9BBEG,2025-12-26 11:51:00,2025-12-26 10:18:32,3826,L,9EMKF,44C4K2 ,99984,Nor,  ,,FR,S,GSC
2025-12-01 00:00:00,798160800323,69,DW,06,C,14,781,SALAZAR GOMEZ REYNALDO        ,9C,ACTIVO,PJ074F ,3,KL28,20KE,42670,8,0,0,0,23,E23,18,,,,1,9BBEG,2025-12-11 15:12:00,2025-12-12 08:32:44,6901,L,G92BY,PJ074F ,0,Nor,64,P. INFRARROJO/MED. D,64,S,GSC
2025-12-01 00:00:00,798850700143,32,DW,06,C,44,442,XOOL HU RICARDO               ,1C,ACTIVO,RW9631 ,1,F121,84EG,2085,389,0,0,0,23,E23,18,,,,1,9BBEG,2025-12-22 09:40:00,2025-12-22 09:01:56,3227,M,GA27N,RW9631 ,9389,Nor,  ,,LN,S,GSC
2025-12-01 00:00:00,798971000475,30,DW,06,C,44,441,XOOL CETZ PEDRO               ,1C,ACTIVO,T99G22 ,1,F121,93F5,67981,617,0,0,0,23,E23,18,,,,1,9BBEG,2025-12-19 12:46:00,2025-12-19 08:32:03,3026,M,9EMKF,T99G22 ,1617,Nor,  ,,FR,S,GSC
2025-12-01 00:00:00,799081000407,40,DW,06,D,52,521,FRANCISCO LUISA MOISES        ,1B,ACTIVO,15TJ34 ,1,F121,08JL,19970,304,0,0,0,23,E23,18,,,,1,9BBEG,2025-12-29 10:01:00,2025-12-29 12:34:18,4027,L,GAT5M,15TJ34 ,91304,Nor,  ,,FR,S,GSC
2025-12-01 00:00:00,799111000059,24,DW,06,D,14,140,SECA CAL SANDRA ELIZABETH     ,1C,ACTIVO,38NM77 ,2,F621,07F3,5407,108,0,0,0,23,E23,18,,,,1,9BBEG,2025-12-16 12:36:00,2025-12-16 07:44:56,2427,L,GAT5M,38NM77 ,99603,Nor,  ,,FR,S,GSC
2025-12-01 00:00:00,799130400386,24,DW,06,D,14,140,KUIKEN CARLA LOUISE           ,1C,ACTIVO,08NG16 ,2,F621,07F3,33721,92,0,0,0,23,E23,18,,,,1,9BBEG,2025-12-16 12:36:00,2025-12-16 09:08:05,2427,L,GAT5M,08NG16 ,66761,Nor,44,NUM MEDID DESIGU,44,S,GSC
2025-12-01 00:00:00,799951100071,32,DW,06,D,33,330,PERAZA JOSE EMILIO            ,1B,ACTIVO,0F9U65 ,1,F121,01GG,21551,41,0,0,0,23,E23,18,,,,1,9BBEG,2025-12-22 15:28:00,2025-12-22 11:25:00,3227,L,G92BA,0F9U65 ,3641,Nor,  ,,FR,S,GSC
2025-12-01 00:00:00,799960101021,32,DW,06,D,33,330,SEQ 23DPR0278T BENITO JUAREZ  ,02,ACTIVO,V650U9 ,1,F121,97F5,50997,115,0,0,0,23,E23,18,,,,1,9BBEG,2025-12-22 15:28:00,2025-12-22 11:17:28,3227,L,G92BA,V650U9 ,99315,Nor,  ,,FR,S,GSC
2025-12-01 00:00:00,800010401417,76,DW,07,A,61,611,GPO AGROP SUCILA SPR DE RL CV ,1B,ACTIVO,U217XW ,2,F623,18NN,1517,0,0,0,0,23,E23,18,,,,1,9MCJD,2025-12-23 14:02:00,2025-12-23 12:26:26,7602,L,9JRAJ,U217XW ,0,Nor,50,CASA CERRADA,50,S,GSC
2025-12-01 00:00:00,800011201551,78,DW,07,A,06,006,LUGO MENDEZ ANGEL ESAU        ,9M,CORTADO,MW078X ,3,KL28,20KE,12853,0,0,0,0,23,E23,18,,,,1,9MCJD,2025-12-26 13:47:00,2025-12-26 12:52:50,7801,L,9MC6T,MW078X ,87253,Nor,44,NUM MEDID DESIGU,44,S,GSC
2025-12-01 00:00:00,800030500136,76,DW,07,A,12,001,DZUL TUN IRMA NOEMI           ,9C,ACTIVO,MW073X ,3,KL28,20KE,27532,0,0,0,0,23,E23,18,,,,1,9MCJD,2025-12-23 13:47:00,2025-12-23 09:50:10,7601,L,9ND6Y,MW073X ,0,Nor,50,CASA CERRADA,50,S,GSC
2025-12-01 00:00:00,800031202988,10,DW,07,A,24,242,CEME KU EPIFANIO              ,1B,ACTIVO,AWL076 ,1,F123,22NX,2637,277,0,0,0,23,E23,18,,,,1,9MCJD,2025-12-05 11:37:00,2025-12-05 11:46:59,1026,L,9JRAJ,AWL076 ,13144,Nor,  ,,FR,S,GSC
2025-12-01 00:00:00,800040600431,12,DW,07,A,10,104,CEME EUAN DALIA RUBI          ,1B,ACTIVO,1T53D5 ,1,F121,04GG,38811,466,0,0,0,23,E23,18,,,,1,9MCJD,2025-12-10 16:54:00,2025-12-08 12:49:53,1226,L,9JR0E,1T53D5 ,932,Nor,  ,,FR,S,GSC
2025-12-01 00:00:00,800060400080,14,DW,07,A,15,004,UICAB CANCHE URIEL            ,1B,ACTIVO,8N565G ,1,F121,06JL,16063,54,0,0,0,23,E23,18,,,,1,9MCJD,2025-12-09 15:07:00,2025-12-09 14:53:01,1428,L,9MCAW,8N565G ,99054,Nor,  ,,FR,S,GSC
2025-12-01 00:00:00,800070200551,18,DW,07,A,05,181,CAUICH CHAN ELIAS             ,1B,ACTIVO,GCC627 ,1,F123,23NX,0,0,0,0,0,23,E23,18,,,,1,9MCJD,2025-12-11 14:05:00,2025-12-11 11:32:05,1803,L,9MCAW,67DR20 ,186,Nor,  ,,,,GSC
2025-12-01 00:00:00,800070401343,14,DW,07,A,15,004,CANCHE CHAN MARIA ELENA       ,1B,ACTIVO,86DM93 ,1,F121,06JL,8785,0,0,0,0,23,E23,18,,,,1,9MCJD,2025-12-09 15:09:00,2025-12-09 11:58:11,1428,L,9MCAW,86DM93 ,1000,Nor,  ,,FR,S,GSC
2025-12-01 00:00:00,800080400043,20,DW,07,A,29,001,BALAM PUC MARIA JACINTA       ,1B,ACTIVO,77LJ38 ,1,F121,07JL,14046,94,0,0,0,23,E23,18,,,,1,9MCJD,2025-12-12 13:06:00,2025-12-12 08:38:32,2026,L,9JRAJ,77LJ38 ,99094,Nor,  ,,FR,S,GSC
2025-12-01 00:00:00,800080400060,20,DW,07,A,29,001,BALAM CHIMAL BENJAMIN SALVADOR,1B,ACTIVO,67JD47 ,1,F121,07JL,20905,193,0,0,0,23,E23,18,,,,1,9MCJD,2025-12-12 13:05:00,2025-12-12 08:39:41,2026,L,9JRAJ,67JD47 ,99293,Nor,  ,,FR,S,GSC
2025-12-01 00:00:00,800080400221,24,DW,07,A,28,001,ANGELA CAN POMOL              ,1B,CORTADO,L295UF ,1,F122,18LN,1924,0,0,0,0,23,E23,18,,,,1,9MCJD,2025-12-16 07:38:00,2025-12-17 14:05:37,2451,R,9JRAJ,L295UF ,98204,Nor,  ,,,,GSC
2025-12-01 00:00:00,800091001418,28,DW,07,A,06,062,SOSA GARCIA YOLANDA           ,1B,ACTIVO,8G7T73 ,1,F121,01GG,28380,0,0,0,0,23,E23,18,,,,1,9MCJD,2025-12-18 14:19:00,2025-12-18 11:55:07,2827,M,9MC6T,8G7T73 ,76027,Nor,44,NUM MEDID DESIGU,44,S,GSC
2025-12-01 00:00:00,800100201778,20,DW,07,A,29,001,BALAM CAB JOSE LEONARDO       ,1B,ACTIVO,3MM091 ,1,F121,98GG,21053,103,0,0,0,23,E23,18,,,,1,9MCJD,2025-12-12 14:32:00,2025-12-12 08:45:03,2026,L,9JRAJ,3MM091 ,90103,Nor,  ,,FR,S,GSC
2025-12-01 00:00:00,800110401678,68,DW,07,A,09,001,RODRIGUEZ CONRADO DOMINGO     ,02,ACTIVO,68X5C8 ,3,FD2H,09KV,3713,0,0,0,0,23,E23,18,,,,1,9MCJD,2025-12-11 15:41:00,2025-12-11 10:46:01,6801,L,9JR0E,68X5C8 ,0,Nor,52,COMUNICACION INTERRU,52,S,GSC
2025-12-01 00:00:00,787040200304,30,DW,03,C,73,003,CHAN DZUL MIGUEL ANGEL        ,1C,ACTIVO,7H32T4 ,1,F121,03GG,24980,187,0,0,0,23,E23,18,,,,1,9ND2R,2025-12-19 18:56:00,2025-12-19 08:39:46,3027,M,9MCCY,7H32T4 ,4187,Nor,  ,,FR,S,GSC
2025-12-01 00:00:00,787060400571,65,DW,03,C,88,651,H  AYUNTAMIENTO HALACHO       ,02,ACTIVO,4P717D ,1,F121,06JL,13654,332,0,0,0,23,E23,18,,,,1,9ND2R,2025-12-08 18:04:00,2025-12-08 13:36:04,6502,L,GA6WN,4P717D ,1332,Nor,  ,,FR,S,GSC
2025-12-01 00:00:00,787060600694,06,DW,03,C,90,002,CEN CANUL JOSE DE JESUS       ,1B,ACTIVO,4V470A ,1,F121,06JL,25620,275,0,0,0,23,E23,18,,,,1,9ND2R,2025-12-03 18:56:00,2025-12-03 12:43:08,0627,L,GA6WN,4V470A ,6905,Nor,  ,,FR,S,GSC
2025-12-01 00:00:00,787751001380,38,DW,03,C,78,001,MARIANO CHAN MAY              ,1C,ACTIVO,K5989C ,1,F121,75AM,52307,352,0,0,0,23,E23,18,,,,1,9ND2R,2025-12-26 08:28:00,2025-12-26 14:33:33,3827,L,GA6WN,K5989C ,62215,Nor,  ,,FR,S,GSC
2025-12-01 00:00:00,787821200041,18,DW,03,C,65,183,BAAK MOO ERMILO               ,1B,ACTIVO,FN8200 ,1,F121,82EG,1303,3,0,0,0,23,E23,18,,,,1,9ND2R,2025-12-11 18:23:00,2025-12-11 12:29:24,1802,L,GA6WN,FN8200 ,414,Nor,  ,,FR,S,GSC
2025-12-01 00:00:00,789080200580,24,DW,04,B,23,242,ESCOBAR CAAMAL MARGELY DEL JES,1F,ACTIVO,Y485LM ,2,F623,19NU,5766,366,0,0,0,23,E23,18,,,,1,9MCF6,2025-12-16 14:29:00,2025-12-16 12:36:15,2402,L,9MCJG,Y485LM ,20679,Nor,  ,,FR,S,GSC
2025-12-01 00:00:00,789810900493,18,DW,04,B,23,183,MANUEL POOL PACHECO           ,1F,ACTIVO,NR6258 ,1,F121,84EG,9751,109,0,0,0,23,E23,18,,,,1,9MCF6,2025-12-11 13:01:00,2025-12-11 13:58:07,1801,M,GAGCM,NR6258 ,1109,Nor,  ,,LN,S,GSC
2025-12-01 00:00:00,789990103995,12,DW,04,B,23,122,ORTIZ OLIVARES LUIS FERNANDO  ,1F,ACTIVO,8CJ265 ,1,F121,98F5,53002,777,0,0,0,23,E23,18,,,,1,9MCF6,2025-12-08 14:07:00,2025-12-08 08:55:05,1226,M,9BBCL,8CJ265 ,2762,Nor,  ,,FR,S,GSC
2025-12-01 00:00:00,795091203521,24,DW,05,A,01,241,DEL CARMEN AGUILAR JOSE       ,1F,CORTADO,914CYC ,1,F122,15LN,51540,466,0,0,0,23,E23,18,,,,1,9ND2K,2025-12-17 14:06:00,2025-12-16 07:53:50,2401,M,9JRDH,914CYC ,79085,Nor,44,NUM MEDID DESIGU,44,S,GSC
2025-12-01 00:00:00,795130902238,02,DW,05,A,01,206,MIGUEL ANLEHU ROSA ELENA      ,1F,ACTIVO,75W91E ,2,F62H,11KN,12060,1213,0,0,0,951,LECT NEGATIVA,18,,,,1,9ND2K,2025-12-02 20:18:00,2025-12-01 06:38:48,0203,M,9ND9F,75W91E ,99107,Opt,  ,,,,GSC
2025-12-01 00:00:00,795150714063,24,DW,05,A,01,122,AVBILA CANUL FAUSTINA DEL CARM,1F,ACTIVO,309EBV ,2,F622,15LM,65330,1183,0,0,0,23,E23,18,,,,1,9ND2K,2025-12-17 13:33:00,2025-12-16 08:52:11,2402,M,GAT8M,309EBV ,35853,Nor,44,NUM MEDID DESIGU,44,S,GSC
2025-12-01 00:00:00,795941100735,16,DW,05,A,01,162,AGUILAR MARTINEZ JOSE         ,1F,ACTIVO,43X8F4 ,2,F621,09L2,6117,735,0,0,0,23,E23,18,,,,1,9ND2K,2025-12-11 13:24:00,2025-12-10 06:40:08,1602,M,9NCUF,43X8F4 ,99596,Nor,  ,,FR,S,GSC
2025-12-01 00:00:00,795981101009,14,DW,05,B,04,043,DAMIAN CRUZ CONCEPCION        ,1F,ACTIVO,1EB783 ,1,F121,98GG,26511,99,0,0,0,23,E23,18,,,,1,9ND2K,2025-12-11 13:19:00,2025-12-09 10:24:18,1426,M,9ND9J,1EB783 ,2099,Nor,  ,,FR,S,GSC
2025-12-01 00:00:00,795990755445,16,DW,05,A,01,161,MARIA M ESTRADA Q             ,1F,CORTADO,7AUW65 ,2,F623,25P2,377,376,0,0,0,23,E23,18,,,,1,9ND2K,2025-12-11 14:00:00,2025-12-10 11:15:30,1601,M,GAT8M,7AUW65 ,376,Opt,  ,,,,GSC
2025-12-01 00:00:00,796001262733,08,DW,06,A,01,082,CORREA GARCIA ROSAURA         ,1D,ACTIVO,0UH130 ,1,F121,99GG,76101,429,0,0,0,23,E23,18,,,,1,9BBEG,2025-12-04 07:04:00,2025-12-04 11:07:59,0802,M,9ND4X,0UH130 ,99429,Nor,  ,,FR,S,GSC
2025-12-01 00:00:00,796010260239,34,DW,06,A,01,342,PAREDES ULLOA MARCO           ,1D,ACTIVO,2WN551 ,1,F121,99GG,51921,292,0,0,0,951,LECT NEGATIVA,18,,,,1,9BBEG,2025-12-26 10:45:00,2025-12-23 09:24:06,3401,M,9P14T,2WN551 ,99885,Nor,41,CRISTAL ROTO,41,S,GSC
2025-12-01 00:00:00,796040803369,71,DW,06,A,23,231,MUNICIPIO DE OTHON P BLANCO   ,02,ACTIVO,J116PP ,2,F622,17LM,240,144,0,0,0,23,E23,18,,,,1,9BBEG,2025-12-16 13:45:00,2025-12-16 13:25:31,7101,L,9MCK8,J116PP ,0,Nor,53,UI SERV DIRECTO,53,S,GSC
2025-12-01 00:00:00,796050703362,04,DW,06,A,25,251,MORALES HERNANDEZ ROSALINA    ,1C,ACTIVO,GGT510 ,1,F123,23NX,4143,400,0,0,0,951,LECT NEGATIVA,18,,,,1,9BBEG,2025-12-04 12:16:00,2025-12-02 07:57:55,0427,L,GAX9M,GGT510 ,99600,Nor,  ,,FR,S,GSC
2025-12-01 00:00:00,796050801381,32,DW,06,A,05,052,MONTIEL ROMERO EMILIANO       ,1B,ACTIVO,9G962X ,1,F121,05JL,16021,130,0,0,0,951,LECT NEGATIVA,18,,,,1,9BBEG,2025-12-24 10:50:00,2025-12-22 07:49:27,3227,L,R9907,9G962X ,99810,Nor,  ,,FR,S,GSC
2025-12-01 00:00:00,796051101714,18,DW,06,A,13,132,BALAM PECH FRANCISCO          ,1B,ACTIVO,1M188C ,1,F121,05JF,41121,48,0,0,0,23,E23,18,,,,1,9BBEG,2025-12-11 12:24:00,2025-12-11 07:33:35,1826,L,9MCJY,1M188C ,1048,Nor,  ,,FR,S,GSC
2025-12-01 00:00:00,796051103598,08,DW,06,A,01,082,LIZAMA EDUARDO                ,1D,ACTIVO,6K615G ,1,F121,05JL,61471,1321,0,0,0,23,E23,18,,,,1,9BBEG,2025-12-04 07:04:00,2025-12-04 10:29:14,0802,M,9ND4X,6K615G ,91321,Nor,  ,,FR,S,GSC
2025-12-01 00:00:00,796060604087,14,DW,06,A,01,142,RIVERO CERVANTES PABLO ARTURO ,1D,ACTIVO,9ANG11 ,1,F123,25NX,1531,1531,0,0,0,23,E23,18,,,,1,9BBEG,2025-12-09 11:47:00,2025-12-09 12:12:03,1401,M,9MCJY,4V341W ,0,Nor,56,NO HAY MEDIDOR,56,S,GSC
2025-12-01 00:00:00,796061002455,69,DW,06,A,03,693,MUNICIPIO DE OTHON P BLANCO   ,5A,ACTIVO,REC378 ,2,F623,24NY,28646,12442,0,0,0,951,LECT NEGATIVA,18,,,,1,9BBEG,2025-12-16 12:40:00,2025-12-12 10:35:39,6902,L,R9964,REC378 ,92378,Opt,  ,,,,GSC
2025-12-01 00:00:00,796070401575,38,DW,06,A,34,341,ROVIRA ROMERO RICARDO R       ,1C,ACTIVO,80DM48 ,1,F121,06JL,18143,139,0,0,0,23,E23,18,,,,1,9BBEG,2025-12-26 10:49:00,2025-12-26 14:47:24,3826,L,R9718,80DM48 ,99139,Nor,  ,,FR,S,GSC
2025-12-01 00:00:00,796070404027,02,DW,06,A,01,022,VELARDE CARHUAS ANATOLI       ,1D,ACTIVO,63DR81 ,1,F121,06JL,27712,90,0,0,0,23,E23,18,,,,1,9BBEG,2025-12-01 19:39:00,2025-12-01 14:45:22,0201,M,GAT5M,63DR81 ,10090,Nor,  ,,FR,S,GSC
2025-12-01 00:00:00,796070703806,30,DW,06,A,01,304,DE JESUS BASILIO DOLORES      ,1D,ACTIVO,PCF493 ,1,F123,24NX,0,0,0,0,0,23,E23,18,,,,1,9BBEG,2025-12-19 10:30:00,2025-12-19 07:13:51,3004,M,R9723,PJN796 ,682,Opt,  ,,,,GSC
2025-12-01 00:00:00,796070801174,32,DW,06,A,04,041,BRICENO ONOFRE EFRAIN         ,1B,SUJETO A CORTE,22HP97 ,1,F121,07JL,49163,907,0,0,0,23,E23,18,,,,1,9BBEG,2025-12-22 11:14:00,2025-12-22 08:20:55,3228,L,R9718,22HP97 ,99907,Nor,  ,,FR,S,GSC
2025-12-01 00:00:00,796070803266,14,DW,06,A,01,142,MEJIA POLANCO LUIS DAVID      ,1D,ACTIVO,24HP23 ,1,F121,07JL,34755,433,0,0,0,23,E23,18,,,,1,9BBEG,2025-12-09 11:38:00,2025-12-09 10:42:04,1401,M,9MCJY,24HP23 ,99833,Nor,  ,,FR,S,GSC
2025-12-01 00:00:00,796081103371,30,DW,06,A,01,305,GOMEZ HERNANDEZ ANGEL         ,1D,ACTIVO,47C7L6 ,2,F621,08KG,61143,643,0,0,0,23,E23,18,,,,1,9BBEG,2025-12-19 10:32:00,2025-12-19 09:38:53,3003,M,R9718,47C7L6 ,90643,Nor,  ,,FR,S,GSC
2025-12-01 00:00:00,796090504630,18,DW,06,A,13,133,SANDOVAL LOPEZ RAUL           ,1B,ACTIVO,6W027N ,1,F121,06JL,11288,130,0,0,0,23,E23,18,,,,1,9BBEG,2025-12-11 12:28:00,2025-12-11 11:53:14,1828,L,GAX9M,6W027N ,9943,Nor,  ,,FR,S,GSC
2025-12-01 00:00:00,796090700242,38,DW,06,A,32,321,PEDRO SANTOS DZUL             ,1C,ACTIVO,75A5N6 ,1,F121,08JL,6698,50,0,0,0,23,E23,18,,,,1,9BBEG,2025-12-26 11:06:00,2025-12-26 09:54:54,3826,L,R9718,75A5N6 ,99890,Nor,  ,,FR,S,GSC
2025-12-01 00:00:00,796100800640,30,DW,06,A,01,305,ROMERO EUAN MARIA DE LA LUZ   ,1D,ACTIVO,J896DP ,2,F622,17LM,25115,60,0,0,0,23,E23,18,,,,1,9BBEG,2025-12-19 10:33:00,2025-12-19 10:55:08,3003,M,R9718,J896DP ,99860,Nor,  ,,FR,S,GSC
2025-12-01 00:00:00,796111102057,34,DW,06,A,01,341,GUERRERO TREJO MAGDALENA      ,02,ACTIVO,43W16B ,2,F62H,11KN,5268,89,0,0,0,951,LECT NEGATIVA,18,,,,1,9BBEG,2025-12-26 10:31:00,2025-12-23 12:04:48,3403,M,R9907,43W16B ,99916,Nor,  ,,FR,S,GSC
2025-12-01 00:00:00,796120405569,04,DW,06,A,24,242,HERNANDEZ HERNANDEZ JOSE MANUE,1C,ACTIVO,72KR06 ,1,F121,07JL,4901,200,0,0,0,23,E23,18,,,,1,9BBEG,2025-12-02 12:22:00,2025-12-02 13:41:55,0426,L,9P134,72KR06 ,99900,Nor,  ,,FR,S,GSC
2025-12-01 00:00:00,796120901329,38,DW,06,A,30,302,NUNEZ MARTINEZ MANUEL         ,1C,ACTIVO,73H5M6 ,1,F12H,09KU,24622,24,0,0,0,23,E23,18,,,,1,9BBEG,2025-12-26 10:42:00,2025-12-26 08:02:59,3827,L,R9723,73H5M6 ,99824,Nor,  ,,FR,S,GSC
2025-12-01 00:00:00,796141201572,20,DW,06,A,01,202,PUC HO BERNALDO               ,1D,ACTIVO,PCF827 ,1,F123,24NX,0,0,0,0,0,23,E23,18,,,,1,9BBEG,2025-12-12 11:51:00,2025-12-12 09:26:19,2005,M,G92BA,018M1E ,397,Opt,  ,,,,GSC
2025-12-01 00:00:00,796151100561,20,DW,06,A,01,205,CORAL SANSORES ABEL           ,1D,ACTIVO,102EGD ,1,F122,15LN,22698,683,0,0,0,23,E23,18,,,,1,9BBEG,2025-12-12 11:55:00,2025-12-12 15:14:47,2004,M,9P14T,102EGD ,78087,Nor,44,NUM MEDID DESIGU,44,S,GSC
2025-12-01 00:00:00,796250400429,14,DW,06,A,01,142,CRUZ RODRIGUEZ JOSE ALFREDO   ,1D,ACTIVO,RBM793 ,2,F623,24NY,3180,511,0,0,0,23,E23,18,,,,1,9BBEG,2025-12-09 14:43:00,2025-12-09 09:50:57,1401,M,9MCJY,RBM793 ,1111,Nor,  ,,FR,S,GSC
2025-12-01 00:00:00,796750310396,30,DW,06,A,01,305,ENEYDA AGUILAR S              ,1D,ACTIVO,9HR116 ,1,F121,98GG,29652,312,0,0,0,23,E23,18,,,,1,9BBEG,2025-12-19 10:35:00,2025-12-19 08:42:01,3003,M,R9718,9HR116 ,70922,Nor,44,NUM MEDID DESIGU,44,S,GSC
2025-12-01 00:00:00,796770600447,36,DW,06,A,02,021,OCTAVIO ACEVEDO               ,1C,ACTIVO,6HF909 ,1,F121,98GG,99119,550,0,0,0,23,E23,18,,,,1,9BBEG,2025-12-26 08:54:00,2025-12-26 10:26:36,3626,L,R9964,6HF909 ,10450,Nor,  ,,FR,S,GSC
2025-12-01 00:00:00,796831200994,08,DW,06,A,01,081,MARIN QUIROS MARTIN JESUS     ,1D,ACTIVO,V36C13 ,1,F121,94F5,64775,0,0,0,0,23,E23,18,,,,1,9BBEG,2025-12-04 11:46:00,2025-12-04 13:02:33,0801,M,9MCJT,V36C13 ,999,Nor,  ,,,,GSC
2025-12-01 00:00:00,795750213262,18,DW,05,A,01,102,MAGANA LANDEROS ROSA          ,1F,ACTIVO,8D27W2 ,2,F421,02GH,84700,620,0,0,0,23,E23,18,,,,1,9ND2K,2025-12-11 18:54:00,2025-12-11 07:08:53,1802,M,9JRBH,8D27W2 ,90620,Nor,  ,,FR,S,GSC
2025-12-01 00:00:00,791750313083,32,DW,04,D,47,321,BASILIO POOT MAY              ,1F,ACTIVO,5RA704 ,1,F121,99GG,10083,99,0,0,0,0,,18,,,,1,9MCF6,2025-12-22 17:36:00,2025-12-22 12:46:14,3227,L,GA0WN,5RA704 ,1114,Nor,  ,,,,GSC
2025-12-01 00:00:00,796890400573,08,DW,06,A,01,083,CASTRO AGUILAR ROGELIO I      ,1D,ACTIVO,H1B651 ,1,F121,88F5,54145,68,0,0,0,23,E23,18,,,,1,9BBEG,2025-12-04 07:16:00,2025-12-04 10:22:33,0803,M,9P134,H1B651 ,99968,Nor,  ,,FR,S,GSC
2025-12-01 00:00:00,796900900189,18,DW,06,A,13,131,MIRNA SALAZAR BLANCO          ,1B,ACTIVO,927ADC ,1,F122,14LN,32064,543,0,0,0,23,E23,18,,,,1,9BBEG,2025-12-11 12:18:00,2025-12-11 06:29:13,1827,L,9MCK8,927ADC ,89626,Nor,  ,,FR,S,GSC
2025-12-01 00:00:00,795160900248,18,DW,05,A,01,102,PAVON PREVE JOSE M            ,1F,ACTIVO,946JJB ,2,F622,15LM,13724,0,0,0,0,23,E23,18,,,,1,9ND2K,2025-12-11 18:55:00,2025-12-11 06:15:06,1802,M,9JRBH,946JJB ,60000,Nor,  ,,FR,S,GSC
2025-12-01 00:00:00,795220401718,74,DW,05,A,01,740,SARAO JIMENEZ BERTHA MARIOLA  ,1F,ACTIVO,GEF305 ,2,F123,23NX,65575,14050,0,0,0,23,E23,18,,,,1,9ND2K,2025-12-22 11:14:00,2025-12-19 07:10:26,7401,L,9JRBH,GEF305 ,69730,Opt,  ,,,,GSC
2025-12-01 00:00:00,795230901816,20,DW,05,A,01,202,ZETINA SANCHEZ ELVA           ,1F,CORTADO,AWT654 ,1,F123,22NX,9031,760,0,0,0,23,E23,18,,,,1,9ND2K,2025-12-15 11:09:00,2025-12-13 10:48:51,2051,R,G81DP,AWT654 ,92659,Nor,  ,,FR,S,GSC
2025-12-01 00:00:00,795250300614,26,DW,05,A,01,265,LOPEZ SAN LUCAS MARIA GUADALUP,1F,ACTIVO,RBX374 ,2,F623,24NY,4624,1089,0,0,0,23,E23,18,,,,1,9ND2K,2025-12-19 13:34:00,2025-12-17 16:21:13,2651,N,GAT8M,RBX374 ,96466,Nor,44,NUM MEDID DESIGU,44,S,GSC
2025-12-01 00:00:00,795251001297,02,DW,05,A,01,207,MUNICIPIO DEL CARMEN CAMPECHE ,02,ACTIVO,3DUY89 ,2,F623,25NY,54,54,0,0,0,23,E23,18,,,,1,9ND2K,2025-12-03 16:16:00,2025-12-01 22:42:35,0251,R,9NCUF,3DUY89 ,0,Nor,51,NO ENCONTRE DOMI,,,GSC
2025-12-01 00:00:00,795750206606,06,DW,05,A,01,062,ADELA MENDOZA                 ,1F,ACTIVO,4VN378 ,1,F121,00GG,33294,334,0,0,0,23,E23,18,,,,1,9ND2K,2025-12-03 19:27:00,2025-12-03 07:24:32,0602,M,9JRBH,4VN378 ,99334,Nor,  ,,FR,S,GSC
2025-12-01 00:00:00,795820300494,06,DW,05,A,01,062,ELVIRA SIERRA B               ,1F,ACTIVO,B473F9 ,2,F621,94F3,7384,497,0,0,0,23,E23,18,,,,1,9ND2K,2025-12-03 18:19:00,2025-12-03 10:18:47,0602,M,9JRBH,B473F9 ,99497,Nor,  ,,FR,S,GSC
2025-12-01 00:00:00,795890801041,16,DW,05,A,01,161,MEDINA PINTO MARIA ISABEL     ,1F,ACTIVO,2MR861 ,1,F421,99GH,57877,1064,0,0,0,23,E23,18,,,,1,9ND2K,2025-12-11 13:23:00,2025-12-10 09:15:50,1601,M,GAT8M,2MR861 ,2064,Nor,  ,,,,GSC
2025-12-01 00:00:00,795921000700,34,DW,05,A,01,254,INFANTE PECH CARMEN DE LA CRUZ,1F,ACTIVO,301VBK ,1,F122,16LN,58119,1093,0,0,0,23,E23,18,,,,1,9ND2K,2025-12-29 17:36:00,2025-12-23 21:09:52,3451,R,G81DP,301VBK ,42974,Nor,44,NUM MEDID DESIGU,44,S,GSC
2025-12-01 00:00:00,795921001374,34,DW,05,A,01,254,JORGE ALBERTO ARANDA R        ,1F,ACTIVO,1J150R ,1,F121,05JL,57696,397,0,0,0,23,E23,18,,,,1,9ND2K,2025-12-23 18:57:00,2025-12-23 10:06:20,3402,M,9NCUE,1J150R ,99398,Nor,  ,,FR,S,GSC
2025-12-01 00:00:00,795951200509,12,DW,05,A,01,081,CABALLERO LUIS CORNELIO       ,1F,ACTIVO,6X79V1 ,1,F121,04GG,28054,0,0,0,0,23,E23,18,,,,1,9ND2K,2025-12-09 11:51:00,2025-12-08 06:53:35,1201,M,9ND9F,6X79V1 ,94166,Nor,  ,,FR,S,GSC
2025-12-01 00:00:00,795981200741,18,DW,05,A,01,102,ALAYOLA GARRIDO CARMEN LORENA ,1F,ACTIVO,DJW010 ,1,F623,22NU,42969,3932,0,0,0,23,E23,18,,,,1,9ND2K,2025-12-12 11:33:00,2025-12-11 11:41:23,1802,M,9JRBH,DJW010 ,98250,Nor,  ,,FR,S,GSC
2025-12-01 00:00:00,796001157778,04,DW,06,A,25,251,DIAZ DIAZ MARIANA             ,1C,ACTIVO,7VF049 ,1,F121,00GG,25348,369,0,0,0,23,E23,18,,,,1,9BBEG,2025-12-02 12:30:00,2025-12-02 11:21:03,0427,L,GAX9M,7VF049 ,18369,Nor,  ,,FR,S,GSC
2025-12-01 00:00:00,796020101775,28,DW,06,A,06,061,EJIDO SACXAN                  ,1B,ACTIVO,758ACX ,1,F122,14LN,15112,549,0,0,0,951,LECT NEGATIVA,18,,,,1,9BBEG,2025-12-22 07:05:00,2025-12-18 13:45:59,2826,L,9P14T,758ACX ,99705,Nor,  ,,FR,S,GSC
2025-12-01 00:00:00,796030103130,02,DW,06,A,01,023,MANRIQUE MORALES BENITA       ,1D,ACTIVO,4Y0M70 ,1,F121,02GG,14838,106,0,0,0,23,E23,18,,,,1,9BBEG,2025-12-01 19:55:00,2025-12-01 13:23:20,0202,M,9MCJT,4Y0M70 ,3806,Nor,  ,,FR,S,GSC
2025-12-01 00:00:00,796030402854,28,DW,06,A,06,062,VERDUZCO LUNA J CONSTANTINO   ,1B,ACTIVO,4Y0M74 ,1,F121,02GG,35499,125,0,0,0,23,E23,18,,,,1,9BBEG,2025-12-18 07:29:00,2025-12-18 10:24:28,2827,L,GAX9M,4Y0M74 ,10125,Nor,  ,,FR,S,GSC
2025-12-01 00:00:00,796050600091,14,DW,06,A,01,142,GARCIA TEJERO JESUS ANTONIO   ,1D,ACTIVO,7D90C2 ,1,F121,03GG,18485,102,0,0,0,23,E23,18,,,,1,9BBEG,2025-12-09 11:39:00,2025-12-09 09:41:35,1401,M,9MCJY,7D90C2 ,29516,Nor,  ,,FR,S,GSC
2025-12-01 00:00:00,796051104756,14,DW,06,A,01,142,GUILLEN VARGUEZ NERY MARBELLA ,1D,ACTIVO,MF107H ,2,F623,20NU,17458,808,0,0,0,23,E23,18,,,,1,9BBEG,2025-12-09 14:41:00,2025-12-09 09:50:42,1401,M,9MCJY,MF107H ,1808,Nor,  ,,FR,S,GSC
2025-12-01 00:00:00,796070802456,12,DW,06,A,01,123,YAM TUN JOSE GASPAR           ,1D,ACTIVO,24HP00 ,1,F121,07JL,39690,250,0,0,0,23,E23,18,,,,1,9BBEG,2025-12-08 14:42:00,2025-12-08 13:27:47,1204,M,R9907,24HP00 ,1256,Nor,  ,,FR,S,GSC
2025-12-01 00:00:00,796080400305,10,DW,06,A,27,272,ROSAS HERNANDEZ LEONEL        ,1B,ACTIVO,0F0U66 ,1,F121,01GG,34116,784,0,0,0,951,LECT NEGATIVA,18,,,,1,9BBEG,2025-12-08 10:57:00,2025-12-05 10:07:11,1027,L,G92BA,0F0U66 ,99435,Nor,  ,,FR,S,GSC
2025-12-01 00:00:00,796090404163,38,DW,06,A,32,321,GARCIA CHAVEZ CIRILA          ,1C,BAJA,73XR94 ,1,F121,08JL,24415,0,0,0,0,23,E23,18,,,,1,9BBEG,2025-12-26 10:45:00,2025-12-26 09:47:56,3826,L,R9718,73XR94 ,1000,Nor,  ,,FR,S,GSC
2025-12-01 00:00:00,796090704612,30,DW,06,A,01,306,LOPEZ SOSA NELDA BACILIA      ,1D,ACTIVO,4PR772 ,1,F121,99GG,38479,88,0,0,0,951,LECT NEGATIVA,18,,,,1,9BBEG,2025-12-23 10:04:00,2025-12-19 07:21:34,3001,M,9MCK8,4PR772 ,99958,Nor,  ,,FR,S,GSC
2025-12-01 00:00:00,796090904671,34,DW,06,A,01,343,RUIZ GONGORA MIGUEL ANGEL     ,1D,ACTIVO,43D1D8 ,2,F421,08KF,42194,80,0,0,0,951,LECT NEGATIVA,18,,,,1,9BBEG,2025-12-26 13:00:00,2025-12-23 09:34:42,3402,M,R9723,43D1D8 ,99898,Nor,  ,,FR,S,GSC
2025-12-01 00:00:00,796110203160,04,DW,06,A,25,251,ROSARIO DOMINGUEZ REYNALDO    ,1C,ACTIVO,54G4Y2 ,1,F12H,09KU,9520,331,0,0,0,951,LECT NEGATIVA,18,,,,1,9BBEG,2025-12-04 12:17:00,2025-12-02 08:54:42,0427,L,GAX9M,54G4Y2 ,99883,Opt,  ,,,,GSC
2025-12-01 00:00:00,796120503544,26,DW,06,A,37,263,MANZANERO CRUZ AUREA ELISA    ,1C,ACTIVO,XML611 ,1,F123,24NX,136,136,0,0,0,23,E23,18,,,,1,9BBEG,2025-12-17 16:27:00,2025-12-17 10:42:33,2628,L,G92BA,429TU4 ,46,Nor,44,NUM MEDID DESIGU,44,S,GSC
2025-12-01 00:00:00,796160204345,20,DW,06,A,01,205,MAYO ANAL TERESA DE JESUS     ,1D,ACTIVO,4AUP57 ,2,F623,25P2,273,273,0,0,0,23,E23,18,,,,1,9BBEG,2025-12-12 14:21:00,2025-12-12 10:34:18,2004,M,9P14T,4AUP57 ,273,Opt,  ,,,,GSC
2025-12-01 00:00:00,796170302345,20,DW,06,A,01,206,MENDEZ VALDEZ EDWIN ALEJANDRO ,1D,ACTIVO,PCF773 ,1,F123,24NX,0,0,0,0,0,23,E23,18,,,,1,9BBEG,2025-12-12 12:21:00,2025-12-12 08:20:15,2006,M,R9907,856VWT ,500,Opt,  ,,,,GSC
2025-12-01 00:00:00,796180400205,12,DW,06,A,01,123,RODRIGUEZ SANCHEZ YULIDA      ,1D,SUJETO A CORTE,077RBN ,1,F122,16LN,12879,410,0,0,0,23,E23,18,,,,1,9BBEG,2025-12-08 12:55:00,2025-12-08 15:33:36,1204,M,R9907,077RBN ,99900,Nor,  ,,FR,S,GSC
2025-12-01 00:00:00,796181101287,38,DW,06,A,32,321,HERNANDEZ CASIANO JOSE ARTURO ,1C,ACTIVO,L049UA ,1,F122,18LN,2799,227,0,0,0,23,E23,18,,,,1,9BBEG,2025-12-26 11:00:00,2025-12-26 12:33:25,3826,L,R9718,L049UA ,0,Nor,56,NO HAY MEDIDOR,56,S,GSC
2025-12-01 00:00:00,796200302264,38,DW,06,A,32,321,CASTRO ROBLES ELIAS           ,1C,ACTIVO,T420NF ,1,F122,18LN,2862,802,0,0,0,951,LECT NEGATIVA,18,,,,1,9BBEG,2025-12-30 10:22:00,2025-12-26 10:00:26,3826,L,R9718,T420NF ,99202,Nor,  ,,FR,S,GSC
2025-12-01 00:00:00,796220603236,34,DW,06,A,01,341,FRANCELIS ALEXANDRA VARELA CAN,02,ACTIVO,J124PF ,2,F622,17LM,51238,1015,0,0,0,23,E23,18,,,,1,9BBEG,2025-12-23 07:31:00,2025-12-23 08:34:45,3403,M,R9907,J124PF ,0,Nor,56,NO HAY MEDIDOR,56,S,GSC
2025-12-01 00:00:00,796221200941,30,DW,06,A,01,305,ROMERO EUAN MARIA DE LA LUZ   ,1D,ACTIVO,DRX944 ,2,F623,22NU,6816,266,0,0,0,23,E23,18,,,,1,9BBEG,2025-12-19 10:34:00,2025-12-19 10:54:54,3003,M,R9718,DRX944 ,99566,Nor,  ,,FR,S,GSC
2025-12-01 00:00:00,796230100577,38,DW,06,A,30,302,SANCHEZ DELGADO CHRISTIAN OMAR,1C,ACTIVO,AWN195 ,1,F123,22NX,48,41,0,0,0,951,LECT NEGATIVA,18,,,,1,9BBEG,2025-12-30 09:31:00,2025-12-26 07:53:35,3827,L,R9723,AWN195 ,99959,Opt,  ,,,,GSC
2025-12-01 00:00:00,796250401841,30,DW,06,A,01,304,GALVAN ALCOCER ROBERTO ALEXAND,1D,ACTIVO,RBM564 ,2,F623,24NY,37,5,0,0,0,951,LECT NEGATIVA,18,,,,1,9BBEG,2025-12-23 09:15:00,2025-12-19 10:40:00,3004,M,R9723,RBM564 ,99981,Opt,  ,,,,GSC
2025-12-01 00:00:00,796071001775,12,DW,06,A,01,123,CHAN BALAM JUAN               ,1D,ACTIVO,91JY99 ,1,F121,07JL,21557,187,0,0,0,23,E23,18,,,,1,9BBEG,2025-12-08 14:44:00,2025-12-08 12:34:56,1204,M,R9907,91JY99 ,10187,Nor,  ,,FR,S,GSC
2025-12-01 00:00:00,796080101537,08,DW,06,A,01,082,NUNEZ QUINTAL ALBERTO         ,1D,ACTIVO,36KR44 ,1,F121,07JL,35448,283,0,0,0,23,E23,18,,,,1,9BBEG,2025-12-04 07:05:00,2025-12-04 07:31:58,0802,M,9ND4X,36KR44 ,90283,Nor,  ,,FR,S,GSC
2025-12-01 00:00:00,796091102837,12,DW,06,A,01,121,YAM CHUC MA SELENE BEATR IZ   ,1D,ACTIVO,0W103W ,1,F121,06JL,49887,821,0,0,0,23,E23,18,,,,1,9BBEG,2025-12-08 14:45:00,2025-12-08 11:26:45,1203,M,R9718,0W103W ,1821,Nor,  ,,FR,S,GSC
2025-12-01 00:00:00,796151002811,66,DW,06,A,20,201,MUNICIPIO DE OTHON P BLANCO   ,5A,ACTIVO,4AUP15 ,2,F623,25P2,1,0,0,0,0,23,E23,18,,,,1,9BBEG,2025-12-09 14:44:00,2025-12-09 12:32:05,6601,L,G92BA,69MN16 ,529,Nor,  ,,,,GSC
2025-12-01 00:00:00,796160700253,32,DW,06,A,04,041,ROSALES RODAS JUAN MANUEL     ,1B,ACTIVO,674KTU ,1,F122,15LN,3565,174,0,0,0,23,E23,18,,,,1,9BBEG,2025-12-22 11:14:00,2025-12-22 13:01:03,3228,L,R9718,674KTU ,96783,Nor,44,NUM MEDID DESIGU,44,S,GSC
2025-12-01 00:00:00,796750316254,34,DW,06,A,01,341,BRICENO GARCIA MARIA FELICIANA,1D,ACTIVO,A52B84 ,1,F121,91F5,45855,182,0,0,0,23,E23,18,,,,1,9BBEG,2025-12-23 07:32:00,2025-12-23 14:15:02,3403,M,R9907,A52B84 ,99882,Nor,  ,,FR,S,GSC
2025-12-01 00:00:00,796750502759,01,DW,06,A,01,013,CASTAN DE C MARTHA            ,1D,ACTIVO,6VF874 ,1,F121,00GG,87907,689,0,0,0,23,E23,18,,,,1,9BBEG,2025-12-29 12:36:00,,,,,,,,,,,,GSC
2025-12-01 00:00:00,796750800253,08,DW,06,A,01,082,CABALLERO HERRERA MARIA DOLORE,1D,ACTIVO,F862Y8 ,1,F121,95F5,10587,815,0,0,0,23,E23,18,,,,1,9BBEG,2025-12-04 07:05:00,2025-12-04 09:59:32,0802,M,9ND4X,F862Y8 ,99815,Nor,  ,,FR,S,GSC
2025-12-01 00:00:00,796760400067,08,DW,06,A,01,082,MENA RIVAS ANA ISABEL         ,1D,ACTIVO,C30X56 ,1,F121,91F5,50969,275,0,0,0,23,E23,18,,,,1,9BBEG,2025-12-04 07:06:00,2025-12-04 10:49:12,0802,M,9ND4X,C30X56 ,90275,Nor,  ,,FR,S,GSC
2025-12-01 00:00:00,796841000420,10,DW,06,A,26,261,SUAREZ TOX BENEDICTO          ,1B,ACTIVO,TB0822 ,1,F121,84EG,546,101,0,0,0,951,LECT NEGATIVA,18,,,,1,9BBEG,2025-12-08 11:18:00,2025-12-05 10:08:00,1026,L,9MCK0,TB0822 ,3194,Nor,  ,,LN,S,GSC
2025-12-01 00:00:00,796871101646,34,DW,06,A,01,341,IGLESIA UNIVERSAL DE JESUCRIST,02,ACTIVO,69KR45 ,1,F121,07JL,36047,268,0,0,0,23,E23,18,,,,1,9BBEG,2025-12-23 07:33:00,2025-12-23 10:46:38,3403,M,R9907,69KR45 ,99268,Nor,  ,,FR,S,GSC
2025-12-01 00:00:00,796920401464,36,DW,06,A,02,022,MIRANDA UC NATALIA            ,1C,CORTADO,9J08V0 ,1,F121,03GG,51191,229,0,0,0,23,E23,18,,,,1,9BBEG,2025-12-26 08:55:00,2025-12-26 08:58:47,3628,L,GAX9M,9J08V0 ,99129,Nor,  ,,FR,S,GSC
2025-12-01 00:00:00,796920500781,20,DW,06,A,01,201,ANTONIO CANO ESTRADA          ,1D,ACTIVO,PBD109 ,1,F123,24NX,0,0,0,0,0,23,E23,18,,,,1,9BBEG,2025-12-12 11:34:00,2025-12-12 06:36:30,2002,M,9ND4X,E99W04 ,169,Nor,  ,,FR,S,GSC
2025-12-01 00:00:00,796930203865,30,DW,06,A,01,304,EDGAR RODRIGO ECHEVERRIA      ,1D,ACTIVO,H26A06 ,1,F121,92F5,48220,701,0,0,0,23,E23,18,,,,1,9BBEG,2025-12-19 14:52:00,2025-12-19 13:19:58,3004,M,R9723,H26A06 ,2094,Nor,31,SERVICIO SIN USO,FR,S,GSC
2025-12-01 00:00:00,796940801191,02,DW,06,A,01,023,REYES MARTI MEDRANO JIMENEZ   ,1D,ACTIVO,T62G92 ,1,F121,93F5,95940,660,0,0,0,23,E23,18,,,,1,9BBEG,2025-12-01 20:00:00,2025-12-01 13:04:13,0202,M,9MCJT,T62G92 ,1660,Nor,  ,,FR,S,GSC
2025-12-01 00:00:00,796960102249,01,DW,06,A,01,013,VEGA DURAN VICTOR             ,1D,ACTIVO,G67P05 ,1,F121,92F5,65810,249,0,0,0,23,E23,18,,,,1,9BBEG,2025-12-29 13:22:00,,,,,,,,,,,,GSC
2025-12-01 00:00:00,796960200135,16,DW,06,A,01,163,MIRANDA LEAL FELIX MANUEL     ,1D,ACTIVO,AWM579 ,1,F123,22NX,1420,97,0,0,0,23,E23,18,,,,1,9BBEG,2025-12-10 07:32:00,2025-12-10 16:10:52,1603,M,R9718,AWM579 ,98897,Nor,  ,,FR,S,GSC
2025-12-01 00:00:00,796991202659,08,DW,06,A,01,082,CRUZ ARGUELLES PEDRO FILEMON  ,1D,ACTIVO,8TC674 ,1,F421,99GH,49463,1608,0,0,0,23,E23,18,,,,1,9BBEG,2025-12-04 07:08:00,2025-12-04 10:15:18,0802,M,9ND4X,8TC674 ,91608,Nor,  ,,FR,S,GSC
2025-12-01 00:00:00,797011056267,36,DW,06,B,01,361,FLOTA CASTILLO BEATRIZ        ,1B,ACTIVO,116JKW ,2,F622,15LM,17918,264,0,0,0,23,E23,18,,,,1,9BBEG,2025-12-26 09:15:00,2025-12-26 09:50:52,3602,L,R9223,116JKW ,82346,Opt,  ,,,,GSC
2025-12-01 00:00:00,797030101010,14,DW,06,B,13,131,IGLESIA CATOLICA              ,02,ACTIVO,6P5W26 ,1,F121,01GG,4802,12,0,0,0,951,LECT NEGATIVA,18,,,,1,9BBEG,2025-12-11 13:05:00,2025-12-09 07:24:17,1426,L,R9174,6P5W26 ,99971,Nor,  ,,FR,S,GSC
2025-12-01 00:00:00,797070300236,26,DW,06,B,31,312,GONZALEZ NAVARRETE JOSE RAINIE,1B,ACTIVO,9Y542F ,1,F121,06JL,27110,191,0,0,0,23,E23,18,,,,1,9BBEG,2025-12-17 18:35:00,2025-12-17 07:23:10,2626,L,9EMEK,9Y542F ,73083,Nor,44,NUM MEDID DESIGU,44,S,GSC
2025-12-01 00:00:00,797091000801,30,DW,06,B,37,371,YEH KU LEONARDO               ,1B,ACTIVO,PCC128 ,1,F123,24NX,0,0,0,0,0,23,E23,18,,,,1,9BBEG,2025-12-19 08:54:00,2025-12-19 08:46:22,3026,L,R9717,DXL651 ,0,Opt,31,SERVICIO SIN USO,,,GSC
2025-12-01 00:00:00,797101100133,06,DW,06,B,01,004,CAHUICH MAY FRANCISCO         ,1B,ACTIVO,96W8B9 ,1,F12H,09KU,32334,456,0,0,0,23,E23,18,,,,1,9BBEG,2025-12-03 11:56:00,2025-12-03 11:30:07,0602,M,R9223,96W8B9 ,68338,Nor,44,NUM MEDID DESIGU,44,S,GSC
2025-12-01 00:00:00,797151000539,30,DW,06,B,36,361,23KPB0002O PRIM  SANTA ISABEL ,02,ACTIVO,73A3N6 ,1,F121,08JL,4009,148,0,0,0,951,LECT NEGATIVA,18,,,,1,9BBEG,2025-12-23 06:48:00,2025-12-19 12:12:18,3026,L,R9717,73A3N6 ,99938,Nor,  ,,FR,S,GSC
2025-12-01 00:00:00,797250101509,75,DW,06,B,02,750,TUN CAN LORENZO               ,67,ACTIVO,RXU424 ,3,KL28,24NJ,65813,208,0,0,0,23,E23,2,,,,1,     ,2025-12-15 00:00:00,2025-12-22 11:13:40,7501,L,R9174,RXU424 ,0,Nor,56,NO HAY MEDIDOR,56,S,GSC
2025-12-01 00:00:00,797900200132,18,DW,06,C,52,521,AKE DZUC GUMERCINDO           ,1B,ACTIVO,J6T255 ,1,F121,88F5,46634,78,0,0,0,23,E23,18,,,,1,9BBEG,2025-12-11 14:36:00,2025-12-11 12:49:19,1826,L,GA27N,J6T255 ,1078,Nor,  ,,FR,S,GSC
2025-12-01 00:00:00,797900200302,18,DW,06,C,52,521,PEREZ UEX TEODOMIRO           ,1B,ACTIVO,8PR868 ,1,F121,99GG,19062,132,0,0,0,23,E23,18,,,,1,9BBEG,2025-12-11 14:36:00,2025-12-11 16:14:11,1826,L,GA27N,8PR868 ,99132,Nor,  ,,FR,S,GSC
2025-12-01 00:00:00,786090401258,40,DW,03,B,22,401,BALAM CHAN ALFREDO            ,1B,ACTIVO,44B5D4 ,1,F121,08JL,974,100,0,0,0,951,LECT NEGATIVA,2,,,,1,9ND2R,2025-12-30 07:59:00,2025-12-29 11:02:52,4026,L,GAGJM,44B5D4 ,99900,Nor,  ,,FR,S,GSC
2025-12-01 00:00:00,808820800220,20,DW,08,E,69,202,VERGARA PEREZ ANDREA ALBERTA  ,1B,ACTIVO,T1243T ,1,W111,78C0,7073,569,52,0,0,951,LECT NEGATIVA,8,COMUNICACION INTERRU,,,1,9ND09,2025-12-16 10:54:00,2025-12-12 13:57:30,2027,M,GAFUM,T1243T ,506,Nor,  ,,LN,S,GSC
2025-12-01 00:00:00,773141000178,26,DW,01,D,04,260,RUBIO POOT XIOMARA DEL REFUGIO,1C,ACTIVO,RBN285 ,2,F623,24NY,468,891,53,0,0,951,LECT NEGATIVA,8,UI SERV DIRECTO,,,1,9P12J,2025-12-18 15:21:00,2025-12-17 10:22:26,2626,L,9BBR3,RBN285 ,686,Opt,  ,,,,GSC
2025-12-01 00:00:00,773970802478,28,DW,01,D,03,281,JAIME UC CHI                  ,1C,ACTIVO,4Y96N1 ,1,F121,04GG,61854,664,0,0,0,23,E23,18,,,,1,9P12J,2025-12-22 12:14:00,2025-12-18 09:41:52,2826,M,GAXWM,4Y96N1 ,90664,Nor,  ,,FR,S,GSC
2025-12-01 00:00:00,773971203021,28,DW,01,D,04,283,DULCE MA UC NAH               ,1C,ACTIVO,Y849R8 ,1,F121,97F5,41801,333,0,0,0,23,E23,18,,,,1,9P12J,2025-12-22 12:18:00,2025-12-18 11:50:30,2828,L,9BBR3,Y849R8 ,1333,Nor,  ,,FR,S,GSC
2025-12-01 00:00:00,773980503045,28,DW,01,D,03,281,CARLOS M IX EUAN              ,1C,ACTIVO,0BY089 ,1,F121,98F5,18950,38,0,0,0,23,E23,18,,,,1,9P12J,2025-12-22 12:14:00,2025-12-18 12:19:08,2826,M,GAXWM,0BY089 ,83038,Nor,  ,,FR,S,GSC
2025-12-01 00:00:00,774010901621,40,DW,01,E,02,404,CELULARES Y ACCES DEL STE SACV,02,ACTIVO,7N6L50 ,2,F621,01F3,18189,1301,0,0,0,0,,18,,,,1,9P12J,2025-12-30 17:03:00,2025-12-29 09:56:10,4006,M,9MCG8,7N6L50 ,0,Nor,31,SERVICIO SIN USO,,,GSC
2025-12-01 00:00:00,774020104223,79,DW,01,B,01,791,CFE SUBESTACION CHUBURNA      ,67,ACTIVO,FD148L ,3,VL2R,19KE,1946,8160,0,0,0,23,E23,18,,,,1,9P12J,2025-12-30 09:10:00,2025-12-29 19:30:35,7901,L,9EMHE,FD148L ,51,Nor,  ,,FR,S,GSC
2025-12-01 00:00:00,774020704263,28,DW,01,E,02,281,VELA CASTRO ERIKA MILENA      ,1D,ACTIVO,0X5L11 ,2,F421,02GH,25875,385,0,0,0,23,E23,18,,,,1,9P12J,2025-12-22 10:59:00,2025-12-18 15:46:46,2801,L,9JRCB,0X5L11 ,95,Nor,  ,,FR,S,GSC
2025-12-01 00:00:00,774030501123,04,DW,01,E,02,046,ELADIA C TOVAR ESTRELLA       ,1D,ACTIVO,0J41F2 ,1,F121,03GG,31955,285,0,0,0,23,E23,18,,,,1,9P12J,2025-12-04 14:07:00,2025-12-02 09:17:48,0401,M,9ND5H,0J41F2 ,1285,Nor,  ,,FR,S,GSC
2025-12-01 00:00:00,774051101745,24,DW,01,E,02,241,CHAN CANCHE LEYDA GRACIELA    ,1D,CORTADO,109DE3 ,1,F12H,11KU,24616,286,0,0,0,23,E23,18,,,,1,9P12J,2025-12-18 10:06:00,2025-12-16 09:11:10,2401,M,9NCYE,109DE3 ,0,Opt,32,UI DERIVACION,32,S,GSC
2025-12-01 00:00:00,774080602117,34,DW,01,E,02,342,RIVERO RIVERO MARIA ELENA D   ,1D,ACTIVO,91WE20 ,1,F121,08JL,46136,489,0,0,0,23,E23,18,,,,1,9P12J,2025-12-29 11:20:00,2025-12-23 20:15:34,3402,L,GA00N,91WE20 ,99489,Nor,  ,,FR,S,GSC
2025-12-01 00:00:00,774110201821,40,DW,01,E,02,403,MONTALVO CAAMAL GUILLERMO ISRA,1D,ACTIVO,71TJ37 ,1,F121,08JL,21021,217,0,0,0,0,,18,,,,1,9P12J,2025-12-30 16:20:00,2025-12-29 09:35:59,4005,L,GAXVM,71TJ37 ,99213,Nor,  ,,FR,S,GSC
2025-12-01 00:00:00,774120801932,24,DW,01,E,02,243,SANCHEZ AZCORRA VIRGINIA      ,1D,ACTIVO,31D6F8 ,2,F421,08KF,68034,1187,0,0,0,23,E23,18,,,,1,9P12J,2025-12-18 10:30:00,2025-12-16 09:18:05,2403,M,9JR11,31D6F8 ,187,Nor,  ,,FR,S,GSC
2025-12-01 00:00:00,774150102001,24,DW,01,E,02,241,ITZA YUPIT SERGIO RENE        ,1D,CORTADO,383P2U ,1,F122,14LN,10535,165,0,0,0,23,E23,18,,,,1,9P12J,2025-12-18 10:05:00,2025-12-16 09:46:15,2401,M,9NCYE,383P2U ,0,Opt,32,UI DERIVACION,32,S,GSC
2025-12-01 00:00:00,774250902897,16,DW,01,E,02,161,CHABLE FUENTES MIREYA DEL SOCO,02,ACTIVO,YJ161H ,2,F623,21NU,8428,500,0,0,0,0,,18,,,,1,9P12J,2025-12-12 14:32:00,2025-12-11 10:19:03,1651,R,9ND9A,YJ161H ,2286,Nor,44,NUM MEDID DESIGU,44,S,GSC
2025-12-01 00:00:00,774800802330,12,DW,01,E,02,121,RUIZ ESTRELLA LUIS ALONSO     ,1D,ACTIVO,4D96T4 ,1,F121,03GG,30598,185,0,0,0,0,,18,,,,1,9P12J,2025-12-10 10:55:00,2025-12-08 08:13:24,1201,L,GAKJM,4D96T4 ,9237,Nor,  ,,FR,S,GSC
2025-12-01 00:00:00,774861200375,14,DW,01,E,02,141,JULIO R HERNANDEZ CANTO       ,1D,ACTIVO,9V64F1 ,2,F421,04GH,928,800,0,0,0,0,,18,,,,1,9P12J,2025-12-11 15:53:00,2025-12-09 12:18:10,1401,M,9JR11,9V64F1 ,90800,Nor,  ,,FR,S,GSC
2025-12-01 00:00:00,774870100456,14,DW,01,E,02,144,FELIPE URIBE CENTURION        ,1D,ACTIVO,W6B466 ,1,F121,91F5,79846,562,0,0,0,0,,18,,,,1,9P12J,2025-12-11 15:54:00,2025-12-09 15:45:18,1404,L,GAKJM,W6B466 ,22165,Nor,  ,,FR,S,GSC
2025-12-01 00:00:00,774900100758,12,DW,01,E,02,121,NAAL MARTINEZ MA  ADELAIDA    ,1D,ACTIVO,6E531Y ,1,F121,05JL,21807,0,0,0,0,0,,18,,,,1,9P12J,2025-12-10 10:55:00,2025-12-08 08:38:27,1201,L,GAKJM,6E531Y ,99899,Nor,  ,,FR,S,GSC
2025-12-01 00:00:00,774900200604,06,DW,01,E,02,063,JESUS GEOVANI REJON ABAN      ,1D,ACTIVO,D397P9 ,1,F121,95F5,50547,121,0,0,0,0,,18,,,,1,9P12J,2025-12-05 15:01:00,2025-12-03 12:52:43,0603,L,9MCBH,D397P9 ,90120,Nor,  ,,FR,S,GSC
2025-12-01 00:00:00,774911100156,40,DW,01,E,02,404,MA DEL C WONG MAYIN           ,02,ACTIVO,D52K57 ,2,F621,91F3,99113,189,0,0,0,0,,18,,,,1,9P12J,2025-12-30 16:21:00,2025-12-29 09:37:59,4006,M,9MCG8,D52K57 ,10189,Nor,  ,,FR,S,GSC
2025-12-01 00:00:00,774970400180,06,DW,01,E,02,061,HUMBERTO AVILA QUINTAL        ,1D,ACTIVO,V9938B ,1,F121,78EG,4742,415,0,0,0,0,,18,,,,1,9P12J,2025-12-05 14:50:00,2025-12-03 10:07:24,0601,L,9JR09,V9938B ,1415,Nor,  ,,FR,S,GSC
2025-12-01 00:00:00,774970404061,06,DW,01,E,02,065,FERNANDO CASTILLO CANUL       ,1D,ACTIVO,16YE30 ,1,F121,08JL,10120,199,0,0,0,0,,18,,,,1,9P12J,2025-12-05 15:03:00,2025-12-03 09:38:23,0605,L,9JRCB,16YE30 ,90199,Nor,  ,,FR,S,GSC
2025-12-01 00:00:00,775020503981,18,DW,01,G,01,180,LOPEZ VENTURA RAUL ENRIQUE    ,1B,CORTADO,0VF631 ,1,F121,00GG,36351,171,0,0,0,0,,18,,,,1,9P12J,2025-12-15 15:55:00,2025-12-11 09:32:50,1802,M,GAXWM,0VF631 ,90171,Nor,  ,,FR,S,GSC
2025-12-01 00:00:00,775020504058,18,DW,01,G,01,180,FUENTES CANUL MARCELA         ,1B,ACTIVO,2WH559 ,1,F121,00GG,40919,551,0,0,0,0,,18,,,,1,9P12J,2025-12-15 15:55:00,2025-12-11 09:36:19,1802,M,GAXWM,2WH559 ,90551,Nor,  ,,FR,S,GSC
2025-12-01 00:00:00,779210503321,38,DW,01,M,13,388,PEREZ AMADOR ROSA GABRIELA    ,1D,ACTIVO,RMF955 ,2,F623,24NY,2336,233,0,0,0,0,,18,,,,1,9P12J,2025-12-30 13:35:00,2025-12-27 09:00:09,3801,L,R9982,RMF955 ,97900,Nor,44,NUM MEDID DESIGU,44,S,GSC
2025-12-01 00:00:00,779241204526,36,DW,01,M,13,365,PALMERO PEREZ RAFAEL MODESTO  ,1D,ACTIVO,2AAB79 ,2,F623,25NY,4120,4120,0,0,0,0,,18,,,,1,9P12J,2025-12-30 14:08:00,2025-12-29 10:41:50,3651,R,R9982,2AAB79 ,10020,Opt,  ,,,,GSC
2025-12-01 00:00:00,779250104518,24,DW,01,M,09,240,HERNANDEZ MONDRAGON PATRICIA  ,1D,ACTIVO,WND850 ,2,F623,24P2,4884,3690,0,0,0,23,E23,18,,,,1,9P12J,2025-12-18 12:42:00,2025-12-16 13:39:12,2430,L,R9982,WND850 ,15095,Opt,  ,,,,GSC
2025-12-01 00:00:00,779970900095,24,DW,01,M,09,240,JOSE DEL C CANTO VEGA         ,1D,ACTIVO,64L3W9 ,1,F12H,09KU,38002,257,0,0,0,0,,18,,,,1,9P12J,2025-12-18 16:32:00,2025-12-16 10:19:05,2430,L,R9982,64L3W9 ,93647,Nor,  ,,FR,S,GSC
2025-12-01 00:00:00,780000660065,64,DW,12,A,01,641,MUNICIPIO DE BENITO JUAREZ    ,5A,ACTIVO,7BCJ15 ,2,F623,25P2,677,677,0,0,0,23,E23,18,,,,1,9BBTM,2025-12-10 11:27:00,2025-12-10 13:55:39,6701,L,GABCM,7BCJ15 ,0,Nor,51,NO ENCONTRE DOMI,,,GSC
2025-12-01 00:00:00,780030701149,22,DW,12,B,01,027,SANCHEZ LOPEZ ELIOMAR         ,1D,ACTIVO,AWC324 ,2,F123,22NX,12797,202,0,0,0,23,E23,18,,,,1,9BBTM,2025-12-15 11:31:00,2025-12-15 17:07:39,2201,L,GAA7N,AWC324 ,0,Nor,51,NO ENCONTRE DOMI,,,GSC
2025-12-01 00:00:00,780041100813,66,DW,12,A,01,662,RADIOMOVIL DIPSA SA DE CV     ,67,ACTIVO,GEA346 ,3,KL28,22NJ,43550,3012,0,0,0,23,E23,2,,,,1,9BBTM,2025-12-09 12:20:00,2025-12-09 11:47:20,6601,L,9BBM1,GEA346 ,3012,Opt,  ,,,,GSC
2025-12-01 00:00:00,780051001988,08,DW,12,A,01,081,GALVAN CONTRERAS JUAN         ,1D,ACTIVO,0H979M ,1,F121,05JL,19810,246,0,0,0,23,E23,18,,,,1,9BBTM,2025-12-08 08:37:00,2025-12-04 09:07:41,0802,M,GAD0M,0H979M ,90246,Nor,  ,,FR,S,GSC
2025-12-01 00:00:00,780051202312,36,DW,12,B,01,363,LUZ ESTRELLA MARTINEZ FELIX   ,1D,ACTIVO,5K634G ,1,F121,05JL,41659,28,0,0,0,23,E23,18,,,,1,9BBTM,2025-12-30 11:15:00,2025-12-26 12:59:05,3603,M,9NCX2,5K634G ,80028,Nor,  ,,FR,S,GSC
2025-12-01 00:00:00,780060202261,08,DW,12,A,01,081,CASTORENA RAMIREZ JACOBO D2   ,1D,ACTIVO,8N661G ,1,F121,06JL,10169,0,0,0,0,23,E23,18,,,,1,9BBTM,2025-12-08 08:37:00,2025-12-04 09:46:28,0802,M,GAD0M,8N661G ,97599,Nor,  ,,FR,S,GSC
2025-12-01 00:00:00,780080904318,70,DW,12,A,01,700,ALIMENTOS CACEROS SA DE CV    ,67,ACTIVO,FY178H ,3,KL28,19KE,16259,6878,0,0,0,23,E23,18,,,,1,9BBTM,2025-12-17 10:50:00,2025-12-15 08:02:34,7001,L,GABCM,FY178H ,93714,Opt,  ,,,,GSC
2025-12-01 00:00:00,780081203364,10,DW,12,A,01,100,MAYELA GARCIA                 ,1D,ACTIVO,6T087X ,2,F621,06F3,15630,2,0,0,0,23,E23,18,,,,1,9BBTM,2025-12-09 08:04:00,2025-12-05 09:43:01,1001,M,9MC6M,6T087X ,99902,Nor,  ,,FR,S,GSC
2025-12-01 00:00:00,780110301885,73,DW,12,A,01,731,MUNICIPIO DE BENITO JUAREZ    ,67,ACTIVO,PY139G ,3,KL28,21KE,41109,131,0,0,0,951,LECT NEGATIVA,18,,,,1,9BBTM,2025-12-22 10:38:00,2025-12-18 10:16:58,7302,L,9NCX5,PY139G ,1294,Nor,  ,,,,GSC
2025-12-01 00:00:00,780110301885,73,DW,12,A,01,731,MUNICIPIO DE BENITO JUAREZ    ,67,ACTIVO,PY139G ,3,KL28,21KE,41511,402,0,0,0,23,E23,2,,,,1,9BBTM,2025-12-18 10:39:00,2025-12-18 10:16:58,7302,L,9NCX5,PY139G ,1294,Nor,  ,,,,GSC
2025-12-01 00:00:00,780121001441,38,DW,12,A,01,381,GONZAGA DZUL LOURDES          ,1D,ACTIVO,974HL4 ,1,F122,12LH,46288,349,0,0,0,23,E23,18,,,,1,9BBTM,2025-12-26 10:29:00,2025-12-26 14:33:31,3802,M,9P180,974HL4 ,0,Nor,5X,RUTA INCOMPLETA,,,GSC
2025-12-01 00:00:00,780121200185,40,DW,12,A,05,404,HERRERA DZUL GLADIS           ,1D,ACTIVO,PCW076 ,1,F123,24NX,566,47,0,0,0,23,E23,18,,,,1,9BBTM,2025-12-29 09:15:00,2025-12-29 13:16:55,4026,M,GABCM,PCW076 ,0,Nor,51,NO ENCONTRE DOMI,,,GSC
2025-12-01 00:00:00,780141205388,34,DW,12,A,01,340,ARGUELLES MARTINEZ ANTONIO APO,1D,ACTIVO,PBD078 ,1,F123,24NX,0,0,0,0,0,0,,18,,,,1,9BBTM,2025-12-23 15:28:00,2025-12-23 12:01:51,3401,L,9MC6M,239P9U ,625,Opt,  ,,,,GSC
2025-12-01 00:00:00,780150500376,40,DW,12,A,01,400,TAI AUTOMATIZACION SA DE CV   ,02,ACTIVO,306MGA ,3,FD2J,15MU,19527,1646,0,0,0,23,E23,18,,,,1,9BBTM,2025-12-29 09:12:00,2025-12-29 17:11:43,4001,M,9P180,306MGA ,91670,Nor,  ,,FR,S,GSC
2025-12-01 00:00:00,780151001659,67,DW,12,D,01,670,MUNICIPIO DE BENITO JUAREZ    ,5A,ACTIVO,059G7C ,3,F622,13LM,24359,2965,0,0,0,23,E23,18,,,,1,9BBTM,2025-12-11 10:54:00,2025-12-10 10:58:57,6701,L,9ND6M,059G7C ,0,Nor,53,UI SERV DIRECTO,53,S,GSC
2025-12-01 00:00:00,780151002680,68,DW,12,A,01,681,RESTACARIBE S DE RL DE CV     ,67,ACTIVO,2EFC85 ,3,VL28,25NJ,105,8400,0,0,0,23,E23,18,,,,1,9BBTM,2025-12-11 17:04:00,2025-12-11 09:10:57,6801,L,9MC6M,2EFC85 ,105,Opt,  ,,,,GSC
2025-12-01 00:00:00,780160400795,20,DW,12,A,05,202,MARTIN ARJONA JORGE RAFAEL    ,1D,ACTIVO,406JJY ,2,F622,15LM,18626,155,0,0,0,23,E23,18,,,,1,9BBTM,2025-12-16 10:15:00,2025-12-12 12:26:37,2027,M,GA8DN,406JJY ,0,Nor,59,DISPLAY APAGADO,59,S,GSC
2025-12-01 00:00:00,780170202231,32,DW,12,A,01,320,VARGUEZ VAZQUEZ NORMA YOLANDA ,1D,ACTIVO,5BCT59 ,2,F623,25P2,507,506,0,0,0,23,E23,18,,,,1,9BBTM,2025-12-23 17:07:00,2025-12-22 09:23:31,3201,M,9P180,5BCT59 ,24946,Nor,44,NUM MEDID DESIGU,44,S,GSC
2025-12-01 00:00:00,780170701785,68,DW,12,A,01,683,GASTRONOMIA Y OPERADORA CUMBRE,67,ACTIVO,579TRX ,3,KL28,16KE,85978,9624,0,0,0,23,E23,18,,,,1,9BBTM,2025-12-15 15:35:00,2025-12-11 09:30:24,6803,L,GAF1M,579TRX ,9624,Nor,  ,,LM,S,GSC
2025-12-01 00:00:00,780170703648,04,DW,12,A,01,040,CHAN SANCHEZ JORGE EDUARDO    ,1D,ACTIVO,905RPU ,1,F122,16LN,7240,492,0,0,0,0,,18,,,,1,9BBTM,2025-12-04 08:29:00,2025-12-02 08:44:08,0402,M,GABCM,905RPU ,93976,Nor,  ,,FR,S,GSC
2025-12-01 00:00:00,780180804418,76,DW,12,A,05,760,PECH KEB LUIS ALFONSO         ,67,ACTIVO,R627BR ,3,KL28,18KE,51336,893,0,0,0,23,E23,18,,,,1,9BBTM,2025-12-23 10:30:00,2025-12-23 08:42:42,7601,L,9NCX5,R627BR ,97493,Opt,  ,,,,GSC
2025-12-01 00:00:00,780181102972,20,DW,12,A,05,202,PLAZA COMERCIAL DE CESAR SA CV,02,ACTIVO,T199UH ,2,F622,18LM,9618,125,0,0,0,23,E23,18,,,,1,9BBTM,2025-12-16 10:16:00,2025-12-12 13:54:15,2027,M,GA8DN,T199UH ,0,Nor,56,NO HAY MEDIDOR,56,S,GSC
2025-12-01 00:00:00,780190203307,34,DW,12,A,05,344,MENDOZA VELOZ EDUARDO         ,1D,ACTIVO,T159UK ,2,F622,18LM,9607,145,0,0,0,23,E23,18,,,,1,9BBTM,2025-12-23 15:26:00,2025-12-24 07:53:27,3451,R,GAFHM,T159UK ,0,Nor,50,CASA CERRADA,50,S,GSC
2025-12-01 00:00:00,776130201944,34,DW,01,E,37,343,SULUB CASTILLO FABIAN ELIAS   ,1D,ACTIVO,PKC446 ,1,F123,24NX,3744,767,0,0,0,23,E23,18,,,,1,9P12J,2025-12-29 11:20:00,2025-12-23 08:53:47,3406,L,R9933,PKC446 ,0,Opt,32,UI DERIVACION,32,S,GSC
2025-12-01 00:00:00,776140500770,32,DW,01,E,37,321,VAZQUEZ MENDOZA JAVIER ALEJAND,1D,SUJETO A CORTE,RR759F ,1,F123,21NX,8072,103,0,0,0,0,,18,,,,1,9P12J,2025-12-23 16:11:00,2025-12-22 08:37:36,3205,L,9MCG8,RR759F ,0,Opt,32,UI DERIVACION,32,S,GSC
2025-12-01 00:00:00,776150303158,24,DW,01,H,39,248,MARTINEZ ISLAS JORGE          ,02,ACTIVO,988N6D ,2,F622,14LM,2819,0,0,0,0,0,,18,,,,1,9P12J,2025-12-17 15:17:00,2025-12-16 12:27:38,2429,L,9P167,988N6D ,0,Nor,53,UI SERV DIRECTO,53,S,GSC
2025-12-01 00:00:00,776910700306,32,DW,01,H,36,322,JOSE PEDRO CHUC CANUL         ,1C,ACTIVO,5B94J6 ,1,F121,03GG,91819,1395,0,0,0,0,,18,,,,1,9P12J,2025-12-23 15:27:00,2025-12-22 09:58:35,3227,L,9P167,5B94J6 ,11173,Nor,  ,,FR,S,GSC
2025-12-01 00:00:00,776930400091,08,DW,01,H,38,085,HELBERTH P BOJORQUEZ B        ,1B,ACTIVO,82TJ34 ,1,F121,08JL,5675,216,0,0,0,0,,18,,,,1,9P12J,2025-12-08 15:55:00,2025-12-04 12:46:33,0828,L,9P167,82TJ34 ,26668,Nor,  ,,FR,S,GSC
2025-12-01 00:00:00,776940800062,08,DW,01,H,38,083,ELMER BOJORQUEZ NOVELO        ,1B,ACTIVO,7AU460 ,1,F121,97F5,20248,148,0,0,0,0,,18,,,,1,9P12J,2025-12-08 14:08:00,2025-12-04 10:35:05,0826,L,9JR2C,7AU460 ,1148,Nor,  ,,FR,S,GSC
2025-12-01 00:00:00,777031100067,32,DW,01,J,38,322,REYNALDA RODRIGUEZ DZIB       ,1D,ACTIVO,BM011T ,1,F123,19NM,17667,377,0,0,0,0,,18,,,,1,9P12J,2025-12-22 18:25:00,2025-12-22 11:21:58,3227,L,GAAGN,BM011T ,89114,Nor,44,NUM MEDID DESIGU,44,S,GSC
2025-12-01 00:00:00,777040200635,36,DW,01,J,03,364,CETINA KU JOSE FRANCISCO      ,1C,ACTIVO,2J13F5 ,1,F121,03GG,25016,11,0,0,0,0,,18,,,,1,9P12J,2025-12-29 15:04:00,2025-12-26 10:56:02,3602,L,GAAFN,2J13F5 ,99011,Nor,  ,,FR,S,GSC
2025-12-01 00:00:00,777061100622,32,DW,01,J,46,324,HUCHIM MARTIN FERNANDO        ,1C,ACTIVO,80AD53 ,1,F121,06JL,13992,126,0,0,0,0,,18,,,,1,9P12J,2025-12-23 17:35:00,2025-12-22 13:47:24,3230,L,GAAFN,80AD53 ,99136,Nor,  ,,FR,S,GSC
2025-12-01 00:00:00,777180804263,71,DW,01,J,13,714,MUNICIPIO DE MERIDA YUCATAN   ,5A,ACTIVO,M674RE ,2,F622,17LM,28898,389,0,0,0,23,E23,18,,,,1,9P12J,2025-12-16 16:12:00,2025-12-16 09:44:03,7101,L,9BBN1,M674RE ,0,Nor,59,DISPLAY APAGADO,59,S,GSC
2025-12-01 00:00:00,777200701521,62,DW,01,J,03,621,MUNICIPIO DE UMAN YUCATAN     ,5A,ACTIVO,RBY241 ,2,F623,24NY,8232,1318,0,0,0,0,,18,,,,1,9P12J,2025-12-04 09:48:00,2025-12-03 08:17:48,6202,L,9NCYF,RBY241 ,97140,Opt,  ,,,,GSC
2025-12-01 00:00:00,777971100588,77,DW,01,J,03,772,MUNICIPIO DE MERIDA YUCATAN   ,06,ACTIVO,CHF982 ,3,KL28,22NJ,80582,2655,0,0,0,0,,18,,,,1,9P12J,2025-12-29 14:23:00,2025-12-26 10:06:39,7701,L,R9712,CHF982 ,0,Nor,53,UI SERV DIRECTO,53,S,GSC
2025-12-01 00:00:00,778020100380,10,DW,01,K,42,104,CARLOS GREGORIO PECH TUN      ,1C,ACTIVO,0CBM79 ,2,F623,25P3,0,0,0,0,0,23,E23,18,,,,1,9P12J,2025-12-05 15:17:00,2025-12-05 08:28:59,1001,M,R9701,7F8R84 ,406,Nor,  ,,,,GSC
2025-12-01 00:00:00,778031200858,69,DW,01,K,43,693,GPO PORCICOLA MEXICANO SA CV  ,67,ACTIVO,GEL225 ,3,KL28,22NJ,53452,1839,0,0,0,951,LECT NEGATIVA,18,,,,1,9P12J,2025-12-16 11:21:00,2025-12-12 09:51:43,6902,L,9BBR5,GEL225 ,99566,Nor,  ,,LM,S,GSC
2025-12-01 00:00:00,778040200020,28,DW,01,K,51,285,WILBERTH MARTIN COCOM CHAN    ,1C,ACTIVO,37D8F9 ,2,F421,08KF,59046,489,0,0,0,23,E23,18,,,,1,9P12J,2025-12-22 12:31:00,2025-12-18 11:19:51,2827,L,GAAGN,37D8F9 ,99489,Nor,  ,,FR,S,GSC
2025-12-01 00:00:00,778041200422,36,DW,01,K,51,362,MARIA BENITA CAAMAL CANUL     ,1C,ACTIVO,7R89U1 ,1,F121,04GG,31833,409,0,0,0,0,,18,,,,1,9P12J,2025-12-29 14:36:00,2025-12-26 10:21:50,3627,M,G92B1,7R89U1 ,90409,Nor,  ,,FR,S,GSC
2025-12-01 00:00:00,778061200178,30,DW,01,K,51,305,MOGUEL GARCIA   HERBE EZEQUIEL,1C,ACTIVO,27AV86 ,1,F121,06JL,26007,356,0,0,0,0,,18,,,,1,9P12J,2025-12-23 11:58:00,2025-12-19 09:05:34,3027,M,GAAGN,27AV86 ,99356,Nor,  ,,FR,S,GSC
2025-12-01 00:00:00,778170100043,30,DW,01,K,60,302,CHAN TEH SEYDI FABIOLA        ,1C,ACTIVO,605VBT ,1,F122,16LN,11689,116,0,0,0,0,,18,,,,1,9P12J,2025-12-23 11:57:00,2025-12-19 08:44:18,3028,M,R9701,605VBT ,36870,Opt,  ,,,,GSC
2025-12-01 00:00:00,778200100523,28,DW,01,K,51,285,KU TUN MANGELY NOEMI          ,02,ACTIVO,XMN267 ,1,F123,24NX,0,0,0,0,0,23,E23,18,,,,1,9P12J,2025-12-18 12:31:00,2025-12-18 12:57:21,2827,L,GAAGN,LMX450 ,1589,Opt,  ,,,,GSC
2025-12-01 00:00:00,778961100284,12,DW,01,K,42,122,H AYUNT DE ACANCEH            ,02,ACTIVO,J209R1 ,3,FD21,95F4,96985,111,0,0,0,0,,18,,,,1,9P12J,2025-12-10 15:32:00,2025-12-08 08:59:16,1201,M,G92B1,J209R1 ,1111,Nor,  ,,FR,S,GSC
2025-12-01 00:00:00,779000456265,62,DW,01,M,07,622,MUNICIPIO DE MOCOCHA          ,02,ACTIVO,112AB5 ,3,FD2H,11KV,27582,412,0,0,0,0,,18,,,,1,9P12J,2025-12-04 15:03:00,2025-12-03 13:04:11,6202,L,9P14E,112AB5 ,0,Nor,53,UI SERV DIRECTO,53,S,GSC
2025-12-01 00:00:00,779020300610,10,DW,01,M,01,102,ANA POOL YAM                  ,1B,ACTIVO,61EU36 ,1,F121,07JL,31990,0,0,0,0,23,E23,18,,,,1,9P12J,2025-12-09 12:35:00,2025-12-05 09:04:12,1001,M,9NCYK,61EU36 ,1000,Nor,  ,,FR,S,GSC
2025-12-01 00:00:00,779060903813,40,DW,01,M,13,404,LARA DE LA CRUZ RAUL ENRIQUE  ,1D,ACTIVO,FJX918 ,1,F123,22NX,3066,265,0,0,0,23,E23,18,,,,1,9P12J,2025-12-29 18:39:00,2025-12-29 12:10:02,4003,M,G92B2,FJX918 ,97464,Nor,44,NUM MEDID DESIGU,44,S,GSC
2025-12-01 00:00:00,779070301421,18,DW,01,M,04,182,CANCHE CETINA JOSE JAVIER     ,1D,ACTIVO,9Y002M ,1,F121,06JL,34097,344,0,0,0,0,,18,,,,1,9P12J,2025-12-15 14:25:00,2025-12-11 12:10:22,1829,L,R9982,9Y002M ,90334,Nor,  ,,FR,S,GSC
2025-12-01 00:00:00,779070501004,08,DW,01,M,01,082,SAENZ PEREZ XAVIER ELOY       ,1B,ACTIVO,20HL69 ,1,F121,07JL,10052,55,0,0,0,0,,18,,,,1,9P12J,2025-12-08 13:33:00,2025-12-04 12:13:41,0801,L,GAG9M,20HL69 ,90055,Nor,  ,,FR,S,GSC
2025-12-01 00:00:00,779090200850,06,DW,01,M,01,065,REYES TRONCOSO MARGARITA      ,1B,ACTIVO,RCD578 ,2,F623,24NY,851,180,0,0,0,0,,18,,,,1,9P12J,2025-12-03 16:26:00,2025-12-03 12:50:15,0601,L,R9982,RCD578 ,99329,Nor,44,NUM MEDID DESIGU,44,S,GSC
2025-12-01 00:00:00,779090501604,04,DW,01,M,01,042,CANCHE RIVAS HENRY ANDREY     ,1B,ACTIVO,21YE89 ,1,F121,08JL,14810,4,0,0,0,0,,18,,,,1,9P12J,2025-12-04 15:15:00,2025-12-02 12:22:38,0402,L,R9703,21YE89 ,99002,Nor,  ,,FR,S,GSC
2025-12-01 00:00:00,779120801683,06,DW,01,M,01,061,DURAN ORTEGON JANITZIO ENRIQUE,1B,ACTIVO,46X9F2 ,2,F621,09L2,34725,86,0,0,0,23,E23,18,,,,1,9P12J,2025-12-03 16:23:00,2025-12-03 11:16:37,0603,L,GAXWM,46X9F2 ,99888,Nor,  ,,FR,S,GSC
2025-12-01 00:00:00,779120902137,08,DW,01,M,01,082,PECH SALAZAR NIDIA DEL CARMEN ,1B,ACTIVO,4TC793 ,2,F421,99GH,51,0,0,0,0,0,,18,,,,1,9P12J,2025-12-08 13:33:00,2025-12-04 18:34:52,0801,L,GAG9M,4TC793 ,90000,Nor,  ,,FR,S,GSC
2025-12-01 00:00:00,779160103474,06,DW,01,M,01,061,GARCIA PEREGRINA SANDRA ARACEL,1B,ACTIVO,M353LB ,2,F62J,17L2,29858,749,0,0,0,0,,18,,,,1,9P12J,2025-12-03 16:24:00,2025-12-03 09:41:34,0603,L,GAXWM,M353LB ,95406,Nor,  ,,FR,S,GSC
2025-12-01 00:00:00,779200902936,34,DW,01,M,05,341,VAZQUEZ TRUJILLO MARLENE DE LO,1B,ACTIVO,DKC131 ,2,F623,22NU,5865,819,0,0,0,23,E23,18,,,,1,9P12J,2025-12-29 12:04:00,2025-12-23 17:06:48,3428,L,R9703,DKC131 ,0,Nor,53,UI SERV DIRECTO,53,S,GSC
2025-12-01 00:00:00,779210903451,26,DW,01,M,15,261,MEDINA CRUZ GISELA BERENICE   ,1D,ACTIVO,MY650T ,2,F62J,20L2,15286,1457,0,0,0,23,E23,18,,,,1,9P12J,2025-12-19 14:49:00,2025-12-17 09:21:26,2626,L,9NCYK,MY650T ,98936,Nor,  ,,FR,S,GSC
2025-12-01 00:00:00,779240905695,38,DW,01,M,13,384,PERAZA POOL PAMELA            ,1D,ACTIVO,1AUL81 ,2,F623,25P2,1,1,0,0,0,0,,18,,,,1,9P12J,2025-12-26 13:30:00,2025-12-27 09:05:28,3803,L,G92B2,3BCD34 ,0,Nor,56,NO HAY MEDIDOR,56,S,GSC
2025-12-01 00:00:00,779250802495,18,DW,01,M,04,189,NEVAREZ LOPEZ DE LARA ADRIANA ,1D,ACTIVO,0CFM29 ,2,F623,25P3,0,0,0,0,0,0,,18,,,,1,9P12J,2025-12-11 14:23:00,2025-12-11 09:24:01,1851,R,9P14E,5DVP03 ,1290,Opt,  ,,,,GSC
2025-12-01 00:00:00,779871000074,08,DW,01,M,01,082,AGUSTIN PECH AGUILAR          ,1B,ACTIVO,9E70F7 ,2,F621,02F3,43132,44,0,0,0,0,,18,,,,1,9P12J,2025-12-08 13:31:00,2025-12-04 18:54:02,0801,L,GAG9M,9E70F7 ,99044,Nor,  ,,FR,S,GSC
2025-12-01 00:00:00,779970300136,28,DW,01,M,06,284,MA IRENE DOMINGUEZ MAY        ,02,ACTIVO,D66Y96 ,1,FD21,91F4,51007,267,0,0,0,23,E23,18,,,,1,9P12J,2025-12-18 15:38:00,2025-12-18 09:51:40,2826,L,9JRBR,D66Y96 ,99356,Nor,  ,,FR,S,GSC
2025-12-01 00:00:00,780000357133,26,DW,12,B,01,263,LEONEL GRANADOS URTADO        ,1D,ACTIVO,6HR342 ,1,F121,98GG,58592,240,0,0,0,23,E23,18,,,,1,9BBTM,2025-12-19 13:54:00,2025-12-17 12:55:00,2602,M,9ND1X,6HR342 ,0,Nor,51,NO ENCONTRE DOMI,,,GSC
2025-12-01 00:00:00,780010402871,32,DW,12,B,01,322,LEDESMA MADRAZO LUCIO GERARDO ,1D,BAJA,X027UG ,2,F622,19LM,35316,699,0,0,0,0,,18,,,,1,9BBTM,2025-12-22 16:44:00,2025-12-22 07:44:50,3202,L,9NCWM,X027UG ,0,Nor,53,UI SERV DIRECTO,53,S,GSC
2025-12-01 00:00:00,780020404316,36,DW,12,A,01,360,CONSORCIO INMOBILIARIO DETUR  ,1D,ACTIVO,7P5W94 ,1,F121,01GG,52094,451,0,0,0,23,E23,18,,,,1,9BBTM,2025-12-26 07:30:00,2025-12-26 08:19:09,3601,M,GA4GN,7P5W94 ,0,Nor,60,MEDID NO TRABAJA,60,S,GSC
2025-12-01 00:00:00,780041100651,16,DW,12,A,01,161,A M EXPRESS SA DE CV          ,02,ACTIVO,304MCE ,1,F12J,15MR,23511,499,0,0,0,23,E23,18,,,,1,9BBTM,2025-12-12 08:27:00,2025-12-10 10:31:59,1602,M,GAFHM,304MCE ,0,Nor,60,MEDID NO TRABAJA,60,S,GSC
2025-12-01 00:00:00,780050500760,26,DW,12,B,01,263,GABOUREL GONZALEZ JENNY       ,1D,ACTIVO,9E467W ,1,F121,05JL,21887,398,0,0,0,23,E23,18,,,,1,9BBTM,2025-12-19 13:54:00,2025-12-17 11:43:55,2602,M,9ND1X,9E467W ,44322,Nor,  ,,FR,S,GSC
2025-12-01 00:00:00,780050607190,22,DW,12,B,01,026,LUCIA SILVESTRE PRIMO         ,1D,ACTIVO,8L246V ,1,F121,05JF,69267,351,0,0,0,23,E23,18,,,,1,9BBTM,2025-12-15 11:33:00,2025-12-15 08:58:31,2201,M,GATKM,8L246V ,0,Nor,52,COMUNICACION INTERRU,52,S,GSC
2025-12-01 00:00:00,780051202789,32,DW,12,B,01,320,ABONCE TORREZ ARTURO          ,1D,ACTIVO,7G673X ,1,F121,05JL,14967,241,0,0,0,0,,18,,,,1,9BBTM,2025-12-22 17:35:00,2025-12-22 08:02:41,3201,L,GATKM,7G673X ,99641,Nor,  ,,FR,S,GSC
2025-12-01 00:00:00,780060201621,08,DW,12,A,01,081,CORDOVA PACHEO MARIO          ,1D,ACTIVO,9L195D ,1,F121,05JL,25949,365,0,0,0,23,E23,18,,,,1,9BBTM,2025-12-08 13:55:00,2025-12-04 09:30:02,0802,M,GAD0M,9L195D ,3365,Nor,  ,,FR,S,GSC
2025-12-01 00:00:00,780080701883,30,DW,12,A,01,300,MADERA REJON PEDRO            ,1D,CORTADO,54TJ85 ,1,F121,08JL,31067,476,0,0,0,23,E23,18,,,,1,9BBTM,2025-12-19 14:32:00,2025-12-19 15:15:59,3001,M,GAF1M,54TJ85 ,27547,Nor,  ,,FR,S,GSC
2025-12-01 00:00:00,780110803520,68,DW,12,A,01,683,INMOBILIARIA ACANCEH SA DE CV ,67,ACTIVO,306KRC ,3,KL2E,15JR,698,1402,0,0,0,23,E23,18,,,,1,9BBTM,2025-12-15 15:26:00,2025-12-11 12:27:12,6803,L,GAF1M,306KRC ,1402,Nor,  ,,LM,S,GSC
2025-12-01 00:00:00,780111101804,28,DW,12,A,01,282,CAAMAL LOPEZ ANA SILVIA DEL C ,1D,ACTIVO,1WW717 ,2,F421,00GH,68191,313,0,0,0,23,E23,18,,,,1,9BBTM,2025-12-18 13:56:00,2025-12-18 08:59:42,2801,M,9P180,1WW717 ,99313,Nor,  ,,FR,S,GSC
2025-12-01 00:00:00,780120903638,69,DW,12,A,01,690,ZDE BODAS Y EVENTOS SA DE CV  ,67,ACTIVO,PL999T ,3,KL2M,20KE,31560,9078,0,0,0,0,,18,,,,1,9BBTM,2025-12-12 09:54:00,2025-12-13 10:21:17,6951,R,GA4GN,PL999T ,0,Nor,59,DISPLAY APAGADO,59,S,GSC
2025-12-01 00:00:00,780150400053,77,DW,12,A,05,770,DESARRO HOT DE LA RIVIERA SACV,67,ACTIVO,GD030B ,3,KL2E,20MV,2087,13349,0,0,0,23,E23,18,,,,1,9BBTM,2025-12-30 09:53:00,2025-12-26 11:08:14,7701,L,9NCX5,GD030B ,84798,Nor,  ,,LN,S,GSC
2025-12-01 00:00:00,780161001771,40,DW,12,A,01,400,RODRIGUEZ CARRILLO JORGE ALBER,1D,ACTIVO,014MDX ,2,F62J,15MT,69704,412,0,0,0,23,E23,18,,,,1,9BBTM,2025-12-29 09:12:00,2025-12-29 16:08:07,4001,M,9P180,014MDX ,71805,Nor,  ,,FR,S,GSC
2025-12-01 00:00:00,780171001655,28,DW,12,A,05,280,THOMPSON   JORDAN ALEX        ,1D,ACTIVO,D974VT ,2,F622,17LM,34190,818,0,0,0,23,E23,18,,,,1,9BBTM,2025-12-18 13:57:00,2025-12-18 10:38:05,2826,M,GAF1M,D974VT ,0,Nor,56,NO HAY MEDIDOR,56,S,GSC
2025-12-01 00:00:00,780180702186,66,DW,12,A,01,661,ASMI ROSHAN SA DE CV          ,67,ACTIVO,G453XK ,3,KL28,17KE,11336,1961,0,0,0,23,E23,18,,,,1,9BBTM,2025-12-11 12:14:00,2025-12-09 07:53:01,6603,L,GABCM,G453XK ,97614,Opt,  ,,,,GSC
2025-12-01 00:00:00,780181001319,32,DW,12,A,05,321,SANDOVAL CERON CARLOS DAVID   ,1D,ACTIVO,R347HV ,2,F622,18LM,9563,305,0,0,0,23,E23,18,,,,1,9BBTM,2025-12-23 17:06:00,2025-12-22 12:35:43,3226,M,GABCM,R347HV ,0,Nor,53,UI SERV DIRECTO,53,S,GSC
2025-12-01 00:00:00,780191102504,68,DW,12,A,01,683,OROPEZA FLORES ESTHER ELOISA  ,67,ACTIVO,MU654E ,3,KL28,20KE,7537,3161,0,0,0,23,E23,18,,,,1,9BBTM,2025-12-15 15:44:00,2025-12-11 11:57:29,6803,L,GAF1M,MU654E ,3161,Nor,  ,,LM,S,GSC
2025-12-01 00:00:00,780210804264,03,DW,12,A,01,030,GUTIERREZ MERCADILLO JOSE LUIS,02,ACTIVO,730MGB ,3,FD2J,15MU,86669,2303,0,0,0,23,E23,18,,,,1,9BBTM,2025-12-30 10:05:00,,,,,,,,,,,,GSC
2025-12-01 00:00:00,780230401174,68,DW,12,A,01,683,ABF  SERVICIOS TECNICOS       ,67,ACTIVO,PY617F ,3,KL28,21KE,11337,208,0,0,0,23,E23,18,,,,1,9BBTM,2025-12-15 15:51:00,2025-12-11 10:10:57,6803,L,GAF1M,PY617F ,208,Nor,  ,,FR,S,GSC
2025-12-01 00:00:00,780240300546,24,DW,12,A,01,240,MORENO LOPEZ JUSTO            ,1D,ACTIVO,KKC971 ,2,F623,23NU,3667,889,0,0,0,23,E23,18,,,,1,9BBTM,2025-12-18 09:42:00,2025-12-16 14:30:00,2401,M,GAFHM,KKC971 ,0,Nor,5X,RUTA INCOMPLETA,,,GSC
2025-12-01 00:00:00,780240502513,68,DW,12,A,01,683,TIERRA Y ARMONIA CONSTRUCCION ,67,ACTIVO,PJ327G ,3,KL28,20KE,26848,1146,0,0,0,23,E23,18,,,,1,9BBTM,2025-12-15 15:54:00,2025-12-11 10:08:56,6803,L,GAF1M,PJ327G ,1146,Nor,  ,,LM,S,GSC
2025-12-01 00:00:00,780240800301,73,DW,12,A,01,730,REDICA ALIANZA COMERCIAL      ,67,ACTIVO,CKW265 ,3,VL28,22NJ,983,0,0,0,0,23,E23,18,,,,1,9BBTM,2025-12-22 10:34:00,2025-12-18 07:18:29,7301,L,GABCM,CKW265 ,0,Nor,59,DISPLAY APAGADO,59,S,GSC
2025-12-01 00:00:00,780250202461,06,DW,12,A,01,060,HERNANDEZ SOLIS JOSE I        ,1D,ACTIVO,M163RH ,2,F622,17LM,33125,218,0,0,0,23,E23,18,,,,1,9BBTM,2025-12-05 08:25:00,2025-12-03 11:19:15,0602,M,GADWM,M163RH ,0,Nor,53,UI SERV DIRECTO,53,S,GSC
2025-12-01 00:00:00,780250611353,30,DW,12,E,01,300,ROMERO DURAN ALEJANDRO        ,1D,ACTIVO,R233XK ,3,KL28,18MV,8084,1665,0,0,0,23,E23,18,,,,1,9BBTM,2025-12-22 18:43:00,2025-12-16 12:10:46,2451,N,9NCWL,R233XK ,19562,Nor,  ,,FR,S,GSC
2025-12-01 00:00:00,780250804194,77,DW,12,A,05,770,TRIMETRIA DESARROLLOS S A DE C,67,ACTIVO,CHA630 ,3,KL28,22NJ,18590,4985,0,0,0,23,E23,18,,,,1,9BBTM,2025-12-30 11:26:00,2025-12-26 14:39:03,7701,L,9NCX5,CHA630 ,0,Nor,5X,RUTA INCOMPLETA,,,GSC
2025-12-01 00:00:00,780250804321,10,DW,12,A,01,100,GALVAN HERNANDEZ SANTIAGA C   ,1D,SUJETO A CORTE,4DVU69 ,2,F623,25NY,38,28,0,0,0,23,E23,18,,,,1,9BBTM,2025-12-09 08:03:00,2025-12-05 16:33:30,1001,M,9MC6M,4DVU69 ,0,Nor,5X,RUTA INCOMPLETA,,,GSC
2025-12-01 00:00:00,780250900479,38,DW,12,A,01,380,VERONICA CISNEROS ANTON IO    ,1D,ACTIVO,2DVK73 ,2,F623,25NY,1041,331,0,0,0,23,E23,2,,,,1,9BBTM,2025-12-26 07:29:00,,,,,,,,,,,,GSC
2025-12-01 00:00:00,780251001559,77,DW,12,A,05,770,GREEN WOOD MEX REALTY S DE RL ,67,ACTIVO,GFR572 ,3,VL28,22NJ,278,12000,0,0,0,23,E23,18,,,,1,9BBTM,2025-12-30 11:25:00,2025-12-26 14:39:03,7701,L,9NCX5,GFR572 ,0,Nor,5X,RUTA INCOMPLETA,,,GSC
2025-12-01 00:00:00,780251003659,34,DW,12,A,05,343,SHEN QIXUKE                   ,02,ACTIVO,7BCH58 ,2,F623,25P2,1123,1123,0,0,0,0,,18,,,,1,9BBTM,2025-12-23 15:34:00,2025-12-24 17:10:30,3451,R,GAFHM,7BCH58 ,0,Nor,5X,RUTA INCOMPLETA,,,GSC
2025-12-01 00:00:00,780251004507,06,DW,12,A,01,060,MIGUEL RESENDO CALIXTRO       ,1D,ACTIVO,2BCP81 ,2,F623,25P2,25,25,0,0,0,23,E23,2,,,,1,9BBTM,2025-12-05 08:23:00,,,,,,,,,,,,GSC
2025-12-01 00:00:00,780251105265,68,DW,12,A,01,682,GALVAN MIRANDA HILDA EDITH    ,02,ACTIVO,CHF544 ,3,KL28,22NJ,10,10,0,0,0,23,E23,2,,,,1,9BBTM,2025-12-15 14:24:00,,,,,,,,,,,,GSC
2025-12-01 00:00:00,779111001321,34,DW,01,M,05,342,CUA CANTO IRMA YOLANDA        ,1B,ACTIVO,41B9U5 ,2,F621,08KG,26563,588,0,0,0,23,E23,18,,,,1,9P12J,2025-12-29 12:05:00,2025-12-23 09:40:58,3429,L,R9982,41B9U5 ,10588,Nor,  ,,FR,S,GSC
2025-12-01 00:00:00,779121103084,35,DW,01,M,02,357,GUTIERREZ BOJORQUEZ MARIA JOSE,1D,ACTIVO,1R080E ,2,F421,06GH,76112,1517,0,0,0,951,LECT NEGATIVA,18,,,,1,9P12J,2025-12-05 13:30:00,,,,,,,,,,,,GSC
2025-12-01 00:00:00,779150705727,06,DW,01,M,01,061,LOURDES DEL CARMEN LORIA ALCOC,1B,ACTIVO,KKH793 ,2,F623,23NU,22469,1842,0,0,0,23,E23,18,,,,1,9P12J,2025-12-03 16:15:00,2025-12-03 09:34:34,0603,L,GAXWM,KKH793 ,0,Nor,53,UI SERV DIRECTO,53,S,GSC
2025-12-01 00:00:00,779160203266,26,DW,01,M,15,269,TORRES VALENCIA FERNANDO      ,1D,ACTIVO,116F9W ,2,F62J,13L2,61934,755,0,0,0,23,E23,18,,,,1,9P12J,2025-12-19 14:49:00,2025-12-17 09:37:13,2651,R,R9982,116F9W ,6739,Nor,  ,,FR,S,GSC
2025-12-01 00:00:00,779160501500,04,DW,01,M,01,043,CAPETILLOS PROYECTOS SA DE CV ,1B,ACTIVO,107F0W ,2,F62J,13L2,39633,1515,0,0,0,0,,18,,,,1,9P12J,2025-12-04 14:13:00,2025-12-02 12:06:36,0403,M,R9689,107F0W ,11501,Nor,  ,,FR,S,GSC
2025-12-01 00:00:00,773061100864,40,DW,01,D,04,401,CAUICH CHI MARIA MARGARITA    ,1C,ACTIVO,RDM627 ,2,F623,24NY,6412,946,0,0,0,23,E23,18,,,,1,9P12J,2025-12-30 18:23:00,2025-12-29 09:47:07,4028,M,9NCYP,RDM627 ,1587,Nor,  ,,FR,S,GSC
2025-12-01 00:00:00,773121102501,14,DW,01,M,17,146,RAMIREZ CRUZ MELBA CATALINA   ,1D,ACTIVO,614TX8 ,1,F122,12LH,48200,348,0,0,0,0,,18,,,,1,9P12J,2025-12-11 16:07:00,2025-12-09 11:42:56,1428,L,G92B2,614TX8 ,70339,Nor,  ,,FR,S,GSC
2025-12-01 00:00:00,773151201171,74,DW,01,D,03,742,H  AYUNTAMIENTO DE KANASIN    ,02,ACTIVO,701FMP ,2,F622,15LM,49307,0,0,0,0,0,,18,,,,1,9P12J,2025-12-19 15:11:00,2025-12-19 11:58:47,7402,L,9NCYM,701FMP ,0,Nor,50,CASA CERRADA,50,S,GSC
2025-12-01 00:00:00,773240500778,14,DW,01,D,01,141,ESPADA NOOH JOSE BALTAZAR     ,02,ACTIVO,1BDN01 ,2,F623,25P2,0,0,0,0,0,0,,18,,,,1,9P12J,2025-12-09 13:11:00,2025-12-09 18:26:34,1401,L,9BBR3,1BDN01 ,6820,Nor,44,NUM MEDID DESIGU,44,S,GSC
2025-12-01 00:00:00,774851100151,06,DW,01,E,02,061,JOSE J NAHUAT MARTINEZ        ,1D,ACTIVO,UN9575 ,1,F121,85EG,8452,668,0,0,0,0,,18,,,,1,9P12J,2025-12-05 15:01:00,2025-12-03 16:14:50,0601,L,GAKJM,UN9575 ,9668,Nor,  ,,LN,S,GSC
2025-12-01 00:00:00,774860200398,02,DW,01,E,02,024,MARIO GARCIA DELGADO          ,1D,ACTIVO,UN8810 ,1,F121,85EG,7250,292,0,0,0,23,E23,18,,,,1,9P12J,2025-12-03 11:07:00,2025-12-01 08:59:09,0204,L,GAKJM,UN8810 ,9292,Nor,  ,,LN,S,GSC
2025-12-01 00:00:00,774860300325,04,DW,01,E,02,042,JORGE KANTUN NAAL             ,1D,ACTIVO,2V50T5 ,2,F421,04GH,91433,660,0,0,0,23,E23,18,,,,1,9P12J,2025-12-04 14:05:00,2025-12-02 17:34:06,0405,L,GAKJM,2V50T5 ,90660,Nor,  ,,FR,S,GSC
2025-12-01 00:00:00,774940200810,02,DW,01,E,02,024,EMILIO D LOPEZ CENTURON       ,1D,ACTIVO,1X30H7 ,1,F121,04JF,53113,408,0,0,0,23,E23,18,,,,1,9P12J,2025-12-03 11:06:00,2025-12-01 10:11:39,0204,L,GAKJM,1X30H7 ,99408,Nor,  ,,FR,S,GSC
2025-12-01 00:00:00,774961103229,06,DW,01,E,02,061,EMILIANO AYALA                ,1D,ACTIVO,7MM089 ,1,F121,98GG,50205,420,0,0,0,0,,18,,,,1,9P12J,2025-12-05 14:54:00,2025-12-03 13:04:18,0601,L,9JR09,7MM089 ,10419,Nor,  ,,FR,S,GSC
2025-12-01 00:00:00,774970800242,02,DW,01,E,02,024,JUAN ALBERTO ORTIZ            ,1D,ACTIVO,53PF98 ,2,F621,07F3,68054,956,0,0,0,23,E23,18,,,,1,9P12J,2025-12-03 11:07:00,2025-12-01 08:56:29,0204,L,GAKJM,53PF98 ,99955,Nor,  ,,FR,S,GSC
2025-12-01 00:00:00,774990801822,06,DW,01,E,02,061,CUPUL MUKUL ELSY MA           ,1D,ACTIVO,0FD155 ,1,F121,98F5,99817,594,0,0,0,0,,18,,,,1,9P12J,2025-12-05 14:54:00,2025-12-03 13:02:44,0601,L,9JR09,0FD155 ,10594,Nor,  ,,FR,S,GSC
2025-12-01 00:00:00,775010501310,38,DW,01,G,03,385,MARGARITA DIAZ DE PONCE       ,1B,ACTIVO,A075HY ,3,VL28,16KE,1278,1440,0,0,0,23,E23,18,,,,1,9P12J,2025-12-30 11:55:00,2025-12-26 17:45:29,3827,L,GA6TN,A075HY ,18,Nor,  ,,FR,S,GSC
2025-12-01 00:00:00,775250100690,36,DW,01,M,13,361,PECH POOT KARINA DIOSELINE    ,1D,ACTIVO,RBG832 ,2,F623,24NY,4136,1006,0,0,0,0,,18,,,,1,9P12J,2025-12-30 14:01:00,2025-12-26 10:36:19,3602,L,GAAEN,RBG832 ,4657,Nor,  ,,FR,S,GSC
2025-12-01 00:00:00,775941100173,26,DW,01,G,01,264,CISNEROS RIVERO ILEANA        ,1B,ACTIVO,K3D729 ,1,F121,88F5,58349,372,0,0,0,0,,18,,,,1,9P12J,2025-12-17 11:02:00,2025-12-17 09:48:29,2601,M,9BBMC,K3D729 ,10372,Nor,  ,,FR,S,GSC
2025-12-01 00:00:00,775950600383,26,DW,01,G,01,264,SILVIA MAGANA PEREZ           ,1B,ACTIVO,7V3M53 ,1,F121,02GG,35327,334,0,0,0,0,,18,,,,1,9P12J,2025-12-17 11:03:00,2025-12-17 09:05:19,2601,M,9BBMC,7V3M53 ,99434,Nor,  ,,FR,S,GSC
2025-12-01 00:00:00,775971100054,22,DW,01,G,01,220,HERNANDEZ NOVELO NORMA ESTER  ,1B,ACTIVO,V106F4 ,1,F121,97F5,96944,566,0,0,0,23,E23,18,,,,1,9P12J,2025-12-17 09:33:00,2025-12-15 07:56:35,2201,M,GAXWM,V106F4 ,98586,Nor,  ,,FR,S,GSC
2025-12-01 00:00:00,776090202438,10,DW,01,H,61,106,BAAS COOL JOSE ROGELIO        ,1C,ACTIVO,19XR44 ,1,F121,08JL,26601,401,0,0,0,0,,18,,,,1,9P12J,2025-12-09 14:45:00,2025-12-05 10:21:36,1026,L,9MCGE,19XR44 ,98405,Nor,  ,,FR,S,GSC
2025-12-01 00:00:00,776120802346,30,DW,01,E,37,301,UICAB FLORES JOSE LUIS        ,1D,ACTIVO,56D8B8 ,2,F421,08KF,20954,522,0,0,0,0,,18,,,,1,9P12J,2025-12-22 14:24:00,2025-12-19 08:19:17,3001,L,GAKJM,56D8B8 ,1522,Nor,  ,,FR,S,GSC
2025-12-01 00:00:00,776140202931,71,DW,01,H,38,711,CANUL COOL SALVADOR DE LA CRUZ,9C,ACTIVO,YH433K ,2,F623,21NU,15533,236,0,0,0,0,,18,,,,1,9P12J,2025-12-18 12:44:00,2025-12-16 11:34:26,7101,L,9MCGE,YH433K ,0,Nor,59,DISPLAY APAGADO,59,S,GSC
2025-12-01 00:00:00,776150406992,68,DW,01,H,39,680,WILLEBALDO NOH DZUL           ,09,ACTIVO,78C3F6 ,2,F621,08KG,7985,0,0,0,0,23,E23,18,,,,1,9P12J,2025-12-15 09:31:00,2025-12-11 09:57:16,6801,L,9JRBT,78C3F6 ,1000,Nor,  ,,FR,S,GSC
2025-12-01 00:00:00,776170900381,28,DW,01,H,36,288,LEON QUINTAL CARLOS FELIPE    ,1C,ACTIVO,X493UK ,2,F622,19LM,38920,1434,0,0,0,0,,18,,,,1,9P12J,2025-12-18 13:15:00,2025-12-18 14:07:02,2828,L,9P167,X493UK ,92878,Nor,  ,,FR,S,GSC
2025-12-01 00:00:00,776200600671,10,DW,01,H,61,106,CANUL KOYOC ANGELICA MARIA    ,1C,ACTIVO,5AAB69 ,2,F623,25NY,2073,511,0,0,0,0,,18,,,,1,9P12J,2025-12-09 14:45:00,2025-12-05 12:47:57,1026,L,9MCGE,5AAB69 ,98438,Nor,  ,,FR,S,GSC
2025-12-01 00:00:00,776880100236,69,DW,01,H,48,691,ESPINOSA CAPETILLO MARIA DEL P,09,CORTADO,MU825C ,3,KL28,20KE,10724,159,0,0,0,23,E23,18,,,,1,9P12J,2025-12-16 09:23:00,2025-12-12 09:46:51,6901,L,9JRBT,MU825C ,0,Nor,60,MEDID NO TRABAJA,60,S,GSC
2025-12-01 00:00:00,776880100376,12,DW,01,H,36,121,ROSENDO MAY GOMEZ             ,1C,ACTIVO,G6A216 ,1,F121,88F5,43017,1,0,0,0,0,,18,,,,1,9P12J,2025-12-10 15:19:00,2025-12-08 11:17:51,1226,M,9MCGE,G6A216 ,99001,Nor,  ,,FR,S,GSC
2025-12-01 00:00:00,776990201071,12,DW,01,H,36,121,DANIEL NOVELO CASTILLA        ,1C,ACTIVO,7MM168 ,1,F121,98GG,19847,369,0,0,0,0,,18,,,,1,9P12J,2025-12-10 15:19:00,2025-12-08 14:18:11,1226,M,9MCGE,7MM168 ,15522,Nor,  ,,FR,S,GSC
2025-12-01 00:00:00,777100300251,36,DW,01,J,46,363,RUIZ HERNANDEZ MARIA JOSEFA   ,1C,ACTIVO,26MY46 ,2,F421,07GH,41980,866,0,0,0,0,,18,,,,1,9P12J,2025-12-29 15:05:00,2025-12-26 16:45:12,3626,L,GAAFN,26MY46 ,1866,Nor,  ,,FR,S,GSC
2025-12-01 00:00:00,777150902121,16,DW,01,J,03,164,CARDENAS LOPEZ MIRZA MARIA    ,02,ACTIVO,KKJ900 ,2,F623,23NU,2826,356,0,0,0,0,,18,,,,1,9P12J,2025-12-12 13:22:00,2025-12-10 12:48:50,1602,L,R9712,KKJ900 ,-94015,Nor,  ,,FR,S,GSC
2025-12-01 00:00:00,777171000976,30,DW,01,J,03,302,GPO OSROCA INMOBILIARIA SA CV ,02,ACTIVO,6AXN90 ,2,F623,25P2,0,0,0,0,0,0,,18,,,,1,9P12J,2025-12-19 12:53:00,2025-12-19 08:54:22,3001,L,9NCYF,YJ986R ,3824,Opt,  ,,,,GSC
2025-12-01 00:00:00,778040200399,79,DW,01,K,42,791,CFE SUBESTACION ACANCEH       ,67,ACTIVO,MW728W ,3,KL28,20KE,44642,2318,0,0,0,23,E23,18,,,,1,9P12J,2025-12-30 12:53:00,2025-12-29 14:30:42,7901,L,9BBR5,MW728W ,59994,Nor,  ,,LN,S,GSC
2025-12-01 00:00:00,778051200102,24,DW,01,K,53,246,WILLIAM BENTURA ACOSTA XOOL   ,1C,ACTIVO,7L404D ,1,F121,05JL,35509,104,0,0,0,0,,18,,,,1,9P12J,2025-12-18 13:12:00,2025-12-16 08:57:17,2426,M,R9701,7L404D ,92620,Nor,  ,,FR,S,GSC
2025-12-01 00:00:00,778750617485,24,DW,01,K,54,247,GREGORIO CANCHE               ,1C,ACTIVO,23HL90 ,1,F121,07JL,7178,235,0,0,0,0,,18,,,,1,9P12J,2025-12-18 13:09:00,2025-12-16 12:50:52,2428,L,GAAGN,23HL90 ,99235,Nor,  ,,FR,S,GSC
2025-12-01 00:00:00,778831100134,26,DW,01,K,54,262,IRINEO CANUL CAUICH           ,1C,ACTIVO,0Y89N6 ,1,F121,04GG,27028,92,0,0,0,0,,18,,,,1,9P12J,2025-12-19 13:09:00,2025-12-17 09:43:54,2627,L,GAAGN,0Y89N6 ,99092,Nor,  ,,FR,S,GSC
2025-12-01 00:00:00,778971200368,66,DW,01,K,48,662,IND AVIPECUARIA PEN SA CV     ,67,ACTIVO,GGD587 ,3,VL28,22NJ,2669,4720,0,0,0,0,,18,,,,1,9P12J,2025-12-09 16:09:00,2025-12-10 10:19:29,6651,R,R9701,GGD587 ,0,Nor,52,COMUNICACION INTERRU,52,S,GSC
2025-12-01 00:00:00,778980500137,70,DW,01,K,58,702,H AYUNTAMIENTO DE CUZAMA      ,67,ACTIVO,259L0F ,3,KL28,13KE,79045,820,0,0,0,0,,18,,,,1,9P12J,2025-12-16 14:12:00,2025-12-15 09:15:47,7001,L,R9701,259L0F ,0,Nor,59,DISPLAY APAGADO,59,S,GSC
2025-12-01 00:00:00,779020700642,04,DW,01,M,01,042,HAU CRUZ LUCIA GUADALUPE      ,1B,ACTIVO,4U3F14 ,1,F121,02GG,17021,27,0,0,0,0,,18,,,,1,9P12J,2025-12-04 15:14:00,2025-12-02 08:25:51,0402,L,R9703,4U3F14 ,9469,Nor,  ,,FR,S,GSC
2025-12-01 00:00:00,779030100741,14,DW,01,M,17,144,URSULA COCOM CHUC             ,1D,ACTIVO,3KN916 ,1,F121,99GG,27077,430,0,0,0,0,,18,,,,1,9P12J,2025-12-11 14:06:00,2025-12-09 11:59:33,1426,L,9NCYK,3KN916 ,99430,Nor,  ,,FR,S,GSC
2025-12-01 00:00:00,779031100752,30,DW,01,M,08,302,JOSE NICANOR NARVAEZ PISTE    ,1B,ACTIVO,0J80F6 ,1,F121,03GG,24990,232,0,0,0,0,,18,,,,1,9P12J,2025-12-23 15:26:00,2025-12-19 09:40:09,3026,L,9JRBR,0J80F6 ,89915,Nor,  ,,FR,S,GSC
2025-12-01 00:00:00,779040800228,10,DW,01,M,01,101,FRANCISCO QUIJANO CANUL       ,1B,ACTIVO,1V67T2 ,2,F421,04GH,26168,14,0,0,0,23,E23,18,,,,1,9P12J,2025-12-09 12:27:00,2025-12-05 11:00:21,1002,L,G92B2,1V67T2 ,314,Nor,  ,,,,GSC
2025-12-01 00:00:00,779060700459,08,DW,01,M,01,082,POOL YAM VERONICA DEL JESUS   ,1B,ACTIVO,0V912G ,1,F121,06JL,34635,234,0,0,0,0,,18,,,,1,9P12J,2025-12-08 13:17:00,2025-12-04 14:58:43,0801,L,GAG9M,0V912G ,9219,Nor,  ,,FR,S,GSC
2025-12-01 00:00:00,774180301033,16,DW,01,E,02,162,PUC TUN CLARA                 ,1D,CORTADO,LF891Y ,1,F123,20NT,14114,569,0,0,0,0,,18,,,,1,9P12J,2025-12-12 14:47:00,2025-12-10 09:32:51,1602,M,9JR11,LF891Y ,0,Nor,31,SERVICIO SIN USO,LM,S,GSC
2025-12-01 00:00:00,774181000495,28,DW,01,E,02,281,RADIOMOVIL DIPSA S A DE C V   ,02,ACTIVO,P812EU ,2,F623,18NN,35258,6136,0,0,0,23,E23,18,,,,1,9P12J,2025-12-22 10:57:00,2025-12-18 15:20:32,2801,L,9JRCB,P812EU ,94369,Nor,  ,,FR,S,GSC
2025-12-01 00:00:00,774230602277,67,DW,01,E,02,671,INCAY                         ,02,ACTIVO,FKD216 ,1,F123,22NX,0,0,0,0,0,0,,18,,,,1,9P12J,2025-12-11 15:54:00,2025-12-10 11:33:43,6703,L,GAKJM,FKD216 ,0,Nor,53,UI SERV DIRECTO,53,S,GSC
2025-12-01 00:00:00,774230701518,38,DW,01,E,37,383,ESQUIVIES GARCIA JESSICA      ,1D,ACTIVO,UL374T ,2,F623,21NY,9815,495,0,0,0,0,,18,,,,1,9P12J,2025-12-29 14:14:00,2025-12-26 10:19:09,3802,M,GAXVM,UL374T ,0,Nor,32,UI DERIVACION,32,S,GSC
2025-12-01 00:00:00,774790901024,04,DW,01,E,02,042,ABUNDIO CACERES               ,1D,ACTIVO,1E7M06 ,1,F121,01GG,29162,227,0,0,0,0,,18,,,,1,9P12J,2025-12-04 15:18:00,2025-12-02 17:37:52,0405,L,GAKJM,1E7M06 ,94135,Nor,  ,,FR,S,GSC
2025-12-01 00:00:00,774790904236,14,DW,01,E,02,141,MARIA A HOIL                  ,1D,ACTIVO,R26B66 ,1,F121,93F5,36687,282,0,0,0,0,,18,,,,1,9P12J,2025-12-11 15:54:00,2025-12-09 10:38:39,1401,M,9JR11,R26B66 ,1282,Nor,  ,,FR,S,GSC
2025-12-01 00:00:00,774791000101,14,DW,01,E,02,141,FRANCISCO LIMA CHULIM         ,1D,ACTIVO,R55Y00 ,1,F121,93F5,20323,566,0,0,0,0,,18,,,,1,9P12J,2025-12-11 15:54:00,2025-12-09 15:32:49,1401,M,9JRE3,R55Y00 ,91557,Nor,  ,,FR,S,GSC
2025-12-01 00:00:00,774810900356,06,DW,01,E,02,066,CARMEN GOMEZ                  ,1D,ACTIVO,L1640N ,1,W111,76C0,9990,0,0,0,0,0,,18,,,,1,9P12J,2025-12-05 15:00:00,2025-12-03 10:59:19,0606,L,9JR11,L1640N ,1000,Nor,  ,,LN,S,GSC
2025-12-01 00:00:00,774880500096,14,DW,01,E,02,141,ANDRES AZCORRA                ,1D,ACTIVO,G5P603 ,1,F121,88F5,68235,243,0,0,0,0,,18,,,,1,9P12J,2025-12-11 15:54:00,2025-12-09 15:54:37,1401,M,9JRE3,G5P603 ,10237,Nor,  ,,FR,S,GSC
2025-12-01 00:00:00,774900200434,02,DW,01,E,02,024,MARIA ADELA GONZALEZ          ,1D,ACTIVO,HF2819 ,1,F121,82EG,5445,434,0,0,0,23,E23,18,,,,1,9P12J,2025-12-03 11:07:00,2025-12-01 11:13:09,0204,L,GAKJM,HF2819 ,9434,Nor,  ,,LN,S,GSC
2025-12-01 00:00:00,774930701543,06,DW,01,E,02,063,LINA DOMINGUEZ LEIRANA        ,1D,ACTIVO,G8A351 ,1,F121,88F5,65158,87,0,0,0,0,,18,,,,1,9P12J,2025-12-05 15:08:00,2025-12-03 09:16:40,0603,L,9MCBH,G8A351 ,99087,Nor,  ,,FR,S,GSC
2025-12-01 00:00:00,775050500413,65,DW,01,G,01,651,ADMON DEL SIST PORT NAC PROGRE,67,ACTIVO,G540XU ,3,KL28,17KE,95635,1115,0,0,0,23,E23,18,,,,1,9P12J,2025-12-08 17:05:00,2025-12-08 12:21:00,6501,L,GA81N,G540XU ,97136,Opt,  ,,,,GSC
2025-12-01 00:00:00,775150300578,66,DW,01,G,01,661,H  AYUNTAMIENTO DE PROGRESO   ,5A,ACTIVO,P897HW ,2,F623,18NN,65854,1024,0,0,0,0,,18,,,,1,9P12J,2025-12-10 17:44:00,2025-12-09 11:53:59,6601,L,R9962,P897HW ,0,Nor,52,COMUNICACION INTERRU,52,S,GSC
2025-12-01 00:00:00,775811100058,24,DW,01,G,01,242,RUBEN A RAMOS DIAZ            ,1B,ACTIVO,2J6E89 ,1,F121,01GG,53378,495,0,0,0,23,E23,18,,,,1,9P12J,2025-12-16 16:19:00,2025-12-16 08:47:06,2402,L,9BBMC,2J6E89 ,86378,Nor,  ,,FR,S,GSC
2025-12-01 00:00:00,776011201031,71,DW,01,H,60,711,CASTILLO CABRERA LOURDES VEREN,9C,ACTIVO,2P7L14 ,2,F421,01GH,44307,0,0,0,0,0,,18,,,,1,9P12J,2025-12-18 12:44:00,2025-12-16 10:28:27,7101,L,9MCGE,2P7L14 ,0,Nor,59,DISPLAY APAGADO,59,S,GSC
2025-12-01 00:00:00,776020500024,24,DW,01,H,39,249,HONORATA MAGANA VAZQUEZ       ,02,ACTIVO,7R0H82 ,1,F121,01GG,25351,137,0,0,0,0,,18,,,,1,9P12J,2025-12-18 15:23:00,2025-12-16 08:45:48,2426,L,9JR2C,7R0H82 ,99136,Nor,  ,,FR,S,GSC
2025-12-01 00:00:00,776031100567,16,DW,01,H,49,162,JIMER ALONSO PINA MARTIN      ,1C,ACTIVO,331T2T ,2,F622,14LM,41687,564,0,0,0,0,,18,,,,1,9P12J,2025-12-12 12:23:00,2025-12-10 16:16:40,1627,L,9MCGE,331T2T ,6555,Nor,  ,,LM,S,GSC
2025-12-01 00:00:00,776041100158,12,DW,01,H,36,122,GASPAR MEX VENTURA            ,1C,SUJETO A CORTE,1A004J ,1,F121,04GG,12821,227,0,0,0,0,,18,,,,1,9P12J,2025-12-10 15:20:00,2025-12-08 10:52:12,1227,L,9JRBT,1A004J ,37373,Nor,  ,,FR,S,GSC
2025-12-01 00:00:00,776120804721,04,DW,01,E,37,042,TORRES TORRES BONIFACIO       ,1D,ACTIVO,2WV577 ,2,F421,00GH,44319,457,0,0,0,23,E23,18,,,,1,9P12J,2025-12-04 14:07:00,2025-12-02 13:02:40,0406,L,R9933,2WV577 ,1467,Nor,  ,,FR,S,GSC
2025-12-01 00:00:00,774140800886,24,DW,01,E,02,241,PINEDA MARCIAL SALINA         ,1D,CORTADO,GCC341 ,1,F123,23NX,4652,751,0,0,0,23,E23,18,,,,1,9P12J,2025-12-18 10:06:00,2025-12-16 10:32:16,2401,M,9NCYE,GCC341 ,0,Opt,32,UI DERIVACION,32,S,GSC
2025-12-01 00:00:00,774211201954,66,DW,01,E,37,661,NVA WALT MART DE MEXICO S DE R,67,ACTIVO,MY024G ,3,VL28,20KE,6228,11920,0,0,0,0,,18,,,,1,9P12J,2025-12-11 10:51:00,2025-12-10 15:02:51,6651,R,9JRCB,MY024G ,0,Nor,60,MEDID NO TRABAJA,60,S,GSC
2025-12-01 00:00:00,774790901067,04,DW,01,E,02,042,MANUEL CASTILLO BARAHONA      ,1D,ACTIVO,4D238K ,1,F121,05JL,2006,11,0,0,0,23,E23,18,,,,1,9P12J,2025-12-04 14:05:00,2025-12-02 17:53:53,0405,L,GAKJM,4D238K ,99011,Nor,  ,,FR,S,GSC
2025-12-01 00:00:00,774790902535,06,DW,01,E,02,065,MA ISABEL CEH                 ,1D,ACTIVO,B48L71 ,1,F121,91F5,26036,89,0,0,0,0,,18,,,,1,9P12J,2025-12-05 15:09:00,2025-12-03 09:48:11,0605,L,9JRCB,B48L71 ,74056,Nor,  ,,FR,S,GSC
2025-12-01 00:00:00,774820300349,12,DW,01,E,02,121,CHI CHI JOSE A                ,1D,ACTIVO,F5818J ,2,F121,74AM,18222,139,0,0,0,0,,18,,,,1,9P12J,2025-12-10 10:56:00,2025-12-08 13:12:36,1201,L,GAKJM,F5819J ,40651,Nor,  ,,FR,S,GSC
2025-12-01 00:00:00,774870800547,06,DW,01,E,02,065,NEMECIO DZIB                  ,1D,ACTIVO,3976VC ,1,F121,7091,38782,414,0,0,0,0,,18,,,,1,9P12J,2025-12-05 15:06:00,2025-12-03 10:06:08,0605,L,9JRCB,3976VC ,1403,Nor,  ,,FR,S,GSC
2025-12-01 00:00:00,774911100555,12,DW,01,E,02,121,MAURICIO NAAL TUN             ,02,ACTIVO,A82B64 ,1,F121,91F5,9162,133,0,0,0,0,,18,,,,1,9P12J,2025-12-10 10:57:00,2025-12-08 15:13:47,1201,L,9JRCB,A82B64 ,10133,Nor,  ,,FR,S,GSC
2025-12-01 00:00:00,774920800519,02,DW,01,E,02,024,JOSE L ROBERTOS MOGUEL        ,1D,ACTIVO,Y568P9 ,1,F121,97F5,18830,200,0,0,0,23,E23,18,,,,1,9P12J,2025-12-03 11:06:00,2025-12-01 16:55:53,0204,L,GAKJM,Y568P9 ,10200,Nor,  ,,FR,S,GSC
2025-12-01 00:00:00,774930700334,06,DW,01,E,02,063,IBARRA ALONZO ARACELLY GUADALU,1D,ACTIVO,L13C89 ,2,F621,92F3,23762,8,0,0,0,0,,18,,,,1,9P12J,2025-12-05 14:55:00,2025-12-03 10:03:42,0603,L,9MCBH,L13C89 ,10007,Nor,  ,,FR,S,GSC
2025-12-01 00:00:00,774951001037,14,DW,01,E,02,141,JUANA MATU                    ,1D,SUJETO A CORTE,4Y193B ,1,F121,06JL,61528,767,0,0,0,0,,18,,,,1,9P12J,2025-12-11 15:53:00,2025-12-09 16:33:19,1401,M,9JRE3,4Y193B ,90767,Nor,  ,,FR,S,GSC
2025-12-01 00:00:00,774951200994,06,DW,01,E,02,065,ADELA CAMARA CHAN             ,1D,ACTIVO,F65R65 ,1,F121,92F5,5767,43,0,0,0,0,,18,,,,1,9P12J,2025-12-05 14:57:00,2025-12-03 09:53:00,0605,L,9JRCB,F65R65 ,1043,Nor,  ,,FR,S,GSC
2025-12-01 00:00:00,774960601110,04,DW,01,E,02,042,JOSE R SOLIS ESCALANTE        ,1D,ACTIVO,9C727G ,2,F421,05GH,79058,822,0,0,0,0,,18,,,,1,9P12J,2025-12-04 15:18:00,2025-12-02 16:14:32,0405,L,GAKJM,9C727G ,99799,Nor,  ,,FR,S,GSC
2025-12-01 00:00:00,774970102774,04,DW,01,E,02,045,BLANCA ENRIQUEZ RODRIGUEZ     ,1D,ACTIVO,3X4J90 ,2,F421,02GH,99691,1283,0,0,0,23,E23,18,,,,1,9P12J,2025-12-04 14:05:00,2025-12-02 08:48:15,0402,L,9JRCB,3X4J90 ,11282,Nor,  ,,FR,S,GSC
2025-12-01 00:00:00,774981100218,06,DW,01,E,02,064,JOSE GABRIEL NAPTE XOOL       ,1D,ACTIVO,9HR459 ,1,F121,98GG,78445,831,0,0,0,0,,18,,,,1,9P12J,2025-12-05 15:02:00,2025-12-03 09:59:11,0604,L,9EMHG,9HR459 ,99831,Nor,  ,,FR,S,GSC
2025-12-01 00:00:00,774990100107,04,DW,01,E,02,045,ZURIE BALAM DE LIZARRAGA      ,1D,ACTIVO,8AVB48 ,2,F623,25P2,0,0,0,0,0,23,E23,18,,,,1,9P12J,2025-12-02 14:09:00,2025-12-02 09:00:34,0402,L,9JRCB,4L817D ,532,Nor,  ,,,,GSC
2025-12-01 00:00:00,775020201322,28,DW,01,G,01,283,MA DEL CARMEN VICUNA          ,1B,ACTIVO,5K9J05 ,1,F121,01GG,42646,350,0,0,0,23,E23,18,,,,1,9P12J,2025-12-22 12:51:00,2025-12-18 08:46:14,2802,M,GA6TN,5K9J05 ,92613,Nor,  ,,FR,S,GSC
2025-12-01 00:00:00,775071000810,26,DW,01,G,01,265,NOH GARCIA CIRA GUADALUPE     ,1B,CORTADO,8D31C1 ,1,F121,03GG,46926,1058,0,0,0,0,,18,,,,1,9P12J,2025-12-17 11:03:00,2025-12-17 08:38:59,2602,M,GA6TN,8D31C1 ,11048,Nor,  ,,FR,S,GSC
2025-12-01 00:00:00,775140403531,24,DW,01,G,01,242,GONZALEZ ROMERO JESUS ANTONIO ,1B,ACTIVO,G90P73 ,1,F121,92F5,26428,76,0,0,0,23,E23,18,,,,1,9P12J,2025-12-16 16:19:00,2025-12-16 12:14:15,2402,L,9BBMC,G90P73 ,4799,Nor,  ,,FR,S,GSC
2025-12-01 00:00:00,775750603957,22,DW,01,G,01,220,MAGANA IX MARIA ANTONIA       ,1B,ACTIVO,3KV413 ,1,F121,99GG,4323,47,0,0,0,23,E23,18,,,,1,9P12J,2025-12-17 09:34:00,2025-12-15 08:59:18,2201,M,GAXWM,3KV413 ,43113,Nor,  ,,FR,S,GSC
2025-12-01 00:00:00,775890500180,08,DW,01,G,01,080,RAUL JOSE SAURI BARROSO       ,1B,ACTIVO,RFR877 ,2,F623,24NY,1246,311,0,0,0,0,,18,,,,1,9P12J,2025-12-05 11:15:00,2025-12-04 16:50:52,0801,L,GA81N,RFR877 ,0,Nor,51,NO ENCONTRE DOMI,,,GSC
2025-12-01 00:00:00,775980601392,28,DW,01,G,01,283,RAUL CRUZ CHUC                ,1B,ACTIVO,2DW866 ,1,F121,98GG,34909,469,0,0,0,23,E23,18,,,,1,9P12J,2025-12-22 12:10:00,2025-12-18 08:50:12,2802,M,GA6TN,2DW866 ,8193,Nor,  ,,FR,S,GSC
2025-12-01 00:00:00,776000556490,08,DW,01,H,38,085,ROSA ELENA DIAZ HERNANDEZ     ,1B,ACTIVO,78LC69 ,1,F121,07JL,20577,222,0,0,0,0,,18,,,,1,9P12J,2025-12-08 14:07:00,2025-12-04 11:44:05,0828,L,9P167,78LC69 ,90222,Nor,  ,,FR,S,GSC
2025-12-01 00:00:00,776030900764,71,DW,01,H,38,711,ANTONIO CEBALLOS FRANCO       ,67,ACTIVO,FY307H ,3,KL28,19KE,72298,1060,0,0,0,0,,18,,,,1,9P12J,2025-12-18 12:43:00,2025-12-16 11:42:39,7101,L,9MCGE,FY307H ,0,Nor,59,DISPLAY APAGADO,59,S,GSC
2025-12-01 00:00:00,776040500365,12,DW,01,H,36,121,KEYYI MARI DEL C QUINTAL V    ,1C,ACTIVO,4F81X2 ,2,F621,03F3,19489,1,0,0,0,0,,18,,,,1,9P12J,2025-12-10 15:20:00,2025-12-08 11:42:10,1226,M,9MCGE,4F81X2 ,7042,Nor,  ,,FR,S,GSC
2025-12-01 00:00:00,776040601501,12,DW,01,H,36,121,EUGENIA MAGALY SOLIS MOO      ,1C,ACTIVO,4Y42N7 ,1,F121,04GG,35007,332,0,0,0,0,,18,,,,1,9P12J,2025-12-10 15:42:00,2025-12-08 14:17:45,1226,M,9MCGE,4Y42N7 ,96573,Nor,  ,,FR,S,GSC
2025-12-01 00:00:00,776120803822,06,DW,01,E,37,062,DZUL KANTUN MARIA ALEJANDRA   ,1D,ACTIVO,3E36B3 ,2,F421,03GH,21654,177,0,0,0,0,,18,,,,1,9P12J,2025-12-05 15:08:00,2025-12-03 08:42:03,0607,M,9ND5H,3E36B3 ,24839,Nor,  ,,FR,S,GSC
2025-12-01 00:00:00,776170804099,40,DW,01,E,37,405,CETZ CHUC JESUS ERNESTO       ,1D,CORTADO,F416CJ ,1,F122,17LN,8451,0,0,0,0,0,,18,,,,1,9P12J,2025-12-30 16:21:00,2025-12-29 10:12:50,4003,M,GA00N,F416CJ ,92394,Nor,  ,,FR,S,GSC
2025-12-01 00:00:00,776240800631,62,DW,01,M,13,624,MUNICIPIO DE MERIDA YUCATAN   ,5A,ACTIVO,REH682 ,2,F623,24NY,100,25,0,0,0,23,E23,18,,,,1,9P12J,2025-12-04 13:59:00,2025-12-03 12:47:11,6201,L,R9703,REH682 ,14809,Nor,44,NUM MEDID DESIGU,44,S,GSC
2025-12-01 00:00:00,776750621846,12,DW,01,H,36,121,VICTORIANO BORGES             ,02,ACTIVO,2AU802 ,1,F121,97F5,98354,718,0,0,0,0,,18,,,,1,9P12J,2025-12-10 15:42:00,2025-12-08 10:41:02,1226,M,9MCGE,2AU802 ,10718,Nor,  ,,FR,S,GSC
2025-12-01 00:00:00,776750800015,08,DW,01,H,38,086,TERESITA SOLIS PARRA          ,1B,ACTIVO,2AUF36 ,2,F623,25P2,181,181,0,0,0,0,,18,,,,1,9P12J,2025-12-08 14:21:00,2025-12-04 10:34:03,0829,L,9MCGE,2AUF36 ,0,Nor,53,UI SERV DIRECTO,53,S,GSC
2025-12-01 00:00:00,776780700015,08,DW,01,H,38,085,TERESA LAVADORES DE B         ,1B,ACTIVO,11YE10 ,1,F121,08JL,20886,0,0,0,0,0,,18,,,,1,9P12J,2025-12-08 14:07:00,2025-12-04 13:39:07,0828,L,9P167,11YE10 ,99000,Nor,  ,,FR,S,GSC
2025-12-01 00:00:00,776920200174,10,DW,01,H,61,106,31DPR0716K ESC PRIM FED ROGELI,02,ACTIVO,D29L01 ,1,F621,91F3,78333,970,0,0,0,0,,18,,,,1,9P12J,2025-12-09 14:45:00,2025-12-05 10:30:22,1026,L,9MCGE,D29L01 ,71347,Nor,  ,,FR,S,GSC
2025-12-01 00:00:00,776931100678,69,DW,01,H,50,692,ARMIN LORIA LEON              ,09,ACTIVO,GEE764 ,3,KL28,22NJ,7170,265,0,0,0,23,E23,18,,,,1,9P12J,2025-12-16 09:23:00,2025-12-12 10:45:12,6901,L,9JRBT,GEE764 ,64509,Opt,  ,,,,GSC
2025-12-01 00:00:00,776971100441,65,DW,01,H,42,650,MUNICIPIO DE CELESTUN         ,67,ACTIVO,PT833X ,3,KL28,21KE,27679,37000,0,0,0,0,,18,,,,1,9P12J,2025-12-10 14:11:00,2025-12-10 10:06:51,6551,R,9JRBT,PT833X ,0,Nor,52,COMUNICACION INTERRU,52,S,GSC
2025-12-01 00:00:00,777091001041,10,DW,01,J,52,102,DZIB AVILES ERNESTO ALONSO    ,1D,ACTIVO,4LR046 ,1,F121,99GG,48085,2,0,0,0,23,E23,18,,,,1,9P12J,2025-12-09 13:31:00,2025-12-05 13:10:31,1027,L,R9712,4LR046 ,10002,Nor,  ,,FR,S,GSC
2025-12-01 00:00:00,779010400993,24,DW,01,M,09,240,MIGUEL A DURAN AMAYA          ,1D,ACTIVO,3P7L06 ,2,F421,01GH,55650,970,0,0,0,951,LECT NEGATIVA,18,,,,1,9P12J,2025-12-18 09:56:00,2025-12-16 11:22:32,2430,L,R9982,3P7L06 ,99720,Nor,  ,,FR,S,GSC
2025-12-01 00:00:00,779030501125,30,DW,01,M,07,301,JORGE ALBERTO CAAMAL PUCH     ,1B,ACTIVO,9G78F8 ,1,F121,03GG,41089,336,0,0,0,0,,18,,,,1,9P12J,2025-12-23 15:25:00,2025-12-19 12:19:37,3028,L,R9703,9G78F8 ,90336,Nor,  ,,FR,S,GSC
2025-12-01 00:00:00,779081001976,62,DW,01,M,13,624,MUNICIPIO DE MERIDA YUCATAN   ,5A,ACTIVO,RBY201 ,2,F623,24NY,4669,1333,0,0,0,0,,18,,,,1,9P12J,2025-12-04 15:19:00,2025-12-03 09:39:35,6201,L,R9703,RBY201 ,0,Nor,53,UI SERV DIRECTO,53,S,GSC
2025-12-01 00:00:00,779110401288,34,DW,01,M,35,346,CANTILLO GAMBOA FRANCISCO JAVI,1B,ACTIVO,UC756L ,2,F623,21NY,373,39,0,0,0,23,E23,18,,,,1,9P12J,2025-12-29 12:06:00,2025-12-23 15:52:02,3429,L,R9982,UC756L ,0,Nor,59,DISPLAY APAGADO,59,S,GSC
2025-12-01 00:00:00,779140703521,08,DW,01,M,01,082,UC CEBALLOS LUZ MARIA         ,1B,ACTIVO,P42H41 ,1,F121,93F5,23431,0,0,0,0,0,,18,,,,1,9P12J,2025-12-08 13:32:00,2025-12-04 18:29:00,0801,L,GAG9M,P42H41 ,99800,Nor,  ,,FR,S,GSC
2025-12-01 00:00:00,779160300890,62,DW,01,M,06,622,MUNICIPIO DE IXIL             ,02,ACTIVO,192JJV ,2,F622,15LM,59514,1637,0,0,0,0,,18,,,,1,9P12J,2025-12-04 12:47:00,2025-12-03 12:43:37,6202,L,9P14E,192JJV ,0,Nor,59,DISPLAY APAGADO,59,S,GSC
2025-12-01 00:00:00,779180700738,62,DW,01,M,05,622,MUNICIPIO DE MERIDA YUCATAN   ,5A,ACTIVO,N873DD ,2,F622,18LM,90724,2170,0,0,0,0,,18,,,,1,9P12J,2025-12-05 12:02:00,,,,,,,,,,,,GSC
2025-12-01 00:00:00,779170402381,71,DW,01,M,36,716,JARDINES DE REJOYADA A C      ,67,ACTIVO,GFR733 ,3,VL28,22NJ,81,1680,0,0,0,0,,18,,,,1,9P12J,2025-12-17 16:42:00,2025-12-16 09:02:55,7101,L,9JRBR,GFR733 ,0,Nor,60,MEDID NO TRABAJA,60,S,GSC
2025-12-01 00:00:00,779191200923,06,DW,01,M,01,061,FLORES ROSALES ITZEL ADRIANA  ,1B,ACTIVO,PL055X ,2,F62J,20L2,9486,323,0,0,0,0,,18,,,,1,9P12J,2025-12-03 16:25:00,2025-12-03 12:11:26,0603,L,GAXWM,PL055X ,-4954,Nor,  ,,LN,S,GSC
2025-12-01 00:00:00,779200501419,04,DW,01,M,01,044,NOVELO SAN MIGUEL JORGE BALTAZ,1B,ACTIVO,PJ902N ,2,F62J,20L2,17110,83,0,0,0,0,,18,,,,1,9P12J,2025-12-04 15:14:00,2025-12-02 12:45:16,0404,M,R9982,PJ902N ,-84258,Nor,  ,,FR,S,GSC
2025-12-01 00:00:00,779750603871,08,DW,01,M,01,083,SOTERO MARGAY                 ,1B,ACTIVO,H71N95 ,1,F121,92F5,79047,359,0,0,0,0,,18,,,,1,9P12J,2025-12-08 13:17:00,2025-12-04 08:34:08,0802,M,GAXWM,H71N95 ,99322,Nor,  ,,FR,S,GSC
2025-12-01 00:00:00,779941000204,08,DW,01,M,01,083,FELIPE E GONZALEZ JIMENEZ     ,1B,ACTIVO,B488F1 ,2,F621,94F3,87858,857,0,0,0,0,,18,,,,1,9P12J,2025-12-08 13:17:00,2025-12-04 08:13:38,0802,M,GAXWM,B488F1 ,1876,Nor,  ,,FR,S,GSC
2025-12-01 00:00:00,779990200111,16,DW,01,M,19,164,CETINA CAUICH MARIA ELVIRA    ,1D,ACTIVO,C4049G ,1,W111,73C0,9575,0,0,0,0,23,E23,18,,,,1,9P12J,2025-12-12 15:03:00,2025-12-11 17:37:19,1651,R,9NCYK,C4049G ,0,Nor,60,MEDID NO TRABAJA,60,S,GSC
2025-12-01 00:00:00,780000556829,28,DW,12,A,01,282,UN KUMUL ALFREDO              ,1D,ACTIVO,5LB592 ,1,F121,99GG,12235,20,0,0,0,23,E23,18,,,,1,9BBTM,2025-12-18 13:56:00,2025-12-18 10:38:09,2801,M,9P180,5LB592 ,97061,Nor,  ,,FR,S,GSC
2025-12-01 00:00:00,780010500350,67,DW,12,A,01,671,PROMOTORES SANTA FE SA DE CV  ,67,ACTIVO,082MGJ ,3,VL2E,15MV,13004,10880,0,0,0,23,E23,18,,,,1,9BBTM,2025-12-12 08:56:00,2025-12-11 10:52:08,6751,R,GADWM,082MGJ ,136,Nor,  ,,FR,S,GSC
2025-12-01 00:00:00,780021202431,16,DW,12,A,01,160,HERNANDEZ V ALFREDO           ,1D,ACTIVO,9D32T8 ,1,F121,03GG,32534,179,0,0,0,23,E23,18,,,,1,9BBTM,2025-12-12 14:25:00,2025-12-10 08:37:33,1601,M,9MC6M,9D32T8 ,95030,Nor,  ,,FR,S,GSC
2025-12-01 00:00:00,780030802891,08,DW,12,A,01,081,GONZALEZ URBINA RUBEN         ,1D,ACTIVO,6H57T5 ,1,F121,03GG,17882,25,0,0,0,23,E23,18,,,,1,9BBTM,2025-12-08 08:37:00,2025-12-04 11:26:58,0802,M,GAD0M,6H57T5 ,99963,Nor,  ,,FR,S,GSC
2025-12-01 00:00:00,780040900115,30,DW,12,B,01,306,CONDOMINIO CASA MEXICANA      ,1D,ACTIVO,97H58L ,2,F62H,10KN,8036,1619,0,0,0,23,E23,18,,,,1,9BBTM,2025-12-19 12:29:00,2025-12-20 07:52:58,3051,R,9P17V,97H58L ,0,Nor,56,NO HAY MEDIDOR,56,S,GSC
2025-12-01 00:00:00,315160300842,14,DW,04,B,23,142,CHAN CAB SANDRA ISABEL        ,02,BAJA,UC911D ,2,F623,21NY,8365,780,0,0,0,951,LECT NEGATIVA,2,,,,1,9MCF6,2025-12-10 14:11:00,2025-12-09 10:02:36,1451,N,9BBLV,UC911D ,99640,Opt,  ,,,,GSC
2025-12-01 00:00:00,779200600433,04,DW,01,M,01,044,RUIZ E VERS HEIDI             ,1B,ACTIVO,GB794M ,2,F622,19LM,39903,2832,0,0,0,951,LECT NEGATIVA,2,,,,1,9P12J,2025-12-04 13:53:00,2025-12-02 10:04:02,0404,M,R9982,GB794M ,2996,Nor,  ,,FR,S,GSC
2025-12-01 00:00:00,803100400281,28,DW,07,D,07,071,CHAN VELASQUEZ FILIBERTO      ,1C,ACTIVO,X71N08 ,1,F121,94F5,18745,113,0,0,0,951,LECT NEGATIVA,2,,,,1,9MCJD,2025-12-19 17:09:00,2025-12-18 09:49:24,2827,M,R9920,X71N08 ,99910,Nor,  ,,FR,S,GSC
2025-12-01 00:00:00,771031202911,32,DW,01,B,02,324,BUENFIL MAGANA PILAR C        ,1D,ACTIVO,9V45F0 ,2,F421,04GH,17926,12,60,0,0,951,LECT NEGATIVA,8,MEDID NO TRABAJA,,,1,9P12J,2025-12-23 15:41:00,2025-12-22 11:59:07,3201,M,9P11W,9V45F0 ,14,Nor,  ,,,,GSC
2025-12-01 00:00:00,786750401965,16,DW,03,B,18,162,ARMANDO CUXIM YAN             ,1B,ACTIVO,H54N61 ,1,F121,92F5,36820,110,0,0,0,951,LECT NEGATIVA,2,,,,1,9ND2R,2025-12-11 14:38:00,2025-12-10 10:56:34,1627,L,GAPQM,H54N61 ,99831,Nor,  ,,FR,S,GSC
2025-12-01 00:00:00,801980401793,01,DW,07,B,06,111,SANCHEZ A DANIEL              ,02,ACTIVO,36E8V8 ,1,F12F,08K6,6500,121,0,0,0,951,LECT NEGATIVA,2,,,,1,9MCJD,2025-12-30 16:30:00,,,,,,,,,,,,GSC
2025-12-01 00:00:00,794800700139,14,DW,04,G,27,001,BERNARDINO MARTINEZ           ,1F,ACTIVO,RCC520 ,2,F623,24NY,1267,571,0,0,0,951,LECT NEGATIVA,2,,,,1,9MCF6,2025-12-11 09:33:00,2025-12-09 13:09:27,1426,L,R9484,RCC520 ,99908,Opt,  ,,,,GSC
2025-12-01 00:00:00,796110203160,04,DW,06,A,25,251,ROSARIO DOMINGUEZ REYNALDO    ,1C,ACTIVO,54G4Y2 ,1,F12H,09KU,9520,331,0,0,0,951,LECT NEGATIVA,18,,,,1,9BBEG,2025-12-04 12:17:00,2025-12-02 08:54:42,0427,L,GAX9M,54G4Y2 ,99883,Opt,  ,,,,GSC
2025-12-01 00:00:00,801000657517,10,DW,07,B,06,103,TORRES GONZALEZ JORGE C       ,1B,ACTIVO,8RG949 ,1,F121,99GG,55000,250,0,0,0,951,LECT NEGATIVA,2,,,,1,9MCJD,2025-12-08 16:39:00,2025-12-05 10:21:50,1001,M,9ND1A,8RG949 ,99945,Nor,  ,,FR,S,GSC
2025-12-01 00:00:00,797151000539,30,DW,06,B,36,361,23KPB0002O PRIM  SANTA ISABEL ,02,ACTIVO,73A3N6 ,1,F121,08JL,4009,148,0,0,0,951,LECT NEGATIVA,18,,,,1,9BBEG,2025-12-23 06:48:00,2025-12-19 12:12:18,3026,L,R9717,73A3N6 ,99938,Nor,  ,,FR,S,GSC
2025-12-01 00:00:00,805090900267,76,DW,08,B,64,649,POOL CUTZ VICTOR ABUNDIO      ,02,ACTIVO,R425BR ,3,KL28,18KE,2246,47,0,0,0,951,LECT NEGATIVA,2,,,,1,9ND09,2025-12-26 10:47:00,2025-12-23 11:40:46,7603,L,9ND0M,R425BR ,99567,Opt,  ,,,,GSC
2025-12-01 00:00:00,780170500381,24,DW,12,A,05,241,UGALDE ROSAS MA DEL CARMEN    ,1D,ACTIVO,038JKX ,2,F622,15LM,7100,100,0,0,0,23,E23,18,,,,1,9BBTM,2025-12-18 11:05:00,2025-12-16 08:07:42,2426,M,GA4GN,038JKX ,700,Nor,  ,,LM,S,GSC
2025-12-01 00:00:00,780190203102,68,DW,12,A,01,683,TECNOLOGIA EN ESPA Y CONST SAD,67,ACTIVO,MU356E ,3,KL28,20KE,10025,1313,0,0,0,23,E23,18,,,,1,9BBTM,2025-12-15 15:42:00,2025-12-11 13:32:11,6803,L,GAF1M,MU356E ,1313,Nor,  ,,FR,S,GSC
2025-12-01 00:00:00,780190203129,68,DW,12,A,01,683,TECNOLOGIA EN ESPA Y CONST SAD,67,ACTIVO,U751AT ,3,KL28,18KE,16732,181,0,0,0,23,E23,18,,,,1,9BBTM,2025-12-15 15:18:00,2025-12-11 13:33:23,6803,L,GAF1M,U751AT ,181,Nor,  ,,LM,S,GSC
2025-12-01 00:00:00,780190203293,34,DW,12,A,05,344,MENDOZA VILLA JUAN MANUEL     ,1D,ACTIVO,T689WK ,2,F622,18LM,8622,1,0,0,0,23,E23,18,,,,1,9BBTM,2025-12-23 15:27:00,2025-12-24 07:53:33,3451,R,GAFHM,T689WK ,0,Nor,50,CASA CERRADA,50,S,GSC
2025-12-01 00:00:00,780190800241,73,DW,12,A,01,731,ALTAN REDES SAPI DE CV        ,02,ACTIVO,YJ170P ,2,F623,21NU,35740,848,0,0,0,23,E23,18,,,,1,9BBTM,2025-12-22 10:33:00,2025-12-18 08:33:12,7302,L,9NCX5,YJ170P ,0,Nor,50,CASA CERRADA,50,S,GSC
2025-12-01 00:00:00,780191201120,36,DW,12,D,01,361,MASTACHE TORRES JOSE ALBERTO  ,1D,ACTIVO,X895UM ,2,F622,19LM,21802,927,0,0,0,23,E23,2,,,,1,9BBTM,2025-12-30 14:57:00,,,,,,,,,,,,GSC
2025-12-01 00:00:00,780201101072,69,DW,12,A,01,691,REINARTZ PLESS DIETER HELMUTH ,67,ACTIVO,FY505T ,3,KL28,19KE,64163,1149,0,0,0,0,,18,,,,1,9BBTM,2025-12-12 09:56:00,2025-12-12 09:42:46,6902,L,GADWM,FY505T ,95227,Opt,  ,,,,GSC
2025-12-01 00:00:00,780210507561,68,DW,12,A,01,683,PLAYA K S A P I DE C V        ,02,ACTIVO,601BJR ,3,FD22,14LR,29956,905,0,0,0,0,,18,,,,1,9BBTM,2025-12-15 14:44:00,2025-12-11 10:41:10,6803,L,GAF1M,601BJR ,0,Nor,53,UI SERV DIRECTO,53,S,GSC
2025-12-01 00:00:00,780211002021,40,DW,12,A,01,400,DIAZ DAVISON MARTHA ELENA     ,02,ACTIVO,RBT491 ,2,F623,24NY,3815,473,0,0,0,23,E23,18,,,,1,9BBTM,2025-12-29 09:12:00,2025-12-29 16:44:51,4001,M,9P180,RBT491 ,0,Nor,56,NO HAY MEDIDOR,56,S,GSC
2025-12-01 00:00:00,780221100609,30,DW,12,B,01,306,CONTRES MARTIN ANA L          ,1D,CORTADO,DJT557 ,2,F623,22NU,14025,1736,0,0,0,23,E23,18,,,,1,9BBTM,2025-12-19 12:29:00,2025-12-19 17:10:15,3003,L,9P17V,DJT557 ,0,Opt,32,UI DERIVACION,32,S,GSC
2025-12-01 00:00:00,780230702581,08,DW,12,A,01,080,MONTOYA MENA JESUS            ,1D,ACTIVO,UM687V ,2,F623,21NY,1258,24,0,0,0,23,E23,18,,,,1,9BBTM,2025-12-08 08:19:00,2025-12-04 08:39:40,0801,M,GABCM,UM687V ,0,Nor,53,UI SERV DIRECTO,53,S,GSC
2025-12-01 00:00:00,780230902017,65,DW,12,C,01,650,SERVICIO CHIT                 ,67,ACTIVO,6ECG33 ,3,KL28,25NJ,5993,5993,0,0,0,0,,18,,,,1,9BBTM,2025-12-09 17:57:00,2025-12-08 07:02:37,6501,L,9NCWY,6ECG33 ,5993,Opt,  ,,,,GSC
2025-12-01 00:00:00,780231004331,62,DW,12,A,01,620,MUNICIPIO DE BENITO JUAREZ    ,5A,ACTIVO,MU190F ,3,KL28,20KE,81879,3083,0,0,0,23,E23,18,,,,1,9BBTM,2025-12-05 10:50:00,2025-12-03 08:39:01,6201,L,9NCWU,MU190F ,0,Nor,56,NO HAY MEDIDOR,56,S,GSC
2025-12-01 00:00:00,780240103821,30,DW,12,A,01,300,COLIN MARTINEZ MARIA A        ,1D,ACTIVO,KKK902 ,2,F623,23NU,12327,601,0,0,0,23,E23,18,,,,1,9BBTM,2025-12-19 14:31:00,2025-12-21 17:09:08,3051,R,9MC6M,KKK902 ,0,Nor,5X,RUTA INCOMPLETA,,,GSC
2025-12-01 00:00:00,780241201118,68,DW,12,A,01,683,ARIZPE PEREZ PEDRO A          ,02,ACTIVO,PJ742H ,3,KL28,20KE,25456,858,0,0,0,23,E23,18,,,,1,9BBTM,2025-12-11 17:20:00,2025-12-11 10:44:38,6803,L,GAF1M,PJ742H ,80716,Nor,  ,,FR,S,GSC
2025-12-01 00:00:00,780241205334,74,DW,12,A,01,741,TREN MAYA                     ,67,ACTIVO,CKW219 ,3,VL28,22NJ,1029,7440,0,0,0,23,E23,18,,,,1,9BBTM,2025-12-19 15:42:00,2025-12-19 10:14:41,7401,L,GABCM,CKW219 ,0,Nor,59,DISPLAY APAGADO,59,S,GSC
2025-12-01 00:00:00,780250303837,40,DW,12,A,01,400,FARMACON                      ,02,ACTIVO,RKC009 ,3,KL28,24NJ,28983,5819,0,0,0,23,E23,18,,,,1,9BBTM,2025-12-29 09:13:00,2025-12-29 17:12:33,4001,M,9P180,RKC009 ,0,Nor,56,NO HAY MEDIDOR,56,S,GSC
2025-12-01 00:00:00,780250802108,38,DW,12,A,01,380,VERONICA CISNEROS ANTONIO     ,1D,ACTIVO,2DVD42 ,2,F623,25NY,2320,891,0,0,0,23,E23,2,,,,1,9BBTM,2025-12-26 07:28:00,,,,,,,,,,,,GSC
2025-12-01 00:00:00,780251101375,18,DW,12,A,05,183,MENA PARRA ALEJNADRA BASILIA  ,1D,ACTIVO,6BCJ69 ,2,F623,25P2,7,6,0,0,0,0,,18,,,,1,9BBTM,2025-12-15 12:36:00,2025-12-15 15:29:40,2227,M,9NCWU,6BCJ69 ,0,Nor,5X,RUTA INCOMPLETA,,,GSC
2025-12-01 00:00:00,780251202295,70,DW,12,C,01,700,VIRTZ VILLANEDA ELISA LAURA   ,67,ACTIVO,1ECG43 ,3,KL28,25NJ,0,0,0,0,0,23,E23,18,,,,1,9BBTM,2025-12-17 14:11:00,,,,,,,,,,,,GSC
2025-12-01 00:00:00,780251204727,03,DW,12,A,01,030,GARCIA RIVERO MARIA DE LOURDES,1D,ACTIVO,0AXT39 ,2,F623,25P2,21,21,0,0,0,23,E23,2,,,,1,9BBTM,2025-12-30 09:55:00,,,,,,,,,,,,GSC
2025-12-01 00:00:00,780821000730,62,DW,12,A,01,620,MUNICIPIO DE BENITO JUAREZ    ,67,ACTIVO,GGE731 ,3,VL28,22NJ,327,240,0,0,0,23,E23,18,,,,1,9BBTM,2025-12-04 17:29:00,2025-12-03 07:06:00,6201,L,9NCWU,GGE731 ,0,Nor,60,MEDID NO TRABAJA,60,S,GSC
2025-12-01 00:00:00,780831101534,30,DW,12,A,01,300,ELENA PEREZ DE HUCHIN         ,1D,ACTIVO,169FAH ,1,F122,15LN,2551,7,0,0,0,23,E23,18,,,,1,9BBTM,2025-12-19 14:32:00,2025-12-21 17:09:08,3051,R,9MC6M,169FAH ,0,Nor,5X,RUTA INCOMPLETA,,,GSC
2025-12-01 00:00:00,780831101569,30,DW,12,A,01,300,AZUCENA AVILA GONZALEZ        ,1D,ACTIVO,F51R51 ,1,F121,92F5,94583,694,0,0,0,23,E23,18,,,,1,9BBTM,2025-12-19 14:32:00,2025-12-19 17:10:17,3001,M,GAF1M,F51R51 ,1684,Nor,  ,,FR,S,GSC
2025-12-01 00:00:00,780850802438,28,DW,12,A,01,282,JUAN MAY MONTES               ,1D,ACTIVO,39B4D1 ,1,F121,08JL,82930,1221,0,0,0,23,E23,18,,,,1,9BBTM,2025-12-18 13:56:00,2025-12-18 09:02:00,2801,M,9P180,39B4D1 ,0,Nor,56,NO HAY MEDIDOR,56,S,GSC
2025-12-01 00:00:00,780890800721,03,DW,12,A,01,030,ROSENDO ANAYA POLANCO         ,1D,ACTIVO,5AXR20 ,2,F623,25P2,0,0,0,0,0,23,E23,18,,,,1,9BBTM,2025-12-30 09:47:00,,,,,,,,,,,,GSC
2025-12-01 00:00:00,780900500373,30,DW,12,A,01,300,ELVIRO CANCHE                 ,1D,ACTIVO,73EU19 ,1,F121,07JL,39872,392,0,0,0,23,E23,18,,,,1,9BBTM,2025-12-19 14:30:00,2025-12-19 13:27:33,3001,M,GAF1M,73EU19 ,99792,Nor,  ,,FR,S,GSC
2025-12-01 00:00:00,780901100387,03,DW,12,A,01,030,NAVA HERNANDEZ LUCILA         ,1D,ACTIVO,K3K059 ,1,F121,88F5,59991,51,0,0,0,23,E23,2,,,,1,9BBTM,2025-12-30 11:52:00,,,,,,,,,,,,GSC
2025-12-01 00:00:00,780910501394,38,DW,12,A,01,380,HERBERT RICALDE TREJO         ,1D,ACTIVO,797TY0 ,1,F122,12LH,28530,495,0,0,0,23,E23,18,,,,1,9BBTM,2025-12-26 08:51:00,2025-12-26 15:14:15,3801,M,GABCM,797TY0 ,0,Nor,50,CASA CERRADA,50,S,GSC
2025-12-01 00:00:00,780940200143,30,DW,12,A,01,300,MIRBELLA POLANCO              ,02,ACTIVO,E3F390 ,3,FD21,87F4,76978,345,0,0,0,23,E23,18,,,,1,9BBTM,2025-12-19 14:33:00,2025-12-19 11:36:59,3001,M,GAF1M,E3F390 ,1355,Nor,  ,,FR,S,GSC
2025-12-01 00:00:00,780970102243,34,DW,12,A,01,340,CORALES PLUS                  ,1D,ACTIVO,8M90V1 ,1,F121,04GG,30837,409,0,0,0,0,,18,,,,1,9BBTM,2025-12-23 15:28:00,2025-12-23 12:16:23,3401,L,9MC6M,8M90V1 ,1409,Nor,  ,,FR,S,GSC
2025-12-01 00:00:00,780970102286,34,DW,12,A,01,340,JOSE M DELGADO ARENAL         ,1D,ACTIVO,2F34X1 ,1,F621,03F3,35383,296,0,0,0,0,,18,,,,1,9BBTM,2025-12-23 15:28:00,2025-12-23 12:17:24,3401,L,9MC6M,2F34X1 ,39065,Nor,  ,,FR,S,GSC
2025-12-01 00:00:00,780981204994,26,DW,12,B,01,264,NAAL FIGUEROA ROSA MARGARITA  ,1D,ACTIVO,0MM261 ,1,F121,98GG,30659,122,0,0,0,23,E23,18,,,,1,9BBTM,2025-12-19 13:53:00,2025-12-17 12:35:18,2603,M,9MCB5,0MM261 ,1113,Nor,  ,,FR,S,GSC
2025-12-01 00:00:00,780990302168,22,DW,12,B,01,027,ANTONIO VAZQUEZ REYES         ,1D,ACTIVO,78H2D2 ,1,F12H,09KU,31633,386,0,0,0,23,E23,18,,,,1,9BBTM,2025-12-15 11:46:00,2025-12-15 13:04:27,2202,M,GAX2M,78H2D2 ,6375,Nor,  ,,FR,S,GSC
2025-12-01 00:00:00,780990307615,26,DW,12,B,01,263,ALBERTA TAMAY HOIL            ,1D,ACTIVO,RDX319 ,2,F623,24NY,6651,813,0,0,0,23,E23,18,,,,1,9BBTM,2025-12-19 13:54:00,2025-12-17 12:36:15,2602,M,9ND1X,RDX319 ,13284,Nor,  ,,FR,S,GSC
2025-12-01 00:00:00,780990308743,26,DW,12,B,01,264,MERCEDES CORNELIO PEREZ       ,1D,ACTIVO,3FY763 ,1,F121,98GG,46917,0,0,0,0,23,E23,18,,,,1,9BBTM,2025-12-19 13:53:00,2025-12-17 12:12:20,2603,M,9MCB5,3FY763 ,10000,Nor,  ,,FR,S,GSC
2025-12-01 00:00:00,780990502485,28,DW,12,B,01,283,WENCESLAO BARRERA             ,1D,ACTIVO,4LR739 ,1,F121,99GG,83014,520,0,0,0,0,,18,,,,1,9BBTM,2025-12-18 13:33:00,2025-12-18 10:02:44,2802,M,9MCB5,4LR739 ,80520,Nor,  ,,FR,S,GSC
2025-12-01 00:00:00,781030700661,12,DW,12,B,01,120,KOH MUKUL DEYSI GPE           ,1D,ACTIVO,5H13D3 ,1,F121,03GG,25219,350,0,0,0,23,E23,18,,,,1,9BBTM,2025-12-10 11:07:00,2025-12-08 09:46:01,1201,M,9NCWM,5H13D3 ,91460,Nor,  ,,FR,S,GSC
2025-12-01 00:00:00,781031000281,32,DW,12,D,01,323,BAAS DIAZ MARGARITA           ,02,CORTADO,36PF27 ,2,F621,07F3,29310,1850,0,0,0,23,E23,18,,,,1,9BBTM,2025-12-24 11:07:00,2025-12-22 09:35:40,3202,M,9ND6M,36PF27 ,0,Nor,60,MEDID NO TRABAJA,60,S,GSC
2025-12-01 00:00:00,781040802021,38,DW,12,C,01,381,ULIN TIKET GABRIELA           ,1D,ACTIVO,6V36H8 ,2,F421,04GH,67699,350,0,0,0,23,E23,18,,,,1,9BBTM,2025-12-26 10:48:00,2025-12-26 10:59:08,3804,L,GAA7N,6V36H8 ,98916,Nor,  ,,FR,S,GSC
2025-12-01 00:00:00,781050900632,08,DW,12,B,01,081,RAMIREZ CABALLERO MARIA V     ,1D,ACTIVO,1J878A ,1,F121,05JL,27196,257,0,0,0,23,E23,18,,,,1,9BBTM,2025-12-08 10:02:00,2025-12-04 07:52:55,0802,M,GAX2M,1J878A ,5918,Nor,  ,,FR,S,GSC
2025-12-01 00:00:00,781051201011,22,DW,12,C,01,222,KARLA GPE VAZQUEZ MAY         ,1D,ACTIVO,27M0P6 ,2,F62H,09KN,33680,370,0,0,0,23,E23,18,,,,1,9BBTM,2025-12-15 15:00:00,2025-12-15 10:01:39,2203,L,9P14L,27M0P6 ,0,Nor,64,P. INFRARROJO/MED. D,64,S,GSC
2025-12-01 00:00:00,781060708080,20,DW,12,C,01,202,LLANEZ DZUL OSCAR ABRAHAM     ,1D,ACTIVO,26M0P8 ,2,F62H,09KN,23347,459,0,0,0,23,E23,18,,,,1,9BBTM,2025-12-16 11:58:00,2025-12-12 09:01:58,2003,M,9P120,26M0P8 ,15676,Nor,  ,,FR,S,GSC
2025-12-01 00:00:00,781061004370,36,DW,12,C,01,363,HERNANDEZ ORTIZ JOSE ANTONIO  ,1D,ACTIVO,4U586N ,2,F421,06GH,26531,250,0,0,0,23,E23,18,,,,1,9BBTM,2025-12-26 15:59:00,2025-12-26 12:04:44,3604,L,9P120,4U586N ,10250,Nor,  ,,FR,S,GSC
2025-12-01 00:00:00,781061200942,26,DW,12,B,01,264,RAMIREZ GONZALEZ MELVA LUZ    ,1D,ACTIVO,58BP06 ,1,F121,06JL,42002,449,0,0,0,23,E23,18,,,,1,9BBTM,2025-12-19 13:54:00,2025-12-17 11:15:22,2603,M,9MCB5,58BP06 ,10449,Nor,  ,,FR,S,GSC
2025-12-01 00:00:00,781071104445,10,DW,12,B,01,100,CAMBRON HURTADO MARIA DOLORES ,1D,ACTIVO,2E0M07 ,1,F121,01GG,76987,250,0,0,0,23,E23,18,,,,1,9BBTM,2025-12-09 12:50:00,2025-12-05 09:41:00,1001,M,GAX2M,2E0M07 ,1232,Nor,  ,,,,GSC
2025-12-01 00:00:00,781080100894,36,DW,12,B,01,363,CORDOVA HERNANDEZ RAMON       ,1D,ACTIVO,81LU32 ,1,F121,07JL,45566,559,0,0,0,23,E23,18,,,,1,9BBTM,2025-12-26 11:15:00,2025-12-26 07:40:53,3603,M,9NCX2,81LU32 ,99559,Nor,  ,,FR,S,GSC
2025-12-01 00:00:00,783080501468,67,DW,12,D,01,670,MUNICIPIO DE BENITO JUAREZ    ,5A,ACTIVO,EM227F ,2,F623,19NU,4624,675,0,0,0,23,E23,18,,,,1,9BBTM,2025-12-11 10:55:00,2025-12-10 09:56:40,6701,L,9ND6M,EM227F ,0,Nor,53,UI SERV DIRECTO,53,S,GSC
2025-12-01 00:00:00,783080608645,16,DW,12,D,01,162,HUERTA RAMOS ROBERTO E        ,1D,ACTIVO,53D5D8 ,2,F421,08KF,14942,398,0,0,0,23,E23,18,,,,1,9BBTM,2025-12-12 08:51:00,2025-12-10 12:04:13,1603,M,9P14M,53D5D8 ,99798,Nor,  ,,FR,S,GSC
2025-12-01 00:00:00,783101013647,32,DW,12,D,01,323,SANTOS GOMEZ MARIA DE LOURDES ,1D,ACTIVO,2J38W8 ,1,F121,03GG,44197,308,0,0,0,23,E23,18,,,,1,9BBTM,2025-12-22 18:16:00,2025-12-22 08:55:23,3202,M,9ND6M,2J38W8 ,99208,Nor,  ,,FR,S,GSC
2025-12-01 00:00:00,783101014911,16,DW,12,D,01,160,RODRIGUEZ MORENO ERICK        ,1D,ACTIVO,979FMH ,2,F622,15LM,22087,553,0,0,0,23,E23,18,,,,1,9BBTM,2025-12-12 08:51:00,2025-12-10 09:14:25,1601,M,GA4HN,979FMH ,0,Nor,56,NO HAY MEDIDOR,56,S,GSC
2025-12-01 00:00:00,783110603031,38,DW,12,D,01,380,WILHEM ROMAN GONGORA AVILA    ,1D,SUJETO A CORTE,0ATT62 ,2,F623,25P2,36,36,0,0,0,23,E23,18,,,,1,9BBTM,2025-12-26 11:11:00,2025-12-26 10:06:05,3801,L,GATJM,48TJ25 ,0,Nor,56,NO HAY MEDIDOR,56,S,GSC
2025-12-01 00:00:00,783130110961,64,DW,12,D,01,641,23DPB0019E PRIMARIA FLORENCIO ,02,ACTIVO,70N72P ,2,F62H,10KN,30506,301,0,0,0,23,E23,18,,,,1,9BBTM,2025-12-08 13:50:00,2025-12-05 10:22:40,6402,L,9NCWK,70N72P ,0,Nor,59,DISPLAY APAGADO,59,S,GSC
2025-12-01 00:00:00,783170905053,40,DW,12,D,01,403,DIAZ SANTIAGO LUIS ENRIQUE    ,1D,CORTADO,G404VV ,2,F622,17LM,19046,2314,0,0,0,23,E23,18,,,,1,9BBTM,2025-12-29 08:53:00,2025-12-29 09:34:39,4001,M,GATJM,G404VV ,0,Opt,32,UI DERIVACION,32,S,GSC
2025-12-01 00:00:00,783180901633,40,DW,12,D,01,403,MENDEZ DE ROMAN JOSE ALEJANDRO,1D,CORTADO,R362FP ,2,F622,18LM,10272,1104,0,0,0,23,E23,18,,,,1,9BBTM,2025-12-29 08:53:00,2025-12-29 12:40:32,4001,M,GATJM,R362FP ,0,Nor,65,UI MED INVERTIDO,65,S,GSC
2025-12-01 00:00:00,782191000798,40,DW,12,C,01,401,CHAN CASTRO PEDRO MARTIN      ,1D,ACTIVO,Y767BK ,2,F623,19NU,8613,105,0,0,0,23,E23,18,,,,1,9BBTM,2025-12-29 18:45:00,2025-12-29 11:03:34,4002,L,9P157,Y767BK ,4064,Opt,  ,,,,GSC
2025-12-01 00:00:00,782191003941,28,DW,12,C,01,283,MARIN ALCOCER MARIA ESTHELA   ,1D,ACTIVO,PBX095 ,1,F123,24NX,5488,2552,0,0,0,23,E23,18,,,,1,9BBTM,2025-12-18 17:03:00,2025-12-18 09:12:30,2802,M,9P120,PBX095 ,1785,Nor,  ,,FR,S,GSC
2025-12-01 00:00:00,782191105506,32,DW,12,D,01,325,GARCIA CRISTO BENITO          ,1D,ACTIVO,Y943MF ,2,F623,19NU,6221,178,0,0,0,23,E23,18,,,,1,9BBTM,2025-12-22 18:15:00,2025-12-22 11:30:21,3204,M,GA4HN,Y943MF ,99178,Nor,  ,,FR,S,GSC
2025-12-01 00:00:00,782220501866,12,DW,12,C,01,123,SANCHEZ MONTELLANO FERNANDO   ,1D,ACTIVO,YJ295B ,2,F623,21NU,22527,1117,0,0,0,0,,18,,,,1,9BBTM,2025-12-10 09:18:00,2025-12-08 09:38:47,1204,M,9P120,YJ295B ,4366,Opt,  ,,,,GSC
2025-12-01 00:00:00,782221105255,32,DW,12,C,01,320,TZUC PADILLA MARIA ELIDE      ,1D,ACTIVO,AVR715 ,1,F123,22NX,19586,407,0,0,0,0,,18,,,,1,9BBTM,2025-12-22 11:09:00,2025-12-22 08:51:32,3201,M,GAALN,AVR715 ,0,Nor,59,DISPLAY APAGADO,59,S,GSC
2025-12-01 00:00:00,782230102901,28,DW,12,C,01,281,ORTIZ GOMEZ SAIRA             ,1D,ACTIVO,DRW925 ,2,F623,22NU,6807,14,0,0,0,23,E23,18,,,,1,9BBTM,2025-12-18 16:58:00,2025-12-18 15:34:13,2801,M,GAA7N,DRW925 ,98303,Nor,  ,,FR,S,GSC
2025-12-01 00:00:00,782250104128,69,DW,12,C,01,691,ALPHA OMEGA BILINGUAL SCHOOL C,67,ACTIVO,V746DX ,3,VL28,18KE,969,8800,0,0,0,0,,18,,,,1,9BBTM,2025-12-12 10:05:00,2025-12-12 07:43:38,6901,L,9NCWY,V746DX ,99450,Opt,  ,,,,GSC
2025-12-01 00:00:00,782250403486,16,DW,12,C,01,162,COCOM COCOM JUAN LUIS         ,1D,ACTIVO,X165YU ,2,F623,19NU,3635,1109,0,0,0,23,E23,18,,,,1,9BBTM,2025-12-12 14:19:00,2025-12-10 09:49:49,1603,M,GAKFM,X165YU ,0,Opt,31,SERVICIO SIN USO,,,GSC
2025-12-01 00:00:00,782251200678,34,DW,12,C,01,342,RECIO TRUJEQUE JAVIER ALEJANDR,1D,ACTIVO,8CFD86 ,2,F623,25P3,66,66,0,0,0,23,E23,18,,,,1,9BBTM,2025-12-23 09:47:00,2025-12-23 17:34:04,3402,L,GAKFM,8CFD86 ,0,Nor,5X,RUTA INCOMPLETA,,,GSC
2025-12-01 00:00:00,782841200401,40,DW,12,A,01,403,AGUSTIN HOIL HOIL             ,1D,ACTIVO,8T017H ,2,F621,06F3,1382,3282,0,0,0,23,E23,18,,,,1,9BBTM,2025-12-29 10:19:00,2025-12-29 09:57:44,4004,M,GA4GN,8T017H ,0,Nor,61,MANECILLAS DESCA,61,S,GSC
2025-12-01 00:00:00,780930600275,30,DW,12,A,01,300,ROSENDA XOOL L                ,1D,ACTIVO,F51R31 ,1,F121,92F5,78725,492,0,0,0,23,E23,18,,,,1,9BBTM,2025-12-19 14:30:00,2025-12-19 17:09:16,3001,M,GAF1M,F51R31 ,99892,Nor,  ,,FR,S,GSC
2025-12-01 00:00:00,780940300431,74,DW,12,A,01,741,TABLERO CENTRIF UNID I II     ,67,ACTIVO,MY831F ,3,VL28,20KE,2463,3720,0,0,0,23,E23,18,,,,1,9BBTM,2025-12-19 15:43:00,2025-12-19 08:34:35,7401,L,GABCM,MY831F ,0,Nor,59,DISPLAY APAGADO,59,S,GSC
2025-12-01 00:00:00,780950701345,62,DW,12,A,01,620,MUNICIPIO DE BENITO JUAREZ    ,5A,ACTIVO,0AAX22 ,2,F623,25NY,1050,134,0,0,0,23,E23,2,,,,1,9BBTM,2025-12-04 11:22:00,,,,,,,,,,,,GSC
2025-12-01 00:00:00,780971000657,08,DW,12,A,01,080,BENITO ESTRADA DIAZ           ,1D,ACTIVO,V905V5 ,1,F121,97F5,74282,1,0,0,0,23,E23,2,,,,1,9BBTM,2025-12-08 13:01:00,2025-12-04 09:17:34,0801,M,GABCM,V905V5 ,99909,Nor,  ,,FR,S,GSC
2025-12-01 00:00:00,780980302259,14,DW,12,A,01,140,AARON DE JESUS BERNAL         ,1D,ACTIVO,YH900N ,2,F623,21NU,21926,1130,0,0,0,23,E23,18,,,,1,9BBTM,2025-12-11 09:06:00,2025-12-09 07:49:59,1401,M,GA4GN,YH900N ,4153,Opt,  ,,,,GSC
2025-12-01 00:00:00,780981203939,20,DW,12,B,01,025,DIEGO HERNANDEZ HERNANDEZ     ,1D,ACTIVO,V410F2 ,1,F121,97F5,79001,865,0,0,0,23,E23,18,,,,1,9BBTM,2025-12-16 12:13:00,2025-12-12 11:59:12,2001,L,GATKM,V410F2 ,99866,Nor,  ,,FR,S,GSC
2025-12-01 00:00:00,780981204404,28,DW,12,B,01,282,JUAN P BASTO PAT              ,1D,ACTIVO,PBC920 ,1,F123,24NX,0,0,0,0,0,23,E23,18,,,,1,9BBTM,2025-12-18 16:32:00,2025-12-18 08:24:42,2801,M,GAX2M,0MM070 ,818,Nor,  ,,,,GSC
2025-12-01 00:00:00,780981205095,28,DW,12,B,01,283,CORTEZ MENDOZA ANGELA         ,1D,ACTIVO,T185Y1 ,1,F121,97F5,80031,907,0,0,0,0,,18,,,,1,9BBTM,2025-12-18 13:32:00,2025-12-18 09:52:48,2802,M,9MCB5,T185Y1 ,90907,Nor,  ,,FR,S,GSC
2025-12-01 00:00:00,781000555641,14,DW,12,B,01,142,CARRILLO NOH ISAIAS S         ,1D,ACTIVO,Y582R8 ,1,F121,97F5,56906,755,0,0,0,23,E23,18,,,,1,9BBTM,2025-12-11 11:17:00,2025-12-09 07:39:45,1402,M,9NCX2,Y582R8 ,14356,Nor,  ,,FR,S,GSC
2025-12-01 00:00:00,781020101239,14,DW,12,B,01,141,VALLEJO LOEZA ARIEL RENAN     ,1D,ACTIVO,7M686P ,2,F621,05F3,90516,445,0,0,0,23,E23,18,,,,1,9BBTM,2025-12-11 11:15:00,2025-12-09 10:39:02,1401,M,GAX2M,7M686P ,90445,Nor,  ,,FR,S,GSC
2025-12-01 00:00:00,782240203209,32,DW,12,C,01,320,DE LOS SANTOS MENDOZA MARCO AN,1D,ACTIVO,KKG132 ,2,F623,23NU,4965,314,0,0,0,0,,18,,,,1,9BBTM,2025-12-22 11:07:00,2025-12-22 09:35:09,3201,M,GAALN,KKG132 ,98805,Nor,  ,,FR,S,GSC
2025-12-01 00:00:00,782250801830,16,DW,12,C,01,163,CASTRO SUAREZ EDGAR YAHIR     ,1D,ACTIVO,RCE676 ,2,F623,24NY,2533,640,0,0,0,23,E23,2,,,,1,9BBTM,2025-12-12 13:58:00,2025-12-10 09:10:00,1604,M,GAA7N,RCE676 ,1890,Opt,  ,,,,GSC
2025-12-01 00:00:00,782251103729,36,DW,12,C,01,360,AGUILAR CAMACHO SILVIA        ,1D,ACTIVO,WNC334 ,2,F623,24P2,8,8,0,0,0,23,E23,18,,,,1,9BBTM,2025-12-26 09:16:00,2025-12-26 16:00:42,3601,L,GAALN,WNC334 ,0,Nor,56,NO HAY MEDIDOR,56,S,GSC
2025-12-01 00:00:00,783251006703,30,DW,12,D,01,300,PROMOTORA DE VIVIENDAS INTEGRA,02,ACTIVO,2BDL87 ,2,F623,25P2,1312,1312,0,0,0,23,E23,18,,,,1,9BBTM,2025-12-19 15:13:00,2025-12-19 19:00:03,3001,L,GA4HN,2BDL87 ,0,Nor,5X,RUTA INCOMPLETA,,,GSC
2025-12-01 00:00:00,783190206151,20,DW,12,D,01,201,MENCHACA DELGADO CESAR        ,1D,ACTIVO,V457CA ,2,F622,18LM,29104,1445,0,0,0,23,E23,2,,,,1,9BBTM,2025-12-16 13:19:00,,,,,,,,,,,,GSC
2025-12-01 00:00:00,783190306440,40,DW,12,D,01,403,CAGAL CHAGALA NAYELI LEONOR   ,1D,CORTADO,T201UJ ,2,F622,18LM,30029,1173,0,0,0,23,E23,18,,,,1,9BBTM,2025-12-29 08:53:00,2025-12-29 12:13:54,4001,M,GATJM,T201UJ ,0,Opt,32,UI DERIVACION,32,S,GSC
2025-12-01 00:00:00,783190407491,70,DW,12,D,01,701,RADIO MOVIL DIPSA SA DE CV    ,67,ACTIVO,G122XV ,3,KL28,17KE,71740,1663,0,0,0,23,E23,18,,,,1,9BBTM,2025-12-15 12:53:00,2025-12-15 08:49:15,7001,L,9NCXK,G122XV ,97269,Opt,  ,,,,GSC
2025-12-01 00:00:00,783190701209,02,DW,12,D,01,022,BLAZQUEZ BARRADAS LINDA ARLETT,1D,ACTIVO,8DVB42 ,2,F623,25NY,5656,2352,0,0,0,23,E23,18,,,,1,9BBTM,2025-12-03 16:28:00,2025-12-01 12:45:20,0202,M,GA4HN,8DVB42 ,2554,Nor,  ,,LM,S,GSC
2025-12-01 00:00:00,783201002596,10,DW,12,D,02,101,ALTAN REDES S A P I  DE       ,02,ACTIVO,LV845U ,2,F623,20NU,28288,1254,0,0,0,23,E23,18,,,,1,9BBTM,2025-12-09 12:51:00,2025-12-05 12:28:16,1026,M,9P14M,LV845U ,0,Nor,52,COMUNICACION INTERRU,52,S,GSC
2025-12-01 00:00:00,783201209042,14,DW,12,D,01,142,AVILA MUNOZ MARIA DE LOURDES  ,1D,ACTIVO,KL284H ,1,F123,20NT,12663,623,0,0,0,23,E23,18,,,,1,9BBTM,2025-12-11 12:45:00,2025-12-09 09:48:13,1402,M,GAALN,KL284H ,87974,Nor,  ,,FR,S,GSC
2025-12-01 00:00:00,783210701871,32,DW,12,D,01,329,MARROQUIN LIEVANO LEYDY YULIAN,1D,ACTIVO,N257DJ ,2,F622,18LM,52125,1811,0,0,0,23,E23,18,,,,1,9BBTM,2025-12-24 11:11:00,2025-12-22 09:58:46,3205,M,9NCX1,N257DJ ,0,Opt,32,UI DERIVACION,32,S,GSC
2025-12-01 00:00:00,783220403585,03,DW,12,D,01,030,REYGADAS GUTIERREZ ILIANI     ,1D,ACTIVO,6BCJ90 ,2,F623,25P2,577,577,0,0,0,23,E23,2,,,,1,9BBTM,2025-12-30 08:23:00,,,,,,,,,,,,GSC
2025-12-01 00:00:00,783250400777,06,DW,12,D,01,060,PECH BRAGA JESUS ANTONIO      ,1D,ACTIVO,RME419 ,2,F623,24NY,2582,771,0,0,0,23,E23,2,,,,1,9BBTM,2025-12-05 09:43:00,,,,,,,,,,,,GSC
2025-12-01 00:00:00,783250601896,06,DW,12,D,01,060,LEON ALAMILLA JORGE ARMANDO   ,1D,ACTIVO,5DVN89 ,2,F623,25NY,923,717,0,0,0,23,E23,2,,,,1,9BBTM,2025-12-05 09:43:00,,,,,,,,,,,,GSC
2025-12-01 00:00:00,783251102796,26,DW,12,D,01,263,TEOYOTL FLORES JUAN CARLOS    ,1D,ACTIVO,9AUH18 ,2,F623,25P2,3,3,0,0,0,23,E23,18,,,,1,9BBTM,2025-12-19 14:30:00,2025-12-17 15:07:19,2602,M,GA4HN,9AUH18 ,0,Nor,5X,RUTA INCOMPLETA,,,GSC
2025-12-01 00:00:00,784110500182,68,DW,12,E,01,680,OPERADORA LA PARRILLA SA DE CV,67,ACTIVO,08E6L9 ,3,VL2E,08JR,135,22,0,0,0,23,E23,2,,,,1,9BBTM,2025-12-11 15:39:00,2025-12-11 06:36:08,6876,T,9ND2C,08E6L9 ,55,Tele,  ,,,,GSC
2025-12-01 00:00:00,784171200297,68,DW,12,E,01,680,PETROTUR SA DE CV             ,67,ACTIVO,G675XU ,3,KL28,17KE,87482,4506,0,0,0,23,E23,18,,,,1,9BBTM,2025-12-11 15:09:00,2025-12-11 10:03:32,6851,R,9NCWL,G675XU ,34192,Opt,  ,,,,GSC
2025-12-01 00:00:00,784251100081,30,DW,12,E,01,300,REJON RUIZ DE VELASCO RICARDO ,1D,ACTIVO,9BCL15 ,2,F623,25P2,1,1,0,0,0,0,,18,,,,1,9BBTM,2025-12-19 15:31:00,2025-12-18 08:08:20,2651,N,GATKM,9BCL15 ,0,Nor,51,NO ENCONTRE DOMI,,,GSC
2025-12-01 00:00:00,784251200484,30,DW,12,E,01,300,ZAVALA NACER EDUARDO          ,1D,ACTIVO,8AUN20 ,2,F623,25P2,4,4,0,0,0,23,E23,18,,,,1,9BBTM,2025-12-19 15:29:00,2025-12-18 08:08:28,2651,N,GATKM,8AUN20 ,0,Nor,51,NO ENCONTRE DOMI,,,GSC
2025-12-01 00:00:00,785071100321,36,DW,03,A,01,361,CIMA SAMOS ROSA MARIA         ,1B,ACTIVO,02KA75 ,1,F121,07JL,11994,273,0,0,0,23,E23,18,,,,1,9ND2R,2025-12-26 09:26:00,2025-12-26 11:00:47,3602,L,9MCH1,02KA75 ,1273,Nor,  ,,FR,S,GSC
2025-12-01 00:00:00,785930300095,30,DW,03,A,09,302,LIDIA CAMPOS                  ,1B,ACTIVO,V621LC ,1,F122,19LN,18999,667,0,0,0,23,E23,18,,,,1,9ND2R,2025-12-19 08:56:00,2025-12-19 10:57:58,3028,L,G92BB,V621LC ,1667,Nor,  ,,FR,S,GSC
2025-12-01 00:00:00,786070600173,38,DW,03,B,14,381,CANCHE DZUL IDELFIA MARGARITA ,1D,ACTIVO,4W532N ,1,F121,06JL,34224,200,0,0,0,23,E23,18,,,,1,9ND2R,2025-12-26 12:08:00,2025-12-26 09:18:49,3802,L,R9855,4W532N ,35420,Nor,  ,,FR,S,GSC
2025-12-01 00:00:00,786080800863,34,DW,03,B,23,341,CACH ESCAMILLA MARIA ELIGIA   ,1C,ACTIVO,74UG03 ,1,F121,08JL,32883,405,0,0,0,23,E23,18,,,,1,9ND2R,2025-12-23 12:07:00,2025-12-23 10:05:31,3427,L,R9855,74UG03 ,1405,Nor,  ,,FR,S,GSC
2025-12-01 00:00:00,786100900835,34,DW,03,B,14,342,FALCON NOVELO MARIA ROBERTA   ,1D,ACTIVO,35L2X1 ,1,F12H,09KU,21319,235,0,0,0,23,E23,18,,,,1,9ND2R,2025-12-23 14:42:00,2025-12-23 14:41:04,3401,L,GAGJM,35L2X1 ,6235,Nor,  ,,FR,S,GSC
2025-12-01 00:00:00,786140201310,40,DW,03,B,14,401,TAMAYO COBA JOSE GABRIEL      ,1D,ACTIVO,E193W1 ,1,F121,95F5,33528,101,0,0,0,23,E23,18,,,,1,9ND2R,2025-12-29 10:43:00,2025-12-29 08:11:33,4001,L,9ND4A,E193W1 ,3101,Nor,  ,,FR,S,GSC
2025-12-01 00:00:00,786140400274,64,DW,03,B,21,641,POOL BUENFIL ANTONIO          ,9M,SUJETO A CORTE,GGE863 ,3,VL28,22NJ,82961,40000,0,0,0,951,LECT NEGATIVA,18,,,,1,9ND2R,2025-12-10 17:55:00,2025-12-05 10:48:49,6401,L,9ND4A,GGE863 ,80428,Opt,  ,,,,GSC
2025-12-01 00:00:00,786150900241,63,DW,03,B,15,631,SAN ANTONIO XNUC S DE RL CV   ,9M,CORTADO,349HBY ,3,VL28,15MK,2586,0,0,0,0,23,E23,18,,,,1,9ND2R,2025-12-04 07:49:00,2025-12-04 14:38:25,6304,L,R9855,349HBY ,3034,Nor,  ,,LM,S,GSC
2025-12-01 00:00:00,786190101383,30,DW,03,B,14,303,BLANCO AVILES MANUEL FEDERICO ,1D,ACTIVO,U821XU ,2,F623,18NN,10985,290,0,0,0,23,E23,18,,,,1,9ND2R,2025-12-19 18:18:00,2025-12-19 16:49:45,3001,L,GAGJM,U821XU ,1455,Nor,  ,,FR,S,GSC
2025-12-01 00:00:00,786230801120,64,DW,03,B,42,004,PUC TUN FLORENTINO FEDERICO   ,67,ACTIVO,MU604F ,3,KL28,20KE,0,0,0,0,0,23,E23,18,,,,1,9ND2R,2025-12-05 12:09:00,2025-12-05 10:31:59,6403,L,GAPRM,MU604F ,0,Nor,60,MEDID NO TRABAJA,60,S,GSC
2025-12-01 00:00:00,786790700132,62,DW,03,B,23,622,JTA FED DE AGUA POTABLE       ,06,ACTIVO,FY600U ,3,KL28,19KE,30134,30534,0,0,0,951,LECT NEGATIVA,18,,,,1,9ND2R,2025-12-04 09:13:00,2025-12-04 11:37:08,6204,L,R9855,FY600U ,60675,Opt,  ,,,,GSC
2025-12-01 00:00:00,786810600300,26,DW,03,B,29,265,ERMILO HAU COLLI              ,1C,ACTIVO,1BCV94 ,2,F623,25P2,75,75,0,0,0,23,E23,18,,,,1,9ND2R,2025-12-17 12:38:00,2025-12-17 11:49:33,2628,L,R9855,M4109G ,106,Nor,  ,,FR,S,GSC
2025-12-01 00:00:00,786861000137,32,DW,03,B,23,321,AYORA GALERA FRANKLIN         ,1C,ACTIVO,3079YR ,2,F121,7191,89880,57,0,0,0,23,E23,18,,,,1,9ND2R,2025-12-22 18:13:00,2025-12-22 09:21:34,3227,L,R9855,TB0256 ,20060,Nor,31,SERVICIO SIN USO,FR,S,GSC
2025-12-01 00:00:00,786880900289,65,DW,03,B,21,651,MARCOS A MAGANA TUYUB         ,9M,CORTADO,MY905M ,3,VL28,20KE,4749,4000,0,0,0,23,E23,18,,,,1,9ND2R,2025-12-08 10:22:00,2025-12-08 10:17:11,6503,L,GAPRM,MY905M ,0,Nor,50,CASA CERRADA,50,S,GSC
2025-12-01 00:00:00,786930800213,26,DW,03,B,31,267,RICARDO CHAN                  ,1C,ACTIVO,N48X43 ,1,F121,93F5,25049,350,0,0,0,23,E23,18,,,,1,9ND2R,2025-12-17 12:40:00,2025-12-17 11:40:34,2626,L,GA8NN,N48X43 ,1175,Nor,  ,,FR,S,GSC
2025-12-01 00:00:00,787000155926,73,DW,03,C,70,731,ENIER OLEGARIO UICAB TZUC     ,09,ACTIVO,JAE835 ,2,F623,23NU,336,0,0,0,0,23,E23,18,,,,1,9ND2R,2025-12-18 11:04:00,2025-12-18 17:50:32,7301,L,9MCCY,JAE835 ,4416,Nor,  ,,FR,S,GSC
2025-12-01 00:00:00,787010300215,79,DW,03,C,65,791,CASA ESCUELA MAXCANU          ,02,ACTIVO,CKU375 ,3,VL28,22NJ,215,0,0,0,0,23,E23,18,,,,1,9ND2R,2025-12-29 14:52:00,2025-12-29 12:48:32,7901,L,9MCCY,CKU375 ,0,Nor,50,CASA CERRADA,50,S,GSC
2025-12-01 00:00:00,787020801018,18,DW,03,C,65,183,MARTIN HERRERA ANGELA ADRIANA ,1B,ACTIVO,2U9W21 ,1,F121,02GG,30455,131,0,0,0,23,E23,18,,,,1,9ND2R,2025-12-11 18:23:00,2025-12-11 08:41:15,1802,L,GA6WN,2U9W21 ,4914,Nor,  ,,FR,S,GSC
2025-12-01 00:00:00,782221001786,36,DW,12,D,01,361,ESTEBAN LOPEZ YULIANA         ,1D,ACTIVO,CVK689 ,2,F623,22NU,9761,51,0,0,0,23,E23,2,,,,1,9BBTM,2025-12-30 14:56:00,,,,,,,,,,,,GSC
2025-12-01 00:00:00,782240103549,12,DW,12,C,01,123,RAMIREZ ORTIZ ERICK AXEL      ,1D,ACTIVO,957X8T ,2,F622,14LM,7569,590,0,0,0,0,,18,,,,1,9BBTM,2025-12-10 09:18:00,2025-12-08 10:05:58,1204,M,9P120,957X8T ,94590,Nor,  ,,FR,S,GSC
2025-12-01 00:00:00,782251001691,16,DW,12,C,01,163,GARCIA DURAN JOSE ROGELIO     ,1D,ACTIVO,1BCL85 ,2,F623,25P2,632,591,0,0,0,23,E23,2,,,,1,9BBTM,2025-12-12 13:48:00,,,,,,,,,,,,GSC
2025-12-01 00:00:00,782920800686,20,DW,12,C,01,200,JUANA CUEVAS CRUZ             ,1D,ACTIVO,E62W13 ,1,F121,92F5,29800,36,0,0,0,23,E23,18,,,,1,9BBTM,2025-12-16 15:01:00,2025-12-12 11:22:31,2001,M,9P14L,E62W13 ,99936,Nor,  ,,FR,S,GSC
2025-12-01 00:00:00,782970601161,20,DW,12,C,01,200,ESTELA ESCOBEDO CRUZ          ,1D,ACTIVO,1J884A ,1,F121,05JL,59565,1,0,0,0,23,E23,2,,,,1,9BBTM,2025-12-12 15:03:00,2025-12-12 11:14:19,2001,M,9P14L,1J884A ,99800,Nor,  ,,FR,S,GSC
2025-12-01 00:00:00,782980400601,12,DW,12,C,01,120,REFACCIONARIA ROGELIO SA DE CV,02,ACTIVO,425JJH ,2,F622,15LM,4517,14110,0,0,0,0,,18,,,,1,9BBTM,2025-12-10 09:18:00,2025-12-08 12:00:31,1201,M,GAA7N,425JJH ,0,Nor,59,DISPLAY APAGADO,59,S,GSC
2025-12-01 00:00:00,783021202210,30,DW,12,D,01,301,PEREZ GRANADOS GUADALUPE      ,1D,ACTIVO,7D45T9 ,1,F121,03GG,34030,394,0,0,0,23,E23,18,,,,1,9BBTM,2025-12-19 15:14:00,2025-12-19 09:07:59,3002,M,GAM5M,7D45T9 ,99394,Nor,  ,,FR,S,GSC
2025-12-01 00:00:00,783030904898,32,DW,12,D,01,323,CLAUDIA ERIKA FIERRO          ,1D,ACTIVO,51X95J ,1,F12H,11KU,31839,248,0,0,0,23,E23,18,,,,1,9BBTM,2025-12-24 11:07:00,2025-12-22 09:20:35,3202,M,9ND6M,51X95J ,0,Nor,60,MEDID NO TRABAJA,60,S,GSC
2025-12-01 00:00:00,783031100024,18,DW,12,D,01,185,TZUC TZUC MANUEL              ,1D,ACTIVO,0J53W7 ,1,F121,03GG,59064,836,0,0,0,23,E23,18,,,,1,9BBTM,2025-12-15 13:00:00,2025-12-11 11:54:18,1804,M,GAE2M,0J53W7 ,10836,Nor,  ,,FR,S,GSC
2025-12-01 00:00:00,783040604108,04,DW,12,D,01,042,CASTANEDA GUERRERO ESTHER     ,1D,ACTIVO,4T31D9 ,1,F121,04GG,76836,452,0,0,0,23,E23,18,,,,1,9BBTM,2025-12-04 11:27:00,2025-12-02 12:22:40,0402,M,GAF1M,4T31D9 ,97479,Nor,  ,,FR,S,GSC
2025-12-01 00:00:00,783050200927,69,DW,12,D,02,690,MUNICIPIO PUERTO MORELOS      ,5A,ACTIVO,644T8A ,2,F622,14LM,26028,1558,0,0,0,0,,18,,,,1,9BBTM,2025-12-12 10:19:00,2025-12-12 08:52:41,6902,L,9NCX1,644T8A ,89071,Opt,  ,,,,GSC
2025-12-01 00:00:00,783071203128,38,DW,12,D,01,380,MARIA GONZALEZ BA UELOS       ,1D,ACTIVO,1AUR91 ,1,F623,25P2,1045,1045,0,0,0,23,E23,18,,,,1,9BBTM,2025-12-30 11:12:00,2025-12-26 09:17:58,3801,L,GATJM,XMN119 ,0,Nor,56,NO HAY MEDIDOR,56,S,GSC
2025-12-01 00:00:00,783100309747,20,DW,12,D,01,201,RODRIGUEZ MORALES VANESSA     ,1D,ACTIVO,04M2M9 ,2,F62H,09KN,37461,548,0,0,0,23,E23,2,,,,1,9BBTM,2025-12-16 13:17:00,,,,,,,,,,,,GSC
2025-12-01 00:00:00,783110605042,12,DW,12,D,01,122,JIMENEZ CANO MARCOS           ,1D,ACTIVO,72PL56 ,2,F621,07F3,10869,1132,0,0,0,23,E23,18,,,,1,9BBTM,2025-12-10 16:10:00,2025-12-08 08:28:07,1203,M,9ND6M,72PL56 ,10132,Nor,  ,,FR,S,GSC
2025-12-01 00:00:00,783111107411,12,DW,12,D,01,122,CHAN UC LUIS ANTONIO          ,1D,ACTIVO,9M446X ,2,F621,05F3,20538,234,0,0,0,23,E23,18,,,,1,9BBTM,2025-12-10 12:46:00,2025-12-08 14:57:54,1203,M,9ND6M,9M446X ,90234,Nor,  ,,FR,S,GSC
2025-12-01 00:00:00,783120502349,69,DW,12,D,01,650,MUNICIPIO DE BENITO JUAREZ    ,02,ACTIVO,1E36A5 ,2,F421,03GH,29426,430,0,0,0,23,E23,18,,,,1,9BBTM,2025-12-15 08:41:00,2025-12-12 10:19:30,6901,L,9NCX1,1E36A5 ,0,Nor,53,UI SERV DIRECTO,53,S,GSC
2025-12-01 00:00:00,783121107117,10,DW,12,D,02,102,AKE CHICMUL NEIL WILIE        ,1B,ACTIVO,LV382T ,2,F623,20NU,1501,500,0,0,0,23,E23,18,,,,1,9BBTM,2025-12-09 12:52:00,2025-12-05 11:10:16,1027,M,9ND6M,LV382T ,5224,Opt,44,NUM MEDID DESIGU,44,S,GSC
2025-12-01 00:00:00,783130715987,36,DW,12,D,01,368,SEGOVIA ALCUDIA OSCAR         ,1D,ACTIVO,4F08V8 ,2,F621,03F3,41408,581,0,0,0,23,E23,18,,,,1,9BBTM,2025-12-26 08:32:00,2025-12-26 10:38:07,3606,L,9NCX4,4F08V8 ,88099,Nor,  ,,FR,S,GSC
2025-12-01 00:00:00,783140600797,02,DW,12,D,01,023,PATRICIA EUGENIA ARCILA BARRAN,1C,ACTIVO,6V20K1 ,2,F421,04GH,73069,772,0,0,0,23,E23,18,,,,1,9BBTM,2025-12-02 18:20:00,2025-12-01 12:58:14,0203,M,9ND6M,6V20K1 ,99772,Nor,  ,,FR,S,GSC
2025-12-01 00:00:00,783141106711,34,DW,12,D,01,349,CASTILLO PERERA ERICK JESUS   ,1D,ACTIVO,5D10U9 ,2,F421,02GH,19455,341,0,0,0,23,E23,18,,,,1,9BBTM,2025-12-23 13:38:00,2025-12-23 08:54:23,3406,L,9NCX4,5D10U9 ,95795,Nor,  ,,FR,S,GSC
2025-12-01 00:00:00,783141208238,34,DW,12,D,01,349,MUNOZ CRUZ GONZALO            ,1D,ACTIVO,8M173P ,2,F621,05F3,33195,593,0,0,0,23,E23,18,,,,1,9BBTM,2025-12-23 13:37:00,2025-12-23 09:03:05,3406,L,9NCX4,8M173P ,90563,Nor,  ,,FR,S,GSC
2025-12-01 00:00:00,783170500894,24,DW,12,B,01,242,CARRILLO CASTILLA LEONEL FEDER,1D,ACTIVO,921VBH ,1,F122,16LN,19755,374,0,0,0,23,E23,18,,,,1,9BBTM,2025-12-18 08:24:00,2025-12-16 09:43:23,2402,M,GAX2M,921VBH ,0,Nor,52,COMUNICACION INTERRU,52,S,GSC
2025-12-01 00:00:00,783190500963,40,DW,12,D,01,403,OLMOS MARTINEZ JOSE ANTONIO   ,1D,ACTIVO,J116DX ,2,F622,17LM,24899,936,0,0,0,23,E23,18,,,,1,9BBTM,2025-12-29 08:53:00,2025-12-29 09:05:08,4001,M,GATJM,J116DX ,0,Opt,32,UI DERIVACION,32,S,GSC
2025-12-01 00:00:00,783191000719,04,DW,12,C,01,042,EHUAN SEGOVIA EDUARDO YOHANES ,02,ACTIVO,T993GW ,1,F122,18LN,2002,105,0,0,0,23,E23,18,,,,1,9BBTM,2025-12-04 09:43:00,2025-12-02 08:58:34,0402,M,9P130,T993GW ,0,Nor,56,NO HAY MEDIDOR,56,S,GSC
2025-12-01 00:00:00,783230705482,10,DW,12,D,02,102,REYES PENA JOSE LUIS          ,1B,ACTIVO,JCL127 ,2,F623,23NU,1320,1,0,0,0,23,E23,18,,,,1,9BBTM,2025-12-09 13:06:00,2025-12-05 16:18:13,1027,M,9ND6M,JCL127 ,0,Nor,59,DISPLAY APAGADO,59,S,GSC
2025-12-01 00:00:00,783231200953,06,DW,12,D,01,060,MADRAZO CRUZ JORGE ROQUE      ,1D,CORTADO,KKW936 ,2,F623,23NU,10572,979,0,0,0,23,E23,2,,,,1,9BBTM,2025-12-05 09:43:00,,,,,,,,,,,,GSC
2025-12-01 00:00:00,783250501638,22,DW,12,D,01,226,RAMIREZ MENDEZ FEDERICO       ,1D,ACTIVO,T755UW ,2,F622,18LM,397,101,0,0,0,23,E23,18,,,,1,9BBTM,2025-12-17 11:37:00,2025-12-15 14:22:18,2202,M,GATJM,T755UW ,0,Nor,5X,RUTA INCOMPLETA,,,GSC
2025-12-01 00:00:00,783250508039,24,DW,12,D,04,243,GUERRA CRUZ CATALINA          ,1D,ACTIVO,6AAW40 ,2,F623,25NY,2995,749,0,0,0,23,E23,18,,,,1,9BBTM,2025-12-18 09:39:00,2025-12-16 14:13:21,2429,M,9NCX4,6AAW40 ,0,Nor,5X,RUTA INCOMPLETA,,,GSC
2025-12-01 00:00:00,783250804711,38,DW,12,D,01,380,CORAL CANCHE LEIDY MARIA      ,1D,CORTADO,9DVH54 ,2,F623,25NY,2082,644,0,0,0,23,E23,18,,,,1,9BBTM,2025-12-30 11:12:00,2025-12-26 14:52:36,3801,L,GATJM,9DVH54 ,0,Nor,59,DISPLAY APAGADO,59,S,GSC
2025-12-01 00:00:00,783250900842,22,DW,12,D,04,220,PADILLA FIGUEROA ROGELLIO     ,1D,ACTIVO,HYT950 ,2,F623,23NU,250,166,0,0,0,23,E23,18,,,,1,9BBTM,2025-12-17 11:37:00,2025-12-15 14:17:21,2226,M,GA4HN,HYT950 ,0,Nor,5X,RUTA INCOMPLETA,,,GSC
2025-12-01 00:00:00,783251006720,30,DW,12,D,01,300,PROMOTORA DE VIVIENDAS INTEGRA,1D,ACTIVO,2BDL86 ,2,F623,25P2,812,812,0,0,0,23,E23,18,,,,1,9BBTM,2025-12-19 15:13:00,2025-12-19 19:00:03,3001,L,GA4HN,2BDL86 ,0,Nor,5X,RUTA INCOMPLETA,,,GSC
2025-12-01 00:00:00,770080101201,32,DW,01,E,02,323,MARTIN CASTRO JUAN ALBERTO    ,1D,ACTIVO,JBM388 ,2,F623,23NU,14367,1805,56,0,0,951,LECT NEGATIVA,8,NO HAY MEDIDOR,,,1,9P12J,2025-12-23 13:29:00,2025-12-22 09:46:19,3203,L,9NCYE,JBM388 ,461,Opt,  ,,,,GSC
2025-12-01 00:00:00,782970101681,28,DW,12,C,01,281,CARLOS I BALAN MAY            ,1D,ACTIVO,980JLD ,2,F622,15LM,26031,1027,59,0,0,951,LECT NEGATIVA,8,DISPLAY APAGADO,,,1,9BBTM,2025-12-22 16:42:00,2025-12-18 08:37:31,2801,M,GAE2M,980JLD ,1388,Opt,40,SIN SELLO,,,GSC
2025-12-01 00:00:00,779250500146,18,DW,01,M,04,189,SALDANA VEGA LUIS GERARDO     ,1D,ACTIVO,7BCP06 ,2,F623,25P2,0,1586,0,0,0,951,LECT NEGATIVA,2,,,,1,9P12J,2025-12-15 10:33:00,2025-12-11 09:23:51,1851,R,9P14E,7BCP06 ,98215,Opt,  ,,,,GSC
2025-12-01 00:00:00,787751002025,40,DW,03,C,82,401,ROBERTO KU HUH                ,1B,ACTIVO,K5986T ,1,F121,75AM,28421,220,0,0,0,951,LECT NEGATIVA,2,,,,1,9ND2R,2025-12-30 11:12:00,2025-12-29 09:36:55,4027,M,GAEMM,K5986T ,99827,Nor,  ,,FR,S,GSC
2025-12-01 00:00:00,787831000066,40,DW,03,C,82,401,JULIO CESAR CORONADO          ,1B,ACTIVO,8T850L ,2,F621,06F3,26840,230,0,0,0,951,LECT NEGATIVA,2,,,,1,9ND2R,2025-12-30 11:12:00,2025-12-29 11:32:26,4027,M,GAEMM,8T850L ,99855,Nor,  ,,FR,S,GSC
2025-12-01 00:00:00,800200800661,40,DW,07,A,60,601,MUNOZ TORRES JORGE ALBERTO    ,1B,ACTIVO,F288CR ,1,F122,17LN,738,42,0,0,0,951,LECT NEGATIVA,2,,,,1,9MCJD,2025-12-30 14:34:00,2025-12-29 20:49:10,4027,L,9MCGY,F288CR ,99984,Opt,  ,,,,GSC
2025-12-01 00:00:00,778750603964,06,DW,01,K,48,062,IGLESIA PARROQUIAL TECOH      ,02,ACTIVO,83X30L ,1,F12H,11KU,10575,93,0,0,0,951,LECT NEGATIVA,2,,,,1,9P12J,2025-12-05 13:02:00,2025-12-03 10:39:06,0628,M,G92B1,83X30L ,99978,Opt,  ,,,,GSC
2025-12-01 00:00:00,786940100244,26,DW,03,B,31,267,JAVIER COLLI CHAN             ,1C,ACTIVO,P50H36 ,1,F121,93F5,27905,100,0,0,0,951,LECT NEGATIVA,2,,,,1,9ND2R,2025-12-18 08:31:00,2025-12-17 09:46:10,2626,L,GA8NN,P50H36 ,99917,Nor,  ,,FR,S,GSC
2025-12-01 00:00:00,782241100187,12,DW,12,C,01,122,NOH MAY JANETH MARLENI        ,1D,ACTIVO,RBN989 ,2,F623,24NY,99112,571,56,0,0,951,LECT NEGATIVA,4,NO HAY MEDIDOR,,,1,9BBTM,2025-12-10 09:08:00,2025-12-08 15:20:35,1203,M,GAKFM,RBN989 ,726,Opt,  ,,,,GSC
2025-12-01 00:00:00,792160900389,30,DW,04,E,69,303,CAMARAESPINOSA FRANCISCOJAVIER,1F,ACTIVO,364JHG ,2,F622,15LM,33280,553,0,0,0,951,LECT NEGATIVA,2,,,,1,9MCF6,2025-12-23 10:19:00,2025-12-19 13:54:08,3027,L,GA8MN,364JHG ,99676,Opt,  ,,,,GSC
2025-12-01 00:00:00,794200600068,22,DW,04,G,10,002,TELLO HERNANDEZ RAFAEL        ,1F,CORTADO,EK779W ,1,F123,19NM,13521,814,0,0,0,951,LECT NEGATIVA,2,,,,1,9MCF6,2025-12-17 10:39:00,2025-12-15 13:23:05,2227,L,R9642,EK779W ,98562,Opt,  ,,,,GSC
2025-12-01 00:00:00,794080202578,18,DW,04,G,10,004,MARIO LOPEZ                   ,1F,ACTIVO,LF776Y ,1,F123,20NT,3642,150,0,0,0,951,LECT NEGATIVA,2,,,,1,9MCF6,2025-12-15 09:55:00,2025-12-11 09:37:46,1827,L,R9642,LF776Y ,99713,Opt,  ,,,,GSC
2025-12-01 00:00:00,801060901638,32,DW,07,B,40,406,TAH MUKUL ALBERTA             ,1C,ACTIVO,7W529V ,1,F121,06JL,2900,20,0,0,0,951,LECT NEGATIVA,2,,,,1,9MCJD,2025-12-23 06:46:00,2025-12-22 14:45:10,3229,L,GAT3M,7W529V ,99981,Nor,  ,,FR,S,GSC
2025-12-01 00:00:00,795040702892,26,DW,05,A,01,194,LEON MEDINA TEODORA DEL CARMEN,1F,ACTIVO,7V65J7 ,2,F421,04GH,75536,791,0,0,0,951,LECT NEGATIVA,2,,,,1,9ND2K,2025-12-18 10:59:00,2025-12-17 07:48:01,2601,M,9ND9F,7V65J7 ,99978,Nor,  ,,FR,S,GSC
2025-12-01 00:00:00,781140200265,04,DW,12,B,01,044,JIMENEZ Y AGUILAR MA DEL SOCOR,1D,ACTIVO,51X17K ,1,F12H,11KU,13036,252,56,0,0,951,LECT NEGATIVA,8,NO HAY MEDIDOR,,,1,9BBTM,2025-12-04 12:32:00,2025-12-02 08:15:30,0401,L,9MCB5,51X17K ,1043,Nor,  ,,FR,S,GSC
2025-12-01 00:00:00,796020402775,36,DW,06,A,01,361,HAU SECA HONORINA MINELIA     ,1D,ACTIVO,1UH931 ,1,F121,99GG,59089,464,0,0,0,951,LECT NEGATIVA,2,,,,1,9BBEG,2025-12-29 18:59:00,2025-12-26 16:39:21,3601,L,R9907,1UH931 ,99637,Nor,  ,,FR,S,GSC
2025-12-01 00:00:00,796061002455,69,DW,06,A,03,693,MUNICIPIO DE OTHON P BLANCO   ,5A,ACTIVO,REC378 ,2,F623,24NY,28646,12442,0,0,0,951,LECT NEGATIVA,18,,,,1,9BBEG,2025-12-16 12:40:00,2025-12-12 10:35:39,6902,L,R9964,REC378 ,92378,Opt,  ,,,,GSC
2025-12-01 00:00:00,770951000990,26,DW,01,A,01,264,ANTONIO SAUL DIAZ SUAREZ      ,1D,ACTIVO,EP6198 ,1,W111,81C0,2896,120,0,0,0,951,LECT NEGATIVA,2,,,,1,9P12J,2025-12-19 11:29:00,2025-12-17 11:26:40,2602,M,GA0MN,EP6198 ,9921,Nor,  ,,LN,S,GSC
2025-12-01 00:00:00,782171206551,36,DW,12,D,01,363,FLORES BRIONES LIZANDRO JONATH,1D,ACTIVO,J668RA ,2,F622,17LM,6331,222,53,0,0,951,LECT NEGATIVA,8,UI SERV DIRECTO,,,1,9BBTM,2025-12-30 07:39:00,2025-12-26 10:06:45,3604,L,GATJM,J668RA ,510,Opt,  ,,,,GSC
2025-12-01 00:00:00,780041102573,38,DW,12,B,03,380,MARTINEZ FELIX JUAN           ,1D,ACTIVO,0B099F ,1,F121,04GG,59013,789,0,0,0,23,E23,18,,,,1,9BBTM,2025-12-26 11:42:00,2025-12-26 11:40:29,3826,L,GAD0M,0B099F ,71946,Nor,  ,,FR,S,GSC
2025-12-01 00:00:00,780050801816,20,DW,12,B,01,030,CADU INMOBILIARIA  S A DE C V ,1D,ACTIVO,4F837X ,1,F121,05JL,22257,376,0,0,0,23,E23,18,,,,1,9BBTM,2025-12-16 12:13:00,2025-12-12 11:05:49,2002,L,9NCX2,4F837X ,80376,Nor,  ,,FR,S,GSC
2025-12-01 00:00:00,780051102237,40,DW,12,B,03,401,JOSE ALFREDO LOPEZ GARCIA     ,1D,ACTIVO,5K883G ,1,F121,05JL,54693,474,0,0,0,23,E23,18,,,,1,9BBTM,2025-12-01 09:48:00,2025-12-29 09:53:12,4027,L,GATKM,5K883G ,72601,Nor,  ,,FR,S,GSC
2025-12-01 00:00:00,780060101464,36,DW,12,B,01,361,MIRIAM LORENA ROSADO UM       ,1D,ACTIVO,7L091N ,1,F121,05JL,66957,696,0,0,0,23,E23,18,,,,1,9BBTM,2025-12-26 11:14:00,2025-12-26 19:32:58,3601,L,9P17V,7L091N ,90697,Nor,  ,,FR,S,GSC
2025-12-01 00:00:00,780070300643,12,DW,12,A,01,120,GALLAGHER FLORENCE ANITA      ,1D,ACTIVO,2DVE32 ,2,F623,25NY,4234,1842,0,0,0,23,E23,18,,,,1,9BBTM,2025-12-10 07:51:00,2025-12-08 12:52:46,1201,M,9NCWU,2DVE32 ,0,Nor,52,COMUNICACION INTERRU,52,S,GSC
2025-12-01 00:00:00,780070901761,20,DW,12,A,05,202,MUNOZ RODRIGO EMILIO          ,1D,ACTIVO,R03B64 ,1,F121,93F5,61949,1766,0,0,0,23,E23,18,,,,1,9BBTM,2025-12-12 12:00:00,2025-12-12 09:28:39,2027,M,GA8DN,R03B64 ,2766,Nor,  ,,FR,S,GSC
2025-12-01 00:00:00,780071001810,08,DW,12,A,01,081,RAMOS BARRIENTOS ALICIA       ,1D,ACTIVO,83JD47 ,1,F121,07JL,1991,1076,0,0,0,23,E23,18,,,,1,9BBTM,2025-12-08 13:55:00,2025-12-04 07:30:22,0802,M,GAD0M,83JD47 ,2076,Nor,  ,,FR,S,GSC
2025-12-01 00:00:00,780071100834,10,DW,12,A,01,100,HUERTA CAHCON SERGIO          ,1D,ACTIVO,83LU53 ,1,F121,07JL,13103,63,0,0,0,23,E23,18,,,,1,9BBTM,2025-12-09 08:04:00,2025-12-05 11:06:35,1001,M,9MC6M,83LU53 ,99063,Nor,  ,,FR,S,GSC
2025-12-01 00:00:00,780071201258,22,DW,12,A,05,221,JOHN MANNING CL IFTON R       ,1D,ACTIVO,458B0N ,2,F622,13LM,19185,433,0,0,0,0,,18,,,,1,9BBTM,2025-12-15 12:37:00,2025-12-15 15:29:40,2227,M,9NCWU,458B0N ,0,Nor,5X,RUTA INCOMPLETA,,,GSC
2025-12-01 00:00:00,780080503861,06,DW,12,A,01,060,UNIVER RABECO CRUZ            ,1D,ACTIVO,PBC955 ,1,F123,24NX,10,10,0,0,0,23,E23,18,,,,1,9BBTM,2025-12-03 08:26:00,2025-12-03 10:33:39,0602,M,GADWM,FKA656 ,460,Opt,  ,,,,GSC
2025-12-01 00:00:00,780080803953,06,DW,12,A,01,060,CHABLE GERONIMO GERMAN        ,1D,ACTIVO,41UG31 ,1,F121,08JL,26896,351,0,0,0,23,E23,18,,,,1,9BBTM,2025-12-05 08:25:00,2025-12-03 10:47:10,0602,M,GADWM,41UG31 ,99351,Nor,  ,,FR,S,GSC
2025-12-01 00:00:00,780090301212,40,DW,12,A,05,404,GARCIA ESCOBAR MARIA INES     ,1D,ACTIVO,19D7A1 ,2,F421,08KF,35970,268,0,0,0,23,E23,18,,,,1,9BBTM,2025-12-29 09:12:00,2025-12-29 12:59:25,4026,M,GABCM,19D7A1 ,0,Nor,59,DISPLAY APAGADO,59,S,GSC
2025-12-01 00:00:00,780090501203,34,DW,12,A,01,340,MANJARREZ LOPEZ JOSE ANTONIO  ,1D,ACTIVO,L740K5 ,1,F121,96F5,40973,377,0,0,0,0,,18,,,,1,9BBTM,2025-12-23 15:28:00,2025-12-23 11:09:11,3401,L,9MC6M,L740K5 ,1377,Nor,  ,,FR,S,GSC
2025-12-01 00:00:00,780140503164,34,DW,12,A,01,340,BALLEZA CRUZ YOLANDA          ,1D,ACTIVO,820RL9 ,1,F122,12LH,25226,507,0,0,0,23,E23,18,,,,1,9BBTM,2025-12-23 15:24:00,2025-12-23 13:39:57,3401,L,9MC6M,820RL9 ,0,Nor,56,NO HAY MEDIDOR,56,S,GSC
2025-12-01 00:00:00,780140802595,40,DW,12,A,01,400,DES EMP EN REC CAL SA DE CV   ,02,ACTIVO,317MGA ,3,FD2J,15MU,24900,1091,0,0,0,23,E23,18,,,,1,9BBTM,2025-12-29 09:13:00,2025-12-29 17:00:15,4001,M,9P180,317MGA ,4935,Nor,  ,,FR,S,GSC
2025-12-01 00:00:00,780150603124,68,DW,12,A,01,683,AUTOTAB SA DE CV              ,67,ACTIVO,MU446F ,3,KL28,20KE,6380,1034,0,0,0,23,E23,18,,,,1,9BBTM,2025-12-15 15:16:00,2025-12-11 08:38:53,6803,L,GAF1M,MU446F ,1034,Nor,  ,,LM,S,GSC
2025-12-01 00:00:00,780150603159,30,DW,12,A,01,300,GALDAMEZ MORAN JOSE ANGEL     ,1D,ACTIVO,Y344R1 ,1,F121,97F5,30827,436,0,0,0,23,E23,18,,,,1,9BBTM,2025-12-19 14:33:00,2025-12-19 11:39:26,3001,M,GAF1M,Y344R1 ,1436,Nor,  ,,FR,S,GSC
2025-12-01 00:00:00,780200301094,20,DW,12,A,05,201,TORRES LIZAMA NORMA DEL SOCORR,02,ACTIVO,4CFJ26 ,2,F623,25P3,0,0,0,0,0,23,E23,18,,,,1,9BBTM,2025-12-12 12:16:00,2025-12-12 13:23:54,2051,N,GA4GN,EW044B ,0,Nor,53,UI SERV DIRECTO,53,S,GSC
2025-12-01 00:00:00,780200602418,20,DW,12,A,05,201,CANCHE CONTRERAS GEIDI ADRIANA,1D,ACTIVO,Y444LP ,2,F623,19NU,18484,1768,0,0,0,23,E23,18,,,,1,9BBTM,2025-12-12 11:53:00,2025-12-12 11:09:23,2051,N,GA4GN,Y444LP ,0,Opt,32,UI DERIVACION,32,S,GSC
2025-12-01 00:00:00,780210101298,68,DW,12,A,01,683,DESA HIDRAU DE CANCUN SA DE CV,67,ACTIVO,FY579H ,3,KL28,19KE,16475,274,0,0,0,23,E23,18,,,,1,9BBTM,2025-12-15 15:14:00,2025-12-11 11:55:27,6803,L,GAF1M,FY579H ,274,Nor,  ,,LM,S,GSC
2025-12-01 00:00:00,780210803683,68,DW,12,A,01,683,TECNO EN ESPA Y CONST SA DE CV,67,ACTIVO,MW353X ,3,KL28,20KE,7076,215,0,0,0,23,E23,18,,,,1,9BBTM,2025-12-15 16:56:00,2025-12-11 13:36:07,6803,L,GAF1M,MW353X ,215,Nor,  ,,LM,S,GSC
2025-12-01 00:00:00,780230403479,68,DW,12,A,01,683,VILLARREAL ROMERO PAOLA MARIA ,67,ACTIVO,PT126Y ,3,KL28,21KE,75660,2217,0,0,0,23,E23,18,,,,1,9BBTM,2025-12-15 15:52:00,2025-12-11 10:18:26,6803,L,GAF1M,PT126Y ,2217,Nor,  ,,LM,S,GSC
2025-12-01 00:00:00,780240904069,77,DW,12,A,05,770,CRASLAND 17                   ,67,ACTIVO,CHA560 ,3,KL28,22NJ,7279,363,0,0,0,23,E23,18,,,,1,9BBTM,2025-12-29 09:52:00,2025-12-26 09:56:56,7701,L,9NCX5,CHA560 ,0,Nor,50,CASA CERRADA,50,S,GSC
2025-12-01 00:00:00,780241000678,34,DW,12,A,05,342,LAMBERT RANDALL LEE           ,1D,ACTIVO,RBR835 ,2,F623,24NY,10332,2159,0,0,0,0,,18,,,,1,9BBTM,2025-12-23 15:27:00,2025-12-23 10:55:18,3426,L,GA4GN,RBR835 ,0,Nor,53,UI SERV DIRECTO,53,S,GSC
2025-12-01 00:00:00,780241101504,06,DW,12,A,01,061,HERNANDEZ HERNANDEZ BERTHA    ,1D,ACTIVO,WNC225 ,2,F623,24P2,1128,261,0,0,0,23,E23,18,,,,1,9BBTM,2025-12-05 08:24:00,2025-12-03 08:58:22,0601,M,GAFHM,WNC225 ,0,Nor,51,NO ENCONTRE DOMI,,,GSC
2025-12-01 00:00:00,779750604479,08,DW,01,M,01,082,AGUILAR CEBALLOS TERESITA DE J,1B,ACTIVO,1X142M ,1,F121,06JL,30114,117,0,0,0,0,,18,,,,1,9P12J,2025-12-08 13:32:00,2025-12-04 13:15:45,0801,L,GAG9M,1X142M ,90117,Nor,  ,,FR,S,GSC
2025-12-01 00:00:00,779750606005,14,DW,01,M,17,144,SEBASTIAN TZAB CHAN           ,1D,ACTIVO,1E03G5 ,1,F621,02F3,46003,19,0,0,0,0,,18,,,,1,9P12J,2025-12-11 14:05:00,2025-12-09 10:33:03,1426,L,9NCYK,1E03G5 ,99019,Nor,  ,,FR,S,GSC
2025-12-01 00:00:00,780250801080,30,DW,12,A,05,302,GUTIERREZ TAVARES JAVIER      ,1D,CORTADO,WNV021 ,2,F623,24P2,4446,982,0,0,0,951,LECT NEGATIVA,18,,,,1,9BBTM,2025-12-23 11:01:00,2025-12-19 08:15:33,3026,M,GA4GN,WNV021 ,3474,Opt,  ,,,,GSC
2025-12-01 00:00:00,780250802116,38,DW,12,A,01,380,VERONICA CISNEROS ANTONIO     ,1D,ACTIVO,2DVD41 ,2,F623,25NY,3439,1319,0,0,0,23,E23,2,,,,1,9BBTM,2025-12-26 07:28:00,,,,,,,,,,,,GSC
2025-12-01 00:00:00,780250802761,38,DW,12,A,01,381,VERONICA ANTONIO ANTONIO      ,1D,ACTIVO,9DVU65 ,2,F623,25NY,793,713,0,0,0,23,E23,18,,,,1,9BBTM,2025-12-26 10:43:00,2025-12-26 14:33:31,3802,M,9P180,9DVU65 ,0,Nor,5X,RUTA INCOMPLETA,,,GSC
2025-12-01 00:00:00,780250901319,68,DW,12,A,01,682,CONRADMED SC                  ,67,ACTIVO,GFR597 ,3,VL28,22NJ,52,0,0,0,0,23,E23,2,,,,1,9BBTM,2025-12-11 17:31:00,2025-12-11 08:53:54,6802,L,9BBM1,GFR597 ,81,Opt,  ,,,,GSC
2025-12-01 00:00:00,780750200571,04,DW,12,A,01,040,NEREO CRUZ PEREZ              ,1D,ACTIVO,4AU360 ,1,F121,97F5,59567,236,0,0,0,0,,18,,,,1,9BBTM,2025-12-04 08:29:00,2025-12-02 09:33:34,0402,M,GABCM,4AU360 ,99236,Nor,  ,,FR,S,GSC
2025-12-01 00:00:00,780800700278,26,DW,12,B,01,260,RICARDO JIMENEZ G             ,1D,ACTIVO,E2J117 ,1,F121,88F5,59163,136,0,0,0,23,E23,18,,,,1,9BBTM,2025-12-17 13:51:00,2025-12-17 07:36:02,2601,L,GATKM,E2J117 ,99136,Nor,  ,,FR,S,GSC
2025-12-01 00:00:00,780871000811,30,DW,12,A,01,301,ROSA MA MEDINA DE PECH        ,1D,ACTIVO,A9Y068 ,1,F121,87EG,7936,801,0,0,0,23,E23,18,,,,1,9BBTM,2025-12-19 14:31:00,2025-12-19 14:22:20,3002,M,9MC6M,A9Y068 ,9801,Nor,  ,,LN,S,GSC
2025-12-01 00:00:00,780890800713,03,DW,12,A,01,030,ROSENDO ANAYA POLANCO         ,1D,ACTIVO,5AXR21 ,2,F623,25P2,0,0,0,0,0,23,E23,18,,,,1,9BBTM,2025-12-30 09:48:00,,,,,,,,,,,,GSC
2025-12-01 00:00:00,780910501173,30,DW,12,A,01,300,RICARDO TEC AGUILAR           ,1D,ACTIVO,N914GB ,2,F622,18LM,32300,768,0,0,0,23,E23,18,,,,1,9BBTM,2025-12-19 14:32:00,2025-12-21 17:09:08,3051,R,9MC6M,N914GB ,0,Nor,5X,RUTA INCOMPLETA,,,GSC
2025-12-01 00:00:00,780910501416,38,DW,12,A,01,380,HERBERT RICALDE TREJO         ,1D,ACTIVO,V8M604 ,1,F121,91F5,53052,110,0,0,0,23,E23,18,,,,1,9BBTM,2025-12-26 08:52:00,2025-12-26 15:14:38,3801,M,GABCM,V8M604 ,0,Nor,50,CASA CERRADA,50,S,GSC
2025-12-01 00:00:00,780930100493,24,DW,12,A,01,240,FRANCISCA NUNEZ               ,1D,ACTIVO,G28A82 ,1,F121,92F5,38975,48,0,0,0,23,E23,18,,,,1,9BBTM,2025-12-18 09:43:00,2025-12-16 09:51:34,2401,M,GAF1M,G28A82 ,10048,Nor,  ,,FR,S,GSC
2025-12-01 00:00:00,780961101285,34,DW,12,A,01,340,MARCO A ORTIZ ORTIZ           ,1D,ACTIVO,E330N4 ,1,F121,95F5,22157,6,0,0,0,0,,18,,,,1,9BBTM,2025-12-23 15:28:00,2025-12-23 13:11:49,3401,L,9MC6M,E330N4 ,606,Nor,  ,,,,GSC
2025-12-01 00:00:00,780970401356,71,DW,12,A,01,710,PLAZA MIRNA CONDOMINIOS       ,67,ACTIVO,432MGE ,3,KL2E,15MV,87099,704,0,0,0,23,E23,18,,,,1,9BBTM,2025-12-16 10:28:00,2025-12-16 08:18:40,7101,L,9NCX5,432MGE ,0,Nor,50,CASA CERRADA,50,S,GSC
2025-12-01 00:00:00,780971002579,34,DW,12,A,01,340,LUIS A CHAVEZ GODINEZ         ,1D,ACTIVO,PJV980 ,1,F123,24NX,736,210,0,0,0,23,E23,18,,,,1,9BBTM,2025-12-23 15:27:00,2025-12-23 16:47:45,3401,L,9MC6M,PJV980 ,0,Nor,5X,RUTA INCOMPLETA,,,GSC
2025-12-01 00:00:00,780990203143,28,DW,12,B,01,282,JUAN ANTONIO CEN              ,1D,ACTIVO,8JN500 ,1,F121,98GG,20985,175,0,0,0,0,,18,,,,1,9BBTM,2025-12-18 13:32:00,2025-12-18 07:31:29,2801,M,GAX2M,8JN500 ,1175,Nor,  ,,FR,S,GSC
2025-12-01 00:00:00,780990403479,26,DW,12,B,01,264,SOSA ROJAS REYES HUMBERTO     ,1D,ACTIVO,5MM650 ,1,F121,98GG,59711,424,0,0,0,23,E23,18,,,,1,9BBTM,2025-12-19 13:53:00,2025-12-17 09:47:53,2603,M,9MCB5,5MM650 ,10424,Nor,  ,,FR,S,GSC
2025-12-01 00:00:00,781000355803,04,DW,12,B,01,044,SANTOS NOH RODOLFO            ,1D,ACTIVO,0RU662 ,1,F121,99GG,18902,221,0,0,0,23,E23,18,,,,1,9BBTM,2025-12-02 12:44:00,2025-12-02 12:43:20,0401,L,9MCB5,0RU662 ,1122,Nor,  ,,FR,S,GSC
2025-12-01 00:00:00,781010401820,16,DW,12,B,01,160,ROBERTO E CID C               ,1D,ACTIVO,4D1M92 ,1,F121,00GG,44493,518,0,0,0,23,E23,18,,,,1,9BBTM,2025-12-12 07:47:00,2025-12-10 09:12:43,1601,M,GATKM,4D1M92 ,0,Nor,56,NO HAY MEDIDOR,56,S,GSC
2025-12-01 00:00:00,781020200415,18,DW,12,B,01,220,RIVERA MARTINEZ TERESA        ,1D,ACTIVO,0RU480 ,1,F121,99GG,27571,408,0,0,0,23,E23,18,,,,1,9BBTM,2025-12-15 09:29:00,2025-12-11 09:52:24,1801,M,9NCX2,0RU480 ,-1440,Nor,  ,,LN,S,GSC
2025-12-01 00:00:00,781020301092,67,DW,12,B,01,620,MUNICIPIO DE BENITO JUAREZ    ,67,ACTIVO,2N473B ,3,KL28,05JB,64520,3561,0,0,0,23,E23,18,,,,1,9BBTM,2025-12-11 07:54:00,2025-12-10 16:33:39,6701,L,GA4GN,2N473B ,0,Nor,56,NO HAY MEDIDOR,56,S,GSC
2025-12-01 00:00:00,781030700653,12,DW,12,B,01,120,KOH MUKUL DEYSI GPE           ,1D,ACTIVO,5H13D2 ,1,F121,03GG,32906,569,0,0,0,23,E23,18,,,,1,9BBTM,2025-12-10 11:07:00,2025-12-08 09:46:31,1201,M,9NCWM,5H13D2 ,92882,Nor,  ,,FR,S,GSC
2025-12-01 00:00:00,780151000946,20,DW,12,A,05,202,AGUILAR CHUY FERNANDO         ,1D,ACTIVO,023FVA ,2,F622,15LM,13778,530,0,0,0,23,E23,18,,,,1,9BBTM,2025-12-12 10:16:00,2025-12-12 10:06:00,2027,M,GA8DN,023FVA ,0,Nor,56,NO HAY MEDIDOR,56,S,GSC
2025-12-01 00:00:00,780160301151,62,DW,12,A,01,620,MUNICIPIO DE BENITO JUAREZ    ,5A,ACTIVO,UL062V ,2,F623,21NY,4976,239,0,0,0,23,E23,2,,,,1,9BBTM,2025-12-04 11:22:00,,,,,,,,,,,,GSC
2025-12-01 00:00:00,780160702538,26,DW,12,A,05,261,GONZALEZ BAKER JAZMIN         ,1D,ACTIVO,951JHE ,2,F622,15LM,16552,963,0,0,0,23,E23,18,,,,1,9BBTM,2025-12-17 07:35:00,2025-12-17 09:03:27,2627,M,GA4GN,951JHE ,0,Nor,59,DISPLAY APAGADO,59,S,GSC
2025-12-01 00:00:00,780161203241,68,DW,12,A,01,681,INVEST PORT S DE RL DE CV     ,67,ACTIVO,MY142N ,3,VL28,20KE,448,480,0,0,0,0,,18,,,,1,9BBTM,2025-12-11 17:27:00,2025-12-10 18:34:11,6702,L,9EMK1,MY142N ,-503,Nor,  ,,FR,S,GSC
2025-12-01 00:00:00,780170201642,16,DW,12,A,01,160,SERV CORP Y MAS ADE SA DE CV  ,02,ACTIVO,RDJ289 ,2,F623,24NY,3328,585,0,0,0,0,,18,,,,1,9BBTM,2025-12-12 14:25:00,2025-12-10 20:34:36,1601,M,9MC6M,RDJ289 ,0,Nor,5X,RUTA INCOMPLETA,,,GSC
2025-12-01 00:00:00,780170801224,28,DW,12,A,05,281,HERNANDEZ URRACA VALERIA      ,1D,ACTIVO,G080MB ,2,F622,17LM,15292,885,0,0,0,23,E23,18,,,,1,9BBTM,2025-12-18 13:53:00,2025-12-18 12:09:01,2827,M,GA4GN,G080MB ,6189,Opt,  ,,,,GSC
2025-12-01 00:00:00,780180201551,30,DW,12,B,01,306,PEREZ BRITO MILDRED           ,1D,ACTIVO,447JHE ,2,F622,15LM,51297,1713,0,0,0,0,,18,,,,1,9BBTM,2025-12-19 12:29:00,2025-12-19 17:08:32,3003,L,9P17V,447JHE ,0,Nor,60,MEDID NO TRABAJA,60,S,GSC
2025-12-01 00:00:00,780180502560,26,DW,12,A,05,261,CASTANEDA HERNANDEZ MARIANA   ,1D,ACTIVO,WNX320 ,2,F623,24P2,5514,1118,0,0,0,0,,18,,,,1,9BBTM,2025-12-17 07:36:00,2025-12-17 12:15:50,2627,M,GA4GN,WNX320 ,0,Nor,60,MEDID NO TRABAJA,60,S,GSC
2025-12-01 00:00:00,780181102018,68,DW,12,A,01,683,RODRIGUEZ PALACIOS FRANCISCO J,67,ACTIVO,MY230G ,3,VL28,20KE,2550,5360,0,0,0,0,,18,,,,1,9BBTM,2025-12-15 15:41:00,2025-12-11 12:00:07,6803,L,GAF1M,MY230G ,44,Nor,  ,,FR,S,GSC
2025-12-01 00:00:00,780190202483,68,DW,12,A,01,683,CONDOMINIO TAINA AC           ,67,ACTIVO,U423AR ,3,VL28,18KE,6395,3840,0,0,0,23,E23,2,,,,1,9BBTM,2025-12-12 08:11:00,2025-12-11 14:00:51,6803,L,GAF1M,U423AR ,48,Nor,  ,,FR,S,GSC
2025-12-01 00:00:00,780190301627,66,DW,12,A,01,662,KINGCURRYMEXICO S DE RL DE CV ,67,ACTIVO,GEA696 ,3,KL28,22NJ,34311,0,0,0,0,23,E23,18,,,,1,9BBTM,2025-12-11 12:12:00,2025-12-09 13:35:27,6601,L,9BBM1,GEA696 ,0,Nor,59,DISPLAY APAGADO,59,S,GSC
2025-12-01 00:00:00,780191202762,73,DW,12,A,01,730,DE GARO JA MAT SAPI DE CV     ,67,BAJA,CKV657 ,3,VL28,22NJ,1055,2400,0,0,0,23,E23,18,,,,1,9BBTM,2025-12-22 10:37:00,2025-12-18 07:33:42,7301,L,GABCM,CKV657 ,0,Nor,59,DISPLAY APAGADO,59,S,GSC
2025-12-01 00:00:00,780200802310,68,DW,12,A,01,682,SERRANO DIEGO ELOINA          ,67,ACTIVO,V680DX ,3,VL28,18KE,954,960,0,0,0,23,E23,18,,,,1,9BBTM,2025-12-11 16:54:00,2025-12-11 12:21:48,6802,L,9BBM1,V680DX ,99924,Opt,  ,,,,GSC
2025-12-01 00:00:00,780210803764,68,DW,12,A,01,683,LC INVERSUS                   ,67,ACTIVO,PJ458G ,3,KL28,20KE,26719,472,0,0,0,0,,18,,,,1,9BBTM,2025-12-15 15:13:00,2025-12-11 10:22:00,6803,L,GAF1M,PJ458G ,0,Nor,59,DISPLAY APAGADO,59,S,GSC
2025-12-01 00:00:00,780240103431,68,DW,12,A,01,683,TIDE TI                       ,67,ACTIVO,MV057M ,3,KL28,20KE,19936,721,0,0,0,23,E23,18,,,,1,9BBTM,2025-12-15 15:53:00,2025-12-11 10:15:17,6803,L,GAF1M,MV057M ,721,Nor,  ,,LM,S,GSC
2025-12-01 00:00:00,780241000589,14,DW,12,A,01,140,RODRIGUE EMOND MIGUEL         ,1D,ACTIVO,WNU215 ,2,F623,24P2,4515,350,0,0,0,23,E23,18,,,,1,9BBTM,2025-12-11 13:04:00,,,,,,,,,,,,GSC
2025-12-01 00:00:00,780250303730,06,DW,12,D,01,060,SANCHEZ RAMOS ANA LAURA       ,1D,ACTIVO,RBE083 ,2,F623,24NY,232,180,0,0,0,23,E23,2,,,,1,9BBTM,2025-12-05 09:43:00,,,,,,,,,,,,GSC
2025-12-01 00:00:00,780250505472,30,DW,12,C,01,300,PERERA PAREDES MARIA FERNANDA ,1D,ACTIVO,UU396E ,2,F623,21NY,1303,1303,0,0,0,23,E23,18,,,,1,9BBTM,2025-12-19 13:39:00,2025-12-19 12:42:12,3001,L,GAALN,UU396E ,0,Nor,51,NO ENCONTRE DOMI,,,GSC
2025-12-01 00:00:00,780250802779,38,DW,12,A,01,380,VERONICA CISNEROS ANTONIO     ,1D,ACTIVO,0DVT04 ,2,F623,25NY,2028,725,0,0,0,23,E23,2,,,,1,9BBTM,2025-12-26 07:27:00,,,,,,,,,,,,GSC
2025-12-01 00:00:00,780250900550,08,DW,12,A,01,081,HUERTA HERRERA SAMANTHA       ,1D,ACTIVO,5BCP24 ,2,F623,25P2,1538,943,0,0,0,23,E23,18,,,,1,9BBTM,2025-12-08 13:02:00,2025-12-05 16:33:30,1001,M,9MC6M,5BCP24 ,0,Nor,5X,RUTA INCOMPLETA,,,GSC
2025-12-01 00:00:00,780250900941,08,DW,12,A,01,081,HUERTA HERRERA SAMANTHA       ,1D,ACTIVO,5BCP27 ,2,F623,25P2,23,23,0,0,0,23,E23,18,,,,1,9BBTM,2025-12-08 13:02:00,2025-12-05 16:33:30,1001,M,9MC6M,5BCP27 ,0,Nor,5X,RUTA INCOMPLETA,,,GSC
2025-12-01 00:00:00,780251003616,38,DW,12,A,01,380,CABALLERO MENDOZA PATRICIA    ,1D,ACTIVO,7BDA58 ,2,F623,25P2,58,58,0,0,0,23,E23,18,,,,1,9BBTM,2025-12-26 07:26:00,2025-12-26 12:24:21,3601,M,GA4GN,7BDA58 ,0,Nor,51,NO ENCONTRE DOMI,,,GSC
2025-12-01 00:00:00,780251003624,38,DW,12,A,01,380,CABALLERO MENDOZA PATRICIA    ,1D,ACTIVO,6BCH95 ,2,F623,25P2,1,1,0,0,0,23,E23,18,,,,1,9BBTM,2025-12-26 07:27:00,2025-12-26 12:24:16,3601,M,GA4GN,6BCH95 ,0,Nor,51,NO ENCONTRE DOMI,,,GSC
2025-12-01 00:00:00,780251004621,08,DW,12,A,01,082,PROA FLORES J  ISMAEL         ,02,ACTIVO,0AUT86 ,2,F623,25P2,9,8,0,0,0,23,E23,2,,,,1,9BBTM,2025-12-08 08:41:00,,,,,,,,,,,,GSC
2025-12-01 00:00:00,780251101391,18,DW,12,A,05,183,MENA PARRA ALEJNADRA BASILIA  ,1D,ACTIVO,6BCJ70 ,2,F623,25P2,23,22,0,0,0,0,,18,,,,1,9BBTM,2025-12-15 12:36:00,2025-12-15 15:29:40,2227,M,9NCWU,6BCJ70 ,0,Nor,5X,RUTA INCOMPLETA,,,GSC
2025-12-01 00:00:00,780790200468,24,DW,12,A,01,240,LUIS RUIZ GOMEZ               ,1D,ACTIVO,H912LD ,1,F122,17LN,38033,840,0,0,0,23,E23,18,,,,1,9BBTM,2025-12-18 09:43:00,2025-12-16 07:48:59,2401,M,GAF1M,H912LD ,70180,Nor,  ,,FR,S,GSC
2025-12-01 00:00:00,780840101415,30,DW,12,A,01,300,FELIPA DE J ESQUIVEL DE H     ,1D,ACTIVO,W495TC ,1,F122,19LN,25256,1378,0,0,0,23,E23,18,,,,1,9BBTM,2025-12-19 14:31:00,2025-12-21 17:09:08,3051,R,9MC6M,W495TC ,0,Nor,5X,RUTA INCOMPLETA,,,GSC
2025-12-01 00:00:00,780890300567,66,DW,12,B,01,612,MUNICIPIO DE BENITO JUAREZ    ,5A,ACTIVO,MW284X ,3,KL28,20KE,12795,3854,0,0,0,23,E23,18,,,,1,9BBTM,2025-12-11 10:38:00,2025-12-09 07:38:25,6601,L,9BBLY,MW284X ,0,Nor,50,CASA CERRADA,50,S,GSC
2025-12-01 00:00:00,780910100608,03,DW,12,A,01,030,DELIO CORAL TORRES            ,1D,ACTIVO,70E29D ,1,F62H,10KN,65496,698,0,0,0,0,,18,,,,1,9BBTM,2025-12-30 11:09:00,,,,,,,,,,,,GSC
2025-12-01 00:00:00,780920100843,30,DW,12,A,01,300,MARICELA OLALDE CASTILLO      ,1D,ACTIVO,544JJM ,2,F622,15LM,18792,752,0,0,0,23,E23,18,,,,1,9BBTM,2025-12-19 14:30:00,2025-12-19 15:03:21,3001,M,GAF1M,544JJM ,0,Nor,56,NO HAY MEDIDOR,56,S,GSC
2025-12-01 00:00:00,780940300822,20,DW,12,A,05,202,NIDIA LUGO RICALDE            ,1D,ACTIVO,E11F72 ,3,FD21,91G5,85018,109,0,0,0,23,E23,18,,,,1,9BBTM,2025-12-16 10:15:00,2025-12-12 13:08:19,2027,M,GA8DN,E11F72 ,99109,Nor,  ,,FR,S,GSC
2025-12-01 00:00:00,780980202483,30,DW,12,A,01,300,JOSE PACHECO BORGES           ,02,CORTADO,Y516R6 ,1,F121,97F5,21349,381,0,0,0,23,E23,18,,,,1,9BBTM,2025-12-19 14:30:00,2025-12-19 08:31:43,3001,M,GAF1M,Y516R6 ,90382,Nor,  ,,FR,S,GSC
2025-12-01 00:00:00,780980400218,08,DW,12,A,01,081,LUIS ABARCA AGUIRRE           ,1D,ACTIVO,2XA434 ,2,F421,00GH,76416,430,0,0,0,23,E23,18,,,,1,9BBTM,2025-12-08 08:37:00,2025-12-04 09:25:03,0802,M,GAD0M,2XA434 ,98114,Nor,  ,,FR,S,GSC
2025-12-01 00:00:00,777100302963,32,DW,01,J,46,324,REYES JERONIMO HIDELIZA       ,1C,ACTIVO,M3A668 ,2,F621,89F3,46691,197,0,0,0,0,,18,,,,1,9P12J,2025-12-23 17:35:00,2025-12-22 12:51:57,3230,L,GAAFN,M3A668 ,1197,Nor,  ,,FR,S,GSC
2025-12-01 00:00:00,777120800757,36,DW,01,J,03,367,XOOL CANUL MILDRED TERESITA   ,1C,ACTIVO,22WT70 ,1,F121,08JL,14494,154,0,0,0,0,,18,,,,1,9P12J,2025-12-29 15:04:00,2025-12-26 10:29:39,3603,L,9NCYF,22WT70 ,85751,Nor,  ,,FR,S,GSC
2025-12-01 00:00:00,777130701200,36,DW,01,J,03,367,UC DZUL JOSE LEONARDO         ,1C,ACTIVO,RR336W ,1,F123,21NX,6176,288,0,0,0,0,,18,,,,1,9P12J,2025-12-29 15:05:00,2025-12-26 09:42:22,3603,L,9NCYF,RR336W ,10654,Nor,44,NUM MEDID DESIGU,44,S,GSC
2025-12-01 00:00:00,777191200041,34,DW,01,J,03,341,GARRIDO ESTRELLA CARLOS DANIEL,1C,ACTIVO,CM959A ,1,F123,19NM,4044,146,0,0,0,23,E23,18,,,,1,9P12J,2025-12-29 09:37:00,2025-12-23 11:08:06,3401,L,GAAGN,CM959A ,0,Nor,53,UI SERV DIRECTO,53,S,GSC
2025-12-01 00:00:00,777750400722,16,DW,01,J,03,165,MANUEL QUINTAL TUN            ,1C,ACTIVO,3B1J95 ,1,F121,00GG,2528,5,0,0,0,0,,18,,,,1,9P12J,2025-12-12 13:10:00,2025-12-11 18:24:26,1651,R,GAAFN,3B1J95 ,32168,Nor,  ,,FR,S,GSC
2025-12-01 00:00:00,777750612029,32,DW,01,J,46,323,FERNANDO CAAMAL MAY           ,1C,ACTIVO,9F355N ,1,F121,05JL,26567,0,0,0,0,0,,18,,,,1,9P12J,2025-12-23 18:25:00,2025-12-22 12:51:43,3229,L,R9950,9F355N ,99988,Nor,  ,,FR,S,GSC
2025-12-01 00:00:00,777750613599,32,DW,01,J,46,324,RAFAEL PEREZ R                ,1C,ACTIVO,E560Y6 ,1,F121,95F5,72522,0,0,0,0,0,,18,,,,1,9P12J,2025-12-23 18:25:00,2025-12-22 10:10:41,3230,L,GAAFN,E560Y6 ,67925,Nor,  ,,FR,S,GSC
2025-12-01 00:00:00,777870700061,14,DW,01,J,32,146,REMIGIO POOL VALLEJOS         ,1C,ACTIVO,K9888F ,1,F121,75AM,72531,912,0,0,0,0,,18,,,,1,9P12J,2025-12-11 14:55:00,2025-12-09 10:39:17,1428,L,9NCYF,K9888F ,50886,Nor,  ,,FR,S,GSC
2025-12-01 00:00:00,778011000135,24,DW,01,K,54,247,FLORENTINO TZAB MAY           ,1C,ACTIVO,6F9K82 ,1,F121,01GG,29946,131,0,0,0,0,,18,,,,1,9P12J,2025-12-18 13:12:00,2025-12-16 12:10:58,2428,L,GAAGN,6F9K82 ,1131,Nor,  ,,FR,S,GSC
2025-12-01 00:00:00,778030100728,30,DW,01,K,51,305,GLADYS CIAU COCOM             ,1C,ACTIVO,7B03J7 ,1,F121,03GG,49294,455,0,0,0,0,,18,,,,1,9P12J,2025-12-23 11:59:00,2025-12-19 11:03:50,3027,M,GAAGN,7B03J7 ,10455,Nor,  ,,FR,S,GSC
2025-12-01 00:00:00,778041100118,76,DW,01,K,42,752,EDUARDO COBA PACHECO          ,09,ACTIVO,RKC235 ,3,KL28,24NJ,556,283,0,0,0,0,,18,,,,1,9P12J,2025-12-29 14:40:00,2025-12-23 10:39:45,7601,L,G92B1,RKC235 ,0,Nor,50,CASA CERRADA,50,S,GSC
2025-12-01 00:00:00,778121200342,14,DW,01,K,55,143,IUIT CAMARA JOSE RIGOBERTO    ,1C,ACTIVO,07YE61 ,1,F121,08JL,18389,322,0,0,0,0,,18,,,,1,9P12J,2025-12-11 13:31:00,2025-12-09 10:34:15,1428,L,G92B1,07YE61 ,10322,Nor,  ,,FR,S,GSC
2025-12-01 00:00:00,778130400273,10,DW,01,K,42,103,GARRIDO CAB RIGEL ISRAEL      ,02,ACTIVO,5MU303 ,2,F421,99GH,9065,69,0,0,0,23,E23,18,,,,1,9P12J,2025-12-09 15:17:00,2025-12-05 11:15:47,1002,L,G92B1,5MU303 ,5096,Nor,  ,,FR,S,GSC
2025-12-01 00:00:00,778980300324,69,DW,01,K,57,696,HACIENDA TEKIK EP SA DE CV    ,02,ACTIVO,909GP1 ,3,FD22,12LK,69654,3272,0,0,0,0,,18,,,,1,9P12J,2025-12-16 11:58:00,2025-12-13 09:08:20,6951,R,G92B1,909GP1 ,0,Nor,59,DISPLAY APAGADO,59,S,GSC
2025-12-01 00:00:00,779000756722,18,DW,01,M,04,182,GUILLERMINA CEN CHAN          ,1D,ACTIVO,2VN361 ,1,F121,00GG,19710,121,0,0,0,0,,18,,,,1,9P12J,2025-12-15 14:23:00,2025-12-11 13:35:07,1829,L,R9982,2VN361 ,10121,Nor,  ,,FR,S,GSC
2025-12-01 00:00:00,779050700337,08,DW,01,M,01,082,QUIJANO PEREZ VICTOR MAUEL    ,1B,ACTIVO,9F171X ,1,F121,05JL,28865,697,0,0,0,0,,18,,,,1,9P12J,2025-12-08 14:21:00,2025-12-04 10:12:11,0801,L,GAG9M,9F171X ,10697,Nor,  ,,FR,S,GSC
2025-12-01 00:00:00,779060200804,08,DW,01,M,01,082,CHEL DOMINGUEZ VALERIANA      ,1B,ACTIVO,1X09H3 ,1,F121,04JF,30870,175,0,0,0,0,,18,,,,1,9P12J,2025-12-08 14:21:00,2025-12-04 16:16:20,0801,L,GAG9M,1X09H3 ,99175,Nor,  ,,FR,S,GSC
2025-12-01 00:00:00,779060300515,62,DW,01,M,13,624,MUNICIPIO DE MERIDA YUCATAN   ,5A,ACTIVO,Y155MB ,2,F623,19NU,7542,1093,0,0,0,951,LECT NEGATIVA,18,,,,1,9P12J,2025-12-04 09:39:00,2025-12-03 13:38:42,6201,L,R9703,Y155MB ,94594,Opt,  ,,,,GSC
2025-12-01 00:00:00,779061206695,38,DW,01,M,13,386,QUIJANO GONZALEZ VICTOR MANUEL,1D,ACTIVO,3T795U ,2,F621,06F3,82030,507,0,0,0,23,E23,18,,,,1,9P12J,2025-12-30 13:29:00,2025-12-26 13:00:18,3804,L,9JRBR,3T795U ,10507,Nor,  ,,FR,S,GSC
2025-12-01 00:00:00,779080501606,62,DW,01,M,21,622,MUNICIPIO DE MERIDA YUCATAN   ,5A,ACTIVO,MU468D ,3,KL28,20KE,95186,5200,0,0,0,0,,18,,,,1,9P12J,2025-12-04 12:48:00,2025-12-03 11:04:14,6204,L,9JRBR,MU468D ,0,Nor,53,UI SERV DIRECTO,53,S,GSC
2025-12-01 00:00:00,779081002000,62,DW,01,M,13,624,MUNICIPIO DE MERIDA YUCATAN   ,5A,ACTIVO,W367LB ,2,F622,19LM,46912,2040,0,0,0,0,,18,,,,1,9P12J,2025-12-04 12:47:00,2025-12-03 10:02:09,6201,L,R9703,W367LB ,0,Nor,53,UI SERV DIRECTO,53,S,GSC
2025-12-01 00:00:00,779140601087,14,DW,01,M,17,144,TZAB COOL RAUL ERNESTO        ,1D,ACTIVO,30JM59 ,1,F121,07JL,31963,622,0,0,0,0,,18,,,,1,9P12J,2025-12-11 14:06:00,2025-12-09 10:35:00,1426,L,9NCYK,30JM59 ,1622,Nor,  ,,FR,S,GSC
2025-12-01 00:00:00,779170704425,62,DW,01,M,01,621,MUNICIPIO DE CONKAL           ,5A,ACTIVO,A593LC ,2,F622,16LM,58999,726,0,0,0,0,,18,,,,1,9P12J,2025-12-04 12:47:00,2025-12-03 10:54:29,6203,L,9NCYK,A593LC ,0,Nor,59,DISPLAY APAGADO,59,S,GSC
2025-12-01 00:00:00,779171002106,34,DW,01,M,35,346,ESCALANTE LIZAMA JOSE JESUS   ,1B,ACTIVO,G313VV ,2,F622,17LM,7528,0,0,0,0,23,E23,18,,,,1,9P12J,2025-12-29 12:06:00,2025-12-23 16:26:31,3429,L,R9982,G313VV ,0,Nor,59,DISPLAY APAGADO,59,S,GSC
2025-12-01 00:00:00,779180402478,28,DW,01,M,06,281,DOMINGUEZ CHAN ARELY GUADALUPE,1B,ACTIVO,6BCR34 ,2,F623,25P2,0,0,0,0,0,23,E23,18,,,,1,9P12J,2025-12-18 16:35:00,2025-12-18 11:54:00,2829,M,R9982,J764GA ,1239,Opt,  ,,,,GSC
2025-12-01 00:00:00,779220903904,24,DW,01,M,15,243,WABI RUEDA CRISTINA           ,1D,ACTIVO,WWU231 ,2,F623,24P3,0,0,0,0,0,0,,18,,,,1,9P12J,2025-12-16 12:42:00,2025-12-16 12:05:07,2426,L,9NCYK,CVM874 ,851,Opt,  ,,,,GSC
2025-12-01 00:00:00,779780400207,28,DW,01,M,06,281,JOSE PAULINO TEC PECH         ,1B,ACTIVO,8G41F6 ,1,F121,03GG,37799,1,0,0,0,23,E23,18,,,,1,9P12J,2025-12-18 15:38:00,2025-12-18 10:24:27,2829,M,R9982,8G41F6 ,9990,Nor,  ,,FR,S,GSC
2025-12-01 00:00:00,779920800049,08,DW,01,M,01,082,ARIEL AGUILAR LOPEZ           ,1B,ACTIVO,2D883R ,1,F121,05JL,41043,255,0,0,0,0,,18,,,,1,9P12J,2025-12-08 13:30:00,2025-12-04 16:30:47,0801,L,GAG9M,2D883R ,99255,Nor,  ,,FR,S,GSC
2025-12-01 00:00:00,779970900061,40,DW,01,M,13,408,ISAIAS PECH CHI               ,1D,ACTIVO,6M391A ,1,F121,05JF,30919,170,0,0,0,951,LECT NEGATIVA,18,,,,1,9P12J,2025-12-30 16:19:00,2025-12-29 11:30:59,4002,L,9P14E,6M391A ,99911,Nor,  ,,FR,S,GSC
2025-12-01 00:00:00,779980600111,30,DW,01,M,18,302,ERMINIO CRIOLLO               ,1B,ACTIVO,03C3J8 ,2,F621,08KG,51862,542,0,0,0,0,,18,,,,1,9P12J,2025-12-23 15:26:00,2025-12-19 09:49:06,3026,L,9JRBR,03C3J8 ,90542,Nor,  ,,FR,S,GSC
2025-12-01 00:00:00,780000458711,28,DW,12,B,01,282,ROMERO TRINIDAD               ,1D,ACTIVO,L210FF ,1,F122,18LN,11246,479,0,0,0,23,E23,18,,,,1,9BBTM,2025-12-18 15:52:00,2025-12-17 18:22:17,2601,L,9BBLY,L210FF ,0,Nor,5X,RUTA INCOMPLETA,,,GSC
2025-12-01 00:00:00,800221000583,32,DW,07,A,05,301,PISTE BURGOS JOSE ALBERTO     ,1B,ACTIVO,CVG471 ,2,F623,22NU,3562,233,0,0,0,951,LECT NEGATIVA,2,,,,1,9MCJD,2025-12-23 13:13:00,2025-12-22 10:15:41,3201,L,9MCGY,CVG471 ,99970,Opt,  ,,,,GSC
2025-12-01 00:00:00,801750210298,24,DW,07,B,04,244,TEODORO PAT                   ,1B,ACTIVO,18W4C5 ,1,F12H,09KU,20131,1081,0,0,0,951,LECT NEGATIVA,2,,,,1,9MCJD,2025-12-17 13:57:00,2025-12-16 08:11:19,2426,L,9JR0P,18W4C5 ,99880,Nor,  ,,LM,S,GSC
2025-12-01 00:00:00,787130100520,08,DW,03,C,71,003,CANUL ORTIZ WILSON MANUEL     ,1B,CORTADO,6V60V2 ,2,F421,04GH,0,23,0,0,0,951,LECT NEGATIVA,2,,,,1,9ND2R,2025-12-05 11:06:00,2025-12-04 11:48:50,0827,L,GA6WN,6V60V2 ,99932,Nor,  ,,FR,S,GSC
2025-12-01 00:00:00,796080302761,36,DW,06,A,02,021,SOSA CASTILLO EMILIANA        ,1C,ACTIVO,25KR75 ,1,F121,07JL,11609,11,0,0,0,951,LECT NEGATIVA,2,,,,1,9BBEG,2025-12-30 06:36:00,2025-12-26 09:33:19,3626,L,R9964,25KR75 ,99959,Nor,  ,,FR,S,GSC
2025-12-01 00:00:00,804240401250,26,DW,08,A,01,005,CARRILLO SANCHEZ MARISOL DE LO,1B,ACTIVO,HYX332 ,2,F623,23NU,2441,450,0,0,0,951,LECT NEGATIVA,2,,,,1,9ND09,2025-12-18 15:06:00,2025-12-17 10:42:40,2602,M,GAVPM,HYX332 ,99928,Opt,  ,,,,GSC
2025-12-01 00:00:00,783060301187,06,DW,12,D,01,063,CASTRO DE LA ROSA IMELDA      ,1D,ACTIVO,3N371H ,1,F121,06JL,16661,67,0,0,0,951,LECT NEGATIVA,2,,,,1,9BBTM,2025-12-05 08:35:00,2025-12-03 09:40:31,0604,M,GAF1M,3N371H ,99907,Nor,  ,,FR,S,GSC
2025-12-01 00:00:00,785971200135,65,DW,03,A,03,760,RANCHO SAN ORLANDO            ,9C,ACTIVO,MV506L ,3,KL28,20KE,1200,115,0,0,0,951,LECT NEGATIVA,2,,,,1,9ND2R,2025-12-09 14:04:00,2025-12-08 10:27:25,6502,L,9MCET,MV506L ,99898,Opt,  ,,,,GSC
2025-12-01 00:00:00,776231000575,08,DW,01,H,38,084,VERA AVILES FRANCISCO ARMANDO ,1B,ACTIVO,2DVM20 ,2,F623,25NY,99474,214,53,0,0,951,LECT NEGATIVA,8,UI SERV DIRECTO,,,1,9P12J,2025-12-08 13:20:00,2025-12-04 12:03:54,0827,L,9JRBT,2DVM20 ,-76,Opt,  ,,,,GSC
2025-12-01 00:00:00,783080204668,32,DW,12,C,01,325,SOLIS VENTURA LISTER GABRIEL  ,1D,ACTIVO,74PL74 ,2,F621,07F3,99444,2943,0,0,0,951,LECT NEGATIVA,2,,,,1,9BBTM,2025-12-24 11:06:00,2025-12-22 07:29:47,3204,M,9NCWY,74PL74 ,99636,Nor,  ,,FR,S,GSC
2025-12-01 00:00:00,807200800720,20,DW,08,D,55,554,MIAM PECH LUIS E              ,1C,ACTIVO,EM186K ,2,F623,19NU,7701,361,59,0,0,951,LECT NEGATIVA,8,DISPLAY APAGADO,,,1,9ND09,2025-12-16 14:14:00,2025-12-12 11:18:56,2026,L,9MCC7,EM186K ,120,Opt,  ,,,,GSC
2025-12-01 00:00:00,783070402801,30,DW,12,D,01,308,CASTREJON MENDOZA ANGELES J   ,1D,ACTIVO,63MF34 ,2,F421,07GH,2610,839,60,0,0,951,LECT NEGATIVA,8,MEDID NO TRABAJA,,,1,9BBTM,2025-12-23 14:52:00,2025-12-19 08:30:58,3004,M,9NCXK,63MF34 ,0,Nor,31,SERVICIO SIN USO,,,GSC
2025-12-01 00:00:00,794241200252,16,DW,04,G,23,001,MARIN VIVEROS PABLO           ,1F,ACTIVO,RBJ428 ,2,F623,24NY,1100,294,0,0,0,951,LECT NEGATIVA,2,,,,1,9MCF6,2025-12-11 14:46:00,2025-12-10 12:54:47,1626,L,R9642,RBJ428 ,99706,Opt,  ,,,,GSC
2025-12-01 00:00:00,795140901353,18,DW,05,A,01,102,PEREZ VAZQUEZ JOSE ANTONIO    ,1F,ACTIVO,4E48G3 ,2,F621,02F3,29500,33,0,0,0,951,LECT NEGATIVA,2,,,,1,9ND2K,2025-12-11 18:44:00,2025-12-11 09:37:01,1802,M,9JRBH,4E48G3 ,99970,Nor,  ,,FR,S,GSC
2025-12-01 00:00:00,796770700450,30,DW,06,A,01,306,VALDEZ DE TORREZ ISABEL       ,1D,ACTIVO,L555UC ,1,F122,18LN,29245,388,0,0,0,951,LECT NEGATIVA,2,,,,1,9BBEG,2025-12-23 10:06:00,2025-12-19 10:26:47,3001,M,9MCK8,L555UC ,99766,Opt,  ,,,,GSC
2025-12-01 00:00:00,782880500421,02,DW,12,B,01,022,OLIVERA ROMO MELVA            ,1D,ACTIVO,H125V6 ,1,F621,95F3,55821,1348,0,0,0,951,LECT NEGATIVA,2,,,,1,9BBTM,2025-12-02 12:34:00,2025-12-01 11:54:32,0201,L,9NCWM,H125V6 ,99227,Nor,  ,,FR,S,GSC
2025-12-01 00:00:00,811960400168,12,DW,22,B,01,121,VICTOR M TUN CONTRERAS        ,1D,ACTIVO,KK157G ,1,F123,20NT,2200,178,59,0,0,951,LECT NEGATIVA,8,DISPLAY APAGADO,,,1,9MCCM,2025-12-09 07:53:00,2025-12-08 07:58:07,1201,M,9MC92,KK157G ,99780,Opt,  ,,,,GSC
2025-12-01 00:00:00,801240802514,30,DW,07,B,40,403,BALAM BALAM SILVINO           ,1C,ACTIVO,MKX033 ,1,F123,23NX,1875,325,0,0,0,951,LECT NEGATIVA,2,,,,1,9MCJD,2025-12-22 17:59:00,2025-12-19 12:32:05,3028,L,GAT3M,MKX033 ,99556,Opt,  ,,,,GSC
2025-12-01 00:00:00,780960301116,32,DW,12,A,01,322,HERNANDEZ GARCIA JUAN MANUEL  ,1D,ACTIVO,V634VV ,1,F122,19LN,5254,604,56,0,0,951,LECT NEGATIVA,8,NO HAY MEDIDOR,,,1,9BBTM,2025-12-23 17:44:00,2025-12-22 09:01:57,3202,M,GA4GN,V634VV ,430,Opt,  ,,,,GSC
2025-12-01 00:00:00,801090801085,04,DW,07,B,06,401,CHAN DZUL JUAN JAVIER         ,1B,ACTIVO,PKF035 ,1,F123,24NX,29,32,0,0,0,951,LECT NEGATIVA,2,,,,1,9MCJD,2025-12-03 15:57:00,2025-12-02 08:24:34,0401,L,9JR0P,PKF035 ,99974,Nor,  ,,FR,S,GSC
2025-12-01 00:00:00,779151005605,30,DW,01,M,07,304,ESQUIVEL PATRON MARTHA PATRICI,1B,ACTIVO,24C1K8 ,2,F621,08KG,20187,705,0,0,0,951,LECT NEGATIVA,2,,,,1,9P12J,2025-12-23 10:15:00,2025-12-19 08:57:02,3027,L,R9689,24C1K8 ,99311,Nor,  ,,FR,S,GSC
2025-12-01 00:00:00,790000855953,78,DW,04,C,53,761,MEDINA OVIEDO RODOLFO         ,9C,ACTIVO,899WYE ,2,F622,16LM,25905,162,0,0,0,951,LECT NEGATIVA,2,,,,1,9MCF6,2025-12-29 12:48:00,2025-12-26 09:38:43,7801,L,9EMLW,899WYE ,99474,Opt,  ,,,,GSC
2025-12-01 00:00:00,776140900310,24,DW,01,E,37,241,KING MAC ILEANA GUADALUPE     ,1D,ACTIVO,449T1J ,2,F622,14LM,42813,1114,53,0,0,951,LECT NEGATIVA,8,UI SERV DIRECTO,,,1,9P12J,2025-12-17 11:28:00,2025-12-16 10:47:18,2405,M,GAKJM,449T1J ,637,Opt,  ,,,,GSC
2025-12-01 00:00:00,785250300511,40,DW,03,A,01,401,COCOM DOMINGUEZ LUIS GERARDO  ,1B,ACTIVO,RCD488 ,2,F623,24NY,100,102,0,0,0,951,LECT NEGATIVA,2,,,,1,9ND2R,2025-12-30 10:54:00,2025-12-29 12:01:03,4001,L,GAPQM,RCD488 ,99782,Opt,  ,,,,GSC
2025-12-01 00:00:00,802170200461,18,DW,07,C,42,427,RAMOS PARRALES MARIA MERCEDES ,1A,ACTIVO,YC433B ,2,F623,21NU,27847,1546,0,0,0,951,LECT NEGATIVA,2,,,,1,9MCJD,2025-12-15 14:34:00,2025-12-11 10:42:27,1827,M,GAM7M,YC433B ,99898,Opt,  ,,,,GSC
2025-12-01 00:00:00,780041000169,28,DW,12,B,01,282,CEN CANUL MARCO ANTONIO       ,1D,ACTIVO,220VBV ,1,F122,16LN,3790,611,56,0,0,951,LECT NEGATIVA,8,NO HAY MEDIDOR,,,1,9BBTM,2025-12-22 13:15:00,2025-12-18 08:53:57,2801,M,GAX2M,220VBV ,0,Opt,31,SERVICIO SIN USO,,,GSC
2025-12-01 00:00:00,794190900394,14,DW,04,G,27,001,DOMINGUEZ MARURI ESMERALDA    ,1F,ACTIVO,T903GY ,1,F122,18LN,8240,108,0,0,0,951,LECT NEGATIVA,2,,,,1,9MCF6,2025-12-11 09:28:00,2025-12-09 12:41:47,1426,L,R9484,T903GY ,99892,Opt,  ,,,,GSC
2025-12-01 00:00:00,807180400291,75,DW,08,D,49,751,ESCUELA PRIMARIA ALBERTO ECHEV,67,ACTIVO,G066XK ,3,KL28,17KE,80213,2457,0,0,0,951,LECT NEGATIVA,18,,,,2,9ND09,2025-12-24 12:22:00,2025-12-22 14:04:39,7502,L,R9857,G066XK ,98578,Opt,  ,,,,GSC
2025-12-01 00:00:00,780940500589,36,DW,12,A,01,362,AGUSTIN AGUILAR PEREZ         ,1D,ACTIVO,64H9D4 ,1,F12H,09KU,48149,212,59,0,0,951,LECT NEGATIVA,8,DISPLAY APAGADO,,,1,9BBTM,2025-12-30 06:58:00,2025-12-26 07:26:01,3603,L,9NCWU,64H9D4 ,0,Nor,31,SERVICIO SIN USO,,,GSC
2025-12-01 00:00:00,783100700217,12,DW,12,D,01,121,CONRADO OJEDA NELSY PASTORA   ,1D,ACTIVO,KKW051 ,2,F623,23NU,5069,628,53,0,0,951,LECT NEGATIVA,8,UI SERV DIRECTO,,,1,9BBTM,2025-12-10 12:33:00,2025-12-08 09:20:45,1202,M,GA4HN,KKW051 ,1143,Opt,  ,,,,GSC
2025-12-01 00:00:00,794150803795,24,DW,04,G,67,241,COMISARIA EJIDAL              ,02,ACTIVO,CL917X ,1,F123,19NM,307,20,0,0,0,951,LECT NEGATIVA,2,,,,1,9MCF6,2025-12-17 12:38:00,2025-12-16 10:53:53,2426,L,R9642,CL917X ,99972,Opt,  ,,,,GSC
2025-12-01 00:00:00,781050901850,06,DW,12,B,01,060,PAT LEON ROGER ERMILO         ,1D,ACTIVO,2J415A ,1,F121,05JL,19369,491,0,0,0,951,LECT NEGATIVA,2,,,,1,9BBTM,2025-12-05 08:17:00,2025-12-03 09:26:20,0602,L,9NCWM,2J415A ,99647,Nor,  ,,FR,S,GSC
2025-12-01 00:00:00,810030702729,40,DW,22,A,01,401,CLAUDIANO QUIAM DZIB          ,1B,ACTIVO,958MFU ,1,F62J,15MT,16500,1163,0,0,0,951,LECT NEGATIVA,2,,,,1,9MCCM,2025-12-30 08:47:00,2025-12-29 09:53:16,4051,R,9NCT0,958MFU ,99587,Nor,  ,,FR,S,GSC
2025-12-01 00:00:00,812210800497,08,DW,22,C,01,082,GONZALEZ ALANIS DIEGO         ,02,ACTIVO,886MEV ,2,F62J,15MT,7260,300,0,0,0,951,LECT NEGATIVA,2,,,,1,9MCCM,2025-12-05 06:45:00,2025-12-04 11:21:23,0802,M,GAPKM,886MEV ,99700,Nor,  ,,FR,S,GSC
2025-12-01 00:00:00,799230100282,18,DW,06,D,01,181,MENDEZ PORTALES RUBEN         ,1B,ACTIVO,RDE214 ,2,F623,24NY,740,39,0,0,0,951,LECT NEGATIVA,2,,,,1,9BBEG,2025-12-15 12:44:00,2025-12-12 12:53:04,1801,M,GAT5M,RDE214 ,99968,Opt,  ,,,,GSC
2025-12-01 00:00:00,795131003326,30,DW,05,A,01,305,CEBALLOS GOMEZ ESTHER NOEMY   ,1F,CORTADO,61JY61 ,1,F121,07JL,36727,180,0,0,0,951,LECT NEGATIVA,2,,,,1,9ND2K,2025-12-22 13:07:00,2025-12-19 10:07:18,3005,M,9NCUF,61JY61 ,99988,Nor,  ,,FR,S,GSC
2025-12-01 00:00:00,803820800236,10,DW,07,D,17,001,GERONIMO CANUL KITUK          ,1C,ACTIVO,DM5395 ,1,F121,81EG,4900,245,0,0,0,951,LECT NEGATIVA,2,,,,1,9MCJD,2025-12-08 17:23:00,2025-12-05 10:21:41,1026,M,GA2CN,DM5395 ,9842,Nor,  ,,LN,S,GSC
2025-12-01 00:00:00,800961001095,14,DW,07,A,15,004,CUPUL PASCUAL                 ,1B,CORTADO,G284J7 ,1,F121,95F5,53501,155,0,0,0,951,LECT NEGATIVA,2,,,,1,9MCJD,2025-12-11 13:57:00,2025-12-09 13:19:30,1428,L,9MCAW,G284J7 ,99845,Nor,  ,,FR,S,GSC
2025-12-01 00:00:00,781180101499,40,DW,12,B,03,400,CETINA CHUC WILLIAM JAVIER    ,1D,ACTIVO,M713RK ,2,F622,17LM,25950,1091,0,0,0,951,LECT NEGATIVA,2,,,,1,9BBTM,2025-12-30 12:57:00,2025-12-29 13:19:38,4026,M,9NCWM,M713RK ,99722,Opt,  ,,,,GSC
2025-12-01 00:00:00,315180101099,36,DW,04,B,03,002,GUTIERREZ VALLADARES JESUS    ,1F,ACTIVO,DJU122 ,2,F623,22NU,8199,793,0,0,0,951,LECT NEGATIVA,2,,,,1,9MCF6,2025-12-29 13:50:00,2025-12-26 14:44:55,3627,L,9NCVL,DJU122 ,99652,Opt,  ,,,,GSC
2025-12-01 00:00:00,783130906197,24,DW,12,D,04,243,PEREZ DE LA CRUZ JUANA        ,1D,ACTIVO,RCG102 ,2,F623,24NY,1123,1560,53,0,0,951,LECT NEGATIVA,8,UI SERV DIRECTO,,,1,9BBTM,2025-12-18 09:03:00,2025-12-16 09:19:33,2429,M,9NCX4,RCG102 ,1578,Opt,  ,,,,GSC
2025-12-01 00:00:00,775990207081,22,DW,01,G,01,220,JUAN ANGEL MARRUFO LOPEZ      ,1B,ACTIVO,05GM37 ,1,F121,07JL,12804,69,0,0,0,951,LECT NEGATIVA,2,,,,1,9P12J,2025-12-16 14:35:00,2025-12-15 09:37:15,2201,M,GAXWM,05GM37 ,99926,Nor,  ,,FR,S,GSC
2025-12-01 00:00:00,796250802403,08,DW,06,A,01,082,GONZALEZ MORALES HORTENSIA    ,1D,ACTIVO,150RBM ,1,F122,16LN,10282,0,56,0,0,951,LECT NEGATIVA,2,NO HAY MEDIDOR,,,1,9BBEG,2025-12-05 10:17:00,2025-12-04 11:44:23,0802,M,9ND4X,150RBM ,0,Nor,56,NO HAY MEDIDOR,56,S,GSC
2025-12-01 00:00:00,771250501702,34,DW,01,B,01,345,GARCIA SERRANO ISMAEL         ,02,ACTIVO,N530FG ,2,F622,18LM,0,100,51,0,0,951,LECT NEGATIVA,4,NO ENCONTRE DOMI,,,1,9P12J,2025-12-26 12:56:00,2025-12-23 09:21:23,3403,M,GA6XN,N530FG ,99900,Opt,  ,,,,GSC
2025-12-01 00:00:00,795940501116,16,DW,05,A,01,162,ADOLFO MORALES COLMENARES     ,1F,ACTIVO,3DUY52 ,2,F623,25NY,0,6408,0,0,0,951,LECT NEGATIVA,2,,,,1,9ND2K,2025-12-11 13:08:00,2025-12-10 11:31:35,1602,M,9NCUF,3DUY52 ,96208,Opt,  ,,,,GSC
2025-12-01 00:00:00,782150106166,32,DW,12,C,01,321,FLORES MORALES HEOMARY ELIZABE,1D,ACTIVO,243P7U ,1,F122,14LN,9009,292,56,0,0,951,LECT NEGATIVA,8,NO HAY MEDIDOR,,,1,9BBTM,2025-12-24 10:31:00,2025-12-22 07:14:02,3202,M,GAA7N,243P7U ,282,Opt,  ,,,,GSC
2025-12-01 00:00:00,794990400357,14,DW,04,G,35,001,REYES PERERA MARGARITO        ,1F,ACTIVO,HH311A ,1,F123,20NT,7243,222,0,0,0,951,LECT NEGATIVA,2,,,,1,9MCF6,2025-12-11 09:36:00,2025-12-09 09:17:58,1426,L,R9484,HH311A ,99778,Opt,  ,,,,GSC
2025-12-01 00:00:00,804020601576,77,DW,08,A,19,772,POOL Y POOL VICTORIANO        ,09,ACTIVO,59F1B8 ,2,KL28,09KC,13248,30,0,0,0,951,LECT NEGATIVA,2,,,,1,9ND09,2025-12-29 11:08:00,2025-12-26 10:46:25,7702,L,GAEQM,59F1B8 ,99970,Opt,  ,,,,GSC
2025-12-01 00:00:00,776010900857,77,DW,01,H,36,772,CORAL HERNANDEZ RAMIRO A      ,09,ACTIVO,G559VU ,2,F622,17LM,13643,30,0,0,0,951,LECT NEGATIVA,2,,,,1,9P12J,2025-12-30 09:01:00,2025-12-26 08:58:25,7702,L,9JRBT,G559VU ,99970,Opt,  ,,,,GSC
2025-12-01 00:00:00,785060500921,38,DW,03,A,01,381,HEREDIA COCOM LILIA           ,1B,CORTADO,770HRL ,1,F122,15LN,12541,42,0,0,0,951,LECT NEGATIVA,2,,,,1,9ND2R,2025-12-29 17:34:00,2025-12-29 09:51:30,3801,L,9MCH1,770HRL ,99958,Opt,  ,,,,GSC
2025-12-01 00:00:00,780041201024,36,DW,12,A,01,360,DE LA MORA FIGUEROA JIMENA    ,1D,ACTIVO,540JHV ,2,F622,15LM,51436,866,56,0,0,951,LECT NEGATIVA,8,NO HAY MEDIDOR,,,1,9BBTM,2025-12-30 06:58:00,2025-12-26 09:30:05,3601,M,GA4GN,540JHV ,1232,Opt,  ,,,,GSC
2025-12-01 00:00:00,796080400305,10,DW,06,A,27,272,ROSAS HERNANDEZ LEONEL        ,1B,ACTIVO,0F0U66 ,1,F121,01GG,34116,784,0,0,0,951,LECT NEGATIVA,18,,,,1,9BBEG,2025-12-08 10:57:00,2025-12-05 10:07:11,1027,L,G92BA,0F0U66 ,99435,Nor,  ,,FR,S,GSC
2025-12-01 00:00:00,794220900106,14,DW,04,G,27,001,GARCIA GUERRERO YOLANDA       ,02,ACTIVO,CVR623 ,2,F623,22NU,3460,248,0,0,0,951,LECT NEGATIVA,2,,,,1,9MCF6,2025-12-11 09:31:00,2025-12-09 11:16:49,1426,L,R9484,CVR623 ,99752,Opt,  ,,,,GSC
2025-12-01 00:00:00,805050501025,28,DW,08,B,74,282,AGUILAR MORENO MARGELY SARAI  ,1B,ACTIVO,CM063F ,1,F123,19NM,3326,228,0,0,0,951,LECT NEGATIVA,18,,,,1,9ND09,2025-12-22 12:18:00,2025-12-18 09:44:32,2826,L,9JRE1,CM063F ,99989,Opt,  ,,,,GSC
2025-12-01 00:00:00,780240502670,38,DW,12,A,01,381,CARDONA MARTINEZ ONORIO C     ,1D,ACTIVO,FKB173 ,1,F123,22NX,94955,569,59,0,0,951,LECT NEGATIVA,8,DISPLAY APAGADO,,,1,9BBTM,2025-12-30 10:21:00,2025-12-26 09:02:24,3802,M,9P180,FKB173 ,1275,Opt,  ,,,,GSC
2025-12-01 00:00:00,776071102503,06,DW,01,H,36,068,CHUC KOYOC VICENTE SAUL       ,1C,ACTIVO,8AYA20 ,2,F623,25P2,99004,30,56,0,0,951,LECT NEGATIVA,8,NO HAY MEDIDOR,,,1,9P12J,2025-12-05 15:19:00,2025-12-03 08:49:30,0629,L,9P167,8AYA20 ,705,Opt,  ,,,,GSC
2025-12-01 00:00:00,780180802415,22,DW,12,A,05,220,NUNEZ MORALES SERGIO ARTURO   ,1D,ACTIVO,R274FT ,2,F622,18LM,22908,438,53,0,0,951,LECT NEGATIVA,8,UI SERV DIRECTO,,,1,9BBTM,2025-12-17 08:51:00,2025-12-15 12:20:07,2226,M,GAF1M,R274FT ,790,Opt,  ,,,,GSC
2025-12-01 00:00:00,780110701247,16,DW,12,A,01,160,TORRES ALVARADO ANGELA        ,02,ACTIVO,672JV9 ,2,F622,12LJ,25352,420,60,0,0,951,LECT NEGATIVA,8,MEDID NO TRABAJA,,,1,9BBTM,2025-12-12 08:06:00,2025-12-10 10:06:44,1601,M,9MC6M,672JV9 ,715,Opt,  ,,,,GSC
2025-12-01 00:00:00,800170700232,40,DW,07,A,83,001,HUCHIM CANUL JOSE ESTEBAN     ,1B,ACTIVO,HG894U ,1,F123,20NT,1169,135,0,0,0,951,LECT NEGATIVA,2,,,,1,9MCJD,2025-12-30 14:41:00,2025-12-29 00:50:29,4026,L,9MC6T,HG894U ,99960,Opt,  ,,,,GSC
2025-12-01 00:00:00,803801100312,10,DW,07,D,14,001,CATALINO NOH BALAM            ,1B,ACTIVO,X4993N ,1,W111,79C0,8100,42,0,0,0,951,LECT NEGATIVA,16,,,,1,9MCJD,2025-12-08 17:21:00,2025-12-05 10:32:28,1027,M,R9920,X4993N ,9611,Nor,  ,,LN,S,GSC
2025-12-01 00:00:00,812080600261,24,DW,22,A,02,246,ALVARADO OLAN HIPOLITO        ,1B,CORTADO,81LJ16 ,1,F121,07JL,29900,316,0,0,0,951,LECT NEGATIVA,2,,,,1,9MCCM,2025-12-17 08:13:00,2025-12-16 10:45:53,2401,L,GAXPM,81LJ16 ,99974,Nor,  ,,FR,S,GSC
2025-12-01 00:00:00,787910800221,66,DW,03,C,65,661,U DE RIEGO SN ANGEL           ,09,ACTIVO,MV507L ,3,KL28,20KE,11291,20,0,0,0,951,LECT NEGATIVA,2,,,,1,9ND2R,2025-12-10 17:47:00,2025-12-10 10:52:00,6651,R,9MCCY,MV507L ,99543,Opt,  ,,,,GSC
2025-12-01 00:00:00,801020200335,01,DW,07,B,06,013,OY ESTRELLA GUADALUPE         ,1B,ACTIVO,7K6F20 ,2,F121,01GG,19900,109,0,0,0,951,LECT NEGATIVA,2,,,,1,9MCJD,2025-12-30 16:37:00,,,,,,,,,,,,GSC
2025-12-01 00:00:00,811040301761,28,DW,22,B,01,281,FULVIO CUCURULLO PUGLIESE     ,1D,ACTIVO,0V07G7 ,2,F421,04GH,45300,1494,0,0,0,951,LECT NEGATIVA,2,,,,1,9MCCM,2025-12-19 10:04:00,2025-12-18 11:46:13,2801,L,9MC92,0V07G7 ,99525,Nor,41,CRISTAL ROTO,41,S,GSC
2025-12-01 00:00:00,783160711111,36,DW,12,D,01,362,EK CAN OREL RIGOBERTO         ,1D,ACTIVO,015JHD ,2,F622,15LM,13940,387,65,0,0,951,LECT NEGATIVA,8,UI MED INVERTIDO,,,1,9BBTM,2025-12-30 07:39:00,2025-12-26 10:58:44,3603,L,9P14M,015JHD ,188,Opt,  ,,,,GSC
2025-12-01 00:00:00,771150603885,06,DW,01,D,01,061,PAZ TORRIJAS VERONICA         ,1D,ACTIVO,376G6V ,2,F622,13LM,6329,0,0,0,0,951,LECT NEGATIVA,18,,,,1,9P12J,2025-12-04 15:01:00,2025-12-03 13:35:09,0602,L,GAKVM,376G6V ,99700,Nor,  ,,LM,S,GSC
2025-12-01 00:00:00,803100800573,10,DW,07,D,17,001,CUXIN PADILLA RAMON           ,1C,ACTIVO,98K0X1 ,1,F12H,09KU,6900,270,0,0,0,951,LECT NEGATIVA,18,,,,1,9MCJD,2025-12-08 17:23:00,2025-12-05 08:58:59,1026,M,GA2CN,98K0X1 ,99960,Opt,  ,,,,GSC
2025-12-01 00:00:00,782070305141,36,DW,12,C,01,363,CHI DOMINGUEZ PEDRO ISMAEL    ,1D,ACTIVO,935PHW ,2,F622,16LM,16759,401,53,0,0,951,LECT NEGATIVA,8,UI SERV DIRECTO,,,1,9BBTM,2025-12-30 15:52:00,2025-12-26 08:41:36,3604,L,9P120,935PHW ,945,Opt,  ,,,,GSC
2025-12-01 00:00:00,775970300815,18,DW,01,G,01,180,MARIA LUISA CHI               ,1B,ACTIVO,M24K44 ,1,F121,93F5,42316,80,0,0,0,951,LECT NEGATIVA,2,,,,1,9P12J,2025-12-15 15:09:00,2025-12-11 11:21:16,1802,M,GAXWM,M24K44 ,99927,Nor,  ,,FR,S,GSC
2025-12-01 00:00:00,772221101238,36,DW,01,C,01,363,GOMEZ SANCHEZ SHUBERT LEONEL  ,1D,ACTIVO,DBX084 ,2,F623,22NU,1676,856,0,0,0,951,LECT NEGATIVA,18,,,,1,9P12J,2025-12-29 14:26:00,2025-12-26 10:31:23,3602,L,9JRG2,DBX084 ,99014,Opt,  ,,,,GSC
2025-12-01 00:00:00,776040900029,30,DW,01,H,36,308,JOSE IDELFONSO PENA BORGES    ,1C,ACTIVO,8X95V5 ,1,F121,04GG,41209,791,60,0,0,951,LECT NEGATIVA,8,MEDID NO TRABAJA,,,1,9P12J,2025-12-23 14:28:00,2025-12-19 12:46:05,3028,L,9JRBT,8X95V5 ,245,Nor,  ,,,,GSC
2025-12-01 00:00:00,776981200223,08,DW,01,H,38,085,NAOMY DEL S PEREZ DE G        ,1B,ACTIVO,CVJ702 ,2,F623,22NU,1927,875,53,0,0,951,LECT NEGATIVA,8,UI SERV DIRECTO,,,1,9P12J,2025-12-08 09:43:00,2025-12-05 10:15:17,0851,R,9JR2C,CVJ702 ,392,Opt,  ,,,,GSC
2025-12-01 00:00:00,780931101051,30,DW,12,B,01,306,MA EUGENIA MASS ARGAEZ        ,1D,ACTIVO,LGD959 ,1,F123,23NX,99589,378,56,0,0,951,LECT NEGATIVA,8,NO HAY MEDIDOR,,,1,9BBTM,2025-12-23 15:22:00,2025-12-19 14:36:02,3003,L,9P17V,LGD959 ,1292,Opt,  ,,,,GSC
2025-12-01 00:00:00,810070309191,40,DW,22,A,01,401,CEBALLOS ALCOCER MIREYA       ,1B,ACTIVO,300MCU ,1,F12J,15MR,3137,40,0,0,0,951,LECT NEGATIVA,2,,,,1,9MCCM,2025-12-30 08:02:00,2025-12-29 08:30:27,4051,R,9NCT0,300MCU ,99960,Nor,  ,,FR,S,GSC
2025-12-01 00:00:00,777040900564,32,DW,01,J,46,325,QUINTAL ARJONA SANTIAGO       ,1C,ACTIVO,7X92V4 ,1,F121,04GG,76,199,0,0,0,951,LECT NEGATIVA,2,,,,1,9P12J,2025-12-23 12:50:00,2025-12-22 09:43:31,3231,L,9NCYF,7X92V4 ,99800,Nor,  ,,FR,S,GSC
2025-12-01 00:00:00,786001258277,34,DW,03,B,23,342,CAHUICH PECH NERI IVAN        ,1C,ACTIVO,5LR432 ,1,F121,99GG,13730,200,0,0,0,951,LECT NEGATIVA,18,,,,1,9ND2R,2025-12-26 12:23:00,2025-12-23 11:59:25,3426,L,9ND4A,5LR432 ,99944,Nor,  ,,FR,S,GSC
2025-12-01 00:00:00,779960700462,14,DW,01,M,17,144,JULISSA TORRES T              ,1D,ACTIVO,E017W2 ,1,F121,95F5,50785,1497,0,0,0,951,LECT NEGATIVA,2,,,,1,9P12J,2025-12-11 09:06:00,2025-12-09 11:42:42,1426,L,9NCYK,E017W2 ,99311,Nor,  ,,FR,S,GSC
2025-12-01 00:00:00,799880800211,32,DW,06,D,33,330,GARCIA GARCIA SERAFIN         ,1B,ACTIVO,K7V176 ,1,F121,88F5,33052,134,0,0,0,951,LECT NEGATIVA,2,,,,1,9BBEG,2025-12-23 15:09:00,2025-12-22 11:46:16,3227,L,G92BA,K7V176 ,99918,Nor,  ,,FR,S,GSC
2025-12-01 00:00:00,772100500941,32,DW,01,C,01,325,OROZCO DE LA ROSA JULIAN DAVID,1D,ACTIVO,FJX630 ,1,F123,22NX,5594,1468,53,0,0,951,LECT NEGATIVA,8,UI SERV DIRECTO,,,1,9P12J,2025-12-23 15:47:00,2025-12-22 13:24:27,3206,L,G92B3,FJX630 ,1582,Opt,  ,,,,GSC
2025-12-01 00:00:00,782050603723,40,DW,12,A,01,401,MIGUEL VELEZ ARCEO            ,1D,ACTIVO,0C020A ,2,F621,04F3,54807,2349,0,0,0,951,LECT NEGATIVA,2,,,,1,9BBTM,2025-12-01 07:39:00,2025-12-29 07:49:38,4002,M,GAFHM,0C020A ,99950,Nor,  ,,FR,S,GSC
2025-12-01 00:00:00,782240504276,12,DW,12,C,01,123,SANCHEZ SANCHEZ SAMANTHA      ,1D,ACTIVO,8AUW82 ,2,F623,25P2,99259,740,53,0,0,951,LECT NEGATIVA,8,UI SERV DIRECTO,,,1,9BBTM,2025-12-10 08:56:00,2025-12-08 10:12:49,1204,M,9P120,8AUW82 ,1142,Opt,  ,,,,GSC
2025-12-01 00:00:00,802790400029,34,DW,07,C,18,343,EXPO GANADERA MUNICIPAL       ,02,ACTIVO,PT543Y ,3,KL28,21KE,2527,79,0,0,0,951,LECT NEGATIVA,2,,,,1,9MCJD,2025-12-29 14:09:00,2025-12-23 10:25:46,3403,L,R9871,PT543Y ,99928,Opt,  ,,,,GSC
2025-12-01 00:00:00,776980800871,08,DW,01,H,38,084,HERNANDEZ SANTANA EVANGELINA  ,1B,ACTIVO,3DVB84 ,2,F623,25NY,98153,950,53,0,0,951,LECT NEGATIVA,8,UI SERV DIRECTO,,,1,9P12J,2025-12-08 09:44:00,2025-12-04 11:01:53,0827,L,9JRBT,3DVB84 ,727,Opt,  ,,,,GSC
2025-12-01 00:00:00,779240205260,22,DW,01,M,15,221,LIZAMA GOROCICA KERMIN JESUS  ,1D,ACTIVO,HYX500 ,2,F623,23NU,14299,328,53,0,0,951,LECT NEGATIVA,8,UI SERV DIRECTO,,,1,9P12J,2025-12-16 16:32:00,2025-12-15 13:36:09,2227,L,G92B2,HYX500 ,6165,Opt,  ,,,,GSC
2025-12-01 00:00:00,779890200068,04,DW,01,M,01,042,HILARIO EUAN NOH              ,1B,ACTIVO,DRX543 ,2,F623,22NU,4243,454,53,0,0,951,LECT NEGATIVA,8,UI SERV DIRECTO,,,1,9P12J,2025-12-03 12:10:00,2025-12-02 12:47:23,0402,L,R9703,DRX543 ,291,Opt,  ,,,,GSC
2025-12-01 00:00:00,780051207578,20,DW,12,A,05,201,PLATA CRUZ MARGARITA          ,1D,ACTIVO,389MEA ,2,F62J,15MT,53162,1626,59,0,0,951,LECT NEGATIVA,8,DISPLAY APAGADO,,,1,9BBTM,2025-12-16 11:31:00,2025-12-12 06:15:56,2076,T,9MCHY,389MEA ,942,Tele,  ,,,,GSC
2025-12-01 00:00:00,807920400150,24,DW,08,D,55,241,MARIA CANDELARIA AKE          ,1C,ACTIVO,B11L27 ,1,F121,91F5,23740,19,0,0,0,951,LECT NEGATIVA,2,,,,1,9ND09,2025-12-18 10:14:00,2025-12-16 12:02:38,2427,L,R9857,B11L27 ,99980,Nor,  ,,FR,S,GSC
2025-12-01 00:00:00,779050500818,40,DW,01,M,13,409,CALVILLO RUIZ PATRICIA        ,1D,ACTIVO,3BCE37 ,2,F623,25P2,99280,121,56,0,0,951,LECT NEGATIVA,8,NO HAY MEDIDOR,,,1,9P12J,2025-12-30 16:19:00,2025-12-29 14:24:56,4004,L,GAAEN,3BCE37 ,265,Opt,  ,,,,GSC
2025-12-01 00:00:00,802030200836,06,DW,07,C,53,061,CAMINO DECORES SALVADOR       ,1B,ACTIVO,2W6E71 ,1,F121,02GG,6578,101,0,0,0,951,LECT NEGATIVA,2,,,,1,9MCJD,2025-12-05 16:38:00,2025-12-03 03:47:38,0626,M,9MCCP,2W6E71 ,99984,Nor,  ,,FR,S,GSC
2025-12-01 00:00:00,799250900978,18,DW,06,D,01,181,BACALANDS S DE RL DE CV       ,1B,ACTIVO,0BCU84 ,2,F623,25P2,50,150,0,0,0,951,LECT NEGATIVA,2,,,,1,9BBEG,2025-12-15 12:48:00,2025-12-11 09:26:42,1801,M,GAT5M,0BCU84 ,99942,Opt,  ,,,,GSC
2025-12-01 00:00:00,810110910012,40,DW,22,A,01,404,ZARCO PEREZ PABLO ALFONSO     ,1B,ACTIVO,140MFG ,2,F62J,15MT,66940,1577,0,0,0,951,LECT NEGATIVA,2,,,,1,9MCCM,2025-12-30 10:20:00,2025-12-29 06:06:33,4079,T,9P12E,140MFG ,99039,Tele,  ,,,,GSC
2025-12-01 00:00:00,810950600618,40,DW,22,A,01,404,CERVANTES GALINDO ALEJANDRA   ,1B,ACTIVO,MV390M ,3,KL28,20KE,27200,2300,0,0,0,951,LECT NEGATIVA,2,,,,1,9MCCM,2025-12-30 09:10:00,2025-12-29 15:25:37,4054,R,9JR5N,MV390M ,98227,Opt,  ,,,,GSC
2025-12-01 00:00:00,780071204095,24,DW,12,A,05,242,JUAN LANDERO GONZALEZ         ,1D,ACTIVO,94PK28 ,2,F621,07F3,46457,1592,0,0,0,951,LECT NEGATIVA,2,,,,1,9BBTM,2025-12-18 09:37:00,2025-12-16 08:03:31,2427,M,GABCM,94PK28 ,99548,Nor,  ,,FR,S,GSC
2025-12-01 00:00:00,783171205942,40,DW,12,D,01,403,LOPEZ LOPEZ VIRGILIO          ,1D,ACTIVO,J627RA ,2,F622,17LM,26434,1207,59,0,0,951,LECT NEGATIVA,8,DISPLAY APAGADO,,,1,9BBTM,2025-12-01 08:52:00,2025-12-29 08:31:46,4001,M,GATJM,J627RA ,981,Opt,  ,,,,GSC
2025-12-01 00:00:00,791161000661,06,DW,04,D,55,061,CERVERA CHE HEYDI DOLORES     ,1F,ACTIVO,636CYK ,1,F122,15LN,1784,67,0,0,0,951,LECT NEGATIVA,2,,,,1,9MCF6,2025-12-04 14:28:00,2025-12-03 12:26:58,0626,L,GA8WN,636CYK ,99939,Opt,  ,,,,GSC
2025-12-01 00:00:00,783170203857,36,DW,12,D,01,360,ANGEL AVILA MARIONN           ,1D,ACTIVO,EM978J ,2,F623,19NU,21609,808,53,0,0,951,LECT NEGATIVA,8,UI SERV DIRECTO,,,1,9BBTM,2025-12-30 07:37:00,2025-12-26 15:28:58,3601,L,9NCX3,EM978J ,0,Opt,31,SERVICIO SIN USO,,,GSC
2025-12-01 00:00:00,786970400242,16,DW,03,B,20,162,WILSON MAY PERAZA             ,1C,ACTIVO,T407GX ,1,F122,18LN,2622,449,0,0,0,951,LECT NEGATIVA,2,,,,1,9ND2R,2025-12-11 14:37:00,2025-12-10 10:19:14,1626,L,9ND4A,T407GX ,99674,Opt,  ,,,,GSC
2025-12-01 00:00:00,802790500058,32,DW,07,C,11,322,FELIPE DE J TAMAY CAAMAL      ,1B,ACTIVO,4L225D ,1,F121,05JL,23097,103,0,0,0,951,LECT NEGATIVA,2,,,,1,9MCJD,2025-12-23 08:31:00,2025-12-22 08:42:46,3227,L,GAPFM,4L225D ,99900,Nor,  ,,FR,S,GSC
2025-12-01 00:00:00,804151201387,26,DW,08,A,01,005,VARGAZ   RICARDO              ,1B,CORTADO,343EFW ,1,F122,15LN,15937,432,53,0,0,951,LECT NEGATIVA,8,UI SERV DIRECTO,,,1,9ND09,2025-12-18 15:06:00,2025-12-17 06:52:50,2602,M,GAVPM,343EFW ,0,Opt,31,SERVICIO SIN USO,,,GSC
2025-12-01 00:00:00,783080604925,16,DW,12,D,01,162,HU XOOL ZENAIDA               ,1D,ACTIVO,50D3D0 ,2,F421,08KF,46333,957,0,0,0,951,LECT NEGATIVA,2,,,,1,9BBTM,2025-12-12 08:13:00,2025-12-10 15:21:21,1603,M,9P14M,50D3D0 ,99726,Nor,  ,,FR,S,GSC
2025-12-01 00:00:00,787751001541,38,DW,03,C,78,001,BERNARDINO MAY B              ,1C,ACTIVO,L6016C ,1,W111,76C0,55020,500,0,0,0,951,LECT NEGATIVA,2,,,,1,9ND2R,2025-12-29 12:05:00,2025-12-26 16:04:56,3827,L,GA6WN,L6016C ,98037,Nor,  ,,FR,S,GSC
2025-12-01 00:00:00,802041000138,14,DW,07,C,42,142,OSWALDO CORREA MOGUEL         ,1A,SUJETO A CORTE,U462XT ,2,F623,18NN,17777,796,0,0,0,951,LECT NEGATIVA,2,,,,1,9MCJD,2025-12-11 11:43:00,2025-12-09 19:52:11,1426,M,9ND12,U462XT ,99588,Opt,  ,,,,GSC
2025-12-01 00:00:00,802080700953,32,DW,07,C,11,322,TRUJILLO LIZAMA RODOLFO ARTURO,1B,ACTIVO,793TGT ,2,F622,16LM,29902,360,0,0,0,951,LECT NEGATIVA,2,,,,1,9MCJD,2025-12-23 08:30:00,2025-12-22 07:31:56,3227,L,GAPFM,793TGT ,99928,Opt,  ,,,,GSC
2025-12-01 00:00:00,804980300252,34,DW,08,A,09,342,DE ARGAEZ CEPEDA EDA          ,1B,ACTIVO,5V9M20 ,1,F121,02GG,6373,129,0,0,0,951,LECT NEGATIVA,2,,,,1,9ND09,2025-12-26 12:58:00,2025-12-23 11:31:53,3426,L,GAEQM,5V9M20 ,99900,Nor,  ,,FR,S,GSC
2025-12-01 00:00:00,811100300433,10,DW,22,B,01,101,PEREA ZHUCAR RAUL             ,1D,ACTIVO,9B000Y ,2,F621,04F3,67430,915,0,0,0,951,LECT NEGATIVA,18,,,,1,9MCCM,2025-12-08 09:52:00,2025-12-05 07:11:12,1001,M,9NCT6,9B000Y ,99744,Nor,  ,,FR,S,GSC
2025-12-01 00:00:00,812061200040,36,DW,22,C,01,362,MEDINA DUARTE JUANA LETICIA   ,1B,ACTIVO,9W300V ,1,F121,06JL,1880,130,0,0,0,951,LECT NEGATIVA,16,,,,1,9MCCM,2025-12-29 08:26:00,2025-12-26 11:20:52,3601,L,GAPHM,9W300V ,99923,Nor,  ,,FR,S,GSC
2025-12-01 00:00:00,794190904705,18,DW,04,G,50,001,CALDERON CARDENO JORGE ARTURO ,1F,ACTIVO,MF015K ,2,F623,20NU,8127,445,0,0,0,951,LECT NEGATIVA,2,,,,1,9MCF6,2025-12-15 10:56:00,2025-12-11 13:03:37,1826,L,R9484,MF015K ,99747,Opt,  ,,,,GSC
2025-12-01 00:00:00,799250900889,18,DW,06,D,01,181,BACALANDS S DE RL DE CV       ,1B,ACTIVO,1BCU07 ,2,F623,25P2,0,250,0,0,0,951,LECT NEGATIVA,2,,,,1,9BBEG,2025-12-15 12:41:00,2025-12-11 09:23:58,1801,M,GAT5M,1BCU07 ,99875,Opt,  ,,,,GSC
2025-12-01 00:00:00,810191105968,18,DW,22,A,02,183,MISS TEH FELIPE               ,1B,ACTIVO,Y249LU ,2,F623,19NU,16194,72,0,0,0,951,LECT NEGATIVA,2,,,,1,9MCCM,2025-12-12 09:14:00,2025-12-11 10:22:21,1803,M,9MCKW,Y249LU ,90072,Nor,  ,,FR,S,GSC
2025-12-01 00:00:00,778990200077,10,DW,01,K,42,104,AMALIA CUITUN PARDIO          ,1C,ACTIVO,GV8373 ,1,F121,82EG,9252,172,0,0,0,951,LECT NEGATIVA,2,,,,1,9P12J,2025-12-08 12:05:00,2025-12-05 09:23:40,1001,M,R9701,GV8373 ,9959,Nor,  ,,LN,S,GSC
2025-12-01 00:00:00,772781001310,24,DW,01,C,01,243,IMELDA PEREZ C                ,1D,ACTIVO,G1344J ,1,W111,75C0,4287,115,0,0,0,951,LECT NEGATIVA,2,,,,1,9P12J,2025-12-18 13:07:00,2025-12-16 10:09:31,2404,L,9P14V,G1344J ,9917,Nor,  ,,LN,S,GSC
2025-12-01 00:00:00,773040301088,16,DW,01,D,01,167,ROSALES ROSALES FERMIN ALBERTO,1D,ACTIVO,2N59Y0 ,1,F121,04GG,5085,100,0,0,0,951,LECT NEGATIVA,2,,,,1,9P12J,2025-12-12 11:41:00,2025-12-10 08:42:33,1605,L,9EMED,2N59Y0 ,99900,Nor,  ,,FR,S,GSC
2025-12-01 00:00:00,772781101047,24,DW,01,C,01,242,FIDELIA CAAMAL                ,1D,CORTADO,F524CK ,1,F122,17LN,2436,46,0,0,0,951,LECT NEGATIVA,2,,,,1,9P12J,2025-12-18 13:08:00,2025-12-17 10:33:17,2451,R,9MCGC,F524CK ,99954,Opt,  ,,,,GSC
2025-12-01 00:00:00,807090500229,73,DW,08,D,58,732,H AYUNTAMIENTO DE SOTUTA      ,67,ACTIVO,PJ529F ,3,KL28,20KE,8031,212,0,0,0,951,LECT NEGATIVA,2,,,,1,9ND09,2025-12-22 11:04:00,2025-12-18 13:42:08,7301,L,9MCC7,PJ529F ,975,Opt,  ,,,,GSC
2025-12-01 00:00:00,783170301972,10,DW,12,D,02,104,MEX CUPUL FELIPE              ,1B,ACTIVO,PBL333 ,1,F12X,24NX,98543,129,53,0,0,951,LECT NEGATIVA,8,UI SERV DIRECTO,,,1,9BBTM,2025-12-09 14:42:00,2025-12-05 14:38:39,1028,M,GA4HN,PBL333 ,0,Nor,31,SERVICIO SIN USO,LM,S,GSC
2025-12-01 00:00:00,790180700324,26,DW,04,C,55,261,CONTRERAS TUN EBER LEMUEL     ,1F,ACTIVO,L556TV ,1,F122,18LN,4521,31,0,0,0,951,LECT NEGATIVA,2,,,,1,9MCF6,2025-12-19 12:50:00,2025-12-17 12:29:50,2628,M,GAGCM,L556TV ,99973,Opt,  ,,,,GSC
2025-12-01 00:00:00,810060100421,38,DW,22,A,01,383,ALEGRE SALAZAR GASTON         ,1B,ACTIVO,5D895E ,2,F621,05F3,47534,60,0,0,0,951,LECT NEGATIVA,2,,,,1,9MCCM,2025-12-29 07:29:00,2025-12-26 13:39:40,3851,R,GAXPM,5D895E ,99940,Nor,  ,,FR,S,GSC
2025-12-01 00:00:00,801130400224,34,DW,07,B,27,275,CHI EMERECIANA                ,1B,ACTIVO,974TY4 ,1,F122,12LH,310,12,0,0,0,951,LECT NEGATIVA,2,,,,1,9MCJD,2025-12-26 14:29:00,2025-12-23 09:52:06,3427,L,9MCFY,974TY4 ,99988,Opt,  ,,,,GSC
2025-12-01 00:00:00,796200302264,38,DW,06,A,32,321,CASTRO ROBLES ELIAS           ,1C,ACTIVO,T420NF ,1,F122,18LN,2862,802,0,0,0,951,LECT NEGATIVA,18,,,,1,9BBEG,2025-12-30 10:22:00,2025-12-26 10:00:26,3826,L,R9718,T420NF ,99202,Nor,  ,,FR,S,GSC
2025-12-01 00:00:00,810080205891,18,DW,22,A,02,183,ALFONSO PACHECO EDWIN         ,1B,ACTIVO,41GD85 ,1,F121,07JL,5292,102,0,0,0,951,LECT NEGATIVA,2,,,,1,9MCCM,2025-12-12 09:15:00,2025-12-11 10:59:59,1803,M,9MCKW,41GD85 ,99902,Nor,  ,,FR,S,GSC
2025-12-01 00:00:00,790190300898,32,DW,04,C,88,321,RUIZ MARIN VERONICA YASMIN    ,1F,ACTIVO,22X75K ,1,F12H,11KU,4829,51,0,0,0,951,LECT NEGATIVA,2,,,,1,9MCF6,2025-12-23 15:05:00,2025-12-22 09:11:43,3226,L,9BBKD,22X75K ,99949,Opt,  ,,,,GSC
2025-12-01 00:00:00,810160413524,70,DW,22,A,01,702,MUNICIPIO DE PLAYA DEL CARMEN ,5A,ACTIVO,GDR765 ,3,KL28,J22N,5100,6430,0,0,0,951,LECT NEGATIVA,2,,,,1,9MCCM,2025-12-16 06:51:00,2025-12-15 08:43:04,7002,L,9NCT1,GDR765 ,98687,Nor,  ,,FR,S,GSC
2025-12-01 00:00:00,787770900069,38,DW,03,C,85,381,GAUDENCIO MENA PAT            ,1C,ACTIVO,5DC282 ,1,F121,98GG,34872,376,0,0,0,951,LECT NEGATIVA,2,,,,1,9ND2R,2025-12-29 12:06:00,2025-12-26 09:48:43,3826,L,9MCCY,5DC282 ,99886,Nor,  ,,FR,S,GSC
2025-12-01 00:00:00,802000255733,28,DW,07,C,01,281,DELEGACION MUNICIPAL          ,02,ACTIVO,607VC3 ,2,F622,12LJ,8718,20,0,0,0,951,LECT NEGATIVA,2,,,,1,9MCJD,2025-12-21 18:11:00,2025-12-18 10:25:48,2827,M,GAPFM,607VC3 ,99980,Opt,  ,,,,GSC
2025-12-01 00:00:00,773080608780,24,DW,01,D,04,241,PENA CABRAL ROBERTO CHISTIAN  ,1C,ACTIVO,PBF235 ,1,F123,24NX,97208,902,60,0,0,951,LECT NEGATIVA,8,MEDID NO TRABAJA,,,1,9P12J,2025-12-18 11:47:00,2025-12-16 09:52:36,2426,L,9NCYP,PBF235 ,1222,Opt,  ,,,,GSC
2025-12-01 00:00:00,789170400154,72,DW,04,A,01,722,VELAZQUEZ ARJONA TERESITA DEL ,1F,ACTIVO,A574KP ,2,F622,16LM,41792,1056,0,0,0,951,LECT NEGATIVA,2,,,,1,9MCF6,2025-12-18 15:45:00,2025-12-17 08:34:56,7201,L,9EME2,A574KP ,99756,Opt,  ,,,,GSC
2025-12-01 00:00:00,790240200164,18,DW,04,C,51,002,MOLINA PECH DIANA GUADALUPE   ,1F,ACTIVO,LGD166 ,1,F123,23NX,3030,533,0,0,0,951,LECT NEGATIVA,2,,,,1,9MCF6,2025-12-15 14:27:00,2025-12-11 10:55:29,1827,L,R9658,LGD166 ,99911,Opt,  ,,,,GSC
2025-12-01 00:00:00,780030101656,32,DW,12,B,01,320,LOPEZ CEH FELIPE              ,1D,ACTIVO,X744UE ,2,F622,19LM,23953,1116,65,0,0,951,LECT NEGATIVA,8,UI MED INVERTIDO,,,1,9BBTM,2025-12-23 16:38:00,2025-12-22 07:47:10,3201,L,GATKM,X744UE ,1673,Opt,  ,,,,GSC
2025-12-01 00:00:00,804240100969,14,DW,08,A,01,142,CERVANTES SOLIS CARLOS ENRIQUE,1B,ACTIVO,KKR542 ,2,F623,23NU,336,111,0,0,0,951,LECT NEGATIVA,2,,,,1,9ND09,2025-12-11 14:14:00,2025-12-09 11:24:07,1401,L,9JR2G,KKR542 ,99894,Opt,  ,,,,GSC
2025-12-01 00:00:00,792780400041,26,DW,04,E,82,001,MARCELO TAMAY HUCHIM          ,02,ACTIVO,PHU547 ,1,F123,24NX,256,113,0,0,0,951,LECT NEGATIVA,2,,,,1,9MCF6,2025-12-19 13:43:00,2025-12-17 12:13:22,2627,L,GA8MN,PHU547 ,99945,Opt,  ,,,,GSC
2025-12-01 00:00:00,779241202591,26,DW,01,M,15,262,MEDINA MARTINEZ GABRIEL       ,1D,ACTIVO,WUC013 ,2,F623,24P2,14489,4919,0,0,0,951,LECT NEGATIVA,16,,,,1,9P12J,2025-12-19 08:36:00,2025-12-17 13:26:27,2627,L,9P14E,WUC013 ,8597,Opt,  ,,,,GSC
2025-12-01 00:00:00,770980803589,34,DW,01,A,01,343,GABRIELA BASULTO DE S         ,1D,ACTIVO,8BX541 ,1,F121,98F5,37633,158,0,0,0,951,LECT NEGATIVA,2,,,,1,9P12J,2025-12-26 13:01:00,2025-12-23 10:57:06,3402,M,GAKKM,8BX541 ,99951,Nor,  ,,FR,S,GSC
2025-12-01 00:00:00,796241101508,10,DW,06,A,27,272,BAILON PALACIOS ANTONIA       ,1B,ACTIVO,PAW901 ,1,F123,24NX,225,277,0,0,0,951,LECT NEGATIVA,2,,,,1,9BBEG,2025-12-08 11:00:00,2025-12-05 11:32:01,1029,L,R9907,PAW901 ,99665,Opt,34,FUERA DE RUTA,,,GSC
2025-12-01 00:00:00,783210701367,12,DW,12,D,01,120,FERNANDEZ MEDINA LUIS MANUEL  ,1D,ACTIVO,MF389R ,2,F623,20NU,2853,228,53,0,0,951,LECT NEGATIVA,8,UI SERV DIRECTO,,,1,9BBTM,2025-12-10 12:31:00,2025-12-08 08:51:26,1201,M,GAE2M,MF389R ,264,Opt,  ,,,,GSC
2025-12-01 00:00:00,796101003409,38,DW,06,A,34,341,NAVARRETE TORAL JAVIER        ,1C,ACTIVO,81W4B6 ,1,F12H,09KU,7822,195,50,0,0,951,LECT NEGATIVA,8,CASA CERRADA,,,1,9BBEG,2025-12-30 10:29:00,2025-12-26 14:32:48,3826,L,R9718,81W4B6 ,99964,Nor,  ,,FR,S,GSC
2025-12-01 00:00:00,802200100467,14,DW,07,C,42,142,SALAZAR ANGULO GUILLERMO      ,1A,ACTIVO,X542CE ,1,F123,19NM,499,20,0,0,0,951,LECT NEGATIVA,2,,,,1,9MCJD,2025-12-11 11:06:00,2025-12-09 19:47:51,1426,M,9ND12,X542CE ,99980,Opt,  ,,,,GSC
2025-12-01 00:00:00,781240601011,10,DW,12,B,01,101,ARJONA BRICENO RUBI VERONICA  ,1D,ACTIVO,RDJ307 ,2,F623,24NY,4898,1936,0,0,0,951,LECT NEGATIVA,2,,,,1,9BBTM,2025-12-09 12:32:00,2025-12-05 12:25:49,1002,M,9NCWM,RDJ307 ,99734,Opt,  ,,,,GSC
2025-12-01 00:00:00,802850101379,14,DW,07,C,42,141,AVILA GUADALUPE               ,1A,ACTIVO,84E4U8 ,1,F12F,08K6,28450,684,0,0,0,951,LECT NEGATIVA,2,,,,1,9MCJD,2025-12-11 11:53:00,2025-12-09 09:33:19,1427,M,R9871,84E4U8 ,99691,Nor,  ,,FR,S,GSC
2025-12-01 00:00:00,796991102298,16,DW,06,A,01,164,BUENFIL PIX JULIA MARIA       ,1D,ACTIVO,3FY120 ,1,F121,98GG,22865,91,0,0,0,951,LECT NEGATIVA,2,,,,1,9BBEG,2025-12-12 07:11:00,2025-12-10 10:50:24,1601,M,GAX9M,3FY120 ,99900,Nor,  ,,FR,S,GSC
2025-12-01 00:00:00,779030101283,34,DW,01,M,05,342,ROCIO DE LOS ANGELES PUC TUN  ,1B,ACTIVO,4W0E67 ,1,F121,02GG,24421,356,0,0,0,951,LECT NEGATIVA,2,,,,1,9P12J,2025-12-29 09:46:00,2025-12-23 09:39:24,3429,L,R9982,4W0E67 ,99885,Nor,  ,,FR,S,GSC
2025-12-01 00:00:00,782140104335,24,DW,12,C,01,244,PEREZ GARCIA JEREMIAS         ,1D,ACTIVO,435MP2 ,2,F622,12LJ,13413,329,60,0,0,951,LECT NEGATIVA,8,MEDID NO TRABAJA,,,1,9BBTM,2025-12-18 14:28:00,2025-12-16 08:39:43,2403,M,GAKFM,435MP2 ,51,Opt,  ,,,,GSC
2025-12-01 00:00:00,782161107229,10,DW,12,C,01,011,MARTINEZ TREJO MANUEL ISIDRO  ,1D,CORTADO,JGY208 ,2,F623,23NU,2159,1456,53,0,0,951,LECT NEGATIVA,8,UI SERV DIRECTO,,,1,9BBTM,2025-12-09 14:20:00,2025-12-05 14:44:24,1002,M,GAALN,JGY208 ,1405,Opt,  ,,,,GSC
2025-12-01 00:00:00,808750700281,22,DW,08,E,69,222,IMSS 689 CACALCHEN            ,02,ACTIVO,MX512A ,3,KL28,20KE,43129,3109,51,0,0,951,LECT NEGATIVA,8,NO ENCONTRE DOMI,,,1,9ND09,2025-12-17 14:10:00,2025-12-15 10:38:13,2227,M,GAFUM,MX512A ,4834,Opt,  ,,,,GSC
2025-12-01 00:00:00,772110202507,14,DW,01,E,02,144,SANCHEZ IZQUIERDO LUZ DEL ALBA,1D,ACTIVO,10PD09 ,2,F621,07F3,21931,207,60,0,0,951,LECT NEGATIVA,8,MEDID NO TRABAJA,,,1,9P12J,2025-12-10 13:47:00,2025-12-09 11:32:43,1404,L,9ND9A,10PD09 ,0,Nor,31,SERVICIO SIN USO,,,GSC
2025-12-01 00:00:00,782030801961,26,DW,12,C,01,262,INMOBILIARIA EL MAUREL SA CV  ,1D,ACTIVO,890DHB ,1,F122,15LN,19733,106,53,0,0,951,LECT NEGATIVA,8,UI SERV DIRECTO,,,1,9BBTM,2025-12-19 07:35:00,2025-12-17 11:17:05,2603,L,GAA7N,890DHB ,118,Opt,  ,,,,GSC
2025-12-01 00:00:00,796080207289,69,DW,06,A,02,692,ATT COMUNICA DIGITALES S RLCV ,67,ACTIVO,PJ984G ,3,KL28,20KE,38155,3003,0,0,0,951,LECT NEGATIVA,2,,,,1,9BBEG,2025-12-16 12:35:00,2025-12-12 11:19:25,6902,L,R9964,PJ984G ,99966,Opt,  ,,,,GSC
2025-12-01 00:00:00,774950500633,04,DW,01,E,02,042,ROBERTO LEYVA                 ,1D,ACTIVO,V59H49 ,1,F121,94F5,8585,100,0,0,0,951,LECT NEGATIVA,2,,,,1,9P12J,2025-12-03 11:05:00,2025-12-02 09:35:15,0405,L,9ND9A,V59H49 ,99900,Nor,  ,,FR,S,GSC
2025-12-01 00:00:00,780980202386,32,DW,12,A,01,320,JESUS VELAZQUEZ VENTURA       ,1D,ACTIVO,E878M1 ,1,F121,95F5,21662,303,0,0,0,951,LECT NEGATIVA,2,,,,1,9BBTM,2025-12-23 16:35:00,2025-12-22 12:31:48,3201,M,9P180,E878M1 ,99704,Nor,  ,,FR,S,GSC
2025-12-01 00:00:00,781970303750,12,DW,12,B,01,120,JOSE GRACILIANO GONZALEZ      ,1D,ACTIVO,B16L37 ,1,F121,91F5,21355,114,0,0,0,951,LECT NEGATIVA,2,,,,1,9BBTM,2025-12-10 11:03:00,2025-12-08 14:26:47,1201,M,GATKM,B16L37 ,0,Nor,50,CASA CERRADA,50,S,GSC
2025-12-01 00:00:00,796220400840,26,DW,06,A,37,264,CORAL AGUILAR MARCO ANTONIO   ,1C,ACTIVO,XE392V ,1,F123,21NT,152,34,0,0,0,951,LECT NEGATIVA,2,,,,1,9BBEG,2025-12-19 12:42:00,2025-12-17 11:14:21,2627,L,9MCK8,XE392V ,99974,Opt,  ,,,,GSC
2025-12-01 00:00:00,801900100712,34,DW,07,B,27,277,MOO TUZ ESTEBAN               ,1B,ACTIVO,K2B867 ,1,F121,88F5,7830,20,0,0,0,951,LECT NEGATIVA,2,,,,1,9MCJD,2025-12-26 14:28:00,2025-12-23 12:26:51,3428,L,9NCU1,K2B867 ,99980,Nor,  ,,FR,S,GSC
2025-12-01 00:00:00,771980904063,06,DW,01,B,02,061,LIGIA RINCON DE GLEZ          ,02,ACTIVO,866JHT ,2,F622,15LM,19145,119,0,0,0,951,LECT NEGATIVA,2,,,,1,9P12J,2025-12-04 12:33:00,2025-12-03 12:33:31,0604,M,9ND4Y,866JHT ,99980,Opt,  ,,,,GSC
2025-12-01 00:00:00,796080400721,10,DW,06,A,27,272,BARRIOS AYALA MIRNA           ,1B,ACTIVO,69KR85 ,1,F121,07JL,14601,131,0,0,0,951,LECT NEGATIVA,2,,,,1,9BBEG,2025-12-08 10:59:00,2025-12-05 09:10:03,1027,L,G92BA,69KR85 ,99981,Nor,  ,,FR,S,GSC
2025-12-01 00:00:00,800011000670,22,DW,07,A,01,003,UCAN LORIA LEIDY              ,1B,ACTIVO,LNR033 ,1,F123,23NX,1291,345,0,0,0,951,LECT NEGATIVA,2,,,,1,9MCJD,2025-12-17 07:20:00,2025-12-15 17:15:12,2227,L,GAVNM,LNR033 ,99946,Opt,  ,,,,GSC
2025-12-01 00:00:00,315180701151,14,DW,04,B,23,143,GUTIERREZ MORALES VICTOR      ,1F,ACTIVO,L362TX ,1,F122,18LN,8277,309,0,0,0,951,LECT NEGATIVA,2,,,,1,9MCF6,2025-12-11 09:42:00,2025-12-10 11:01:28,1452,R,9BBCL,L362TX ,99877,Opt,  ,,,,GSC
2025-12-01 00:00:00,774200702412,34,DW,01,E,02,345,DE LA CRUZ ESQUIBEL CELIA     ,1D,ACTIVO,31E2V9 ,2,F62F,08K6,5792,731,59,0,0,951,LECT NEGATIVA,8,DISPLAY APAGADO,,,1,9P12J,2025-12-26 11:52:00,2025-12-23 09:42:05,3404,L,GA83N,31E2V9 ,644,Nor,  ,,,,GSC
2025-12-01 00:00:00,801960800497,24,DW,07,B,04,244,COBA CHUC ROBERTO             ,1B,ACTIVO,Y74L63 ,1,F121,94F5,50992,100,0,0,0,951,LECT NEGATIVA,2,,,,1,9MCJD,2025-12-17 13:56:00,2025-12-16 07:49:15,2426,L,9JR0P,Y74L63 ,99900,Nor,  ,,FR,S,GSC
2025-12-01 00:00:00,800001261491,14,DW,07,A,15,004,UC CHAN FANNY PATRICIA        ,1B,ACTIVO,0VF136 ,1,F121,00GG,29527,300,0,0,0,951,LECT NEGATIVA,2,,,,1,9MCJD,2025-12-11 13:54:00,2025-12-09 10:31:21,1428,L,9MCAW,0VF136 ,99700,Nor,  ,,FR,S,GSC
2025-12-01 00:00:00,802911000848,04,DW,07,C,68,682,COMISARIA EJIDAL              ,02,ACTIVO,E601Y9 ,1,F121,95F5,9766,101,0,0,0,951,LECT NEGATIVA,2,,,,1,9MCJD,2025-12-04 12:56:00,2025-12-02 09:35:24,0427,M,G92BN,E601Y9 ,99900,Nor,  ,,FR,S,GSC
2025-12-01 00:00:00,782010605961,24,DW,12,C,01,242,RAMIREZ ESPINOZA PEDRO        ,1D,ACTIVO,1E8M88 ,1,F121,01GG,53977,22,0,0,0,951,LECT NEGATIVA,2,,,,1,9BBTM,2025-12-18 14:12:00,2025-12-16 12:02:01,2401,L,9P120,1E8M88 ,99978,Nor,  ,,FR,S,GSC
2025-12-01 00:00:00,796860600802,30,DW,06,A,01,304,LOPEZ MUNOZ GLORICELA         ,1D,ACTIVO,H9236D ,1,W111,75C0,1497,320,0,0,0,951,LECT NEGATIVA,2,,,,1,9BBEG,2025-12-23 09:19:00,2025-12-19 08:00:23,3004,M,R9723,H9236D ,9689,Nor,  ,,LN,S,GSC
2025-12-01 00:00:00,771110206794,24,DW,01,B,02,246,PARDO AGUILAR MAGALY ESTIBALIZ,1D,ACTIVO,40AV77 ,1,F121,06JL,33800,548,0,0,0,951,LECT NEGATIVA,2,,,,1,9P12J,2025-12-17 12:18:00,2025-12-16 12:23:00,2407,M,9ND41,40AV77 ,99826,Nor,  ,,FR,S,GSC
2025-12-01 00:00:00,783920500859,06,DW,12,D,01,060,LOPEZ FUENTES DANIEL OBDULIO  ,1D,ACTIVO,YC658H ,2,F623,21NU,29761,1384,0,0,0,23,E23,18,,,,1,9BBTM,2025-12-05 09:38:00,2025-12-03 14:42:01,0601,M,9NCX3,YC658H ,0,Nor,5X,RUTA INCOMPLETA,,,GSC
2025-12-01 00:00:00,783940403485,18,DW,12,D,01,185,ALEJANDRO VELES SALAS         ,1D,ACTIVO,26UG23 ,1,F121,08JL,48006,897,0,0,0,23,E23,18,,,,1,9BBTM,2025-12-15 13:00:00,2025-12-11 09:38:46,1804,M,GAE2M,26UG23 ,99907,Nor,  ,,FR,S,GSC
2025-12-01 00:00:00,783940408002,06,DW,12,D,01,063,ISIDRO FLORES                 ,1D,ACTIVO,46UG20 ,1,F121,08JL,37087,122,0,0,0,23,E23,18,,,,1,9BBTM,2025-12-05 09:38:00,2025-12-03 10:20:59,0604,M,GAF1M,46UG20 ,10122,Nor,  ,,FR,S,GSC
2025-12-01 00:00:00,783971100111,10,DW,12,D,02,102,HECTOR CRUZ PELAEZ            ,1D,ACTIVO,454EBW ,2,F622,15LM,17838,938,0,0,0,0,,18,,,,1,9BBTM,2025-12-09 12:52:00,2025-12-05 16:46:54,1027,M,9ND6M,454EBW ,95497,Opt,  ,,,,GSC
2025-12-01 00:00:00,784090700732,68,DW,12,E,01,680,BVG WORLD SA DE CV            ,67,ACTIVO,06E7L6 ,3,KL2E,08JR,3,3,0,0,0,23,E23,2,,,,1,9BBTM,2025-12-11 15:28:00,2025-12-11 06:36:08,6876,T,9ND2C,06E7L6 ,239,Tele,  ,,,,GSC
2025-12-01 00:00:00,784101000738,30,DW,12,E,01,300,OROZCO SARRO GERMAN           ,1D,ACTIVO,58P1B9 ,3,FD2H,09KV,58739,50,0,0,0,0,,18,,,,1,9BBTM,2025-12-19 15:33:00,2025-12-17 11:35:51,2651,N,9NCWL,58P1B9 ,0,Nor,51,NO ENCONTRE DOMI,LM,S,GSC
2025-12-01 00:00:00,784210300270,30,DW,12,E,01,300,ESTRADA BARBA ELVIA GUADALUPE ,1D,ACTIVO,141WYH ,2,F622,16LM,54809,3178,0,0,0,0,,18,,,,1,9BBTM,2025-12-19 15:33:00,2025-12-17 17:30:38,2651,N,GATKM,141WYH ,0,Nor,51,NO ENCONTRE DOMI,,,GSC
2025-12-01 00:00:00,784251200476,30,DW,12,E,01,300,ZAVALA NACER EDUARDO          ,1D,ACTIVO,8AUN21 ,2,F623,25P2,1,1,0,0,0,0,,18,,,,1,9BBTM,2025-12-19 15:30:00,2025-12-18 08:08:29,2651,N,GATKM,8AUN21 ,0,Nor,51,NO ENCONTRE DOMI,,,GSC
2025-12-01 00:00:00,785060100656,34,DW,03,A,09,001,CANCHE CANUL PETRONA PAOLA    ,1B,ACTIVO,5DWB15 ,1,F623,25NY,175,175,0,0,0,23,E23,18,,,,1,9ND2R,2025-12-23 12:51:00,2025-12-23 11:45:38,3426,L,9MCH1,5DWB15 ,175,Opt,  ,,,,GSC
2025-12-01 00:00:00,785060400421,36,DW,03,A,01,360,SALAZAR COCOM GLORIA          ,1B,ACTIVO,4P394D ,1,F121,06JL,19984,202,0,0,0,23,E23,18,,,,1,9ND2R,2025-12-26 09:25:00,2025-12-26 09:59:45,3603,L,GAPQM,4P394D ,1202,Nor,  ,,FR,S,GSC
2025-12-01 00:00:00,785110700994,38,DW,03,A,01,381,MANUEL JESUS CASTRO Y JIMENEZ ,1B,ACTIVO,654B2X ,2,F622,13LM,28761,332,0,0,0,23,E23,18,,,,1,9ND2R,2025-12-26 17:39:00,2025-12-29 10:19:00,3801,L,9MCH1,654B2X ,0,Nor,53,UI SERV DIRECTO,53,S,GSC
2025-12-01 00:00:00,785750414629,32,DW,03,A,09,322,VICTOR MEDINA                 ,1B,ACTIVO,K4261T ,1,F121,75AM,69226,124,0,0,0,23,E23,18,,,,1,9ND2R,2025-12-22 14:40:00,2025-12-22 10:53:01,3227,L,G92BB,K4261T ,34024,Nor,  ,,FR,S,GSC
2025-12-01 00:00:00,785750801495,14,DW,03,A,02,141,JOSE A MISS POL               ,1C,ACTIVO,L7147R ,1,W111,76C0,500,199,0,0,0,23,E23,18,,,,1,9ND2R,2025-12-09 15:02:00,2025-12-09 11:14:01,1427,M,9MCH1,L7147R ,4199,Nor,  ,,FR,S,GSC
2025-12-01 00:00:00,795000259732,34,DW,05,B,05,052,JIMENEZ RAMOS VERONICA        ,1F,ACTIVO,16D00R ,1,F62H,10KN,9800,369,0,0,0,951,LECT NEGATIVA,2,,,,1,9ND2K,2025-12-23 18:31:00,2025-12-23 06:51:05,3426,M,9ND9J,16D00R ,99751,Opt,  ,,,,GSC
2025-12-01 00:00:00,810120909543,40,DW,22,A,01,405,MANZANILLA BELLOS MARIA HONORI,1B,ACTIVO,600MFU ,2,F62J,15MT,7200,64,0,0,0,951,LECT NEGATIVA,2,,,,1,9MCCM,2025-12-30 10:22:00,2025-12-29 06:06:33,4080,T,9P12E,600MFU ,99936,Tele,  ,,,,GSC
2025-12-01 00:00:00,774210404304,66,DW,01,E,37,662,INDUSTRIAS CURATOR SA DE CV   ,67,ACTIVO,MX890B ,3,KL28,20KE,24548,7569,52,0,0,951,LECT NEGATIVA,4,COMUNICACION INTERRU,,,1,9P12J,2025-12-10 13:53:00,2025-12-09 10:00:23,6601,L,9MCBH,MX890B ,48,Opt,  ,,,,GSC
2025-12-01 00:00:00,778750618643,30,DW,01,K,51,305,MIGUEL LOEZA DIAZ             ,1C,ACTIVO,3H51D2 ,1,F121,03GG,30478,203,53,0,0,951,LECT NEGATIVA,8,UI SERV DIRECTO,,,1,9P12J,2025-12-23 10:30:00,2025-12-19 09:34:01,3027,M,GAAGN,3H51D2 ,49,Nor,  ,,FR,S,GSC
2025-12-01 00:00:00,779121103084,35,DW,01,M,02,357,GUTIERREZ BOJORQUEZ MARIA JOSE,1D,ACTIVO,1R080E ,2,F421,06GH,76112,1517,0,0,0,951,LECT NEGATIVA,18,,,,1,9P12J,2025-12-05 13:30:00,,,,,,,,,,,,GSC
2025-12-01 00:00:00,799250900935,18,DW,06,D,01,181,BACALANDS S DE RL DE CV       ,1B,ACTIVO,1BCU09 ,2,F623,25P2,0,150,0,0,0,951,LECT NEGATIVA,2,,,,1,9BBEG,2025-12-15 12:40:00,2025-12-11 09:25:38,1801,M,GAT5M,1BCU09 ,99850,Opt,  ,,,,GSC
2025-12-01 00:00:00,771120901661,34,DW,01,A,01,343,HERRERA ORTEGON MARIA LUISA   ,1D,ACTIVO,TJ7221 ,2,F121,84EG,5466,10,0,0,0,951,LECT NEGATIVA,2,,,,1,9P12J,2025-12-26 13:01:00,2025-12-23 10:10:29,3402,M,GAKKM,TJ7221 ,10228,Nor,  ,,LN,S,GSC
2025-12-01 00:00:00,780250403327,06,DW,12,A,01,061,AGUILAR MARTINEZ ELIONAY      ,1D,ACTIVO,EM875D ,2,F623,19NU,767,383,53,0,0,951,LECT NEGATIVA,4,UI SERV DIRECTO,,,1,9BBTM,2025-12-05 11:45:00,2025-12-03 08:14:38,0601,M,GAFHM,EM875D ,751,Opt,  ,,,,GSC
2025-12-01 00:00:00,774050302810,24,DW,01,B,02,242,GOMEZ HERRERA OMAR SEGUNDO    ,1D,ACTIVO,217DF0 ,1,F12H,11KU,683,3,59,0,0,951,LECT NEGATIVA,8,DISPLAY APAGADO,,,1,9P12J,2025-12-17 12:18:00,2025-12-16 09:05:11,2405,M,GA00N,217DF0 ,9,Opt,31,SERVICIO SIN USO,,,GSC
2025-12-01 00:00:00,811140202272,20,DW,22,B,01,120,BASTO CAAMAL CARLOS           ,1D,ACTIVO,8AAY28 ,2,F623,25NY,5,120,0,0,0,951,LECT NEGATIVA,2,,,,1,9MCCM,2025-12-15 10:10:00,2025-12-12 12:24:10,2002,M,9NCT6,8AAY28 ,99888,Opt,  ,,,,GSC
2025-12-01 00:00:00,802230500940,14,DW,07,C,42,142,MARTINEZ GRAJEDA ROBERTA GABRI,1A,ACTIVO,UW562J ,2,F623,21NY,9492,1438,0,0,0,951,LECT NEGATIVA,2,,,,1,9MCJD,2025-12-11 11:03:00,2025-12-09 10:45:15,1426,M,9ND12,UW562J ,98793,Opt,  ,,,,GSC
2025-12-01 00:00:00,810210701372,40,DW,22,A,01,404,GONZALEZ SANCHEZ NORMA L      ,1B,ACTIVO,802FVD ,2,F622,15LM,12260,701,0,0,0,951,LECT NEGATIVA,2,,,,1,9MCCM,2025-12-30 08:59:00,2025-12-29 14:52:05,4054,R,9JR5N,802FVD ,99532,Opt,  ,,,,GSC
2025-12-01 00:00:00,773190500101,34,DW,01,D,01,343,LEOPOLDO FUENTE S AGUILAR     ,1D,ACTIVO,3MV562 ,2,F421,99GH,16856,787,56,0,0,951,LECT NEGATIVA,8,NO HAY MEDIDOR,,,1,9P12J,2025-12-26 12:58:00,2025-12-23 09:44:11,3402,L,GAXWM,3MV562 ,631,Nor,  ,,,,GSC
2025-12-01 00:00:00,780001160864,10,DW,12,A,01,101,MOLINA GARCIA ALMA ROSA       ,1D,ACTIVO,JAM302 ,2,F623,23NU,8432,1374,53,0,0,951,LECT NEGATIVA,8,UI SERV DIRECTO,,,1,9BBTM,2025-12-09 07:58:00,2025-12-05 11:20:30,1002,M,GAFHM,JAM302 ,779,Opt,  ,,,,GSC
2025-12-01 00:00:00,770000956368,26,DW,01,A,01,261,MARIO A  BURGOS SOTO          ,1D,ACTIVO,77PL09 ,2,F621,07F3,27488,303,0,0,0,951,LECT NEGATIVA,2,,,,1,9P12J,2025-12-19 11:30:00,2025-12-17 09:12:23,2601,M,9P14V,77PL09 ,99887,Nor,40,SIN SELLO,FR,S,GSC
2025-12-01 00:00:00,782050902321,24,DW,12,D,04,242,FELIPE DE JESUS MOO CANCHE    ,1D,ACTIVO,3J547A ,1,F121,05JL,26193,100,0,0,0,951,LECT NEGATIVA,2,,,,1,9BBTM,2025-12-18 08:33:00,2025-12-16 10:52:46,2428,M,GATJM,3J547A ,99900,Nor,  ,,FR,S,GSC
2025-12-01 00:00:00,802211200986,18,DW,07,C,42,428,MOGUEL ORDAZ GENARO           ,1A,ACTIVO,YP428E ,2,F623,21NU,11765,1013,0,0,0,951,LECT NEGATIVA,18,,,,1,9MCJD,2025-12-15 17:00:00,2025-12-11 14:25:49,1826,M,G93BA,YP428E ,7243,Opt,  ,,,,GSC
2025-12-01 00:00:00,787920400264,06,DW,03,C,71,001,PABLO TZUC COHO               ,1B,ACTIVO,5F856N ,1,F121,05JL,40800,835,0,0,0,951,LECT NEGATIVA,2,,,,1,9ND2R,2025-12-04 12:22:00,2025-12-03 12:00:07,0627,L,GA6WN,5F856N ,99817,Nor,  ,,FR,S,GSC
2025-12-01 00:00:00,794070303333,06,DW,04,G,65,001,ALVAREZ FELIX EFRAIN          ,1F,ACTIVO,78DR65 ,1,F121,06JL,16780,403,0,0,0,951,LECT NEGATIVA,2,,,,1,9MCF6,2025-12-04 12:57:00,2025-12-03 11:17:50,0627,L,R9642,78DR65 ,99425,Nor,  ,,FR,S,GSC
2025-12-01 00:00:00,806050401035,10,DW,08,C,45,101,COLLI REJON JOSE FILIBERTO    ,1C,ACTIVO,5E629G ,1,F121,05JL,25412,763,0,0,0,951,LECT NEGATIVA,2,,,,1,9ND09,2025-12-09 09:55:00,2025-12-05 10:22:12,1026,L,9ND5B,5E629G ,99705,Nor,  ,,FR,S,GSC
2025-12-01 00:00:00,777970700760,14,DW,01,J,32,146,NORMA CAAMAL YAM              ,1C,ACTIVO,L865FF ,1,F122,18LN,14573,1792,0,0,0,951,LECT NEGATIVA,16,,,,1,9P12J,2025-12-11 14:39:00,2025-12-09 12:28:31,1428,L,9NCYF,L865FF ,99304,Nor,  ,,LM,S,GSC
2025-12-01 00:00:00,796030500350,65,DW,06,A,41,411,CAPA DEL EDO DE Q ROO         ,06,ACTIVO,A376HX ,3,KL28,16KE,602,1199,0,0,0,951,LECT NEGATIVA,2,,,,1,9BBEG,2025-12-10 09:02:00,2025-12-09 10:32:49,6551,R,R9718,A376HX ,96495,Opt,  ,,,,GSC
2025-12-01 00:00:00,314160700101,24,DW,05,B,05,051,POLANCO SARAO RAMON ANTONIO   ,1F,CORTADO,923CYC ,1,F122,15LN,10950,289,0,0,0,951,LECT NEGATIVA,2,,,,1,9ND2K,2025-12-17 12:41:00,2025-12-16 10:45:20,2426,M,9ND9J,923CYC ,99827,Opt,  ,,,,GSC
2025-12-01 00:00:00,771830600228,38,DW,01,B,01,386,MIGUEL MEDINA P               ,1D,ACTIVO,K7500G ,2,F121,75AM,70856,665,0,0,0,951,LECT NEGATIVA,2,,,,1,9P12J,2025-12-29 17:19:00,2025-12-26 11:19:59,3802,M,9ND41,K7500G ,100253,Nor,  ,,FR,S,GSC
2025-12-01 00:00:00,801011101081,04,DW,07,B,06,406,BATUN CHAN MARIA DEL SOCORRO  ,1B,ACTIVO,9D5C91 ,1,F121,00GG,43000,187,0,0,0,951,LECT NEGATIVA,2,,,,1,9MCJD,2025-12-03 15:56:00,2025-12-02 14:44:05,0402,M,9MCFY,9D5C91 ,99900,Nor,  ,,FR,S,GSC
2025-12-01 00:00:00,780990308379,26,DW,12,B,01,264,JOAQUIN RUIZ CANCHE           ,1D,CORTADO,XNK989 ,1,F123,24NX,98509,785,59,0,0,951,LECT NEGATIVA,8,DISPLAY APAGADO,,,1,9BBTM,2025-12-19 13:45:00,2025-12-17 11:45:28,2603,M,9MCB5,XNK989 ,705,Opt,  ,,,,GSC
2025-12-01 00:00:00,801791100031,32,DW,07,B,40,409,PEDRO KUMUL                   ,1C,ACTIVO,W8663E ,1,W111,78C0,3100,128,0,0,0,951,LECT NEGATIVA,2,,,,1,9MCJD,2025-12-23 06:46:00,2025-12-22 13:21:50,3229,L,GAT3M,W8663E ,9932,Nor,  ,,LN,S,GSC
2025-12-01 00:00:00,806100200575,26,DW,08,C,38,261,CHAN CHUNAB NICOLAS           ,1C,CORTADO,79LC53 ,1,F121,07JL,842,102,0,0,0,951,LECT NEGATIVA,2,,,,1,9ND09,2025-12-18 16:46:00,2025-12-17 09:22:15,2626,L,GAHTM,79LC53 ,99901,Nor,  ,,FR,S,GSC
2025-12-01 00:00:00,811971200314,28,DW,22,B,01,283,MIGUEL RIVERO MARTIN          ,1D,ACTIVO,B16L11 ,1,F121,91F5,20894,100,0,0,0,951,LECT NEGATIVA,2,,,,1,9MCCM,2025-12-19 09:55:00,2025-12-18 13:14:42,2803,L,GA22N,B16L11 ,99900,Nor,  ,,FR,S,GSC
2025-12-01 00:00:00,779750609047,34,DW,01,M,05,342,FAUSTINO CHI P                ,1B,ACTIVO,8E266W ,1,F121,05JL,23906,113,0,0,0,951,LECT NEGATIVA,2,,,,1,9P12J,2025-12-29 09:46:00,2025-12-23 08:59:32,3429,L,R9982,8E266W ,99899,Nor,  ,,FR,S,GSC
2025-12-01 00:00:00,803120500576,12,DW,07,D,18,001,POOT CAUICH DALILA            ,1C,ACTIVO,4F772X ,1,F121,05JL,528,24,0,0,0,951,LECT NEGATIVA,2,,,,1,9MCJD,2025-12-09 08:22:00,2025-12-08 08:59:15,1226,M,GA2CN,4F772X ,99982,Nor,  ,,FR,S,GSC
2025-12-01 00:00:00,770981001320,14,DW,01,A,01,143,RAMIREZ LOPEZ ILEANA PAOLA    ,02,SUJETO A CORTE,45B4U9 ,2,F621,08KG,42361,1581,0,0,0,951,LECT NEGATIVA,16,,,,1,9P12J,2025-12-11 13:27:00,2025-12-09 10:59:24,1402,M,GA0MN,45B4U9 ,98664,Nor,  ,,FR,S,GSC
2025-12-01 00:00:00,773190203424,16,DW,01,M,17,164,AGUILAR GARCIA JUAN ANGEL     ,1D,ACTIVO,T116XW ,2,F622,18LM,7676,0,53,0,0,951,LECT NEGATIVA,8,UI SERV DIRECTO,,,1,9P12J,2025-12-12 12:21:00,2025-12-10 10:36:19,1629,M,R9982,T116XW ,226,Opt,  ,,,,GSC
2025-12-01 00:00:00,798210600606,65,DW,06,A,01,653,GDC DATACOMM S A DE C V       ,02,ACTIVO,MX275B ,3,KL28,20KE,11130,1641,0,0,0,951,LECT NEGATIVA,18,,,,1,9BBEG,2025-12-10 08:40:00,2025-12-08 07:39:21,6503,L,G92BA,MX275B ,64947,Opt,  ,,,,GSC
2025-12-01 00:00:00,783100606938,12,DW,12,D,01,121,ESCAMILLA ARELLANO RUBI A     ,1D,ACTIVO,G366MD ,2,F622,17LM,14686,794,53,0,0,951,LECT NEGATIVA,8,UI SERV DIRECTO,,,1,9BBTM,2025-12-10 12:31:00,2025-12-08 14:55:53,1202,M,GA4HN,G366MD ,1210,Opt,  ,,,,GSC
2025-12-01 00:00:00,810040101057,08,DW,22,A,02,082,GIOVANI JAVIER NAVA GUTIERREZ ,1B,ACTIVO,9M82C4 ,1,F121,04GG,29662,300,0,0,0,951,LECT NEGATIVA,2,,,,1,9MCCM,2025-12-05 07:45:00,2025-12-04 09:01:36,0802,L,9MCKU,9M82C4 ,99701,Nor,  ,,FR,S,GSC
2025-12-01 00:00:00,781200701277,06,DW,12,B,01,060,DE LOS SANTOS CONTRERAS FERNAN,1D,ACTIVO,W088TC ,1,F122,19LN,0,0,56,0,0,951,LECT NEGATIVA,8,NO HAY MEDIDOR,,,1,9BBTM,2025-12-05 08:22:00,2025-12-03 08:30:08,0602,L,9NCWM,W088TC ,28,Opt,  ,,,,GSC
2025-12-01 00:00:00,785150500874,28,DW,03,A,09,281,MONTEJO CHIM JUAN GABRIEL     ,1B,ACTIVO,3DWD35 ,2,F623,25NY,20574,103,0,0,0,951,LECT NEGATIVA,18,,,,1,9ND2R,2025-12-19 14:08:00,2025-12-18 10:12:56,2826,L,9MCET,3DWD35 ,20544,Nor,44,NUM MEDID DESIGU,44,S,GSC
2025-12-01 00:00:00,776071103780,30,DW,01,H,36,308,GIO MENDEZ ERNESTO            ,1C,CORTADO,44LC19 ,1,F121,07JL,412,94,0,0,0,951,LECT NEGATIVA,2,,,,1,9P12J,2025-12-23 14:27:00,2025-12-19 08:54:07,3028,L,9JRBT,44LC19 ,99901,Nor,  ,,FR,S,GSC
2025-12-01 00:00:00,798251000753,64,DW,06,C,20,623,SERVICIO CHIT SA DE CV        ,67,ACTIVO,GCT934 ,3,KL28,22NJ,0,20,0,0,0,951,LECT NEGATIVA,2,,,,1,9BBEG,2025-12-09 11:32:00,2025-12-05 11:21:44,6402,L,G92BY,GCT934 ,99980,Opt,  ,,,,GSC
2025-12-01 00:00:00,780090400687,32,DW,12,B,01,322,WOODHOUSE KENNETH JOHN        ,1D,ACTIVO,12E5M5 ,3,KL28,08KM,68365,2820,64,0,0,951,LECT NEGATIVA,8,P. INFRARROJO/MED. D,,,1,9BBTM,2025-12-24 08:36:00,2025-12-22 10:40:12,3202,L,9NCWM,12E5M5 ,1115,Nor,  ,,,,GSC
2025-12-01 00:00:00,802070400714,14,DW,07,C,42,141,MORETTO PATRIZIA              ,1A,ACTIVO,084EK6 ,2,F62J,11L2,47806,1108,0,0,0,951,LECT NEGATIVA,2,,,,1,9MCJD,2025-12-11 11:47:00,2025-12-09 09:07:25,1427,M,R9871,084EK6 ,99877,Nor,  ,,FR,S,GSC
2025-12-01 00:00:00,802891100204,38,DW,07,C,18,384,GREGORIO CAB CHAN             ,1B,ACTIVO,2RU099 ,1,F121,99GG,23280,184,0,0,0,951,LECT NEGATIVA,2,,,,1,9MCJD,2025-12-30 13:30:00,2025-12-26 12:25:26,3801,M,GAM7M,2RU099 ,99881,Nor,  ,,FR,S,GSC
2025-12-01 00:00:00,805191000143,18,DW,08,B,68,183,ZAPATA NOH ARIANA TERESA      ,1B,ACTIVO,X993TM ,2,F623,19NU,19178,1100,0,0,0,951,LECT NEGATIVA,2,,,,1,9ND09,2025-12-15 12:41:00,2025-12-11 11:54:31,1828,L,9ND0M,X993TM ,99467,Opt,  ,,,,GSC
2025-12-01 00:00:00,796030500368,65,DW,06,A,41,411,CAPA DEL EDO DE Q ROO         ,06,ACTIVO,PJ031F ,3,KL28,20KE,5923,99,0,0,0,951,LECT NEGATIVA,2,,,,1,9BBEG,2025-12-10 09:03:00,2025-12-09 10:43:53,6551,R,R9718,PJ031F ,99978,Opt,  ,,,,GSC
2025-12-01 00:00:00,810120703929,28,DW,22,A,01,285,ROBERTO HERNANDEZ REYES       ,1B,ACTIVO,2V25T5 ,2,F421,04GH,4450,134,0,0,0,951,LECT NEGATIVA,2,,,,1,9MCCM,2025-12-19 07:26:00,2025-12-18 10:52:54,2803,L,9MC4Y,2V25T5 ,99932,Nor,  ,,FR,S,GSC
2025-12-01 00:00:00,801070500054,34,DW,07,B,27,271,FALCON CHIMAS MARIA JUANA     ,1B,ACTIVO,90DM55 ,1,F121,06JL,6800,170,0,0,0,951,LECT NEGATIVA,2,,,,1,9MCJD,2025-12-26 14:23:00,2025-12-23 09:19:22,3429,L,9ND1B,90DM55 ,99932,Nor,  ,,FR,S,GSC
2025-12-01 00:00:00,774940702769,22,DW,01,E,02,222,SILVIA LUGO FLORES            ,1D,ACTIVO,72C6F7 ,2,F621,08KG,20596,684,0,0,0,951,LECT NEGATIVA,2,,,,1,9P12J,2025-12-16 11:20:00,2025-12-15 12:44:10,2202,M,GAKJM,72C6F7 ,99984,Nor,  ,,FR,S,GSC
2025-12-01 00:00:00,810020115451,06,DW,22,A,02,060,VICENTE NUNEZ  MARTINEZ       ,1B,CORTADO,8G8R25 ,1,F121,01GG,40293,101,0,0,0,951,LECT NEGATIVA,2,,,,1,9MCCM,2025-12-04 07:31:00,2025-12-03 09:07:16,0601,L,9MCKU,8G8R25 ,99899,Nor,  ,,FR,S,GSC
2025-12-01 00:00:00,793830500014,06,DW,04,F,12,062,MONTERO M FELICIANO           ,1F,CORTADO,8J76V0 ,1,F121,03GG,21710,1194,0,0,0,951,LECT NEGATIVA,2,,,,1,9MCF6,2025-12-05 15:37:00,2025-12-03 09:15:08,0601,L,9JR35,8J76V0 ,99119,Nor,  ,,FR,S,GSC
2025-12-01 00:00:00,796841000420,10,DW,06,A,26,261,SUAREZ TOX BENEDICTO          ,1B,ACTIVO,TB0822 ,1,F121,84EG,546,101,0,0,0,951,LECT NEGATIVA,18,,,,1,9BBEG,2025-12-08 11:18:00,2025-12-05 10:08:00,1026,L,9MCK0,TB0822 ,3194,Nor,  ,,LN,S,GSC
2025-12-01 00:00:00,800990701543,40,DW,07,A,05,321,MARTINEZ EUAN CESAR IVAN      ,1B,ACTIVO,6JW591 ,1,F121,98GG,30698,170,0,0,0,951,LECT NEGATIVA,2,,,,1,9MCJD,2025-12-30 12:38:00,2025-12-29 19:01:46,4002,M,GAVNM,6JW591 ,99829,Nor,  ,,FR,S,GSC
2025-12-01 00:00:00,801150401511,22,DW,07,B,06,224,CHOOC NOH ANGEL ARMIN         ,02,CORTADO,396ATB ,1,F122,14LN,22338,322,0,0,0,951,LECT NEGATIVA,8,,,,1,9MCJD,2025-12-16 16:37:00,2025-12-15 12:56:48,2201,L,9JR0P,396ATB ,22605,Opt,  ,,,,GSC
2025-12-01 00:00:00,315250301104,36,DW,04,B,03,002,MARTAGON SOSA LUCIA           ,1F,ACTIVO,RBC494 ,2,F623,24NY,90,29,0,0,0,951,LECT NEGATIVA,2,,,,1,9MCF6,2025-12-29 13:46:00,2025-12-26 14:36:50,3627,L,9NCVL,RBC494 ,99978,Opt,  ,,,,GSC
2025-12-01 00:00:00,811250900218,22,DW,22,B,01,221,OJEDA CHI JOSE ADRIAN         ,1D,ACTIVO,5DVR48 ,2,F623,25NY,3,32,0,0,0,951,LECT NEGATIVA,2,,,,1,9MCCM,2025-12-16 08:37:00,2025-12-15 12:29:34,2202,M,GA22N,5DVR48 ,99973,Opt,  ,,,,GSC
2025-12-01 00:00:00,781920900111,10,DW,12,B,01,101,MA ANTONIA RAMIREZ C          ,1D,ACTIVO,5K838G ,1,F121,05JL,39387,107,0,0,0,951,LECT NEGATIVA,2,,,,1,9BBTM,2025-12-09 12:34:00,2025-12-05 11:59:57,1002,M,9NCWM,5K838G ,99900,Nor,  ,,FR,S,GSC
2025-12-01 00:00:00,779970401005,14,DW,01,M,17,144,MARIA JOSEFA PEREZ P          ,1D,ACTIVO,FJY467 ,1,F123,22NX,8110,1891,0,0,0,951,LECT NEGATIVA,2,,,,1,9P12J,2025-12-11 10:49:00,2025-12-09 11:07:38,1426,L,9NCYK,FJY467 ,99372,Opt,  ,,,,GSC
2025-12-01 00:00:00,782940401991,18,DW,12,C,01,183,ALEJANDRO ESPINOZA HDEZ       ,1D,ACTIVO,97GL21 ,1,F121,07JL,40217,786,0,0,0,951,LECT NEGATIVA,2,,,,1,9BBTM,2025-12-15 14:08:00,2025-12-11 11:22:56,1803,M,9ND3W,97GL21 ,99448,Nor,  ,,FR,S,GSC
2025-12-01 00:00:00,802211201044,18,DW,07,C,42,186,GONZALEZ NOVELO MANUEL ELOY   ,1A,ACTIVO,YP449E ,2,F623,21NU,5985,137,0,0,0,951,LECT NEGATIVA,2,,,,1,9MCJD,2025-12-15 16:59:00,2025-12-11 11:48:17,1828,M,9MCCP,YP449E ,99966,Opt,  ,,,,GSC
2025-12-01 00:00:00,787881000059,26,DW,03,C,67,261,CHAN PISTE FRANCISCO JAVIER   ,1C,ACTIVO,F2C935 ,1,F121,88F5,61364,299,0,0,0,951,LECT NEGATIVA,2,,,,1,9ND2R,2025-12-18 14:26:00,2025-12-17 09:57:19,2627,L,GA6WN,F2C935 ,99706,Nor,  ,,FR,S,GSC
2025-12-01 00:00:00,801980301845,32,DW,07,B,40,405,GAUDENSIO PACHECO CHAN        ,1C,ACTIVO,5DW461 ,1,F121,98GG,2500,6,0,0,0,951,LECT NEGATIVA,16,,,,1,9MCJD,2025-12-23 06:48:00,2025-12-22 11:02:36,3226,L,9JR0P,5DW461 ,99906,Nor,  ,,FR,S,GSC
2025-12-01 00:00:00,793120200674,04,DW,04,F,11,044,QUEVEDO OROZCO JOSE ANTONIO   ,1F,ACTIVO,MJC748 ,1,F123,23NX,5832,330,0,0,0,951,LECT NEGATIVA,2,,,,1,9MCF6,2025-12-04 14:56:00,2025-12-02 07:51:59,0428,L,9ND76,MJC748 ,3816,Opt,  ,,,,GSC
2025-12-01 00:00:00,782240725213,06,DW,12,C,01,063,CONTRERAS LOPEZ CITLALI AGLAE ,1D,CORTADO,RDC033 ,2,F623,24NY,3088,2475,53,0,0,951,LECT NEGATIVA,8,UI SERV DIRECTO,,,1,9BBTM,2025-12-05 12:40:00,2025-12-03 08:29:46,0604,M,GAA7N,RDC033 ,0,Opt,31,SERVICIO SIN USO,,,GSC
2025-12-01 00:00:00,773250400283,20,DW,01,D,01,200,CONSTRUCCCION MAVA MATERIALES ,02,ACTIVO,506JV0 ,2,F622,12LJ,33536,126,65,0,0,951,LECT NEGATIVA,4,UI MED INVERTIDO,,,1,9P12J,2025-12-15 14:35:00,2025-12-12 08:59:22,2001,L,9NCYP,506JV0 ,204,Opt,  ,,,,GSC
2025-12-01 00:00:00,774800600109,02,DW,01,E,02,024,WILMA PEREZ BQUEZ             ,1D,ACTIVO,70LC69 ,1,F121,07JL,5150,123,0,0,0,951,LECT NEGATIVA,2,,,,1,9P12J,2025-12-02 13:08:00,2025-12-01 07:10:10,0204,L,GAKJM,70LC69 ,99955,Nor,  ,,FR,S,GSC
2025-12-01 00:00:00,804070300402,30,DW,08,A,09,302,PUC CHUC PABLO ROMAN          ,1B,ACTIVO,54AV40 ,1,F121,06JL,46067,623,0,0,0,951,LECT NEGATIVA,2,,,,1,9ND09,2025-12-23 13:34:00,2025-12-19 08:55:28,3026,L,GAPUM,54AV40 ,99525,Nor,  ,,FR,S,GSC
2025-12-01 00:00:00,780230600746,24,DW,12,A,05,242,RESENDIZ MORA FERNANDO ALONSO ,1D,ACTIVO,UL829Y ,2,F623,21NY,1656,0,59,0,0,951,LECT NEGATIVA,8,DISPLAY APAGADO,,,1,9BBTM,2025-12-18 09:23:00,2025-12-16 09:00:08,2427,M,GABCM,UL829Y ,24,Opt,  ,,,,GSC
2025-12-01 00:00:00,804950400520,22,DW,08,A,21,211,JOSE DEL C CHEL CHI           ,1B,ACTIVO,A243T0 ,1,F421,94F8,19840,144,0,0,0,951,LECT NEGATIVA,2,,,,1,9ND09,2025-12-17 11:29:00,2025-12-15 08:48:22,2227,L,GAPUM,A243T0 ,99949,Nor,  ,,FR,S,GSC
2025-12-01 00:00:00,780250801080,30,DW,12,A,05,302,GUTIERREZ TAVARES JAVIER      ,1D,CORTADO,WNV021 ,2,F623,24P2,4446,982,0,0,0,951,LECT NEGATIVA,18,,,,1,9BBTM,2025-12-23 11:01:00,2025-12-19 08:15:33,3026,M,GA4GN,WNV021 ,3474,Opt,  ,,,,GSC
2025-12-01 00:00:00,783100600573,16,DW,12,D,01,161,FLORES LAINES LEO             ,1D,ACTIVO,95U9J8 ,2,F62H,09KN,25562,711,59,0,0,951,LECT NEGATIVA,8,DISPLAY APAGADO,,,1,9BBTM,2025-12-12 14:22:00,2025-12-10 11:38:35,1602,M,GATJM,95U9J8 ,642,Opt,  ,,,,GSC
2025-12-01 00:00:00,781181200733,18,DW,12,B,01,224,MARES VERGARA FRANCISCO       ,1D,ACTIVO,T906UK ,2,F622,18LM,30229,612,53,0,0,951,LECT NEGATIVA,8,UI SERV DIRECTO,,,1,9BBTM,2025-12-15 09:20:00,2025-12-11 07:39:35,1802,M,GATKM,T906UK ,437,Opt,  ,,,,GSC
2025-12-01 00:00:00,788210200947,26,DW,03,D,26,263,CAAMAL YAH MARIA YOLANDA      ,1C,ACTIVO,HJ156C ,1,F123,20NT,13227,830,60,0,0,951,LECT NEGATIVA,8,MEDID NO TRABAJA,,,1,9ND2R,2025-12-18 13:51:00,2025-12-17 10:34:47,2601,L,9JR7D,HJ156C ,99849,Opt,  ,,,,GSC
2025-12-01 00:00:00,782240107447,40,DW,12,C,01,402,PATLAN GARCIA ULISES          ,1D,ACTIVO,KKT425 ,2,F623,23NU,2354,16,53,0,0,951,LECT NEGATIVA,8,UI SERV DIRECTO,,,1,9BBTM,2025-12-30 16:54:00,2025-12-29 08:54:08,4003,L,9P14L,KKT425 ,1109,Opt,  ,,,,GSC
2025-12-01 00:00:00,780161001339,14,DW,12,A,01,141,MATTIACE BENJAMIN GIAN FRANCO ,1D,ACTIVO,173MGC ,3,FD2J,15MU,80662,4626,60,0,0,951,LECT NEGATIVA,8,MEDID NO TRABAJA,,,1,9BBTM,2025-12-11 13:15:00,2025-12-09 12:08:40,1402,M,9NCX5,173MGC ,3787,Nor,  ,,,,GSC
2025-12-01 00:00:00,808240300050,32,DW,08,E,74,321,CELIS MILLAN CLAUDIA GUADALUPE,1B,ACTIVO,HYY517 ,2,F623,23NU,2387,137,53,0,0,951,LECT NEGATIVA,8,UI SERV DIRECTO,,,1,9ND09,2025-12-24 09:29:00,2025-12-22 09:23:12,3227,L,GAHXM,HYY517 ,263,Opt,  ,,,,GSC
2025-12-01 00:00:00,774860100717,34,DW,01,E,02,341,BERTHA COOL CARDENA           ,1D,CORTADO,95VP82 ,1,F121,08JL,73589,753,56,0,0,951,LECT NEGATIVA,8,NO HAY MEDIDOR,,,1,9P12J,2025-12-26 11:51:00,2025-12-23 17:16:31,3401,L,GA6XN,95VP82 ,819,Nor,  ,,,,GSC
2025-12-01 00:00:00,805800300060,06,DW,08,B,66,062,MARGARITA CAB                 ,1B,ACTIVO,X2932E ,1,W111,79C0,347,102,0,0,0,951,LECT NEGATIVA,2,,,,1,9ND09,2025-12-05 10:59:00,2025-12-03 09:41:04,0627,L,9JRE1,X2932E ,9903,Nor,  ,,LN,S,GSC
2025-12-01 00:00:00,811050600694,16,DW,22,B,01,162,KUMUL PECH MARIA LUISA        ,1D,ACTIVO,0E642X ,1,F121,05JL,20695,100,0,0,0,951,LECT NEGATIVA,2,,,,1,9MCCM,2025-12-11 09:16:00,2025-12-10 11:01:17,1601,M,9MC92,0E642X ,99901,Nor,  ,,FR,S,GSC
2025-12-01 00:00:00,315160400332,36,DW,04,B,03,001,PERALTA ROBLES YOLANDA        ,1F,CORTADO,EM368B ,2,F623,19NU,14810,732,0,0,0,951,LECT NEGATIVA,2,,,,1,9MCF6,2025-12-29 13:48:00,2025-12-26 11:49:15,3626,L,9MCHU,EM368B ,99611,Opt,  ,,,,GSC
2025-12-01 00:00:00,783250406660,20,DW,12,D,01,200,GARCIA PEREZ CLAUDIA          ,1D,ACTIVO,W383JE ,2,F622,19LM,99719,1,53,0,0,951,LECT NEGATIVA,4,UI SERV DIRECTO,,,1,9BBTM,2025-12-16 12:23:00,2025-12-12 12:29:22,2001,M,GATJM,W383JE ,140,Opt,  ,,,,GSC
2025-12-01 00:00:00,318190700071,04,DW,04,E,99,001,CARRERA HUCHIN PEDRO          ,1F,ACTIVO,3J868R ,1,F121,05JL,9855,1145,0,0,0,951,LECT NEGATIVA,2,,,,1,9MCF6,2025-12-04 12:34:00,2025-12-02 12:38:42,0426,L,9NCVL,3J868R ,99079,Nor,  ,,FR,S,GSC
2025-12-01 00:00:00,796160202318,30,DW,06,A,01,306,ORTEGA MARTELL EDUARDO ISMAEL ,1D,ACTIVO,329JKM ,2,F622,15LM,1903,59,0,0,0,951,LECT NEGATIVA,2,,,,1,9BBEG,2025-12-23 10:05:00,2025-12-19 08:38:42,3001,M,9MCK8,329JKM ,99942,Opt,  ,,,,GSC
2025-12-01 00:00:00,806211200957,10,DW,08,C,45,101,XUL CHE ADOLFO DE JESUS       ,1C,ACTIVO,XA118X ,1,F123,21NT,2582,95,59,0,0,951,LECT NEGATIVA,8,DISPLAY APAGADO,,,1,9ND09,2025-12-09 09:55:00,2025-12-05 09:28:00,1026,L,9ND5B,XA118X ,38,Opt,  ,,,,GSC
2025-12-01 00:00:00,810121001987,40,DW,22,A,01,404,ELORRIAGA CASTRO DULCE MARIA  ,1B,ACTIVO,GEE994 ,3,KL28,22NJ,13300,3150,0,0,0,951,LECT NEGATIVA,2,,,,1,9MCCM,2025-12-30 08:53:00,2025-12-29 13:18:22,4054,R,9JR5N,GEE994 ,98132,Opt,  ,,,,GSC
2025-12-01 00:00:00,771830200301,36,DW,01,B,01,364,BELTRAN AYALA MANUEL ALBERTO  ,1D,SUJETO A CORTE,D42F10 ,2,F621,91F3,20785,990,0,0,0,951,LECT NEGATIVA,2,,,,1,9P12J,2025-12-30 13:08:00,2025-12-26 10:45:22,3602,M,GA6XN,D42F10 ,99000,Nor,  ,,FR,S,GSC
2025-12-01 00:00:00,782191202820,06,DW,12,C,01,060,CONDE LOPEZ JAIME             ,1D,ACTIVO,X765UH ,2,F622,19LM,14067,354,60,0,0,951,LECT NEGATIVA,8,MEDID NO TRABAJA,,,1,9BBTM,2025-12-05 09:37:00,2025-12-03 09:06:05,0601,M,9ND3W,X765UH ,807,Nor,  ,,LM,S,GSC
2025-12-01 00:00:00,783080904627,20,DW,12,D,01,203,YSRAEL MARTINEZ MEDINA        ,1D,ACTIVO,39D5J6 ,2,F421,08KF,20308,54,0,0,0,951,LECT NEGATIVA,2,,,,1,9BBTM,2025-12-16 12:14:00,2025-12-12 10:17:47,2004,M,GAALN,39D5J6 ,99945,Nor,  ,,FR,S,GSC
2025-12-01 00:00:00,794911000225,36,DW,04,G,48,363,FCO VELAZQUEZ ARCOS           ,1F,ACTIVO,8Y079M ,1,F121,06JL,5110,12,0,0,0,951,LECT NEGATIVA,2,,,,1,9MCF6,2025-12-29 17:32:00,2025-12-26 09:17:29,3627,L,R9642,8Y079M ,99981,Nor,  ,,FR,S,GSC
2025-12-01 00:00:00,774790904228,14,DW,01,E,02,141,ROSALIA MENDEZ                ,1D,ACTIVO,662RBT ,1,F122,16LN,8792,239,59,0,0,951,LECT NEGATIVA,8,DISPLAY APAGADO,,,1,9P12J,2025-12-10 13:52:00,2025-12-09 10:42:13,1401,M,9JR11,662RBT ,455,Opt,  ,,,,GSC
2025-12-01 00:00:00,790220700578,20,DW,04,C,58,202,CAMPOS ITZA ROMAN DAVID       ,1F,ACTIVO,81N73P ,2,F62H,10KN,3014,201,0,0,0,951,LECT NEGATIVA,2,,,,1,9MCF6,2025-12-16 14:51:00,2025-12-12 13:28:59,2027,M,R9658,81N73P ,99806,Opt,  ,,,,GSC
2025-12-01 00:00:00,793131201664,30,DW,04,F,12,303,VARGAS GUILLEN LIDIA MAGDALENA,1F,ACTIVO,87LC10 ,1,F121,07JL,17377,127,0,0,0,951,LECT NEGATIVA,2,,,,1,9MCF6,2025-12-22 15:21:00,2025-12-19 11:02:55,3026,L,9JR35,87LC10 ,99928,Nor,  ,,FR,S,GSC
2025-12-01 00:00:00,790170200170,20,DW,04,C,35,201,AKE QUEB MARIA CANDELARIA     ,1F,ACTIVO,013VWV ,1,F122,16LN,18192,874,0,0,0,951,LECT NEGATIVA,2,,,,1,9MCF6,2025-12-16 14:47:00,2025-12-12 12:11:28,2026,L,9EMLW,013VWV ,99764,Opt,  ,,FR,S,GSC
2025-12-01 00:00:00,803030900613,24,DW,07,D,05,052,CHABLE YAM GILBERTO           ,1C,ACTIVO,1J09F8 ,1,F121,03GG,14948,100,0,0,0,951,LECT NEGATIVA,2,,,,1,9MCJD,2025-12-17 14:55:00,2025-12-16 09:08:01,2426,L,GA2CN,1J09F8 ,99944,Nor,  ,,FR,S,GSC
2025-12-01 00:00:00,782190503851,06,DW,12,C,01,064,LOPEZ MALDONADO MARIA EUGENIA ,1D,ACTIVO,P653HH ,2,F623,18NN,24736,1316,53,0,0,951,LECT NEGATIVA,8,UI SERV DIRECTO,,,1,9BBTM,2025-12-05 10:21:00,2025-12-03 09:23:47,0605,M,GAALN,P653HH ,899,Opt,  ,,,,GSC
2025-12-01 00:00:00,781141101015,32,DW,12,B,01,320,CHE BERMUDEZ ENRIQUE          ,1D,ACTIVO,458H8A ,1,F122,13LN,33361,201,53,0,0,951,LECT NEGATIVA,8,UI SERV DIRECTO,,,1,9BBTM,2025-12-23 16:38:00,2025-12-22 09:10:58,3201,L,GATKM,458H8A ,120,Opt,  ,,,,GSC
2025-12-01 00:00:00,799250900897,18,DW,06,D,01,181,BACALANDS S DE RL DE CV       ,1B,ACTIVO,1BCU11 ,2,F623,25P2,0,150,0,0,0,951,LECT NEGATIVA,2,,,,1,9BBEG,2025-12-15 12:41:00,2025-12-11 09:24:11,1801,M,GAT5M,1BCU11 ,99850,Opt,  ,,,,GSC
2025-12-01 00:00:00,777080601926,18,DW,01,J,03,181,PAREDES TINAL RUBEN EFRAIN    ,1C,ACTIVO,94UW70 ,1,F121,08JL,5507,168,0,0,0,951,LECT NEGATIVA,2,,,,1,9P12J,2025-12-12 12:56:00,2025-12-11 10:04:52,1801,M,R9712,94UW70 ,99944,Nor,  ,,FR,S,GSC
2025-12-01 00:00:00,810040402316,38,DW,22,A,01,380,TERESA DE J SALDIVAR BARROSO  ,1B,ACTIVO,DRY078 ,2,F623,22NU,282,0,0,0,0,951,LECT NEGATIVA,16,,,,1,9MCCM,2025-12-29 11:20:00,2025-12-26 09:48:28,3801,L,GAXPM,DRY078 ,94453,Opt,  ,,,,GSC
2025-12-01 00:00:00,783080902519,16,DW,12,D,01,162,CORPHUS MENDEZ JULIO          ,1D,ACTIVO,20C8J2 ,2,F621,08KG,14907,94,0,0,0,951,LECT NEGATIVA,2,,,,1,9BBTM,2025-12-12 08:14:00,2025-12-10 15:01:59,1603,M,9P14M,20C8J2 ,99913,Nor,  ,,FR,S,GSC
2025-12-01 00:00:00,810020313031,40,DW,22,A,01,405,ALFREDO PLAZOLA ANGUIANO      ,1B,ACTIVO,20E2V7 ,2,F62F,08K6,23560,100,0,0,0,951,LECT NEGATIVA,2,,,,1,9MCCM,2025-12-30 09:14:00,2025-12-29 11:25:43,4055,R,9MCKU,20E2V7 ,99981,Nor,  ,,FR,S,GSC
2025-12-01 00:00:00,779130301395,36,DW,01,M,13,361,MARTINEZ GONZALEZ MARCELO     ,1D,ACTIVO,39B8U2 ,2,F621,08KG,36309,576,60,0,0,951,LECT NEGATIVA,8,MEDID NO TRABAJA,,,1,9P12J,2025-12-29 12:11:00,2025-12-26 12:19:00,3602,L,GAAEN,39B8U2 ,2,Nor,31,SERVICIO SIN USO,,,GSC
2025-12-01 00:00:00,781860100764,10,DW,12,B,01,101,BLANCA M CAHUM GONZALEZ       ,1D,ACTIVO,JE1525 ,1,F121,82EG,4673,100,0,0,0,951,LECT NEGATIVA,2,,,,1,9BBTM,2025-12-09 12:32:00,2025-12-05 09:52:57,1002,M,9NCWM,JE1525 ,9900,Nor,  ,,LN,S,GSC
2025-12-01 00:00:00,793010400694,34,DW,04,F,20,344,GUTIERREZ MENDOZA GRACIELA    ,1F,ACTIVO,HA117R ,1,F123,20NT,210,13,0,0,0,951,LECT NEGATIVA,2,,,,1,9MCF6,2025-12-26 11:51:00,2025-12-23 10:33:16,3427,L,9ND76,HA117R ,99989,Opt,  ,,,,GSC
2025-12-01 00:00:00,795170602521,02,DW,05,A,01,024,CARDENAS CARRILLO ELVIA JOSEFI,1F,CORTADO,A676KG ,2,F622,16LM,6921,538,0,0,0,951,LECT NEGATIVA,2,,,,1,9ND2K,2025-12-02 20:21:00,2025-12-01 06:49:36,0201,M,9ND4D,A676KG ,99464,Opt,  ,,,,GSC
2025-12-01 00:00:00,776940100231,12,DW,01,H,36,121,AIMEE A FRANCO PARDENILLA     ,1C,ACTIVO,R59N06 ,1,F121,93F5,26529,12,0,0,0,951,LECT NEGATIVA,16,,,,1,9P12J,2025-12-10 09:42:00,2025-12-08 11:42:28,1226,M,9MCGE,R59N06 ,99905,Nor,  ,,FR,S,GSC
2025-12-01 00:00:00,796971000961,24,DW,06,A,01,241,CORNEJO TILLIT SILVIA R       ,1D,ACTIVO,5KN007 ,1,F121,99GG,12473,81,0,0,0,951,LECT NEGATIVA,18,,,,1,9BBEG,2025-12-18 10:53:00,2025-12-16 09:45:35,2403,M,GAX9M,5KN007 ,99959,Nor,  ,,FR,S,GSC
2025-12-01 00:00:00,783130704161,34,DW,12,D,01,341,ABEL LEON BERISTAIN           ,1D,ACTIVO,YC683J ,2,F623,21NU,17812,1641,65,0,0,951,LECT NEGATIVA,8,UI MED INVERTIDO,,,1,9BBTM,2025-12-29 13:20:00,2025-12-23 09:39:24,3402,L,9ND6M,YC683J ,2166,Opt,  ,,,,GSC
2025-12-01 00:00:00,796030103831,34,DW,06,A,01,342,GARCIA REYES FRANCISCA        ,1D,ACTIVO,3E73G0 ,2,F621,02F3,12391,100,0,0,0,951,LECT NEGATIVA,2,,,,1,9BBEG,2025-12-26 12:29:00,2025-12-23 10:02:52,3401,M,9P14T,3E73G0 ,99900,Nor,41,CRISTAL ROTO,41,S,GSC
2025-12-01 00:00:00,800010801717,10,DW,07,A,25,251,TUZ TORREZ VERONICA           ,1B,ACTIVO,KK115F ,1,F123,20NT,6258,231,0,0,0,951,LECT NEGATIVA,18,,,,1,9MCJD,2025-12-10 13:23:00,2025-12-05 10:27:45,1027,L,9MC6T,KK115F ,462,Opt,  ,,,,GSC
2025-12-01 00:00:00,807810300281,26,DW,08,D,55,262,GREGORIO MOO MOO              ,1C,ACTIVO,540UA1 ,1,F122,12LH,5379,311,59,0,0,951,LECT NEGATIVA,8,DISPLAY APAGADO,,,1,9ND09,2025-12-18 10:36:00,2025-12-17 10:17:08,2626,L,9MCC7,540UA1 ,19,Opt,  ,,,,GSC
2025-12-01 00:00:00,775160600600,16,DW,01,G,01,165,KU CERVERA JESUS LUCIANO      ,1B,ACTIVO,607KTX ,1,F122,15LN,21860,721,53,0,0,951,LECT NEGATIVA,8,UI SERV DIRECTO,,,1,9P12J,2025-12-11 14:42:00,2025-12-10 12:16:01,1601,M,GA81N,607KTX ,415,Opt,  ,,,,GSC
2025-12-01 00:00:00,796060304164,04,DW,06,A,24,242,CONTRERAS LOPEZ CATALINA      ,1C,ACTIVO,3P517D ,1,F121,06JL,23082,291,0,0,0,951,LECT NEGATIVA,2,,,,1,9BBEG,2025-12-04 12:11:00,2025-12-02 11:58:22,0426,L,9P134,3P517D ,99848,Nor,  ,,FR,S,GSC
2025-12-01 00:00:00,806080300659,18,DW,08,C,32,183,H AYUNTAMIENTO TEKAL DE V     ,02,ACTIVO,940EBT ,2,F622,15LM,12694,177,53,0,0,951,LECT NEGATIVA,8,UI SERV DIRECTO,,,1,9ND09,2025-12-15 10:59:00,2025-12-11 09:45:11,1827,L,R9917,940EBT ,146,Opt,  ,,,,GSC
2025-12-01 00:00:00,787150700329,08,DW,03,C,71,006,ALONZO PUCH MANUEL            ,1B,CORTADO,370U8T ,1,F122,14LN,1653,63,0,0,0,951,LECT NEGATIVA,2,,,,1,9ND2R,2025-12-05 11:09:00,2025-12-04 10:40:11,0826,L,9MCCY,370U8T ,99937,Opt,  ,,,,GSC
2025-12-01 00:00:00,791990400641,32,DW,04,D,47,321,TEMPLO EVANGELICO             ,02,ACTIVO,368WYD ,2,F622,16LM,10219,226,52,0,0,951,LECT NEGATIVA,8,COMUNICACION INTERRU,,,1,9MCF6,2025-12-23 10:04:00,2025-12-22 10:31:48,3227,L,GA0WN,368WYD ,222,Nor,  ,,LM,S,GSC
2025-12-01 00:00:00,781091101418,16,DW,12,C,01,162,GARCIA LUIS JOSE ALBERTO      ,1D,ACTIVO,8DVA72 ,2,F623,25NY,97930,640,53,0,0,951,LECT NEGATIVA,8,UI SERV DIRECTO,,,1,9BBTM,2025-12-12 12:57:00,2025-12-10 13:26:38,1603,M,GAKFM,8DVA72 ,441,Opt,  ,,,,GSC
2025-12-01 00:00:00,781140601286,30,DW,12,B,01,305,AGUILAR HERNANDEZ JOSE ALFREDO,02,ACTIVO,6B957V ,2,F621,04F3,9685,300,0,0,0,951,LECT NEGATIVA,2,,,,1,9BBTM,2025-12-23 12:15:00,2025-12-19 15:29:34,3002,L,GATKM,6B957V ,99700,Nor,  ,,FR,S,GSC
2025-12-01 00:00:00,774020601529,06,DW,01,E,02,064,DIAZ JIMENEZ MANUEL           ,1D,ACTIVO,6T6M76 ,1,F121,02GG,13477,79,0,0,0,951,LECT NEGATIVA,2,,,,1,9P12J,2025-12-04 12:15:00,2025-12-03 11:41:03,0604,L,9EMHG,6T6M76 ,99921,Nor,  ,,FR,S,GSC
2025-12-01 00:00:00,783100901531,14,DW,12,D,01,143,CADU INMOBILIARIA             ,1D,ACTIVO,T013WL ,2,F622,18LM,1472,20,56,0,0,951,LECT NEGATIVA,8,NO HAY MEDIDOR,,,1,9BBTM,2025-12-11 12:34:00,2025-12-09 09:47:55,1403,M,GA4HN,T013WL ,45,Opt,  ,,,,GSC
2025-12-01 00:00:00,801031002250,34,DW,07,B,26,262,CAB DZIB VICTORIANO           ,1B,ACTIVO,2J21W9 ,1,F121,03GG,19170,221,0,0,0,951,LECT NEGATIVA,18,,,,1,9MCJD,2025-12-26 14:31:00,2025-12-23 11:24:58,3426,L,9JR0P,2J21W9 ,99897,Nor,  ,,FR,S,GSC
2025-12-01 00:00:00,770061100741,14,DW,01,A,01,143,MIRANDA RIVERO JORGE G        ,02,BAJA SIN MED RET,8T752H ,2,F621,06F3,5098,98,0,0,0,951,LECT NEGATIVA,2,,,,1,9P12J,2025-12-11 13:25:00,2025-12-09 10:17:22,1402,M,GA0MN,8T752H ,99901,Nor,  ,,FR,S,GSC
2025-12-01 00:00:00,775220501568,32,DW,01,G,03,324,CERVERA ABASCAL LUIS ALEJANDRO,1B,ACTIVO,YP962M ,2,F623,21NU,33,11,59,0,0,951,LECT NEGATIVA,8,DISPLAY APAGADO,,,1,9P12J,2025-12-23 13:21:00,2025-12-22 16:07:45,3228,M,R9962,YP962M ,99978,Opt,  ,,,,GSC
2025-12-01 00:00:00,789170501007,14,DW,04,A,05,144,H AYUNTAMIENTO DE CAMPECHE    ,02,ACTIVO,MF580T ,2,F623,20NU,33922,1024,53,0,0,951,LECT NEGATIVA,8,UI SERV DIRECTO,,,1,9MCF6,2025-12-11 13:02:00,2025-12-09 08:04:49,1427,M,9BBJK,MF580T ,242,Opt,  ,,,,GSC
2025-12-01 00:00:00,782010605961,24,DW,12,C,01,242,RAMIREZ ESPINOZA PEDRO        ,1D,ACTIVO,1E8M88 ,1,F121,01GG,53978,1,0,0,0,23,E23,2,,,,1,9BBTM,2025-12-16 14:13:00,2025-12-16 12:02:01,2401,L,9P120,1E8M88 ,99978,Nor,  ,,FR,S,GSC
2025-12-01 00:00:00,782011006092,24,DW,12,C,01,242,CUPUL CAUICH DANIEL           ,1D,ACTIVO,7G1V03 ,1,F121,01GG,83489,124,0,0,0,23,E23,18,,,,1,9BBTM,2025-12-16 12:38:00,2025-12-16 10:29:43,2401,L,9P120,7G1V03 ,6120,Nor,  ,,FR,S,GSC
2025-12-01 00:00:00,782020102436,39,DW,12,C,01,392,LILIANA MAZA COLLI            ,1C,ACTIVO,BE332M ,2,F623,19NV,12574,909,0,0,0,23,E23,2,,,,1,9BBTM,2025-12-01 08:45:00,,,,,,,,,,,,GSC
2025-12-01 00:00:00,782021002974,03,DW,12,C,01,030,AGUILAR RUIZ MARIA E          ,1D,ACTIVO,60W04B ,2,F62H,11KN,36881,638,0,0,0,0,,18,,,,1,9BBTM,2025-12-30 10:45:00,,,,,,,,,,,,GSC
2025-12-01 00:00:00,782021003717,28,DW,12,C,01,281,TAMAYO AGUILAR PEDRO          ,1D,ACTIVO,3D5M56 ,1,F121,00GG,27265,12,0,0,0,23,E23,18,,,,1,9BBTM,2025-12-18 16:59:00,2025-12-18 15:18:00,2801,M,GAA7N,3D5M56 ,0,Nor,51,NO ENCONTRE DOMI,,,GSC
2025-12-01 00:00:00,783251201131,12,DW,12,D,01,120,EVEDANO CERVANTES EDGAR       ,1D,ACTIVO,7AUN39 ,2,F623,25P2,177,177,0,0,0,23,E23,2,,,,1,9BBTM,2025-12-10 12:46:00,,,,,,,,,,,,GSC
2025-12-01 00:00:00,805160900693,20,DW,08,B,69,202,UH CANUL TIMOTEO              ,1B,ACTIVO,719DHB ,1,F122,15LN,13222,386,59,0,0,951,LECT NEGATIVA,8,DISPLAY APAGADO,,,1,9ND09,2025-12-16 13:01:00,2025-12-12 11:29:29,2027,M,9JRE1,719DHB ,372,Opt,  ,,,,GSC
2025-12-01 00:00:00,810080902958,18,DW,22,A,02,181,BORGES YAM ERIK NOE           ,1B,ACTIVO,36WT73 ,1,F121,08JL,31750,295,0,0,0,951,LECT NEGATIVA,2,,,,1,9MCCM,2025-12-12 09:04:00,2025-12-11 11:12:08,1802,M,9MC60,36WT73 ,99865,Nor,  ,,FR,S,GSC
2025-12-01 00:00:00,781250802368,06,DW,12,B,01,065,CRUZ RODRIGUEZ JOSE EDUARDO   ,1D,ACTIVO,6DVJ16 ,2,F623,25NY,0,100,0,0,0,951,LECT NEGATIVA,16,,,,1,9BBTM,2025-12-05 08:45:00,,,,,,,,,,,,GSC
2025-12-01 00:00:00,796050703362,04,DW,06,A,25,251,MORALES HERNANDEZ ROSALINA    ,1C,ACTIVO,GGT510 ,1,F123,23NX,4143,400,0,0,0,951,LECT NEGATIVA,18,,,,1,9BBEG,2025-12-04 12:16:00,2025-12-02 07:57:55,0427,L,GAX9M,GGT510 ,99600,Nor,  ,,FR,S,GSC
2025-12-01 00:00:00,796250801725,32,DW,06,A,04,041,REINOSO SIN DAVID LUIS        ,1B,ACTIVO,8ANG38 ,1,F123,25NX,0,120,0,0,0,951,LECT NEGATIVA,2,,,,1,9BBEG,2025-12-24 10:44:00,2025-12-22 07:54:55,3228,L,R9718,8ANG38 ,99897,Opt,  ,,,,GSC
2025-12-01 00:00:00,774980800313,12,DW,01,E,02,122,DOMINGUEZ MALDONADO JOAQUINA L,1D,CORTADO,HH756C ,1,F123,20NT,8511,799,65,0,0,951,LECT NEGATIVA,8,UI MED INVERTIDO,,,1,9P12J,2025-12-09 12:19:00,2025-12-08 15:42:40,1203,L,GAXVM,HH756C ,0,Opt,31,SERVICIO SIN USO,,,GSC
2025-12-01 00:00:00,796071003531,14,DW,06,A,01,142,RUEDA MORALES ROSARIO         ,1D,ACTIVO,99JY38 ,1,F121,07JL,25312,188,0,0,0,951,LECT NEGATIVA,2,,,,1,9BBEG,2025-12-11 09:07:00,2025-12-09 08:58:04,1401,M,9MCJY,99JY38 ,99940,Nor,  ,,FR,S,GSC
2025-12-01 00:00:00,796090904671,34,DW,06,A,01,343,RUIZ GONGORA MIGUEL ANGEL     ,1D,ACTIVO,43D1D8 ,2,F421,08KF,42194,80,0,0,0,951,LECT NEGATIVA,18,,,,1,9BBEG,2025-12-26 13:00:00,2025-12-23 09:34:42,3402,M,R9723,43D1D8 ,99898,Nor,  ,,FR,S,GSC
2025-12-01 00:00:00,780040605261,36,DW,12,A,01,360,JOEL NERI HERNANDEZ           ,1D,ACTIVO,A736KP ,2,F622,16LM,32250,194,53,0,0,951,LECT NEGATIVA,8,UI SERV DIRECTO,,,1,9BBTM,2025-12-30 06:56:00,2025-12-26 09:32:38,3601,M,GA4GN,A736KP ,28,Opt,  ,,,,GSC
2025-12-01 00:00:00,799250900943,18,DW,06,D,01,181,BACALANDS S DE RL DE CV       ,1B,ACTIVO,1BCU39 ,2,F623,25P2,0,150,0,0,0,951,LECT NEGATIVA,2,,,,1,9BBEG,2025-12-15 12:40:00,2025-12-11 09:25:52,1801,M,GAT5M,1BCU39 ,99852,Opt,  ,,,,GSC
2025-12-01 00:00:00,783250106194,20,DW,12,D,01,200,LAGUNES RIVERA DIANA ISABEL   ,1D,ACTIVO,RBT911 ,2,F623,24NY,1204,587,53,0,0,951,LECT NEGATIVA,4,UI SERV DIRECTO,,,1,9BBTM,2025-12-16 12:22:00,2025-12-12 15:13:06,2001,M,GATJM,RBT911 ,756,Opt,  ,,,,GSC
2025-12-01 00:00:00,786100901564,34,DW,03,B,23,342,SILVA ZAPATA MARIA LUCIANA    ,1C,ACTIVO,GT0593 ,1,F121,82EG,396,208,0,0,0,951,LECT NEGATIVA,2,,,,1,9ND2R,2025-12-26 12:22:00,2025-12-23 09:19:23,3426,L,9ND4A,GT0593 ,9964,Nor,  ,,LN,S,GSC
2025-12-01 00:00:00,802040100392,18,DW,07,C,42,186,CRUZ QUINTAL ISIDORA          ,1A,ACTIVO,217G4H ,2,F62E,13L2,24684,722,0,0,0,951,LECT NEGATIVA,2,,,,1,9MCJD,2025-12-15 14:30:00,2025-12-11 12:52:03,1828,M,9MCCP,217G4H ,99981,Nor,  ,,FR,S,GSC
2025-12-01 00:00:00,774250800571,32,DW,01,E,37,321,CAZARES LEE LUZ DEL CARMEN    ,1D,ACTIVO,2DVR43 ,2,F623,25NY,0,164,53,0,0,951,LECT NEGATIVA,4,UI SERV DIRECTO,,,1,9P12J,2025-12-23 13:30:00,2025-12-22 16:54:19,3205,L,GA00N,2DVR43 ,1,Opt,31,SERVICIO SIN USO,,,GSC
2025-12-01 00:00:00,804921200317,26,DW,08,A,08,001,CHIN TEC JAVIER               ,1B,ACTIVO,J99Y82 ,1,F121,92F5,42351,201,0,0,0,951,LECT NEGATIVA,2,,,,1,9ND09,2025-12-18 15:08:00,2025-12-17 10:46:54,2626,L,GAPUM,J99Y82 ,99984,Nor,  ,,FR,S,GSC
2025-12-01 00:00:00,776110401319,12,DW,01,E,37,124,ESCOBAR FLORES LILIANA        ,1D,ACTIVO,804JKM ,2,F622,15LM,13277,56,59,0,0,951,LECT NEGATIVA,8,DISPLAY APAGADO,,,1,9P12J,2025-12-09 12:20:00,2025-12-08 11:55:12,1204,L,R9933,804JKM ,108,Opt,  ,,,,GSC
2025-12-01 00:00:00,783230906925,40,DW,12,C,01,400,BOLAINA GONZALEZ YESENIA      ,1D,ACTIVO,JAY745 ,2,F623,23NU,4175,1015,53,0,0,951,LECT NEGATIVA,8,UI SERV DIRECTO,,,1,9BBTM,2025-12-01 11:30:00,2025-12-29 10:24:38,4001,L,9ND3W,JAY745 ,692,Opt,  ,,,,GSC
2025-12-01 00:00:00,793130402658,18,DW,04,F,17,181,ARROYO CAMPOS MOISES          ,1F,ACTIVO,961TX6 ,1,F122,12LH,4148,268,0,0,0,951,LECT NEGATIVA,2,,,,1,9MCF6,2025-12-12 12:13:00,2025-12-11 10:47:44,1826,L,9JR35,961TX6 ,99658,Opt,34,FUERA DE RUTA,,,GSC
2025-12-01 00:00:00,773030101340,14,DW,01,D,01,142,REYES MENDEZ JOSE ERIK        ,1D,ACTIVO,BE395M ,2,F623,19NV,8988,758,53,0,0,951,LECT NEGATIVA,8,UI SERV DIRECTO,,,1,9P12J,2025-12-10 13:54:00,2025-12-09 11:20:42,1402,L,9EMED,BE395M ,0,Opt,31,SERVICIO SIN USO,,,GSC
2025-12-01 00:00:00,800160600299,32,DW,07,A,05,301,YAM HAU EDUARDO               ,1B,ACTIVO,AWL688 ,1,F123,22NX,935,124,0,0,0,951,LECT NEGATIVA,2,,,,1,9MCJD,2025-12-23 13:14:00,2025-12-22 11:44:35,3201,L,9MCGY,AWL688 ,99933,Opt,  ,,,,GSC
2025-12-01 00:00:00,772060302831,32,DW,01,C,01,323,SUAREZ GONZALEZ SELMY LORENA  ,1D,ACTIVO,974X6R ,2,F622,14LM,37408,1414,59,0,0,951,LECT NEGATIVA,8,DISPLAY APAGADO,,,1,9P12J,2025-12-23 15:46:00,2025-12-22 11:43:41,3202,M,9JRG2,974X6R ,1012,Opt,  ,,,,GSC
2025-12-01 00:00:00,781840400362,04,DW,12,B,01,044,CONCEPCION DELGADO RIVERO     ,1D,ACTIVO,8D44C3 ,1,F121,03GG,85142,943,60,0,0,951,LECT NEGATIVA,8,MEDID NO TRABAJA,,,1,9BBTM,2025-12-04 12:32:00,2025-12-02 08:39:42,0401,L,9MCB5,8D44C3 ,1,Nor,31,SERVICIO SIN USO,,,GSC
2025-12-01 00:00:00,770250300158,24,DW,01,M,15,243,SDN CAFETERIA 9BSEPM LA PLANCH,02,ACTIVO,HLP322 ,2,F623,23NY,0,0,51,0,0,951,LECT NEGATIVA,4,NO ENCONTRE DOMI,,,1,9P12J,2025-12-18 09:58:00,2025-12-16 16:40:14,2426,L,9NCYK,HLP322 ,98788,Opt,  ,,,,GSC
2025-12-01 00:00:00,810080303655,08,DW,22,A,02,082,CARDOS ESPADAS ABIGAIL DEL C  ,1B,ACTIVO,9U734H ,2,F421,06GH,9825,105,0,0,0,951,LECT NEGATIVA,2,,,,1,9MCCM,2025-12-05 07:49:00,2025-12-04 11:21:22,0802,L,9MCKU,9U734H ,99903,Nor,  ,,FR,S,GSC
2025-12-01 00:00:00,775020301726,26,DW,01,G,01,262,CARDENA MEJIA MARGARITA       ,1B,ACTIVO,1B7J86 ,1,F121,00GG,1564,306,0,0,0,951,LECT NEGATIVA,2,,,,1,9P12J,2025-12-19 08:45:00,2025-12-17 10:36:39,2603,M,GA81N,1B7J86 ,99733,Nor,  ,,FR,S,GSC
2025-12-01 00:00:00,782030508091,26,DW,12,C,01,260,LORIA MARTIN FLORENCIO        ,1D,ACTIVO,XA618W ,1,F123,21NT,12001,1043,65,0,0,951,LECT NEGATIVA,8,UI MED INVERTIDO,,,1,9BBTM,2025-12-19 13:26:00,2025-12-17 08:19:52,2601,L,9NCWW,XA618W ,1715,Opt,  ,,,,GSC
2025-12-01 00:00:00,787751001614,38,DW,03,C,78,001,CAUICH DZUL LUIS EDUARDO      ,1C,ACTIVO,4DC409 ,1,F121,98GG,10190,490,61,0,0,951,LECT NEGATIVA,4,MANECILLAS DESCA,,,1,9ND2R,2025-12-29 12:04:00,2025-12-26 15:32:48,3827,L,GA6WN,4DC409 ,99509,Nor,  ,,FR,S,GSC
2025-12-01 00:00:00,779041100912,28,DW,01,M,06,284,ALEM MANUEL ECHEVERRIA CHAN   ,1B,ACTIVO,1A107J ,1,F121,04GG,22204,258,0,0,0,951,LECT NEGATIVA,2,,,,1,9P12J,2025-12-22 10:32:00,2025-12-18 10:26:23,2826,L,9JRBR,1A107J ,99771,Nor,40,SIN SELLO,FR,S,GSC
2025-12-01 00:00:00,779080800395,10,DW,01,M,01,101,GALA TELLEZ RICARDO MAURICIO  ,1B,ACTIVO,3XD121 ,2,F621,00F3,6027,100,0,0,0,951,LECT NEGATIVA,2,,,,1,9P12J,2025-12-09 10:08:00,2025-12-05 11:25:34,1002,L,G92B2,3XD121 ,99959,Nor,  ,,FR,S,GSC
2025-12-01 00:00:00,789010907066,71,DW,04,A,01,712,NACIONAL MONTE DE PIEDAD IAP  ,67,ACTIVO,MY575A ,3,VL28,20KE,1829,1360,0,0,0,951,LECT NEGATIVA,2,,,,1,9MCF6,2025-12-17 18:46:00,2025-12-16 11:14:11,7101,L,9JRCP,MY575A ,0,Opt,31,SERVICIO SIN USO,,,GSC
2025-12-01 00:00:00,776121102381,40,DW,01,E,37,405,PECH CANUL PEDRO ANGEL        ,1D,CORTADO,09PD26 ,2,F621,07F3,13381,200,0,0,0,951,LECT NEGATIVA,2,,,,1,9P12J,2025-12-30 11:46:00,2025-12-29 10:21:33,4003,M,GA00N,09PD26 ,99800,Nor,  ,,FR,S,GSC
2025-12-01 00:00:00,788120101079,20,DW,03,D,27,203,MUKUL DZUL CARLOS ENRIQUE     ,1B,ACTIVO,81W22B ,2,F62H,11KN,7488,50,0,0,0,951,LECT NEGATIVA,2,,,,1,9ND2R,2025-12-15 18:20:00,2025-12-12 11:46:47,2026,L,9EMGH,81W22B ,99983,Opt,  ,,,,GSC
2025-12-01 00:00:00,777040200520,14,DW,01,J,28,144,ALONZO ALVAREZ ADELA          ,1B,ACTIVO,9M22V8 ,1,F121,04GG,57118,1535,0,0,0,951,LECT NEGATIVA,2,,,,1,9P12J,2025-12-11 09:24:00,2025-12-09 08:56:01,1427,L,9NCXE,9M22V8 ,99414,Nor,  ,,FR,S,GSC
2025-12-01 00:00:00,800081200803,18,DW,07,A,05,183,TELLO CORREA REYNA MARIA      ,1B,ACTIVO,322UA8 ,1,F122,12LH,14910,312,0,0,0,951,LECT NEGATIVA,2,,,,1,9MCJD,2025-12-15 13:33:00,2025-12-11 10:14:45,1802,L,9JRAJ,322UA8 ,99762,Opt,  ,,,,GSC
2025-12-01 00:00:00,803960800350,10,DW,07,D,30,301,DZUL CAAMAL VICTORIANO        ,1B,ACTIVO,M31Y62 ,1,F121,93F5,28000,310,0,0,0,951,LECT NEGATIVA,2,,,,1,9MCJD,2025-12-08 17:26:00,2025-12-05 12:26:22,1026,M,GA2CN,M31Y62 ,99689,Nor,  ,,FR,S,GSC
2025-12-01 00:00:00,773980700231,06,DW,01,D,01,068,AICELA C MOLINA VEGA          ,1D,ACTIVO,CVN220 ,2,F623,22NU,22771,1880,53,0,0,951,LECT NEGATIVA,8,UI SERV DIRECTO,,,1,9P12J,2025-12-04 15:02:00,2025-12-03 10:33:21,0606,L,9ND4J,CVN220 ,1739,Opt,  ,,,,GSC
2025-12-01 00:00:00,781160101107,14,DW,12,B,01,141,VILLANUEVA ANTONIO MONICA     ,1D,ACTIVO,672JHJ ,2,F622,15LM,16057,353,60,0,0,951,LECT NEGATIVA,8,MEDID NO TRABAJA,,,1,9BBTM,2025-12-11 10:08:00,2025-12-09 07:55:44,1401,M,GAX2M,672JHJ ,197,Opt,  ,,,,GSC
2025-12-01 00:00:00,807001056124,08,DW,08,D,58,081,YOLANDA DZIB CASTRO           ,1D,ACTIVO,9PH232 ,1,F121,99GG,36452,262,0,0,0,951,LECT NEGATIVA,2,,,,1,9ND09,2025-12-08 11:08:00,2025-12-04 10:58:31,0826,L,R9857,9PH232 ,99747,Nor,  ,,FR,S,GSC
2025-12-01 00:00:00,773241202045,10,DW,01,D,01,101,CENTURION CASTRO FERNANDO GENA,1D,ACTIVO,2AAA85 ,2,F623,25NY,623,231,53,0,0,951,LECT NEGATIVA,4,UI SERV DIRECTO,,,1,9P12J,2025-12-08 14:06:00,2025-12-05 10:34:10,1001,L,9BBR3,2AAA85 ,237,Opt,  ,,,,GSC
2025-12-01 00:00:00,779170302866,04,DW,01,M,01,044,AGUILUZ RUIZ JOSE ANGEL       ,1B,ACTIVO,M322LB ,2,F62J,17L2,58502,1945,0,0,0,951,LECT NEGATIVA,2,,,,1,9P12J,2025-12-03 12:13:00,2025-12-02 09:13:12,0404,M,R9982,M322LB ,-141,Nor,  ,,,,GSC
2025-12-01 00:00:00,773790100301,20,DW,01,D,01,200,YOLANDA COLLI HERNANDEZ       ,1D,ACTIVO,J9969U ,1,F121,75AM,24415,861,65,0,0,951,LECT NEGATIVA,8,UI MED INVERTIDO,,,1,9P12J,2025-12-15 14:34:00,2025-12-12 09:11:14,2001,L,9NCYP,J9969U ,790,Nor,  ,,,,GSC
2025-12-01 00:00:00,804040800893,79,DW,08,A,10,792,PERAZA MALDONADO ANTONIO      ,09,ACTIVO,6V55K4 ,2,F421,04GH,9611,186,0,0,0,951,LECT NEGATIVA,2,,,,1,9ND09,2025-12-01 11:51:00,2025-12-29 13:55:52,7901,L,GAEQM,6V55K4 ,99919,Nor,  ,,LN,S,GSC
2025-12-01 00:00:00,772050900161,32,DW,01,C,01,324,MATOS MEX EFRAIN              ,1D,ACTIVO,WNV418 ,2,F623,24P2,99550,450,53,0,0,951,LECT NEGATIVA,8,UI SERV DIRECTO,,,1,9P12J,2025-12-23 15:46:00,2025-12-22 10:33:55,3205,M,GA82N,WNV418 ,498,Opt,  ,,,,GSC
2025-12-01 00:00:00,793990100349,10,DW,04,F,19,101,AUDELIA BELTRAN HDEZ          ,1F,ACTIVO,317FG1 ,1,F122,12LH,8150,315,0,0,0,951,LECT NEGATIVA,2,,,,1,9MCF6,2025-12-08 11:29:00,2025-12-05 11:58:16,1026,L,9BBRA,317FG1 ,99933,Opt,  ,,,,GSC
2025-12-01 00:00:00,781850700020,08,DW,12,B,01,080,LEONARDO BACAB LOPEZ          ,1D,ACTIVO,2DVD61 ,2,F623,25NY,96689,1572,56,0,0,951,LECT NEGATIVA,8,NO HAY MEDIDOR,,,1,9BBTM,2025-12-08 15:41:00,2025-12-04 10:48:32,0801,L,GATKM,2DVD61 ,2258,Opt,  ,,,,GSC
2025-12-01 00:00:00,796060601843,32,DW,06,A,04,041,ALVARADO FLORES FERNANDO      ,1B,ACTIVO,1R235X ,2,F621,06F3,1316,112,0,0,0,951,LECT NEGATIVA,2,,,,1,9BBEG,2025-12-24 10:21:00,2025-12-22 08:32:35,3228,L,R9718,1R235X ,99922,Nor,  ,,FR,S,GSC
2025-12-01 00:00:00,795051201631,26,DW,05,A,01,261,OCANA CASTILLO JUANA          ,1F,ACTIVO,7X11V1 ,1,F121,04GG,29646,136,0,0,0,951,LECT NEGATIVA,2,,,,1,9ND2K,2025-12-18 09:17:00,2025-12-17 10:20:30,2604,M,9NCUF,7X11V1 ,99936,Nor,  ,,FR,S,GSC
2025-12-01 00:00:00,796210804047,34,DW,06,A,01,342,BENITES SALAS JORGE ANTONIO   ,1D,ACTIVO,HA292Y ,1,F123,20NT,6797,281,0,0,0,951,LECT NEGATIVA,2,,,,1,9BBEG,2025-12-26 12:51:00,2025-12-23 11:29:33,3401,M,9P14T,HA292Y ,99877,Nor,  ,,FR,S,GSC
2025-12-01 00:00:00,807920400346,20,DW,08,D,55,554,CRUZ CAMPOS RICARDO           ,02,ACTIVO,P9M429 ,3,FD2N,90F4,54762,555,50,0,0,951,LECT NEGATIVA,8,CASA CERRADA,,,1,9ND09,2025-12-16 14:14:00,2025-12-12 13:27:10,2026,L,9MCC7,P9M429 ,0,Nor,31,SERVICIO SIN USO,,,GSC
2025-12-01 00:00:00,808050700647,28,DW,08,E,76,281,AMARO NAAL JOSE DEMETRIO      ,1B,ACTIVO,5V52P0 ,2,F421,04GH,11031,0,0,0,0,951,LECT NEGATIVA,18,,,,1,9ND09,2025-12-22 13:37:00,2025-12-18 12:43:12,2827,M,GAHXM,5V52P0 ,99989,Nor,  ,,FR,S,GSC
2025-12-01 00:00:00,783001056314,10,DW,12,D,02,101,ORTEGA PALACIOS REYNA         ,1B,ACTIVO,HH877D ,1,F123,20NT,3390,19,59,0,0,951,LECT NEGATIVA,8,DISPLAY APAGADO,,,1,9BBTM,2025-12-09 10:57:00,2025-12-05 11:42:56,1026,M,9P14M,HH877D ,99970,Opt,  ,,,,GSC
2025-12-01 00:00:00,783130703814,38,DW,12,D,01,381,MONRROY TRILLO MIRIAM         ,1D,ACTIVO,FKA728 ,1,F123,22NX,10727,1136,53,0,0,951,LECT NEGATIVA,8,UI SERV DIRECTO,,,1,9BBTM,2025-12-30 10:24:00,2025-12-26 08:18:38,3802,L,GA4HN,FKA728 ,770,Opt,  ,,,,GSC
2025-12-01 00:00:00,782920300527,12,DW,12,C,01,121,CAROLINA REYES T              ,1D,ACTIVO,8AUY62 ,2,F623,25P2,99275,724,53,0,0,951,LECT NEGATIVA,8,UI SERV DIRECTO,,,1,9BBTM,2025-12-10 09:07:00,2025-12-08 11:04:11,1202,M,GAALN,8AUY62 ,879,Opt,  ,,,,GSC
2025-12-01 00:00:00,780250901319,68,DW,12,A,01,682,CONRADMED SC                  ,67,ACTIVO,GFR597 ,3,VL28,22NJ,52,0,59,0,0,951,LECT NEGATIVA,4,DISPLAY APAGADO,,,1,9BBTM,2025-12-15 17:29:00,2025-12-11 08:53:54,6802,L,9BBM1,GFR597 ,81,Opt,  ,,,,GSC
2025-12-01 00:00:00,770010802580,34,DW,01,A,01,343,LETICIA QUIJANO M             ,1D,ACTIVO,7N2N37 ,2,F621,01F3,1577,19,0,0,0,951,LECT NEGATIVA,2,,,,1,9P12J,2025-12-26 13:00:00,2025-12-23 08:37:42,3402,M,GAKKM,7N2N37 ,99980,Nor,  ,,FR,S,GSC
2025-12-01 00:00:00,783120200814,14,DW,12,D,01,143,CHAN LAVADORES JOSE MANUEL    ,1D,ACTIVO,15E43E ,2,F62H,10KN,18577,1033,53,0,0,951,LECT NEGATIVA,8,UI SERV DIRECTO,,,1,9BBTM,2025-12-11 12:31:00,2025-12-09 10:11:16,1403,M,GA4HN,15E43E ,1403,Opt,  ,,,,GSC
2025-12-01 00:00:00,782140201799,06,DW,12,C,01,060,BRICE O CERVERA LIZBETH GUADAL,1D,ACTIVO,UM628V ,2,F623,21NY,13635,1498,53,0,0,951,LECT NEGATIVA,8,UI SERV DIRECTO,,,1,9BBTM,2025-12-05 09:33:00,2025-12-03 09:10:10,0601,M,9ND3W,UM628V ,1541,Opt,  ,,,,GSC
2025-12-01 00:00:00,801230202845,32,DW,07,B,40,405,CEBALLOS LOPEZ MARIA CONCEPCIO,1C,ACTIVO,TU815C ,1,F123,21NX,4628,321,0,0,0,951,LECT NEGATIVA,2,,,,1,9MCJD,2025-12-23 06:49:00,2025-12-22 11:45:19,3226,L,9JR0P,TU815C ,99967,Opt,  ,,,,GSC
2025-12-01 00:00:00,782021103932,36,DW,12,C,01,361,VALLE FRAGOSO ANA YURIDIA     ,1D,ACTIVO,XMN195 ,1,F123,24NX,98877,307,56,0,0,951,LECT NEGATIVA,8,NO HAY MEDIDOR,,,1,9BBTM,2025-12-30 08:04:00,2025-12-26 09:17:33,3602,L,9P130,XMN195 ,237,Opt,  ,,,,GSC
2025-12-01 00:00:00,801971201048,38,DW,07,B,92,922,PUC DZUL FILIBERTO            ,1C,ACTIVO,R4X885 ,1,F121,90F5,5502,45,0,0,0,951,LECT NEGATIVA,2,,,,1,9MCJD,2025-12-29 17:11:00,2025-12-26 14:23:27,3830,L,GAT3M,R4X885 ,99968,Nor,  ,,FR,S,GSC
2025-12-01 00:00:00,802151000621,14,DW,07,C,42,142,TEODORO ANCONA                ,1A,ACTIVO,753DLW ,2,F622,15LM,33547,524,0,0,0,951,LECT NEGATIVA,2,,,,1,9MCJD,2025-12-11 11:01:00,2025-12-09 10:32:33,1426,M,9ND12,753DLW ,99958,Opt,  ,,,,GSC
2025-12-01 00:00:00,773250501411,38,DW,01,D,01,385,URIBE RUIZ PEDRO ALFONSO      ,1D,ACTIVO,M414UN ,2,F622,17LM,132,331,53,0,0,951,LECT NEGATIVA,4,UI SERV DIRECTO,,,1,9P12J,2025-12-30 11:42:00,2025-12-26 16:04:38,3805,L,GAKVM,M414UN ,160,Opt,  ,,,,GSC
2025-12-01 00:00:00,776180800245,34,DW,01,H,36,342,PENICHE LINERO MARIANO DE JESU,1C,ACTIVO,L795UA ,1,F122,18LN,79,24,0,0,0,951,LECT NEGATIVA,2,,,,1,9P12J,2025-12-26 10:43:00,2025-12-23 09:30:23,3426,L,9P167,L795UA ,99983,Opt,  ,,,,GSC
2025-12-01 00:00:00,775060901424,18,DW,01,G,01,180,BORGES MENDOZA SANDRA JAQUELIN,1B,ACTIVO,UL703T ,2,F623,21NY,98378,1058,53,0,0,951,LECT NEGATIVA,8,UI SERV DIRECTO,,,1,9P12J,2025-12-15 15:33:00,2025-12-11 09:03:59,1802,M,GAXWM,UL703T ,858,Opt,  ,,,,GSC
2025-12-01 00:00:00,803050100184,24,DW,07,D,05,053,EK CAAMAL MARICELA            ,1C,ACTIVO,3X47V9 ,1,F121,04GG,1300,19,0,0,0,951,LECT NEGATIVA,2,,,,1,9MCJD,2025-12-17 14:54:00,2025-12-16 13:18:04,2427,M,R9920,3X47V9 ,99985,Nor,  ,,FR,S,GSC
2025-12-01 00:00:00,812091003257,26,DW,22,A,02,262,CHI CANCHE ANTONIO GABRIEL    ,1B,ACTIVO,9U854H ,2,F421,06GH,4400,108,0,0,0,951,LECT NEGATIVA,2,,,,1,9MCCM,2025-12-18 07:41:00,2025-12-17 09:02:13,2610,L,GAXPM,9U854H ,99948,Nor,  ,,FR,S,GSC
2025-12-01 00:00:00,780001258104,20,DW,12,A,05,202,HEYDE CETINA                  ,1D,ACTIVO,772G9N ,2,F622,13LM,24478,460,59,0,0,951,LECT NEGATIVA,8,DISPLAY APAGADO,,,1,9BBTM,2025-12-16 10:02:00,2025-12-12 13:05:33,2027,M,GA8DN,772G9N ,642,Opt,  ,,,,GSC
2025-12-01 00:00:00,778070700621,10,DW,01,K,42,103,CANCHE ITZA LUIS FELIPE       ,1C,ACTIVO,40GV33 ,1,F121,07JL,47589,790,53,0,0,951,LECT NEGATIVA,8,UI SERV DIRECTO,,,1,9P12J,2025-12-09 14:52:00,2025-12-05 12:58:45,1002,L,G92B1,40GV33 ,1526,Nor,  ,,FR,S,GSC
2025-12-01 00:00:00,783111010981,26,DW,12,A,05,260,PEREZ FLORES MARCO ANTONIO    ,1D,ACTIVO,17U9J3 ,2,F62H,09KN,61539,1751,65,0,0,951,LECT NEGATIVA,8,UI MED INVERTIDO,,,1,9BBTM,2025-12-19 07:19:00,2025-12-17 08:03:44,2626,M,GAF1M,17U9J3 ,3042,Opt,  ,,,,GSC
2025-12-01 00:00:00,802821100142,40,DW,07,C,09,401,31DCC0089D ESC ANTONIO MEDIZ B,02,ACTIVO,J560PV ,2,F622,17LM,11903,3280,0,0,0,951,LECT NEGATIVA,2,,,,1,9MCJD,2025-12-01 13:50:00,2025-12-29 14:07:15,4027,L,GAM7M,J560PV ,99974,Opt,  ,,,,GSC
2025-12-01 00:00:00,774030102971,04,DW,01,E,02,042,CANTO TEC ELSA MA             ,1D,CORTADO,6B30J2 ,1,F121,03GG,20969,1000,0,0,0,951,LECT NEGATIVA,2,,,,1,9P12J,2025-12-03 11:05:00,2025-12-02 17:07:25,0405,L,GAKJM,6B30J2 ,99000,Nor,  ,,FR,S,GSC
2025-12-01 00:00:00,780990700783,34,DW,12,B,01,340,ABRAHAM CARDENAS EUAN         ,1D,ACTIVO,8V2M47 ,2,F121,02GG,22945,555,60,0,0,951,LECT NEGATIVA,8,MEDID NO TRABAJA,,,1,9BBTM,2025-12-29 12:27:00,2025-12-23 08:21:31,3401,L,9NCX2,8V2M47 ,0,Nor,31,SERVICIO SIN USO,,,GSC
2025-12-01 00:00:00,782180203875,08,DW,12,C,01,083,HERNANDEZ DIAZ DIANA AHIDE    ,02,ACTIVO,M683RM ,2,F622,17LM,9040,1722,56,0,0,951,LECT NEGATIVA,8,NO HAY MEDIDOR,,,1,9BBTM,2025-12-08 13:14:00,2025-12-04 11:47:12,0803,L,GAE2M,M683RM ,217,Nor,  ,,FR,S,GSC
2025-12-01 00:00:00,802070800755,18,DW,07,C,42,186,REYES FELIX TERESA            ,1A,ACTIVO,100EK1 ,2,F62J,11L2,6182,43,0,0,0,951,LECT NEGATIVA,2,,,,1,9MCJD,2025-12-15 14:29:00,2025-12-11 11:34:05,1828,M,9MCCP,100EK1 ,99973,Nor,  ,,FR,S,GSC
2025-12-01 00:00:00,806170800839,26,DW,08,C,28,261,DZUL CANCHE CONCEPCION        ,1C,CORTADO,579VBL ,1,F122,16LN,11228,135,65,0,0,951,LECT NEGATIVA,8,UI MED INVERTIDO,,,1,9ND09,2025-12-18 16:46:00,2025-12-17 11:19:49,2601,L,R9917,579VBL ,479,Opt,  ,,,,GSC
2025-12-01 00:00:00,770050400531,34,DW,01,B,01,342,MIER Y TERAN CALERO FELIX A   ,1D,ACTIVO,7E911G ,1,F121,05JL,14540,91,0,0,0,951,LECT NEGATIVA,18,,,,1,9P12J,2025-12-29 10:33:00,2025-12-23 09:59:23,3401,M,GA0MN,7E911G ,99954,Nor,  ,,FR,S,GSC
2025-12-01 00:00:00,795210202334,26,DW,05,A,01,261,PEREZ GARCIA CARLOS MIGUEL    ,1F,SUJETO A CORTE,890X8T ,2,F622,14LM,265,797,0,0,0,951,LECT NEGATIVA,2,,,,1,9ND2K,2025-12-18 09:17:00,2025-12-17 08:51:27,2604,M,9NCUF,890X8T ,99203,Nor,  ,,FR,S,GSC
2025-12-01 00:00:00,771130207142,06,DW,01,E,02,062,NOVELO ROMERO NELLY NOEMI     ,1D,ACTIVO,1B5J55 ,1,F121,00GG,8289,646,0,0,0,951,LECT NEGATIVA,2,,,,1,9P12J,2025-12-04 12:14:00,2025-12-03 08:47:03,0602,L,9NCYE,1B5J55 ,99354,Nor,  ,,FR,S,GSC
2025-12-01 00:00:00,782250102273,12,DW,12,C,01,122,LOPEZ COUOH JOSETH RONALDO    ,1D,ACTIVO,RBP599 ,2,F623,24NY,99760,8,53,0,0,951,LECT NEGATIVA,4,UI SERV DIRECTO,,,1,9BBTM,2025-12-10 09:11:00,2025-12-08 15:25:16,1203,M,GAKFM,RBP599 ,238,Opt,  ,,,,GSC
2025-12-01 00:00:00,806231200252,12,DW,08,C,28,121,MAY EB ROLADO                 ,1C,ACTIVO,GGU717 ,1,F123,23NX,1663,343,60,0,0,951,LECT NEGATIVA,8,MEDID NO TRABAJA,,,1,9ND09,2025-12-10 09:36:00,2025-12-08 08:57:08,1201,M,9MCDR,GGU717 ,17,Opt,  ,,,,GSC
2025-12-01 00:00:00,783110801712,12,DW,12,D,01,122,COLLADO SILVAN JOSE DEL ROSARI,1D,ACTIVO,YP337M ,2,F623,21NU,15477,1604,53,0,0,951,LECT NEGATIVA,8,UI SERV DIRECTO,,,1,9BBTM,2025-12-10 12:34:00,2025-12-08 15:43:45,1203,M,9ND6M,YP337M ,1416,Opt,  ,,,,GSC
2025-12-01 00:00:00,791110300651,14,DW,04,D,89,001,MUNICIPIO DE CALKINI          ,02,ACTIVO,U722VA ,1,F122,18LN,380,25,0,0,0,951,LECT NEGATIVA,2,,,,1,9MCF6,2025-12-10 13:50:00,2025-12-09 12:34:16,1426,L,9MCHH,U722VA ,99956,Opt,  ,,,,GSC
2025-12-01 00:00:00,803080300617,24,DW,07,D,05,052,KOH CEN SANTIAGO              ,1C,ACTIVO,82LJ39 ,1,F121,07JL,8642,372,0,0,0,951,LECT NEGATIVA,2,,,,1,9MCJD,2025-12-17 15:00:00,2025-12-16 12:21:30,2426,L,GA2CN,82LJ39 ,99737,Nor,  ,,FR,S,GSC
2025-12-01 00:00:00,777250703028,28,DW,01,J,10,281,PUERTO ESCOBAR MARIA ELENA    ,1C,ACTIVO,2AAN52 ,2,F623,25NY,4,21,52,0,0,951,LECT NEGATIVA,4,COMUNICACION INTERRU,,,1,9P12J,2025-12-22 10:06:00,2025-12-18 12:26:11,2830,L,R9712,2AAN52 ,99984,Opt,  ,,,,GSC
2025-12-01 00:00:00,802140900744,18,DW,07,C,42,427,C BRIES MEXICO CONDOS SA DE CV,02,ACTIVO,MF208L ,2,F623,20NU,33524,4110,0,0,0,951,LECT NEGATIVA,2,,,,1,9MCJD,2025-12-15 17:00:00,2025-12-11 09:54:26,1827,M,GAM7M,MF208L ,20289,Opt,  ,,,,GSC
2025-12-01 00:00:00,315190200346,72,DW,04,A,01,722,RAMIREZ VILLARREAL GERARDO    ,9C,ACTIVO,GGF627 ,3,VL28,22NJ,8595,20880,60,0,0,951,LECT NEGATIVA,8,MEDID NO TRABAJA,,,1,9MCF6,2025-12-18 15:38:00,2025-12-17 10:07:21,7201,L,9EME2,GGF627 ,99899,Opt,  ,,,,GSC
2025-12-01 00:00:00,794200100090,22,DW,04,G,10,221,DIAZ LIZCANO ANDRES           ,1F,ACTIVO,39X38L ,1,F12H,11KU,6070,49,0,0,0,951,LECT NEGATIVA,2,,,,1,9MCF6,2025-12-17 10:38:00,2025-12-15 08:52:45,2226,L,R9484,39X38L ,99849,Opt,  ,,,,GSC
2025-12-01 00:00:00,776000856639,28,DW,01,H,36,288,JOSE PEDRO EK KOYOC           ,1C,ACTIVO,4YB978 ,1,F121,00GG,1369,155,0,0,0,951,LECT NEGATIVA,2,,,,1,9P12J,2025-12-22 10:27:00,2025-12-18 09:38:58,2828,L,9P167,4YB978 ,99945,Nor,  ,,FR,S,GSC
2025-12-01 00:00:00,783230402994,36,DW,12,D,01,360,ARJONA CRUZ NORMA LETICIA     ,1D,ACTIVO,FF214B ,2,F622,19MP,9731,776,53,0,0,951,LECT NEGATIVA,8,UI SERV DIRECTO,,,1,9BBTM,2025-12-30 07:37:00,2025-12-26 16:38:51,3601,L,9NCX3,FF214B ,810,Opt,  ,,,,GSC
2025-12-01 00:00:00,776090400990,08,DW,01,H,38,083,CHAVEZ RIVERO BLANCA ROSA     ,1B,ACTIVO,40D3A9 ,2,F421,08KF,7442,97,0,0,0,951,LECT NEGATIVA,2,,,,1,9P12J,2025-12-08 09:43:00,2025-12-04 09:45:05,0826,L,9JR2C,40D3A9 ,99976,Nor,  ,,FR,S,GSC
2025-12-01 00:00:00,789101101382,64,DW,04,A,01,640,ALCALA FERRAEZ ROBERTO IVAN   ,9M,ACTIVO,MX855A ,3,KL28,20KE,24110,521,0,0,0,951,LECT NEGATIVA,2,,,,1,9MCF6,2025-12-09 08:33:00,2025-12-05 11:13:49,6401,L,9EME2,MX855A ,983,Opt,  ,,,,GSC
2025-12-01 00:00:00,794190904110,06,DW,04,G,83,001,CORTES GARCIA MARCELINO       ,1F,ACTIVO,V586LE ,1,F122,19LN,1590,181,0,0,0,951,LECT NEGATIVA,2,,,,1,9MCF6,2025-12-04 12:46:00,2025-12-03 10:49:24,0626,L,R9484,V586LE ,99917,Opt,  ,,,,GSC
2025-12-01 00:00:00,801250700493,34,DW,07,B,27,271,BRERA VILLAMIL JORGE CESAR    ,1B,ACTIVO,XNH711 ,1,F123,24NX,9,9,0,0,0,951,LECT NEGATIVA,18,,,,1,9MCJD,2025-12-26 14:25:00,2025-12-23 11:17:35,3429,L,9ND1B,XNH711 ,99773,Opt,  ,,,,GSC
2025-12-01 00:00:00,802971000022,28,DW,07,C,01,281,ALFONSO ANGULO POOT           ,1B,ACTIVO,HH678B ,1,F123,20NT,5706,204,0,0,0,951,LECT NEGATIVA,2,,,,1,9MCJD,2025-12-21 18:11:00,2025-12-18 10:42:04,2827,M,GAPFM,HH678B ,99817,Opt,  ,,,,GSC
2025-12-01 00:00:00,807040600087,08,DW,08,D,58,081,VALLADARES MIGUEL A           ,1D,ACTIVO,0F1L94 ,1,F121,01GG,27420,132,0,0,0,951,LECT NEGATIVA,2,,,,1,9ND09,2025-12-08 11:08:00,2025-12-04 12:28:44,0826,L,R9857,0F1L94 ,99924,Nor,  ,,FR,S,GSC
2025-12-01 00:00:00,779940300085,18,DW,01,M,20,181,GILBERTO CAN MATU             ,1B,ACTIVO,T31F46 ,1,F121,93F5,47232,465,56,0,0,951,LECT NEGATIVA,8,NO HAY MEDIDOR,,,1,9P12J,2025-12-15 10:34:00,2025-12-11 12:25:27,1827,L,G92B2,T31F46 ,214,Nor,  ,,FR,S,GSC
2025-12-01 00:00:00,783180801426,04,DW,12,C,01,042,ARIAS SILVA TZETZANGARI MAGDAL,1D,ACTIVO,746JLB ,2,F622,15LM,32080,487,53,0,0,951,LECT NEGATIVA,8,UI SERV DIRECTO,,,1,9BBTM,2025-12-04 09:22:00,2025-12-02 10:16:12,0402,M,9P130,746JLB ,0,Opt,31,SERVICIO SIN USO,,,GSC
2025-12-01 00:00:00,795040400713,12,DW,05,A,01,082,CAMEJO  MENA JOSE LUIS        ,1F,ACTIVO,2F28M7 ,2,F621,03F3,4146,1058,0,0,0,951,LECT NEGATIVA,2,,,,1,9ND2K,2025-12-08 17:44:00,2025-12-08 11:58:43,1202,M,9NCUA,2F28M7 ,99101,Nor,  ,,FR,S,GSC
2025-12-01 00:00:00,780141203164,28,DW,12,A,05,280,MADRIGAL CORAL SHIRLEY MARIEL ,1D,ACTIVO,5AUX54 ,2,F623,25P2,98189,811,53,0,0,951,LECT NEGATIVA,8,UI SERV DIRECTO,,,1,9BBTM,2025-12-22 07:25:00,2025-12-18 08:34:17,2826,M,GAF1M,5AUX54 ,231,Opt,  ,,,,GSC
2025-12-01 00:00:00,787850200084,32,DW,03,C,69,321,KUK AKE ANGEL RAUL            ,1C,ACTIVO,7H16T4 ,1,F121,03GG,49177,765,0,0,0,951,LECT NEGATIVA,18,,,,1,9ND2R,2025-12-23 12:24:00,2025-12-22 11:47:24,3226,L,9MCCY,7H16T4 ,99940,Nor,  ,,FR,S,GSC
2025-12-01 00:00:00,770750320554,30,DW,01,A,01,304,ZAVAL RUIZ FELIX EUGENIO      ,1D,ACTIVO,L523C7 ,1,F621,96F3,24617,1069,60,0,0,951,LECT NEGATIVA,8,MEDID NO TRABAJA,,,1,9P12J,2025-12-23 11:59:00,2025-12-19 15:27:45,3001,M,GA0MN,L523C7 ,225,Nor,  ,,FR,S,GSC
2025-12-01 00:00:00,783080609153,16,DW,12,D,01,162,GARCIA DE LA CRUZ ANTONIO     ,1D,ACTIVO,54D3D5 ,2,F421,08KF,13971,36,0,0,0,951,LECT NEGATIVA,2,,,,1,9BBTM,2025-12-12 08:14:00,2025-12-10 12:36:13,1603,M,9P14M,54D3D5 ,99972,Nor,  ,,FR,S,GSC
2025-12-01 00:00:00,802241000701,18,DW,07,C,42,427,MACKAY SAUCEDA IRASEMA CRISTIN,1A,ACTIVO,REF305 ,2,F623,24NY,1333,96,0,0,0,951,LECT NEGATIVA,2,,,,1,9MCJD,2025-12-15 14:33:00,2025-12-11 10:34:24,1827,M,GAM7M,REF305 ,99904,Opt,  ,,,,GSC
2025-12-01 00:00:00,773950100591,16,DW,01,D,01,166,SILVIA DEL C MEJIA CEN        ,1D,ACTIVO,X99Y84 ,1,F121,94F5,55033,973,60,0,0,951,LECT NEGATIVA,8,MEDID NO TRABAJA,,,1,9P12J,2025-12-11 15:26:00,2025-12-10 10:13:32,1601,M,9ND4J,X99Y84 ,775,Nor,  ,,,,GSC
2025-12-01 00:00:00,786000256548,40,DW,03,B,22,401,MAY PUC JOSE BALTAZAR         ,1B,ACTIVO,6RX502 ,1,F121,99GG,19881,131,0,0,0,951,LECT NEGATIVA,2,,,,1,9ND2R,2025-12-30 07:59:00,2025-12-29 11:18:06,4026,L,GAGJM,6RX502 ,99903,Nor,  ,,FR,S,GSC
2025-12-01 00:00:00,780130901951,40,DW,12,A,05,404,BAUTISTA JUAREZ ANGEL         ,1D,ACTIVO,71MX74 ,2,F421,07GH,54626,1499,0,0,0,951,LECT NEGATIVA,2,,,,1,9BBTM,2025-12-01 07:34:00,2025-12-29 12:12:57,4026,M,GABCM,71MX74 ,99720,Nor,  ,,FR,S,GSC
2025-12-01 00:00:00,788780800131,64,DW,03,D,27,961,CESAR SANSORES MARIN          ,9M,ACTIVO,MW600X ,3,KL28,20KE,6839,171,59,0,0,951,LECT NEGATIVA,8,DISPLAY APAGADO,,,1,9ND2R,2025-12-08 18:08:00,2025-12-05 11:28:26,6401,L,GA8NN,MW600X ,99829,Opt,  ,,,,GSC
2025-12-01 00:00:00,811080201069,30,DW,22,B,01,301,MAGANA VALLE SATURNINO        ,1D,ACTIVO,82MN15 ,2,F421,07GH,40998,0,0,30,0,23,E23,18,,,,1,9MCCM,2025-12-22 09:15:00,2025-12-19 09:16:28,3001,M,GA2TN,82MN15 ,89999,Nor,  ,,FR,S,GSC
2025-12-01 00:00:00,811080700669,10,DW,22,B,01,101,PECH AGUILAR RITA ELENA       ,1D,ACTIVO,80VP72 ,1,F121,08JL,23327,0,0,31,0,23,E23,18,,SERVICIO SIN USO,,1,9MCCM,2025-12-09 09:57:00,2025-12-05 10:48:01,1001,M,9NCT6,80VP72 ,0,Nor,60,MEDID NO TRABAJA,60,S,GSC
2025-12-01 00:00:00,810161003541,10,DW,22,A,01,104,PLAZA SAN CARLOS DEL CASTILLO ,1B,ACTIVO,476TGX ,2,F622,16LM,28783,0,0,31,0,23,E23,18,,SERVICIO SIN USO,,1,9MCCM,2025-12-09 09:01:00,2025-12-05 10:19:54,1052,R,9MC4Y,476TGX ,0,Nor,56,NO HAY MEDIDOR,56,S,GSC
2025-12-01 00:00:00,812201205691,64,DW,22,C,01,641,MINISTERIO DE EXPERIENCIAS SAP,67,ACTIVO,GA336D ,3,VL28,19KE,6406,0,0,31,0,23,E23,18,,SERVICIO SIN USO,,1,9MCCM,2025-12-05 13:27:00,2025-12-05 08:13:36,6401,L,GAPKM,GA336D ,0,Nor,59,DISPLAY APAGADO,59,S,GSC
2025-12-01 00:00:00,810180701062,75,DW,22,A,01,751,LORIA MORALES JOSE DEL CARMEN ,67,ACTIVO,MV822J ,3,KL28,20KE,44489,0,0,31,0,23,E23,18,,SERVICIO SIN USO,,1,9MCCM,2025-12-23 11:34:00,2025-12-22 10:50:51,7502,L,9MCKU,MV822J ,0,Nor,60,MEDID NO TRABAJA,60,S,GSC
2025-12-01 00:00:00,810101105271,70,DW,22,A,01,707,MUNICIPIO DE PLAYA DEL CARMEN ,5A,ACTIVO,MV084K ,2,KL28,20KE,19935,0,0,31,0,23,E23,18,,SERVICIO SIN USO,,1,9MCCM,2025-12-17 12:55:00,2025-12-15 10:25:37,7007,L,9MCKW,MV084K ,0,Nor,59,DISPLAY APAGADO,59,S,GSC
2025-12-01 00:00:00,804750310526,18,DW,08,A,06,001,ROQUE J COHUO CORTEZ          ,1B,ACTIVO,213HRM ,1,F122,15LN,3442,1,0,31,0,951,LECT NEGATIVA,2,,SERVICIO SIN USO,,1,9ND09,2025-12-15 14:24:00,2025-12-11 09:09:52,1827,L,GAEQM,213HRM ,99985,Opt,  ,,,,GSC
2025-12-01 00:00:00,791030200931,40,DW,04,D,49,003,MIGUEL ANGEL PENA MAAS        ,1F,ACTIVO,443VC6 ,2,F622,12LJ,7170,0,0,31,0,951,LECT NEGATIVA,2,,SERVICIO SIN USO,,1,9MCF6,2025-12-30 11:51:00,2025-12-29 12:22:21,4028,L,R9420,443VC6 ,99953,Opt,  ,,,,GSC
2025-12-01 00:00:00,800960900894,40,DW,07,A,83,001,NOH EUTIMIO                   ,1B,ACTIVO,G980G5 ,1,F121,95F5,2180,0,0,31,0,951,LECT NEGATIVA,2,,SERVICIO SIN USO,,1,9MCJD,2025-12-30 14:39:00,2025-12-29 21:46:11,4026,L,9MC6T,G980G5 ,99981,Nor,  ,,FR,S,GSC
2025-12-01 00:00:00,806890500069,26,DW,08,C,38,261,MOO LOPEZ FILEMON             ,1C,ACTIVO,G8P100 ,1,F121,88F5,843,0,0,31,0,951,LECT NEGATIVA,2,,SERVICIO SIN USO,,1,9ND09,2025-12-18 16:46:00,2025-12-17 12:55:50,2626,L,GAHTM,G8P100 ,99989,Nor,  ,,FR,S,GSC
2025-12-01 00:00:00,793140702935,79,DW,04,H,C9,790,NORTE SUR INGENIERIA SA DE CV ,06,ACTIVO,611F9U ,3,KL28,13KE,0,0,0,31,0,951,LECT NEGATIVA,2,,SERVICIO SIN USO,,1,9MCF6,2025-12-30 10:23:00,2025-12-29 11:13:15,7901,L,R9605,611F9U ,99964,Opt,  ,,,,GSC
2025-12-01 00:00:00,810240601941,10,DW,22,A,02,105,MONTE PRESTA                  ,1B,ACTIVO,GEF136 ,3,KL28,23NX,1549,0,0,31,0,23,E23,18,,SERVICIO SIN USO,,1,9MCCM,2025-12-09 08:59:00,2025-12-05 11:40:50,1054,R,9PJYL,GEF136 ,0,Nor,56,NO HAY MEDIDOR,56,S,GSC
2025-12-01 00:00:00,809130500076,22,DW,12,F,01,221,RICALDE MAGANA JULIAN         ,1D,ACTIVO,W550KK ,2,F622,19LM,11414,0,0,31,0,951,LECT NEGATIVA,18,,SERVICIO SIN USO,,1,9BBTM,2025-12-17 11:54:00,2025-12-15 07:11:57,2201,M,GAFBM,W550KK ,10000,Opt,  ,,,,GSC
2025-12-01 00:00:00,774940900765,06,DW,01,E,02,061,JOSEFINA A GOMEZ CAAMAL       ,1D,ACTIVO,B552E0 ,2,F621,94F3,27397,1,0,31,0,951,LECT NEGATIVA,2,,SERVICIO SIN USO,,1,9P12J,2025-12-04 12:10:00,2025-12-03 08:48:00,0601,L,9JR09,B552E0 ,99899,Nor,  ,,FR,S,GSC
2025-12-01 00:00:00,780141203571,26,DW,12,A,05,262,ALCANTARA PADRON JUAN MANUEL  ,1D,ACTIVO,5V97V3 ,2,F421,04GH,27052,0,0,31,0,0,,18,,SERVICIO SIN USO,,1,9BBTM,2025-12-17 07:36:00,2025-12-17 09:01:34,2628,M,9NCWU,5V97V3 ,89999,Nor,  ,,FR,S,GSC
2025-12-01 00:00:00,783061105489,79,DW,12,C,01,791,GENERACION CANCUN RESP 2 U5   ,67,ACTIVO,RB154K ,3,VL28,21KE,153,0,0,31,0,23,E23,18,,SERVICIO SIN USO,,1,9BBTM,2025-12-29 14:29:00,2025-12-29 14:06:10,7951,R,9P130,RB154K ,0,Nor,31,SERVICIO SIN USO,LM,S,GSC
2025-12-01 00:00:00,780921100642,74,DW,12,A,01,741,GENERACION NIZUC OFICINAS     ,67,ACTIVO,CKW205 ,3,VL28,22NJ,0,0,0,31,0,23,E23,18,,SERVICIO SIN USO,,1,9BBTM,2025-12-19 15:43:00,2025-12-19 08:34:16,7401,L,GABCM,CKW205 ,0,Nor,59,DISPLAY APAGADO,59,S,GSC
2025-12-01 00:00:00,780251202180,70,DW,12,C,01,700,FULL MOON PROYECTOS S DE RL DE,67,ACTIVO,1ECG44 ,3,KL28,25NJ,0,0,0,31,0,23,E23,2,,SERVICIO SIN USO,,1,9BBTM,2025-12-17 14:13:00,,,,,,,,,,,,GSC
2025-12-01 00:00:00,810960400315,38,DW,22,A,01,383,GALATTIA SA DE CV DEPTO  02   ,1B,ACTIVO,008MFA ,1,F62J,15MT,13619,0,0,31,0,23,E23,18,,SERVICIO SIN USO,,1,9MCCM,2025-12-30 12:56:00,2025-12-26 12:47:34,3851,R,GAXPM,008MFA ,7159,Nor,  ,,FR,S,GSC
2025-12-01 00:00:00,811080301284,26,DW,22,B,01,262,ISSFAM UHM CZM IV SERV  GRAL A,02,ACTIVO,58B8V3 ,2,F621,08KG,4396,0,0,31,0,951,LECT NEGATIVA,2,,SERVICIO SIN USO,,1,9MCCM,2025-12-18 11:02:00,2025-12-17 07:01:37,2601,M,9NCT6,58B8V3 ,99900,Nor,  ,,FR,S,GSC
2025-12-01 00:00:00,812090302374,16,DW,22,A,02,165,JOSE MANUEL GONGORA           ,1B,ACTIVO,92C1N0 ,2,F621,08KG,9963,1,0,31,0,951,LECT NEGATIVA,2,,SERVICIO SIN USO,,1,9MCCM,2025-12-11 08:08:00,2025-12-10 08:50:58,1603,L,9PJYL,92C1N0 ,99899,Nor,  ,,FR,S,GSC
2025-12-01 00:00:00,790110501758,22,DW,04,C,12,201,CRUZ BARABATO MARLENY         ,1F,ACTIVO,PHU050 ,1,F123,24NX,1112,0,0,31,0,951,LECT NEGATIVA,2,,SERVICIO SIN USO,,1,9MCF6,2025-12-17 14:33:00,2025-12-15 09:49:55,2227,M,GAGBM,PHU050 ,99650,Opt,  ,,,,GSC
2025-12-01 00:00:00,781081202551,06,DW,12,B,01,060,REYES CASTELLANOS ROGER       ,1D,ACTIVO,66TJ56 ,1,F121,08JL,16923,0,0,31,0,951,LECT NEGATIVA,2,,SERVICIO SIN USO,,1,9BBTM,2025-12-05 08:19:00,2025-12-03 09:53:46,0602,L,9NCWM,66TJ56 ,99944,Nor,  ,,FR,S,GSC
2025-12-01 00:00:00,780010702297,74,DW,12,A,01,741,CFE ZTCNC SE NIZUC CEV 13 8KV ,67,ACTIVO,RB013K ,3,VL28,21KE,11,0,0,31,0,23,E23,18,,SERVICIO SIN USO,,1,9BBTM,2025-12-19 15:41:00,2025-12-19 08:41:29,7401,L,GABCM,RB013K ,0,Nor,59,DISPLAY APAGADO,59,S,GSC
2025-12-01 00:00:00,780860200886,62,DW,12,A,01,620,MUNICIPIO DE BENITO JUAREZ    ,02,ACTIVO,55P68H ,1,F12H,10KU,9510,0,0,31,0,23,E23,18,,SERVICIO SIN USO,,1,9BBTM,2025-12-05 10:55:00,2025-12-03 09:40:22,6201,L,9NCWU,55P68H ,0,Nor,56,NO HAY MEDIDOR,56,S,GSC
2025-12-01 00:00:00,780251000986,16,DW,12,A,01,160,GONZALEZ BROCA JOSE GUADALUPE ,1D,ACTIVO,7AUR29 ,2,F623,25P2,0,0,0,31,0,23,E23,18,,SERVICIO SIN USO,,1,9BBTM,2025-12-11 09:05:00,2025-12-10 13:03:05,1451,R,GA4GN,7AUR29 ,0,Nor,31,SERVICIO SIN USO,LM,S,GSC
2025-12-01 00:00:00,807050200354,02,DW,08,D,48,023,SARABIA PECH LORENZA          ,1B,ACTIVO,7E801W ,1,F121,05JL,21573,0,0,31,0,951,LECT NEGATIVA,2,,SERVICIO SIN USO,,1,9ND09,2025-12-02 11:53:00,2025-12-01 10:32:24,0202,L,9MCC7,7E801W ,99904,Nor,  ,,FR,S,GSC
2025-12-01 00:00:00,801150702154,18,DW,07,C,42,185,VEGA CRUZ ABELARDO            ,1A,ACTIVO,U817DV ,1,F123,18NM,3140,9,0,31,0,951,LECT NEGATIVA,2,,SERVICIO SIN USO,,1,9MCJD,2025-12-15 14:26:00,2025-12-11 08:51:55,1829,M,G93BA,U817DV ,99982,Opt,  ,,,,GSC
2025-12-01 00:00:00,780041100996,10,DW,12,A,01,100,GARCIA LOERA PABLO            ,1D,ACTIVO,5A512H ,1,F121,04GG,19441,0,0,31,0,23,E23,18,,SERVICIO SIN USO,,1,9BBTM,2025-12-09 08:05:00,2025-12-05 08:16:17,1001,M,9MC6M,5A512H ,99900,Nor,  ,,FR,S,GSC
2025-12-01 00:00:00,801020402108,30,DW,07,B,40,404,CHIMAL KUMUL ADELAIDA         ,1C,ACTIVO,2J0E81 ,1,F121,01GG,13100,0,0,31,0,951,LECT NEGATIVA,2,,SERVICIO SIN USO,,1,9MCJD,2025-12-22 17:52:00,2025-12-19 09:12:16,3026,L,9JR0P,2J0E81 ,99986,Nor,  ,,FR,S,GSC
2025-12-01 00:00:00,786230601112,40,DW,03,B,14,404,GONZALEZ SUAREZ HEIDY LILIANA ,1D,ACTIVO,UN858L ,2,F623,21NY,1358,10,0,31,0,951,LECT NEGATIVA,2,,SERVICIO SIN USO,,1,9ND2R,2025-12-30 07:59:00,2025-12-29 11:55:27,4002,L,R9855,UN858L ,99980,Nor,  ,,FR,S,GSC
2025-12-01 00:00:00,810090101601,06,DW,22,A,02,060,MENA OSORIO JORGE ALBERTO     ,1B,ACTIVO,42WT07 ,1,F121,08JL,3781,0,0,31,0,951,LECT NEGATIVA,2,,SERVICIO SIN USO,,1,9MCCM,2025-12-04 07:39:00,2025-12-03 11:44:46,0601,L,9MCKU,42WT07 ,99900,Nor,  ,,FR,S,GSC
2025-12-01 00:00:00,801000757210,32,DW,07,B,54,548,ANGELA NOH HOIL               ,1B,ACTIVO,7WL843 ,1,F121,99GG,26700,10,0,31,0,951,LECT NEGATIVA,2,,SERVICIO SIN USO,,1,9MCJD,2025-12-23 06:45:00,2025-12-22 15:15:34,3230,M,GAVNM,7WL843 ,99900,Nor,  ,,FR,S,GSC
2025-12-01 00:00:00,801240901661,38,DW,07,B,94,942,HERNANDEZ DZIB LORENA MARGELI ,1B,ACTIVO,PCW367 ,1,F123,24NX,0,0,0,31,0,951,LECT NEGATIVA,2,,SERVICIO SIN USO,,1,9MCJD,2025-12-29 17:15:00,2025-12-26 18:14:24,3826,L,9JR0P,PCW367 ,0,Nor,31,SERVICIO SIN USO,,,GSC
2025-12-01 00:00:00,773890501841,20,DW,01,D,01,201,ROSADO MUKUL WENDY BEATRIZ    ,1D,ACTIVO,516RBM ,1,F122,16LN,11,0,0,31,0,0,,18,,SERVICIO SIN USO,,1,9P12J,2025-12-16 14:36:00,2025-12-12 10:34:52,2002,L,9BBR3,516RBM ,9532,Nor,44,NUM MEDID DESIGU,44,S,GSC
2025-12-01 00:00:00,799250600338,70,DW,06,D,03,701,RODRIGUEZ HINOJOSA MARIA ROSAR,9M,ACTIVO,RKB772 ,3,KL28,24NJ,2104,0,0,31,0,951,LECT NEGATIVA,2,,SERVICIO SIN USO,,1,9BBEG,2025-12-17 12:43:00,2025-12-15 10:22:30,7001,M,9JR7J,RKB772 ,99215,Opt,  ,,,,GSC
2025-12-01 00:00:00,776851100197,28,DW,01,H,36,286,CASANOVA MEDINA MANUEL DE J   ,1C,ACTIVO,X94Y86 ,1,F121,94F5,17468,6,0,31,0,951,LECT NEGATIVA,2,,SERVICIO SIN USO,,1,9P12J,2025-12-22 10:31:00,2025-12-18 10:12:54,2827,L,9MCGE,X94Y86 ,99923,Nor,  ,,FR,S,GSC
2025-12-01 00:00:00,772840200526,04,DW,01,C,01,043,DOLORES ZAPATA DORANTES       ,1D,ACTIVO,GT1970 ,2,F121,82EG,6018,0,0,31,0,951,LECT NEGATIVA,2,,SERVICIO SIN USO,,1,9P12J,2025-12-03 14:28:00,2025-12-02 11:05:35,0403,M,G92B3,GT1970 ,10238,Nor,  ,,LN,S,GSC
2025-12-01 00:00:00,782150311304,71,DW,12,C,01,710,MORENO TORRES PABLO           ,67,CORTADO,MY702N ,3,VL28,20KE,419,34,0,31,0,951,LECT NEGATIVA,2,,SERVICIO SIN USO,,1,9BBTM,2025-12-18 12:54:00,2025-12-16 15:11:40,7101,L,GAE2M,MY702N ,10,Opt,31,SERVICIO SIN USO,,,GSC
2025-12-01 00:00:00,807760200086,30,DW,08,D,61,301,IGLESIA PARROQUIAL            ,02,ACTIVO,7RK521 ,1,F121,99GG,15585,0,0,31,0,951,LECT NEGATIVA,2,,SERVICIO SIN USO,,1,9ND09,2025-12-23 12:05:00,2025-12-19 09:37:41,3026,L,R9857,7RK521 ,99900,Nor,  ,,FR,S,GSC
2025-12-01 00:00:00,773061101372,24,DW,01,D,04,245,CAMARA MOLINA LORENZO         ,1C,ACTIVO,5W873N ,1,F121,06JL,47088,0,0,31,0,951,LECT NEGATIVA,2,,SERVICIO SIN USO,,1,9P12J,2025-12-18 11:42:00,2025-12-16 12:03:37,2430,M,GAKVM,5W873N ,99900,Nor,  ,,FR,S,GSC
2025-12-01 00:00:00,801110502837,34,DW,07,B,27,277,BACAB CAN WILFRIDO            ,1B,ACTIVO,7Y562F ,1,F121,06JL,158,0,0,31,0,951,LECT NEGATIVA,2,,SERVICIO SIN USO,,1,9MCJD,2025-12-26 14:34:00,2025-12-23 10:24:52,3428,L,9NCU1,7Y562F ,0,Nor,31,SERVICIO SIN USO,,,GSC
2025-12-01 00:00:00,770750403468,22,DW,01,A,01,221,GLADYS A MORCILLO             ,1D,ACTIVO,73DM42 ,1,F121,06JL,21775,6,0,31,0,951,LECT NEGATIVA,2,,SERVICIO SIN USO,,1,9P12J,2025-12-17 11:36:00,2025-12-15 10:12:01,2202,M,GAADN,73DM42 ,99988,Nor,  ,,FR,S,GSC
2025-12-01 00:00:00,787090600737,38,DW,03,C,78,001,H AYUNTAMIENTO DE MAXCANU     ,02,ACTIVO,16A4C9 ,1,F121,08JL,2456,0,0,31,0,951,LECT NEGATIVA,2,,SERVICIO SIN USO,,1,9ND2R,2025-12-29 12:05:00,2025-12-26 15:42:00,3827,L,GA6WN,16A4C9 ,98167,Nor,  ,,FR,S,GSC
2025-12-01 00:00:00,790111001163,08,DW,04,C,32,081,LOPEZ LOPEZ TERESA DEL J      ,02,ACTIVO,6V8M86 ,1,F121,02GG,9540,0,0,31,0,951,LECT NEGATIVA,2,,SERVICIO SIN USO,,1,9MCF6,2025-12-08 10:48:00,2025-12-04 10:22:03,0802,L,9EMLW,6V8M86 ,99900,Nor,  ,,FR,S,GSC
2025-12-01 00:00:00,780041101259,22,DW,12,B,01,027,ARIETA Y CANDANEDO MARTIN     ,1D,ACTIVO,9R41G9 ,1,F121,04GG,24864,0,0,31,0,951,LECT NEGATIVA,2,,SERVICIO SIN USO,,1,9BBTM,2025-12-17 11:44:00,2025-12-15 07:26:07,2202,M,GAX2M,9R41G9 ,99001,Nor,  ,,FR,S,GSC
2025-12-01 00:00:00,812130700963,30,DW,22,A,02,306,HERNANDEZ CASTILLO IRMA G     ,1B,ACTIVO,85ML40 ,2,F421,07GH,17421,10,0,31,0,951,LECT NEGATIVA,2,,SERVICIO SIN USO,,1,9MCCM,2025-12-22 06:47:00,2025-12-19 08:24:44,3006,M,9NCT0,85ML40 ,99989,Nor,  ,,FR,S,GSC
2025-12-01 00:00:00,779780400207,28,DW,01,M,06,281,JOSE PAULINO TEC PECH         ,1B,ACTIVO,8G41F6 ,1,F121,03GG,37798,0,0,31,0,951,LECT NEGATIVA,2,,SERVICIO SIN USO,,1,9P12J,2025-12-22 15:01:00,2025-12-18 10:24:27,2829,M,R9982,8G41F6 ,9990,Nor,  ,,FR,S,GSC
2025-12-01 00:00:00,805141200656,64,DW,08,B,68,641,ABAN NOH LIZBETH ALEJANDRA    ,9C,ACTIVO,MX745A ,3,KL28,20KE,2888,0,0,31,0,951,LECT NEGATIVA,2,,SERVICIO SIN USO,,1,9ND09,2025-12-10 13:09:00,2025-12-08 10:22:42,6502,L,GAHTM,MX745A ,99786,Opt,40,SIN SELLO,,,GSC
2025-12-01 00:00:00,788230500220,76,DW,03,D,64,962,CORDOVA CATZIN JULIA ANEL     ,9C,ACTIVO,PT175X ,3,KL28,21KE,158,0,0,31,0,951,LECT NEGATIVA,2,,SERVICIO SIN USO,,1,9ND2R,2025-12-26 16:35:00,2025-12-23 13:10:54,7601,L,GAEMM,PT175X ,99979,Opt,  ,,,,GSC
2025-12-01 00:00:00,805970900363,76,DW,08,B,64,649,VICTOR A POOL CUTZ            ,09,ACTIVO,R424BR ,3,KL28,18KE,16068,5,0,31,0,951,LECT NEGATIVA,2,,SERVICIO SIN USO,,1,9ND09,2025-12-26 10:49:00,2025-12-23 11:38:51,7603,L,9ND0M,R424BR ,99989,Opt,  ,,,,GSC
2025-12-01 00:00:00,785070100743,38,DW,03,A,01,381,RIVERO CEL ANDRES             ,1B,ACTIVO,7DW186 ,1,F121,98GG,32470,6,0,31,0,951,LECT NEGATIVA,2,,SERVICIO SIN USO,,1,9ND2R,2025-12-29 17:34:00,2025-12-29 10:57:32,3801,L,9MCH1,7DW186 ,99982,Nor,  ,,FR,S,GSC
2025-12-01 00:00:00,796080603141,65,DW,06,A,12,121,MUNICIPIO DE OTHON P BLANCO   ,02,ACTIVO,M467VG ,2,F622,17LM,0,4,0,31,0,951,LECT NEGATIVA,2,,SERVICIO SIN USO,,1,9BBEG,2025-12-10 08:45:00,2025-12-08 09:12:22,6501,L,9MCJY,M467VG ,99955,Opt,  ,,,,GSC
2025-12-01 00:00:00,790210601245,22,DW,04,C,31,261,OMMUNDSEN PEREZ INGRID        ,1F,ACTIVO,MF346T ,2,F623,20NU,10000,0,0,31,0,951,LECT NEGATIVA,2,,SERVICIO SIN USO,,1,9MCF6,2025-12-17 14:48:00,2025-12-15 16:03:59,2227,M,GAGBM,MF346T ,99775,Opt,  ,,,,GSC
2025-12-01 00:00:00,771790701018,22,DW,01,B,02,227,PAULA BENITEZ FLORES          ,1D,ACTIVO,063783 ,1,W101,6000,6623,0,0,31,0,951,LECT NEGATIVA,2,,SERVICIO SIN USO,,1,9P12J,2025-12-17 12:18:00,2025-12-15 12:10:39,2203,M,9EMHE,063783 ,9988,Nor,  ,,LN,S,GSC
2025-12-01 00:00:00,801140300937,22,DW,07,B,06,224,MAY YTZA LAURA                ,1B,CORTADO,P391LR ,1,F123,18NM,2400,0,0,31,0,951,LECT NEGATIVA,2,,SERVICIO SIN USO,,1,9MCJD,2025-12-16 16:08:00,2025-12-15 12:11:45,2201,L,9JR0P,P391LR ,99918,Nor,  ,,FR,S,GSC
2025-12-01 00:00:00,802100401036,18,DW,07,C,42,186,REYES FELIX TERESA            ,1A,ACTIVO,104EK3 ,2,F62J,11L2,4594,0,0,31,0,951,LECT NEGATIVA,2,,SERVICIO SIN USO,,1,9MCJD,2025-12-15 16:59:00,2025-12-11 11:33:16,1828,M,9MCCP,104EK3 ,99942,Nor,  ,,FR,S,GSC
2025-12-01 00:00:00,801050701207,01,DW,07,B,06,015,VIDAL LORIA PAULA TOMASA      ,1B,ACTIVO,9F204X ,1,F121,05JL,43067,0,0,31,0,951,LECT NEGATIVA,2,,SERVICIO SIN USO,,1,9MCJD,2025-12-30 16:37:00,,,,,,,,,,,,GSC
2025-12-01 00:00:00,790150702489,22,DW,04,C,12,201,GONGORA CAHUICH MANUEL JESUS  ,1F,ACTIVO,LNA036 ,1,F123,23NX,3491,0,0,31,0,951,LECT NEGATIVA,2,,SERVICIO SIN USO,,1,9MCF6,2025-12-17 14:39:00,2025-12-15 13:30:04,2227,M,GAGBM,LNA036 ,99517,Opt,  ,,,,GSC
2025-12-01 00:00:00,790180900307,18,DW,04,C,71,002,ZARAGOZA ABARCA MIGUEL ANGEL  ,1F,ACTIVO,L547FH ,1,F122,18LN,8716,0,0,31,0,951,LECT NEGATIVA,2,,SERVICIO SIN USO,,1,9MCF6,2025-12-15 14:25:00,2025-12-11 11:56:28,1827,L,R9658,L547FH ,99949,Opt,  ,,,,GSC
2025-12-01 00:00:00,772820600561,32,DW,01,C,01,321,SERGIO CARLOS RIVAS           ,1D,ACTIVO,J3122V ,1,F121,75AM,32432,0,0,31,0,951,LECT NEGATIVA,2,,SERVICIO SIN USO,,1,9P12J,2025-12-23 15:44:00,2025-12-22 08:56:55,3203,M,9MCGC,J3122V ,99980,Nor,  ,,FR,S,GSC
2025-12-01 00:00:00,783061205858,32,DW,12,D,01,320,MARTINEZ VAZQUEZ JOSE ANTELMO ,1D,ACTIVO,42BP19 ,1,F121,06JL,16793,0,0,31,0,951,LECT NEGATIVA,2,,SERVICIO SIN USO,,1,9BBTM,2025-12-23 18:03:00,2025-12-22 15:17:23,3201,L,GATJM,42BP19 ,99986,Nor,  ,,FR,S,GSC
2025-12-01 00:00:00,790170500351,74,DW,04,C,36,741,PROD DE CANA MEDIA LUNA SPRDRL,9M,ACTIVO,GEC020 ,3,KL28,22NJ,31559,0,0,31,0,951,LECT NEGATIVA,2,,SERVICIO SIN USO,,1,9MCF6,2025-12-22 11:40:00,2025-12-19 11:21:55,7401,L,9EMLY,GEC020 ,83742,Opt,  ,,,,GSC
2025-12-01 00:00:00,783251202057,18,DW,12,D,01,185,IZQUIERDO DE LA ROSA JOSEFA   ,1D,ACTIVO,XJF781 ,2,F623,24P3,0,0,0,31,0,23,E23,2,,SERVICIO SIN USO,,1,9BBTM,2025-12-15 12:59:00,,,,,,,,,,,,GSC
2025-12-01 00:00:00,782040902099,63,DW,12,C,01,630,MUNICIPIO DE BENITO JUAREZ    ,5A,ACTIVO,Y298BF ,2,F623,19NU,73243,0,0,31,0,23,E23,18,,SERVICIO SIN USO,,1,9BBTM,2025-12-08 09:24:00,2025-12-04 09:04:05,6301,L,9P130,Y298BF ,0,Nor,59,DISPLAY APAGADO,59,S,GSC
2025-12-01 00:00:00,795010402703,12,DW,05,A,01,081,HERNANDEZ JIMENEZ ALBERTO     ,1F,ACTIVO,48D2C4 ,2,F421,08KF,34500,0,0,31,0,951,LECT NEGATIVA,2,,SERVICIO SIN USO,,1,9ND2K,2025-12-09 11:49:00,2025-12-08 15:07:24,1201,M,9ND9F,48D2C4 ,99973,Nor,  ,,FR,S,GSC
2025-12-01 00:00:00,773010603179,04,DW,01,D,01,049,MARTINEZ SIERRA EMILIA        ,1D,ACTIVO,2C7E99 ,1,F121,00GG,18922,7,0,31,0,951,LECT NEGATIVA,2,,SERVICIO SIN USO,,1,9P12J,2025-12-03 13:37:00,2025-12-02 10:09:31,0404,L,G92B2,2C7E99 ,99013,Nor,  ,,FR,S,GSC
2025-12-01 00:00:00,808031200757,28,DW,08,E,78,281,PEREZ CALAN ELENA             ,1B,ACTIVO,1L70W2 ,1,F121,04GG,8732,3,0,31,0,951,LECT NEGATIVA,2,,SERVICIO SIN USO,,1,9ND09,2025-12-22 13:37:00,2025-12-18 10:43:07,2827,M,GAHXM,1L70W2 ,99987,Nor,  ,,FR,S,GSC
2025-12-01 00:00:00,795121105970,20,DW,05,A,01,202,BONASTRE CRUZ NORMA GUADALUPE ,1F,ACTIVO,Y093LN ,2,F623,19NU,1560,0,0,31,0,951,LECT NEGATIVA,2,,SERVICIO SIN USO,,1,9ND2K,2025-12-15 10:37:00,2025-12-12 07:24:14,2002,M,9NCUA,Y093LN ,99908,Opt,  ,,,,GSC
2025-12-01 00:00:00,804930900321,79,DW,08,A,06,792,U C  SAN JUAN DOS POZO 06     ,09,ACTIVO,3XJ460 ,3,FD21,99F4,21219,0,0,31,0,951,LECT NEGATIVA,2,,SERVICIO SIN USO,,1,9ND09,2025-12-01 11:51:00,2025-12-29 11:16:52,7901,L,GAEQM,3XJ460 ,99205,Nor,  ,,LN,S,GSC
2025-12-01 00:00:00,809130500076,22,DW,12,F,01,221,RICALDE MAGANA JULIAN         ,1D,ACTIVO,W550KK ,2,F622,19LM,11414,0,0,31,0,951,LECT NEGATIVA,18,,SERVICIO SIN USO,,1,9BBTM,2025-12-17 11:54:00,2025-12-15 07:11:57,2201,M,GAFBM,W550KK ,10000,Opt,  ,,,,GSC
2025-12-01 00:00:00,803960400475,10,DW,07,D,32,321,COMITE DE MOLINEROS           ,02,ACTIVO,WMJ890 ,2,F623,24P2,16,2,0,31,0,951,LECT NEGATIVA,2,,SERVICIO SIN USO,,1,9MCJD,2025-12-08 17:28:00,2025-12-05 14:19:43,1026,M,GA2CN,WMJ890 ,99980,Opt,  ,,,,GSC
2025-12-01 00:00:00,785860600118,30,DW,03,A,09,302,MAY TUZ MAXIMO                ,02,CORTADO,684B7X ,2,F622,13LM,34872,0,0,31,0,23,E23,18,,SERVICIO SIN USO,,1,9ND2R,2025-12-19 10:00:00,2025-12-19 10:23:20,3028,L,G92BB,684B7X ,0,Nor,52,COMUNICACION INTERRU,52,S,GSC
2025-12-01 00:00:00,802211200854,14,DW,07,C,42,141,MOGUEL SANTANA MERCEDES       ,02,ACTIVO,UN827J ,2,F623,21NY,732,0,0,31,0,951,LECT NEGATIVA,2,,SERVICIO SIN USO,,1,9MCJD,2025-12-11 12:26:00,2025-12-09 10:03:34,1427,M,R9871,UN827J ,99213,Opt,  ,,,,GSC
2025-12-01 00:00:00,782020703936,40,DW,12,A,01,401,CAZARES LOPEZ JULIO ADRIAN    ,1D,ACTIVO,2W6Y82 ,2,F621,02F3,60963,1,0,31,0,951,LECT NEGATIVA,2,,SERVICIO SIN USO,,1,9BBTM,2025-12-01 07:34:00,2025-12-29 08:53:36,4002,M,GAFHM,2W6Y82 ,99000,Nor,  ,,FR,S,GSC
2025-12-01 00:00:00,790210500023,32,DW,04,C,88,321,ESPINOZA VARGAS MARGARITA     ,1F,ACTIVO,HA056W ,1,F123,20NT,3129,0,0,31,0,951,LECT NEGATIVA,2,,SERVICIO SIN USO,,1,9MCF6,2025-12-23 15:07:00,2025-12-22 11:16:04,3226,L,9BBKD,HA056W ,99904,Opt,  ,,,,GSC
2025-12-01 00:00:00,801150102068,22,DW,07,B,06,221,ALCOCER SANTOYO MARIA ANGELA  ,1B,ACTIVO,JDU097 ,2,F623,23NU,1404,3,0,31,0,951,LECT NEGATIVA,2,,SERVICIO SIN USO,,1,9MCJD,2025-12-16 16:05:00,2025-12-15 08:37:06,2202,M,9NCU1,JDU097 ,99631,Nor,  ,,FR,S,GSC
2025-12-01 00:00:00,802861200280,38,DW,07,C,18,384,ISAIAS GONGORA B              ,1B,ACTIVO,X70A02 ,1,F121,94F5,43534,2,0,31,0,951,LECT NEGATIVA,2,,SERVICIO SIN USO,,1,9MCJD,2025-12-30 13:25:00,2025-12-26 13:31:35,3801,M,GAM7M,X70A02 ,99954,Nor,  ,,FR,S,GSC
2025-12-01 00:00:00,783251106244,24,DW,12,D,04,241,AMPARAN MORENO MARIA ELSA     ,1D,ACTIVO,XJF864 ,2,F623,24P3,0,0,0,31,0,23,E23,18,,SERVICIO SIN USO,,1,9BBTM,2025-12-18 09:39:00,2025-12-16 19:42:44,2427,M,GAALN,XJF864 ,0,Nor,5X,RUTA INCOMPLETA,,,GSC
2025-12-01 00:00:00,782251201003,16,DW,12,C,01,163,URTECHO RODRIGUEZ NORMA GENOVE,1D,ACTIVO,XJF812 ,2,F623,24P3,0,0,0,31,0,23,E23,2,,SERVICIO SIN USO,,1,9BBTM,2025-12-12 13:48:00,,,,,,,,,,,,GSC
2025-12-01 00:00:00,782251201127,16,DW,12,C,01,163,LUJANO MENDEZ JOEL            ,1D,ACTIVO,XJF813 ,2,F623,24P3,0,0,0,31,0,23,E23,2,,SERVICIO SIN USO,,1,9BBTM,2025-12-12 13:48:00,,,,,,,,,,,,GSC
2025-12-01 00:00:00,782251201232,16,DW,12,C,01,163,FLORES MILLAN HUGO            ,1D,ACTIVO,XJF815 ,2,F623,24P3,0,0,0,31,0,23,E23,2,,SERVICIO SIN USO,,1,9BBTM,2025-12-12 13:48:00,,,,,,,,,,,,GSC
2025-12-01 00:00:00,783251202049,18,DW,12,D,01,185,IZQUIERDO DE LA ROSA JOSEFA   ,1D,ACTIVO,XJF782 ,2,F623,24P3,0,0,0,31,0,23,E23,2,,SERVICIO SIN USO,,1,9BBTM,2025-12-15 12:59:00,,,,,,,,,,,,GSC
2025-12-01 00:00:00,782251104067,22,DW,12,C,01,220,REYES LOPEZ MARIA HILDA       ,1D,ACTIVO,1AUV76 ,2,F623,25P2,0,0,0,31,0,23,E23,18,,SERVICIO SIN USO,,1,9BBTM,2025-12-15 10:21:00,2025-12-15 21:27:14,2201,L,9ND3W,1AUV76 ,0,Nor,5X,RUTA INCOMPLETA,,,GSC
2025-12-01 00:00:00,781081001032,38,DW,12,B,03,380,GOMEZ NARANJO LOURDES         ,1D,ACTIVO,87YD83 ,1,F121,08JL,46608,0,0,31,0,23,E23,18,,SERVICIO SIN USO,,1,9BBTM,2025-12-26 11:46:00,2025-12-26 12:03:59,3826,L,GAD0M,87YD83 ,99982,Nor,  ,,FR,S,GSC
2025-12-01 00:00:00,799190400440,72,DW,06,D,48,722,COMISION DE AGUA POT Y ALC  DE,06,ACTIVO,MX771B ,3,KL28,20KE,53763,0,0,31,0,951,LECT NEGATIVA,2,,SERVICIO SIN USO,,2,9BBEG,2025-12-19 12:51:00,2025-12-17 09:58:57,7201,L,R9907,MX771B ,97668,Opt,  ,,,,GSC
2025-12-01 00:00:00,783251201662,18,DW,12,D,01,183,BRAVO BRAVO ANTONIO           ,1D,ACTIVO,XJF806 ,2,F623,24P3,0,0,0,31,0,23,E23,2,,SERVICIO SIN USO,,1,9BBTM,2025-12-15 12:59:00,,,,,,,,,,,,GSC
2025-12-01 00:00:00,783250402532,06,DW,12,D,01,060,GARCIA CARRANZA JACQUELINE VIR,1D,ACTIVO,RME600 ,2,F623,24NY,0,0,0,31,0,23,E23,2,,SERVICIO SIN USO,,1,9BBTM,2025-12-05 09:44:00,,,,,,,,,,,,GSC
2025-12-01 00:00:00,782920407305,20,DW,12,C,01,200,MARCELO AKE CANO              ,1D,CORTADO,92D46W ,2,F62H,10KN,35557,717,0,32,0,23,E23,18,,UI DERIVACION,,1,9BBTM,2025-12-16 15:00:00,2025-12-12 08:59:59,2001,M,9P14L,92D46W ,0,Opt,32,UI DERIVACION,32,S,GSC
2025-12-01 00:00:00,795030701995,02,DW,05,A,01,207,VAZQUEZ VAZQUEZ PEDRO TOMAS   ,1F,ACTIVO,3E44B4 ,2,F421,03GH,58948,1718,0,41,0,951,LECT NEGATIVA,2,,CRISTAL ROTO,,1,9ND2K,2025-12-02 20:17:00,2025-12-01 07:33:56,0204,M,9ND51,3E44B4 ,99810,Nor,  ,,FR,S,GSC
2025-12-01 00:00:00,780971004563,34,DW,12,A,01,340,JULIO C DIAZ ESCALANTE        ,1D,ACTIVO,L947T6 ,1,F121,96F5,42608,745,0,0,0,951,LECT NEGATIVA,2,,,,1,9BBTM,2025-12-29 11:10:00,2025-12-23 07:54:30,3401,L,9MC6M,L947T6 ,99925,Nor,  ,,FR,S,GSC
2025-12-01 00:00:00,779051101151,08,DW,01,M,01,083,YAPUR MUNOZ MANUELA           ,1B,ACTIVO,KHF499 ,2,F623,23NU,98094,420,59,0,0,951,LECT NEGATIVA,8,DISPLAY APAGADO,,,1,9P12J,2025-12-08 09:00:00,2025-12-04 09:41:06,0802,M,GAXWM,KHF499 ,1,Opt,31,SERVICIO SIN USO,,,GSC
2025-12-01 00:00:00,799250900986,18,DW,06,D,01,181,BACALANDS S DE RL DE CV       ,1B,ACTIVO,0BCU85 ,2,F623,25P2,50,250,0,0,0,951,LECT NEGATIVA,2,,,,1,9BBEG,2025-12-15 12:47:00,2025-12-11 09:26:56,1801,M,GAT5M,0BCU85 ,99885,Opt,  ,,,,GSC
2025-12-01 00:00:00,803950200117,28,DW,07,D,07,071,BRIGIDA OSALDE YAMA           ,1C,ACTIVO,04TK00 ,1,F121,08JL,1777,106,0,0,0,951,LECT NEGATIVA,2,,,,1,9MCJD,2025-12-19 17:10:00,2025-12-18 13:15:17,2827,M,R9920,04TK00 ,99957,Nor,  ,,FR,S,GSC
2025-12-01 00:00:00,811961200260,18,DW,22,B,01,018,CARLOS MARTINEZ               ,1D,ACTIVO,6TB649 ,2,F421,99GH,90074,732,0,0,0,951,LECT NEGATIVA,2,,,,1,9MCCM,2025-12-12 11:07:00,2025-12-11 07:57:06,1801,M,GA22N,6TB649 ,99420,Nor,  ,,FR,S,GSC
2025-12-01 00:00:00,781140401716,22,DW,12,C,01,224,FERNANDEZ DE LA CRUZ SELMA VIA,1D,ACTIVO,W830KT ,2,F622,19LM,10150,1017,56,0,0,951,LECT NEGATIVA,8,NO HAY MEDIDOR,,,1,9BBTM,2025-12-17 15:28:00,2025-12-15 11:12:09,2204,L,GAKFM,W830KT ,412,Opt,  ,,,,GSC
2025-12-01 00:00:00,794070303856,06,DW,04,G,83,001,IGLESIA CATOLICA RAMONAL      ,02,ACTIVO,187JCJ ,1,F122,15LN,480,55,0,0,0,951,LECT NEGATIVA,2,,,,1,9MCF6,2025-12-04 12:46:00,2025-12-03 10:41:16,0626,L,R9484,187JCJ ,99912,Opt,  ,,,,GSC
2025-12-01 00:00:00,780220503629,18,DW,12,A,05,183,CACH UC JOSE ANTONIO          ,1D,ACTIVO,TB281J ,1,F123,21NX,11216,1198,53,0,0,951,LECT NEGATIVA,8,UI SERV DIRECTO,,,1,9BBTM,2025-12-15 07:09:00,2025-12-11 10:39:51,1826,M,GABCM,TB281J ,762,Opt,  ,,,,GSC
2025-12-01 00:00:00,794060800631,20,DW,04,G,10,006,VEGA TOVAR MARIA GUADALUPE    ,1F,ACTIVO,TB657F ,1,F123,21NX,3377,180,0,0,0,951,LECT NEGATIVA,2,,,,1,9MCF6,2025-12-15 15:13:00,2025-12-12 09:33:07,2027,L,R9484,TB657F ,99821,Opt,  ,,,,GSC
2025-12-01 00:00:00,777150304193,34,DW,01,E,02,344,ARGUELLES RODRIGUEZ CESAR E   ,1D,ACTIVO,RCD925 ,2,F623,24NY,1429,684,53,0,0,951,LECT NEGATIVA,8,UI SERV DIRECTO,,,1,9P12J,2025-12-26 11:52:00,2025-12-23 08:58:43,3403,M,9ND5H,RCD925 ,559,Opt,  ,,,,GSC
2025-12-01 00:00:00,800750221161,20,DW,07,A,14,002,JUAN POMOL TUZ                ,1B,ACTIVO,D6765P ,1,W111,73C0,4079,279,0,0,0,951,LECT NEGATIVA,2,,,,1,9MCJD,2025-12-16 08:46:00,2025-12-12 09:00:19,2027,L,9MCAW,D6765P ,9957,Nor,  ,,LN,S,GSC
2025-12-01 00:00:00,782040406954,28,DW,12,C,01,283,MIGUEL ANGEL LOPEZ VEREZALUCE ,1D,ACTIVO,9DVF53 ,2,F623,25NY,99624,620,53,0,0,951,LECT NEGATIVA,8,UI SERV DIRECTO,,,1,9BBTM,2025-12-22 16:46:00,2025-12-18 08:24:24,2802,M,9P120,9DVF53 ,1343,Opt,  ,,,,GSC
2025-12-01 00:00:00,783091206166,16,DW,12,D,01,160,GONZALEZ CABRERA VIANEY       ,1D,ACTIVO,10M5M3 ,2,F62H,09KN,42232,915,53,0,0,951,LECT NEGATIVA,8,UI SERV DIRECTO,,,1,9BBTM,2025-12-12 08:14:00,2025-12-10 10:31:24,1601,M,GA4HN,10M5M3 ,809,Opt,  ,,,,GSC
2025-12-01 00:00:00,796010260239,34,DW,06,A,01,342,PAREDES ULLOA MARCO           ,1D,ACTIVO,2WN551 ,1,F121,99GG,51921,292,0,0,0,951,LECT NEGATIVA,18,,,,1,9BBEG,2025-12-26 10:45:00,2025-12-23 09:24:06,3401,M,9P14T,2WN551 ,99885,Nor,41,CRISTAL ROTO,41,S,GSC
2025-12-01 00:00:00,810151204408,10,DW,22,A,01,104,SOLANO MENA LULU              ,02,ACTIVO,RDJ189 ,2,F623,24NY,0,1362,50,0,0,951,LECT NEGATIVA,8,CASA CERRADA,,,1,9MCCM,2025-12-09 14:37:00,2025-12-05 08:27:45,1052,R,9MC4Y,RDJ189 ,7788,Opt,  ,,,,GSC
2025-12-01 00:00:00,807980700381,14,DW,08,D,58,141,ELIZABETH POOT YAM            ,1D,ACTIVO,0EB736 ,1,F121,98GG,35839,130,0,0,0,951,LECT NEGATIVA,2,,,,1,9ND09,2025-12-11 12:25:00,2025-12-09 13:13:59,1426,L,9MCC7,0EB736 ,99981,Nor,  ,,FR,S,GSC
2025-12-01 00:00:00,778790300051,10,DW,01,K,42,104,ROSALINDA PAREDES BALAM       ,1C,ACTIVO,GGU355 ,1,F123,22NJ,9000,1042,53,0,0,951,LECT NEGATIVA,8,UI SERV DIRECTO,,,1,9P12J,2025-12-09 13:17:00,2025-12-05 08:05:44,1001,M,R9701,GGU355 ,1680,Opt,  ,,,,GSC
2025-12-01 00:00:00,786050500695,16,DW,03,B,18,162,MIS GARCIA LUIS               ,1B,ACTIVO,8E997W ,1,F121,05JL,20370,238,0,0,0,951,LECT NEGATIVA,2,,,,1,9ND2R,2025-12-11 14:38:00,2025-12-10 11:09:03,1627,L,GAPQM,8E997W ,99881,Nor,  ,,FR,S,GSC
2025-12-01 00:00:00,806130100672,18,DW,08,C,32,183,H AYUNTAMIENTO TEKAL VENENGAS ,02,ACTIVO,508MW0 ,2,F622,12LJ,5162,157,53,0,0,951,LECT NEGATIVA,8,UI SERV DIRECTO,,,1,9ND09,2025-12-15 10:59:00,2025-12-11 08:34:46,1827,L,R9917,508MW0 ,35,Opt,  ,,,,GSC
2025-12-01 00:00:00,772021000216,28,DW,01,C,01,288,CHI CHAN SALUSTIANA DEL S     ,1D,ACTIVO,DX8885 ,1,W111,81C0,3071,229,0,0,0,951,LECT NEGATIVA,2,,,,1,9P12J,2025-12-22 14:07:00,2025-12-18 10:38:18,2802,L,9P124,DX8885 ,9988,Nor,  ,,LN,S,GSC
2025-12-01 00:00:00,774060702891,14,DW,01,E,02,142,AKE TUN SARA MARIA            ,1D,ACTIVO,8GY107 ,1,F121,98GG,47615,116,0,0,0,951,LECT NEGATIVA,2,,,,1,9P12J,2025-12-10 13:52:00,2025-12-09 12:45:32,1402,L,9JRB9,8GY107 ,99920,Nor,  ,,FR,S,GSC
2025-12-01 00:00:00,779150105631,08,DW,01,M,01,082,PEREZ CEBALLOS MARIA YSABEL   ,1B,ACTIVO,EM841E ,2,F623,19NU,28708,1112,53,0,0,951,LECT NEGATIVA,8,UI SERV DIRECTO,,,1,9P12J,2025-12-08 09:00:00,2025-12-04 12:43:50,0801,L,GAG9M,EM841E ,1343,Opt,  ,,,,GSC
2025-12-01 00:00:00,792081000917,30,DW,04,E,69,303,PECH TZEC OSWALDO             ,1F,ACTIVO,096JKN ,2,F622,15LM,35650,976,0,0,0,951,LECT NEGATIVA,2,,,,1,9MCF6,2025-12-23 10:22:00,2025-12-19 10:28:32,3027,L,GA8MN,096JKN ,99506,Opt,  ,,,,GSC
2025-12-01 00:00:00,771750701112,34,DW,01,B,01,342,LEOPOLDO BERZUNZA             ,1D,ACTIVO,0AU693 ,1,F121,97F5,61931,204,65,0,0,951,LECT NEGATIVA,8,UI MED INVERTIDO,,,1,9P12J,2025-12-26 12:56:00,2025-12-23 10:19:24,3401,M,GA0MN,0AU693 ,58,Nor,  ,,FR,S,GSC
2025-12-01 00:00:00,782160409434,08,DW,12,C,01,083,MOO KU LIDERINA ANDREA        ,1D,ACTIVO,101JKC ,2,F622,15LM,6379,153,53,0,0,951,LECT NEGATIVA,8,UI SERV DIRECTO,,,1,9BBTM,2025-12-08 13:11:00,2025-12-04 09:16:09,0803,L,GAE2M,101JKC ,118,Opt,  ,,,,GSC
2025-12-01 00:00:00,773220304158,04,DW,01,D,01,048,QUIJANO MARTIN FLOR ARACELY   ,1D,CORTADO,YH863X ,2,F623,21NU,17755,1254,53,0,0,951,LECT NEGATIVA,8,UI SERV DIRECTO,,,1,9P12J,2025-12-03 13:37:00,2025-12-02 12:52:09,0403,L,9MCDC,YH863X ,1472,Opt,  ,,,,GSC
2025-12-01 00:00:00,801920300246,30,DW,07,B,40,402,DZUL KANXOC JUAN DE DIOS      ,1C,ACTIVO,P1V848 ,1,F121,90F5,43800,127,0,0,0,951,LECT NEGATIVA,2,,,,1,9MCJD,2025-12-22 17:48:00,2025-12-19 10:41:57,3029,M,GAVNM,P1V848 ,99926,Nor,  ,,FR,S,GSC
2025-12-01 00:00:00,784970900030,30,DW,12,E,01,300,DRUGSTORE XPRESS SA DE CV     ,02,ACTIVO,41X0F0 ,2,F62F,09L2,47655,6725,60,0,0,951,LECT NEGATIVA,8,MEDID NO TRABAJA,,,1,9BBTM,2025-12-22 18:32:00,2025-12-19 06:02:56,3076,T,9P15U,41X0F0 ,7830,Tele,  ,,,,GSC
2025-12-01 00:00:00,801250501130,24,DW,07,B,04,245,CHAN CIAU MANUEL JESUS        ,1B,ACTIVO,P392JP ,2,F623,18NN,2480,77,0,0,0,951,LECT NEGATIVA,18,,,,1,9MCJD,2025-12-18 18:13:00,2025-12-16 10:35:37,2429,L,9ND1B,P392JP ,1998,Opt,  ,,,,GSC
2025-12-01 00:00:00,783180301270,20,DW,12,D,01,203,CUSTODIO OLSIN ARACELI        ,02,ACTIVO,204VBU ,1,F122,16LN,10564,198,65,0,0,951,LECT NEGATIVA,8,UI MED INVERTIDO,,,1,9BBTM,2025-12-16 12:27:00,2025-12-12 08:21:56,2004,M,GAALN,204VBU ,227,Opt,  ,,,,GSC
2025-12-01 00:00:00,777030800626,68,DW,01,J,03,688,MIGUEL RUIZ AYUSO             ,9C,ACTIVO,R597CN ,3,KL28,18KE,23752,162,50,0,0,951,LECT NEGATIVA,8,CASA CERRADA,,,1,9P12J,2025-12-15 09:35:00,2025-12-11 11:58:36,6801,L,9NCXE,R597CN ,99960,Opt,  ,,,,GSC
2025-12-01 00:00:00,795920500032,18,DW,05,A,01,101,EUSEBIO HERNANDEZ CAMPOS      ,1F,ACTIVO,PHL873 ,2,F123,24NX,318,1018,0,44,0,951,LECT NEGATIVA,2,,NUM MEDID DESIGU,,1,9ND2K,2025-12-11 18:42:00,2025-12-11 07:58:04,1801,M,9ND4D,XMR775 ,100933,Opt,  ,,,,GSC
2025-12-01 00:00:00,776180900321,24,DW,01,H,39,249,PINTO CAN OLGA LIDIA          ,02,ACTIVO,P025FH ,2,F623,18NN,1820,1506,0,44,0,951,LECT NEGATIVA,2,,NUM MEDID DESIGU,,1,9P12J,2025-12-17 14:06:00,2025-12-16 11:12:17,2426,L,9JR2C,P025FH ,98560,Opt,  ,,,,GSC
2025-12-01 00:00:00,773250900740,38,DW,01,D,01,385,PEREZ CHAVEZ LEONARDO         ,1D,ACTIVO,2BCN17 ,2,F623,25P2,99771,228,0,44,0,951,LECT NEGATIVA,2,,NUM MEDID DESIGU,,1,9P12J,2025-12-30 11:41:00,2025-12-26 17:07:37,3805,L,GAKVM,2BCN17 ,99772,Opt,  ,,,,GSC
2025-12-01 00:00:00,789200600153,06,DW,04,A,01,061,ORTIZ CARRERA ERICK DAVID     ,1F,ACTIVO,RDL304 ,2,F623,24NY,0,917,0,44,0,951,LECT NEGATIVA,2,,NUM MEDID DESIGU,,1,9MCF6,2025-12-05 09:45:00,2025-12-03 10:30:02,0654,R,R9476,RDL304 ,98284,Opt,  ,,,,GSC
2025-12-01 00:00:00,808040500020,20,DW,08,E,69,201,HAU AKE REYES MANUEL          ,1B,ACTIVO,8N74J9 ,1,F121,04GG,7006,125,0,0,0,951,LECT NEGATIVA,2,,,,1,9ND09,2025-12-16 10:53:00,2025-12-12 08:59:42,2026,M,9BBVL,8N74J9 ,99924,Nor,  ,,FR,S,GSC
2025-12-01 00:00:00,777881200206,14,DW,01,J,28,144,ROGACIANO UC DOMINGUEZ        ,1B,ACTIVO,1A481J ,1,F121,04GG,2669,102,0,0,70,951,LECT NEGATIVA,8,,,LECTURA NEGATIVA,1,9P12J,2025-12-11 09:24:00,2025-12-09 11:29:32,1427,L,9NCXE,1A481J ,99982,Nor,  ,,FR,S,GSC
2025-12-01 00:00:00,777850100301,30,DW,01,J,19,301,CAMILO MEX QUIAU              ,1C,ACTIVO,MV7214 ,1,F121,84EG,1313,10,0,0,70,951,LECT NEGATIVA,8,,,LECTURA NEGATIVA,1,9P12J,2025-12-22 18:11:00,2025-12-19 09:59:32,3027,L,R9712,MV7214 ,9915,Nor,  ,,LN,S,GSC
2025-12-01 00:00:00,791020300521,36,DW,04,D,48,001,JOSE A RIVERO ORDOEZ          ,1F,ACTIVO,0W3X42 ,2,F621,02F3,7370,0,0,0,70,951,LECT NEGATIVA,8,,,LECTURA NEGATIVA,1,9MCF6,2025-12-29 18:23:00,2025-12-26 15:22:12,3627,L,GA8WN,0W3X42 ,99900,Nor,  ,,FR,S,GSC
2025-12-01 00:00:00,782060301849,28,DW,12,C,01,283,CARRASCO HDEZ JUAN A          ,1D,ACTIVO,2P056D ,1,F121,06JL,55015,1185,0,0,70,951,LECT NEGATIVA,8,,,LECTURA NEGATIVA,1,9BBTM,2025-12-22 16:46:00,2025-12-18 12:34:12,2802,M,9P120,2P056D ,370,Nor,  ,,FR,S,GSC
2025-12-01 00:00:00,773030302850,06,DW,01,D,01,063,AMAYA CEH RENE EFRAIN         ,1D,ACTIVO,6C73N8 ,1,F121,03GG,16888,13,0,0,70,951,LECT NEGATIVA,8,,,LECTURA NEGATIVA,1,9P12J,2025-12-04 15:02:00,2025-12-03 08:02:49,0604,L,9NCYM,6C73N8 ,99975,Nor,  ,,FR,S,GSC
2025-12-01 00:00:00,785990502096,28,DW,03,A,09,281,DZUL CHAN MARTA PATRICIA      ,1B,ACTIVO,U843CL ,1,F123,18NM,362,313,0,44,70,951,LECT NEGATIVA,8,,NUM MEDID DESIGU,LECTURA NEGATIVA,1,9ND2R,2025-12-19 14:09:00,2025-12-18 10:16:37,2826,L,9MCET,U843CL ,93832,Nor,44,NUM MEDID DESIGU,44,S,GSC
2025-12-01 00:00:00,780090602239,30,DW,12,A,01,301,DZIB VILLASIS JUAN            ,1D,ACTIVO,4G3J30 ,1,F121,01GG,16904,0,0,31,70,951,LECT NEGATIVA,4,,SERVICIO SIN USO,LECTURA NEGATIVA,1,9BBTM,2025-12-23 10:41:00,2025-12-19 08:58:01,3002,M,9MC6M,4G3J30 ,99915,Nor,  ,,FR,S,GSC
2025-12-01 00:00:00,810250901854,76,DW,22,A,01,766,COMERCIAL MINISUPER GM        ,67,SUJETO A CORTE,GGD453 ,3,VL28,22NJ,0,0,0,31,70,951,LECT NEGATIVA,4,,SERVICIO SIN USO,LECTURA NEGATIVA,1,9MCCM,2025-12-29 08:22:00,2025-12-23 13:35:32,7601,L,9NCT1,GGD453 ,1,Opt,31,SERVICIO SIN USO,,,GSC
2025-12-01 00:00:00,773070704934,04,DW,01,D,01,042,AGUILAR RESENDEZ ADELINA      ,1D,ACTIVO,49GV09 ,1,F121,07JL,8931,0,0,0,70,951,LECT NEGATIVA,8,,,LECTURA NEGATIVA,1,9P12J,2025-12-03 13:38:00,2025-12-02 13:25:07,0402,L,9BBR3,49GV09 ,99000,Nor,  ,,FR,S,GSC
2025-12-01 00:00:00,803060100328,24,DW,07,D,05,052,MAY JUAN PABLO                ,1C,ACTIVO,9F140X ,1,F121,05JL,17931,0,0,0,70,951,LECT NEGATIVA,8,,,LECTURA NEGATIVA,1,9MCJD,2025-12-17 14:59:00,2025-12-16 12:17:27,2426,L,GA2CN,9F140X ,99900,Nor,  ,,FR,S,GSC
2025-12-01 00:00:00,804020200768,04,DW,08,A,07,002,HOIL MONTANEZ SIRIA MERCEDES  ,1B,ACTIVO,YJ608P ,2,F623,21NU,1446,65,0,0,70,951,LECT NEGATIVA,8,,,LECTURA NEGATIVA,1,9ND09,2025-12-04 12:55:00,2025-12-02 10:43:44,0427,M,9ND8B,YJ608P ,99942,Opt,  ,,,,GSC
2025-12-01 00:00:00,793080801921,79,DW,04,H,C9,790,COLEG DE BACHILLERES DE CAMP  ,67,ACTIVO,MU432E ,3,KL28,20KE,32124,0,0,0,70,951,LECT NEGATIVA,4,,,LECTURA NEGATIVA,1,9MCF6,2025-12-30 10:31:00,2025-12-29 17:24:10,7901,L,R9605,MU432E ,879,Opt,  ,,,,GSC
2025-12-01 00:00:00,779250105514,36,DW,01,M,13,366,MORELES CABRALES FRANCISCO JAV,1D,ACTIVO,RBH826 ,2,F623,24NY,99925,119,0,0,70,951,LECT NEGATIVA,4,,,LECTURA NEGATIVA,1,9P12J,2025-12-29 13:17:00,2025-12-26 17:26:42,3601,L,GAC1M,RBH826 ,99854,Opt,  ,,,,GSC
2025-12-01 00:00:00,772970600186,24,DW,01,C,01,242,MA ISOLINA BALAM LOPEZ        ,1D,ACTIVO,058816 ,1,W101,6000,2594,185,0,0,70,951,LECT NEGATIVA,8,,,LECTURA NEGATIVA,1,9P12J,2025-12-18 13:07:00,2025-12-16 17:27:23,2402,L,9JR53,058816 ,9948,Nor,  ,,LN,S,GSC
2025-12-01 00:00:00,785941000255,18,DW,03,A,11,183,JOSE A MAAS TUN               ,1D,ACTIVO,X61A69 ,1,F121,94F5,52486,3,0,0,70,951,LECT NEGATIVA,8,,,LECTURA NEGATIVA,1,9ND2R,2025-12-11 18:32:00,2025-12-11 10:54:30,1827,M,9MCH1,X61A69 ,99989,Nor,  ,,FR,S,GSC
2025-12-01 00:00:00,789050202103,22,DW,04,A,01,222,KARIME GUERRERO DE LOPEZ      ,1F,ACTIVO,PKL409 ,1,F123,24NX,1256,0,0,0,70,951,LECT NEGATIVA,8,,,LECTURA NEGATIVA,1,9MCF6,2025-12-17 10:28:00,2025-12-15 13:10:47,2227,M,9MCJH,PKL409 ,99536,Opt,  ,,,,GSC
2025-12-01 00:00:00,793971000864,06,DW,04,F,12,065,MARTINEZ CARVAJAL FDO         ,1F,ACTIVO,P72H33 ,1,F121,93F5,23445,17,0,0,70,951,LECT NEGATIVA,8,,,LECTURA NEGATIVA,1,9MCF6,2025-12-05 15:34:00,2025-12-03 13:56:18,0604,M,R9655,P72H33 ,99757,Nor,  ,,FR,S,GSC
2025-12-01 00:00:00,791160900218,38,DW,04,D,49,383,CHAN LOPEZ MANUEL             ,1F,ACTIVO,383DHG ,1,F122,15LN,3300,75,0,0,70,951,LECT NEGATIVA,8,,,LECTURA NEGATIVA,1,9MCF6,2025-12-29 13:31:00,2025-12-26 11:50:21,3826,L,9MCJH,383DHG ,99978,Opt,  ,,,,GSC
2025-12-01 00:00:00,774100400389,34,DW,01,E,02,342,ALVAREZ SIERRA LAURA          ,02,ACTIVO,12TJ05 ,1,F121,08JL,9831,6,0,0,70,951,LECT NEGATIVA,8,,,LECTURA NEGATIVA,1,9P12J,2025-12-26 11:53:00,2025-12-23 09:44:03,3402,L,GA00N,12TJ05 ,99904,Nor,  ,,FR,S,GSC
2025-12-01 00:00:00,776051100962,28,DW,01,H,36,288,JOSE GUADALUPE PUC PEREZ      ,1C,ACTIVO,0C985L ,1,F421,05GH,5844,212,0,0,70,951,LECT NEGATIVA,8,,,LECTURA NEGATIVA,1,9P12J,2025-12-22 10:28:00,2025-12-18 11:31:53,2828,L,9P167,0C985L ,99989,Nor,  ,,FR,S,GSC
2025-12-01 00:00:00,793121000539,04,DW,04,F,11,042,HERNANDEZ GOMEZ ARACELI       ,1F,ACTIVO,U889VA ,1,F122,18LN,2560,263,0,0,70,951,LECT NEGATIVA,8,,,LECTURA NEGATIVA,1,9MCF6,2025-12-03 14:36:00,2025-12-02 07:06:08,0427,L,9JR35,U889VA ,99973,Opt,  ,,,,GSC
2025-12-01 00:00:00,773880300295,22,DW,01,D,01,224,KOH BALAM MARGARITA           ,1D,ACTIVO,VA902G ,2,F623,21NV,0,82,0,0,70,951,LECT NEGATIVA,8,,,LECTURA NEGATIVA,1,9P12J,2025-12-16 15:13:00,2025-12-15 10:32:40,2205,L,9ND4J,VA902G ,-97122,Opt,  ,,,,GSC
2025-12-01 00:00:00,803010700383,28,DW,07,D,07,071,CANCHE Y TAH LUIS             ,1C,ACTIVO,179EFV ,1,F122,15LN,16162,339,0,0,70,951,LECT NEGATIVA,8,,,LECTURA NEGATIVA,1,9MCJD,2025-12-19 17:09:00,2025-12-18 11:17:19,2827,M,R9920,179EFV ,99972,Opt,  ,,,,GSC
2025-12-01 00:00:00,785810200259,30,DW,03,A,09,001,ESTELA CHIN                   ,1B,ACTIVO,X1834K ,1,W111,79C0,8330,213,0,0,70,951,LECT NEGATIVA,8,,,LECTURA NEGATIVA,1,9ND2R,2025-12-22 08:35:00,2025-12-19 09:12:14,3027,L,9MCH1,X1834K ,9952,Nor,  ,,LN,S,GSC
2025-12-01 00:00:00,803971200508,12,DW,07,D,18,001,JOSE GABINO PERAZA CAAMAL     ,1C,ACTIVO,Y072R1 ,1,F121,97F5,9524,103,0,0,70,951,LECT NEGATIVA,8,,,LECTURA NEGATIVA,1,9MCJD,2025-12-09 08:25:00,2025-12-08 12:34:08,1226,M,GA2CN,Y072R1 ,99983,Nor,  ,,FR,S,GSC
2025-12-01 00:00:00,771880501158,70,DW,01,B,02,701,VILLAS DEL REY                ,02,ACTIVO,2U087C ,2,F421,06GH,81203,329,0,0,70,951,LECT NEGATIVA,8,,,LECTURA NEGATIVA,1,9P12J,2025-12-17 14:04:00,2025-12-15 12:36:29,7001,L,9JRDF,2U087C ,99785,Nor,  ,,FR,S,GSC
2025-12-01 00:00:00,802071000299,38,DW,07,C,18,384,CAUICH BALAM LEIDY HERMELINDA ,1B,ACTIVO,67FL49 ,1,F121,07JL,7108,11,0,0,70,951,LECT NEGATIVA,8,,,LECTURA NEGATIVA,1,9MCJD,2025-12-30 13:25:00,2025-12-26 13:49:16,3801,M,GAM7M,67FL49 ,99924,Nor,  ,,FR,S,GSC
2025-12-01 00:00:00,806900900150,12,DW,08,C,28,121,SEP ESC PRIM TIBURCIO MEN     ,02,ACTIVO,V136BV ,2,F622,18LM,53842,1836,0,0,70,951,LECT NEGATIVA,8,,,LECTURA NEGATIVA,1,9ND09,2025-12-10 09:37:00,2025-12-08 12:05:15,1201,M,9MCDR,V136BV ,1836,Nor,  ,,LM,S,GSC
2025-12-01 00:00:00,779240805861,16,DW,01,M,17,161,CANUL MONTANEZ MIRNA ETHEL    ,02,ACTIVO,RDP411 ,2,F623,24NY,99943,23,0,0,70,951,LECT NEGATIVA,8,,,LECTURA NEGATIVA,1,9P12J,2025-12-12 12:20:00,2025-12-10 11:23:15,1627,L,R9689,RDP411 ,99969,Opt,  ,,,,GSC
2025-12-01 00:00:00,803911100016,10,DW,07,D,15,001,CRECENCIO NOH COHUO           ,1B,ACTIVO,7WL759 ,1,F121,99GG,15409,56,0,0,70,951,LECT NEGATIVA,8,,,LECTURA NEGATIVA,1,9MCJD,2025-12-08 17:22:00,2025-12-05 13:03:01,1027,M,R9920,7WL759 ,99920,Nor,  ,,FR,S,GSC
2025-12-01 00:00:00,315240200474,12,DW,04,B,23,122,POOL CHAN LEONARDO SAMUEL     ,1F,ACTIVO,JDC673 ,2,F623,23NU,4356,480,0,0,70,951,LECT NEGATIVA,8,,,LECTURA NEGATIVA,1,9MCF6,2025-12-23 10:35:00,2025-12-09 11:58:01,1251,R,9BBCL,JDC673 ,99637,Opt,  ,,,,GSC
2025-12-01 00:00:00,775140700233,32,DW,01,G,03,325,NEGRON MANUEL ANGEL           ,1B,ACTIVO,RDN504 ,2,F623,24NY,1879,0,0,0,70,951,LECT NEGATIVA,8,,,LECTURA NEGATIVA,1,9P12J,2025-12-23 13:25:00,2025-12-22 11:06:36,3227,M,GA81N,RDN504 ,97160,Opt,  ,,,,GSC
2025-12-01 00:00:00,794060501544,28,DW,04,G,20,282,MORENO CORTINA ALFREDO        ,1F,ACTIVO,3V969A ,1,F121,06JL,10042,0,0,0,70,951,LECT NEGATIVA,8,,,LECTURA NEGATIVA,1,9MCF6,2025-12-19 13:55:00,2025-12-18 13:23:11,2826,L,R9484,3V969A ,99947,Nor,  ,,FR,S,GSC
2025-12-01 00:00:00,803190100541,10,DW,07,D,33,331,COUH UC ELIDEO                ,1C,ACTIVO,U652XU ,2,F623,18NN,15178,319,0,0,70,951,LECT NEGATIVA,8,,,LECTURA NEGATIVA,1,9MCJD,2025-12-08 17:28:00,2025-12-05 14:34:47,1026,M,GA2CN,U652XU ,99958,Opt,  ,,,,GSC
2025-12-01 00:00:00,790180701151,75,DW,04,C,54,751,JUNTA MUNICIPAL POZO NUM 4    ,06,ACTIVO,MV567M ,3,KL28,20KE,27762,0,0,0,70,951,LECT NEGATIVA,4,,,LECTURA NEGATIVA,1,9MCF6,2025-12-23 12:16:00,2025-12-22 08:34:08,7501,L,9EMLW,MV567M ,865,Opt,  ,,,,GSC
2025-12-01 00:00:00,787750408125,30,DW,03,C,73,002,FERMIN GONZALEZ               ,1C,ACTIVO,914V0G ,1,F122,14LN,1520,0,0,0,70,951,LECT NEGATIVA,8,,,LECTURA NEGATIVA,1,9ND2R,2025-12-22 18:22:00,2025-12-19 09:17:08,3026,L,GA6WN,914V0G ,99533,Opt,  ,,,,GSC
2025-12-01 00:00:00,782110600362,10,DW,12,C,01,100,YOEMI YAHAIRA AGUSTIN PEREZ   ,1D,ACTIVO,9TF364 ,2,F621,99F3,15445,160,0,0,70,951,LECT NEGATIVA,8,,,LECTURA NEGATIVA,1,9BBTM,2025-12-09 14:21:00,2025-12-05 10:56:39,1003,M,GAA7N,9TF364 ,0,Nor,31,SERVICIO SIN USO,,,GSC
2025-12-01 00:00:00,778750615539,24,DW,01,K,53,245,EUSTAQUIO DIAZ D              ,1C,ACTIVO,8E032W ,1,F121,05JL,23203,6,0,0,70,951,LECT NEGATIVA,8,,,LECTURA NEGATIVA,1,9P12J,2025-12-18 12:05:00,2025-12-16 08:58:52,2427,L,9BBR5,8E032W ,0,Nor,31,SERVICIO SIN USO,,,GSC
2025-12-01 00:00:00,802920300269,38,DW,07,C,18,384,PECH CANUL MA CIPRIANA        ,1B,ACTIVO,W2H001 ,1,F121,91F5,27888,1,0,0,70,951,LECT NEGATIVA,8,,,LECTURA NEGATIVA,1,9MCJD,2025-12-30 13:24:00,2025-12-26 13:30:26,3801,M,GAM7M,W2H001 ,99948,Nor,  ,,FR,S,GSC
2025-12-01 00:00:00,779051100457,28,DW,01,M,06,284,TEC BASTO JUAN                ,1B,ACTIVO,7C375N ,2,F421,05GH,47355,842,0,0,70,951,LECT NEGATIVA,8,,,LECTURA NEGATIVA,1,9P12J,2025-12-22 15:01:00,2025-12-18 09:31:08,2826,L,9JRBR,7C375N ,99949,Nor,  ,,FR,S,GSC
2025-12-01 00:00:00,795221001896,72,DW,05,A,01,721,COMERCIALIZADORA INDUSTRIAL DE,67,ACTIVO,PT391Y ,3,KL28,21KE,2269,0,0,0,70,951,LECT NEGATIVA,4,,,LECTURA NEGATIVA,1,9ND2K,2025-12-19 11:33:00,2025-12-17 14:29:55,7201,L,9JRDH,PT391Y ,66,Nor,  ,,LM,S,GSC
2025-12-01 00:00:00,782010807563,30,DW,12,D,01,305,ARREDONDO HERNANDEZ IRMA      ,1D,ACTIVO,88C5F1 ,2,F621,08KG,48259,337,0,0,70,951,LECT NEGATIVA,8,,,LECTURA NEGATIVA,1,9BBTM,2025-12-23 14:52:00,2025-12-19 14:11:08,3003,M,GATJM,88C5F1 ,22,Nor,  ,,FR,S,GSC
2025-12-01 00:00:00,776050102104,30,DW,01,H,36,308,MANUEL A SALAZAR UICAB        ,1C,ACTIVO,4D618K ,1,F121,05JL,806,12,0,0,70,951,LECT NEGATIVA,4,,,LECTURA NEGATIVA,1,9P12J,2025-12-23 14:27:00,2025-12-19 10:22:49,3028,L,9JRBT,4D618K ,99989,Nor,  ,,FR,S,GSC
2025-12-01 00:00:00,807810900084,32,DW,08,D,48,322,SEP ESC FED M HIDALGO Y C     ,02,ACTIVO,R486CN ,3,KL28,18KE,25653,2523,0,0,70,951,LECT NEGATIVA,8,,,LECTURA NEGATIVA,1,9ND09,2025-12-24 12:11:00,2025-12-22 11:48:39,3202,L,9MCC7,R486CN ,99803,Opt,  ,,,,GSC
2025-12-01 00:00:00,803980200570,24,DW,07,D,05,053,GASPAR CHAN KUMUL             ,1C,ACTIVO,2D535R ,1,F121,05JL,27212,0,0,0,70,951,LECT NEGATIVA,8,,,LECTURA NEGATIVA,1,9MCJD,2025-12-17 14:53:00,2025-12-16 08:56:12,2427,M,R9920,2D535R ,99475,Nor,  ,,FR,S,GSC
2025-12-01 00:00:00,805790600019,02,DW,08,B,66,021,CAMPOS CANCHE FINA ARACELI    ,1B,ACTIVO,1J7U65 ,1,F121,01GG,35047,67,0,0,70,951,LECT NEGATIVA,8,,,LECTURA NEGATIVA,1,9ND09,2025-12-02 14:12:00,2025-12-01 08:49:25,0226,L,9EMGF,1J7U65 ,99923,Nor,  ,,FR,S,GSC
2025-12-01 00:00:00,775030702753,32,DW,01,G,03,324,VELAZQUEZ SOSA MARTIN JACOB   ,1B,ACTIVO,843JHL ,2,F622,15LM,5802,0,0,0,70,951,LECT NEGATIVA,8,,,LECTURA NEGATIVA,1,9P12J,2025-12-23 18:24:00,2025-12-22 12:44:15,3228,M,R9962,843JHL ,-98373,Opt,  ,,,,GSC
2025-12-01 00:00:00,777090900701,12,DW,01,J,52,125,NOVELO ROSADO JUAN DIEGO      ,1D,ACTIVO,57LU36 ,1,F121,07JL,5718,24,0,0,70,951,LECT NEGATIVA,8,,,LECTURA NEGATIVA,1,9P12J,2025-12-09 16:54:00,2025-12-08 12:49:55,1228,L,G81D8,57LU36 ,99737,Nor,  ,,FR,S,GSC
2025-12-01 00:00:00,777090300797,28,DW,01,J,47,288,MOO DZIB JOSE ANDRES          ,1C,ACTIVO,04YE16 ,1,F121,08JL,29696,378,0,0,70,951,LECT NEGATIVA,8,,,LECTURA NEGATIVA,1,9P12J,2025-12-22 10:07:00,2025-12-18 11:19:48,2831,L,R9950,04YE16 ,99801,Nor,  ,,FR,S,GSC
2025-12-01 00:00:00,785210701211,22,DW,03,A,07,001,CABANAS GONZALEZ FATIMA DEL RO,1C,ACTIVO,4G8R64 ,1,F121,01GG,299,0,0,0,70,951,LECT NEGATIVA,8,,,LECTURA NEGATIVA,1,9ND2R,2025-12-16 13:39:00,2025-12-15 10:27:56,2226,M,9MCH1,4G8R64 ,99989,Nor,  ,,FR,S,GSC
2025-12-01 00:00:00,798181200334,64,DW,06,C,20,623,SECRETARIA DE EDUCACION PUBLIC,67,ACTIVO,CKX066 ,3,VL28,22NJ,23,0,0,0,70,951,LECT NEGATIVA,4,,,LECTURA NEGATIVA,1,9BBEG,2025-12-09 11:32:00,2025-12-05 07:55:39,6402,L,G92BY,CKX066 ,15,Opt,  ,,,,GSC
2025-12-01 00:00:00,775020301211,24,DW,01,G,01,242,PLASENCIA PASTOR REYNA AMPARO ,1B,ACTIVO,6YT921 ,1,F121,00GG,27756,61,0,0,70,951,LECT NEGATIVA,8,,,LECTURA NEGATIVA,1,9P12J,2025-12-17 13:34:00,2025-12-16 08:27:13,2402,L,9BBMC,6YT921 ,99987,Nor,  ,,FR,S,GSC
2025-12-01 00:00:00,807750308326,16,DW,08,D,49,161,LUIS MARIN TUN                ,1B,ACTIVO,C2716F ,1,C111,738V,7082,102,0,0,70,951,LECT NEGATIVA,8,,,LECTURA NEGATIVA,1,9ND09,2025-12-12 14:05:00,2025-12-10 09:29:44,1626,L,R9857,C2716F ,29,Nor,  ,,FR,S,GSC
2025-12-01 00:00:00,773980201146,22,DW,01,D,01,224,CHIM CHABLE MARIA JESUS       ,1D,ACTIVO,VA741G ,2,F623,21NV,99999,0,0,0,70,951,LECT NEGATIVA,8,,,LECTURA NEGATIVA,1,9P12J,2025-12-16 15:14:00,2025-12-15 10:26:18,2205,L,9ND4J,VA741G ,-94537,Opt,  ,,,,GSC
2025-12-01 00:00:00,779231103802,26,DW,01,M,15,262,LOPERENA BAEZ JOSE HUGO       ,02,ACTIVO,JAR942 ,2,F623,23NU,99943,0,0,0,70,951,LECT NEGATIVA,8,,,LECTURA NEGATIVA,1,9P12J,2025-12-19 08:36:00,2025-12-17 14:31:42,2627,L,9P14E,JAR942 ,99679,Opt,  ,,,,GSC
2025-12-01 00:00:00,783250300306,04,DW,12,C,01,041,CASTRO SOTO JUAN              ,1D,ACTIVO,RCL620 ,2,F623,24NY,751,565,0,0,70,951,LECT NEGATIVA,4,,,LECTURA NEGATIVA,1,9BBTM,2025-12-04 09:19:00,2025-12-02 10:10:19,0401,M,GAA7N,RCL620 ,186,Opt,  ,,,,GSC
2025-12-01 00:00:00,810151204629,10,DW,22,A,01,104,SOLANO MENA LULU              ,02,CORTADO,800JJA ,2,F622,15LM,4972,28,0,0,70,951,LECT NEGATIVA,8,,,LECTURA NEGATIVA,1,9MCCM,2025-12-08 07:46:00,2025-12-05 08:27:53,1052,R,9MC4Y,800JJA ,99900,Opt,  ,,,,GSC
2025-12-01 00:00:00,799120800653,18,DW,06,D,01,181,GOMEZ TREJO EDMUNDO           ,1B,ACTIVO,971L6L ,2,F622,13LM,16588,334,0,0,70,951,LECT NEGATIVA,8,,,LECTURA NEGATIVA,1,9BBEG,2025-12-15 12:45:00,2025-12-12 12:49:33,1801,M,GAT5M,971L6L ,99871,Opt,  ,,,,GSC
2025-12-01 00:00:00,803140600593,64,DW,07,D,07,900,SRIA DE ADMON Y FINANZAS      ,67,ACTIVO,193L1F ,3,KL28,13KE,46700,0,0,0,70,951,LECT NEGATIVA,4,,,LECTURA NEGATIVA,1,9MCJD,2025-12-09 06:21:00,2025-12-05 13:36:49,6401,L,GA2CN,193L1F ,99936,Opt,  ,,,,GSC
2025-12-01 00:00:00,790971001314,10,DW,04,C,32,124,MENDEZ LEON LILIA             ,1F,ACTIVO,LMU876 ,1,F123,23NX,2770,796,0,0,70,951,LECT NEGATIVA,8,,,LECTURA NEGATIVA,1,9MCF6,2025-12-09 11:30:00,2025-12-05 13:24:44,1001,L,9EMLW,LMU876 ,99921,Opt,  ,,LM,S,GSC
2025-12-01 00:00:00,785250700790,34,DW,03,A,01,341,UCAN CATNO JUAN JESUS         ,1B,ACTIVO,PJK334 ,1,F123,24NX,0,11,0,0,70,951,LECT NEGATIVA,4,,,LECTURA NEGATIVA,1,9ND2R,2025-12-26 12:36:00,2025-12-23 12:12:05,3402,L,GAPQM,PJK334 ,99989,Opt,  ,,,,GSC
2025-12-01 00:00:00,783020904351,18,DW,12,D,01,183,CANUL COHUO MA FELIPA         ,1D,ACTIVO,9W2W27 ,1,F621,02F3,32555,4212,0,0,70,951,LECT NEGATIVA,8,,,LECTURA NEGATIVA,1,9BBTM,2025-12-15 12:27:00,2025-12-11 09:33:42,1802,M,GATJM,9W2W27 ,971,Nor,  ,,FR,S,GSC
2025-12-01 00:00:00,780050803584,20,DW,12,B,01,030,CARDOZA CHABLE SEBASTIAN      ,1D,ACTIVO,71H7D9 ,1,F12H,09KU,25572,277,0,0,70,951,LECT NEGATIVA,8,,,LECTURA NEGATIVA,1,9BBTM,2025-12-16 12:05:00,2025-12-12 09:05:35,2002,L,9NCX2,71H7D9 ,74,Nor,  ,,FR,S,GSC
2025-12-01 00:00:00,803801100673,10,DW,07,D,15,001,PEDRO DZIB CAAMAL             ,1B,ACTIVO,M015W1 ,1,F121,96F5,30333,2,0,0,70,951,LECT NEGATIVA,8,,,LECTURA NEGATIVA,1,9MCJD,2025-12-08 17:23:00,2025-12-05 13:54:38,1027,M,R9920,M015W1 ,99981,Nor,  ,,FR,S,GSC
2025-12-01 00:00:00,779970300390,04,DW,01,M,01,045,MARIA NELLY CAMARA LOEZA      ,1B,ACTIVO,M909M8 ,1,F121,96F5,46266,53,0,0,70,951,LECT NEGATIVA,8,,,LECTURA NEGATIVA,1,9P12J,2025-12-03 12:14:00,2025-12-02 10:29:45,0401,L,9JRBR,M909M8 ,99900,Nor,  ,,FR,S,GSC
2025-12-01 00:00:00,804210100077,04,DW,08,A,07,001,ORTIZ Y OJEDA ROSA AURORA     ,1B,ACTIVO,KL801J ,1,F123,20NT,2950,266,0,0,70,951,LECT NEGATIVA,8,,,LECTURA NEGATIVA,1,9ND09,2025-12-04 12:55:00,2025-12-02 12:14:51,0426,L,9JR2G,KL801J ,168,Opt,  ,,,,GSC
2025-12-01 00:00:00,782131203665,18,DW,12,C,01,181,ELIZONDO GARZA JOSE MA        ,1D,ACTIVO,16M3R6 ,2,F62H,09KN,24986,225,0,0,70,951,LECT NEGATIVA,8,,,LECTURA NEGATIVA,1,9BBTM,2025-12-15 13:27:00,2025-12-11 07:32:35,1801,M,GAA7N,16M3R6 ,207,Opt,  ,,,,GSC
2025-12-01 00:00:00,794920600103,34,DW,04,G,41,342,TORRES VAZQUEZ EMILIO         ,1F,ACTIVO,50AD18 ,1,F121,06JL,4260,0,0,0,70,951,LECT NEGATIVA,8,,,LECTURA NEGATIVA,1,9MCF6,2025-12-29 10:57:00,2025-12-23 10:43:14,3426,L,R9484,50AD18 ,99645,Nor,  ,,FR,S,GSC
2025-12-01 00:00:00,789080200369,10,DW,04,B,23,101,ORDONEZ DE DIOS MARIO ALBERTO ,1F,ACTIVO,50KR06 ,1,F121,07JL,49886,592,0,0,70,951,LECT NEGATIVA,8,,,LECTURA NEGATIVA,1,9MCF6,2025-12-08 13:23:00,2025-12-06 12:35:09,1051,R,GAGBM,50KR06 ,24,Nor,  ,,FR,S,GSC
2025-12-01 00:00:00,780081201761,24,DW,12,A,05,242,GONZALEZ MEDINA MONICA        ,1D,ACTIVO,13D3K9 ,2,F421,08KF,54573,813,0,0,70,951,LECT NEGATIVA,8,,,LECTURA NEGATIVA,1,9BBTM,2025-12-18 09:23:00,2025-12-16 08:17:03,2427,M,GABCM,13D3K9 ,427,Nor,  ,,,,GSC
2025-12-01 00:00:00,779971100921,62,DW,01,M,21,622,MUNICIPIO DE MERIDA YUCATAN   ,02,ACTIVO,RBY399 ,2,F623,24NY,71019,7557,0,0,70,951,LECT NEGATIVA,8,,,LECTURA NEGATIVA,1,9P12J,2025-12-04 09:40:00,2025-12-03 11:30:09,6204,L,9JRBR,RBY399 ,21482,Opt,  ,,,,GSC
2025-12-01 00:00:00,782181007182,36,DW,12,D,01,363,SANCHEZ ALEJANDRO HERIBERTO AD,1D,ACTIVO,T735UH ,2,F622,18LM,22934,1002,0,0,70,951,LECT NEGATIVA,8,,,LECTURA NEGATIVA,1,9BBTM,2025-12-30 07:39:00,2025-12-26 11:57:59,3604,L,GATJM,T735UH ,1022,Opt,  ,,,,GSC
2025-12-01 00:00:00,805160700210,22,DW,08,B,69,222,CRUZ CAMPOS KARINA            ,1B,ACTIVO,453JCE ,1,F122,15LN,16312,420,0,0,70,951,LECT NEGATIVA,8,,,LECTURA NEGATIVA,1,9ND09,2025-12-17 15:01:00,2025-12-15 11:23:25,2228,M,GAVPM,453JCE ,251,Opt,  ,,,,GSC
2025-12-01 00:00:00,780041100813,66,DW,12,A,01,662,RADIOMOVIL DIPSA SA DE CV     ,67,ACTIVO,GEA346 ,3,KL28,22NJ,0,0,0,0,70,951,LECT NEGATIVA,4,,,LECTURA NEGATIVA,1,9BBTM,2025-12-11 12:18:00,2025-12-09 11:47:20,6601,L,9BBM1,GEA346 ,3012,Opt,  ,,,,GSC
2025-12-01 00:00:00,796150104938,22,DW,06,A,21,212,PEREZ CHONCOA EMILIO          ,1C,ACTIVO,NR656R ,2,F623,20NU,5812,469,0,0,70,951,LECT NEGATIVA,8,,,LECTURA NEGATIVA,1,9BBEG,2025-12-16 18:46:00,2025-12-15 10:13:00,2228,L,9P134,NR656R ,99973,Opt,  ,,,,GSC
2025-12-01 00:00:00,786080901520,18,DW,03,B,18,180,GONGORA MOO FLORENCIA         ,1B,ACTIVO,G0819J ,1,W111,75C0,1022,82,0,0,70,951,LECT NEGATIVA,8,,,LECTURA NEGATIVA,1,9ND2R,2025-12-12 10:56:00,2025-12-11 12:12:17,1828,L,R9855,G0819J ,9941,Nor,  ,,LN,S,GSC
2025-12-01 00:00:00,776911100400,28,DW,01,H,36,288,JOSE D NOVELO CUXIN           ,1C,ACTIVO,54GV72 ,1,F121,07JL,16383,2,0,0,70,951,LECT NEGATIVA,8,,,LECTURA NEGATIVA,1,9P12J,2025-12-22 10:30:00,2025-12-18 09:14:09,2828,L,9P167,54GV72 ,99900,Nor,  ,,FR,S,GSC
2025-12-01 00:00:00,777750613394,32,DW,01,J,46,324,MAY ARAGON MA DE LA ASUNCION  ,1C,ACTIVO,8F482X ,1,F121,05JL,1459,0,0,0,70,951,LECT NEGATIVA,8,,,LECTURA NEGATIVA,1,9P12J,2025-12-23 13:02:00,2025-12-22 09:52:11,3230,L,GAAFN,8F482X ,99977,Nor,  ,,FR,S,GSC
2025-12-01 00:00:00,782011104337,24,DW,12,C,01,242,PEREZ PEPEZ JUAN DANIEL       ,1D,ACTIVO,6F7K66 ,1,F121,01GG,53993,831,0,0,70,951,LECT NEGATIVA,8,,,LECTURA NEGATIVA,1,9BBTM,2025-12-18 14:19:00,2025-12-16 11:36:32,2401,L,9P120,6F7K66 ,6,Nor,31,SERVICIO SIN USO,,,GSC
2025-12-01 00:00:00,772920200136,28,DW,01,C,01,285,LUIS REYES PECH COHUO         ,1D,ACTIVO,HF3099 ,2,F121,82EG,986,0,0,0,70,951,LECT NEGATIVA,8,,,LECTURA NEGATIVA,1,9P12J,2025-12-22 14:07:00,2025-12-18 19:13:39,2803,M,GA0MN,HF3099 ,10108,Nor,  ,,LN,S,GSC
2025-12-01 00:00:00,799240200323,18,DW,06,D,01,181,BORREGO DORANTES ARTURO       ,1B,ACTIVO,6DVW03 ,2,F623,25NY,1114,501,0,0,70,951,LECT NEGATIVA,8,,,LECTURA NEGATIVA,1,9BBEG,2025-12-15 12:42:00,2025-12-12 08:14:15,1801,M,GAT5M,6DVW03 ,98018,Opt,  ,,,,GSC
2025-12-01 00:00:00,773230804094,20,DW,01,D,01,201,MARRUFO VAZQUEZ EDUARDO ENRIQU,02,ACTIVO,JCY996 ,2,F623,23NU,3268,386,0,0,70,951,LECT NEGATIVA,8,,,LECTURA NEGATIVA,1,9P12J,2025-12-16 13:02:00,2025-12-12 10:27:29,2002,L,9BBR3,JCY996 ,394,Opt,  ,,,,GSC
2025-12-01 00:00:00,778160700387,36,DW,01,K,51,362,CANCHE XOOL RAUL RODOLFO      ,1C,ACTIVO,762KUC ,1,F122,15LN,9118,944,0,0,70,951,LECT NEGATIVA,8,,,LECTURA NEGATIVA,1,9P12J,2025-12-29 12:06:00,2025-12-26 11:50:50,3627,M,G92B1,762KUC ,99388,Opt,  ,,,,GSC
2025-12-01 00:00:00,782061106381,28,DW,12,C,01,283,ECHEVERRIA TUN VICTOR M       ,1D,ACTIVO,7U369P ,2,F421,06GH,41523,1280,0,0,70,951,LECT NEGATIVA,8,,,LECTURA NEGATIVA,1,9BBTM,2025-12-22 16:43:00,2025-12-18 15:11:08,2802,M,GAKFM,7U369P ,99989,Nor,  ,,FR,S,GSC
2025-12-01 00:00:00,781090301391,38,DW,12,B,01,381,RODRIGO RAMOS CRUZ            ,1D,ACTIVO,202VBT ,1,F122,16LN,6319,229,0,0,70,951,LECT NEGATIVA,8,,,LECTURA NEGATIVA,1,9BBTM,2025-12-30 11:35:00,2025-12-26 17:25:19,3801,L,9P17V,202VBT ,74,Nor,  ,,LM,S,GSC
2025-12-01 00:00:00,777070201750,28,DW,01,J,47,288,PECH POOT ILDEFONSO           ,1C,ACTIVO,71DM30 ,1,F121,06JL,17392,0,0,0,70,951,LECT NEGATIVA,8,,,LECTURA NEGATIVA,1,9P12J,2025-12-22 10:35:00,2025-12-18 11:36:17,2831,L,R9950,71DM30 ,99986,Nor,  ,,FR,S,GSC
2025-12-01 00:00:00,773780400331,20,DW,01,D,01,200,VICENTE P CELIS A             ,1D,ACTIVO,5L10W3 ,1,F121,04GG,39644,608,0,0,70,951,LECT NEGATIVA,8,,,LECTURA NEGATIVA,1,9P12J,2025-12-15 14:36:00,2025-12-12 11:06:19,2001,L,9NCYP,5L10W3 ,22,Nor,  ,,FR,S,GSC
2025-12-01 00:00:00,777960400806,32,DW,01,J,46,321,ERNESTO RUIZ MENDEZ           ,1C,ACTIVO,3KN008 ,1,F121,99GG,29955,96,0,0,70,951,LECT NEGATIVA,8,,,LECTURA NEGATIVA,1,9P12J,2025-12-23 12:44:00,2025-12-22 08:36:09,3228,L,R9712,3KN008 ,99000,Nor,  ,,FR,S,GSC
2025-12-01 00:00:00,773250704819,38,DW,01,D,01,385,FLOTA CARDENA MARTHA RAQUEL   ,02,ACTIVO,XMN815 ,1,F123,24NX,99088,1002,0,0,70,951,LECT NEGATIVA,4,,,LECTURA NEGATIVA,1,9P12J,2025-12-30 11:41:00,2025-12-26 16:47:51,3805,L,GAKVM,XMN815 ,99298,Opt,  ,,,,GSC
2025-12-01 00:00:00,773900900081,22,DW,01,D,01,225,CLARO A ESTRADA ESTRADA       ,1D,ACTIVO,3J0U67 ,1,F121,01GG,45870,309,0,0,70,951,LECT NEGATIVA,8,,,LECTURA NEGATIVA,1,9P12J,2025-12-16 15:11:00,2025-12-15 15:44:55,2201,L,GAKVM,3J0U67 ,332,Nor,  ,,,,GSC
2025-12-01 00:00:00,782140200288,36,DW,12,C,01,361,JIMENEZ GALINDO ALEJANDRO     ,1D,ACTIVO,0X77H1 ,1,F121,04JF,39323,317,0,0,70,951,LECT NEGATIVA,8,,,LECTURA NEGATIVA,1,9BBTM,2025-12-30 15:58:00,2025-12-26 08:02:16,3602,L,9P130,0X77H1 ,93,Nor,  ,,FR,S,GSC
2025-12-01 00:00:00,776050900884,08,DW,01,H,38,085,H  COMISARIA DE SISAL         ,02,ACTIVO,16PD15 ,2,F621,07F3,83029,838,0,0,70,951,LECT NEGATIVA,8,,,LECTURA NEGATIVA,1,9P12J,2025-12-08 09:36:00,2025-12-04 09:03:39,0828,L,9P167,16PD15 ,98082,Nor,  ,,FR,S,GSC
2025-12-01 00:00:00,789010107027,30,DW,04,B,12,301,SANTOS CEBALLOS ANA ELENA     ,1F,ACTIVO,3VF288 ,1,F121,00GG,3479,0,0,0,70,951,LECT NEGATIVA,8,,,LECTURA NEGATIVA,1,9MCF6,2025-12-22 13:04:00,2025-12-19 08:44:14,3026,M,9BBLV,3VF288 ,99918,Nor,  ,,FR,S,GSC
2025-12-01 00:00:00,796090700242,38,DW,06,A,32,321,PEDRO SANTOS DZUL             ,1C,ACTIVO,75A5N6 ,1,F121,08JL,6648,0,0,0,70,951,LECT NEGATIVA,4,,,LECTURA NEGATIVA,1,9BBEG,2025-12-30 09:34:00,2025-12-26 09:54:54,3826,L,R9718,75A5N6 ,99890,Nor,  ,,FR,S,GSC
2025-12-01 00:00:00,777010700986,16,DW,01,J,03,165,DOMINGUEZ TINAL JESUS ALBERTO ,1C,ACTIVO,642KUB ,1,F122,15LN,580,20,0,0,70,951,LECT NEGATIVA,8,,,LECTURA NEGATIVA,1,9P12J,2025-12-12 11:35:00,2025-12-10 12:42:41,1603,L,R9950,642KUB ,99715,Opt,  ,,,,GSC
2025-12-01 00:00:00,785920600350,30,DW,03,A,09,001,ROSENDO CAAMAL CHAN           ,1B,ACTIVO,016HRE ,1,F122,15LN,6930,61,0,0,70,951,LECT NEGATIVA,8,,,LECTURA NEGATIVA,1,9ND2R,2025-12-22 08:35:00,2025-12-19 08:58:46,3027,L,9MCH1,016HRE ,99953,Opt,  ,,,,GSC
2025-12-01 00:00:00,792770400078,32,DW,04,E,79,321,SERGIO CHAN RODRIGUEZ         ,1F,ACTIVO,84BH69 ,1,F121,06JL,17676,2,0,0,70,951,LECT NEGATIVA,8,,,LECTURA NEGATIVA,1,9MCF6,2025-12-23 15:11:00,2025-12-22 10:17:38,3226,L,GA8MN,84BH69 ,99917,Nor,  ,,FR,S,GSC
2025-12-01 00:00:00,782230102218,06,DW,12,C,01,060,VILLALOBOS KU WENDY MARISSA   ,1D,CORTADO,DRW849 ,2,F623,22NU,1151,586,0,0,70,951,LECT NEGATIVA,8,,,LECTURA NEGATIVA,1,9BBTM,2025-12-05 09:40:00,2025-12-03 08:52:27,0601,M,9ND3W,DRW849 ,345,Opt,  ,,,,GSC
2025-12-01 00:00:00,779100702212,20,DW,01,M,04,202,IX PUC MARIA OFELIA           ,1D,ACTIVO,3J5U23 ,1,F121,01GG,9084,0,0,0,70,951,LECT NEGATIVA,8,,,LECTURA NEGATIVA,1,9P12J,2025-12-16 09:41:00,2025-12-12 10:55:20,2026,L,9NCYK,3J5U23 ,99900,Nor,  ,,FR,S,GSC
2025-12-01 00:00:00,776861200106,30,DW,01,H,36,306,JOSE ARSENIO BAAS CANUL       ,1C,ACTIVO,YC0928 ,1,F121,86EG,3673,95,0,0,70,951,LECT NEGATIVA,8,,,LECTURA NEGATIVA,1,9P12J,2025-12-22 17:37:00,2025-12-19 10:29:27,3027,L,9P167,YC0928 ,57,Nor,  ,,FR,S,GSC
2025-12-01 00:00:00,770101001873,06,DW,01,D,01,063,CARMONA VALLADARES MARIA DEL C,1D,ACTIVO,J8579C ,1,W111,75C0,9234,6,0,0,70,951,LECT NEGATIVA,8,,,LECTURA NEGATIVA,1,9P12J,2025-12-04 15:02:00,2025-12-03 08:06:36,0604,L,9NCYM,J8579C ,9567,Nor,  ,,LN,S,GSC
2025-12-01 00:00:00,783040900718,30,DW,12,D,01,308,BUSTOS RAMIREZ MICHLLE G      ,02,ACTIVO,1W58T3 ,2,F621,04F3,8162,243,0,0,70,951,LECT NEGATIVA,8,,,LECTURA NEGATIVA,1,9BBTM,2025-12-23 14:52:00,2025-12-19 08:48:47,3004,M,9NCXK,1W58T3 ,41,Nor,  ,,FR,S,GSC
2025-12-01 00:00:00,787170900669,30,DW,03,C,73,003,AYUNTAMIENTO DE KOPOMA        ,02,ACTIVO,369EBU ,2,F622,15LM,1514,50,0,0,70,951,LECT NEGATIVA,8,,,LECTURA NEGATIVA,1,9ND2R,2025-12-22 18:37:00,2025-12-19 10:08:46,3027,M,9MCCY,369EBU ,99966,Opt,  ,,,,GSC
2025-12-01 00:00:00,785120201376,34,DW,03,A,01,341,MARIA SOFIA MIS               ,1B,ACTIVO,11LV60 ,1,F121,07JL,4471,0,0,0,70,951,LECT NEGATIVA,8,,,LECTURA NEGATIVA,1,9ND2R,2025-12-26 12:36:00,2025-12-23 11:46:21,3402,L,GAPQM,11LV60 ,99907,Nor,  ,,FR,S,GSC
2025-12-01 00:00:00,779250704906,24,DW,01,M,09,240,MOLINA ESQUIVEL JOSE CARLOS DE,1D,ACTIVO,4DVW61 ,2,F623,25NY,0,127,0,0,70,951,LECT NEGATIVA,4,,,LECTURA NEGATIVA,1,9P12J,2025-12-18 09:57:00,2025-12-16 13:41:27,2430,L,R9982,4DVW61 ,99873,Opt,  ,,,,GSC
2025-12-01 00:00:00,779160809300,36,DW,01,M,13,362,VILLARREAL VIDAL ARMANDO DAVID,1D,ACTIVO,732JJU ,2,F622,15LM,40598,7,0,0,70,951,LECT NEGATIVA,8,,,LECTURA NEGATIVA,1,9P12J,2025-12-29 13:16:00,2025-12-26 14:42:25,3605,L,GAAEN,732JJU ,78,Opt,  ,,,,GSC
2025-12-01 00:00:00,804990600670,04,DW,08,A,07,002,JUAN M SOSA PUERTO            ,1B,ACTIVO,3MM207 ,1,F121,98GG,12928,793,0,0,70,951,LECT NEGATIVA,8,,,LECTURA NEGATIVA,1,9ND09,2025-12-04 12:55:00,2025-12-02 12:11:27,0427,M,9ND8B,3MM207 ,99900,Nor,  ,,FR,S,GSC
2025-12-01 00:00:00,802820100165,40,DW,07,C,09,401,CAUICH UITZIL ZACARIAS        ,1B,ACTIVO,EG3074 ,1,W111,81C0,6836,426,0,0,70,951,LECT NEGATIVA,8,,,LECTURA NEGATIVA,1,9MCJD,2025-12-01 13:43:00,2025-12-29 09:56:25,4027,L,GAM7M,EG3074 ,9583,Nor,  ,,LN,S,GSC
2025-12-01 00:00:00,779250301615,64,DW,01,M,24,644,BANCO ACTINVER F 3895         ,1D,ACTIVO,RBX525 ,2,F623,24NY,99912,419,0,0,70,951,LECT NEGATIVA,4,,,LECTURA NEGATIVA,1,9P12J,2025-12-09 09:42:00,2025-12-05 12:01:41,6451,R,9JRBR,RBX525 ,99646,Opt,  ,,,,GSC
2025-12-01 00:00:00,773120805842,38,DW,01,D,01,381,AZCORRA DIAZ MANUEL JESUS     ,1D,ACTIVO,9U888E ,2,F421,06GH,24406,152,0,0,70,951,LECT NEGATIVA,8,,,LECTURA NEGATIVA,1,9P12J,2025-12-30 11:35:00,2025-12-26 09:50:19,3802,L,R9513,9U888E ,484,Nor,  ,,,,GSC
2025-12-01 00:00:00,772941101529,32,DW,01,C,01,321,CANTO ALCOCER MARIA GUADALUPE ,1D,ACTIVO,CX4782 ,2,F121,81EG,6946,117,0,0,70,951,LECT NEGATIVA,8,,,LECTURA NEGATIVA,1,9P12J,2025-12-23 15:45:00,2025-12-22 12:11:13,3203,M,9MCGC,CX4782 ,17525,Nor,  ,,LN,S,GSC
2025-12-01 00:00:00,810220904042,16,DW,22,A,02,162,ODRIOZOIA PATINO MARIA DE     ,1B,ACTIVO,125T3J ,2,F622,14LM,4580,48,0,0,70,951,LECT NEGATIVA,8,,,LECTURA NEGATIVA,1,9MCCM,2025-12-11 07:19:00,2025-12-10 08:19:25,1602,M,9NCT0,125T3J ,99981,Opt,  ,,,,GSC
2025-12-01 00:00:00,777040601362,14,DW,01,J,28,144,PECH DOMINGUEZ LUCRECIA       ,1B,ACTIVO,0T94D8 ,1,F121,04GG,32012,710,0,0,70,951,LECT NEGATIVA,8,,,LECTURA NEGATIVA,1,9P12J,2025-12-11 14:38:00,2025-12-09 11:33:15,1427,L,9NCXE,0T94D8 ,99668,Nor,  ,,FR,S,GSC
2025-12-01 00:00:00,778040700031,12,DW,01,K,42,122,JOSE ALBERTO UC MEX           ,1C,ACTIVO,2T86D5 ,1,F121,04GG,9092,279,0,0,70,951,LECT NEGATIVA,8,,,LECTURA NEGATIVA,1,9P12J,2025-12-10 13:07:00,2025-12-08 10:35:11,1201,M,G92B1,2T86D5 ,0,Nor,31,SERVICIO SIN USO,,,GSC
2025-12-01 00:00:00,777121000207,30,DW,01,J,03,302,NAAL PERERA MANUELA ELENA     ,1C,ACTIVO,4Y432B ,1,F121,06JL,8430,230,0,0,70,951,LECT NEGATIVA,8,,,LECTURA NEGATIVA,1,9P12J,2025-12-22 18:11:00,2025-12-19 10:39:01,3001,L,9NCYF,4Y432B ,88946,Nor,  ,,FR,S,GSC
2025-12-01 00:00:00,794160301119,30,DW,04,G,46,302,DIAZ CENTENO GUADALUPE        ,1F,ACTIVO,77DH54 ,1,F121,06JL,4874,88,0,0,70,951,LECT NEGATIVA,8,,,LECTURA NEGATIVA,1,9MCF6,2025-12-22 10:38:00,2025-12-19 11:48:46,3026,L,R9642,77DH54 ,99899,Nor,  ,,FR,S,GSC
2025-12-01 00:00:00,806250300128,04,DW,08,C,37,041,TUN CARRILLO LAURA ELENA      ,1C,ACTIVO,PBP816 ,1,F123,24NX,93,102,0,0,70,951,LECT NEGATIVA,4,,,LECTURA NEGATIVA,1,9ND09,2025-12-04 10:10:00,2025-12-02 11:39:17,0426,M,9MCDR,PBP816 ,99805,Opt,  ,,,,GSC
2025-12-01 00:00:00,776040201813,30,DW,01,H,36,306,MERCEDES MARTINEZ             ,1C,ACTIVO,1N18K3 ,1,F121,04GG,16545,0,0,0,70,951,LECT NEGATIVA,8,,,LECTURA NEGATIVA,1,9P12J,2025-12-22 17:38:00,2025-12-19 09:56:17,3027,L,9P167,1N18K3 ,99900,Nor,  ,,FR,S,GSC
2025-12-01 00:00:00,777901000241,32,DW,01,J,46,325,RAFAEL EUAN MARTIN            ,1C,ACTIVO,R4C894 ,1,F121,90F5,11580,0,0,0,70,951,LECT NEGATIVA,8,,,LECTURA NEGATIVA,1,9P12J,2025-12-23 12:50:00,2025-12-22 10:49:13,3231,L,9NCYF,R4C894 ,99902,Nor,  ,,FR,S,GSC
2025-12-01 00:00:00,773250303679,32,DW,01,D,01,321,CHIM PAMPLONA JOSUE FROYLAN   ,1D,ACTIVO,RBD437 ,2,F623,24NY,0,16,0,0,70,951,LECT NEGATIVA,4,,,LECTURA NEGATIVA,1,9P12J,2025-12-23 15:56:00,2025-12-23 09:41:57,3251,R,9MCDC,RBD437 ,99967,Opt,  ,,,,GSC
2025-12-01 00:00:00,779241002176,38,DW,01,M,13,386,FRANCO BRITO SANTIAGO         ,1D,ACTIVO,WNB317 ,2,F623,24P2,20,15,0,0,70,951,LECT NEGATIVA,4,,,LECTURA NEGATIVA,1,9P12J,2025-12-29 14:10:00,2025-12-26 10:28:22,3804,L,9JRBR,WNB317 ,99985,Opt,40,SIN SELLO,,,GSC
2025-12-01 00:00:00,790191100841,28,DW,04,C,37,002,ARJONA CEBALLOS OMAR M        ,1F,ACTIVO,Y565MT ,2,F623,19NU,4908,190,0,0,70,951,LECT NEGATIVA,8,,,LECTURA NEGATIVA,1,9MCF6,2025-12-19 15:25:00,2025-12-18 09:30:36,2826,M,9EMLY,Y565MT ,99927,Opt,  ,,,,GSC
2025-12-01 00:00:00,779241204208,24,DW,01,M,09,240,ADANA RESIDENCIAL             ,1D,ACTIVO,WNN221 ,2,F623,24P2,362,303,0,0,70,951,LECT NEGATIVA,4,,,LECTURA NEGATIVA,1,9P12J,2025-12-18 09:56:00,2025-12-16 13:41:48,2430,L,R9982,WNN221 ,99756,Opt,  ,,,,GSC
2025-12-01 00:00:00,780250704734,26,DW,12,E,01,262,MARTINEZ ALARCON ARACELI ILIAN,1D,ACTIVO,R449CN ,3,KL28,18KE,2,231,0,0,70,951,LECT NEGATIVA,4,,,LECTURA NEGATIVA,1,9BBTM,2025-12-19 14:56:00,2025-12-17 17:39:40,2651,N,GATKM,R449CN ,99780,Opt,  ,,,,GSC
2025-12-01 00:00:00,777990200186,14,DW,01,J,31,145,JOSE MARTIN MUCKUL CHAN       ,1B,ACTIVO,9D790P ,1,F121,05JL,28601,0,0,0,70,951,LECT NEGATIVA,8,,,LECTURA NEGATIVA,1,9P12J,2025-12-11 14:39:00,2025-12-09 12:12:15,1426,L,9BBN1,9D790P ,99900,Nor,  ,,FR,S,GSC
2025-12-01 00:00:00,782050902241,32,DW,12,C,01,320,GUZMAN BAEZ EFRAIN            ,1D,ACTIVO,2J263A ,1,F121,05JL,8109,0,0,0,70,951,LECT NEGATIVA,8,,,LECTURA NEGATIVA,1,9BBTM,2025-12-24 10:19:00,2025-12-22 10:38:54,3201,M,GAALN,2J263A ,99811,Nor,  ,,FR,S,GSC
2025-12-01 00:00:00,782131000403,14,DW,12,C,01,140,DEL RIO DE LA PENA HAYDEE     ,02,ACTIVO,6TA544 ,2,F421,99GH,6996,0,0,0,70,951,LECT NEGATIVA,8,,,LECTURA NEGATIVA,1,9BBTM,2025-12-11 09:38:00,2025-12-09 07:51:04,1401,M,GAA7N,6TA544 ,99900,Nor,  ,,FR,S,GSC
