Fecha_Ade,Rpu,Ciclo,Division,Zona,Agencia,Poblacion,Ruta,Nombre,Tarifa,Estado_Servicio,Num_Med,Hilos,Cod_Med,Cod_Lot,Fecha_Ade_Ult_Factura,Tipo_Ade,Cve_Fact,Digito,Desde,Hasta,Liquidacion,Kwh,Importe,Lectura,Consumo,Anom_Accion,Anom_Inform,Anom_Sistema,RPE_Lectura,Tipo_Facturacion,Dias_Sin_Facturar,Fecha_Alta,Fecha_Ade_Ult_Lect,Fecha_Ult_Lect,Lectura_Ult_Lect,Consumo_Ult_Lect,Tipo_Mov_Ult_Lect,Desc_Mov_Ult_Lect,Numed_Ult_Lect,Origen_Registro,Desc_Anom_Accion,Desc_Anom_Inform,Desc_Anom_Sistema,Fecha_Lectura_Kavi,Num_Tarea_Kavi,Tipo_Tarea_Kavi,RPE_Lectura_Kavi,Medidor_Kavi,Kwh_Kavi,Modo_Captura_Kavi,Cve_Anom_Kavi,Desc_Anom_Kavi,Validacion_Kavi,Tiene_Foto_Kavi,Proceso
2025-02-01 00:00:00,774130501996,07,DW,01,E,02,074,SANCHEZ PINZON JOSE DAVID     ,1D,ACTIVO,PKE514 ,1,F123,24NX,2024-12-01 00:00:00,4,0,0,2024-11-04 00:00:00,2024-12-12 00:00:00,2024-12-12 00:00:00,0,0,,,,,,,BIMESTRAL NON,84,2013-05-04 00:00:00,2024-12-01 00:00:00,2024-12-12 18:10:00,50071,0,3,FINIQUITO,7B386D ,Con_Facturas,,,,,,,,,,,,,,,GSC
2025-02-01 00:00:00,773930700371,17,DW,01,D,01,171,VERDE COCOM ELMY JASMIN       ,1D,ACTIVO,RBN164 ,2,F623,24NY,2024-11-01 00:00:00,4,0,7,2024-11-11 00:00:00,2024-11-26 00:00:00,2024-11-26 00:00:00,0,0,,,,,,,BIMESTRAL NON,100,1993-07-05 00:00:00,2024-11-01 00:00:00,2024-11-26 08:41:00,1,0,3,FINIQUITO,UL695T ,Con_Facturas,,,,2024-11-11 10:15:23,1701,L,9BBVY,UL695T ,0,Nor,56,NO HAY MEDIDOR,56,S,GSC
2025-02-01 00:00:00,772090201622,25,DW,01,C,02,252,DZIB JIMENEZ ANAI DEL CARMEN  ,1D,ACTIVO,RBG536 ,2,F623,24NY,2024-11-01 00:00:00,4,0,6,2024-09-17 00:00:00,2024-11-20 00:00:00,2024-11-20 00:00:00,0,64.260000000000005,,,,,,,BIMESTRAL NON,106,2009-05-25 00:00:00,2025-01-01 00:00:00,2025-01-16 16:37:00,36224,0,2,RECIBIDA,475RJ7 ,Con_Facturas,,,,2024-11-15 16:03:57,2501,L,9JR53,475RJ7 ,0,Nor,59,DISPLAY APAGADO,59,S,GSC
2025-02-01 00:00:00,771980904641,15,DW,01,B,01,151,ROSSANA MANCILLA VALENCIA     ,1D,ACTIVO,RCJ011 ,2,F623,24NY,2024-12-01 00:00:00,4,0,5,2024-11-08 00:00:00,2024-12-12 00:00:00,2024-12-12 00:00:00,0,0,,,,,,,BIMESTRAL NON,84,1998-09-23 00:00:00,2024-12-01 00:00:00,2024-12-12 17:42:00,41883,0,3,FINIQUITO,77V28V ,Con_Facturas,,,,,,,,,,,,,,,GSC
2025-02-01 00:00:00,779211005430,27,DW,01,M,24,275,SANCHEZ GARCIA SALOMON        ,1D,ACTIVO,RCB631 ,2,F623,24NY,2024-12-01 00:00:00,1,1,1,2024-10-23 00:00:00,2024-12-26 00:00:00,2024-12-30 00:00:00,3,64,,,,,,,BIMESTRAL NON,70,2023-04-17 00:00:00,2025-02-01 00:00:00,2025-02-21 12:45:00,133,0,2,RECIBIDA,MK800R ,Con_Facturas,,,,2024-12-27 11:13:17,3651,N,R9520,MK800R ,0,Nor,51,NO ENCONTRE DOMI,,,GSC
2025-02-01 00:00:00,779240701933,23,DW,01,M,02,237,FERNANDEZ RAMIREZ DANIEL      ,1D,ACTIVO,RDL798 ,2,F623,24NY,2024-12-01 00:00:00,1,1,5,2024-09-30 00:00:00,2024-12-02 00:00:00,2024-12-04 00:00:00,0,64,,,,,,,BIMESTRAL NON,94,2024-08-26 00:00:00,2024-12-01 00:00:00,2024-10-02 10:17:00,0,0,4,ESTIMADA-P,REJ754 ,Con_Facturas,,,,2024-12-03 10:16:44,0451,R,9JR7P,REJ754 ,0,Nor,51,NO ENCONTRE DOMI,,,GSC
2025-02-01 00:00:00,780100503358,19,DW,12,A,01,191,LOMELIN RIVERA MA D L D OFELIA,1D,ACTIVO,,3,,,2024-08-01 00:00:00,4,0,3,2024-07-12 00:00:00,2024-08-07 00:00:00,2024-08-07 00:00:00,0,23.949999999999999,,,,,,,BIMESTRAL NON,211,2010-05-18 00:00:00,2010-05-01 00:00:00,2010-05-18 00:00:00,11243,0,0,INICIAL,L42G10 ,Con_Facturas,,,,,,,,,,,,,,,GSC
2025-02-01 00:00:00,780110803198,33,DW,12,A,01,391,ROBERT AGUILERA MARIA DEL P   ,1D,ACTIVO,,2,,,2020-07-01 00:00:00,4,0,3,2020-05-27 00:00:00,2020-07-29 00:00:00,2020-07-29 00:00:00,0,0,,,,,,,BIMESTRAL NON,1681,2011-08-24 00:00:00,2021-09-01 00:00:00,2021-09-23 14:53:00,29839,0,2,RECIBIDA,13N61T ,Con_Facturas,,,,,,,,,,,,,,,GSC
2025-02-01 00:00:00,780860500324,21,DW,12,A,01,211,MARIA DE LA LUZ LOPEZ         ,1D,ACTIVO,RCG692 ,2,F623,24NY,2024-11-01 00:00:00,4,0,1,2024-09-11 00:00:00,2024-09-12 00:00:00,2024-11-15 00:00:00,0,1.8500000000000001,,,,,,,BIMESTRAL NON,175,1986-05-22 00:00:00,2025-01-01 00:00:00,2025-01-14 10:58:00,25614,0,2,RECIBIDA,4P712K ,Con_Facturas,,,,2024-11-13 09:24:58,2102,M,G81D1,4P712K ,0,Nor,56,NO HAY MEDIDOR,56,S,GSC
2025-02-01 00:00:00,780900400573,07,DW,12,A,01,070,MENDEZ RAMIREZ JOSE LUIS      ,1D,ACTIVO,,2,,,2019-07-01 00:00:00,4,0,3,2050-01-01 00:00:00,2018-06-14 00:00:00,2019-07-08 00:00:00,0,0,,,,,,,BIMESTRAL NON,2457,1990-04-11 00:00:00,2019-09-01 00:00:00,2019-09-05 07:47:00,18660,0,2,RECIBIDA,977T6A ,Con_Facturas,,,,,,,,,,,,,,,GSC
2025-02-01 00:00:00,776020101880,23,DW,01,H,40,233,LUIS ARMANDO CHE UICAB        ,1B,ACTIVO,RCJ008 ,2,F623,24NY,2022-01-01 00:00:00,4,0,9,2021-11-16 00:00:00,2022-01-24 00:00:00,2022-01-24 00:00:00,537,518.10000000000002,,,,,,,BIMESTRAL NON,1137,2002-03-12 00:00:00,2002-01-01 00:00:00,2002-03-12 00:00:00,0,0,0,INICIAL,4J8U98 ,Con_Facturas,,,,,,,,,,,,,,,GSC
2025-02-01 00:00:00,776051001069,23,DW,01,H,40,233,YOLANDA BEATRIZ CHE UICAB     ,02,ACTIVO,RDK887 ,2,F623,24NY,2024-09-01 00:00:00,4,0,3,2024-09-12 00:00:00,2024-09-25 00:00:00,2024-09-25 00:00:00,0,23.420000000000002,,,,,,,BIMESTRAL NON,162,2005-10-18 00:00:00,2005-09-01 00:00:00,2005-10-18 00:00:00,1,0,0,INICIAL,0M165C ,Con_Facturas,,,,2024-09-13 09:43:07,2351,L,R9793,NK940X ,0,Nor,56,NO HAY MEDIDOR,56,S,GSC
2025-02-01 00:00:00,779060800551,04,DW,01,M,01,042,UICAB POOL NOE ANDRES         ,1B,ACTIVO,WMW436 ,2,F623,24P2,2024-12-01 00:00:00,2,0,6,2024-09-30 00:00:00,2024-12-02 00:00:00,2024-12-30 00:00:00,303,390,,,,,,,BIMESTRAL PAR,94,2006-07-28 00:00:00,2024-12-01 00:00:00,2024-12-12 17:48:00,33232,99688,3,FINIQUITO,91B6W9 ,Con_Facturas,,,,2024-12-02 08:59:35,0403,L,R9689,91B6W9 ,0,Nor,56,NO HAY MEDIDOR,56,S,GSC
2025-02-01 00:00:00,779160802496,28,DW,01,M,06,283,MOGUEL CUTZ JESUS TRINIDAD    ,1B,ACTIVO,RBY736 ,2,F623,24NY,2024-06-01 00:00:00,4,0,3,2024-04-17 00:00:00,2024-06-21 00:00:00,2024-06-21 00:00:00,0,57.200000000000003,,,,,,,BIMESTRAL PAR,258,2016-08-11 00:00:00,2023-12-01 00:00:00,2023-12-19 00:00:00,15369,0,2,RECIBIDA,976JGY ,Con_Facturas,,,,2024-06-20 16:44:45,2851,R,R9522,84D6L4 ,0,Nor,56,NO HAY MEDIDOR,56,S,GSC
2025-02-01 00:00:00,779170504485,25,DW,01,M,24,256,COCOM CEN SERGIO IGNACIO      ,1D,ACTIVO,497MBH ,2,F622,16LM,2024-12-01 00:00:00,1,0,1,2024-10-10 00:00:00,2024-12-11 00:00:00,2024-12-13 00:00:00,358,514,,,,,,,BIMESTRAL NON,85,2017-06-01 00:00:00,2024-12-01 00:00:00,2024-12-11 12:19:00,11094,358,2,RECIBIDA,082TGU ,Con_Facturas,,,,,,,,,,,,,,,GSC
2025-02-01 00:00:00,779171204051,04,DW,01,M,01,043,GUTIERREZ ENCALADA MARYTERE   ,1B,ACTIVO,WTG538 ,2,F623,24P2,2024-12-01 00:00:00,4,0,2,2024-12-02 00:00:00,2024-12-12 00:00:00,2024-12-12 00:00:00,0,11.23,,,,,,,BIMESTRAL PAR,84,2017-12-21 00:00:00,2024-12-01 00:00:00,2024-12-12 18:25:00,27077,0,3,FINIQUITO,J796PY ,Con_Facturas,,,,2024-12-02 10:46:26,0404,L,R9982,J796PY ,585,Opt,  ,,,,GSC
2025-02-01 00:00:00,782100501099,38,DW,12,C,01,381,HERIBERTO SACAMITZIN NONOAL   ,1D,ACTIVO,,2,,,2023-04-01 00:00:00,4,0,1,2023-02-21 00:00:00,2023-02-22 00:00:00,2023-04-21 00:00:00,0,1.53,,,,,,,BIMESTRAL PAR,743,2010-04-24 00:00:00,2022-10-01 00:00:00,2022-10-21 18:49:00,8632,2905,16,AJUSTADA,10M5R0 ,Con_Facturas,,,,,,,,,,,,,,,GSC
2025-02-01 00:00:00,795220102966,31,DW,05,A,01,293,GONZALEZ MARTINEZ FERNANDO    ,1F,ACTIVO,WMH750 ,2,F623,24P2,2022-09-01 00:00:00,4,0,2,2022-07-21 00:00:00,2022-09-12 00:00:00,2022-09-12 00:00:00,0,0,,,,,,,BIMESTRAL NON,906,2022-01-31 00:00:00,2022-09-01 00:00:00,2022-09-12 11:21:00,2533,0,3,FINIQUITO,828FVE ,Con_Facturas,,,,,,,,,,,,,,,GSC
2025-02-01 00:00:00,777241001347,25,DW,01,J,03,251,ITZA PUC DIANEY DE JESUS      ,1C,ACTIVO,PCV321 ,1,F123,24NX,2024-12-01 00:00:00,1,1,9,2024-12-18 00:00:00,2024-12-19 00:00:00,2024-12-23 00:00:00,0,213,,,,,,,BIMESTRAL NON,77,2024-12-18 00:00:00,2025-02-01 00:00:00,2025-02-17 10:33:00,0,0,2,RECIBIDA,PCV321 ,Con_Facturas,,,,,,,,,,,,,,,GSC
2025-02-01 00:00:00,782991102785,33,DW,12,C,01,332,LIZCANO ORTEGON GENNY YOLANDA ,1D,ACTIVO,RED667 ,2,F623,24NY,2023-05-01 00:00:00,4,0,8,2023-03-28 00:00:00,2023-03-29 00:00:00,2023-05-31 00:00:00,0,0,,,,,,,BIMESTRAL NON,708,1999-08-11 00:00:00,1999-10-01 00:00:00,1999-08-11 00:00:00,1,0,0,INICIAL,X63A96 ,Con_Facturas,,,,,,,,,,,,,,,GSC
2025-02-01 00:00:00,797191000566,29,DW,06,B,01,006,MAY SALAS IRMA ENCARNACION    ,1B,ACTIVO,PHU941 ,1,F123,24NX,2025-01-01 00:00:00,2,C,2,2024-05-21 00:00:00,2024-09-19 00:00:00,2025-02-25 00:00:00,0,0,,,,,,,BIMESTRAL NON,168,2019-10-18 00:00:00,2025-01-01 00:00:00,2024-09-19 10:04:00,8156,0,10,REPOSICION-1,V247LG ,Con_Facturas,,,,2025-01-20 10:41:43,2901,M,R9174,V247LG ,0,Nor,59,DISPLAY APAGADO,59,S,GSC
2025-02-01 00:00:00,783171100920,15,DW,12,D,01,153,RODRIGUEZ OCHOA BRUNO PAUL    ,1D,ACTIVO,,2,,,2023-07-01 00:00:00,4,0,8,2023-05-11 00:00:00,2023-05-12 00:00:00,2023-07-13 00:00:00,0,1.0900000000000001,,,,,,,BIMESTRAL NON,664,2017-11-09 00:00:00,2023-07-01 00:00:00,2023-05-12 14:17:00,24236,0,3,FINIQUITO,J969DX ,Con_Facturas,,,,,,,,,,,,,,,GSC
2025-02-01 00:00:00,790130300937,67,DW,04,C,58,067,FOM AGROIND DEL MAYAB SPR D RL,9M,ACTIVO,,3,,,2018-12-01 00:00:00,4,0,3,2018-11-07 00:00:00,2018-12-07 00:00:00,2018-12-07 00:00:00,0,0,,,,,,,MENSUAL,2281,2013-03-15 00:00:00,2019-03-01 00:00:00,2019-03-08 16:43:00,85,0,2,RECIBIDA,613AJ3 ,Con_Facturas,,,,,,,,,,,,,,,GSC
2025-02-01 00:00:00,810070601861,23,DW,22,A,01,234,HERNANDEZ MONTES FELIPA       ,02,ACTIVO,,2,,,2021-11-01 00:00:00,4,0,1,2021-11-16 00:00:00,2021-11-25 00:00:00,2021-11-25 00:00:00,40673,155966.48999999999,,,,,,,BIMESTRAL NON,1197,2007-06-13 00:00:00,2021-11-01 00:00:00,2021-11-25 16:57:00,86972,0,3,FINIQUITO,23NM89 ,Con_Facturas,,,,,,,,,,,,,,,GSC
2025-02-01 00:00:00,810080510201,10,DW,22,A,02,101,ANDRES DE LA FUENTE ALBERTO   ,1B,ACTIVO,RBR852 ,2,F623,24NY,2024-11-01 00:00:00,4,0,6,2024-10-04 00:00:00,2024-11-26 00:00:00,2024-11-26 00:00:00,0,54.719999999999999,,,,,,,BIMESTRAL PAR,100,2008-05-30 00:00:00,2024-11-01 00:00:00,2024-11-26 18:11:00,36689,0,3,FINIQUITO,116MEE ,Con_Facturas,,,,,,,,,,,,,,,GSC
2025-02-01 00:00:00,810110302004,20,DW,22,A,02,202,PASCACIO TORRES RONNEL        ,1B,ACTIVO,,2,,,2024-09-01 00:00:00,44,0,7,2023-11-14 00:00:00,2024-10-25 00:00:00,2024-10-25 00:00:00,346,397.91000000000003,,,,,,,BIMESTRAL PAR,132,2011-03-02 00:00:00,2023-11-01 00:00:00,2023-11-14 17:52:00,779,0,3,FINIQUITO,35R44N ,Con_Facturas,,,,,,,,,,,,,,,GSC
2025-02-01 00:00:00,810141215860,10,DW,22,A,02,101,GONZALEZ MERCHANT ADRIAN      ,1B,ACTIVO,RBK687 ,2,F623,24NY,2024-07-01 00:00:00,4,0,4,2024-06-06 00:00:00,2024-07-26 00:00:00,2024-07-26 00:00:00,0,0,,,,,,,BIMESTRAL PAR,223,2014-12-19 00:00:00,2024-07-01 00:00:00,2024-07-26 08:55:00,42087,0,3,FINIQUITO,122MEF ,Con_Facturas,,,,,,,,,,,,,,,GSC
2025-02-01 00:00:00,810180507002,17,DW,22,A,02,177,BONILLA DELGADO LUCIA CARINA  ,1B,ACTIVO,RBV330 ,2,F623,24NY,2022-01-01 00:00:00,4,0,7,2021-11-11 00:00:00,2022-01-13 00:00:00,2022-01-13 00:00:00,4435,8511.8199999999997,,,,,,,BIMESTRAL NON,1148,2018-05-26 00:00:00,2022-09-01 00:00:00,2022-09-13 11:16:00,12732,0,2,RECIBIDA,J224PG ,Con_Facturas,,,,,,,,,,,,,,,GSC
2025-02-01 00:00:00,800000855851,31,DW,07,A,05,272,EFIVET S A  DE C V            ,02,ACTIVO,,2,,,2021-02-01 00:00:00,1,0,7,2020-12-11 00:00:00,2021-02-10 00:00:00,2021-02-12 00:00:00,0,132,,,,,,,BIMESTRAL NON,1485,2000-08-09 00:00:00,2021-02-01 00:00:00,2021-01-07 00:00:00,7844,0,2,RECIBIDA,1XG674 ,Con_Facturas,,,,,,,,,,,,,,,GSC
2025-02-01 00:00:00,800111101473,31,DW,07,A,05,272,TEC ONTIVEROS JOSE ALBERTO    ,02,ACTIVO,,1,,,2021-02-01 00:00:00,1,0,4,2020-12-11 00:00:00,2021-02-10 00:00:00,2021-02-12 00:00:00,0,132,,,,,,,BIMESTRAL NON,1485,2011-11-25 00:00:00,2021-02-01 00:00:00,2021-01-07 00:00:00,10525,0,2,RECIBIDA,64P70H ,Con_Facturas,,,,,,,,,,,,,,,GSC
2025-02-01 00:00:00,801971201676,33,DW,07,B,25,125,POOT HOIL SEVERIANO           ,1B,ACTIVO,,1,,,2024-11-01 00:00:00,1,0,8,2024-09-23 00:00:00,2024-11-22 00:00:00,2024-11-26 00:00:00,0,64,,,,,,,BIMESTRAL NON,104,1997-12-20 00:00:00,2024-11-01 00:00:00,2024-11-22 12:13:00,4187,0,2,RECIBIDA,J3W072 ,Con_Facturas,,,,2024-11-22 12:13:07,3327,L,9ND1B,J3W072 ,99102,Nor,  ,,FR,S,GSC
2025-02-01 00:00:00,801981001535,14,DW,07,B,06,142,MARIANO CERVERA CUPUL         ,1B,ACTIVO,,2,,,2024-08-01 00:00:00,4,0,8,2024-06-10 00:00:00,2024-08-07 00:00:00,2024-08-07 00:00:00,0,56.479999999999997,,,,,,,BIMESTRAL PAR,211,1998-10-26 00:00:00,2024-08-01 00:00:00,2024-08-07 09:41:00,19281,99319,3,FINIQUITO,398KB4 ,Con_Facturas,,,,2024-08-08 14:36:33,1403,M,GA2CN,398KB4 ,0,Nor,56,NO HAY MEDIDOR,56,S,GSC
2025-02-01 00:00:00,805051201220,02,DW,08,B,66,022,CAMPOS CORAL SOLEDAD          ,09,ACTIVO,RBE744 ,2,F623,24NY,2024-12-01 00:00:00,1,0,3,2024-09-27 00:00:00,2024-11-29 00:00:00,2024-12-03 00:00:00,2,94,,,,,,,BIMESTRAL PAR,97,2005-12-12 00:00:00,2005-12-01 00:00:00,2006-01-12 00:00:00,2705,0,0,INICIAL,L833F5 ,Con_Facturas,,,,,,,,,,,,,,,GSC
2025-02-01 00:00:00,804011001701,77,DW,08,A,02,771,GAMBOA FERRERA MIRIAM M       ,09,SUJETO A CORTE,,3,,,2025-01-01 00:00:00,8,0,7,2024-12-26 00:00:00,2025-01-21 00:00:00,2025-01-27 00:00:00,0,72,,,,,,,MENSUAL,44,2001-08-15 00:00:00,2022-07-01 00:00:00,2022-07-20 00:00:00,25272,26,2,RECIBIDA,1E61R7 ,Con_Facturas,,,,,,,,,,,,,,,GSC
2025-02-01 00:00:00,804060200621,76,DW,08,A,21,763,HERRERA CANUL JACINTO         ,09,ACTIVO,,2,,,2025-01-01 00:00:00,4,0,2,2024-12-23 00:00:00,2025-01-24 00:00:00,2025-01-24 00:00:00,0,42.520000000000003,,,,,,,MENSUAL,41,2006-02-19 00:00:00,2025-01-01 00:00:00,2025-01-24 15:19:00,1329,0,3,FINIQUITO,YP946K ,Con_Facturas,,,,2025-01-22 09:11:07,7603,L,GAM9M,YP946K ,0,Opt,31,SERVICIO SIN USO,,,GSC
2025-02-01 00:00:00,810240601186,34,DW,22,A,02,343,TORRES AVILES NALLELY ANGELITA,1B,ACTIVO,RBR989 ,2,F623,24NY,2024-12-01 00:00:00,1,1,9,2024-10-22 00:00:00,2024-12-23 00:00:00,2024-12-27 00:00:00,0,63,,,,,,,BIMESTRAL PAR,73,2024-06-10 00:00:00,2024-12-01 00:00:00,2024-06-24 17:59:00,0,0,4,ESTIMADA-P,830T0H ,Con_Facturas,,,,2024-12-26 17:58:52,3454,R,9JR5N,830T0H ,0,Nor,56,NO HAY MEDIDOR,,,GSC
2025-02-01 00:00:00,811231000222,16,DW,22,B,01,161,GONZALEZ GONZALEZ MARTINA MARI,1D,ACTIVO,,2,,,2024-12-01 00:00:00,1,1,8,2024-10-09 00:00:00,2024-12-10 00:00:00,2024-12-12 00:00:00,2751,11246,,,,,,,BIMESTRAL PAR,86,2023-10-04 00:00:00,2024-12-01 00:00:00,2024-10-09 11:33:00,15828,2751,8,ESTIMADA-C,866G6E ,Con_Facturas,,,,2024-12-12 11:33:28,1653,R,9ND4F,866G6E ,0,Nor,51,NO ENCONTRE DOMI,,,GSC
2025-02-01 00:00:00,812200904316,23,DW,22,C,05,231,TAUZIET ARNAULD               ,1B,ACTIVO,RBU722 ,2,F623,24NY,2024-11-01 00:00:00,1,1,3,2024-09-18 00:00:00,2024-11-20 00:00:00,2024-11-22 00:00:00,26,63,,,,,,,BIMESTRAL NON,106,2020-09-24 00:00:00,2025-01-01 00:00:00,2025-01-20 16:04:00,1623,0,2,RECIBIDA,JFU817 ,Con_Facturas,,,,2024-11-21 09:03:48,2951,R,9NCT2,JFU817 ,0,Nor,53,UI SERV DIRECTO,53,S,GSC
2025-02-01 00:00:00,806240200435,13,DW,08,C,28,131,ROSADO AVILA MANUEL JESUS     ,1C,ACTIVO,HYY428 ,2,F623,23NU,,,,,,,,,,,,,,,,BIMESTRAL NON,379,2024-02-21 00:00:00,,,,,,,,Sin_Facturas,,,,,,,,,,,,,,,GSC
2025-02-01 00:00:00,812220701837,27,DW,22,C,11,272,UCAN PERERA YOVANY            ,1B,ACTIVO,RBR876 ,2,F623,24NY,2024-11-01 00:00:00,1,0,9,2024-09-18 00:00:00,2024-11-19 00:00:00,2024-11-21 00:00:00,168,218,,,,,,,BIMESTRAL NON,107,2022-07-10 00:00:00,2025-01-01 00:00:00,2025-01-22 17:15:00,2456,181,2,RECIBIDA,YC693V ,Con_Facturas,,,,,,,,,,,,,,,GSC
2025-02-01 00:00:00,812220702604,32,DW,22,C,01,323,MARQUEZ   MARTIN ANDRES       ,1B,ACTIVO,UW708U ,2,F623,21NY,2024-12-01 00:00:00,1,1,1,2024-10-21 00:00:00,2024-12-20 00:00:00,2024-12-26 00:00:00,1769,6940,,,,,,,BIMESTRAL PAR,76,2022-07-14 00:00:00,2024-12-01 00:00:00,2022-08-25 15:55:00,1768,1769,8,ESTIMADA-C,YH232U ,Con_Facturas,,,,2024-12-26 15:55:29,3251,R,9NCT2,YH232U ,0,Nor,51,NO ENCONTRE DOMI,,,GSC
2025-02-01 00:00:00,812241008686,27,DW,22,C,11,274,GALINDO CALDERON ROGELIO GILBE,1B,ACTIVO,RBK939 ,2,F623,24NY,2024-11-01 00:00:00,1,0,0,2024-10-31 00:00:00,2024-11-19 00:00:00,2024-11-21 00:00:00,11,651,,,,,,,BIMESTRAL NON,107,2024-10-31 00:00:00,2025-01-01 00:00:00,2025-01-22 16:42:00,89,78,2,RECIBIDA,WMH150 ,Con_Facturas,,,,,,,,,,,,,,,GSC
2025-02-01 00:00:00,810241105026,07,DW,22,A,02,074,BORJAS SANTIAGO JOSE          ,1B,ACTIVO,GED528 ,3,KL28,22NJ,2025-03-01 00:00:00,2,,,,,,,,865,865,0,,,9MCKW,BIMESTRAL NON,70,2024-12-26 00:00:00,2025-03-01 00:00:00,2025-03-04 12:30:00,865,865,2,RECIBIDA,GED528 ,Sin_Facturas,,,,,,,,,,,,,,,GSC
2025-02-01 00:00:00,810241108548,07,DW,22,A,02,074,TRENT ALLISTAIR ANDERSON      ,1B,ACTIVO,GED531 ,3,KL28,22NJ,2025-03-01 00:00:00,2,,,,,,,,931,931,0,,,9MCKW,BIMESTRAL NON,70,2024-12-26 00:00:00,2025-03-01 00:00:00,2025-03-04 12:43:00,931,931,2,RECIBIDA,GED531 ,Sin_Facturas,,,,,,,,,,,,,,,GSC
2025-02-01 00:00:00,810241108629,07,DW,22,A,02,074,NAVARRO LOPEZ PERLA J         ,1B,ACTIVO,GED532 ,3,KL28,22NJ,2025-03-01 00:00:00,2,,,,,,,,2251,2251,0,,,9MCKW,BIMESTRAL NON,70,2024-12-26 00:00:00,2025-03-01 00:00:00,2025-03-04 12:31:00,2251,2251,2,RECIBIDA,GED532 ,Sin_Facturas,,,,,,,,,,,,,,,GSC
2025-02-01 00:00:00,810241108696,07,DW,22,A,02,074,MELENDEZ BERNAL RICARDO       ,1B,ACTIVO,GED566 ,3,KL28,22NJ,2025-03-01 00:00:00,2,,,,,,,,716,716,0,,,9MCKW,BIMESTRAL NON,70,2024-12-26 00:00:00,2025-03-01 00:00:00,2025-03-04 12:43:00,716,716,2,RECIBIDA,GED566 ,Sin_Facturas,,,,,,,,,,,,,,,GSC
2025-02-01 00:00:00,810241205837,07,DW,22,A,02,074,RORIGUEZ REYES RAUL RODRIGO   ,1B,ACTIVO,GEB889 ,3,KL28,22NJ,2025-03-01 00:00:00,2,,,,,,,,0,0,0,,,9MCKW,BIMESTRAL NON,70,2024-12-26 00:00:00,2025-03-01 00:00:00,2025-03-04 12:44:00,0,0,2,RECIBIDA,GEB889 ,Sin_Facturas,,,,2025-03-04 12:43:40,0755,N,9MCKW,GEB889 ,0,Opt,31,SERVICIO SIN USO,,,GSC
2025-02-01 00:00:00,810241205977,07,DW,22,A,02,074,DUANY OSMANY                  ,1B,ACTIVO,GED525 ,3,KL28,22NJ,2025-03-01 00:00:00,2,,,,,,,,90,90,0,,,9MCKW,BIMESTRAL NON,70,2024-12-26 00:00:00,2025-03-01 00:00:00,2025-03-04 12:31:00,90,90,2,RECIBIDA,GED525 ,Sin_Facturas,,,,,,,,,,,,,,,GSC
2025-02-01 00:00:00,810241206931,07,DW,22,A,02,074,SPENCER CURTIS TRACEY LYNN    ,1B,ACTIVO,GED527 ,3,KL28,22NJ,2025-03-01 00:00:00,2,,,,,,,,602,602,0,,,9MCKW,BIMESTRAL NON,70,2024-12-26 00:00:00,2025-03-01 00:00:00,2025-03-04 12:44:00,602,602,2,RECIBIDA,GED527 ,Sin_Facturas,,,,,,,,,,,,,,,GSC
2025-02-01 00:00:00,810241206973,07,DW,22,A,02,074,MEWASINGH MARQUEZ NALINI      ,1B,ACTIVO,GED567 ,3,KL28,22NJ,2025-03-01 00:00:00,2,,,,,,,,654,654,0,,,9MCKW,BIMESTRAL NON,70,2024-12-26 00:00:00,2025-03-01 00:00:00,2025-03-04 12:30:00,654,654,2,RECIBIDA,GED567 ,Sin_Facturas,,,,,,,,,,,,,,,GSC
2025-02-01 00:00:00,812201100148,10,DW,22,C,01,101,CANUL ABAN ADDY YOLANDA       ,1B,ACTIVO,MB961G ,2,F623,20NU,2025-02-01 00:00:00,0,,,,,,,,0,0,0,,,     ,BIMESTRAL PAR,1582,2020-11-05 00:00:00,2025-02-01 00:00:00,2020-11-05 00:00:00,0,0,0,INICIAL,MB961G ,Sin_Facturas,,,,,,,,,,,,,,,GSC
2025-02-01 00:00:00,812201100253,10,DW,22,C,01,101,CANUL ABAN ADDY YOLANDA       ,1B,ACTIVO,MB965F ,2,F623,20NU,2025-02-01 00:00:00,0,,,,,,,,0,0,0,,,     ,BIMESTRAL PAR,1582,2020-11-05 00:00:00,2025-02-01 00:00:00,2020-11-05 00:00:00,0,0,0,INICIAL,MB965F ,Sin_Facturas,,,,,,,,,,,,,,,GSC
2025-02-01 00:00:00,812241007728,27,DW,22,C,11,274,ZAMBRANO ALVAREZ MONICA       ,1B,ACTIVO,WMH006 ,2,F623,24P2,2025-01-01 00:00:00,0,,,,,,,,0,0,0,,,     ,BIMESTRAL NON,126,2024-10-31 00:00:00,2025-01-01 00:00:00,2024-10-01 00:00:00,0,0,0,INICIAL,WMH006 ,Sin_Facturas,,,,,,,,,,,,,,,GSC
2025-02-01 00:00:00,812241007990,27,DW,22,C,11,274,LUNA ANTONIO LUIS ALBERTO     ,1B,ACTIVO,WMH005 ,2,F623,24P2,2025-01-01 00:00:00,0,,,,,,,,0,0,0,,,     ,BIMESTRAL NON,126,2024-10-31 00:00:00,2025-01-01 00:00:00,2024-10-01 00:00:00,0,0,0,INICIAL,WMH005 ,Sin_Facturas,,,,,,,,,,,,,,,GSC
2025-02-01 00:00:00,812241008015,27,DW,22,C,11,274,LUNA ANTONIO LUIS ALBERTO     ,1B,ACTIVO,WMH004 ,2,F623,24P2,2025-01-01 00:00:00,0,,,,,,,,0,0,0,,,     ,BIMESTRAL NON,126,2024-10-31 00:00:00,2025-01-01 00:00:00,2024-10-01 00:00:00,0,0,0,INICIAL,WMH004 ,Sin_Facturas,,,,,,,,,,,,,,,GSC
2025-02-01 00:00:00,780241200901,31,DW,12,A,01,312,CENTRO CAMBIARIO SOBERANIS    ,1D,ACTIVO,X302UF ,2,F622,19LM,2025-01-01 00:00:00,0,,,,,,,,29154,0,0,,,     ,BIMESTRAL NON,90,2024-12-06 00:00:00,2025-01-01 00:00:00,2024-12-06 00:00:00,29154,0,0,INICIAL,X302UF ,Sin_Facturas,,,,,,,,,,,,,,,GSC
2025-02-01 00:00:00,781241200550,33,DW,12,B,01,033,MATIAS TENORIO LEIDY          ,1D,ACTIVO,F531CP ,1,F122,17LN,2025-01-01 00:00:00,0,,,,,,,,0,0,0,,,     ,BIMESTRAL NON,84,2024-12-12 00:00:00,2025-01-01 00:00:00,2024-12-12 00:00:00,0,0,0,INICIAL,F531CP ,Sin_Facturas,,,,,,,,,,,,,,,GSC
2025-02-01 00:00:00,800021101385,19,DW,07,A,05,192,MAY DZIB MIRIAM DEL CARMEN    ,1B,ACTIVO,8Y8J61 ,1,F121,02GG,2016-01-01 00:00:00,2,,,,,,,,6584,0,0,,,R7357,SIN TIPO DE FACTURACION,8147,2002-11-15 00:00:00,2016-01-01 00:00:00,2016-01-14 08:05:00,6584,0,2,RECIBIDA,8Y8J61 ,Descabezado,,,,,,,,,,,,,,,GSC
2025-02-01 00:00:00,800090200727,19,DW,07,A,05,192,GUTIERREZ CANUL LIDIA CONCEPCI,02,ACTIVO,02N18N ,2,F62H,10KN,2016-01-01 00:00:00,2,,,,,,,,24,0,0,,,R7357,SIN TIPO DE FACTURACION,5864,2009-02-14 00:00:00,2016-01-01 00:00:00,2016-01-14 08:10:00,24,0,2,RECIBIDA,02N18N ,Descabezado,,,,,,,,,,,,,,,GSC
2025-02-01 00:00:00,800920300053,19,DW,07,A,05,192,NAVARRO JUAN                  ,1B,ACTIVO,T93G97 ,1,F121,93F5,2014-08-01 00:00:00,3,,,,,,,,31885,44,0,,,R8478,SIN TIPO DE FACTURACION,12048,1992-03-11 00:00:00,2014-08-01 00:00:00,2014-08-28 10:06:00,31885,44,3,FINIQUITO,T93G97 ,Descabezado,,,,,,,,,,,,,,,GSC
2025-02-01 00:00:00,786241001788,13,DW,03,B,14,130,CERON CAAMAL ANGELICA MARIA   ,1C,ACTIVO,PBV082 ,1,F123,24NX,2024-11-01 00:00:00,0,,,,,,,,0,0,0,,,     ,BIMESTRAL NON,125,2024-11-01 00:00:00,2024-11-01 00:00:00,2024-11-01 00:00:00,0,0,0,INICIAL,PBV082 ,Sin_Facturas,,,,,,,,,,,,,,,GSC
2025-02-01 00:00:00,786250101159,63,DW,03,B,14,631,CADENA COMERCIAL OXXO SA DE CV,67,ACTIVO,RKC044 ,3,KL28,24NJ,2025-03-01 00:00:00,2,,,,,,,,7269,7269,0,,,9ND4A,MENSUAL,43,2025-01-22 00:00:00,2025-03-01 00:00:00,2025-03-05 01:01:00,7269,7269,2,RECIBIDA,RKC044 ,Sin_Facturas,,,,,,,,,,,,,,,GSC
2025-02-01 00:00:00,786250101272,63,DW,03,B,31,630,SANCHEZ CHAN FELICIANO        ,9M,ACTIVO,RKC027 ,3,KL28,24NJ,2025-03-01 00:00:00,2,,,,,,,,118,118,0,,,GA8JN,MENSUAL,41,2025-01-24 00:00:00,2025-03-01 00:00:00,2025-03-04 10:24:00,118,118,2,RECIBIDA,RKC027 ,Sin_Facturas,,,,,,,,,,,,,,,GSC
2025-02-01 00:00:00,801240402249,29,DW,07,B,99,199,PEREZ ZHUCA RAUL              ,1B,ACTIVO,JCR636 ,2,F623,23NU,2025-01-01 00:00:00,0,,,,,,,,0,0,0,,,     ,BIMESTRAL NON,317,2024-04-23 00:00:00,2025-01-01 00:00:00,2024-04-23 00:00:00,0,0,0,INICIAL,JCR636 ,Sin_Facturas,,,,,,,,,,,,,,,GSC
2025-02-01 00:00:00,801240402257,29,DW,07,B,99,199,PEREZ ZHUCAR RAUL             ,1B,ACTIVO,JCR637 ,2,F623,23NU,2025-01-01 00:00:00,0,,,,,,,,0,0,0,,,     ,BIMESTRAL NON,317,2024-04-23 00:00:00,2025-01-01 00:00:00,2024-04-23 00:00:00,0,0,0,INICIAL,JCR637 ,Sin_Facturas,,,,,,,,,,,,,,,GSC
2025-02-01 00:00:00,801240402265,29,DW,07,B,99,199,PEREZ ZHUCAR RAUL             ,1B,ACTIVO,JCR638 ,2,F623,23NU,2025-01-01 00:00:00,0,,,,,,,,0,0,0,,,     ,BIMESTRAL NON,317,2024-04-23 00:00:00,2025-01-01 00:00:00,2024-04-23 00:00:00,0,0,0,INICIAL,JCR638 ,Sin_Facturas,,,,,,,,,,,,,,,GSC
2025-02-01 00:00:00,801240402281,29,DW,07,B,99,199,PEREZ ZHUCAR RAUL             ,1B,ACTIVO,JCR639 ,2,F623,23NU,2025-01-01 00:00:00,0,,,,,,,,0,0,0,,,     ,BIMESTRAL NON,317,2024-04-23 00:00:00,2025-01-01 00:00:00,2024-04-23 00:00:00,0,0,0,INICIAL,JCR639 ,Sin_Facturas,,,,,,,,,,,,,,,GSC
2025-02-01 00:00:00,801240402290,29,DW,07,B,99,199,PEREZ ZHUCAR RAUL             ,1B,ACTIVO,JCR729 ,2,F623,23NU,2025-01-01 00:00:00,0,,,,,,,,0,0,0,,,     ,BIMESTRAL NON,317,2024-04-23 00:00:00,2025-01-01 00:00:00,2024-04-23 00:00:00,0,0,0,INICIAL,JCR729 ,Sin_Facturas,,,,,,,,,,,,,,,GSC
2025-02-01 00:00:00,805240400535,10,DW,08,B,66,005,BOLIO MENDEZ MARIA FELICITAS  ,1B,ACTIVO,JCD525 ,2,F623,23NU,2024-12-01 00:00:00,0,,,,,,,,0,0,0,,,     ,BIMESTRAL PAR,317,2024-04-23 00:00:00,2024-12-01 00:00:00,2024-04-23 00:00:00,0,0,0,INICIAL,JCD525 ,Sin_Facturas,,,,,,,,,,,,,,,GSC
2025-02-01 00:00:00,774250102220,65,DW,01,E,37,652,INURRETA DOMINGUEZ MARTIN DE J,1D,ACTIVO,RBG841 ,2,F623,24NY,2025-01-01 00:00:00,0,,,,,,,,0,0,0,,,     ,MENSUAL,41,2025-01-24 00:00:00,2025-01-01 00:00:00,2025-01-24 00:00:00,0,0,0,INICIAL,RBG841 ,Sin_Facturas,,,,,,,,,,,,,,,GSC
2025-02-01 00:00:00,774250102611,65,DW,01,E,37,652,INURRETA DOMINGUEZ MARTIN DE J,1D,ACTIVO,RCF134 ,2,F623,24NY,2025-01-01 00:00:00,0,,,,,,,,0,0,0,,,     ,MENSUAL,37,2025-01-28 00:00:00,2025-01-01 00:00:00,2025-01-28 00:00:00,0,0,0,INICIAL,RCF134 ,Sin_Facturas,,,,,,,,,,,,,,,GSC
2025-02-01 00:00:00,777241002734,13,DW,01,J,04,132,FLORES DE LA CRUZ MARIA SUSANA,1C,ACTIVO,914N7D ,2,F622,14LM,2025-01-01 00:00:00,0,,,,,,,,2682,0,0,,,     ,BIMESTRAL NON,104,2024-11-22 00:00:00,2025-01-01 00:00:00,2024-11-22 00:00:00,2682,0,0,INICIAL,914N7D ,Sin_Facturas,,,,,,,,,,,,,,,GSC
2025-02-01 00:00:00,779241105331,29,DW,01,M,36,292,GRUPO FERRAM                  ,02,ACTIVO,WPY325 ,2,F623,24P2,2025-01-01 00:00:00,0,,,,,,,,0,0,0,,,     ,BIMESTRAL NON,96,2024-11-30 00:00:00,2025-01-01 00:00:00,2024-11-30 00:00:00,0,0,0,INICIAL,WPY325 ,Sin_Facturas,,,,,,,,,,,,,,,GSC
2025-02-01 00:00:00,779241200440,13,DW,01,M,21,133,MIER HERNANDEZ HERLINDA GRACIE,1D,ACTIVO,RBR362 ,2,F623,24NY,2024-12-01 00:00:00,0,,,,,,,,0,0,0,,,     ,BIMESTRAL NON,70,2024-12-26 00:00:00,2024-12-01 00:00:00,2024-12-26 00:00:00,0,0,0,INICIAL,RBR362 ,Sin_Facturas,,,,,,,,,,,,,,,GSC
2025-02-01 00:00:00,782240903103,35,DW,12,C,01,351,ALTAMIRANO ALFARO LIZBETH GUAD,1D,ACTIVO,77MP89 ,2,F421,07GH,2025-01-01 00:00:00,0,,,,,,,,3495,0,0,,,     ,BIMESTRAL NON,163,2024-09-24 00:00:00,2025-01-01 00:00:00,2024-09-24 00:00:00,3495,0,0,INICIAL,77MP89 ,Sin_Facturas,,,,,,,,,,,,,,,GSC
2025-02-01 00:00:00,318220800067,18,DW,04,H,50,181,LOPEZ RODRIGUEZ NANCI NAYELI  ,1C,ACTIVO,YU231D ,2,F623,21NU,2024-12-01 00:00:00,0,,,,,,,,0,0,0,,,     ,BIMESTRAL PAR,925,2022-08-24 00:00:00,2024-12-01 00:00:00,2022-08-24 00:00:00,0,0,0,INICIAL,YU231D ,Sin_Facturas,,,,,,,,,,,,,,,GSC
2025-02-01 00:00:00,770241200370,07,DW,01,A,02,075,CANUL MOGUEL FELIPE ALBERTO   ,1D,ACTIVO,WUC080 ,2,F623,24P2,2025-03-01 00:00:00,2,,,,,,,,80,80,0,,,G92B3,BIMESTRAL NON,86,2024-12-10 00:00:00,2025-03-01 00:00:00,2025-03-04 16:17:00,80,80,2,RECIBIDA,WUC080 ,Sin_Facturas,,,,,,,,,,,,,,,GSC
2025-02-01 00:00:00,771040200122,07,DW,01,E,02,072,SOLIS PASOS JAVIER ANTONIO    ,02,ACTIVO,9M25V9 ,1,F121,04GG,2025-03-01 00:00:00,2,,,,,,,,6159,2000,0,,,GA0MN,BIMESTRAL NON,7703,2004-02-02 00:00:00,2025-03-01 00:00:00,2025-03-04 08:41:00,6159,2000,2,RECIBIDA,9M25V9 ,Sin_Facturas,,,,2025-03-04 08:40:52,0701,L,GA0MN,9M25V9 ,2000,Nor,  ,,,,GSC
2025-02-01 00:00:00,771241100541,22,DW,01,B,02,222,ASOCIACION DE COND CENTRICA AC,02,ACTIVO,JHA690 ,2,F623,23NU,2025-02-01 00:00:00,0,,,,,,,,1382,0,0,,,     ,BIMESTRAL PAR,102,2024-11-24 00:00:00,2025-02-01 00:00:00,2024-11-24 00:00:00,1382,0,0,INICIAL,JHA690 ,Sin_Facturas,,,,,,,,,,,,,,,GSC
2025-02-01 00:00:00,771250102085,65,DW,01,E,37,652,INURRETA DOMINGUEZ MARTIN DE J,1D,ACTIVO,RFW536 ,2,F623,24NY,2025-01-01 00:00:00,0,,,,,,,,0,0,0,,,     ,MENSUAL,41,2025-01-24 00:00:00,2025-01-01 00:00:00,2025-01-24 00:00:00,0,0,0,INICIAL,RFW536 ,Sin_Facturas,,,,,,,,,,,,,,,GSC
2025-02-01 00:00:00,774241000571,13,DW,01,E,02,132,SALEH ANGULO ZAHID ANTONIO    ,1D,ACTIVO,WTR558 ,2,F623,24P2,2025-01-01 00:00:00,0,,,,,,,,0,0,0,,,     ,BIMESTRAL NON,96,2024-11-30 00:00:00,2025-01-01 00:00:00,2024-11-30 00:00:00,0,0,0,INICIAL,WTR558 ,Sin_Facturas,,,,,,,,,,,,,,,GSC
2025-02-01 00:00:00,773241202011,35,DW,01,D,03,351,DZUC CASTRO KEVIN JASHIEL DEL ,1D,ACTIVO,PKD543 ,1,F123,24NX,2025-02-01 00:00:00,2,,,,,,,,0,0,51,,,R9524,BIMESTRAL NON,83,2024-12-13 00:00:00,2025-02-01 00:00:00,2025-02-04 18:52:00,0,0,2,RECIBIDA,PKD543 ,Sin_Facturas,NO ENCONTRE DOMI,,,2025-02-04 18:51:48,1226,L,9ND4Y,PKD543 ,0,Nor,51,NO ENCONTRE DOMI,,,GSC
2025-02-01 00:00:00,770241200281,11,DW,01,A,02,111,CANUL MOGUEL FELIPE ALBERTO   ,1D,ACTIVO,WUC081 ,2,F623,24P2,2025-01-01 00:00:00,2,,,,,,,,0,0,51,,,G92B0,BIMESTRAL NON,86,2024-12-10 00:00:00,2025-01-01 00:00:00,2025-01-15 12:13:00,0,0,2,RECIBIDA,WUC081 ,Sin_Facturas,NO ENCONTRE DOMI,,,,,,,,,,,,,,GSC
2025-02-01 00:00:00,770241200299,11,DW,01,A,02,111,CANUL MOGUEL FELIPE ALBERTO   ,1D,ACTIVO,WUC174 ,2,F623,24P2,2025-01-01 00:00:00,2,,,,,,,,0,0,51,,,G92B0,BIMESTRAL NON,86,2024-12-10 00:00:00,2025-01-01 00:00:00,2025-01-15 12:13:00,0,0,2,RECIBIDA,WUC174 ,Sin_Facturas,NO ENCONTRE DOMI,,,,,,,,,,,,,,GSC
2025-02-01 00:00:00,770241200302,11,DW,01,A,02,111,CANUL MOGUEL FELIPE ALBERTO   ,1D,ACTIVO,WUC172 ,2,F623,24P2,2025-01-01 00:00:00,2,,,,,,,,0,0,51,,,G92B0,BIMESTRAL NON,86,2024-12-10 00:00:00,2025-01-01 00:00:00,2025-01-15 12:13:00,0,0,2,RECIBIDA,WUC172 ,Sin_Facturas,NO ENCONTRE DOMI,,,,,,,,,,,,,,GSC
2025-02-01 00:00:00,770241200311,11,DW,01,A,02,111,CANUL MOGUEL FELIPE ALBERTO   ,1D,ACTIVO,WUD080 ,2,F623,24P2,2025-01-01 00:00:00,2,,,,,,,,0,0,51,,,G92B0,BIMESTRAL NON,86,2024-12-10 00:00:00,2025-01-01 00:00:00,2025-01-15 12:13:00,0,0,2,RECIBIDA,WUD080 ,Sin_Facturas,NO ENCONTRE DOMI,,,,,,,,,,,,,,GSC
2025-02-01 00:00:00,770241200329,11,DW,01,A,02,111,CANUL MOGUEL FELIPE ALBERTO   ,1D,ACTIVO,WUD083 ,2,F623,24P2,2025-01-01 00:00:00,2,,,,,,,,0,0,51,,,G92B0,BIMESTRAL NON,86,2024-12-10 00:00:00,2025-01-01 00:00:00,2025-01-15 12:13:00,0,0,2,RECIBIDA,WUD083 ,Sin_Facturas,NO ENCONTRE DOMI,,,,,,,,,,,,,,GSC
2025-02-01 00:00:00,778240500494,14,DW,01,K,49,141,PACHECO AVILA PATSY PAULINA   ,1C,ACTIVO,RCG423 ,2,F623,24NY,2025-02-01 00:00:00,2,,,,,,,,0,0,51,,,9EMCB,BIMESTRAL PAR,73,2024-12-23 00:00:00,2025-02-01 00:00:00,2025-02-26 13:30:00,0,0,2,RECIBIDA,RCG423 ,Sin_Facturas,NO ENCONTRE DOMI,,,2025-02-26 13:30:00,4051,R,9EMCB,RCG423 ,0,Nor,51,NO ENCONTRE DOMI,,,GSC
2025-02-01 00:00:00,777241201192,09,DW,01,J,04,091,MARTIN SERGIO ALFONSO ORTIZ   ,1C,ACTIVO,WPJ577 ,2,F623,24P2,2025-02-01 00:00:00,2,,,,,,,,0,0,56,,,GAXWM,BIMESTRAL NON,86,2024-12-10 00:00:00,2025-02-01 00:00:00,2025-01-28 10:31:00,0,0,2,RECIBIDA,WPJ577 ,Sin_Facturas,NO HAY MEDIDOR,,,2025-01-29 10:05:49,0453,N,9EMCB,WPJ577 ,0,Nor,51,NO ENCONTRE DOMI,,,GSC
2025-02-01 00:00:00,774241200642,11,DW,01,E,37,111,DEL HOYO JIMENEZ XOCHITL      ,1D,ACTIVO,WPY118 ,2,F623,24P2,2025-01-01 00:00:00,2,,,,,,,,0,0,51,,,9EMCB,BIMESTRAL NON,89,2024-12-07 00:00:00,2025-01-01 00:00:00,2025-01-09 09:40:00,0,0,2,RECIBIDA,WPY118 ,Sin_Facturas,NO ENCONTRE DOMI,,,,,,,,,,,,,,GSC
2025-02-01 00:00:00,779241203333,11,DW,01,M,13,114,DELGADO AGUILAR JOSE RAUL     ,1D,ACTIVO,RBR439 ,2,F623,24NY,2025-01-01 00:00:00,2,,,,,,,,0,0,57,,,9BBVP,BIMESTRAL NON,70,2024-12-26 00:00:00,2025-01-01 00:00:00,2025-01-08 19:40:00,0,0,2,RECIBIDA,RBR439 ,Sin_Facturas,RUTA INCOMPLETA,,,,,,,,,,,,,,GSC
2025-02-01 00:00:00,779241204348,11,DW,01,M,13,114,HERNANDEZ LLANES JOSE RODOLFO ,1D,ACTIVO,RBN872 ,2,F623,24NY,2025-01-01 00:00:00,2,,,,,,,,0,0,57,,,9BBVP,BIMESTRAL NON,70,2024-12-26 00:00:00,2025-01-01 00:00:00,2025-01-08 19:40:00,0,0,2,RECIBIDA,RBN872 ,Sin_Facturas,RUTA INCOMPLETA,,,,,,,,,,,,,,GSC
2025-02-01 00:00:00,782241202656,14,DW,12,C,01,141,MARTINEZ MARTINEZ JOSE FRANCIS,1D,ACTIVO,RBR036 ,2,F623,24NY,2025-02-01 00:00:00,2,,,,,,,,0,0,57,,,9NCX1,BIMESTRAL PAR,73,2024-12-23 00:00:00,2025-02-01 00:00:00,2025-02-17 15:39:00,0,0,2,RECIBIDA,RBR036 ,Sin_Facturas,RUTA INCOMPLETA,,,2025-02-13 14:12:53,2603,L,9NCX1,RBR036 ,0,Nor,5X,RUTA INCOMPLETA,,,GSC
2025-02-01 00:00:00,812241203934,27,DW,22,C,11,274,TAFOYA AVILA JOSE JUAN        ,1B,CORTADO,WTX422 ,2,F623,24P2,2025-01-01 00:00:00,2,,,,,,,,0,0,53,,,9NCT2,BIMESTRAL NON,84,2024-12-12 00:00:00,2025-01-01 00:00:00,2025-01-20 16:03:00,0,0,2,RECIBIDA,WTX422 ,Sin_Facturas,UI SERV DIRECTO,,,,,,,,,,,,,,GSC
2025-02-01 00:00:00,812220302762,23,DW,22,C,05,231,CANUL PEREZ NAYELI CARIDAD    ,1B,CORTADO,YP289R ,2,F623,21NU,2024-11-01 00:00:00,1,1,4,2024-09-18 00:00:00,2024-11-20 00:00:00,2024-11-22 00:00:00,633,1779,9741,633,53,0,0,9NCT2,BIMESTRAL NON,106,2022-03-10 00:00:00,2025-01-01 00:00:00,2025-01-20 16:04:00,9741,0,2,RECIBIDA,YP289R ,Con_Facturas,UI SERV DIRECTO,,,2024-11-21 08:15:51,2951,R,9NCT2,YP289R ,0,Nor,53,UI SERV DIRECTO,53,S,GSC
2025-02-01 00:00:00,812240400744,23,DW,22,C,05,231,GRUPO POWER DROP SA DE CV     ,02,ACTIVO,JAY015 ,2,F623,23NU,2024-11-01 00:00:00,1,1,3,2024-09-18 00:00:00,2024-11-20 00:00:00,2024-11-22 00:00:00,0,107,0,0,56,0,0,9NCT2,BIMESTRAL NON,106,2024-05-22 00:00:00,2025-01-01 00:00:00,2025-01-20 16:04:00,0,0,2,RECIBIDA,JAY015 ,Con_Facturas,NO HAY MEDIDOR,,,2024-11-21 10:14:21,2951,R,9NCT2,JAY015 ,0,Nor,56,NO HAY MEDIDOR,56,S,GSC
2025-02-01 00:00:00,802081100755,18,DW,07,C,42,181,AGUIRRE LEON NELER ALEJANDRO  ,02,ACTIVO,68F2C2 ,2,F62F,09K6,2024-10-01 00:00:00,1,1,1,2024-08-09 00:00:00,2024-10-11 00:00:00,2024-10-15 00:00:00,9040,44682,84615,9040,59,0,0,R9871,BIMESTRAL PAR,146,2008-11-28 00:00:00,2025-02-01 00:00:00,2025-02-12 15:53:00,84615,0,18,MANUAL,68F2C2 ,Con_Facturas,DISPLAY APAGADO,,,2024-10-11 09:18:44,2026,L,R9871,68F2C2 ,0,Nor,59,DISPLAY APAGADO,59,S,GSC
2025-02-01 00:00:00,810241101489,39,DW,22,A,01,393,HERRERA ROMERO EDWIN ALBERTO  ,1B,ACTIVO,WML265 ,2,F623,24P2,2024-12-01 00:00:00,1,1,2,2024-11-07 00:00:00,2024-12-11 00:00:00,2024-12-13 00:00:00,0,668,0,0,51,0,0,9MC60,BIMESTRAL NON,85,2024-11-07 00:00:00,2025-02-01 00:00:00,2025-02-07 16:02:00,0,0,2,RECIBIDA,WML265 ,Con_Facturas,NO ENCONTRE DOMI,,,2024-12-12 14:01:09,1851,R,9JR5N,WML265 ,25,Nor,  ,,,,GSC
2025-02-01 00:00:00,812220209746,23,DW,22,C,05,231,ANDRICE BOGER JANAIRE         ,1B,ACTIVO,YP895N ,2,F623,21NU,2024-11-01 00:00:00,1,C,7,2024-07-16 00:00:00,2024-11-20 00:00:00,2024-11-22 00:00:00,0,0,14,0,0,0,0,G08D1,BIMESTRAL NON,106,2022-03-01 00:00:00,2025-01-01 00:00:00,2025-01-20 16:04:00,14,0,2,RECIBIDA,YP895N ,Con_Facturas,,,,2024-11-21 10:30:38,2951,R,9NCT2,YP895N ,0,Opt,31,SERVICIO SIN USO,,,GSC
2025-02-01 00:00:00,811991002683,25,DW,22,B,01,251,CHRYSTIAN SANTOS JUAREZ       ,1D,CORTADO,4MM313 ,2,F121,98GG,2024-12-01 00:00:00,1,1,4,2024-10-14 00:00:00,2024-12-13 00:00:00,2024-12-17 00:00:00,0,64,42378,0,56,0,0,9MC8G,BIMESTRAL NON,83,1999-06-14 00:00:00,2025-02-01 00:00:00,2025-02-13 09:35:00,42378,0,2,RECIBIDA,4MM313 ,Con_Facturas,NO HAY MEDIDOR,,,2024-12-16 15:55:06,2253,R,9MC8G,4MM313 ,0,Nor,56,NO HAY MEDIDOR,56,S,GSC
2025-02-01 00:00:00,801881200263,38,DW,07,B,90,902,MAY NOH CORNELIO              ,1B,CORTE CON ARO CAND,17X36M ,1,F12H,11KU,2021-08-01 00:00:00,1,1,1,2021-06-25 00:00:00,2021-08-25 00:00:00,2021-08-27 00:00:00,422,419,19341,422,56,0,0,9ND1B,BIMESTRAL PAR,1289,1988-12-12 00:00:00,2021-08-01 00:00:00,2020-10-26 10:20:00,19341,422,8,ESTIMADA-C,17X36M ,Con_Facturas,NO HAY MEDIDOR,,,,,,,,,,,,,,GSC
2025-02-01 00:00:00,796241200425,13,DW,06,A,01,134,AGUILAR DIAZ ANAHI ELIZABETH  ,1D,ACTIVO,WPJ246 ,2,F623,24P2,2024-12-01 00:00:00,1,1,0,2024-12-05 00:00:00,2024-12-09 00:00:00,2024-12-11 00:00:00,0,638,0,0,56,0,0,9MCK0,BIMESTRAL NON,87,2024-12-05 00:00:00,2024-12-01 00:00:00,2024-12-09 10:19:00,0,0,2,RECIBIDA,WPJ246 ,Con_Facturas,NO HAY MEDIDOR,,,2024-12-09 10:18:32,1401,M,9MCK0,WPJ246 ,0,Nor,56,NO HAY MEDIDOR,56,S,GSC
2025-02-01 00:00:00,810061204191,66,DW,22,A,01,662,SECRETARIA DE MARINA ARMADA   ,02,ACTIVO,GEF008 ,3,KL28,22NJ,2024-12-01 00:00:00,1,1,7,2024-10-25 00:00:00,2024-12-27 00:00:00,2024-12-31 00:00:00,8311,41087,801,8311,56,0,0,9JR5N,MENSUAL,69,2006-12-15 00:00:00,2024-08-01 00:00:00,2024-08-27 15:06:00,15188,0,16,AJUSTADA,269MGE ,Con_Facturas,NO HAY MEDIDOR,,,2024-12-29 17:44:25,4053,R,9JR5N,GEF008 ,0,Nor,56,NO HAY MEDIDOR,,,GSC
2025-02-01 00:00:00,783240701426,11,DW,12,A,01,013,ECATL TOTOTZINTLE JANETH IVONN,1D,ACTIVO,REF444 ,2,F623,24NY,2024-12-01 00:00:00,1,1,2,2024-10-21 00:00:00,2024-12-20 00:00:00,2024-12-26 00:00:00,0,64,0,0,57,0,0,GABCM,BIMESTRAL NON,76,2024-08-30 00:00:00,2025-02-01 00:00:00,2025-02-20 15:41:00,0,0,2,RECIBIDA,REF444 ,Con_Facturas,RUTA INCOMPLETA,,,2024-12-20 15:37:37,3227,M,GABCM,REF444 ,0,Nor,5X,RUTA INCOMPLETA,,,GSC
2025-02-01 00:00:00,783241004401,07,DW,12,D,01,175,MAY MEX GABRIEL ANGEL         ,1D,ACTIVO,REH288 ,2,F623,24NY,2024-12-01 00:00:00,1,1,6,2024-11-08 00:00:00,2024-12-18 00:00:00,2024-12-20 00:00:00,0,675,0,0,57,0,0,9ND6D,BIMESTRAL NON,78,2024-11-08 00:00:00,2025-03-01 00:00:00,2025-03-04 13:39:00,876,876,2,RECIBIDA,REH288 ,Con_Facturas,RUTA INCOMPLETA,,,2024-12-18 18:56:42,2827,L,9ND6D,REH288 ,0,Nor,5X,RUTA INCOMPLETA,,,GSC
2025-02-01 00:00:00,775240700818,33,DW,01,G,02,333,ESTRELLA DIAZ RUBI I          ,1B,ACTIVO,RCX611 ,2,F623,24NY,2024-12-01 00:00:00,1,1,8,2024-10-21 00:00:00,2024-12-20 00:00:00,2024-12-26 00:00:00,0,64,0,0,57,0,0,GAKVM,BIMESTRAL NON,76,2024-08-03 00:00:00,2024-12-01 00:00:00,2024-12-20 12:58:00,0,0,4,ESTIMADA-P,RCX611 ,Con_Facturas,RUTA INCOMPLETA,,,2024-12-20 12:58:40,3226,L,9BBU6,RCX611 ,0,Nor,51,NO ENCONTRE DOMI,,,GSC
2025-02-01 00:00:00,773241104213,35,DW,01,D,03,351,COBA POOT KARELY JANET        ,1D,ACTIVO,PKE148 ,1,F123,24NX,2024-12-01 00:00:00,1,1,6,2024-11-28 00:00:00,2024-12-06 00:00:00,2024-12-10 00:00:00,0,219,0,0,57,0,0,G81D8,BIMESTRAL NON,90,2024-11-28 00:00:00,2025-02-01 00:00:00,2025-02-04 18:51:00,0,0,2,RECIBIDA,PKE148 ,Con_Facturas,RUTA INCOMPLETA,,,2024-12-06 15:41:13,1226,L,GAKKM,PKE148 ,0,Nor,51,NO ENCONTRE DOMI,,,GSC
2025-02-01 00:00:00,773240106450,35,DW,01,D,03,351,PERERA LOEZA LIGIA TRINIDAD   ,1D,ACTIVO,310EGA ,1,F122,15LN,2024-12-01 00:00:00,1,1,6,2024-10-07 00:00:00,2024-12-06 00:00:00,2024-12-10 00:00:00,0,64,171,0,57,0,0,G81D8,BIMESTRAL NON,90,2024-02-04 00:00:00,2025-02-01 00:00:00,2025-02-04 18:55:00,171,0,2,RECIBIDA,310EGA ,Con_Facturas,RUTA INCOMPLETA,,,2024-12-06 15:40:34,1226,L,GAKKM,310EGA ,0,Nor,51,NO ENCONTRE DOMI,,,GSC
2025-02-01 00:00:00,772240900176,29,DW,01,C,02,293,ORDONEZ GAMBOA YANINE ESTHER  ,1D,ACTIVO,RCX300 ,2,F623,24NY,2024-12-01 00:00:00,1,1,1,2024-10-07 00:00:00,2024-12-06 00:00:00,2024-12-10 00:00:00,0,64,0,0,57,0,0,G81D8,BIMESTRAL NON,90,2024-09-04 00:00:00,2025-02-01 00:00:00,2025-02-04 18:51:00,0,0,2,RECIBIDA,RCX300 ,Con_Facturas,RUTA INCOMPLETA,,,2024-12-06 15:40:57,1226,L,GAKKM,RCX300 ,0,Nor,51,NO ENCONTRE DOMI,,,GSC
2025-02-01 00:00:00,812240601235,23,DW,22,C,05,231,RIVAS PALOMO ELVIA ROCIO      ,1B,ACTIVO,JFR759 ,2,F623,23NU,2024-11-01 00:00:00,1,1,5,2024-09-18 00:00:00,2024-11-20 00:00:00,2024-11-22 00:00:00,0,64,0,0,51,0,0,9NCT2,BIMESTRAL NON,106,2024-06-12 00:00:00,2025-01-01 00:00:00,2025-01-20 16:03:00,0,0,2,RECIBIDA,JFR759 ,Con_Facturas,NO ENCONTRE DOMI,,,2024-11-21 10:42:00,2951,R,9NCT2,JFR759 ,0,Nor,51,NO ENCONTRE DOMI,,,GSC
2025-02-01 00:00:00,812241001258,15,DW,22,C,09,152,CHAN CHIMAL EDWIN ALEXANDER   ,1B,ACTIVO,HYV660 ,2,F623,23NU,2024-11-01 00:00:00,1,1,1,2024-10-23 00:00:00,2024-11-20 00:00:00,2024-11-22 00:00:00,0,662,0,0,51,0,0,9NCT2,BIMESTRAL NON,106,2024-10-23 00:00:00,2025-01-01 00:00:00,2025-01-20 16:03:00,0,0,2,RECIBIDA,HYV660 ,Con_Facturas,NO ENCONTRE DOMI,,,2024-11-21 10:42:14,2951,R,9NCT2,HYV660 ,0,Nor,51,NO ENCONTRE DOMI,,,GSC
2025-02-01 00:00:00,810240806438,18,DW,22,A,02,183,KUMUL CANCHE SANDRA PAOLA     ,1B,ACTIVO,RDJ369 ,2,F623,24NY,2024-12-01 00:00:00,1,1,2,2024-10-21 00:00:00,2024-12-20 00:00:00,2024-12-26 00:00:00,0,62,0,0,51,0,0,9JR5N,BIMESTRAL PAR,76,2024-08-28 00:00:00,2025-02-01 00:00:00,2025-02-19 12:56:00,0,0,2,RECIBIDA,RDJ369 ,Con_Facturas,NO ENCONTRE DOMI,,,2024-12-21 16:52:59,3257,R,9JR5N,RDJ369 ,0,Nor,51,NO ENCONTRE DOMI,,,GSC
2025-02-01 00:00:00,810220405909,32,DW,22,A,01,323,CERVANTES AYALA FRANCISCO JAVI,1B,ACTIVO,REL952 ,2,F623,24NY,2024-12-01 00:00:00,1,1,6,2024-10-24 00:00:00,2024-12-26 00:00:00,2024-12-30 00:00:00,1074,3708,0,1074,51,0,0,9JR5N,BIMESTRAL PAR,70,2022-04-19 00:00:00,2024-10-01 00:00:00,2024-10-24 00:00:00,13953,0,2,RECIBIDA,YR854B ,Con_Facturas,NO ENCONTRE DOMI,,,2024-12-29 14:37:38,3856,R,9JR5N,REL952 ,0,Nor,51,NO ENCONTRE DOMI,,,GSC
2025-02-01 00:00:00,810211203538,33,DW,22,A,02,335,MANHEY SOTO AQUILES GUILLERMO ,1B,ACTIVO,DW086X ,2,F623,19NU,2024-12-01 00:00:00,1,1,7,2024-10-22 00:00:00,2024-12-23 00:00:00,2024-12-27 00:00:00,361,0,3371,361,51,0,0,9JR5N,BIMESTRAL NON,73,2021-12-13 00:00:00,2025-02-01 00:00:00,2025-02-22 09:37:00,4047,676,2,RECIBIDA,DW086X ,Con_Facturas,NO ENCONTRE DOMI,,,2024-12-26 18:05:55,3454,R,9JR5N,DW086X ,0,Nor,51,NO ENCONTRE DOMI,,,GSC
2025-02-01 00:00:00,811190500088,14,DW,22,B,01,142,MARTIN MEX RAUL EDUARDO       ,1D,ACTIVO,V722BX ,2,F622,18LM,2024-12-01 00:00:00,1,1,5,2024-10-15 00:00:00,2024-12-16 00:00:00,2024-12-18 00:00:00,794,2367,22524,794,51,0,0,9MC92,BIMESTRAL PAR,80,2019-05-04 00:00:00,2025-02-01 00:00:00,2025-02-13 09:32:00,22524,0,2,RECIBIDA,V722BX ,Con_Facturas,NO ENCONTRE DOMI,,,2024-12-17 14:21:10,2453,N,9MC92,V722BX ,0,Nor,51,NO ENCONTRE DOMI,,,GSC
2025-02-01 00:00:00,805920200107,10,DW,08,B,66,004,PABLO LIZAMA KU               ,09,ACTIVO,DTB291 ,1,F623,22NU,2024-12-01 00:00:00,1,0,1,2024-10-04 00:00:00,2024-12-05 00:00:00,2024-12-09 00:00:00,45,210,478,45,0,0,0,GAM9M,BIMESTRAL PAR,91,1992-02-06 00:00:00,1993-04-01 00:00:00,1993-04-01 00:00:00,322,0,2,RECIBIDA,M1K216 ,Con_Facturas,,,,,,,,,,,,,,,GSC
2025-02-01 00:00:00,805941200115,10,DW,08,B,66,004,CARLOS PEREIRA AGUILAR        ,09,ACTIVO,CVJ009 ,1,F623,22NU,2024-12-01 00:00:00,1,0,5,2024-10-04 00:00:00,2024-12-05 00:00:00,2024-12-09 00:00:00,119,410,1930,119,0,0,0,GAM9M,BIMESTRAL PAR,91,1994-12-01 00:00:00,2022-12-01 00:00:00,2022-12-06 00:00:00,2824,0,2,RECIBIDA,L94K58 ,Con_Facturas,,,,,,,,,,,,,,,GSC
2025-02-01 00:00:00,771950300180,19,DW,01,B,01,197,SALVADOR LAGUERENNE           ,02,ACTIVO,DW920C ,2,F623,19NU,2024-11-01 00:00:00,8,0,5,2024-11-12 00:00:00,2024-11-14 00:00:00,2024-12-04 00:00:00,941,3338,17040,0,0,0,0,9MC86,BIMESTRAL NON,112,1990-01-01 00:00:00,2025-01-01 00:00:00,2025-01-14 09:45:00,17040,0,2,RECIBIDA,DW920C ,Con_Facturas,,,,2024-11-13 09:10:44,1951,R,9ND41,DW920C ,0,Nor,56,NO HAY MEDIDOR,56,S,GSC
2025-02-01 00:00:00,771900100392,09,DW,01,B,01,095,PANTI Y PECH ADEMAR           ,1D,ACTIVO,483EBX ,2,F622,15LM,2024-11-01 00:00:00,4,0,5,2024-09-03 00:00:00,2024-11-06 00:00:00,2024-11-07 00:00:00,0,63.729999999999997,29406,0,0,0,0,Y2000,BIMESTRAL NON,120,1990-01-24 00:00:00,2006-11-01 00:00:00,2050-01-01 00:00:00,0,0,0,INICIAL,S0MEDD ,Con_Facturas,,,,2024-11-05 12:30:19,0903,M,GAM1M,483EBX ,0,Nor,59,DISPLAY APAGADO,59,S,GSC
2025-02-01 00:00:00,771141104965,07,DW,01,B,01,076,REYES GONZALEZ JORGE CARLOS   ,02,ACTIVO,07PD54 ,2,F621,07F3,2023-07-01 00:00:00,4,0,2,2023-05-04 00:00:00,2023-07-03 00:00:00,2023-07-03 00:00:00,0,0,25484,0,0,0,0,Y2000,BIMESTRAL NON,612,2014-11-06 00:00:00,2014-11-01 00:00:00,2014-11-19 00:00:00,35554,0,0,INICIAL,U19A44 ,Con_Facturas,,,,,,,,,,,,,,,GSC
2025-02-01 00:00:00,771030403459,17,DW,01,B,01,176,COLMENERO QUINONES JESUS M    ,1D,ACTIVO,WTR021 ,2,F623,24P2,2024-12-01 00:00:00,8,0,1,2024-11-11 00:00:00,2024-12-12 00:00:00,2025-02-19 00:00:00,0,0,0,0,0,0,0,9MC86,BIMESTRAL NON,84,2003-04-11 00:00:00,2024-12-01 00:00:00,2024-12-12 17:41:00,4294,0,3,FINIQUITO,CVM855 ,Con_Facturas,,,,,,,,,,,,,,,GSC
2025-02-01 00:00:00,770750201822,07,DW,01,A,02,074,CHAN VERMONT EFRAIN           ,02,ACTIVO,HA317U ,1,F123,20NT,2023-03-01 00:00:00,4,0,6,2023-01-04 00:00:00,2023-03-07 00:00:00,2023-03-07 00:00:00,548,2907.96,5941,0,0,0,0,Y2000,BIMESTRAL NON,730,1975-02-02 00:00:00,2021-05-01 00:00:00,2021-05-04 17:43:00,28277,1054,16,AJUSTADA,DM4138 ,Con_Facturas,,,,,,,,,,,,,,,GSC
2025-02-01 00:00:00,773240202491,29,DW,01,M,33,291,GOROCIA ROMERO GERARDO        ,1C,ACTIVO,WMU729 ,2,F623,24P2,2024-12-01 00:00:00,1,C,5,2024-06-25 00:00:00,2024-12-26 00:00:00,2024-12-30 00:00:00,47,64,45,45,0,0,0,G08D9,BIMESTRAL NON,70,2024-02-13 00:00:00,2024-12-01 00:00:00,2024-12-26 12:40:00,2,2,16,AJUSTADA,KKR308 ,Con_Facturas,,,,,,,,,,,,,,,GSC
2025-02-01 00:00:00,773211103999,13,DW,01,M,21,132,ZAPATA CANCHE VICTOR MANUEL   ,1D,ACTIVO,YH629J ,2,F623,21NU,2024-12-01 00:00:00,1,0,1,2024-10-24 00:00:00,2024-12-26 00:00:00,2024-12-30 00:00:00,287,403,7414,287,0,0,0,9JRE0,BIMESTRAL NON,70,2021-11-27 00:00:00,2021-12-01 00:00:00,2021-12-22 00:00:00,1,1,2,RECIBIDA,YH629T ,Con_Facturas,,,,,,,,,,,,,,,GSC
2025-02-01 00:00:00,772890700481,08,DW,01,C,01,088,GUADALUPE CIME DE R           ,1D,ACTIVO,JDT292 ,2,F623,23NU,2024-12-01 00:00:00,1,0,4,2024-10-03 00:00:00,2024-12-12 00:00:00,2024-12-16 00:00:00,4089,16595,4090,4089,0,0,0,9NCYL,BIMESTRAL PAR,84,1989-07-08 00:00:00,2024-12-01 00:00:00,2024-12-12 00:00:00,86222,0,2,RECIBIDA,5F119N ,Con_Facturas,,,,,,,,,,,,,,,GSC
2025-02-01 00:00:00,774240403141,21,DW,01,E,02,211,RUEDA RUIZ CINTHIA PATRICIA   ,1D,ACTIVO,JHB505 ,2,F623,23NU,2024-11-01 00:00:00,1,C,1,2024-04-26 00:00:00,2024-11-14 00:00:00,2024-11-19 00:00:00,2598,4054,2598,2598,0,0,0,9NNKH,BIMESTRAL NON,112,2024-04-26 00:00:00,2024-11-01 00:00:00,2024-11-14 15:32:00,2598,2598,16,AJUSTADA,JHB505 ,Con_Facturas,,,,,,,,,,,,,,,GSC
2025-02-01 00:00:00,810241011501,27,DW,22,A,01,274,BROCA GONZALEZ NESTOR IVAN    ,1B,ACTIVO,WMH151 ,2,F623,24P2,2024-12-01 00:00:00,1,1,6,2024-11-01 00:00:00,2024-12-23 00:00:00,2024-12-27 00:00:00,0,686,0,0,50,0,0,9JR5N,BIMESTRAL NON,73,2024-11-01 00:00:00,2025-02-01 00:00:00,2025-02-22 09:38:00,0,0,2,RECIBIDA,WMH151 ,Con_Facturas,CASA CERRADA,,,2024-12-26 18:42:36,3454,R,9JR5N,WMH151 ,0,Nor,50,CASA CERRADA,,,GSC
2025-02-01 00:00:00,812241008511,27,DW,22,C,11,273,PEREZ GUTIERREZ PAUL          ,1B,ACTIVO,WMH049 ,2,F623,24P2,2024-12-01 00:00:00,1,1,8,2024-11-05 00:00:00,2024-12-05 00:00:00,2024-12-09 00:00:00,0,664,0,0,50,0,0,9MCKW,BIMESTRAL NON,91,2024-11-05 00:00:00,2025-02-01 00:00:00,2025-02-03 16:04:00,325,325,2,RECIBIDA,WMH049 ,Con_Facturas,CASA CERRADA,,,2024-12-05 14:54:30,1053,N,9MCKW,WMH049 ,0,Nor,50,CASA CERRADA,50,S,GSC
2025-02-01 00:00:00,774240403515,33,DW,01,E,02,338,COMPANIA PENINSULAR 3H        ,02,ACTIVO,JHB532 ,2,F623,23NU,2024-12-01 00:00:00,1,1,4,2024-10-22 00:00:00,2024-12-23 00:00:00,2024-12-27 00:00:00,0,107,0,0,51,0,0,9MCGA,BIMESTRAL NON,73,2024-04-29 00:00:00,2024-12-01 00:00:00,2024-08-22 09:08:00,0,0,4,ESTIMADA-P,JHB532 ,Con_Facturas,NO ENCONTRE DOMI,,,2024-12-23 09:07:37,3404,L,9MCGA,JHB532 ,0,Nor,51,NO ENCONTRE DOMI,,,GSC
2025-02-01 00:00:00,774231200962,65,DW,01,E,37,652,INURRETA DOMINGUEZ MARTIN DE J,1D,ACTIVO,KKW739 ,2,F623,23NU,2025-01-01 00:00:00,1,1,1,2024-11-22 00:00:00,2025-01-22 00:00:00,2025-01-24 00:00:00,102,131,578,102,51,0,0,9ND5H,MENSUAL,43,2023-12-14 00:00:00,2025-01-01 00:00:00,2024-11-22 10:31:00,578,102,8,ESTIMADA-C,KKW739 ,Con_Facturas,NO ENCONTRE DOMI,,,2025-01-23 10:30:54,3352,N,9ND5H,KKW739 ,0,Nor,51,NO ENCONTRE DOMI,,,GSC
2025-02-01 00:00:00,773241001953,10,DW,01,D,01,104,SOLIS MARTIN ROBERTO AGUSTIN  ,02,ACTIVO,G011MG ,2,F622,17LM,2024-12-01 00:00:00,1,1,0,2024-10-21 00:00:00,2024-12-20 00:00:00,2024-12-26 00:00:00,0,107,0,0,51,0,0,9JR11,BIMESTRAL PAR,76,2024-10-15 00:00:00,2025-02-01 00:00:00,2025-02-19 12:18:00,0,0,2,RECIBIDA,G011MG ,Con_Facturas,NO ENCONTRE DOMI,,,2024-12-23 10:25:58,3252,N,9JR11,G011MG ,0,Nor,51,NO ENCONTRE DOMI,,,GSC
2025-02-01 00:00:00,773241000035,29,DW,01,M,33,291,BONIFACIO CIAU JOSE ALEJANDRO ,1C,ACTIVO,RDK975 ,2,F623,24NY,2024-12-01 00:00:00,1,1,9,2024-10-21 00:00:00,2024-12-20 00:00:00,2024-12-26 00:00:00,0,64,0,0,51,0,0,9P14E,BIMESTRAL NON,76,2024-10-01 00:00:00,2024-12-01 00:00:00,2024-10-23 11:24:00,0,0,4,ESTIMADA-P,RDK975 ,Con_Facturas,NO ENCONTRE DOMI,,,2024-12-23 11:23:35,3251,R,9P14E,RDK975 ,0,Nor,51,NO ENCONTRE DOMI,,,GSC
2025-02-01 00:00:00,773240901501,29,DW,01,D,03,294,CORREA SOLA YSABEL            ,1C,ACTIVO,RDP543 ,2,F623,24NY,2024-12-01 00:00:00,1,1,6,2024-10-23 00:00:00,2024-12-26 00:00:00,2024-12-30 00:00:00,0,64,0,0,51,0,0,9MCDC,BIMESTRAL NON,70,2024-09-11 00:00:00,2025-02-01 00:00:00,2025-02-24 10:18:00,0,0,2,RECIBIDA,RDP543 ,Con_Facturas,NO ENCONTRE DOMI,,,2024-12-27 14:06:29,3651,R,9MCDC,RDP543 ,0,Nor,51,NO ENCONTRE DOMI,,,GSC
2025-02-01 00:00:00,773240700645,23,DW,01,M,02,237,GARRIDO CANUL ANAHI GUADALUPE ,1C,ACTIVO,KHU480 ,2,F623,23NU,2024-12-01 00:00:00,1,1,1,2024-10-21 00:00:00,2024-12-20 00:00:00,2024-12-26 00:00:00,0,64,0,0,51,0,0,9P14E,BIMESTRAL NON,76,2024-07-13 00:00:00,2024-12-01 00:00:00,2024-10-21 11:30:00,0,0,4,ESTIMADA-P,KHU480 ,Con_Facturas,NO ENCONTRE DOMI,,,2024-12-23 11:30:15,3251,R,9P14E,KHU480 ,0,Nor,51,NO ENCONTRE DOMI,,,GSC
2025-02-01 00:00:00,772240600067,28,DW,01,C,01,285,AYIL MOGUEL CARLOS ENRIQUE    ,1D,ACTIVO,WNB220 ,2,F623,24P2,2024-12-01 00:00:00,1,1,5,2024-11-15 00:00:00,2024-12-26 00:00:00,2024-12-30 00:00:00,0,675,0,0,51,0,0,9NCYL,BIMESTRAL PAR,70,2024-11-15 00:00:00,2025-02-01 00:00:00,2025-02-24 13:04:00,0,0,2,RECIBIDA,WNB220 ,Con_Facturas,NO ENCONTRE DOMI,,,2024-12-27 11:31:54,3651,R,9NCYL,WNB220 ,0,Nor,51,NO ENCONTRE DOMI,,,GSC
2025-02-01 00:00:00,772240400670,25,DW,01,C,02,256,GARCIA CHABLE EFI ARALY       ,1D,ACTIVO,PAV670 ,1,F123,24NX,2024-12-01 00:00:00,1,1,6,2024-10-17 00:00:00,2024-12-18 00:00:00,2024-12-20 00:00:00,0,64,0,0,51,0,0,9MCGC,BIMESTRAL NON,78,2024-08-29 00:00:00,2024-12-01 00:00:00,2024-12-18 00:00:00,0,0,2,RECIBIDA,V379VW ,Con_Facturas,NO ENCONTRE DOMI,,,2024-12-19 11:44:57,2851,R,9MCGC,PAV670 ,0,Nor,51,NO ENCONTRE DOMI,,,GSC
2025-02-01 00:00:00,772230701213,35,DW,01,C,02,355,LOPEZ ESPANA CELIA            ,1D,ACTIVO,FKC432 ,1,F123,22NX,2024-12-01 00:00:00,1,1,1,2024-10-23 00:00:00,2024-12-26 00:00:00,2024-12-30 00:00:00,344,492,1027,344,51,0,0,9NCYL,BIMESTRAL NON,70,2023-07-20 00:00:00,2025-02-01 00:00:00,2025-02-24 13:04:00,1027,0,2,RECIBIDA,FKC432 ,Con_Facturas,NO ENCONTRE DOMI,,,2024-12-27 11:31:34,3651,R,9NCYL,FKC432 ,0,Nor,51,NO ENCONTRE DOMI,,,GSC
2025-02-01 00:00:00,773241202282,36,DW,01,D,01,367,BLAS MEJIA JUAN CARLOS        ,1D,ACTIVO,WTP156 ,2,F623,24P2,2024-12-01 00:00:00,1,1,1,2024-12-17 00:00:00,2024-12-26 00:00:00,2024-12-30 00:00:00,0,644,0,0,51,0,0,GA0MN,BIMESTRAL PAR,70,2024-12-17 00:00:00,2025-02-01 00:00:00,2025-02-25 11:53:00,0,0,2,RECIBIDA,WTP156 ,Con_Facturas,NO ENCONTRE DOMI,,,2024-12-27 09:38:53,3851,R,9P11H,WTP156 ,0,Nor,51,NO ENCONTRE DOMI,,,GSC
2025-02-01 00:00:00,770231100431,31,DW,01,A,02,314,GUIZA ARIAS ADRIANA JOSEFINA  ,02,CORTADO,FJR641 ,1,F123,22NX,2024-12-01 00:00:00,1,1,1,2024-10-16 00:00:00,2024-12-17 00:00:00,2024-12-19 00:00:00,26,240,50,26,51,0,0,9NCY6,BIMESTRAL NON,79,2023-11-17 00:00:00,2024-12-01 00:00:00,2024-02-15 10:34:00,50,26,8,ESTIMADA-C,FJR641 ,Con_Facturas,NO ENCONTRE DOMI,,,2024-12-18 10:33:37,2651,N,9NCY6,FJR641 ,0,Nor,51,NO ENCONTRE DOMI,,,GSC
2025-02-01 00:00:00,779240803761,19,DW,01,M,02,196,PRADO FLORES OMAR ALEJANDRO   ,1D,ACTIVO,RDU144 ,2,F623,24NY,2024-12-01 00:00:00,1,1,2,2024-10-22 00:00:00,2024-12-23 00:00:00,2024-12-27 00:00:00,0,64,0,0,51,0,0,9P11H,BIMESTRAL NON,73,2024-08-23 00:00:00,2024-12-01 00:00:00,2024-10-22 12:02:00,0,0,4,ESTIMADA-P,RDU144 ,Con_Facturas,NO ENCONTRE DOMI,,,2024-12-23 12:01:31,3405,L,9P11H,RDU144 ,0,Nor,51,NO ENCONTRE DOMI,,,GSC
2025-02-01 00:00:00,779240901720,19,DW,01,M,02,196,HUERTA BECERRIL VALENTIN      ,1D,ACTIVO,RDL579 ,2,F623,24NY,2024-12-01 00:00:00,1,1,8,2024-10-10 00:00:00,2024-12-11 00:00:00,2024-12-13 00:00:00,0,61,0,0,51,0,0,R9689,BIMESTRAL NON,85,2024-09-07 00:00:00,2025-02-01 00:00:00,2025-02-10 08:58:00,25,25,2,RECIBIDA,RDL579 ,Con_Facturas,NO ENCONTRE DOMI,,,2024-12-12 13:20:16,1852,R,R9689,RDL579 ,0,Nor,51,NO ENCONTRE DOMI,,,GSC
2025-02-01 00:00:00,777240401899,31,DW,01,J,11,311,CHAN ABAN HUMBERTO            ,02,ACTIVO,JFH807 ,2,F623,23NU,2024-12-01 00:00:00,1,1,0,2024-08-27 00:00:00,2024-12-10 00:00:00,2024-12-12 00:00:00,0,185,0,0,51,0,0,9NCYF,BIMESTRAL NON,86,2024-04-11 00:00:00,2024-12-01 00:00:00,2024-10-28 14:51:00,0,0,4,ESTIMADA-P,JFH807 ,Con_Facturas,NO ENCONTRE DOMI,,,2024-12-12 16:13:07,1653,R,9BBN1,JFH807 ,1,Nor,31,SERVICIO SIN USO,LM,S,GSC
2025-02-01 00:00:00,777240404723,25,DW,01,J,03,251,VERA CALDERON RUBY ALEJANDRA  ,1C,ACTIVO,47RR96 ,2,F62F,07K6,2024-12-01 00:00:00,1,1,0,2024-09-30 00:00:00,2024-12-02 00:00:00,2024-12-04 00:00:00,0,64,0,0,51,0,0,9NCYL,BIMESTRAL NON,94,2024-06-10 00:00:00,2025-02-01 00:00:00,2025-01-29 15:05:00,0,0,2,RECIBIDA,47RR96 ,Con_Facturas,NO ENCONTRE DOMI,,,2024-12-03 09:39:55,0451,R,9NCYL,47RR96 ,0,Nor,51,NO ENCONTRE DOMI,,,GSC
2025-02-01 00:00:00,777240502369,33,DW,01,J,03,334,PANTOJA MEDINA ROSSET MARILINE,1C,ACTIVO,RED234 ,2,F623,24NY,2024-12-01 00:00:00,1,1,5,2024-10-02 00:00:00,2024-12-03 00:00:00,2024-12-05 00:00:00,0,64,0,0,51,0,0,R9933,BIMESTRAL NON,93,2024-09-03 00:00:00,2025-02-01 00:00:00,2025-01-29 14:20:00,0,0,2,RECIBIDA,RED234 ,Con_Facturas,NO ENCONTRE DOMI,,,2024-12-03 14:23:16,0602,L,R9933,RED234 ,0,Nor,51,NO ENCONTRE DOMI,,,GSC
2025-02-01 00:00:00,777240802362,25,DW,01,J,03,251,POOT KUMUL JOSE LUIS          ,1C,ACTIVO,REG803 ,2,F623,24NY,2024-12-01 00:00:00,1,1,9,2024-09-30 00:00:00,2024-12-02 00:00:00,2024-12-04 00:00:00,0,64,0,0,51,0,0,9NCYL,BIMESTRAL NON,94,2024-09-04 00:00:00,2025-02-01 00:00:00,2025-01-29 15:05:00,0,0,2,RECIBIDA,REG803 ,Con_Facturas,NO ENCONTRE DOMI,,,2024-12-03 09:40:01,0451,R,9NCYL,REG803 ,0,Nor,51,NO ENCONTRE DOMI,,,GSC
2025-02-01 00:00:00,775241000127,13,DW,01,G,08,132,TAMAYO GARCIA GLADYS GUADALUPE,1C,ACTIVO,WNU699 ,2,F623,24P2,2024-12-01 00:00:00,1,1,5,2024-10-16 00:00:00,2024-12-16 00:00:00,2024-12-18 00:00:00,0,694,0,0,51,0,0,9NCYF,BIMESTRAL NON,80,2024-10-16 00:00:00,2024-12-01 00:00:00,2024-12-16 11:06:00,0,0,2,RECIBIDA,WNU699 ,Con_Facturas,NO ENCONTRE DOMI,,,2024-12-16 11:06:14,2405,L,9NCYF,WNU699 ,0,Nor,51,NO ENCONTRE DOMI,,,GSC
2025-02-01 00:00:00,779241001544,29,DW,01,M,33,291,RODRIGUEZ SANCHEZ ERICK       ,1D,ACTIVO,NK814X ,2,F623,20NU,2024-12-01 00:00:00,1,1,8,2024-10-14 00:00:00,2024-12-13 00:00:00,2024-12-17 00:00:00,0,63,0,0,51,0,0,G92B0,BIMESTRAL NON,83,2024-10-11 00:00:00,2024-12-01 00:00:00,2024-10-14 12:37:00,0,0,4,ESTIMADA-P,NK814X ,Con_Facturas,NO ENCONTRE DOMI,,,2024-12-16 11:36:57,2251,R,9EMKC,NK814X ,0,Nor,51,NO ENCONTRE DOMI,,,GSC
2025-02-01 00:00:00,777241001835,23,DW,01,J,03,232,MARTINEZ ALVAREZ JOANI YARILU ,1C,ACTIVO,WND227 ,2,F623,24P2,2024-12-01 00:00:00,1,1,7,2024-10-22 00:00:00,2024-12-16 00:00:00,2024-12-18 00:00:00,0,688,0,0,51,0,0,9JRDF,BIMESTRAL NON,80,2024-10-22 00:00:00,2024-12-01 00:00:00,2024-12-17 09:26:00,0,0,2,RECIBIDA,WND227 ,Con_Facturas,NO ENCONTRE DOMI,,,2024-12-17 09:25:51,2451,R,9JRDF,WND227 ,0,Nor,51,NO ENCONTRE DOMI,,,GSC
2025-02-01 00:00:00,778240700370,31,DW,01,K,58,311,SOBERANIS VILLANUEVA VICTOR MA,1B,ACTIVO,JAG690 ,2,F623,23NU,2024-12-01 00:00:00,1,1,1,2024-10-22 00:00:00,2024-12-23 00:00:00,2024-12-27 00:00:00,0,64,0,0,51,0,0,9BBN1,BIMESTRAL NON,73,2024-08-06 00:00:00,2024-08-01 00:00:00,2024-08-22 00:00:00,0,0,2,RECIBIDA,RCY411 ,Con_Facturas,NO ENCONTRE DOMI,,,2024-12-23 12:14:06,3401,L,9BBN1,JAG690 ,0,Nor,51,NO ENCONTRE DOMI,,,GSC
2025-02-01 00:00:00,810110503948,28,DW,22,A,02,281,ARREOLA YANEZ AZAEL           ,1B,ACTIVO,JNL909 ,2,F623,23NU,2024-12-01 00:00:00,1,1,6,2024-10-22 00:00:00,2024-12-23 00:00:00,2024-12-27 00:00:00,0,63,3016,0,51,0,0,9NCT1,BIMESTRAL PAR,73,2011-05-06 00:00:00,2011-04-01 00:00:00,2011-05-06 00:00:00,0,0,0,INICIAL,00H05K ,Con_Facturas,NO ENCONTRE DOMI,,,2024-12-26 16:40:57,3454,R,9JR5N,JNL909 ,993,Nor,  ,,,,GSC
2025-02-01 00:00:00,810141009178,34,DW,22,A,01,341,GRUPO MARMOL CONSTRUCCIONES SA,02,ACTIVO,578G8Y ,1,F122,13LN,2024-12-01 00:00:00,1,1,1,2024-10-23 00:00:00,2024-12-26 00:00:00,2024-12-30 00:00:00,0,104,43,0,51,0,0,9JR5N,BIMESTRAL PAR,70,2014-10-24 00:00:00,2025-02-01 00:00:00,2025-02-24 17:32:00,7338,7295,2,RECIBIDA,578G8Y ,Con_Facturas,NO ENCONTRE DOMI,,,2024-12-27 17:11:18,3651,R,9JR5N,578G8Y ,0,Nor,51,NO ENCONTRE DOMI,,,GSC
2025-02-01 00:00:00,799241001561,07,DW,06,D,01,070,ACOPA HERNANDEZ MIGUEL ANGEL  ,1B,ACTIVO,RED332 ,2,F623,24NY,2024-11-01 00:00:00,1,1,1,2024-11-04 00:00:00,2024-11-14 00:00:00,2024-11-19 00:00:00,0,642,0,0,51,0,0,R9718,BIMESTRAL NON,112,2024-11-04 00:00:00,2025-03-01 00:00:00,2025-03-04 07:31:00,25,25,2,RECIBIDA,RED332 ,Con_Facturas,NO ENCONTRE DOMI,,,2024-11-14 10:29:36,2303,M,R9718,RED332 ,0,Nor,51,NO ENCONTRE DOMI,,,GSC
2025-02-01 00:00:00,799241100501,16,DW,06,D,01,161,GONZALEZ TORNEZ MARCELA       ,1B,ACTIVO,WMG268 ,2,F623,24P2,2024-12-01 00:00:00,1,1,1,2024-11-14 00:00:00,2024-12-23 00:00:00,2024-12-27 00:00:00,0,672,0,0,51,0,0,9EMEK,BIMESTRAL PAR,73,2024-11-14 00:00:00,2025-02-01 00:00:00,2025-02-20 10:54:00,0,0,2,RECIBIDA,WMG268 ,Con_Facturas,NO ENCONTRE DOMI,,,2024-12-23 13:10:40,3426,L,9EMEK,WMG268 ,0,Nor,51,NO ENCONTRE DOMI,,,GSC
2025-02-01 00:00:00,812201204091,23,DW,22,C,05,231,DE LUCA   SERGIO              ,1B,ACTIVO,NK280H ,2,F623,20NU,2024-11-01 00:00:00,1,1,4,2024-09-18 00:00:00,2024-11-20 00:00:00,2024-11-22 00:00:00,563,1462,11969,563,52,0,0,9NCT2,BIMESTRAL NON,106,2020-12-18 00:00:00,2025-01-01 00:00:00,2025-01-20 16:03:00,11969,0,2,RECIBIDA,NK280H ,Con_Facturas,COMUNICACION INTERRU,,,2024-11-21 08:28:32,2951,R,9NCT2,NK280H ,0,Nor,52,COMUNICACION INTERRU,52,S,GSC
2025-02-01 00:00:00,812210803445,23,DW,22,C,05,231,OROZCO MORA JUAN PEDRO        ,1B,CORTADO,341MFL ,2,F62J,15MT,2024-11-01 00:00:00,1,1,1,2024-09-18 00:00:00,2024-11-20 00:00:00,2024-11-22 00:00:00,1652,6387,31369,1652,53,0,0,9NCT2,BIMESTRAL NON,106,2021-08-14 00:00:00,2025-01-01 00:00:00,2025-01-20 16:04:00,31369,0,2,RECIBIDA,341MFL ,Con_Facturas,UI SERV DIRECTO,,,2024-11-21 09:57:12,2951,R,9NCT2,341MFL ,0,Nor,53,UI SERV DIRECTO,53,S,GSC
2025-02-01 00:00:00,805970200345,02,DW,08,B,66,023,FELIX VALENCIA UICAB          ,09,ACTIVO,Y075LT ,2,F623,19NU,2024-12-01 00:00:00,1,0,3,2024-09-27 00:00:00,2024-11-29 00:00:00,2024-12-03 00:00:00,11,118,2822,11,0,0,0,9ND0M,BIMESTRAL PAR,97,1997-02-01 00:00:00,2025-02-01 00:00:00,2025-01-27 10:01:00,2842,20,2,RECIBIDA,Y075LT ,Con_Facturas,,,,,,,,,,,,,,,GSC
2025-02-01 00:00:00,805970500616,10,DW,08,B,66,005,MARIO HUMBERTO SOSA           ,09,ACTIVO,508MW8 ,2,F622,12LJ,2024-12-01 00:00:00,1,0,0,2024-10-04 00:00:00,2024-12-05 00:00:00,2024-12-09 00:00:00,154,505,36825,154,0,0,0,9JRE1,BIMESTRAL PAR,91,1997-05-19 00:00:00,2025-02-01 00:00:00,2025-01-01 12:42:00,37108,283,2,RECIBIDA,508MW8 ,Con_Facturas,,,,,,,,,,,,,,,GSC
2025-02-01 00:00:00,807990800473,06,DW,08,D,58,062,ALONZO SARABIASALAZAR         ,9M,ACTIVO,1E79R5 ,3,FD21,02F4,2020-06-01 00:00:00,8,0,1,2050-01-01 00:00:00,2014-05-25 00:00:00,2020-06-08 00:00:00,0,0,7350,0,0,0,0,R9942,BIMESTRAL PAR,3938,1999-08-30 00:00:00,2025-02-01 00:00:00,2025-01-29 11:19:00,7350,0,18,MANUAL,1E79R5 ,Con_Facturas,,,,,,,,,,,,,,,GSC
2025-02-01 00:00:00,782231003485,07,DW,12,C,01,070,FERNANDEZ FABELA FRANCISCO MAR,1D,ACTIVO,RDU862 ,2,F623,24NY,2025-01-01 00:00:00,4,0,6,2024-11-04 00:00:00,2024-11-05 00:00:00,2025-01-07 00:00:00,0,0,0,0,0,0,0,9BBTM,BIMESTRAL NON,121,2023-10-20 00:00:00,2024-11-01 00:00:00,2024-11-04 00:00:00,3681,0,2,RECIBIDA,JBG272 ,Con_Facturas,,,,,,,,,,,,,,,GSC
2025-02-01 00:00:00,783130103744,07,DW,12,D,01,173,COCOM DURAN JOSE PERFECTO     ,1D,ACTIVO,605MW3 ,2,F622,12LJ,2024-09-01 00:00:00,4,0,9,2024-07-03 00:00:00,2024-07-04 00:00:00,2024-09-04 00:00:00,0,0,4903,0,0,0,0,9JRC3,BIMESTRAL NON,245,2013-01-11 00:00:00,2025-03-01 00:00:00,2025-03-04 09:18:00,8976,4073,2,RECIBIDA,605MW3 ,Con_Facturas,,,,2024-09-02 09:17:11,0702,L,GATJM,605MW3 ,0,Nor,56,NO HAY MEDIDOR,56,S,GSC
2025-02-01 00:00:00,783140112709,07,DW,12,D,01,173,KUMUL CHUC MARIA ANGELA       ,1D,ACTIVO,475WW5 ,2,F622,13LM,2024-09-01 00:00:00,4,0,7,2024-07-03 00:00:00,2024-07-04 00:00:00,2024-09-04 00:00:00,0,0,12467,0,0,0,0,9JRC3,BIMESTRAL NON,245,2014-01-31 00:00:00,2025-03-01 00:00:00,2025-03-04 11:49:00,29745,17278,2,RECIBIDA,475WW5 ,Con_Facturas,,,,2024-09-02 14:36:14,0702,L,GATJM,475WW5 ,0,Nor,56,NO HAY MEDIDOR,56,S,GSC
2025-02-01 00:00:00,783150204377,07,DW,12,D,01,173,HERNANDEZ GONZALEZ GERARDO    ,1D,ACTIVO,779X0T ,2,F622,14LM,2024-09-01 00:00:00,4,0,3,2024-07-03 00:00:00,2024-07-04 00:00:00,2024-09-04 00:00:00,0,0,556,0,0,0,0,9JRC3,BIMESTRAL NON,245,2015-03-04 00:00:00,2025-03-01 00:00:00,2025-03-04 08:16:00,7581,7025,2,RECIBIDA,779X0T ,Con_Facturas,,,,2024-09-02 08:15:45,0702,L,GATJM,779X0T ,0,Nor,56,NO HAY MEDIDOR,56,S,GSC
2025-02-01 00:00:00,797030101141,18,DW,06,B,01,183,BRITO LOPEZ MA MERCEDES       ,1B,ACTIVO,6P7W94 ,1,F121,01GG,2024-12-01 00:00:00,1,0,1,2024-10-14 00:00:00,2024-12-13 00:00:00,2024-12-17 00:00:00,647,1849,23864,647,0,0,0,9EMEK,BIMESTRAL PAR,83,2002-09-19 00:00:00,2025-02-01 00:00:00,2025-02-11 11:03:00,24390,526,2,RECIBIDA,6P7W94 ,Con_Facturas,,,,,,,,,,,,,,,GSC
2025-02-01 00:00:00,797130900351,22,DW,06,B,33,333,VILLEGAS MEZA LESLI E         ,1B,CORTADO,TU268C ,1,F123,21NX,2024-12-01 00:00:00,1,0,1,2024-10-14 00:00:00,2024-12-13 00:00:00,2024-12-17 00:00:00,558,1445,7799,558,0,0,0,9EMEK,BIMESTRAL PAR,83,2013-09-10 00:00:00,2023-10-01 00:00:00,2023-10-13 11:26:00,33654,0,16,AJUSTADA,525TY1 ,Con_Facturas,,,,,,,,,,,,,,,GSC
2025-02-01 00:00:00,797151200813,18,DW,06,B,01,183,GARCIA PERAZA JOSE DAVID      ,1B,ACTIVO,494KUB ,1,F122,15LN,2024-12-01 00:00:00,1,0,8,2024-10-14 00:00:00,2024-12-13 00:00:00,2024-12-17 00:00:00,140,179,6982,140,0,0,0,9EMEK,BIMESTRAL PAR,83,2024-10-02 00:00:00,2025-02-01 00:00:00,2025-02-11 11:28:00,7157,175,2,RECIBIDA,494KUB ,Con_Facturas,,,,,,,,,,,,,,,GSC
2025-02-01 00:00:00,795750222083,08,DW,05,A,01,085,GUADALUPE PENSABE             ,1F,ACTIVO,51LU53 ,1,F121,07JL,2024-10-01 00:00:00,4,0,9,2024-10-03 00:00:00,2024-10-30 00:00:00,2024-10-30 00:00:00,0,28.890000000000001,38960,0,0,0,0,Y2000,BIMESTRAL PAR,127,1975-02-02 00:00:00,2025-02-01 00:00:00,2025-01-30 07:30:00,39981,1000,2,RECIBIDA,51LU53 ,Con_Facturas,,,,2024-10-03 07:26:24,0803,M,9ND51,51LU53 ,677,Nor,  ,,FR,S,GSC
2025-02-01 00:00:00,796111102529,68,DW,06,A,01,685,JORGE IVAN SOSA PARRA         ,67,ACTIVO,PJ092F ,3,KL28,20KE,2025-01-01 00:00:00,1,0,1,2024-12-05 00:00:00,2025-01-06 00:00:00,2025-01-08 00:00:00,2011,7396,66661,2011,0,0,0,R9718,MENSUAL,59,2011-11-17 00:00:00,2022-03-01 00:00:00,2022-03-04 00:00:00,87651,1228,2,RECIBIDA,302AC1 ,Con_Facturas,,,,,,,,,,,,,,,GSC
2025-02-01 00:00:00,796240501278,29,DW,06,A,01,295,COCOM PEREZ EDGAR ABRAHAM     ,1C,ACTIVO,LMX952 ,1,F123,23NX,2024-11-01 00:00:00,1,0,0,2024-09-19 00:00:00,2024-11-22 00:00:00,2024-11-26 00:00:00,71,87,1510,71,0,0,0,G92BY,BIMESTRAL NON,104,2024-05-15 00:00:00,2024-11-01 00:00:00,2024-11-22 13:00:00,1510,71,2,RECIBIDA,LMX952 ,Con_Facturas,,,,,,,,,,,,,,,GSC
2025-02-01 00:00:00,793121003074,79,DW,04,F,22,791,RODRIGUEZ LEON PASCUAL        ,67,ACTIVO,MV808L ,3,KL28,20KE,2025-01-01 00:00:00,1,0,7,2024-12-27 00:00:00,2025-01-27 00:00:00,2025-01-29 00:00:00,231,1613,1079,829,0,0,0,9BBRA,MENSUAL,38,2012-11-01 00:00:00,2023-08-01 00:00:00,2023-08-16 00:00:00,73244,3018,2,RECIBIDA,59H38V ,Con_Facturas,,,,,,,,,,,,,,,GSC
2025-02-01 00:00:00,793150301254,79,DW,04,F,22,791,SMAPAC NUEVA CHONTALPA        ,06,ACTIVO,238RRY ,3,FD22,16LR,2025-01-01 00:00:00,1,0,9,2024-12-27 00:00:00,2025-01-27 00:00:00,2025-01-29 00:00:00,216,1108,66496,216,0,0,0,9BBRA,MENSUAL,38,2015-03-06 00:00:00,2015-01-01 00:00:00,2020-01-20 00:00:00,0,0,0,INICIAL,689DW4 ,Con_Facturas,,,,,,,,,,,,,,,GSC
2025-02-01 00:00:00,793160901594,79,DW,04,F,22,791,BOMBA DE AGUA NUEVO PITAL     ,06,ACTIVO,MW938Y ,3,KL28,20KE,2025-01-01 00:00:00,1,0,6,2024-12-27 00:00:00,2025-01-27 00:00:00,2025-01-29 00:00:00,0,512,34627,658,0,0,0,9BBRA,MENSUAL,38,2016-09-23 00:00:00,2021-06-01 00:00:00,2021-06-09 00:00:00,19840,0,2,RECIBIDA,62E5M6 ,Con_Facturas,,,,,,,,,,,,,,,GSC
2025-02-01 00:00:00,793171100208,79,DW,04,F,22,791,BOMBA DE AGUA POT Y ALC       ,02,ACTIVO,1A1N79 ,3,KL28,00HG,2025-01-01 00:00:00,1,0,5,2024-12-27 00:00:00,2025-01-27 00:00:00,2025-01-29 00:00:00,396,2219,33376,396,0,0,0,9BBRA,MENSUAL,38,2017-11-08 00:00:00,2025-02-01 00:00:00,2025-02-26 11:15:00,33830,454,2,RECIBIDA,1A1N79 ,Con_Facturas,,,,,,,,,,,,,,,GSC
2025-02-01 00:00:00,793180300481,79,DW,04,F,22,791,BOMBA AGUA EL GALLO           ,02,ACTIVO,177RTU ,2,FD22,16LR,2025-01-01 00:00:00,1,0,5,2024-12-27 00:00:00,2025-01-27 00:00:00,2025-01-29 00:00:00,423,2235,38136,423,0,0,0,9BBRA,MENSUAL,38,2018-03-10 00:00:00,2025-02-01 00:00:00,2025-02-26 10:45:00,38618,482,2,RECIBIDA,177RTU ,Con_Facturas,,,,,,,,,,,,,,,GSC
2025-02-01 00:00:00,793180700854,79,DW,04,F,22,791,CANO MONTANEZ FRANCISCO       ,9C,ACTIVO,98E8L0 ,3,KL28,08KM,2025-01-01 00:00:00,1,0,8,2024-12-27 00:00:00,2025-01-27 00:00:00,2025-01-29 00:00:00,780,2228,48290,780,0,0,0,9BBRA,MENSUAL,38,2018-07-27 00:00:00,2018-08-01 00:00:00,2018-07-27 00:00:00,0,0,0,INICIAL,610F9U ,Con_Facturas,,,,,,,,,,,,,,,GSC
2025-02-01 00:00:00,793210302786,79,DW,04,F,22,791,AUTOSERVICIO CONSORCIO MARIN S,67,ACTIVO,PJ153H ,3,KL28,20KE,2025-01-01 00:00:00,1,0,1,2024-12-27 00:00:00,2025-01-27 00:00:00,2025-01-29 00:00:00,2256,8876,72771,2256,0,0,0,9BBRA,MENSUAL,38,2021-03-18 00:00:00,2025-02-01 00:00:00,2025-02-26 10:34:00,75063,2292,2,RECIBIDA,PJ153H ,Con_Facturas,,,,,,,,,,,,,,,GSC
2025-02-01 00:00:00,793230300828,79,DW,04,F,22,791,CADENA COMERCIAL OXXO         ,67,ACTIVO,PJ605F ,3,KL28,20KE,2025-01-01 00:00:00,1,0,4,2024-12-27 00:00:00,2025-01-27 00:00:00,2025-01-29 00:00:00,6506,24160,55961,6506,0,0,0,9BBRA,MENSUAL,38,2023-03-16 00:00:00,2025-02-01 00:00:00,2025-02-26 10:35:00,62181,6220,2,RECIBIDA,PJ605F ,Con_Facturas,,,,,,,,,,,,,,,GSC
2025-02-01 00:00:00,793241100529,79,DW,04,F,22,791,SANCHEZ GUZMAN JUAN CARLOS    ,67,ACTIVO,GGF651 ,3,VL28,22NJ,2025-01-01 00:00:00,1,0,1,2024-12-19 00:00:00,2025-01-27 00:00:00,2025-01-29 00:00:00,36640,146214,921,36640,0,0,0,9BBRA,MENSUAL,38,2024-11-14 00:00:00,2025-02-01 00:00:00,2025-02-26 10:01:00,1321,32000,2,RECIBIDA,GGF651 ,Con_Facturas,,,,,,,,,,,,,,,GSC
2025-02-01 00:00:00,793970501223,79,DW,04,F,22,791,BOMBA DE AGUA EL HUIRO        ,06,SUJETO A CORTE,PJ801G ,3,KL28,20KE,2025-01-01 00:00:00,1,0,1,2024-12-27 00:00:00,2025-01-27 00:00:00,2025-01-29 00:00:00,229,1954,6825,515,0,0,0,9BBRA,MENSUAL,38,1997-05-15 00:00:00,2013-05-01 00:00:00,2013-05-24 15:15:00,23827,0,2,RECIBIDA,13RP13 ,Con_Facturas,,,,,,,,,,,,,,,GSC
2025-02-01 00:00:00,779211002619,13,DW,01,M,21,133,BEJARANO GARRIDO PAOLA ARALIZ ,1D,ACTIVO,LV371L ,2,F623,20NU,2024-12-01 00:00:00,1,0,7,2024-10-15 00:00:00,2024-12-16 00:00:00,2024-12-18 00:00:00,1388,4972,58081,1388,0,0,0,9NCYK,BIMESTRAL NON,80,2021-10-16 00:00:00,2024-12-01 00:00:00,2024-12-16 15:32:00,58081,1388,2,RECIBIDA,LV371L ,Con_Facturas,,,,,,,,,,,,,,,GSC
2025-02-01 00:00:00,779240905741,29,DW,01,M,33,291,ALONZO MEZQUITA LUIS FERNANDO ,1D,ACTIVO,RDK997 ,2,F623,24NY,2024-12-01 00:00:00,1,C,2,2024-10-01 00:00:00,2024-12-16 00:00:00,2024-12-18 00:00:00,1,709,1,1,0,0,0,G09D7,BIMESTRAL NON,80,2024-10-01 00:00:00,2024-12-01 00:00:00,2024-12-16 15:52:00,1,1,16,AJUSTADA,RDK997 ,Con_Facturas,,,,,,,,,,,,,,,GSC
2025-02-01 00:00:00,774240902511,16,DW,01,E,02,161,DORANTES MEDINA CESAR GABRIEL ,1D,ACTIVO,RDV970 ,2,F623,24NY,2024-11-01 00:00:00,1,0,8,2024-09-30 00:00:00,2024-11-07 00:00:00,2024-11-11 00:00:00,132,806,132,132,0,0,0,GAXVM,BIMESTRAL PAR,119,2024-09-30 00:00:00,2025-03-01 00:00:00,2025-03-05 12:24:00,132,0,2,RECIBIDA,RDV970 ,Con_Facturas,,,,,,,,,,,,,,,GSC
2025-02-01 00:00:00,776060301512,25,DW,01,E,37,254,ROSY MAYTE CANUL AVILA        ,1D,ACTIVO,JFX359 ,1,F623,23NU,2024-12-01 00:00:00,1,0,8,2024-10-23 00:00:00,2024-12-26 00:00:00,2024-12-30 00:00:00,325,463,748,325,0,0,0,R9520,BIMESTRAL NON,70,2006-03-31 00:00:00,2020-09-01 00:00:00,2020-09-17 14:10:00,7129,0,3,FINIQUITO,5P038D ,Con_Facturas,,,,,,,,,,,,,,,GSC
2025-02-01 00:00:00,776140402182,09,DW,01,H,36,091,NOVELO TAMAYO MARIA JESUS     ,1C,ACTIVO,231H4A ,1,F122,13LN,2024-12-01 00:00:00,1,0,4,2024-09-27 00:00:00,2024-11-29 00:00:00,2024-12-03 00:00:00,230,315,6579,230,0,0,0,9JRBT,BIMESTRAL NON,97,2014-04-15 00:00:00,2024-12-01 00:00:00,2024-11-29 08:48:00,6579,230,2,RECIBIDA,231H4A ,Con_Facturas,,,,,,,,,,,,,,,GSC
2025-02-01 00:00:00,797241200308,18,DW,06,B,01,183,IX CAMARA LUCIA               ,1B,ACTIVO,WTE609 ,2,F623,24P2,2024-12-01 00:00:00,1,0,9,2024-12-06 00:00:00,2024-12-13 00:00:00,2024-12-17 00:00:00,65,807,65,65,0,0,0,9EMEK,BIMESTRAL PAR,83,2024-12-06 00:00:00,2025-02-01 00:00:00,2025-02-11 10:14:00,586,521,2,RECIBIDA,WTE609 ,Con_Facturas,,,,,,,,,,,,,,,GSC
2025-02-01 00:00:00,797981000035,18,DW,06,B,01,183,VILLEGAS PECH ALICIA          ,1B,ACTIVO,6F10N0 ,2,F621,03F3,2024-12-01 00:00:00,1,0,3,2024-10-14 00:00:00,2024-12-13 00:00:00,2024-12-17 00:00:00,1088,3850,95468,1088,0,0,0,9EMEK,BIMESTRAL PAR,83,1998-10-16 00:00:00,1999-02-01 00:00:00,1999-02-15 00:00:00,3915,175,2,RECIBIDA,KH5955 ,Con_Facturas,,,,,,,,,,,,,,,GSC
2025-02-01 00:00:00,810170100842,17,DW,22,A,02,177,MARTINEZ MEDINA CONCEPCION    ,1B,SUJETO A CORTE,WNE369 ,2,F623,24P2,2024-11-01 00:00:00,1,0,7,2024-09-10 00:00:00,2024-11-15 00:00:00,2024-11-20 00:00:00,45,65,45,45,0,0,0,9JR5N,BIMESTRAL NON,111,2017-01-04 00:00:00,2016-11-01 00:00:00,2017-01-04 00:00:00,0,0,0,INICIAL,461WYD ,Con_Facturas,,,,,,,,,,,,,,,GSC
2025-02-01 00:00:00,810170606649,34,DW,22,A,01,341,CRUZ GOMEZ JOSUE              ,1B,ACTIVO,801JV8 ,2,F622,12LJ,2020-04-01 00:00:00,4,0,2,2020-02-20 00:00:00,2020-04-07 00:00:00,2020-04-07 00:00:00,0,0,14050,0,0,0,0,Y2000,BIMESTRAL PAR,1794,2017-06-17 00:00:00,2025-02-01 00:00:00,2025-02-24 16:06:00,16208,2158,2,RECIBIDA,801JV8 ,Con_Facturas,,,,,,,,,,,,,,,GSC
2025-02-01 00:00:00,810110511312,26,DW,22,A,01,261,GOMEZ BETANCOURTH OSCAR       ,1B,ACTIVO,94N71P ,2,F62H,10KN,2020-08-01 00:00:00,4,0,0,2050-01-01 00:00:00,2020-08-20 00:00:00,2020-08-20 00:00:00,0,0,12135,0,0,0,0,Y2000,BIMESTRAL PAR,1659,2011-05-24 00:00:00,2011-04-01 00:00:00,2011-05-24 00:00:00,1,0,0,INICIAL,37N71N ,Con_Facturas,,,,,,,,,,,,,,,GSC
2025-02-01 00:00:00,810110109557,26,DW,22,A,01,261,VAZQUEZ MARTINEZ SIMON        ,1B,ACTIVO,641WW5 ,2,F622,13LM,2021-12-01 00:00:00,4,0,9,2021-10-19 00:00:00,2021-12-21 00:00:00,2021-12-21 00:00:00,0,0,2392,0,0,0,0,Y2000,BIMESTRAL PAR,1171,2011-01-26 00:00:00,2010-12-01 00:00:00,2011-01-26 00:00:00,1,0,0,INICIAL,40R73N ,Con_Facturas,,,,,,,,,,,,,,,GSC
2025-02-01 00:00:00,787160300124,06,DW,03,C,90,002,PEREYRA ALMEIDA TESSY GPE     ,09,ACTIVO,528VD2 ,2,F622,12LJ,2024-12-01 00:00:00,1,0,7,2024-10-02 00:00:00,2024-12-03 00:00:00,2024-12-05 00:00:00,0,88,1296,0,0,0,0,G92BB,BIMESTRAL PAR,93,2016-02-04 00:00:00,2025-02-01 00:00:00,2025-01-29 12:49:00,1296,0,2,RECIBIDA,528VD2 ,Con_Facturas,,,,2024-12-03 12:52:43,0627,L,G92BB,528VD2 ,0,Nor,31,SERVICIO SIN USO,LN,S,GSC
2025-02-01 00:00:00,787230300526,08,DW,03,C,71,006,ABNAL YERVES AMADO            ,09,ACTIVO,UW352U ,2,F623,21NY,2024-12-01 00:00:00,1,0,3,2024-10-03 00:00:00,2024-12-04 00:00:00,2024-12-06 00:00:00,136,465,534,136,0,0,0,9MCCY,BIMESTRAL PAR,92,2023-03-29 00:00:00,2025-02-01 00:00:00,2025-01-30 12:44:00,620,86,2,RECIBIDA,UW352U ,Con_Facturas,,,,,,,,,,,,,,,GSC
2025-02-01 00:00:00,787240100223,06,DW,03,C,71,001,CAUICH ORTIZ VICTOR MANUEL    ,09,ACTIVO,JDC857 ,2,F623,23NU,2024-12-01 00:00:00,1,0,0,2024-10-02 00:00:00,2024-12-03 00:00:00,2024-12-05 00:00:00,91,341,793,91,0,0,0,G92BB,BIMESTRAL PAR,93,2024-01-05 00:00:00,2025-02-01 00:00:00,2025-01-29 11:39:00,832,39,2,RECIBIDA,JDC857 ,Con_Facturas,,,,,,,,,,,,,,,GSC
2025-02-01 00:00:00,787970300376,08,DW,03,C,71,006,GUTIERREZ SANCHEZ JOSE MARIA  ,09,SUJETO A CORTE,198JKM ,2,F622,15LM,2024-12-01 00:00:00,1,0,1,2024-10-03 00:00:00,2024-12-04 00:00:00,2024-12-06 00:00:00,93,340,6625,93,0,0,0,9MCCY,BIMESTRAL PAR,92,1997-03-18 00:00:00,2016-10-01 00:00:00,2016-10-05 08:36:00,61384,0,2,RECIBIDA,L917G7 ,Con_Facturas,,,,,,,,,,,,,,,GSC
2025-02-01 00:00:00,776240900031,09,DW,01,H,36,091,MATU CAUICH GALDINO           ,1C,ACTIVO,PBP014 ,1,F123,24NX,2024-12-01 00:00:00,1,0,7,2024-10-17 00:00:00,2024-12-05 00:00:00,2024-12-09 00:00:00,200,486,200,200,0,0,0,9JR2C,BIMESTRAL NON,91,2024-10-17 00:00:00,2024-12-01 00:00:00,2024-12-05 10:33:00,200,200,2,RECIBIDA,PBP014 ,Con_Facturas,,,,,,,,,,,,,,,GSC
2025-02-01 00:00:00,782071101795,19,DW,12,C,01,193,CAUICH CUCHIN GUADALUPE       ,1D,ACTIVO,89PK75 ,2,F621,07F3,2024-04-01 00:00:00,4,0,6,2024-03-13 00:00:00,2024-04-26 00:00:00,2024-04-26 00:00:00,0,42.68,42119,99031,0,0,0,Y2000,BIMESTRAL NON,314,2007-11-14 00:00:00,2025-01-01 00:00:00,2025-01-13 10:18:00,42119,0,2,RECIBIDA,89PK75 ,Con_Facturas,,,,,,,,,,,,,,,GSC
2025-02-01 00:00:00,774980301490,07,DW,01,E,02,072,DIRECTODO MEXICO SAPI CV SOFOM,02,ACTIVO,390EC8 ,2,F62H,11KN,2022-12-01 00:00:00,4,0,0,2022-11-02 00:00:00,2022-12-20 00:00:00,2022-12-20 00:00:00,1,0,34526,1,0,0,0,Y2000,BIMESTRAL NON,807,1998-03-04 00:00:00,2025-03-01 00:00:00,2025-03-04 09:01:00,54854,20328,2,RECIBIDA,390EC8 ,Con_Facturas,,,,,,,,,,,,,,,GSC
2025-02-01 00:00:00,775230701361,11,DW,01,G,01,111,INSTITUTO DE INFRAESTRUCTURA C,02,ACTIVO,UL065T ,2,F623,21NY,2024-11-01 00:00:00,1,0,7,2024-09-04 00:00:00,2024-11-13 00:00:00,2024-11-15 00:00:00,78,0,1827,78,0,0,0,9BBEL,BIMESTRAL NON,113,2023-08-01 00:00:00,2025-01-01 00:00:00,2025-01-15 09:44:00,1749,0,2,RECIBIDA,UL065T ,Con_Facturas,,,,,,,,,,,,,,,GSC
2025-02-01 00:00:00,779240800109,13,DW,01,M,21,133,GUTIERREZ BRONDO LILA BEATRIZ ,1D,ACTIVO,RDB965 ,2,F623,24NY,2024-12-01 00:00:00,1,C,0,2024-08-08 00:00:00,2024-12-16 00:00:00,2024-12-18 00:00:00,17,752,17,17,0,0,0,G09D7,BIMESTRAL NON,80,2024-08-08 00:00:00,2024-12-01 00:00:00,2024-12-16 15:52:00,17,17,16,AJUSTADA,RDB965 ,Con_Facturas,,,,,,,,,,,,,,,GSC
2025-02-01 00:00:00,779240802152,13,DW,01,M,21,133,GONZALEZ DIAZ MARIO           ,1D,ACTIVO,RDR485 ,2,F623,24NY,2024-12-01 00:00:00,1,C,0,2024-08-15 00:00:00,2024-12-16 00:00:00,2024-12-18 00:00:00,32,64,32,32,0,0,0,G09D7,BIMESTRAL NON,80,2024-08-15 00:00:00,2024-12-01 00:00:00,2024-12-16 15:52:00,32,32,16,AJUSTADA,RDR485 ,Con_Facturas,,,,,,,,,,,,,,,GSC
2025-02-01 00:00:00,779230805307,13,DW,01,M,21,133,MONTALVO ORTEGA MARIO         ,1D,ACTIVO,JBN484 ,2,F623,23NU,2024-12-01 00:00:00,1,0,6,2024-10-14 00:00:00,2024-12-13 00:00:00,2024-12-17 00:00:00,114,146,1065,114,0,0,0,9NCYM,BIMESTRAL NON,83,2023-08-31 00:00:00,2024-12-01 00:00:00,2024-12-13 17:41:00,1065,114,2,RECIBIDA,JBN484 ,Con_Facturas,,,,,,,,,,,,,,,GSC
2025-02-01 00:00:00,770210700528,07,DW,01,A,02,074,CARRILLO GOMEZ ARMIN          ,02,ACTIVO,MF293R ,2,F623,20NU,2024-04-01 00:00:00,4,0,9,2024-03-04 00:00:00,2024-04-04 00:00:00,2024-04-04 00:00:00,62,0,2413,62,0,0,0,Y2000,BIMESTRAL NON,336,2021-07-16 00:00:00,2025-03-01 00:00:00,2025-03-04 17:52:00,1597,1523,2,RECIBIDA,MF293R ,Con_Facturas,,,,,,,,,,,,,,,GSC
2025-02-01 00:00:00,810240702161,11,DW,22,A,01,113,TORRES PEREZ FRANCISCO JAVIER ,1B,SUJETO A CORTE,RDC478 ,2,F623,24NY,2024-11-01 00:00:00,1,C,6,2024-07-22 00:00:00,2024-11-27 00:00:00,2024-11-29 00:00:00,1974,6031,1974,1974,0,0,0,G08D1,BIMESTRAL NON,99,2024-08-14 00:00:00,2024-11-01 00:00:00,2024-11-27 17:06:00,1974,1974,16,AJUSTADA,RDC478 ,Con_Facturas,,,,,,,,,,,,,,,GSC
2025-02-01 00:00:00,810241100466,39,DW,22,A,02,391,SANCHEZ TALAVERA JOSE PEDRO   ,1B,ACTIVO,WNA841 ,2,F623,24P2,2024-12-01 00:00:00,1,0,8,2024-11-07 00:00:00,2024-12-23 00:00:00,2024-12-27 00:00:00,84,738,84,84,0,0,0,9JR5N,BIMESTRAL NON,73,2024-11-07 00:00:00,2025-02-01 00:00:00,2025-02-22 12:55:00,274,190,2,RECIBIDA,WNA841 ,Con_Facturas,,,,,,,,,,,,,,,GSC
2025-02-01 00:00:00,810240704899,11,DW,22,A,01,113,LOMELI GONZALEZ NORMA LIDIA   ,1B,ACTIVO,RDH295 ,2,F623,24NY,2024-11-01 00:00:00,1,C,9,2024-07-22 00:00:00,2024-11-27 00:00:00,2024-11-29 00:00:00,2226,7143,2226,2226,0,0,0,G08D1,BIMESTRAL NON,99,2024-08-08 00:00:00,2024-11-01 00:00:00,2024-11-27 17:06:00,2226,2226,16,AJUSTADA,RDH295 ,Con_Facturas,,,,,,,,,,,,,,,GSC
2025-02-01 00:00:00,805010100419,02,DW,08,B,66,023,MIGUEL ANTONIO CRUZ MANRIQUE  ,09,ACTIVO,Y152BP ,2,F623,19NU,2024-12-01 00:00:00,1,0,6,2024-09-27 00:00:00,2024-11-29 00:00:00,2024-12-03 00:00:00,20,233,2875,20,0,0,0,9ND0M,BIMESTRAL PAR,97,2001-01-15 00:00:00,2001-02-01 00:00:00,2001-01-15 00:00:00,1300,0,0,INICIAL,X723X4 ,Con_Facturas,,,,,,,,,,,,,,,GSC
2025-02-01 00:00:00,810241201815,07,DW,22,A,02,074,NADCHAR HIDALGO HANSELL ALMAN ,1B,ACTIVO,WPX682 ,2,F623,24P2,2024-12-01 00:00:00,1,0,8,2024-12-05 00:00:00,2024-12-23 00:00:00,2024-12-27 00:00:00,87,755,87,87,0,0,0,9JR5N,BIMESTRAL NON,73,2024-12-05 00:00:00,2025-03-01 00:00:00,2025-03-04 07:24:00,337,250,2,RECIBIDA,WPX682 ,Con_Facturas,,,,,,,,,,,,,,,GSC
2025-02-01 00:00:00,810190905120,26,DW,22,A,01,261,LOPEZ SEGOVIA JOS  A          ,1B,ACTIVO,Y640BX ,2,F623,19NU,2020-08-01 00:00:00,4,0,8,2020-06-19 00:00:00,2020-08-20 00:00:00,2020-08-20 00:00:00,0,0,0,0,0,0,0,Y2000,BIMESTRAL PAR,1659,2019-09-05 00:00:00,2025-02-01 00:00:00,2025-02-18 12:36:00,18899,18899,2,RECIBIDA,Y640BX ,Con_Facturas,,,,,,,,,,,,,,,GSC
2025-02-01 00:00:00,810201113611,26,DW,22,A,01,261,GONZALEZ RAMIREZ AIDE L       ,1B,ACTIVO,ML326J ,2,F623,20NU,2021-12-01 00:00:00,4,0,6,2021-10-18 00:00:00,2021-12-20 00:00:00,2021-12-20 00:00:00,0,0,0,0,0,0,0,Y2000,BIMESTRAL PAR,1172,2020-11-20 00:00:00,2025-02-01 00:00:00,2025-02-17 15:11:00,0,0,18,MANUAL,ML326J ,Con_Facturas,,,,,,,,,,,,,,,GSC
2025-02-01 00:00:00,810211106052,35,DW,22,A,02,354,SANCHEZ ROMO IVONNE PAULINA   ,1B,ACTIVO,RDG175 ,2,F623,24NY,2024-11-01 00:00:00,1,0,7,2024-09-24 00:00:00,2024-11-25 00:00:00,2024-11-27 00:00:00,573,1477,874,573,0,0,0,9MC4Y,BIMESTRAL NON,101,2021-11-24 00:00:00,2024-09-01 00:00:00,2024-09-24 13:55:00,9891,1855,16,AJUSTADA,YC541J ,Con_Facturas,,,,,,,,,,,,,,,GSC
2025-02-01 00:00:00,797240300821,18,DW,06,B,01,183,REYES BARRIOS CRISTIAN        ,1B,ACTIVO,KUT997 ,1,F123,23NX,2024-12-01 00:00:00,1,0,3,2024-10-14 00:00:00,2024-12-13 00:00:00,2024-12-17 00:00:00,2222,8995,2222,2222,0,0,0,9EMEK,BIMESTRAL PAR,83,2024-03-31 00:00:00,2025-02-01 00:00:00,2025-02-11 08:40:00,2561,339,2,RECIBIDA,KUT997 ,Con_Facturas,,,,,,,,,,,,,,,GSC
2025-02-01 00:00:00,797240400168,22,DW,06,B,33,333,GUITIERREZ RICARDEZ EDITA     ,1B,CORTADO,KKP581 ,2,F623,23NU,2024-12-01 00:00:00,1,0,9,2024-10-14 00:00:00,2024-12-13 00:00:00,2024-12-17 00:00:00,216,294,3180,216,0,0,0,9EMEK,BIMESTRAL PAR,83,2024-04-06 00:00:00,2025-02-01 00:00:00,2025-02-11 10:07:00,3287,107,2,RECIBIDA,KKP581 ,Con_Facturas,,,,,,,,,,,,,,,GSC
2025-02-01 00:00:00,797240800875,18,DW,06,B,01,183,CHI ABAN MINELIA              ,1B,ACTIVO,WPJ358 ,2,F623,24P2,2024-12-01 00:00:00,1,0,1,2024-10-14 00:00:00,2024-12-13 00:00:00,2024-12-17 00:00:00,150,191,45,45,0,0,0,9EMEK,BIMESTRAL PAR,83,2024-08-27 00:00:00,2024-12-01 00:00:00,2024-12-13 00:00:00,205,105,2,RECIBIDA,RDC667 ,Con_Facturas,,,,,,,,,,,,,,,GSC
2025-02-01 00:00:00,788981200345,37,DW,03,D,26,003,CHAN FONSECA JUAN CARLOS      ,1C,ACTIVO,PBM998 ,1,F123,24NX,2025-01-01 00:00:00,2,C,9,2024-07-25 00:00:00,2024-09-25 00:00:00,2025-02-24 00:00:00,0,184,0,0,0,0,0,9P141,BIMESTRAL NON,162,2025-02-24 00:00:00,1998-12-01 00:00:00,1998-12-20 00:00:00,1,0,2,RECIBIDA,1FY783 ,Con_Facturas,,,,2025-01-24 13:06:12,3701,L,9JR7D,PBM998 ,0,Nor,59,DISPLAY APAGADO,59,S,GSC
2025-02-01 00:00:00,789070504181,79,DW,04,F,22,791,COLEGIO DE BACHILLERES DE CAMP,67,ACTIVO,MX827A ,3,KL28,20KE,2025-01-01 00:00:00,1,0,0,2024-12-27 00:00:00,2025-01-27 00:00:00,2025-01-29 00:00:00,2088,8481,88564,2088,0,0,0,9BBRA,MENSUAL,38,2007-05-22 00:00:00,2022-04-01 00:00:00,2022-04-07 00:00:00,1637,1542,2,RECIBIDA,70RD11 ,Con_Facturas,,,,,,,,,,,,,,,GSC
2025-02-01 00:00:00,789940300111,07,DW,04,A,01,076,JIMENEZ HERNANDEZ LETICIA     ,1F,ACTIVO,Y620LL ,2,F623,19NU,2024-12-01 00:00:00,4,0,7,2024-11-04 00:00:00,2024-12-26 00:00:00,2024-12-26 00:00:00,338,0,28114,338,0,0,0,Y2000,BIMESTRAL NON,70,1994-03-06 00:00:00,2025-03-01 00:00:00,2025-03-04 10:03:00,993,924,2,RECIBIDA,Y620LL ,Con_Facturas,,,,,,,,,,,,,,,GSC
2025-02-01 00:00:00,790200100141,07,DW,04,C,88,072,DE LA CRUZ LECHUGA DALIA RAMON,1F,ACTIVO,277TX9 ,1,F122,12LH,2024-11-01 00:00:00,4,0,7,2024-11-04 00:00:00,2024-11-22 00:00:00,2024-11-22 00:00:00,0,20.030000000000001,17571,99165,0,0,0,Y2000,BIMESTRAL NON,104,2020-01-07 00:00:00,2025-03-01 00:00:00,2025-03-04 07:49:00,19296,469,2,RECIBIDA,277TX9 ,Con_Facturas,,,,2024-11-04 07:28:37,0726,L,9EMLW,277TX9 ,835,Nor,  ,,,,GSC
2025-02-01 00:00:00,792180200545,75,DW,04,E,45,751,DESCERET SPR DE RL            ,9C,ACTIVO,MY442A ,3,VL28,20KE,2025-01-01 00:00:00,4,0,1,2024-12-20 00:00:00,2025-01-23 00:00:00,2025-01-23 00:00:00,0,479.02999999999997,4841,0,0,0,0,Y2000,MENSUAL,42,2025-02-27 00:00:00,2022-07-01 00:00:00,2022-07-15 00:00:00,12980,8880,2,RECIBIDA,G477YD ,Con_Facturas,,,,,,,,,,,,,,,GSC
2025-02-01 00:00:00,793010501105,79,DW,04,F,22,791,BOMBA DE AGUA EJIDO HARO      ,06,ACTIVO,209L7F ,3,KL28,13KE,2025-01-01 00:00:00,1,0,6,2024-12-27 00:00:00,2025-01-27 00:00:00,2025-01-29 00:00:00,2038,10774,74044,2038,0,0,0,9BBRA,MENSUAL,38,2001-05-17 00:00:00,2001-03-01 00:00:00,2001-05-17 00:00:00,0,0,0,INICIAL,Y6C285 ,Con_Facturas,,,,,,,,,,,,,,,GSC
2025-02-01 00:00:00,793021001368,79,DW,04,F,22,791,MORALES SANTOS HECTOR         ,09,ACTIVO,MV575M ,3,KL28,20KE,2025-01-01 00:00:00,1,0,4,2024-12-27 00:00:00,2025-01-27 00:00:00,2025-01-29 00:00:00,960,2794,11267,960,0,0,0,9BBRA,MENSUAL,38,2002-11-24 00:00:00,2010-05-01 00:00:00,2010-05-24 00:00:00,2182,400,2,RECIBIDA,99E2L3 ,Con_Facturas,,,,,,,,,,,,,,,GSC
2025-02-01 00:00:00,793040500448,79,DW,04,F,22,791,MAGANA MAGANA ANDRES          ,9C,ACTIVO,MW570Y ,3,KL28,20KE,2025-01-01 00:00:00,1,0,5,2024-12-27 00:00:00,2025-01-27 00:00:00,2025-01-29 00:00:00,259,193,8964,259,0,0,0,9BBRA,MENSUAL,38,2004-03-04 00:00:00,2004-04-01 00:00:00,2004-03-04 00:00:00,0,0,0,INICIAL,6L51D8 ,Con_Facturas,,,,,,,,,,,,,,,GSC
2025-02-01 00:00:00,793080211961,79,DW,04,F,22,791,BOMBA DE AGUA MAMANTEL        ,06,SUJETO A CORTE,230RRY ,3,FD22,16LR,2025-01-01 00:00:00,1,0,2,2024-12-27 00:00:00,2025-01-27 00:00:00,2025-01-29 00:00:00,2134,10522,59548,2134,0,0,0,9BBRA,MENSUAL,38,2008-02-21 00:00:00,2008-01-01 00:00:00,2008-02-21 00:00:00,0,0,0,INICIAL,32RC61 ,Con_Facturas,,,,,,,,,,,,,,,GSC
2025-02-01 00:00:00,797240300694,18,DW,06,B,01,183,JIMENEZ MAGANA JOSE MARCOS    ,1B,ACTIVO,KKP162 ,2,F623,23NU,2024-12-01 00:00:00,1,0,6,2024-10-14 00:00:00,2024-12-13 00:00:00,2024-12-17 00:00:00,301,425,1687,301,0,0,0,9EMEK,BIMESTRAL PAR,83,2024-03-18 00:00:00,2025-02-01 00:00:00,2025-02-11 08:07:00,2056,369,2,RECIBIDA,KKP162 ,Con_Facturas,,,,,,,,,,,,,,,GSC
2025-02-01 00:00:00,805090100660,10,DW,08,B,66,005,ESTRADA ESTRADA LIZZIE        ,09,CORTADO,DTA443 ,2,F623,22NU,2024-12-01 00:00:00,1,0,0,2024-10-04 00:00:00,2024-12-05 00:00:00,2024-12-09 00:00:00,26,159,10801,26,0,0,0,9JRE1,BIMESTRAL PAR,91,2009-01-09 00:00:00,2008-12-01 00:00:00,2009-01-09 00:00:00,1,0,0,INICIAL,70C3F9 ,Con_Facturas,,,,,,,,,,,,,,,GSC
2025-02-01 00:00:00,805090800823,04,DW,08,B,66,042,CORTES TAMAY ISRAEL           ,09,ACTIVO,Y014BP ,2,F623,19NU,2024-12-01 00:00:00,1,0,3,2024-09-30 00:00:00,2024-12-02 00:00:00,2024-12-04 00:00:00,330,979,9996,330,0,0,0,9JRE1,BIMESTRAL PAR,94,2009-08-20 00:00:00,2009-08-01 00:00:00,2009-08-20 00:00:00,9618,0,0,INICIAL,5B515V ,Con_Facturas,,,,,,,,,,,,,,,GSC
2025-02-01 00:00:00,812220303068,31,DW,22,C,08,312,FIGUEROA MORFIN TERESA        ,1B,ACTIVO,DX603A ,2,F623,19NU,2024-07-01 00:00:00,1,0,7,2024-05-21 00:00:00,2024-07-22 00:00:00,2024-07-24 00:00:00,44,0,831,44,0,0,0,GAPKM,BIMESTRAL NON,227,2022-03-16 00:00:00,2024-07-01 00:00:00,2024-07-22 08:53:00,831,44,2,RECIBIDA,DX603A ,Con_Facturas,,,,,,,,,,,,,,,GSC
2025-02-01 00:00:00,812220900074,21,DW,22,C,11,212,CHAN PECH NANCY               ,1B,ACTIVO,BE311R ,2,F623,19NV,2024-11-01 00:00:00,1,0,4,2024-09-18 00:00:00,2024-11-19 00:00:00,2024-11-21 00:00:00,976,3330,2499,976,0,0,0,9MCCM,BIMESTRAL NON,107,2022-09-02 00:00:00,2025-01-01 00:00:00,2025-01-22 17:40:00,3480,981,2,RECIBIDA,BE311R ,Con_Facturas,,,,2024-11-20 19:54:58,2752,R,GAPKM,BE311R ,11178,Nor,  ,,,,GSC
2025-02-01 00:00:00,812230803972,22,DW,22,C,01,221,CONTRATO DE FIDEICOMISO DE ACT,1B,ACTIVO,HYX718 ,2,F623,23NU,2024-12-01 00:00:00,1,0,1,2024-10-18 00:00:00,2024-12-19 00:00:00,2024-12-23 00:00:00,51,0,403,51,0,0,0,GAFRM,BIMESTRAL PAR,77,2023-08-31 00:00:00,2025-02-01 00:00:00,2025-02-19 12:09:00,456,53,2,RECIBIDA,HYX718 ,Con_Facturas,,,,2024-12-23 13:57:27,3053,R,GAFRM,HYX718 ,51,Nor,  ,,,,GSC
2025-02-01 00:00:00,812231101611,26,DW,22,C,01,263,GONZALEZ LAUREANO ERIK        ,1B,ACTIVO,REM234 ,2,F623,24NY,2024-12-01 00:00:00,1,0,2,2024-10-18 00:00:00,2024-12-19 00:00:00,2024-12-23 00:00:00,1128,4031,1128,1128,0,0,0,GAFRM,BIMESTRAL PAR,77,2023-11-13 00:00:00,2024-10-01 00:00:00,2024-10-18 00:00:00,5970,0,2,RECIBIDA,JAB727 ,Con_Facturas,,,,,,,,,,,,,,,GSC
2025-02-01 00:00:00,812211200353,27,DW,22,C,11,272,PRESTAMO ABREGO JULIO JAVIER  ,1B,ACTIVO,YC041G ,2,F623,21NU,2024-11-01 00:00:00,1,0,6,2024-09-18 00:00:00,2024-11-19 00:00:00,2024-11-21 00:00:00,369,585,9839,369,0,0,0,GAPKM,BIMESTRAL NON,107,2021-12-02 00:00:00,2025-01-01 00:00:00,2025-01-22 17:01:00,10210,371,2,RECIBIDA,YC041G ,Con_Facturas,,,,,,,,,,,,,,,GSC
2025-02-01 00:00:00,812211200647,27,DW,22,C,11,272,DE LA CRUZ VICENTE FELIX      ,1B,ACTIVO,YC040G ,2,F623,21NU,2024-11-01 00:00:00,1,0,1,2024-09-18 00:00:00,2024-11-19 00:00:00,2024-11-21 00:00:00,73,92,1130,73,0,0,0,GAPKM,BIMESTRAL NON,107,2021-12-02 00:00:00,2025-01-01 00:00:00,2025-01-22 17:14:00,1206,76,2,RECIBIDA,YC040G ,Con_Facturas,,,,,,,,,,,,,,,GSC
2025-02-01 00:00:00,812220202458,23,DW,22,C,05,231,GRUPO POLETA DESARROLLOS      ,1B,SUJETO A CORTE,YP582T ,2,F623,21NU,2024-11-01 00:00:00,1,0,3,2024-09-23 00:00:00,2024-11-22 00:00:00,2024-11-26 00:00:00,1186,4280,15285,1186,0,0,0,GAPKM,BIMESTRAL NON,104,2024-04-11 00:00:00,2025-01-01 00:00:00,2025-01-24 12:51:00,16496,1211,2,RECIBIDA,YP582T ,Con_Facturas,,,,,,,,,,,,,,,GSC
2025-02-01 00:00:00,810240507813,11,DW,22,A,01,113,TORRES PERALTA DEISY NALLELY  ,1B,ACTIVO,NK218T ,2,F623,20NU,2024-12-01 00:00:00,1,0,7,2024-10-16 00:00:00,2024-12-17 00:00:00,2024-12-19 00:00:00,200,264,279,200,0,0,0,9JR5N,BIMESTRAL NON,79,2024-05-28 00:00:00,2024-10-01 00:00:00,2024-10-16 18:12:00,323,323,16,AJUSTADA,JFP276 ,Con_Facturas,,,,,,,,,,,,,,,GSC
2025-02-01 00:00:00,810240510164,11,DW,22,A,01,113,GONZALEZ GURROLA ADRIAN       ,1B,ACTIVO,DJX567 ,2,F623,22NU,2024-11-01 00:00:00,1,C,7,2024-06-12 00:00:00,2024-11-27 00:00:00,2024-11-29 00:00:00,3192,10399,3192,3192,0,0,0,G08D1,BIMESTRAL NON,99,2024-06-12 00:00:00,2024-11-01 00:00:00,2024-11-27 17:06:00,3192,3192,16,AJUSTADA,DJX567 ,Con_Facturas,,,,,,,,,,,,,,,GSC
2025-02-01 00:00:00,810240904464,35,DW,22,A,02,354,SOSA GOMEZ DARWIN             ,1B,ACTIVO,WMU484 ,2,F623,24P2,2024-12-01 00:00:00,1,C,4,2024-09-19 00:00:00,2024-12-23 00:00:00,2024-12-27 00:00:00,372,517,162,162,0,0,0,G08D1,BIMESTRAL NON,73,2024-09-19 00:00:00,2024-12-01 00:00:00,2024-12-23 12:42:00,210,210,16,AJUSTADA,RDW927 ,Con_Facturas,,,,,,,,,,,,,,,GSC
2025-02-01 00:00:00,810241004904,09,DW,22,A,02,093,PONCE MORENO JESUS            ,1B,ACTIVO,RDT959 ,2,F623,24NY,2024-12-01 00:00:00,1,0,8,2024-11-06 00:00:00,2024-12-12 00:00:00,2024-12-16 00:00:00,43,686,43,43,0,0,0,9JR5N,BIMESTRAL NON,84,2024-11-06 00:00:00,2025-02-01 00:00:00,2025-02-10 12:06:00,43,0,2,RECIBIDA,RDT959 ,Con_Facturas,,,,,,,,,,,,,,,GSC
2025-02-01 00:00:00,810241010025,35,DW,22,A,02,354,RODRIGUEZ MOREJON MARILYN     ,1B,ACTIVO,WNY004 ,2,F623,24P2,2024-12-01 00:00:00,1,0,6,2024-11-01 00:00:00,2024-12-23 00:00:00,2024-12-27 00:00:00,324,1164,324,324,0,0,0,9JR5N,BIMESTRAL NON,73,2024-11-01 00:00:00,2025-02-01 00:00:00,2025-02-22 09:38:00,324,0,2,RECIBIDA,WNY004 ,Con_Facturas,,,,,,,,,,,,,,,GSC
2025-02-01 00:00:00,810240605688,11,DW,22,A,01,113,ROMO GONZALEZ MARCO ANTONIO   ,1B,ACTIVO,RDH375 ,2,F623,24NY,2024-11-01 00:00:00,1,C,2,2024-07-22 00:00:00,2024-11-27 00:00:00,2024-11-29 00:00:00,368,1064,368,368,0,0,0,G08D1,BIMESTRAL NON,99,2024-08-10 00:00:00,2024-11-01 00:00:00,2024-11-27 17:06:00,368,368,16,AJUSTADA,RDH375 ,Con_Facturas,,,,,,,,,,,,,,,GSC
2025-02-01 00:00:00,810240606714,11,DW,22,A,01,113,POST GOMEZ ANDREI JOHANNES    ,1B,ACTIVO,RDW208 ,2,F623,24NY,2024-11-01 00:00:00,1,C,1,2024-07-22 00:00:00,2024-11-27 00:00:00,2024-11-29 00:00:00,378,392,378,378,0,0,0,G08D1,BIMESTRAL NON,99,2024-09-19 00:00:00,2024-11-01 00:00:00,2024-11-27 17:06:00,378,378,16,AJUSTADA,RDW208 ,Con_Facturas,,,,,,,,,,,,,,,GSC
2025-02-01 00:00:00,805070800126,02,DW,08,B,66,023,AGUILAR MOLINA LOIDA EUNICE   ,09,ACTIVO,Y026BP ,2,F623,19NU,2024-12-01 00:00:00,1,0,9,2024-09-27 00:00:00,2024-11-29 00:00:00,2024-12-03 00:00:00,508,1461,15812,508,0,0,0,9ND0M,BIMESTRAL PAR,97,2007-08-02 00:00:00,2025-02-01 00:00:00,2025-01-27 09:31:00,16038,226,2,RECIBIDA,Y026BP ,Con_Facturas,,,,,,,,,,,,,,,GSC
2025-02-01 00:00:00,805071101086,02,DW,08,B,66,021,BERLIN OSORIO MIGUEL          ,09,ACTIVO,X922TL ,2,F623,19NU,2024-12-01 00:00:00,1,0,4,2024-09-27 00:00:00,2024-11-29 00:00:00,2024-12-03 00:00:00,180,575,2699,180,0,0,0,9EMGF,BIMESTRAL PAR,97,2007-12-19 00:00:00,2007-12-01 00:00:00,2007-12-19 00:00:00,0,0,0,INICIAL,80MN87 ,Con_Facturas,,,,,,,,,,,,,,,GSC
2025-02-01 00:00:00,812050400349,23,DW,22,C,05,231,PAREDES GREY NORA ILIANA      ,1B,ACTIVO,6E532G ,1,F121,05JL,2024-11-01 00:00:00,1,C,3,2024-07-16 00:00:00,2024-11-20 00:00:00,2024-11-22 00:00:00,933,0,43202,933,0,0,0,G08D1,BIMESTRAL NON,106,2005-04-13 00:00:00,2025-01-01 00:00:00,2025-01-20 16:03:00,43202,0,2,RECIBIDA,6E532G ,Con_Facturas,,,,,,,,,,,,,,,GSC
2025-02-01 00:00:00,812080600318,23,DW,22,C,05,231,VAN GILST   IOLA              ,1B,ACTIVO,R944HV ,2,F622,18LM,2024-11-01 00:00:00,1,C,2,2024-07-16 00:00:00,2024-11-20 00:00:00,2024-11-22 00:00:00,1397,0,11904,1397,0,0,0,G08D1,BIMESTRAL NON,106,2008-07-01 00:00:00,2008-05-01 00:00:00,2008-07-01 00:00:00,1,0,0,INICIAL,30UG31 ,Con_Facturas,,,,,,,,,,,,,,,GSC
2025-02-01 00:00:00,812170501157,23,DW,22,C,05,231,COUOH MARTINEZ ENRIQUE GPE    ,02,ACTIVO,984MBM ,2,F622,16LM,2024-11-01 00:00:00,1,C,1,2024-07-16 00:00:00,2024-11-20 00:00:00,2024-11-22 00:00:00,634,384,23349,634,0,0,0,G08D1,BIMESTRAL NON,106,2017-06-23 00:00:00,2025-01-01 00:00:00,2025-01-20 16:04:00,23349,0,2,RECIBIDA,984MBM ,Con_Facturas,,,,,,,,,,,,,,,GSC
2025-02-01 00:00:00,812180502615,23,DW,22,C,05,231,ANDRADE HIDALGO NALLELY       ,1B,ACTIVO,J984DV ,2,F622,17LM,2024-11-01 00:00:00,1,C,1,2024-07-16 00:00:00,2024-11-20 00:00:00,2024-11-22 00:00:00,509,208,21603,509,0,0,0,G08D1,BIMESTRAL NON,106,2018-06-01 00:00:00,2025-01-01 00:00:00,2025-01-20 16:03:00,21603,0,2,RECIBIDA,J984DV ,Con_Facturas,,,,,,,,,,,,,,,GSC
2025-02-01 00:00:00,812190402261,23,DW,22,C,05,231,DAVILA NELSON FERNANDO ANGEL  ,1B,ACTIVO,38N13P ,2,F62H,10KN,2024-11-01 00:00:00,1,C,2,2024-07-16 00:00:00,2024-11-20 00:00:00,2024-11-22 00:00:00,454,564,7895,454,0,0,0,G08D1,BIMESTRAL NON,106,2019-04-18 00:00:00,2025-01-01 00:00:00,2025-01-20 16:04:00,7895,0,2,RECIBIDA,38N13P ,Con_Facturas,,,,,,,,,,,,,,,GSC
2025-02-01 00:00:00,812190701896,23,DW,22,C,05,231,CHAY XOOC EUGENIO             ,1B,ACTIVO,V571BY ,2,F622,18LM,2024-11-01 00:00:00,1,C,9,2024-07-16 00:00:00,2024-11-20 00:00:00,2024-11-22 00:00:00,1514,485,19665,1514,0,0,0,G08D1,BIMESTRAL NON,106,2019-07-18 00:00:00,2025-01-01 00:00:00,2025-01-20 16:03:00,19665,0,2,RECIBIDA,V571BY ,Con_Facturas,,,,,,,,,,,,,,,GSC
2025-02-01 00:00:00,812200901864,23,DW,22,C,05,231,MEDRANO MASSIEU LUIS ALEJANDRO,1B,ACTIVO,BE928T ,2,F623,19NV,2024-11-01 00:00:00,1,C,9,2024-07-16 00:00:00,2024-11-20 00:00:00,2024-11-22 00:00:00,0,64,2,0,0,0,0,G08D1,BIMESTRAL NON,106,2020-09-11 00:00:00,2025-01-01 00:00:00,2025-01-20 16:03:00,2,0,2,RECIBIDA,BE928T ,Con_Facturas,,,,2024-11-21 09:44:05,2951,R,9NCT2,BE928T ,0,Opt,31,SERVICIO SIN USO,,,GSC
2025-02-01 00:00:00,810211203546,33,DW,22,A,02,335,MANHEY SOTO AQUILES GUILLERMO ,1B,ACTIVO,DW344B ,2,F623,19NU,2024-12-01 00:00:00,1,0,8,2024-10-22 00:00:00,2024-12-23 00:00:00,2024-12-27 00:00:00,247,334,6528,247,0,0,0,9JR5N,BIMESTRAL NON,73,2021-12-13 00:00:00,2025-02-01 00:00:00,2025-02-22 09:38:00,7299,771,2,RECIBIDA,DW344B ,Con_Facturas,,,,,,,,,,,,,,,GSC
2025-02-01 00:00:00,810211203554,33,DW,22,A,02,335,MANHEY SOTO AQUILES GUILLERMO ,1B,SUJETO A CORTE,DW420L ,2,F623,19NU,2024-12-01 00:00:00,1,0,9,2024-10-22 00:00:00,2024-12-23 00:00:00,2024-12-27 00:00:00,616,1673,5563,616,0,0,0,9JR5N,BIMESTRAL NON,73,2021-12-13 00:00:00,2025-02-01 00:00:00,2025-02-22 09:38:00,5095,0,2,RECIBIDA,DW420L ,Con_Facturas,,,,,,,,,,,,,,,GSC
2025-02-01 00:00:00,810211206766,33,DW,22,A,02,335,CORTES DIAZ ELIER             ,1B,ACTIVO,YC586G ,2,F623,21NU,2024-12-01 00:00:00,1,0,1,2024-10-22 00:00:00,2024-12-23 00:00:00,2024-12-27 00:00:00,716,267,9354,716,0,0,0,9JR5N,BIMESTRAL NON,73,2021-12-17 00:00:00,2025-02-01 00:00:00,2025-02-22 09:34:00,8004,0,2,RECIBIDA,YC586G ,Con_Facturas,,,,,,,,,,,,,,,GSC
2025-02-01 00:00:00,775951000878,07,DW,01,G,01,072,ORTIZ REINA DEL CARMEN        ,1B,ACTIVO,X159UK ,2,F622,19LM,2022-07-01 00:00:00,4,0,8,2022-05-04 00:00:00,2022-07-06 00:00:00,2022-07-06 00:00:00,0,0,6252,0,0,0,0,Y2000,BIMESTRAL NON,974,1995-10-18 00:00:00,2025-03-01 00:00:00,2025-03-04 15:23:00,8528,2276,2,RECIBIDA,X159UK ,Con_Facturas,,,,,,,,,,,,,,,GSC
2025-02-01 00:00:00,803240400451,11,DW,07,D,53,531,NOH TUZ MARIA ELENA           ,1B,ACTIVO,P908LR ,1,F123,18NM,2024-12-01 00:00:00,1,0,4,2024-10-15 00:00:00,2024-12-16 00:00:00,2024-12-18 00:00:00,20,64,80,20,0,0,0,GAMJM,BIMESTRAL NON,80,2024-04-20 00:00:00,2024-12-01 00:00:00,2024-12-16 15:19:00,80,20,2,RECIBIDA,P908LR ,Con_Facturas,,,,,,,,,,,,,,,GSC
2025-02-01 00:00:00,800240801147,09,DW,07,A,04,003,ADDY ADDAD NOVELO MENA        ,1B,SUJETO A CORTE,LAN313 ,1,F123,23NX,2024-12-01 00:00:00,1,0,1,2024-10-15 00:00:00,2024-12-16 00:00:00,2024-12-18 00:00:00,2101,8447,2101,2101,0,0,0,9ND1A,BIMESTRAL NON,80,2024-09-04 00:00:00,2024-12-01 00:00:00,2024-12-17 17:54:00,2101,2101,2,RECIBIDA,LAN313 ,Con_Facturas,,,,,,,,,,,,,,,GSC
2025-02-01 00:00:00,810241106308,39,DW,22,A,02,391,CHELIUS CALCANEO DAVID EDUARDO,1B,ACTIVO,WTT512 ,2,F623,24P2,2024-12-01 00:00:00,1,0,7,2024-12-07 00:00:00,2024-12-23 00:00:00,2024-12-27 00:00:00,85,754,85,85,0,0,0,9JR5N,BIMESTRAL NON,73,2024-12-07 00:00:00,2025-02-01 00:00:00,2025-02-22 10:49:00,85,0,2,RECIBIDA,WTT512 ,Con_Facturas,,,,,,,,,,,,,,,GSC
2025-02-01 00:00:00,810241106481,35,DW,22,A,02,354,PENA SANDOVAL JOSE JUAN       ,1B,ACTIVO,WTH865 ,2,F623,24P2,2024-12-01 00:00:00,1,0,4,2024-12-01 00:00:00,2024-12-23 00:00:00,2024-12-27 00:00:00,142,889,142,142,0,0,0,9JR5N,BIMESTRAL NON,73,2024-12-01 00:00:00,2025-02-01 00:00:00,2025-02-22 09:23:00,142,0,2,RECIBIDA,WTH865 ,Con_Facturas,,,,,,,,,,,,,,,GSC
2025-02-01 00:00:00,812200901872,23,DW,22,C,05,231,MEDRANO MASSIEU LUIS ALEJANDRO,1B,ACTIVO,BE867U ,2,F623,19NV,2024-11-01 00:00:00,1,C,0,2024-07-16 00:00:00,2024-11-20 00:00:00,2024-11-22 00:00:00,0,64,0,0,0,0,0,G08D1,BIMESTRAL NON,106,2020-09-11 00:00:00,2025-01-01 00:00:00,2025-01-20 16:03:00,0,0,2,RECIBIDA,BE867U ,Con_Facturas,,,,2024-11-21 09:44:27,2951,R,9NCT2,BE867U ,0,Opt,31,SERVICIO SIN USO,,,GSC
2025-02-01 00:00:00,812200901881,23,DW,22,C,05,231,MEDRANO MASSIEU LUIS ALEJANDRO,1B,ACTIVO,BE915T ,2,F623,19NV,2024-11-01 00:00:00,1,C,9,2024-07-16 00:00:00,2024-11-20 00:00:00,2024-11-22 00:00:00,48,0,3033,48,0,0,0,G08D1,BIMESTRAL NON,106,2020-09-11 00:00:00,2025-01-01 00:00:00,2025-01-20 16:03:00,3033,0,2,RECIBIDA,BE915T ,Con_Facturas,,,,,,,,,,,,,,,GSC
2025-02-01 00:00:00,812200901899,23,DW,22,C,05,231,MEDRANO MASSIEU LUIS ALEJANDRO,1B,ACTIVO,BE913T ,2,F623,19NV,2024-11-01 00:00:00,1,C,1,2024-07-16 00:00:00,2024-11-20 00:00:00,2024-11-22 00:00:00,0,64,0,0,0,0,0,G08D1,BIMESTRAL NON,106,2020-09-11 00:00:00,2025-01-01 00:00:00,2025-01-20 16:03:00,0,0,2,RECIBIDA,BE913T ,Con_Facturas,,,,2024-11-21 09:43:34,2951,R,9NCT2,BE913T ,0,Opt,31,SERVICIO SIN USO,,,GSC
2025-02-01 00:00:00,812200901902,23,DW,22,C,05,231,MEDRANO MASSIEU LUIS ALEJANDRO,1B,ACTIVO,BE912T ,2,F623,19NV,2024-11-01 00:00:00,1,C,5,2024-07-16 00:00:00,2024-11-20 00:00:00,2024-11-22 00:00:00,0,120,2,0,0,0,0,G08D1,BIMESTRAL NON,106,2020-09-11 00:00:00,2025-01-01 00:00:00,2025-01-20 16:04:00,2,0,2,RECIBIDA,BE912T ,Con_Facturas,,,,2024-11-21 09:43:19,2951,R,9NCT2,BE912T ,0,Opt,31,SERVICIO SIN USO,,,GSC
2025-02-01 00:00:00,812940600108,23,DW,22,C,05,231,ROCIO RIVAS PALOMO            ,1B,ACTIVO,832JJA ,2,F622,15LM,2024-11-01 00:00:00,1,C,1,2024-07-16 00:00:00,2024-11-20 00:00:00,2024-11-22 00:00:00,2173,3788,80630,2173,0,0,0,G08D1,BIMESTRAL NON,106,1994-06-06 00:00:00,2025-01-01 00:00:00,2025-01-20 16:04:00,80630,0,2,RECIBIDA,832JJA ,Con_Facturas,,,,,,,,,,,,,,,GSC
2025-02-01 00:00:00,800940301081,04,DW,07,A,05,021,31DST0033T ESC SEC TEC 33     ,9M,ACTIVO,CHF602 ,3,KL28,22NJ,2024-12-01 00:00:00,1,0,1,2024-09-30 00:00:00,2024-12-02 00:00:00,2024-12-04 00:00:00,1,1672,1,1,0,31,0,G93BC,BIMESTRAL PAR,94,1994-03-25 00:00:00,2024-04-01 00:00:00,2024-03-27 00:00:00,44054,0,2,RECIBIDA,U35G24 ,Con_Facturas,,SERVICIO SIN USO,,,,,,,,,,,,,GSC
2025-02-01 00:00:00,810240608954,35,DW,22,A,02,354,CANO AVILA GRACIELA JAQUELIN  ,1B,ACTIVO,REK624 ,2,F623,24NY,2024-12-01 00:00:00,1,0,0,2024-10-22 00:00:00,2024-12-23 00:00:00,2024-12-27 00:00:00,0,62,0,0,0,31,0,9JR5N,BIMESTRAL NON,73,2024-08-22 00:00:00,2025-02-01 00:00:00,2025-02-22 09:21:00,1381,1381,2,RECIBIDA,REK624 ,Con_Facturas,,SERVICIO SIN USO,,2024-12-26 18:41:32,3454,R,9JR5N,REK624 ,0,Nor,31,SERVICIO SIN USO,,,GSC
2025-02-01 00:00:00,812220204361,27,DW,22,C,11,274,JAMESSON GUTIERREZ NAYELI     ,1B,ACTIVO,YP200V ,2,F623,21NU,2024-11-01 00:00:00,1,0,8,2024-09-18 00:00:00,2024-11-19 00:00:00,2024-11-21 00:00:00,0,64,0,0,0,31,0,GAPKM,BIMESTRAL NON,107,2022-02-18 00:00:00,2025-01-01 00:00:00,2025-01-22 17:02:00,0,0,2,RECIBIDA,YP200V ,Con_Facturas,,SERVICIO SIN USO,,2024-11-20 19:40:24,2752,R,GAPKM,YP200V ,0,Nor,31,SERVICIO SIN USO,,,GSC
2025-02-01 00:00:00,805180100651,10,DW,08,B,66,005,MANRIQUE MOLINA TOMAS         ,09,CORTADO,784FMM ,2,F622,15LM,2024-12-01 00:00:00,1,0,0,2024-10-04 00:00:00,2024-12-05 00:00:00,2024-12-09 00:00:00,0,88,11362,0,0,31,0,9JRE1,BIMESTRAL PAR,91,2018-01-23 00:00:00,2025-02-01 00:00:00,2025-01-01 09:44:00,11362,0,2,RECIBIDA,784FMM ,Con_Facturas,,SERVICIO SIN USO,,2024-12-05 08:15:37,1027,L,9JRE1,784FMM ,0,Opt,31,SERVICIO SIN USO,,,GSC
2025-02-01 00:00:00,805850100100,10,DW,08,B,66,004,FERNANDO MANRIQUE S           ,09,CORTADO,0Y4M33 ,2,F121,02GG,2024-12-01 00:00:00,1,0,6,2024-10-04 00:00:00,2024-12-05 00:00:00,2024-12-09 00:00:00,10,116,15432,5,0,31,0,GAM9M,BIMESTRAL PAR,91,1985-01-25 00:00:00,2025-02-01 00:00:00,2025-01-01 09:36:00,15457,25,2,RECIBIDA,0Y4M33 ,Con_Facturas,,SERVICIO SIN USO,,,,,,,,,,,,,GSC
2025-02-01 00:00:00,805870500040,04,DW,08,B,66,042,ISMAEL ESTRADA ESTRADA        ,09,ACTIVO,NT555P ,2,F623,20NU,2024-12-01 00:00:00,1,0,8,2024-09-30 00:00:00,2024-12-02 00:00:00,2024-12-04 00:00:00,0,88,284,0,0,31,0,9JRE1,BIMESTRAL PAR,94,1987-05-14 00:00:00,2022-06-01 00:00:00,2022-05-30 00:00:00,2016,7,2,RECIBIDA,6TA961 ,Con_Facturas,,SERVICIO SIN USO,,2024-12-02 10:37:17,0427,L,9JRE1,NT555P ,0,Opt,31,SERVICIO SIN USO,,,GSC
2025-02-01 00:00:00,805890600091,10,DW,08,B,66,005,CHAN HOMA HERIBERTO           ,09,ACTIVO,96U7H1 ,2,F62H,09KN,2024-12-01 00:00:00,1,0,1,2024-10-04 00:00:00,2024-12-05 00:00:00,2024-12-09 00:00:00,0,88,821,0,0,31,0,9JRE1,BIMESTRAL PAR,91,1989-06-08 00:00:00,2025-02-01 00:00:00,2025-01-01 11:43:00,821,0,2,RECIBIDA,96U7H1 ,Con_Facturas,,SERVICIO SIN USO,,2024-12-05 12:42:11,1027,L,9JRE1,96U7H1 ,0,Nor,31,SERVICIO SIN USO,,,GSC
2025-02-01 00:00:00,797240900128,18,DW,06,B,01,183,BRICENO ROSALES ANDY MISAEL   ,1B,ACTIVO,WMH500 ,2,F623,24P2,2024-12-01 00:00:00,1,0,8,2024-11-28 00:00:00,2024-12-13 00:00:00,2024-12-17 00:00:00,0,648,0,0,0,31,0,9EMEK,BIMESTRAL PAR,83,2024-11-28 00:00:00,2025-02-01 00:00:00,2025-02-11 09:36:00,3,3,2,RECIBIDA,WMH500 ,Con_Facturas,,SERVICIO SIN USO,,2024-12-13 11:05:27,2226,L,9EMEK,WMH500 ,0,Opt,31,SERVICIO SIN USO,,,GSC
2025-02-01 00:00:00,805061200949,02,DW,08,B,66,023,ZALDIVAR MALDONADO FELIPE DE J,09,ACTIVO,Y155BP ,2,F623,19NU,2024-12-01 00:00:00,1,0,8,2024-09-27 00:00:00,2024-11-29 00:00:00,2024-12-03 00:00:00,0,88,321,0,0,31,0,9ND0M,BIMESTRAL PAR,97,2006-12-28 00:00:00,2006-12-01 00:00:00,2006-12-28 00:00:00,1,0,0,INICIAL,9U237F ,Con_Facturas,,SERVICIO SIN USO,,2024-11-29 09:36:57,0228,L,9ND0M,Y155BP ,0,Opt,31,SERVICIO SIN USO,,,GSC
2025-02-01 00:00:00,810240801312,27,DW,22,A,02,271,MADRID VILLANUEVA ELSA        ,1B,ACTIVO,RDJ365 ,2,F623,24NY,2024-12-01 00:00:00,1,0,5,2024-09-18 00:00:00,2024-12-26 00:00:00,2024-12-30 00:00:00,0,99,0,0,0,31,0,9JR5N,BIMESTRAL NON,70,2024-08-10 00:00:00,2025-02-01 00:00:00,2025-02-24 17:13:00,0,0,2,RECIBIDA,RDJ365 ,Con_Facturas,,SERVICIO SIN USO,,2024-12-29 14:26:39,3651,R,9JR5N,RDJ365 ,0,Nor,31,SERVICIO SIN USO,,,GSC
2025-02-01 00:00:00,810240702560,29,DW,22,A,01,296,MELCHOR MENDOZA ELIZABETH     ,1B,ACTIVO,Y082BW ,2,F623,19NU,2024-12-01 00:00:00,1,0,0,2024-10-22 00:00:00,2024-12-23 00:00:00,2024-12-27 00:00:00,0,63,0,0,0,31,0,9JR5N,BIMESTRAL NON,73,2024-07-22 00:00:00,2025-02-01 00:00:00,2025-02-22 13:35:00,0,0,2,RECIBIDA,Y082BW ,Con_Facturas,,SERVICIO SIN USO,,2024-12-26 17:21:15,3454,R,9JR5N,Y082BW ,0,Nor,31,SERVICIO SIN USO,,,GSC
2025-02-01 00:00:00,810240406898,39,DW,22,A,01,392,REYES MARTINEZ MISAEL         ,1B,ACTIVO,JBW515 ,2,F623,23NU,2024-12-01 00:00:00,1,0,7,2024-10-17 00:00:00,2024-12-17 00:00:00,2024-12-20 00:00:00,0,62,2,0,0,31,0,9JR5N,BIMESTRAL NON,79,2024-04-22 00:00:00,2025-02-01 00:00:00,2025-02-18 12:13:00,2,0,2,RECIBIDA,JBW515 ,Con_Facturas,,SERVICIO SIN USO,,2024-12-19 20:14:22,2852,R,9JR5N,JBW515 ,0,Nor,31,SERVICIO SIN USO,,,GSC
2025-02-01 00:00:00,774241102225,13,DW,01,E,37,111,ESPINOSA RAMIREZ DANIEL       ,1D,ACTIVO,WTW194 ,2,F623,24P2,2024-12-01 00:00:00,1,0,4,2024-11-25 00:00:00,2024-12-04 00:00:00,2024-12-06 00:00:00,6,642,6,6,0,31,0,R9520,BIMESTRAL NON,92,2024-11-25 00:00:00,2024-12-01 00:00:00,2024-12-05 10:49:00,6,6,2,RECIBIDA,WTW194 ,Con_Facturas,,SERVICIO SIN USO,,,,,,,,,,,,,GSC
2025-02-01 00:00:00,788110900534,12,DW,03,D,65,002,EK CHI ANDRES                 ,1B,CORTADO,04M04T ,1,F12H,10KU,2024-12-01 00:00:00,1,0,1,2024-10-07 00:00:00,2024-12-06 00:00:00,2024-12-10 00:00:00,3,63,5099,3,0,31,0,9EMGH,BIMESTRAL PAR,90,2011-09-14 00:00:00,2025-02-01 00:00:00,2025-02-04 12:18:00,5099,0,2,RECIBIDA,04M04T ,Con_Facturas,,SERVICIO SIN USO,,,,,,,,,,,,,GSC
2025-02-01 00:00:00,787160300116,06,DW,03,C,90,002,PEREYRA ALMEIDA TESSY GPE     ,09,ACTIVO,D7G041 ,3,F121,87F5,2024-12-01 00:00:00,1,0,6,2024-10-02 00:00:00,2024-12-03 00:00:00,2024-12-05 00:00:00,30,169,69335,0,0,31,0,G92BB,BIMESTRAL PAR,93,2016-02-04 00:00:00,2025-02-01 00:00:00,2025-01-29 13:59:00,69335,0,2,RECIBIDA,D7G041 ,Con_Facturas,,SERVICIO SIN USO,,,,,,,,,,,,,GSC
2025-02-01 00:00:00,805970100189,02,DW,08,B,66,023,TIBURCIO QUINTAL MANRIQUE     ,09,ACTIVO,Y154BP ,2,F623,19NU,2024-12-01 00:00:00,1,0,9,2024-09-27 00:00:00,2024-11-29 00:00:00,2024-12-03 00:00:00,0,89,4106,0,0,31,0,9ND0M,BIMESTRAL PAR,97,1997-01-02 00:00:00,2025-02-01 00:00:00,2025-01-27 09:58:00,4106,0,2,RECIBIDA,Y154BP ,Con_Facturas,,SERVICIO SIN USO,,2024-11-29 09:44:14,0228,L,9ND0M,Y154BP ,0,Opt,31,SERVICIO SIN USO,,,GSC
2025-02-01 00:00:00,805940100371,02,DW,08,B,66,022,FRANCISCO JAVIER ESTRADA      ,09,ACTIVO,U126XU ,2,F623,18NN,2024-12-01 00:00:00,1,0,7,2024-09-27 00:00:00,2024-11-29 00:00:00,2024-12-03 00:00:00,0,88,0,0,0,31,0,9JRE1,BIMESTRAL PAR,97,1994-01-17 00:00:00,2022-02-01 00:00:00,2022-01-27 00:00:00,1172,0,2,RECIBIDA,1E59A0 ,Con_Facturas,,SERVICIO SIN USO,,2024-11-29 09:07:59,0227,L,9JRE1,U126XU ,0,Opt,31,SERVICIO SIN USO,,,GSC
2025-02-01 00:00:00,776190100373,09,DW,01,H,36,091,CANUL PENA REYNA MILEYBI      ,1C,ACTIVO,WPY308 ,2,F623,24P2,2024-12-01 00:00:00,1,0,2,2024-10-04 00:00:00,2024-12-05 00:00:00,2024-12-09 00:00:00,21,533,21,21,0,34,0,9JR2C,BIMESTRAL NON,91,2019-01-10 00:00:00,2021-06-01 00:00:00,2021-06-04 19:30:00,5927,620,16,AJUSTADA,290DE1 ,Con_Facturas,,FUERA DE RUTA,,,,,,,,,,,,,GSC
2025-02-01 00:00:00,776140702810,29,DW,01,M,33,291,GAMBOA BRABATA VICTOR ANTONIO ,1D,ACTIVO,REM016 ,2,F623,24NY,2024-12-01 00:00:00,1,0,2,2024-10-24 00:00:00,2024-12-26 00:00:00,2024-12-30 00:00:00,499,1028,1005,499,0,44,0,GA0MN,BIMESTRAL NON,70,2014-07-11 00:00:00,2024-10-01 00:00:00,2024-10-24 00:00:00,10119,0,2,RECIBIDA,837WG1 ,Con_Facturas,,NUM MEDID DESIGU,,,,,,,,,,,,,GSC
