Fecha_Ade,Rpu,Ciclo,Division,Zona,Agencia,Poblacion,Ruta,Nombre,Tarifa,Estado_Servicio,Num_Med,Hilos,Cod_Med,Cod_Lot,Fecha_Ade_Ult_Factura,Tipo_Ade,Cve_Fact,Digito,Desde,Hasta,Liquidacion,Kwh,Importe,Lectura,Consumo,Anom_Accion,Anom_Inform,Anom_Sistema,RPE_Lectura,Tipo_Facturacion,Dias_Sin_Facturar,Fecha_Alta,Fecha_Ade_Ult_Lect,Fecha_Ult_Lect,Lectura_Ult_Lect,Consumo_Ult_Lect,Tipo_Mov_Ult_Lect,Desc_Mov_Ult_Lect,Numed_Ult_Lect,Origen_Registro,Desc_Anom_Accion,Desc_Anom_Inform,Desc_Anom_Sistema,Fecha_Lectura_Kavi,Num_Tarea_Kavi,Tipo_Tarea_Kavi,RPE_Lectura_Kavi,Medidor_Kavi,Kwh_Kavi,Modo_Captura_Kavi,Cve_Anom_Kavi,Desc_Anom_Kavi,Validacion_Kavi,Tiene_Foto_Kavi,Proceso
2026-02-01 00:00:00,793250601166,30,DW,04,F,12,304,SUPER WILLYS SA DE CV         ,02,ACTIVO,,2,,,2025-10-01 00:00:00,4,0,7,2025-08-20 00:00:00,2025-10-22 00:00:00,2025-10-22 00:00:00,0,0,,,,,,,BIMESTRAL PAR,128,2025-07-01 00:00:00,2025-10-01 00:00:00,2025-10-22 12:43:00,376,0,3,FINIQUITO,4AAD92 ,Con_Facturas,,,,,,,,,,,,,,,GSC
2026-02-01 00:00:00,798151000161,80,DW,06,C,01,001,MPIO DE JOSE MA MORELOS       ,5A,ACTIVO,966T6R ,2,F622,14LM,2025-10-01 00:00:00,1,0,3,2025-09-08 00:00:00,2025-10-31 00:00:00,2025-10-31 00:00:00,2544,13740,,,,,,,MENSUAL,119,2015-05-29 00:00:00,2025-09-01 00:00:00,2050-01-01 00:00:00,0,0,0,INICIAL,S0MEDD ,Con_Facturas,,,,,,,,,,,,,,,GSC
2026-02-01 00:00:00,798160400694,80,DW,06,C,13,001,MPIO DE JOSE MA MORELOS       ,5A,ACTIVO,742V8G ,3,F122,14LN,2025-07-01 00:00:00,1,0,4,2025-05-28 00:00:00,2025-07-31 00:00:00,2025-07-31 00:00:00,2304,12525,,,,,,,MENSUAL,211,2016-04-27 00:00:00,2025-05-01 00:00:00,2025-05-28 08:20:00,2258,0,8,ESTIMADA-C,742V8G ,Con_Facturas,,,,,,,,,,,,,,,GSC
2026-02-01 00:00:00,799250700634,15,DW,06,D,48,481,HUMAN TETRISS COSA DE CV      ,1D,ACTIVO,2AUX62 ,2,F623,25P2,2025-11-01 00:00:00,1,0,3,2025-09-09 00:00:00,2025-11-11 00:00:00,2025-11-13 00:00:00,0,61,,,,,,,BIMESTRAL NON,108,2025-07-25 00:00:00,2025-11-01 00:00:00,2025-11-25 23:20:00,0,0,0,INICIAL,2AUX62 ,Con_Facturas,,,,,,,,,,,,,,,GSC
2026-02-01 00:00:00,799951200270,25,DW,06,D,02,021,JUAN CARLOS JIMENEZ           ,1B,ACTIVO,,1,,,2025-09-01 00:00:00,1,0,4,2025-07-16 00:00:00,2025-09-17 00:00:00,2025-09-19 00:00:00,1036,3096,,,,,,,BIMESTRAL NON,163,1995-12-13 00:00:00,2025-07-01 00:00:00,2025-07-16 00:00:00,46969,0,2,RECIBIDA,P1V589 ,Con_Facturas,,,,2025-09-17 09:58:53,2526,L,9JR7J,XML543 ,750,Opt,  ,,,,GSC
2026-02-01 00:00:00,799971100085,12,DW,06,D,01,121,GLADIS NOEMI ALVAREZ          ,1B,ACTIVO,7DVT38 ,2,F623,25NY,2025-12-01 00:00:00,1,0,1,2025-10-03 00:00:00,2025-12-04 00:00:00,2025-12-08 00:00:00,16,67,,,,,,,BIMESTRAL PAR,85,1997-11-13 00:00:00,2026-02-01 00:00:00,2026-02-03 09:13:00,200,0,2,RECIBIDA,917FY1 ,Con_Facturas,,,,,,,,,,,,,,,GSC
2026-02-01 00:00:00,783251200992,40,DW,12,D,01,408,UH SALAZAR ALEXANDER DE JESUS ,1B,ACTIVO,XNF293 ,1,F123,24NX,2026-02-01 00:00:00,2,,,,,,,,0,0,0,,,GAF1M,BIMESTRAL PAR,86,2025-12-03 00:00:00,2026-02-01 00:00:00,2026-02-25 15:05:00,0,0,2,RECIBIDA,XNF293 ,Sin_Facturas,,,,,,,,,,,,,,,GSC
2026-02-01 00:00:00,793251101353,07,DW,04,F,12,073,ESTRELLA DZUL ILSE MARIA      ,1F,ACTIVO,5BCU21 ,2,F623,25P2,2026-01-01 00:00:00,0,,,,,,,,0,0,0,,,     ,BIMESTRAL NON,91,2025-11-28 00:00:00,2026-01-01 00:00:00,2025-11-28 00:00:00,0,0,0,INICIAL,5BCU21 ,Sin_Facturas,,,,,,,,,,,,,,,GSC
2026-02-01 00:00:00,799260100864,83,DW,06,D,01,920,URIBE ALMADA NICOLAS          ,77,ACTIVO,GEF506 ,3,KL28,22NJ,2026-02-01 00:00:00,2,,,,,,,,670,670,0,,,GAT5M,ESPECIALES,42,2026-01-16 00:00:00,2026-02-01 00:00:00,2026-02-05 14:00:00,670,670,2,RECIBIDA,GEF506 ,Sin_Facturas,,,,2026-02-05 14:03:17,6501,L,GAT5M,GEF506 ,670,Opt,  ,,,,GSC
2026-02-01 00:00:00,806251200429,03,DW,08,C,33,032,QUIJANO CANUL ERICA BEATRIZ   ,1B,ACTIVO,0BCN84 ,2,F623,25P2,2025-11-01 00:00:00,0,,,,,,,,0,0,0,,,     ,BIMESTRAL NON,71,2025-12-18 00:00:00,2025-11-01 00:00:00,2025-12-18 00:00:00,0,0,0,INICIAL,0BCN84 ,Sin_Facturas,,,,,,,,,,,,,,,GSC
2026-02-01 00:00:00,810251204405,09,DW,22,A,02,093,BECERRIL CALZADA MARIANA      ,1B,ACTIVO,6CDM42 ,2,F623,25P3,2025-11-01 00:00:00,0,,,,,,,,0,0,0,,,     ,BIMESTRAL NON,76,2025-12-13 00:00:00,2025-11-01 00:00:00,2025-12-13 00:00:00,0,0,0,INICIAL,6CDM42 ,Sin_Facturas,,,,,,,,,,,,,,,GSC
2026-02-01 00:00:00,782050100853,16,DW,12,C,01,999,GOMEZ MAQUEO Y ROJAS ALICIA   ,1D,ACTIVO,14B7D7 ,1,F121,08JL,2026-02-01 00:00:00,2,,,,,,,,17280,118,0,,,9P14L,SIN TIPO DE FACTURACION,7721,2005-01-07 00:00:00,2026-02-01 00:00:00,2026-02-09 11:28:00,17280,118,2,RECIBIDA,14B7D7 ,Descabezado,,,,2026-02-09 11:28:12,1601,M,9P14L,14B7D7 ,118,Nor,  ,,,,GSC
2026-02-01 00:00:00,783011003685,04,DW,12,D,01,999,MEDINA BATUN CARMEN DE ATOCHA ,1D,ACTIVO,Y372BF ,2,F623,19NU,2001-10-01 00:00:00,0,,,,,,,,11869,0,0,,,     ,SIN TIPO DE FACTURACION,897,2023-09-14 00:00:00,2001-10-01 00:00:00,2001-10-18 00:00:00,11869,0,0,INICIAL,W4H291 ,Descabezado,,,,,,,,,,,,,,,GSC
2026-02-01 00:00:00,796170302264,64,DW,06,A,01,641,GOMEZ CANTO HUMBERTO JOAQUIN  ,9C,ACTIVO,A982HX ,3,KL28,16KE,2025-10-01 00:00:00,2,,,,,,,,27804,489,0,,,G92BA,SIN TIPO DE FACTURACION,3275,2017-03-11 00:00:00,2025-10-01 00:00:00,2025-10-08 08:24:00,27804,489,2,RECIBIDA,A982HX ,Descabezado,,,,,,,,,,,,,,,GSC
2026-02-01 00:00:00,793180700579,79,DW,04,F,09,794,HERNANDEZ HERNANDEZ MARTIN    ,9C,ACTIVO,8ECG21 ,3,KL28,25NJ,2025-12-01 00:00:00,1,0,6,2025-11-26 00:00:00,2025-12-29 00:00:00,2025-12-31 00:00:00,1908,1525,,,,,,,MENSUAL,60,2018-07-24 00:00:00,2025-12-01 00:00:00,2025-12-29 11:57:00,43248,1908,2,RECIBIDA,FY935J ,Con_Facturas,,,,2025-12-29 12:13:15,7902,L,9JRAL,FY935J ,1908,Opt,  ,,,,GSC
2026-02-01 00:00:00,800050600978,12,DW,07,A,10,105,CANUL YAM ELMER RAUL          ,1B,ACTIVO,3AUL82 ,2,F623,25P2,2025-12-01 00:00:00,1,1,8,2025-10-07 00:00:00,2025-12-08 00:00:00,2025-12-10 00:00:00,576,1595,,,,,,,BIMESTRAL PAR,81,2005-06-26 00:00:00,2025-12-01 00:00:00,2025-10-07 09:22:00,28840,576,8,ESTIMADA-C,Y745BU ,Con_Facturas,,,,2025-12-08 09:22:00,1229,L,9MCAW,Y745BU ,0,Nor,59,DISPLAY APAGADO,59,S,GSC
2026-02-01 00:00:00,796120901426,28,DW,06,A,06,061,GOMEZ CHI MARIBEL             ,1B,ACTIVO,PCK019 ,1,F123,24NX,2025-12-01 00:00:00,1,0,4,2025-10-14 00:00:00,2025-12-15 00:00:00,2025-12-17 00:00:00,311,431,,,,,,,BIMESTRAL PAR,74,2012-10-23 00:00:00,2025-12-01 00:00:00,2025-12-15 08:42:00,33757,311,2,RECIBIDA,099TY7 ,Con_Facturas,,,,,,,,,,,,,,,GSC
2026-02-01 00:00:00,796151100740,16,DW,06,A,01,165,ESPINO ESCOBAR MARIA D LA LUZ ,1D,ACTIVO,6AND33 ,1,F123,25NX,2025-12-01 00:00:00,1,0,4,2025-10-13 00:00:00,2025-12-12 00:00:00,2025-12-16 00:00:00,420,585,,,,,,,BIMESTRAL PAR,77,2015-11-04 00:00:00,2025-12-01 00:00:00,2025-12-12 00:00:00,17996,420,2,RECIBIDA,081EGD ,Con_Facturas,,,,2025-12-12 15:22:36,2004,M,9P14T,PCL788 ,17996,Nor,44,NUM MEDID DESIGU,44,S,GSC
2026-02-01 00:00:00,773221203878,27,DW,01,D,03,279,MENA BLANCO MARISOL NICTE HA  ,1C,ACTIVO,5ANG41 ,1,F123,25NX,2025-11-01 00:00:00,1,0,1,2025-09-18 00:00:00,2025-11-19 00:00:00,2025-11-21 00:00:00,331,492,,,,,,,BIMESTRAL NON,100,2024-11-04 00:00:00,2025-11-01 00:00:00,2025-11-20 10:15:00,3626,331,2,RECIBIDA,AVW437 ,Con_Facturas,,,,,,,,,,,,,,,GSC
2026-02-01 00:00:00,806921000345,18,DW,08,C,32,183,MOGUEL VAZQUEZ LANDY          ,02,ACTIVO,1ATU64 ,2,F623,25P2,2025-12-01 00:00:00,1,0,8,2025-10-09 00:00:00,2025-12-10 00:00:00,2025-12-12 00:00:00,798,4196,,,,,,,BIMESTRAL PAR,79,1992-10-16 00:00:00,2025-12-01 00:00:00,2025-12-15 23:00:00,0,0,0,INICIAL,7BCM65 ,Con_Facturas,,,,,,,,,,,,,,,GSC
2026-02-01 00:00:00,810041106494,71,DW,22,A,01,718,ERIK FIGUEROA CASTILLO        ,67,ACTIVO,5ECF92 ,3,KL28,25NJ,2026-01-01 00:00:00,1,0,1,2025-12-16 00:00:00,2026-01-15 00:00:00,2026-01-19 00:00:00,309,1641,,,,,,,MENSUAL,43,2004-12-02 00:00:00,2026-01-01 00:00:00,2026-02-04 23:11:00,0,0,0,INICIAL,7ECE32 ,Con_Facturas,,,,,,,,,,,,,,,GSC
2026-02-01 00:00:00,810110902621,27,DW,22,A,02,272,GARCIA SANTILLAN EDGAR JOEL   ,02,ACTIVO,7AXN98 ,2,F623,25P2,2023-11-01 00:00:00,4,0,8,2023-09-19 00:00:00,2023-11-07 00:00:00,2023-11-07 00:00:00,0,0,,,,,,,BIMESTRAL NON,843,2011-08-05 00:00:00,2023-11-01 00:00:00,2023-11-07 06:29:00,61983,0,3,FINIQUITO,300MEW ,Con_Facturas,,,,,,,,,,,,,,,GSC
2026-02-01 00:00:00,810160315816,13,DW,22,A,02,134,ROOS GONZALEZ LISSET          ,1B,ACTIVO,,2,,,2023-11-01 00:00:00,4,0,0,2022-05-25 00:00:00,2023-11-14 00:00:00,2023-11-14 00:00:00,0,468.77999999999997,,,,,,,BIMESTRAL NON,836,2016-03-31 00:00:00,2023-11-01 00:00:00,2023-11-14 09:51:00,20525,0,3,FINIQUITO,859JKA ,Con_Facturas,,,,,,,,,,,,,,,GSC
2026-02-01 00:00:00,810230907571,14,DW,22,A,01,143,JIMENEZ DOMINGUEZ MARIBEL     ,02,ACTIVO,,2,,,2025-10-01 00:00:00,4,0,9,2025-10-08 00:00:00,2025-10-21 00:00:00,2025-10-21 00:00:00,0,0,,,,,,,BIMESTRAL PAR,129,2023-09-20 00:00:00,2025-10-01 00:00:00,2025-10-21 09:32:00,3896,0,3,FINIQUITO,JAL385 ,Con_Facturas,,,,,,,,,,,,,,,GSC
2026-02-01 00:00:00,801220300253,65,DW,07,B,06,063,JORGE MACARI GERARDO          ,67,ACTIVO,5DYG16 ,3,KL28,25NJ,2026-01-01 00:00:00,1,0,6,2025-12-08 00:00:00,2026-01-07 00:00:00,2026-01-09 00:00:00,2721,9458,,,,,,,MENSUAL,51,2022-03-03 00:00:00,2026-01-01 00:00:00,2026-01-08 15:20:00,38688,2721,2,RECIBIDA,MX448B ,Con_Facturas,,,,,,,,,,,,,,,GSC
2026-02-01 00:00:00,801900300151,04,DW,07,B,06,403,COHUO CHUC ANDRES             ,1B,SUJETO A CORTE,,1,,,2025-05-01 00:00:00,4,0,9,2025-03-28 00:00:00,2025-05-22 00:00:00,2025-05-22 00:00:00,324,401.07999999999998,,,,,,,BIMESTRAL PAR,281,1990-03-06 00:00:00,2025-05-01 00:00:00,2025-05-22 12:22:00,29445,324,3,FINIQUITO,44XR55 ,Con_Facturas,,,,,,,,,,,,,,,GSC
2026-02-01 00:00:00,780001260516,28,DW,12,B,01,283,NOLASCO GRAJALES MARIBEL      ,02,ACTIVO,,2,,,2025-07-01 00:00:00,4,0,1,2025-06-18 00:00:00,2025-07-02 00:00:00,2025-07-02 00:00:00,0,23.879999999999999,,,,,,,BIMESTRAL PAR,240,2000-12-20 00:00:00,2025-04-01 00:00:00,2025-04-16 00:00:00,91783,0,2,RECIBIDA,00PD25 ,Con_Facturas,,,,,,,,,,,,,,,GSC
2026-02-01 00:00:00,780130600862,12,DW,12,A,01,120,VIGIL ESCOBAR ALEJANDRO       ,1D,ACTIVO,X535UH ,2,F622,19LM,2024-04-01 00:00:00,4,0,7,2024-02-06 00:00:00,2024-04-05 00:00:00,2024-04-05 00:00:00,0,0,,,,,,,BIMESTRAL PAR,693,2013-06-22 00:00:00,2024-04-01 00:00:00,2024-04-05 22:20:00,40953,99412,3,FINIQUITO,11E22N ,Con_Facturas,,,,2024-04-05 15:33:33,1201,L,GABCM,11E22N ,0,Nor,56,NO HAY MEDIDOR,56,S,GSC
2026-02-01 00:00:00,776200800735,11,DW,01,H,36,111,OXTE PECH DOLORES GRISEL      ,1C,ACTIVO,WML962 ,2,F623,24P2,2022-03-01 00:00:00,4,0,8,2022-01-06 00:00:00,2022-03-09 00:00:00,2022-03-09 00:00:00,0,461.55000000000001,,,,,,,BIMESTRAL NON,1451,2020-08-18 00:00:00,2026-01-01 00:00:00,2026-01-07 11:52:00,410,0,2,RECIBIDA,BE614J ,Con_Facturas,,,,,,,,,,,,,,,GSC
2026-02-01 00:00:00,778211000342,11,DW,01,K,42,111,UC CAB WILLIAN JESUS          ,1C,ACTIVO,WND310 ,2,F623,24P2,2024-07-01 00:00:00,4,0,7,2024-07-08 00:00:00,2024-07-18 00:00:00,2024-07-18 00:00:00,9,0,,,,,,,BIMESTRAL NON,589,2021-10-14 00:00:00,2026-01-01 00:00:00,2026-01-07 09:27:00,8,0,2,RECIBIDA,MA822U ,Con_Facturas,,,,,,,,,,,,,,,GSC
2026-02-01 00:00:00,771250700730,06,DW,01,B,02,063,GONZALEZ BERNY MARIA TERESA DE,1D,ACTIVO,RCJ200 ,2,F623,24NY,2026-02-01 00:00:00,0,,,,,,,,0,0,0,,,     ,BIMESTRAL PAR,234,2025-07-08 00:00:00,2026-02-01 00:00:00,2025-07-08 00:00:00,0,0,0,INICIAL,RCJ200 ,Sin_Facturas,,,,,,,,,,,,,,,GSC
2026-02-01 00:00:00,783251200658,40,DW,12,D,01,408,PACHECO MARTIN MANUELA DE JESU,1B,ACTIVO,XNF292 ,1,F123,24NX,2026-02-01 00:00:00,2,,,,,,,,14,14,0,,,GAF1M,BIMESTRAL PAR,86,2025-12-03 00:00:00,2026-02-01 00:00:00,2026-02-25 15:01:00,14,14,2,RECIBIDA,XNF292 ,Sin_Facturas,,,,,,,,,,,,,,,GSC
2026-02-01 00:00:00,783251200763,40,DW,12,D,01,408,RODRIGUEZ LOPEZ ELIZABETH     ,1B,ACTIVO,XMN759 ,1,F123,24NX,2026-02-01 00:00:00,2,,,,,,,,35,35,0,,,GAF1M,BIMESTRAL PAR,86,2025-12-03 00:00:00,2026-02-01 00:00:00,2026-02-25 14:59:00,35,35,2,RECIBIDA,XMN759 ,Sin_Facturas,,,,,,,,,,,,,,,GSC
2026-02-01 00:00:00,783251200933,40,DW,12,D,01,408,GONZALEZ ACOSTA MARTHA        ,1B,ACTIVO,XMN762 ,1,F123,24NX,2026-02-01 00:00:00,2,,,,,,,,114,114,0,,,GAF1M,BIMESTRAL PAR,86,2025-12-03 00:00:00,2026-02-01 00:00:00,2026-02-25 15:03:00,114,114,2,RECIBIDA,XMN762 ,Sin_Facturas,,,,,,,,,,,,,,,GSC
2026-02-01 00:00:00,783251200950,40,DW,12,D,01,408,ACOSTA HERNANDEZ GUADALUPE    ,1B,ACTIVO,XNF291 ,1,F123,24NX,2026-02-01 00:00:00,2,,,,,,,,231,231,0,,,GAF1M,BIMESTRAL PAR,86,2025-12-03 00:00:00,2026-02-01 00:00:00,2026-02-25 15:02:00,231,231,2,RECIBIDA,XNF291 ,Sin_Facturas,,,,,,,,,,,,,,,GSC
2026-02-01 00:00:00,783251200984,40,DW,12,D,01,408,LARES VELAZQUEZ SONIA MAGALY  ,1B,ACTIVO,XMN760 ,1,F123,24NX,2026-02-01 00:00:00,2,,,,,,,,16,16,0,,,GAF1M,BIMESTRAL PAR,86,2025-12-03 00:00:00,2026-02-01 00:00:00,2026-02-25 14:58:00,16,16,2,RECIBIDA,XMN760 ,Sin_Facturas,,,,,,,,,,,,,,,GSC
2026-02-01 00:00:00,773121201908,40,DW,01,D,03,403,SOSA SIERRA SAMUEL ALBERTO    ,1C,ACTIVO,8AXL27 ,2,F623,25P2,2019-07-01 00:00:00,4,0,1,2050-01-01 00:00:00,2019-07-03 00:00:00,2019-07-03 00:00:00,0,0,,,,,,,BIMESTRAL PAR,2431,2012-11-01 00:00:00,2020-10-01 00:00:00,2020-10-27 11:53:00,3004,0,2,RECIBIDA,88V06V ,Con_Facturas,,,,,,,,,,,,,,,GSC
2026-02-01 00:00:00,773130604900,25,DW,01,D,03,251,GOMEZ CETZ MARIA DEL ROSARIO  ,1C,ACTIVO,FJX001 ,1,F123,22NX,2025-02-01 00:00:00,4,0,9,2025-01-16 00:00:00,2025-02-12 00:00:00,2025-02-12 00:00:00,0,0,,,,,,,BIMESTRAL NON,380,2013-06-27 00:00:00,2026-01-01 00:00:00,2026-01-28 23:07:00,0,0,0,INICIAL,FJX001 ,Con_Facturas,,,,,,,,,,,,,,,GSC
2026-02-01 00:00:00,773160505060,27,DW,01,D,03,279,GARCIA ESCALANTE RUBEN F      ,1C,CORTADO,5BCF15 ,2,F623,25P2,2025-11-01 00:00:00,1,0,3,2025-09-18 00:00:00,2025-11-19 00:00:00,2025-11-21 00:00:00,0,67,,,,,,,BIMESTRAL NON,100,2016-05-29 00:00:00,2025-11-01 00:00:00,2025-11-19 09:47:00,4821,0,2,RECIBIDA,YP989X ,Con_Facturas,,,,2025-11-19 09:47:37,2731,L,9JRB6,YP989X ,0,Opt,32,UI DERIVACION,32,S,GSC
2026-02-01 00:00:00,773250602781,40,DW,01,D,04,405,AMAYA CHI JESUS MANUEL        ,1C,ACTIVO,GGU035 ,1,F123,23NX,2026-02-01 00:00:00,2,,,,,,,,85,85,0,,,GAC1M,BIMESTRAL PAR,259,2025-06-13 00:00:00,2026-02-01 00:00:00,2026-02-25 13:14:00,85,85,2,RECIBIDA,GGU035 ,Sin_Facturas,,,,,,,,,,,,,,,GSC
2026-02-01 00:00:00,773251103487,40,DW,01,D,01,402,PENA ORDAZ ALMA LIDIA         ,1C,ACTIVO,UC821N ,2,F623,21NY,2026-02-01 00:00:00,2,,,,,,,,13,13,0,,,9MCDC,BIMESTRAL PAR,93,2025-11-26 00:00:00,2026-02-01 00:00:00,2026-02-25 15:53:00,13,13,2,RECIBIDA,UC821N ,Sin_Facturas,,,,,,,,,,,,,,,GSC
2026-02-01 00:00:00,773251103550,27,DW,01,D,03,279,AKE CAUICH ALFREDO            ,1C,ACTIVO,4AUN10 ,2,F623,25P2,2025-11-01 00:00:00,0,,,,,,,,0,0,0,,,     ,BIMESTRAL NON,77,2025-12-12 00:00:00,2025-11-01 00:00:00,2025-12-12 00:00:00,0,0,0,INICIAL,4AUN10 ,Sin_Facturas,,,,,,,,,,,,,,,GSC
2026-02-01 00:00:00,773251103916,27,DW,01,D,03,279,CAUICH GOMEZ JORGE CARLOS     ,1C,ACTIVO,4AUN08 ,2,F623,25P2,2025-11-01 00:00:00,0,,,,,,,,0,0,0,,,     ,BIMESTRAL NON,91,2025-11-28 00:00:00,2025-11-01 00:00:00,2025-11-28 00:00:00,0,0,0,INICIAL,4AUN08 ,Sin_Facturas,,,,,,,,,,,,,,,GSC
2026-02-01 00:00:00,774251002946,21,DW,01,E,02,215,PADRON CERVERA FERNANDO MOISES,02,ACTIVO,5BCN54 ,2,F623,25P2,2025-12-01 00:00:00,2,,,,,,,,0,0,51,,,9P11W,BIMESTRAL NON,126,2025-10-24 00:00:00,2025-12-01 00:00:00,2025-12-03 11:39:00,0,0,2,RECIBIDA,5BCN54 ,Sin_Facturas,NO ENCONTRE DOMI,,,2025-12-03 11:39:10,0452,R,9P11W,5BCN54 ,0,Nor,51,NO ENCONTRE DOMI,,,GSC
2026-02-01 00:00:00,777251102338,23,DW,01,J,03,232,BARRERA ACEVEDO OMAR ALEJANDRO,1C,ACTIVO,PAY143 ,1,F123,24NX,2026-01-01 00:00:00,2,,,,,,,,0,0,51,,,9NCYP,BIMESTRAL NON,94,2025-11-25 00:00:00,2026-01-01 00:00:00,2026-01-21 14:25:00,0,0,2,RECIBIDA,PAY143 ,Sin_Facturas,NO ENCONTRE DOMI,,,2026-01-21 14:25:25,2951,R,9NCYP,PAY143 ,0,Nor,51,NO ENCONTRE DOMI,,,GSC
2026-02-01 00:00:00,777251102656,23,DW,01,J,03,232,PAREDES CANCHE MARIA MAGDALENA,1C,ACTIVO,PAX133 ,1,F123,24NX,2026-01-01 00:00:00,2,,,,,,,,0,0,51,,,9NCYP,BIMESTRAL NON,90,2025-11-29 00:00:00,2026-01-01 00:00:00,2026-01-21 14:25:00,0,0,2,RECIBIDA,PAX133 ,Sin_Facturas,NO ENCONTRE DOMI,,,,,,,,,,,,,,GSC
2026-02-01 00:00:00,777260102341,82,DW,01,J,09,123,IMAGEN MOLECULAR PENINSULAR   ,77,ACTIVO,CKV588 ,3,VL28,22NJ,,,,,,,,,,,,,,,,ESPECIALES,39,2026-01-19 00:00:00,,,,,,,,Sin_Facturas,,,,,,,,,,,,,,,GSC
2026-02-01 00:00:00,779251100818,11,DW,01,M,13,112,RAZO LUJAMBIO ANA ROSALIA     ,1D,ACTIVO,8AUU59 ,2,F623,25P2,2025-12-01 00:00:00,2,,,,,,,,0,0,51,,,9P11W,BIMESTRAL NON,114,2025-11-05 00:00:00,2025-12-01 00:00:00,2025-12-03 11:44:00,0,0,2,RECIBIDA,8AUU59 ,Sin_Facturas,NO ENCONTRE DOMI,,,,,,,,,,,,,,GSC
2026-02-01 00:00:00,779251201207,11,DW,01,M,13,112,OSORIO NAVA JORGE EDUARDO     ,1D,ACTIVO,0AUL29 ,2,F623,25P2,2026-01-01 00:00:00,2,,,,,,,,0,0,51,,,G92B1,BIMESTRAL NON,80,2025-12-09 00:00:00,2026-01-01 00:00:00,2026-01-17 11:12:00,0,0,2,RECIBIDA,0AUL29 ,Sin_Facturas,NO ENCONTRE DOMI,,,,,,,,,,,,,,GSC
2026-02-01 00:00:00,779251202254,24,DW,01,M,15,243,CHRISTOPHER    SEELS          ,1D,ACTIVO,WPJ657 ,2,F623,24P2,2026-02-01 00:00:00,0,,,,,,,,1,0,0,,,     ,BIMESTRAL PAR,76,2025-12-13 00:00:00,2026-02-01 00:00:00,2025-12-13 00:00:00,1,0,0,INICIAL,WPJ657 ,Sin_Facturas,,,,,,,,,,,,,,,GSC
2026-02-01 00:00:00,780251205626,79,DW,12,C,01,791,MUNICIPIO DE BENITO JUAREZ    ,5A,ACTIVO,6ECG83 ,3,F623,25NJ,2026-02-01 00:00:00,2,,,,,,,,1544,1544,0,,,9P180,MENSUAL,65,2025-12-24 00:00:00,2026-02-01 00:00:00,2026-02-23 09:58:00,1544,1544,2,RECIBIDA,6ECG83 ,Sin_Facturas,,,,,,,,,,,,,,,GSC
2026-02-01 00:00:00,780251206207,68,DW,12,A,01,680,ECONOPLUS SERVICIO DE LIMPIEZA,67,ACTIVO,6ECG29 ,3,KL28,25NJ,2026-01-01 00:00:00,0,,,,,,,,0,0,0,,,     ,MENSUAL,56,2026-01-02 00:00:00,2026-01-01 00:00:00,2026-01-02 00:00:00,0,0,0,INICIAL,6ECG29 ,Sin_Facturas,,,,,,,,,,,,,,,GSC
2026-02-01 00:00:00,782250404326,40,DW,12,C,01,402,MORALES VILLEGAS GUILERMO LUIS,1D,ACTIVO,YH737L ,2,F623,21NU,2025-12-01 00:00:00,0,,,,,,,,0,0,0,,,     ,BIMESTRAL PAR,304,2025-04-29 00:00:00,2025-12-01 00:00:00,2025-04-29 00:00:00,0,0,0,INICIAL,YH737L ,Sin_Facturas,,,,,,,,,,,,,,,GSC
2026-02-01 00:00:00,783251104241,01,DW,12,D,01,015,RODRIGUEZ GARCIA JUAN MANUEL  ,1D,ACTIVO,UK519X ,2,F623,21NY,2026-01-01 00:00:00,2,,,,,,,,0,0,51,,,R9982,BIMESTRAL NON,100,2025-11-19 00:00:00,2026-01-01 00:00:00,2026-01-15 12:29:00,0,0,2,RECIBIDA,UK519X ,Sin_Facturas,NO ENCONTRE DOMI,,,2026-01-15 12:29:11,1951,R,R9982,UK519X ,0,Nor,51,NO ENCONTRE DOMI,,,GSC
2026-02-01 00:00:00,783251107372,40,DW,12,D,01,408,CHUC CUPUL JOSE ALFREDO       ,1B,ACTIVO,XNF256 ,1,F123,24NX,2026-02-01 00:00:00,2,,,,,,,,51,51,0,,,GAF1M,BIMESTRAL PAR,90,2025-11-29 00:00:00,2026-02-01 00:00:00,2026-02-25 15:02:00,51,51,2,RECIBIDA,XNF256 ,Sin_Facturas,,,,,,,,,,,,,,,GSC
2026-02-01 00:00:00,783251200046,40,DW,12,D,01,408,HERNANDEZ LOPEZ MARIBEL       ,1B,ACTIVO,XNF327 ,1,F123,24NX,2026-02-01 00:00:00,2,,,,,,,,213,213,0,,,GAF1M,BIMESTRAL PAR,87,2025-12-02 00:00:00,2026-02-01 00:00:00,2026-02-25 15:16:00,213,213,2,RECIBIDA,XNF327 ,Sin_Facturas,,,,,,,,,,,,,,,GSC
2026-02-01 00:00:00,783251200062,40,DW,12,D,01,408,CRUZ PEREZ ENRIQUE            ,1B,ACTIVO,XND205 ,1,F123,24NX,2026-02-01 00:00:00,2,,,,,,,,537,537,0,,,GAF1M,BIMESTRAL PAR,87,2025-12-02 00:00:00,2026-02-01 00:00:00,2026-02-25 14:59:00,537,537,2,RECIBIDA,XND205 ,Sin_Facturas,,,,,,,,,,,,,,,GSC
2026-02-01 00:00:00,783251200071,40,DW,12,D,01,408,GUZMAN PEREZ JESUS IVAN       ,1B,ACTIVO,XMN720 ,1,F123,24NX,2026-02-01 00:00:00,2,,,,,,,,8,8,0,,,GAF1M,BIMESTRAL PAR,87,2025-12-02 00:00:00,2026-02-01 00:00:00,2026-02-25 15:05:00,8,8,2,RECIBIDA,XMN720 ,Sin_Facturas,,,,,,,,,,,,,,,GSC
2026-02-01 00:00:00,783251200119,40,DW,12,D,01,408,XOOC CUPUL JOSE FRANCISCO     ,1B,ACTIVO,XMN640 ,1,F123,24NX,2026-02-01 00:00:00,2,,,,,,,,283,283,0,,,GAF1M,BIMESTRAL PAR,87,2025-12-02 00:00:00,2026-02-01 00:00:00,2026-02-25 15:01:00,283,283,2,RECIBIDA,XMN640 ,Sin_Facturas,,,,,,,,,,,,,,,GSC
2026-02-01 00:00:00,783251200143,40,DW,12,D,01,408,CRUZ RAMIREZ JOSE SANTA       ,1B,ACTIVO,XMN722 ,1,F123,24NX,2026-02-01 00:00:00,2,,,,,,,,130,130,0,,,GAF1M,BIMESTRAL PAR,87,2025-12-02 00:00:00,2026-02-01 00:00:00,2026-02-25 15:07:00,130,130,2,RECIBIDA,XMN722 ,Sin_Facturas,,,,,,,,,,,,,,,GSC
2026-02-01 00:00:00,783251200216,40,DW,12,D,01,408,PEREZ LOPEZ HILDA             ,1B,ACTIVO,XMN639 ,1,F123,24NX,2026-02-01 00:00:00,2,,,,,,,,267,267,0,,,GAF1M,BIMESTRAL PAR,87,2025-12-02 00:00:00,2026-02-01 00:00:00,2026-02-25 14:56:00,267,267,2,RECIBIDA,XMN639 ,Sin_Facturas,,,,,,,,,,,,,,,GSC
2026-02-01 00:00:00,783251200470,40,DW,12,D,01,408,CORTES VELAZQUEZ MARTHA       ,1B,ACTIVO,XMN641 ,1,F123,24NX,2026-02-01 00:00:00,2,,,,,,,,78,78,0,,,GAF1M,BIMESTRAL PAR,87,2025-12-02 00:00:00,2026-02-01 00:00:00,2026-02-25 15:01:00,78,78,2,RECIBIDA,XMN641 ,Sin_Facturas,,,,,,,,,,,,,,,GSC
2026-02-01 00:00:00,783251200607,40,DW,12,D,01,408,ACEVEDO ALVAREZ JOSE ISAIAS   ,1B,ACTIVO,XNF294 ,1,F123,24NX,2026-02-01 00:00:00,2,,,,,,,,94,94,0,,,GAF1M,BIMESTRAL PAR,86,2025-12-03 00:00:00,2026-02-01 00:00:00,2026-02-25 15:07:00,94,94,2,RECIBIDA,XNF294 ,Sin_Facturas,,,,,,,,,,,,,,,GSC
2026-02-01 00:00:00,773090502246,15,DW,01,A,02,152,TAMAYO MILLAN CAROLINA        ,1D,ACTIVO,PCW511 ,1,F123,24NX,2025-11-01 00:00:00,1,0,0,2025-09-08 00:00:00,2025-11-10 00:00:00,2025-11-12 00:00:00,0,66,,,,,,,BIMESTRAL NON,109,2009-04-28 00:00:00,2025-11-01 00:00:00,2025-11-10 08:27:00,20412,0,2,RECIBIDA,D630G4 ,Con_Facturas,,,,2025-11-10 08:26:52,1501,M,G92B5,D630G4 ,0,Nor,31,SERVICIO SIN USO,,,GSC
2026-02-01 00:00:00,811100101864,26,DW,22,B,01,262,CHI CHI JOSE ALBERTO          ,1D,ACTIVO,,2,,,2025-12-01 00:00:00,2,0,7,2025-10-16 00:00:00,2025-12-17 00:00:00,2026-01-27 00:00:00,16,67,,,,,,,BIMESTRAL PAR,72,2010-09-10 00:00:00,2024-09-01 00:00:00,2024-09-09 17:12:00,11833,0,16,AJUSTADA,1C400T ,Con_Facturas,,,,2025-12-17 14:12:16,2601,M,9NCT6,JBT668 ,0,Nor,51,NO ENCONTRE DOMI,,,GSC
2026-02-01 00:00:00,782200903615,06,DW,12,C,01,060,ROBLES PEREZ GUADALUPE        ,1D,ACTIVO,,2,,,2024-12-01 00:00:00,4,0,8,2024-09-30 00:00:00,2024-12-03 00:00:00,2024-12-03 00:00:00,0,63.909999999999997,,,,,,,BIMESTRAL PAR,451,2020-09-29 00:00:00,2025-04-01 00:00:00,2025-03-01 12:09:00,12959,0,2,RECIBIDA,LV612T ,Con_Facturas,,,,2024-12-02 11:44:40,0402,M,9ND3W,LV612T ,0,Nor,5X,RUTA INCOMPLETA,,,GSC
2026-02-01 00:00:00,781990400573,07,DW,12,B,01,071,ROSA MARIA SOSA               ,1D,ACTIVO,5AXY34 ,2,F623,25P2,2025-07-01 00:00:00,4,0,0,2025-05-05 00:00:00,2025-05-06 00:00:00,2025-07-08 00:00:00,0,0,,,,,,,BIMESTRAL NON,297,1999-04-01 00:00:00,2026-01-01 00:00:00,2026-01-05 11:02:00,71057,0,2,RECIBIDA,0W07T8 ,Con_Facturas,,,,,,,,,,,,,,,GSC
2026-02-01 00:00:00,782110500287,40,DW,12,C,01,402,SIME MIS ROGER                ,1D,ACTIVO,,1,,,2024-08-01 00:00:00,4,0,2,2023-08-05 00:00:00,2024-08-01 00:00:00,2024-08-01 00:00:00,0,344.16000000000003,,,,,,,BIMESTRAL PAR,575,2011-05-04 00:00:00,2024-08-01 00:00:00,2024-08-01 10:34:00,21081,0,3,FINIQUITO,77L48L ,Con_Facturas,,,,2024-07-31 10:09:22,0403,L,9ND3W,77L48L ,0,Nor,56,NO HAY MEDIDOR,56,S,GSC
2026-02-01 00:00:00,782120600450,40,DW,12,C,01,402,QUINONES HERNANDEZ MANUEL IVAN,1D,ACTIVO,2AUY40 ,2,F623,25P2,2024-08-01 00:00:00,4,0,7,2024-07-24 00:00:00,2024-08-08 00:00:00,2024-08-08 00:00:00,0,13.69,,,,,,,BIMESTRAL PAR,568,2012-05-28 00:00:00,2024-03-01 00:00:00,2024-03-25 00:00:00,32912,229,2,RECIBIDA,279JJM ,Con_Facturas,,,,,,,,,,,,,,,GSC
2026-02-01 00:00:00,789080301947,12,DW,04,A,05,122,MSM DE LA PENINSULA SA DE CV  ,02,ACTIVO,GEL694 ,3,KL28,22NJ,2017-12-01 00:00:00,1,1,1,2017-10-04 00:00:00,2017-12-04 00:00:00,2017-12-06 00:00:00,1820,7634,,,,,,,BIMESTRAL PAR,3007,2008-03-12 00:00:00,2018-02-01 00:00:00,2018-02-02 14:00:00,18183,0,2,RECIBIDA,1EV597 ,Con_Facturas,,,,,,,,,,,,,,,GSC
2026-02-01 00:00:00,315181200473,29,DW,04,B,23,291,PINA COB JAVIER JESUS         ,1F,ACTIVO,PBK851 ,1,F123,24NX,2024-09-01 00:00:00,4,0,0,2024-07-19 00:00:00,2024-09-23 00:00:00,2024-09-23 00:00:00,0,30.16,,,,,,,BIMESTRAL NON,522,2018-12-13 00:00:00,2024-01-01 00:00:00,2024-01-19 16:31:00,5777,0,16,AJUSTADA,L639FD ,Con_Facturas,,,,2024-09-19 15:06:23,2901,L,R9476,AVR461 ,0,Nor,56,NO HAY MEDIDOR,56,S,GSC
2026-02-01 00:00:00,770061100440,15,DW,01,A,02,152,QUINTAL ARJONA JOSE ROSARIO   ,1D,ACTIVO,PCW514 ,1,F123,24NX,2025-11-01 00:00:00,1,0,8,2025-09-08 00:00:00,2025-11-10 00:00:00,2025-11-12 00:00:00,26,65,,,,,,,BIMESTRAL NON,109,2006-11-02 00:00:00,2025-11-01 00:00:00,2025-11-10 12:38:00,41438,26,2,RECIBIDA,9G25F4 ,Con_Facturas,,,,,,,,,,,,,,,GSC
2026-02-01 00:00:00,772170601222,37,DW,01,C,02,376,VIDAL GOMEZ ALVARO IVAN       ,1D,ACTIVO,XMT260 ,1,F123,24NX,2022-03-01 00:00:00,4,0,5,2022-01-25 00:00:00,2022-03-29 00:00:00,2022-03-29 00:00:00,8,1303.27,,,,,,,BIMESTRAL NON,1431,2017-08-02 00:00:00,2026-01-01 00:00:00,2026-01-26 18:36:00,341,332,2,RECIBIDA,F333CK ,Con_Facturas,,,,,,,,,,,,,,,GSC
2026-02-01 00:00:00,771790600122,08,DW,01,B,02,082,VELAZQUEZ VICTORIA MA CRISTINA,1D,ACTIVO,JFR537 ,2,F623,23NU,2025-02-01 00:00:00,4,0,8,2025-01-30 00:00:00,2025-02-12 00:00:00,2025-02-12 00:00:00,0,0,,,,,,,BIMESTRAL PAR,380,1979-06-08 00:00:00,2025-02-01 00:00:00,2025-02-12 20:39:00,43116,99639,3,FINIQUITO,64W71G ,Con_Facturas,,,,2025-01-31 17:30:29,0851,R,9MC6H,64W71G ,0,Nor,56,NO HAY MEDIDOR,56,S,GSC
2026-02-01 00:00:00,772050402137,32,DW,01,C,01,324,MEDINA CORTEZ JUAN MANUEL     ,1D,ACTIVO,7AXL04 ,2,F623,25P2,2026-02-01 00:00:00,4,0,6,2023-12-22 00:00:00,2023-12-23 00:00:00,2026-02-13 00:00:00,8,0,,,,,,,BIMESTRAL PAR,797,2005-04-25 00:00:00,2024-10-01 00:00:00,2024-10-21 11:53:00,52023,0,2,RECIBIDA,6B384V ,Con_Facturas,,,,,,,,,,,,,,,GSC
2026-02-01 00:00:00,772920701321,03,DW,01,C,02,038,SUSANA I CHIN BAQUEDANO       ,1D,ACTIVO,0DWA06 ,2,F623,25NY,2024-05-01 00:00:00,4,0,3,2024-02-28 00:00:00,2024-05-02 00:00:00,2024-05-02 00:00:00,0,63.189999999999998,,,,,,,BIMESTRAL NON,666,1992-07-06 00:00:00,2023-03-01 00:00:00,2023-02-28 00:00:00,6089,64,2,RECIBIDA,56LU76 ,Con_Facturas,,,,2024-04-30 12:52:40,0302,L,R9631,DRV232 ,0,Nor,56,NO HAY MEDIDOR,56,S,GSC
2026-02-01 00:00:00,773070803886,09,DW,01,D,01,093,CHAN CANUL ELEAZAR MOISES     ,02,ACTIVO,PKL929 ,2,F123,24NX,2023-10-01 00:00:00,4,0,8,2023-09-05 00:00:00,2023-10-23 00:00:00,2023-10-23 00:00:00,40,0,,,,,,,BIMESTRAL NON,858,2023-08-01 00:00:00,2007-07-01 00:00:00,2007-08-01 00:00:00,1,0,0,INICIAL,22PA88 ,Con_Facturas,,,,,,,,,,,,,,,GSC
2026-02-01 00:00:00,795240400335,24,DW,05,A,01,241,CORDOVA MORALES GUADALUPE     ,1F,CORTADO,,2,,,2025-12-01 00:00:00,4,0,3,2025-11-05 00:00:00,2025-12-18 00:00:00,2025-12-18 00:00:00,43,57.950000000000003,,,,,,,BIMESTRAL PAR,71,2024-04-05 00:00:00,2025-11-01 00:00:00,2025-11-05 13:45:00,30314,0,3,FINIQUITO,JBN994 ,Con_Facturas,,,,,,,,,,,,,,,GSC
2026-02-01 00:00:00,796090901680,01,DW,06,A,01,011,HOTEL PLATAS                  ,02,SUJETO A CORTE,,3,,,2025-07-01 00:00:00,4,0,7,2025-06-27 00:00:00,2025-07-09 00:00:00,2025-07-09 00:00:00,2140,10521.870000000001,,,,,,,BIMESTRAL NON,233,2009-05-01 00:00:00,2025-07-01 00:00:00,2025-07-09 09:48:00,71620,2140,3,FINIQUITO,67P4B4 ,Con_Facturas,,,,2025-06-27 08:19:28,0103,M,R9907,67P4B4 ,0,Nor,56,NO HAY MEDIDOR,56,S,GSC
2026-02-01 00:00:00,773241100285,31,DW,01,D,03,319,HERNANDEZ RAMOS JUANA         ,1C,ACTIVO,3AUK23 ,2,F623,25P2,2025-01-01 00:00:00,4,0,9,2025-01-21 00:00:00,2025-01-24 00:00:00,2025-01-24 00:00:00,0,3.2799999999999998,,,,,,,BIMESTRAL NON,399,2024-11-07 00:00:00,2025-01-01 00:00:00,2025-01-24 22:59:00,95,99905,3,FINIQUITO,WMW437 ,Con_Facturas,,,,2025-01-21 10:35:52,3130,L,9ND4J,WMW437 ,0,Nor,56,NO HAY MEDIDOR,56,S,GSC
2026-02-01 00:00:00,796020706375,31,DW,06,A,01,313,GARCIA CAPELINE ARACELY M     ,1C,ACTIVO,,2,,,2021-04-01 00:00:00,4,0,3,2020-09-22 00:00:00,2020-09-15 00:00:00,2021-04-29 00:00:00,0,0,,,,,,,BIMESTRAL NON,1991,2002-07-28 00:00:00,2002-07-01 00:00:00,2002-07-28 00:00:00,5,0,0,INICIAL,2X4P96 ,Con_Facturas,,,,,,,,,,,,,,,GSC
2026-02-01 00:00:00,798140100198,80,DW,06,C,57,001,MPIO DE JOSE MA MORELOS       ,5A,ACTIVO,684B8N ,2,F622,13LM,2025-10-01 00:00:00,1,0,1,2025-09-30 00:00:00,2025-10-31 00:00:00,2025-10-31 00:00:00,744,4043,,,,,,,MENSUAL,119,2014-01-05 00:00:00,2025-09-01 00:00:00,2050-01-01 00:00:00,0,0,0,INICIAL,S0MEDD ,Con_Facturas,,,,,,,,,,,,,,,GSC
2026-02-01 00:00:00,798140100201,80,DW,06,C,57,001,MPIO DE JOSE MA MORELOS       ,5A,ACTIVO,679B0N ,2,F622,13LM,2025-10-01 00:00:00,1,0,4,2025-09-30 00:00:00,2025-10-31 00:00:00,2025-10-31 00:00:00,744,4043,,,,,,,MENSUAL,119,2014-01-05 00:00:00,2025-06-01 00:00:00,2025-06-11 10:47:00,13558,11,8,ESTIMADA-C,679B0N ,Con_Facturas,,,,,,,,,,,,,,,GSC
2026-02-01 00:00:00,773800600439,82,DW,01,D,01,125,PROD DE POLIETILENO S A       ,77,ACTIVO,,3,,,2021-06-01 00:00:00,4,0,1,2021-05-31 00:00:00,2021-06-24 00:00:00,2021-06-24 00:00:00,66386,993954.47999999998,,,,,,,ESPECIALES,1709,1980-06-30 00:00:00,2000-07-01 00:00:00,2000-07-04 13:17:00,5665,64800,4,ESTIMADA-P,070114 ,Con_Facturas,,,,,,,,,,,,,,,GSC
2026-02-01 00:00:00,773931201963,15,DW,01,D,01,152,LUIS M AMAYA ALCOCER          ,1D,ACTIVO,XV758Y ,2,F622,21LM,2025-02-01 00:00:00,4,0,5,2025-01-09 00:00:00,2025-02-12 00:00:00,2025-02-12 00:00:00,0,0,,,,,,,BIMESTRAL NON,380,1993-12-28 00:00:00,2025-02-01 00:00:00,2025-02-12 21:40:00,27423,0,3,FINIQUITO,82PR31 ,Con_Facturas,,,,,,,,,,,,,,,GSC
2026-02-01 00:00:00,774240400338,38,DW,01,M,13,384,ROSADO CEBALLOS FANNY DE JESUS,1D,ACTIVO,,2,,,2024-08-01 00:00:00,4,0,1,2024-08-26 00:00:00,2024-08-31 00:00:00,2024-08-31 00:00:00,0,0,,,,,,,BIMESTRAL PAR,545,2024-04-04 00:00:00,2024-08-01 00:00:00,2024-08-01 10:37:00,0,0,3,FINIQUITO,JFY178 ,Con_Facturas,,,,2024-08-28 12:16:06,3851,R,9BBVP,JFY178 ,0,Nor,51,NO ENCONTRE DOMI,,,GSC
2026-02-01 00:00:00,773920901823,27,DW,01,D,03,279,NOEMI QUINTAL DE QUERO        ,1C,ACTIVO,3ANF98 ,1,F123,25NX,2025-11-01 00:00:00,1,0,4,2025-09-18 00:00:00,2025-11-19 00:00:00,2025-11-21 00:00:00,31,66,,,,,,,BIMESTRAL NON,100,1992-09-28 00:00:00,2025-11-01 00:00:00,2025-11-19 10:55:00,17221,31,2,RECIBIDA,H69N33 ,Con_Facturas,,,,,,,,,,,,,,,GSC
2026-02-01 00:00:00,775140500188,08,DW,01,G,01,080,CAMPOS MENDEZ CAMILO DE JESUS ,1B,ACTIVO,,1,,,2019-08-01 00:00:00,4,0,7,2050-01-01 00:00:00,2019-08-07 00:00:00,2019-08-07 00:00:00,0,0,,,,,,,BIMESTRAL PAR,2396,2014-05-05 00:00:00,2019-08-01 00:00:00,2019-08-07 12:07:00,6604,0,3,FINIQUITO,288H8A ,Con_Facturas,,,,,,,,,,,,,,,GSC
2026-02-01 00:00:00,773931201467,27,DW,01,D,03,278,VARGUEZ UCAN FRANCISCO        ,1C,ACTIVO,5WI627 ,1,F121,99GG,2025-11-01 00:00:00,1,0,1,2025-09-18 00:00:00,2025-11-19 00:00:00,2025-11-21 00:00:00,51,68,52320,51,0,0,0,9NCXD,BIMESTRAL NON,100,2024-01-04 00:00:00,2000-02-01 00:00:00,2000-02-09 09:09:00,1,0,0,INICIAL,5WL627 ,Con_Facturas,,,,,,,,,,,,,,,GSC
2026-02-01 00:00:00,774251001087,40,DW,01,E,02,406,UC MARTIN MARTHA LETICIA      ,1D,ACTIVO,RBG750 ,2,F623,24NY,2025-10-01 00:00:00,1,1,1,2025-10-09 00:00:00,2025-10-27 00:00:00,2025-10-29 00:00:00,0,678,0,0,56,0,0,9JR11,BIMESTRAL PAR,123,2025-10-09 00:00:00,2026-02-01 00:00:00,2026-02-25 11:18:00,4741,1993,2,RECIBIDA,RBG750 ,Con_Facturas,NO HAY MEDIDOR,,,2025-10-28 10:54:51,4051,R,9JR11,RBG750 ,0,Nor,56,NO HAY MEDIDOR,56,S,GSC
2026-02-01 00:00:00,774251003403,07,DW,01,E,37,071,ARANA VAZQUEZ DULCE MARIA     ,1D,ACTIVO,9BDG06 ,2,F623,25P2,2025-11-01 00:00:00,1,1,3,2025-10-29 00:00:00,2025-11-06 00:00:00,2025-11-10 00:00:00,0,667,0,0,51,0,0,9JR2C,BIMESTRAL NON,113,2025-10-29 00:00:00,2026-01-01 00:00:00,2026-01-08 08:53:00,0,0,2,RECIBIDA,9BDG06 ,Con_Facturas,NO ENCONTRE DOMI,,,2025-11-07 09:41:37,1151,R,9JR2C,9BDG06 ,0,Nor,51,NO ENCONTRE DOMI,,,GSC
2026-02-01 00:00:00,774251003551,07,DW,01,E,37,071,ESCOBEDO YANES JOSE ERNESTO   ,1D,ACTIVO,4BCW04 ,2,F623,25P2,2025-11-01 00:00:00,1,1,0,2025-10-30 00:00:00,2025-11-06 00:00:00,2025-11-10 00:00:00,0,666,0,0,51,0,0,9JR2C,BIMESTRAL NON,113,2025-10-30 00:00:00,2026-01-01 00:00:00,2026-01-08 08:51:00,0,0,2,RECIBIDA,4BCW04 ,Con_Facturas,NO ENCONTRE DOMI,,,2025-11-07 09:41:45,1151,R,9JR2C,4BCW04 ,0,Nor,51,NO ENCONTRE DOMI,,,GSC
2026-02-01 00:00:00,774251003667,07,DW,01,E,37,071,MONTEMAYOR SERRANO JUAN JAIME ,1D,ACTIVO,4BCW07 ,2,F623,25P2,2025-11-01 00:00:00,1,1,2,2025-10-30 00:00:00,2025-11-06 00:00:00,2025-11-10 00:00:00,0,666,0,0,51,0,0,9JR2C,BIMESTRAL NON,113,2025-10-30 00:00:00,2026-01-01 00:00:00,2026-01-08 08:52:00,0,0,2,RECIBIDA,4BCW07 ,Con_Facturas,NO ENCONTRE DOMI,,,2025-11-07 09:41:41,1151,R,9JR2C,4BCW07 ,0,Nor,51,NO ENCONTRE DOMI,,,GSC
2026-02-01 00:00:00,773960702751,27,DW,01,D,03,276,GUILLERMO COVARRUBIAS         ,1C,ACTIVO,F835E3 ,1,F121,95F5,2025-11-01 00:00:00,1,0,1,2025-09-18 00:00:00,2025-11-19 00:00:00,2025-11-21 00:00:00,428,891,34027,428,0,0,0,GAC1M,BIMESTRAL NON,100,1996-07-27 00:00:00,2025-11-01 00:00:00,2025-11-19 11:40:00,34027,428,2,RECIBIDA,F835E3 ,Con_Facturas,,,,,,,,,,,,,,,GSC
2026-02-01 00:00:00,773980807427,27,DW,01,D,03,276,SATURNINA CHAVEZ DZIB         ,1C,CORTADO,9BX166 ,1,F121,98F5,2025-11-01 00:00:00,1,0,4,2025-09-18 00:00:00,2025-11-19 00:00:00,2025-11-21 00:00:00,303,447,18768,303,0,0,0,GAC1M,BIMESTRAL NON,100,1998-08-26 00:00:00,2025-11-01 00:00:00,2025-11-19 09:33:00,18768,303,2,RECIBIDA,9BX166 ,Con_Facturas,,,,,,,,,,,,,,,GSC
2026-02-01 00:00:00,773980905071,27,DW,01,D,03,279,JAVIER GPE CHEL YEH           ,1C,ACTIVO,4HF915 ,1,F121,98GG,2025-11-01 00:00:00,1,0,9,2025-09-18 00:00:00,2025-11-19 00:00:00,2025-11-21 00:00:00,1007,3626,53257,1007,0,0,0,9JRB6,BIMESTRAL NON,100,1998-09-24 00:00:00,2025-11-01 00:00:00,2025-11-19 10:25:00,53257,1007,2,RECIBIDA,4HF915 ,Con_Facturas,,,,,,,,,,,,,,,GSC
2026-02-01 00:00:00,773990402841,27,DW,01,D,03,278,ROBERTO CAN CAN               ,1C,ACTIVO,5GY217 ,1,F121,98GG,2025-11-01 00:00:00,1,0,1,2025-09-18 00:00:00,2025-11-19 00:00:00,2025-11-21 00:00:00,400,759,61663,400,0,0,0,9EMCB,BIMESTRAL NON,100,1999-04-12 00:00:00,2025-11-01 00:00:00,2025-11-20 10:12:00,61663,400,2,RECIBIDA,5GY217 ,Con_Facturas,,,,,,,,,,,,,,,GSC
2026-02-01 00:00:00,773990502080,27,DW,01,D,03,277,BUENAVENTURA LARA PECH        ,1C,CORTADO,DXE447 ,1,F123,22NX,2025-11-01 00:00:00,1,1,4,2025-09-18 00:00:00,2025-11-19 00:00:00,2025-11-21 00:00:00,0,67,622,0,53,0,0,9EMCB,BIMESTRAL NON,100,1999-05-10 00:00:00,2023-07-01 00:00:00,2023-07-19 00:00:00,2711,0,2,RECIBIDA,298N4U ,Con_Facturas,UI SERV DIRECTO,,,2025-11-20 08:24:39,2751,R,9EMCB,DXE447 ,0,Nor,53,UI SERV DIRECTO,53,S,GSC
2026-02-01 00:00:00,773990600391,27,DW,01,D,03,278,ROSA MA QUINTAL PECH          ,1C,ACTIVO,KL786L ,1,F123,20NT,2025-11-01 00:00:00,1,0,1,2025-09-18 00:00:00,2025-11-19 00:00:00,2025-11-21 00:00:00,505,1254,13894,505,0,0,0,9EMCB,BIMESTRAL NON,100,1999-06-22 00:00:00,2021-03-01 00:00:00,2021-03-22 16:17:00,57066,180,16,AJUSTADA,7JW825 ,Con_Facturas,,,,,,,,,,,,,,,GSC
2026-02-01 00:00:00,774120101809,29,DW,01,E,02,291,MUNICIPIO DE MERIDA YUCATAN   ,5A,ACTIVO,WNR415 ,3,F623,24P2,2025-12-01 00:00:00,1,0,1,2025-10-20 00:00:00,2025-12-19 00:00:00,2025-12-23 00:00:00,713,3840,2338,713,0,0,0,9JR11,BIMESTRAL NON,70,2012-04-11 00:00:00,2024-11-01 00:00:00,2024-10-01 13:47:00,82064,0,2,RECIBIDA,90W64B ,Con_Facturas,,,,,,,,,,,,,,,GSC
2026-02-01 00:00:00,774160701426,40,DW,01,E,02,403,BASTARRACHEA CARDENA MARIO EDU,02,ACTIVO,EM971D ,2,F623,19NU,2021-12-01 00:00:00,4,0,2,2021-10-27 00:00:00,2021-12-29 00:00:00,2021-12-29 00:00:00,4,0,3081,4,0,0,0,Y2000,BIMESTRAL PAR,1521,2016-07-28 00:00:00,2020-04-01 00:00:00,2020-04-16 09:09:00,14444,761,2,RECIBIDA,175ED5 ,Con_Facturas,,,,,,,,,,,,,,,GSC
2026-02-01 00:00:00,774221100081,40,DW,01,E,02,402,RAMON CENTENO JUANA DEL CARMEN,02,ACTIVO,687EC9 ,2,F62H,11KN,2025-11-01 00:00:00,4,0,0,2025-10-27 00:00:00,2025-11-20 00:00:00,2025-11-20 00:00:00,1,0,63382,1,0,0,0,Y2000,BIMESTRAL PAR,99,2022-11-01 00:00:00,2026-02-01 00:00:00,2026-02-25 10:06:00,1,36619,2,RECIBIDA,687EC9 ,Con_Facturas,,,,,,,,,,,,,,,GSC
2026-02-01 00:00:00,773880800948,27,DW,01,D,03,279,GOROCICA CHAN FRANCISCA       ,1C,ACTIVO,F5C983 ,1,F121,88F5,2025-11-01 00:00:00,1,0,4,2025-09-18 00:00:00,2025-11-19 00:00:00,2025-11-21 00:00:00,454,1014,72634,454,0,0,0,9EMCB,BIMESTRAL NON,100,1988-08-19 00:00:00,2025-11-01 00:00:00,2025-11-20 10:21:00,72634,454,2,RECIBIDA,F5C983 ,Con_Facturas,,,,,,,,,,,,,,,GSC
2026-02-01 00:00:00,773240404698,27,DW,01,D,03,279,ORTIZ BRITO IVVET ANALI       ,1C,ACTIVO,NK446V ,2,F623,20NU,2025-11-01 00:00:00,1,0,1,2025-09-18 00:00:00,2025-11-19 00:00:00,2025-11-21 00:00:00,2016,8390,15502,2016,0,0,0,9JRB6,BIMESTRAL NON,100,2024-04-19 00:00:00,2025-11-01 00:00:00,2025-11-19 11:14:00,15502,2016,2,RECIBIDA,NK446V ,Con_Facturas,,,,,,,,,,,,,,,GSC
2026-02-01 00:00:00,796021101167,28,DW,06,A,06,061,CHAN MORATAYA BLANCA IMELDA   ,1C,ACTIVO,550TY6 ,1,F122,12LH,2025-12-01 00:00:00,1,0,5,2025-10-14 00:00:00,2025-12-15 00:00:00,2025-12-17 00:00:00,101,126,8327,101,0,0,0,9P134,BIMESTRAL PAR,74,2002-11-08 00:00:00,2002-10-01 00:00:00,2002-11-08 00:00:00,3,0,0,INICIAL,0F0U77 ,Con_Facturas,,,,,,,,,,,,,,,GSC
2026-02-01 00:00:00,796040503683,28,DW,06,A,06,061,GONZALEZ CASUM MAURA          ,1C,ACTIVO,545TY6 ,1,F122,12LH,2025-12-01 00:00:00,1,0,1,2025-10-14 00:00:00,2025-12-15 00:00:00,2025-12-17 00:00:00,405,733,20923,405,0,0,0,9P134,BIMESTRAL PAR,74,2004-04-14 00:00:00,2004-04-01 00:00:00,2004-04-14 00:00:00,800,0,0,INICIAL,9P2W85 ,Con_Facturas,,,,,,,,,,,,,,,GSC
2026-02-01 00:00:00,796051104284,28,DW,06,A,06,061,VELAZQUEZ TIQUET RAFAEL       ,1C,ACTIVO,PHM827 ,1,F123,24NX,2025-12-01 00:00:00,1,0,0,2025-10-14 00:00:00,2025-12-15 00:00:00,2025-12-17 00:00:00,149,185,614,149,0,0,0,9P134,BIMESTRAL PAR,74,2005-11-24 00:00:00,2025-06-01 00:00:00,2025-06-13 00:00:00,17595,78,2,RECIBIDA,7K469G ,Con_Facturas,,,,,,,,,,,,,,,GSC
2026-02-01 00:00:00,773241201898,27,DW,01,D,03,277,DE LA O HERNANDEZ EDDY        ,1C,ACTIVO,PKD548 ,1,F123,24NX,2025-11-01 00:00:00,1,1,9,2025-09-18 00:00:00,2025-11-19 00:00:00,2025-11-21 00:00:00,15,67,75,15,56,0,0,9EMCB,BIMESTRAL NON,100,2024-12-13 00:00:00,2025-11-01 00:00:00,2025-09-18 09:06:00,75,15,4,ESTIMADA-P,PKD548 ,Con_Facturas,NO HAY MEDIDOR,,,2025-11-20 09:05:30,2751,R,9EMCB,PKD548 ,0,Nor,56,NO HAY MEDIDOR,56,S,GSC
2026-02-01 00:00:00,773250800869,27,DW,01,D,03,275,SANTOS CASTILLO MARTHA ALICIA ,1C,ACTIVO,8DVR16 ,2,F623,25NY,2025-11-01 00:00:00,1,0,1,2025-09-18 00:00:00,2025-11-19 00:00:00,2025-11-21 00:00:00,53,70,74,53,0,0,0,9EMCB,BIMESTRAL NON,100,2025-08-06 00:00:00,2025-11-01 00:00:00,2025-11-20 11:09:00,74,53,2,RECIBIDA,8DVR16 ,Con_Facturas,,,,,,,,,,,,,,,GSC
2026-02-01 00:00:00,773250803302,40,DW,01,D,01,402,CETINA MARTINEZ JUAN ESTEBAN  ,1C,ACTIVO,4DVJ03 ,2,F623,25NY,2025-11-01 00:00:00,1,1,4,2025-09-26 00:00:00,2025-11-27 00:00:00,2025-11-30 00:00:00,0,66,0,0,51,0,0,9JRDF,BIMESTRAL PAR,92,2025-08-20 00:00:00,2026-02-01 00:00:00,2026-02-26 09:08:00,0,0,2,RECIBIDA,4DVJ03 ,Con_Facturas,NO ENCONTRE DOMI,,,2025-11-28 10:53:02,3951,R,9JRDF,4DVJ03 ,0,Nor,51,NO ENCONTRE DOMI,,,GSC
2026-02-01 00:00:00,773250903471,40,DW,01,D,01,402,TORRE PADRON YAZMIN           ,1C,ACTIVO,6DAT45 ,1,F123,25NX,2025-11-01 00:00:00,1,1,7,2025-09-26 00:00:00,2025-11-27 00:00:00,2025-11-30 00:00:00,0,67,0,0,51,0,0,9JRDF,BIMESTRAL PAR,92,2025-09-22 00:00:00,2026-02-01 00:00:00,2026-02-26 09:09:00,0,0,2,RECIBIDA,6DAT45 ,Con_Facturas,NO ENCONTRE DOMI,,,2025-11-28 10:47:08,3951,R,9JRDF,6DAT45 ,0,Nor,51,NO ENCONTRE DOMI,,,GSC
2026-02-01 00:00:00,773251000998,27,DW,01,D,03,279,FLORES BURGOS MIGUEL MATEO    ,1C,ACTIVO,PKN386 ,1,F123,24NX,2025-11-01 00:00:00,1,1,0,2025-10-08 00:00:00,2025-11-19 00:00:00,2025-11-21 00:00:00,0,265,0,0,56,0,0,9EMCB,BIMESTRAL NON,100,2025-10-08 00:00:00,2025-11-01 00:00:00,2025-11-20 11:23:00,0,0,2,RECIBIDA,PKN386 ,Con_Facturas,NO HAY MEDIDOR,,,2025-11-20 11:23:23,2751,R,9EMCB,PKN386 ,0,Nor,56,NO HAY MEDIDOR,56,S,GSC
2026-02-01 00:00:00,773251002923,40,DW,01,D,03,403,ZAMUDIO FELIX GRISELDA DEL CAR,1B,ACTIVO,4BCN60 ,2,F623,25P2,2025-11-01 00:00:00,1,1,9,2025-10-21 00:00:00,2025-11-24 00:00:00,2025-11-26 00:00:00,0,696,0,0,51,0,0,GA81N,BIMESTRAL PAR,95,2025-10-21 00:00:00,2026-02-01 00:00:00,2026-02-25 08:54:00,354,354,2,RECIBIDA,4BCN60 ,Con_Facturas,NO ENCONTRE DOMI,,,2025-11-24 17:15:19,3326,L,GA81N,4BCN60 ,0,Nor,51,NO ENCONTRE DOMI,,,GSC
2026-02-01 00:00:00,773251101115,27,DW,01,D,03,278,OSORIO DIAZ EFRAIN HUMBERTO   ,1C,ACTIVO,9BCE04 ,2,F623,25P2,2025-11-01 00:00:00,1,1,5,2025-11-10 00:00:00,2025-11-19 00:00:00,2025-11-21 00:00:00,0,672,0,0,51,0,0,9EMCB,BIMESTRAL NON,100,2025-11-10 00:00:00,2025-11-01 00:00:00,2025-11-20 11:27:00,0,0,2,RECIBIDA,9BCE04 ,Con_Facturas,NO ENCONTRE DOMI,,,2025-11-20 11:27:19,2751,R,9EMCB,9BCE04 ,0,Nor,51,NO ENCONTRE DOMI,,,GSC
2026-02-01 00:00:00,773251102227,40,DW,01,D,01,402,MOJICA ISUNZA LUIS GONZALO    ,1C,ACTIVO,UL112T ,2,F623,21NY,2025-11-01 00:00:00,1,1,1,2025-11-18 00:00:00,2025-11-27 00:00:00,2025-11-30 00:00:00,0,672,0,0,51,0,0,9JRDF,BIMESTRAL PAR,92,2025-11-18 00:00:00,2026-02-01 00:00:00,2026-02-26 09:08:00,0,0,2,RECIBIDA,UL112T ,Con_Facturas,NO ENCONTRE DOMI,,,2025-11-28 10:47:12,3951,R,9JRDF,UL112T ,0,Nor,51,NO ENCONTRE DOMI,,,GSC
2026-02-01 00:00:00,796100304481,28,DW,06,A,06,061,MARTINEZ MARCIAL LETICIA      ,1C,ACTIVO,083TY1 ,1,F122,12LH,2025-12-01 00:00:00,1,0,7,2025-10-14 00:00:00,2025-12-15 00:00:00,2025-12-17 00:00:00,624,1703,22562,624,0,0,0,9P134,BIMESTRAL PAR,74,2010-03-19 00:00:00,2010-02-01 00:00:00,2010-03-19 00:00:00,0,0,0,INICIAL,6PR704 ,Con_Facturas,,,,,,,,,,,,,,,GSC
2026-02-01 00:00:00,796250503520,28,DW,06,A,06,061,SEGOVIA TORRES RUBEN          ,1B,ACTIVO,1AAC14 ,2,F623,25NY,2025-12-01 00:00:00,1,0,6,2025-10-14 00:00:00,2025-12-15 00:00:00,2025-12-17 00:00:00,1359,4956,4447,1359,0,0,0,9P134,BIMESTRAL PAR,74,2025-05-30 00:00:00,2025-12-01 00:00:00,2025-12-15 07:57:00,4447,1359,2,RECIBIDA,1AAC14 ,Con_Facturas,,,,,,,,,,,,,,,GSC
2026-02-01 00:00:00,796251100861,28,DW,06,A,06,061,JIMENEZ PULIDO MANUEL         ,1B,ACTIVO,PKN650 ,1,F123,24NX,2025-12-01 00:00:00,1,0,0,2025-11-15 00:00:00,2025-12-15 00:00:00,2025-12-17 00:00:00,121,384,121,121,0,0,0,9P134,BIMESTRAL PAR,74,2025-11-15 00:00:00,2025-12-01 00:00:00,2025-12-15 10:30:00,121,121,2,RECIBIDA,PKN650 ,Con_Facturas,,,,,,,,,,,,,,,GSC
2026-02-01 00:00:00,796760600538,28,DW,06,A,06,061,EZEQUIEL AGUILAR VALENCIA     ,02,ACTIVO,86W31B ,2,F62H,11KN,2025-12-01 00:00:00,1,1,5,2025-10-14 00:00:00,2025-12-15 00:00:00,2025-12-17 00:00:00,76,459,8187,76,53,0,0,9MCK8,BIMESTRAL PAR,74,1976-06-06 00:00:00,2025-12-01 00:00:00,2025-10-14 11:13:00,8187,76,8,ESTIMADA-C,86W31B ,Con_Facturas,UI SERV DIRECTO,,,2025-12-15 11:13:06,2227,L,9MCK8,86W31B ,0,Nor,53,UI SERV DIRECTO,53,S,GSC
2026-02-01 00:00:00,796821200317,28,DW,06,A,06,061,REYES SANCHEZ ALBERTO         ,1B,ACTIVO,096TY0 ,1,F122,12LH,2025-12-01 00:00:00,1,1,1,2025-10-14 00:00:00,2025-12-15 00:00:00,2025-12-17 00:00:00,190,247,12448,190,59,0,0,GAX9M,BIMESTRAL PAR,74,1982-12-23 00:00:00,2025-12-01 00:00:00,2025-08-14 08:20:00,12448,190,8,ESTIMADA-C,096TY0 ,Con_Facturas,DISPLAY APAGADO,,,2025-12-15 08:19:41,2229,L,GAX9M,096TY0 ,0,Nor,59,DISPLAY APAGADO,59,S,GSC
2026-02-01 00:00:00,796880501011,28,DW,06,A,06,061,GUZMAN AMADOR ELIZABETH       ,1B,ACTIVO,448TY8 ,1,F122,12LH,2025-12-01 00:00:00,1,1,4,2025-10-14 00:00:00,2025-12-15 00:00:00,2025-12-17 00:00:00,2,63,6631,2,57,0,0,9MCJY,BIMESTRAL PAR,74,1988-05-09 00:00:00,2025-12-01 00:00:00,2025-12-15 13:36:00,6631,2,8,ESTIMADA-C,448TY8 ,Con_Facturas,RUTA INCOMPLETA,,,2025-12-15 17:26:01,2226,L,9MCJY,448TY8 ,0,Nor,5X,RUTA INCOMPLETA,,,GSC
2026-02-01 00:00:00,796920600696,28,DW,06,A,06,061,FELIPE BARRIOS BAENA          ,1C,ACTIVO,077TY3 ,1,F122,12LH,2025-12-01 00:00:00,1,0,2,2025-10-14 00:00:00,2025-12-15 00:00:00,2025-12-17 00:00:00,321,446,16661,321,0,0,0,9P134,BIMESTRAL PAR,74,1992-06-08 00:00:00,1999-02-01 00:00:00,1999-02-10 00:00:00,7110,0,2,RECIBIDA,R6X183 ,Con_Facturas,,,,,,,,,,,,,,,GSC
2026-02-01 00:00:00,796930900850,28,DW,06,A,06,061,SAUL CASTRO MARROQUIN         ,1C,ACTIVO,LMV921 ,1,F123,23NX,2025-12-01 00:00:00,1,0,5,2025-10-14 00:00:00,2025-12-15 00:00:00,2025-12-17 00:00:00,469,1017,4829,469,0,0,0,9P134,BIMESTRAL PAR,74,1993-09-10 00:00:00,2024-06-01 00:00:00,2024-06-14 00:00:00,26748,126,2,RECIBIDA,41P08H ,Con_Facturas,,,,,,,,,,,,,,,GSC
2026-02-01 00:00:00,796941000052,28,DW,06,A,06,061,ORELLANA S MARIA DEL C        ,1B,ACTIVO,HH739Y ,1,F123,20NT,2025-12-01 00:00:00,1,1,3,2025-10-14 00:00:00,2025-12-15 00:00:00,2025-12-17 00:00:00,172,221,8214,172,59,0,0,9MCJY,BIMESTRAL PAR,74,1994-10-07 00:00:00,2021-06-01 00:00:00,2021-06-15 00:00:00,34732,178,2,RECIBIDA,446TY0 ,Con_Facturas,DISPLAY APAGADO,,,2025-12-15 11:08:55,2226,L,9MCJY,HH739Y ,0,Nor,59,DISPLAY APAGADO,59,S,GSC
2026-02-01 00:00:00,796951100896,28,DW,06,A,06,061,JORGE LOPEZ ROSALES           ,1B,ACTIVO,75L95R ,1,F12H,10KU,2025-12-01 00:00:00,1,1,7,2025-10-14 00:00:00,2025-12-15 00:00:00,2025-12-17 00:00:00,15,62,1620,15,60,0,0,GAX9M,BIMESTRAL PAR,74,1995-11-16 00:00:00,2025-12-01 00:00:00,2025-08-14 07:53:00,1620,15,8,ESTIMADA-C,75L95R ,Con_Facturas,MEDID NO TRABAJA,,,2025-12-15 07:53:05,2229,L,GAX9M,75L95R ,0,Nor,60,MEDID NO TRABAJA,60,S,GSC
2026-02-01 00:00:00,795861200798,05,DW,05,A,01,052,RAMIREZ VIOR GUSTAVO          ,1F,ACTIVO,KK967H ,1,F123,20NT,2025-12-01 00:00:00,4,0,1,2025-10-31 00:00:00,2025-12-05 00:00:00,2025-12-05 00:00:00,0,39.880000000000003,20296,0,0,0,0,Y2000,BIMESTRAL NON,84,1986-12-29 00:00:00,2021-06-01 00:00:00,2021-06-24 19:08:00,65363,0,16,AJUSTADA,YD7521 ,Con_Facturas,,,,,,,,,,,,,,,GSC
2026-02-01 00:00:00,796000157294,28,DW,06,A,06,061,CHAN LAGOS MODESTA            ,1C,ACTIVO,082TY9 ,1,F122,12LH,2025-12-01 00:00:00,1,0,1,2025-10-14 00:00:00,2025-12-15 00:00:00,2025-12-17 00:00:00,20,26,3850,20,0,0,0,9P134,BIMESTRAL PAR,74,2000-01-12 00:00:00,1999-12-01 00:00:00,2000-01-12 00:00:00,3,0,0,INICIAL,4PR519 ,Con_Facturas,,,,,,,,,,,,,,,GSC
2026-02-01 00:00:00,796011259595,28,DW,06,A,06,061,DE LA GARZA HERNANDEZ DORA A  ,1C,ACTIVO,082TY8 ,1,F122,12LH,2025-12-01 00:00:00,1,0,9,2025-10-14 00:00:00,2025-12-15 00:00:00,2025-12-17 00:00:00,468,1012,25308,468,0,0,0,9P134,BIMESTRAL PAR,74,2001-12-20 00:00:00,2001-12-01 00:00:00,2001-12-20 00:00:00,4,0,0,INICIAL,9F4K11 ,Con_Facturas,,,,,,,,,,,,,,,GSC
2026-02-01 00:00:00,793090202944,40,DW,04,F,K5,001,PEREZ AMARO ANDRES WILLIAM    ,1F,ACTIVO,PKM095 ,1,F123,24NX,2025-12-01 00:00:00,1,0,2,2025-10-20 00:00:00,2025-12-19 00:00:00,2025-12-23 00:00:00,23,67,23,23,0,0,0,9ND76,BIMESTRAL PAR,70,2009-02-23 00:00:00,2024-12-01 00:00:00,2024-12-19 00:00:00,23709,0,2,RECIBIDA,54A3N2 ,Con_Facturas,,,,,,,,,,,,,,,GSC
2026-02-01 00:00:00,793120100734,40,DW,04,F,K5,001,CENTENO CHI EDGAR FERNANDO    ,1F,ACTIVO,42B54E ,1,F12H,10KU,2025-12-01 00:00:00,1,0,3,2025-10-20 00:00:00,2025-12-19 00:00:00,2025-12-23 00:00:00,140,188,16283,140,0,0,0,9ND76,BIMESTRAL PAR,70,2012-01-09 00:00:00,2011-12-01 00:00:00,2012-01-09 00:00:00,7,0,0,INICIAL,8F6R09 ,Con_Facturas,,,,,,,,,,,,,,,GSC
2026-02-01 00:00:00,793140101770,71,DW,04,F,27,711,AGUILAR SALAS MIGUEL          ,1F,ACTIVO,DJM982 ,2,F623,22NU,2026-01-01 00:00:00,1,0,2,2025-12-18 00:00:00,2026-01-19 00:00:00,2026-01-21 00:00:00,966,3993,39861,966,0,0,0,9JRAL,MENSUAL,39,2014-01-20 00:00:00,2023-03-01 00:00:00,2023-03-17 00:00:00,47188,2937,2,RECIBIDA,8R817M ,Con_Facturas,,,,,,,,,,,,,,,GSC
2026-02-01 00:00:00,790201100691,23,DW,04,C,87,231,CHOC COC MARICELDA            ,1F,ACTIVO,AWE044 ,1,F123,22NX,2025-11-01 00:00:00,1,0,3,2025-09-12 00:00:00,2025-11-14 00:00:00,2025-11-19 00:00:00,21,57,135,21,0,0,0,9EMLY,BIMESTRAL NON,105,2020-11-12 00:00:00,2024-05-01 00:00:00,2024-05-16 13:25:00,819,0,16,AJUSTADA,HA438U ,Con_Facturas,,,,,,,,,,,,,,,GSC
2026-02-01 00:00:00,791031100213,19,DW,04,D,48,010,MA JOSE CUEVAS MIJANGOS       ,02,ACTIVO,KL441G ,1,F123,20NT,2025-11-01 00:00:00,1,0,1,2025-09-10 00:00:00,2025-11-12 00:00:00,2025-11-14 00:00:00,712,3869,16947,712,0,0,0,9MC6K,BIMESTRAL NON,107,2003-10-07 00:00:00,2021-01-01 00:00:00,2021-01-11 00:00:00,84103,380,2,RECIBIDA,7J32V2 ,Con_Facturas,,,,,,,,,,,,,,,GSC
2026-02-01 00:00:00,791210700878,19,DW,04,D,48,010,IEEA CALKINI                  ,02,ACTIVO,MF154T ,2,F623,20NU,2025-11-01 00:00:00,1,0,5,2025-09-10 00:00:00,2025-11-12 00:00:00,2025-11-14 00:00:00,75,499,28481,75,0,0,0,9MC6K,BIMESTRAL NON,107,2021-07-22 00:00:00,2026-01-01 00:00:00,2026-01-20 12:31:00,28481,0,2,RECIBIDA,MF154T ,Con_Facturas,,,,,,,,,,,,,,,GSC
2026-02-01 00:00:00,793000856126,40,DW,04,F,K5,001,PEREZ AMARO ANDRES  W         ,1F,ACTIVO,PKM076 ,1,F123,24NX,2025-12-01 00:00:00,1,0,4,2025-10-20 00:00:00,2025-12-19 00:00:00,2025-12-23 00:00:00,453,864,3531,453,0,0,0,9ND76,BIMESTRAL PAR,70,2000-07-12 00:00:00,2024-12-01 00:00:00,2024-12-19 00:00:00,11869,0,2,RECIBIDA,985TX2 ,Con_Facturas,,,,,,,,,,,,,,,GSC
2026-02-01 00:00:00,793020201011,40,DW,04,F,K5,001,BOOT REYES GILBERTO           ,1F,ACTIVO,298VLW ,1,F122,16LN,2025-12-01 00:00:00,1,0,2,2025-10-20 00:00:00,2025-12-19 00:00:00,2025-12-23 00:00:00,917,3081,24926,917,0,0,0,9ND76,BIMESTRAL PAR,70,2002-02-15 00:00:00,2022-06-01 00:00:00,2022-06-22 00:00:00,67015,401,2,RECIBIDA,8F5R75 ,Con_Facturas,,,,,,,,,,,,,,,GSC
2026-02-01 00:00:00,793020201363,40,DW,04,F,K5,001,BOOT REYES BEATRIZ            ,1F,ACTIVO,TB281F ,1,F123,21NX,2025-12-01 00:00:00,1,0,4,2025-10-20 00:00:00,2025-12-19 00:00:00,2025-12-23 00:00:00,731,2192,20530,731,0,0,0,9ND76,BIMESTRAL PAR,70,2002-02-02 00:00:00,2022-06-01 00:00:00,2022-06-22 00:00:00,62376,598,2,RECIBIDA,8F7R86 ,Con_Facturas,,,,,,,,,,,,,,,GSC
2026-02-01 00:00:00,793020300531,40,DW,04,F,K5,001,VIVEROS DOMINGUEZ FRANCISCO J ,1F,ACTIVO,MK064W ,2,F623,20NU,2025-12-01 00:00:00,1,0,7,2025-10-20 00:00:00,2025-12-19 00:00:00,2025-12-23 00:00:00,620,1662,12822,620,0,0,0,9ND76,BIMESTRAL PAR,70,2002-03-11 00:00:00,2021-10-01 00:00:00,2021-10-21 00:00:00,53748,0,2,RECIBIDA,48B2U1 ,Con_Facturas,,,,,,,,,,,,,,,GSC
2026-02-01 00:00:00,793040101853,13,DW,04,H,A7,001,CRUZ LOPEZ RICARDO            ,1F,ACTIVO,PBY257 ,1,F123,24NX,2025-11-01 00:00:00,1,0,3,2025-09-05 00:00:00,2025-11-07 00:00:00,2025-11-11 00:00:00,110,106,710,110,0,0,0,R9658,BIMESTRAL NON,112,2004-01-29 00:00:00,2025-01-01 00:00:00,2025-01-08 00:00:00,7825,50,2,RECIBIDA,406YY9 ,Con_Facturas,,,,,,,,,,,,,,,GSC
2026-02-01 00:00:00,793081101795,40,DW,04,F,K5,001,REFACCIONARIA LASTRA SA D CV  ,02,ACTIVO,MW896Y ,3,KL28,20KE,2025-12-01 00:00:00,1,0,6,2025-10-20 00:00:00,2025-12-19 00:00:00,2025-12-23 00:00:00,340,1862,8678,340,0,0,0,9ND76,BIMESTRAL PAR,70,2008-11-27 00:00:00,2021-08-01 00:00:00,2021-08-20 00:00:00,267,267,2,RECIBIDA,PJ135H ,Con_Facturas,,,,,,,,,,,,,,,GSC
2026-02-01 00:00:00,793810900130,40,DW,04,F,K5,001,ROSA ASCENCIO SANTOS          ,1F,ACTIVO,83BH93 ,1,F121,06JL,2025-12-01 00:00:00,1,0,9,2025-10-20 00:00:00,2025-12-19 00:00:00,2025-12-23 00:00:00,279,413,63431,279,0,0,0,9ND76,BIMESTRAL PAR,70,1981-09-24 00:00:00,2026-02-01 00:00:00,2026-02-25 17:45:00,64337,906,2,RECIBIDA,83BH93 ,Con_Facturas,,,,,,,,,,,,,,,GSC
2026-02-01 00:00:00,793860900238,40,DW,04,F,K5,001,REFACCCIONARIA LASTRA SA DE CV,02,ACTIVO,GEC064 ,3,KL28,22NJ,2025-12-01 00:00:00,1,0,7,2025-10-20 00:00:00,2025-12-19 00:00:00,2025-12-23 00:00:00,1449,7600,15072,2927,0,0,0,9ND76,BIMESTRAL PAR,70,1986-09-30 00:00:00,2025-06-01 00:00:00,2025-06-19 00:00:00,59101,2971,2,RECIBIDA,714JCV ,Con_Facturas,,,,,,,,,,,,,,,GSC
2026-02-01 00:00:00,793861200329,40,DW,04,F,K5,001,LASTRA CACERES CESAR G        ,02,ACTIVO,X723TC ,2,F623,19NU,2025-12-01 00:00:00,1,0,7,2025-10-20 00:00:00,2025-12-19 00:00:00,2025-12-23 00:00:00,59,408,2403,59,0,0,0,9ND76,BIMESTRAL PAR,70,1986-12-08 00:00:00,2004-10-01 00:00:00,2004-10-23 10:59:00,961,0,2,RECIBIDA,4D56T9 ,Con_Facturas,,,,,,,,,,,,,,,GSC
2026-02-01 00:00:00,793910100289,40,DW,04,F,K5,001,PEREZ AMARO ANDRES W          ,1F,ACTIVO,X5U333 ,1,F121,90F5,2025-12-01 00:00:00,1,0,2,2025-10-20 00:00:00,2025-12-19 00:00:00,2025-12-23 00:00:00,96,130,23861,96,0,0,0,9ND76,BIMESTRAL PAR,70,1991-01-31 00:00:00,2026-02-01 00:00:00,2026-02-25 17:21:00,23943,82,2,RECIBIDA,X5U333 ,Con_Facturas,,,,,,,,,,,,,,,GSC
2026-02-01 00:00:00,793941100775,40,DW,04,F,K5,001,CESAR GUSTAVO LASTRA C        ,1F,ACTIVO,071JCD ,1,F122,15LN,2025-12-01 00:00:00,1,0,4,2025-10-20 00:00:00,2025-12-19 00:00:00,2025-12-23 00:00:00,196,277,18334,196,0,0,0,9ND76,BIMESTRAL PAR,70,1994-11-15 00:00:00,2011-06-01 00:00:00,2050-01-01 00:00:00,0,0,0,INICIAL,S0MEDD ,Con_Facturas,,,,,,,,,,,,,,,GSC
2026-02-01 00:00:00,793941101089,40,DW,04,F,K5,001,PEREZ AMARO ANDREZ            ,1F,ACTIVO,X5U067 ,1,F121,90F5,2025-12-01 00:00:00,1,0,5,2025-10-20 00:00:00,2025-12-19 00:00:00,2025-12-23 00:00:00,253,370,26097,253,0,0,0,9ND76,BIMESTRAL PAR,70,1994-11-25 00:00:00,2026-02-01 00:00:00,2026-02-25 17:21:00,26215,118,2,RECIBIDA,X5U067 ,Con_Facturas,,,,,,,,,,,,,,,GSC
2026-02-01 00:00:00,793950200464,40,DW,04,F,K5,001,ORTIZ CASTILLO GONZALO        ,02,ACTIVO,WTD397 ,2,F623,24P2,2025-12-01 00:00:00,1,0,2,2025-10-20 00:00:00,2025-12-19 00:00:00,2025-12-23 00:00:00,174,1003,473,174,0,0,0,9ND76,BIMESTRAL PAR,70,1995-02-23 00:00:00,2025-08-01 00:00:00,2025-08-20 00:00:00,6623,42,2,RECIBIDA,NK496N ,Con_Facturas,,,,,,,,,,,,,,,GSC
2026-02-01 00:00:00,793951001384,40,DW,04,F,K5,001,RAMIREZ MORENO HORTENCIA      ,02,ACTIVO,6E60Y4 ,3,FD21,03F4,2025-12-01 00:00:00,1,0,7,2025-10-20 00:00:00,2025-12-19 00:00:00,2025-12-23 00:00:00,1624,8505,37604,1624,0,0,0,9ND76,BIMESTRAL PAR,70,1995-10-18 00:00:00,2026-02-01 00:00:00,2026-02-25 17:38:00,39159,1555,2,RECIBIDA,6E60Y4 ,Con_Facturas,,,,,,,,,,,,,,,GSC
2026-02-01 00:00:00,793961000041,40,DW,04,F,K5,001,RAMIRO PEREZ BERSUNSA         ,1F,ACTIVO,A024KU ,2,F622,16LM,2025-12-01 00:00:00,1,0,6,2025-10-20 00:00:00,2025-12-19 00:00:00,2025-12-23 00:00:00,984,3402,62182,984,0,0,0,9ND76,BIMESTRAL PAR,70,1996-10-16 00:00:00,2026-02-01 00:00:00,2026-02-25 17:46:00,62887,705,2,RECIBIDA,A024KU ,Con_Facturas,,,,,,,,,,,,,,,GSC
2026-02-01 00:00:00,793961000254,40,DW,04,F,K5,001,PEREZ AMARO ANDRES WILLIAM    ,1F,ACTIVO,9Y91M7 ,1,F121,04GG,2025-12-01 00:00:00,1,0,1,2025-10-20 00:00:00,2025-12-19 00:00:00,2025-12-23 00:00:00,55,74,14311,55,0,0,0,9ND76,BIMESTRAL PAR,70,1996-10-17 00:00:00,2026-02-01 00:00:00,2026-02-25 17:24:00,14450,139,2,RECIBIDA,9Y91M7 ,Con_Facturas,,,,,,,,,,,,,,,GSC
2026-02-01 00:00:00,793970600531,40,DW,04,F,K5,001,PEREZ AMARO ANDRES W          ,1F,ACTIVO,X5U708 ,1,F121,90F5,2025-12-01 00:00:00,1,0,1,2025-10-20 00:00:00,2025-12-19 00:00:00,2025-12-23 00:00:00,95,128,32860,95,0,0,0,9ND76,BIMESTRAL PAR,70,1997-06-18 00:00:00,2026-02-01 00:00:00,2026-02-25 17:21:00,32937,77,2,RECIBIDA,X5U708 ,Con_Facturas,,,,,,,,,,,,,,,GSC
2026-02-01 00:00:00,794020100083,65,DW,04,G,10,651,RADIOMOVIL DIPSA SA DE CV     ,67,ACTIVO,GEL860 ,3,KL28,22NJ,2025-12-01 00:00:00,4,0,1,2025-11-11 00:00:00,2025-12-16 00:00:00,2025-12-26 00:00:00,4069,13899.040000000001,79964,4069,0,0,0,9MCF6,MENSUAL,73,2000-06-15 00:00:00,2018-10-01 00:00:00,2018-11-16 19:38:00,0,0,0,INICIAL,389RRY ,Con_Facturas,,,,,,,,,,,,,,,GSC
2026-02-01 00:00:00,795120908572,27,DW,05,A,01,271,BOLIO MEDINA ROBERTO          ,1F,ACTIVO,DBP877 ,2,F623,22NU,2024-11-01 00:00:00,4,0,1,2024-09-18 00:00:00,2024-11-21 00:00:00,2024-11-21 00:00:00,0,0,4036,99561,0,0,0,Y2000,BIMESTRAL NON,463,2013-01-28 00:00:00,2022-11-01 00:00:00,2022-11-17 00:00:00,27910,171,2,RECIBIDA,977VC5 ,Con_Facturas,,,,2024-11-19 11:09:30,2701,M,9ND4D,DBP877 ,0,Nor,56,NO HAY MEDIDOR,56,S,GSC
2026-02-01 00:00:00,773010304317,27,DW,01,D,03,279,TZIU HERRERA CANDELARIA       ,1C,ACTIVO,2D3E58 ,1,F121,00GG,2025-11-01 00:00:00,1,1,8,2025-09-18 00:00:00,2025-11-19 00:00:00,2025-11-21 00:00:00,774,2525,57936,774,65,0,0,9JRB6,BIMESTRAL NON,100,2001-03-31 00:00:00,2025-11-01 00:00:00,2025-09-18 10:21:00,57936,774,8,ESTIMADA-C,2D3E58 ,Con_Facturas,UI MED INVERTIDO,,,2025-11-19 10:21:26,2731,L,9JRB6,2D3E58 ,0,Nor,65,UI MED INVERTIDO,65,S,GSC
2026-02-01 00:00:00,772121003107,35,DW,01,C,02,355,RAMIREZ KANTUN MARIA ALICIA   ,1D,ACTIVO,839FY8 ,1,F122,12LH,2025-08-01 00:00:00,4,0,1,2025-07-24 00:00:00,2025-08-29 00:00:00,2025-08-29 00:00:00,0,0,19357,0,0,0,0,Y2000,BIMESTRAL NON,182,2012-10-30 00:00:00,2026-01-01 00:00:00,2026-01-23 11:45:00,19357,0,2,RECIBIDA,839FY8 ,Con_Facturas,,,,,,,,,,,,,,,GSC
2026-02-01 00:00:00,772210600704,03,DW,01,C,02,035,MATU NOH EDWIM JESUS          ,1D,ACTIVO,NR937H ,2,F623,20NU,2024-09-01 00:00:00,4,0,3,2024-06-28 00:00:00,2024-09-02 00:00:00,2024-09-02 00:00:00,0,0,9620,0,0,0,0,Y2000,BIMESTRAL NON,543,2021-06-08 00:00:00,2026-01-01 00:00:00,2025-12-30 12:33:00,9620,0,2,RECIBIDA,NR937H ,Con_Facturas,,,,2024-09-02 09:58:28,0351,L,R9631,NR937H ,0,Nor,59,DISPLAY APAGADO,59,S,GSC
2026-02-01 00:00:00,772241200836,35,DW,01,J,08,352,MUNICIPIO DE MERIDA YUCATAN   ,5A,ACTIVO,RFR408 ,2,F623,24NY,2025-12-01 00:00:00,1,1,4,2025-10-15 00:00:00,2025-12-16 00:00:00,2025-12-18 00:00:00,0,98,0,0,51,0,0,R9950,BIMESTRAL NON,73,2025-01-03 00:00:00,2025-12-01 00:00:00,2025-12-16 08:40:00,0,0,4,ESTIMADA-P,RFR408 ,Con_Facturas,NO ENCONTRE DOMI,,,2025-12-16 08:39:54,2402,M,R9950,RFR408 ,0,Nor,51,NO ENCONTRE DOMI,,,GSC
2026-02-01 00:00:00,772250300819,29,DW,01,C,02,293,IBA EZ AVELLANEDA JOSE MANUEL ,1D,ACTIVO,1BCF57 ,2,F623,25P2,2025-11-01 00:00:00,1,1,1,2025-09-23 00:00:00,2025-11-24 00:00:00,2025-11-26 00:00:00,0,66,0,0,56,0,0,G92B5,BIMESTRAL NON,95,2025-03-21 00:00:00,2025-09-01 00:00:00,2025-09-23 00:00:00,1,1,2,RECIBIDA,PJL211 ,Con_Facturas,NO HAY MEDIDOR,,,2025-11-25 09:57:05,3352,R,G92B5,1BCF57 ,0,Nor,56,NO HAY MEDIDOR,56,S,GSC
2026-02-01 00:00:00,772251000541,08,DW,01,C,01,088,QUINTAL ROMERO DAVID HUMBERTO ,1D,ACTIVO,1BCC36 ,2,F623,25P2,2025-12-01 00:00:00,1,C,1,2025-10-13 00:00:00,2025-12-16 00:00:00,2025-12-18 00:00:00,274,1058,274,274,0,0,0,GAATN,BIMESTRAL PAR,73,2025-10-13 00:00:00,2025-12-01 00:00:00,2025-12-16 16:37:00,274,274,16,AJUSTADA,1BCC36 ,Con_Facturas,,,,,,,,,,,,,,,GSC
2026-02-01 00:00:00,770120702190,15,DW,01,A,02,152,CHAVEZ MAY PABLO FCO          ,1D,ACTIVO,163U4T ,1,F122,14LN,2025-11-01 00:00:00,1,1,7,2025-09-08 00:00:00,2025-11-10 00:00:00,2025-11-12 00:00:00,549,763,23459,549,52,0,0,R9631,BIMESTRAL NON,109,2012-07-25 00:00:00,2012-07-01 00:00:00,2020-01-20 00:00:00,17944,0,0,INICIAL,9D20T4 ,Con_Facturas,COMUNICACION INTERRU,,,2025-11-11 09:28:46,1551,R,R9631,163U4T ,0,Nor,52,COMUNICACION INTERRU,52,S,GSC
2026-02-01 00:00:00,770121101882,15,DW,01,A,02,152,DORANTES JIMENEZ ALBERTO      ,1D,ACTIVO,L513TN ,1,F122,18LN,2025-11-01 00:00:00,1,1,1,2025-09-08 00:00:00,2025-11-10 00:00:00,2025-11-12 00:00:00,0,66,34,0,56,0,0,R9631,BIMESTRAL NON,109,2012-11-09 00:00:00,2012-11-01 00:00:00,2020-01-20 00:00:00,8913,0,0,INICIAL,89K4R7 ,Con_Facturas,NO HAY MEDIDOR,,,2025-11-11 08:40:46,1551,R,R9631,L513TN ,0,Nor,56,NO HAY MEDIDOR,56,S,GSC
2026-02-01 00:00:00,770251200165,13,DW,01,M,21,133,DIAZ ESCOBAR MIREYA           ,1D,ACTIVO,7CFN03 ,2,F623,25P3,2025-12-01 00:00:00,1,1,0,2025-12-10 00:00:00,2025-12-15 00:00:00,2025-12-17 00:00:00,0,669,0,0,51,0,0,G92B2,BIMESTRAL NON,74,2025-12-10 00:00:00,2025-12-01 00:00:00,2025-12-15 13:36:00,0,0,2,RECIBIDA,7CFN03 ,Con_Facturas,NO ENCONTRE DOMI,,,2025-12-15 13:36:15,2228,L,9P14E,7CFN03 ,0,Nor,51,NO ENCONTRE DOMI,,,GSC
2026-02-01 00:00:00,770251200246,13,DW,01,M,21,133,HERNANDEZ SOLANO ROSALBA      ,1D,ACTIVO,9CFK67 ,2,F623,25P3,2025-12-01 00:00:00,1,1,0,2025-12-11 00:00:00,2025-12-15 00:00:00,2025-12-17 00:00:00,0,668,0,0,51,0,0,G92B2,BIMESTRAL NON,74,2025-12-11 00:00:00,2025-12-01 00:00:00,2025-12-15 18:29:00,0,0,2,RECIBIDA,9CFK67 ,Con_Facturas,NO ENCONTRE DOMI,,,2025-12-15 18:29:23,2228,L,G92B2,9CFK67 ,0,Nor,51,NO ENCONTRE DOMI,,,GSC
2026-02-01 00:00:00,770750325416,15,DW,01,A,02,152,JOSE ALDANA AMARO             ,1D,ACTIVO,057544 ,1,W101,6000,2025-11-01 00:00:00,1,0,8,2025-09-08 00:00:00,2025-11-10 00:00:00,2025-11-12 00:00:00,1537,4893,9008,1537,0,0,0,GA82N,BIMESTRAL NON,109,1975-03-31 00:00:00,2025-11-01 00:00:00,2025-11-10 10:08:00,9008,1537,2,RECIBIDA,057544 ,Con_Facturas,,,,,,,,,,,,,,,GSC
2026-02-01 00:00:00,770940800382,27,DW,01,A,01,273,MANUEL J LOPEZ GURUBEL        ,02,ACTIVO,498TT6 ,1,F122,12LH,2025-12-01 00:00:00,1,1,3,2025-10-06 00:00:00,2025-12-05 00:00:00,2025-12-09 00:00:00,125,744,10553,125,51,0,0,G92B3,BIMESTRAL NON,84,1994-08-08 00:00:00,2025-12-01 00:00:00,2025-10-06 10:37:00,10553,125,8,ESTIMADA-C,498TT6 ,Con_Facturas,NO ENCONTRE DOMI,,,2025-12-08 10:37:27,1051,R,G92B3,498TT6 ,0,Nor,51,NO ENCONTRE DOMI,,,GSC
2026-02-01 00:00:00,770960800907,15,DW,01,A,02,152,JOSE E  SANCHEZ PACHO         ,1D,ACTIVO,298G1N ,2,F622,13LM,2025-11-01 00:00:00,1,0,2,2025-09-08 00:00:00,2025-11-10 00:00:00,2025-11-12 00:00:00,998,2572,40498,998,0,0,0,GA82N,BIMESTRAL NON,109,1996-08-05 00:00:00,2025-11-01 00:00:00,2025-11-10 16:59:00,40498,998,2,RECIBIDA,298G1N ,Con_Facturas,,,,,,,,,,,,,,,GSC
2026-02-01 00:00:00,773151000150,27,DW,01,D,03,278,CAUICH HERRERA AURELIA DEL CAR,1C,ACTIVO,709FVH ,2,F622,15LM,2025-11-01 00:00:00,1,1,8,2025-09-18 00:00:00,2025-11-19 00:00:00,2025-11-21 00:00:00,295,434,12207,295,56,0,0,9EMCB,BIMESTRAL NON,100,2015-10-04 00:00:00,2025-11-01 00:00:00,2025-03-19 10:54:00,12207,295,8,ESTIMADA-C,709FVH ,Con_Facturas,NO HAY MEDIDOR,,,2025-11-20 10:53:31,2751,R,9EMCB,709FVH ,0,Nor,56,NO HAY MEDIDOR,56,S,GSC
2026-02-01 00:00:00,770060900990,15,DW,01,A,02,152,RAMIREZ LOPEZ RUBEN ALFONSO   ,1D,ACTIVO,016863 ,1,W111,6000,2025-11-01 00:00:00,1,C,7,2025-07-10 00:00:00,2025-11-10 00:00:00,2025-11-12 00:00:00,524,280,8013,524,0,0,0,9ND7B,BIMESTRAL NON,109,2006-09-02 00:00:00,2025-11-01 00:00:00,2025-11-10 17:57:00,8013,524,16,AJUSTADA,016863 ,Con_Facturas,,,,,,,,,,,,,,,GSC
2026-02-01 00:00:00,790131201088,07,DW,04,C,88,072,HAYDAR MENDEZ IGNACIA         ,02,CORTADO,7DVW41 ,2,F623,25NY,2025-11-01 00:00:00,1,C,0,2025-07-08 00:00:00,2025-11-06 00:00:00,2025-11-10 00:00:00,5170,27621,2090,2090,0,0,0,9P184,BIMESTRAL NON,113,2013-12-17 00:00:00,2022-01-01 00:00:00,2022-01-11 00:00:00,64611,6751,2,RECIBIDA,525JKK ,Con_Facturas,,,,,,,,,,,,,,,GSC
2026-02-01 00:00:00,783251004905,28,DW,12,D,04,280,CABRERA ESPINOSA PABLO        ,1D,ACTIVO,T183UK ,2,F622,18LM,2026-02-01 00:00:00,4,0,6,2025-12-18 00:00:00,2025-12-19 00:00:00,2026-02-19 00:00:00,0,1.4199999999999999,2033,0,0,0,0,9JRC3,BIMESTRAL PAR,70,2025-06-02 00:00:00,2026-02-01 00:00:00,2025-12-19 11:02:00,2033,0,3,FINIQUITO,T183UK ,Con_Facturas,,,,,,,,,,,,,,,GSC
2026-02-01 00:00:00,782170703292,40,DW,12,C,01,404,GUZMAN ANTONIO WILLIANS       ,1D,ACTIVO,00N66N ,2,F62H,10KN,2025-02-01 00:00:00,4,0,2,2024-12-27 00:00:00,2024-12-28 00:00:00,2025-02-27 00:00:00,0,1.8600000000000001,14854,0,0,0,0,9JRC3,BIMESTRAL PAR,426,2017-07-15 00:00:00,2026-02-01 00:00:00,2026-02-25 07:52:00,1416,159,2,RECIBIDA,00N66N ,Con_Facturas,,,,,,,,,,,,,,,GSC
2026-02-01 00:00:00,782190404453,33,DW,12,A,01,331,HERRERA BENITO ANGELES OLIVIA ,1D,ACTIVO,W036TC ,1,F122,19LN,2025-11-01 00:00:00,4,0,2,2025-09-23 00:00:00,2025-09-24 00:00:00,2025-11-26 00:00:00,0,0,1268,0,0,0,0,9MCEP,BIMESTRAL NON,156,2019-05-01 00:00:00,2019-03-01 00:00:00,2019-05-01 00:00:00,1,0,0,INICIAL,460JCK ,Con_Facturas,,,,,,,,,,,,,,,GSC
2026-02-01 00:00:00,786231100401,19,DW,03,B,21,191,ALVARADO DZUL JORGE ARTURO    ,1B,ACTIVO,JAE304 ,2,F623,23NU,2025-11-01 00:00:00,1,0,5,2025-09-11 00:00:00,2025-11-13 00:00:00,2025-11-18 00:00:00,477,958,4487,477,0,0,0,GAPRM,BIMESTRAL NON,106,2023-11-23 00:00:00,2026-01-01 00:00:00,2026-01-14 15:31:00,4746,259,2,RECIBIDA,JAE304 ,Con_Facturas,,,,,,,,,,,,,,,GSC
2026-02-01 00:00:00,786231100958,19,DW,03,B,21,191,MAY MAGANA SANTOS ISRAEL      ,1B,ACTIVO,JAE339 ,2,F623,23NU,2025-11-01 00:00:00,1,0,1,2025-09-11 00:00:00,2025-11-13 00:00:00,2025-11-18 00:00:00,1178,4260,11484,1178,0,0,0,GAPRM,BIMESTRAL NON,106,2025-04-03 00:00:00,2026-01-01 00:00:00,2026-01-14 15:31:00,12425,941,2,RECIBIDA,JAE339 ,Con_Facturas,,,,,,,,,,,,,,,GSC
2026-02-01 00:00:00,786251201556,64,DW,03,B,26,004,MUNICIPIO DE TEKAX            ,67,ACTIVO,GEC206 ,3,KL28,22NJ,2026-01-01 00:00:00,1,0,1,2025-12-23 00:00:00,2026-01-14 00:00:00,2026-01-16 00:00:00,100,947,100,100,0,0,0,GA8NN,MENSUAL,44,2025-12-23 00:00:00,2026-01-01 00:00:00,2026-01-15 13:52:00,100,100,2,RECIBIDA,GEC206 ,Con_Facturas,,,,,,,,,,,,,,,GSC
2026-02-01 00:00:00,789031107281,23,DW,04,B,23,232,DUARTE ESTRADA JUAN A         ,1F,ACTIVO,7AAE87 ,2,F623,25NY,2025-11-01 00:00:00,2,0,1,2025-09-19 00:00:00,2025-11-20 00:00:00,2025-11-26 00:00:00,680,1941,1790,0,0,0,0,9MCF6,BIMESTRAL NON,99,2003-11-28 00:00:00,2025-07-01 00:00:00,2025-07-21 00:00:00,34248,534,2,RECIBIDA,033MBY ,Con_Facturas,,,,2025-11-20 17:02:42,2951,R,9BBCL,7AAE87 ,0,Nor,31,SERVICIO SIN USO,LM,S,GSC
2026-02-01 00:00:00,782221202617,40,DW,12,C,01,401,INVERSIONES CAZCA SA DE CV    ,02,ACTIVO,DRY723 ,2,F623,22NU,2024-07-01 00:00:00,4,0,2,2024-06-26 00:00:00,2024-07-24 00:00:00,2024-07-24 00:00:00,155,0,18524,155,0,0,0,Y2000,BIMESTRAL PAR,583,2022-12-14 00:00:00,2026-02-01 00:00:00,2026-02-25 12:32:00,33396,18418,2,RECIBIDA,DRY723 ,Con_Facturas,,,,,,,,,,,,,,,GSC
2026-02-01 00:00:00,782251001667,79,DW,12,C,01,791,MUNICIPIO DE BENITO JUAREZ    ,5A,ACTIVO,GEA860 ,3,KL28,22NJ,2026-01-01 00:00:00,1,0,4,2025-12-11 00:00:00,2026-01-12 00:00:00,2026-01-14 00:00:00,1508,5634,2865,1508,0,0,0,9NCWY,MENSUAL,46,2025-10-10 00:00:00,2026-02-01 00:00:00,2026-02-25 07:40:00,6028,3163,2,RECIBIDA,GEA860 ,Con_Facturas,,,,,,,,,,,,,,,GSC
2026-02-01 00:00:00,783090804353,16,DW,12,D,01,162,IHUIT PECH PEDRO FRANCISCO    ,02,CORTADO,NL939D ,2,F623,20NU,2025-10-01 00:00:00,4,0,3,2025-08-11 00:00:00,2025-08-12 00:00:00,2025-10-13 00:00:00,0,1.8899999999999999,14830,0,0,0,0,9JRC3,BIMESTRAL PAR,199,2009-08-14 00:00:00,2021-02-01 00:00:00,2021-02-09 00:00:00,35200,779,2,RECIBIDA,03W18B ,Con_Facturas,,,,,,,,,,,,,,,GSC
2026-02-01 00:00:00,783120607973,17,DW,12,D,01,174,CARRAZCO CAMACHO JOSE EDUARDO ,1D,ACTIVO,497PJC ,2,F622,16LM,2025-11-01 00:00:00,4,0,7,2025-09-09 00:00:00,2025-09-10 00:00:00,2025-11-13 00:00:00,0,0,30173,0,0,0,0,9JRC3,BIMESTRAL NON,170,2012-05-09 00:00:00,2012-05-01 00:00:00,2020-01-20 00:00:00,5474,0,0,INICIAL,2N702H ,Con_Facturas,,,,,,,,,,,,,,,GSC
2026-02-01 00:00:00,783151106182,39,DW,12,D,01,392,DE LEON LIZCANO RICARDO       ,1D,ACTIVO,476EBU ,2,F622,15LM,2026-01-01 00:00:00,4,0,1,2025-11-27 00:00:00,2025-11-28 00:00:00,2026-01-28 00:00:00,0,0,30147,0,0,0,0,9BBTM,BIMESTRAL NON,91,2015-11-23 00:00:00,2026-01-01 00:00:00,2025-11-28 16:15:00,30147,0,3,FINIQUITO,476EBU ,Con_Facturas,,,,,,,,,,,,,,,GSC
2026-02-01 00:00:00,811180800661,79,DW,22,B,01,791,CADENA COMERCIAL OXXO SA DE CV,67,ACTIVO,P534EA ,3,KL2R,18KE,2026-01-01 00:00:00,1,3,2,2025-12-15 00:00:00,2026-01-15 00:00:00,2026-01-19 00:00:00,9840,34405,74373,9840,60,0,0,9MC8G,MENSUAL,43,2018-08-18 00:00:00,2018-08-01 00:00:00,2018-08-18 00:00:00,0,0,0,INICIAL,53F4B6 ,Con_Facturas,MEDID NO TRABAJA,,,2026-01-15 11:25:22,7103,L,9MC8G,P534EA ,0,Nor,60,MEDID NO TRABAJA,60,S,GSC
2026-02-01 00:00:00,811840500321,79,DW,22,B,01,791,23DES0013E SEC FED ANDRES QROO,67,ACTIVO,MY681A ,3,VL28,20KE,2026-01-01 00:00:00,1,F,9,2025-12-15 00:00:00,2026-01-15 00:00:00,2026-01-19 00:00:00,4720,16697,4718,4720,60,0,0,9NCT6,MENSUAL,43,1984-05-25 00:00:00,2022-01-01 00:00:00,2021-12-01 00:00:00,21336,800,2,RECIBIDA,9U499Y ,Con_Facturas,MEDID NO TRABAJA,,,2026-01-15 11:07:18,7101,M,9NCT6,MY681A ,0,Nor,60,MEDID NO TRABAJA,60,S,GSC
2026-02-01 00:00:00,781250501449,33,DW,12,B,01,034,AGUILAR PORRAS ALEJANDRO      ,1D,ACTIVO,PJV391 ,1,F123,24NX,2025-11-01 00:00:00,1,1,9,2025-09-25 00:00:00,2025-11-26 00:00:00,2025-11-28 00:00:00,0,67,0,0,51,0,0,9P14L,BIMESTRAL NON,93,2025-05-22 00:00:00,2026-01-01 00:00:00,2026-01-26 11:55:00,0,0,2,RECIBIDA,PJV391 ,Con_Facturas,NO ENCONTRE DOMI,,,2025-11-26 12:15:48,3703,M,9P14L,PJV391 ,0,Nor,51,NO ENCONTRE DOMI,,,GSC
2026-02-01 00:00:00,773090600850,27,DW,01,D,03,275,CHI CHE PEDRO PABLO           ,02,ACTIVO,832M3D ,1,F122,14LN,2025-11-01 00:00:00,1,0,9,2025-09-18 00:00:00,2025-11-19 00:00:00,2025-11-21 00:00:00,115,705,6588,115,0,0,0,GAAFN,BIMESTRAL NON,100,2009-06-05 00:00:00,2012-11-01 00:00:00,2012-11-21 12:19:00,3414,6,2,RECIBIDA,22AV44 ,Con_Facturas,,,,,,,,,,,,,,,GSC
2026-02-01 00:00:00,773101000426,27,DW,01,D,03,278,MARTINEZ LIZCANO CAROLINA     ,1C,ACTIVO,835F6X ,2,F622,13LM,2025-11-01 00:00:00,1,0,8,2025-09-18 00:00:00,2025-11-19 00:00:00,2025-11-21 00:00:00,260,377,12282,260,0,0,0,9NCXD,BIMESTRAL NON,100,2010-10-18 00:00:00,2013-11-01 00:00:00,2013-11-21 00:00:00,1196,0,2,RECIBIDA,09H18L ,Con_Facturas,,,,,,,,,,,,,,,GSC
2026-02-01 00:00:00,773120800981,40,DW,01,D,04,409,CANO KUK MARIA ELENA          ,1C,ACTIVO,39E15N ,2,F62H,10KN,2025-06-01 00:00:00,4,0,9,2025-04-25 00:00:00,2025-06-03 00:00:00,2025-06-27 00:00:00,2,0,77071,2,0,0,0,Y2000,BIMESTRAL PAR,269,2012-08-04 00:00:00,2026-02-01 00:00:00,2026-02-25 10:39:00,296,23225,2,RECIBIDA,39E15N ,Con_Facturas,,,,,,,,,,,,,,,GSC
2026-02-01 00:00:00,810251103862,30,DW,22,A,02,306,  GUTIERREZ FRANCISCO JAVIER  ,1B,ACTIVO,2AUT67 ,2,F623,25P2,2025-12-01 00:00:00,1,0,9,2025-11-22 00:00:00,2025-12-19 00:00:00,2025-12-23 00:00:00,21,690,21,21,0,0,0,GAXPM,BIMESTRAL PAR,70,2025-11-22 00:00:00,2025-12-01 00:00:00,2025-12-23 09:37:00,21,21,2,RECIBIDA,2AUT67 ,Con_Facturas,,,,,,,,,,,,,,,GSC
2026-02-01 00:00:00,811070700903,79,DW,22,B,01,791,RADIOMOVIL DIPSA SA DE CV     ,67,ACTIVO,PJ098G ,3,KL28,20KE,2026-01-01 00:00:00,1,0,7,2025-12-15 00:00:00,2026-01-15 00:00:00,2026-01-19 00:00:00,2994,10763,65077,2994,0,0,0,9MC92,MENSUAL,43,2007-07-24 00:00:00,2021-06-01 00:00:00,2021-06-03 00:00:00,33845,0,2,RECIBIDA,84RD62 ,Con_Facturas,,,,,,,,,,,,,,,GSC
2026-02-01 00:00:00,315160602270,79,DW,04,B,23,792,UNIV PART AZTECA EN OAXACA SC ,67,ACTIVO,CKX100 ,3,VL28,22NJ,2026-01-01 00:00:00,1,0,9,2025-12-16 00:00:00,2026-01-15 00:00:00,2026-01-19 00:00:00,1680,3237,310,1680,0,0,0,9BBCM,MENSUAL,43,2016-06-30 00:00:00,2025-02-01 00:00:00,2025-02-14 00:00:00,3716,720,2,RECIBIDA,908F2V ,Con_Facturas,,,,,,,,,,,,,,,GSC
2026-02-01 00:00:00,773160703040,27,DW,01,D,03,278,BAAS UICAB JOSE ANTONIO       ,1C,ACTIVO,PCV860 ,1,F123,24NX,2025-11-01 00:00:00,1,0,5,2025-09-18 00:00:00,2025-11-19 00:00:00,2025-11-21 00:00:00,456,1023,2476,456,0,0,0,9EMCB,BIMESTRAL NON,100,2016-07-26 00:00:00,2024-11-01 00:00:00,2024-11-19 00:00:00,13598,1170,2,RECIBIDA,726HRJ ,Con_Facturas,,,,,,,,,,,,,,,GSC
2026-02-01 00:00:00,773191001051,27,DW,01,D,03,275,CAAMAL DZIB MARIA LUCIA       ,1C,ACTIVO,574TX9 ,1,F122,12LH,2025-11-01 00:00:00,1,0,4,2025-09-18 00:00:00,2025-11-19 00:00:00,2025-11-21 00:00:00,624,1816,15801,624,0,0,0,GAAFN,BIMESTRAL NON,100,2019-10-09 00:00:00,2025-11-01 00:00:00,2025-11-19 08:33:00,15801,624,2,RECIBIDA,574TX9 ,Con_Facturas,,,,,,,,,,,,,,,GSC
2026-02-01 00:00:00,773200700120,27,DW,01,D,03,279,UICAB PUCH PASCUALA           ,1C,ACTIVO,RCB568 ,2,F623,24NY,2025-11-01 00:00:00,1,0,3,2025-09-18 00:00:00,2025-11-19 00:00:00,2025-11-21 00:00:00,40,67,147,40,0,0,0,9JRB6,BIMESTRAL NON,100,2020-07-03 00:00:00,2025-03-01 00:00:00,2025-03-19 00:00:00,3732,1,2,RECIBIDA,Y967LU ,Con_Facturas,,,,,,,,,,,,,,,GSC
2026-02-01 00:00:00,773200901567,27,DW,01,D,03,279,CAN CAN LUISA ROSALBA         ,1C,ACTIVO,BE907X ,2,F623,19NV,2025-11-01 00:00:00,1,0,8,2025-09-18 00:00:00,2025-11-19 00:00:00,2025-11-21 00:00:00,807,2680,6392,807,0,0,0,9JRB6,BIMESTRAL NON,100,2020-09-15 00:00:00,2025-11-01 00:00:00,2025-11-19 09:27:00,6392,807,2,RECIBIDA,BE907X ,Con_Facturas,,,,,,,,,,,,,,,GSC
2026-02-01 00:00:00,773201202611,27,DW,01,D,03,278,GONZALEZ KUK CATERIN          ,1C,ACTIVO,354DF7 ,1,F12H,11KU,2025-11-01 00:00:00,1,0,7,2025-09-18 00:00:00,2025-11-19 00:00:00,2025-11-21 00:00:00,784,2572,15225,784,0,0,0,9NCXD,BIMESTRAL NON,100,2020-12-19 00:00:00,2025-11-01 00:00:00,2025-11-19 08:42:00,15225,784,2,RECIBIDA,354DF7 ,Con_Facturas,,,,,,,,,,,,,,,GSC
2026-02-01 00:00:00,773210203515,27,DW,01,D,03,279,HERRERA COBOS ANA DEL CARMEN  ,1C,ACTIVO,KL004L ,1,F123,20NT,2025-11-01 00:00:00,1,0,8,2025-09-18 00:00:00,2025-11-19 00:00:00,2025-11-21 00:00:00,471,1094,13187,471,0,0,0,9EMCB,BIMESTRAL NON,100,2021-02-19 00:00:00,2025-11-01 00:00:00,2025-11-20 10:14:00,13187,471,2,RECIBIDA,KL004L ,Con_Facturas,,,,,,,,,,,,,,,GSC
2026-02-01 00:00:00,773210602291,27,DW,01,D,03,278,SOSA URIBE PRISCILA ILEANA    ,1C,ACTIVO,NR325F ,2,F623,20NU,2025-11-01 00:00:00,1,0,3,2025-09-18 00:00:00,2025-11-19 00:00:00,2025-11-21 00:00:00,1047,3815,27572,1047,0,0,0,9NCXD,BIMESTRAL NON,100,2021-06-12 00:00:00,2025-11-01 00:00:00,2025-11-19 10:05:00,27572,1047,2,RECIBIDA,NR325F ,Con_Facturas,,,,,,,,,,,,,,,GSC
2026-02-01 00:00:00,773130804461,27,DW,01,D,03,278,CHIM YAM MARIA TERESA         ,1C,ACTIVO,G719ML ,2,F622,17LM,2025-11-01 00:00:00,1,0,1,2025-09-18 00:00:00,2025-11-19 00:00:00,2025-11-21 00:00:00,589,1651,23171,589,0,0,0,9NCXD,BIMESTRAL NON,100,2013-08-30 00:00:00,2017-07-01 00:00:00,2017-07-20 09:36:00,1410,0,22,,692DE8 ,Con_Facturas,,,,,,,,,,,,,,,GSC
2026-02-01 00:00:00,778250900911,68,DW,01,K,45,683,MEDINA MILLET CARLOS GABRIEL  ,02,ACTIVO,8AYA58 ,2,F623,25P2,2026-01-01 00:00:00,1,C,5,2025-09-30 00:00:00,2026-01-21 00:00:00,2026-01-23 00:00:00,1,59,1,1,0,0,0,G09DG,MENSUAL,37,2025-09-30 00:00:00,2026-01-01 00:00:00,2026-01-21 16:24:00,1,1,16,AJUSTADA,8AYA58 ,Con_Facturas,,,,,,,,,,,,,,,GSC
2026-02-01 00:00:00,779240401590,29,DW,01,M,25,296,GRAJEDA ROSAS TANYA           ,1D,ACTIVO,KJE956 ,2,F623,23NU,2025-11-01 00:00:00,1,1,6,2025-09-25 00:00:00,2025-11-26 00:00:00,2025-11-28 00:00:00,1473,5670,21633,1473,56,0,0,R9689,BIMESTRAL NON,93,2024-04-08 00:00:00,2026-01-01 00:00:00,2026-01-27 09:33:00,21633,0,2,RECIBIDA,KJE956 ,Con_Facturas,NO HAY MEDIDOR,,,2025-11-27 13:43:01,3751,R,R9689,KJE956 ,0,Nor,56,NO HAY MEDIDOR,56,S,GSC
2026-02-01 00:00:00,779250405062,17,DW,01,M,02,172,LOPEZ DIAZ FRANCISCO JAVIER   ,1D,ACTIVO,142JJJ ,2,F622,15LM,2025-12-01 00:00:00,1,1,4,2025-10-14 00:00:00,2025-12-15 00:00:00,2025-12-17 00:00:00,1067,3755,3203,1067,51,0,0,G92B2,BIMESTRAL NON,74,2025-04-30 00:00:00,2025-12-01 00:00:00,2025-10-16 18:30:00,3203,1067,4,ESTIMADA-P,142JJJ ,Con_Facturas,NO ENCONTRE DOMI,,,2025-12-15 18:29:43,2228,L,G92B2,142JJJ ,0,Nor,51,NO ENCONTRE DOMI,,,GSC
2026-02-01 00:00:00,779250800328,11,DW,01,M,13,114,MAY SOLIS JHONATAN EMMANUEL   ,1D,ACTIVO,2DVF43 ,2,F623,25NY,2025-12-01 00:00:00,1,1,1,2025-10-16 00:00:00,2025-12-17 00:00:00,2025-12-19 00:00:00,638,1734,1276,638,51,0,0,9NCYK,BIMESTRAL NON,72,2025-08-05 00:00:00,2025-12-01 00:00:00,2025-10-17 16:19:00,1276,638,4,ESTIMADA-P,2DVF43 ,Con_Facturas,NO ENCONTRE DOMI,,,2025-12-17 16:18:40,2626,L,9NCYK,2DVF43 ,0,Nor,51,NO ENCONTRE DOMI,,,GSC
2026-02-01 00:00:00,779251001828,29,DW,01,M,33,291,ARIZPE CASTANT MARIA DE LOURDE,1D,ACTIVO,9AUM59 ,2,F623,25P2,2025-12-01 00:00:00,1,1,7,2025-10-15 00:00:00,2025-12-16 00:00:00,2025-12-18 00:00:00,0,66,0,0,57,0,0,9P14E,BIMESTRAL NON,73,2025-10-14 00:00:00,2025-12-01 00:00:00,2025-12-16 15:00:00,0,0,4,ESTIMADA-P,9AUM59 ,Con_Facturas,RUTA INCOMPLETA,,,2025-12-16 17:15:37,2426,L,9NCYK,9AUM59 ,0,Nor,51,NO ENCONTRE DOMI,,,GSC
2026-02-01 00:00:00,779251002417,13,DW,01,M,21,133,NIETO ESTRADA JORGE ALBERTO   ,1D,ACTIVO,4BCN47 ,2,F623,25P2,2025-12-01 00:00:00,1,1,1,2025-10-16 00:00:00,2025-12-15 00:00:00,2025-12-17 00:00:00,0,725,0,0,51,0,0,G92B2,BIMESTRAL NON,74,2025-10-16 00:00:00,2025-12-01 00:00:00,2025-12-15 18:30:00,0,0,2,RECIBIDA,4BCN47 ,Con_Facturas,NO ENCONTRE DOMI,,,2025-12-15 18:29:50,2228,L,G92B2,4BCN47 ,0,Nor,51,NO ENCONTRE DOMI,,,GSC
2026-02-01 00:00:00,777220802421,21,DW,01,C,02,212,INST INFRA CARR YUC           ,02,CORTADO,TU150F ,1,F123,21NX,2025-11-01 00:00:00,1,1,1,2025-09-24 00:00:00,2025-11-25 00:00:00,2025-11-27 00:00:00,33,276,1257,33,51,0,0,9NCYF,BIMESTRAL NON,94,2022-08-25 00:00:00,2026-01-01 00:00:00,2026-01-26 16:57:00,1257,0,2,RECIBIDA,TU150F ,Con_Facturas,NO ENCONTRE DOMI,,,2025-11-25 13:20:37,3528,L,9NCYF,TU150F ,0,Nor,51,NO ENCONTRE DOMI,,,GSC
2026-02-01 00:00:00,777250301248,27,DW,01,J,03,273,UC CANUL LEYDI MARIA          ,1C,ACTIVO,RBX454 ,2,F623,24NY,2025-12-01 00:00:00,1,C,5,2025-08-04 00:00:00,2025-12-03 00:00:00,2025-12-05 00:00:00,260,269,269,260,0,0,0,9NNMA,BIMESTRAL NON,86,2025-03-12 00:00:00,2025-12-01 00:00:00,2025-12-03 12:13:00,269,260,16,AJUSTADA,RBX454 ,Con_Facturas,,,,,,,,,,,,,,,GSC
2026-02-01 00:00:00,777250803049,40,DW,01,J,03,403,PEET RODRIGUEZ JESUS ENRIQUE  ,1C,ACTIVO,4DAR64 ,1,F123,25NX,2025-11-01 00:00:00,1,1,3,2025-09-12 00:00:00,2025-11-14 00:00:00,2025-11-19 00:00:00,0,66,0,0,51,0,0,GAC1M,BIMESTRAL PAR,105,2025-08-29 00:00:00,2026-02-01 00:00:00,2026-02-25 10:08:00,215,215,2,RECIBIDA,4DAR64 ,Con_Facturas,NO ENCONTRE DOMI,,,2025-11-14 18:36:32,2301,M,GAC1M,4DAR64 ,0,Nor,51,NO ENCONTRE DOMI,,,GSC
2026-02-01 00:00:00,777970600641,27,DW,01,J,03,271,ASSAD SALAZAR AGUILAR         ,1D,CORTADO,0C486A ,2,F621,04F3,2025-11-01 00:00:00,1,1,1,2025-09-22 00:00:00,2025-11-21 00:00:00,2025-11-25 00:00:00,0,67,6047,0,51,0,0,R9712,BIMESTRAL NON,98,1997-06-16 00:00:00,2000-11-01 00:00:00,2050-01-01 00:00:00,0,0,0,INICIAL,S0MEDD ,Con_Facturas,NO ENCONTRE DOMI,,,2025-11-21 13:32:54,3126,L,R9712,0C486A ,0,Nor,51,NO ENCONTRE DOMI,,,GSC
2026-02-01 00:00:00,776250101137,28,DW,01,H,36,288,PECH PALOMAR JOEL ISAIAS      ,1C,ACTIVO,RFV233 ,2,F623,24NY,2025-12-01 00:00:00,1,1,1,2025-10-20 00:00:00,2025-12-19 00:00:00,2025-12-23 00:00:00,195,273,737,195,51,0,0,9P167,BIMESTRAL PAR,70,2025-01-28 00:00:00,2025-12-01 00:00:00,2025-10-21 11:08:00,737,195,4,ESTIMADA-P,RFV233 ,Con_Facturas,NO ENCONTRE DOMI,,,2025-12-19 11:07:57,3027,L,9P167,RFV233 ,0,Nor,51,NO ENCONTRE DOMI,,,GSC
2026-02-01 00:00:00,776251000377,04,DW,01,H,36,046,LARUMBE GUTIERREZ TANIA MONTSE,1C,ACTIVO,4BCN65 ,2,F623,25P2,2025-12-01 00:00:00,1,1,1,2025-10-15 00:00:00,2025-12-02 00:00:00,2025-12-04 00:00:00,0,711,0,0,51,0,0,9JR2C,BIMESTRAL PAR,87,2025-10-15 00:00:00,2026-02-01 00:00:00,2026-02-23 09:47:00,0,0,2,RECIBIDA,4BCN65 ,Con_Facturas,NO ENCONTRE DOMI,,,2025-12-03 16:58:55,0451,R,9JR2C,4BCN65 ,0,Nor,51,NO ENCONTRE DOMI,,,GSC
2026-02-01 00:00:00,776251000385,04,DW,01,H,36,046,GOMEZ PUNAB KARINA DE LOS ANGE,1C,ACTIVO,6BCP17 ,2,F623,25P2,2025-12-01 00:00:00,1,1,2,2025-10-10 00:00:00,2025-12-02 00:00:00,2025-12-04 00:00:00,0,717,0,0,51,0,0,9JR2C,BIMESTRAL PAR,87,2025-10-10 00:00:00,2026-02-01 00:00:00,2026-02-23 09:58:00,0,0,2,RECIBIDA,6BCP17 ,Con_Facturas,NO ENCONTRE DOMI,,,2025-12-03 16:58:52,0451,R,9JR2C,6BCP17 ,0,Nor,51,NO ENCONTRE DOMI,,,GSC
2026-02-01 00:00:00,776251000407,04,DW,01,H,36,046,ESQUIVEL CRUZ LAURA           ,1C,ACTIVO,6BCP91 ,2,F623,25P2,2025-12-01 00:00:00,1,1,7,2025-10-11 00:00:00,2025-12-02 00:00:00,2025-12-04 00:00:00,0,715,0,0,51,0,0,9JR2C,BIMESTRAL PAR,87,2025-10-11 00:00:00,2026-02-01 00:00:00,2026-02-23 09:57:00,0,0,2,RECIBIDA,6BCP91 ,Con_Facturas,NO ENCONTRE DOMI,,,2025-12-03 16:58:54,0451,R,9JR2C,6BCP91 ,0,Nor,51,NO ENCONTRE DOMI,,,GSC
2026-02-01 00:00:00,776251000466,04,DW,01,H,36,046,ROJAS MIRANDA FERNANDA        ,1C,ACTIVO,8AYA68 ,2,F623,25P2,2025-12-01 00:00:00,1,1,2,2025-10-14 00:00:00,2025-12-02 00:00:00,2025-12-04 00:00:00,0,712,0,0,51,0,0,9JR2C,BIMESTRAL PAR,87,2025-10-14 00:00:00,2026-02-01 00:00:00,2026-02-23 09:58:00,0,0,2,RECIBIDA,8AYA68 ,Con_Facturas,NO ENCONTRE DOMI,,,2025-12-03 16:58:50,0451,R,9JR2C,8AYA68 ,0,Nor,51,NO ENCONTRE DOMI,,,GSC
2026-02-01 00:00:00,776251000580,04,DW,01,H,36,046,NARANJO GONZALEZ PAULO        ,1C,ACTIVO,4BCN66 ,2,F623,25P2,2025-12-01 00:00:00,1,1,4,2025-10-15 00:00:00,2025-12-02 00:00:00,2025-12-04 00:00:00,0,711,0,0,51,0,0,9JR2C,BIMESTRAL PAR,87,2025-10-15 00:00:00,2026-02-01 00:00:00,2026-02-23 09:58:00,0,0,2,RECIBIDA,4BCN66 ,Con_Facturas,NO ENCONTRE DOMI,,,2025-12-03 16:58:56,0451,R,9JR2C,4BCN66 ,0,Nor,51,NO ENCONTRE DOMI,,,GSC
2026-02-01 00:00:00,776251000831,04,DW,01,H,36,046,SEGOVIA PAREDES JORGE CARLOS  ,1C,ACTIVO,1BCJ36 ,2,F623,25P2,2025-12-01 00:00:00,1,1,5,2025-10-21 00:00:00,2025-12-02 00:00:00,2025-12-04 00:00:00,0,705,0,0,51,0,0,9JR2C,BIMESTRAL PAR,87,2025-10-21 00:00:00,2026-02-01 00:00:00,2026-02-23 09:58:00,0,0,2,RECIBIDA,1BCJ36 ,Con_Facturas,NO ENCONTRE DOMI,,,2025-12-03 16:58:51,0451,R,9JR2C,1BCJ36 ,0,Nor,51,NO ENCONTRE DOMI,,,GSC
2026-02-01 00:00:00,777091002927,15,DW,01,J,04,152,COCOM LOPEZ MARCOS URIBE      ,1D,CORTADO,86TJ01 ,1,F121,08JL,2025-11-01 00:00:00,1,1,0,2025-09-09 00:00:00,2025-11-11 00:00:00,2025-11-13 00:00:00,0,66,15131,0,56,0,0,R9712,BIMESTRAL NON,108,2009-10-21 00:00:00,2010-03-01 00:00:00,2050-01-01 00:00:00,0,0,0,INICIAL,S0MEDD ,Con_Facturas,NO HAY MEDIDOR,,,2025-11-11 14:07:47,1728,L,R9712,86TJ01 ,0,Nor,56,NO HAY MEDIDOR,56,S,GSC
2026-02-01 00:00:00,777101102046,06,DW,01,J,03,065,MAY UC VICTOR MANUEL          ,1C,ACTIVO,38H9C7 ,1,F12H,09KU,2025-12-01 00:00:00,1,1,0,2025-10-20 00:00:00,2025-12-19 00:00:00,2025-12-23 00:00:00,16,66,12739,16,51,0,0,R9950,BIMESTRAL PAR,70,2010-11-22 00:00:00,2025-12-01 00:00:00,2025-08-20 13:34:00,12739,16,8,ESTIMADA-C,38H9C7 ,Con_Facturas,NO ENCONTRE DOMI,,,2025-12-19 13:33:36,3003,L,R9950,38H9C7 ,0,Nor,51,NO ENCONTRE DOMI,,,GSC
2026-02-01 00:00:00,780231002869,37,DW,12,D,04,372,ROGEL DELGADO JUAN FILEMON    ,1D,ACTIVO,JAW145 ,2,F623,23NU,2025-11-01 00:00:00,1,1,4,2025-09-19 00:00:00,2025-11-20 00:00:00,2025-11-24 00:00:00,0,66,0,0,57,0,0,9NCXK,BIMESTRAL NON,99,2023-10-20 00:00:00,2026-01-01 00:00:00,2050-01-20 00:00:00,0,0,2,RECIBIDA,JAW145 ,Con_Facturas,RUTA INCOMPLETA,,,2025-11-20 13:13:23,2926,L,9NCXK,JAW145 ,0,Nor,5X,RUTA INCOMPLETA,,,GSC
2026-02-01 00:00:00,776190200343,09,DW,01,H,36,091,CASTRO MATU ROSELY G          ,1C,ACTIVO,GBU279 ,1,F123,23NX,2025-12-01 00:00:00,1,0,9,2025-10-06 00:00:00,2025-12-08 00:00:00,2025-12-10 00:00:00,913,3193,3555,913,0,0,0,9JR2C,BIMESTRAL NON,81,2019-02-17 00:00:00,2025-02-01 00:00:00,2025-01-01 00:00:00,17159,0,2,RECIBIDA,P922PR ,Con_Facturas,,,,,,,,,,,,,,,GSC
2026-02-01 00:00:00,800990101180,12,DW,07,A,10,104,MARFIL ALCOCER JOSE ROBERTO   ,1B,ACTIVO,L966FJ ,1,F122,18LN,2025-12-01 00:00:00,1,1,2,2025-10-07 00:00:00,2025-12-08 00:00:00,2025-12-10 00:00:00,0,66,8309,0,59,0,0,9JR0E,BIMESTRAL PAR,81,1999-01-20 00:00:00,2018-09-01 00:00:00,2018-08-21 23:48:00,47407,0,2,RECIBIDA,3MM275 ,Con_Facturas,DISPLAY APAGADO,,,2025-12-08 13:08:10,1226,L,9JR0E,L966FJ ,0,Nor,59,DISPLAY APAGADO,59,S,GSC
2026-02-01 00:00:00,801010500641,33,DW,07,B,25,125,CHAY BALAM SANTIAGO           ,1B,ACTIVO,697RPU ,1,F122,16LN,2025-11-01 00:00:00,1,1,6,2025-09-23 00:00:00,2025-11-24 00:00:00,2025-11-26 00:00:00,48,67,2304,48,52,0,0,9ND1B,BIMESTRAL NON,95,2000-01-28 00:00:00,2001-03-01 00:00:00,2000-01-28 00:00:00,2,0,0,INICIAL,3DC895 ,Con_Facturas,COMUNICACION INTERRU,,,2025-11-24 14:26:17,3329,L,9ND1B,697RPU ,0,Nor,52,COMUNICACION INTERRU,52,S,GSC
2026-02-01 00:00:00,801020502471,33,DW,07,B,25,125,MAY TAMAY DESIDERIO           ,1B,ACTIVO,4T9M03 ,1,F121,02GG,2025-11-01 00:00:00,1,0,3,2025-09-23 00:00:00,2025-11-24 00:00:00,2025-11-26 00:00:00,18,67,20057,18,0,0,0,9ND1B,BIMESTRAL NON,95,2002-05-22 00:00:00,2025-11-01 00:00:00,2025-11-24 10:41:00,20057,18,2,RECIBIDA,4T9M03 ,Con_Facturas,,,,,,,,,,,,,,,GSC
2026-02-01 00:00:00,801040300816,33,DW,07,B,25,125,CAHUM CANUL EUSEBIO           ,1B,ACTIVO,KK604L ,1,F123,20NT,2025-11-01 00:00:00,1,1,2,2025-09-23 00:00:00,2025-11-24 00:00:00,2025-11-26 00:00:00,174,238,6517,174,50,0,0,9ND1B,BIMESTRAL NON,95,2004-03-12 00:00:00,2021-03-01 00:00:00,2021-03-24 00:00:00,20562,0,2,RECIBIDA,2J70W4 ,Con_Facturas,CASA CERRADA,,,2025-11-24 14:04:12,3329,L,9ND1B,KK604L ,0,Nor,50,CASA CERRADA,50,S,GSC
2026-02-01 00:00:00,801080600448,33,DW,07,B,25,125,DZUL NOH ANDY                 ,1B,ACTIVO,34UX30 ,1,F121,08JL,2025-11-01 00:00:00,1,1,5,2025-09-23 00:00:00,2025-11-24 00:00:00,2025-11-26 00:00:00,0,67,5028,0,52,0,0,9ND1B,BIMESTRAL NON,95,2008-06-23 00:00:00,2025-11-01 00:00:00,2025-09-23 14:26:00,5028,0,8,ESTIMADA-C,34UX30 ,Con_Facturas,COMUNICACION INTERRU,,,2025-11-24 14:26:27,3329,L,9ND1B,34UX30 ,0,Nor,52,COMUNICACION INTERRU,52,S,GSC
2026-02-01 00:00:00,776081008874,08,DW,01,H,38,086,HERNANDEZ PECH LORENZO        ,02,ACTIVO,80D6L4 ,2,F421,08KF,2025-12-01 00:00:00,1,1,1,2025-10-03 00:00:00,2025-12-05 00:00:00,2025-12-09 00:00:00,723,3812,93587,723,56,0,0,9P167,BIMESTRAL PAR,84,2008-11-02 00:00:00,2026-02-01 00:00:00,2026-02-05 17:37:00,93587,0,2,RECIBIDA,80D6L4 ,Con_Facturas,NO HAY MEDIDOR,,,2025-12-08 14:07:22,1051,R,9P167,80D6L4 ,0,Nor,56,NO HAY MEDIDOR,56,S,GSC
2026-02-01 00:00:00,779880800032,24,DW,01,M,09,240,RAUL PECH PECH                ,1D,ACTIVO,8E27V5 ,2,F621,03F3,2025-12-01 00:00:00,1,0,0,2025-10-16 00:00:00,2025-12-17 00:00:00,2025-12-19 00:00:00,1100,3905,99384,1100,0,0,0,R9982,BIMESTRAL PAR,72,1988-08-19 00:00:00,2025-12-01 00:00:00,2025-12-17 12:56:00,99384,1100,2,RECIBIDA,8E27V5 ,Con_Facturas,,,,,,,,,,,,,,,GSC
2026-02-01 00:00:00,800180700079,12,DW,07,A,10,104,ROGER ARMANDO SANCHEZ MASSA   ,1B,ACTIVO,N812JJ ,2,F622,18LM,2025-12-01 00:00:00,1,0,1,2025-10-07 00:00:00,2025-12-08 00:00:00,2025-12-10 00:00:00,0,0,36094,1153,0,0,0,9JR0E,BIMESTRAL PAR,81,2018-07-05 00:00:00,2025-12-01 00:00:00,2025-12-08 11:21:00,36094,1153,2,RECIBIDA,N812JJ ,Con_Facturas,,,,,,,,,,,,,,,GSC
2026-02-01 00:00:00,800180800669,12,DW,07,A,13,102,PACHECO LUGO ROCIO MAGALI     ,1B,ACTIVO,N017DJ ,2,F622,18LM,2025-12-01 00:00:00,1,0,5,2025-10-07 00:00:00,2025-12-08 00:00:00,2025-12-10 00:00:00,54,72,1215,54,0,0,0,9MCGY,BIMESTRAL PAR,81,2018-08-16 00:00:00,2025-12-01 00:00:00,2025-12-08 12:37:00,1215,54,2,RECIBIDA,N017DJ ,Con_Facturas,,,,,,,,,,,,,,,GSC
2026-02-01 00:00:00,800251201125,08,DW,07,A,05,089,POOT CAUICH SERGIO AMIR       ,02,ACTIVO,6CET14 ,2,F623,25P3,2025-12-01 00:00:00,1,0,8,2025-12-18 00:00:00,2025-12-19 00:00:00,2025-12-23 00:00:00,0,2865,0,0,0,0,0,9MCJD,BIMESTRAL PAR,70,2025-12-18 00:00:00,2026-02-01 00:00:00,2026-02-18 08:57:00,0,0,2,RECIBIDA,6CET14 ,Con_Facturas,,,,,,,,,,,,,,,GSC
2026-02-01 00:00:00,800810800271,12,DW,07,A,10,104,VICTOR RAMOS VALLEJOS         ,1B,ACTIVO,L267TM ,1,F122,18LN,2025-12-01 00:00:00,1,0,5,2025-10-07 00:00:00,2025-12-08 00:00:00,2025-12-10 00:00:00,407,795,19452,407,0,0,0,9JR0E,BIMESTRAL PAR,81,1981-08-21 00:00:00,2019-09-01 00:00:00,2019-08-20 23:23:00,46000,0,2,RECIBIDA,H6Y902 ,Con_Facturas,,,,,,,,,,,,,,,GSC
2026-02-01 00:00:00,800821100310,12,DW,07,A,10,104,GALAZ CAB ROGER               ,1B,ACTIVO,134FCW ,1,F122,15LN,2025-12-01 00:00:00,1,0,0,2025-10-07 00:00:00,2025-12-08 00:00:00,2025-12-10 00:00:00,537,1411,12743,537,0,0,0,9JR0E,BIMESTRAL PAR,81,1982-11-12 00:00:00,2004-06-01 00:00:00,2004-06-07 09:33:00,931,0,2,RECIBIDA,2W6E66 ,Con_Facturas,,,,,,,,,,,,,,,GSC
2026-02-01 00:00:00,800870900275,12,DW,07,A,62,621,CETZ CHAN INOCENTE            ,1B,ACTIVO,591TT9 ,1,F122,12LH,2025-12-01 00:00:00,1,1,5,2025-10-07 00:00:00,2025-12-08 00:00:00,2025-12-10 00:00:00,10,66,911,10,59,0,0,9MCGY,BIMESTRAL PAR,81,1987-09-09 00:00:00,2025-12-01 00:00:00,2025-08-07 13:15:00,911,10,8,ESTIMADA-C,591TT9 ,Con_Facturas,DISPLAY APAGADO,,,2025-12-08 13:14:33,1230,L,9MCGY,591TT9 ,0,Nor,59,DISPLAY APAGADO,59,S,GSC
2026-02-01 00:00:00,800941101018,12,DW,07,A,13,103,CAMPO DE SOFTBOL S F          ,02,ACTIVO,517WW7 ,2,F622,13LM,2025-12-01 00:00:00,1,1,2,2025-10-07 00:00:00,2025-12-08 00:00:00,2025-12-10 00:00:00,2,108,1230,2,59,0,0,9JRAJ,BIMESTRAL PAR,81,1994-11-30 00:00:00,2025-12-01 00:00:00,2025-08-07 12:12:00,1230,2,8,ESTIMADA-C,517WW7 ,Con_Facturas,DISPLAY APAGADO,,,2025-12-08 12:12:10,1227,L,9JRAJ,517WW7 ,0,Nor,59,DISPLAY APAGADO,59,S,GSC
2026-02-01 00:00:00,800971001484,12,DW,07,A,62,621,IND SALINERA DE YUC SA CV     ,1B,ACTIVO,MU981C ,3,KL28,20KE,2025-12-01 00:00:00,1,0,4,2025-10-07 00:00:00,2025-12-08 00:00:00,2025-12-10 00:00:00,4640,33344,13109,4640,0,0,0,9MCGY,BIMESTRAL PAR,81,1997-10-30 00:00:00,2020-12-01 00:00:00,2020-12-08 00:00:00,94898,0,2,RECIBIDA,U560X1 ,Con_Facturas,,,,,,,,,,,,,,,GSC
2026-02-01 00:00:00,800971100903,12,DW,07,A,10,104,ALCOCER LORIA ROMAN           ,1B,ACTIVO,RR034L ,1,F123,21NX,2025-12-01 00:00:00,1,0,8,2025-10-07 00:00:00,2025-12-08 00:00:00,2025-12-10 00:00:00,126,0,2957,126,0,0,0,9JR0E,BIMESTRAL PAR,81,1997-11-05 00:00:00,2022-08-01 00:00:00,2022-08-08 00:00:00,54547,271,2,RECIBIDA,Y880P7 ,Con_Facturas,,,,,,,,,,,,,,,GSC
2026-02-01 00:00:00,801971001804,33,DW,07,B,25,125,PUC MISS TIMOTEO              ,1B,CORTADO,Y883P0 ,1,F121,97F5,2025-11-01 00:00:00,1,1,1,2025-09-23 00:00:00,2025-11-24 00:00:00,2025-11-26 00:00:00,2,67,40350,2,52,0,0,9ND1B,BIMESTRAL NON,95,1997-10-23 00:00:00,2025-11-01 00:00:00,2025-07-23 14:07:00,40350,2,8,ESTIMADA-C,Y883P0 ,Con_Facturas,COMUNICACION INTERRU,,,2025-11-24 14:07:46,3329,L,9ND1B,Y883P0 ,0,Nor,52,COMUNICACION INTERRU,52,S,GSC
2026-02-01 00:00:00,800111200455,70,DW,07,A,09,002,RAMIREZ TORRES RUBEN          ,02,ACTIVO,CHG200 ,3,KL28,22NJ,2026-01-01 00:00:00,1,0,1,2025-12-15 00:00:00,2026-01-14 00:00:00,2026-01-16 00:00:00,427,2164,8741,427,0,0,0,9ND6Y,MENSUAL,44,2012-04-12 00:00:00,2021-11-01 00:00:00,2021-11-10 00:00:00,13481,0,2,RECIBIDA,972AA9 ,Con_Facturas,,,,,,,,,,,,,,,GSC
2026-02-01 00:00:00,800120802042,12,DW,07,A,10,104,TEC PAT GLADIS BEATRIZ        ,1B,ACTIVO,HD872V ,1,F123,20NT,2025-12-01 00:00:00,1,1,2,2025-10-07 00:00:00,2025-12-08 00:00:00,2025-12-10 00:00:00,5,67,1331,5,59,0,0,9JR0E,BIMESTRAL PAR,81,2012-08-29 00:00:00,2021-06-01 00:00:00,2021-06-08 09:54:00,8934,0,16,AJUSTADA,43DH62 ,Con_Facturas,DISPLAY APAGADO,,,2025-12-08 12:47:39,1226,L,9JR0E,HD872V ,0,Nor,59,DISPLAY APAGADO,59,S,GSC
2026-02-01 00:00:00,800130101425,12,DW,07,A,62,621,YAM COUOH MARIA ADELA         ,1B,ACTIVO,858TY2 ,1,F122,12LH,2025-12-01 00:00:00,1,0,4,2025-10-07 00:00:00,2025-12-08 00:00:00,2025-12-10 00:00:00,399,757,27998,399,0,0,0,9MCGY,BIMESTRAL PAR,81,2013-01-15 00:00:00,2025-12-01 00:00:00,2025-12-08 11:50:00,27998,399,2,RECIBIDA,858TY2 ,Con_Facturas,,,,,,,,,,,,,,,GSC
2026-02-01 00:00:00,800140901462,70,DW,07,A,09,002,CORONADO FERNANDEZ ISMAEL     ,1B,ACTIVO,YH668V ,2,F623,21NU,2026-01-01 00:00:00,1,0,8,2025-12-15 00:00:00,2026-01-14 00:00:00,2026-01-16 00:00:00,83,114,3686,83,0,0,0,GA8XN,MENSUAL,44,2014-11-11 00:00:00,2022-05-01 00:00:00,2022-05-12 00:00:00,7824,0,2,RECIBIDA,038G5N ,Con_Facturas,,,,,,,,,,,,,,,GSC
2026-02-01 00:00:00,800150100816,12,DW,07,A,10,104,MARFIL ALONZO MARIA CLEMENCIA ,1B,ACTIVO,230W7C ,1,F122,14LN,2025-12-01 00:00:00,1,1,0,2025-10-07 00:00:00,2025-12-08 00:00:00,2025-12-10 00:00:00,0,0,5043,0,59,0,0,9JR0E,BIMESTRAL PAR,81,2015-01-18 00:00:00,2025-12-01 00:00:00,2025-08-07 09:05:00,5043,0,8,ESTIMADA-C,230W7C ,Con_Facturas,DISPLAY APAGADO,,,2025-12-08 09:05:19,1226,L,9JR0E,230W7C ,0,Nor,59,DISPLAY APAGADO,59,S,GSC
2026-02-01 00:00:00,800151100798,12,DW,07,A,62,621,AKE VICTOR MANUEL             ,02,ACTIVO,G789MM ,2,F622,17LM,2025-12-01 00:00:00,1,0,6,2025-10-07 00:00:00,2025-12-08 00:00:00,2025-12-10 00:00:00,376,6114,21478,635,0,0,0,9MCGY,BIMESTRAL PAR,81,2015-11-14 00:00:00,2022-02-01 00:00:00,2022-02-04 00:00:00,43604,476,2,RECIBIDA,155EBX ,Con_Facturas,,,,,,,,,,,,,,,GSC
2026-02-01 00:00:00,800160800701,12,DW,07,A,13,103,SANCHEZ MARRUFO MARCIAL       ,02,ACTIVO,082KTW ,1,F122,15LN,2025-12-01 00:00:00,1,1,8,2025-10-07 00:00:00,2025-12-08 00:00:00,2025-12-10 00:00:00,24,225,145,24,59,0,0,9JRAJ,BIMESTRAL PAR,81,2016-08-11 00:00:00,2025-12-01 00:00:00,2025-08-07 12:51:00,145,24,8,ESTIMADA-C,082KTW ,Con_Facturas,DISPLAY APAGADO,,,2025-12-08 12:51:13,1227,L,9JRAJ,082KTW ,0,Nor,59,DISPLAY APAGADO,59,S,GSC
2026-02-01 00:00:00,800170200116,12,DW,07,A,62,621,AZUETA ANGULO JOSE DAVID      ,1B,ACTIVO,229VXN ,1,F122,16LN,2025-12-01 00:00:00,1,0,3,2025-10-07 00:00:00,2025-12-08 00:00:00,2025-12-10 00:00:00,296,437,18519,296,0,0,0,9MCGY,BIMESTRAL PAR,81,2017-02-03 00:00:00,2025-12-01 00:00:00,2025-12-08 09:02:00,18519,296,2,RECIBIDA,229VXN ,Con_Facturas,,,,,,,,,,,,,,,GSC
2026-02-01 00:00:00,810240806659,30,DW,22,A,01,305,FRANK SANCHEZ LUIS ALBERTO    ,1B,ACTIVO,REL595 ,2,F623,24NY,2025-12-01 00:00:00,1,C,2,2025-08-19 00:00:00,2025-12-19 00:00:00,2025-12-23 00:00:00,616,348,3943,616,0,0,0,9N4CT,BIMESTRAL PAR,70,2024-08-28 00:00:00,2025-12-01 00:00:00,2025-12-19 13:31:00,3943,616,16,AJUSTADA,REL595 ,Con_Facturas,,,,,,,,,,,,,,,GSC
2026-02-01 00:00:00,810240807060,30,DW,22,A,01,305,VALDES VAZQUEZ YOLANDA PIEDAD ,1B,ACTIVO,REK960 ,2,F623,24NY,2025-12-01 00:00:00,1,C,3,2025-08-19 00:00:00,2025-12-19 00:00:00,2025-12-23 00:00:00,649,273,3497,649,0,0,0,9N4CT,BIMESTRAL PAR,70,2024-08-28 00:00:00,2025-12-01 00:00:00,2025-12-19 13:31:00,3497,649,16,AJUSTADA,REK960 ,Con_Facturas,,,,,,,,,,,,,,,GSC
2026-02-01 00:00:00,810240901082,30,DW,22,A,01,305,AYALA RESCALVO RAUL           ,1B,ACTIVO,RDJ123 ,2,F623,24NY,2025-12-01 00:00:00,1,C,5,2025-08-19 00:00:00,2025-12-19 00:00:00,2025-12-23 00:00:00,111,74,573,111,0,0,0,9N4CT,BIMESTRAL PAR,70,2024-09-10 00:00:00,2025-12-01 00:00:00,2025-12-19 13:31:00,573,111,16,AJUSTADA,RDJ123 ,Con_Facturas,,,,,,,,,,,,,,,GSC
2026-02-01 00:00:00,810241006281,30,DW,22,A,01,305,CAN FERMAN JOSE ALEJANDRO     ,1B,ACTIVO,WNB148 ,2,F623,24P2,2025-12-01 00:00:00,1,C,2,2025-08-19 00:00:00,2025-12-19 00:00:00,2025-12-23 00:00:00,1049,1003,2831,1049,0,0,0,9N4CT,BIMESTRAL PAR,70,2024-10-19 00:00:00,2025-12-01 00:00:00,2025-12-19 13:31:00,2831,1049,16,AJUSTADA,WNB148 ,Con_Facturas,,,,,,,,,,,,,,,GSC
2026-02-01 00:00:00,810250102161,30,DW,22,A,01,305,LOPEZ LIRA NAHOMI AMEYALI     ,1B,ACTIVO,RBT014 ,2,F623,24NY,2025-12-01 00:00:00,1,C,2,2025-08-19 00:00:00,2025-12-19 00:00:00,2025-12-23 00:00:00,1032,902,2877,1032,0,0,0,9N4CT,BIMESTRAL PAR,70,2025-01-08 00:00:00,2025-12-01 00:00:00,2025-12-19 13:31:00,2877,1032,16,AJUSTADA,RBT014 ,Con_Facturas,,,,,,,,,,,,,,,GSC
2026-02-01 00:00:00,810250102188,30,DW,22,A,01,305,SOTO CERVANTES JOHAN          ,1B,ACTIVO,RBT015 ,2,F623,24NY,2025-12-01 00:00:00,1,C,4,2025-08-19 00:00:00,2025-12-19 00:00:00,2025-12-23 00:00:00,430,283,1374,430,0,0,0,9N4CT,BIMESTRAL PAR,70,2025-01-08 00:00:00,2025-12-01 00:00:00,2025-12-19 13:31:00,1374,430,16,AJUSTADA,RBT015 ,Con_Facturas,,,,,,,,,,,,,,,GSC
2026-02-01 00:00:00,810250300672,13,DW,22,A,01,137,RESCALVO PEREZ JAIR SAMUEL    ,02,ACTIVO,RBM273 ,2,F623,24NY,2025-11-01 00:00:00,1,1,0,2025-09-11 00:00:00,2025-11-13 00:00:00,2025-11-18 00:00:00,0,98,0,0,51,0,0,GAPHM,BIMESTRAL NON,106,2025-03-07 00:00:00,2026-01-01 00:00:00,2026-01-14 16:09:00,0,0,2,RECIBIDA,RBM273 ,Con_Facturas,NO ENCONTRE DOMI,,,2025-11-13 16:13:17,2128,L,GAPHM,RBM273 ,0,Nor,51,NO ENCONTRE DOMI,,,GSC
2026-02-01 00:00:00,810250806231,30,DW,22,A,02,306,MARTINEZ CRUZ BRIYIT CRISTEL  ,1B,ACTIVO,4AAF34 ,2,F623,25NY,2025-12-01 00:00:00,1,C,4,2025-08-20 00:00:00,2025-12-19 00:00:00,2025-12-23 00:00:00,27,780,27,27,0,0,0,9N4CT,BIMESTRAL PAR,70,2025-08-20 00:00:00,2025-12-01 00:00:00,2025-12-19 13:34:00,27,27,16,AJUSTADA,4AAF34 ,Con_Facturas,,,,,,,,,,,,,,,GSC
2026-02-01 00:00:00,810250806550,30,DW,22,A,02,306,MENDOZA CHAVEZ MARIA TERESA   ,1B,ACTIVO,6DVH67 ,2,F623,25NY,2025-12-01 00:00:00,1,C,0,2025-08-19 00:00:00,2025-12-19 00:00:00,2025-12-23 00:00:00,5,65,5,5,0,0,0,9N4CT,BIMESTRAL PAR,70,2025-08-19 00:00:00,2025-12-01 00:00:00,2025-12-19 13:34:00,5,5,16,AJUSTADA,6DVH67 ,Con_Facturas,,,,,,,,,,,,,,,GSC
2026-02-01 00:00:00,810130201255,30,DW,22,A,01,308,LOPEZ PEREZ CARLOS ALBERTO    ,1B,ACTIVO,091MW6 ,2,F622,12LJ,2025-12-01 00:00:00,1,C,1,2025-08-19 00:00:00,2025-12-19 00:00:00,2025-12-23 00:00:00,699,592,40220,699,0,0,0,9N4CT,BIMESTRAL PAR,70,2013-02-03 00:00:00,2025-12-01 00:00:00,2025-12-19 13:33:00,40220,699,16,AJUSTADA,091MW6 ,Con_Facturas,,,,,,,,,,,,,,,GSC
2026-02-01 00:00:00,810041206766,30,DW,22,A,01,305,BALDOMERO MONARREZ HERNANDEZ  ,1B,ACTIVO,8R3X96 ,1,F621,01F3,2025-12-01 00:00:00,1,C,5,2025-04-16 00:00:00,2025-12-19 00:00:00,2025-12-23 00:00:00,0,238,22058,0,0,0,0,9N4CT,BIMESTRAL PAR,70,2004-09-23 00:00:00,2025-12-01 00:00:00,2025-12-19 13:31:00,22058,0,16,AJUSTADA,8R3X96 ,Con_Facturas,,,,2025-12-23 09:22:35,3052,R,GAXPM,8R3X96 ,0,Nor,31,SERVICIO SIN USO,,,GSC
2026-02-01 00:00:00,810110601605,30,DW,22,A,01,305,FONSECA GONZALEZ LEONIDES     ,1B,ACTIVO,MK821T ,2,F623,20NU,2025-12-01 00:00:00,1,C,1,2025-08-19 00:00:00,2025-12-19 00:00:00,2025-12-23 00:00:00,618,141,8350,618,0,0,0,9N4CT,BIMESTRAL PAR,70,2011-05-31 00:00:00,2021-08-01 00:00:00,2021-08-18 00:00:00,15148,0,2,RECIBIDA,48P6A3 ,Con_Facturas,,,,,,,,,,,,,,,GSC
2026-02-01 00:00:00,807241000258,03,DW,08,D,62,031,CHAN PATRON MAYRA DE LA CRUZ  ,1D,ACTIVO,PBF494 ,1,F123,24NX,2025-11-01 00:00:00,1,0,2,2025-09-04 00:00:00,2025-11-06 00:00:00,2025-11-10 00:00:00,115,144,729,115,0,0,0,R9857,BIMESTRAL NON,113,2024-10-11 00:00:00,2026-01-01 00:00:00,2026-01-07 16:35:00,849,120,2,RECIBIDA,PBF494 ,Con_Facturas,,,,,,,,,,,,,,,GSC
2026-02-01 00:00:00,773220704849,27,DW,01,D,03,277,CASTRO PAEZ ANTONIO MANUEL    ,02,ACTIVO,YP685C ,2,F623,21NU,2025-11-01 00:00:00,1,0,2,2025-09-18 00:00:00,2025-11-19 00:00:00,2025-11-21 00:00:00,129,778,2345,129,0,0,0,9BBR3,BIMESTRAL NON,100,2022-07-29 00:00:00,2025-11-01 00:00:00,2025-11-19 10:19:00,2345,129,2,RECIBIDA,YP685C ,Con_Facturas,,,,,,,,,,,,,,,GSC
2026-02-01 00:00:00,806251000462,19,DW,08,C,28,191,GOMEZ PECH FILIBERTO ISMAEL   ,1C,ACTIVO,5AUX90 ,2,F623,25P2,2025-12-01 00:00:00,1,1,1,2025-10-24 00:00:00,2025-12-05 00:00:00,2025-12-09 00:00:00,0,705,0,0,57,0,0,9ND5B,BIMESTRAL NON,84,2025-10-24 00:00:00,2025-12-01 00:00:00,2025-12-09 09:58:00,0,0,2,RECIBIDA,5AUX90 ,Con_Facturas,RUTA INCOMPLETA,,,2025-12-05 13:21:34,1026,L,9ND5B,5AUX90 ,0,Nor,5X,RUTA INCOMPLETA,,,GSC
2026-02-01 00:00:00,773230300665,27,DW,01,D,03,279,CONTROLADORA NEG  COM SA DE CV,02,ACTIVO,MF723L ,2,F623,20NU,2025-11-01 00:00:00,1,0,2,2025-09-18 00:00:00,2025-11-19 00:00:00,2025-11-21 00:00:00,3040,16047,38235,3040,0,0,0,9JRB6,BIMESTRAL NON,100,2023-03-24 00:00:00,2025-11-01 00:00:00,2025-11-19 11:29:00,38235,3040,2,RECIBIDA,MF723L ,Con_Facturas,,,,,,,,,,,,,,,GSC
2026-02-01 00:00:00,773230404215,11,DW,01,J,04,112,YAH GARCIA MONICA JACQUELINE  ,1D,ACTIVO,4AAA94 ,2,F623,25NY,2025-11-01 00:00:00,1,1,6,2025-09-09 00:00:00,2025-11-11 00:00:00,2025-11-13 00:00:00,1,65,0,1,51,0,0,R9712,BIMESTRAL NON,108,2023-07-27 00:00:00,2025-07-01 00:00:00,2025-07-11 00:00:00,500,483,2,RECIBIDA,UW461H ,Con_Facturas,NO ENCONTRE DOMI,,,2025-11-11 14:44:17,1728,L,R9712,4AAA94 ,0,Nor,51,NO ENCONTRE DOMI,,,GSC
2026-02-01 00:00:00,802010500825,69,DW,07,C,05,691,JUAREZ Y VARGAS JOSE LUIS     ,1A,ACTIVO,JCR578 ,2,F623,23NU,2026-01-01 00:00:00,1,0,1,2025-12-09 00:00:00,2026-01-09 00:00:00,2026-01-13 00:00:00,88,122,1970,88,0,0,0,G92BN,MENSUAL,49,2001-03-29 00:00:00,2024-06-01 00:00:00,2024-06-04 00:00:00,20061,0,2,RECIBIDA,51DR13 ,Con_Facturas,,,,,,,,,,,,,,,GSC
2026-02-01 00:00:00,796170803123,28,DW,06,A,06,061,CASTANEDA PEREZ AMILCAR       ,1C,ACTIVO,F249CH ,1,F122,17LN,2025-12-01 00:00:00,1,0,4,2025-10-14 00:00:00,2025-12-15 00:00:00,2025-12-17 00:00:00,143,178,3341,143,0,0,0,9P134,BIMESTRAL PAR,74,2017-09-03 00:00:00,2025-12-01 00:00:00,2025-12-15 11:20:00,3341,143,2,RECIBIDA,F249CH ,Con_Facturas,,,,,,,,,,,,,,,GSC
2026-02-01 00:00:00,796170900242,28,DW,06,A,06,061,CHAN MORATAYA MARIBEL         ,1C,ACTIVO,F718CM ,1,F122,17LN,2025-12-01 00:00:00,1,0,4,2025-10-14 00:00:00,2025-12-15 00:00:00,2025-12-17 00:00:00,335,467,20756,335,0,0,0,9P134,BIMESTRAL PAR,74,2017-09-11 00:00:00,2025-12-01 00:00:00,2025-12-15 12:40:00,20756,335,2,RECIBIDA,F718CM ,Con_Facturas,,,,,,,,,,,,,,,GSC
2026-02-01 00:00:00,796190902349,28,DW,06,A,06,061,GONZALEZ CARRILLO ELIZABETH   ,1C,ACTIVO,V477LF ,1,F122,19LN,2025-12-01 00:00:00,1,0,3,2025-10-14 00:00:00,2025-12-15 00:00:00,2025-12-17 00:00:00,673,1920,19054,673,0,0,0,9P134,BIMESTRAL PAR,74,2019-09-24 00:00:00,2025-12-01 00:00:00,2025-12-15 11:29:00,19054,673,2,RECIBIDA,V477LF ,Con_Facturas,,,,,,,,,,,,,,,GSC
2026-02-01 00:00:00,801980700995,33,DW,07,B,25,125,MOO YAM WILDE ARMANDO         ,1B,ACTIVO,Y991MV ,1,F623,19NU,2025-11-01 00:00:00,1,0,0,2025-09-23 00:00:00,2025-11-24 00:00:00,2025-11-26 00:00:00,217,308,11288,217,0,0,0,9ND1B,BIMESTRAL NON,95,1998-07-23 00:00:00,2025-11-01 00:00:00,2025-11-24 10:39:00,11288,217,2,RECIBIDA,Y991MV ,Con_Facturas,,,,,,,,,,,,,,,GSC
2026-02-01 00:00:00,810250809605,30,DW,22,A,02,306,TAMAYO SILVA JORGE LEONEL     ,1B,ACTIVO,4AAF37 ,2,F623,25NY,2025-12-01 00:00:00,1,C,7,2025-08-25 00:00:00,2025-12-19 00:00:00,2025-12-23 00:00:00,27,65,27,27,0,0,0,9N4CT,BIMESTRAL PAR,70,2025-08-25 00:00:00,2025-12-01 00:00:00,2025-12-19 13:34:00,27,27,16,AJUSTADA,4AAF37 ,Con_Facturas,,,,,,,,,,,,,,,GSC
2026-02-01 00:00:00,810250810590,30,DW,22,A,02,306,DECELIS TRINIDAD CLARA        ,1B,ACTIVO,4AAF38 ,2,F623,25NY,2025-12-01 00:00:00,1,C,1,2025-08-25 00:00:00,2025-12-19 00:00:00,2025-12-23 00:00:00,31,775,31,31,0,0,0,9N4CT,BIMESTRAL PAR,70,2025-08-25 00:00:00,2025-12-01 00:00:00,2025-12-19 13:34:00,31,31,16,AJUSTADA,4AAF38 ,Con_Facturas,,,,,,,,,,,,,,,GSC
2026-02-01 00:00:00,810250909928,01,DW,22,A,02,003,GUIJON AGUILAR NORMA ISELA    ,1B,ACTIVO,5AUT47 ,2,F623,25P2,2025-11-01 00:00:00,1,1,2,2025-10-01 00:00:00,2025-10-31 00:00:00,2025-11-05 00:00:00,0,691,0,0,51,0,0,GA21N,BIMESTRAL NON,119,2025-10-01 00:00:00,2026-01-01 00:00:00,2026-01-02 13:09:00,0,0,2,RECIBIDA,5AUT47 ,Con_Facturas,NO ENCONTRE DOMI,,,2025-10-31 11:47:57,0551,N,GA21N,5AUT47 ,0,Nor,51,NO ENCONTRE DOMI,,,GSC
2026-02-01 00:00:00,810251003124,01,DW,22,A,02,003,HERRERA RUIZ GUADALUPE DE JESU,1B,ACTIVO,7AUX82 ,2,F623,25P2,2025-11-01 00:00:00,1,1,1,2025-10-15 00:00:00,2025-10-31 00:00:00,2025-11-05 00:00:00,0,675,0,0,51,0,0,GA21N,BIMESTRAL NON,119,2025-10-15 00:00:00,2026-01-01 00:00:00,2026-01-02 13:09:00,0,0,2,RECIBIDA,7AUX82 ,Con_Facturas,NO ENCONTRE DOMI,,,2025-10-31 11:47:58,0551,N,GA21N,7AUX82 ,0,Nor,51,NO ENCONTRE DOMI,,,GSC
2026-02-01 00:00:00,810251007766,01,DW,22,A,02,003,GOMEZ RODRIGUEZ ISIDRO ANTONIO,1B,ACTIVO,7AUP17 ,2,F623,25P2,2025-11-01 00:00:00,1,1,7,2025-10-28 00:00:00,2025-10-31 00:00:00,2025-11-05 00:00:00,0,662,0,0,51,0,0,GA21N,BIMESTRAL NON,119,2025-10-28 00:00:00,2026-01-01 00:00:00,2026-01-02 13:10:00,0,0,2,RECIBIDA,7AUP17 ,Con_Facturas,NO ENCONTRE DOMI,,,2025-10-31 11:48:00,0551,N,GA21N,7AUP17 ,0,Nor,51,NO ENCONTRE DOMI,,,GSC
2026-02-01 00:00:00,773210602975,27,DW,01,D,03,279,DZUL CETZ JUAN JOSE           ,1C,CORTADO,NR329D ,2,F623,20NU,2025-11-01 00:00:00,1,0,6,2025-09-18 00:00:00,2025-11-19 00:00:00,2025-11-21 00:00:00,1207,4570,17427,1207,0,0,0,9EMCB,BIMESTRAL NON,100,2021-06-16 00:00:00,2025-11-01 00:00:00,2025-11-20 10:37:00,17427,1207,2,RECIBIDA,NR329D ,Con_Facturas,,,,,,,,,,,,,,,GSC
2026-02-01 00:00:00,796130701484,28,DW,06,A,06,061,PRADO SANCHEZ MARIA PETRA     ,1C,ACTIVO,K100HT ,1,F122,17LN,2025-12-01 00:00:00,1,0,1,2025-10-14 00:00:00,2025-12-15 00:00:00,2025-12-17 00:00:00,579,1503,20900,579,0,0,0,9P134,BIMESTRAL PAR,74,2013-07-15 00:00:00,2013-06-01 00:00:00,2013-07-15 00:00:00,1,0,0,INICIAL,083TY0 ,Con_Facturas,,,,,,,,,,,,,,,GSC
2026-02-01 00:00:00,796130800636,28,DW,06,A,06,061,HERNANDEZ CARA MA DEL CARMEN  ,1C,ACTIVO,715EGB ,1,F122,15LN,2025-12-01 00:00:00,1,0,2,2025-10-14 00:00:00,2025-12-15 00:00:00,2025-12-17 00:00:00,348,487,7829,348,0,0,0,9P134,BIMESTRAL PAR,74,2013-08-08 00:00:00,2022-04-01 00:00:00,2022-04-13 00:00:00,11022,0,2,RECIBIDA,538TY2 ,Con_Facturas,,,,,,,,,,,,,,,GSC
2026-02-01 00:00:00,796140302685,28,DW,06,A,06,061,MARRUFO ROSADO MANUEL JESUS   ,1C,ACTIVO,041L1M ,2,F622,13LM,2025-12-01 00:00:00,1,0,1,2025-10-14 00:00:00,2025-12-15 00:00:00,2025-12-17 00:00:00,148,185,10634,148,0,0,0,9P134,BIMESTRAL PAR,74,2014-04-01 00:00:00,2025-12-01 00:00:00,2025-12-15 10:40:00,10634,148,2,RECIBIDA,041L1M ,Con_Facturas,,,,,,,,,,,,,,,GSC
2026-02-01 00:00:00,796140703566,28,DW,06,A,06,061,MORALES GARCIA CRUCITA        ,1C,ACTIVO,464ATD ,1,F122,14LN,2025-12-01 00:00:00,1,0,8,2025-10-14 00:00:00,2025-12-15 00:00:00,2025-12-17 00:00:00,189,246,12365,189,0,0,0,9P134,BIMESTRAL PAR,74,2015-03-21 00:00:00,2025-12-01 00:00:00,2025-12-15 10:09:00,12365,189,2,RECIBIDA,464ATD ,Con_Facturas,,,,,,,,,,,,,,,GSC
2026-02-01 00:00:00,796150302187,28,DW,06,A,06,061,BLE RICARDEZ ERICK FAVIO      ,1C,ACTIVO,432ATD ,1,F122,14LN,2025-12-01 00:00:00,1,0,2,2025-10-14 00:00:00,2025-12-15 00:00:00,2025-12-17 00:00:00,191,249,12919,191,0,0,0,9P134,BIMESTRAL PAR,74,2015-03-21 00:00:00,2025-12-01 00:00:00,2025-12-15 10:08:00,12919,191,2,RECIBIDA,432ATD ,Con_Facturas,,,,,,,,,,,,,,,GSC
2026-02-01 00:00:00,796150402777,28,DW,06,A,06,061,ORTIZ BARCENAS MONICA         ,1C,ACTIVO,695U4P ,1,F122,14LN,2025-12-01 00:00:00,1,0,7,2025-10-14 00:00:00,2025-12-15 00:00:00,2025-12-17 00:00:00,70,87,9772,70,0,0,0,9P134,BIMESTRAL PAR,74,2015-09-08 00:00:00,2025-12-01 00:00:00,2025-12-15 11:13:00,9772,70,2,RECIBIDA,695U4P ,Con_Facturas,,,,,,,,,,,,,,,GSC
2026-02-01 00:00:00,800080201261,12,DW,07,A,10,105,MARFIL RAMOS IRENE MARIA      ,1B,ACTIVO,21HL31 ,1,F121,07JL,2025-12-01 00:00:00,1,1,1,2025-10-07 00:00:00,2025-12-08 00:00:00,2025-12-10 00:00:00,710,2231,45740,710,52,0,0,9MCAW,BIMESTRAL PAR,81,2008-03-03 00:00:00,2008-02-01 00:00:00,2008-03-03 00:00:00,1,0,0,INICIAL,66FK34 ,Con_Facturas,COMUNICACION INTERRU,,,2025-12-08 10:39:41,1229,L,9MCAW,21HL31 ,0,Nor,52,COMUNICACION INTERRU,FR,S,GSC
2026-02-01 00:00:00,793180200789,40,DW,04,F,K5,001,BEBIDAS Y PRODUCTOS DE CONSUMO,02,ACTIVO,690JCV ,3,FD22,15LR,2025-12-01 00:00:00,1,0,8,2025-10-20 00:00:00,2025-12-19 00:00:00,2025-12-23 00:00:00,7647,39666,43187,7647,0,0,0,9ND76,BIMESTRAL PAR,70,2018-03-05 00:00:00,2026-02-01 00:00:00,2026-02-25 17:26:00,51147,7960,2,RECIBIDA,690JCV ,Con_Facturas,,,,,,,,,,,,,,,GSC
2026-02-01 00:00:00,796110806522,28,DW,06,A,06,061,GARCIA RAMOS LUCIA            ,1C,ACTIVO,99P51H ,1,F12H,10KU,2025-12-01 00:00:00,1,0,4,2025-10-14 00:00:00,2025-12-15 00:00:00,2025-12-17 00:00:00,477,1052,31380,477,0,0,0,9P134,BIMESTRAL PAR,74,2011-08-30 00:00:00,2025-12-01 00:00:00,2025-12-15 13:13:00,31380,477,2,RECIBIDA,99P51H ,Con_Facturas,,,,,,,,,,,,,,,GSC
2026-02-01 00:00:00,796110900243,28,DW,06,A,06,061,ZARATE RAMIRES LORENZO        ,1C,ACTIVO,086TY2 ,1,F122,12LH,2025-12-01 00:00:00,1,1,9,2025-10-14 00:00:00,2025-12-15 00:00:00,2025-12-17 00:00:00,149,185,11808,149,60,0,0,9MCK8,BIMESTRAL PAR,74,2011-09-01 00:00:00,2025-12-01 00:00:00,2025-10-14 09:12:00,11808,149,8,ESTIMADA-C,086TY2 ,Con_Facturas,MEDID NO TRABAJA,,,2025-12-15 09:12:20,2227,L,9MCK8,086TY2 ,0,Nor,60,MEDID NO TRABAJA,60,S,GSC
2026-02-01 00:00:00,796110900341,28,DW,06,A,06,061,GUILLEN SANCHEZ HERMINIA      ,1C,ACTIVO,GHJ725 ,1,F123,23NX,2025-12-01 00:00:00,1,0,9,2025-10-14 00:00:00,2025-12-15 00:00:00,2025-12-17 00:00:00,233,313,2433,233,0,0,0,9P134,BIMESTRAL PAR,74,2011-09-02 00:00:00,2024-06-01 00:00:00,2024-06-14 00:00:00,12884,60,2,RECIBIDA,41P96H ,Con_Facturas,,,,,,,,,,,,,,,GSC
2026-02-01 00:00:00,796110900375,28,DW,06,A,06,061,GARCIA HERNANDEZ NOE          ,1C,ACTIVO,LNG520 ,1,F123,23NX,2025-12-01 00:00:00,1,0,3,2025-10-14 00:00:00,2025-12-15 00:00:00,2025-12-17 00:00:00,394,685,4418,394,0,0,0,9P134,BIMESTRAL PAR,74,2011-09-02 00:00:00,2024-06-01 00:00:00,2024-06-14 00:00:00,17803,113,2,RECIBIDA,98L61R ,Con_Facturas,,,,,,,,,,,,,,,GSC
2026-02-01 00:00:00,796110900634,28,DW,06,A,06,061,HERNANDEZ RAMIREZ MARIBEL     ,1C,ACTIVO,40P47H ,1,F12H,10KU,2025-12-01 00:00:00,1,0,5,2025-10-14 00:00:00,2025-12-15 00:00:00,2025-12-17 00:00:00,141,176,12217,141,0,0,0,9P134,BIMESTRAL PAR,74,2011-09-05 00:00:00,2025-12-01 00:00:00,2025-12-15 10:09:00,12217,141,2,RECIBIDA,40P47H ,Con_Facturas,,,,,,,,,,,,,,,GSC
2026-02-01 00:00:00,796110900758,28,DW,06,A,06,061,QUE CRUZ AMADO                ,1C,ACTIVO,LMV961 ,1,F123,23NX,2025-12-01 00:00:00,1,0,9,2025-10-14 00:00:00,2025-12-15 00:00:00,2025-12-17 00:00:00,212,281,3066,212,0,0,0,9P134,BIMESTRAL PAR,74,2011-09-06 00:00:00,2024-06-01 00:00:00,2024-06-14 00:00:00,13245,210,2,RECIBIDA,29P68J ,Con_Facturas,,,,,,,,,,,,,,,GSC
2026-02-01 00:00:00,796110900766,28,DW,06,A,06,061,HERNANDEZ ZETINA SALVADOR     ,1C,ACTIVO,LNG561 ,1,F123,23NX,2025-12-01 00:00:00,1,0,0,2025-10-14 00:00:00,2025-12-15 00:00:00,2025-12-17 00:00:00,66,82,1371,66,0,0,0,9P134,BIMESTRAL PAR,74,2011-09-06 00:00:00,2024-06-01 00:00:00,2024-06-14 00:00:00,10076,41,2,RECIBIDA,29P69J ,Con_Facturas,,,,,,,,,,,,,,,GSC
2026-02-01 00:00:00,796110900791,28,DW,06,A,06,061,CANSINO WITZ MARTIN           ,1C,ACTIVO,LNG509 ,1,F123,23NX,2025-12-01 00:00:00,1,0,1,2025-10-14 00:00:00,2025-12-15 00:00:00,2025-12-17 00:00:00,313,434,3796,313,0,0,0,9P134,BIMESTRAL PAR,74,2011-09-06 00:00:00,2024-06-01 00:00:00,2024-06-14 00:00:00,18214,89,2,RECIBIDA,30P22J ,Con_Facturas,,,,,,,,,,,,,,,GSC
2026-02-01 00:00:00,796110900804,28,DW,06,A,06,061,QUE RAMIREZ ALFREDO           ,1C,ACTIVO,LMV959 ,1,F123,23NX,2025-12-01 00:00:00,1,0,6,2025-10-14 00:00:00,2025-12-15 00:00:00,2025-12-17 00:00:00,410,755,4760,410,0,0,0,9P134,BIMESTRAL PAR,74,2011-09-06 00:00:00,2024-06-01 00:00:00,2024-06-14 00:00:00,15168,70,2,RECIBIDA,14L73L ,Con_Facturas,,,,,,,,,,,,,,,GSC
2026-02-01 00:00:00,796110900812,28,DW,06,A,06,061,ESTEBAN DE LA GARZA ABILENE   ,1C,ACTIVO,LMV960 ,1,F123,23NX,2025-12-01 00:00:00,1,0,7,2025-10-14 00:00:00,2025-12-15 00:00:00,2025-12-17 00:00:00,17,62,1140,17,0,0,0,9P134,BIMESTRAL PAR,74,2011-09-06 00:00:00,2024-06-01 00:00:00,2024-06-14 00:00:00,13853,47,2,RECIBIDA,29P71J ,Con_Facturas,,,,,,,,,,,,,,,GSC
2026-02-01 00:00:00,796110902297,28,DW,06,A,06,061,VIRGEN DELFIN DEMETRIA        ,1C,ACTIVO,545TY9 ,1,F122,12LH,2025-12-01 00:00:00,1,0,9,2025-10-14 00:00:00,2025-12-15 00:00:00,2025-12-17 00:00:00,289,397,25305,289,0,0,0,9P134,BIMESTRAL PAR,74,2011-09-12 00:00:00,2011-08-01 00:00:00,2011-09-12 00:00:00,0,0,0,INICIAL,30WF04 ,Con_Facturas,,,,,,,,,,,,,,,GSC
2026-02-01 00:00:00,796111202272,28,DW,06,A,06,061,COB MEDINA EUGENIA            ,1C,ACTIVO,54L21N ,1,F12H,10KU,2025-12-01 00:00:00,1,0,6,2025-10-14 00:00:00,2025-12-15 00:00:00,2025-12-17 00:00:00,373,592,24418,373,0,0,0,9P134,BIMESTRAL PAR,74,2011-12-09 00:00:00,2025-12-01 00:00:00,2025-12-15 11:28:00,24418,373,2,RECIBIDA,54L21N ,Con_Facturas,,,,,,,,,,,,,,,GSC
2026-02-01 00:00:00,796111202281,28,DW,06,A,06,061,GUILLEN SANCHEZ PALMEIRA      ,1C,ACTIVO,69M27R ,1,F12H,10KU,2025-12-01 00:00:00,1,0,5,2025-10-14 00:00:00,2025-12-15 00:00:00,2025-12-17 00:00:00,216,287,16560,216,0,0,0,9P134,BIMESTRAL PAR,74,2011-12-09 00:00:00,2025-12-01 00:00:00,2025-12-15 11:24:00,16560,216,2,RECIBIDA,69M27R ,Con_Facturas,,,,,,,,,,,,,,,GSC
2026-02-01 00:00:00,800001258474,12,DW,07,A,10,104,MARTINEZ AMESQUITA EVARISTO   ,1B,ACTIVO,V548LG ,1,F122,19LN,2025-12-01 00:00:00,1,1,7,2025-10-07 00:00:00,2025-12-08 00:00:00,2025-12-10 00:00:00,50,67,3343,50,59,0,0,9JR0E,BIMESTRAL PAR,81,2000-12-09 00:00:00,2025-12-01 00:00:00,2025-08-08 12:04:00,3343,50,8,ESTIMADA-C,V548LG ,Con_Facturas,DISPLAY APAGADO,,,2025-12-08 12:04:11,1226,L,9JR0E,V548LG ,0,Nor,59,DISPLAY APAGADO,59,S,GSC
2026-02-01 00:00:00,800010103602,12,DW,07,A,62,621,MAY RODRIGUEZ MIGUEL ANGEL    ,1B,ACTIVO,JCV554 ,2,F623,23NU,2025-12-01 00:00:00,1,1,8,2025-10-07 00:00:00,2025-12-08 00:00:00,2025-12-10 00:00:00,643,1913,4761,643,59,0,0,9MCGY,BIMESTRAL PAR,81,2001-01-17 00:00:00,2023-12-01 00:00:00,2023-12-07 00:00:00,24826,0,2,RECIBIDA,548EBV ,Con_Facturas,DISPLAY APAGADO,,,2025-12-08 11:45:14,1230,L,9MCGY,JCV554 ,0,Nor,59,DISPLAY APAGADO,59,S,GSC
2026-02-01 00:00:00,800020300074,12,DW,07,A,62,621,SERGIO CARLOS SANCHEZ MATOS   ,1B,ACTIVO,TU034D ,1,F123,21NX,2025-12-01 00:00:00,1,0,5,2025-10-07 00:00:00,2025-12-08 00:00:00,2025-12-10 00:00:00,187,261,2877,187,0,0,0,9MCGY,BIMESTRAL PAR,81,2002-03-01 00:00:00,2023-06-01 00:00:00,2023-06-06 00:00:00,33824,6,2,RECIBIDA,8F8R09 ,Con_Facturas,,,,,,,,,,,,,,,GSC
2026-02-01 00:00:00,800050101653,12,DW,07,A,62,621,JOSE SANTIAGO LAVADORES POOT  ,1B,ACTIVO,109LVT ,1,F122,16LN,2025-12-01 00:00:00,1,0,1,2025-10-07 00:00:00,2025-12-08 00:00:00,2025-12-10 00:00:00,665,2018,27050,665,0,0,0,9MCGY,BIMESTRAL PAR,81,2005-01-24 00:00:00,2004-12-01 00:00:00,2005-01-24 00:00:00,1,0,0,INICIAL,8X33G3 ,Con_Facturas,,,,,,,,,,,,,,,GSC
2026-02-01 00:00:00,799250401823,07,DW,06,D,01,070,SOSA GARCIA DARLLA CHRIS      ,1B,ACTIVO,JFU157 ,2,F623,23NU,2025-12-01 00:00:00,1,C,1,2025-06-06 00:00:00,2025-12-08 00:00:00,2025-12-10 00:00:00,0,67,0,0,0,0,0,9JRFD,BIMESTRAL NON,81,2025-04-30 00:00:00,2026-02-01 00:00:00,2026-02-05 13:27:00,0,0,2,RECIBIDA,JFU157 ,Con_Facturas,,,,2025-12-08 14:02:00,1201,M,9JR7J,JFU157 ,0,Nor,31,SERVICIO SIN USO,LM,S,GSC
2026-02-01 00:00:00,799250600206,13,DW,06,D,01,130,RAMIREZ HERNANDEZ EDNA ANTONIE,1B,ACTIVO,1AAP42 ,2,F623,25NY,2025-12-01 00:00:00,1,1,5,2025-10-03 00:00:00,2025-12-04 00:00:00,2025-12-08 00:00:00,0,67,0,0,53,0,0,9JR7J,BIMESTRAL NON,85,2025-06-07 00:00:00,2026-02-01 00:00:00,2026-02-03 13:13:00,0,0,2,RECIBIDA,1AAP42 ,Con_Facturas,UI SERV DIRECTO,,,2025-12-05 07:06:55,0801,M,9JR7J,1AAP42 ,0,Nor,53,UI SERV DIRECTO,53,S,GSC
2026-02-01 00:00:00,799250700065,05,DW,06,D,01,050,LEONIDES CANUL MIRIAN ABIGAIL ,1B,ACTIVO,4DVB83 ,2,F623,25NY,2025-12-01 00:00:00,1,1,1,2025-10-03 00:00:00,2025-12-04 00:00:00,2025-12-08 00:00:00,0,67,0,0,53,0,0,9JR7J,BIMESTRAL NON,85,2025-07-04 00:00:00,2026-02-01 00:00:00,2026-02-03 13:14:00,0,0,2,RECIBIDA,4DVB83 ,Con_Facturas,UI SERV DIRECTO,,,2025-12-05 07:07:13,0801,M,9JR7J,4DVB83 ,0,Nor,53,UI SERV DIRECTO,53,S,GSC
2026-02-01 00:00:00,793151002951,40,DW,04,F,K5,001,BOOT UC ALBERTO               ,1F,ACTIVO,624DHD ,1,F122,15LN,2025-12-01 00:00:00,1,0,3,2025-10-20 00:00:00,2025-12-19 00:00:00,2025-12-23 00:00:00,241,350,16647,241,0,0,0,9ND76,BIMESTRAL PAR,70,2015-10-30 00:00:00,2026-02-01 00:00:00,2026-02-25 17:44:00,16877,230,2,RECIBIDA,624DHD ,Con_Facturas,,,,,,,,,,,,,,,GSC
2026-02-01 00:00:00,796110805666,28,DW,06,A,06,061,MORALES GARCIA ABENAMAR       ,1C,ACTIVO,58X57J ,1,F12H,11KU,2025-12-01 00:00:00,1,0,7,2025-10-14 00:00:00,2025-12-15 00:00:00,2025-12-17 00:00:00,262,356,20529,262,0,0,0,9P134,BIMESTRAL PAR,74,2011-08-29 00:00:00,2011-08-01 00:00:00,2011-08-29 00:00:00,0,0,0,INICIAL,54FA18 ,Con_Facturas,,,,,,,,,,,,,,,GSC
2026-02-01 00:00:00,796220801747,28,DW,06,A,06,061,CANSINO ACOSTA CARLOS MARIO   ,1C,ACTIVO,AWF793 ,1,F123,22NX,2025-12-01 00:00:00,1,0,9,2025-10-14 00:00:00,2025-12-15 00:00:00,2025-12-17 00:00:00,346,484,5619,346,0,0,0,9P134,BIMESTRAL PAR,74,2022-08-18 00:00:00,2025-12-01 00:00:00,2025-12-15 12:57:00,5619,346,2,RECIBIDA,AWF793 ,Con_Facturas,,,,,,,,,,,,,,,GSC
2026-02-01 00:00:00,796220901482,28,DW,06,A,06,061,COOB MEDINA SALVADOR          ,1C,ACTIVO,AWF800 ,1,F123,22NX,2025-12-01 00:00:00,1,0,1,2025-10-14 00:00:00,2025-12-15 00:00:00,2025-12-17 00:00:00,143,178,2367,143,0,0,0,9P134,BIMESTRAL PAR,74,2022-09-21 00:00:00,2025-12-01 00:00:00,2025-12-15 11:25:00,2367,143,2,RECIBIDA,AWF800 ,Con_Facturas,,,,,,,,,,,,,,,GSC
2026-02-01 00:00:00,796230100844,28,DW,06,A,06,061,MORALES JUAREZ AREYSI         ,1C,ACTIVO,TT421P ,1,F123,21NX,2025-12-01 00:00:00,1,0,7,2025-10-14 00:00:00,2025-12-15 00:00:00,2025-12-17 00:00:00,180,232,4315,180,0,0,0,9P134,BIMESTRAL PAR,74,2023-01-11 00:00:00,2025-12-01 00:00:00,2025-12-15 10:09:00,4315,180,2,RECIBIDA,TT421P ,Con_Facturas,,,,,,,,,,,,,,,GSC
2026-02-01 00:00:00,796241202118,28,DW,06,A,06,061,SAGRERO ORDONEZ JOSE EDUARDO  ,1B,ACTIVO,WUA848 ,2,F623,24P2,2025-12-01 00:00:00,1,0,3,2025-10-14 00:00:00,2025-12-15 00:00:00,2025-12-17 00:00:00,432,853,3026,432,0,0,0,9P134,BIMESTRAL PAR,74,2024-12-27 00:00:00,2025-12-01 00:00:00,2025-12-15 11:26:00,3026,432,2,RECIBIDA,WUA848 ,Con_Facturas,,,,,,,,,,,,,,,GSC
2026-02-01 00:00:00,793250601026,40,DW,04,F,K5,001,LASTRA ESQUIVEL ARACELY       ,1F,ACTIVO,4AAK32 ,2,F623,25NY,2025-12-01 00:00:00,1,0,0,2025-10-20 00:00:00,2025-12-19 00:00:00,2025-12-23 00:00:00,134,180,291,134,0,0,0,9ND76,BIMESTRAL PAR,70,2025-06-17 00:00:00,2026-02-01 00:00:00,2026-02-25 17:48:00,430,139,2,RECIBIDA,4AAK32 ,Con_Facturas,,,,,,,,,,,,,,,GSC
2026-02-01 00:00:00,793250401302,40,DW,04,F,K5,001,MARTINEZ JOHNSON MARIA DEL CAR,1F,ACTIVO,YN954Y ,2,F623,21NU,2025-12-01 00:00:00,1,0,4,2025-10-20 00:00:00,2025-12-19 00:00:00,2025-12-23 00:00:00,239,347,1412,239,0,0,0,9ND76,BIMESTRAL PAR,70,2025-04-29 00:00:00,2026-02-01 00:00:00,2026-02-25 17:50:00,1542,130,2,RECIBIDA,YN954Y ,Con_Facturas,,,,,,,,,,,,,,,GSC
2026-02-01 00:00:00,793250200421,40,DW,04,F,K5,001,HERNANDEZ MAGANA ADRIANA AIDE ,1F,ACTIVO,RFX660 ,2,F623,24NY,2025-12-01 00:00:00,1,1,4,2025-09-30 00:00:00,2025-12-02 00:00:00,2025-12-04 00:00:00,178,248,535,178,51,0,0,R9655,BIMESTRAL PAR,87,2025-02-08 00:00:00,2026-02-01 00:00:00,2026-02-20 08:09:00,690,155,2,RECIBIDA,RFX660 ,Con_Facturas,NO ENCONTRE DOMI,,,2025-12-02 12:54:29,0429,L,R9655,RFX660 ,0,Nor,51,NO ENCONTRE DOMI,,,GSC
2026-02-01 00:00:00,793230900591,40,DW,04,F,K5,001,JIMENEZ REBOLLEDO HOANA IVET  ,02,CORTADO,JCU767 ,2,F623,23NU,2025-12-01 00:00:00,1,0,2,2025-10-20 00:00:00,2025-12-19 00:00:00,2025-12-23 00:00:00,407,2209,13709,407,0,0,0,9ND76,BIMESTRAL PAR,70,2023-09-26 00:00:00,2026-02-01 00:00:00,2026-02-25 17:29:00,14152,443,2,RECIBIDA,JCU767 ,Con_Facturas,,,,,,,,,,,,,,,GSC
2026-02-01 00:00:00,793221100395,40,DW,04,F,K5,001,SARRICOLEA MARTINEZ ISIS IRENE,1F,ACTIVO,CVG094 ,2,F623,22NU,2025-12-01 00:00:00,1,0,4,2025-10-20 00:00:00,2025-12-19 00:00:00,2025-12-23 00:00:00,376,571,11834,376,0,0,0,9ND76,BIMESTRAL PAR,70,2022-11-09 00:00:00,2026-02-01 00:00:00,2026-02-25 17:28:00,12024,190,2,RECIBIDA,CVG094 ,Con_Facturas,,,,,,,,,,,,,,,GSC
2026-02-01 00:00:00,793221100280,40,DW,04,F,K5,001,HERRERA ESCALANTE JOSE IVAN   ,1F,ACTIVO,CVG093 ,2,F623,22NU,2025-12-01 00:00:00,1,0,0,2025-10-20 00:00:00,2025-12-19 00:00:00,2025-12-23 00:00:00,481,997,12812,481,0,0,0,9ND76,BIMESTRAL PAR,70,2022-11-08 00:00:00,2026-02-01 00:00:00,2026-02-25 17:28:00,13608,796,2,RECIBIDA,CVG093 ,Con_Facturas,,,,,,,,,,,,,,,GSC
2026-02-01 00:00:00,793220500748,40,DW,04,F,K5,001,BOOT REYES JULIA ISABEL       ,1F,ACTIVO,YT370Y ,2,F623,21NU,2025-12-01 00:00:00,1,0,4,2025-10-20 00:00:00,2025-12-19 00:00:00,2025-12-23 00:00:00,1949,8013,68563,1949,0,0,0,9ND76,BIMESTRAL PAR,70,2022-05-12 00:00:00,2026-02-01 00:00:00,2026-02-25 17:45:00,70535,1972,2,RECIBIDA,YT370Y ,Con_Facturas,,,,,,,,,,,,,,,GSC
2026-02-01 00:00:00,793211101407,40,DW,04,F,K5,001,CASTILLO VENEGAS MIGUEL       ,1F,ACTIVO,YB745R ,2,F623,21NU,2025-12-01 00:00:00,1,0,0,2025-10-20 00:00:00,2025-12-19 00:00:00,2025-12-23 00:00:00,19,67,3756,19,0,0,0,9ND76,BIMESTRAL PAR,70,2021-11-25 00:00:00,2026-02-01 00:00:00,2026-02-25 17:27:00,3762,6,2,RECIBIDA,YB745R ,Con_Facturas,,,,,,,,,,,,,,,GSC
2026-02-01 00:00:00,793210900349,40,DW,04,F,K5,001,LARA GARCIA AMY MARIAM        ,1F,ACTIVO,MF913P ,2,F623,20NU,2025-12-01 00:00:00,1,0,4,2025-10-20 00:00:00,2025-12-19 00:00:00,2025-12-23 00:00:00,472,955,6346,472,0,0,0,9ND76,BIMESTRAL PAR,70,2021-09-08 00:00:00,2026-02-01 00:00:00,2026-02-25 17:27:00,6601,255,2,RECIBIDA,MF913P ,Con_Facturas,,,,,,,,,,,,,,,GSC
2026-02-01 00:00:00,793210801553,40,DW,04,F,K5,001,SUAREZ GONZALEZ JOSEFA        ,1F,ACTIVO,LV957M ,2,F623,20NU,2025-12-01 00:00:00,1,0,7,2025-10-20 00:00:00,2025-12-19 00:00:00,2025-12-23 00:00:00,192,270,5896,192,0,0,0,9ND76,BIMESTRAL PAR,70,2021-09-01 00:00:00,2026-02-01 00:00:00,2026-02-25 17:27:00,6086,190,2,RECIBIDA,LV957M ,Con_Facturas,,,,,,,,,,,,,,,GSC
2026-02-01 00:00:00,793210700081,40,DW,04,F,K5,001,COLLI AGUILAR JOSE ALFREDO    ,1F,CORTADO,74BP21 ,1,F121,06JL,2025-12-01 00:00:00,1,1,1,2025-10-20 00:00:00,2025-12-19 00:00:00,2025-12-23 00:00:00,148,199,5585,148,53,0,0,9ND76,BIMESTRAL PAR,70,2021-07-02 00:00:00,2026-02-01 00:00:00,2026-02-25 19:59:00,5585,0,2,RECIBIDA,74BP21 ,Con_Facturas,UI SERV DIRECTO,,,2025-12-19 10:03:54,3028,L,9ND76,74BP21 ,0,Nor,53,UI SERV DIRECTO,53,S,GSC
2026-02-01 00:00:00,793191100506,40,DW,04,F,K5,001,GAS DECA                      ,02,ACTIVO,Y572MT ,2,F623,19NU,2025-12-01 00:00:00,1,0,4,2025-10-20 00:00:00,2025-12-19 00:00:00,2025-12-23 00:00:00,719,3823,26701,719,0,0,0,9ND76,BIMESTRAL PAR,70,2019-11-16 00:00:00,2026-02-01 00:00:00,2026-02-25 17:47:00,27402,701,2,RECIBIDA,Y572MT ,Con_Facturas,,,,,,,,,,,,,,,GSC
2026-02-01 00:00:00,793190800768,40,DW,04,F,K5,001,S   S SEGURIDAD PRIVADA SA CV ,02,ACTIVO,X476TE ,2,F623,19NU,2025-12-01 00:00:00,1,0,4,2025-10-20 00:00:00,2025-12-19 00:00:00,2025-12-23 00:00:00,415,2250,9435,415,0,0,0,9ND76,BIMESTRAL PAR,70,2019-08-28 00:00:00,2026-02-01 00:00:00,2026-02-25 17:27:00,9751,316,2,RECIBIDA,X476TE ,Con_Facturas,,,,,,,,,,,,,,,GSC
2026-02-01 00:00:00,793180800484,40,DW,04,F,K5,001,JIMENEZ REBOLLEDO HOANA IVET  ,02,ACTIVO,J073PH ,2,F622,17LM,2025-12-01 00:00:00,1,0,0,2025-10-20 00:00:00,2025-12-19 00:00:00,2025-12-23 00:00:00,634,3383,28037,634,0,0,0,9ND76,BIMESTRAL PAR,70,2018-08-15 00:00:00,2026-02-01 00:00:00,2026-02-25 17:27:00,28289,252,2,RECIBIDA,J073PH ,Con_Facturas,,,,,,,,,,,,,,,GSC
2026-02-01 00:00:00,793250900929,40,DW,04,F,K5,001,MAY HERRERA OSCAR ALDAIR      ,1F,ACTIVO,9DVW87 ,2,F623,25NY,2025-12-01 00:00:00,1,0,7,2025-10-20 00:00:00,2025-12-19 00:00:00,2025-12-23 00:00:00,246,359,443,246,0,0,0,9ND76,BIMESTRAL PAR,70,2025-09-25 00:00:00,2026-02-01 00:00:00,2026-02-25 17:28:00,686,243,2,RECIBIDA,9DVW87 ,Con_Facturas,,,,,,,,,,,,,,,GSC
2026-02-01 00:00:00,793250900937,40,DW,04,F,K5,001,CASTILLO CHABLE JULIO ENRIQUE ,1F,ACTIVO,9DVW86 ,2,F623,25NY,2025-12-01 00:00:00,1,0,8,2025-10-20 00:00:00,2025-12-19 00:00:00,2025-12-23 00:00:00,241,350,263,241,0,0,0,9ND76,BIMESTRAL PAR,70,2025-09-25 00:00:00,2026-02-01 00:00:00,2026-02-25 17:28:00,398,135,2,RECIBIDA,9DVW86 ,Con_Facturas,,,,,,,,,,,,,,,GSC
2026-02-01 00:00:00,793750304729,40,DW,04,F,K5,001,MARTINEZ JOHNSON MARIA DEL C  ,1F,ACTIVO,TU516D ,1,F123,21NX,2025-12-01 00:00:00,1,0,6,2025-10-20 00:00:00,2025-12-19 00:00:00,2025-12-23 00:00:00,145,195,6064,145,0,0,0,9ND76,BIMESTRAL PAR,70,1975-03-26 00:00:00,2022-10-01 00:00:00,2022-10-20 00:00:00,19827,14,2,RECIBIDA,1U4F91 ,Con_Facturas,,,,,,,,,,,,,,,GSC
2026-02-01 00:00:00,793780800089,40,DW,04,F,K5,001,HUCHIN CHAN MARIA ADELAIDA    ,1F,ACTIVO,97B8W5 ,2,F621,08KG,2025-12-01 00:00:00,1,1,3,2025-10-20 00:00:00,2025-12-19 00:00:00,2025-12-23 00:00:00,850,2761,56233,850,56,0,0,9ND76,BIMESTRAL PAR,70,1978-08-14 00:00:00,2026-02-01 00:00:00,2026-02-25 20:02:00,56233,0,2,RECIBIDA,97B8W5 ,Con_Facturas,NO HAY MEDIDOR,,,2025-12-19 08:41:35,3028,L,9ND76,97B8W5 ,0,Nor,56,NO HAY MEDIDOR,56,S,GSC
2026-02-01 00:00:00,793170700775,40,DW,04,F,K5,001,CAMACHO SANCHEZ MELY DEL JESUS,02,ACTIVO,A027KU ,2,F622,16LM,2025-12-01 00:00:00,1,0,9,2025-10-20 00:00:00,2025-12-19 00:00:00,2025-12-23 00:00:00,732,3890,14646,732,0,0,0,9ND76,BIMESTRAL PAR,70,2017-07-31 00:00:00,2026-02-01 00:00:00,2026-02-25 17:27:00,15205,559,2,RECIBIDA,A027KU ,Con_Facturas,,,,,,,,,,,,,,,GSC
2026-02-01 00:00:00,793161200905,40,DW,04,F,K5,001,PEREZ AMARO ANDRES WILLIAM    ,1F,ACTIVO,829VLN ,1,F122,16LN,2025-12-01 00:00:00,1,0,3,2025-10-20 00:00:00,2025-12-19 00:00:00,2025-12-23 00:00:00,235,341,11621,235,0,0,0,9ND76,BIMESTRAL PAR,70,2016-12-09 00:00:00,2026-02-01 00:00:00,2026-02-25 17:24:00,11723,102,2,RECIBIDA,829VLN ,Con_Facturas,,,,,,,,,,,,,,,GSC
2026-02-01 00:00:00,793161200883,40,DW,04,F,K5,001,PEREZ AMARO ANDRES WILLIAM    ,1F,ACTIVO,831VLN ,1,F122,16LN,2025-12-01 00:00:00,1,0,9,2025-10-20 00:00:00,2025-12-19 00:00:00,2025-12-23 00:00:00,488,1031,32026,488,0,0,0,9ND76,BIMESTRAL PAR,70,2016-12-09 00:00:00,2026-02-01 00:00:00,2026-02-25 17:23:00,32306,280,2,RECIBIDA,831VLN ,Con_Facturas,,,,,,,,,,,,,,,GSC
2026-02-01 00:00:00,793161200875,40,DW,04,F,K5,001,PEREZ AMARO ANDRES WILLIAM    ,1F,ACTIVO,828VLN ,1,F122,16LN,2025-12-01 00:00:00,1,0,8,2025-10-20 00:00:00,2025-12-19 00:00:00,2025-12-23 00:00:00,184,257,14795,184,0,0,0,9ND76,BIMESTRAL PAR,70,2016-12-09 00:00:00,2026-02-01 00:00:00,2026-02-25 17:24:00,14867,72,2,RECIBIDA,828VLN ,Con_Facturas,,,,,,,,,,,,,,,GSC
2026-02-01 00:00:00,793161200867,40,DW,04,F,K5,001,PEREZ AMARO ANDRES WILLIAM    ,1F,ACTIVO,830VLN ,1,F122,16LN,2025-12-01 00:00:00,1,0,7,2025-10-20 00:00:00,2025-12-19 00:00:00,2025-12-23 00:00:00,1,67,12150,1,0,31,0,9ND76,BIMESTRAL PAR,70,2016-12-09 00:00:00,2026-02-01 00:00:00,2026-02-25 17:24:00,12180,30,2,RECIBIDA,830VLN ,Con_Facturas,,SERVICIO SIN USO,,,,,,,,,,,,,GSC
2026-02-01 00:00:00,793251100357,40,DW,04,F,K5,001,HERNANDEZ SUAREZ OSCAR DANIEL ,1F,ACTIVO,1BCR85 ,2,F623,25P2,2025-12-01 00:00:00,1,0,3,2025-11-12 00:00:00,2025-12-19 00:00:00,2025-12-23 00:00:00,0,702,0,0,0,31,0,9ND76,BIMESTRAL PAR,70,2025-11-12 00:00:00,2026-02-01 00:00:00,2026-02-25 20:01:00,0,0,2,RECIBIDA,1BCR85 ,Con_Facturas,,SERVICIO SIN USO,,2025-12-19 15:04:00,3028,L,9ND76,1BCR85 ,0,Nor,31,SERVICIO SIN USO,LM,S,GSC
2026-02-01 00:00:00,799250700740,15,DW,06,D,48,481,OCHOA DIAZ BYRON              ,1D,ACTIVO,8AAC86 ,2,F623,25NY,2025-11-01 00:00:00,1,0,4,2025-09-09 00:00:00,2025-11-11 00:00:00,2025-11-13 00:00:00,0,61,0,0,0,31,0,R9723,BIMESTRAL NON,108,2025-07-25 00:00:00,2025-11-01 00:00:00,2025-11-11 15:42:00,0,0,2,RECIBIDA,8AAC86 ,Con_Facturas,,SERVICIO SIN USO,,2025-11-11 15:41:38,1727,M,R9723,8AAC86 ,0,Nor,31,SERVICIO SIN USO,LM,S,GSC
2026-02-01 00:00:00,799250700758,15,DW,06,D,48,481,DIAZ ZARCO GUADALUPE ISABEL   ,1D,ACTIVO,8AAC85 ,2,F623,25NY,2025-11-01 00:00:00,1,0,7,2025-09-09 00:00:00,2025-11-11 00:00:00,2025-11-13 00:00:00,0,61,0,0,0,31,0,9JR7J,BIMESTRAL NON,108,2025-07-25 00:00:00,2025-11-01 00:00:00,2025-11-12 15:41:00,0,0,2,RECIBIDA,8AAC85 ,Con_Facturas,,SERVICIO SIN USO,,2025-11-12 15:41:40,1751,R,9JR7J,8AAC85 ,0,Nor,31,SERVICIO SIN USO,,,GSC
2026-02-01 00:00:00,799251000610,13,DW,06,D,01,132,BALAM POOL LUIS URIEL         ,1B,ACTIVO,3BCK19 ,2,F623,25P2,2025-12-01 00:00:00,1,0,5,2025-10-28 00:00:00,2025-12-10 00:00:00,2025-12-12 00:00:00,0,706,0,0,0,31,0,9JR7J,BIMESTRAL NON,79,2025-10-28 00:00:00,2025-12-01 00:00:00,2025-12-10 09:37:00,0,0,2,RECIBIDA,3BCK19 ,Con_Facturas,,SERVICIO SIN USO,,2025-12-10 09:36:36,1601,M,9JR7J,3BCK19 ,0,Opt,31,SERVICIO SIN USO,,,GSC
2026-02-01 00:00:00,793171000726,40,DW,04,F,K5,001,ALARCON RUBIO ANDRES          ,1F,ACTIVO,53W25G ,2,F62H,11KN,2025-12-01 00:00:00,1,0,3,2025-10-20 00:00:00,2025-12-19 00:00:00,2025-12-23 00:00:00,0,67,20111,0,0,31,0,9ND76,BIMESTRAL PAR,70,2017-10-19 00:00:00,2026-02-01 00:00:00,2026-02-25 17:43:00,20111,0,2,RECIBIDA,53W25G ,Con_Facturas,,SERVICIO SIN USO,,2025-12-19 13:17:31,3028,L,9ND76,53W25G ,0,Opt,31,SERVICIO SIN USO,,,GSC
2026-02-01 00:00:00,773220502880,27,DW,01,D,03,276,GARCIA ESQUIVEL BRENDA DIANA  ,02,CORTADO,TB079G ,1,F123,21NX,2025-11-01 00:00:00,1,0,0,2025-09-18 00:00:00,2025-11-19 00:00:00,2025-11-21 00:00:00,0,102,1259,0,0,31,0,GAC1M,BIMESTRAL NON,100,2022-05-21 00:00:00,2025-11-01 00:00:00,2025-11-19 12:02:00,1259,0,2,RECIBIDA,TB079G ,Con_Facturas,,SERVICIO SIN USO,,2025-11-19 12:01:51,2728,L,GAC1M,TB079G ,0,Opt,31,SERVICIO SIN USO,,,GSC
2026-02-01 00:00:00,802010600161,69,DW,07,C,41,691,POVEDANO MOGUEL MIGUEL ANGEL  ,1A,ACTIVO,48M17R ,2,F12H,10KU,2026-01-01 00:00:00,1,0,7,2025-12-09 00:00:00,2026-01-09 00:00:00,2026-01-13 00:00:00,8,34,24360,8,0,31,0,G92BN,MENSUAL,49,2001-02-09 00:00:00,2001-04-01 00:00:00,2001-02-09 00:00:00,1,0,0,INICIAL,9MN632 ,Con_Facturas,,SERVICIO SIN USO,,,,,,,,,,,,,GSC
2026-02-01 00:00:00,802130200931,69,DW,07,C,05,691,CUELLAR SOSA ALEJANDRA REGINA ,1A,ACTIVO,JCR769 ,2,F623,23NU,2026-01-01 00:00:00,1,0,2,2025-12-09 00:00:00,2026-01-09 00:00:00,2026-01-13 00:00:00,0,34,2162,0,0,31,0,G92BN,MENSUAL,49,2013-02-27 00:00:00,2024-01-01 00:00:00,2024-01-04 00:00:00,2231,0,2,RECIBIDA,85U8J9 ,Con_Facturas,,SERVICIO SIN USO,,2026-01-10 16:34:09,6751,R,G92BN,JCR769 ,0,Nor,31,SERVICIO SIN USO,,,GSC
2026-02-01 00:00:00,802190100030,69,DW,07,C,05,691,MASIA NEBOT LUIS MIGUEL       ,02,ACTIVO,JDU965 ,2,F623,23NU,2026-01-01 00:00:00,1,0,7,2025-12-09 00:00:00,2026-01-09 00:00:00,2026-01-13 00:00:00,0,51,2,0,0,31,0,G92BN,MENSUAL,49,2019-01-03 00:00:00,2024-06-01 00:00:00,2024-06-06 16:52:00,11261,0,18,MANUAL,J827PF ,Con_Facturas,,SERVICIO SIN USO,,2026-01-10 16:34:24,6751,R,G92BN,JDU965 ,0,Nor,31,SERVICIO SIN USO,,,GSC
2026-02-01 00:00:00,802190400068,69,DW,07,C,04,691,HERNANDEZ GARDUZA LEOPOLDO    ,9C,ACTIVO,RKC466 ,3,KL28,24NJ,2026-01-01 00:00:00,1,0,5,2025-12-09 00:00:00,2026-01-09 00:00:00,2026-01-13 00:00:00,0,0,0,0,0,31,0,G92BN,MENSUAL,49,2019-05-08 00:00:00,2025-08-01 00:00:00,2025-08-07 00:00:00,0,0,2,RECIBIDA,PT519Y ,Con_Facturas,,SERVICIO SIN USO,,2026-01-10 15:20:04,6751,R,G92BN,RKC466 ,0,Opt,31,SERVICIO SIN USO,,,GSC
2026-02-01 00:00:00,800090400254,70,DW,07,A,09,002,CUPUL ROSADO MARCELO          ,1B,ACTIVO,H839LA ,2,F122,17LN,2026-01-01 00:00:00,1,0,1,2025-12-15 00:00:00,2026-01-14 00:00:00,2026-01-16 00:00:00,1,34,76,1,0,31,0,GA8XN,MENSUAL,44,2009-04-05 00:00:00,2017-12-01 00:00:00,2017-12-11 14:06:00,3198,0,2,RECIBIDA,39D5D1 ,Con_Facturas,,SERVICIO SIN USO,,,,,,,,,,,,,GSC
2026-02-01 00:00:00,801180400764,04,DW,07,B,06,405,TUZ NOH ACASIO JESUS          ,02,SUJETO A CORTE,H649LB ,1,F122,17LN,2025-12-01 00:00:00,1,0,1,2025-10-06 00:00:00,2025-12-05 00:00:00,2025-12-09 00:00:00,0,102,3351,0,0,31,0,9ND1A,BIMESTRAL PAR,84,2018-04-14 00:00:00,2025-12-01 00:00:00,2025-12-05 13:43:00,3351,0,2,RECIBIDA,H649LB ,Con_Facturas,,SERVICIO SIN USO,,2025-12-05 13:43:24,1001,M,9ND1A,H649LB ,0,Nor,31,SERVICIO SIN USO,LM,S,GSC
2026-02-01 00:00:00,800170400590,12,DW,07,A,13,103,MARRUFO LOPEZ FELIPE ANTONIO  ,02,CORTADO,DW931N ,2,F623,19NU,2025-12-01 00:00:00,1,0,5,2025-10-07 00:00:00,2025-12-08 00:00:00,2025-12-10 00:00:00,0,102,5308,0,0,31,0,9JRAJ,BIMESTRAL PAR,81,2017-04-17 00:00:00,2017-04-01 00:00:00,2017-04-17 00:00:00,0,0,0,INICIAL,592PHY ,Con_Facturas,,SERVICIO SIN USO,,2025-12-08 12:27:47,1227,L,9JRAJ,DW931N ,0,Opt,31,SERVICIO SIN USO,,,GSC
2026-02-01 00:00:00,800980301881,70,DW,07,A,09,002,RAMIREZ TORRES RUBEN          ,9A,ACTIVO,GGD817 ,3,VL28,22NJ,2026-01-01 00:00:00,1,0,8,2025-12-15 00:00:00,2026-01-14 00:00:00,2026-01-16 00:00:00,320,177,19,160,0,31,0,GA8XN,MENSUAL,44,1998-03-03 00:00:00,2025-06-01 00:00:00,2025-06-13 00:00:00,2762,560,2,RECIBIDA,G511YD ,Con_Facturas,,SERVICIO SIN USO,,,,,,,,,,,,,GSC
2026-02-01 00:00:00,777990100068,27,DW,01,J,03,271,JULIO SOSA LORET DE M         ,1D,CORTADO,U6309D ,2,F121,78EG,2025-11-01 00:00:00,1,1,1,2025-09-22 00:00:00,2025-11-21 00:00:00,2025-11-25 00:00:00,0,728,3301,0,0,31,0,R9712,BIMESTRAL NON,98,1999-05-18 00:00:00,2026-01-01 00:00:00,2026-01-21 11:46:00,3301,0,2,RECIBIDA,U6309D ,Con_Facturas,,SERVICIO SIN USO,,2025-11-21 13:00:07,3126,L,R9712,U6309D ,83032,Nor,31,SERVICIO SIN USO,FR,S,GSC
2026-02-01 00:00:00,783250906824,40,DW,12,D,01,408,GAMBOA NOVELO MIRLE CRISTAL   ,1B,ACTIVO,4BCT39 ,2,F623,25P2,2025-11-01 00:00:00,1,0,1,2025-10-01 00:00:00,2025-11-25 00:00:00,2025-11-27 00:00:00,0,718,0,0,0,31,0,GATJM,BIMESTRAL PAR,94,2025-10-01 00:00:00,2026-02-01 00:00:00,2026-02-25 15:37:00,0,0,2,RECIBIDA,4BCT39 ,Con_Facturas,,SERVICIO SIN USO,,2025-11-25 17:52:33,3529,M,GATJM,4BCT39 ,0,Nor,31,SERVICIO SIN USO,LM,S,GSC
2026-02-01 00:00:00,783250906832,40,DW,12,D,01,408,GAMBOA NOVELO MIRLE CRISTAL   ,1B,ACTIVO,4BCT38 ,2,F623,25P2,2025-11-01 00:00:00,1,0,2,2025-10-01 00:00:00,2025-11-25 00:00:00,2025-11-27 00:00:00,0,718,0,0,0,31,0,GATJM,BIMESTRAL PAR,94,2025-10-01 00:00:00,2026-02-01 00:00:00,2026-02-25 15:38:00,0,0,2,RECIBIDA,4BCT38 ,Con_Facturas,,SERVICIO SIN USO,,2025-11-25 17:53:24,3529,M,GATJM,4BCT38 ,0,Nor,31,SERVICIO SIN USO,LM,S,GSC
2026-02-01 00:00:00,783251105515,35,DW,12,D,04,353,AGUILAR OLAN LAILA MANIRA     ,1B,ACTIVO,YP552L ,2,F623,21NU,2025-12-01 00:00:00,1,0,3,2025-11-23 00:00:00,2025-12-04 00:00:00,2025-12-08 00:00:00,1,674,1,1,0,31,0,GA4HN,BIMESTRAL NON,85,2025-11-23 00:00:00,2026-02-01 00:00:00,2026-02-03 13:43:00,1,0,2,RECIBIDA,YP552L ,Con_Facturas,,SERVICIO SIN USO,,,,,,,,,,,,,GSC
2026-02-01 00:00:00,783251106244,04,DW,12,C,01,041,AMPARAN MORENO MARIA ELSA     ,1D,ACTIVO,XJF864 ,2,F623,24P3,2025-12-01 00:00:00,1,0,3,2025-12-08 00:00:00,2025-12-16 00:00:00,2025-12-18 00:00:00,0,664,0,0,0,31,0,9BBTM,BIMESTRAL PAR,73,2025-12-08 00:00:00,2026-02-01 00:00:00,2050-01-20 00:00:00,0,0,2,RECIBIDA,XJF864 ,Con_Facturas,,SERVICIO SIN USO,,2025-12-16 19:42:44,2427,M,GAALN,XJF864 ,0,Nor,5X,RUTA INCOMPLETA,,,GSC
2026-02-01 00:00:00,770000757284,15,DW,01,A,02,152,OSCAR F PENICHE Y COLDWELL    ,02,ACTIVO,4VY953 ,1,F121,00GG,2025-11-01 00:00:00,1,0,8,2025-09-08 00:00:00,2025-11-10 00:00:00,2025-11-12 00:00:00,0,102,18488,0,0,31,0,GA82N,BIMESTRAL NON,109,2000-07-17 00:00:00,2025-11-01 00:00:00,2025-11-10 08:32:00,18488,0,2,RECIBIDA,4VY953 ,Con_Facturas,,SERVICIO SIN USO,,2025-11-10 08:31:35,1501,M,G92B5,4VY953 ,0,Nor,31,SERVICIO SIN USO,,,GSC
2026-02-01 00:00:00,770050700526,15,DW,01,A,02,152,GIL CUEVAS LILIA MARIA        ,1D,ACTIVO,9L717X ,1,F121,05JF,2025-11-01 00:00:00,1,0,5,2025-09-08 00:00:00,2025-11-10 00:00:00,2025-11-12 00:00:00,0,65,26193,0,0,31,0,R9631,BIMESTRAL NON,109,2005-07-11 00:00:00,2025-11-01 00:00:00,2025-11-11 08:09:00,26193,0,2,RECIBIDA,9L717X ,Con_Facturas,,SERVICIO SIN USO,,2025-11-11 08:08:49,1551,R,R9631,9L717X ,0,Nor,31,SERVICIO SIN USO,,,GSC
2026-02-01 00:00:00,770250400152,15,DW,01,A,02,152,LOPEZ MENDEZ MARIA LUISA      ,1D,ACTIVO,RBC829 ,2,F623,24NY,2025-11-01 00:00:00,1,0,1,2025-09-08 00:00:00,2025-11-10 00:00:00,2025-11-12 00:00:00,1,66,1,1,0,31,0,GA82N,BIMESTRAL NON,109,2025-04-04 00:00:00,2025-11-01 00:00:00,2025-11-10 12:05:00,1,1,2,RECIBIDA,RBC829 ,Con_Facturas,,SERVICIO SIN USO,,,,,,,,,,,,,GSC
2026-02-01 00:00:00,793081101817,40,DW,04,F,K5,001,REFACCIONARIA LASTRA SA D SV  ,02,ACTIVO,Y700LL ,2,F623,19NU,2025-12-01 00:00:00,1,0,1,2025-10-20 00:00:00,2025-12-19 00:00:00,2025-12-23 00:00:00,0,103,3,0,0,31,0,9ND76,BIMESTRAL PAR,70,2008-11-27 00:00:00,2008-10-01 00:00:00,2008-11-27 00:00:00,0,0,0,INICIAL,25C1C8 ,Con_Facturas,,SERVICIO SIN USO,,2025-12-19 13:14:34,3028,L,9ND76,Y700LL ,0,Opt,31,SERVICIO SIN USO,,,GSC
2026-02-01 00:00:00,793081101825,40,DW,04,F,K5,001,LASTRA CACERES CESAR GUSTAVO  ,02,ACTIVO,DW751T ,2,F623,19NU,2025-12-01 00:00:00,1,0,1,2025-10-20 00:00:00,2025-12-19 00:00:00,2025-12-23 00:00:00,8,144,2293,8,0,31,0,9ND76,BIMESTRAL PAR,70,2008-11-27 00:00:00,2008-10-01 00:00:00,2008-11-27 00:00:00,0,0,0,INICIAL,97B8W7 ,Con_Facturas,,SERVICIO SIN USO,,,,,,,,,,,,,GSC
2026-02-01 00:00:00,793140300136,40,DW,04,F,K5,001,ZARATE RODRIGUEZ YESENIA SOLED,02,ACTIVO,877RL3 ,1,F122,12LH,2025-12-01 00:00:00,1,0,3,2025-10-20 00:00:00,2025-12-19 00:00:00,2025-12-23 00:00:00,0,103,7312,0,0,31,0,9ND76,BIMESTRAL PAR,70,2014-03-03 00:00:00,2026-02-01 00:00:00,2026-02-25 17:41:00,7312,0,2,RECIBIDA,877RL3 ,Con_Facturas,,SERVICIO SIN USO,,2025-12-19 13:17:02,3028,L,9ND76,877RL3 ,0,Opt,31,SERVICIO SIN USO,,,GSC
2026-02-01 00:00:00,793141100947,40,DW,04,F,K5,001,AQUINO PEREZ ENRIQUE          ,02,ACTIVO,4X62V0 ,1,F121,04GG,2025-12-01 00:00:00,1,0,1,2025-10-20 00:00:00,2025-12-19 00:00:00,2025-12-23 00:00:00,10,155,54445,10,0,31,0,9ND76,BIMESTRAL PAR,70,2014-11-11 00:00:00,2026-02-01 00:00:00,2026-02-25 17:41:00,54455,10,2,RECIBIDA,4X62V0 ,Con_Facturas,,SERVICIO SIN USO,,,,,,,,,,,,,GSC
2026-02-01 00:00:00,773150805090,27,DW,01,D,03,279,UICAB UICAB MARIA BERTHA      ,1C,ACTIVO,705V0G ,1,F122,14LN,2025-11-01 00:00:00,1,0,9,2024-11-21 00:00:00,2025-11-19 00:00:00,2025-11-21 00:00:00,434,755,1040,434,0,44,0,9EMCB,BIMESTRAL NON,100,2015-08-27 00:00:00,2025-11-01 00:00:00,2025-11-20 10:29:00,1040,434,2,RECIBIDA,705V0G ,Con_Facturas,,NUM MEDID DESIGU,,,,,,,,,,,,,GSC
2026-02-01 00:00:00,777160500098,15,DW,01,J,04,152,CHAN PISTE MIRTA MARIA        ,1D,CORTADO,403HRR ,1,F122,15LN,2025-11-01 00:00:00,1,1,5,2025-09-09 00:00:00,2025-11-11 00:00:00,2025-11-13 00:00:00,0,66,12830,0,0,44,70,R9712,BIMESTRAL NON,108,2016-05-03 00:00:00,2026-01-01 00:00:00,2026-01-12 10:28:00,12830,0,2,RECIBIDA,403HRR ,Con_Facturas,,NUM MEDID DESIGU,LECTURA NEGATIVA,2025-11-11 14:27:46,1728,L,R9712,403HRR ,87209,Nor,44,NUM MEDID DESIGU,44,S,GSC
